{"type":"FeatureCollection","features":[{"type":"Feature","properties":{"id":6172198,"maakond_id":503,"name":"Il-Birgu","bbox":[14.517,35.88,14.531,35.893]},"geometry":{"type":"Polygon","coordinates":[[[14.526,35.888],[14.525,35.889],[14.523,35.889],[14.522,35.89],[14.521,35.89],[14.52,35.891],[14.519,35.892],[14.519,35.893],[14.518,35.893],[14.517,35.893],[14.517,35.892],[14.518,35.892],[14.519,35.891],[14.519,35.89],[14.521,35.887],[14.521,35.886],[14.521,35.885],[14.522,35.885],[14.524,35.885],[14.524,35.884],[14.525,35.884],[14.525,35.882],[14.528,35.881],[14.529,35.881],[14.529,35.88],[14.53,35.881],[14.531,35.881],[14.531,35.882],[14.53,35.882],[14.53,35.883],[14.531,35.883],[14.531,35.884],[14.53,35.885],[14.53,35.884],[14.529,35.886],[14.529,35.887],[14.527,35.886],[14.526,35.886],[14.526,35.887],[14.525,35.887],[14.525,35.888],[14.526,35.888]]]}},{"type":"Feature","properties":{"id":6172199,"maakond_id":501,"name":"Tas-Sliema","bbox":[14.493,35.905,14.515,35.919]},"geometry":{"type":"Polygon","coordinates":[[[14.499,35.907],[14.5,35.908],[14.502,35.908],[14.503,35.908],[14.504,35.909],[14.505,35.909],[14.506,35.908],[14.508,35.907],[14.509,35.907],[14.509,35.906],[14.51,35.906],[14.511,35.906],[14.512,35.905],[14.513,35.905],[14.513,35.906],[14.514,35.906],[14.515,35.906],[14.515,35.907],[14.514,35.908],[14.512,35.908],[14.512,35.909],[14.511,35.909],[14.511,35.91],[14.51,35.911],[14.508,35.911],[14.507,35.912],[14.507,35.913],[14.507,35.914],[14.508,35.914],[14.507,35.915],[14.505,35.916],[14.504,35.916],[14.505,35.916],[14.504,35.917],[14.502,35.917],[14.501,35.917],[14.5,35.918],[14.499,35.919],[14.498,35.917],[14.498,35.915],[14.496,35.915],[14.497,35.915],[14.496,35.914],[14.496,35.913],[14.493,35.912],[14.493,35.911],[14.494,35.911],[14.495,35.91],[14.494,35.909],[14.495,35.909],[14.497,35.909],[14.498,35.908],[14.499,35.908],[14.499,35.907]]]}},{"type":"Feature","properties":{"id":6172218,"maakond_id":502,"name":"L-Imġarr","bbox":[14.333,35.897,14.405,35.941]},"geometry":{"type":"Polygon","coordinates":[[[14.405,35.908],[14.404,35.908],[14.402,35.91],[14.4,35.911],[14.397,35.912],[14.396,35.912],[14.395,35.913],[14.394,35.914],[14.392,35.915],[14.391,35.917],[14.392,35.917],[14.393,35.918],[14.392,35.918],[14.391,35.919],[14.391,35.92],[14.391,35.921],[14.39,35.922],[14.389,35.923],[14.389,35.924],[14.388,35.925],[14.388,35.926],[14.387,35.926],[14.386,35.927],[14.383,35.927],[14.382,35.929],[14.381,35.928],[14.38,35.928],[14.378,35.927],[14.377,35.928],[14.376,35.928],[14.376,35.93],[14.376,35.932],[14.377,35.933],[14.378,35.934],[14.379,35.935],[14.38,35.936],[14.38,35.937],[14.38,35.938],[14.379,35.938],[14.378,35.939],[14.377,35.939],[14.376,35.939],[14.375,35.939],[14.375,35.94],[14.376,35.94],[14.376,35.941],[14.375,35.941],[14.374,35.94],[14.373,35.939],[14.37,35.938],[14.367,35.938],[14.365,35.938],[14.364,35.937],[14.363,35.936],[14.362,35.935],[14.36,35.935],[14.359,35.935],[14.359,35.934],[14.358,35.933],[14.356,35.933],[14.351,35.932],[14.349,35.931],[14.343,35.931],[14.344,35.93],[14.345,35.93],[14.345,35.929],[14.344,35.929],[14.343,35.928],[14.342,35.928],[14.342,35.929],[14.341,35.929],[14.34,35.929],[14.339,35.928],[14.339,35.927],[14.34,35.926],[14.341,35.926],[14.342,35.926],[14.342,35.927],[14.343,35.927],[14.344,35.927],[14.344,35.926],[14.344,35.925],[14.343,35.924],[14.343,35.923],[14.344,35.922],[14.344,35.921],[14.343,35.92],[14.342,35.92],[14.34,35.921],[14.34,35.922],[14.339,35.923],[14.337,35.923],[14.336,35.922],[14.336,35.923],[14.335,35.923],[14.334,35.923],[14.333,35.922],[14.333,35.921],[14.333,35.92],[14.333,35.919],[14.333,35.918],[14.333,35.917],[14.333,35.916],[14.333,35.915],[14.334,35.915],[14.333,35.914],[14.334,35.914],[14.335,35.914],[14.336,35.914],[14.336,35.912],[14.337,35.912],[14.338,35.911],[14.338,35.91],[14.339,35.91],[14.338,35.909],[14.339,35.908],[14.34,35.908],[14.341,35.908],[14.341,35.907],[14.341,35.906],[14.341,35.905],[14.342,35.905],[14.343,35.904],[14.344,35.904],[14.344,35.902],[14.345,35.902],[14.346,35.901],[14.347,35.902],[14.35,35.901],[14.351,35.902],[14.352,35.901],[14.353,35.9],[14.354,35.9],[14.355,35.899],[14.356,35.898],[14.357,35.898],[14.358,35.897],[14.359,35.897],[14.359,35.898],[14.36,35.898],[14.359,35.899],[14.359,35.9],[14.36,35.901],[14.361,35.902],[14.361,35.903],[14.363,35.904],[14.365,35.903],[14.367,35.902],[14.368,35.902],[14.369,35.903],[14.368,35.903],[14.369,35.904],[14.37,35.905],[14.372,35.905],[14.374,35.904],[14.375,35.903],[14.375,35.902],[14.376,35.902],[14.377,35.902],[14.378,35.903],[14.379,35.903],[14.379,35.904],[14.378,35.904],[14.379,35.904],[14.379,35.905],[14.383,35.906],[14.383,35.907],[14.386,35.907],[14.389,35.906],[14.391,35.906],[14.393,35.907],[14.394,35.907],[14.395,35.907],[14.396,35.906],[14.397,35.906],[14.398,35.907],[14.399,35.908],[14.399,35.907],[14.4,35.907],[14.401,35.907],[14.402,35.908],[14.404,35.908],[14.405,35.908]]]}},{"type":"Feature","properties":{"id":6181422,"maakond_id":502,"name":"Il-Mellieħa","bbox":[14.319,35.931,14.408,35.998]},"geometry":{"type":"MultiPolygon","coordinates":[[[[14.373,35.939],[14.372,35.941],[14.371,35.941],[14.371,35.942],[14.37,35.942],[14.37,35.943],[14.369,35.944],[14.37,35.944],[14.37,35.945],[14.37,35.946],[14.37,35.947],[14.369,35.947],[14.368,35.948],[14.369,35.948],[14.37,35.949],[14.371,35.95],[14.372,35.95],[14.375,35.95],[14.377,35.951],[14.378,35.952],[14.38,35.953],[14.381,35.953],[14.383,35.954],[14.385,35.954],[14.386,35.955],[14.387,35.955],[14.388,35.957],[14.388,35.958],[14.39,35.958],[14.39,35.959],[14.391,35.959],[14.392,35.959],[14.394,35.958],[14.396,35.958],[14.396,35.959],[14.397,35.959],[14.397,35.96],[14.396,35.96],[14.395,35.961],[14.396,35.962],[14.397,35.962],[14.397,35.963],[14.398,35.964],[14.397,35.964],[14.397,35.965],[14.396,35.965],[14.396,35.966],[14.397,35.967],[14.396,35.968],[14.395,35.968],[14.394,35.968],[14.393,35.968],[14.392,35.968],[14.391,35.968],[14.39,35.968],[14.389,35.968],[14.388,35.968],[14.387,35.969],[14.386,35.969],[14.386,35.97],[14.385,35.97],[14.384,35.969],[14.384,35.968],[14.383,35.968],[14.382,35.968],[14.381,35.968],[14.38,35.97],[14.379,35.971],[14.378,35.971],[14.377,35.971],[14.374,35.97],[14.371,35.969],[14.368,35.968],[14.367,35.968],[14.365,35.967],[14.364,35.967],[14.362,35.967],[14.361,35.967],[14.359,35.967],[14.358,35.967],[14.357,35.967],[14.356,35.966],[14.354,35.966],[14.352,35.967],[14.352,35.968],[14.351,35.969],[14.35,35.971],[14.35,35.973],[14.351,35.974],[14.352,35.974],[14.352,35.975],[14.353,35.975],[14.353,35.976],[14.354,35.976],[14.356,35.976],[14.357,35.977],[14.356,35.977],[14.357,35.978],[14.358,35.977],[14.358,35.978],[14.359,35.979],[14.359,35.978],[14.36,35.979],[14.361,35.98],[14.362,35.98],[14.362,35.981],[14.363,35.981],[14.364,35.982],[14.364,35.983],[14.365,35.984],[14.366,35.984],[14.367,35.985],[14.369,35.985],[14.371,35.985],[14.372,35.986],[14.373,35.986],[14.374,35.986],[14.375,35.987],[14.376,35.987],[14.376,35.988],[14.376,35.989],[14.375,35.99],[14.373,35.991],[14.373,35.992],[14.372,35.993],[14.371,35.994],[14.371,35.995],[14.37,35.995],[14.37,35.996],[14.369,35.997],[14.368,35.997],[14.368,35.998],[14.367,35.998],[14.367,35.997],[14.367,35.996],[14.366,35.996],[14.365,35.997],[14.364,35.997],[14.363,35.997],[14.362,35.996],[14.362,35.994],[14.363,35.994],[14.364,35.994],[14.365,35.993],[14.365,35.992],[14.364,35.991],[14.363,35.992],[14.361,35.992],[14.36,35.991],[14.359,35.99],[14.358,35.989],[14.357,35.989],[14.356,35.989],[14.356,35.99],[14.356,35.991],[14.355,35.991],[14.354,35.992],[14.353,35.992],[14.353,35.991],[14.352,35.989],[14.352,35.988],[14.352,35.987],[14.351,35.987],[14.35,35.987],[14.349,35.988],[14.348,35.988],[14.349,35.988],[14.347,35.988],[14.346,35.987],[14.347,35.986],[14.346,35.986],[14.345,35.987],[14.344,35.987],[14.343,35.987],[14.342,35.987],[14.34,35.987],[14.339,35.987],[14.339,35.986],[14.338,35.986],[14.337,35.987],[14.336,35.987],[14.334,35.988],[14.333,35.987],[14.332,35.987],[14.331,35.987],[14.33,35.987],[14.33,35.988],[14.329,35.989],[14.329,35.99],[14.33,35.99],[14.329,35.991],[14.328,35.99],[14.328,35.989],[14.328,35.988],[14.327,35.987],[14.328,35.987],[14.328,35.986],[14.329,35.986],[14.331,35.986],[14.332,35.986],[14.333,35.985],[14.334,35.985],[14.334,35.984],[14.333,35.982],[14.332,35.982],[14.331,35.982],[14.33,35.982],[14.329,35.982],[14.328,35.981],[14.328,35.98],[14.328,35.979],[14.327,35.979],[14.326,35.979],[14.326,35.978],[14.325,35.978],[14.324,35.979],[14.323,35.978],[14.323,35.977],[14.322,35.977],[14.322,35.976],[14.322,35.975],[14.322,35.974],[14.321,35.974],[14.321,35.973],[14.32,35.972],[14.319,35.972],[14.32,35.971],[14.321,35.969],[14.322,35.969],[14.326,35.968],[14.327,35.969],[14.329,35.97],[14.33,35.97],[14.333,35.97],[14.335,35.97],[14.336,35.97],[14.337,35.97],[14.337,35.969],[14.336,35.968],[14.337,35.967],[14.337,35.966],[14.338,35.965],[14.338,35.964],[14.338,35.963],[14.336,35.962],[14.338,35.961],[14.341,35.961],[14.342,35.96],[14.341,35.96],[14.34,35.96],[14.339,35.959],[14.338,35.958],[14.339,35.958],[14.339,35.957],[14.338,35.956],[14.339,35.956],[14.34,35.955],[14.341,35.955],[14.342,35.955],[14.342,35.954],[14.341,35.953],[14.341,35.952],[14.34,35.952],[14.339,35.952],[14.338,35.951],[14.338,35.95],[14.339,35.95],[14.339,35.949],[14.338,35.949],[14.337,35.949],[14.336,35.948],[14.336,35.946],[14.337,35.946],[14.336,35.946],[14.336,35.945],[14.335,35.945],[14.334,35.944],[14.333,35.945],[14.332,35.945],[14.332,35.944],[14.33,35.943],[14.329,35.943],[14.329,35.942],[14.329,35.941],[14.328,35.941],[14.329,35.94],[14.33,35.939],[14.331,35.939],[14.331,35.938],[14.332,35.938],[14.333,35.939],[14.334,35.938],[14.335,35.939],[14.335,35.938],[14.337,35.938],[14.337,35.937],[14.338,35.937],[14.339,35.935],[14.341,35.935],[14.342,35.935],[14.344,35.935],[14.344,35.934],[14.345,35.933],[14.344,35.932],[14.343,35.932],[14.343,35.931],[14.349,35.931],[14.351,35.932],[14.356,35.933],[14.358,35.933],[14.359,35.934],[14.359,35.935],[14.36,35.935],[14.362,35.935],[14.363,35.936],[14.364,35.937],[14.365,35.938],[14.367,35.938],[14.37,35.938],[14.373,35.939]]],[[[14.402,35.965],[14.403,35.966],[14.402,35.966],[14.404,35.966],[14.407,35.966],[14.408,35.967],[14.407,35.967],[14.406,35.967],[14.405,35.967],[14.404,35.967],[14.403,35.967],[14.402,35.967],[14.401,35.966],[14.4,35.966],[14.399,35.965],[14.399,35.964],[14.401,35.964],[14.402,35.965]]]]}},{"type":"Feature","properties":{"id":6311965,"maakond_id":506,"name":"Għajnsielem","bbox":[14.268,36.004,14.351,36.036]},"geometry":{"type":"MultiPolygon","coordinates":[[[[14.322,36.013],[14.323,36.012],[14.323,36.013],[14.322,36.013],[14.322,36.014],[14.321,36.015],[14.32,36.015],[14.319,36.014],[14.317,36.015],[14.317,36.014],[14.318,36.013],[14.319,36.012],[14.32,36.012],[14.321,36.013],[14.322,36.013],[14.321,36.013],[14.322,36.012],[14.322,36.013]]],[[[14.326,36.018],[14.325,36.018],[14.324,36.019],[14.323,36.018],[14.323,36.017],[14.324,36.016],[14.325,36.015],[14.324,36.015],[14.324,36.014],[14.325,36.012],[14.326,36.011],[14.327,36.011],[14.327,36.01],[14.328,36.01],[14.328,36.011],[14.329,36.01],[14.33,36.009],[14.329,36.008],[14.329,36.007],[14.328,36.007],[14.327,36.006],[14.327,36.005],[14.326,36.004],[14.329,36.004],[14.331,36.005],[14.332,36.004],[14.333,36.004],[14.334,36.005],[14.335,36.005],[14.336,36.005],[14.337,36.005],[14.339,36.005],[14.34,36.005],[14.342,36.005],[14.343,36.006],[14.344,36.006],[14.345,36.006],[14.345,36.007],[14.346,36.006],[14.347,36.006],[14.349,36.007],[14.349,36.008],[14.35,36.008],[14.35,36.009],[14.351,36.01],[14.35,36.011],[14.349,36.011],[14.349,36.012],[14.348,36.013],[14.347,36.013],[14.347,36.014],[14.346,36.014],[14.346,36.015],[14.345,36.015],[14.344,36.016],[14.344,36.015],[14.343,36.016],[14.343,36.015],[14.342,36.016],[14.34,36.017],[14.34,36.018],[14.341,36.018],[14.34,36.019],[14.339,36.019],[14.339,36.02],[14.338,36.02],[14.337,36.02],[14.338,36.019],[14.339,36.019],[14.338,36.018],[14.338,36.017],[14.337,36.016],[14.336,36.016],[14.336,36.018],[14.335,36.018],[14.334,36.019],[14.333,36.019],[14.333,36.02],[14.332,36.019],[14.331,36.02],[14.332,36.019],[14.331,36.018],[14.33,36.017],[14.33,36.016],[14.329,36.017],[14.329,36.018],[14.329,36.019],[14.328,36.02],[14.327,36.019],[14.326,36.018]]],[[[14.272,36.02],[14.273,36.018],[14.273,36.017],[14.274,36.017],[14.275,36.017],[14.277,36.016],[14.278,36.016],[14.279,36.016],[14.28,36.016],[14.28,36.018],[14.281,36.018],[14.283,36.018],[14.284,36.018],[14.285,36.018],[14.287,36.018],[14.288,36.019],[14.289,36.019],[14.289,36.02],[14.29,36.02],[14.291,36.02],[14.291,36.019],[14.29,36.019],[14.291,36.018],[14.292,36.019],[14.292,36.02],[14.293,36.02],[14.295,36.021],[14.296,36.021],[14.297,36.021],[14.297,36.022],[14.298,36.022],[14.301,36.024],[14.301,36.025],[14.302,36.025],[14.301,36.025],[14.3,36.024],[14.299,36.024],[14.298,36.024],[14.299,36.025],[14.298,36.024],[14.297,36.025],[14.297,36.026],[14.299,36.026],[14.299,36.027],[14.3,36.026],[14.3,36.027],[14.302,36.027],[14.303,36.027],[14.305,36.027],[14.305,36.026],[14.306,36.026],[14.307,36.026],[14.308,36.026],[14.307,36.027],[14.308,36.027],[14.306,36.028],[14.306,36.029],[14.305,36.029],[14.305,36.03],[14.302,36.03],[14.3,36.029],[14.298,36.028],[14.298,36.03],[14.298,36.031],[14.299,36.032],[14.299,36.033],[14.297,36.032],[14.296,36.033],[14.297,36.033],[14.297,36.034],[14.295,36.034],[14.296,36.034],[14.295,36.034],[14.294,36.035],[14.293,36.035],[14.292,36.035],[14.29,36.035],[14.289,36.035],[14.287,36.034],[14.286,36.034],[14.285,36.034],[14.284,36.034],[14.283,36.034],[14.279,36.036],[14.278,36.036],[14.277,36.036],[14.276,36.035],[14.277,36.034],[14.275,36.033],[14.275,36.032],[14.274,36.033],[14.274,36.032],[14.274,36.03],[14.274,36.029],[14.274,36.028],[14.273,36.026],[14.272,36.024],[14.27,36.023],[14.27,36.022],[14.268,36.021],[14.272,36.02]]]]}},{"type":"Feature","properties":{"id":7508578,"maakond_id":506,"name":"Il-Fontana","bbox":[14.232,36.032,14.24,36.042]},"geometry":{"type":"Polygon","coordinates":[[[14.238,36.033],[14.238,36.035],[14.239,36.038],[14.239,36.039],[14.24,36.041],[14.239,36.041],[14.238,36.041],[14.238,36.042],[14.237,36.042],[14.236,36.042],[14.235,36.042],[14.234,36.041],[14.234,36.04],[14.233,36.04],[14.233,36.039],[14.234,36.038],[14.233,36.036],[14.234,36.036],[14.232,36.035],[14.232,36.034],[14.234,36.033],[14.235,36.032],[14.236,36.034],[14.236,36.033],[14.238,36.033]]]}},{"type":"Feature","properties":{"id":7508579,"maakond_id":506,"name":"Ta' Kerċem","bbox":[14.193,36.031,14.234,36.056]},"geometry":{"type":"Polygon","coordinates":[[[14.233,36.036],[14.234,36.038],[14.233,36.039],[14.233,36.04],[14.233,36.041],[14.233,36.042],[14.233,36.043],[14.232,36.043],[14.231,36.044],[14.231,36.045],[14.23,36.046],[14.23,36.048],[14.228,36.049],[14.226,36.05],[14.226,36.051],[14.225,36.052],[14.224,36.052],[14.221,36.052],[14.22,36.053],[14.219,36.054],[14.218,36.054],[14.216,36.055],[14.214,36.056],[14.213,36.055],[14.211,36.055],[14.21,36.054],[14.209,36.055],[14.209,36.054],[14.209,36.053],[14.209,36.052],[14.208,36.052],[14.208,36.051],[14.206,36.05],[14.205,36.05],[14.205,36.049],[14.204,36.048],[14.205,36.047],[14.207,36.046],[14.205,36.046],[14.206,36.045],[14.205,36.045],[14.205,36.044],[14.204,36.044],[14.203,36.043],[14.202,36.043],[14.2,36.042],[14.199,36.041],[14.198,36.041],[14.197,36.041],[14.196,36.04],[14.197,36.038],[14.199,36.037],[14.198,36.036],[14.197,36.035],[14.196,36.035],[14.194,36.034],[14.193,36.033],[14.194,36.033],[14.195,36.033],[14.196,36.034],[14.198,36.033],[14.199,36.034],[14.2,36.034],[14.202,36.034],[14.203,36.034],[14.204,36.034],[14.206,36.033],[14.207,36.033],[14.209,36.033],[14.21,36.033],[14.209,36.032],[14.21,36.032],[14.211,36.031],[14.212,36.031],[14.213,36.031],[14.213,36.032],[14.214,36.032],[14.218,36.034],[14.22,36.035],[14.222,36.036],[14.223,36.036],[14.224,36.037],[14.226,36.038],[14.227,36.036],[14.228,36.036],[14.229,36.036],[14.23,36.036],[14.23,36.035],[14.232,36.036],[14.233,36.036]]]}},{"type":"Feature","properties":{"id":7508580,"maakond_id":506,"name":"San Lawrenz","bbox":[14.186,36.033,14.209,36.063]},"geometry":{"type":"Polygon","coordinates":[[[14.191,36.062],[14.191,36.061],[14.192,36.061],[14.191,36.059],[14.192,36.058],[14.192,36.057],[14.191,36.056],[14.19,36.055],[14.189,36.055],[14.189,36.054],[14.189,36.053],[14.188,36.053],[14.188,36.052],[14.189,36.052],[14.189,36.051],[14.19,36.051],[14.19,36.05],[14.19,36.049],[14.189,36.048],[14.19,36.048],[14.191,36.048],[14.192,36.048],[14.193,36.047],[14.193,36.046],[14.193,36.045],[14.191,36.045],[14.19,36.046],[14.189,36.045],[14.19,36.044],[14.19,36.042],[14.189,36.042],[14.19,36.04],[14.189,36.04],[14.189,36.039],[14.188,36.038],[14.187,36.038],[14.187,36.037],[14.186,36.037],[14.186,36.036],[14.187,36.036],[14.188,36.035],[14.189,36.034],[14.191,36.034],[14.192,36.034],[14.193,36.033],[14.194,36.034],[14.196,36.035],[14.197,36.035],[14.198,36.036],[14.199,36.037],[14.197,36.038],[14.196,36.04],[14.197,36.041],[14.198,36.041],[14.199,36.041],[14.2,36.042],[14.202,36.043],[14.203,36.043],[14.204,36.044],[14.205,36.044],[14.205,36.045],[14.206,36.045],[14.205,36.046],[14.207,36.046],[14.205,36.047],[14.204,36.048],[14.205,36.049],[14.205,36.05],[14.206,36.05],[14.208,36.051],[14.208,36.052],[14.209,36.052],[14.209,36.053],[14.209,36.054],[14.209,36.055],[14.208,36.055],[14.208,36.056],[14.207,36.056],[14.207,36.057],[14.206,36.058],[14.205,36.058],[14.205,36.059],[14.206,36.059],[14.206,36.06],[14.206,36.061],[14.205,36.06],[14.205,36.061],[14.204,36.06],[14.203,36.06],[14.202,36.059],[14.201,36.059],[14.198,36.06],[14.196,36.061],[14.193,36.062],[14.193,36.063],[14.192,36.062],[14.191,36.062]]]}},{"type":"Feature","properties":{"id":7508581,"maakond_id":506,"name":"L-Għarb","bbox":[14.184,36.054,14.218,36.08]},"geometry":{"type":"Polygon","coordinates":[[[14.218,36.054],[14.217,36.055],[14.218,36.056],[14.217,36.056],[14.216,36.058],[14.215,36.059],[14.215,36.06],[14.216,36.062],[14.216,36.063],[14.215,36.063],[14.214,36.063],[14.213,36.063],[14.213,36.065],[14.213,36.066],[14.213,36.067],[14.212,36.068],[14.211,36.069],[14.209,36.071],[14.21,36.073],[14.211,36.076],[14.212,36.076],[14.213,36.078],[14.213,36.08],[14.212,36.08],[14.211,36.08],[14.21,36.079],[14.208,36.079],[14.206,36.079],[14.204,36.078],[14.203,36.078],[14.202,36.078],[14.202,36.077],[14.202,36.076],[14.201,36.076],[14.2,36.075],[14.199,36.075],[14.199,36.074],[14.198,36.074],[14.197,36.075],[14.195,36.075],[14.194,36.075],[14.193,36.074],[14.192,36.074],[14.19,36.074],[14.189,36.074],[14.188,36.074],[14.187,36.074],[14.187,36.075],[14.186,36.075],[14.185,36.074],[14.184,36.073],[14.184,36.072],[14.184,36.071],[14.184,36.07],[14.184,36.069],[14.184,36.068],[14.184,36.067],[14.185,36.067],[14.185,36.066],[14.184,36.066],[14.184,36.065],[14.185,36.064],[14.186,36.064],[14.187,36.064],[14.188,36.064],[14.189,36.064],[14.19,36.063],[14.191,36.062],[14.192,36.062],[14.193,36.063],[14.193,36.062],[14.196,36.061],[14.198,36.06],[14.201,36.059],[14.202,36.059],[14.203,36.06],[14.204,36.06],[14.205,36.061],[14.205,36.06],[14.206,36.061],[14.206,36.06],[14.206,36.059],[14.205,36.059],[14.205,36.058],[14.206,36.058],[14.207,36.057],[14.207,36.056],[14.208,36.056],[14.208,36.055],[14.209,36.055],[14.21,36.054],[14.211,36.055],[14.213,36.055],[14.214,36.056],[14.216,36.055],[14.218,36.054]]]}},{"type":"Feature","properties":{"id":7508582,"maakond_id":506,"name":"L-Għasri","bbox":[14.209,36.05,14.238,36.082]},"geometry":{"type":"Polygon","coordinates":[[[14.238,36.052],[14.237,36.053],[14.237,36.054],[14.236,36.057],[14.237,36.058],[14.237,36.059],[14.237,36.06],[14.237,36.061],[14.236,36.061],[14.235,36.06],[14.233,36.059],[14.232,36.061],[14.231,36.061],[14.231,36.062],[14.23,36.063],[14.229,36.064],[14.229,36.065],[14.227,36.067],[14.227,36.07],[14.228,36.071],[14.229,36.072],[14.228,36.073],[14.229,36.074],[14.23,36.074],[14.23,36.075],[14.231,36.076],[14.231,36.077],[14.232,36.078],[14.232,36.079],[14.231,36.079],[14.23,36.08],[14.229,36.08],[14.229,36.081],[14.228,36.081],[14.227,36.08],[14.226,36.081],[14.225,36.081],[14.224,36.082],[14.223,36.082],[14.223,36.081],[14.223,36.08],[14.222,36.08],[14.221,36.08],[14.219,36.08],[14.218,36.08],[14.217,36.08],[14.215,36.08],[14.214,36.08],[14.213,36.08],[14.213,36.078],[14.212,36.076],[14.211,36.076],[14.21,36.073],[14.209,36.071],[14.211,36.069],[14.212,36.068],[14.213,36.067],[14.213,36.066],[14.213,36.065],[14.213,36.063],[14.214,36.063],[14.215,36.063],[14.216,36.063],[14.216,36.062],[14.215,36.06],[14.215,36.059],[14.216,36.058],[14.217,36.056],[14.218,36.056],[14.217,36.055],[14.218,36.054],[14.219,36.054],[14.22,36.053],[14.221,36.052],[14.224,36.052],[14.225,36.052],[14.226,36.051],[14.226,36.05],[14.227,36.051],[14.227,36.052],[14.227,36.053],[14.229,36.053],[14.23,36.053],[14.232,36.052],[14.232,36.053],[14.233,36.053],[14.234,36.053],[14.235,36.053],[14.237,36.053],[14.238,36.052]]]}},{"type":"Feature","properties":{"id":7508583,"maakond_id":506,"name":"Ir-Rabat","bbox":[14.226,36.033,14.253,36.053]},"geometry":{"type":"Polygon","coordinates":[[[14.251,36.05],[14.25,36.05],[14.248,36.049],[14.245,36.05],[14.244,36.051],[14.242,36.05],[14.24,36.051],[14.239,36.052],[14.238,36.052],[14.237,36.053],[14.235,36.053],[14.234,36.053],[14.233,36.053],[14.232,36.053],[14.232,36.052],[14.23,36.053],[14.229,36.053],[14.227,36.053],[14.227,36.052],[14.227,36.051],[14.226,36.05],[14.228,36.049],[14.23,36.048],[14.23,36.046],[14.231,36.045],[14.231,36.044],[14.232,36.043],[14.233,36.043],[14.233,36.042],[14.233,36.041],[14.233,36.04],[14.234,36.04],[14.234,36.041],[14.235,36.042],[14.236,36.042],[14.237,36.042],[14.238,36.042],[14.238,36.041],[14.239,36.041],[14.24,36.041],[14.239,36.039],[14.239,36.038],[14.238,36.035],[14.238,36.033],[14.239,36.033],[14.24,36.033],[14.241,36.035],[14.243,36.034],[14.243,36.035],[14.244,36.035],[14.244,36.036],[14.245,36.036],[14.246,36.036],[14.248,36.035],[14.249,36.035],[14.249,36.036],[14.25,36.035],[14.251,36.036],[14.25,36.037],[14.251,36.037],[14.25,36.038],[14.251,36.039],[14.252,36.04],[14.251,36.04],[14.252,36.042],[14.253,36.043],[14.252,36.043],[14.253,36.044],[14.252,36.044],[14.252,36.045],[14.251,36.045],[14.251,36.046],[14.25,36.046],[14.249,36.046],[14.249,36.048],[14.25,36.049],[14.251,36.05]]]}},{"type":"Feature","properties":{"id":7508584,"maakond_id":506,"name":"Iż-Żebbuġ","bbox":[14.227,36.049,14.265,36.082]},"geometry":{"type":"Polygon","coordinates":[[[14.265,36.073],[14.265,36.074],[14.263,36.074],[14.262,36.074],[14.261,36.073],[14.26,36.071],[14.259,36.071],[14.258,36.072],[14.258,36.073],[14.258,36.074],[14.259,36.075],[14.258,36.076],[14.257,36.076],[14.256,36.077],[14.255,36.077],[14.254,36.077],[14.253,36.077],[14.253,36.076],[14.252,36.076],[14.252,36.077],[14.252,36.078],[14.251,36.078],[14.251,36.079],[14.252,36.08],[14.251,36.08],[14.25,36.08],[14.248,36.08],[14.248,36.079],[14.249,36.079],[14.248,36.078],[14.248,36.079],[14.248,36.08],[14.247,36.08],[14.246,36.08],[14.245,36.08],[14.244,36.08],[14.243,36.08],[14.242,36.081],[14.241,36.081],[14.24,36.081],[14.237,36.081],[14.237,36.082],[14.236,36.082],[14.235,36.081],[14.234,36.081],[14.233,36.082],[14.232,36.082],[14.231,36.082],[14.23,36.082],[14.23,36.081],[14.229,36.08],[14.23,36.08],[14.231,36.079],[14.232,36.079],[14.232,36.078],[14.231,36.077],[14.231,36.076],[14.23,36.075],[14.23,36.074],[14.229,36.074],[14.228,36.073],[14.229,36.072],[14.228,36.071],[14.227,36.07],[14.227,36.067],[14.229,36.065],[14.229,36.064],[14.23,36.063],[14.231,36.062],[14.231,36.061],[14.232,36.061],[14.233,36.059],[14.235,36.06],[14.236,36.061],[14.237,36.061],[14.237,36.06],[14.237,36.059],[14.237,36.058],[14.236,36.057],[14.237,36.054],[14.237,36.053],[14.238,36.052],[14.239,36.052],[14.24,36.051],[14.242,36.05],[14.244,36.051],[14.245,36.05],[14.248,36.049],[14.25,36.05],[14.251,36.05],[14.251,36.052],[14.251,36.053],[14.251,36.054],[14.25,36.054],[14.25,36.055],[14.251,36.056],[14.251,36.057],[14.252,36.059],[14.253,36.06],[14.254,36.061],[14.255,36.061],[14.256,36.062],[14.258,36.063],[14.259,36.063],[14.259,36.064],[14.26,36.064],[14.261,36.064],[14.262,36.064],[14.263,36.064],[14.265,36.064],[14.265,36.065],[14.265,36.066],[14.265,36.067],[14.265,36.068],[14.265,36.07],[14.265,36.071],[14.265,36.072],[14.265,36.073]]]}},{"type":"Feature","properties":{"id":7508585,"maakond_id":506,"name":"Ix-Xagħra","bbox":[14.249,36.038,14.286,36.073]},"geometry":{"type":"Polygon","coordinates":[[[14.286,36.062],[14.285,36.062],[14.284,36.062],[14.283,36.062],[14.282,36.062],[14.281,36.062],[14.28,36.063],[14.279,36.063],[14.279,36.064],[14.278,36.064],[14.278,36.065],[14.277,36.065],[14.276,36.065],[14.275,36.066],[14.274,36.065],[14.273,36.066],[14.272,36.066],[14.272,36.067],[14.272,36.068],[14.272,36.069],[14.271,36.07],[14.27,36.07],[14.27,36.071],[14.269,36.072],[14.268,36.072],[14.268,36.073],[14.267,36.073],[14.266,36.073],[14.265,36.073],[14.265,36.072],[14.265,36.071],[14.265,36.07],[14.265,36.068],[14.265,36.067],[14.265,36.066],[14.265,36.065],[14.265,36.064],[14.263,36.064],[14.262,36.064],[14.261,36.064],[14.26,36.064],[14.259,36.064],[14.259,36.063],[14.258,36.063],[14.256,36.062],[14.255,36.061],[14.254,36.061],[14.253,36.06],[14.252,36.059],[14.251,36.057],[14.251,36.056],[14.25,36.055],[14.25,36.054],[14.251,36.054],[14.251,36.053],[14.251,36.052],[14.251,36.05],[14.25,36.049],[14.249,36.048],[14.249,36.046],[14.25,36.046],[14.251,36.046],[14.251,36.045],[14.252,36.045],[14.252,36.044],[14.253,36.044],[14.252,36.043],[14.253,36.043],[14.252,36.042],[14.253,36.041],[14.254,36.041],[14.257,36.04],[14.26,36.04],[14.265,36.042],[14.268,36.042],[14.268,36.043],[14.269,36.042],[14.271,36.042],[14.272,36.041],[14.273,36.04],[14.277,36.038],[14.278,36.039],[14.279,36.042],[14.279,36.043],[14.28,36.046],[14.28,36.047],[14.281,36.048],[14.282,36.049],[14.282,36.05],[14.283,36.051],[14.284,36.052],[14.284,36.053],[14.284,36.054],[14.284,36.055],[14.284,36.056],[14.284,36.058],[14.284,36.059],[14.283,36.06],[14.286,36.062]]]}},{"type":"Feature","properties":{"id":7508586,"maakond_id":506,"name":"Il-Qala","bbox":[14.295,36.026,14.336,36.05]},"geometry":{"type":"Polygon","coordinates":[[[14.308,36.026],[14.309,36.026],[14.311,36.027],[14.312,36.027],[14.314,36.027],[14.316,36.026],[14.315,36.026],[14.316,36.026],[14.318,36.026],[14.317,36.026],[14.318,36.026],[14.321,36.026],[14.322,36.026],[14.322,36.027],[14.322,36.028],[14.323,36.028],[14.324,36.028],[14.326,36.028],[14.327,36.028],[14.328,36.028],[14.328,36.029],[14.329,36.029],[14.33,36.029],[14.33,36.03],[14.331,36.03],[14.332,36.03],[14.333,36.031],[14.334,36.031],[14.334,36.03],[14.334,36.031],[14.336,36.032],[14.336,36.033],[14.336,36.034],[14.336,36.035],[14.335,36.036],[14.333,36.039],[14.332,36.04],[14.331,36.04],[14.33,36.041],[14.329,36.042],[14.328,36.043],[14.326,36.045],[14.325,36.046],[14.324,36.046],[14.323,36.047],[14.322,36.049],[14.321,36.05],[14.32,36.05],[14.319,36.05],[14.318,36.05],[14.317,36.049],[14.316,36.049],[14.313,36.048],[14.311,36.047],[14.308,36.045],[14.306,36.045],[14.303,36.043],[14.304,36.042],[14.303,36.039],[14.304,36.039],[14.304,36.038],[14.305,36.037],[14.303,36.037],[14.303,36.036],[14.303,36.035],[14.3,36.035],[14.299,36.034],[14.298,36.035],[14.297,36.034],[14.296,36.034],[14.295,36.034],[14.297,36.034],[14.297,36.033],[14.296,36.033],[14.297,36.032],[14.299,36.033],[14.299,36.032],[14.298,36.031],[14.298,36.03],[14.298,36.028],[14.3,36.029],[14.302,36.03],[14.305,36.03],[14.305,36.029],[14.306,36.029],[14.306,36.028],[14.308,36.027],[14.307,36.027],[14.308,36.026]]]}},{"type":"Feature","properties":{"id":7508587,"maakond_id":506,"name":"In-Nadur","bbox":[14.277,36.034,14.318,36.066]},"geometry":{"type":"Polygon","coordinates":[[[14.318,36.05],[14.317,36.05],[14.317,36.049],[14.316,36.049],[14.316,36.05],[14.315,36.05],[14.314,36.05],[14.315,36.051],[14.313,36.052],[14.312,36.053],[14.312,36.054],[14.312,36.055],[14.312,36.056],[14.312,36.057],[14.311,36.058],[14.309,36.059],[14.307,36.059],[14.306,36.059],[14.304,36.058],[14.303,36.058],[14.302,36.057],[14.301,36.057],[14.3,36.057],[14.299,36.058],[14.299,36.059],[14.298,36.059],[14.298,36.06],[14.297,36.06],[14.296,36.061],[14.295,36.061],[14.294,36.062],[14.293,36.063],[14.293,36.064],[14.292,36.065],[14.291,36.065],[14.29,36.065],[14.289,36.066],[14.288,36.065],[14.287,36.064],[14.287,36.063],[14.286,36.063],[14.286,36.062],[14.283,36.06],[14.284,36.059],[14.284,36.058],[14.284,36.056],[14.284,36.055],[14.284,36.054],[14.284,36.053],[14.284,36.052],[14.283,36.051],[14.282,36.05],[14.282,36.049],[14.281,36.048],[14.28,36.047],[14.28,36.046],[14.279,36.043],[14.279,36.042],[14.278,36.039],[14.277,36.038],[14.278,36.036],[14.279,36.036],[14.283,36.034],[14.284,36.034],[14.285,36.034],[14.286,36.034],[14.287,36.034],[14.289,36.035],[14.29,36.035],[14.292,36.035],[14.293,36.035],[14.294,36.035],[14.295,36.034],[14.296,36.034],[14.297,36.034],[14.298,36.035],[14.299,36.034],[14.3,36.035],[14.303,36.035],[14.303,36.036],[14.303,36.037],[14.305,36.037],[14.304,36.038],[14.304,36.039],[14.303,36.039],[14.304,36.042],[14.303,36.043],[14.306,36.045],[14.308,36.045],[14.311,36.047],[14.313,36.048],[14.316,36.049],[14.317,36.049],[14.318,36.05]]]}},{"type":"Feature","properties":{"id":7508588,"maakond_id":506,"name":"Ix-Xewkija","bbox":[14.238,36.021,14.278,36.043]},"geometry":{"type":"Polygon","coordinates":[[[14.277,36.038],[14.273,36.04],[14.272,36.041],[14.271,36.042],[14.269,36.042],[14.268,36.043],[14.268,36.042],[14.265,36.042],[14.26,36.04],[14.257,36.04],[14.254,36.041],[14.253,36.041],[14.252,36.042],[14.251,36.04],[14.252,36.04],[14.251,36.039],[14.25,36.038],[14.251,36.037],[14.25,36.037],[14.251,36.036],[14.25,36.035],[14.249,36.036],[14.249,36.035],[14.248,36.035],[14.246,36.036],[14.245,36.036],[14.244,36.036],[14.244,36.035],[14.243,36.035],[14.243,36.034],[14.241,36.035],[14.24,36.033],[14.239,36.033],[14.238,36.03],[14.239,36.03],[14.24,36.03],[14.242,36.03],[14.242,36.029],[14.245,36.029],[14.246,36.03],[14.247,36.03],[14.249,36.029],[14.25,36.029],[14.251,36.029],[14.253,36.029],[14.254,36.027],[14.256,36.027],[14.258,36.026],[14.259,36.026],[14.261,36.026],[14.262,36.026],[14.262,36.025],[14.263,36.025],[14.263,36.024],[14.263,36.023],[14.264,36.023],[14.264,36.024],[14.264,36.023],[14.265,36.023],[14.265,36.022],[14.268,36.022],[14.268,36.021],[14.27,36.022],[14.27,36.023],[14.272,36.024],[14.273,36.026],[14.274,36.028],[14.274,36.029],[14.274,36.03],[14.274,36.032],[14.274,36.033],[14.275,36.032],[14.275,36.033],[14.277,36.034],[14.276,36.035],[14.277,36.036],[14.278,36.036],[14.277,36.038]]]}},{"type":"Feature","properties":{"id":7508589,"maakond_id":506,"name":"Il-Munxar","bbox":[14.212,36.02,14.239,36.038]},"geometry":{"type":"Polygon","coordinates":[[[14.239,36.033],[14.238,36.033],[14.236,36.033],[14.236,36.034],[14.235,36.032],[14.234,36.033],[14.232,36.034],[14.232,36.035],[14.234,36.036],[14.233,36.036],[14.232,36.036],[14.23,36.035],[14.23,36.036],[14.229,36.036],[14.228,36.036],[14.227,36.036],[14.226,36.038],[14.224,36.037],[14.223,36.036],[14.222,36.036],[14.22,36.035],[14.218,36.034],[14.214,36.032],[14.213,36.032],[14.213,36.031],[14.214,36.03],[14.214,36.029],[14.215,36.03],[14.216,36.03],[14.216,36.031],[14.217,36.031],[14.217,36.03],[14.216,36.029],[14.215,36.029],[14.216,36.028],[14.215,36.028],[14.212,36.028],[14.212,36.027],[14.214,36.027],[14.214,36.026],[14.215,36.025],[14.216,36.024],[14.217,36.023],[14.217,36.024],[14.218,36.024],[14.219,36.024],[14.219,36.023],[14.218,36.022],[14.219,36.021],[14.22,36.021],[14.221,36.021],[14.221,36.02],[14.222,36.02],[14.223,36.02],[14.224,36.021],[14.225,36.021],[14.226,36.021],[14.227,36.022],[14.228,36.022],[14.229,36.022],[14.23,36.021],[14.231,36.021],[14.231,36.022],[14.231,36.023],[14.233,36.024],[14.235,36.025],[14.235,36.026],[14.234,36.027],[14.235,36.027],[14.236,36.027],[14.237,36.028],[14.237,36.029],[14.238,36.03],[14.239,36.033]]]}},{"type":"Feature","properties":{"id":7508590,"maakond_id":506,"name":"Ta' Sannat","bbox":[14.231,36.011,14.273,36.03]},"geometry":{"type":"Polygon","coordinates":[[[14.231,36.021],[14.232,36.021],[14.233,36.021],[14.233,36.02],[14.234,36.02],[14.235,36.02],[14.236,36.019],[14.237,36.019],[14.238,36.019],[14.239,36.019],[14.24,36.019],[14.241,36.019],[14.243,36.019],[14.244,36.019],[14.245,36.019],[14.247,36.019],[14.248,36.019],[14.25,36.018],[14.251,36.018],[14.252,36.018],[14.253,36.018],[14.254,36.017],[14.254,36.016],[14.254,36.015],[14.256,36.014],[14.257,36.014],[14.258,36.014],[14.259,36.014],[14.26,36.013],[14.261,36.012],[14.261,36.011],[14.262,36.011],[14.262,36.012],[14.263,36.013],[14.264,36.013],[14.267,36.014],[14.269,36.015],[14.27,36.015],[14.271,36.016],[14.272,36.016],[14.272,36.017],[14.273,36.018],[14.272,36.018],[14.272,36.019],[14.271,36.02],[14.272,36.02],[14.268,36.021],[14.268,36.022],[14.265,36.022],[14.265,36.023],[14.264,36.023],[14.264,36.024],[14.264,36.023],[14.263,36.023],[14.263,36.024],[14.263,36.025],[14.262,36.025],[14.262,36.026],[14.261,36.026],[14.259,36.026],[14.258,36.026],[14.256,36.027],[14.254,36.027],[14.253,36.029],[14.251,36.029],[14.25,36.029],[14.249,36.029],[14.247,36.03],[14.246,36.03],[14.245,36.029],[14.242,36.029],[14.242,36.03],[14.24,36.03],[14.239,36.03],[14.238,36.03],[14.237,36.029],[14.237,36.028],[14.236,36.027],[14.235,36.027],[14.234,36.027],[14.235,36.026],[14.235,36.025],[14.233,36.024],[14.231,36.023],[14.231,36.022],[14.231,36.021]]]}},{"type":"Feature","properties":{"id":7510547,"maakond_id":504,"name":"Il-Ħamrun","bbox":[14.48,35.881,14.5,35.892]},"geometry":{"type":"Polygon","coordinates":[[[14.498,35.888],[14.499,35.889],[14.5,35.889],[14.5,35.89],[14.499,35.89],[14.497,35.891],[14.494,35.889],[14.493,35.889],[14.492,35.889],[14.49,35.889],[14.491,35.891],[14.49,35.891],[14.488,35.892],[14.486,35.892],[14.485,35.892],[14.485,35.891],[14.484,35.891],[14.484,35.887],[14.483,35.888],[14.482,35.887],[14.481,35.887],[14.481,35.886],[14.48,35.886],[14.48,35.885],[14.48,35.884],[14.481,35.883],[14.483,35.882],[14.484,35.881],[14.485,35.882],[14.485,35.881],[14.486,35.882],[14.485,35.882],[14.486,35.882],[14.488,35.884],[14.489,35.884],[14.489,35.885],[14.49,35.884],[14.49,35.885],[14.493,35.885],[14.496,35.886],[14.498,35.888]]]}},{"type":"Feature","properties":{"id":7510548,"maakond_id":504,"name":"Santa Venera","bbox":[14.47,35.884,14.485,35.895]},"geometry":{"type":"Polygon","coordinates":[[[14.48,35.884],[14.48,35.885],[14.48,35.886],[14.481,35.886],[14.481,35.887],[14.482,35.887],[14.483,35.888],[14.484,35.887],[14.484,35.891],[14.485,35.891],[14.485,35.892],[14.483,35.892],[14.483,35.894],[14.482,35.894],[14.481,35.894],[14.479,35.894],[14.477,35.894],[14.475,35.895],[14.474,35.895],[14.473,35.894],[14.474,35.894],[14.473,35.891],[14.473,35.889],[14.472,35.889],[14.471,35.889],[14.47,35.888],[14.472,35.888],[14.471,35.887],[14.475,35.887],[14.477,35.886],[14.477,35.885],[14.478,35.885],[14.479,35.885],[14.48,35.884]]]}},{"type":"Feature","properties":{"id":7510549,"maakond_id":505,"name":"L-Imdina","bbox":[14.397,35.883,14.415,35.892]},"geometry":{"type":"Polygon","coordinates":[[[14.398,35.888],[14.399,35.887],[14.399,35.886],[14.4,35.886],[14.399,35.886],[14.401,35.885],[14.402,35.884],[14.403,35.884],[14.403,35.883],[14.405,35.884],[14.408,35.883],[14.412,35.883],[14.413,35.883],[14.415,35.884],[14.414,35.884],[14.413,35.884],[14.411,35.886],[14.41,35.887],[14.41,35.888],[14.41,35.89],[14.409,35.891],[14.408,35.891],[14.407,35.891],[14.406,35.891],[14.405,35.891],[14.405,35.892],[14.402,35.891],[14.401,35.89],[14.399,35.89],[14.397,35.889],[14.398,35.888]]]}},{"type":"Feature","properties":{"id":7510550,"maakond_id":502,"name":"Ħal Balzan","bbox":[14.446,35.893,14.457,35.902]},"geometry":{"type":"Polygon","coordinates":[[[14.446,35.897],[14.447,35.898],[14.448,35.897],[14.449,35.897],[14.449,35.896],[14.45,35.896],[14.449,35.896],[14.449,35.895],[14.451,35.893],[14.454,35.893],[14.456,35.893],[14.457,35.893],[14.457,35.895],[14.457,35.897],[14.456,35.897],[14.456,35.9],[14.455,35.9],[14.454,35.901],[14.452,35.902],[14.451,35.902],[14.451,35.901],[14.45,35.9],[14.449,35.9],[14.448,35.9],[14.448,35.899],[14.449,35.898],[14.447,35.898],[14.446,35.898],[14.446,35.897]]]}},{"type":"Feature","properties":{"id":7510551,"maakond_id":502,"name":"Ħ'Attard","bbox":[14.409,35.881,14.458,35.902]},"geometry":{"type":"Polygon","coordinates":[[[14.415,35.884],[14.416,35.883],[14.419,35.883],[14.423,35.883],[14.423,35.882],[14.426,35.881],[14.427,35.881],[14.428,35.881],[14.43,35.882],[14.431,35.882],[14.432,35.883],[14.433,35.883],[14.434,35.882],[14.435,35.883],[14.437,35.885],[14.439,35.885],[14.44,35.885],[14.442,35.886],[14.443,35.886],[14.445,35.886],[14.447,35.886],[14.449,35.886],[14.451,35.886],[14.453,35.885],[14.455,35.885],[14.455,35.886],[14.456,35.888],[14.456,35.889],[14.458,35.89],[14.458,35.891],[14.457,35.893],[14.456,35.893],[14.454,35.893],[14.451,35.893],[14.449,35.895],[14.449,35.896],[14.45,35.896],[14.449,35.896],[14.449,35.897],[14.448,35.897],[14.447,35.898],[14.446,35.897],[14.445,35.897],[14.445,35.898],[14.444,35.898],[14.442,35.898],[14.441,35.898],[14.44,35.898],[14.439,35.897],[14.438,35.897],[14.437,35.897],[14.436,35.897],[14.434,35.898],[14.434,35.897],[14.432,35.898],[14.43,35.899],[14.428,35.901],[14.427,35.902],[14.425,35.902],[14.424,35.902],[14.423,35.902],[14.421,35.902],[14.418,35.902],[14.416,35.902],[14.415,35.902],[14.415,35.901],[14.414,35.901],[14.413,35.901],[14.413,35.9],[14.414,35.9],[14.413,35.899],[14.412,35.898],[14.411,35.896],[14.41,35.895],[14.41,35.894],[14.409,35.892],[14.409,35.891],[14.41,35.89],[14.41,35.888],[14.41,35.887],[14.411,35.886],[14.413,35.884],[14.414,35.884],[14.415,35.884]]]}},{"type":"Feature","properties":{"id":7510552,"maakond_id":505,"name":"Ħaż-Żebbuġ","bbox":[14.412,35.86,14.467,35.886]},"geometry":{"type":"Polygon","coordinates":[[[14.415,35.884],[14.413,35.883],[14.413,35.881],[14.412,35.88],[14.412,35.879],[14.412,35.878],[14.413,35.877],[14.414,35.874],[14.414,35.871],[14.414,35.87],[14.416,35.869],[14.417,35.867],[14.418,35.867],[14.419,35.866],[14.42,35.866],[14.421,35.866],[14.423,35.865],[14.424,35.864],[14.425,35.863],[14.426,35.863],[14.428,35.862],[14.43,35.862],[14.431,35.862],[14.433,35.861],[14.434,35.86],[14.437,35.861],[14.438,35.861],[14.44,35.862],[14.443,35.864],[14.444,35.864],[14.445,35.865],[14.446,35.867],[14.447,35.867],[14.448,35.867],[14.45,35.866],[14.45,35.867],[14.452,35.868],[14.453,35.869],[14.455,35.868],[14.456,35.868],[14.457,35.868],[14.457,35.867],[14.458,35.866],[14.459,35.865],[14.46,35.865],[14.462,35.864],[14.463,35.865],[14.464,35.865],[14.465,35.863],[14.466,35.864],[14.465,35.864],[14.467,35.865],[14.466,35.865],[14.465,35.865],[14.464,35.866],[14.464,35.867],[14.464,35.868],[14.464,35.869],[14.464,35.87],[14.464,35.871],[14.463,35.87],[14.463,35.871],[14.463,35.872],[14.463,35.873],[14.462,35.873],[14.46,35.873],[14.461,35.875],[14.459,35.875],[14.457,35.875],[14.456,35.875],[14.455,35.875],[14.455,35.876],[14.454,35.876],[14.454,35.877],[14.453,35.877],[14.452,35.878],[14.453,35.879],[14.452,35.879],[14.452,35.88],[14.451,35.881],[14.452,35.883],[14.453,35.883],[14.455,35.884],[14.455,35.885],[14.453,35.885],[14.451,35.886],[14.449,35.886],[14.447,35.886],[14.445,35.886],[14.443,35.886],[14.442,35.886],[14.44,35.885],[14.439,35.885],[14.437,35.885],[14.435,35.883],[14.434,35.882],[14.433,35.883],[14.432,35.883],[14.431,35.882],[14.43,35.882],[14.428,35.881],[14.427,35.881],[14.426,35.881],[14.423,35.882],[14.423,35.883],[14.419,35.883],[14.416,35.883],[14.415,35.884]]]}},{"type":"Feature","properties":{"id":7510553,"maakond_id":505,"name":"Ħal Safi","bbox":[14.48,35.826,14.506,35.844]},"geometry":{"type":"Polygon","coordinates":[[[14.506,35.832],[14.502,35.835],[14.501,35.836],[14.5,35.836],[14.5,35.837],[14.499,35.838],[14.492,35.844],[14.491,35.842],[14.49,35.841],[14.489,35.841],[14.489,35.84],[14.487,35.841],[14.486,35.84],[14.486,35.839],[14.487,35.839],[14.485,35.836],[14.485,35.835],[14.482,35.834],[14.481,35.834],[14.48,35.834],[14.48,35.833],[14.48,35.832],[14.481,35.832],[14.481,35.831],[14.482,35.831],[14.482,35.829],[14.483,35.828],[14.486,35.826],[14.487,35.827],[14.488,35.827],[14.49,35.827],[14.492,35.828],[14.493,35.828],[14.493,35.829],[14.494,35.83],[14.495,35.831],[14.496,35.831],[14.497,35.831],[14.498,35.83],[14.499,35.83],[14.5,35.829],[14.499,35.829],[14.501,35.828],[14.5,35.827],[14.501,35.827],[14.503,35.829],[14.506,35.832]]]}},{"type":"Feature","properties":{"id":7510554,"maakond_id":505,"name":"Ħal Kirkop","bbox":[14.477,35.836,14.492,35.851]},"geometry":{"type":"Polygon","coordinates":[[[14.485,35.836],[14.487,35.839],[14.486,35.839],[14.486,35.84],[14.487,35.841],[14.489,35.84],[14.489,35.841],[14.49,35.841],[14.491,35.842],[14.492,35.844],[14.488,35.847],[14.483,35.851],[14.482,35.851],[14.481,35.85],[14.48,35.85],[14.48,35.849],[14.477,35.848],[14.478,35.848],[14.48,35.848],[14.482,35.848],[14.48,35.845],[14.479,35.845],[14.478,35.842],[14.477,35.841],[14.479,35.84],[14.482,35.839],[14.483,35.839],[14.483,35.838],[14.484,35.837],[14.485,35.836]]]}},{"type":"Feature","properties":{"id":7510555,"maakond_id":505,"name":"L-Imqabba","bbox":[14.451,35.839,14.482,35.853]},"geometry":{"type":"Polygon","coordinates":[[[14.451,35.842],[14.452,35.842],[14.454,35.841],[14.455,35.84],[14.456,35.84],[14.457,35.84],[14.459,35.839],[14.462,35.839],[14.463,35.839],[14.464,35.839],[14.465,35.839],[14.466,35.839],[14.468,35.84],[14.469,35.839],[14.47,35.839],[14.47,35.84],[14.471,35.84],[14.472,35.84],[14.473,35.84],[14.475,35.841],[14.476,35.841],[14.477,35.841],[14.478,35.842],[14.479,35.845],[14.48,35.845],[14.482,35.848],[14.48,35.848],[14.478,35.848],[14.477,35.848],[14.48,35.849],[14.48,35.85],[14.481,35.85],[14.481,35.851],[14.48,35.851],[14.478,35.852],[14.477,35.852],[14.476,35.852],[14.474,35.853],[14.474,35.852],[14.473,35.852],[14.472,35.852],[14.471,35.851],[14.47,35.85],[14.468,35.85],[14.467,35.85],[14.466,35.85],[14.464,35.849],[14.464,35.848],[14.463,35.848],[14.459,35.846],[14.458,35.847],[14.458,35.848],[14.459,35.849],[14.46,35.85],[14.461,35.851],[14.459,35.851],[14.458,35.85],[14.456,35.849],[14.457,35.848],[14.456,35.847],[14.455,35.847],[14.455,35.845],[14.455,35.844],[14.454,35.844],[14.453,35.843],[14.452,35.843],[14.451,35.843],[14.451,35.842]]]}},{"type":"Feature","properties":{"id":7510556,"maakond_id":504,"name":"Ħal Qormi","bbox":[14.451,35.863,14.485,35.891]},"geometry":{"type":"Polygon","coordinates":[[[14.48,35.884],[14.479,35.885],[14.478,35.885],[14.477,35.885],[14.477,35.886],[14.475,35.887],[14.471,35.887],[14.463,35.889],[14.459,35.89],[14.458,35.891],[14.458,35.89],[14.456,35.889],[14.456,35.888],[14.455,35.886],[14.455,35.885],[14.455,35.884],[14.453,35.883],[14.452,35.883],[14.451,35.881],[14.452,35.88],[14.452,35.879],[14.453,35.879],[14.452,35.878],[14.453,35.877],[14.454,35.877],[14.454,35.876],[14.455,35.876],[14.455,35.875],[14.456,35.875],[14.457,35.875],[14.459,35.875],[14.461,35.875],[14.46,35.873],[14.462,35.873],[14.463,35.873],[14.463,35.872],[14.463,35.871],[14.463,35.87],[14.464,35.871],[14.464,35.87],[14.464,35.869],[14.464,35.868],[14.464,35.867],[14.464,35.866],[14.465,35.865],[14.466,35.865],[14.467,35.865],[14.465,35.864],[14.466,35.864],[14.467,35.863],[14.468,35.863],[14.469,35.863],[14.47,35.863],[14.47,35.864],[14.471,35.864],[14.472,35.864],[14.473,35.865],[14.474,35.866],[14.475,35.868],[14.476,35.87],[14.477,35.869],[14.478,35.871],[14.477,35.872],[14.481,35.876],[14.483,35.878],[14.484,35.878],[14.484,35.879],[14.485,35.879],[14.484,35.88],[14.485,35.881],[14.485,35.882],[14.484,35.881],[14.483,35.882],[14.481,35.883],[14.48,35.884]]]}},{"type":"Feature","properties":{"id":7510557,"maakond_id":504,"name":"Il-Gudja","bbox":[14.495,35.839,14.512,35.859]},"geometry":{"type":"Polygon","coordinates":[[[14.501,35.859],[14.5,35.859],[14.498,35.859],[14.497,35.859],[14.496,35.859],[14.496,35.858],[14.496,35.857],[14.495,35.857],[14.496,35.855],[14.497,35.854],[14.497,35.853],[14.497,35.852],[14.496,35.853],[14.495,35.853],[14.495,35.852],[14.499,35.849],[14.499,35.848],[14.497,35.846],[14.497,35.845],[14.497,35.844],[14.504,35.839],[14.505,35.839],[14.506,35.84],[14.508,35.841],[14.507,35.842],[14.506,35.844],[14.507,35.844],[14.508,35.844],[14.508,35.845],[14.509,35.845],[14.509,35.846],[14.509,35.847],[14.509,35.849],[14.508,35.849],[14.511,35.849],[14.511,35.85],[14.511,35.853],[14.512,35.854],[14.512,35.855],[14.511,35.855],[14.512,35.857],[14.511,35.857],[14.51,35.858],[14.508,35.858],[14.507,35.859],[14.503,35.859],[14.501,35.859]]]}},{"type":"Feature","properties":{"id":7510558,"maakond_id":504,"name":"Santa Luċija","bbox":[14.499,35.857,14.514,35.865]},"geometry":{"type":"Polygon","coordinates":[[[14.507,35.865],[14.506,35.865],[14.501,35.863],[14.499,35.863],[14.499,35.862],[14.5,35.862],[14.499,35.861],[14.5,35.86],[14.501,35.861],[14.501,35.86],[14.501,35.859],[14.503,35.859],[14.507,35.859],[14.508,35.858],[14.51,35.858],[14.511,35.857],[14.512,35.857],[14.512,35.858],[14.513,35.86],[14.514,35.861],[14.514,35.862],[14.51,35.863],[14.509,35.864],[14.507,35.865]]]}},{"type":"Feature","properties":{"id":7510559,"maakond_id":503,"name":"Ħal Tarxien","bbox":[14.506,35.861,14.521,35.872]},"geometry":{"type":"Polygon","coordinates":[[[14.514,35.862],[14.516,35.861],[14.517,35.863],[14.518,35.864],[14.52,35.866],[14.521,35.867],[14.518,35.866],[14.517,35.866],[14.518,35.867],[14.518,35.868],[14.518,35.87],[14.517,35.871],[14.516,35.871],[14.514,35.872],[14.513,35.871],[14.512,35.87],[14.509,35.871],[14.509,35.869],[14.508,35.868],[14.507,35.868],[14.507,35.867],[14.506,35.867],[14.506,35.866],[14.507,35.865],[14.509,35.864],[14.51,35.863],[14.514,35.862]]]}},{"type":"Feature","properties":{"id":7510560,"maakond_id":503,"name":"Il-Fgura","bbox":[14.512,35.866,14.527,35.878]},"geometry":{"type":"Polygon","coordinates":[[[14.521,35.867],[14.523,35.867],[14.524,35.868],[14.525,35.868],[14.526,35.869],[14.527,35.869],[14.527,35.87],[14.527,35.872],[14.527,35.874],[14.527,35.876],[14.527,35.877],[14.526,35.877],[14.524,35.877],[14.524,35.876],[14.523,35.876],[14.523,35.877],[14.521,35.877],[14.521,35.876],[14.52,35.876],[14.519,35.877],[14.52,35.877],[14.519,35.878],[14.518,35.877],[14.517,35.878],[14.515,35.877],[14.514,35.877],[14.513,35.876],[14.512,35.876],[14.512,35.875],[14.513,35.875],[14.513,35.872],[14.513,35.871],[14.514,35.872],[14.516,35.871],[14.517,35.871],[14.518,35.87],[14.518,35.868],[14.518,35.867],[14.517,35.866],[14.518,35.866],[14.521,35.867]]]}},{"type":"Feature","properties":{"id":7510561,"maakond_id":504,"name":"Iż-Żejtun","bbox":[14.516,35.845,14.552,35.869]},"geometry":{"type":"Polygon","coordinates":[[[14.545,35.864],[14.543,35.865],[14.542,35.865],[14.541,35.864],[14.54,35.864],[14.539,35.864],[14.536,35.866],[14.532,35.868],[14.531,35.867],[14.531,35.868],[14.53,35.866],[14.529,35.866],[14.528,35.869],[14.527,35.869],[14.526,35.869],[14.525,35.868],[14.524,35.868],[14.523,35.867],[14.521,35.867],[14.52,35.866],[14.518,35.864],[14.517,35.863],[14.516,35.861],[14.517,35.861],[14.521,35.855],[14.522,35.854],[14.523,35.853],[14.524,35.851],[14.525,35.849],[14.526,35.848],[14.527,35.847],[14.533,35.847],[14.534,35.847],[14.535,35.847],[14.535,35.848],[14.534,35.849],[14.535,35.849],[14.537,35.849],[14.539,35.848],[14.539,35.849],[14.54,35.85],[14.541,35.849],[14.541,35.848],[14.542,35.848],[14.543,35.847],[14.544,35.847],[14.545,35.847],[14.546,35.846],[14.547,35.845],[14.548,35.845],[14.548,35.846],[14.549,35.848],[14.551,35.849],[14.552,35.849],[14.551,35.851],[14.55,35.851],[14.549,35.851],[14.549,35.853],[14.55,35.854],[14.55,35.855],[14.551,35.856],[14.55,35.856],[14.55,35.858],[14.551,35.858],[14.55,35.859],[14.549,35.859],[14.548,35.859],[14.548,35.86],[14.548,35.861],[14.547,35.861],[14.547,35.862],[14.546,35.863],[14.545,35.863],[14.545,35.864]]]}},{"type":"Feature","properties":{"id":7510562,"maakond_id":504,"name":"Ħal Għaxaq","bbox":[14.504,35.831,14.528,35.862]},"geometry":{"type":"Polygon","coordinates":[[[14.504,35.839],[14.509,35.835],[14.508,35.833],[14.51,35.831],[14.511,35.832],[14.512,35.831],[14.514,35.832],[14.516,35.832],[14.517,35.833],[14.517,35.834],[14.517,35.835],[14.517,35.836],[14.517,35.837],[14.518,35.837],[14.52,35.837],[14.521,35.838],[14.522,35.837],[14.523,35.838],[14.523,35.839],[14.525,35.839],[14.526,35.839],[14.527,35.839],[14.527,35.84],[14.528,35.841],[14.528,35.843],[14.528,35.844],[14.527,35.847],[14.526,35.848],[14.525,35.849],[14.524,35.851],[14.523,35.853],[14.522,35.854],[14.521,35.855],[14.517,35.861],[14.516,35.861],[14.514,35.862],[14.514,35.861],[14.513,35.86],[14.512,35.858],[14.512,35.857],[14.511,35.855],[14.512,35.855],[14.512,35.854],[14.511,35.853],[14.511,35.85],[14.511,35.849],[14.508,35.849],[14.509,35.849],[14.509,35.847],[14.509,35.846],[14.509,35.845],[14.508,35.845],[14.508,35.844],[14.507,35.844],[14.506,35.844],[14.507,35.842],[14.508,35.841],[14.506,35.84],[14.505,35.839],[14.504,35.839]]]}},{"type":"Feature","properties":{"id":7510563,"maakond_id":504,"name":"Ħal Luqa","bbox":[14.458,35.828,14.514,35.876]},"geometry":{"type":"Polygon","coordinates":[[[14.51,35.831],[14.508,35.833],[14.509,35.835],[14.504,35.839],[14.497,35.844],[14.497,35.845],[14.497,35.846],[14.499,35.848],[14.499,35.849],[14.495,35.852],[14.495,35.853],[14.496,35.853],[14.497,35.852],[14.497,35.853],[14.497,35.854],[14.496,35.855],[14.495,35.857],[14.496,35.857],[14.496,35.858],[14.496,35.859],[14.497,35.859],[14.498,35.859],[14.5,35.859],[14.501,35.859],[14.501,35.86],[14.501,35.861],[14.5,35.86],[14.499,35.861],[14.5,35.862],[14.499,35.862],[14.499,35.863],[14.498,35.862],[14.497,35.862],[14.496,35.863],[14.496,35.864],[14.496,35.866],[14.495,35.866],[14.494,35.865],[14.493,35.866],[14.492,35.866],[14.49,35.866],[14.49,35.867],[14.49,35.869],[14.489,35.869],[14.488,35.869],[14.486,35.868],[14.486,35.87],[14.484,35.87],[14.483,35.87],[14.483,35.871],[14.485,35.872],[14.486,35.873],[14.484,35.873],[14.481,35.876],[14.477,35.872],[14.478,35.871],[14.477,35.869],[14.476,35.87],[14.475,35.868],[14.474,35.866],[14.473,35.865],[14.472,35.864],[14.471,35.864],[14.47,35.864],[14.47,35.863],[14.471,35.863],[14.471,35.862],[14.47,35.862],[14.472,35.862],[14.47,35.858],[14.469,35.857],[14.465,35.854],[14.465,35.853],[14.464,35.852],[14.461,35.851],[14.46,35.85],[14.459,35.849],[14.458,35.848],[14.458,35.847],[14.459,35.846],[14.463,35.848],[14.464,35.848],[14.464,35.849],[14.466,35.85],[14.467,35.85],[14.468,35.85],[14.47,35.85],[14.471,35.851],[14.472,35.852],[14.473,35.852],[14.474,35.852],[14.474,35.853],[14.476,35.852],[14.477,35.852],[14.478,35.852],[14.48,35.851],[14.481,35.851],[14.481,35.85],[14.482,35.851],[14.483,35.851],[14.488,35.847],[14.492,35.844],[14.499,35.838],[14.5,35.837],[14.5,35.836],[14.501,35.836],[14.502,35.835],[14.506,35.832],[14.507,35.833],[14.51,35.831],[14.513,35.828],[14.514,35.828],[14.51,35.831]]]}},{"type":"Feature","properties":{"id":7510564,"maakond_id":502,"name":"L-Imtarfa","bbox":[14.39,35.884,14.405,35.896]},"geometry":{"type":"Polygon","coordinates":[[[14.405,35.892],[14.404,35.892],[14.403,35.893],[14.403,35.894],[14.404,35.895],[14.404,35.896],[14.402,35.896],[14.4,35.895],[14.4,35.896],[14.398,35.895],[14.398,35.894],[14.397,35.893],[14.397,35.892],[14.396,35.892],[14.394,35.892],[14.393,35.891],[14.392,35.89],[14.391,35.89],[14.39,35.888],[14.391,35.888],[14.392,35.887],[14.391,35.886],[14.391,35.885],[14.391,35.884],[14.39,35.884],[14.392,35.884],[14.392,35.885],[14.393,35.885],[14.393,35.886],[14.395,35.885],[14.396,35.886],[14.395,35.887],[14.396,35.887],[14.398,35.887],[14.398,35.888],[14.397,35.889],[14.399,35.89],[14.401,35.89],[14.402,35.891],[14.405,35.892]]]}},{"type":"Feature","properties":{"id":7510565,"maakond_id":505,"name":"Ir-Rabat","bbox":[14.328,35.861,14.417,35.908]},"geometry":{"type":"Polygon","coordinates":[[[14.398,35.863],[14.401,35.863],[14.402,35.862],[14.403,35.862],[14.403,35.863],[14.405,35.862],[14.406,35.861],[14.408,35.862],[14.41,35.862],[14.411,35.863],[14.413,35.864],[14.415,35.866],[14.416,35.866],[14.417,35.867],[14.416,35.869],[14.414,35.87],[14.414,35.871],[14.414,35.874],[14.413,35.877],[14.412,35.878],[14.412,35.879],[14.412,35.88],[14.413,35.881],[14.413,35.883],[14.412,35.883],[14.408,35.883],[14.405,35.884],[14.403,35.883],[14.403,35.884],[14.402,35.884],[14.401,35.885],[14.399,35.886],[14.4,35.886],[14.399,35.886],[14.399,35.887],[14.398,35.888],[14.398,35.887],[14.396,35.887],[14.395,35.887],[14.396,35.886],[14.395,35.885],[14.393,35.886],[14.393,35.885],[14.392,35.885],[14.392,35.884],[14.39,35.884],[14.391,35.884],[14.391,35.885],[14.391,35.886],[14.392,35.887],[14.391,35.888],[14.39,35.888],[14.391,35.89],[14.392,35.89],[14.393,35.891],[14.394,35.892],[14.396,35.892],[14.397,35.892],[14.397,35.893],[14.398,35.894],[14.398,35.895],[14.4,35.896],[14.4,35.895],[14.402,35.896],[14.404,35.896],[14.404,35.895],[14.403,35.894],[14.403,35.893],[14.404,35.892],[14.405,35.892],[14.405,35.891],[14.406,35.891],[14.407,35.891],[14.408,35.891],[14.409,35.891],[14.409,35.892],[14.41,35.894],[14.41,35.895],[14.411,35.896],[14.412,35.898],[14.413,35.899],[14.414,35.9],[14.413,35.9],[14.413,35.901],[14.412,35.901],[14.412,35.902],[14.41,35.903],[14.41,35.904],[14.409,35.904],[14.409,35.905],[14.407,35.905],[14.405,35.907],[14.405,35.908],[14.404,35.908],[14.402,35.908],[14.401,35.907],[14.4,35.907],[14.399,35.907],[14.399,35.908],[14.398,35.907],[14.397,35.906],[14.396,35.906],[14.395,35.907],[14.394,35.907],[14.393,35.907],[14.391,35.906],[14.389,35.906],[14.386,35.907],[14.383,35.907],[14.383,35.906],[14.379,35.905],[14.379,35.904],[14.378,35.904],[14.379,35.904],[14.379,35.903],[14.378,35.903],[14.377,35.902],[14.376,35.902],[14.375,35.902],[14.375,35.903],[14.374,35.904],[14.372,35.905],[14.37,35.905],[14.369,35.904],[14.368,35.903],[14.369,35.903],[14.368,35.902],[14.367,35.902],[14.365,35.903],[14.363,35.904],[14.361,35.903],[14.361,35.902],[14.36,35.901],[14.359,35.9],[14.359,35.899],[14.36,35.898],[14.359,35.898],[14.359,35.897],[14.358,35.897],[14.357,35.898],[14.356,35.898],[14.355,35.899],[14.354,35.9],[14.353,35.9],[14.352,35.901],[14.351,35.902],[14.35,35.901],[14.347,35.902],[14.346,35.901],[14.345,35.902],[14.344,35.902],[14.344,35.904],[14.343,35.904],[14.342,35.905],[14.341,35.905],[14.341,35.906],[14.34,35.906],[14.337,35.906],[14.335,35.906],[14.334,35.906],[14.33,35.907],[14.329,35.907],[14.328,35.907],[14.328,35.905],[14.329,35.905],[14.33,35.904],[14.331,35.903],[14.332,35.903],[14.332,35.902],[14.331,35.901],[14.33,35.9],[14.329,35.899],[14.329,35.898],[14.33,35.896],[14.329,35.897],[14.329,35.896],[14.331,35.895],[14.332,35.894],[14.334,35.893],[14.335,35.892],[14.336,35.889],[14.336,35.888],[14.337,35.888],[14.337,35.887],[14.337,35.885],[14.337,35.884],[14.337,35.881],[14.337,35.88],[14.338,35.879],[14.339,35.878],[14.339,35.877],[14.34,35.876],[14.341,35.876],[14.342,35.874],[14.342,35.873],[14.344,35.874],[14.344,35.873],[14.346,35.872],[14.347,35.871],[14.348,35.871],[14.35,35.871],[14.35,35.87],[14.351,35.871],[14.352,35.871],[14.352,35.87],[14.353,35.87],[14.354,35.87],[14.355,35.87],[14.354,35.869],[14.353,35.868],[14.352,35.868],[14.353,35.868],[14.353,35.867],[14.354,35.867],[14.355,35.867],[14.356,35.867],[14.357,35.866],[14.358,35.865],[14.359,35.864],[14.36,35.863],[14.361,35.864],[14.362,35.864],[14.364,35.865],[14.364,35.866],[14.365,35.868],[14.367,35.867],[14.368,35.866],[14.37,35.869],[14.372,35.869],[14.373,35.869],[14.374,35.868],[14.38,35.869],[14.382,35.87],[14.384,35.87],[14.385,35.87],[14.386,35.87],[14.386,35.869],[14.388,35.87],[14.388,35.871],[14.387,35.871],[14.387,35.872],[14.388,35.873],[14.389,35.871],[14.39,35.871],[14.391,35.87],[14.392,35.871],[14.393,35.87],[14.394,35.87],[14.395,35.869],[14.395,35.868],[14.395,35.867],[14.396,35.865],[14.397,35.864],[14.397,35.863],[14.398,35.863]]]}},{"type":"Feature","properties":{"id":7510566,"maakond_id":505,"name":"Ħad-Dingli","bbox":[14.36,35.846,14.398,35.873]},"geometry":{"type":"Polygon","coordinates":[[[14.398,35.863],[14.397,35.863],[14.397,35.864],[14.396,35.865],[14.395,35.867],[14.395,35.868],[14.395,35.869],[14.394,35.87],[14.393,35.87],[14.392,35.871],[14.391,35.87],[14.39,35.871],[14.389,35.871],[14.388,35.873],[14.387,35.872],[14.387,35.871],[14.388,35.871],[14.388,35.87],[14.386,35.869],[14.386,35.87],[14.385,35.87],[14.384,35.87],[14.382,35.87],[14.38,35.869],[14.374,35.868],[14.373,35.869],[14.372,35.869],[14.37,35.869],[14.368,35.866],[14.367,35.867],[14.365,35.868],[14.364,35.866],[14.364,35.865],[14.362,35.864],[14.361,35.864],[14.36,35.863],[14.361,35.863],[14.362,35.862],[14.362,35.861],[14.362,35.86],[14.363,35.86],[14.364,35.859],[14.366,35.858],[14.367,35.858],[14.369,35.857],[14.37,35.856],[14.37,35.855],[14.371,35.855],[14.371,35.854],[14.373,35.853],[14.373,35.854],[14.375,35.853],[14.377,35.852],[14.378,35.851],[14.379,35.85],[14.38,35.85],[14.38,35.849],[14.381,35.849],[14.382,35.849],[14.383,35.849],[14.385,35.849],[14.385,35.848],[14.386,35.847],[14.387,35.847],[14.39,35.846],[14.39,35.849],[14.393,35.852],[14.394,35.853],[14.395,35.855],[14.395,35.856],[14.396,35.856],[14.396,35.857],[14.397,35.857],[14.397,35.859],[14.397,35.86],[14.398,35.862],[14.398,35.863]]]}},{"type":"Feature","properties":{"id":7510567,"maakond_id":505,"name":"Is-Siġġiewi","bbox":[14.39,35.826,14.472,35.869]},"geometry":{"type":"Polygon","coordinates":[[[14.47,35.863],[14.469,35.863],[14.468,35.863],[14.467,35.863],[14.466,35.864],[14.465,35.863],[14.464,35.865],[14.463,35.865],[14.462,35.864],[14.46,35.865],[14.459,35.865],[14.458,35.866],[14.457,35.867],[14.457,35.868],[14.456,35.868],[14.455,35.868],[14.453,35.869],[14.452,35.868],[14.45,35.867],[14.45,35.866],[14.448,35.867],[14.447,35.867],[14.446,35.867],[14.445,35.865],[14.444,35.864],[14.443,35.864],[14.44,35.862],[14.438,35.861],[14.437,35.861],[14.434,35.86],[14.433,35.861],[14.431,35.862],[14.43,35.862],[14.428,35.862],[14.426,35.863],[14.425,35.863],[14.424,35.864],[14.423,35.865],[14.421,35.866],[14.42,35.866],[14.419,35.866],[14.418,35.867],[14.417,35.867],[14.416,35.866],[14.415,35.866],[14.413,35.864],[14.411,35.863],[14.41,35.862],[14.408,35.862],[14.406,35.861],[14.405,35.862],[14.403,35.863],[14.403,35.862],[14.402,35.862],[14.401,35.863],[14.398,35.863],[14.398,35.862],[14.397,35.86],[14.397,35.859],[14.397,35.857],[14.396,35.857],[14.396,35.856],[14.395,35.856],[14.395,35.855],[14.394,35.853],[14.393,35.852],[14.39,35.849],[14.39,35.846],[14.391,35.846],[14.392,35.845],[14.392,35.844],[14.393,35.844],[14.395,35.844],[14.396,35.843],[14.397,35.841],[14.395,35.84],[14.396,35.839],[14.399,35.838],[14.4,35.838],[14.401,35.838],[14.402,35.836],[14.403,35.836],[14.405,35.836],[14.406,35.836],[14.407,35.836],[14.408,35.836],[14.408,35.835],[14.411,35.835],[14.412,35.834],[14.413,35.834],[14.414,35.834],[14.415,35.834],[14.416,35.834],[14.416,35.833],[14.416,35.832],[14.415,35.832],[14.415,35.831],[14.415,35.83],[14.416,35.83],[14.417,35.829],[14.417,35.828],[14.418,35.828],[14.419,35.828],[14.42,35.828],[14.422,35.828],[14.423,35.827],[14.424,35.827],[14.425,35.827],[14.427,35.827],[14.428,35.827],[14.429,35.826],[14.43,35.826],[14.43,35.827],[14.432,35.828],[14.433,35.829],[14.434,35.831],[14.436,35.833],[14.437,35.833],[14.438,35.833],[14.441,35.832],[14.442,35.833],[14.443,35.833],[14.444,35.834],[14.443,35.835],[14.442,35.835],[14.441,35.836],[14.442,35.837],[14.444,35.838],[14.444,35.839],[14.443,35.839],[14.444,35.84],[14.443,35.84],[14.444,35.841],[14.446,35.84],[14.446,35.839],[14.447,35.839],[14.448,35.84],[14.449,35.841],[14.449,35.843],[14.451,35.842],[14.451,35.843],[14.452,35.843],[14.453,35.843],[14.454,35.844],[14.455,35.844],[14.455,35.845],[14.455,35.847],[14.456,35.847],[14.457,35.848],[14.456,35.849],[14.458,35.85],[14.459,35.851],[14.461,35.851],[14.464,35.852],[14.465,35.853],[14.465,35.854],[14.469,35.857],[14.47,35.858],[14.472,35.862],[14.47,35.862],[14.471,35.862],[14.471,35.863],[14.47,35.863]]]}},{"type":"Feature","properties":{"id":7510568,"maakond_id":505,"name":"Il-Qrendi","bbox":[14.43,35.819,14.47,35.843]},"geometry":{"type":"Polygon","coordinates":[[[14.469,35.839],[14.468,35.84],[14.466,35.839],[14.465,35.839],[14.464,35.839],[14.463,35.839],[14.462,35.839],[14.459,35.839],[14.457,35.84],[14.456,35.84],[14.455,35.84],[14.454,35.841],[14.452,35.842],[14.451,35.842],[14.449,35.843],[14.449,35.841],[14.448,35.84],[14.447,35.839],[14.446,35.839],[14.446,35.84],[14.444,35.841],[14.443,35.84],[14.444,35.84],[14.443,35.839],[14.444,35.839],[14.444,35.838],[14.442,35.837],[14.441,35.836],[14.442,35.835],[14.443,35.835],[14.444,35.834],[14.443,35.833],[14.442,35.833],[14.441,35.832],[14.438,35.833],[14.437,35.833],[14.436,35.833],[14.434,35.831],[14.433,35.829],[14.432,35.828],[14.43,35.827],[14.43,35.826],[14.431,35.826],[14.432,35.826],[14.433,35.826],[14.434,35.826],[14.435,35.826],[14.435,35.825],[14.436,35.825],[14.436,35.824],[14.437,35.824],[14.438,35.823],[14.439,35.824],[14.44,35.823],[14.44,35.824],[14.441,35.823],[14.443,35.823],[14.443,35.822],[14.444,35.822],[14.445,35.822],[14.446,35.822],[14.446,35.821],[14.447,35.821],[14.449,35.82],[14.45,35.82],[14.451,35.819],[14.452,35.82],[14.452,35.819],[14.453,35.819],[14.454,35.819],[14.455,35.819],[14.456,35.82],[14.455,35.82],[14.456,35.821],[14.456,35.82],[14.457,35.821],[14.456,35.821],[14.457,35.822],[14.458,35.823],[14.458,35.824],[14.459,35.824],[14.46,35.826],[14.461,35.827],[14.462,35.828],[14.463,35.829],[14.463,35.831],[14.464,35.832],[14.465,35.832],[14.466,35.831],[14.468,35.833],[14.467,35.834],[14.466,35.835],[14.465,35.835],[14.465,35.836],[14.466,35.836],[14.466,35.837],[14.469,35.837],[14.47,35.838],[14.47,35.839],[14.469,35.839]]]}},{"type":"Feature","properties":{"id":7510569,"maakond_id":505,"name":"Iż-Żurrieq","bbox":[14.408,35.787,14.516,35.841]},"geometry":{"type":"MultiPolygon","coordinates":[[[[14.51,35.831],[14.507,35.833],[14.506,35.832],[14.503,35.829],[14.501,35.827],[14.5,35.827],[14.501,35.828],[14.499,35.829],[14.5,35.829],[14.499,35.83],[14.498,35.83],[14.497,35.831],[14.496,35.831],[14.495,35.831],[14.494,35.83],[14.493,35.829],[14.493,35.828],[14.492,35.828],[14.49,35.827],[14.488,35.827],[14.487,35.827],[14.486,35.826],[14.483,35.828],[14.482,35.829],[14.482,35.831],[14.481,35.831],[14.481,35.832],[14.48,35.832],[14.48,35.833],[14.48,35.834],[14.481,35.834],[14.482,35.834],[14.485,35.835],[14.485,35.836],[14.484,35.837],[14.483,35.838],[14.483,35.839],[14.482,35.839],[14.479,35.84],[14.477,35.841],[14.476,35.841],[14.475,35.841],[14.473,35.84],[14.472,35.84],[14.471,35.84],[14.47,35.84],[14.47,35.839],[14.469,35.839],[14.47,35.839],[14.47,35.838],[14.469,35.837],[14.466,35.837],[14.466,35.836],[14.465,35.836],[14.465,35.835],[14.466,35.835],[14.467,35.834],[14.468,35.833],[14.466,35.831],[14.465,35.832],[14.464,35.832],[14.463,35.831],[14.463,35.829],[14.462,35.828],[14.461,35.827],[14.46,35.826],[14.459,35.824],[14.458,35.824],[14.458,35.823],[14.457,35.822],[14.459,35.822],[14.459,35.821],[14.459,35.82],[14.46,35.82],[14.462,35.82],[14.463,35.82],[14.464,35.82],[14.465,35.82],[14.466,35.819],[14.467,35.818],[14.468,35.817],[14.469,35.816],[14.47,35.816],[14.472,35.815],[14.473,35.815],[14.474,35.815],[14.475,35.814],[14.476,35.814],[14.477,35.814],[14.478,35.815],[14.479,35.815],[14.479,35.814],[14.481,35.815],[14.482,35.815],[14.483,35.814],[14.484,35.814],[14.484,35.813],[14.486,35.813],[14.488,35.814],[14.489,35.814],[14.49,35.814],[14.491,35.814],[14.493,35.814],[14.494,35.814],[14.495,35.814],[14.496,35.814],[14.496,35.813],[14.497,35.813],[14.498,35.813],[14.499,35.813],[14.501,35.812],[14.501,35.813],[14.501,35.814],[14.503,35.814],[14.502,35.816],[14.501,35.817],[14.502,35.818],[14.501,35.818],[14.501,35.819],[14.501,35.821],[14.501,35.822],[14.502,35.823],[14.503,35.823],[14.503,35.822],[14.504,35.821],[14.506,35.822],[14.509,35.82],[14.509,35.821],[14.511,35.821],[14.512,35.821],[14.514,35.822],[14.515,35.822],[14.516,35.823],[14.515,35.823],[14.515,35.824],[14.514,35.825],[14.513,35.825],[14.512,35.827],[14.511,35.827],[14.511,35.829],[14.51,35.83],[14.509,35.831],[14.51,35.831]]],[[[14.411,35.787],[14.412,35.788],[14.411,35.788],[14.409,35.788],[14.408,35.787],[14.409,35.787],[14.41,35.787],[14.411,35.787]]]]}},{"type":"Feature","properties":{"id":7510570,"maakond_id":504,"name":"Birżebbuġa","bbox":[14.501,35.806,14.55,35.844]},"geometry":{"type":"Polygon","coordinates":[[[14.542,35.83],[14.543,35.831],[14.541,35.833],[14.541,35.834],[14.54,35.836],[14.54,35.837],[14.539,35.837],[14.538,35.838],[14.537,35.838],[14.536,35.839],[14.536,35.84],[14.535,35.841],[14.535,35.842],[14.533,35.842],[14.532,35.842],[14.531,35.842],[14.531,35.843],[14.53,35.843],[14.528,35.844],[14.528,35.843],[14.528,35.841],[14.527,35.84],[14.527,35.839],[14.526,35.839],[14.525,35.839],[14.523,35.839],[14.523,35.838],[14.522,35.837],[14.521,35.838],[14.52,35.837],[14.518,35.837],[14.517,35.837],[14.517,35.836],[14.517,35.835],[14.517,35.834],[14.517,35.833],[14.516,35.832],[14.514,35.832],[14.512,35.831],[14.511,35.832],[14.51,35.831],[14.514,35.828],[14.513,35.828],[14.51,35.831],[14.509,35.831],[14.51,35.83],[14.511,35.829],[14.511,35.827],[14.512,35.827],[14.513,35.825],[14.514,35.825],[14.515,35.824],[14.515,35.823],[14.516,35.823],[14.515,35.822],[14.514,35.822],[14.512,35.821],[14.511,35.821],[14.509,35.821],[14.509,35.82],[14.506,35.822],[14.504,35.821],[14.503,35.822],[14.503,35.823],[14.502,35.823],[14.501,35.822],[14.501,35.821],[14.501,35.819],[14.501,35.818],[14.502,35.818],[14.501,35.817],[14.502,35.816],[14.503,35.814],[14.501,35.814],[14.501,35.813],[14.501,35.812],[14.502,35.811],[14.504,35.81],[14.506,35.81],[14.506,35.809],[14.508,35.808],[14.51,35.809],[14.51,35.807],[14.512,35.807],[14.514,35.807],[14.515,35.807],[14.516,35.806],[14.517,35.806],[14.518,35.806],[14.519,35.807],[14.521,35.807],[14.522,35.807],[14.524,35.807],[14.525,35.807],[14.526,35.807],[14.528,35.807],[14.529,35.807],[14.53,35.807],[14.53,35.806],[14.531,35.807],[14.532,35.807],[14.533,35.808],[14.534,35.808],[14.535,35.807],[14.536,35.808],[14.537,35.809],[14.538,35.809],[14.539,35.81],[14.539,35.811],[14.54,35.81],[14.541,35.81],[14.541,35.811],[14.543,35.811],[14.543,35.812],[14.544,35.814],[14.545,35.814],[14.55,35.818],[14.549,35.818],[14.544,35.814],[14.543,35.813],[14.542,35.814],[14.543,35.815],[14.546,35.818],[14.547,35.818],[14.547,35.819],[14.547,35.821],[14.547,35.819],[14.541,35.823],[14.539,35.821],[14.544,35.817],[14.543,35.817],[14.542,35.816],[14.533,35.822],[14.531,35.82],[14.53,35.822],[14.53,35.823],[14.529,35.824],[14.53,35.825],[14.53,35.826],[14.531,35.825],[14.533,35.826],[14.534,35.827],[14.533,35.828],[14.533,35.829],[14.532,35.83],[14.531,35.83],[14.53,35.83],[14.531,35.831],[14.531,35.832],[14.532,35.832],[14.534,35.832],[14.535,35.832],[14.537,35.833],[14.538,35.833],[14.539,35.832],[14.54,35.831],[14.541,35.83],[14.542,35.83]]]}},{"type":"Feature","properties":{"id":7510571,"maakond_id":504,"name":"Marsaxlokk","bbox":[14.527,35.819,14.573,35.85]},"geometry":{"type":"Polygon","coordinates":[[[14.552,35.849],[14.551,35.849],[14.549,35.848],[14.548,35.846],[14.548,35.845],[14.547,35.845],[14.546,35.846],[14.545,35.847],[14.544,35.847],[14.543,35.847],[14.542,35.848],[14.541,35.848],[14.541,35.849],[14.54,35.85],[14.539,35.849],[14.539,35.848],[14.537,35.849],[14.535,35.849],[14.534,35.849],[14.535,35.848],[14.535,35.847],[14.534,35.847],[14.533,35.847],[14.527,35.847],[14.528,35.844],[14.53,35.843],[14.531,35.843],[14.531,35.842],[14.532,35.842],[14.533,35.842],[14.535,35.842],[14.535,35.841],[14.536,35.84],[14.536,35.839],[14.537,35.838],[14.538,35.838],[14.539,35.837],[14.54,35.837],[14.54,35.836],[14.541,35.834],[14.541,35.833],[14.543,35.831],[14.542,35.83],[14.543,35.829],[14.544,35.83],[14.545,35.83],[14.546,35.831],[14.545,35.831],[14.546,35.832],[14.547,35.833],[14.546,35.833],[14.545,35.833],[14.545,35.834],[14.546,35.835],[14.546,35.836],[14.545,35.836],[14.545,35.837],[14.544,35.838],[14.544,35.839],[14.545,35.841],[14.546,35.841],[14.547,35.841],[14.548,35.84],[14.547,35.839],[14.548,35.839],[14.55,35.838],[14.551,35.837],[14.553,35.834],[14.555,35.832],[14.556,35.832],[14.555,35.832],[14.555,35.83],[14.555,35.829],[14.556,35.829],[14.557,35.828],[14.557,35.827],[14.557,35.826],[14.556,35.825],[14.556,35.824],[14.558,35.823],[14.558,35.822],[14.559,35.821],[14.559,35.82],[14.559,35.819],[14.56,35.819],[14.561,35.819],[14.561,35.82],[14.562,35.82],[14.561,35.821],[14.562,35.821],[14.562,35.822],[14.561,35.823],[14.56,35.823],[14.56,35.824],[14.561,35.824],[14.562,35.824],[14.563,35.824],[14.563,35.825],[14.563,35.826],[14.564,35.828],[14.563,35.828],[14.564,35.828],[14.564,35.829],[14.562,35.83],[14.562,35.831],[14.563,35.832],[14.563,35.833],[14.564,35.833],[14.564,35.834],[14.564,35.835],[14.563,35.835],[14.561,35.835],[14.56,35.836],[14.559,35.837],[14.56,35.838],[14.561,35.839],[14.562,35.839],[14.564,35.838],[14.564,35.837],[14.565,35.837],[14.565,35.838],[14.564,35.838],[14.563,35.839],[14.562,35.84],[14.561,35.841],[14.562,35.841],[14.562,35.842],[14.563,35.842],[14.564,35.843],[14.565,35.843],[14.567,35.842],[14.568,35.842],[14.568,35.841],[14.568,35.84],[14.569,35.841],[14.569,35.84],[14.57,35.839],[14.571,35.839],[14.571,35.84],[14.572,35.84],[14.573,35.841],[14.572,35.841],[14.572,35.842],[14.571,35.842],[14.57,35.843],[14.571,35.843],[14.569,35.843],[14.569,35.844],[14.567,35.845],[14.567,35.846],[14.565,35.844],[14.564,35.845],[14.563,35.845],[14.562,35.846],[14.561,35.846],[14.56,35.846],[14.559,35.846],[14.558,35.846],[14.557,35.847],[14.555,35.847],[14.554,35.848],[14.553,35.848],[14.552,35.849]]]}},{"type":"Feature","properties":{"id":7510572,"maakond_id":504,"name":"Wied il-Għajn","bbox":[14.545,35.844,14.576,35.878]},"geometry":{"type":"Polygon","coordinates":[[[14.567,35.846],[14.568,35.846],[14.568,35.847],[14.569,35.848],[14.57,35.849],[14.572,35.85],[14.571,35.85],[14.57,35.85],[14.569,35.85],[14.568,35.85],[14.567,35.85],[14.565,35.85],[14.564,35.851],[14.563,35.852],[14.563,35.853],[14.563,35.854],[14.564,35.855],[14.565,35.855],[14.566,35.855],[14.568,35.855],[14.567,35.855],[14.568,35.856],[14.569,35.857],[14.57,35.857],[14.571,35.857],[14.571,35.858],[14.572,35.858],[14.573,35.859],[14.574,35.86],[14.575,35.861],[14.576,35.861],[14.576,35.862],[14.576,35.861],[14.575,35.862],[14.574,35.862],[14.574,35.863],[14.573,35.863],[14.572,35.864],[14.571,35.865],[14.57,35.865],[14.568,35.865],[14.567,35.864],[14.566,35.864],[14.564,35.864],[14.563,35.863],[14.562,35.863],[14.562,35.864],[14.563,35.865],[14.565,35.865],[14.566,35.865],[14.566,35.866],[14.567,35.866],[14.569,35.867],[14.57,35.866],[14.572,35.867],[14.574,35.867],[14.575,35.867],[14.575,35.868],[14.573,35.869],[14.572,35.871],[14.571,35.871],[14.571,35.873],[14.569,35.873],[14.569,35.874],[14.568,35.875],[14.567,35.875],[14.567,35.876],[14.565,35.877],[14.565,35.878],[14.564,35.877],[14.561,35.875],[14.56,35.874],[14.559,35.874],[14.558,35.873],[14.558,35.872],[14.557,35.871],[14.556,35.871],[14.555,35.87],[14.555,35.869],[14.554,35.869],[14.553,35.868],[14.553,35.867],[14.552,35.867],[14.55,35.866],[14.548,35.866],[14.547,35.866],[14.546,35.865],[14.546,35.864],[14.545,35.864],[14.545,35.863],[14.546,35.863],[14.547,35.862],[14.547,35.861],[14.548,35.861],[14.548,35.86],[14.548,35.859],[14.549,35.859],[14.55,35.859],[14.551,35.858],[14.55,35.858],[14.55,35.856],[14.551,35.856],[14.55,35.855],[14.55,35.854],[14.549,35.853],[14.549,35.851],[14.55,35.851],[14.551,35.851],[14.552,35.849],[14.553,35.848],[14.554,35.848],[14.555,35.847],[14.557,35.847],[14.558,35.846],[14.559,35.846],[14.56,35.846],[14.561,35.846],[14.562,35.846],[14.563,35.845],[14.564,35.845],[14.565,35.844],[14.567,35.846]]]}},{"type":"Feature","properties":{"id":7510573,"maakond_id":503,"name":"Ħaż-Żabbar","bbox":[14.527,35.864,14.565,35.887]},"geometry":{"type":"Polygon","coordinates":[[[14.527,35.869],[14.528,35.869],[14.529,35.866],[14.53,35.866],[14.531,35.868],[14.531,35.867],[14.532,35.868],[14.536,35.866],[14.539,35.864],[14.54,35.864],[14.541,35.864],[14.542,35.865],[14.543,35.865],[14.545,35.864],[14.546,35.864],[14.546,35.865],[14.547,35.866],[14.548,35.866],[14.55,35.866],[14.552,35.867],[14.553,35.867],[14.553,35.868],[14.554,35.869],[14.555,35.869],[14.555,35.87],[14.556,35.871],[14.557,35.871],[14.558,35.872],[14.558,35.873],[14.559,35.874],[14.56,35.874],[14.561,35.875],[14.564,35.877],[14.565,35.878],[14.564,35.879],[14.562,35.88],[14.561,35.88],[14.561,35.881],[14.56,35.881],[14.559,35.881],[14.559,35.882],[14.558,35.881],[14.557,35.881],[14.557,35.882],[14.557,35.881],[14.555,35.88],[14.555,35.879],[14.554,35.879],[14.553,35.88],[14.552,35.88],[14.551,35.88],[14.549,35.881],[14.548,35.881],[14.547,35.881],[14.546,35.882],[14.545,35.882],[14.545,35.883],[14.544,35.884],[14.543,35.885],[14.541,35.886],[14.54,35.886],[14.538,35.887],[14.537,35.886],[14.536,35.886],[14.535,35.887],[14.534,35.887],[14.533,35.885],[14.532,35.886],[14.531,35.884],[14.531,35.883],[14.53,35.883],[14.53,35.882],[14.531,35.882],[14.531,35.881],[14.53,35.881],[14.529,35.88],[14.53,35.879],[14.528,35.879],[14.527,35.878],[14.527,35.877],[14.527,35.876],[14.527,35.874],[14.527,35.872],[14.527,35.87],[14.527,35.869]]]}},{"type":"Feature","properties":{"id":7510574,"maakond_id":503,"name":"Ix-Xgħajra","bbox":[14.541,35.879,14.557,35.891]},"geometry":{"type":"Polygon","coordinates":[[[14.557,35.882],[14.556,35.883],[14.556,35.884],[14.555,35.884],[14.554,35.885],[14.553,35.885],[14.552,35.887],[14.551,35.888],[14.548,35.889],[14.547,35.889],[14.546,35.89],[14.545,35.891],[14.545,35.89],[14.544,35.89],[14.543,35.889],[14.542,35.889],[14.542,35.888],[14.541,35.887],[14.541,35.886],[14.543,35.885],[14.544,35.884],[14.545,35.883],[14.545,35.882],[14.546,35.882],[14.547,35.881],[14.548,35.881],[14.549,35.881],[14.551,35.88],[14.552,35.88],[14.553,35.88],[14.554,35.879],[14.555,35.879],[14.555,35.88],[14.557,35.881],[14.557,35.882]]]}},{"type":"Feature","properties":{"id":7510575,"maakond_id":503,"name":"Il-Kalkara","bbox":[14.523,35.884,14.545,35.899]},"geometry":{"type":"Polygon","coordinates":[[[14.531,35.884],[14.532,35.886],[14.533,35.885],[14.534,35.887],[14.535,35.887],[14.536,35.886],[14.537,35.886],[14.538,35.887],[14.54,35.886],[14.541,35.886],[14.541,35.887],[14.542,35.888],[14.542,35.889],[14.543,35.889],[14.544,35.89],[14.545,35.89],[14.545,35.891],[14.544,35.891],[14.544,35.892],[14.543,35.892],[14.542,35.893],[14.54,35.894],[14.539,35.894],[14.539,35.895],[14.538,35.895],[14.537,35.894],[14.536,35.895],[14.536,35.894],[14.535,35.895],[14.534,35.896],[14.533,35.896],[14.532,35.896],[14.531,35.896],[14.531,35.897],[14.53,35.898],[14.529,35.898],[14.528,35.897],[14.527,35.898],[14.526,35.899],[14.525,35.899],[14.524,35.899],[14.523,35.899],[14.524,35.898],[14.525,35.897],[14.526,35.897],[14.526,35.896],[14.527,35.895],[14.528,35.894],[14.528,35.893],[14.527,35.893],[14.526,35.893],[14.525,35.894],[14.524,35.894],[14.524,35.893],[14.523,35.893],[14.523,35.892],[14.524,35.892],[14.524,35.891],[14.525,35.89],[14.526,35.889],[14.527,35.889],[14.526,35.888],[14.525,35.888],[14.525,35.887],[14.526,35.887],[14.526,35.886],[14.527,35.886],[14.529,35.887],[14.529,35.886],[14.53,35.884],[14.53,35.885],[14.531,35.884]]]}},{"type":"Feature","properties":{"id":7510576,"maakond_id":503,"name":"Bormla","bbox":[14.512,35.876,14.53,35.889]},"geometry":{"type":"Polygon","coordinates":[[[14.515,35.877],[14.517,35.878],[14.518,35.877],[14.519,35.878],[14.52,35.877],[14.519,35.877],[14.52,35.876],[14.521,35.876],[14.521,35.877],[14.523,35.877],[14.523,35.876],[14.524,35.876],[14.524,35.877],[14.526,35.877],[14.527,35.877],[14.527,35.878],[14.528,35.879],[14.53,35.879],[14.529,35.88],[14.529,35.881],[14.528,35.881],[14.525,35.882],[14.525,35.884],[14.524,35.884],[14.524,35.885],[14.522,35.885],[14.521,35.885],[14.52,35.883],[14.52,35.882],[14.52,35.881],[14.52,35.883],[14.52,35.884],[14.519,35.884],[14.518,35.885],[14.517,35.886],[14.516,35.887],[14.516,35.888],[14.515,35.888],[14.515,35.889],[14.514,35.889],[14.516,35.887],[14.516,35.886],[14.517,35.885],[14.518,35.885],[14.517,35.884],[14.518,35.883],[14.518,35.882],[14.517,35.881],[14.516,35.881],[14.516,35.882],[14.516,35.883],[14.513,35.886],[14.512,35.886],[14.515,35.883],[14.514,35.881],[14.514,35.879],[14.515,35.879],[14.516,35.879],[14.515,35.877]]]}},{"type":"Feature","properties":{"id":7510577,"maakond_id":503,"name":"Raħal Ġdid","bbox":[14.496,35.862,14.516,35.887]},"geometry":{"type":"Polygon","coordinates":[[[14.512,35.886],[14.512,35.887],[14.507,35.885],[14.507,35.886],[14.506,35.885],[14.506,35.884],[14.505,35.883],[14.504,35.883],[14.503,35.882],[14.504,35.879],[14.502,35.878],[14.502,35.877],[14.502,35.876],[14.501,35.875],[14.502,35.875],[14.499,35.874],[14.498,35.872],[14.498,35.871],[14.498,35.87],[14.498,35.869],[14.497,35.869],[14.496,35.869],[14.496,35.868],[14.496,35.867],[14.496,35.866],[14.496,35.864],[14.496,35.863],[14.497,35.862],[14.498,35.862],[14.499,35.863],[14.501,35.863],[14.506,35.865],[14.507,35.865],[14.506,35.866],[14.506,35.867],[14.507,35.867],[14.507,35.868],[14.508,35.868],[14.509,35.869],[14.509,35.871],[14.512,35.87],[14.513,35.871],[14.513,35.872],[14.513,35.875],[14.512,35.875],[14.512,35.876],[14.513,35.876],[14.514,35.877],[14.515,35.877],[14.516,35.879],[14.515,35.879],[14.514,35.879],[14.514,35.881],[14.515,35.883],[14.512,35.886]]]}},{"type":"Feature","properties":{"id":7510578,"maakond_id":503,"name":"L-Isla","bbox":[14.514,35.884,14.52,35.891]},"geometry":{"type":"Polygon","coordinates":[[[14.514,35.889],[14.515,35.889],[14.515,35.888],[14.516,35.888],[14.516,35.887],[14.517,35.886],[14.518,35.885],[14.519,35.884],[14.52,35.884],[14.52,35.885],[14.52,35.886],[14.519,35.886],[14.519,35.887],[14.518,35.888],[14.518,35.889],[14.517,35.89],[14.516,35.89],[14.515,35.89],[14.514,35.891],[14.514,35.89],[14.514,35.889]]]}},{"type":"Feature","properties":{"id":7510579,"maakond_id":504,"name":"Il-Marsa","bbox":[14.481,35.865,14.506,35.888]},"geometry":{"type":"Polygon","coordinates":[[[14.498,35.888],[14.496,35.886],[14.493,35.885],[14.49,35.885],[14.49,35.884],[14.489,35.885],[14.489,35.884],[14.488,35.884],[14.486,35.882],[14.485,35.882],[14.486,35.882],[14.485,35.881],[14.484,35.88],[14.485,35.879],[14.484,35.879],[14.484,35.878],[14.483,35.878],[14.481,35.876],[14.484,35.873],[14.486,35.873],[14.485,35.872],[14.483,35.871],[14.483,35.87],[14.484,35.87],[14.486,35.87],[14.486,35.868],[14.488,35.869],[14.489,35.869],[14.49,35.869],[14.49,35.867],[14.49,35.866],[14.492,35.866],[14.493,35.866],[14.494,35.865],[14.495,35.866],[14.496,35.866],[14.496,35.867],[14.496,35.868],[14.496,35.869],[14.497,35.869],[14.498,35.869],[14.498,35.87],[14.498,35.871],[14.498,35.872],[14.499,35.874],[14.502,35.875],[14.501,35.875],[14.502,35.876],[14.502,35.877],[14.502,35.878],[14.504,35.879],[14.501,35.879],[14.501,35.878],[14.5,35.878],[14.501,35.879],[14.498,35.88],[14.497,35.879],[14.496,35.88],[14.497,35.881],[14.498,35.881],[14.499,35.881],[14.5,35.881],[14.501,35.88],[14.501,35.881],[14.502,35.881],[14.5,35.882],[14.5,35.884],[14.499,35.884],[14.498,35.884],[14.498,35.885],[14.5,35.885],[14.501,35.885],[14.502,35.885],[14.506,35.888],[14.505,35.888],[14.504,35.888],[14.503,35.887],[14.501,35.886],[14.5,35.887],[14.499,35.887],[14.498,35.888]]]}},{"type":"Feature","properties":{"id":7510580,"maakond_id":503,"name":"Il-Belt Valletta","bbox":[14.506,35.893,14.521,35.904]},"geometry":{"type":"Polygon","coordinates":[[[14.512,35.894],[14.513,35.894],[14.514,35.895],[14.515,35.896],[14.516,35.897],[14.518,35.897],[14.518,35.898],[14.519,35.899],[14.519,35.9],[14.519,35.901],[14.521,35.903],[14.52,35.903],[14.519,35.904],[14.518,35.904],[14.518,35.903],[14.517,35.903],[14.517,35.902],[14.516,35.902],[14.515,35.902],[14.514,35.902],[14.514,35.903],[14.513,35.902],[14.512,35.902],[14.511,35.901],[14.51,35.901],[14.51,35.9],[14.509,35.901],[14.507,35.9],[14.506,35.899],[14.506,35.898],[14.506,35.896],[14.508,35.896],[14.508,35.895],[14.508,35.894],[14.509,35.894],[14.51,35.894],[14.511,35.894],[14.511,35.893],[14.512,35.894]]]}},{"type":"Feature","properties":{"id":7510581,"maakond_id":503,"name":"Il-Furjana","bbox":[14.497,35.886,14.512,35.899]},"geometry":{"type":"Polygon","coordinates":[[[14.506,35.888],[14.507,35.888],[14.507,35.889],[14.508,35.89],[14.509,35.89],[14.508,35.889],[14.51,35.891],[14.51,35.892],[14.512,35.893],[14.512,35.894],[14.511,35.893],[14.511,35.894],[14.51,35.894],[14.509,35.894],[14.508,35.894],[14.508,35.895],[14.508,35.896],[14.506,35.896],[14.506,35.898],[14.506,35.899],[14.505,35.899],[14.504,35.898],[14.505,35.898],[14.504,35.897],[14.503,35.897],[14.502,35.896],[14.501,35.896],[14.501,35.895],[14.5,35.895],[14.498,35.894],[14.497,35.892],[14.497,35.891],[14.499,35.89],[14.5,35.89],[14.5,35.889],[14.499,35.889],[14.498,35.888],[14.499,35.887],[14.5,35.887],[14.501,35.886],[14.503,35.887],[14.504,35.888],[14.505,35.888],[14.506,35.888]]]}},{"type":"Feature","properties":{"id":7510582,"maakond_id":501,"name":"Tal-Pietà","bbox":[14.49,35.889,14.498,35.897]},"geometry":{"type":"Polygon","coordinates":[[[14.498,35.894],[14.497,35.893],[14.498,35.896],[14.497,35.897],[14.496,35.897],[14.495,35.896],[14.494,35.896],[14.493,35.896],[14.491,35.895],[14.491,35.893],[14.49,35.891],[14.491,35.891],[14.49,35.889],[14.492,35.889],[14.493,35.889],[14.494,35.889],[14.497,35.891],[14.497,35.892],[14.498,35.894]]]}},{"type":"Feature","properties":{"id":7510583,"maakond_id":501,"name":"Ta' Xbiex","bbox":[14.491,35.897,14.501,35.902]},"geometry":{"type":"Polygon","coordinates":[[[14.493,35.897],[14.494,35.897],[14.495,35.898],[14.496,35.898],[14.499,35.898],[14.5,35.897],[14.5,35.898],[14.501,35.9],[14.5,35.9],[14.5,35.901],[14.498,35.901],[14.497,35.901],[14.496,35.901],[14.495,35.901],[14.495,35.902],[14.494,35.902],[14.492,35.901],[14.491,35.899],[14.493,35.899],[14.493,35.898],[14.494,35.898],[14.493,35.897]]]}},{"type":"Feature","properties":{"id":7510584,"maakond_id":501,"name":"L-Imsida","bbox":[14.474,35.891,14.494,35.904]},"geometry":{"type":"Polygon","coordinates":[[[14.492,35.901],[14.491,35.901],[14.49,35.901],[14.489,35.9],[14.488,35.901],[14.489,35.903],[14.488,35.904],[14.487,35.904],[14.482,35.904],[14.48,35.904],[14.477,35.904],[14.475,35.904],[14.474,35.903],[14.474,35.901],[14.476,35.9],[14.476,35.899],[14.478,35.898],[14.477,35.897],[14.475,35.896],[14.476,35.896],[14.477,35.895],[14.477,35.894],[14.479,35.894],[14.481,35.894],[14.482,35.894],[14.483,35.894],[14.483,35.892],[14.485,35.892],[14.486,35.892],[14.488,35.892],[14.49,35.891],[14.491,35.893],[14.491,35.895],[14.49,35.896],[14.491,35.896],[14.492,35.897],[14.493,35.897],[14.494,35.898],[14.493,35.898],[14.493,35.899],[14.491,35.899],[14.492,35.901]]]}},{"type":"Feature","properties":{"id":7510585,"maakond_id":501,"name":"Birkirkara","bbox":[14.452,35.887,14.478,35.905]},"geometry":{"type":"Polygon","coordinates":[[[14.471,35.887],[14.472,35.888],[14.47,35.888],[14.471,35.889],[14.472,35.889],[14.473,35.889],[14.473,35.891],[14.474,35.894],[14.473,35.894],[14.474,35.895],[14.475,35.895],[14.477,35.894],[14.477,35.895],[14.476,35.896],[14.475,35.896],[14.477,35.897],[14.478,35.898],[14.476,35.899],[14.476,35.9],[14.474,35.901],[14.474,35.903],[14.472,35.902],[14.471,35.902],[14.471,35.903],[14.471,35.904],[14.468,35.903],[14.467,35.904],[14.465,35.904],[14.464,35.905],[14.463,35.905],[14.461,35.904],[14.458,35.903],[14.456,35.903],[14.452,35.902],[14.454,35.901],[14.455,35.9],[14.456,35.9],[14.456,35.897],[14.457,35.897],[14.457,35.895],[14.457,35.893],[14.458,35.891],[14.459,35.89],[14.463,35.889],[14.471,35.887]]]}},{"type":"Feature","properties":{"id":7510586,"maakond_id":501,"name":"L-Iklin","bbox":[14.447,35.902,14.463,35.917]},"geometry":{"type":"Polygon","coordinates":[[[14.463,35.912],[14.462,35.913],[14.461,35.914],[14.461,35.915],[14.459,35.916],[14.457,35.917],[14.455,35.917],[14.452,35.916],[14.451,35.916],[14.45,35.916],[14.449,35.914],[14.449,35.913],[14.449,35.912],[14.449,35.911],[14.449,35.91],[14.45,35.909],[14.45,35.908],[14.449,35.908],[14.449,35.907],[14.448,35.907],[14.447,35.906],[14.448,35.906],[14.449,35.905],[14.45,35.904],[14.451,35.903],[14.452,35.903],[14.452,35.902],[14.456,35.903],[14.458,35.903],[14.461,35.904],[14.463,35.905],[14.463,35.906],[14.462,35.907],[14.462,35.908],[14.462,35.909],[14.463,35.91],[14.463,35.911],[14.463,35.912]]]}},{"type":"Feature","properties":{"id":7510587,"maakond_id":502,"name":"San Ġwann","bbox":[14.462,35.902,14.49,35.917]},"geometry":{"type":"Polygon","coordinates":[[[14.489,35.909],[14.488,35.91],[14.487,35.91],[14.487,35.911],[14.486,35.911],[14.485,35.911],[14.484,35.912],[14.483,35.912],[14.483,35.913],[14.483,35.914],[14.483,35.915],[14.484,35.916],[14.482,35.917],[14.48,35.916],[14.479,35.916],[14.478,35.916],[14.478,35.915],[14.477,35.914],[14.475,35.913],[14.473,35.913],[14.472,35.913],[14.471,35.914],[14.47,35.914],[14.469,35.915],[14.467,35.915],[14.466,35.915],[14.465,35.915],[14.464,35.915],[14.463,35.914],[14.463,35.913],[14.463,35.912],[14.463,35.911],[14.463,35.91],[14.462,35.909],[14.462,35.908],[14.462,35.907],[14.463,35.906],[14.463,35.905],[14.464,35.905],[14.465,35.904],[14.467,35.904],[14.468,35.903],[14.471,35.904],[14.471,35.903],[14.471,35.902],[14.472,35.902],[14.474,35.903],[14.475,35.904],[14.477,35.904],[14.48,35.904],[14.482,35.904],[14.487,35.904],[14.488,35.906],[14.489,35.906],[14.489,35.907],[14.49,35.908],[14.49,35.909],[14.489,35.909]]]}},{"type":"Feature","properties":{"id":7510588,"maakond_id":501,"name":"Il-Gżira","bbox":[14.487,35.9,14.508,35.91]},"geometry":{"type":"MultiPolygon","coordinates":[[[[14.487,35.904],[14.488,35.904],[14.489,35.903],[14.488,35.901],[14.489,35.9],[14.49,35.901],[14.491,35.901],[14.492,35.901],[14.494,35.902],[14.495,35.902],[14.495,35.901],[14.496,35.901],[14.497,35.901],[14.496,35.902],[14.496,35.903],[14.496,35.904],[14.497,35.905],[14.497,35.906],[14.498,35.907],[14.499,35.907],[14.499,35.908],[14.498,35.908],[14.497,35.909],[14.495,35.909],[14.494,35.909],[14.495,35.91],[14.493,35.91],[14.493,35.909],[14.492,35.909],[14.491,35.91],[14.49,35.909],[14.489,35.909],[14.49,35.909],[14.49,35.908],[14.489,35.907],[14.489,35.906],[14.488,35.906],[14.487,35.904]]],[[[14.496,35.904],[14.497,35.903],[14.498,35.903],[14.499,35.903],[14.501,35.903],[14.503,35.901],[14.505,35.901],[14.506,35.902],[14.506,35.903],[14.507,35.903],[14.508,35.904],[14.507,35.905],[14.506,35.905],[14.505,35.905],[14.502,35.905],[14.5,35.905],[14.499,35.905],[14.498,35.905],[14.497,35.904],[14.496,35.904]]]]}},{"type":"Feature","properties":{"id":7510589,"maakond_id":501,"name":"San Ġiljan","bbox":[14.483,35.909,14.497,35.931]},"geometry":{"type":"Polygon","coordinates":[[[14.496,35.915],[14.495,35.915],[14.494,35.914],[14.494,35.915],[14.494,35.916],[14.494,35.917],[14.492,35.918],[14.491,35.919],[14.49,35.919],[14.491,35.92],[14.493,35.919],[14.494,35.919],[14.495,35.919],[14.495,35.92],[14.495,35.921],[14.495,35.92],[14.494,35.921],[14.493,35.921],[14.493,35.922],[14.494,35.921],[14.495,35.922],[14.496,35.922],[14.495,35.923],[14.494,35.924],[14.493,35.924],[14.494,35.925],[14.495,35.925],[14.495,35.926],[14.496,35.926],[14.496,35.927],[14.495,35.927],[14.494,35.927],[14.494,35.926],[14.493,35.926],[14.492,35.927],[14.49,35.926],[14.489,35.926],[14.488,35.925],[14.488,35.926],[14.489,35.927],[14.49,35.927],[14.492,35.928],[14.493,35.929],[14.491,35.93],[14.491,35.931],[14.49,35.93],[14.489,35.929],[14.49,35.929],[14.49,35.928],[14.487,35.928],[14.486,35.927],[14.484,35.926],[14.483,35.924],[14.484,35.924],[14.485,35.925],[14.486,35.925],[14.486,35.924],[14.487,35.924],[14.487,35.923],[14.486,35.923],[14.487,35.922],[14.487,35.918],[14.486,35.917],[14.484,35.916],[14.483,35.915],[14.483,35.914],[14.483,35.913],[14.483,35.912],[14.484,35.912],[14.485,35.911],[14.486,35.911],[14.487,35.911],[14.487,35.91],[14.488,35.91],[14.489,35.909],[14.49,35.909],[14.491,35.91],[14.492,35.909],[14.493,35.909],[14.493,35.91],[14.495,35.91],[14.494,35.911],[14.493,35.911],[14.493,35.912],[14.496,35.913],[14.496,35.914],[14.497,35.915],[14.496,35.915]]]}},{"type":"Feature","properties":{"id":7510590,"maakond_id":501,"name":"Pembroke","bbox":[14.462,35.923,14.49,35.938]},"geometry":{"type":"Polygon","coordinates":[[[14.49,35.93],[14.489,35.93],[14.488,35.931],[14.488,35.932],[14.487,35.932],[14.487,35.931],[14.486,35.932],[14.484,35.933],[14.482,35.934],[14.481,35.934],[14.482,35.936],[14.479,35.937],[14.478,35.937],[14.477,35.937],[14.477,35.938],[14.475,35.938],[14.474,35.937],[14.473,35.937],[14.472,35.937],[14.471,35.936],[14.47,35.936],[14.47,35.937],[14.469,35.936],[14.468,35.937],[14.467,35.937],[14.466,35.937],[14.465,35.937],[14.464,35.937],[14.464,35.936],[14.464,35.935],[14.462,35.934],[14.463,35.934],[14.464,35.933],[14.466,35.932],[14.467,35.932],[14.468,35.931],[14.469,35.93],[14.47,35.929],[14.471,35.928],[14.472,35.927],[14.472,35.926],[14.473,35.925],[14.473,35.924],[14.473,35.923],[14.474,35.923],[14.476,35.923],[14.479,35.923],[14.48,35.923],[14.483,35.924],[14.484,35.926],[14.486,35.927],[14.487,35.928],[14.49,35.928],[14.49,35.929],[14.489,35.929],[14.49,35.93]]]}},{"type":"Feature","properties":{"id":7510591,"maakond_id":501,"name":"Is-Swieqi","bbox":[14.455,35.913,14.487,35.934]},"geometry":{"type":"Polygon","coordinates":[[[14.484,35.916],[14.486,35.917],[14.487,35.918],[14.487,35.922],[14.486,35.923],[14.487,35.923],[14.487,35.924],[14.486,35.924],[14.486,35.925],[14.485,35.925],[14.484,35.924],[14.483,35.924],[14.48,35.923],[14.479,35.923],[14.476,35.923],[14.474,35.923],[14.473,35.923],[14.473,35.924],[14.473,35.925],[14.472,35.926],[14.472,35.927],[14.471,35.928],[14.47,35.929],[14.469,35.93],[14.468,35.931],[14.467,35.932],[14.466,35.932],[14.464,35.933],[14.463,35.934],[14.461,35.933],[14.46,35.933],[14.46,35.932],[14.459,35.932],[14.458,35.932],[14.455,35.933],[14.455,35.931],[14.456,35.931],[14.457,35.93],[14.459,35.93],[14.46,35.929],[14.461,35.927],[14.461,35.925],[14.46,35.924],[14.461,35.923],[14.461,35.922],[14.462,35.921],[14.463,35.921],[14.463,35.92],[14.465,35.92],[14.466,35.919],[14.465,35.918],[14.466,35.918],[14.465,35.917],[14.464,35.916],[14.464,35.915],[14.465,35.915],[14.466,35.915],[14.467,35.915],[14.469,35.915],[14.47,35.914],[14.471,35.914],[14.472,35.913],[14.473,35.913],[14.475,35.913],[14.477,35.914],[14.478,35.915],[14.478,35.916],[14.479,35.916],[14.48,35.916],[14.482,35.917],[14.484,35.916]]]}},{"type":"Feature","properties":{"id":7510592,"maakond_id":501,"name":"Ħal Għargħur","bbox":[14.447,35.912,14.466,35.933]},"geometry":{"type":"Polygon","coordinates":[[[14.452,35.916],[14.455,35.917],[14.457,35.917],[14.459,35.916],[14.461,35.915],[14.461,35.914],[14.462,35.913],[14.463,35.912],[14.463,35.913],[14.463,35.914],[14.464,35.915],[14.464,35.916],[14.465,35.917],[14.466,35.918],[14.465,35.918],[14.466,35.919],[14.465,35.92],[14.463,35.92],[14.463,35.921],[14.462,35.921],[14.461,35.922],[14.461,35.923],[14.46,35.924],[14.461,35.925],[14.461,35.927],[14.46,35.929],[14.459,35.93],[14.457,35.93],[14.456,35.931],[14.455,35.931],[14.455,35.933],[14.454,35.932],[14.452,35.932],[14.451,35.932],[14.45,35.931],[14.449,35.93],[14.448,35.929],[14.447,35.929],[14.448,35.928],[14.449,35.928],[14.449,35.927],[14.449,35.924],[14.449,35.923],[14.448,35.922],[14.448,35.921],[14.448,35.92],[14.449,35.92],[14.449,35.919],[14.45,35.918],[14.451,35.917],[14.452,35.916]]]}},{"type":"Feature","properties":{"id":7510593,"maakond_id":501,"name":"Ħal Lija","bbox":[14.434,35.897,14.452,35.905]},"geometry":{"type":"Polygon","coordinates":[[[14.438,35.905],[14.437,35.905],[14.436,35.904],[14.436,35.903],[14.435,35.902],[14.434,35.899],[14.434,35.898],[14.436,35.897],[14.437,35.897],[14.438,35.897],[14.439,35.897],[14.44,35.898],[14.441,35.898],[14.442,35.898],[14.444,35.898],[14.445,35.898],[14.445,35.897],[14.446,35.897],[14.446,35.898],[14.447,35.898],[14.449,35.898],[14.448,35.899],[14.448,35.9],[14.449,35.9],[14.45,35.9],[14.451,35.901],[14.451,35.902],[14.452,35.902],[14.452,35.903],[14.451,35.903],[14.45,35.904],[14.449,35.905],[14.448,35.905],[14.447,35.905],[14.446,35.905],[14.442,35.905],[14.44,35.905],[14.439,35.905],[14.438,35.905]]]}},{"type":"Feature","properties":{"id":7510594,"maakond_id":502,"name":"Il-Mosta","bbox":[14.393,35.897,14.439,35.929]},"geometry":{"type":"Polygon","coordinates":[[[14.434,35.898],[14.434,35.899],[14.435,35.902],[14.436,35.903],[14.436,35.904],[14.437,35.905],[14.438,35.905],[14.438,35.906],[14.437,35.907],[14.437,35.908],[14.438,35.908],[14.439,35.908],[14.439,35.909],[14.437,35.91],[14.436,35.91],[14.435,35.91],[14.435,35.911],[14.435,35.912],[14.433,35.913],[14.434,35.914],[14.434,35.915],[14.434,35.916],[14.433,35.917],[14.433,35.918],[14.433,35.919],[14.432,35.92],[14.43,35.922],[14.429,35.922],[14.428,35.922],[14.428,35.923],[14.427,35.924],[14.425,35.924],[14.425,35.923],[14.424,35.923],[14.425,35.922],[14.419,35.919],[14.418,35.921],[14.416,35.924],[14.416,35.925],[14.414,35.925],[14.41,35.927],[14.409,35.928],[14.408,35.928],[14.408,35.929],[14.407,35.929],[14.406,35.929],[14.405,35.929],[14.403,35.929],[14.401,35.929],[14.397,35.928],[14.396,35.928],[14.395,35.929],[14.395,35.928],[14.394,35.928],[14.395,35.927],[14.394,35.927],[14.393,35.926],[14.395,35.926],[14.396,35.926],[14.398,35.926],[14.399,35.926],[14.4,35.926],[14.401,35.925],[14.401,35.924],[14.403,35.924],[14.404,35.923],[14.405,35.921],[14.406,35.921],[14.407,35.92],[14.408,35.919],[14.41,35.918],[14.411,35.918],[14.412,35.917],[14.414,35.917],[14.413,35.917],[14.412,35.917],[14.409,35.916],[14.408,35.915],[14.405,35.914],[14.404,35.913],[14.402,35.91],[14.404,35.908],[14.405,35.908],[14.405,35.907],[14.407,35.905],[14.409,35.905],[14.409,35.904],[14.41,35.904],[14.41,35.903],[14.412,35.902],[14.412,35.901],[14.413,35.901],[14.413,35.9],[14.413,35.901],[14.414,35.901],[14.415,35.901],[14.415,35.902],[14.416,35.902],[14.418,35.902],[14.421,35.902],[14.423,35.902],[14.424,35.902],[14.425,35.902],[14.427,35.902],[14.428,35.901],[14.43,35.899],[14.432,35.898],[14.434,35.897],[14.434,35.898]]]}},{"type":"Feature","properties":{"id":7510595,"maakond_id":502,"name":"In-Naxxar","bbox":[14.419,35.905,14.464,35.955]},"geometry":{"type":"MultiPolygon","coordinates":[[[[14.464,35.937],[14.463,35.937],[14.461,35.938],[14.46,35.938],[14.459,35.938],[14.459,35.939],[14.459,35.94],[14.458,35.941],[14.458,35.942],[14.457,35.941],[14.456,35.94],[14.455,35.94],[14.455,35.942],[14.455,35.944],[14.456,35.944],[14.455,35.945],[14.455,35.947],[14.453,35.948],[14.453,35.947],[14.452,35.947],[14.452,35.946],[14.452,35.945],[14.452,35.944],[14.451,35.943],[14.45,35.943],[14.45,35.944],[14.449,35.945],[14.449,35.946],[14.448,35.947],[14.447,35.947],[14.446,35.948],[14.446,35.949],[14.447,35.949],[14.447,35.95],[14.445,35.95],[14.444,35.952],[14.442,35.952],[14.441,35.952],[14.44,35.952],[14.439,35.953],[14.438,35.954],[14.437,35.954],[14.436,35.954],[14.435,35.954],[14.433,35.955],[14.432,35.954],[14.432,35.953],[14.432,35.952],[14.431,35.951],[14.43,35.95],[14.429,35.95],[14.428,35.949],[14.426,35.949],[14.426,35.948],[14.424,35.949],[14.423,35.948],[14.422,35.946],[14.421,35.945],[14.421,35.943],[14.42,35.943],[14.42,35.942],[14.42,35.941],[14.419,35.94],[14.419,35.939],[14.42,35.936],[14.421,35.935],[14.422,35.934],[14.423,35.933],[14.423,35.932],[14.424,35.932],[14.423,35.931],[14.422,35.931],[14.421,35.93],[14.42,35.929],[14.421,35.929],[14.42,35.929],[14.422,35.928],[14.423,35.927],[14.424,35.926],[14.425,35.924],[14.427,35.924],[14.428,35.923],[14.428,35.922],[14.429,35.922],[14.43,35.922],[14.432,35.92],[14.433,35.919],[14.433,35.918],[14.433,35.917],[14.434,35.916],[14.434,35.915],[14.434,35.914],[14.433,35.913],[14.435,35.912],[14.435,35.911],[14.435,35.91],[14.436,35.91],[14.437,35.91],[14.439,35.909],[14.439,35.908],[14.438,35.908],[14.437,35.908],[14.437,35.907],[14.438,35.906],[14.438,35.905],[14.439,35.905],[14.44,35.905],[14.442,35.905],[14.446,35.905],[14.447,35.905],[14.448,35.905],[14.449,35.905],[14.448,35.906],[14.447,35.906],[14.448,35.907],[14.449,35.907],[14.449,35.908],[14.45,35.908],[14.45,35.909],[14.449,35.91],[14.449,35.911],[14.449,35.912],[14.449,35.913],[14.449,35.914],[14.45,35.916],[14.451,35.916],[14.452,35.916],[14.451,35.917],[14.45,35.918],[14.449,35.919],[14.449,35.92],[14.448,35.92],[14.448,35.921],[14.448,35.922],[14.449,35.923],[14.449,35.924],[14.449,35.927],[14.449,35.928],[14.448,35.928],[14.447,35.929],[14.448,35.929],[14.449,35.93],[14.45,35.931],[14.451,35.932],[14.452,35.932],[14.454,35.932],[14.455,35.933],[14.458,35.932],[14.459,35.932],[14.46,35.932],[14.46,35.933],[14.461,35.933],[14.463,35.934],[14.462,35.934],[14.464,35.935],[14.464,35.936],[14.464,35.937]]],[[[14.447,35.953],[14.446,35.954],[14.446,35.953],[14.447,35.953]]]]}},{"type":"Feature","properties":{"id":7510596,"maakond_id":502,"name":"San Pawl il-Baħar","bbox":[14.368,35.91,14.43,35.961]},"geometry":{"type":"Polygon","coordinates":[[[14.421,35.945],[14.422,35.945],[14.422,35.947],[14.422,35.948],[14.423,35.949],[14.424,35.949],[14.424,35.95],[14.425,35.951],[14.425,35.952],[14.424,35.953],[14.424,35.954],[14.425,35.956],[14.426,35.957],[14.426,35.958],[14.426,35.959],[14.427,35.96],[14.428,35.96],[14.429,35.959],[14.43,35.96],[14.428,35.961],[14.428,35.96],[14.427,35.96],[14.426,35.96],[14.425,35.96],[14.424,35.96],[14.423,35.959],[14.421,35.958],[14.42,35.958],[14.418,35.957],[14.417,35.957],[14.418,35.956],[14.417,35.955],[14.417,35.954],[14.416,35.954],[14.415,35.954],[14.414,35.953],[14.414,35.952],[14.413,35.952],[14.412,35.953],[14.411,35.953],[14.409,35.953],[14.409,35.952],[14.409,35.95],[14.408,35.95],[14.407,35.95],[14.406,35.95],[14.406,35.949],[14.405,35.949],[14.404,35.95],[14.402,35.949],[14.401,35.949],[14.4,35.95],[14.4,35.949],[14.399,35.95],[14.4,35.95],[14.4,35.951],[14.398,35.95],[14.398,35.949],[14.397,35.949],[14.396,35.949],[14.395,35.948],[14.394,35.948],[14.393,35.948],[14.392,35.948],[14.392,35.947],[14.391,35.947],[14.39,35.946],[14.389,35.946],[14.388,35.946],[14.387,35.946],[14.386,35.945],[14.385,35.945],[14.383,35.946],[14.383,35.947],[14.384,35.948],[14.386,35.95],[14.387,35.95],[14.388,35.951],[14.389,35.951],[14.389,35.952],[14.39,35.952],[14.388,35.952],[14.389,35.953],[14.391,35.954],[14.391,35.955],[14.391,35.956],[14.392,35.957],[14.391,35.957],[14.39,35.957],[14.39,35.958],[14.388,35.958],[14.388,35.957],[14.387,35.955],[14.386,35.955],[14.385,35.954],[14.383,35.954],[14.381,35.953],[14.38,35.953],[14.378,35.952],[14.377,35.951],[14.375,35.95],[14.372,35.95],[14.371,35.95],[14.37,35.949],[14.369,35.948],[14.368,35.948],[14.369,35.947],[14.37,35.947],[14.37,35.946],[14.37,35.945],[14.37,35.944],[14.369,35.944],[14.37,35.943],[14.37,35.942],[14.371,35.942],[14.371,35.941],[14.372,35.941],[14.373,35.939],[14.374,35.94],[14.375,35.941],[14.376,35.941],[14.376,35.94],[14.375,35.94],[14.375,35.939],[14.376,35.939],[14.377,35.939],[14.378,35.939],[14.379,35.938],[14.38,35.938],[14.38,35.937],[14.38,35.936],[14.379,35.935],[14.378,35.934],[14.377,35.933],[14.376,35.932],[14.376,35.93],[14.376,35.928],[14.377,35.928],[14.378,35.927],[14.38,35.928],[14.381,35.928],[14.382,35.929],[14.383,35.927],[14.386,35.927],[14.387,35.926],[14.388,35.926],[14.388,35.925],[14.389,35.924],[14.389,35.923],[14.39,35.922],[14.391,35.921],[14.391,35.92],[14.391,35.919],[14.392,35.918],[14.393,35.918],[14.392,35.917],[14.391,35.917],[14.392,35.915],[14.394,35.914],[14.395,35.913],[14.396,35.912],[14.397,35.912],[14.4,35.911],[14.402,35.91],[14.404,35.913],[14.405,35.914],[14.408,35.915],[14.409,35.916],[14.412,35.917],[14.413,35.917],[14.414,35.917],[14.412,35.917],[14.411,35.918],[14.41,35.918],[14.408,35.919],[14.407,35.92],[14.406,35.921],[14.405,35.921],[14.404,35.923],[14.403,35.924],[14.401,35.924],[14.401,35.925],[14.4,35.926],[14.399,35.926],[14.398,35.926],[14.396,35.926],[14.395,35.926],[14.393,35.926],[14.394,35.927],[14.395,35.927],[14.394,35.928],[14.395,35.928],[14.395,35.929],[14.396,35.928],[14.397,35.928],[14.401,35.929],[14.403,35.929],[14.405,35.929],[14.406,35.929],[14.407,35.929],[14.408,35.929],[14.408,35.928],[14.409,35.928],[14.41,35.927],[14.414,35.925],[14.416,35.925],[14.416,35.924],[14.418,35.921],[14.419,35.919],[14.425,35.922],[14.424,35.923],[14.425,35.923],[14.425,35.924],[14.424,35.926],[14.423,35.927],[14.422,35.928],[14.42,35.929],[14.421,35.929],[14.42,35.929],[14.421,35.93],[14.422,35.931],[14.423,35.931],[14.424,35.932],[14.423,35.932],[14.423,35.933],[14.422,35.934],[14.421,35.935],[14.42,35.936],[14.419,35.939],[14.419,35.94],[14.42,35.941],[14.42,35.942],[14.42,35.943],[14.421,35.943],[14.421,35.945]]]}}]}