{"type":"FeatureCollection","features":[{"type":"Feature","properties":{"id":966362,"maakond_id":209,"name":"Visagino savivaldybė","bbox":[26.39,55.551,26.627,55.62]},"geometry":{"type":"Polygon","coordinates":[[[26.408,55.602],[26.394,55.591],[26.392,55.588],[26.39,55.574],[26.404,55.573],[26.406,55.568],[26.412,55.569],[26.411,55.563],[26.405,55.562],[26.405,55.559],[26.411,55.559],[26.411,55.555],[26.415,55.551],[26.423,55.553],[26.448,55.561],[26.467,55.563],[26.478,55.562],[26.492,55.561],[26.501,55.562],[26.526,55.562],[26.532,55.563],[26.542,55.569],[26.554,55.577],[26.578,55.587],[26.583,55.585],[26.59,55.591],[26.593,55.591],[26.6,55.597],[26.6,55.599],[26.61,55.6],[26.607,55.595],[26.616,55.593],[26.62,55.589],[26.623,55.59],[26.627,55.595],[26.62,55.597],[26.616,55.601],[26.616,55.603],[26.611,55.606],[26.598,55.608],[26.591,55.605],[26.582,55.608],[26.581,55.612],[26.589,55.612],[26.59,55.615],[26.583,55.62],[26.579,55.619],[26.578,55.616],[26.571,55.611],[26.56,55.609],[26.549,55.61],[26.538,55.608],[26.531,55.604],[26.518,55.606],[26.509,55.604],[26.501,55.608],[26.494,55.609],[26.478,55.603],[26.469,55.597],[26.463,55.597],[26.428,55.613],[26.426,55.616],[26.42,55.618],[26.408,55.602]]]}},{"type":"Feature","properties":{"id":966363,"maakond_id":209,"name":"Ignalinos rajono savivaldybė","bbox":[25.86,55.21,26.835,55.612]},"geometry":{"type":"Polygon","coordinates":[[[26.745,55.254],[26.749,55.253],[26.76,55.256],[26.761,55.258],[26.769,55.259],[26.78,55.26],[26.785,55.263],[26.786,55.267],[26.792,55.268],[26.798,55.267],[26.798,55.274],[26.826,55.277],[26.829,55.276],[26.835,55.286],[26.834,55.298],[26.83,55.303],[26.832,55.307],[26.826,55.308],[26.818,55.308],[26.814,55.309],[26.814,55.315],[26.802,55.318],[26.794,55.318],[26.792,55.321],[26.777,55.319],[26.765,55.323],[26.74,55.324],[26.728,55.321],[26.72,55.322],[26.708,55.329],[26.701,55.329],[26.687,55.332],[26.684,55.331],[26.669,55.338],[26.664,55.339],[26.661,55.335],[26.645,55.335],[26.642,55.332],[26.637,55.325],[26.632,55.322],[26.625,55.326],[26.625,55.329],[26.631,55.334],[26.627,55.335],[26.623,55.332],[26.616,55.331],[26.612,55.324],[26.602,55.321],[26.596,55.322],[26.589,55.319],[26.586,55.32],[26.583,55.326],[26.566,55.321],[26.555,55.322],[26.554,55.324],[26.548,55.326],[26.548,55.329],[26.539,55.329],[26.535,55.33],[26.524,55.332],[26.516,55.33],[26.512,55.332],[26.498,55.335],[26.495,55.334],[26.488,55.338],[26.477,55.341],[26.472,55.341],[26.464,55.34],[26.461,55.341],[26.453,55.34],[26.447,55.342],[26.441,55.348],[26.45,55.351],[26.455,55.351],[26.463,55.354],[26.472,55.357],[26.475,55.37],[26.481,55.369],[26.488,55.373],[26.495,55.369],[26.503,55.37],[26.511,55.379],[26.531,55.385],[26.544,55.387],[26.554,55.389],[26.55,55.396],[26.548,55.408],[26.559,55.411],[26.546,55.429],[26.54,55.441],[26.548,55.442],[26.56,55.438],[26.548,55.447],[26.542,55.451],[26.549,55.46],[26.557,55.463],[26.55,55.477],[26.539,55.484],[26.54,55.494],[26.532,55.501],[26.524,55.51],[26.534,55.525],[26.545,55.527],[26.558,55.527],[26.565,55.534],[26.579,55.535],[26.587,55.539],[26.587,55.546],[26.591,55.548],[26.599,55.552],[26.599,55.555],[26.605,55.557],[26.608,55.562],[26.615,55.566],[26.62,55.563],[26.624,55.566],[26.622,55.57],[26.628,55.572],[26.636,55.597],[26.632,55.608],[26.616,55.601],[26.62,55.597],[26.627,55.595],[26.623,55.59],[26.62,55.589],[26.616,55.593],[26.607,55.595],[26.61,55.6],[26.6,55.599],[26.6,55.597],[26.593,55.591],[26.59,55.591],[26.583,55.585],[26.578,55.587],[26.554,55.577],[26.542,55.569],[26.532,55.563],[26.526,55.562],[26.501,55.562],[26.492,55.561],[26.478,55.562],[26.467,55.563],[26.448,55.561],[26.423,55.553],[26.415,55.551],[26.411,55.555],[26.411,55.559],[26.405,55.559],[26.405,55.562],[26.411,55.563],[26.412,55.569],[26.406,55.568],[26.404,55.573],[26.39,55.574],[26.392,55.588],[26.394,55.591],[26.408,55.602],[26.332,55.602],[26.318,55.603],[26.303,55.605],[26.3,55.606],[26.292,55.606],[26.282,55.609],[26.279,55.612],[26.273,55.611],[26.269,55.604],[26.262,55.6],[26.249,55.599],[26.246,55.591],[26.248,55.586],[26.24,55.582],[26.25,55.577],[26.244,55.575],[26.222,55.572],[26.222,55.565],[26.228,55.561],[26.246,55.556],[26.243,55.554],[26.236,55.557],[26.224,55.56],[26.228,55.54],[26.184,55.531],[26.174,55.532],[26.15,55.536],[26.126,55.536],[26.118,55.534],[26.108,55.534],[26.11,55.524],[26.11,55.521],[26.077,55.522],[26.057,55.519],[26.013,55.516],[26.016,55.525],[26.002,55.527],[25.983,55.526],[25.983,55.519],[25.965,55.518],[25.965,55.508],[25.981,55.508],[25.981,55.489],[25.995,55.489],[25.995,55.471],[26.044,55.47],[26.045,55.468],[26.041,55.463],[26.025,55.463],[26.025,55.449],[26.023,55.448],[26.021,55.444],[26.027,55.439],[26.028,55.437],[26.043,55.437],[26.045,55.409],[26.063,55.41],[26.064,55.394],[26.06,55.397],[26.052,55.4],[26.039,55.398],[26.037,55.402],[26.03,55.406],[26.027,55.411],[26.024,55.414],[26.017,55.415],[26.005,55.42],[25.996,55.415],[25.981,55.41],[25.961,55.41],[25.959,55.413],[25.949,55.418],[25.934,55.422],[25.913,55.411],[25.916,55.411],[25.922,55.407],[25.928,55.406],[25.93,55.402],[25.937,55.401],[25.944,55.403],[25.946,55.401],[25.938,55.398],[25.938,55.395],[25.945,55.387],[25.943,55.381],[25.952,55.38],[25.95,55.377],[25.952,55.374],[25.963,55.371],[25.974,55.368],[25.971,55.361],[25.972,55.357],[25.946,55.345],[25.927,55.347],[25.918,55.351],[25.905,55.358],[25.889,55.362],[25.884,55.36],[25.883,55.354],[25.879,55.347],[25.879,55.344],[25.874,55.337],[25.865,55.336],[25.86,55.333],[25.865,55.33],[25.872,55.319],[25.869,55.316],[25.862,55.313],[25.861,55.306],[25.865,55.303],[25.869,55.302],[25.875,55.298],[25.895,55.289],[25.895,55.284],[25.897,55.281],[25.892,55.28],[25.899,55.277],[25.907,55.274],[25.913,55.276],[25.915,55.282],[25.92,55.281],[25.93,55.276],[25.931,55.278],[25.93,55.287],[25.94,55.287],[25.94,55.28],[25.947,55.279],[25.953,55.282],[25.961,55.283],[25.967,55.28],[25.976,55.279],[25.985,55.275],[25.986,55.272],[25.994,55.274],[25.998,55.278],[26.023,55.279],[26.029,55.276],[26.043,55.288],[26.037,55.29],[26.025,55.287],[26.024,55.29],[26.036,55.294],[26.042,55.294],[26.049,55.296],[26.052,55.294],[26.057,55.293],[26.056,55.301],[26.059,55.307],[26.062,55.306],[26.06,55.303],[26.06,55.297],[26.07,55.296],[26.081,55.292],[26.091,55.293],[26.095,55.289],[26.102,55.288],[26.115,55.293],[26.122,55.294],[26.127,55.289],[26.134,55.287],[26.143,55.288],[26.147,55.285],[26.143,55.283],[26.142,55.279],[26.149,55.276],[26.148,55.274],[26.149,55.265],[26.151,55.261],[26.164,55.258],[26.172,55.255],[26.181,55.252],[26.17,55.247],[26.16,55.238],[26.158,55.235],[26.153,55.23],[26.154,55.226],[26.176,55.224],[26.184,55.222],[26.186,55.223],[26.19,55.233],[26.195,55.236],[26.199,55.236],[26.203,55.238],[26.213,55.236],[26.222,55.238],[26.22,55.24],[26.23,55.246],[26.241,55.237],[26.246,55.233],[26.255,55.227],[26.259,55.226],[26.271,55.225],[26.282,55.229],[26.289,55.229],[26.295,55.225],[26.308,55.225],[26.326,55.22],[26.331,55.22],[26.337,55.225],[26.342,55.219],[26.356,55.22],[26.362,55.219],[26.37,55.224],[26.374,55.223],[26.379,55.224],[26.389,55.222],[26.391,55.22],[26.4,55.216],[26.407,55.216],[26.407,55.219],[26.421,55.218],[26.43,55.212],[26.439,55.213],[26.44,55.21],[26.447,55.21],[26.458,55.219],[26.485,55.213],[26.494,55.217],[26.518,55.215],[26.521,55.223],[26.524,55.225],[26.54,55.226],[26.543,55.224],[26.554,55.219],[26.556,55.223],[26.568,55.225],[26.568,55.229],[26.597,55.229],[26.598,55.231],[26.607,55.234],[26.617,55.241],[26.614,55.242],[26.612,55.247],[26.627,55.246],[26.628,55.25],[26.62,55.25],[26.615,55.251],[26.612,55.254],[26.623,55.258],[26.625,55.262],[26.633,55.261],[26.641,55.264],[26.649,55.262],[26.653,55.259],[26.658,55.258],[26.664,55.261],[26.68,55.262],[26.687,55.262],[26.755,55.266],[26.759,55.263],[26.752,55.26],[26.745,55.26],[26.74,55.257],[26.745,55.254]]]}},{"type":"Feature","properties":{"id":966544,"maakond_id":209,"name":"Zarasų rajono savivaldybė","bbox":[25.682,55.516,26.638,55.945]},"geometry":{"type":"Polygon","coordinates":[[[26.632,55.608],[26.638,55.654],[26.631,55.659],[26.632,55.673],[26.63,55.681],[26.619,55.681],[26.597,55.675],[26.594,55.676],[26.583,55.675],[26.576,55.676],[26.572,55.68],[26.545,55.678],[26.541,55.677],[26.531,55.677],[26.528,55.678],[26.519,55.679],[26.514,55.683],[26.512,55.687],[26.503,55.686],[26.493,55.688],[26.49,55.694],[26.47,55.703],[26.46,55.703],[26.457,55.706],[26.446,55.707],[26.438,55.71],[26.425,55.71],[26.42,55.709],[26.403,55.711],[26.392,55.709],[26.386,55.705],[26.376,55.709],[26.371,55.722],[26.366,55.732],[26.35,55.742],[26.334,55.744],[26.331,55.742],[26.319,55.742],[26.308,55.745],[26.299,55.752],[26.287,55.759],[26.269,55.768],[26.258,55.783],[26.248,55.794],[26.231,55.812],[26.231,55.814],[26.236,55.82],[26.229,55.838],[26.204,55.859],[26.184,55.869],[26.173,55.865],[26.151,55.877],[26.12,55.879],[26.11,55.889],[26.103,55.892],[26.09,55.901],[26.084,55.91],[26.064,55.93],[26.055,55.935],[26.046,55.945],[26.034,55.944],[26.016,55.942],[26.006,55.943],[26,55.935],[25.978,55.924],[25.97,55.922],[25.966,55.91],[25.97,55.906],[25.981,55.897],[25.988,55.89],[25.985,55.886],[25.978,55.886],[25.971,55.882],[25.973,55.879],[25.966,55.877],[25.963,55.873],[25.966,55.871],[25.974,55.87],[25.964,55.867],[25.916,55.863],[25.903,55.862],[25.905,55.851],[25.902,55.848],[25.905,55.845],[25.903,55.842],[25.896,55.841],[25.894,55.839],[25.898,55.835],[25.906,55.837],[25.905,55.832],[25.906,55.829],[25.914,55.827],[25.907,55.824],[25.891,55.819],[25.882,55.822],[25.872,55.821],[25.866,55.823],[25.871,55.826],[25.867,55.829],[25.862,55.828],[25.857,55.832],[25.849,55.834],[25.842,55.832],[25.841,55.826],[25.843,55.822],[25.841,55.816],[25.841,55.812],[25.836,55.811],[25.829,55.816],[25.825,55.814],[25.831,55.811],[25.835,55.806],[25.833,55.803],[25.837,55.802],[25.838,55.796],[25.834,55.792],[25.832,55.789],[25.829,55.789],[25.828,55.781],[25.824,55.778],[25.823,55.773],[25.817,55.771],[25.81,55.772],[25.802,55.771],[25.79,55.774],[25.784,55.778],[25.781,55.777],[25.773,55.779],[25.77,55.781],[25.758,55.783],[25.753,55.786],[25.746,55.784],[25.745,55.779],[25.732,55.779],[25.726,55.764],[25.727,55.76],[25.722,55.759],[25.722,55.756],[25.728,55.757],[25.73,55.752],[25.729,55.745],[25.725,55.74],[25.719,55.741],[25.713,55.731],[25.704,55.726],[25.701,55.723],[25.686,55.715],[25.694,55.712],[25.702,55.71],[25.702,55.706],[25.694,55.709],[25.682,55.706],[25.683,55.702],[25.69,55.701],[25.699,55.698],[25.715,55.699],[25.716,55.696],[25.727,55.69],[25.729,55.687],[25.742,55.687],[25.758,55.687],[25.76,55.681],[25.759,55.674],[25.763,55.667],[25.767,55.666],[25.767,55.65],[25.77,55.646],[25.77,55.637],[25.773,55.637],[25.776,55.622],[25.782,55.622],[25.782,55.619],[25.791,55.614],[25.797,55.617],[25.803,55.625],[25.802,55.63],[25.826,55.628],[25.832,55.625],[25.837,55.625],[25.852,55.615],[25.857,55.615],[25.859,55.612],[25.865,55.609],[25.866,55.606],[25.872,55.604],[25.882,55.598],[25.896,55.598],[25.91,55.604],[25.914,55.607],[25.919,55.604],[25.926,55.597],[25.949,55.588],[25.922,55.579],[25.943,55.564],[25.948,55.558],[25.957,55.558],[25.976,55.547],[25.978,55.535],[25.984,55.535],[25.983,55.526],[26.002,55.527],[26.016,55.525],[26.013,55.516],[26.057,55.519],[26.077,55.522],[26.11,55.521],[26.11,55.524],[26.108,55.534],[26.118,55.534],[26.126,55.536],[26.15,55.536],[26.174,55.532],[26.184,55.531],[26.228,55.54],[26.224,55.56],[26.236,55.557],[26.243,55.554],[26.246,55.556],[26.228,55.561],[26.222,55.565],[26.222,55.572],[26.244,55.575],[26.25,55.577],[26.24,55.582],[26.248,55.586],[26.246,55.591],[26.249,55.599],[26.262,55.6],[26.269,55.604],[26.273,55.611],[26.279,55.612],[26.282,55.609],[26.292,55.606],[26.3,55.606],[26.303,55.605],[26.318,55.603],[26.332,55.602],[26.408,55.602],[26.42,55.618],[26.426,55.616],[26.428,55.613],[26.463,55.597],[26.469,55.597],[26.478,55.603],[26.494,55.609],[26.501,55.608],[26.509,55.604],[26.518,55.606],[26.531,55.604],[26.538,55.608],[26.549,55.61],[26.56,55.609],[26.571,55.611],[26.578,55.616],[26.579,55.619],[26.583,55.62],[26.59,55.615],[26.589,55.612],[26.581,55.612],[26.582,55.608],[26.591,55.605],[26.598,55.608],[26.611,55.606],[26.616,55.603],[26.616,55.601],[26.632,55.608]]]}},{"type":"Feature","properties":{"id":966580,"maakond_id":204,"name":"Vilkaviškio rajono savivaldybė","bbox":[22.681,54.363,23.345,54.791]},"geometry":{"type":"Polygon","coordinates":[[[22.85,54.772],[22.843,54.767],[22.84,54.769],[22.83,54.769],[22.828,54.765],[22.822,54.766],[22.814,54.767],[22.813,54.763],[22.807,54.759],[22.816,54.755],[22.812,54.752],[22.806,54.753],[22.807,54.748],[22.801,54.747],[22.793,54.754],[22.786,54.752],[22.785,54.75],[22.774,54.751],[22.774,54.746],[22.768,54.74],[22.763,54.738],[22.761,54.735],[22.749,54.732],[22.742,54.728],[22.746,54.726],[22.74,54.719],[22.739,54.716],[22.747,54.71],[22.746,54.706],[22.742,54.703],[22.738,54.703],[22.73,54.698],[22.726,54.69],[22.727,54.682],[22.73,54.679],[22.738,54.68],[22.74,54.675],[22.739,54.671],[22.73,54.67],[22.731,54.666],[22.738,54.664],[22.738,54.661],[22.742,54.658],[22.756,54.654],[22.757,54.652],[22.754,54.647],[22.746,54.647],[22.742,54.643],[22.75,54.639],[22.748,54.635],[22.749,54.631],[22.743,54.627],[22.728,54.623],[22.721,54.617],[22.722,54.615],[22.72,54.607],[22.706,54.603],[22.698,54.595],[22.686,54.591],[22.684,54.583],[22.687,54.58],[22.7,54.576],[22.701,54.569],[22.708,54.565],[22.713,54.564],[22.707,54.56],[22.703,54.554],[22.694,54.55],[22.692,54.542],[22.686,54.539],[22.681,54.533],[22.684,54.53],[22.682,54.524],[22.685,54.518],[22.691,54.515],[22.694,54.51],[22.699,54.507],[22.696,54.505],[22.698,54.493],[22.697,54.49],[22.699,54.482],[22.703,54.476],[22.704,54.466],[22.702,54.453],[22.736,54.443],[22.766,54.387],[22.774,54.379],[22.789,54.369],[22.792,54.363],[22.811,54.371],[22.817,54.38],[22.836,54.406],[22.849,54.407],[22.855,54.41],[22.868,54.408],[22.883,54.41],[22.888,54.409],[22.887,54.4],[22.898,54.4],[22.902,54.399],[22.935,54.396],[22.949,54.393],[22.965,54.391],[22.984,54.39],[22.985,54.385],[23.002,54.384],[23.005,54.401],[23.02,54.401],[23.021,54.404],[23.004,54.406],[23.004,54.408],[22.994,54.409],[22.996,54.423],[22.99,54.424],[22.991,54.437],[22.994,54.445],[22.997,54.444],[23.034,54.445],[23.035,54.451],[23.059,54.45],[23.06,54.452],[23.087,54.451],[23.109,54.47],[23.109,54.48],[23.115,54.485],[23.14,54.483],[23.143,54.486],[23.154,54.488],[23.154,54.492],[23.16,54.503],[23.166,54.502],[23.17,54.506],[23.168,54.512],[23.176,54.51],[23.194,54.509],[23.191,54.514],[23.21,54.541],[23.201,54.547],[23.192,54.549],[23.182,54.553],[23.187,54.567],[23.188,54.577],[23.208,54.582],[23.227,54.582],[23.235,54.578],[23.257,54.571],[23.263,54.576],[23.264,54.584],[23.277,54.596],[23.297,54.614],[23.292,54.616],[23.303,54.644],[23.309,54.653],[23.315,54.667],[23.333,54.666],[23.344,54.673],[23.345,54.687],[23.34,54.688],[23.335,54.692],[23.329,54.694],[23.319,54.695],[23.308,54.697],[23.297,54.697],[23.275,54.705],[23.281,54.716],[23.278,54.717],[23.278,54.727],[23.282,54.727],[23.283,54.746],[23.285,54.746],[23.285,54.754],[23.263,54.749],[23.25,54.742],[23.243,54.741],[23.242,54.739],[23.235,54.739],[23.231,54.741],[23.223,54.739],[23.22,54.735],[23.211,54.734],[23.205,54.734],[23.2,54.729],[23.192,54.728],[23.183,54.729],[23.181,54.726],[23.167,54.729],[23.158,54.729],[23.154,54.73],[23.153,54.734],[23.155,54.737],[23.151,54.74],[23.143,54.74],[23.131,54.742],[23.125,54.741],[23.119,54.744],[23.117,54.749],[23.103,54.75],[23.095,54.749],[23.089,54.745],[23.083,54.748],[23.071,54.751],[23.07,54.754],[23.064,54.757],[23.061,54.756],[23.055,54.76],[23.051,54.759],[23.038,54.762],[23.027,54.763],[23.016,54.765],[23.016,54.775],[23.011,54.791],[23.002,54.79],[22.997,54.79],[22.976,54.791],[22.959,54.788],[22.947,54.777],[22.904,54.785],[22.893,54.782],[22.889,54.778],[22.894,54.776],[22.887,54.772],[22.879,54.764],[22.874,54.765],[22.872,54.761],[22.859,54.762],[22.863,54.767],[22.85,54.772]]]}},{"type":"Feature","properties":{"id":966581,"maakond_id":204,"name":"Šakių rajono savivaldybė","bbox":[22.589,54.726,23.588,55.105]},"geometry":{"type":"Polygon","coordinates":[[[23.394,54.949],[23.391,54.949],[23.402,54.959],[23.416,54.955],[23.442,54.977],[23.451,54.979],[23.46,54.978],[23.481,54.973],[23.488,54.971],[23.499,54.973],[23.506,54.973],[23.525,54.983],[23.531,54.994],[23.535,54.994],[23.537,54.999],[23.544,55.002],[23.554,55],[23.562,54.999],[23.575,55],[23.582,55.001],[23.588,55.009],[23.584,55.015],[23.586,55.018],[23.588,55.028],[23.585,55.033],[23.578,55.037],[23.562,55.042],[23.552,55.043],[23.528,55.043],[23.5,55.045],[23.489,55.047],[23.47,55.051],[23.459,55.056],[23.447,55.063],[23.439,55.068],[23.43,55.071],[23.418,55.073],[23.412,55.074],[23.395,55.075],[23.386,55.075],[23.375,55.074],[23.357,55.069],[23.336,55.067],[23.323,55.067],[23.301,55.07],[23.275,55.075],[23.253,55.078],[23.234,55.079],[23.215,55.082],[23.2,55.086],[23.185,55.089],[23.168,55.09],[23.152,55.089],[23.14,55.089],[23.121,55.091],[23.1,55.097],[23.083,55.1],[23.071,55.103],[23.062,55.105],[23.049,55.105],[23.019,55.102],[23.006,55.1],[22.976,55.092],[22.963,55.087],[22.946,55.083],[22.933,55.082],[22.905,55.083],[22.897,55.084],[22.88,55.089],[22.874,55.09],[22.857,55.089],[22.841,55.086],[22.834,55.084],[22.823,55.079],[22.811,55.075],[22.804,55.075],[22.785,55.077],[22.775,55.075],[22.767,55.07],[22.751,55.062],[22.737,55.058],[22.714,55.058],[22.693,55.056],[22.672,55.051],[22.656,55.049],[22.648,55.049],[22.635,55.052],[22.628,55.055],[22.619,55.061],[22.601,55.066],[22.589,55.07],[22.592,55.06],[22.59,55.054],[22.597,55.046],[22.597,55.037],[22.595,55.034],[22.598,55.023],[22.603,55.02],[22.604,55.013],[22.614,55.013],[22.615,55.01],[22.625,55.004],[22.628,54.998],[22.627,54.996],[22.635,54.99],[22.636,54.985],[22.643,54.984],[22.641,54.978],[22.642,54.972],[22.653,54.965],[22.66,54.967],[22.664,54.965],[22.668,54.968],[22.664,54.971],[22.665,54.974],[22.659,54.979],[22.659,54.982],[22.665,54.986],[22.671,54.988],[22.681,54.986],[22.687,54.981],[22.688,54.976],[22.69,54.971],[22.695,54.971],[22.702,54.974],[22.707,54.974],[22.712,54.969],[22.726,54.963],[22.73,54.96],[22.728,54.955],[22.733,54.948],[22.741,54.944],[22.741,54.941],[22.748,54.938],[22.761,54.938],[22.767,54.935],[22.766,54.933],[22.756,54.93],[22.749,54.924],[22.755,54.918],[22.763,54.917],[22.767,54.923],[22.778,54.925],[22.784,54.925],[22.789,54.92],[22.788,54.91],[22.789,54.907],[22.798,54.902],[22.81,54.91],[22.816,54.912],[22.822,54.911],[22.825,54.907],[22.835,54.904],[22.836,54.899],[22.842,54.899],[22.847,54.896],[22.847,54.891],[22.855,54.888],[22.855,54.885],[22.848,54.881],[22.844,54.875],[22.843,54.87],[22.84,54.868],[22.841,54.863],[22.859,54.858],[22.87,54.852],[22.865,54.849],[22.864,54.846],[22.86,54.844],[22.859,54.839],[22.864,54.836],[22.872,54.835],[22.877,54.833],[22.88,54.826],[22.878,54.823],[22.872,54.823],[22.871,54.82],[22.876,54.819],[22.881,54.816],[22.886,54.815],[22.885,54.811],[22.878,54.811],[22.873,54.805],[22.875,54.8],[22.872,54.798],[22.874,54.795],[22.878,54.793],[22.874,54.789],[22.862,54.788],[22.854,54.79],[22.849,54.786],[22.86,54.778],[22.859,54.777],[22.848,54.774],[22.85,54.772],[22.863,54.767],[22.859,54.762],[22.872,54.761],[22.874,54.765],[22.879,54.764],[22.887,54.772],[22.894,54.776],[22.889,54.778],[22.893,54.782],[22.904,54.785],[22.947,54.777],[22.959,54.788],[22.976,54.791],[22.997,54.79],[23.002,54.79],[23.011,54.791],[23.016,54.775],[23.016,54.765],[23.027,54.763],[23.038,54.762],[23.051,54.759],[23.055,54.76],[23.061,54.756],[23.064,54.757],[23.07,54.754],[23.071,54.751],[23.083,54.748],[23.089,54.745],[23.095,54.749],[23.103,54.75],[23.117,54.749],[23.119,54.744],[23.125,54.741],[23.131,54.742],[23.143,54.74],[23.151,54.74],[23.155,54.737],[23.153,54.734],[23.154,54.73],[23.158,54.729],[23.167,54.729],[23.181,54.726],[23.183,54.729],[23.192,54.728],[23.2,54.729],[23.205,54.734],[23.211,54.734],[23.22,54.735],[23.223,54.739],[23.231,54.741],[23.235,54.739],[23.242,54.739],[23.243,54.741],[23.25,54.742],[23.263,54.749],[23.285,54.754],[23.285,54.759],[23.294,54.763],[23.277,54.773],[23.271,54.775],[23.268,54.783],[23.289,54.812],[23.299,54.813],[23.3,54.821],[23.305,54.828],[23.29,54.831],[23.292,54.843],[23.281,54.843],[23.275,54.849],[23.299,54.875],[23.287,54.878],[23.302,54.886],[23.306,54.885],[23.314,54.89],[23.334,54.885],[23.347,54.897],[23.394,54.937],[23.392,54.946],[23.394,54.949]]]}},{"type":"Feature","properties":{"id":966642,"maakond_id":209,"name":"Utenos rajono savivaldybė","bbox":[25.359,55.279,26.064,55.743]},"geometry":{"type":"Polygon","coordinates":[[[25.983,55.526],[25.984,55.535],[25.978,55.535],[25.976,55.547],[25.957,55.558],[25.948,55.558],[25.943,55.564],[25.922,55.579],[25.949,55.588],[25.926,55.597],[25.919,55.604],[25.914,55.607],[25.91,55.604],[25.896,55.598],[25.882,55.598],[25.872,55.604],[25.866,55.606],[25.865,55.609],[25.859,55.612],[25.857,55.615],[25.852,55.615],[25.837,55.625],[25.832,55.625],[25.826,55.628],[25.802,55.63],[25.803,55.625],[25.797,55.617],[25.791,55.614],[25.782,55.619],[25.782,55.622],[25.776,55.622],[25.773,55.637],[25.77,55.637],[25.77,55.646],[25.767,55.65],[25.767,55.666],[25.763,55.667],[25.759,55.674],[25.76,55.681],[25.758,55.687],[25.742,55.687],[25.729,55.687],[25.727,55.69],[25.716,55.696],[25.715,55.699],[25.699,55.698],[25.69,55.701],[25.683,55.702],[25.682,55.706],[25.694,55.709],[25.702,55.706],[25.702,55.71],[25.694,55.712],[25.686,55.715],[25.682,55.723],[25.685,55.725],[25.683,55.734],[25.68,55.74],[25.676,55.741],[25.666,55.741],[25.659,55.738],[25.66,55.736],[25.645,55.73],[25.618,55.737],[25.612,55.734],[25.609,55.738],[25.605,55.739],[25.607,55.743],[25.6,55.743],[25.593,55.738],[25.59,55.731],[25.583,55.722],[25.568,55.726],[25.563,55.728],[25.543,55.731],[25.537,55.719],[25.519,55.721],[25.514,55.716],[25.496,55.706],[25.492,55.701],[25.499,55.7],[25.498,55.694],[25.492,55.691],[25.488,55.687],[25.499,55.683],[25.487,55.67],[25.484,55.665],[25.491,55.663],[25.486,55.658],[25.475,55.661],[25.453,55.644],[25.457,55.639],[25.494,55.632],[25.5,55.626],[25.485,55.62],[25.484,55.616],[25.493,55.615],[25.492,55.61],[25.483,55.603],[25.478,55.604],[25.477,55.607],[25.469,55.608],[25.465,55.611],[25.461,55.611],[25.46,55.606],[25.455,55.602],[25.446,55.603],[25.431,55.597],[25.43,55.594],[25.425,55.59],[25.418,55.588],[25.415,55.582],[25.419,55.573],[25.427,55.558],[25.406,55.551],[25.421,55.531],[25.411,55.525],[25.407,55.519],[25.423,55.511],[25.419,55.51],[25.419,55.507],[25.4,55.508],[25.394,55.504],[25.391,55.499],[25.392,55.494],[25.375,55.487],[25.36,55.482],[25.359,55.479],[25.368,55.473],[25.38,55.469],[25.385,55.471],[25.39,55.468],[25.388,55.466],[25.386,55.458],[25.38,55.452],[25.374,55.451],[25.374,55.444],[25.371,55.436],[25.364,55.437],[25.361,55.429],[25.366,55.424],[25.38,55.425],[25.388,55.422],[25.385,55.426],[25.401,55.423],[25.405,55.421],[25.412,55.419],[25.417,55.419],[25.433,55.405],[25.436,55.403],[25.431,55.392],[25.433,55.392],[25.453,55.39],[25.455,55.396],[25.47,55.402],[25.476,55.403],[25.479,55.396],[25.487,55.396],[25.486,55.393],[25.488,55.389],[25.505,55.384],[25.52,55.393],[25.527,55.391],[25.536,55.387],[25.533,55.379],[25.54,55.377],[25.543,55.379],[25.55,55.377],[25.556,55.382],[25.566,55.381],[25.572,55.386],[25.583,55.384],[25.59,55.383],[25.605,55.381],[25.619,55.382],[25.624,55.384],[25.628,55.382],[25.637,55.382],[25.645,55.375],[25.645,55.371],[25.659,55.372],[25.667,55.376],[25.676,55.374],[25.685,55.378],[25.69,55.381],[25.696,55.381],[25.693,55.374],[25.697,55.369],[25.711,55.372],[25.716,55.37],[25.735,55.365],[25.744,55.36],[25.746,55.361],[25.753,55.355],[25.757,55.354],[25.757,55.349],[25.75,55.349],[25.749,55.345],[25.748,55.334],[25.735,55.334],[25.739,55.33],[25.738,55.328],[25.743,55.319],[25.736,55.317],[25.733,55.315],[25.728,55.315],[25.721,55.31],[25.722,55.307],[25.734,55.305],[25.738,55.307],[25.752,55.306],[25.757,55.307],[25.764,55.315],[25.771,55.318],[25.794,55.301],[25.803,55.305],[25.806,55.307],[25.808,55.279],[25.842,55.279],[25.841,55.288],[25.845,55.29],[25.84,55.293],[25.84,55.299],[25.842,55.301],[25.85,55.297],[25.864,55.301],[25.865,55.303],[25.861,55.306],[25.862,55.313],[25.869,55.316],[25.872,55.319],[25.865,55.33],[25.86,55.333],[25.865,55.336],[25.874,55.337],[25.879,55.344],[25.879,55.347],[25.883,55.354],[25.884,55.36],[25.889,55.362],[25.905,55.358],[25.918,55.351],[25.927,55.347],[25.946,55.345],[25.972,55.357],[25.971,55.361],[25.974,55.368],[25.963,55.371],[25.952,55.374],[25.95,55.377],[25.952,55.38],[25.943,55.381],[25.945,55.387],[25.938,55.395],[25.938,55.398],[25.946,55.401],[25.944,55.403],[25.937,55.401],[25.93,55.402],[25.928,55.406],[25.922,55.407],[25.916,55.411],[25.913,55.411],[25.934,55.422],[25.949,55.418],[25.959,55.413],[25.961,55.41],[25.981,55.41],[25.996,55.415],[26.005,55.42],[26.017,55.415],[26.024,55.414],[26.027,55.411],[26.03,55.406],[26.037,55.402],[26.039,55.398],[26.052,55.4],[26.06,55.397],[26.064,55.394],[26.063,55.41],[26.045,55.409],[26.043,55.437],[26.028,55.437],[26.027,55.439],[26.021,55.444],[26.023,55.448],[26.025,55.449],[26.025,55.463],[26.041,55.463],[26.045,55.468],[26.044,55.47],[25.995,55.471],[25.995,55.489],[25.981,55.489],[25.981,55.508],[25.965,55.508],[25.965,55.518],[25.983,55.519],[25.983,55.526]]]}},{"type":"Feature","properties":{"id":967318,"maakond_id":210,"name":"Švenčionių rajono savivaldybė","bbox":[25.526,54.822,26.759,55.318]},"geometry":{"type":"Polygon","coordinates":[[[25.734,55.305],[25.734,55.301],[25.724,55.295],[25.727,55.291],[25.723,55.288],[25.711,55.287],[25.715,55.282],[25.712,55.276],[25.706,55.272],[25.703,55.267],[25.695,55.268],[25.682,55.273],[25.684,55.268],[25.683,55.26],[25.687,55.257],[25.695,55.26],[25.699,55.256],[25.694,55.25],[25.694,55.246],[25.703,55.248],[25.706,55.245],[25.708,55.24],[25.699,55.239],[25.679,55.245],[25.663,55.233],[25.666,55.227],[25.659,55.223],[25.665,55.221],[25.665,55.218],[25.673,55.218],[25.675,55.215],[25.66,55.207],[25.653,55.209],[25.649,55.204],[25.652,55.2],[25.648,55.197],[25.653,55.189],[25.654,55.185],[25.665,55.182],[25.67,55.182],[25.683,55.178],[25.686,55.173],[25.708,55.173],[25.708,55.143],[25.713,55.146],[25.722,55.145],[25.725,55.137],[25.738,55.135],[25.741,55.131],[25.751,55.133],[25.76,55.129],[25.763,55.125],[25.791,55.12],[25.797,55.126],[25.8,55.121],[25.793,55.12],[25.79,55.114],[25.782,55.115],[25.778,55.111],[25.778,55.106],[25.775,55.103],[25.755,55.106],[25.751,55.105],[25.754,55.101],[25.747,55.098],[25.763,55.098],[25.767,55.094],[25.763,55.09],[25.768,55.084],[25.765,55.083],[25.757,55.086],[25.753,55.083],[25.748,55.089],[25.739,55.081],[25.731,55.083],[25.73,55.08],[25.733,55.076],[25.741,55.075],[25.743,55.08],[25.753,55.081],[25.757,55.08],[25.757,55.074],[25.752,55.071],[25.743,55.063],[25.739,55.06],[25.748,55.058],[25.736,55.051],[25.741,55.051],[25.745,55.049],[25.745,55.046],[25.741,55.043],[25.745,55.04],[25.749,55.042],[25.76,55.043],[25.758,55.038],[25.733,55.036],[25.721,55.037],[25.716,55.036],[25.708,55.037],[25.705,55.041],[25.706,55.047],[25.7,55.046],[25.695,55.043],[25.686,55.043],[25.684,55.04],[25.673,55.043],[25.67,55.04],[25.665,55.041],[25.661,55.05],[25.656,55.05],[25.659,55.055],[25.657,55.06],[25.654,55.061],[25.646,55.059],[25.625,55.065],[25.621,55.062],[25.613,55.06],[25.604,55.06],[25.601,55.063],[25.593,55.061],[25.581,55.061],[25.579,55.06],[25.579,55.053],[25.573,55.048],[25.562,55.048],[25.552,55.054],[25.542,55.054],[25.532,55.053],[25.532,55.047],[25.526,55.041],[25.529,55.036],[25.534,55.033],[25.542,55.032],[25.541,55.027],[25.557,55.02],[25.561,55.015],[25.57,55.012],[25.579,55.012],[25.587,55.009],[25.59,55.001],[25.593,55],[25.596,54.995],[25.601,54.993],[25.61,54.993],[25.615,54.991],[25.634,54.988],[25.628,54.983],[25.631,54.979],[25.641,54.979],[25.643,54.981],[25.652,54.979],[25.667,54.979],[25.67,54.964],[25.686,54.965],[25.693,54.954],[25.684,54.953],[25.675,54.949],[25.665,54.947],[25.664,54.943],[25.658,54.941],[25.65,54.937],[25.648,54.932],[25.642,54.929],[25.65,54.926],[25.646,54.921],[25.639,54.917],[25.642,54.91],[25.64,54.906],[25.644,54.9],[25.65,54.897],[25.657,54.897],[25.664,54.894],[25.679,54.898],[25.685,54.898],[25.693,54.895],[25.693,54.886],[25.697,54.882],[25.703,54.878],[25.703,54.864],[25.709,54.859],[25.718,54.857],[25.725,54.859],[25.728,54.862],[25.735,54.863],[25.74,54.865],[25.744,54.865],[25.747,54.856],[25.744,54.853],[25.742,54.843],[25.742,54.832],[25.745,54.826],[25.752,54.824],[25.756,54.822],[25.764,54.822],[25.773,54.823],[25.779,54.829],[25.779,54.835],[25.784,54.839],[25.78,54.842],[25.778,54.853],[25.784,54.858],[25.795,54.86],[25.797,54.862],[25.808,54.867],[25.809,54.871],[25.816,54.873],[25.813,54.876],[25.817,54.879],[25.822,54.879],[25.824,54.884],[25.83,54.884],[25.844,54.893],[25.853,54.897],[25.855,54.901],[25.859,54.906],[25.854,54.911],[25.858,54.917],[25.853,54.919],[25.858,54.928],[25.878,54.93],[25.884,54.937],[25.89,54.936],[25.908,54.931],[25.916,54.934],[25.919,54.937],[25.928,54.938],[25.945,54.946],[25.944,54.947],[25.956,54.951],[25.961,54.95],[25.964,54.952],[25.976,54.955],[25.979,54.954],[25.984,54.958],[25.99,54.958],[25.99,54.952],[26.023,54.943],[26.029,54.944],[26.037,54.943],[26.056,54.943],[26.064,54.943],[26.053,54.947],[26.055,54.95],[26.073,54.952],[26.081,54.955],[26.073,54.963],[26.076,54.965],[26.076,54.97],[26.11,54.972],[26.119,54.98],[26.118,54.987],[26.121,54.989],[26.127,54.989],[26.134,54.986],[26.142,54.986],[26.146,54.989],[26.156,54.992],[26.172,54.993],[26.177,54.992],[26.186,54.992],[26.194,54.993],[26.2,54.996],[26.209,54.997],[26.209,55.012],[26.217,55.014],[26.217,55.016],[26.223,55.021],[26.226,55.026],[26.23,55.029],[26.233,55.035],[26.242,55.04],[26.241,55.046],[26.238,55.047],[26.238,55.051],[26.245,55.052],[26.245,55.057],[26.237,55.058],[26.235,55.061],[26.246,55.07],[26.252,55.07],[26.263,55.066],[26.266,55.07],[26.265,55.074],[26.271,55.078],[26.261,55.085],[26.252,55.092],[26.249,55.091],[26.243,55.096],[26.233,55.102],[26.23,55.107],[26.258,55.12],[26.263,55.121],[26.302,55.125],[26.307,55.127],[26.31,55.131],[26.303,55.132],[26.305,55.135],[26.323,55.136],[26.326,55.141],[26.324,55.145],[26.329,55.146],[26.332,55.144],[26.35,55.146],[26.358,55.151],[26.368,55.149],[26.371,55.15],[26.383,55.146],[26.388,55.142],[26.393,55.142],[26.392,55.136],[26.396,55.134],[26.41,55.139],[26.418,55.136],[26.424,55.14],[26.43,55.139],[26.441,55.135],[26.451,55.133],[26.457,55.137],[26.461,55.129],[26.475,55.136],[26.479,55.141],[26.48,55.149],[26.489,55.153],[26.494,55.151],[26.517,55.161],[26.54,55.144],[26.546,55.144],[26.55,55.146],[26.556,55.145],[26.558,55.148],[26.574,55.149],[26.589,55.154],[26.593,55.154],[26.618,55.147],[26.624,55.15],[26.633,55.152],[26.641,55.155],[26.645,55.159],[26.654,55.161],[26.664,55.156],[26.669,55.156],[26.676,55.159],[26.679,55.166],[26.678,55.17],[26.695,55.167],[26.706,55.172],[26.705,55.175],[26.7,55.178],[26.696,55.177],[26.691,55.18],[26.687,55.178],[26.68,55.187],[26.677,55.189],[26.677,55.195],[26.675,55.197],[26.694,55.206],[26.701,55.201],[26.705,55.203],[26.708,55.207],[26.72,55.212],[26.73,55.216],[26.726,55.238],[26.731,55.245],[26.74,55.249],[26.745,55.254],[26.74,55.257],[26.745,55.26],[26.752,55.26],[26.759,55.263],[26.755,55.266],[26.687,55.262],[26.68,55.262],[26.664,55.261],[26.658,55.258],[26.653,55.259],[26.649,55.262],[26.641,55.264],[26.633,55.261],[26.625,55.262],[26.623,55.258],[26.612,55.254],[26.615,55.251],[26.62,55.25],[26.628,55.25],[26.627,55.246],[26.612,55.247],[26.614,55.242],[26.617,55.241],[26.607,55.234],[26.598,55.231],[26.597,55.229],[26.568,55.229],[26.568,55.225],[26.556,55.223],[26.554,55.219],[26.543,55.224],[26.54,55.226],[26.524,55.225],[26.521,55.223],[26.518,55.215],[26.494,55.217],[26.485,55.213],[26.458,55.219],[26.447,55.21],[26.44,55.21],[26.439,55.213],[26.43,55.212],[26.421,55.218],[26.407,55.219],[26.407,55.216],[26.4,55.216],[26.391,55.22],[26.389,55.222],[26.379,55.224],[26.374,55.223],[26.37,55.224],[26.362,55.219],[26.356,55.22],[26.342,55.219],[26.337,55.225],[26.331,55.22],[26.326,55.22],[26.308,55.225],[26.295,55.225],[26.289,55.229],[26.282,55.229],[26.271,55.225],[26.259,55.226],[26.255,55.227],[26.246,55.233],[26.241,55.237],[26.23,55.246],[26.22,55.24],[26.222,55.238],[26.213,55.236],[26.203,55.238],[26.199,55.236],[26.195,55.236],[26.19,55.233],[26.186,55.223],[26.184,55.222],[26.176,55.224],[26.154,55.226],[26.153,55.23],[26.158,55.235],[26.16,55.238],[26.17,55.247],[26.181,55.252],[26.172,55.255],[26.164,55.258],[26.151,55.261],[26.149,55.265],[26.148,55.274],[26.149,55.276],[26.142,55.279],[26.143,55.283],[26.147,55.285],[26.143,55.288],[26.134,55.287],[26.127,55.289],[26.122,55.294],[26.115,55.293],[26.102,55.288],[26.095,55.289],[26.091,55.293],[26.081,55.292],[26.07,55.296],[26.06,55.297],[26.06,55.303],[26.062,55.306],[26.059,55.307],[26.056,55.301],[26.057,55.293],[26.052,55.294],[26.049,55.296],[26.042,55.294],[26.036,55.294],[26.024,55.29],[26.025,55.287],[26.037,55.29],[26.043,55.288],[26.029,55.276],[26.023,55.279],[25.998,55.278],[25.994,55.274],[25.986,55.272],[25.985,55.275],[25.976,55.279],[25.967,55.28],[25.961,55.283],[25.953,55.282],[25.947,55.279],[25.94,55.28],[25.94,55.287],[25.93,55.287],[25.931,55.278],[25.93,55.276],[25.92,55.281],[25.915,55.282],[25.913,55.276],[25.907,55.274],[25.899,55.277],[25.892,55.28],[25.897,55.281],[25.895,55.284],[25.895,55.289],[25.875,55.298],[25.869,55.302],[25.865,55.303],[25.864,55.301],[25.85,55.297],[25.842,55.301],[25.84,55.299],[25.84,55.293],[25.845,55.29],[25.841,55.288],[25.842,55.279],[25.808,55.279],[25.806,55.307],[25.803,55.305],[25.794,55.301],[25.771,55.318],[25.764,55.315],[25.757,55.307],[25.752,55.306],[25.738,55.307],[25.734,55.305]]]}},{"type":"Feature","properties":{"id":968826,"maakond_id":206,"name":"Šiaulių miesto savivaldybė","bbox":[23.228,55.841,23.429,55.97]},"geometry":{"type":"Polygon","coordinates":[[[23.381,55.916],[23.373,55.913],[23.368,55.917],[23.364,55.916],[23.359,55.921],[23.359,55.923],[23.369,55.923],[23.369,55.927],[23.367,55.931],[23.363,55.933],[23.359,55.931],[23.35,55.933],[23.349,55.944],[23.343,55.946],[23.346,55.955],[23.342,55.956],[23.346,55.96],[23.352,55.961],[23.359,55.966],[23.355,55.97],[23.346,55.963],[23.335,55.967],[23.324,55.966],[23.313,55.97],[23.302,55.961],[23.294,55.964],[23.292,55.962],[23.29,55.957],[23.28,55.961],[23.272,55.955],[23.283,55.95],[23.286,55.948],[23.266,55.933],[23.258,55.926],[23.268,55.922],[23.249,55.917],[23.245,55.919],[23.238,55.917],[23.239,55.914],[23.228,55.908],[23.242,55.898],[23.249,55.895],[23.256,55.894],[23.262,55.884],[23.266,55.882],[23.272,55.887],[23.27,55.889],[23.279,55.894],[23.283,55.893],[23.295,55.904],[23.308,55.898],[23.304,55.897],[23.318,55.891],[23.307,55.883],[23.303,55.883],[23.287,55.879],[23.283,55.876],[23.271,55.873],[23.266,55.869],[23.265,55.864],[23.269,55.861],[23.275,55.857],[23.293,55.851],[23.307,55.847],[23.316,55.847],[23.322,55.845],[23.321,55.841],[23.328,55.841],[23.334,55.854],[23.338,55.853],[23.345,55.867],[23.343,55.87],[23.347,55.871],[23.365,55.869],[23.362,55.879],[23.371,55.882],[23.386,55.872],[23.392,55.874],[23.398,55.877],[23.404,55.877],[23.411,55.875],[23.416,55.874],[23.421,55.878],[23.429,55.886],[23.426,55.89],[23.419,55.893],[23.421,55.895],[23.419,55.898],[23.406,55.903],[23.403,55.907],[23.39,55.912],[23.391,55.915],[23.381,55.916]]]}},{"type":"Feature","properties":{"id":968945,"maakond_id":205,"name":"Panevėžio miesto savivaldybė","bbox":[24.24,55.689,24.43,55.772]},"geometry":{"type":"Polygon","coordinates":[[[24.286,55.719],[24.291,55.717],[24.299,55.716],[24.313,55.717],[24.312,55.702],[24.309,55.698],[24.31,55.695],[24.334,55.697],[24.354,55.698],[24.351,55.701],[24.359,55.702],[24.367,55.689],[24.376,55.691],[24.381,55.701],[24.386,55.706],[24.391,55.703],[24.392,55.695],[24.415,55.701],[24.418,55.707],[24.411,55.711],[24.399,55.708],[24.392,55.708],[24.389,55.718],[24.398,55.718],[24.395,55.729],[24.402,55.736],[24.405,55.742],[24.412,55.742],[24.422,55.739],[24.423,55.743],[24.43,55.743],[24.43,55.747],[24.408,55.746],[24.409,55.75],[24.401,55.749],[24.401,55.752],[24.397,55.753],[24.393,55.749],[24.384,55.754],[24.383,55.758],[24.384,55.768],[24.379,55.768],[24.379,55.772],[24.366,55.769],[24.368,55.764],[24.351,55.763],[24.353,55.761],[24.34,55.758],[24.33,55.759],[24.329,55.761],[24.32,55.76],[24.313,55.757],[24.31,55.76],[24.29,55.758],[24.288,55.746],[24.268,55.745],[24.259,55.741],[24.257,55.738],[24.25,55.742],[24.24,55.741],[24.243,55.738],[24.248,55.739],[24.253,55.736],[24.259,55.738],[24.278,55.74],[24.28,55.735],[24.284,55.732],[24.283,55.728],[24.286,55.728],[24.284,55.722],[24.286,55.719]]]}},{"type":"Feature","properties":{"id":968950,"maakond_id":210,"name":"Elektrėnų savivaldybė","bbox":[24.464,54.639,24.996,54.887]},"geometry":{"type":"Polygon","coordinates":[[[24.81,54.887],[24.799,54.879],[24.783,54.878],[24.78,54.876],[24.771,54.875],[24.762,54.878],[24.753,54.877],[24.755,54.873],[24.752,54.872],[24.764,54.825],[24.755,54.824],[24.753,54.827],[24.743,54.824],[24.738,54.821],[24.732,54.823],[24.732,54.818],[24.729,54.816],[24.723,54.819],[24.718,54.817],[24.709,54.817],[24.7,54.821],[24.695,54.821],[24.683,54.821],[24.649,54.825],[24.619,54.83],[24.615,54.826],[24.607,54.814],[24.604,54.815],[24.592,54.81],[24.584,54.812],[24.584,54.814],[24.577,54.815],[24.564,54.812],[24.553,54.818],[24.541,54.82],[24.543,54.803],[24.535,54.802],[24.53,54.8],[24.545,54.798],[24.585,54.795],[24.585,54.786],[24.576,54.786],[24.582,54.78],[24.577,54.779],[24.571,54.774],[24.581,54.766],[24.575,54.765],[24.566,54.767],[24.569,54.758],[24.559,54.758],[24.56,54.754],[24.556,54.752],[24.56,54.742],[24.549,54.74],[24.546,54.736],[24.541,54.734],[24.511,54.731],[24.505,54.727],[24.504,54.722],[24.5,54.715],[24.49,54.716],[24.487,54.71],[24.49,54.704],[24.497,54.701],[24.484,54.7],[24.481,54.693],[24.476,54.696],[24.464,54.683],[24.465,54.68],[24.471,54.666],[24.465,54.662],[24.468,54.646],[24.471,54.642],[24.482,54.643],[24.484,54.646],[24.494,54.648],[24.498,54.647],[24.507,54.651],[24.519,54.66],[24.53,54.654],[24.546,54.654],[24.554,54.65],[24.558,54.653],[24.564,54.648],[24.57,54.649],[24.581,54.645],[24.588,54.647],[24.601,54.648],[24.609,54.652],[24.615,54.651],[24.624,54.652],[24.627,54.649],[24.633,54.652],[24.644,54.652],[24.655,54.647],[24.658,54.648],[24.672,54.643],[24.686,54.647],[24.703,54.654],[24.707,54.654],[24.711,54.651],[24.723,54.65],[24.739,54.646],[24.748,54.639],[24.764,54.641],[24.776,54.64],[24.794,54.65],[24.791,54.653],[24.794,54.655],[24.803,54.657],[24.805,54.662],[24.812,54.667],[24.805,54.673],[24.809,54.679],[24.812,54.684],[24.816,54.687],[24.816,54.69],[24.825,54.692],[24.827,54.697],[24.833,54.7],[24.846,54.706],[24.853,54.712],[24.854,54.717],[24.865,54.727],[24.871,54.725],[24.875,54.727],[24.885,54.724],[24.888,54.729],[24.896,54.727],[24.905,54.726],[24.922,54.723],[24.925,54.722],[24.938,54.721],[24.944,54.717],[24.948,54.724],[24.963,54.733],[24.97,54.735],[24.975,54.737],[24.974,54.74],[24.983,54.745],[24.995,54.747],[24.996,54.749],[24.989,54.753],[24.978,54.755],[24.975,54.758],[24.973,54.763],[24.967,54.767],[24.956,54.77],[24.947,54.768],[24.947,54.772],[24.939,54.775],[24.939,54.778],[24.944,54.781],[24.949,54.786],[24.959,54.792],[24.972,54.795],[24.977,54.8],[24.974,54.803],[24.964,54.809],[24.951,54.813],[24.936,54.815],[24.926,54.816],[24.919,54.812],[24.918,54.808],[24.92,54.796],[24.914,54.791],[24.912,54.787],[24.901,54.785],[24.897,54.79],[24.889,54.792],[24.888,54.799],[24.891,54.803],[24.89,54.809],[24.885,54.817],[24.888,54.824],[24.891,54.826],[24.892,54.832],[24.896,54.834],[24.904,54.834],[24.905,54.839],[24.9,54.843],[24.892,54.846],[24.881,54.845],[24.874,54.843],[24.868,54.843],[24.86,54.848],[24.863,54.853],[24.862,54.856],[24.853,54.859],[24.845,54.862],[24.846,54.868],[24.848,54.874],[24.846,54.878],[24.835,54.88],[24.832,54.885],[24.827,54.886],[24.823,54.883],[24.81,54.887]]]}},{"type":"Feature","properties":{"id":968952,"maakond_id":210,"name":"Vilniaus miesto savivaldybė","bbox":[25.025,54.569,25.481,54.832]},"geometry":{"type":"Polygon","coordinates":[[[25.078,54.599],[25.084,54.605],[25.099,54.609],[25.105,54.604],[25.107,54.605],[25.115,54.601],[25.112,54.597],[25.115,54.592],[25.093,54.59],[25.103,54.583],[25.113,54.578],[25.115,54.579],[25.121,54.57],[25.132,54.574],[25.129,54.579],[25.135,54.577],[25.138,54.579],[25.145,54.578],[25.148,54.574],[25.158,54.571],[25.18,54.569],[25.186,54.57],[25.186,54.58],[25.183,54.589],[25.185,54.591],[25.177,54.596],[25.173,54.599],[25.168,54.598],[25.167,54.601],[25.173,54.607],[25.182,54.606],[25.191,54.601],[25.196,54.602],[25.202,54.6],[25.212,54.588],[25.214,54.589],[25.225,54.588],[25.234,54.582],[25.233,54.577],[25.239,54.575],[25.246,54.578],[25.236,54.584],[25.241,54.587],[25.236,54.589],[25.241,54.593],[25.247,54.59],[25.25,54.593],[25.254,54.591],[25.268,54.592],[25.28,54.595],[25.288,54.595],[25.288,54.593],[25.314,54.599],[25.314,54.603],[25.322,54.604],[25.321,54.607],[25.331,54.61],[25.322,54.617],[25.321,54.626],[25.328,54.627],[25.326,54.631],[25.321,54.631],[25.32,54.639],[25.32,54.647],[25.324,54.649],[25.351,54.642],[25.361,54.64],[25.365,54.644],[25.371,54.647],[25.38,54.658],[25.382,54.663],[25.384,54.665],[25.39,54.667],[25.401,54.668],[25.404,54.669],[25.405,54.676],[25.415,54.678],[25.428,54.674],[25.433,54.676],[25.446,54.676],[25.451,54.678],[25.446,54.682],[25.449,54.685],[25.458,54.687],[25.471,54.688],[25.475,54.685],[25.481,54.688],[25.48,54.697],[25.473,54.695],[25.465,54.695],[25.46,54.697],[25.466,54.704],[25.465,54.708],[25.458,54.706],[25.452,54.706],[25.441,54.708],[25.433,54.714],[25.426,54.713],[25.427,54.709],[25.413,54.713],[25.412,54.718],[25.408,54.718],[25.408,54.723],[25.412,54.724],[25.412,54.728],[25.418,54.728],[25.426,54.73],[25.425,54.735],[25.427,54.739],[25.438,54.74],[25.44,54.744],[25.448,54.741],[25.451,54.741],[25.454,54.768],[25.455,54.795],[25.455,54.802],[25.416,54.799],[25.416,54.804],[25.41,54.805],[25.377,54.806],[25.377,54.816],[25.363,54.816],[25.361,54.817],[25.36,54.806],[25.357,54.806],[25.354,54.811],[25.35,54.808],[25.337,54.811],[25.332,54.809],[25.328,54.811],[25.329,54.814],[25.321,54.818],[25.335,54.821],[25.334,54.824],[25.321,54.826],[25.314,54.832],[25.306,54.829],[25.305,54.827],[25.3,54.826],[25.294,54.827],[25.287,54.82],[25.285,54.814],[25.29,54.813],[25.294,54.81],[25.289,54.808],[25.291,54.798],[25.288,54.795],[25.282,54.797],[25.276,54.794],[25.276,54.785],[25.274,54.778],[25.285,54.779],[25.285,54.774],[25.271,54.776],[25.268,54.773],[25.248,54.767],[25.243,54.762],[25.242,54.758],[25.237,54.757],[25.23,54.758],[25.229,54.754],[25.218,54.756],[25.214,54.75],[25.203,54.76],[25.197,54.754],[25.191,54.755],[25.189,54.751],[25.183,54.749],[25.181,54.752],[25.175,54.753],[25.174,54.748],[25.177,54.744],[25.182,54.74],[25.189,54.736],[25.195,54.736],[25.193,54.741],[25.199,54.745],[25.205,54.745],[25.206,54.742],[25.206,54.728],[25.202,54.727],[25.201,54.72],[25.199,54.715],[25.191,54.716],[25.187,54.718],[25.186,54.721],[25.181,54.722],[25.17,54.727],[25.168,54.725],[25.161,54.728],[25.154,54.73],[25.152,54.726],[25.148,54.725],[25.153,54.715],[25.148,54.711],[25.14,54.711],[25.132,54.706],[25.126,54.706],[25.113,54.709],[25.106,54.704],[25.101,54.702],[25.118,54.699],[25.125,54.698],[25.135,54.695],[25.142,54.698],[25.15,54.697],[25.157,54.701],[25.169,54.697],[25.18,54.701],[25.182,54.694],[25.187,54.691],[25.188,54.685],[25.192,54.683],[25.178,54.673],[25.166,54.672],[25.159,54.681],[25.152,54.679],[25.143,54.681],[25.136,54.681],[25.127,54.676],[25.118,54.673],[25.11,54.674],[25.083,54.682],[25.082,54.685],[25.079,54.688],[25.071,54.69],[25.068,54.691],[25.069,54.684],[25.072,54.68],[25.072,54.674],[25.075,54.669],[25.079,54.667],[25.082,54.663],[25.086,54.662],[25.105,54.662],[25.11,54.659],[25.11,54.656],[25.091,54.657],[25.074,54.656],[25.075,54.65],[25.074,54.644],[25.077,54.64],[25.072,54.637],[25.06,54.633],[25.045,54.632],[25.025,54.623],[25.066,54.62],[25.071,54.61],[25.074,54.607],[25.076,54.601],[25.078,54.599]]]}},{"type":"Feature","properties":{"id":974204,"maakond_id":204,"name":"Marijampolės savivaldybė","bbox":[23.154,54.366,23.794,54.707]},"geometry":{"type":"Polygon","coordinates":[[[23.154,54.488],[23.156,54.489],[23.167,54.486],[23.196,54.478],[23.196,54.477],[23.205,54.478],[23.212,54.473],[23.227,54.471],[23.232,54.466],[23.243,54.465],[23.251,54.462],[23.256,54.464],[23.26,54.46],[23.273,54.478],[23.284,54.478],[23.293,54.474],[23.297,54.476],[23.307,54.476],[23.316,54.478],[23.324,54.474],[23.335,54.472],[23.332,54.461],[23.325,54.456],[23.316,54.454],[23.314,54.442],[23.342,54.438],[23.35,54.431],[23.345,54.427],[23.342,54.428],[23.333,54.426],[23.33,54.427],[23.319,54.424],[23.313,54.424],[23.315,54.42],[23.32,54.417],[23.329,54.417],[23.337,54.416],[23.349,54.411],[23.355,54.405],[23.39,54.398],[23.392,54.396],[23.394,54.379],[23.399,54.372],[23.399,54.367],[23.444,54.366],[23.443,54.371],[23.439,54.378],[23.439,54.385],[23.436,54.39],[23.441,54.391],[23.44,54.394],[23.431,54.399],[23.432,54.401],[23.455,54.4],[23.488,54.415],[23.512,54.414],[23.51,54.463],[23.511,54.466],[23.514,54.468],[23.531,54.466],[23.537,54.471],[23.562,54.473],[23.598,54.487],[23.613,54.487],[23.615,54.489],[23.614,54.493],[23.618,54.495],[23.617,54.5],[23.624,54.508],[23.64,54.513],[23.657,54.512],[23.662,54.509],[23.669,54.503],[23.669,54.499],[23.672,54.494],[23.676,54.484],[23.684,54.474],[23.714,54.484],[23.725,54.473],[23.751,54.466],[23.755,54.469],[23.752,54.47],[23.758,54.479],[23.761,54.478],[23.769,54.481],[23.784,54.491],[23.782,54.497],[23.788,54.501],[23.794,54.503],[23.783,54.511],[23.776,54.514],[23.771,54.519],[23.759,54.526],[23.758,54.532],[23.757,54.541],[23.755,54.544],[23.75,54.55],[23.722,54.545],[23.724,54.543],[23.705,54.541],[23.702,54.542],[23.696,54.555],[23.692,54.559],[23.687,54.56],[23.681,54.56],[23.679,54.562],[23.658,54.583],[23.674,54.587],[23.687,54.589],[23.699,54.593],[23.675,54.616],[23.667,54.614],[23.65,54.614],[23.637,54.613],[23.649,54.622],[23.647,54.624],[23.629,54.621],[23.625,54.629],[23.673,54.639],[23.673,54.64],[23.657,54.645],[23.651,54.646],[23.634,54.644],[23.628,54.647],[23.622,54.647],[23.618,54.65],[23.606,54.651],[23.599,54.649],[23.595,54.649],[23.587,54.646],[23.576,54.648],[23.575,54.645],[23.568,54.645],[23.563,54.643],[23.559,54.645],[23.554,54.642],[23.555,54.638],[23.545,54.631],[23.54,54.635],[23.544,54.639],[23.522,54.659],[23.514,54.658],[23.51,54.667],[23.517,54.668],[23.516,54.672],[23.492,54.674],[23.489,54.678],[23.483,54.696],[23.486,54.704],[23.473,54.705],[23.472,54.706],[23.461,54.707],[23.461,54.703],[23.457,54.695],[23.437,54.696],[23.434,54.701],[23.419,54.7],[23.412,54.693],[23.401,54.691],[23.378,54.702],[23.357,54.701],[23.353,54.691],[23.345,54.692],[23.345,54.687],[23.344,54.673],[23.333,54.666],[23.315,54.667],[23.309,54.653],[23.303,54.644],[23.292,54.616],[23.297,54.614],[23.277,54.596],[23.264,54.584],[23.263,54.576],[23.257,54.571],[23.235,54.578],[23.227,54.582],[23.208,54.582],[23.188,54.577],[23.187,54.567],[23.182,54.553],[23.192,54.549],[23.201,54.547],[23.21,54.541],[23.191,54.514],[23.194,54.509],[23.176,54.51],[23.168,54.512],[23.17,54.506],[23.166,54.502],[23.16,54.503],[23.154,54.492],[23.154,54.488]]]}},{"type":"Feature","properties":{"id":974207,"maakond_id":204,"name":"Kazlų Rūdos savivaldybė","bbox":[23.268,54.631,23.673,54.949]},"geometry":{"type":"Polygon","coordinates":[[[23.657,54.645],[23.66,54.65],[23.656,54.653],[23.664,54.657],[23.673,54.657],[23.673,54.662],[23.668,54.663],[23.669,54.666],[23.662,54.682],[23.656,54.689],[23.633,54.71],[23.663,54.72],[23.637,54.746],[23.648,54.759],[23.644,54.769],[23.635,54.769],[23.623,54.766],[23.613,54.761],[23.586,54.761],[23.587,54.767],[23.598,54.766],[23.609,54.772],[23.618,54.773],[23.625,54.781],[23.633,54.787],[23.624,54.79],[23.623,54.795],[23.627,54.797],[23.632,54.795],[23.642,54.804],[23.619,54.817],[23.618,54.819],[23.608,54.824],[23.625,54.84],[23.613,54.847],[23.598,54.853],[23.594,54.848],[23.589,54.844],[23.58,54.845],[23.58,54.855],[23.574,54.854],[23.568,54.856],[23.571,54.859],[23.545,54.867],[23.551,54.873],[23.575,54.869],[23.581,54.873],[23.581,54.877],[23.544,54.893],[23.542,54.896],[23.506,54.887],[23.51,54.88],[23.503,54.88],[23.499,54.883],[23.501,54.886],[23.489,54.887],[23.483,54.888],[23.479,54.891],[23.475,54.929],[23.394,54.949],[23.392,54.946],[23.394,54.937],[23.347,54.897],[23.334,54.885],[23.314,54.89],[23.306,54.885],[23.302,54.886],[23.287,54.878],[23.299,54.875],[23.275,54.849],[23.281,54.843],[23.292,54.843],[23.29,54.831],[23.305,54.828],[23.3,54.821],[23.299,54.813],[23.289,54.812],[23.268,54.783],[23.271,54.775],[23.277,54.773],[23.294,54.763],[23.285,54.759],[23.285,54.754],[23.285,54.746],[23.283,54.746],[23.282,54.727],[23.278,54.727],[23.278,54.717],[23.281,54.716],[23.275,54.705],[23.297,54.697],[23.308,54.697],[23.319,54.695],[23.329,54.694],[23.335,54.692],[23.34,54.688],[23.345,54.687],[23.345,54.692],[23.353,54.691],[23.357,54.701],[23.378,54.702],[23.401,54.691],[23.412,54.693],[23.419,54.7],[23.434,54.701],[23.437,54.696],[23.457,54.695],[23.461,54.703],[23.461,54.707],[23.472,54.706],[23.473,54.705],[23.486,54.704],[23.483,54.696],[23.489,54.678],[23.492,54.674],[23.516,54.672],[23.517,54.668],[23.51,54.667],[23.514,54.658],[23.522,54.659],[23.544,54.639],[23.54,54.635],[23.545,54.631],[23.555,54.638],[23.554,54.642],[23.559,54.645],[23.563,54.643],[23.568,54.645],[23.575,54.645],[23.576,54.648],[23.587,54.646],[23.595,54.649],[23.599,54.649],[23.606,54.651],[23.618,54.65],[23.622,54.647],[23.628,54.647],[23.634,54.644],[23.651,54.646],[23.657,54.645]]]}},{"type":"Feature","properties":{"id":974208,"maakond_id":204,"name":"Kalvarijos savivaldybė","bbox":[22.99,54.253,23.399,54.489]},"geometry":{"type":"Polygon","coordinates":[[[23.399,54.367],[23.399,54.372],[23.394,54.379],[23.392,54.396],[23.39,54.398],[23.355,54.405],[23.349,54.411],[23.337,54.416],[23.329,54.417],[23.32,54.417],[23.315,54.42],[23.313,54.424],[23.319,54.424],[23.33,54.427],[23.333,54.426],[23.342,54.428],[23.345,54.427],[23.35,54.431],[23.342,54.438],[23.314,54.442],[23.316,54.454],[23.325,54.456],[23.332,54.461],[23.335,54.472],[23.324,54.474],[23.316,54.478],[23.307,54.476],[23.297,54.476],[23.293,54.474],[23.284,54.478],[23.273,54.478],[23.26,54.46],[23.256,54.464],[23.251,54.462],[23.243,54.465],[23.232,54.466],[23.227,54.471],[23.212,54.473],[23.205,54.478],[23.196,54.477],[23.196,54.478],[23.167,54.486],[23.156,54.489],[23.154,54.488],[23.143,54.486],[23.14,54.483],[23.115,54.485],[23.109,54.48],[23.109,54.47],[23.087,54.451],[23.06,54.452],[23.059,54.45],[23.035,54.451],[23.034,54.445],[22.997,54.444],[22.994,54.445],[22.991,54.437],[22.99,54.424],[22.996,54.423],[22.994,54.409],[23.004,54.408],[23.004,54.406],[23.021,54.404],[23.02,54.401],[23.005,54.401],[23.002,54.384],[23.01,54.383],[22.994,54.362],[23.009,54.356],[23.027,54.352],[23.048,54.349],[23.058,54.345],[23.063,54.341],[23.051,54.334],[23.046,54.327],[23.042,54.316],[23.051,54.312],[23.061,54.31],[23.092,54.298],[23.1,54.299],[23.107,54.304],[23.128,54.311],[23.14,54.316],[23.16,54.31],[23.154,54.297],[23.17,54.295],[23.176,54.291],[23.202,54.289],[23.206,54.283],[23.211,54.278],[23.224,54.272],[23.234,54.261],[23.239,54.26],[23.249,54.257],[23.259,54.259],[23.282,54.261],[23.289,54.257],[23.297,54.256],[23.301,54.256],[23.322,54.253],[23.323,54.27],[23.331,54.27],[23.332,54.278],[23.312,54.296],[23.343,54.308],[23.345,54.311],[23.339,54.318],[23.338,54.329],[23.346,54.332],[23.344,54.339],[23.348,54.346],[23.358,54.345],[23.369,54.351],[23.366,54.353],[23.365,54.359],[23.392,54.363],[23.399,54.367]]]}},{"type":"Feature","properties":{"id":974219,"maakond_id":202,"name":"Kauno rajono savivaldybė","bbox":[23.391,54.725,24.247,55.202]},"geometry":{"type":"Polygon","coordinates":[[[24.099,54.912],[24.086,54.914],[24.079,54.914],[24.063,54.908],[24.057,54.901],[24.051,54.899],[24.02,54.864],[24.014,54.857],[24.019,54.853],[24.026,54.853],[24.033,54.852],[24.032,54.849],[24.042,54.844],[24.038,54.843],[24.027,54.835],[24.011,54.843],[23.998,54.84],[23.988,54.834],[23.983,54.836],[23.976,54.836],[23.969,54.844],[23.967,54.841],[23.959,54.836],[23.945,54.832],[23.939,54.828],[23.936,54.831],[23.935,54.837],[23.933,54.843],[23.93,54.846],[23.928,54.851],[23.916,54.851],[23.914,54.852],[23.9,54.854],[23.894,54.854],[23.884,54.857],[23.88,54.846],[23.865,54.848],[23.867,54.854],[23.856,54.858],[23.843,54.851],[23.83,54.868],[23.853,54.875],[23.854,54.874],[23.868,54.876],[23.869,54.891],[23.864,54.895],[23.864,54.898],[23.858,54.898],[23.84,54.899],[23.821,54.903],[23.823,54.906],[23.81,54.907],[23.798,54.913],[23.785,54.917],[23.774,54.922],[23.757,54.932],[23.765,54.932],[23.78,54.929],[23.786,54.926],[23.793,54.928],[23.797,54.936],[23.797,54.942],[23.802,54.954],[23.804,54.954],[23.812,54.945],[23.829,54.948],[23.829,54.942],[23.856,54.941],[23.865,54.944],[23.867,54.946],[23.875,54.946],[23.88,54.953],[23.887,54.954],[23.89,54.95],[23.897,54.954],[23.901,54.951],[23.913,54.96],[23.922,54.959],[23.926,54.957],[23.949,54.96],[23.955,54.959],[23.954,54.952],[23.959,54.95],[23.959,54.947],[23.969,54.946],[23.971,54.941],[23.979,54.937],[23.977,54.93],[23.988,54.932],[24.004,54.93],[24.045,54.927],[24.049,54.926],[24.054,54.927],[24.067,54.926],[24.074,54.924],[24.1,54.913],[24.12,54.921],[24.136,54.918],[24.137,54.92],[24.131,54.924],[24.14,54.929],[24.15,54.932],[24.138,54.936],[24.136,54.938],[24.114,54.951],[24.126,54.964],[24.114,54.964],[24.114,54.966],[24.126,54.971],[24.13,54.975],[24.126,54.979],[24.117,54.978],[24.094,54.978],[24.086,54.985],[24.093,54.988],[24.099,54.996],[24.101,55],[24.101,55.008],[24.108,55.011],[24.111,55.015],[24.109,55.018],[24.081,55.025],[24.068,55.028],[24.065,55.031],[24.064,55.037],[24.065,55.04],[24.075,55.046],[24.084,55.048],[24.081,55.051],[24.094,55.057],[24.1,55.052],[24.108,55.054],[24.097,55.06],[24.061,55.072],[24.07,55.076],[24.081,55.087],[24.088,55.1],[24.086,55.104],[24.09,55.107],[24.077,55.112],[24.063,55.111],[24.058,55.112],[24.055,55.115],[24.045,55.116],[24.04,55.115],[24.039,55.111],[24.023,55.105],[24.017,55.112],[24.016,55.116],[24,55.114],[23.998,55.112],[23.989,55.115],[23.996,55.122],[23.993,55.131],[23.968,55.135],[23.945,55.14],[23.943,55.139],[23.93,55.145],[23.911,55.152],[23.899,55.151],[23.894,55.153],[23.894,55.156],[23.883,55.163],[23.885,55.168],[23.879,55.17],[23.878,55.175],[23.863,55.185],[23.857,55.183],[23.85,55.183],[23.842,55.18],[23.843,55.177],[23.835,55.175],[23.83,55.172],[23.819,55.167],[23.814,55.166],[23.816,55.162],[23.81,55.158],[23.799,55.159],[23.797,55.157],[23.779,55.159],[23.755,55.157],[23.746,55.158],[23.733,55.158],[23.732,55.164],[23.701,55.16],[23.698,55.156],[23.654,55.156],[23.612,55.156],[23.613,55.151],[23.604,55.151],[23.601,55.148],[23.587,55.149],[23.559,55.158],[23.561,55.163],[23.55,55.171],[23.562,55.176],[23.552,55.178],[23.54,55.177],[23.527,55.179],[23.532,55.197],[23.521,55.198],[23.517,55.202],[23.51,55.201],[23.504,55.193],[23.499,55.19],[23.492,55.184],[23.492,55.181],[23.488,55.176],[23.487,55.171],[23.482,55.169],[23.484,55.167],[23.481,55.164],[23.479,55.156],[23.482,55.152],[23.478,55.149],[23.478,55.147],[23.483,55.145],[23.48,55.142],[23.481,55.136],[23.479,55.13],[23.481,55.125],[23.473,55.12],[23.474,55.117],[23.472,55.113],[23.468,55.111],[23.463,55.112],[23.461,55.108],[23.454,55.104],[23.441,55.091],[23.442,55.086],[23.439,55.083],[23.432,55.084],[23.429,55.081],[23.412,55.074],[23.418,55.073],[23.43,55.071],[23.439,55.068],[23.447,55.063],[23.459,55.056],[23.47,55.051],[23.489,55.047],[23.5,55.045],[23.528,55.043],[23.552,55.043],[23.562,55.042],[23.578,55.037],[23.585,55.033],[23.588,55.028],[23.586,55.018],[23.584,55.015],[23.588,55.009],[23.582,55.001],[23.575,55],[23.562,54.999],[23.554,55],[23.544,55.002],[23.537,54.999],[23.535,54.994],[23.531,54.994],[23.525,54.983],[23.506,54.973],[23.499,54.973],[23.488,54.971],[23.481,54.973],[23.46,54.978],[23.451,54.979],[23.442,54.977],[23.416,54.955],[23.402,54.959],[23.391,54.949],[23.394,54.949],[23.475,54.929],[23.479,54.891],[23.483,54.888],[23.489,54.887],[23.501,54.886],[23.499,54.883],[23.503,54.88],[23.51,54.88],[23.506,54.887],[23.542,54.896],[23.544,54.893],[23.581,54.877],[23.581,54.873],[23.575,54.869],[23.551,54.873],[23.545,54.867],[23.571,54.859],[23.568,54.856],[23.574,54.854],[23.58,54.855],[23.58,54.845],[23.589,54.844],[23.594,54.848],[23.598,54.853],[23.613,54.847],[23.625,54.84],[23.608,54.824],[23.618,54.819],[23.619,54.817],[23.642,54.804],[23.655,54.798],[23.673,54.811],[23.704,54.808],[23.709,54.808],[23.72,54.803],[23.718,54.801],[23.741,54.802],[23.763,54.801],[23.767,54.787],[23.776,54.785],[23.77,54.782],[23.776,54.777],[23.771,54.773],[23.773,54.769],[23.779,54.764],[23.802,54.759],[23.805,54.759],[23.812,54.752],[23.825,54.747],[23.82,54.743],[23.812,54.742],[23.813,54.737],[23.82,54.734],[23.823,54.738],[23.828,54.735],[23.825,54.733],[23.824,54.729],[23.831,54.725],[23.843,54.73],[23.854,54.73],[23.86,54.734],[23.859,54.738],[23.862,54.74],[23.87,54.739],[23.874,54.742],[23.894,54.738],[23.9,54.747],[23.91,54.748],[23.919,54.751],[23.92,54.755],[23.925,54.757],[23.938,54.754],[23.945,54.747],[23.951,54.749],[23.953,54.752],[23.961,54.753],[23.987,54.758],[23.993,54.758],[24.007,54.762],[24.017,54.781],[24.024,54.777],[24.052,54.768],[24.061,54.766],[24.065,54.761],[24.071,54.757],[24.074,54.753],[24.083,54.746],[24.098,54.751],[24.099,54.753],[24.108,54.754],[24.114,54.749],[24.124,54.744],[24.131,54.748],[24.134,54.752],[24.134,54.757],[24.138,54.76],[24.145,54.764],[24.149,54.767],[24.15,54.772],[24.147,54.779],[24.14,54.786],[24.137,54.791],[24.134,54.807],[24.138,54.812],[24.145,54.815],[24.155,54.816],[24.168,54.815],[24.182,54.808],[24.198,54.803],[24.213,54.801],[24.228,54.803],[24.235,54.806],[24.239,54.804],[24.242,54.807],[24.247,54.814],[24.247,54.819],[24.24,54.826],[24.228,54.831],[24.217,54.833],[24.209,54.836],[24.197,54.844],[24.186,54.859],[24.18,54.863],[24.171,54.865],[24.15,54.869],[24.137,54.873],[24.133,54.876],[24.13,54.886],[24.123,54.893],[24.112,54.896],[24.102,54.896],[24.103,54.904],[24.099,54.912]]]}},{"type":"Feature","properties":{"id":977316,"maakond_id":210,"name":"Vilniaus rajono savivaldybė","bbox":[24.851,54.464,25.763,55.046]},"geometry":{"type":"Polygon","coordinates":[[[25.222,55.042],[25.187,55.033],[25.193,55.022],[25.197,55.022],[25.201,54.995],[25.199,54.99],[25.194,54.985],[25.197,54.98],[25.193,54.978],[25.192,54.973],[25.207,54.97],[25.206,54.966],[25.2,54.964],[25.199,54.961],[25.193,54.958],[25.19,54.96],[25.181,54.959],[25.181,54.961],[25.159,54.966],[25.146,54.939],[25.136,54.936],[25.148,54.908],[25.158,54.899],[25.144,54.896],[25.138,54.9],[25.118,54.903],[25.112,54.898],[25.128,54.889],[25.124,54.884],[25.118,54.884],[25.117,54.88],[25.11,54.882],[25.102,54.882],[25.1,54.884],[25.08,54.886],[25.077,54.889],[25.061,54.89],[25.054,54.889],[25.05,54.887],[25.049,54.883],[25.035,54.882],[25.015,54.882],[25.016,54.886],[25.011,54.89],[24.999,54.887],[24.991,54.882],[24.978,54.882],[24.971,54.88],[24.972,54.875],[24.976,54.876],[24.978,54.869],[24.973,54.864],[24.967,54.863],[24.961,54.868],[24.957,54.866],[24.952,54.871],[24.948,54.868],[24.943,54.867],[24.942,54.873],[24.934,54.876],[24.91,54.878],[24.907,54.882],[24.902,54.88],[24.885,54.871],[24.881,54.872],[24.877,54.875],[24.871,54.876],[24.857,54.874],[24.851,54.867],[24.853,54.859],[24.862,54.856],[24.863,54.853],[24.86,54.848],[24.868,54.843],[24.874,54.843],[24.881,54.845],[24.892,54.846],[24.9,54.843],[24.905,54.839],[24.904,54.834],[24.896,54.834],[24.892,54.832],[24.891,54.826],[24.888,54.824],[24.885,54.817],[24.89,54.809],[24.891,54.803],[24.888,54.799],[24.889,54.792],[24.897,54.79],[24.901,54.785],[24.912,54.787],[24.914,54.791],[24.92,54.796],[24.918,54.808],[24.919,54.812],[24.926,54.816],[24.936,54.815],[24.951,54.813],[24.964,54.809],[24.974,54.803],[24.977,54.8],[24.972,54.795],[24.959,54.792],[24.949,54.786],[24.944,54.781],[24.939,54.778],[24.939,54.775],[24.947,54.772],[24.947,54.768],[24.956,54.77],[24.967,54.767],[24.973,54.763],[24.975,54.758],[24.978,54.755],[24.989,54.753],[24.996,54.749],[24.995,54.747],[24.983,54.745],[24.974,54.74],[24.975,54.737],[24.979,54.734],[24.99,54.735],[24.998,54.734],[25.001,54.736],[25.01,54.737],[25.015,54.739],[25.022,54.737],[25.024,54.733],[25.013,54.729],[25.011,54.724],[25.023,54.721],[25.03,54.721],[25.036,54.723],[25.049,54.722],[25.057,54.719],[25.063,54.716],[25.071,54.709],[25.075,54.706],[25.075,54.703],[25.07,54.695],[25.071,54.69],[25.079,54.688],[25.082,54.685],[25.083,54.682],[25.11,54.674],[25.118,54.673],[25.127,54.676],[25.136,54.681],[25.143,54.681],[25.152,54.679],[25.159,54.681],[25.166,54.672],[25.178,54.673],[25.192,54.683],[25.188,54.685],[25.187,54.691],[25.182,54.694],[25.18,54.701],[25.169,54.697],[25.157,54.701],[25.15,54.697],[25.142,54.698],[25.135,54.695],[25.125,54.698],[25.118,54.699],[25.101,54.702],[25.106,54.704],[25.113,54.709],[25.126,54.706],[25.132,54.706],[25.14,54.711],[25.148,54.711],[25.153,54.715],[25.148,54.725],[25.152,54.726],[25.154,54.73],[25.161,54.728],[25.168,54.725],[25.17,54.727],[25.181,54.722],[25.186,54.721],[25.187,54.718],[25.191,54.716],[25.199,54.715],[25.201,54.72],[25.202,54.727],[25.206,54.728],[25.206,54.742],[25.205,54.745],[25.199,54.745],[25.193,54.741],[25.195,54.736],[25.189,54.736],[25.182,54.74],[25.177,54.744],[25.174,54.748],[25.175,54.753],[25.181,54.752],[25.183,54.749],[25.189,54.751],[25.191,54.755],[25.197,54.754],[25.203,54.76],[25.214,54.75],[25.218,54.756],[25.229,54.754],[25.23,54.758],[25.237,54.757],[25.242,54.758],[25.243,54.762],[25.248,54.767],[25.268,54.773],[25.271,54.776],[25.285,54.774],[25.285,54.779],[25.274,54.778],[25.276,54.785],[25.276,54.794],[25.282,54.797],[25.288,54.795],[25.291,54.798],[25.289,54.808],[25.294,54.81],[25.29,54.813],[25.285,54.814],[25.287,54.82],[25.294,54.827],[25.3,54.826],[25.305,54.827],[25.306,54.829],[25.314,54.832],[25.321,54.826],[25.334,54.824],[25.335,54.821],[25.321,54.818],[25.329,54.814],[25.328,54.811],[25.332,54.809],[25.337,54.811],[25.35,54.808],[25.354,54.811],[25.357,54.806],[25.36,54.806],[25.361,54.817],[25.363,54.816],[25.377,54.816],[25.377,54.806],[25.41,54.805],[25.416,54.804],[25.416,54.799],[25.455,54.802],[25.455,54.795],[25.454,54.768],[25.451,54.741],[25.448,54.741],[25.44,54.744],[25.438,54.74],[25.427,54.739],[25.425,54.735],[25.426,54.73],[25.418,54.728],[25.412,54.728],[25.412,54.724],[25.408,54.723],[25.408,54.718],[25.412,54.718],[25.413,54.713],[25.427,54.709],[25.426,54.713],[25.433,54.714],[25.441,54.708],[25.452,54.706],[25.458,54.706],[25.465,54.708],[25.466,54.704],[25.46,54.697],[25.465,54.695],[25.473,54.695],[25.48,54.697],[25.481,54.688],[25.475,54.685],[25.471,54.688],[25.458,54.687],[25.449,54.685],[25.446,54.682],[25.451,54.678],[25.446,54.676],[25.433,54.676],[25.428,54.674],[25.415,54.678],[25.405,54.676],[25.404,54.669],[25.401,54.668],[25.39,54.667],[25.384,54.665],[25.382,54.663],[25.38,54.658],[25.371,54.647],[25.365,54.644],[25.361,54.64],[25.351,54.642],[25.324,54.649],[25.32,54.647],[25.32,54.639],[25.321,54.631],[25.326,54.631],[25.328,54.627],[25.321,54.626],[25.322,54.617],[25.331,54.61],[25.321,54.607],[25.322,54.604],[25.314,54.603],[25.314,54.599],[25.288,54.593],[25.288,54.595],[25.28,54.595],[25.268,54.592],[25.254,54.591],[25.25,54.593],[25.247,54.59],[25.241,54.593],[25.236,54.589],[25.241,54.587],[25.236,54.584],[25.246,54.578],[25.239,54.575],[25.233,54.577],[25.234,54.582],[25.225,54.588],[25.214,54.589],[25.212,54.588],[25.202,54.6],[25.196,54.602],[25.191,54.601],[25.182,54.606],[25.173,54.607],[25.167,54.601],[25.168,54.598],[25.173,54.599],[25.177,54.596],[25.185,54.591],[25.183,54.589],[25.186,54.58],[25.186,54.57],[25.18,54.569],[25.158,54.571],[25.148,54.574],[25.145,54.578],[25.138,54.579],[25.135,54.577],[25.129,54.579],[25.132,54.574],[25.121,54.57],[25.115,54.579],[25.113,54.578],[25.103,54.583],[25.093,54.59],[25.115,54.592],[25.112,54.597],[25.115,54.601],[25.107,54.605],[25.105,54.604],[25.099,54.609],[25.084,54.605],[25.078,54.599],[25.064,54.584],[25.057,54.579],[25.045,54.57],[25.032,54.56],[25.028,54.555],[25.037,54.555],[25.04,54.552],[25.083,54.551],[25.087,54.559],[25.091,54.558],[25.094,54.565],[25.101,54.563],[25.114,54.557],[25.106,54.551],[25.107,54.55],[25.118,54.545],[25.127,54.544],[25.131,54.545],[25.132,54.548],[25.143,54.546],[25.142,54.539],[25.165,54.541],[25.164,54.538],[25.17,54.534],[25.166,54.529],[25.166,54.523],[25.145,54.518],[25.151,54.51],[25.148,54.506],[25.149,54.499],[25.145,54.492],[25.144,54.489],[25.14,54.487],[25.143,54.482],[25.14,54.479],[25.141,54.473],[25.146,54.472],[25.147,54.467],[25.153,54.469],[25.159,54.475],[25.169,54.481],[25.184,54.484],[25.189,54.491],[25.196,54.498],[25.213,54.507],[25.22,54.503],[25.223,54.497],[25.23,54.492],[25.231,54.488],[25.221,54.475],[25.229,54.474],[25.236,54.471],[25.242,54.464],[25.255,54.464],[25.263,54.465],[25.303,54.465],[25.31,54.466],[25.319,54.472],[25.318,54.481],[25.319,54.494],[25.324,54.492],[25.334,54.498],[25.343,54.495],[25.347,54.498],[25.355,54.501],[25.357,54.498],[25.381,54.498],[25.385,54.501],[25.407,54.499],[25.412,54.496],[25.419,54.495],[25.416,54.492],[25.42,54.489],[25.429,54.494],[25.435,54.495],[25.438,54.492],[25.442,54.495],[25.439,54.497],[25.441,54.499],[25.438,54.502],[25.445,54.504],[25.456,54.496],[25.46,54.497],[25.469,54.493],[25.484,54.483],[25.493,54.48],[25.502,54.482],[25.503,54.479],[25.516,54.481],[25.516,54.476],[25.524,54.477],[25.527,54.468],[25.533,54.467],[25.542,54.469],[25.545,54.476],[25.555,54.476],[25.558,54.473],[25.557,54.469],[25.574,54.467],[25.573,54.47],[25.576,54.478],[25.587,54.482],[25.592,54.48],[25.603,54.482],[25.609,54.492],[25.614,54.492],[25.616,54.49],[25.625,54.49],[25.625,54.481],[25.628,54.477],[25.638,54.477],[25.643,54.483],[25.649,54.489],[25.654,54.498],[25.657,54.509],[25.682,54.536],[25.698,54.543],[25.716,54.55],[25.735,54.559],[25.747,54.562],[25.75,54.565],[25.75,54.568],[25.763,54.577],[25.76,54.591],[25.755,54.593],[25.755,54.597],[25.758,54.601],[25.756,54.608],[25.753,54.61],[25.757,54.619],[25.751,54.624],[25.746,54.626],[25.749,54.629],[25.744,54.632],[25.749,54.638],[25.746,54.64],[25.734,54.677],[25.73,54.683],[25.734,54.686],[25.74,54.686],[25.737,54.691],[25.735,54.702],[25.742,54.709],[25.745,54.719],[25.747,54.73],[25.747,54.744],[25.745,54.753],[25.748,54.758],[25.749,54.764],[25.743,54.773],[25.74,54.779],[25.739,54.785],[25.735,54.796],[25.734,54.802],[25.742,54.809],[25.743,54.815],[25.748,54.818],[25.752,54.824],[25.745,54.826],[25.742,54.832],[25.742,54.843],[25.744,54.853],[25.747,54.856],[25.744,54.865],[25.74,54.865],[25.735,54.863],[25.728,54.862],[25.725,54.859],[25.718,54.857],[25.709,54.859],[25.703,54.864],[25.703,54.878],[25.697,54.882],[25.693,54.886],[25.693,54.895],[25.685,54.898],[25.679,54.898],[25.664,54.894],[25.657,54.897],[25.65,54.897],[25.644,54.9],[25.64,54.906],[25.642,54.91],[25.639,54.917],[25.646,54.921],[25.65,54.926],[25.642,54.929],[25.648,54.932],[25.65,54.937],[25.658,54.941],[25.664,54.943],[25.665,54.947],[25.675,54.949],[25.684,54.953],[25.693,54.954],[25.686,54.965],[25.67,54.964],[25.667,54.979],[25.652,54.979],[25.643,54.981],[25.641,54.979],[25.631,54.979],[25.628,54.983],[25.634,54.988],[25.615,54.991],[25.61,54.993],[25.601,54.993],[25.596,54.995],[25.593,55],[25.59,55.001],[25.587,55.009],[25.579,55.012],[25.57,55.012],[25.561,55.015],[25.557,55.02],[25.541,55.027],[25.542,55.032],[25.534,55.033],[25.529,55.036],[25.526,55.041],[25.518,55.041],[25.507,55.04],[25.497,55.042],[25.484,55.038],[25.459,55.037],[25.457,55.036],[25.44,55.034],[25.428,55.035],[25.422,55.033],[25.398,55.04],[25.396,55.037],[25.386,55.037],[25.382,55.031],[25.348,55.034],[25.342,55.032],[25.331,55.032],[25.321,55.035],[25.309,55.037],[25.302,55.045],[25.28,55.046],[25.271,55.046],[25.226,55.042],[25.222,55.042]]]}},{"type":"Feature","properties":{"id":1002044,"maakond_id":207,"name":"Pagėgių savivaldybė","bbox":[21.65,55.024,22.311,55.297]},"geometry":{"type":"Polygon","coordinates":[[[22.297,55.142],[22.294,55.143],[22.289,55.149],[22.278,55.149],[22.271,55.15],[22.265,55.149],[22.26,55.153],[22.253,55.149],[22.247,55.148],[22.235,55.153],[22.23,55.153],[22.22,55.151],[22.216,55.155],[22.192,55.153],[22.169,55.173],[22.159,55.175],[22.157,55.171],[22.151,55.171],[22.153,55.166],[22.142,55.166],[22.126,55.167],[22.104,55.16],[22.099,55.16],[22.098,55.156],[22.083,55.152],[22.073,55.154],[22.058,55.152],[22.057,55.159],[22.06,55.163],[22.065,55.167],[22.064,55.17],[22.056,55.179],[22.053,55.18],[22.048,55.19],[22.043,55.198],[22.033,55.221],[22.028,55.224],[22.038,55.23],[22.04,55.235],[22.034,55.239],[22.031,55.239],[22.004,55.247],[21.989,55.249],[21.956,55.261],[21.937,55.266],[21.922,55.268],[21.911,55.268],[21.903,55.272],[21.889,55.275],[21.884,55.273],[21.88,55.276],[21.896,55.288],[21.888,55.291],[21.884,55.297],[21.872,55.294],[21.873,55.291],[21.867,55.288],[21.864,55.283],[21.856,55.279],[21.85,55.27],[21.858,55.262],[21.857,55.26],[21.862,55.25],[21.869,55.246],[21.883,55.238],[21.874,55.233],[21.877,55.23],[21.872,55.216],[21.866,55.203],[21.826,55.212],[21.812,55.213],[21.82,55.22],[21.809,55.224],[21.803,55.225],[21.792,55.23],[21.779,55.225],[21.766,55.229],[21.765,55.227],[21.748,55.229],[21.735,55.226],[21.73,55.222],[21.738,55.217],[21.733,55.216],[21.73,55.212],[21.721,55.211],[21.701,55.212],[21.691,55.212],[21.691,55.205],[21.681,55.199],[21.68,55.2],[21.667,55.2],[21.661,55.188],[21.666,55.187],[21.669,55.182],[21.662,55.181],[21.655,55.182],[21.65,55.181],[21.658,55.176],[21.671,55.167],[21.683,55.165],[21.69,55.162],[21.714,55.148],[21.716,55.145],[21.717,55.137],[21.725,55.133],[21.738,55.131],[21.747,55.129],[21.758,55.124],[21.774,55.12],[21.787,55.119],[21.805,55.12],[21.813,55.119],[21.821,55.117],[21.825,55.114],[21.844,55.1],[21.853,55.096],[21.878,55.094],[21.884,55.092],[21.894,55.088],[21.91,55.083],[21.927,55.079],[21.953,55.076],[21.966,55.074],[21.971,55.076],[21.981,55.083],[21.986,55.085],[21.998,55.087],[22.012,55.087],[22.032,55.084],[22.039,55.081],[22.04,55.074],[22.04,55.069],[22.033,55.06],[22.031,55.054],[22.033,55.048],[22.04,55.039],[22.048,55.034],[22.065,55.028],[22.08,55.025],[22.101,55.024],[22.115,55.026],[22.124,55.03],[22.128,55.036],[22.131,55.043],[22.134,55.046],[22.138,55.049],[22.157,55.055],[22.162,55.056],[22.186,55.054],[22.195,55.055],[22.21,55.059],[22.227,55.061],[22.253,55.062],[22.277,55.064],[22.277,55.068],[22.262,55.109],[22.269,55.113],[22.261,55.117],[22.261,55.119],[22.267,55.127],[22.273,55.127],[22.278,55.134],[22.268,55.136],[22.269,55.141],[22.29,55.141],[22.299,55.136],[22.309,55.136],[22.311,55.139],[22.303,55.139],[22.297,55.142]]]}},{"type":"Feature","properties":{"id":1002203,"maakond_id":209,"name":"Molėtų rajono savivaldybė","bbox":[25.069,55.031,25.8,55.426]},"geometry":{"type":"Polygon","coordinates":[[[25.526,55.041],[25.532,55.047],[25.532,55.053],[25.542,55.054],[25.552,55.054],[25.562,55.048],[25.573,55.048],[25.579,55.053],[25.579,55.06],[25.581,55.061],[25.593,55.061],[25.601,55.063],[25.604,55.06],[25.613,55.06],[25.621,55.062],[25.625,55.065],[25.646,55.059],[25.654,55.061],[25.657,55.06],[25.659,55.055],[25.656,55.05],[25.661,55.05],[25.665,55.041],[25.67,55.04],[25.673,55.043],[25.684,55.04],[25.686,55.043],[25.695,55.043],[25.7,55.046],[25.706,55.047],[25.705,55.041],[25.708,55.037],[25.716,55.036],[25.721,55.037],[25.733,55.036],[25.758,55.038],[25.76,55.043],[25.749,55.042],[25.745,55.04],[25.741,55.043],[25.745,55.046],[25.745,55.049],[25.741,55.051],[25.736,55.051],[25.748,55.058],[25.739,55.06],[25.743,55.063],[25.752,55.071],[25.757,55.074],[25.757,55.08],[25.753,55.081],[25.743,55.08],[25.741,55.075],[25.733,55.076],[25.73,55.08],[25.731,55.083],[25.739,55.081],[25.748,55.089],[25.753,55.083],[25.757,55.086],[25.765,55.083],[25.768,55.084],[25.763,55.09],[25.767,55.094],[25.763,55.098],[25.747,55.098],[25.754,55.101],[25.751,55.105],[25.755,55.106],[25.775,55.103],[25.778,55.106],[25.778,55.111],[25.782,55.115],[25.79,55.114],[25.793,55.12],[25.8,55.121],[25.797,55.126],[25.791,55.12],[25.763,55.125],[25.76,55.129],[25.751,55.133],[25.741,55.131],[25.738,55.135],[25.725,55.137],[25.722,55.145],[25.713,55.146],[25.708,55.143],[25.708,55.173],[25.686,55.173],[25.683,55.178],[25.67,55.182],[25.665,55.182],[25.654,55.185],[25.653,55.189],[25.648,55.197],[25.652,55.2],[25.649,55.204],[25.653,55.209],[25.66,55.207],[25.675,55.215],[25.673,55.218],[25.665,55.218],[25.665,55.221],[25.659,55.223],[25.666,55.227],[25.663,55.233],[25.679,55.245],[25.699,55.239],[25.708,55.24],[25.706,55.245],[25.703,55.248],[25.694,55.246],[25.694,55.25],[25.699,55.256],[25.695,55.26],[25.687,55.257],[25.683,55.26],[25.684,55.268],[25.682,55.273],[25.695,55.268],[25.703,55.267],[25.706,55.272],[25.712,55.276],[25.715,55.282],[25.711,55.287],[25.723,55.288],[25.727,55.291],[25.724,55.295],[25.734,55.301],[25.734,55.305],[25.722,55.307],[25.721,55.31],[25.728,55.315],[25.733,55.315],[25.736,55.317],[25.743,55.319],[25.738,55.328],[25.739,55.33],[25.735,55.334],[25.748,55.334],[25.749,55.345],[25.75,55.349],[25.757,55.349],[25.757,55.354],[25.753,55.355],[25.746,55.361],[25.744,55.36],[25.735,55.365],[25.716,55.37],[25.711,55.372],[25.697,55.369],[25.693,55.374],[25.696,55.381],[25.69,55.381],[25.685,55.378],[25.676,55.374],[25.667,55.376],[25.659,55.372],[25.645,55.371],[25.645,55.375],[25.637,55.382],[25.628,55.382],[25.624,55.384],[25.619,55.382],[25.605,55.381],[25.59,55.383],[25.583,55.384],[25.572,55.386],[25.566,55.381],[25.556,55.382],[25.55,55.377],[25.543,55.379],[25.54,55.377],[25.533,55.379],[25.536,55.387],[25.527,55.391],[25.52,55.393],[25.505,55.384],[25.488,55.389],[25.486,55.393],[25.487,55.396],[25.479,55.396],[25.476,55.403],[25.47,55.402],[25.455,55.396],[25.453,55.39],[25.433,55.392],[25.431,55.392],[25.436,55.403],[25.433,55.405],[25.417,55.419],[25.412,55.419],[25.405,55.421],[25.401,55.423],[25.385,55.426],[25.388,55.422],[25.399,55.421],[25.397,55.415],[25.392,55.411],[25.38,55.411],[25.375,55.408],[25.368,55.389],[25.329,55.395],[25.317,55.391],[25.3,55.388],[25.28,55.385],[25.264,55.385],[25.257,55.387],[25.246,55.392],[25.239,55.391],[25.233,55.399],[25.226,55.404],[25.217,55.405],[25.212,55.4],[25.203,55.403],[25.197,55.404],[25.193,55.407],[25.186,55.403],[25.18,55.402],[25.176,55.396],[25.17,55.394],[25.167,55.39],[25.17,55.389],[25.173,55.385],[25.169,55.381],[25.169,55.377],[25.16,55.376],[25.154,55.37],[25.151,55.369],[25.141,55.37],[25.115,55.375],[25.104,55.371],[25.096,55.365],[25.08,55.359],[25.081,55.351],[25.092,55.348],[25.093,55.344],[25.104,55.346],[25.113,55.342],[25.117,55.337],[25.13,55.327],[25.131,55.324],[25.125,55.32],[25.119,55.318],[25.104,55.316],[25.092,55.316],[25.084,55.318],[25.079,55.318],[25.069,55.315],[25.073,55.313],[25.076,55.306],[25.082,55.305],[25.084,55.295],[25.081,55.292],[25.092,55.292],[25.099,55.288],[25.105,55.28],[25.111,55.28],[25.108,55.274],[25.108,55.269],[25.106,55.265],[25.122,55.262],[25.141,55.257],[25.143,55.256],[25.152,55.259],[25.16,55.265],[25.171,55.267],[25.179,55.264],[25.189,55.266],[25.186,55.262],[25.178,55.237],[25.174,55.236],[25.157,55.222],[25.166,55.216],[25.174,55.212],[25.177,55.209],[25.199,55.209],[25.212,55.214],[25.222,55.209],[25.229,55.203],[25.234,55.196],[25.242,55.197],[25.247,55.196],[25.244,55.192],[25.253,55.192],[25.255,55.195],[25.267,55.192],[25.266,55.188],[25.257,55.19],[25.244,55.19],[25.238,55.188],[25.243,55.185],[25.227,55.179],[25.233,55.17],[25.229,55.167],[25.224,55.165],[25.219,55.166],[25.191,55.154],[25.169,55.152],[25.167,55.152],[25.167,55.144],[25.175,55.142],[25.175,55.139],[25.166,55.135],[25.166,55.131],[25.157,55.131],[25.161,55.126],[25.162,55.119],[25.149,55.112],[25.156,55.107],[25.156,55.103],[25.148,55.096],[25.157,55.089],[25.162,55.092],[25.163,55.097],[25.17,55.097],[25.173,55.093],[25.183,55.092],[25.195,55.093],[25.203,55.095],[25.211,55.09],[25.222,55.088],[25.226,55.081],[25.222,55.077],[25.226,55.069],[25.234,55.067],[25.236,55.063],[25.229,55.06],[25.226,55.056],[25.214,55.054],[25.222,55.042],[25.226,55.042],[25.271,55.046],[25.28,55.046],[25.302,55.045],[25.309,55.037],[25.321,55.035],[25.331,55.032],[25.342,55.032],[25.348,55.034],[25.382,55.031],[25.386,55.037],[25.396,55.037],[25.398,55.04],[25.422,55.033],[25.428,55.035],[25.44,55.034],[25.457,55.036],[25.459,55.037],[25.484,55.038],[25.497,55.042],[25.507,55.04],[25.518,55.041],[25.526,55.041]]]}},{"type":"Feature","properties":{"id":1002204,"maakond_id":209,"name":"Anykščių rajono savivaldybė","bbox":[24.655,55.306,25.519,55.764]},"geometry":{"type":"Polygon","coordinates":[[[25.519,55.721],[25.496,55.726],[25.498,55.73],[25.503,55.736],[25.473,55.743],[25.465,55.731],[25.441,55.739],[25.424,55.751],[25.403,55.758],[25.395,55.758],[25.391,55.764],[25.376,55.76],[25.365,55.762],[25.365,55.758],[25.361,55.754],[25.353,55.746],[25.349,55.747],[25.342,55.742],[25.334,55.732],[25.332,55.734],[25.321,55.737],[25.296,55.733],[25.298,55.717],[25.302,55.715],[25.311,55.714],[25.3,55.702],[25.293,55.703],[25.281,55.709],[25.266,55.717],[25.239,55.714],[25.239,55.713],[25.211,55.707],[25.1,55.682],[25.087,55.7],[25.091,55.703],[25.086,55.704],[25.085,55.709],[25.095,55.715],[25.086,55.714],[25.078,55.719],[25.064,55.716],[25.055,55.721],[25.045,55.724],[25.028,55.726],[25.01,55.732],[25.004,55.728],[24.998,55.726],[24.996,55.731],[24.98,55.736],[24.97,55.736],[24.963,55.731],[24.95,55.724],[24.937,55.719],[24.925,55.718],[24.913,55.723],[24.89,55.726],[24.889,55.722],[24.867,55.72],[24.871,55.717],[24.869,55.706],[24.863,55.709],[24.854,55.704],[24.844,55.712],[24.842,55.717],[24.828,55.723],[24.805,55.715],[24.791,55.71],[24.776,55.711],[24.762,55.717],[24.757,55.717],[24.749,55.713],[24.735,55.716],[24.723,55.725],[24.716,55.721],[24.721,55.712],[24.724,55.706],[24.72,55.698],[24.722,55.697],[24.72,55.69],[24.715,55.687],[24.719,55.681],[24.739,55.68],[24.741,55.677],[24.751,55.673],[24.748,55.671],[24.743,55.671],[24.737,55.667],[24.736,55.662],[24.731,55.657],[24.728,55.656],[24.702,55.665],[24.709,55.671],[24.699,55.67],[24.695,55.671],[24.691,55.669],[24.689,55.666],[24.675,55.665],[24.673,55.668],[24.655,55.665],[24.656,55.654],[24.662,55.654],[24.659,55.648],[24.666,55.643],[24.672,55.646],[24.679,55.646],[24.683,55.647],[24.687,55.652],[24.694,55.655],[24.703,55.651],[24.709,55.647],[24.707,55.645],[24.721,55.635],[24.722,55.628],[24.722,55.618],[24.725,55.609],[24.685,55.604],[24.678,55.601],[24.669,55.583],[24.674,55.574],[24.672,55.574],[24.675,55.568],[24.673,55.565],[24.664,55.563],[24.663,55.56],[24.674,55.552],[24.673,55.543],[24.667,55.536],[24.655,55.526],[24.656,55.522],[24.655,55.518],[24.659,55.504],[24.657,55.501],[24.663,55.497],[24.675,55.504],[24.683,55.499],[24.69,55.504],[24.696,55.507],[24.713,55.502],[24.719,55.5],[24.718,55.498],[24.723,55.491],[24.733,55.493],[24.743,55.482],[24.743,55.479],[24.76,55.479],[24.768,55.481],[24.772,55.48],[24.774,55.467],[24.781,55.467],[24.779,55.463],[24.782,55.459],[24.785,55.452],[24.794,55.451],[24.801,55.446],[24.814,55.445],[24.816,55.438],[24.82,55.438],[24.819,55.43],[24.817,55.423],[24.812,55.419],[24.797,55.425],[24.79,55.418],[24.791,55.416],[24.783,55.41],[24.793,55.405],[24.788,55.399],[24.784,55.381],[24.789,55.373],[24.793,55.374],[24.829,55.361],[24.828,55.357],[24.842,55.359],[24.851,55.353],[24.859,55.354],[24.87,55.357],[24.873,55.36],[24.888,55.358],[24.899,55.359],[24.901,55.356],[24.899,55.352],[24.891,55.346],[24.896,55.343],[24.905,55.34],[24.968,55.357],[24.975,55.348],[24.977,55.329],[24.984,55.313],[24.997,55.306],[25.005,55.309],[25.008,55.314],[25.016,55.316],[25.022,55.316],[25.031,55.313],[25.034,55.311],[25.044,55.311],[25.046,55.313],[25.052,55.314],[25.051,55.308],[25.058,55.307],[25.066,55.308],[25.073,55.313],[25.069,55.315],[25.079,55.318],[25.084,55.318],[25.092,55.316],[25.104,55.316],[25.119,55.318],[25.125,55.32],[25.131,55.324],[25.13,55.327],[25.117,55.337],[25.113,55.342],[25.104,55.346],[25.093,55.344],[25.092,55.348],[25.081,55.351],[25.08,55.359],[25.096,55.365],[25.104,55.371],[25.115,55.375],[25.141,55.37],[25.151,55.369],[25.154,55.37],[25.16,55.376],[25.169,55.377],[25.169,55.381],[25.173,55.385],[25.17,55.389],[25.167,55.39],[25.17,55.394],[25.176,55.396],[25.18,55.402],[25.186,55.403],[25.193,55.407],[25.197,55.404],[25.203,55.403],[25.212,55.4],[25.217,55.405],[25.226,55.404],[25.233,55.399],[25.239,55.391],[25.246,55.392],[25.257,55.387],[25.264,55.385],[25.28,55.385],[25.3,55.388],[25.317,55.391],[25.329,55.395],[25.368,55.389],[25.375,55.408],[25.38,55.411],[25.392,55.411],[25.397,55.415],[25.399,55.421],[25.388,55.422],[25.38,55.425],[25.366,55.424],[25.361,55.429],[25.364,55.437],[25.371,55.436],[25.374,55.444],[25.374,55.451],[25.38,55.452],[25.386,55.458],[25.388,55.466],[25.39,55.468],[25.385,55.471],[25.38,55.469],[25.368,55.473],[25.359,55.479],[25.36,55.482],[25.375,55.487],[25.392,55.494],[25.391,55.499],[25.394,55.504],[25.4,55.508],[25.419,55.507],[25.419,55.51],[25.423,55.511],[25.407,55.519],[25.411,55.525],[25.421,55.531],[25.406,55.551],[25.427,55.558],[25.419,55.573],[25.415,55.582],[25.418,55.588],[25.425,55.59],[25.43,55.594],[25.431,55.597],[25.446,55.603],[25.455,55.602],[25.46,55.606],[25.461,55.611],[25.465,55.611],[25.469,55.608],[25.477,55.607],[25.478,55.604],[25.483,55.603],[25.492,55.61],[25.493,55.615],[25.484,55.616],[25.485,55.62],[25.5,55.626],[25.494,55.632],[25.457,55.639],[25.453,55.644],[25.475,55.661],[25.486,55.658],[25.491,55.663],[25.484,55.665],[25.487,55.67],[25.499,55.683],[25.488,55.687],[25.492,55.691],[25.498,55.694],[25.499,55.7],[25.492,55.701],[25.496,55.706],[25.514,55.716],[25.519,55.721]]]}},{"type":"Feature","properties":{"id":1014347,"maakond_id":203,"name":"Klaipėdos miesto savivaldybė","bbox":[21.075,55.613,21.24,55.795]},"geometry":{"type":"Polygon","coordinates":[[[21.133,55.632],[21.157,55.634],[21.172,55.635],[21.183,55.619],[21.189,55.613],[21.196,55.614],[21.195,55.619],[21.192,55.621],[21.176,55.643],[21.179,55.645],[21.187,55.644],[21.19,55.642],[21.214,55.647],[21.23,55.646],[21.231,55.649],[21.24,55.65],[21.223,55.675],[21.24,55.681],[21.237,55.684],[21.221,55.678],[21.209,55.694],[21.171,55.752],[21.16,55.763],[21.153,55.767],[21.141,55.77],[21.136,55.772],[21.136,55.774],[21.139,55.781],[21.14,55.794],[21.136,55.795],[21.118,55.781],[21.098,55.774],[21.095,55.779],[21.083,55.776],[21.079,55.778],[21.075,55.774],[21.08,55.761],[21.082,55.753],[21.086,55.732],[21.082,55.726],[21.094,55.722],[21.094,55.718],[21.098,55.702],[21.102,55.683],[21.103,55.667],[21.133,55.673],[21.133,55.67],[21.129,55.661],[21.131,55.644],[21.133,55.632]]]}},{"type":"Feature","properties":{"id":1016307,"maakond_id":210,"name":"Šalčininkų rajono savivaldybė","bbox":[24.755,54.128,25.789,54.507]},"geometry":{"type":"Polygon","coordinates":[[[25.145,54.492],[25.138,54.489],[25.124,54.486],[25.124,54.484],[25.115,54.483],[25.114,54.485],[25.109,54.486],[25.105,54.484],[25.087,54.474],[25.072,54.472],[25.072,54.467],[25.068,54.466],[25.072,54.454],[25.07,54.452],[25.065,54.451],[25.058,54.449],[25.054,54.449],[25.034,54.445],[25.019,54.444],[25.02,54.442],[25.025,54.425],[25.009,54.423],[25.017,54.398],[24.994,54.396],[24.997,54.383],[24.958,54.379],[24.957,54.38],[24.945,54.379],[24.925,54.375],[24.929,54.363],[24.913,54.361],[24.918,54.342],[24.914,54.339],[24.924,54.338],[24.928,54.336],[24.922,54.326],[24.932,54.3],[24.933,54.295],[24.881,54.294],[24.875,54.288],[24.875,54.284],[24.889,54.275],[24.883,54.274],[24.865,54.273],[24.863,54.27],[24.857,54.269],[24.856,54.256],[24.843,54.257],[24.835,54.252],[24.824,54.255],[24.822,54.251],[24.823,54.246],[24.818,54.246],[24.817,54.249],[24.811,54.249],[24.811,54.243],[24.814,54.233],[24.804,54.233],[24.787,54.234],[24.78,54.227],[24.77,54.229],[24.755,54.223],[24.759,54.219],[24.759,54.2],[24.768,54.2],[24.77,54.193],[24.776,54.191],[24.777,54.195],[24.784,54.195],[24.797,54.192],[24.802,54.192],[24.809,54.186],[24.817,54.187],[24.818,54.174],[24.826,54.173],[24.818,54.168],[24.827,54.161],[24.836,54.149],[24.838,54.147],[24.848,54.147],[24.858,54.15],[24.866,54.147],[24.881,54.15],[24.896,54.156],[24.904,54.156],[24.91,54.16],[24.921,54.16],[24.922,54.162],[24.93,54.166],[24.933,54.165],[24.953,54.17],[24.957,54.172],[24.962,54.169],[24.967,54.17],[24.975,54.166],[24.981,54.16],[24.977,54.159],[24.983,54.155],[24.984,54.149],[24.994,54.144],[25.006,54.142],[25.016,54.138],[25.029,54.136],[25.055,54.138],[25.064,54.135],[25.071,54.134],[25.074,54.136],[25.077,54.143],[25.087,54.144],[25.091,54.146],[25.094,54.15],[25.109,54.16],[25.116,54.167],[25.126,54.172],[25.14,54.184],[25.146,54.187],[25.159,54.189],[25.163,54.192],[25.161,54.195],[25.161,54.2],[25.176,54.204],[25.182,54.208],[25.189,54.209],[25.196,54.214],[25.197,54.218],[25.202,54.221],[25.204,54.225],[25.204,54.23],[25.206,54.238],[25.214,54.242],[25.215,54.256],[25.225,54.261],[25.234,54.263],[25.242,54.256],[25.252,54.251],[25.258,54.26],[25.261,54.263],[25.269,54.274],[25.275,54.274],[25.276,54.27],[25.288,54.266],[25.291,54.262],[25.321,54.262],[25.335,54.265],[25.336,54.266],[25.346,54.264],[25.354,54.264],[25.36,54.267],[25.365,54.272],[25.373,54.273],[25.377,54.273],[25.381,54.278],[25.395,54.274],[25.405,54.279],[25.41,54.287],[25.42,54.289],[25.434,54.296],[25.444,54.296],[25.444,54.298],[25.455,54.298],[25.453,54.291],[25.459,54.291],[25.468,54.293],[25.478,54.294],[25.481,54.302],[25.494,54.302],[25.497,54.304],[25.497,54.31],[25.503,54.31],[25.514,54.308],[25.511,54.301],[25.514,54.298],[25.52,54.281],[25.529,54.279],[25.538,54.279],[25.541,54.277],[25.557,54.273],[25.563,54.275],[25.565,54.27],[25.56,54.266],[25.552,54.266],[25.556,54.263],[25.56,54.264],[25.564,54.262],[25.564,54.257],[25.568,54.257],[25.572,54.252],[25.567,54.251],[25.571,54.246],[25.584,54.234],[25.59,54.232],[25.589,54.225],[25.581,54.226],[25.576,54.225],[25.572,54.229],[25.566,54.23],[25.558,54.228],[25.547,54.228],[25.548,54.22],[25.556,54.217],[25.562,54.217],[25.565,54.212],[25.565,54.207],[25.562,54.199],[25.556,54.196],[25.539,54.191],[25.522,54.186],[25.516,54.186],[25.511,54.175],[25.515,54.175],[25.519,54.168],[25.524,54.166],[25.529,54.165],[25.53,54.159],[25.534,54.156],[25.548,54.153],[25.555,54.146],[25.564,54.151],[25.586,54.147],[25.602,54.146],[25.601,54.143],[25.612,54.141],[25.623,54.143],[25.627,54.142],[25.623,54.139],[25.63,54.136],[25.629,54.131],[25.639,54.128],[25.64,54.131],[25.65,54.128],[25.654,54.135],[25.664,54.141],[25.674,54.141],[25.681,54.142],[25.685,54.141],[25.689,54.148],[25.687,54.155],[25.7,54.158],[25.707,54.164],[25.702,54.168],[25.71,54.169],[25.723,54.166],[25.724,54.163],[25.736,54.162],[25.735,54.157],[25.739,54.156],[25.741,54.161],[25.765,54.159],[25.767,54.16],[25.781,54.16],[25.78,54.155],[25.786,54.155],[25.789,54.165],[25.784,54.165],[25.783,54.168],[25.779,54.168],[25.779,54.178],[25.77,54.183],[25.777,54.188],[25.78,54.194],[25.778,54.2],[25.772,54.205],[25.763,54.208],[25.758,54.21],[25.75,54.222],[25.769,54.227],[25.767,54.228],[25.786,54.234],[25.785,54.238],[25.775,54.238],[25.771,54.242],[25.757,54.252],[25.757,54.254],[25.752,54.262],[25.747,54.266],[25.751,54.268],[25.744,54.273],[25.74,54.271],[25.729,54.275],[25.726,54.274],[25.721,54.276],[25.713,54.272],[25.699,54.281],[25.708,54.285],[25.7,54.291],[25.711,54.297],[25.705,54.303],[25.684,54.319],[25.677,54.324],[25.662,54.322],[25.643,54.311],[25.636,54.316],[25.627,54.317],[25.62,54.31],[25.589,54.316],[25.587,54.322],[25.552,54.315],[25.547,54.324],[25.552,54.326],[25.548,54.332],[25.536,54.332],[25.532,54.338],[25.532,54.342],[25.537,54.342],[25.556,54.342],[25.559,54.354],[25.56,54.355],[25.562,54.366],[25.571,54.368],[25.594,54.375],[25.591,54.382],[25.587,54.387],[25.586,54.391],[25.591,54.401],[25.596,54.397],[25.605,54.396],[25.616,54.406],[25.629,54.417],[25.633,54.423],[25.631,54.425],[25.626,54.436],[25.624,54.44],[25.622,54.44],[25.621,54.451],[25.627,54.454],[25.626,54.456],[25.617,54.459],[25.613,54.456],[25.606,54.456],[25.602,54.461],[25.611,54.463],[25.621,54.469],[25.628,54.472],[25.637,54.471],[25.641,54.476],[25.638,54.477],[25.628,54.477],[25.625,54.481],[25.625,54.49],[25.616,54.49],[25.614,54.492],[25.609,54.492],[25.603,54.482],[25.592,54.48],[25.587,54.482],[25.576,54.478],[25.573,54.47],[25.574,54.467],[25.557,54.469],[25.558,54.473],[25.555,54.476],[25.545,54.476],[25.542,54.469],[25.533,54.467],[25.527,54.468],[25.524,54.477],[25.516,54.476],[25.516,54.481],[25.503,54.479],[25.502,54.482],[25.493,54.48],[25.484,54.483],[25.469,54.493],[25.46,54.497],[25.456,54.496],[25.445,54.504],[25.438,54.502],[25.441,54.499],[25.439,54.497],[25.442,54.495],[25.438,54.492],[25.435,54.495],[25.429,54.494],[25.42,54.489],[25.416,54.492],[25.419,54.495],[25.412,54.496],[25.407,54.499],[25.385,54.501],[25.381,54.498],[25.357,54.498],[25.355,54.501],[25.347,54.498],[25.343,54.495],[25.334,54.498],[25.324,54.492],[25.319,54.494],[25.318,54.481],[25.319,54.472],[25.31,54.466],[25.303,54.465],[25.263,54.465],[25.255,54.464],[25.242,54.464],[25.236,54.471],[25.229,54.474],[25.221,54.475],[25.231,54.488],[25.23,54.492],[25.223,54.497],[25.22,54.503],[25.213,54.507],[25.196,54.498],[25.189,54.491],[25.184,54.484],[25.169,54.481],[25.159,54.475],[25.153,54.469],[25.147,54.467],[25.146,54.472],[25.141,54.473],[25.14,54.479],[25.143,54.482],[25.14,54.487],[25.144,54.489],[25.145,54.492]]]}},{"type":"Feature","properties":{"id":1016308,"maakond_id":210,"name":"Širvintų rajono savivaldybė","bbox":[24.552,54.859,25.236,55.16]},"geometry":{"type":"Polygon","coordinates":[[[25.169,55.152],[25.167,55.155],[25.164,55.15],[25.162,55.149],[25.155,55.149],[25.152,55.14],[25.146,55.138],[25.138,55.141],[25.135,55.138],[25.107,55.127],[25.092,55.134],[25.086,55.139],[25.081,55.137],[25.072,55.143],[25.066,55.145],[25.055,55.151],[25.049,55.152],[25.044,55.154],[25.038,55.153],[25.025,55.16],[25.018,55.155],[25.018,55.15],[25.015,55.149],[25.015,55.145],[25.006,55.144],[25,55.149],[24.947,55.131],[24.946,55.121],[24.948,55.119],[24.916,55.117],[24.917,55.111],[24.882,55.11],[24.883,55.103],[24.865,55.103],[24.855,55.104],[24.842,55.103],[24.831,55.11],[24.826,55.113],[24.815,55.115],[24.804,55.111],[24.779,55.112],[24.755,55.114],[24.753,55.113],[24.744,55.113],[24.739,55.112],[24.732,55.115],[24.726,55.106],[24.722,55.103],[24.71,55.098],[24.703,55.092],[24.7,55.092],[24.692,55.096],[24.684,55.096],[24.678,55.1],[24.673,55.09],[24.659,55.098],[24.657,55.104],[24.647,55.111],[24.603,55.087],[24.598,55.086],[24.591,55.087],[24.587,55.085],[24.586,55.08],[24.592,55.082],[24.597,55.081],[24.591,55.075],[24.603,55.077],[24.607,55.073],[24.612,55.075],[24.623,55.067],[24.63,55.065],[24.633,55.061],[24.628,55.056],[24.631,55.052],[24.644,55.051],[24.647,55.049],[24.636,55.045],[24.636,55.044],[24.623,55.044],[24.624,55.043],[24.615,55.039],[24.617,55.037],[24.624,55.037],[24.622,55.03],[24.586,55.028],[24.591,55.018],[24.587,55.017],[24.589,55.013],[24.559,55.004],[24.561,55.002],[24.558,55],[24.561,54.996],[24.556,54.992],[24.552,54.991],[24.568,54.985],[24.573,54.98],[24.576,54.979],[24.579,54.973],[24.593,54.972],[24.604,54.974],[24.617,54.975],[24.621,54.974],[24.623,54.969],[24.631,54.967],[24.631,54.961],[24.637,54.959],[24.637,54.957],[24.644,54.955],[24.65,54.952],[24.656,54.951],[24.662,54.952],[24.67,54.95],[24.682,54.945],[24.684,54.939],[24.689,54.934],[24.69,54.927],[24.693,54.927],[24.701,54.93],[24.709,54.929],[24.717,54.933],[24.729,54.931],[24.744,54.932],[24.749,54.932],[24.76,54.926],[24.762,54.921],[24.767,54.918],[24.78,54.916],[24.791,54.912],[24.799,54.911],[24.801,54.906],[24.806,54.906],[24.811,54.903],[24.809,54.896],[24.811,54.892],[24.81,54.887],[24.823,54.883],[24.827,54.886],[24.832,54.885],[24.835,54.88],[24.846,54.878],[24.848,54.874],[24.846,54.868],[24.845,54.862],[24.853,54.859],[24.851,54.867],[24.857,54.874],[24.871,54.876],[24.877,54.875],[24.881,54.872],[24.885,54.871],[24.902,54.88],[24.907,54.882],[24.91,54.878],[24.934,54.876],[24.942,54.873],[24.943,54.867],[24.948,54.868],[24.952,54.871],[24.957,54.866],[24.961,54.868],[24.967,54.863],[24.973,54.864],[24.978,54.869],[24.976,54.876],[24.972,54.875],[24.971,54.88],[24.978,54.882],[24.991,54.882],[24.999,54.887],[25.011,54.89],[25.016,54.886],[25.015,54.882],[25.035,54.882],[25.049,54.883],[25.05,54.887],[25.054,54.889],[25.061,54.89],[25.077,54.889],[25.08,54.886],[25.1,54.884],[25.102,54.882],[25.11,54.882],[25.117,54.88],[25.118,54.884],[25.124,54.884],[25.128,54.889],[25.112,54.898],[25.118,54.903],[25.138,54.9],[25.144,54.896],[25.158,54.899],[25.148,54.908],[25.136,54.936],[25.146,54.939],[25.159,54.966],[25.181,54.961],[25.181,54.959],[25.19,54.96],[25.193,54.958],[25.199,54.961],[25.2,54.964],[25.206,54.966],[25.207,54.97],[25.192,54.973],[25.193,54.978],[25.197,54.98],[25.194,54.985],[25.199,54.99],[25.201,54.995],[25.197,55.022],[25.193,55.022],[25.187,55.033],[25.222,55.042],[25.214,55.054],[25.226,55.056],[25.229,55.06],[25.236,55.063],[25.234,55.067],[25.226,55.069],[25.222,55.077],[25.226,55.081],[25.222,55.088],[25.211,55.09],[25.203,55.095],[25.195,55.093],[25.183,55.092],[25.173,55.093],[25.17,55.097],[25.163,55.097],[25.162,55.092],[25.157,55.089],[25.148,55.096],[25.156,55.103],[25.156,55.107],[25.149,55.112],[25.162,55.119],[25.161,55.126],[25.157,55.131],[25.166,55.131],[25.166,55.135],[25.175,55.139],[25.175,55.142],[25.167,55.144],[25.167,55.152],[25.169,55.152]]]}},{"type":"Feature","properties":{"id":1016309,"maakond_id":210,"name":"Trakų rajono savivaldybė","bbox":[24.394,54.39,25.17,54.739]},"geometry":{"type":"Polygon","coordinates":[[[25.02,54.442],[25.019,54.444],[25.034,54.445],[25.054,54.449],[25.058,54.449],[25.065,54.451],[25.07,54.452],[25.072,54.454],[25.068,54.466],[25.072,54.467],[25.072,54.472],[25.087,54.474],[25.105,54.484],[25.109,54.486],[25.114,54.485],[25.115,54.483],[25.124,54.484],[25.124,54.486],[25.138,54.489],[25.145,54.492],[25.149,54.499],[25.148,54.506],[25.151,54.51],[25.145,54.518],[25.166,54.523],[25.166,54.529],[25.17,54.534],[25.164,54.538],[25.165,54.541],[25.142,54.539],[25.143,54.546],[25.132,54.548],[25.131,54.545],[25.127,54.544],[25.118,54.545],[25.107,54.55],[25.106,54.551],[25.114,54.557],[25.101,54.563],[25.094,54.565],[25.091,54.558],[25.087,54.559],[25.083,54.551],[25.04,54.552],[25.037,54.555],[25.028,54.555],[25.032,54.56],[25.045,54.57],[25.057,54.579],[25.064,54.584],[25.078,54.599],[25.076,54.601],[25.074,54.607],[25.071,54.61],[25.066,54.62],[25.025,54.623],[25.045,54.632],[25.06,54.633],[25.072,54.637],[25.077,54.64],[25.074,54.644],[25.075,54.65],[25.074,54.656],[25.091,54.657],[25.11,54.656],[25.11,54.659],[25.105,54.662],[25.086,54.662],[25.082,54.663],[25.079,54.667],[25.075,54.669],[25.072,54.674],[25.072,54.68],[25.069,54.684],[25.068,54.691],[25.071,54.69],[25.07,54.695],[25.075,54.703],[25.075,54.706],[25.071,54.709],[25.063,54.716],[25.057,54.719],[25.049,54.722],[25.036,54.723],[25.03,54.721],[25.023,54.721],[25.011,54.724],[25.013,54.729],[25.024,54.733],[25.022,54.737],[25.015,54.739],[25.01,54.737],[25.001,54.736],[24.998,54.734],[24.99,54.735],[24.979,54.734],[24.975,54.737],[24.97,54.735],[24.963,54.733],[24.948,54.724],[24.944,54.717],[24.938,54.721],[24.925,54.722],[24.922,54.723],[24.905,54.726],[24.896,54.727],[24.888,54.729],[24.885,54.724],[24.875,54.727],[24.871,54.725],[24.865,54.727],[24.854,54.717],[24.853,54.712],[24.846,54.706],[24.833,54.7],[24.827,54.697],[24.825,54.692],[24.816,54.69],[24.816,54.687],[24.812,54.684],[24.809,54.679],[24.805,54.673],[24.812,54.667],[24.805,54.662],[24.803,54.657],[24.794,54.655],[24.791,54.653],[24.794,54.65],[24.776,54.64],[24.764,54.641],[24.748,54.639],[24.739,54.646],[24.723,54.65],[24.711,54.651],[24.707,54.654],[24.703,54.654],[24.686,54.647],[24.672,54.643],[24.658,54.648],[24.655,54.647],[24.644,54.652],[24.633,54.652],[24.627,54.649],[24.624,54.652],[24.615,54.651],[24.609,54.652],[24.601,54.648],[24.588,54.647],[24.581,54.645],[24.57,54.649],[24.564,54.648],[24.558,54.653],[24.554,54.65],[24.546,54.654],[24.53,54.654],[24.519,54.66],[24.507,54.651],[24.498,54.647],[24.494,54.648],[24.484,54.646],[24.482,54.643],[24.471,54.642],[24.473,54.636],[24.457,54.631],[24.472,54.63],[24.477,54.626],[24.477,54.622],[24.473,54.618],[24.488,54.607],[24.484,54.604],[24.473,54.605],[24.469,54.609],[24.462,54.604],[24.458,54.594],[24.473,54.59],[24.464,54.587],[24.452,54.589],[24.447,54.591],[24.45,54.595],[24.445,54.597],[24.435,54.591],[24.433,54.597],[24.426,54.597],[24.427,54.593],[24.423,54.588],[24.425,54.578],[24.416,54.569],[24.422,54.561],[24.42,54.556],[24.42,54.544],[24.418,54.538],[24.414,54.533],[24.413,54.529],[24.405,54.525],[24.413,54.523],[24.404,54.519],[24.407,54.517],[24.418,54.514],[24.416,54.512],[24.409,54.512],[24.409,54.505],[24.417,54.505],[24.419,54.49],[24.404,54.487],[24.402,54.483],[24.394,54.483],[24.401,54.473],[24.417,54.473],[24.434,54.464],[24.436,54.459],[24.433,54.455],[24.438,54.452],[24.424,54.443],[24.417,54.436],[24.416,54.427],[24.422,54.426],[24.428,54.428],[24.437,54.425],[24.438,54.427],[24.448,54.424],[24.469,54.424],[24.48,54.423],[24.493,54.423],[24.501,54.424],[24.503,54.428],[24.546,54.43],[24.54,54.425],[24.54,54.418],[24.56,54.412],[24.559,54.418],[24.572,54.418],[24.574,54.411],[24.585,54.413],[24.586,54.421],[24.586,54.432],[24.597,54.428],[24.608,54.432],[24.614,54.432],[24.617,54.436],[24.614,54.437],[24.619,54.441],[24.644,54.439],[24.646,54.44],[24.655,54.439],[24.658,54.446],[24.668,54.448],[24.681,54.441],[24.682,54.436],[24.686,54.437],[24.689,54.433],[24.704,54.433],[24.709,54.431],[24.72,54.429],[24.721,54.413],[24.713,54.412],[24.707,54.409],[24.707,54.405],[24.712,54.399],[24.712,54.395],[24.721,54.39],[24.726,54.393],[24.73,54.393],[24.731,54.399],[24.737,54.405],[24.745,54.399],[24.75,54.399],[24.803,54.405],[24.804,54.398],[24.828,54.401],[24.829,54.398],[24.846,54.398],[24.843,54.406],[24.855,54.408],[24.858,54.411],[24.868,54.411],[24.873,54.415],[24.903,54.419],[24.905,54.416],[24.904,54.413],[24.907,54.41],[24.911,54.41],[24.922,54.425],[24.941,54.431],[24.942,54.428],[24.953,54.43],[24.953,54.433],[24.963,54.434],[24.976,54.431],[24.987,54.437],[24.992,54.435],[25.007,54.437],[25.012,54.44],[25.02,54.442]]]}},{"type":"Feature","properties":{"id":1022101,"maakond_id":203,"name":"Palangos miesto savivaldybė","bbox":[21.049,55.855,21.139,56.077]},"geometry":{"type":"Polygon","coordinates":[[[21.101,55.892],[21.105,55.905],[21.101,55.909],[21.106,55.91],[21.109,55.916],[21.117,55.929],[21.12,55.93],[21.127,55.938],[21.124,55.939],[21.124,55.944],[21.117,55.945],[21.123,55.953],[21.13,55.955],[21.129,55.957],[21.122,55.959],[21.126,55.963],[21.121,55.973],[21.126,55.977],[21.127,55.997],[21.123,56.012],[21.112,56.012],[21.116,56.026],[21.119,56.032],[21.128,56.031],[21.135,56.033],[21.135,56.038],[21.139,56.045],[21.126,56.047],[21.119,56.046],[21.121,56.058],[21.121,56.065],[21.123,56.077],[21.065,56.069],[21.071,56.05],[21.072,56.04],[21.072,56.034],[21.069,56.028],[21.071,56.017],[21.072,56.007],[21.071,55.974],[21.068,55.962],[21.064,55.95],[21.056,55.931],[21.054,55.925],[21.049,55.92],[21.05,55.913],[21.05,55.903],[21.053,55.887],[21.052,55.879],[21.054,55.876],[21.057,55.868],[21.058,55.855],[21.067,55.857],[21.084,55.858],[21.086,55.859],[21.081,55.864],[21.093,55.861],[21.09,55.866],[21.091,55.872],[21.101,55.892]]]}},{"type":"Feature","properties":{"id":1022102,"maakond_id":203,"name":"Kretingos rajono savivaldybė","bbox":[21.101,55.786,21.7,56.152]},"geometry":{"type":"Polygon","coordinates":[[[21.228,56.146],[21.231,56.143],[21.23,56.137],[21.235,56.136],[21.239,56.13],[21.236,56.129],[21.239,56.124],[21.233,56.119],[21.234,56.115],[21.225,56.113],[21.221,56.109],[21.224,56.106],[21.224,56.103],[21.219,56.102],[21.212,56.096],[21.213,56.091],[21.209,56.085],[21.201,56.077],[21.187,56.076],[21.182,56.075],[21.176,56.08],[21.162,56.086],[21.154,56.084],[21.145,56.083],[21.143,56.08],[21.123,56.077],[21.121,56.065],[21.121,56.058],[21.119,56.046],[21.126,56.047],[21.139,56.045],[21.135,56.038],[21.135,56.033],[21.128,56.031],[21.119,56.032],[21.116,56.026],[21.112,56.012],[21.123,56.012],[21.127,55.997],[21.126,55.977],[21.121,55.973],[21.126,55.963],[21.122,55.959],[21.129,55.957],[21.13,55.955],[21.123,55.953],[21.117,55.945],[21.124,55.944],[21.124,55.939],[21.127,55.938],[21.12,55.93],[21.117,55.929],[21.109,55.916],[21.106,55.91],[21.101,55.909],[21.105,55.905],[21.101,55.892],[21.106,55.89],[21.117,55.883],[21.117,55.881],[21.137,55.874],[21.136,55.867],[21.147,55.87],[21.157,55.867],[21.161,55.864],[21.168,55.873],[21.179,55.868],[21.179,55.867],[21.192,55.865],[21.203,55.867],[21.208,55.862],[21.214,55.857],[21.221,55.861],[21.227,55.855],[21.221,55.85],[21.219,55.845],[21.22,55.839],[21.225,55.831],[21.225,55.826],[21.245,55.821],[21.277,55.836],[21.285,55.839],[21.295,55.84],[21.3,55.833],[21.312,55.822],[21.354,55.813],[21.352,55.81],[21.363,55.808],[21.368,55.816],[21.412,55.806],[21.423,55.823],[21.448,55.817],[21.441,55.807],[21.451,55.804],[21.468,55.793],[21.465,55.789],[21.475,55.787],[21.478,55.787],[21.485,55.786],[21.498,55.787],[21.498,55.793],[21.502,55.794],[21.512,55.809],[21.518,55.817],[21.523,55.82],[21.521,55.822],[21.527,55.829],[21.527,55.832],[21.538,55.838],[21.536,55.843],[21.541,55.85],[21.555,55.847],[21.556,55.854],[21.558,55.862],[21.574,55.864],[21.586,55.86],[21.591,55.861],[21.591,55.864],[21.586,55.867],[21.59,55.873],[21.587,55.876],[21.59,55.879],[21.597,55.882],[21.599,55.884],[21.606,55.882],[21.619,55.881],[21.625,55.89],[21.621,55.89],[21.619,55.896],[21.603,55.903],[21.596,55.902],[21.594,55.905],[21.587,55.908],[21.58,55.907],[21.574,55.912],[21.575,55.919],[21.588,55.916],[21.594,55.917],[21.594,55.92],[21.593,55.939],[21.589,55.943],[21.582,55.944],[21.6,55.974],[21.572,55.98],[21.587,56.002],[21.597,55.999],[21.607,56.001],[21.615,55.999],[21.615,55.997],[21.622,55.996],[21.625,55.997],[21.63,56.005],[21.638,56.003],[21.652,56.019],[21.666,56.039],[21.672,56.038],[21.678,56.039],[21.677,56.044],[21.682,56.043],[21.7,56.07],[21.645,56.082],[21.642,56.078],[21.633,56.084],[21.625,56.087],[21.624,56.09],[21.619,56.092],[21.623,56.098],[21.623,56.102],[21.593,56.108],[21.594,56.109],[21.581,56.112],[21.576,56.107],[21.565,56.107],[21.556,56.109],[21.549,56.108],[21.543,56.106],[21.535,56.105],[21.535,56.102],[21.523,56.105],[21.524,56.106],[21.502,56.11],[21.49,56.113],[21.492,56.116],[21.481,56.118],[21.48,56.117],[21.464,56.12],[21.472,56.131],[21.413,56.141],[21.408,56.135],[21.4,56.136],[21.393,56.133],[21.386,56.134],[21.389,56.139],[21.323,56.152],[21.308,56.13],[21.305,56.13],[21.265,56.138],[21.259,56.132],[21.237,56.137],[21.242,56.143],[21.228,56.146]]]}},{"type":"Feature","properties":{"id":1027570,"maakond_id":210,"name":"Ukmergės rajono savivaldybė","bbox":[24.387,55.086,25.267,55.518]},"geometry":{"type":"Polygon","coordinates":[[[24.591,55.087],[24.598,55.086],[24.603,55.087],[24.647,55.111],[24.657,55.104],[24.659,55.098],[24.673,55.09],[24.678,55.1],[24.684,55.096],[24.692,55.096],[24.7,55.092],[24.703,55.092],[24.71,55.098],[24.722,55.103],[24.726,55.106],[24.732,55.115],[24.739,55.112],[24.744,55.113],[24.753,55.113],[24.755,55.114],[24.779,55.112],[24.804,55.111],[24.815,55.115],[24.826,55.113],[24.831,55.11],[24.842,55.103],[24.855,55.104],[24.865,55.103],[24.883,55.103],[24.882,55.11],[24.917,55.111],[24.916,55.117],[24.948,55.119],[24.946,55.121],[24.947,55.131],[25,55.149],[25.006,55.144],[25.015,55.145],[25.015,55.149],[25.018,55.15],[25.018,55.155],[25.025,55.16],[25.038,55.153],[25.044,55.154],[25.049,55.152],[25.055,55.151],[25.066,55.145],[25.072,55.143],[25.081,55.137],[25.086,55.139],[25.092,55.134],[25.107,55.127],[25.135,55.138],[25.138,55.141],[25.146,55.138],[25.152,55.14],[25.155,55.149],[25.162,55.149],[25.164,55.15],[25.167,55.155],[25.169,55.152],[25.191,55.154],[25.219,55.166],[25.224,55.165],[25.229,55.167],[25.233,55.17],[25.227,55.179],[25.243,55.185],[25.238,55.188],[25.244,55.19],[25.257,55.19],[25.266,55.188],[25.267,55.192],[25.255,55.195],[25.253,55.192],[25.244,55.192],[25.247,55.196],[25.242,55.197],[25.234,55.196],[25.229,55.203],[25.222,55.209],[25.212,55.214],[25.199,55.209],[25.177,55.209],[25.174,55.212],[25.166,55.216],[25.157,55.222],[25.174,55.236],[25.178,55.237],[25.186,55.262],[25.189,55.266],[25.179,55.264],[25.171,55.267],[25.16,55.265],[25.152,55.259],[25.143,55.256],[25.141,55.257],[25.122,55.262],[25.106,55.265],[25.108,55.269],[25.108,55.274],[25.111,55.28],[25.105,55.28],[25.099,55.288],[25.092,55.292],[25.081,55.292],[25.084,55.295],[25.082,55.305],[25.076,55.306],[25.073,55.313],[25.066,55.308],[25.058,55.307],[25.051,55.308],[25.052,55.314],[25.046,55.313],[25.044,55.311],[25.034,55.311],[25.031,55.313],[25.022,55.316],[25.016,55.316],[25.008,55.314],[25.005,55.309],[24.997,55.306],[24.984,55.313],[24.977,55.329],[24.975,55.348],[24.968,55.357],[24.905,55.34],[24.896,55.343],[24.891,55.346],[24.899,55.352],[24.901,55.356],[24.899,55.359],[24.888,55.358],[24.873,55.36],[24.87,55.357],[24.859,55.354],[24.851,55.353],[24.842,55.359],[24.828,55.357],[24.829,55.361],[24.793,55.374],[24.789,55.373],[24.784,55.381],[24.788,55.399],[24.793,55.405],[24.783,55.41],[24.791,55.416],[24.79,55.418],[24.797,55.425],[24.812,55.419],[24.817,55.423],[24.819,55.43],[24.82,55.438],[24.816,55.438],[24.814,55.445],[24.801,55.446],[24.794,55.451],[24.785,55.452],[24.782,55.459],[24.779,55.463],[24.781,55.467],[24.774,55.467],[24.772,55.48],[24.768,55.481],[24.76,55.479],[24.743,55.479],[24.743,55.482],[24.733,55.493],[24.723,55.491],[24.718,55.498],[24.719,55.5],[24.713,55.502],[24.696,55.507],[24.69,55.504],[24.683,55.499],[24.675,55.504],[24.663,55.497],[24.657,55.501],[24.659,55.504],[24.655,55.518],[24.642,55.516],[24.643,55.511],[24.629,55.511],[24.639,55.499],[24.647,55.496],[24.645,55.487],[24.647,55.479],[24.652,55.471],[24.649,55.467],[24.65,55.461],[24.63,55.455],[24.604,55.451],[24.593,55.451],[24.575,55.454],[24.567,55.452],[24.556,55.459],[24.549,55.456],[24.542,55.461],[24.535,55.458],[24.542,55.453],[24.536,55.452],[24.537,55.443],[24.543,55.436],[24.541,55.434],[24.546,55.429],[24.552,55.426],[24.488,55.406],[24.489,55.404],[24.485,55.395],[24.478,55.395],[24.478,55.401],[24.455,55.402],[24.45,55.399],[24.451,55.395],[24.436,55.391],[24.43,55.391],[24.434,55.386],[24.427,55.372],[24.428,55.366],[24.419,55.364],[24.421,55.357],[24.404,55.352],[24.396,55.335],[24.398,55.333],[24.387,55.329],[24.388,55.328],[24.389,55.304],[24.393,55.298],[24.391,55.297],[24.394,55.295],[24.405,55.293],[24.414,55.289],[24.42,55.288],[24.414,55.284],[24.419,55.28],[24.416,55.276],[24.426,55.274],[24.42,55.261],[24.426,55.26],[24.42,55.251],[24.41,55.234],[24.422,55.233],[24.425,55.231],[24.424,55.227],[24.438,55.227],[24.44,55.232],[24.446,55.233],[24.457,55.232],[24.472,55.228],[24.491,55.226],[24.505,55.222],[24.481,55.2],[24.482,55.194],[24.486,55.19],[24.487,55.185],[24.498,55.173],[24.501,55.168],[24.501,55.161],[24.507,55.157],[24.521,55.155],[24.535,55.157],[24.541,55.154],[24.533,55.148],[24.534,55.145],[24.521,55.141],[24.517,55.141],[24.528,55.13],[24.534,55.133],[24.547,55.123],[24.544,55.118],[24.554,55.113],[24.555,55.107],[24.563,55.109],[24.562,55.111],[24.568,55.112],[24.576,55.111],[24.579,55.107],[24.583,55.107],[24.585,55.1],[24.582,55.096],[24.586,55.091],[24.592,55.09],[24.591,55.087]]]}},{"type":"Feature","properties":{"id":1028505,"maakond_id":205,"name":"Panevėžio rajono savivaldybė","bbox":[23.88,55.387,24.759,55.936]},"geometry":{"type":"Polygon","coordinates":[[[23.88,55.558],[23.885,55.556],[23.894,55.556],[23.897,55.56],[23.909,55.561],[23.914,55.564],[23.916,55.553],[23.912,55.548],[23.911,55.54],[23.915,55.537],[23.922,55.535],[23.941,55.51],[23.947,55.506],[23.955,55.508],[23.957,55.504],[23.972,55.508],[23.971,55.512],[23.987,55.515],[23.991,55.511],[24.003,55.515],[24.04,55.48],[24.054,55.476],[24.056,55.469],[24.05,55.457],[24.045,55.452],[24.044,55.449],[24.038,55.444],[24.053,55.44],[24.063,55.439],[24.092,55.444],[24.096,55.452],[24.12,55.45],[24.12,55.439],[24.132,55.435],[24.15,55.438],[24.156,55.443],[24.163,55.445],[24.164,55.451],[24.183,55.448],[24.193,55.445],[24.2,55.451],[24.203,55.467],[24.2,55.475],[24.243,55.466],[24.24,55.462],[24.243,55.454],[24.25,55.452],[24.263,55.449],[24.284,55.445],[24.301,55.439],[24.308,55.441],[24.31,55.454],[24.317,55.454],[24.317,55.446],[24.339,55.442],[24.347,55.443],[24.355,55.438],[24.364,55.441],[24.365,55.435],[24.377,55.437],[24.384,55.435],[24.388,55.43],[24.388,55.426],[24.383,55.421],[24.386,55.42],[24.385,55.414],[24.39,55.411],[24.396,55.411],[24.401,55.41],[24.403,55.407],[24.397,55.405],[24.398,55.402],[24.4,55.393],[24.408,55.389],[24.415,55.387],[24.42,55.391],[24.43,55.391],[24.436,55.391],[24.451,55.395],[24.45,55.399],[24.455,55.402],[24.478,55.401],[24.478,55.395],[24.485,55.395],[24.489,55.404],[24.488,55.406],[24.552,55.426],[24.546,55.429],[24.541,55.434],[24.543,55.436],[24.537,55.443],[24.536,55.452],[24.542,55.453],[24.535,55.458],[24.542,55.461],[24.549,55.456],[24.556,55.459],[24.567,55.452],[24.575,55.454],[24.593,55.451],[24.604,55.451],[24.63,55.455],[24.65,55.461],[24.649,55.467],[24.652,55.471],[24.647,55.479],[24.645,55.487],[24.647,55.496],[24.639,55.499],[24.629,55.511],[24.643,55.511],[24.642,55.516],[24.655,55.518],[24.656,55.522],[24.655,55.526],[24.667,55.536],[24.673,55.543],[24.674,55.552],[24.663,55.56],[24.664,55.563],[24.673,55.565],[24.675,55.568],[24.672,55.574],[24.674,55.574],[24.669,55.583],[24.678,55.601],[24.685,55.604],[24.725,55.609],[24.722,55.618],[24.722,55.628],[24.721,55.635],[24.707,55.645],[24.709,55.647],[24.703,55.651],[24.694,55.655],[24.687,55.652],[24.683,55.647],[24.679,55.646],[24.672,55.646],[24.666,55.643],[24.659,55.648],[24.662,55.654],[24.656,55.654],[24.655,55.665],[24.673,55.668],[24.675,55.665],[24.689,55.666],[24.691,55.669],[24.695,55.671],[24.699,55.67],[24.709,55.671],[24.702,55.665],[24.728,55.656],[24.731,55.657],[24.736,55.662],[24.737,55.667],[24.743,55.671],[24.748,55.671],[24.751,55.673],[24.741,55.677],[24.739,55.68],[24.719,55.681],[24.715,55.687],[24.72,55.69],[24.722,55.697],[24.72,55.698],[24.724,55.706],[24.721,55.712],[24.716,55.721],[24.706,55.724],[24.699,55.73],[24.698,55.733],[24.705,55.738],[24.712,55.738],[24.704,55.747],[24.69,55.743],[24.688,55.746],[24.688,55.753],[24.691,55.755],[24.686,55.767],[24.678,55.769],[24.678,55.772],[24.697,55.773],[24.705,55.779],[24.701,55.78],[24.705,55.783],[24.715,55.785],[24.725,55.784],[24.743,55.787],[24.742,55.801],[24.734,55.801],[24.738,55.811],[24.745,55.813],[24.759,55.822],[24.754,55.827],[24.756,55.834],[24.755,55.839],[24.739,55.851],[24.738,55.858],[24.741,55.863],[24.741,55.871],[24.735,55.876],[24.723,55.873],[24.725,55.878],[24.722,55.88],[24.728,55.886],[24.719,55.892],[24.723,55.894],[24.715,55.922],[24.693,55.927],[24.694,55.932],[24.688,55.932],[24.682,55.936],[24.66,55.917],[24.653,55.917],[24.652,55.912],[24.644,55.911],[24.641,55.909],[24.64,55.902],[24.629,55.9],[24.626,55.905],[24.628,55.91],[24.628,55.916],[24.626,55.923],[24.621,55.924],[24.616,55.922],[24.604,55.929],[24.607,55.936],[24.595,55.936],[24.589,55.933],[24.588,55.93],[24.581,55.928],[24.586,55.916],[24.56,55.908],[24.543,55.913],[24.528,55.893],[24.534,55.887],[24.551,55.889],[24.558,55.888],[24.561,55.891],[24.567,55.889],[24.558,55.883],[24.552,55.882],[24.554,55.877],[24.551,55.874],[24.424,55.863],[24.421,55.874],[24.434,55.877],[24.445,55.878],[24.446,55.89],[24.423,55.886],[24.419,55.903],[24.397,55.9],[24.393,55.92],[24.373,55.921],[24.365,55.916],[24.357,55.893],[24.342,55.895],[24.339,55.898],[24.318,55.9],[24.294,55.905],[24.278,55.907],[24.272,55.905],[24.276,55.901],[24.25,55.904],[24.245,55.904],[24.239,55.887],[24.226,55.889],[24.22,55.889],[24.213,55.891],[24.207,55.889],[24.21,55.873],[24.208,55.865],[24.191,55.866],[24.191,55.849],[24.176,55.851],[24.177,55.84],[24.146,55.84],[24.148,55.845],[24.133,55.846],[24.132,55.84],[24.113,55.841],[24.113,55.844],[24.109,55.845],[24.105,55.881],[24.092,55.881],[24.084,55.88],[24.085,55.876],[24.061,55.873],[24.062,55.869],[24.06,55.865],[24.034,55.863],[24.036,55.851],[24.004,55.854],[24.012,55.844],[24.015,55.838],[23.971,55.842],[23.961,55.841],[23.963,55.837],[23.96,55.836],[23.959,55.831],[23.961,55.828],[23.965,55.812],[23.967,55.802],[23.97,55.798],[23.976,55.798],[23.978,55.79],[23.984,55.782],[23.987,55.782],[24.003,55.787],[24.011,55.786],[24.016,55.783],[24.019,55.777],[24.022,55.775],[24.027,55.767],[24.025,55.761],[24.018,55.762],[24.018,55.758],[24.013,55.758],[24.013,55.754],[24.016,55.751],[24.027,55.754],[24.032,55.751],[24.031,55.745],[24.047,55.745],[24.041,55.732],[24.043,55.729],[24.043,55.723],[24.037,55.725],[24.033,55.724],[24.03,55.711],[24.047,55.71],[24.046,55.706],[24.063,55.704],[24.06,55.697],[24.067,55.696],[24.059,55.688],[24.032,55.691],[24.026,55.681],[24.019,55.682],[24.012,55.673],[24.013,55.67],[24.023,55.666],[24.024,55.651],[24.028,55.647],[24.038,55.635],[24.033,55.631],[24.024,55.632],[24.018,55.626],[24.015,55.628],[24.001,55.628],[23.982,55.629],[23.979,55.626],[23.972,55.623],[23.974,55.616],[23.934,55.624],[23.925,55.627],[23.922,55.62],[23.924,55.615],[23.919,55.613],[23.919,55.604],[23.915,55.604],[23.915,55.597],[23.899,55.573],[23.895,55.574],[23.89,55.568],[23.887,55.563],[23.88,55.558]],[[24.286,55.719],[24.284,55.722],[24.286,55.728],[24.283,55.728],[24.284,55.732],[24.28,55.735],[24.278,55.74],[24.259,55.738],[24.253,55.736],[24.248,55.739],[24.243,55.738],[24.24,55.741],[24.25,55.742],[24.257,55.738],[24.259,55.741],[24.268,55.745],[24.288,55.746],[24.29,55.758],[24.31,55.76],[24.313,55.757],[24.32,55.76],[24.329,55.761],[24.33,55.759],[24.34,55.758],[24.353,55.761],[24.351,55.763],[24.368,55.764],[24.366,55.769],[24.379,55.772],[24.379,55.768],[24.384,55.768],[24.383,55.758],[24.384,55.754],[24.393,55.749],[24.397,55.753],[24.401,55.752],[24.401,55.749],[24.409,55.75],[24.408,55.746],[24.43,55.747],[24.43,55.743],[24.423,55.743],[24.422,55.739],[24.412,55.742],[24.405,55.742],[24.402,55.736],[24.395,55.729],[24.398,55.718],[24.389,55.718],[24.392,55.708],[24.399,55.708],[24.411,55.711],[24.418,55.707],[24.415,55.701],[24.392,55.695],[24.391,55.703],[24.386,55.706],[24.381,55.701],[24.376,55.691],[24.367,55.689],[24.359,55.702],[24.351,55.701],[24.354,55.698],[24.334,55.697],[24.31,55.695],[24.309,55.698],[24.312,55.702],[24.313,55.717],[24.299,55.716],[24.291,55.717],[24.286,55.719]]]}},{"type":"Feature","properties":{"id":1067534,"maakond_id":202,"name":"Kauno miesto savivaldybė","bbox":[23.757,54.828,24.1,54.96]},"geometry":{"type":"Polygon","coordinates":[[[24.1,54.913],[24.074,54.924],[24.067,54.926],[24.054,54.927],[24.049,54.926],[24.045,54.927],[24.004,54.93],[23.988,54.932],[23.977,54.93],[23.979,54.937],[23.971,54.941],[23.969,54.946],[23.959,54.947],[23.959,54.95],[23.954,54.952],[23.955,54.959],[23.949,54.96],[23.926,54.957],[23.922,54.959],[23.913,54.96],[23.901,54.951],[23.897,54.954],[23.89,54.95],[23.887,54.954],[23.88,54.953],[23.875,54.946],[23.867,54.946],[23.865,54.944],[23.856,54.941],[23.829,54.942],[23.829,54.948],[23.812,54.945],[23.804,54.954],[23.802,54.954],[23.797,54.942],[23.797,54.936],[23.793,54.928],[23.786,54.926],[23.78,54.929],[23.765,54.932],[23.757,54.932],[23.774,54.922],[23.785,54.917],[23.798,54.913],[23.81,54.907],[23.823,54.906],[23.821,54.903],[23.84,54.899],[23.858,54.898],[23.864,54.898],[23.864,54.895],[23.869,54.891],[23.868,54.876],[23.854,54.874],[23.853,54.875],[23.83,54.868],[23.843,54.851],[23.856,54.858],[23.867,54.854],[23.865,54.848],[23.88,54.846],[23.884,54.857],[23.894,54.854],[23.9,54.854],[23.914,54.852],[23.916,54.851],[23.928,54.851],[23.93,54.846],[23.933,54.843],[23.935,54.837],[23.936,54.831],[23.939,54.828],[23.945,54.832],[23.959,54.836],[23.967,54.841],[23.969,54.844],[23.976,54.836],[23.983,54.836],[23.988,54.834],[23.998,54.84],[24.011,54.843],[24.027,54.835],[24.038,54.843],[24.042,54.844],[24.032,54.849],[24.033,54.852],[24.026,54.853],[24.019,54.853],[24.014,54.857],[24.02,54.864],[24.051,54.899],[24.057,54.901],[24.063,54.908],[24.079,54.914],[24.086,54.914],[24.099,54.912],[24.1,54.913]]]}},{"type":"Feature","properties":{"id":1076928,"maakond_id":201,"name":"Druskininkų savivaldybė","bbox":[23.799,53.924,24.205,54.181]},"geometry":{"type":"Polygon","coordinates":[[[23.993,54.167],[23.987,54.167],[23.979,54.174],[23.97,54.174],[23.966,54.176],[23.947,54.174],[23.936,54.179],[23.928,54.176],[23.925,54.179],[23.917,54.178],[23.905,54.173],[23.897,54.178],[23.889,54.181],[23.889,54.169],[23.875,54.155],[23.864,54.158],[23.857,54.158],[23.829,54.152],[23.83,54.147],[23.812,54.144],[23.802,54.144],[23.809,54.134],[23.804,54.132],[23.8,54.127],[23.802,54.122],[23.806,54.118],[23.799,54.11],[23.8,54.106],[23.806,54.102],[23.817,54.1],[23.825,54.099],[23.849,54.092],[23.854,54.089],[23.853,54.082],[23.85,54.077],[23.845,54.076],[23.841,54.072],[23.842,54.07],[23.838,54.067],[23.838,54.06],[23.842,54.055],[23.847,54.052],[23.851,54.048],[23.844,54.04],[23.843,54.042],[23.836,54.027],[23.843,54.019],[23.847,54.018],[23.849,54.022],[23.854,54.024],[23.852,54.026],[23.859,54.028],[23.863,54.021],[23.86,54.018],[23.856,54.017],[23.849,54.011],[23.844,54.009],[23.843,54.005],[23.836,54],[23.833,53.997],[23.827,53.994],[23.825,53.992],[23.817,53.989],[23.808,53.984],[23.802,53.982],[23.807,53.98],[23.806,53.975],[23.818,53.968],[23.821,53.964],[23.829,53.961],[23.835,53.953],[23.841,53.956],[23.849,53.956],[23.859,53.954],[23.863,53.952],[23.869,53.947],[23.877,53.943],[23.884,53.943],[23.893,53.947],[23.904,53.951],[23.908,53.954],[23.908,53.957],[23.909,53.962],[23.908,53.967],[23.913,53.97],[23.924,53.967],[23.922,53.964],[23.934,53.959],[23.941,53.957],[23.949,53.959],[23.961,53.955],[23.966,53.947],[23.97,53.942],[23.972,53.933],[23.965,53.935],[23.968,53.927],[23.974,53.927],[23.983,53.924],[24.103,53.941],[24.105,53.945],[24.103,53.951],[24.11,53.954],[24.114,53.958],[24.118,53.955],[24.132,53.955],[24.142,53.954],[24.154,53.961],[24.161,53.961],[24.173,53.962],[24.183,53.966],[24.192,53.966],[24.202,53.97],[24.19,53.999],[24.205,54],[24.2,54.042],[24.199,54.065],[24.189,54.064],[24.178,54.064],[24.17,54.068],[24.169,54.071],[24.16,54.073],[24.153,54.068],[24.146,54.065],[24.136,54.063],[24.128,54.064],[24.12,54.067],[24.108,54.068],[24.085,54.072],[24.076,54.072],[24.068,54.073],[24.051,54.08],[24.047,54.081],[24.037,54.079],[24.034,54.077],[24.03,54.071],[24.007,54.079],[24.018,54.093],[24.025,54.09],[24.029,54.093],[24.024,54.1],[24.024,54.103],[24.017,54.103],[24.015,54.106],[24.017,54.109],[23.995,54.116],[23.99,54.109],[23.969,54.105],[23.964,54.106],[23.965,54.111],[23.961,54.113],[23.961,54.117],[23.967,54.119],[23.969,54.122],[23.986,54.122],[23.986,54.124],[23.966,54.127],[23.967,54.13],[23.974,54.129],[23.99,54.129],[23.99,54.131],[23.997,54.134],[23.991,54.137],[23.995,54.157],[24.002,54.161],[23.993,54.167]]]}},{"type":"Feature","properties":{"id":1076929,"maakond_id":201,"name":"Varėnos rajono savivaldybė","bbox":[23.961,53.897,25.025,54.448]},"geometry":{"type":"Polygon","coordinates":[[[24.437,54.425],[24.442,54.421],[24.441,54.418],[24.433,54.418],[24.433,54.414],[24.441,54.408],[24.442,54.405],[24.454,54.403],[24.458,54.4],[24.457,54.397],[24.46,54.394],[24.461,54.388],[24.454,54.383],[24.453,54.378],[24.46,54.375],[24.468,54.371],[24.478,54.363],[24.474,54.36],[24.475,54.356],[24.469,54.351],[24.454,54.356],[24.448,54.353],[24.439,54.359],[24.43,54.366],[24.434,54.368],[24.427,54.374],[24.421,54.374],[24.413,54.372],[24.408,54.376],[24.397,54.373],[24.399,54.366],[24.402,54.36],[24.386,54.355],[24.394,54.354],[24.404,54.35],[24.392,54.348],[24.392,54.341],[24.377,54.332],[24.379,54.33],[24.39,54.325],[24.398,54.33],[24.401,54.333],[24.405,54.332],[24.402,54.325],[24.397,54.323],[24.396,54.318],[24.388,54.313],[24.387,54.309],[24.395,54.307],[24.393,54.297],[24.386,54.302],[24.371,54.302],[24.371,54.304],[24.348,54.3],[24.343,54.305],[24.33,54.3],[24.329,54.296],[24.332,54.29],[24.327,54.288],[24.319,54.287],[24.314,54.283],[24.306,54.284],[24.3,54.282],[24.291,54.277],[24.285,54.277],[24.241,54.269],[24.24,54.266],[24.229,54.269],[24.216,54.279],[24.212,54.276],[24.214,54.273],[24.208,54.27],[24.199,54.272],[24.191,54.28],[24.187,54.281],[24.181,54.278],[24.17,54.28],[24.165,54.277],[24.153,54.278],[24.149,54.273],[24.137,54.268],[24.133,54.265],[24.131,54.26],[24.142,54.254],[24.139,54.25],[24.143,54.244],[24.13,54.242],[24.13,54.234],[24.124,54.23],[24.124,54.227],[24.108,54.227],[24.104,54.222],[24.106,54.218],[24.106,54.207],[24.102,54.206],[24.078,54.207],[24.081,54.199],[24.075,54.195],[24.078,54.184],[24.069,54.185],[24.062,54.184],[24.048,54.175],[24.044,54.175],[24.031,54.18],[24.018,54.183],[24.012,54.18],[24.009,54.176],[24.012,54.172],[24.01,54.169],[24.004,54.166],[23.993,54.167],[24.002,54.161],[23.995,54.157],[23.991,54.137],[23.997,54.134],[23.99,54.131],[23.99,54.129],[23.974,54.129],[23.967,54.13],[23.966,54.127],[23.986,54.124],[23.986,54.122],[23.969,54.122],[23.967,54.119],[23.961,54.117],[23.961,54.113],[23.965,54.111],[23.964,54.106],[23.969,54.105],[23.99,54.109],[23.995,54.116],[24.017,54.109],[24.015,54.106],[24.017,54.103],[24.024,54.103],[24.024,54.1],[24.029,54.093],[24.025,54.09],[24.018,54.093],[24.007,54.079],[24.03,54.071],[24.034,54.077],[24.037,54.079],[24.047,54.081],[24.051,54.08],[24.068,54.073],[24.076,54.072],[24.085,54.072],[24.108,54.068],[24.12,54.067],[24.128,54.064],[24.136,54.063],[24.146,54.065],[24.153,54.068],[24.16,54.073],[24.169,54.071],[24.17,54.068],[24.178,54.064],[24.189,54.064],[24.199,54.065],[24.2,54.042],[24.205,54],[24.19,53.999],[24.202,53.97],[24.216,53.957],[24.211,53.955],[24.21,53.95],[24.219,53.947],[24.225,53.948],[24.233,53.945],[24.241,53.951],[24.246,53.949],[24.251,53.95],[24.26,53.949],[24.257,53.943],[24.263,53.94],[24.263,53.936],[24.273,53.935],[24.287,53.922],[24.307,53.927],[24.309,53.926],[24.307,53.922],[24.303,53.92],[24.303,53.916],[24.306,53.913],[24.312,53.911],[24.316,53.908],[24.323,53.908],[24.352,53.897],[24.372,53.901],[24.39,53.903],[24.434,53.904],[24.434,53.901],[24.448,53.904],[24.456,53.908],[24.457,53.913],[24.461,53.919],[24.466,53.921],[24.471,53.926],[24.472,53.93],[24.475,53.932],[24.483,53.934],[24.493,53.938],[24.497,53.943],[24.504,53.946],[24.51,53.954],[24.508,53.96],[24.515,53.963],[24.517,53.966],[24.528,53.966],[24.539,53.972],[24.559,53.978],[24.563,53.983],[24.573,53.987],[24.602,53.993],[24.602,53.998],[24.608,54],[24.611,54.004],[24.618,54.008],[24.626,54.011],[24.631,54.006],[24.644,54.009],[24.643,54.006],[24.652,54.007],[24.66,54.006],[24.662,54.009],[24.673,54.017],[24.676,54.016],[24.684,54.018],[24.698,54.017],[24.706,54.01],[24.702,54.004],[24.7,53.995],[24.694,53.991],[24.692,53.983],[24.694,53.974],[24.689,53.968],[24.686,53.967],[24.685,53.962],[24.701,53.966],[24.707,53.964],[24.726,53.967],[24.739,53.966],[24.741,53.969],[24.732,53.973],[24.752,53.986],[24.756,53.989],[24.755,53.993],[24.75,53.994],[24.758,54],[24.761,53.999],[24.761,53.996],[24.767,53.993],[24.779,53.995],[24.784,53.995],[24.786,53.997],[24.794,54],[24.8,53.997],[24.808,53.995],[24.816,53.996],[24.815,53.999],[24.809,54.002],[24.814,54.005],[24.82,54.012],[24.823,54.013],[24.832,54.012],[24.832,54.016],[24.839,54.021],[24.832,54.027],[24.858,54.031],[24.862,54.027],[24.867,54.029],[24.871,54.035],[24.864,54.039],[24.856,54.037],[24.857,54.036],[24.848,54.034],[24.841,54.034],[24.835,54.039],[24.823,54.043],[24.821,54.046],[24.823,54.053],[24.826,54.054],[24.823,54.062],[24.818,54.071],[24.814,54.074],[24.808,54.083],[24.797,54.092],[24.791,54.096],[24.785,54.097],[24.779,54.1],[24.777,54.104],[24.775,54.112],[24.772,54.116],[24.774,54.118],[24.78,54.119],[24.786,54.115],[24.794,54.115],[24.805,54.12],[24.817,54.126],[24.831,54.133],[24.824,54.138],[24.813,54.145],[24.828,54.147],[24.829,54.149],[24.836,54.149],[24.827,54.161],[24.818,54.168],[24.826,54.173],[24.818,54.174],[24.817,54.187],[24.809,54.186],[24.802,54.192],[24.797,54.192],[24.784,54.195],[24.777,54.195],[24.776,54.191],[24.77,54.193],[24.768,54.2],[24.759,54.2],[24.759,54.219],[24.755,54.223],[24.77,54.229],[24.78,54.227],[24.787,54.234],[24.804,54.233],[24.814,54.233],[24.811,54.243],[24.811,54.249],[24.817,54.249],[24.818,54.246],[24.823,54.246],[24.822,54.251],[24.824,54.255],[24.835,54.252],[24.843,54.257],[24.856,54.256],[24.857,54.269],[24.863,54.27],[24.865,54.273],[24.883,54.274],[24.889,54.275],[24.875,54.284],[24.875,54.288],[24.881,54.294],[24.933,54.295],[24.932,54.3],[24.922,54.326],[24.928,54.336],[24.924,54.338],[24.914,54.339],[24.918,54.342],[24.913,54.361],[24.929,54.363],[24.925,54.375],[24.945,54.379],[24.957,54.38],[24.958,54.379],[24.997,54.383],[24.994,54.396],[25.017,54.398],[25.009,54.423],[25.025,54.425],[25.02,54.442],[25.012,54.44],[25.007,54.437],[24.992,54.435],[24.987,54.437],[24.976,54.431],[24.963,54.434],[24.953,54.433],[24.953,54.43],[24.942,54.428],[24.941,54.431],[24.922,54.425],[24.911,54.41],[24.907,54.41],[24.904,54.413],[24.905,54.416],[24.903,54.419],[24.873,54.415],[24.868,54.411],[24.858,54.411],[24.855,54.408],[24.843,54.406],[24.846,54.398],[24.829,54.398],[24.828,54.401],[24.804,54.398],[24.803,54.405],[24.75,54.399],[24.745,54.399],[24.737,54.405],[24.731,54.399],[24.73,54.393],[24.726,54.393],[24.721,54.39],[24.712,54.395],[24.712,54.399],[24.707,54.405],[24.707,54.409],[24.713,54.412],[24.721,54.413],[24.72,54.429],[24.709,54.431],[24.704,54.433],[24.689,54.433],[24.686,54.437],[24.682,54.436],[24.681,54.441],[24.668,54.448],[24.658,54.446],[24.655,54.439],[24.646,54.44],[24.644,54.439],[24.619,54.441],[24.614,54.437],[24.617,54.436],[24.614,54.432],[24.608,54.432],[24.597,54.428],[24.586,54.432],[24.586,54.421],[24.585,54.413],[24.574,54.411],[24.572,54.418],[24.559,54.418],[24.56,54.412],[24.54,54.418],[24.54,54.425],[24.546,54.43],[24.503,54.428],[24.501,54.424],[24.493,54.423],[24.48,54.423],[24.469,54.424],[24.448,54.424],[24.438,54.427],[24.437,54.425]]]}},{"type":"Feature","properties":{"id":1078733,"maakond_id":203,"name":"Neringos savivaldybė","bbox":[20.954,55.278,21.135,55.673]},"geometry":{"type":"Polygon","coordinates":[[[21.103,55.667],[21.105,55.644],[21.106,55.628],[21.106,55.611],[21.105,55.595],[21.1,55.552],[21.098,55.536],[21.093,55.517],[21.083,55.49],[21.074,55.467],[21.069,55.45],[21.06,55.429],[21.047,55.405],[21.028,55.375],[21.017,55.359],[21.012,55.353],[20.994,55.327],[20.963,55.289],[20.954,55.281],[20.984,55.278],[20.987,55.283],[20.99,55.285],[21,55.289],[20.998,55.295],[21,55.299],[21.008,55.303],[21.008,55.307],[21.015,55.314],[21.024,55.319],[21.039,55.323],[21.052,55.328],[21.058,55.331],[21.053,55.336],[21.053,55.34],[21.06,55.35],[21.054,55.355],[21.057,55.367],[21.068,55.373],[21.072,55.378],[21.079,55.385],[21.074,55.389],[21.079,55.394],[21.083,55.395],[21.095,55.402],[21.09,55.405],[21.086,55.409],[21.098,55.414],[21.111,55.421],[21.109,55.426],[21.09,55.438],[21.094,55.443],[21.093,55.445],[21.098,55.45],[21.098,55.457],[21.102,55.462],[21.103,55.467],[21.11,55.482],[21.118,55.487],[21.113,55.497],[21.116,55.51],[21.12,55.514],[21.117,55.515],[21.115,55.52],[21.118,55.528],[21.12,55.53],[21.118,55.536],[21.12,55.541],[21.125,55.546],[21.129,55.551],[21.127,55.557],[21.129,55.56],[21.128,55.564],[21.13,55.568],[21.129,55.571],[21.131,55.577],[21.129,55.578],[21.13,55.587],[21.133,55.59],[21.13,55.597],[21.13,55.601],[21.134,55.604],[21.135,55.615],[21.132,55.619],[21.133,55.622],[21.133,55.632],[21.131,55.644],[21.129,55.661],[21.133,55.67],[21.133,55.673],[21.103,55.667]]]}},{"type":"Feature","properties":{"id":1082822,"maakond_id":201,"name":"Lazdijų rajono savivaldybė","bbox":[23.312,53.899,23.983,54.422]},"geometry":{"type":"Polygon","coordinates":[[[23.835,53.953],[23.829,53.961],[23.821,53.964],[23.818,53.968],[23.806,53.975],[23.807,53.98],[23.802,53.982],[23.808,53.984],[23.817,53.989],[23.825,53.992],[23.827,53.994],[23.833,53.997],[23.836,54],[23.843,54.005],[23.844,54.009],[23.849,54.011],[23.856,54.017],[23.86,54.018],[23.863,54.021],[23.859,54.028],[23.852,54.026],[23.854,54.024],[23.849,54.022],[23.847,54.018],[23.843,54.019],[23.836,54.027],[23.843,54.042],[23.844,54.04],[23.851,54.048],[23.847,54.052],[23.842,54.055],[23.838,54.06],[23.838,54.067],[23.842,54.07],[23.841,54.072],[23.845,54.076],[23.85,54.077],[23.853,54.082],[23.854,54.089],[23.849,54.092],[23.825,54.099],[23.817,54.1],[23.806,54.102],[23.8,54.106],[23.799,54.11],[23.806,54.118],[23.802,54.122],[23.8,54.127],[23.804,54.132],[23.809,54.134],[23.802,54.144],[23.812,54.144],[23.83,54.147],[23.829,54.152],[23.857,54.158],[23.864,54.158],[23.875,54.155],[23.889,54.169],[23.889,54.181],[23.897,54.178],[23.905,54.173],[23.917,54.178],[23.925,54.179],[23.928,54.176],[23.936,54.179],[23.947,54.174],[23.966,54.176],[23.96,54.178],[23.953,54.185],[23.95,54.193],[23.954,54.2],[23.961,54.205],[23.96,54.211],[23.964,54.217],[23.965,54.23],[23.964,54.237],[23.973,54.251],[23.983,54.255],[23.958,54.265],[23.95,54.256],[23.944,54.255],[23.943,54.261],[23.933,54.261],[23.912,54.287],[23.873,54.283],[23.853,54.284],[23.844,54.287],[23.843,54.282],[23.837,54.277],[23.832,54.278],[23.824,54.284],[23.822,54.289],[23.824,54.292],[23.817,54.295],[23.805,54.295],[23.8,54.293],[23.791,54.301],[23.778,54.309],[23.768,54.312],[23.762,54.317],[23.76,54.323],[23.749,54.331],[23.741,54.331],[23.739,54.334],[23.724,54.338],[23.697,54.331],[23.687,54.327],[23.679,54.325],[23.673,54.332],[23.669,54.333],[23.665,54.337],[23.66,54.346],[23.637,54.345],[23.635,54.353],[23.629,54.352],[23.603,54.339],[23.563,54.34],[23.563,54.37],[23.587,54.369],[23.582,54.395],[23.599,54.396],[23.596,54.406],[23.566,54.406],[23.567,54.422],[23.561,54.422],[23.541,54.413],[23.512,54.414],[23.488,54.415],[23.455,54.4],[23.432,54.401],[23.431,54.399],[23.44,54.394],[23.441,54.391],[23.436,54.39],[23.439,54.385],[23.439,54.378],[23.443,54.371],[23.444,54.366],[23.399,54.367],[23.392,54.363],[23.365,54.359],[23.366,54.353],[23.369,54.351],[23.358,54.345],[23.348,54.346],[23.344,54.339],[23.346,54.332],[23.338,54.329],[23.339,54.318],[23.345,54.311],[23.343,54.308],[23.312,54.296],[23.332,54.278],[23.331,54.27],[23.323,54.27],[23.322,54.253],[23.338,54.252],[23.348,54.246],[23.353,54.241],[23.358,54.234],[23.366,54.23],[23.374,54.23],[23.38,54.229],[23.387,54.225],[23.387,54.218],[23.394,54.217],[23.397,54.214],[23.398,54.207],[23.404,54.202],[23.406,54.196],[23.412,54.193],[23.419,54.191],[23.424,54.178],[23.439,54.178],[23.451,54.176],[23.459,54.176],[23.461,54.168],[23.47,54.164],[23.476,54.163],[23.473,54.158],[23.482,54.153],[23.486,54.153],[23.489,54.145],[23.491,54.136],[23.495,54.133],[23.493,54.117],[23.496,54.113],[23.502,54.113],[23.507,54.099],[23.518,54.09],[23.518,54.079],[23.524,54.073],[23.529,54.066],[23.526,54.057],[23.528,54.054],[23.527,54.047],[23.523,54.038],[23.526,54.033],[23.525,54.031],[23.516,54.029],[23.511,54.022],[23.513,54.018],[23.509,54.012],[23.492,54.004],[23.487,54],[23.482,54],[23.484,53.993],[23.483,53.991],[23.486,53.987],[23.491,53.974],[23.496,53.973],[23.498,53.969],[23.515,53.96],[23.516,53.955],[23.523,53.954],[23.532,53.95],[23.538,53.942],[23.546,53.943],[23.556,53.942],[23.562,53.939],[23.567,53.943],[23.571,53.944],[23.577,53.942],[23.581,53.943],[23.587,53.937],[23.593,53.935],[23.598,53.937],[23.6,53.934],[23.598,53.93],[23.605,53.928],[23.61,53.925],[23.615,53.928],[23.631,53.928],[23.635,53.931],[23.652,53.935],[23.658,53.935],[23.667,53.931],[23.67,53.932],[23.674,53.935],[23.682,53.932],[23.691,53.933],[23.696,53.935],[23.703,53.934],[23.713,53.937],[23.722,53.936],[23.729,53.933],[23.732,53.93],[23.738,53.93],[23.74,53.928],[23.749,53.927],[23.755,53.927],[23.757,53.925],[23.762,53.926],[23.766,53.923],[23.768,53.916],[23.774,53.913],[23.781,53.911],[23.774,53.903],[23.778,53.899],[23.783,53.901],[23.798,53.9],[23.807,53.907],[23.816,53.909],[23.818,53.915],[23.816,53.919],[23.81,53.923],[23.801,53.926],[23.797,53.931],[23.798,53.935],[23.819,53.943],[23.824,53.948],[23.835,53.953]]]}},{"type":"Feature","properties":{"id":1085089,"maakond_id":201,"name":"Alytaus rajono savivaldybė","bbox":[23.51,54.166,24.478,54.563]},"geometry":{"type":"Polygon","coordinates":[[[23.993,54.167],[24.004,54.166],[24.01,54.169],[24.012,54.172],[24.009,54.176],[24.012,54.18],[24.018,54.183],[24.031,54.18],[24.044,54.175],[24.048,54.175],[24.062,54.184],[24.069,54.185],[24.078,54.184],[24.075,54.195],[24.081,54.199],[24.078,54.207],[24.102,54.206],[24.106,54.207],[24.106,54.218],[24.104,54.222],[24.108,54.227],[24.124,54.227],[24.124,54.23],[24.13,54.234],[24.13,54.242],[24.143,54.244],[24.139,54.25],[24.142,54.254],[24.131,54.26],[24.133,54.265],[24.137,54.268],[24.149,54.273],[24.153,54.278],[24.165,54.277],[24.17,54.28],[24.181,54.278],[24.187,54.281],[24.191,54.28],[24.199,54.272],[24.208,54.27],[24.214,54.273],[24.212,54.276],[24.216,54.279],[24.229,54.269],[24.24,54.266],[24.241,54.269],[24.285,54.277],[24.291,54.277],[24.3,54.282],[24.306,54.284],[24.314,54.283],[24.319,54.287],[24.327,54.288],[24.332,54.29],[24.329,54.296],[24.33,54.3],[24.343,54.305],[24.348,54.3],[24.371,54.304],[24.371,54.302],[24.386,54.302],[24.393,54.297],[24.395,54.307],[24.387,54.309],[24.388,54.313],[24.396,54.318],[24.397,54.323],[24.402,54.325],[24.405,54.332],[24.401,54.333],[24.398,54.33],[24.39,54.325],[24.379,54.33],[24.377,54.332],[24.392,54.341],[24.392,54.348],[24.404,54.35],[24.394,54.354],[24.386,54.355],[24.402,54.36],[24.399,54.366],[24.397,54.373],[24.408,54.376],[24.413,54.372],[24.421,54.374],[24.427,54.374],[24.434,54.368],[24.43,54.366],[24.439,54.359],[24.448,54.353],[24.454,54.356],[24.469,54.351],[24.475,54.356],[24.474,54.36],[24.478,54.363],[24.468,54.371],[24.46,54.375],[24.453,54.378],[24.454,54.383],[24.461,54.388],[24.46,54.394],[24.457,54.397],[24.458,54.4],[24.454,54.403],[24.442,54.405],[24.441,54.408],[24.433,54.414],[24.433,54.418],[24.441,54.418],[24.442,54.421],[24.437,54.425],[24.428,54.428],[24.422,54.426],[24.416,54.427],[24.417,54.436],[24.424,54.443],[24.438,54.452],[24.433,54.455],[24.436,54.459],[24.434,54.464],[24.417,54.473],[24.401,54.473],[24.394,54.483],[24.402,54.483],[24.404,54.487],[24.419,54.49],[24.417,54.505],[24.409,54.505],[24.409,54.512],[24.416,54.512],[24.418,54.514],[24.407,54.517],[24.404,54.519],[24.413,54.523],[24.405,54.525],[24.413,54.529],[24.414,54.533],[24.407,54.536],[24.401,54.533],[24.4,54.53],[24.395,54.53],[24.393,54.528],[24.395,54.523],[24.39,54.523],[24.387,54.525],[24.383,54.522],[24.376,54.525],[24.371,54.521],[24.368,54.525],[24.361,54.521],[24.358,54.524],[24.344,54.528],[24.336,54.524],[24.33,54.525],[24.319,54.522],[24.273,54.53],[24.267,54.541],[24.267,54.55],[24.265,54.55],[24.265,54.557],[24.273,54.558],[24.274,54.562],[24.263,54.561],[24.258,54.563],[24.256,54.559],[24.241,54.557],[24.241,54.555],[24.226,54.553],[24.225,54.556],[24.205,54.553],[24.198,54.543],[24.198,54.537],[24.17,54.537],[24.16,54.536],[24.147,54.537],[24.137,54.539],[24.129,54.539],[24.121,54.532],[24.114,54.53],[24.103,54.53],[24.098,54.542],[24.09,54.546],[24.085,54.55],[24.077,54.553],[24.063,54.555],[24.052,54.554],[24.04,54.551],[24.029,54.551],[24.013,54.545],[24.009,54.54],[24.004,54.535],[24.001,54.528],[23.999,54.522],[23.993,54.517],[23.997,54.513],[24.01,54.512],[24.013,54.509],[24.012,54.505],[24.007,54.498],[23.994,54.493],[23.983,54.491],[23.975,54.491],[23.971,54.493],[23.968,54.49],[23.967,54.486],[23.938,54.483],[23.936,54.484],[23.905,54.484],[23.901,54.483],[23.899,54.476],[23.905,54.474],[23.907,54.466],[23.911,54.465],[23.879,54.458],[23.86,54.455],[23.858,54.457],[23.859,54.462],[23.87,54.461],[23.871,54.467],[23.836,54.47],[23.83,54.468],[23.806,54.47],[23.799,54.474],[23.796,54.472],[23.794,54.465],[23.788,54.463],[23.783,54.465],[23.778,54.459],[23.771,54.461],[23.767,54.463],[23.765,54.469],[23.755,54.469],[23.751,54.466],[23.725,54.473],[23.714,54.484],[23.684,54.474],[23.676,54.484],[23.672,54.494],[23.669,54.499],[23.669,54.503],[23.662,54.509],[23.657,54.512],[23.64,54.513],[23.624,54.508],[23.617,54.5],[23.618,54.495],[23.614,54.493],[23.615,54.489],[23.613,54.487],[23.598,54.487],[23.562,54.473],[23.537,54.471],[23.531,54.466],[23.514,54.468],[23.511,54.466],[23.51,54.463],[23.512,54.414],[23.541,54.413],[23.561,54.422],[23.567,54.422],[23.566,54.406],[23.596,54.406],[23.599,54.396],[23.582,54.395],[23.587,54.369],[23.563,54.37],[23.563,54.34],[23.603,54.339],[23.629,54.352],[23.635,54.353],[23.637,54.345],[23.66,54.346],[23.665,54.337],[23.669,54.333],[23.673,54.332],[23.679,54.325],[23.687,54.327],[23.697,54.331],[23.724,54.338],[23.739,54.334],[23.741,54.331],[23.749,54.331],[23.76,54.323],[23.762,54.317],[23.768,54.312],[23.778,54.309],[23.791,54.301],[23.8,54.293],[23.805,54.295],[23.817,54.295],[23.824,54.292],[23.822,54.289],[23.824,54.284],[23.832,54.278],[23.837,54.277],[23.843,54.282],[23.844,54.287],[23.853,54.284],[23.873,54.283],[23.912,54.287],[23.933,54.261],[23.943,54.261],[23.944,54.255],[23.95,54.256],[23.958,54.265],[23.983,54.255],[23.973,54.251],[23.964,54.237],[23.965,54.23],[23.964,54.217],[23.96,54.211],[23.961,54.205],[23.954,54.2],[23.95,54.193],[23.953,54.185],[23.96,54.178],[23.966,54.176],[23.97,54.174],[23.979,54.174],[23.987,54.167],[23.993,54.167]],[[23.988,54.408],[23.997,54.411],[24.002,54.41],[24.006,54.419],[24.001,54.427],[24.006,54.439],[24.011,54.443],[24.019,54.441],[24.024,54.441],[24.025,54.438],[24.034,54.438],[24.04,54.436],[24.046,54.435],[24.049,54.438],[24.061,54.438],[24.061,54.44],[24.073,54.441],[24.068,54.435],[24.062,54.432],[24.05,54.43],[24.045,54.428],[24.041,54.423],[24.04,54.42],[24.061,54.422],[24.065,54.418],[24.069,54.417],[24.073,54.414],[24.068,54.411],[24.076,54.405],[24.085,54.407],[24.102,54.397],[24.098,54.396],[24.087,54.395],[24.081,54.393],[24.09,54.387],[24.089,54.378],[24.093,54.372],[24.091,54.368],[24.084,54.372],[24.073,54.376],[24.067,54.367],[24.063,54.364],[24.051,54.368],[24.039,54.375],[24.028,54.378],[24.014,54.379],[24.009,54.377],[24.006,54.371],[24,54.369],[23.985,54.371],[23.992,54.38],[23.996,54.384],[24.003,54.385],[23.999,54.388],[23.998,54.392],[23.971,54.395],[23.959,54.394],[23.966,54.398],[23.977,54.404],[23.988,54.408]]]}},{"type":"Feature","properties":{"id":1085091,"maakond_id":201,"name":"Alytaus miesto savivaldybė","bbox":[23.959,54.364,24.102,54.443]},"geometry":{"type":"Polygon","coordinates":[[[23.988,54.408],[23.977,54.404],[23.966,54.398],[23.959,54.394],[23.971,54.395],[23.998,54.392],[23.999,54.388],[24.003,54.385],[23.996,54.384],[23.992,54.38],[23.985,54.371],[24,54.369],[24.006,54.371],[24.009,54.377],[24.014,54.379],[24.028,54.378],[24.039,54.375],[24.051,54.368],[24.063,54.364],[24.067,54.367],[24.073,54.376],[24.084,54.372],[24.091,54.368],[24.093,54.372],[24.089,54.378],[24.09,54.387],[24.081,54.393],[24.087,54.395],[24.098,54.396],[24.102,54.397],[24.085,54.407],[24.076,54.405],[24.068,54.411],[24.073,54.414],[24.069,54.417],[24.065,54.418],[24.061,54.422],[24.04,54.42],[24.041,54.423],[24.045,54.428],[24.05,54.43],[24.062,54.432],[24.068,54.435],[24.073,54.441],[24.061,54.44],[24.061,54.438],[24.049,54.438],[24.046,54.435],[24.04,54.436],[24.034,54.438],[24.025,54.438],[24.024,54.441],[24.019,54.441],[24.011,54.443],[24.006,54.439],[24.001,54.427],[24.006,54.419],[24.002,54.41],[23.997,54.411],[23.988,54.408]]]}},{"type":"Feature","properties":{"id":1111073,"maakond_id":205,"name":"Rokiškio rajono savivaldybė","bbox":[25.064,55.715,26.046,56.192]},"geometry":{"type":"Polygon","coordinates":[[[25.686,55.715],[25.701,55.723],[25.704,55.726],[25.713,55.731],[25.719,55.741],[25.725,55.74],[25.729,55.745],[25.73,55.752],[25.728,55.757],[25.722,55.756],[25.722,55.759],[25.727,55.76],[25.726,55.764],[25.732,55.779],[25.745,55.779],[25.746,55.784],[25.753,55.786],[25.758,55.783],[25.77,55.781],[25.773,55.779],[25.781,55.777],[25.784,55.778],[25.79,55.774],[25.802,55.771],[25.81,55.772],[25.817,55.771],[25.823,55.773],[25.824,55.778],[25.828,55.781],[25.829,55.789],[25.832,55.789],[25.834,55.792],[25.838,55.796],[25.837,55.802],[25.833,55.803],[25.835,55.806],[25.831,55.811],[25.825,55.814],[25.829,55.816],[25.836,55.811],[25.841,55.812],[25.841,55.816],[25.843,55.822],[25.841,55.826],[25.842,55.832],[25.849,55.834],[25.857,55.832],[25.862,55.828],[25.867,55.829],[25.871,55.826],[25.866,55.823],[25.872,55.821],[25.882,55.822],[25.891,55.819],[25.907,55.824],[25.914,55.827],[25.906,55.829],[25.905,55.832],[25.906,55.837],[25.898,55.835],[25.894,55.839],[25.896,55.841],[25.903,55.842],[25.905,55.845],[25.902,55.848],[25.905,55.851],[25.903,55.862],[25.916,55.863],[25.964,55.867],[25.974,55.87],[25.966,55.871],[25.963,55.873],[25.966,55.877],[25.973,55.879],[25.971,55.882],[25.978,55.886],[25.985,55.886],[25.988,55.89],[25.981,55.897],[25.97,55.906],[25.966,55.91],[25.97,55.922],[25.978,55.924],[26,55.935],[26.006,55.943],[26.016,55.942],[26.034,55.944],[26.046,55.945],[26.046,55.954],[26.01,55.967],[26,55.963],[25.997,55.966],[25.991,55.969],[25.989,55.974],[25.98,55.976],[25.979,55.979],[25.974,55.982],[25.961,55.983],[25.955,55.985],[25.946,55.985],[25.945,55.988],[25.901,55.997],[25.899,55.999],[25.892,56.001],[25.86,56],[25.849,56.008],[25.86,56.015],[25.859,56.023],[25.85,56.03],[25.839,56.03],[25.835,56.033],[25.825,56.044],[25.82,56.055],[25.801,56.059],[25.761,56.064],[25.752,56.071],[25.737,56.077],[25.725,56.078],[25.717,56.081],[25.703,56.082],[25.688,56.086],[25.687,56.093],[25.695,56.095],[25.699,56.101],[25.693,56.104],[25.7,56.119],[25.676,56.13],[25.685,56.144],[25.673,56.149],[25.665,56.143],[25.651,56.135],[25.634,56.135],[25.624,56.136],[25.602,56.134],[25.565,56.14],[25.551,56.162],[25.536,56.165],[25.522,56.163],[25.51,56.159],[25.507,56.155],[25.505,56.145],[25.48,56.143],[25.454,56.147],[25.455,56.153],[25.432,56.154],[25.421,56.145],[25.403,56.149],[25.404,56.158],[25.353,56.153],[25.337,56.154],[25.315,56.145],[25.304,56.149],[25.297,56.154],[25.293,56.154],[25.279,56.158],[25.27,56.17],[25.255,56.173],[25.25,56.18],[25.248,56.185],[25.238,56.187],[25.234,56.192],[25.228,56.192],[25.215,56.187],[25.2,56.176],[25.188,56.177],[25.18,56.176],[25.171,56.174],[25.172,56.163],[25.164,56.161],[25.167,56.156],[25.178,56.147],[25.183,56.146],[25.195,56.139],[25.195,56.134],[25.199,56.126],[25.202,56.125],[25.21,56.127],[25.214,56.123],[25.22,56.121],[25.223,56.113],[25.217,56.107],[25.206,56.108],[25.194,56.104],[25.186,56.104],[25.176,56.098],[25.173,56.1],[25.166,56.1],[25.14,56.106],[25.135,56.105],[25.135,56.1],[25.126,56.099],[25.128,56.095],[25.116,56.096],[25.115,56.097],[25.107,56.098],[25.108,56.094],[25.117,56.093],[25.115,56.088],[25.124,56.084],[25.12,56.072],[25.121,56.069],[25.114,56.067],[25.084,56.061],[25.091,56.059],[25.099,56.046],[25.115,56.042],[25.117,56.032],[25.1,56.026],[25.099,56.02],[25.091,56.014],[25.079,56.012],[25.074,56.002],[25.073,55.999],[25.064,55.998],[25.067,55.992],[25.065,55.989],[25.069,55.977],[25.066,55.97],[25.09,55.969],[25.097,55.967],[25.103,55.962],[25.107,55.96],[25.121,55.95],[25.125,55.948],[25.136,55.952],[25.14,55.943],[25.163,55.947],[25.191,55.953],[25.197,55.948],[25.206,55.946],[25.214,55.948],[25.223,55.949],[25.23,55.948],[25.247,55.942],[25.248,55.938],[25.253,55.936],[25.272,55.937],[25.277,55.953],[25.274,55.956],[25.28,55.961],[25.288,55.964],[25.298,55.963],[25.296,55.968],[25.297,55.974],[25.304,55.976],[25.313,55.975],[25.313,55.98],[25.321,55.98],[25.323,55.967],[25.322,55.958],[25.312,55.949],[25.313,55.948],[25.323,55.948],[25.325,55.942],[25.323,55.933],[25.325,55.933],[25.324,55.923],[25.328,55.915],[25.333,55.901],[25.33,55.891],[25.328,55.88],[25.325,55.875],[25.32,55.872],[25.32,55.866],[25.314,55.865],[25.305,55.859],[25.3,55.853],[25.298,55.845],[25.3,55.841],[25.295,55.837],[25.297,55.834],[25.294,55.828],[25.299,55.824],[25.31,55.81],[25.325,55.804],[25.336,55.796],[25.361,55.772],[25.36,55.767],[25.361,55.764],[25.365,55.762],[25.376,55.76],[25.391,55.764],[25.395,55.758],[25.403,55.758],[25.424,55.751],[25.441,55.739],[25.465,55.731],[25.473,55.743],[25.503,55.736],[25.498,55.73],[25.496,55.726],[25.519,55.721],[25.537,55.719],[25.543,55.731],[25.563,55.728],[25.568,55.726],[25.583,55.722],[25.59,55.731],[25.593,55.738],[25.6,55.743],[25.607,55.743],[25.605,55.739],[25.609,55.738],[25.612,55.734],[25.618,55.737],[25.645,55.73],[25.66,55.736],[25.659,55.738],[25.666,55.741],[25.676,55.741],[25.68,55.74],[25.683,55.734],[25.685,55.725],[25.682,55.723],[25.686,55.715]]]}},{"type":"Feature","properties":{"id":1111074,"maakond_id":205,"name":"Biržų rajono savivaldybė","bbox":[24.468,55.9,25.223,56.45]},"geometry":{"type":"Polygon","coordinates":[[[25.079,56.012],[25.091,56.014],[25.099,56.02],[25.1,56.026],[25.117,56.032],[25.115,56.042],[25.099,56.046],[25.091,56.059],[25.084,56.061],[25.114,56.067],[25.121,56.069],[25.12,56.072],[25.124,56.084],[25.115,56.088],[25.117,56.093],[25.108,56.094],[25.107,56.098],[25.115,56.097],[25.116,56.096],[25.128,56.095],[25.126,56.099],[25.135,56.1],[25.135,56.105],[25.14,56.106],[25.166,56.1],[25.173,56.1],[25.176,56.098],[25.186,56.104],[25.194,56.104],[25.206,56.108],[25.217,56.107],[25.223,56.113],[25.22,56.121],[25.214,56.123],[25.21,56.127],[25.202,56.125],[25.199,56.126],[25.195,56.134],[25.195,56.139],[25.183,56.146],[25.178,56.147],[25.167,56.156],[25.164,56.161],[25.172,56.163],[25.171,56.174],[25.15,56.175],[25.143,56.18],[25.137,56.18],[25.127,56.184],[25.118,56.184],[25.111,56.186],[25.105,56.184],[25.092,56.186],[25.09,56.188],[25.086,56.196],[25.076,56.195],[25.078,56.198],[25.074,56.203],[25.075,56.205],[25.07,56.211],[25.072,56.215],[25.075,56.218],[25.067,56.226],[25.063,56.227],[25.069,56.238],[25.067,56.242],[25.06,56.242],[25.059,56.246],[25.064,56.25],[25.058,56.252],[25.056,56.256],[25.059,56.259],[25.055,56.262],[25.056,56.266],[25.042,56.269],[25.044,56.271],[25.041,56.274],[25.033,56.272],[25.026,56.276],[25.019,56.277],[25.019,56.282],[25.014,56.284],[25.016,56.291],[25.01,56.295],[25.002,56.295],[24.991,56.299],[24.988,56.305],[24.977,56.31],[24.973,56.311],[24.974,56.318],[24.97,56.32],[24.968,56.327],[24.971,56.334],[24.968,56.334],[24.971,56.338],[24.967,56.344],[24.969,56.35],[24.972,56.351],[24.969,56.358],[24.971,56.362],[24.969,56.366],[24.964,56.369],[24.961,56.368],[24.955,56.37],[24.95,56.377],[24.943,56.378],[24.94,56.381],[24.936,56.39],[24.922,56.404],[24.918,56.402],[24.915,56.406],[24.909,56.41],[24.902,56.418],[24.904,56.422],[24.912,56.426],[24.913,56.43],[24.919,56.435],[24.917,56.441],[24.908,56.443],[24.907,56.446],[24.9,56.447],[24.89,56.447],[24.887,56.45],[24.872,56.449],[24.867,56.446],[24.867,56.443],[24.858,56.437],[24.851,56.436],[24.853,56.433],[24.852,56.428],[24.854,56.424],[24.862,56.422],[24.863,56.418],[24.862,56.416],[24.848,56.413],[24.84,56.414],[24.834,56.411],[24.824,56.411],[24.824,56.416],[24.822,56.418],[24.809,56.422],[24.801,56.42],[24.803,56.417],[24.803,56.412],[24.788,56.405],[24.783,56.402],[24.777,56.403],[24.775,56.399],[24.766,56.402],[24.763,56.404],[24.756,56.403],[24.75,56.404],[24.741,56.4],[24.734,56.401],[24.726,56.403],[24.715,56.401],[24.711,56.401],[24.702,56.404],[24.699,56.397],[24.705,56.388],[24.695,56.38],[24.686,56.376],[24.676,56.377],[24.671,56.376],[24.661,56.377],[24.655,56.376],[24.648,56.378],[24.639,56.376],[24.63,56.376],[24.627,56.373],[24.631,56.367],[24.624,56.362],[24.624,56.359],[24.628,56.355],[24.627,56.349],[24.624,56.346],[24.616,56.345],[24.608,56.34],[24.608,56.336],[24.602,56.334],[24.597,56.335],[24.587,56.332],[24.582,56.324],[24.577,56.323],[24.576,56.316],[24.583,56.306],[24.58,56.288],[24.565,56.289],[24.537,56.283],[24.519,56.281],[24.504,56.276],[24.505,56.275],[24.502,56.263],[24.503,56.249],[24.512,56.248],[24.515,56.246],[24.493,56.24],[24.49,56.23],[24.483,56.223],[24.468,56.222],[24.473,56.213],[24.491,56.208],[24.493,56.196],[24.496,56.19],[24.498,56.183],[24.508,56.182],[24.516,56.172],[24.521,56.167],[24.535,56.167],[24.541,56.17],[24.548,56.167],[24.547,56.166],[24.562,56.164],[24.549,56.16],[24.546,56.157],[24.554,56.154],[24.553,56.15],[24.56,56.149],[24.561,56.139],[24.544,56.125],[24.548,56.125],[24.55,56.122],[24.592,56.107],[24.596,56.105],[24.609,56.118],[24.623,56.134],[24.626,56.134],[24.638,56.135],[24.644,56.106],[24.65,56.093],[24.673,56.094],[24.673,56.087],[24.677,56.082],[24.679,56.076],[24.682,56.055],[24.665,56.054],[24.665,56.053],[24.628,56.053],[24.628,56.05],[24.629,56.034],[24.614,56.029],[24.608,56.025],[24.606,56.022],[24.607,56.019],[24.605,56.015],[24.601,56.013],[24.599,56],[24.601,55.995],[24.608,55.995],[24.606,55.99],[24.621,55.99],[24.618,55.984],[24.618,55.98],[24.617,55.973],[24.609,55.975],[24.603,55.975],[24.601,55.972],[24.609,55.968],[24.603,55.96],[24.619,55.952],[24.607,55.936],[24.604,55.929],[24.616,55.922],[24.621,55.924],[24.626,55.923],[24.628,55.916],[24.628,55.91],[24.626,55.905],[24.629,55.9],[24.64,55.902],[24.641,55.909],[24.644,55.911],[24.652,55.912],[24.653,55.917],[24.66,55.917],[24.682,55.936],[24.688,55.932],[24.694,55.932],[24.693,55.927],[24.715,55.922],[24.724,55.922],[24.73,55.926],[24.756,55.923],[24.76,55.933],[24.768,55.93],[24.775,55.933],[24.777,55.935],[24.8,55.935],[24.806,55.934],[24.817,55.943],[24.826,55.949],[24.846,55.942],[24.85,55.95],[24.889,55.948],[24.89,55.955],[24.893,55.975],[24.884,55.976],[24.882,55.984],[24.878,55.99],[24.884,56.001],[24.886,56.006],[24.898,56.005],[24.905,56.006],[24.911,56.008],[24.91,56.01],[24.916,56.019],[24.935,56.022],[24.952,56.022],[24.982,56.03],[25,56.038],[25.004,56.042],[25.013,56.048],[25.015,56.051],[25.032,56.049],[25.038,56.043],[25.051,56.033],[25.048,56.031],[25.038,56.022],[25.031,56.018],[25.035,56.013],[25.034,56.011],[25.052,56.008],[25.057,56.015],[25.079,56.012]]]}},{"type":"Feature","properties":{"id":1111075,"maakond_id":205,"name":"Kupiškio rajono savivaldybė","bbox":[24.678,55.682,25.365,56.051]},"geometry":{"type":"Polygon","coordinates":[[[25.365,55.762],[25.361,55.764],[25.36,55.767],[25.361,55.772],[25.336,55.796],[25.325,55.804],[25.31,55.81],[25.299,55.824],[25.294,55.828],[25.297,55.834],[25.295,55.837],[25.3,55.841],[25.298,55.845],[25.3,55.853],[25.305,55.859],[25.314,55.865],[25.32,55.866],[25.32,55.872],[25.325,55.875],[25.328,55.88],[25.33,55.891],[25.333,55.901],[25.328,55.915],[25.324,55.923],[25.325,55.933],[25.323,55.933],[25.325,55.942],[25.323,55.948],[25.313,55.948],[25.312,55.949],[25.322,55.958],[25.323,55.967],[25.321,55.98],[25.313,55.98],[25.313,55.975],[25.304,55.976],[25.297,55.974],[25.296,55.968],[25.298,55.963],[25.288,55.964],[25.28,55.961],[25.274,55.956],[25.277,55.953],[25.272,55.937],[25.253,55.936],[25.248,55.938],[25.247,55.942],[25.23,55.948],[25.223,55.949],[25.214,55.948],[25.206,55.946],[25.197,55.948],[25.191,55.953],[25.163,55.947],[25.14,55.943],[25.136,55.952],[25.125,55.948],[25.121,55.95],[25.107,55.96],[25.103,55.962],[25.097,55.967],[25.09,55.969],[25.066,55.97],[25.069,55.977],[25.065,55.989],[25.067,55.992],[25.064,55.998],[25.073,55.999],[25.074,56.002],[25.079,56.012],[25.057,56.015],[25.052,56.008],[25.034,56.011],[25.035,56.013],[25.031,56.018],[25.038,56.022],[25.048,56.031],[25.051,56.033],[25.038,56.043],[25.032,56.049],[25.015,56.051],[25.013,56.048],[25.004,56.042],[25,56.038],[24.982,56.03],[24.952,56.022],[24.935,56.022],[24.916,56.019],[24.91,56.01],[24.911,56.008],[24.905,56.006],[24.898,56.005],[24.886,56.006],[24.884,56.001],[24.878,55.99],[24.882,55.984],[24.884,55.976],[24.893,55.975],[24.89,55.955],[24.889,55.948],[24.85,55.95],[24.846,55.942],[24.826,55.949],[24.817,55.943],[24.806,55.934],[24.8,55.935],[24.777,55.935],[24.775,55.933],[24.768,55.93],[24.76,55.933],[24.756,55.923],[24.73,55.926],[24.724,55.922],[24.715,55.922],[24.723,55.894],[24.719,55.892],[24.728,55.886],[24.722,55.88],[24.725,55.878],[24.723,55.873],[24.735,55.876],[24.741,55.871],[24.741,55.863],[24.738,55.858],[24.739,55.851],[24.755,55.839],[24.756,55.834],[24.754,55.827],[24.759,55.822],[24.745,55.813],[24.738,55.811],[24.734,55.801],[24.742,55.801],[24.743,55.787],[24.725,55.784],[24.715,55.785],[24.705,55.783],[24.701,55.78],[24.705,55.779],[24.697,55.773],[24.678,55.772],[24.678,55.769],[24.686,55.767],[24.691,55.755],[24.688,55.753],[24.688,55.746],[24.69,55.743],[24.704,55.747],[24.712,55.738],[24.705,55.738],[24.698,55.733],[24.699,55.73],[24.706,55.724],[24.716,55.721],[24.723,55.725],[24.735,55.716],[24.749,55.713],[24.757,55.717],[24.762,55.717],[24.776,55.711],[24.791,55.71],[24.805,55.715],[24.828,55.723],[24.842,55.717],[24.844,55.712],[24.854,55.704],[24.863,55.709],[24.869,55.706],[24.871,55.717],[24.867,55.72],[24.889,55.722],[24.89,55.726],[24.913,55.723],[24.925,55.718],[24.937,55.719],[24.95,55.724],[24.963,55.731],[24.97,55.736],[24.98,55.736],[24.996,55.731],[24.998,55.726],[25.004,55.728],[25.01,55.732],[25.028,55.726],[25.045,55.724],[25.055,55.721],[25.064,55.716],[25.078,55.719],[25.086,55.714],[25.095,55.715],[25.085,55.709],[25.086,55.704],[25.091,55.703],[25.087,55.7],[25.1,55.682],[25.211,55.707],[25.239,55.713],[25.239,55.714],[25.266,55.717],[25.281,55.709],[25.293,55.703],[25.3,55.702],[25.311,55.714],[25.302,55.715],[25.298,55.717],[25.296,55.733],[25.321,55.737],[25.332,55.734],[25.334,55.732],[25.342,55.742],[25.349,55.747],[25.353,55.746],[25.361,55.754],[25.365,55.758],[25.365,55.762]]]}},{"type":"Feature","properties":{"id":1129075,"maakond_id":208,"name":"Rietavo savivaldybė","bbox":[21.742,55.597,22.255,55.85]},"geometry":{"type":"Polygon","coordinates":[[[22.124,55.845],[22.112,55.843],[22.106,55.844],[22.095,55.836],[22.091,55.832],[22.087,55.831],[22.077,55.823],[22.072,55.82],[22.066,55.823],[22.056,55.823],[22.05,55.822],[22.044,55.823],[22.032,55.826],[22.028,55.829],[22.024,55.828],[22.015,55.829],[22.013,55.831],[22.018,55.839],[22.003,55.844],[21.997,55.84],[21.991,55.843],[21.997,55.849],[21.985,55.85],[21.978,55.844],[21.971,55.841],[21.968,55.834],[21.966,55.834],[21.961,55.827],[21.953,55.83],[21.95,55.829],[21.95,55.824],[21.942,55.826],[21.935,55.823],[21.93,55.825],[21.921,55.821],[21.914,55.822],[21.911,55.819],[21.916,55.816],[21.908,55.815],[21.902,55.804],[21.905,55.8],[21.893,55.795],[21.899,55.792],[21.902,55.789],[21.898,55.787],[21.891,55.789],[21.884,55.787],[21.878,55.787],[21.872,55.793],[21.866,55.791],[21.862,55.787],[21.863,55.784],[21.86,55.78],[21.798,55.794],[21.786,55.776],[21.786,55.762],[21.77,55.761],[21.753,55.765],[21.746,55.765],[21.742,55.759],[21.763,55.75],[21.76,55.737],[21.769,55.73],[21.758,55.726],[21.754,55.722],[21.755,55.719],[21.751,55.712],[21.758,55.711],[21.767,55.701],[21.781,55.702],[21.786,55.696],[21.789,55.691],[21.803,55.689],[21.797,55.685],[21.791,55.683],[21.794,55.681],[21.788,55.671],[21.791,55.669],[21.782,55.662],[21.788,55.66],[21.791,55.652],[21.798,55.651],[21.799,55.647],[21.795,55.646],[21.787,55.649],[21.782,55.648],[21.789,55.642],[21.797,55.639],[21.807,55.637],[21.809,55.629],[21.815,55.623],[21.811,55.618],[21.844,55.618],[21.841,55.616],[21.842,55.613],[21.88,55.597],[21.928,55.603],[21.929,55.603],[21.954,55.607],[21.961,55.608],[21.963,55.61],[21.973,55.612],[21.992,55.612],[22.013,55.606],[22.031,55.607],[22.027,55.609],[22.039,55.615],[22.044,55.615],[22.044,55.625],[22.047,55.627],[22.06,55.631],[22.064,55.634],[22.062,55.637],[22.069,55.637],[22.072,55.639],[22.069,55.644],[22.064,55.649],[22.073,55.656],[22.082,55.658],[22.093,55.658],[22.094,55.66],[22.123,55.651],[22.127,55.654],[22.13,55.661],[22.157,55.667],[22.154,55.671],[22.172,55.675],[22.177,55.674],[22.198,55.677],[22.198,55.673],[22.225,55.678],[22.248,55.68],[22.252,55.684],[22.236,55.689],[22.231,55.692],[22.239,55.706],[22.251,55.722],[22.248,55.724],[22.251,55.73],[22.255,55.732],[22.251,55.737],[22.244,55.743],[22.228,55.752],[22.238,55.767],[22.228,55.77],[22.229,55.774],[22.233,55.779],[22.24,55.784],[22.231,55.787],[22.227,55.786],[22.218,55.789],[22.215,55.789],[22.188,55.798],[22.184,55.8],[22.182,55.806],[22.169,55.804],[22.153,55.804],[22.154,55.808],[22.161,55.809],[22.16,55.813],[22.152,55.813],[22.147,55.815],[22.157,55.817],[22.164,55.833],[22.156,55.832],[22.146,55.84],[22.13,55.837],[22.124,55.845]]]}},{"type":"Feature","properties":{"id":1130030,"maakond_id":205,"name":"Pasvalio rajono savivaldybė","bbox":[24.013,55.84,24.682,56.301]},"geometry":{"type":"Polygon","coordinates":[[[24.084,55.88],[24.092,55.881],[24.105,55.881],[24.109,55.845],[24.113,55.844],[24.113,55.841],[24.132,55.84],[24.133,55.846],[24.148,55.845],[24.146,55.84],[24.177,55.84],[24.176,55.851],[24.191,55.849],[24.191,55.866],[24.208,55.865],[24.21,55.873],[24.207,55.889],[24.213,55.891],[24.22,55.889],[24.226,55.889],[24.239,55.887],[24.245,55.904],[24.25,55.904],[24.276,55.901],[24.272,55.905],[24.278,55.907],[24.294,55.905],[24.318,55.9],[24.339,55.898],[24.342,55.895],[24.357,55.893],[24.365,55.916],[24.373,55.921],[24.393,55.92],[24.397,55.9],[24.419,55.903],[24.423,55.886],[24.446,55.89],[24.445,55.878],[24.434,55.877],[24.421,55.874],[24.424,55.863],[24.551,55.874],[24.554,55.877],[24.552,55.882],[24.558,55.883],[24.567,55.889],[24.561,55.891],[24.558,55.888],[24.551,55.889],[24.534,55.887],[24.528,55.893],[24.543,55.913],[24.56,55.908],[24.586,55.916],[24.581,55.928],[24.588,55.93],[24.589,55.933],[24.595,55.936],[24.607,55.936],[24.619,55.952],[24.603,55.96],[24.609,55.968],[24.601,55.972],[24.603,55.975],[24.609,55.975],[24.617,55.973],[24.618,55.98],[24.618,55.984],[24.621,55.99],[24.606,55.99],[24.608,55.995],[24.601,55.995],[24.599,56],[24.601,56.013],[24.605,56.015],[24.607,56.019],[24.606,56.022],[24.608,56.025],[24.614,56.029],[24.629,56.034],[24.628,56.05],[24.628,56.053],[24.665,56.053],[24.665,56.054],[24.682,56.055],[24.679,56.076],[24.677,56.082],[24.673,56.087],[24.673,56.094],[24.65,56.093],[24.644,56.106],[24.638,56.135],[24.626,56.134],[24.623,56.134],[24.609,56.118],[24.596,56.105],[24.592,56.107],[24.55,56.122],[24.548,56.125],[24.544,56.125],[24.561,56.139],[24.56,56.149],[24.553,56.15],[24.554,56.154],[24.546,56.157],[24.549,56.16],[24.562,56.164],[24.547,56.166],[24.548,56.167],[24.541,56.17],[24.535,56.167],[24.521,56.167],[24.516,56.172],[24.508,56.182],[24.498,56.183],[24.496,56.19],[24.493,56.196],[24.491,56.208],[24.473,56.213],[24.468,56.222],[24.483,56.223],[24.49,56.23],[24.493,56.24],[24.515,56.246],[24.512,56.248],[24.503,56.249],[24.502,56.263],[24.505,56.275],[24.504,56.276],[24.484,56.269],[24.462,56.266],[24.46,56.26],[24.454,56.258],[24.423,56.261],[24.392,56.278],[24.38,56.279],[24.358,56.272],[24.353,56.279],[24.347,56.285],[24.346,56.292],[24.342,56.295],[24.328,56.3],[24.312,56.301],[24.306,56.299],[24.295,56.298],[24.285,56.3],[24.29,56.286],[24.27,56.283],[24.258,56.277],[24.24,56.278],[24.201,56.267],[24.177,56.251],[24.155,56.254],[24.152,56.253],[24.151,56.247],[24.149,56.245],[24.142,56.244],[24.13,56.245],[24.123,56.24],[24.123,56.236],[24.135,56.234],[24.135,56.227],[24.148,56.225],[24.148,56.216],[24.131,56.213],[24.132,56.204],[24.137,56.202],[24.142,56.203],[24.169,56.195],[24.163,56.187],[24.159,56.187],[24.151,56.175],[24.152,56.167],[24.182,56.171],[24.181,56.162],[24.182,56.16],[24.173,56.146],[24.179,56.142],[24.174,56.139],[24.171,56.132],[24.179,56.132],[24.18,56.128],[24.175,56.126],[24.165,56.126],[24.164,56.124],[24.152,56.122],[24.138,56.121],[24.133,56.123],[24.128,56.122],[24.126,56.116],[24.129,56.11],[24.116,56.109],[24.12,56.095],[24.116,56.095],[24.103,56.082],[24.105,56.078],[24.109,56.077],[24.104,56.074],[24.096,56.074],[24.088,56.071],[24.082,56.071],[24.074,56.069],[24.075,56.058],[24.075,56.05],[24.071,56.044],[24.071,56.039],[24.069,56.032],[24.063,56.026],[24.055,56.029],[24.055,56.034],[24.04,56.038],[24.037,56.021],[24.042,56.018],[24.043,56.013],[24.023,55.999],[24.03,55.993],[24.028,55.988],[24.028,55.981],[24.014,55.965],[24.013,55.961],[24.019,55.955],[24.037,55.958],[24.036,55.952],[24.05,55.954],[24.056,55.942],[24.095,55.943],[24.097,55.94],[24.096,55.927],[24.093,55.912],[24.086,55.906],[24.082,55.906],[24.083,55.899],[24.079,55.899],[24.076,55.896],[24.076,55.888],[24.079,55.885],[24.083,55.886],[24.084,55.88]]]}},{"type":"Feature","properties":{"id":1203041,"maakond_id":203,"name":"Šilutės rajono savivaldybė","bbox":[20.984,55.181,22.025,55.569]},"geometry":{"type":"Polygon","coordinates":[[[21.817,55.556],[21.801,55.558],[21.809,55.564],[21.801,55.565],[21.793,55.568],[21.787,55.568],[21.781,55.564],[21.782,55.562],[21.771,55.556],[21.772,55.555],[21.768,55.549],[21.77,55.542],[21.763,55.539],[21.759,55.534],[21.754,55.534],[21.749,55.527],[21.739,55.523],[21.735,55.524],[21.73,55.523],[21.719,55.522],[21.715,55.514],[21.705,55.514],[21.697,55.518],[21.695,55.523],[21.681,55.528],[21.681,55.531],[21.676,55.537],[21.671,55.538],[21.66,55.547],[21.654,55.551],[21.644,55.551],[21.629,55.556],[21.627,55.56],[21.622,55.565],[21.618,55.564],[21.614,55.567],[21.604,55.566],[21.598,55.565],[21.583,55.569],[21.591,55.555],[21.58,55.554],[21.578,55.551],[21.583,55.547],[21.58,55.546],[21.582,55.541],[21.578,55.541],[21.57,55.544],[21.562,55.54],[21.545,55.539],[21.541,55.537],[21.542,55.528],[21.533,55.526],[21.525,55.525],[21.523,55.53],[21.515,55.528],[21.513,55.524],[21.503,55.522],[21.497,55.519],[21.495,55.523],[21.506,55.533],[21.495,55.533],[21.492,55.535],[21.492,55.541],[21.475,55.542],[21.473,55.537],[21.466,55.537],[21.464,55.533],[21.457,55.534],[21.453,55.54],[21.459,55.543],[21.462,55.543],[21.469,55.545],[21.472,55.55],[21.459,55.553],[21.454,55.557],[21.443,55.555],[21.438,55.552],[21.432,55.551],[21.433,55.547],[21.426,55.546],[21.399,55.549],[21.395,55.54],[21.398,55.537],[21.394,55.533],[21.386,55.532],[21.385,55.529],[21.388,55.525],[21.383,55.524],[21.37,55.52],[21.37,55.516],[21.357,55.516],[21.354,55.514],[21.351,55.508],[21.347,55.504],[21.35,55.501],[21.358,55.5],[21.363,55.495],[21.363,55.491],[21.366,55.487],[21.364,55.48],[21.352,55.484],[21.338,55.491],[21.269,55.471],[21.263,55.467],[21.257,55.468],[21.251,55.466],[21.232,55.467],[21.222,55.466],[21.108,55.467],[21.103,55.467],[21.102,55.462],[21.098,55.457],[21.098,55.45],[21.093,55.445],[21.094,55.443],[21.09,55.438],[21.109,55.426],[21.111,55.421],[21.098,55.414],[21.086,55.409],[21.09,55.405],[21.095,55.402],[21.083,55.395],[21.079,55.394],[21.074,55.389],[21.079,55.385],[21.072,55.378],[21.068,55.373],[21.057,55.367],[21.054,55.355],[21.06,55.35],[21.053,55.34],[21.053,55.336],[21.058,55.331],[21.052,55.328],[21.039,55.323],[21.024,55.319],[21.015,55.314],[21.008,55.307],[21.008,55.303],[21,55.299],[20.998,55.295],[21,55.289],[20.99,55.285],[20.987,55.283],[20.984,55.278],[21.098,55.256],[21.263,55.246],[21.271,55.245],[21.284,55.25],[21.294,55.252],[21.303,55.256],[21.306,55.261],[21.32,55.266],[21.331,55.275],[21.345,55.278],[21.356,55.285],[21.374,55.287],[21.378,55.293],[21.384,55.294],[21.392,55.289],[21.401,55.281],[21.407,55.278],[21.413,55.267],[21.42,55.26],[21.43,55.253],[21.433,55.25],[21.437,55.238],[21.449,55.221],[21.456,55.217],[21.474,55.209],[21.488,55.201],[21.495,55.191],[21.499,55.188],[21.507,55.185],[21.515,55.185],[21.522,55.187],[21.531,55.193],[21.539,55.196],[21.547,55.197],[21.563,55.198],[21.572,55.198],[21.581,55.195],[21.589,55.19],[21.595,55.188],[21.614,55.187],[21.633,55.183],[21.65,55.181],[21.655,55.182],[21.662,55.181],[21.669,55.182],[21.666,55.187],[21.661,55.188],[21.667,55.2],[21.68,55.2],[21.681,55.199],[21.691,55.205],[21.691,55.212],[21.701,55.212],[21.721,55.211],[21.73,55.212],[21.733,55.216],[21.738,55.217],[21.73,55.222],[21.735,55.226],[21.748,55.229],[21.765,55.227],[21.766,55.229],[21.779,55.225],[21.792,55.23],[21.803,55.225],[21.809,55.224],[21.82,55.22],[21.812,55.213],[21.826,55.212],[21.866,55.203],[21.872,55.216],[21.877,55.23],[21.874,55.233],[21.883,55.238],[21.869,55.246],[21.862,55.25],[21.857,55.26],[21.858,55.262],[21.85,55.27],[21.856,55.279],[21.864,55.283],[21.867,55.288],[21.873,55.291],[21.872,55.294],[21.884,55.297],[21.888,55.291],[21.896,55.288],[21.934,55.318],[21.951,55.327],[21.952,55.33],[21.953,55.339],[21.959,55.341],[21.966,55.34],[21.989,55.35],[21.993,55.354],[21.999,55.354],[22.014,55.381],[22.02,55.385],[22.021,55.389],[22.025,55.394],[22.015,55.396],[22.011,55.399],[22.02,55.402],[22.022,55.409],[22.02,55.411],[22.015,55.413],[22.01,55.41],[22.01,55.408],[22.003,55.407],[22,55.424],[21.971,55.423],[21.92,55.436],[21.872,55.423],[21.865,55.465],[21.867,55.466],[21.857,55.486],[21.85,55.499],[21.845,55.497],[21.836,55.495],[21.834,55.499],[21.835,55.502],[21.827,55.518],[21.822,55.518],[21.827,55.523],[21.826,55.525],[21.83,55.528],[21.825,55.533],[21.828,55.537],[21.835,55.542],[21.835,55.546],[21.825,55.55],[21.824,55.548],[21.815,55.547],[21.809,55.549],[21.817,55.556]]]}},{"type":"Feature","properties":{"id":1203042,"maakond_id":203,"name":"Skuodo rajono savivaldybė","bbox":[21.226,56.07,22.018,56.385]},"geometry":{"type":"Polygon","coordinates":[[[21.7,56.07],[21.704,56.077],[21.723,56.073],[21.747,56.108],[21.759,56.105],[21.761,56.108],[21.771,56.105],[21.774,56.109],[21.809,56.101],[21.828,56.098],[21.83,56.101],[21.829,56.117],[21.83,56.123],[21.823,56.127],[21.827,56.131],[21.847,56.131],[21.845,56.124],[21.899,56.12],[21.899,56.115],[21.903,56.114],[21.904,56.111],[21.916,56.113],[21.925,56.118],[21.918,56.121],[21.926,56.128],[21.926,56.132],[21.935,56.133],[21.941,56.159],[21.945,56.176],[21.957,56.175],[21.963,56.2],[22.013,56.196],[22.018,56.212],[22,56.223],[22.005,56.225],[22.003,56.23],[21.997,56.233],[21.991,56.249],[21.982,56.252],[21.977,56.268],[21.969,56.27],[21.974,56.289],[21.973,56.292],[21.976,56.298],[21.981,56.315],[21.967,56.316],[21.968,56.319],[21.956,56.317],[21.932,56.319],[21.938,56.339],[21.939,56.348],[21.94,56.351],[21.971,56.349],[21.976,56.366],[21.972,56.367],[21.98,56.379],[21.978,56.385],[21.974,56.378],[21.97,56.377],[21.962,56.378],[21.958,56.382],[21.954,56.382],[21.946,56.377],[21.945,56.375],[21.92,56.372],[21.919,56.368],[21.904,56.366],[21.88,56.364],[21.873,56.361],[21.869,56.363],[21.866,56.366],[21.85,56.37],[21.836,56.372],[21.824,56.365],[21.814,56.362],[21.808,56.362],[21.806,56.356],[21.799,56.35],[21.792,56.349],[21.789,56.345],[21.779,56.341],[21.767,56.338],[21.757,56.337],[21.755,56.335],[21.747,56.333],[21.741,56.33],[21.734,56.322],[21.726,56.319],[21.726,56.315],[21.722,56.314],[21.715,56.314],[21.707,56.313],[21.699,56.314],[21.694,56.312],[21.685,56.313],[21.67,56.312],[21.66,56.319],[21.652,56.317],[21.648,56.32],[21.64,56.32],[21.637,56.322],[21.611,56.325],[21.598,56.324],[21.593,56.322],[21.586,56.322],[21.58,56.32],[21.577,56.315],[21.564,56.317],[21.562,56.312],[21.556,56.308],[21.557,56.305],[21.542,56.298],[21.534,56.293],[21.524,56.294],[21.522,56.292],[21.514,56.292],[21.496,56.292],[21.483,56.282],[21.473,56.274],[21.467,56.271],[21.465,56.261],[21.458,56.255],[21.453,56.249],[21.44,56.246],[21.431,56.241],[21.417,56.242],[21.406,56.236],[21.379,56.228],[21.355,56.225],[21.34,56.219],[21.331,56.219],[21.322,56.215],[21.315,56.208],[21.306,56.202],[21.3,56.195],[21.298,56.192],[21.283,56.185],[21.282,56.18],[21.273,56.172],[21.268,56.172],[21.267,56.169],[21.258,56.168],[21.241,56.163],[21.231,56.163],[21.226,56.156],[21.23,56.15],[21.228,56.146],[21.242,56.143],[21.237,56.137],[21.259,56.132],[21.265,56.138],[21.305,56.13],[21.308,56.13],[21.323,56.152],[21.389,56.139],[21.386,56.134],[21.393,56.133],[21.4,56.136],[21.408,56.135],[21.413,56.141],[21.472,56.131],[21.464,56.12],[21.48,56.117],[21.481,56.118],[21.492,56.116],[21.49,56.113],[21.502,56.11],[21.524,56.106],[21.523,56.105],[21.535,56.102],[21.535,56.105],[21.543,56.106],[21.549,56.108],[21.556,56.109],[21.565,56.107],[21.576,56.107],[21.581,56.112],[21.594,56.109],[21.593,56.108],[21.623,56.102],[21.623,56.098],[21.619,56.092],[21.624,56.09],[21.625,56.087],[21.633,56.084],[21.642,56.078],[21.645,56.082],[21.7,56.07]]]}},{"type":"Feature","properties":{"id":1203043,"maakond_id":203,"name":"Klaipėdos rajono savivaldybė","bbox":[21.058,55.466,21.882,55.892]},"geometry":{"type":"Polygon","coordinates":[[[21.512,55.809],[21.502,55.794],[21.498,55.793],[21.498,55.787],[21.485,55.786],[21.478,55.787],[21.475,55.787],[21.465,55.789],[21.468,55.793],[21.451,55.804],[21.441,55.807],[21.448,55.817],[21.423,55.823],[21.412,55.806],[21.368,55.816],[21.363,55.808],[21.352,55.81],[21.354,55.813],[21.312,55.822],[21.3,55.833],[21.295,55.84],[21.285,55.839],[21.277,55.836],[21.245,55.821],[21.225,55.826],[21.225,55.831],[21.22,55.839],[21.219,55.845],[21.221,55.85],[21.227,55.855],[21.221,55.861],[21.214,55.857],[21.208,55.862],[21.203,55.867],[21.192,55.865],[21.179,55.867],[21.179,55.868],[21.168,55.873],[21.161,55.864],[21.157,55.867],[21.147,55.87],[21.136,55.867],[21.137,55.874],[21.117,55.881],[21.117,55.883],[21.106,55.89],[21.101,55.892],[21.091,55.872],[21.09,55.866],[21.093,55.861],[21.081,55.864],[21.086,55.859],[21.084,55.858],[21.067,55.857],[21.058,55.855],[21.059,55.845],[21.059,55.84],[21.064,55.82],[21.067,55.797],[21.07,55.785],[21.075,55.774],[21.079,55.778],[21.083,55.776],[21.095,55.779],[21.098,55.774],[21.118,55.781],[21.136,55.795],[21.14,55.794],[21.139,55.781],[21.136,55.774],[21.136,55.772],[21.141,55.77],[21.153,55.767],[21.16,55.763],[21.171,55.752],[21.209,55.694],[21.221,55.678],[21.237,55.684],[21.24,55.681],[21.223,55.675],[21.24,55.65],[21.231,55.649],[21.23,55.646],[21.214,55.647],[21.19,55.642],[21.187,55.644],[21.179,55.645],[21.176,55.643],[21.192,55.621],[21.195,55.619],[21.196,55.614],[21.189,55.613],[21.183,55.619],[21.172,55.635],[21.157,55.634],[21.133,55.632],[21.133,55.622],[21.132,55.619],[21.135,55.615],[21.134,55.604],[21.13,55.601],[21.13,55.597],[21.133,55.59],[21.13,55.587],[21.129,55.578],[21.131,55.577],[21.129,55.571],[21.13,55.568],[21.128,55.564],[21.129,55.56],[21.127,55.557],[21.129,55.551],[21.125,55.546],[21.12,55.541],[21.118,55.536],[21.12,55.53],[21.118,55.528],[21.115,55.52],[21.117,55.515],[21.12,55.514],[21.116,55.51],[21.113,55.497],[21.118,55.487],[21.11,55.482],[21.103,55.467],[21.108,55.467],[21.222,55.466],[21.232,55.467],[21.251,55.466],[21.257,55.468],[21.263,55.467],[21.269,55.471],[21.338,55.491],[21.352,55.484],[21.364,55.48],[21.366,55.487],[21.363,55.491],[21.363,55.495],[21.358,55.5],[21.35,55.501],[21.347,55.504],[21.351,55.508],[21.354,55.514],[21.357,55.516],[21.37,55.516],[21.37,55.52],[21.383,55.524],[21.388,55.525],[21.385,55.529],[21.386,55.532],[21.394,55.533],[21.398,55.537],[21.395,55.54],[21.399,55.549],[21.426,55.546],[21.433,55.547],[21.432,55.551],[21.438,55.552],[21.443,55.555],[21.454,55.557],[21.459,55.553],[21.472,55.55],[21.469,55.545],[21.462,55.543],[21.459,55.543],[21.453,55.54],[21.457,55.534],[21.464,55.533],[21.466,55.537],[21.473,55.537],[21.475,55.542],[21.492,55.541],[21.492,55.535],[21.495,55.533],[21.506,55.533],[21.495,55.523],[21.497,55.519],[21.503,55.522],[21.513,55.524],[21.515,55.528],[21.523,55.53],[21.525,55.525],[21.533,55.526],[21.542,55.528],[21.541,55.537],[21.545,55.539],[21.562,55.54],[21.57,55.544],[21.578,55.541],[21.582,55.541],[21.58,55.546],[21.583,55.547],[21.578,55.551],[21.58,55.554],[21.591,55.555],[21.583,55.569],[21.598,55.565],[21.604,55.566],[21.614,55.567],[21.618,55.564],[21.622,55.565],[21.627,55.56],[21.629,55.556],[21.644,55.551],[21.654,55.551],[21.66,55.547],[21.671,55.538],[21.676,55.537],[21.681,55.531],[21.681,55.528],[21.695,55.523],[21.697,55.518],[21.705,55.514],[21.715,55.514],[21.719,55.522],[21.73,55.523],[21.735,55.524],[21.739,55.523],[21.749,55.527],[21.754,55.534],[21.759,55.534],[21.763,55.539],[21.77,55.542],[21.768,55.549],[21.772,55.555],[21.771,55.556],[21.782,55.562],[21.781,55.564],[21.787,55.568],[21.793,55.568],[21.801,55.565],[21.809,55.564],[21.801,55.558],[21.817,55.556],[21.835,55.57],[21.843,55.569],[21.846,55.572],[21.851,55.574],[21.858,55.571],[21.872,55.576],[21.882,55.582],[21.869,55.587],[21.88,55.597],[21.842,55.613],[21.841,55.616],[21.844,55.618],[21.811,55.618],[21.815,55.623],[21.809,55.629],[21.807,55.637],[21.797,55.639],[21.789,55.642],[21.782,55.648],[21.787,55.649],[21.795,55.646],[21.799,55.647],[21.798,55.651],[21.791,55.652],[21.788,55.66],[21.782,55.662],[21.791,55.669],[21.788,55.671],[21.794,55.681],[21.791,55.683],[21.797,55.685],[21.803,55.689],[21.789,55.691],[21.786,55.696],[21.781,55.702],[21.767,55.701],[21.758,55.711],[21.751,55.712],[21.755,55.719],[21.754,55.722],[21.758,55.726],[21.769,55.73],[21.76,55.737],[21.763,55.75],[21.742,55.759],[21.739,55.755],[21.729,55.75],[21.722,55.755],[21.713,55.749],[21.701,55.752],[21.671,55.759],[21.667,55.761],[21.662,55.758],[21.661,55.755],[21.653,55.751],[21.647,55.749],[21.638,55.753],[21.635,55.752],[21.626,55.755],[21.629,55.76],[21.628,55.768],[21.638,55.768],[21.64,55.772],[21.63,55.771],[21.626,55.774],[21.629,55.777],[21.628,55.785],[21.623,55.785],[21.622,55.788],[21.617,55.791],[21.612,55.792],[21.608,55.796],[21.6,55.798],[21.6,55.803],[21.606,55.805],[21.603,55.809],[21.604,55.813],[21.598,55.818],[21.595,55.814],[21.598,55.813],[21.596,55.807],[21.588,55.803],[21.572,55.803],[21.562,55.805],[21.557,55.802],[21.56,55.799],[21.547,55.799],[21.538,55.801],[21.535,55.804],[21.526,55.804],[21.523,55.806],[21.512,55.809]]]}},{"type":"Feature","properties":{"id":1211023,"maakond_id":208,"name":"Mažeikių rajono savivaldybė","bbox":[21.932,56.088,22.647,56.432]},"geometry":{"type":"Polygon","coordinates":[[[22.635,56.367],[22.626,56.376],[22.617,56.382],[22.609,56.383],[22.599,56.383],[22.589,56.384],[22.583,56.39],[22.575,56.391],[22.571,56.388],[22.558,56.388],[22.553,56.389],[22.537,56.389],[22.53,56.394],[22.516,56.394],[22.512,56.393],[22.501,56.396],[22.494,56.396],[22.481,56.4],[22.476,56.404],[22.453,56.402],[22.435,56.406],[22.432,56.409],[22.423,56.41],[22.416,56.408],[22.413,56.409],[22.404,56.407],[22.395,56.404],[22.392,56.401],[22.378,56.4],[22.373,56.402],[22.365,56.402],[22.357,56.399],[22.356,56.396],[22.35,56.394],[22.345,56.394],[22.335,56.399],[22.333,56.401],[22.322,56.402],[22.319,56.408],[22.311,56.41],[22.309,56.409],[22.297,56.407],[22.29,56.408],[22.287,56.41],[22.28,56.407],[22.279,56.404],[22.267,56.403],[22.265,56.405],[22.251,56.401],[22.241,56.4],[22.235,56.403],[22.236,56.405],[22.231,56.408],[22.222,56.409],[22.221,56.412],[22.215,56.412],[22.215,56.418],[22.211,56.423],[22.208,56.424],[22.188,56.421],[22.166,56.42],[22.154,56.425],[22.137,56.429],[22.133,56.431],[22.125,56.432],[22.119,56.431],[22.113,56.429],[22.089,56.428],[22.081,56.423],[22.071,56.425],[22.069,56.423],[22.063,56.419],[22.058,56.421],[22.051,56.42],[22.046,56.417],[22.038,56.423],[22.033,56.425],[22.015,56.424],[22.011,56.421],[22.014,56.414],[22.003,56.413],[21.999,56.415],[21.994,56.413],[21.994,56.408],[21.99,56.406],[21.988,56.4],[21.982,56.398],[21.978,56.394],[21.977,56.39],[21.978,56.385],[21.98,56.379],[21.972,56.367],[21.976,56.366],[21.971,56.349],[21.94,56.351],[21.939,56.348],[21.938,56.339],[21.932,56.319],[21.956,56.317],[21.968,56.319],[21.967,56.316],[21.981,56.315],[21.976,56.298],[21.973,56.292],[21.974,56.289],[21.969,56.27],[21.977,56.268],[21.982,56.252],[21.991,56.249],[21.997,56.233],[22.003,56.23],[22.005,56.225],[22,56.223],[22.018,56.212],[22.013,56.196],[21.963,56.2],[21.957,56.175],[21.945,56.176],[21.941,56.159],[21.978,56.156],[21.983,56.155],[21.987,56.145],[21.99,56.148],[22.001,56.15],[22.007,56.146],[22.012,56.146],[22.016,56.15],[22.018,56.155],[22.027,56.152],[22.029,56.144],[22.036,56.142],[22.029,56.131],[22.04,56.124],[22.051,56.121],[22.066,56.12],[22.072,56.117],[22.082,56.12],[22.095,56.113],[22.072,56.099],[22.068,56.092],[22.073,56.091],[22.077,56.095],[22.087,56.098],[22.096,56.104],[22.098,56.103],[22.108,56.108],[22.113,56.115],[22.109,56.118],[22.109,56.123],[22.112,56.127],[22.118,56.13],[22.123,56.13],[22.127,56.134],[22.133,56.131],[22.139,56.135],[22.144,56.13],[22.141,56.13],[22.136,56.126],[22.138,56.123],[22.129,56.114],[22.127,56.109],[22.139,56.106],[22.141,56.1],[22.152,56.103],[22.157,56.1],[22.164,56.1],[22.165,56.103],[22.169,56.107],[22.167,56.113],[22.174,56.112],[22.238,56.107],[22.243,56.127],[22.247,56.128],[22.248,56.132],[22.245,56.135],[22.247,56.142],[22.25,56.145],[22.249,56.151],[22.266,56.153],[22.277,56.155],[22.279,56.16],[22.3,56.157],[22.315,56.158],[22.317,56.161],[22.325,56.16],[22.322,56.151],[22.335,56.148],[22.339,56.164],[22.359,56.162],[22.36,56.16],[22.368,56.158],[22.371,56.155],[22.402,56.153],[22.4,56.146],[22.416,56.145],[22.416,56.142],[22.423,56.141],[22.429,56.143],[22.437,56.142],[22.437,56.139],[22.433,56.125],[22.425,56.125],[22.423,56.122],[22.428,56.121],[22.424,56.117],[22.431,56.115],[22.438,56.117],[22.44,56.124],[22.45,56.123],[22.447,56.111],[22.439,56.111],[22.437,56.106],[22.429,56.106],[22.428,56.102],[22.451,56.1],[22.474,56.097],[22.473,56.093],[22.497,56.091],[22.506,56.088],[22.509,56.096],[22.517,56.097],[22.51,56.101],[22.511,56.105],[22.547,56.104],[22.566,56.101],[22.58,56.095],[22.59,56.097],[22.593,56.101],[22.584,56.105],[22.58,56.105],[22.585,56.11],[22.586,56.119],[22.58,56.122],[22.578,56.134],[22.569,56.138],[22.566,56.141],[22.56,56.143],[22.555,56.143],[22.548,56.152],[22.537,56.152],[22.531,56.154],[22.534,56.157],[22.537,56.164],[22.556,56.162],[22.557,56.165],[22.57,56.165],[22.58,56.169],[22.588,56.17],[22.621,56.173],[22.616,56.196],[22.62,56.198],[22.622,56.202],[22.631,56.206],[22.623,56.208],[22.63,56.214],[22.622,56.214],[22.614,56.218],[22.618,56.22],[22.618,56.224],[22.627,56.222],[22.647,56.222],[22.644,56.23],[22.638,56.25],[22.625,56.249],[22.61,56.254],[22.598,56.253],[22.593,56.262],[22.594,56.271],[22.592,56.276],[22.584,56.277],[22.584,56.282],[22.579,56.285],[22.58,56.289],[22.594,56.288],[22.602,56.288],[22.603,56.293],[22.594,56.293],[22.588,56.295],[22.588,56.299],[22.58,56.3],[22.571,56.305],[22.583,56.305],[22.588,56.312],[22.588,56.314],[22.597,56.33],[22.6,56.334],[22.599,56.336],[22.588,56.337],[22.586,56.339],[22.578,56.341],[22.58,56.345],[22.572,56.352],[22.568,56.361],[22.571,56.363],[22.604,56.36],[22.613,56.359],[22.621,56.366],[22.635,56.367]]]}},{"type":"Feature","properties":{"id":1256234,"maakond_id":206,"name":"Pakruojo rajono savivaldybė","bbox":[23.529,55.816,24.182,56.33]},"geometry":{"type":"Polygon","coordinates":[[[23.55,56.063],[23.551,56.06],[23.562,56.055],[23.565,56.057],[23.573,56.053],[23.573,56.049],[23.568,56.043],[23.56,56.04],[23.555,56.042],[23.544,56.044],[23.529,56.033],[23.542,56.027],[23.548,56.031],[23.572,56.021],[23.58,56.027],[23.588,56.023],[23.585,56.02],[23.59,56.018],[23.577,56.008],[23.58,56.006],[23.57,55.999],[23.565,56.001],[23.562,55.997],[23.544,55.984],[23.536,55.986],[23.53,55.981],[23.548,55.974],[23.547,55.973],[23.557,55.969],[23.555,55.967],[23.568,55.962],[23.573,55.959],[23.566,55.944],[23.567,55.938],[23.572,55.929],[23.552,55.914],[23.557,55.912],[23.554,55.909],[23.575,55.902],[23.579,55.907],[23.628,55.892],[23.632,55.898],[23.637,55.9],[23.642,55.894],[23.657,55.887],[23.653,55.886],[23.647,55.873],[23.659,55.873],[23.665,55.871],[23.679,55.87],[23.683,55.868],[23.687,55.868],[23.694,55.873],[23.706,55.872],[23.715,55.877],[23.718,55.876],[23.723,55.881],[23.726,55.879],[23.726,55.875],[23.731,55.872],[23.73,55.868],[23.732,55.865],[23.755,55.866],[23.762,55.863],[23.764,55.859],[23.777,55.86],[23.782,55.855],[23.79,55.86],[23.786,55.864],[23.791,55.869],[23.802,55.87],[23.821,55.875],[23.829,55.871],[23.836,55.857],[23.825,55.856],[23.824,55.839],[23.822,55.826],[23.843,55.825],[23.848,55.818],[23.857,55.819],[23.875,55.824],[23.881,55.823],[23.893,55.816],[23.897,55.818],[23.897,55.823],[23.931,55.832],[23.932,55.827],[23.96,55.836],[23.963,55.837],[23.961,55.841],[23.971,55.842],[24.015,55.838],[24.012,55.844],[24.004,55.854],[24.036,55.851],[24.034,55.863],[24.06,55.865],[24.062,55.869],[24.061,55.873],[24.085,55.876],[24.084,55.88],[24.083,55.886],[24.079,55.885],[24.076,55.888],[24.076,55.896],[24.079,55.899],[24.083,55.899],[24.082,55.906],[24.086,55.906],[24.093,55.912],[24.096,55.927],[24.097,55.94],[24.095,55.943],[24.056,55.942],[24.05,55.954],[24.036,55.952],[24.037,55.958],[24.019,55.955],[24.013,55.961],[24.014,55.965],[24.028,55.981],[24.028,55.988],[24.03,55.993],[24.023,55.999],[24.043,56.013],[24.042,56.018],[24.037,56.021],[24.04,56.038],[24.055,56.034],[24.055,56.029],[24.063,56.026],[24.069,56.032],[24.071,56.039],[24.071,56.044],[24.075,56.05],[24.075,56.058],[24.074,56.069],[24.082,56.071],[24.088,56.071],[24.096,56.074],[24.104,56.074],[24.109,56.077],[24.105,56.078],[24.103,56.082],[24.116,56.095],[24.12,56.095],[24.116,56.109],[24.129,56.11],[24.126,56.116],[24.128,56.122],[24.133,56.123],[24.138,56.121],[24.152,56.122],[24.164,56.124],[24.165,56.126],[24.175,56.126],[24.18,56.128],[24.179,56.132],[24.171,56.132],[24.174,56.139],[24.179,56.142],[24.173,56.146],[24.182,56.16],[24.181,56.162],[24.182,56.171],[24.152,56.167],[24.151,56.175],[24.159,56.187],[24.163,56.187],[24.169,56.195],[24.142,56.203],[24.137,56.202],[24.132,56.204],[24.131,56.213],[24.148,56.216],[24.148,56.225],[24.135,56.227],[24.135,56.234],[24.123,56.236],[24.123,56.24],[24.13,56.245],[24.142,56.244],[24.149,56.245],[24.151,56.247],[24.152,56.253],[24.121,56.249],[24.115,56.251],[24.119,56.257],[24.119,56.262],[24.102,56.267],[24.096,56.271],[24.098,56.277],[24.046,56.28],[24.049,56.299],[24.023,56.311],[24.019,56.33],[23.962,56.33],[23.961,56.309],[23.958,56.308],[23.929,56.309],[23.926,56.299],[23.922,56.294],[23.925,56.284],[23.912,56.284],[23.909,56.279],[23.911,56.277],[23.906,56.271],[23.906,56.266],[23.901,56.262],[23.901,56.258],[23.896,56.254],[23.893,56.248],[23.886,56.251],[23.882,56.247],[23.873,56.247],[23.871,56.238],[23.863,56.237],[23.862,56.232],[23.859,56.232],[23.853,56.214],[23.846,56.215],[23.841,56.213],[23.829,56.196],[23.834,56.193],[23.839,56.192],[23.834,56.188],[23.834,56.184],[23.83,56.181],[23.812,56.182],[23.811,56.178],[23.802,56.178],[23.757,56.18],[23.748,56.184],[23.725,56.171],[23.723,56.171],[23.714,56.166],[23.706,56.17],[23.699,56.166],[23.708,56.161],[23.668,56.139],[23.686,56.128],[23.628,56.096],[23.635,56.095],[23.609,56.075],[23.579,56.088],[23.566,56.078],[23.571,56.076],[23.568,56.071],[23.574,56.07],[23.573,56.068],[23.559,56.07],[23.55,56.063]]]}},{"type":"Feature","properties":{"id":1256235,"maakond_id":206,"name":"Joniškio rajono savivaldybė","bbox":[23.073,56.062,23.962,56.383]},"geometry":{"type":"Polygon","coordinates":[[[23.55,56.063],[23.559,56.07],[23.573,56.068],[23.574,56.07],[23.568,56.071],[23.571,56.076],[23.566,56.078],[23.579,56.088],[23.609,56.075],[23.635,56.095],[23.628,56.096],[23.686,56.128],[23.668,56.139],[23.708,56.161],[23.699,56.166],[23.706,56.17],[23.714,56.166],[23.723,56.171],[23.725,56.171],[23.748,56.184],[23.757,56.18],[23.802,56.178],[23.811,56.178],[23.812,56.182],[23.83,56.181],[23.834,56.184],[23.834,56.188],[23.839,56.192],[23.834,56.193],[23.829,56.196],[23.841,56.213],[23.846,56.215],[23.853,56.214],[23.859,56.232],[23.862,56.232],[23.863,56.237],[23.871,56.238],[23.873,56.247],[23.882,56.247],[23.886,56.251],[23.893,56.248],[23.896,56.254],[23.901,56.258],[23.901,56.262],[23.906,56.266],[23.906,56.271],[23.911,56.277],[23.909,56.279],[23.912,56.284],[23.925,56.284],[23.922,56.294],[23.926,56.299],[23.929,56.309],[23.958,56.308],[23.961,56.309],[23.962,56.33],[23.915,56.331],[23.915,56.337],[23.913,56.339],[23.829,56.338],[23.814,56.342],[23.804,56.342],[23.795,56.339],[23.785,56.327],[23.781,56.321],[23.767,56.324],[23.768,56.333],[23.762,56.333],[23.766,56.343],[23.772,56.351],[23.772,56.355],[23.78,56.361],[23.781,56.368],[23.765,56.373],[23.759,56.371],[23.743,56.369],[23.723,56.37],[23.713,56.369],[23.704,56.366],[23.661,56.365],[23.658,56.363],[23.649,56.363],[23.63,56.36],[23.618,56.356],[23.617,56.354],[23.603,56.349],[23.583,56.345],[23.572,56.338],[23.562,56.337],[23.557,56.334],[23.545,56.332],[23.535,56.335],[23.511,56.336],[23.493,56.345],[23.481,56.348],[23.439,56.352],[23.418,56.371],[23.41,56.371],[23.388,56.379],[23.306,56.383],[23.304,56.378],[23.291,56.375],[23.279,56.372],[23.21,56.369],[23.177,56.369],[23.17,56.367],[23.181,56.358],[23.172,56.355],[23.176,56.345],[23.184,56.342],[23.184,56.337],[23.177,56.334],[23.146,56.327],[23.112,56.313],[23.115,56.308],[23.093,56.305],[23.096,56.301],[23.086,56.3],[23.095,56.286],[23.088,56.285],[23.1,56.264],[23.088,56.264],[23.076,56.262],[23.079,56.257],[23.073,56.256],[23.079,56.243],[23.083,56.243],[23.088,56.24],[23.092,56.235],[23.108,56.24],[23.128,56.203],[23.136,56.204],[23.134,56.21],[23.149,56.211],[23.163,56.215],[23.167,56.213],[23.169,56.209],[23.176,56.211],[23.193,56.204],[23.183,56.201],[23.189,56.193],[23.201,56.19],[23.205,56.183],[23.2,56.18],[23.221,56.171],[23.224,56.173],[23.232,56.17],[23.256,56.188],[23.268,56.183],[23.273,56.185],[23.286,56.18],[23.284,56.179],[23.294,56.175],[23.303,56.182],[23.319,56.175],[23.31,56.168],[23.313,56.166],[23.291,56.15],[23.286,56.152],[23.276,56.147],[23.286,56.145],[23.328,56.128],[23.333,56.132],[23.312,56.141],[23.321,56.145],[23.339,56.144],[23.35,56.145],[23.372,56.136],[23.363,56.129],[23.387,56.12],[23.385,56.119],[23.409,56.109],[23.417,56.115],[23.431,56.11],[23.429,56.109],[23.441,56.104],[23.444,56.097],[23.439,56.093],[23.459,56.086],[23.462,56.088],[23.478,56.082],[23.484,56.087],[23.493,56.083],[23.494,56.081],[23.51,56.074],[23.514,56.077],[23.548,56.062],[23.55,56.063]]]}},{"type":"Feature","properties":{"id":1256236,"maakond_id":206,"name":"Šiaulių rajono savivaldybė","bbox":[22.584,55.731,23.59,56.215]},"geometry":{"type":"Polygon","coordinates":[[[22.695,55.908],[22.742,55.905],[22.753,55.886],[22.77,55.88],[22.777,55.887],[22.787,55.886],[22.791,55.888],[22.801,55.884],[22.802,55.881],[22.808,55.875],[22.846,55.87],[22.855,55.866],[22.853,55.856],[22.857,55.853],[22.862,55.856],[22.862,55.859],[22.872,55.862],[22.875,55.864],[22.889,55.862],[22.895,55.86],[22.902,55.859],[22.902,55.854],[22.913,55.856],[22.915,55.859],[22.916,55.868],[22.92,55.872],[22.92,55.875],[22.951,55.874],[22.961,55.864],[22.94,55.85],[22.967,55.837],[22.973,55.822],[22.98,55.822],[22.98,55.826],[23.004,55.827],[23.012,55.827],[23.013,55.819],[23.02,55.815],[23.028,55.813],[23.026,55.805],[23.031,55.806],[23.034,55.802],[23.049,55.799],[23.053,55.8],[23.048,55.805],[23.056,55.805],[23.057,55.798],[23.052,55.795],[23.055,55.792],[23.051,55.79],[23.048,55.779],[23.045,55.776],[23.05,55.773],[23.065,55.773],[23.068,55.776],[23.078,55.772],[23.083,55.769],[23.08,55.767],[23.075,55.768],[23.07,55.764],[23.068,55.76],[23.091,55.759],[23.096,55.759],[23.104,55.757],[23.113,55.765],[23.124,55.759],[23.132,55.76],[23.141,55.759],[23.146,55.754],[23.145,55.752],[23.153,55.75],[23.156,55.751],[23.163,55.757],[23.168,55.759],[23.177,55.76],[23.181,55.755],[23.192,55.754],[23.196,55.748],[23.202,55.748],[23.215,55.742],[23.236,55.731],[23.263,55.754],[23.268,55.759],[23.288,55.768],[23.301,55.778],[23.317,55.795],[23.323,55.808],[23.329,55.815],[23.338,55.813],[23.36,55.807],[23.357,55.803],[23.368,55.799],[23.373,55.803],[23.378,55.805],[23.377,55.81],[23.384,55.812],[23.388,55.814],[23.393,55.82],[23.391,55.822],[23.394,55.83],[23.388,55.832],[23.381,55.834],[23.376,55.838],[23.391,55.85],[23.411,55.844],[23.43,55.863],[23.45,55.883],[23.468,55.884],[23.473,55.882],[23.478,55.882],[23.476,55.887],[23.481,55.89],[23.489,55.887],[23.503,55.898],[23.511,55.896],[23.534,55.919],[23.552,55.914],[23.572,55.929],[23.567,55.938],[23.566,55.944],[23.573,55.959],[23.568,55.962],[23.555,55.967],[23.557,55.969],[23.547,55.973],[23.548,55.974],[23.53,55.981],[23.536,55.986],[23.544,55.984],[23.562,55.997],[23.565,56.001],[23.57,55.999],[23.58,56.006],[23.577,56.008],[23.59,56.018],[23.585,56.02],[23.588,56.023],[23.58,56.027],[23.572,56.021],[23.548,56.031],[23.542,56.027],[23.529,56.033],[23.544,56.044],[23.555,56.042],[23.56,56.04],[23.568,56.043],[23.573,56.049],[23.573,56.053],[23.565,56.057],[23.562,56.055],[23.551,56.06],[23.55,56.063],[23.548,56.062],[23.514,56.077],[23.51,56.074],[23.494,56.081],[23.493,56.083],[23.484,56.087],[23.478,56.082],[23.462,56.088],[23.459,56.086],[23.439,56.093],[23.444,56.097],[23.441,56.104],[23.429,56.109],[23.431,56.11],[23.417,56.115],[23.409,56.109],[23.385,56.119],[23.387,56.12],[23.363,56.129],[23.372,56.136],[23.35,56.145],[23.339,56.144],[23.321,56.145],[23.312,56.141],[23.333,56.132],[23.328,56.128],[23.286,56.145],[23.276,56.147],[23.286,56.152],[23.291,56.15],[23.313,56.166],[23.31,56.168],[23.319,56.175],[23.303,56.182],[23.294,56.175],[23.284,56.179],[23.286,56.18],[23.273,56.185],[23.268,56.183],[23.256,56.188],[23.232,56.17],[23.224,56.173],[23.221,56.171],[23.2,56.18],[23.205,56.183],[23.201,56.19],[23.189,56.193],[23.183,56.201],[23.193,56.204],[23.176,56.211],[23.169,56.209],[23.167,56.213],[23.163,56.215],[23.149,56.211],[23.134,56.21],[23.136,56.204],[23.128,56.203],[23.113,56.201],[23.104,56.196],[23.099,56.199],[23.093,56.196],[23.095,56.192],[23.089,56.191],[23.084,56.2],[23.089,56.204],[23.042,56.196],[23.043,56.194],[23.037,56.189],[23.036,56.186],[23.025,56.185],[23.019,56.191],[22.999,56.19],[22.998,56.186],[22.984,56.184],[22.984,56.187],[22.967,56.189],[22.962,56.179],[22.979,56.172],[22.983,56.167],[22.966,56.162],[22.963,56.158],[22.955,56.158],[22.954,56.152],[22.949,56.152],[22.949,56.147],[22.965,56.141],[22.957,56.141],[22.945,56.137],[22.936,56.136],[22.932,56.13],[22.936,56.126],[22.929,56.123],[22.922,56.121],[22.92,56.118],[22.894,56.117],[22.899,56.102],[22.888,56.103],[22.883,56.104],[22.879,56.111],[22.858,56.11],[22.855,56.106],[22.847,56.105],[22.839,56.102],[22.839,56.094],[22.848,56.09],[22.851,56.082],[22.851,56.074],[22.842,56.071],[22.841,56.073],[22.831,56.078],[22.831,56.079],[22.811,56.084],[22.806,56.081],[22.738,56.069],[22.708,56.064],[22.712,56.051],[22.7,56.047],[22.687,56.048],[22.678,56.053],[22.669,56.052],[22.644,56.047],[22.641,56.035],[22.637,56.038],[22.63,56.039],[22.624,56.044],[22.621,56.043],[22.621,56.035],[22.623,56.031],[22.635,56.03],[22.636,56.025],[22.628,56.023],[22.627,56.02],[22.622,56.019],[22.624,56.016],[22.63,56.016],[22.623,56.008],[22.616,56.007],[22.615,56.004],[22.62,56],[22.612,55.996],[22.614,55.989],[22.599,55.988],[22.584,55.979],[22.596,55.97],[22.608,55.968],[22.606,55.958],[22.603,55.954],[22.606,55.951],[22.618,55.949],[22.637,55.951],[22.641,55.949],[22.659,55.951],[22.649,55.971],[22.669,55.971],[22.672,55.962],[22.678,55.95],[22.682,55.94],[22.69,55.941],[22.692,55.936],[22.697,55.932],[22.712,55.93],[22.706,55.927],[22.701,55.925],[22.677,55.922],[22.686,55.911],[22.693,55.912],[22.695,55.908]],[[23.381,55.916],[23.391,55.915],[23.39,55.912],[23.403,55.907],[23.406,55.903],[23.419,55.898],[23.421,55.895],[23.419,55.893],[23.426,55.89],[23.429,55.886],[23.421,55.878],[23.416,55.874],[23.411,55.875],[23.404,55.877],[23.398,55.877],[23.392,55.874],[23.386,55.872],[23.371,55.882],[23.362,55.879],[23.365,55.869],[23.347,55.871],[23.343,55.87],[23.345,55.867],[23.338,55.853],[23.334,55.854],[23.328,55.841],[23.321,55.841],[23.322,55.845],[23.316,55.847],[23.307,55.847],[23.293,55.851],[23.275,55.857],[23.269,55.861],[23.265,55.864],[23.266,55.869],[23.271,55.873],[23.283,55.876],[23.287,55.879],[23.303,55.883],[23.307,55.883],[23.318,55.891],[23.304,55.897],[23.308,55.898],[23.295,55.904],[23.283,55.893],[23.279,55.894],[23.27,55.889],[23.272,55.887],[23.266,55.882],[23.262,55.884],[23.256,55.894],[23.249,55.895],[23.242,55.898],[23.228,55.908],[23.239,55.914],[23.238,55.917],[23.245,55.919],[23.249,55.917],[23.268,55.922],[23.258,55.926],[23.266,55.933],[23.286,55.948],[23.283,55.95],[23.272,55.955],[23.28,55.961],[23.29,55.957],[23.292,55.962],[23.294,55.964],[23.302,55.961],[23.313,55.97],[23.324,55.966],[23.335,55.967],[23.346,55.963],[23.355,55.97],[23.359,55.966],[23.352,55.961],[23.346,55.96],[23.342,55.956],[23.346,55.955],[23.343,55.946],[23.349,55.944],[23.35,55.933],[23.359,55.931],[23.363,55.933],[23.367,55.931],[23.369,55.927],[23.369,55.923],[23.359,55.923],[23.359,55.921],[23.364,55.916],[23.368,55.917],[23.373,55.913],[23.381,55.916]]]}},{"type":"Feature","properties":{"id":1307304,"maakond_id":206,"name":"Akmenės rajono savivaldybė","bbox":[22.531,56.069,23.128,56.415]},"geometry":{"type":"Polygon","coordinates":[[[22.635,56.367],[22.621,56.366],[22.613,56.359],[22.604,56.36],[22.571,56.363],[22.568,56.361],[22.572,56.352],[22.58,56.345],[22.578,56.341],[22.586,56.339],[22.588,56.337],[22.599,56.336],[22.6,56.334],[22.597,56.33],[22.588,56.314],[22.588,56.312],[22.583,56.305],[22.571,56.305],[22.58,56.3],[22.588,56.299],[22.588,56.295],[22.594,56.293],[22.603,56.293],[22.602,56.288],[22.594,56.288],[22.58,56.289],[22.579,56.285],[22.584,56.282],[22.584,56.277],[22.592,56.276],[22.594,56.271],[22.593,56.262],[22.598,56.253],[22.61,56.254],[22.625,56.249],[22.638,56.25],[22.644,56.23],[22.647,56.222],[22.627,56.222],[22.618,56.224],[22.618,56.22],[22.614,56.218],[22.622,56.214],[22.63,56.214],[22.623,56.208],[22.631,56.206],[22.622,56.202],[22.62,56.198],[22.616,56.196],[22.621,56.173],[22.588,56.17],[22.58,56.169],[22.57,56.165],[22.557,56.165],[22.556,56.162],[22.537,56.164],[22.534,56.157],[22.531,56.154],[22.537,56.152],[22.548,56.152],[22.555,56.143],[22.56,56.143],[22.566,56.141],[22.569,56.138],[22.578,56.134],[22.58,56.122],[22.586,56.119],[22.585,56.11],[22.58,56.105],[22.584,56.105],[22.593,56.101],[22.59,56.097],[22.58,56.095],[22.579,56.091],[22.613,56.086],[22.617,56.095],[22.633,56.093],[22.637,56.099],[22.632,56.102],[22.637,56.107],[22.641,56.103],[22.645,56.108],[22.654,56.106],[22.671,56.109],[22.678,56.109],[22.681,56.114],[22.693,56.112],[22.703,56.117],[22.716,56.109],[22.72,56.111],[22.725,56.108],[22.715,56.104],[22.715,56.087],[22.715,56.084],[22.721,56.082],[22.721,56.079],[22.73,56.076],[22.734,56.075],[22.738,56.069],[22.806,56.081],[22.811,56.084],[22.831,56.079],[22.831,56.078],[22.841,56.073],[22.842,56.071],[22.851,56.074],[22.851,56.082],[22.848,56.09],[22.839,56.094],[22.839,56.102],[22.847,56.105],[22.855,56.106],[22.858,56.11],[22.879,56.111],[22.883,56.104],[22.888,56.103],[22.899,56.102],[22.894,56.117],[22.92,56.118],[22.922,56.121],[22.929,56.123],[22.936,56.126],[22.932,56.13],[22.936,56.136],[22.945,56.137],[22.957,56.141],[22.965,56.141],[22.949,56.147],[22.949,56.152],[22.954,56.152],[22.955,56.158],[22.963,56.158],[22.966,56.162],[22.983,56.167],[22.979,56.172],[22.962,56.179],[22.967,56.189],[22.984,56.187],[22.984,56.184],[22.998,56.186],[22.999,56.19],[23.019,56.191],[23.025,56.185],[23.036,56.186],[23.037,56.189],[23.043,56.194],[23.042,56.196],[23.089,56.204],[23.084,56.2],[23.089,56.191],[23.095,56.192],[23.093,56.196],[23.099,56.199],[23.104,56.196],[23.113,56.201],[23.128,56.203],[23.108,56.24],[23.092,56.235],[23.088,56.24],[23.083,56.243],[23.079,56.243],[23.073,56.256],[23.079,56.257],[23.076,56.262],[23.088,56.264],[23.1,56.264],[23.088,56.285],[23.095,56.286],[23.086,56.3],[23.096,56.301],[23.093,56.305],[23.09,56.309],[23.085,56.317],[23.07,56.324],[23.045,56.32],[23.033,56.327],[23.027,56.331],[23.027,56.335],[23.024,56.34],[23.015,56.346],[23.013,56.352],[23.005,56.368],[23.019,56.371],[23.002,56.406],[22.978,56.406],[22.969,56.414],[22.942,56.415],[22.936,56.411],[22.936,56.402],[22.932,56.401],[22.921,56.398],[22.924,56.392],[22.929,56.388],[22.919,56.379],[22.907,56.377],[22.9,56.374],[22.882,56.371],[22.869,56.371],[22.85,56.368],[22.846,56.367],[22.839,56.366],[22.826,56.367],[22.819,56.366],[22.81,56.366],[22.808,56.368],[22.778,56.368],[22.772,56.367],[22.758,56.368],[22.75,56.372],[22.74,56.372],[22.731,56.373],[22.719,56.369],[22.706,56.361],[22.705,56.358],[22.697,56.353],[22.69,56.353],[22.68,56.352],[22.673,56.354],[22.671,56.357],[22.663,56.36],[22.662,56.362],[22.654,56.362],[22.64,56.364],[22.635,56.367]]]}},{"type":"Feature","properties":{"id":1307306,"maakond_id":206,"name":"Radviliškio rajono savivaldybė","bbox":[23.214,55.469,24.067,55.919]},"geometry":{"type":"Polygon","coordinates":[[[23.331,55.55],[23.34,55.545],[23.344,55.545],[23.346,55.542],[23.356,55.541],[23.366,55.539],[23.391,55.528],[23.401,55.521],[23.401,55.511],[23.417,55.509],[23.42,55.506],[23.46,55.497],[23.454,55.494],[23.467,55.487],[23.477,55.487],[23.475,55.495],[23.483,55.496],[23.485,55.506],[23.478,55.512],[23.478,55.52],[23.508,55.519],[23.508,55.521],[23.537,55.523],[23.542,55.519],[23.541,55.517],[23.544,55.513],[23.555,55.513],[23.556,55.515],[23.573,55.508],[23.568,55.496],[23.564,55.493],[23.561,55.488],[23.565,55.479],[23.57,55.477],[23.572,55.473],[23.589,55.474],[23.597,55.474],[23.611,55.476],[23.618,55.471],[23.624,55.471],[23.641,55.47],[23.656,55.469],[23.659,55.472],[23.659,55.477],[23.664,55.477],[23.663,55.482],[23.657,55.483],[23.656,55.485],[23.663,55.489],[23.675,55.494],[23.684,55.502],[23.693,55.504],[23.735,55.512],[23.73,55.519],[23.813,55.539],[23.811,55.541],[23.833,55.548],[23.853,55.547],[23.88,55.558],[23.887,55.563],[23.89,55.568],[23.895,55.574],[23.899,55.573],[23.915,55.597],[23.915,55.604],[23.919,55.604],[23.919,55.613],[23.924,55.615],[23.922,55.62],[23.925,55.627],[23.934,55.624],[23.974,55.616],[23.972,55.623],[23.979,55.626],[23.982,55.629],[24.001,55.628],[24.015,55.628],[24.018,55.626],[24.024,55.632],[24.033,55.631],[24.038,55.635],[24.028,55.647],[24.024,55.651],[24.023,55.666],[24.013,55.67],[24.012,55.673],[24.019,55.682],[24.026,55.681],[24.032,55.691],[24.059,55.688],[24.067,55.696],[24.06,55.697],[24.063,55.704],[24.046,55.706],[24.047,55.71],[24.03,55.711],[24.033,55.724],[24.037,55.725],[24.043,55.723],[24.043,55.729],[24.041,55.732],[24.047,55.745],[24.031,55.745],[24.032,55.751],[24.027,55.754],[24.016,55.751],[24.013,55.754],[24.013,55.758],[24.018,55.758],[24.018,55.762],[24.025,55.761],[24.027,55.767],[24.022,55.775],[24.019,55.777],[24.016,55.783],[24.011,55.786],[24.003,55.787],[23.987,55.782],[23.984,55.782],[23.978,55.79],[23.976,55.798],[23.97,55.798],[23.967,55.802],[23.965,55.812],[23.961,55.828],[23.959,55.831],[23.96,55.836],[23.932,55.827],[23.931,55.832],[23.897,55.823],[23.897,55.818],[23.893,55.816],[23.881,55.823],[23.875,55.824],[23.857,55.819],[23.848,55.818],[23.843,55.825],[23.822,55.826],[23.824,55.839],[23.825,55.856],[23.836,55.857],[23.829,55.871],[23.821,55.875],[23.802,55.87],[23.791,55.869],[23.786,55.864],[23.79,55.86],[23.782,55.855],[23.777,55.86],[23.764,55.859],[23.762,55.863],[23.755,55.866],[23.732,55.865],[23.73,55.868],[23.731,55.872],[23.726,55.875],[23.726,55.879],[23.723,55.881],[23.718,55.876],[23.715,55.877],[23.706,55.872],[23.694,55.873],[23.687,55.868],[23.683,55.868],[23.679,55.87],[23.665,55.871],[23.659,55.873],[23.647,55.873],[23.653,55.886],[23.657,55.887],[23.642,55.894],[23.637,55.9],[23.632,55.898],[23.628,55.892],[23.579,55.907],[23.575,55.902],[23.554,55.909],[23.557,55.912],[23.552,55.914],[23.534,55.919],[23.511,55.896],[23.503,55.898],[23.489,55.887],[23.481,55.89],[23.476,55.887],[23.478,55.882],[23.473,55.882],[23.468,55.884],[23.45,55.883],[23.43,55.863],[23.411,55.844],[23.391,55.85],[23.376,55.838],[23.381,55.834],[23.388,55.832],[23.394,55.83],[23.391,55.822],[23.393,55.82],[23.388,55.814],[23.384,55.812],[23.377,55.81],[23.378,55.805],[23.373,55.803],[23.368,55.799],[23.357,55.803],[23.36,55.807],[23.338,55.813],[23.329,55.815],[23.323,55.808],[23.317,55.795],[23.301,55.778],[23.288,55.768],[23.268,55.759],[23.263,55.754],[23.236,55.731],[23.225,55.722],[23.214,55.707],[23.22,55.706],[23.216,55.702],[23.221,55.701],[23.226,55.703],[23.234,55.699],[23.237,55.689],[23.24,55.69],[23.251,55.685],[23.26,55.685],[23.261,55.684],[23.274,55.687],[23.302,55.683],[23.301,55.679],[23.298,55.676],[23.3,55.674],[23.308,55.67],[23.302,55.663],[23.304,55.657],[23.319,55.651],[23.318,55.643],[23.321,55.639],[23.329,55.637],[23.331,55.641],[23.337,55.641],[23.331,55.632],[23.332,55.629],[23.345,55.624],[23.338,55.612],[23.328,55.614],[23.325,55.609],[23.328,55.597],[23.321,55.59],[23.322,55.584],[23.33,55.569],[23.344,55.568],[23.354,55.566],[23.362,55.563],[23.356,55.554],[23.347,55.555],[23.339,55.555],[23.339,55.552],[23.331,55.55]]]}},{"type":"Feature","properties":{"id":1307307,"maakond_id":206,"name":"Kelmės rajono savivaldybė","bbox":[22.466,55.464,23.362,55.908]},"geometry":{"type":"Polygon","coordinates":[[[23.236,55.731],[23.215,55.742],[23.202,55.748],[23.196,55.748],[23.192,55.754],[23.181,55.755],[23.177,55.76],[23.168,55.759],[23.163,55.757],[23.156,55.751],[23.153,55.75],[23.145,55.752],[23.146,55.754],[23.141,55.759],[23.132,55.76],[23.124,55.759],[23.113,55.765],[23.104,55.757],[23.096,55.759],[23.091,55.759],[23.068,55.76],[23.07,55.764],[23.075,55.768],[23.08,55.767],[23.083,55.769],[23.078,55.772],[23.068,55.776],[23.065,55.773],[23.05,55.773],[23.045,55.776],[23.048,55.779],[23.051,55.79],[23.055,55.792],[23.052,55.795],[23.057,55.798],[23.056,55.805],[23.048,55.805],[23.053,55.8],[23.049,55.799],[23.034,55.802],[23.031,55.806],[23.026,55.805],[23.028,55.813],[23.02,55.815],[23.013,55.819],[23.012,55.827],[23.004,55.827],[22.98,55.826],[22.98,55.822],[22.973,55.822],[22.967,55.837],[22.94,55.85],[22.961,55.864],[22.951,55.874],[22.92,55.875],[22.92,55.872],[22.916,55.868],[22.915,55.859],[22.913,55.856],[22.902,55.854],[22.902,55.859],[22.895,55.86],[22.889,55.862],[22.875,55.864],[22.872,55.862],[22.862,55.859],[22.862,55.856],[22.857,55.853],[22.853,55.856],[22.855,55.866],[22.846,55.87],[22.808,55.875],[22.802,55.881],[22.801,55.884],[22.791,55.888],[22.787,55.886],[22.777,55.887],[22.77,55.88],[22.753,55.886],[22.742,55.905],[22.695,55.908],[22.689,55.907],[22.691,55.902],[22.687,55.901],[22.689,55.893],[22.682,55.893],[22.663,55.902],[22.654,55.902],[22.664,55.88],[22.658,55.876],[22.66,55.871],[22.644,55.871],[22.647,55.863],[22.632,55.861],[22.633,55.859],[22.579,55.863],[22.57,55.859],[22.567,55.856],[22.561,55.856],[22.568,55.851],[22.581,55.845],[22.581,55.842],[22.584,55.811],[22.568,55.807],[22.555,55.803],[22.548,55.802],[22.486,55.789],[22.5,55.772],[22.512,55.76],[22.523,55.757],[22.525,55.753],[22.509,55.745],[22.523,55.74],[22.52,55.733],[22.52,55.729],[22.53,55.711],[22.527,55.705],[22.528,55.695],[22.516,55.69],[22.508,55.691],[22.502,55.689],[22.495,55.693],[22.482,55.691],[22.466,55.679],[22.466,55.673],[22.478,55.661],[22.478,55.651],[22.477,55.637],[22.48,55.635],[22.492,55.632],[22.496,55.634],[22.5,55.632],[22.506,55.63],[22.505,55.626],[22.513,55.623],[22.508,55.617],[22.505,55.609],[22.509,55.607],[22.504,55.598],[22.5,55.597],[22.504,55.592],[22.502,55.589],[22.527,55.585],[22.549,55.563],[22.56,55.568],[22.579,55.569],[22.586,55.566],[22.584,55.56],[22.58,55.556],[22.577,55.548],[22.584,55.547],[22.587,55.544],[22.586,55.542],[22.596,55.535],[22.6,55.529],[22.605,55.529],[22.605,55.524],[22.62,55.522],[22.624,55.519],[22.623,55.515],[22.629,55.511],[22.637,55.51],[22.636,55.508],[22.64,55.505],[22.64,55.5],[22.648,55.5],[22.65,55.496],[22.647,55.493],[22.634,55.49],[22.623,55.486],[22.626,55.483],[22.621,55.481],[22.626,55.477],[22.637,55.477],[22.673,55.472],[22.676,55.471],[22.676,55.474],[22.681,55.477],[22.7,55.49],[22.711,55.485],[22.755,55.514],[22.766,55.508],[22.779,55.503],[22.788,55.505],[22.793,55.504],[22.81,55.505],[22.853,55.504],[22.848,55.487],[22.833,55.474],[22.837,55.468],[22.844,55.465],[22.862,55.468],[22.894,55.464],[22.909,55.47],[22.935,55.485],[22.958,55.487],[22.977,55.491],[22.988,55.492],[23.005,55.491],[23.005,55.496],[23.009,55.497],[23.011,55.494],[23.028,55.499],[23.035,55.505],[23.037,55.51],[23.041,55.511],[23.05,55.5],[23.054,55.502],[23.057,55.498],[23.064,55.5],[23.061,55.504],[23.056,55.514],[23.063,55.514],[23.063,55.507],[23.078,55.502],[23.079,55.507],[23.083,55.511],[23.081,55.513],[23.079,55.519],[23.08,55.522],[23.077,55.527],[23.079,55.53],[23.075,55.541],[23.083,55.542],[23.088,55.541],[23.096,55.542],[23.094,55.554],[23.102,55.555],[23.099,55.559],[23.097,55.565],[23.119,55.569],[23.122,55.561],[23.13,55.561],[23.127,55.556],[23.139,55.557],[23.173,55.559],[23.187,55.559],[23.191,55.562],[23.205,55.566],[23.208,55.564],[23.216,55.566],[23.22,55.569],[23.223,55.575],[23.229,55.577],[23.233,55.573],[23.226,55.563],[23.229,55.563],[23.234,55.559],[23.232,55.556],[23.236,55.552],[23.241,55.535],[23.243,55.532],[23.255,55.533],[23.261,55.527],[23.272,55.532],[23.276,55.533],[23.273,55.542],[23.281,55.543],[23.283,55.537],[23.289,55.536],[23.295,55.539],[23.312,55.545],[23.331,55.55],[23.339,55.552],[23.339,55.555],[23.347,55.555],[23.356,55.554],[23.362,55.563],[23.354,55.566],[23.344,55.568],[23.33,55.569],[23.322,55.584],[23.321,55.59],[23.328,55.597],[23.325,55.609],[23.328,55.614],[23.338,55.612],[23.345,55.624],[23.332,55.629],[23.331,55.632],[23.337,55.641],[23.331,55.641],[23.329,55.637],[23.321,55.639],[23.318,55.643],[23.319,55.651],[23.304,55.657],[23.302,55.663],[23.308,55.67],[23.3,55.674],[23.298,55.676],[23.301,55.679],[23.302,55.683],[23.274,55.687],[23.261,55.684],[23.26,55.685],[23.251,55.685],[23.24,55.69],[23.237,55.689],[23.234,55.699],[23.226,55.703],[23.221,55.701],[23.216,55.702],[23.22,55.706],[23.214,55.707],[23.225,55.722],[23.236,55.731]]]}},{"type":"Feature","properties":{"id":1312644,"maakond_id":202,"name":"Prienų rajono savivaldybė","bbox":[23.586,54.455,24.488,54.811]},"geometry":{"type":"Polygon","coordinates":[[[23.971,54.493],[23.969,54.495],[23.955,54.498],[23.932,54.511],[23.925,54.517],[23.917,54.52],[23.888,54.531],[23.886,54.533],[23.89,54.541],[23.895,54.543],[23.908,54.547],[23.917,54.552],[23.936,54.558],[23.942,54.558],[23.955,54.56],[23.962,54.566],[23.978,54.573],[23.983,54.577],[23.987,54.588],[23.992,54.59],[24.001,54.589],[24.009,54.586],[24.012,54.587],[24.016,54.592],[24.016,54.596],[24.008,54.603],[24.005,54.604],[23.996,54.603],[23.989,54.603],[23.975,54.608],[23.968,54.615],[23.961,54.62],[23.959,54.624],[23.961,54.628],[23.965,54.631],[23.959,54.636],[23.965,54.644],[23.976,54.647],[23.983,54.647],[23.992,54.645],[23.999,54.64],[24.003,54.633],[24.011,54.621],[24.015,54.619],[24.022,54.624],[24.032,54.622],[24.034,54.62],[24.046,54.624],[24.055,54.623],[24.057,54.624],[24.064,54.623],[24.062,54.618],[24.063,54.613],[24.066,54.61],[24.07,54.612],[24.073,54.609],[24.088,54.608],[24.092,54.598],[24.102,54.597],[24.099,54.592],[24.103,54.587],[24.119,54.582],[24.128,54.583],[24.131,54.579],[24.139,54.578],[24.146,54.576],[24.147,54.579],[24.154,54.577],[24.152,54.571],[24.145,54.566],[24.152,54.565],[24.141,54.554],[24.146,54.551],[24.152,54.551],[24.172,54.54],[24.17,54.537],[24.198,54.537],[24.198,54.543],[24.205,54.553],[24.225,54.556],[24.226,54.553],[24.241,54.555],[24.241,54.557],[24.256,54.559],[24.258,54.563],[24.263,54.561],[24.274,54.562],[24.273,54.558],[24.265,54.557],[24.265,54.55],[24.267,54.55],[24.267,54.541],[24.273,54.53],[24.319,54.522],[24.33,54.525],[24.336,54.524],[24.344,54.528],[24.358,54.524],[24.361,54.521],[24.368,54.525],[24.371,54.521],[24.376,54.525],[24.383,54.522],[24.387,54.525],[24.39,54.523],[24.395,54.523],[24.393,54.528],[24.395,54.53],[24.4,54.53],[24.401,54.533],[24.407,54.536],[24.414,54.533],[24.418,54.538],[24.42,54.544],[24.42,54.556],[24.422,54.561],[24.416,54.569],[24.425,54.578],[24.423,54.588],[24.427,54.593],[24.426,54.597],[24.433,54.597],[24.435,54.591],[24.445,54.597],[24.45,54.595],[24.447,54.591],[24.452,54.589],[24.464,54.587],[24.473,54.59],[24.458,54.594],[24.462,54.604],[24.469,54.609],[24.473,54.605],[24.484,54.604],[24.488,54.607],[24.473,54.618],[24.477,54.622],[24.477,54.626],[24.472,54.63],[24.457,54.631],[24.45,54.628],[24.435,54.635],[24.425,54.642],[24.403,54.647],[24.388,54.65],[24.385,54.651],[24.378,54.65],[24.376,54.653],[24.381,54.667],[24.374,54.666],[24.368,54.669],[24.358,54.671],[24.344,54.671],[24.334,54.673],[24.332,54.68],[24.317,54.68],[24.313,54.668],[24.293,54.668],[24.293,54.674],[24.289,54.676],[24.282,54.669],[24.269,54.675],[24.248,54.675],[24.241,54.665],[24.216,54.672],[24.219,54.682],[24.21,54.682],[24.211,54.685],[24.191,54.687],[24.189,54.689],[24.18,54.691],[24.172,54.694],[24.167,54.695],[24.162,54.698],[24.155,54.695],[24.156,54.692],[24.15,54.684],[24.143,54.683],[24.139,54.678],[24.135,54.676],[24.128,54.675],[24.12,54.678],[24.114,54.678],[24.095,54.681],[24.085,54.687],[24.082,54.693],[24.082,54.698],[24.085,54.703],[24.094,54.712],[24.1,54.725],[24.104,54.73],[24.111,54.735],[24.124,54.744],[24.114,54.749],[24.108,54.754],[24.099,54.753],[24.098,54.751],[24.083,54.746],[24.074,54.753],[24.071,54.757],[24.065,54.761],[24.061,54.766],[24.052,54.768],[24.024,54.777],[24.017,54.781],[24.007,54.762],[23.993,54.758],[23.987,54.758],[23.961,54.753],[23.953,54.752],[23.951,54.749],[23.945,54.747],[23.938,54.754],[23.925,54.757],[23.92,54.755],[23.919,54.751],[23.91,54.748],[23.9,54.747],[23.894,54.738],[23.874,54.742],[23.87,54.739],[23.862,54.74],[23.859,54.738],[23.86,54.734],[23.854,54.73],[23.843,54.73],[23.831,54.725],[23.824,54.729],[23.825,54.733],[23.828,54.735],[23.823,54.738],[23.82,54.734],[23.813,54.737],[23.812,54.742],[23.82,54.743],[23.825,54.747],[23.812,54.752],[23.805,54.759],[23.802,54.759],[23.779,54.764],[23.773,54.769],[23.771,54.773],[23.776,54.777],[23.77,54.782],[23.776,54.785],[23.767,54.787],[23.763,54.801],[23.741,54.802],[23.718,54.801],[23.72,54.803],[23.709,54.808],[23.704,54.808],[23.673,54.811],[23.655,54.798],[23.642,54.804],[23.632,54.795],[23.627,54.797],[23.623,54.795],[23.624,54.79],[23.633,54.787],[23.625,54.781],[23.618,54.773],[23.609,54.772],[23.598,54.766],[23.587,54.767],[23.586,54.761],[23.613,54.761],[23.623,54.766],[23.635,54.769],[23.644,54.769],[23.648,54.759],[23.637,54.746],[23.663,54.72],[23.633,54.71],[23.656,54.689],[23.662,54.682],[23.669,54.666],[23.668,54.663],[23.673,54.662],[23.673,54.657],[23.664,54.657],[23.656,54.653],[23.66,54.65],[23.657,54.645],[23.673,54.64],[23.673,54.639],[23.625,54.629],[23.629,54.621],[23.647,54.624],[23.649,54.622],[23.637,54.613],[23.65,54.614],[23.667,54.614],[23.675,54.616],[23.699,54.593],[23.687,54.589],[23.674,54.587],[23.658,54.583],[23.679,54.562],[23.681,54.56],[23.687,54.56],[23.692,54.559],[23.696,54.555],[23.702,54.542],[23.705,54.541],[23.724,54.543],[23.722,54.545],[23.75,54.55],[23.755,54.544],[23.757,54.541],[23.758,54.532],[23.759,54.526],[23.771,54.519],[23.776,54.514],[23.783,54.511],[23.794,54.503],[23.788,54.501],[23.782,54.497],[23.784,54.491],[23.769,54.481],[23.761,54.478],[23.758,54.479],[23.752,54.47],[23.755,54.469],[23.765,54.469],[23.767,54.463],[23.771,54.461],[23.778,54.459],[23.783,54.465],[23.788,54.463],[23.794,54.465],[23.796,54.472],[23.799,54.474],[23.806,54.47],[23.83,54.468],[23.836,54.47],[23.871,54.467],[23.87,54.461],[23.859,54.462],[23.858,54.457],[23.86,54.455],[23.879,54.458],[23.911,54.465],[23.907,54.466],[23.905,54.474],[23.899,54.476],[23.901,54.483],[23.905,54.484],[23.936,54.484],[23.938,54.483],[23.967,54.486],[23.968,54.49],[23.971,54.493]]]}},{"type":"Feature","properties":{"id":1360452,"maakond_id":208,"name":"Plungės rajono savivaldybė","bbox":[21.512,55.749,22.171,56.159]},"geometry":{"type":"Polygon","coordinates":[[[21.7,56.07],[21.682,56.043],[21.677,56.044],[21.678,56.039],[21.672,56.038],[21.666,56.039],[21.652,56.019],[21.638,56.003],[21.63,56.005],[21.625,55.997],[21.622,55.996],[21.615,55.997],[21.615,55.999],[21.607,56.001],[21.597,55.999],[21.587,56.002],[21.572,55.98],[21.6,55.974],[21.582,55.944],[21.589,55.943],[21.593,55.939],[21.594,55.92],[21.594,55.917],[21.588,55.916],[21.575,55.919],[21.574,55.912],[21.58,55.907],[21.587,55.908],[21.594,55.905],[21.596,55.902],[21.603,55.903],[21.619,55.896],[21.621,55.89],[21.625,55.89],[21.619,55.881],[21.606,55.882],[21.599,55.884],[21.597,55.882],[21.59,55.879],[21.587,55.876],[21.59,55.873],[21.586,55.867],[21.591,55.864],[21.591,55.861],[21.586,55.86],[21.574,55.864],[21.558,55.862],[21.556,55.854],[21.555,55.847],[21.541,55.85],[21.536,55.843],[21.538,55.838],[21.527,55.832],[21.527,55.829],[21.521,55.822],[21.523,55.82],[21.518,55.817],[21.512,55.809],[21.523,55.806],[21.526,55.804],[21.535,55.804],[21.538,55.801],[21.547,55.799],[21.56,55.799],[21.557,55.802],[21.562,55.805],[21.572,55.803],[21.588,55.803],[21.596,55.807],[21.598,55.813],[21.595,55.814],[21.598,55.818],[21.604,55.813],[21.603,55.809],[21.606,55.805],[21.6,55.803],[21.6,55.798],[21.608,55.796],[21.612,55.792],[21.617,55.791],[21.622,55.788],[21.623,55.785],[21.628,55.785],[21.629,55.777],[21.626,55.774],[21.63,55.771],[21.64,55.772],[21.638,55.768],[21.628,55.768],[21.629,55.76],[21.626,55.755],[21.635,55.752],[21.638,55.753],[21.647,55.749],[21.653,55.751],[21.661,55.755],[21.662,55.758],[21.667,55.761],[21.671,55.759],[21.701,55.752],[21.713,55.749],[21.722,55.755],[21.729,55.75],[21.739,55.755],[21.742,55.759],[21.746,55.765],[21.753,55.765],[21.77,55.761],[21.786,55.762],[21.786,55.776],[21.798,55.794],[21.86,55.78],[21.863,55.784],[21.862,55.787],[21.866,55.791],[21.872,55.793],[21.878,55.787],[21.884,55.787],[21.891,55.789],[21.898,55.787],[21.902,55.789],[21.899,55.792],[21.893,55.795],[21.905,55.8],[21.902,55.804],[21.908,55.815],[21.916,55.816],[21.911,55.819],[21.914,55.822],[21.921,55.821],[21.93,55.825],[21.935,55.823],[21.942,55.826],[21.95,55.824],[21.95,55.829],[21.953,55.83],[21.961,55.827],[21.966,55.834],[21.968,55.834],[21.971,55.841],[21.978,55.844],[21.985,55.85],[21.997,55.849],[21.991,55.843],[21.997,55.84],[22.003,55.844],[22.018,55.839],[22.013,55.831],[22.015,55.829],[22.024,55.828],[22.028,55.829],[22.032,55.826],[22.044,55.823],[22.05,55.822],[22.056,55.823],[22.066,55.823],[22.072,55.82],[22.077,55.823],[22.087,55.831],[22.091,55.832],[22.095,55.836],[22.106,55.844],[22.112,55.843],[22.124,55.845],[22.132,55.852],[22.129,55.857],[22.124,55.86],[22.127,55.867],[22.142,55.872],[22.147,55.869],[22.149,55.864],[22.158,55.864],[22.171,55.866],[22.163,55.873],[22.166,55.876],[22.164,55.882],[22.166,55.893],[22.138,55.897],[22.132,55.905],[22.131,55.913],[22.121,55.921],[22.13,55.923],[22.129,55.926],[22.123,55.928],[22.129,55.934],[22.127,55.937],[22.116,55.939],[22.107,55.938],[22.107,55.94],[22.111,55.944],[22.102,55.947],[22.103,55.953],[22.101,55.954],[22.089,55.949],[22.095,55.945],[22.092,55.943],[22.085,55.942],[22.084,55.947],[22.078,55.951],[22.08,55.955],[22.085,55.958],[22.084,55.966],[22.079,55.97],[22.071,55.968],[22.062,55.974],[22.071,55.98],[22.072,55.987],[22.068,55.989],[22.065,55.997],[22.077,55.998],[22.076,56.001],[22.078,56.004],[22.088,56.006],[22.096,56.005],[22.098,56.009],[22.096,56.02],[22.1,56.023],[22.107,56.026],[22.109,56.036],[22.097,56.036],[22.075,56.039],[22.075,56.047],[22.073,56.052],[22.084,56.059],[22.082,56.063],[22.074,56.069],[22.07,56.07],[22.073,56.075],[22.072,56.079],[22.075,56.084],[22.072,56.086],[22.075,56.089],[22.073,56.091],[22.068,56.092],[22.072,56.099],[22.095,56.113],[22.082,56.12],[22.072,56.117],[22.066,56.12],[22.051,56.121],[22.04,56.124],[22.029,56.131],[22.036,56.142],[22.029,56.144],[22.027,56.152],[22.018,56.155],[22.016,56.15],[22.012,56.146],[22.007,56.146],[22.001,56.15],[21.99,56.148],[21.987,56.145],[21.983,56.155],[21.978,56.156],[21.941,56.159],[21.935,56.133],[21.926,56.132],[21.926,56.128],[21.918,56.121],[21.925,56.118],[21.916,56.113],[21.904,56.111],[21.903,56.114],[21.899,56.115],[21.899,56.12],[21.845,56.124],[21.847,56.131],[21.827,56.131],[21.823,56.127],[21.83,56.123],[21.829,56.117],[21.83,56.101],[21.828,56.098],[21.809,56.101],[21.774,56.109],[21.771,56.105],[21.761,56.108],[21.759,56.105],[21.747,56.108],[21.723,56.073],[21.704,56.077],[21.7,56.07]]]}},{"type":"Feature","properties":{"id":1360453,"maakond_id":208,"name":"Telšių rajono savivaldybė","bbox":[22.062,55.659,22.738,56.164]},"geometry":{"type":"Polygon","coordinates":[[[22.073,56.091],[22.075,56.089],[22.072,56.086],[22.075,56.084],[22.072,56.079],[22.073,56.075],[22.07,56.07],[22.074,56.069],[22.082,56.063],[22.084,56.059],[22.073,56.052],[22.075,56.047],[22.075,56.039],[22.097,56.036],[22.109,56.036],[22.107,56.026],[22.1,56.023],[22.096,56.02],[22.098,56.009],[22.096,56.005],[22.088,56.006],[22.078,56.004],[22.076,56.001],[22.077,55.998],[22.065,55.997],[22.068,55.989],[22.072,55.987],[22.071,55.98],[22.062,55.974],[22.071,55.968],[22.079,55.97],[22.084,55.966],[22.085,55.958],[22.08,55.955],[22.078,55.951],[22.084,55.947],[22.085,55.942],[22.092,55.943],[22.095,55.945],[22.089,55.949],[22.101,55.954],[22.103,55.953],[22.102,55.947],[22.111,55.944],[22.107,55.94],[22.107,55.938],[22.116,55.939],[22.127,55.937],[22.129,55.934],[22.123,55.928],[22.129,55.926],[22.13,55.923],[22.121,55.921],[22.131,55.913],[22.132,55.905],[22.138,55.897],[22.166,55.893],[22.164,55.882],[22.166,55.876],[22.163,55.873],[22.171,55.866],[22.158,55.864],[22.149,55.864],[22.147,55.869],[22.142,55.872],[22.127,55.867],[22.124,55.86],[22.129,55.857],[22.132,55.852],[22.124,55.845],[22.13,55.837],[22.146,55.84],[22.156,55.832],[22.164,55.833],[22.157,55.817],[22.147,55.815],[22.152,55.813],[22.16,55.813],[22.161,55.809],[22.154,55.808],[22.153,55.804],[22.169,55.804],[22.182,55.806],[22.184,55.8],[22.188,55.798],[22.215,55.789],[22.218,55.789],[22.227,55.786],[22.231,55.787],[22.24,55.784],[22.233,55.779],[22.229,55.774],[22.228,55.77],[22.238,55.767],[22.228,55.752],[22.244,55.743],[22.251,55.737],[22.255,55.732],[22.251,55.73],[22.248,55.724],[22.251,55.722],[22.239,55.706],[22.231,55.692],[22.236,55.689],[22.252,55.684],[22.26,55.689],[22.301,55.667],[22.304,55.671],[22.307,55.673],[22.309,55.677],[22.317,55.675],[22.324,55.675],[22.331,55.676],[22.354,55.671],[22.353,55.666],[22.367,55.66],[22.373,55.659],[22.379,55.662],[22.388,55.667],[22.391,55.667],[22.41,55.67],[22.421,55.67],[22.447,55.664],[22.455,55.671],[22.466,55.673],[22.466,55.679],[22.482,55.691],[22.495,55.693],[22.502,55.689],[22.508,55.691],[22.516,55.69],[22.528,55.695],[22.527,55.705],[22.53,55.711],[22.52,55.729],[22.52,55.733],[22.523,55.74],[22.509,55.745],[22.525,55.753],[22.523,55.757],[22.512,55.76],[22.5,55.772],[22.486,55.789],[22.548,55.802],[22.555,55.803],[22.568,55.807],[22.584,55.811],[22.581,55.842],[22.581,55.845],[22.568,55.851],[22.561,55.856],[22.567,55.856],[22.57,55.859],[22.579,55.863],[22.633,55.859],[22.632,55.861],[22.647,55.863],[22.644,55.871],[22.66,55.871],[22.658,55.876],[22.664,55.88],[22.654,55.902],[22.663,55.902],[22.682,55.893],[22.689,55.893],[22.687,55.901],[22.691,55.902],[22.689,55.907],[22.695,55.908],[22.693,55.912],[22.686,55.911],[22.677,55.922],[22.701,55.925],[22.706,55.927],[22.712,55.93],[22.697,55.932],[22.692,55.936],[22.69,55.941],[22.682,55.94],[22.678,55.95],[22.672,55.962],[22.669,55.971],[22.649,55.971],[22.659,55.951],[22.641,55.949],[22.637,55.951],[22.618,55.949],[22.606,55.951],[22.603,55.954],[22.606,55.958],[22.608,55.968],[22.596,55.97],[22.584,55.979],[22.599,55.988],[22.614,55.989],[22.612,55.996],[22.62,56],[22.615,56.004],[22.616,56.007],[22.623,56.008],[22.63,56.016],[22.624,56.016],[22.622,56.019],[22.627,56.02],[22.628,56.023],[22.636,56.025],[22.635,56.03],[22.623,56.031],[22.621,56.035],[22.621,56.043],[22.624,56.044],[22.63,56.039],[22.637,56.038],[22.641,56.035],[22.644,56.047],[22.669,56.052],[22.678,56.053],[22.687,56.048],[22.7,56.047],[22.712,56.051],[22.708,56.064],[22.738,56.069],[22.734,56.075],[22.73,56.076],[22.721,56.079],[22.721,56.082],[22.715,56.084],[22.715,56.087],[22.715,56.104],[22.725,56.108],[22.72,56.111],[22.716,56.109],[22.703,56.117],[22.693,56.112],[22.681,56.114],[22.678,56.109],[22.671,56.109],[22.654,56.106],[22.645,56.108],[22.641,56.103],[22.637,56.107],[22.632,56.102],[22.637,56.099],[22.633,56.093],[22.617,56.095],[22.613,56.086],[22.579,56.091],[22.58,56.095],[22.566,56.101],[22.547,56.104],[22.511,56.105],[22.51,56.101],[22.517,56.097],[22.509,56.096],[22.506,56.088],[22.497,56.091],[22.473,56.093],[22.474,56.097],[22.451,56.1],[22.428,56.102],[22.429,56.106],[22.437,56.106],[22.439,56.111],[22.447,56.111],[22.45,56.123],[22.44,56.124],[22.438,56.117],[22.431,56.115],[22.424,56.117],[22.428,56.121],[22.423,56.122],[22.425,56.125],[22.433,56.125],[22.437,56.139],[22.437,56.142],[22.429,56.143],[22.423,56.141],[22.416,56.142],[22.416,56.145],[22.4,56.146],[22.402,56.153],[22.371,56.155],[22.368,56.158],[22.36,56.16],[22.359,56.162],[22.339,56.164],[22.335,56.148],[22.322,56.151],[22.325,56.16],[22.317,56.161],[22.315,56.158],[22.3,56.157],[22.279,56.16],[22.277,56.155],[22.266,56.153],[22.249,56.151],[22.25,56.145],[22.247,56.142],[22.245,56.135],[22.248,56.132],[22.247,56.128],[22.243,56.127],[22.238,56.107],[22.174,56.112],[22.167,56.113],[22.169,56.107],[22.165,56.103],[22.164,56.1],[22.157,56.1],[22.152,56.103],[22.141,56.1],[22.139,56.106],[22.127,56.109],[22.129,56.114],[22.138,56.123],[22.136,56.126],[22.141,56.13],[22.144,56.13],[22.139,56.135],[22.133,56.131],[22.127,56.134],[22.123,56.13],[22.118,56.13],[22.112,56.127],[22.109,56.123],[22.109,56.118],[22.113,56.115],[22.108,56.108],[22.098,56.103],[22.096,56.104],[22.087,56.098],[22.077,56.095],[22.073,56.091]]]}},{"type":"Feature","properties":{"id":1447848,"maakond_id":202,"name":"Jonavos rajono savivaldybė","bbox":[24.016,54.936,24.647,55.297]},"geometry":{"type":"Polygon","coordinates":[[[24.016,55.116],[24.017,55.112],[24.023,55.105],[24.039,55.111],[24.04,55.115],[24.045,55.116],[24.055,55.115],[24.058,55.112],[24.063,55.111],[24.077,55.112],[24.09,55.107],[24.086,55.104],[24.088,55.1],[24.081,55.087],[24.07,55.076],[24.061,55.072],[24.097,55.06],[24.108,55.054],[24.1,55.052],[24.094,55.057],[24.081,55.051],[24.084,55.048],[24.075,55.046],[24.065,55.04],[24.064,55.037],[24.065,55.031],[24.068,55.028],[24.081,55.025],[24.109,55.018],[24.111,55.015],[24.108,55.011],[24.101,55.008],[24.101,55],[24.099,54.996],[24.093,54.988],[24.086,54.985],[24.094,54.978],[24.117,54.978],[24.126,54.979],[24.13,54.975],[24.126,54.971],[24.114,54.966],[24.114,54.964],[24.126,54.964],[24.114,54.951],[24.136,54.938],[24.138,54.936],[24.194,54.952],[24.193,54.947],[24.201,54.947],[24.201,54.955],[24.213,54.959],[24.228,54.941],[24.319,54.964],[24.315,54.969],[24.334,54.97],[24.349,54.973],[24.407,54.977],[24.408,54.977],[24.429,54.984],[24.438,54.982],[24.443,54.987],[24.441,54.99],[24.434,54.993],[24.433,54.999],[24.43,55.004],[24.434,55.004],[24.438,55.009],[24.438,55.012],[24.444,55.013],[24.449,55.019],[24.447,55.023],[24.452,55.025],[24.459,55.021],[24.462,55.018],[24.482,55.016],[24.49,55.012],[24.496,55.012],[24.502,55.011],[24.511,55.012],[24.527,55.012],[24.532,55.006],[24.538,55.004],[24.545,54.995],[24.552,54.991],[24.556,54.992],[24.561,54.996],[24.558,55],[24.561,55.002],[24.559,55.004],[24.589,55.013],[24.587,55.017],[24.591,55.018],[24.586,55.028],[24.622,55.03],[24.624,55.037],[24.617,55.037],[24.615,55.039],[24.624,55.043],[24.623,55.044],[24.636,55.044],[24.636,55.045],[24.647,55.049],[24.644,55.051],[24.631,55.052],[24.628,55.056],[24.633,55.061],[24.63,55.065],[24.623,55.067],[24.612,55.075],[24.607,55.073],[24.603,55.077],[24.591,55.075],[24.597,55.081],[24.592,55.082],[24.586,55.08],[24.587,55.085],[24.591,55.087],[24.592,55.09],[24.586,55.091],[24.582,55.096],[24.585,55.1],[24.583,55.107],[24.579,55.107],[24.576,55.111],[24.568,55.112],[24.562,55.111],[24.563,55.109],[24.555,55.107],[24.554,55.113],[24.544,55.118],[24.547,55.123],[24.534,55.133],[24.528,55.13],[24.517,55.141],[24.521,55.141],[24.534,55.145],[24.533,55.148],[24.541,55.154],[24.535,55.157],[24.521,55.155],[24.507,55.157],[24.501,55.161],[24.501,55.168],[24.498,55.173],[24.487,55.185],[24.486,55.19],[24.482,55.194],[24.481,55.2],[24.505,55.222],[24.491,55.226],[24.472,55.228],[24.457,55.232],[24.446,55.233],[24.44,55.232],[24.438,55.227],[24.424,55.227],[24.425,55.231],[24.422,55.233],[24.41,55.234],[24.42,55.251],[24.426,55.26],[24.42,55.261],[24.426,55.274],[24.416,55.276],[24.419,55.28],[24.414,55.284],[24.42,55.288],[24.414,55.289],[24.405,55.293],[24.394,55.295],[24.391,55.297],[24.388,55.292],[24.373,55.297],[24.368,55.296],[24.361,55.29],[24.352,55.284],[24.345,55.282],[24.332,55.28],[24.333,55.278],[24.319,55.275],[24.316,55.27],[24.303,55.272],[24.301,55.269],[24.279,55.27],[24.278,55.266],[24.254,55.266],[24.243,55.27],[24.233,55.27],[24.229,55.267],[24.205,55.268],[24.205,55.259],[24.188,55.257],[24.178,55.246],[24.169,55.238],[24.163,55.238],[24.161,55.237],[24.161,55.233],[24.156,55.23],[24.158,55.228],[24.157,55.222],[24.153,55.213],[24.139,55.202],[24.13,55.2],[24.119,55.201],[24.115,55.198],[24.107,55.203],[24.099,55.198],[24.085,55.192],[24.077,55.186],[24.073,55.186],[24.049,55.175],[24.056,55.154],[24.031,55.147],[24.026,55.139],[24.034,55.138],[24.032,55.132],[24.026,55.129],[24.016,55.116]]]}},{"type":"Feature","properties":{"id":1476170,"maakond_id":202,"name":"Raseinių rajono savivaldybė","bbox":[22.67,55.176,23.64,55.577]},"geometry":{"type":"Polygon","coordinates":[[[23.331,55.55],[23.312,55.545],[23.295,55.539],[23.289,55.536],[23.283,55.537],[23.281,55.543],[23.273,55.542],[23.276,55.533],[23.272,55.532],[23.261,55.527],[23.255,55.533],[23.243,55.532],[23.241,55.535],[23.236,55.552],[23.232,55.556],[23.234,55.559],[23.229,55.563],[23.226,55.563],[23.233,55.573],[23.229,55.577],[23.223,55.575],[23.22,55.569],[23.216,55.566],[23.208,55.564],[23.205,55.566],[23.191,55.562],[23.187,55.559],[23.173,55.559],[23.139,55.557],[23.127,55.556],[23.13,55.561],[23.122,55.561],[23.119,55.569],[23.097,55.565],[23.099,55.559],[23.102,55.555],[23.094,55.554],[23.096,55.542],[23.088,55.541],[23.083,55.542],[23.075,55.541],[23.079,55.53],[23.077,55.527],[23.08,55.522],[23.079,55.519],[23.081,55.513],[23.083,55.511],[23.079,55.507],[23.078,55.502],[23.063,55.507],[23.063,55.514],[23.056,55.514],[23.061,55.504],[23.064,55.5],[23.057,55.498],[23.054,55.502],[23.05,55.5],[23.041,55.511],[23.037,55.51],[23.035,55.505],[23.028,55.499],[23.011,55.494],[23.009,55.497],[23.005,55.496],[23.005,55.491],[22.988,55.492],[22.977,55.491],[22.958,55.487],[22.935,55.485],[22.909,55.47],[22.894,55.464],[22.862,55.468],[22.844,55.465],[22.837,55.468],[22.833,55.474],[22.848,55.487],[22.853,55.504],[22.81,55.505],[22.793,55.504],[22.788,55.505],[22.779,55.503],[22.766,55.508],[22.755,55.514],[22.711,55.485],[22.7,55.49],[22.681,55.477],[22.676,55.474],[22.676,55.471],[22.684,55.467],[22.67,55.458],[22.687,55.448],[22.69,55.428],[22.696,55.415],[22.719,55.42],[22.723,55.426],[22.729,55.424],[22.733,55.426],[22.741,55.422],[22.742,55.411],[22.739,55.407],[22.732,55.405],[22.73,55.399],[22.733,55.389],[22.753,55.39],[22.756,55.383],[22.762,55.376],[22.769,55.379],[22.775,55.38],[22.792,55.381],[22.798,55.38],[22.805,55.376],[22.803,55.371],[22.813,55.368],[22.814,55.362],[22.812,55.358],[22.808,55.354],[22.813,55.348],[22.808,55.347],[22.808,55.344],[22.798,55.344],[22.793,55.341],[22.796,55.339],[22.792,55.335],[22.79,55.33],[22.81,55.33],[22.81,55.325],[22.812,55.323],[22.828,55.322],[22.827,55.325],[22.842,55.325],[22.843,55.315],[22.85,55.313],[22.857,55.313],[22.858,55.309],[22.863,55.307],[22.869,55.302],[22.873,55.302],[22.87,55.294],[22.864,55.286],[22.874,55.287],[22.878,55.291],[22.875,55.295],[22.879,55.299],[22.887,55.299],[22.895,55.298],[22.901,55.3],[22.902,55.31],[22.923,55.312],[22.928,55.311],[22.935,55.312],[22.93,55.321],[22.937,55.323],[22.945,55.312],[22.971,55.313],[22.981,55.314],[22.979,55.304],[22.974,55.291],[22.974,55.287],[23.006,55.281],[23.024,55.275],[22.996,55.253],[23.003,55.253],[23.009,55.254],[23.044,55.252],[23.059,55.251],[23.065,55.25],[23.072,55.263],[23.082,55.264],[23.099,55.26],[23.103,55.255],[23.12,55.257],[23.125,55.259],[23.134,55.26],[23.141,55.261],[23.154,55.268],[23.162,55.268],[23.169,55.265],[23.18,55.268],[23.185,55.25],[23.185,55.245],[23.18,55.242],[23.182,55.233],[23.192,55.233],[23.202,55.234],[23.21,55.237],[23.211,55.23],[23.235,55.231],[23.238,55.234],[23.26,55.232],[23.263,55.233],[23.271,55.23],[23.28,55.23],[23.294,55.23],[23.298,55.238],[23.303,55.236],[23.321,55.239],[23.334,55.24],[23.357,55.239],[23.361,55.233],[23.364,55.224],[23.36,55.215],[23.376,55.21],[23.384,55.211],[23.395,55.215],[23.407,55.205],[23.411,55.209],[23.43,55.214],[23.439,55.215],[23.442,55.211],[23.441,55.208],[23.504,55.193],[23.51,55.201],[23.517,55.202],[23.521,55.198],[23.532,55.197],[23.527,55.179],[23.54,55.177],[23.552,55.178],[23.562,55.176],[23.577,55.188],[23.583,55.191],[23.582,55.199],[23.577,55.204],[23.571,55.215],[23.58,55.215],[23.594,55.221],[23.599,55.225],[23.594,55.249],[23.569,55.247],[23.573,55.251],[23.576,55.256],[23.574,55.26],[23.577,55.265],[23.583,55.268],[23.581,55.272],[23.585,55.277],[23.585,55.281],[23.593,55.283],[23.598,55.283],[23.595,55.279],[23.606,55.278],[23.612,55.279],[23.618,55.285],[23.616,55.29],[23.606,55.296],[23.62,55.304],[23.617,55.305],[23.622,55.309],[23.608,55.317],[23.618,55.323],[23.64,55.32],[23.639,55.324],[23.624,55.331],[23.619,55.335],[23.626,55.335],[23.625,55.342],[23.616,55.35],[23.608,55.347],[23.602,55.354],[23.612,55.357],[23.6,55.366],[23.588,55.39],[23.582,55.397],[23.563,55.394],[23.555,55.396],[23.547,55.406],[23.547,55.417],[23.547,55.422],[23.55,55.423],[23.545,55.428],[23.581,55.434],[23.574,55.435],[23.575,55.44],[23.565,55.44],[23.561,55.443],[23.571,55.448],[23.584,55.447],[23.594,55.461],[23.595,55.472],[23.589,55.474],[23.572,55.473],[23.57,55.477],[23.565,55.479],[23.561,55.488],[23.564,55.493],[23.568,55.496],[23.573,55.508],[23.556,55.515],[23.555,55.513],[23.544,55.513],[23.541,55.517],[23.542,55.519],[23.537,55.523],[23.508,55.521],[23.508,55.519],[23.478,55.52],[23.478,55.512],[23.485,55.506],[23.483,55.496],[23.475,55.495],[23.477,55.487],[23.467,55.487],[23.454,55.494],[23.46,55.497],[23.42,55.506],[23.417,55.509],[23.401,55.511],[23.401,55.521],[23.391,55.528],[23.366,55.539],[23.356,55.541],[23.346,55.542],[23.344,55.545],[23.34,55.545],[23.331,55.55]]]}},{"type":"Feature","properties":{"id":1479204,"maakond_id":207,"name":"Tauragės rajono savivaldybė","bbox":[21.88,55.127,22.742,55.477]},"geometry":{"type":"Polygon","coordinates":[[[22.297,55.142],[22.342,55.15],[22.346,55.143],[22.38,55.148],[22.387,55.135],[22.43,55.14],[22.431,55.127],[22.547,55.141],[22.581,55.135],[22.589,55.156],[22.577,55.165],[22.578,55.169],[22.599,55.167],[22.597,55.171],[22.591,55.171],[22.573,55.174],[22.572,55.186],[22.578,55.186],[22.58,55.191],[22.578,55.196],[22.573,55.197],[22.566,55.215],[22.569,55.215],[22.563,55.234],[22.567,55.234],[22.582,55.241],[22.584,55.247],[22.578,55.249],[22.579,55.26],[22.572,55.26],[22.548,55.264],[22.55,55.27],[22.545,55.272],[22.538,55.273],[22.539,55.276],[22.543,55.278],[22.544,55.282],[22.537,55.282],[22.533,55.284],[22.532,55.289],[22.524,55.291],[22.534,55.295],[22.534,55.296],[22.528,55.304],[22.533,55.303],[22.538,55.304],[22.54,55.31],[22.544,55.314],[22.563,55.311],[22.58,55.312],[22.583,55.31],[22.589,55.311],[22.589,55.314],[22.596,55.314],[22.597,55.312],[22.611,55.312],[22.636,55.313],[22.64,55.312],[22.645,55.32],[22.637,55.32],[22.633,55.33],[22.625,55.33],[22.627,55.337],[22.621,55.344],[22.637,55.348],[22.634,55.353],[22.644,55.356],[22.639,55.358],[22.632,55.369],[22.719,55.384],[22.733,55.389],[22.73,55.399],[22.732,55.405],[22.739,55.407],[22.742,55.411],[22.741,55.422],[22.733,55.426],[22.729,55.424],[22.723,55.426],[22.719,55.42],[22.696,55.415],[22.69,55.428],[22.687,55.448],[22.67,55.458],[22.684,55.467],[22.676,55.471],[22.673,55.472],[22.637,55.477],[22.626,55.477],[22.629,55.475],[22.631,55.47],[22.622,55.466],[22.625,55.464],[22.625,55.456],[22.619,55.455],[22.613,55.456],[22.613,55.451],[22.603,55.451],[22.599,55.448],[22.597,55.444],[22.591,55.443],[22.578,55.445],[22.577,55.449],[22.572,55.451],[22.569,55.454],[22.506,55.439],[22.481,55.43],[22.471,55.431],[22.464,55.435],[22.457,55.437],[22.448,55.433],[22.443,55.43],[22.436,55.431],[22.426,55.426],[22.429,55.423],[22.425,55.417],[22.403,55.431],[22.39,55.425],[22.377,55.427],[22.369,55.429],[22.364,55.433],[22.369,55.435],[22.369,55.439],[22.354,55.45],[22.34,55.459],[22.338,55.459],[22.323,55.456],[22.321,55.458],[22.307,55.454],[22.307,55.461],[22.297,55.462],[22.291,55.451],[22.302,55.447],[22.292,55.445],[22.278,55.445],[22.271,55.444],[22.27,55.44],[22.276,55.436],[22.288,55.433],[22.285,55.431],[22.29,55.429],[22.294,55.431],[22.3,55.43],[22.294,55.426],[22.3,55.423],[22.31,55.424],[22.31,55.415],[22.318,55.407],[22.268,55.383],[22.266,55.384],[22.26,55.38],[22.246,55.39],[22.238,55.389],[22.235,55.395],[22.228,55.395],[22.176,55.37],[22.156,55.383],[22.155,55.378],[22.149,55.373],[22.148,55.371],[22.143,55.368],[22.142,55.365],[22.135,55.367],[22.128,55.366],[22.123,55.363],[22.119,55.362],[22.109,55.363],[22.105,55.369],[22.099,55.375],[22.095,55.375],[22.081,55.373],[22.077,55.371],[22.072,55.374],[22.07,55.381],[22.052,55.384],[22.058,55.387],[22.059,55.391],[22.056,55.393],[22.056,55.398],[22.05,55.398],[22.044,55.393],[22.034,55.392],[22.025,55.394],[22.021,55.389],[22.02,55.385],[22.014,55.381],[21.999,55.354],[21.993,55.354],[21.989,55.35],[21.966,55.34],[21.959,55.341],[21.953,55.339],[21.952,55.33],[21.951,55.327],[21.934,55.318],[21.896,55.288],[21.88,55.276],[21.884,55.273],[21.889,55.275],[21.903,55.272],[21.911,55.268],[21.922,55.268],[21.937,55.266],[21.956,55.261],[21.989,55.249],[22.004,55.247],[22.031,55.239],[22.034,55.239],[22.04,55.235],[22.038,55.23],[22.028,55.224],[22.033,55.221],[22.043,55.198],[22.048,55.19],[22.053,55.18],[22.056,55.179],[22.064,55.17],[22.065,55.167],[22.06,55.163],[22.057,55.159],[22.058,55.152],[22.073,55.154],[22.083,55.152],[22.098,55.156],[22.099,55.16],[22.104,55.16],[22.126,55.167],[22.142,55.166],[22.153,55.166],[22.151,55.171],[22.157,55.171],[22.159,55.175],[22.169,55.173],[22.192,55.153],[22.216,55.155],[22.22,55.151],[22.23,55.153],[22.235,55.153],[22.247,55.148],[22.253,55.149],[22.26,55.153],[22.265,55.149],[22.271,55.15],[22.278,55.149],[22.289,55.149],[22.294,55.143],[22.297,55.142]]]}},{"type":"Feature","properties":{"id":1518453,"maakond_id":202,"name":"Kaišiadorių rajono savivaldybė","bbox":[24.082,54.628,24.811,55.025]},"geometry":{"type":"Polygon","coordinates":[[[24.471,54.642],[24.468,54.646],[24.465,54.662],[24.471,54.666],[24.465,54.68],[24.464,54.683],[24.476,54.696],[24.481,54.693],[24.484,54.7],[24.497,54.701],[24.49,54.704],[24.487,54.71],[24.49,54.716],[24.5,54.715],[24.504,54.722],[24.505,54.727],[24.511,54.731],[24.541,54.734],[24.546,54.736],[24.549,54.74],[24.56,54.742],[24.556,54.752],[24.56,54.754],[24.559,54.758],[24.569,54.758],[24.566,54.767],[24.575,54.765],[24.581,54.766],[24.571,54.774],[24.577,54.779],[24.582,54.78],[24.576,54.786],[24.585,54.786],[24.585,54.795],[24.545,54.798],[24.53,54.8],[24.535,54.802],[24.543,54.803],[24.541,54.82],[24.553,54.818],[24.564,54.812],[24.577,54.815],[24.584,54.814],[24.584,54.812],[24.592,54.81],[24.604,54.815],[24.607,54.814],[24.615,54.826],[24.619,54.83],[24.649,54.825],[24.683,54.821],[24.695,54.821],[24.7,54.821],[24.709,54.817],[24.718,54.817],[24.723,54.819],[24.729,54.816],[24.732,54.818],[24.732,54.823],[24.738,54.821],[24.743,54.824],[24.753,54.827],[24.755,54.824],[24.764,54.825],[24.752,54.872],[24.755,54.873],[24.753,54.877],[24.762,54.878],[24.771,54.875],[24.78,54.876],[24.783,54.878],[24.799,54.879],[24.81,54.887],[24.811,54.892],[24.809,54.896],[24.811,54.903],[24.806,54.906],[24.801,54.906],[24.799,54.911],[24.791,54.912],[24.78,54.916],[24.767,54.918],[24.762,54.921],[24.76,54.926],[24.749,54.932],[24.744,54.932],[24.729,54.931],[24.717,54.933],[24.709,54.929],[24.701,54.93],[24.693,54.927],[24.69,54.927],[24.689,54.934],[24.684,54.939],[24.682,54.945],[24.67,54.95],[24.662,54.952],[24.656,54.951],[24.65,54.952],[24.644,54.955],[24.637,54.957],[24.637,54.959],[24.631,54.961],[24.631,54.967],[24.623,54.969],[24.621,54.974],[24.617,54.975],[24.604,54.974],[24.593,54.972],[24.579,54.973],[24.576,54.979],[24.573,54.98],[24.568,54.985],[24.552,54.991],[24.545,54.995],[24.538,55.004],[24.532,55.006],[24.527,55.012],[24.511,55.012],[24.502,55.011],[24.496,55.012],[24.49,55.012],[24.482,55.016],[24.462,55.018],[24.459,55.021],[24.452,55.025],[24.447,55.023],[24.449,55.019],[24.444,55.013],[24.438,55.012],[24.438,55.009],[24.434,55.004],[24.43,55.004],[24.433,54.999],[24.434,54.993],[24.441,54.99],[24.443,54.987],[24.438,54.982],[24.429,54.984],[24.408,54.977],[24.407,54.977],[24.349,54.973],[24.334,54.97],[24.315,54.969],[24.319,54.964],[24.228,54.941],[24.213,54.959],[24.201,54.955],[24.201,54.947],[24.193,54.947],[24.194,54.952],[24.138,54.936],[24.15,54.932],[24.14,54.929],[24.131,54.924],[24.137,54.92],[24.136,54.918],[24.12,54.921],[24.1,54.913],[24.099,54.912],[24.103,54.904],[24.102,54.896],[24.112,54.896],[24.123,54.893],[24.13,54.886],[24.133,54.876],[24.137,54.873],[24.15,54.869],[24.171,54.865],[24.18,54.863],[24.186,54.859],[24.197,54.844],[24.209,54.836],[24.217,54.833],[24.228,54.831],[24.24,54.826],[24.247,54.819],[24.247,54.814],[24.242,54.807],[24.239,54.804],[24.235,54.806],[24.228,54.803],[24.213,54.801],[24.198,54.803],[24.182,54.808],[24.168,54.815],[24.155,54.816],[24.145,54.815],[24.138,54.812],[24.134,54.807],[24.137,54.791],[24.14,54.786],[24.147,54.779],[24.15,54.772],[24.149,54.767],[24.145,54.764],[24.138,54.76],[24.134,54.757],[24.134,54.752],[24.131,54.748],[24.124,54.744],[24.111,54.735],[24.104,54.73],[24.1,54.725],[24.094,54.712],[24.085,54.703],[24.082,54.698],[24.082,54.693],[24.085,54.687],[24.095,54.681],[24.114,54.678],[24.12,54.678],[24.128,54.675],[24.135,54.676],[24.139,54.678],[24.143,54.683],[24.15,54.684],[24.156,54.692],[24.155,54.695],[24.162,54.698],[24.167,54.695],[24.172,54.694],[24.18,54.691],[24.189,54.689],[24.191,54.687],[24.211,54.685],[24.21,54.682],[24.219,54.682],[24.216,54.672],[24.241,54.665],[24.248,54.675],[24.269,54.675],[24.282,54.669],[24.289,54.676],[24.293,54.674],[24.293,54.668],[24.313,54.668],[24.317,54.68],[24.332,54.68],[24.334,54.673],[24.344,54.671],[24.358,54.671],[24.368,54.669],[24.374,54.666],[24.381,54.667],[24.376,54.653],[24.378,54.65],[24.385,54.651],[24.388,54.65],[24.403,54.647],[24.425,54.642],[24.435,54.635],[24.45,54.628],[24.457,54.631],[24.473,54.636],[24.471,54.642]]]}},{"type":"Feature","properties":{"id":1518454,"maakond_id":207,"name":"Šilalės rajono savivaldybė","bbox":[21.809,55.362,22.65,55.689]},"geometry":{"type":"Polygon","coordinates":[[[21.817,55.556],[21.809,55.549],[21.815,55.547],[21.824,55.548],[21.825,55.55],[21.835,55.546],[21.835,55.542],[21.828,55.537],[21.825,55.533],[21.83,55.528],[21.826,55.525],[21.827,55.523],[21.822,55.518],[21.827,55.518],[21.835,55.502],[21.834,55.499],[21.836,55.495],[21.845,55.497],[21.85,55.499],[21.857,55.486],[21.867,55.466],[21.865,55.465],[21.872,55.423],[21.92,55.436],[21.971,55.423],[22,55.424],[22.003,55.407],[22.01,55.408],[22.01,55.41],[22.015,55.413],[22.02,55.411],[22.022,55.409],[22.02,55.402],[22.011,55.399],[22.015,55.396],[22.025,55.394],[22.034,55.392],[22.044,55.393],[22.05,55.398],[22.056,55.398],[22.056,55.393],[22.059,55.391],[22.058,55.387],[22.052,55.384],[22.07,55.381],[22.072,55.374],[22.077,55.371],[22.081,55.373],[22.095,55.375],[22.099,55.375],[22.105,55.369],[22.109,55.363],[22.119,55.362],[22.123,55.363],[22.128,55.366],[22.135,55.367],[22.142,55.365],[22.143,55.368],[22.148,55.371],[22.149,55.373],[22.155,55.378],[22.156,55.383],[22.176,55.37],[22.228,55.395],[22.235,55.395],[22.238,55.389],[22.246,55.39],[22.26,55.38],[22.266,55.384],[22.268,55.383],[22.318,55.407],[22.31,55.415],[22.31,55.424],[22.3,55.423],[22.294,55.426],[22.3,55.43],[22.294,55.431],[22.29,55.429],[22.285,55.431],[22.288,55.433],[22.276,55.436],[22.27,55.44],[22.271,55.444],[22.278,55.445],[22.292,55.445],[22.302,55.447],[22.291,55.451],[22.297,55.462],[22.307,55.461],[22.307,55.454],[22.321,55.458],[22.323,55.456],[22.338,55.459],[22.34,55.459],[22.354,55.45],[22.369,55.439],[22.369,55.435],[22.364,55.433],[22.369,55.429],[22.377,55.427],[22.39,55.425],[22.403,55.431],[22.425,55.417],[22.429,55.423],[22.426,55.426],[22.436,55.431],[22.443,55.43],[22.448,55.433],[22.457,55.437],[22.464,55.435],[22.471,55.431],[22.481,55.43],[22.506,55.439],[22.569,55.454],[22.572,55.451],[22.577,55.449],[22.578,55.445],[22.591,55.443],[22.597,55.444],[22.599,55.448],[22.603,55.451],[22.613,55.451],[22.613,55.456],[22.619,55.455],[22.625,55.456],[22.625,55.464],[22.622,55.466],[22.631,55.47],[22.629,55.475],[22.626,55.477],[22.621,55.481],[22.626,55.483],[22.623,55.486],[22.634,55.49],[22.647,55.493],[22.65,55.496],[22.648,55.5],[22.64,55.5],[22.64,55.505],[22.636,55.508],[22.637,55.51],[22.629,55.511],[22.623,55.515],[22.624,55.519],[22.62,55.522],[22.605,55.524],[22.605,55.529],[22.6,55.529],[22.596,55.535],[22.586,55.542],[22.587,55.544],[22.584,55.547],[22.577,55.548],[22.58,55.556],[22.584,55.56],[22.586,55.566],[22.579,55.569],[22.56,55.568],[22.549,55.563],[22.527,55.585],[22.502,55.589],[22.504,55.592],[22.5,55.597],[22.504,55.598],[22.509,55.607],[22.505,55.609],[22.508,55.617],[22.513,55.623],[22.505,55.626],[22.506,55.63],[22.5,55.632],[22.496,55.634],[22.492,55.632],[22.48,55.635],[22.477,55.637],[22.478,55.651],[22.478,55.661],[22.466,55.673],[22.455,55.671],[22.447,55.664],[22.421,55.67],[22.41,55.67],[22.391,55.667],[22.388,55.667],[22.379,55.662],[22.373,55.659],[22.367,55.66],[22.353,55.666],[22.354,55.671],[22.331,55.676],[22.324,55.675],[22.317,55.675],[22.309,55.677],[22.307,55.673],[22.304,55.671],[22.301,55.667],[22.26,55.689],[22.252,55.684],[22.248,55.68],[22.225,55.678],[22.198,55.673],[22.198,55.677],[22.177,55.674],[22.172,55.675],[22.154,55.671],[22.157,55.667],[22.13,55.661],[22.127,55.654],[22.123,55.651],[22.094,55.66],[22.093,55.658],[22.082,55.658],[22.073,55.656],[22.064,55.649],[22.069,55.644],[22.072,55.639],[22.069,55.637],[22.062,55.637],[22.064,55.634],[22.06,55.631],[22.047,55.627],[22.044,55.625],[22.044,55.615],[22.039,55.615],[22.027,55.609],[22.031,55.607],[22.013,55.606],[21.992,55.612],[21.973,55.612],[21.963,55.61],[21.961,55.608],[21.954,55.607],[21.929,55.603],[21.928,55.603],[21.88,55.597],[21.869,55.587],[21.882,55.582],[21.872,55.576],[21.858,55.571],[21.851,55.574],[21.846,55.572],[21.843,55.569],[21.835,55.57],[21.817,55.556]]]}},{"type":"Feature","properties":{"id":1518457,"maakond_id":202,"name":"Kėdainių rajono savivaldybė","bbox":[23.545,55.112,24.434,55.564]},"geometry":{"type":"Polygon","coordinates":[[[23.562,55.176],[23.55,55.171],[23.561,55.163],[23.559,55.158],[23.587,55.149],[23.601,55.148],[23.604,55.151],[23.613,55.151],[23.612,55.156],[23.654,55.156],[23.698,55.156],[23.701,55.16],[23.732,55.164],[23.733,55.158],[23.746,55.158],[23.755,55.157],[23.779,55.159],[23.797,55.157],[23.799,55.159],[23.81,55.158],[23.816,55.162],[23.814,55.166],[23.819,55.167],[23.83,55.172],[23.835,55.175],[23.843,55.177],[23.842,55.18],[23.85,55.183],[23.857,55.183],[23.863,55.185],[23.878,55.175],[23.879,55.17],[23.885,55.168],[23.883,55.163],[23.894,55.156],[23.894,55.153],[23.899,55.151],[23.911,55.152],[23.93,55.145],[23.943,55.139],[23.945,55.14],[23.968,55.135],[23.993,55.131],[23.996,55.122],[23.989,55.115],[23.998,55.112],[24,55.114],[24.016,55.116],[24.026,55.129],[24.032,55.132],[24.034,55.138],[24.026,55.139],[24.031,55.147],[24.056,55.154],[24.049,55.175],[24.073,55.186],[24.077,55.186],[24.085,55.192],[24.099,55.198],[24.107,55.203],[24.115,55.198],[24.119,55.201],[24.13,55.2],[24.139,55.202],[24.153,55.213],[24.157,55.222],[24.158,55.228],[24.156,55.23],[24.161,55.233],[24.161,55.237],[24.163,55.238],[24.169,55.238],[24.178,55.246],[24.188,55.257],[24.205,55.259],[24.205,55.268],[24.229,55.267],[24.233,55.27],[24.243,55.27],[24.254,55.266],[24.278,55.266],[24.279,55.27],[24.301,55.269],[24.303,55.272],[24.316,55.27],[24.319,55.275],[24.333,55.278],[24.332,55.28],[24.345,55.282],[24.352,55.284],[24.361,55.29],[24.368,55.296],[24.373,55.297],[24.388,55.292],[24.391,55.297],[24.393,55.298],[24.389,55.304],[24.388,55.328],[24.387,55.329],[24.398,55.333],[24.396,55.335],[24.404,55.352],[24.421,55.357],[24.419,55.364],[24.428,55.366],[24.427,55.372],[24.434,55.386],[24.43,55.391],[24.42,55.391],[24.415,55.387],[24.408,55.389],[24.4,55.393],[24.398,55.402],[24.397,55.405],[24.403,55.407],[24.401,55.41],[24.396,55.411],[24.39,55.411],[24.385,55.414],[24.386,55.42],[24.383,55.421],[24.388,55.426],[24.388,55.43],[24.384,55.435],[24.377,55.437],[24.365,55.435],[24.364,55.441],[24.355,55.438],[24.347,55.443],[24.339,55.442],[24.317,55.446],[24.317,55.454],[24.31,55.454],[24.308,55.441],[24.301,55.439],[24.284,55.445],[24.263,55.449],[24.25,55.452],[24.243,55.454],[24.24,55.462],[24.243,55.466],[24.2,55.475],[24.203,55.467],[24.2,55.451],[24.193,55.445],[24.183,55.448],[24.164,55.451],[24.163,55.445],[24.156,55.443],[24.15,55.438],[24.132,55.435],[24.12,55.439],[24.12,55.45],[24.096,55.452],[24.092,55.444],[24.063,55.439],[24.053,55.44],[24.038,55.444],[24.044,55.449],[24.045,55.452],[24.05,55.457],[24.056,55.469],[24.054,55.476],[24.04,55.48],[24.003,55.515],[23.991,55.511],[23.987,55.515],[23.971,55.512],[23.972,55.508],[23.957,55.504],[23.955,55.508],[23.947,55.506],[23.941,55.51],[23.922,55.535],[23.915,55.537],[23.911,55.54],[23.912,55.548],[23.916,55.553],[23.914,55.564],[23.909,55.561],[23.897,55.56],[23.894,55.556],[23.885,55.556],[23.88,55.558],[23.853,55.547],[23.833,55.548],[23.811,55.541],[23.813,55.539],[23.73,55.519],[23.735,55.512],[23.693,55.504],[23.684,55.502],[23.675,55.494],[23.663,55.489],[23.656,55.485],[23.657,55.483],[23.663,55.482],[23.664,55.477],[23.659,55.477],[23.659,55.472],[23.656,55.469],[23.641,55.47],[23.624,55.471],[23.618,55.471],[23.611,55.476],[23.597,55.474],[23.589,55.474],[23.595,55.472],[23.594,55.461],[23.584,55.447],[23.571,55.448],[23.561,55.443],[23.565,55.44],[23.575,55.44],[23.574,55.435],[23.581,55.434],[23.545,55.428],[23.55,55.423],[23.547,55.422],[23.547,55.417],[23.547,55.406],[23.555,55.396],[23.563,55.394],[23.582,55.397],[23.588,55.39],[23.6,55.366],[23.612,55.357],[23.602,55.354],[23.608,55.347],[23.616,55.35],[23.625,55.342],[23.626,55.335],[23.619,55.335],[23.624,55.331],[23.639,55.324],[23.64,55.32],[23.618,55.323],[23.608,55.317],[23.622,55.309],[23.617,55.305],[23.62,55.304],[23.606,55.296],[23.616,55.29],[23.618,55.285],[23.612,55.279],[23.606,55.278],[23.595,55.279],[23.598,55.283],[23.593,55.283],[23.585,55.281],[23.585,55.277],[23.581,55.272],[23.583,55.268],[23.577,55.265],[23.574,55.26],[23.576,55.256],[23.573,55.251],[23.569,55.247],[23.594,55.249],[23.599,55.225],[23.594,55.221],[23.58,55.215],[23.571,55.215],[23.577,55.204],[23.582,55.199],[23.583,55.191],[23.577,55.188],[23.562,55.176]]]}},{"type":"Feature","properties":{"id":1518458,"maakond_id":207,"name":"Jurbarko rajono savivaldybė","bbox":[22.261,55.044,23.504,55.39]},"geometry":{"type":"Polygon","coordinates":[[[22.733,55.389],[22.719,55.384],[22.632,55.369],[22.639,55.358],[22.644,55.356],[22.634,55.353],[22.637,55.348],[22.621,55.344],[22.627,55.337],[22.625,55.33],[22.633,55.33],[22.637,55.32],[22.645,55.32],[22.64,55.312],[22.636,55.313],[22.611,55.312],[22.597,55.312],[22.596,55.314],[22.589,55.314],[22.589,55.311],[22.583,55.31],[22.58,55.312],[22.563,55.311],[22.544,55.314],[22.54,55.31],[22.538,55.304],[22.533,55.303],[22.528,55.304],[22.534,55.296],[22.534,55.295],[22.524,55.291],[22.532,55.289],[22.533,55.284],[22.537,55.282],[22.544,55.282],[22.543,55.278],[22.539,55.276],[22.538,55.273],[22.545,55.272],[22.55,55.27],[22.548,55.264],[22.572,55.26],[22.579,55.26],[22.578,55.249],[22.584,55.247],[22.582,55.241],[22.567,55.234],[22.563,55.234],[22.569,55.215],[22.566,55.215],[22.573,55.197],[22.578,55.196],[22.58,55.191],[22.578,55.186],[22.572,55.186],[22.573,55.174],[22.591,55.171],[22.597,55.171],[22.599,55.167],[22.578,55.169],[22.577,55.165],[22.589,55.156],[22.581,55.135],[22.547,55.141],[22.431,55.127],[22.43,55.14],[22.387,55.135],[22.38,55.148],[22.346,55.143],[22.342,55.15],[22.297,55.142],[22.303,55.139],[22.311,55.139],[22.309,55.136],[22.299,55.136],[22.29,55.141],[22.269,55.141],[22.268,55.136],[22.278,55.134],[22.273,55.127],[22.267,55.127],[22.261,55.119],[22.261,55.117],[22.269,55.113],[22.262,55.109],[22.277,55.068],[22.277,55.064],[22.295,55.065],[22.316,55.062],[22.348,55.062],[22.382,55.055],[22.395,55.053],[22.417,55.054],[22.425,55.054],[22.44,55.051],[22.452,55.046],[22.466,55.044],[22.477,55.045],[22.491,55.048],[22.532,55.061],[22.549,55.066],[22.574,55.07],[22.589,55.07],[22.601,55.066],[22.619,55.061],[22.628,55.055],[22.635,55.052],[22.648,55.049],[22.656,55.049],[22.672,55.051],[22.693,55.056],[22.714,55.058],[22.737,55.058],[22.751,55.062],[22.767,55.07],[22.775,55.075],[22.785,55.077],[22.804,55.075],[22.811,55.075],[22.823,55.079],[22.834,55.084],[22.841,55.086],[22.857,55.089],[22.874,55.09],[22.88,55.089],[22.897,55.084],[22.905,55.083],[22.933,55.082],[22.946,55.083],[22.963,55.087],[22.976,55.092],[23.006,55.1],[23.019,55.102],[23.049,55.105],[23.062,55.105],[23.071,55.103],[23.083,55.1],[23.1,55.097],[23.121,55.091],[23.14,55.089],[23.152,55.089],[23.168,55.09],[23.185,55.089],[23.2,55.086],[23.215,55.082],[23.234,55.079],[23.253,55.078],[23.275,55.075],[23.301,55.07],[23.323,55.067],[23.336,55.067],[23.357,55.069],[23.375,55.074],[23.386,55.075],[23.395,55.075],[23.412,55.074],[23.429,55.081],[23.432,55.084],[23.439,55.083],[23.442,55.086],[23.441,55.091],[23.454,55.104],[23.461,55.108],[23.463,55.112],[23.468,55.111],[23.472,55.113],[23.474,55.117],[23.473,55.12],[23.481,55.125],[23.479,55.13],[23.481,55.136],[23.48,55.142],[23.483,55.145],[23.478,55.147],[23.478,55.149],[23.482,55.152],[23.479,55.156],[23.481,55.164],[23.484,55.167],[23.482,55.169],[23.487,55.171],[23.488,55.176],[23.492,55.181],[23.492,55.184],[23.499,55.19],[23.504,55.193],[23.441,55.208],[23.442,55.211],[23.439,55.215],[23.43,55.214],[23.411,55.209],[23.407,55.205],[23.395,55.215],[23.384,55.211],[23.376,55.21],[23.36,55.215],[23.364,55.224],[23.361,55.233],[23.357,55.239],[23.334,55.24],[23.321,55.239],[23.303,55.236],[23.298,55.238],[23.294,55.23],[23.28,55.23],[23.271,55.23],[23.263,55.233],[23.26,55.232],[23.238,55.234],[23.235,55.231],[23.211,55.23],[23.21,55.237],[23.202,55.234],[23.192,55.233],[23.182,55.233],[23.18,55.242],[23.185,55.245],[23.185,55.25],[23.18,55.268],[23.169,55.265],[23.162,55.268],[23.154,55.268],[23.141,55.261],[23.134,55.26],[23.125,55.259],[23.12,55.257],[23.103,55.255],[23.099,55.26],[23.082,55.264],[23.072,55.263],[23.065,55.25],[23.059,55.251],[23.044,55.252],[23.009,55.254],[23.003,55.253],[22.996,55.253],[23.024,55.275],[23.006,55.281],[22.974,55.287],[22.974,55.291],[22.979,55.304],[22.981,55.314],[22.971,55.313],[22.945,55.312],[22.937,55.323],[22.93,55.321],[22.935,55.312],[22.928,55.311],[22.923,55.312],[22.902,55.31],[22.901,55.3],[22.895,55.298],[22.887,55.299],[22.879,55.299],[22.875,55.295],[22.878,55.291],[22.874,55.287],[22.864,55.286],[22.87,55.294],[22.873,55.302],[22.869,55.302],[22.863,55.307],[22.858,55.309],[22.857,55.313],[22.85,55.313],[22.843,55.315],[22.842,55.325],[22.827,55.325],[22.828,55.322],[22.812,55.323],[22.81,55.325],[22.81,55.33],[22.79,55.33],[22.792,55.335],[22.796,55.339],[22.793,55.341],[22.798,55.344],[22.808,55.344],[22.808,55.347],[22.813,55.348],[22.808,55.354],[22.812,55.358],[22.814,55.362],[22.813,55.368],[22.803,55.371],[22.805,55.376],[22.798,55.38],[22.792,55.381],[22.775,55.38],[22.769,55.379],[22.762,55.376],[22.756,55.383],[22.753,55.39],[22.733,55.389]]]}},{"type":"Feature","properties":{"id":3855485,"maakond_id":202,"name":"Birštono savivaldybė","bbox":[23.886,54.491,24.172,54.647]},"geometry":{"type":"Polygon","coordinates":[[[24.17,54.537],[24.172,54.54],[24.152,54.551],[24.146,54.551],[24.141,54.554],[24.152,54.565],[24.145,54.566],[24.152,54.571],[24.154,54.577],[24.147,54.579],[24.146,54.576],[24.139,54.578],[24.131,54.579],[24.128,54.583],[24.119,54.582],[24.103,54.587],[24.099,54.592],[24.102,54.597],[24.092,54.598],[24.088,54.608],[24.073,54.609],[24.07,54.612],[24.066,54.61],[24.063,54.613],[24.062,54.618],[24.064,54.623],[24.057,54.624],[24.055,54.623],[24.046,54.624],[24.034,54.62],[24.032,54.622],[24.022,54.624],[24.015,54.619],[24.011,54.621],[24.003,54.633],[23.999,54.64],[23.992,54.645],[23.983,54.647],[23.976,54.647],[23.965,54.644],[23.959,54.636],[23.965,54.631],[23.961,54.628],[23.959,54.624],[23.961,54.62],[23.968,54.615],[23.975,54.608],[23.989,54.603],[23.996,54.603],[24.005,54.604],[24.008,54.603],[24.016,54.596],[24.016,54.592],[24.012,54.587],[24.009,54.586],[24.001,54.589],[23.992,54.59],[23.987,54.588],[23.983,54.577],[23.978,54.573],[23.962,54.566],[23.955,54.56],[23.942,54.558],[23.936,54.558],[23.917,54.552],[23.908,54.547],[23.895,54.543],[23.89,54.541],[23.886,54.533],[23.888,54.531],[23.917,54.52],[23.925,54.517],[23.932,54.511],[23.955,54.498],[23.969,54.495],[23.971,54.493],[23.975,54.491],[23.983,54.491],[23.994,54.493],[24.007,54.498],[24.012,54.505],[24.013,54.509],[24.01,54.512],[23.997,54.513],[23.993,54.517],[23.999,54.522],[24.001,54.528],[24.004,54.535],[24.009,54.54],[24.013,54.545],[24.029,54.551],[24.04,54.551],[24.052,54.554],[24.063,54.555],[24.077,54.553],[24.085,54.55],[24.09,54.546],[24.098,54.542],[24.103,54.53],[24.114,54.53],[24.121,54.532],[24.129,54.539],[24.137,54.539],[24.147,54.537],[24.16,54.536],[24.17,54.537]]]}}]}