{"type":"FeatureCollection","features":[{"type":"Feature","properties":{"id":1797378,"maakond_id":104,"name":"Alūksnes novads","bbox":[26.595,57.225,27.693,57.633]},"geometry":{"type":"Polygon","coordinates":[[[27.691,57.371],[27.684,57.372],[27.683,57.378],[27.679,57.385],[27.672,57.389],[27.67,57.395],[27.624,57.402],[27.604,57.415],[27.593,57.417],[27.58,57.416],[27.56,57.411],[27.557,57.416],[27.527,57.426],[27.516,57.424],[27.541,57.468],[27.55,57.467],[27.553,57.477],[27.557,57.487],[27.555,57.491],[27.557,57.493],[27.556,57.498],[27.564,57.508],[27.567,57.509],[27.567,57.515],[27.554,57.52],[27.547,57.519],[27.556,57.538],[27.501,57.54],[27.493,57.538],[27.488,57.536],[27.479,57.536],[27.469,57.535],[27.471,57.53],[27.463,57.53],[27.461,57.529],[27.452,57.532],[27.444,57.532],[27.433,57.526],[27.415,57.523],[27.41,57.525],[27.399,57.525],[27.394,57.527],[27.386,57.532],[27.381,57.535],[27.37,57.534],[27.365,57.53],[27.368,57.527],[27.351,57.518],[27.347,57.522],[27.326,57.523],[27.312,57.532],[27.297,57.54],[27.281,57.537],[27.275,57.544],[27.266,57.544],[27.265,57.549],[27.258,57.551],[27.249,57.549],[27.243,57.549],[27.226,57.555],[27.194,57.551],[27.161,57.561],[27.117,57.562],[27.109,57.565],[27.102,57.566],[27.094,57.572],[27.09,57.572],[27.087,57.577],[27.076,57.577],[27.068,57.581],[27.056,57.582],[27.052,57.581],[27.034,57.585],[27.041,57.588],[27.045,57.597],[27.031,57.605],[26.995,57.605],[26.993,57.611],[26.987,57.61],[26.983,57.612],[26.975,57.613],[26.971,57.605],[26.96,57.606],[26.957,57.605],[26.946,57.603],[26.94,57.609],[26.951,57.615],[26.95,57.621],[26.94,57.62],[26.933,57.624],[26.929,57.627],[26.93,57.631],[26.926,57.633],[26.907,57.633],[26.9,57.631],[26.896,57.626],[26.887,57.622],[26.874,57.619],[26.863,57.615],[26.86,57.611],[26.864,57.608],[26.858,57.601],[26.859,57.596],[26.864,57.594],[26.862,57.592],[26.847,57.589],[26.835,57.583],[26.839,57.578],[26.834,57.576],[26.833,57.572],[26.823,57.571],[26.819,57.566],[26.82,57.563],[26.83,57.561],[26.84,57.558],[26.842,57.543],[26.833,57.541],[26.843,57.53],[26.833,57.525],[26.826,57.52],[26.824,57.51],[26.829,57.507],[26.833,57.508],[26.836,57.504],[26.832,57.5],[26.826,57.5],[26.821,57.498],[26.81,57.499],[26.807,57.497],[26.8,57.498],[26.792,57.501],[26.787,57.501],[26.773,57.494],[26.767,57.489],[26.761,57.491],[26.756,57.486],[26.749,57.488],[26.745,57.485],[26.741,57.484],[26.746,57.477],[26.751,57.475],[26.747,57.471],[26.738,57.47],[26.738,57.463],[26.733,57.459],[26.736,57.455],[26.736,57.448],[26.738,57.445],[26.72,57.425],[26.721,57.412],[26.718,57.413],[26.703,57.417],[26.699,57.419],[26.691,57.418],[26.685,57.419],[26.678,57.418],[26.676,57.414],[26.665,57.415],[26.651,57.414],[26.646,57.415],[26.642,57.414],[26.635,57.418],[26.629,57.42],[26.627,57.416],[26.617,57.412],[26.616,57.406],[26.595,57.397],[26.598,57.389],[26.602,57.376],[26.602,57.37],[26.621,57.364],[26.638,57.355],[26.648,57.353],[26.641,57.348],[26.629,57.343],[26.683,57.333],[26.679,57.321],[26.679,57.318],[26.694,57.313],[26.698,57.31],[26.704,57.308],[26.71,57.307],[26.713,57.304],[26.72,57.306],[26.725,57.305],[26.731,57.307],[26.742,57.308],[26.744,57.311],[26.751,57.313],[26.751,57.317],[26.748,57.323],[26.764,57.327],[26.78,57.325],[26.787,57.319],[26.79,57.314],[26.799,57.311],[26.807,57.316],[26.816,57.317],[26.826,57.316],[26.834,57.313],[26.848,57.318],[26.852,57.313],[26.856,57.313],[26.856,57.303],[26.868,57.296],[26.872,57.296],[26.876,57.3],[26.882,57.3],[26.898,57.303],[26.9,57.305],[26.906,57.302],[26.914,57.302],[26.936,57.305],[26.948,57.304],[26.951,57.305],[26.962,57.305],[26.979,57.306],[26.983,57.303],[26.99,57.303],[26.994,57.3],[27.004,57.296],[27.002,57.293],[27.015,57.291],[27.024,57.285],[27.03,57.284],[27.033,57.281],[27.038,57.28],[27.044,57.281],[27.049,57.276],[27.062,57.273],[27.078,57.274],[27.081,57.27],[27.077,57.264],[27.065,57.264],[27.049,57.26],[27.044,57.252],[27.057,57.249],[27.062,57.249],[27.065,57.246],[27.074,57.245],[27.088,57.245],[27.096,57.243],[27.1,57.24],[27.112,57.24],[27.163,57.227],[27.171,57.225],[27.195,57.231],[27.203,57.24],[27.229,57.233],[27.228,57.235],[27.243,57.253],[27.255,57.247],[27.263,57.252],[27.271,57.251],[27.275,57.248],[27.284,57.25],[27.294,57.252],[27.296,57.255],[27.294,57.261],[27.301,57.266],[27.306,57.267],[27.315,57.271],[27.323,57.278],[27.329,57.281],[27.343,57.282],[27.356,57.287],[27.403,57.254],[27.42,57.254],[27.425,57.258],[27.423,57.26],[27.426,57.264],[27.461,57.264],[27.461,57.283],[27.495,57.282],[27.496,57.265],[27.5,57.265],[27.501,57.261],[27.517,57.257],[27.52,57.259],[27.525,57.265],[27.547,57.265],[27.556,57.262],[27.561,57.265],[27.561,57.28],[27.591,57.279],[27.592,57.307],[27.623,57.31],[27.633,57.308],[27.642,57.31],[27.645,57.315],[27.654,57.318],[27.657,57.322],[27.664,57.324],[27.669,57.322],[27.683,57.324],[27.682,57.328],[27.693,57.331],[27.691,57.371]]]}},{"type":"Feature","properties":{"id":1797392,"maakond_id":104,"name":"Valkas novads","bbox":[25.476,57.499,26.371,57.924]},"geometry":{"type":"Polygon","coordinates":[[[25.703,57.903],[25.692,57.886],[25.681,57.887],[25.68,57.884],[25.676,57.883],[25.685,57.878],[25.685,57.874],[25.681,57.869],[25.683,57.866],[25.678,57.86],[25.68,57.857],[25.664,57.854],[25.653,57.859],[25.642,57.858],[25.637,57.861],[25.623,57.864],[25.617,57.868],[25.618,57.87],[25.612,57.872],[25.612,57.876],[25.606,57.877],[25.594,57.883],[25.588,57.884],[25.576,57.885],[25.576,57.88],[25.57,57.877],[25.559,57.882],[25.546,57.878],[25.541,57.88],[25.532,57.878],[25.532,57.875],[25.529,57.874],[25.531,57.87],[25.524,57.867],[25.521,57.864],[25.507,57.864],[25.503,57.865],[25.494,57.874],[25.485,57.873],[25.484,57.867],[25.476,57.86],[25.484,57.858],[25.489,57.85],[25.494,57.847],[25.509,57.842],[25.512,57.837],[25.52,57.835],[25.522,57.829],[25.533,57.826],[25.541,57.817],[25.544,57.817],[25.552,57.819],[25.56,57.819],[25.571,57.808],[25.568,57.8],[25.554,57.8],[25.549,57.798],[25.545,57.787],[25.559,57.786],[25.567,57.784],[25.576,57.778],[25.587,57.777],[25.59,57.775],[25.604,57.774],[25.624,57.768],[25.63,57.763],[25.634,57.762],[25.635,57.756],[25.648,57.753],[25.654,57.752],[25.657,57.749],[25.666,57.746],[25.677,57.746],[25.68,57.744],[25.69,57.742],[25.693,57.739],[25.701,57.736],[25.722,57.727],[25.728,57.728],[25.736,57.726],[25.749,57.728],[25.759,57.73],[25.772,57.732],[25.774,57.735],[25.785,57.734],[25.798,57.736],[25.802,57.738],[25.812,57.737],[25.821,57.742],[25.829,57.742],[25.839,57.747],[25.846,57.742],[25.836,57.736],[25.841,57.734],[25.828,57.702],[25.84,57.704],[25.849,57.702],[25.86,57.703],[25.856,57.694],[25.857,57.692],[25.855,57.686],[25.876,57.684],[25.929,57.678],[25.927,57.673],[25.937,57.672],[25.938,57.675],[25.979,57.67],[25.982,57.667],[25.988,57.668],[25.994,57.666],[25.991,57.664],[25.993,57.661],[25.988,57.658],[25.985,57.661],[25.975,57.661],[25.975,57.658],[25.98,57.651],[25.976,57.649],[25.978,57.64],[25.973,57.636],[25.967,57.635],[25.962,57.63],[25.964,57.623],[25.959,57.622],[25.953,57.625],[25.946,57.618],[25.944,57.621],[25.937,57.616],[25.936,57.612],[25.921,57.609],[25.913,57.609],[25.915,57.606],[25.907,57.599],[25.897,57.603],[25.891,57.598],[25.883,57.6],[25.873,57.6],[25.87,57.603],[25.86,57.601],[25.852,57.601],[25.856,57.596],[25.862,57.597],[25.876,57.596],[25.878,57.594],[25.9,57.593],[25.904,57.589],[25.916,57.587],[25.916,57.568],[25.913,57.562],[25.897,57.556],[25.889,57.546],[25.885,57.544],[25.877,57.543],[25.873,57.538],[25.878,57.538],[25.884,57.531],[25.894,57.528],[25.898,57.527],[25.903,57.53],[25.91,57.527],[25.918,57.529],[25.922,57.532],[25.933,57.534],[25.943,57.534],[25.953,57.535],[25.955,57.537],[25.961,57.536],[25.964,57.539],[25.965,57.545],[25.967,57.545],[25.977,57.542],[25.982,57.546],[25.983,57.549],[25.993,57.55],[26.019,57.552],[26.04,57.552],[26.049,57.554],[26.055,57.555],[26.064,57.554],[26.069,57.556],[26.074,57.555],[26.079,57.552],[26.094,57.55],[26.102,57.553],[26.112,57.555],[26.112,57.56],[26.128,57.561],[26.133,57.552],[26.14,57.553],[26.141,57.547],[26.144,57.546],[26.149,57.54],[26.172,57.537],[26.174,57.541],[26.183,57.545],[26.207,57.542],[26.209,57.538],[26.225,57.535],[26.235,57.538],[26.254,57.54],[26.252,57.536],[26.244,57.533],[26.234,57.532],[26.23,57.522],[26.236,57.516],[26.24,57.515],[26.244,57.519],[26.262,57.511],[26.27,57.518],[26.278,57.52],[26.283,57.524],[26.296,57.52],[26.307,57.523],[26.312,57.523],[26.315,57.52],[26.319,57.514],[26.312,57.513],[26.306,57.509],[26.31,57.499],[26.363,57.506],[26.368,57.509],[26.371,57.515],[26.368,57.517],[26.35,57.518],[26.347,57.523],[26.343,57.523],[26.349,57.528],[26.34,57.534],[26.329,57.534],[26.334,57.537],[26.339,57.536],[26.344,57.54],[26.342,57.543],[26.334,57.545],[26.336,57.554],[26.359,57.567],[26.365,57.571],[26.361,57.574],[26.357,57.572],[26.353,57.575],[26.348,57.574],[26.343,57.577],[26.338,57.575],[26.333,57.576],[26.335,57.58],[26.326,57.583],[26.317,57.585],[26.312,57.584],[26.309,57.59],[26.311,57.593],[26.301,57.594],[26.29,57.591],[26.284,57.593],[26.284,57.595],[26.274,57.597],[26.273,57.602],[26.266,57.61],[26.251,57.62],[26.247,57.621],[26.254,57.626],[26.249,57.628],[26.241,57.633],[26.248,57.636],[26.242,57.645],[26.234,57.646],[26.233,57.649],[26.243,57.651],[26.234,57.658],[26.228,57.659],[26.212,57.667],[26.211,57.677],[26.212,57.68],[26.202,57.681],[26.196,57.685],[26.185,57.685],[26.179,57.688],[26.189,57.695],[26.199,57.709],[26.206,57.715],[26.197,57.721],[26.186,57.723],[26.181,57.727],[26.173,57.729],[26.143,57.733],[26.137,57.74],[26.142,57.745],[26.136,57.751],[26.123,57.755],[26.109,57.757],[26.079,57.766],[26.075,57.765],[26.071,57.767],[26.059,57.761],[26.051,57.762],[26.045,57.768],[26.034,57.772],[26.024,57.769],[26.02,57.772],[26.027,57.775],[26.027,57.781],[26.025,57.783],[26.029,57.789],[26.033,57.79],[26.036,57.801],[26.039,57.806],[26.038,57.81],[26.05,57.823],[26.058,57.837],[26.058,57.846],[26.056,57.848],[26.036,57.85],[26.021,57.846],[26.011,57.858],[25.999,57.859],[25.982,57.852],[25.962,57.846],[25.932,57.853],[25.896,57.851],[25.888,57.847],[25.884,57.85],[25.887,57.853],[25.886,57.857],[25.877,57.859],[25.876,57.865],[25.859,57.857],[25.852,57.859],[25.82,57.865],[25.785,57.899],[25.788,57.905],[25.773,57.913],[25.752,57.918],[25.737,57.924],[25.727,57.922],[25.721,57.913],[25.703,57.903]]]}},{"type":"Feature","properties":{"id":1797394,"maakond_id":104,"name":"Gulbenes novads","bbox":[25.996,56.944,27.163,57.409]},"geometry":{"type":"Polygon","coordinates":[[[26.109,57.079],[26.114,57.076],[26.124,57.077],[26.13,57.078],[26.14,57.082],[26.151,57.084],[26.16,57.082],[26.177,57.084],[26.189,57.08],[26.191,57.09],[26.202,57.091],[26.206,57.09],[26.219,57.091],[26.228,57.088],[26.238,57.088],[26.241,57.085],[26.247,57.084],[26.255,57.086],[26.262,57.084],[26.272,57.083],[26.281,57.081],[26.294,57.082],[26.307,57.087],[26.306,57.089],[26.32,57.093],[26.319,57.086],[26.325,57.08],[26.328,57.073],[26.336,57.068],[26.343,57.067],[26.348,57.064],[26.349,57.058],[26.361,57.051],[26.371,57.042],[26.38,57.046],[26.39,57.046],[26.412,57.049],[26.419,57.052],[26.426,57.054],[26.427,57.057],[26.432,57.06],[26.44,57.06],[26.442,57.064],[26.451,57.061],[26.454,57.064],[26.465,57.063],[26.479,57.053],[26.496,57.056],[26.5,57.051],[26.499,57.048],[26.514,57.043],[26.52,57.038],[26.546,57.021],[26.548,57.008],[26.544,57.007],[26.556,56.982],[26.56,56.981],[26.563,56.976],[26.559,56.974],[26.567,56.959],[26.57,56.959],[26.568,56.947],[26.582,56.944],[26.582,56.946],[26.609,56.958],[26.645,56.969],[26.662,56.969],[26.667,56.969],[26.675,56.971],[26.684,56.972],[26.688,56.973],[26.69,56.977],[26.695,56.977],[26.698,56.972],[26.709,56.971],[26.723,56.98],[26.728,56.98],[26.734,56.988],[26.738,56.99],[26.746,56.991],[26.755,56.994],[26.77,56.992],[26.781,56.997],[26.789,56.988],[26.814,56.984],[26.829,56.986],[26.833,56.985],[26.855,56.985],[26.863,56.984],[26.864,56.987],[26.869,56.99],[26.868,56.993],[26.871,56.995],[26.87,56.999],[26.876,56.999],[26.872,57.006],[26.859,57.006],[26.862,57.009],[26.858,57.011],[26.856,57.015],[26.865,57.012],[26.87,57.014],[26.868,57.017],[26.862,57.017],[26.862,57.021],[26.866,57.022],[26.873,57.021],[26.876,57.028],[26.88,57.026],[26.886,57.028],[26.88,57.031],[26.883,57.036],[26.888,57.039],[26.895,57.036],[26.899,57.038],[26.909,57.038],[26.929,57.042],[26.938,57.045],[26.949,57.054],[26.965,57.064],[26.972,57.086],[26.976,57.09],[26.989,57.099],[27.039,57.131],[27.05,57.149],[27.068,57.165],[27.086,57.168],[27.088,57.167],[27.1,57.173],[27.103,57.177],[27.1,57.181],[27.117,57.191],[27.122,57.195],[27.13,57.198],[27.131,57.2],[27.141,57.203],[27.142,57.211],[27.148,57.215],[27.156,57.219],[27.163,57.227],[27.112,57.24],[27.1,57.24],[27.096,57.243],[27.088,57.245],[27.074,57.245],[27.065,57.246],[27.062,57.249],[27.057,57.249],[27.044,57.252],[27.049,57.26],[27.065,57.264],[27.077,57.264],[27.081,57.27],[27.078,57.274],[27.062,57.273],[27.049,57.276],[27.044,57.281],[27.038,57.28],[27.033,57.281],[27.03,57.284],[27.024,57.285],[27.015,57.291],[27.002,57.293],[27.004,57.296],[26.994,57.3],[26.99,57.303],[26.983,57.303],[26.979,57.306],[26.962,57.305],[26.951,57.305],[26.948,57.304],[26.936,57.305],[26.914,57.302],[26.906,57.302],[26.9,57.305],[26.898,57.303],[26.882,57.3],[26.876,57.3],[26.872,57.296],[26.868,57.296],[26.856,57.303],[26.856,57.313],[26.852,57.313],[26.848,57.318],[26.834,57.313],[26.826,57.316],[26.816,57.317],[26.807,57.316],[26.799,57.311],[26.79,57.314],[26.787,57.319],[26.78,57.325],[26.764,57.327],[26.748,57.323],[26.751,57.317],[26.751,57.313],[26.744,57.311],[26.742,57.308],[26.731,57.307],[26.725,57.305],[26.72,57.306],[26.713,57.304],[26.71,57.307],[26.704,57.308],[26.698,57.31],[26.694,57.313],[26.679,57.318],[26.679,57.321],[26.683,57.333],[26.629,57.343],[26.641,57.348],[26.648,57.353],[26.638,57.355],[26.621,57.364],[26.602,57.37],[26.602,57.376],[26.598,57.389],[26.574,57.403],[26.55,57.39],[26.541,57.395],[26.534,57.391],[26.529,57.394],[26.524,57.401],[26.528,57.407],[26.524,57.409],[26.518,57.403],[26.508,57.405],[26.496,57.399],[26.48,57.402],[26.481,57.407],[26.469,57.404],[26.473,57.399],[26.471,57.394],[26.472,57.389],[26.477,57.384],[26.475,57.381],[26.483,57.379],[26.483,57.377],[26.489,57.373],[26.43,57.369],[26.432,57.365],[26.428,57.361],[26.428,57.354],[26.42,57.351],[26.415,57.356],[26.406,57.355],[26.39,57.356],[26.387,57.354],[26.387,57.35],[26.395,57.34],[26.403,57.339],[26.41,57.341],[26.412,57.344],[26.419,57.349],[26.425,57.35],[26.431,57.346],[26.43,57.34],[26.433,57.339],[26.436,57.333],[26.441,57.33],[26.354,57.316],[26.275,57.329],[26.272,57.326],[26.276,57.321],[26.285,57.322],[26.291,57.315],[26.287,57.309],[26.278,57.304],[26.273,57.305],[26.269,57.309],[26.253,57.307],[26.251,57.304],[26.252,57.299],[26.256,57.294],[26.268,57.281],[26.221,57.28],[26.184,57.277],[26.16,57.28],[26.155,57.275],[26.141,57.278],[26.137,57.275],[26.126,57.275],[26.124,57.272],[26.113,57.277],[26.104,57.278],[26.091,57.282],[26.085,57.282],[26.081,57.279],[26.067,57.277],[26.06,57.27],[26.05,57.265],[26.055,57.262],[26.054,57.259],[26.059,57.252],[26.058,57.248],[26.053,57.247],[26.043,57.248],[26.033,57.252],[26.028,57.25],[26.022,57.249],[26.004,57.25],[25.996,57.245],[26,57.236],[25.998,57.235],[26.002,57.224],[26.009,57.222],[26.013,57.219],[26.01,57.216],[26.019,57.218],[26.038,57.216],[26.044,57.217],[26.054,57.215],[26.065,57.216],[26.081,57.212],[26.103,57.205],[26.104,57.204],[26.1,57.195],[26.109,57.194],[26.111,57.186],[26.115,57.178],[26.12,57.177],[26.12,57.172],[26.126,57.169],[26.138,57.166],[26.146,57.161],[26.151,57.154],[26.154,57.153],[26.15,57.15],[26.154,57.144],[26.162,57.143],[26.166,57.14],[26.163,57.134],[26.166,57.129],[26.147,57.123],[26.144,57.118],[26.139,57.117],[26.134,57.111],[26.134,57.1],[26.132,57.095],[26.109,57.079]]]}},{"type":"Feature","properties":{"id":13047857,"maakond_id":104,"name":"Cēsu novads","bbox":[24.785,56.926,26.166,57.506]},"geometry":{"type":"Polygon","coordinates":[[[25.146,56.95],[25.153,56.944],[25.166,56.943],[25.175,56.941],[25.183,56.942],[25.2,56.937],[25.216,56.939],[25.222,56.936],[25.241,56.929],[25.251,56.928],[25.256,56.926],[25.26,56.929],[25.258,56.937],[25.245,56.939],[25.249,56.943],[25.259,56.945],[25.262,56.948],[25.254,56.952],[25.256,56.954],[25.264,56.955],[25.272,56.957],[25.282,56.958],[25.282,56.961],[25.278,56.964],[25.285,56.969],[25.303,56.971],[25.301,56.976],[25.302,56.98],[25.32,56.982],[25.331,56.979],[25.336,56.982],[25.349,56.98],[25.358,56.974],[25.355,56.969],[25.362,56.968],[25.365,56.965],[25.366,56.96],[25.372,56.955],[25.375,56.946],[25.372,56.944],[25.375,56.94],[25.38,56.939],[25.387,56.94],[25.388,56.935],[25.396,56.932],[25.4,56.934],[25.413,56.937],[25.419,56.942],[25.426,56.944],[25.428,56.948],[25.431,56.948],[25.437,56.955],[25.431,56.956],[25.435,56.96],[25.455,56.966],[25.465,56.972],[25.464,56.975],[25.455,56.982],[25.444,56.981],[25.436,56.984],[25.435,56.986],[25.449,56.989],[25.451,56.991],[25.466,56.99],[25.47,56.986],[25.47,56.997],[25.491,56.998],[25.507,57],[25.51,56.997],[25.522,56.993],[25.525,56.99],[25.529,56.992],[25.535,56.991],[25.535,56.989],[25.544,56.986],[25.55,56.985],[25.555,56.979],[25.56,56.977],[25.564,56.98],[25.572,56.978],[25.591,56.98],[25.595,56.982],[25.604,56.981],[25.61,56.985],[25.622,56.992],[25.64,56.999],[25.641,56.992],[25.629,56.988],[25.63,56.985],[25.638,56.981],[25.631,56.975],[25.625,56.972],[25.632,56.966],[25.631,56.961],[25.662,56.969],[25.704,56.983],[25.705,56.984],[25.713,57.001],[25.72,57],[25.736,56.995],[25.745,56.998],[25.749,56.993],[25.752,56.988],[25.75,56.986],[25.756,56.981],[25.772,56.978],[25.78,56.975],[25.782,56.978],[25.781,56.982],[25.803,56.987],[25.805,56.989],[25.82,56.984],[25.822,56.977],[25.829,56.976],[25.828,56.972],[25.841,56.969],[25.843,56.968],[25.843,56.961],[25.845,56.959],[25.855,56.959],[25.865,56.961],[25.871,56.959],[25.875,56.961],[25.882,56.959],[25.893,56.965],[25.9,56.964],[25.906,56.967],[25.907,56.97],[25.922,56.971],[25.926,56.973],[25.924,56.987],[25.921,56.988],[25.919,56.995],[25.924,56.994],[25.927,57.001],[25.917,57.005],[25.908,57.006],[25.903,57.01],[25.89,57.007],[25.885,57.009],[25.888,57.013],[25.89,57.02],[25.889,57.022],[25.888,57.031],[25.894,57.036],[25.894,57.043],[25.898,57.045],[25.895,57.05],[25.9,57.057],[25.906,57.061],[25.904,57.063],[25.905,57.068],[25.909,57.071],[25.91,57.077],[25.915,57.08],[25.921,57.091],[25.922,57.098],[25.941,57.1],[25.947,57.102],[25.955,57.102],[25.958,57.098],[25.976,57.092],[25.985,57.092],[25.995,57.084],[26.002,57.081],[26.005,57.082],[26.021,57.082],[26.024,57.078],[26.046,57.078],[26.05,57.079],[26.045,57.087],[26.048,57.091],[26.059,57.095],[26.065,57.094],[26.082,57.089],[26.085,57.087],[26.098,57.084],[26.097,57.082],[26.105,57.079],[26.109,57.079],[26.132,57.095],[26.134,57.1],[26.134,57.111],[26.139,57.117],[26.144,57.118],[26.147,57.123],[26.166,57.129],[26.163,57.134],[26.166,57.14],[26.162,57.143],[26.154,57.144],[26.15,57.15],[26.154,57.153],[26.151,57.154],[26.146,57.161],[26.138,57.166],[26.126,57.169],[26.12,57.172],[26.12,57.177],[26.115,57.178],[26.111,57.186],[26.109,57.194],[26.1,57.195],[26.104,57.204],[26.103,57.205],[26.081,57.212],[26.065,57.216],[26.054,57.215],[26.044,57.217],[26.038,57.216],[26.019,57.218],[26.01,57.216],[26,57.215],[25.993,57.21],[25.98,57.205],[25.978,57.202],[25.972,57.2],[25.964,57.2],[25.961,57.197],[25.947,57.193],[25.939,57.192],[25.93,57.189],[25.921,57.191],[25.918,57.184],[25.913,57.183],[25.91,57.186],[25.903,57.189],[25.896,57.186],[25.882,57.186],[25.872,57.189],[25.86,57.187],[25.856,57.189],[25.854,57.194],[25.845,57.198],[25.834,57.201],[25.83,57.205],[25.825,57.207],[25.822,57.213],[25.807,57.212],[25.805,57.214],[25.783,57.21],[25.773,57.206],[25.764,57.206],[25.761,57.203],[25.755,57.209],[25.744,57.21],[25.744,57.217],[25.743,57.221],[25.746,57.225],[25.75,57.235],[25.753,57.238],[25.753,57.242],[25.756,57.244],[25.749,57.247],[25.747,57.25],[25.75,57.259],[25.758,57.269],[25.763,57.273],[25.757,57.275],[25.747,57.276],[25.739,57.275],[25.725,57.264],[25.72,57.262],[25.715,57.265],[25.707,57.268],[25.709,57.276],[25.689,57.276],[25.684,57.28],[25.677,57.279],[25.664,57.281],[25.659,57.277],[25.65,57.276],[25.642,57.273],[25.634,57.272],[25.631,57.27],[25.615,57.268],[25.613,57.271],[25.606,57.273],[25.6,57.269],[25.59,57.278],[25.594,57.283],[25.602,57.289],[25.594,57.291],[25.588,57.294],[25.584,57.299],[25.576,57.297],[25.558,57.303],[25.565,57.309],[25.555,57.312],[25.551,57.315],[25.55,57.322],[25.547,57.33],[25.549,57.334],[25.542,57.337],[25.541,57.34],[25.53,57.345],[25.512,57.351],[25.512,57.357],[25.508,57.358],[25.51,57.362],[25.508,57.365],[25.518,57.366],[25.521,57.369],[25.529,57.373],[25.537,57.379],[25.544,57.378],[25.55,57.38],[25.56,57.378],[25.566,57.38],[25.569,57.385],[25.582,57.386],[25.587,57.385],[25.583,57.379],[25.604,57.38],[25.607,57.383],[25.611,57.394],[25.611,57.4],[25.623,57.4],[25.629,57.404],[25.633,57.409],[25.628,57.411],[25.634,57.418],[25.641,57.422],[25.64,57.426],[25.651,57.439],[25.663,57.445],[25.668,57.451],[25.658,57.461],[25.655,57.463],[25.665,57.466],[25.646,57.47],[25.638,57.467],[25.607,57.466],[25.597,57.467],[25.588,57.462],[25.577,57.458],[25.568,57.454],[25.555,57.452],[25.557,57.448],[25.556,57.441],[25.552,57.436],[25.545,57.433],[25.528,57.431],[25.52,57.438],[25.515,57.451],[25.506,57.454],[25.5,57.452],[25.49,57.451],[25.486,57.447],[25.477,57.445],[25.47,57.44],[25.462,57.44],[25.455,57.438],[25.45,57.442],[25.447,57.441],[25.441,57.441],[25.44,57.444],[25.433,57.446],[25.424,57.446],[25.413,57.449],[25.407,57.444],[25.4,57.444],[25.395,57.44],[25.399,57.439],[25.408,57.439],[25.406,57.435],[25.398,57.429],[25.388,57.429],[25.387,57.425],[25.393,57.419],[25.395,57.413],[25.4,57.412],[25.399,57.409],[25.394,57.407],[25.395,57.404],[25.39,57.401],[25.383,57.399],[25.389,57.393],[25.389,57.388],[25.38,57.39],[25.377,57.384],[25.361,57.39],[25.355,57.384],[25.345,57.385],[25.355,57.392],[25.349,57.395],[25.339,57.401],[25.327,57.401],[25.33,57.406],[25.329,57.41],[25.318,57.411],[25.309,57.408],[25.312,57.404],[25.308,57.399],[25.289,57.395],[25.286,57.4],[25.272,57.398],[25.267,57.406],[25.259,57.41],[25.254,57.417],[25.247,57.414],[25.242,57.418],[25.224,57.424],[25.223,57.416],[25.221,57.412],[25.212,57.413],[25.2,57.411],[25.192,57.415],[25.185,57.423],[25.185,57.431],[25.176,57.436],[25.172,57.44],[25.161,57.448],[25.134,57.453],[25.137,57.458],[25.135,57.467],[25.141,57.473],[25.144,57.479],[25.142,57.486],[25.128,57.489],[25.121,57.496],[25.115,57.494],[25.111,57.491],[25.102,57.49],[25.09,57.489],[25.078,57.499],[25.076,57.502],[25.061,57.506],[25.058,57.497],[25.047,57.498],[25.045,57.495],[25.057,57.493],[25.066,57.491],[25.065,57.488],[25.059,57.485],[25.054,57.48],[25.048,57.481],[25.04,57.477],[25.036,57.481],[25.031,57.482],[25.023,57.482],[25.018,57.48],[25.019,57.477],[25.01,57.477],[25.008,57.475],[25.012,57.469],[25.01,57.466],[24.993,57.47],[24.986,57.464],[24.991,57.462],[24.993,57.458],[24.98,57.458],[24.98,57.456],[24.961,57.453],[24.963,57.45],[24.944,57.445],[24.912,57.429],[24.906,57.431],[24.895,57.431],[24.887,57.427],[24.873,57.421],[24.865,57.412],[24.849,57.415],[24.851,57.417],[24.836,57.421],[24.831,57.421],[24.811,57.429],[24.806,57.425],[24.796,57.43],[24.788,57.429],[24.785,57.422],[24.795,57.418],[24.79,57.415],[24.789,57.412],[24.797,57.411],[24.805,57.415],[24.826,57.409],[24.834,57.408],[24.841,57.404],[24.838,57.4],[24.857,57.388],[24.851,57.384],[24.847,57.379],[24.86,57.376],[24.861,57.373],[24.859,57.371],[24.861,57.366],[24.867,57.363],[24.872,57.356],[24.874,57.349],[24.888,57.347],[24.884,57.341],[24.885,57.337],[24.894,57.337],[24.911,57.334],[24.912,57.333],[24.902,57.328],[24.906,57.324],[24.904,57.32],[24.9,57.32],[24.893,57.316],[24.889,57.315],[24.895,57.311],[24.901,57.31],[24.9,57.306],[24.909,57.303],[24.903,57.299],[24.91,57.296],[24.92,57.297],[24.922,57.292],[24.929,57.289],[24.93,57.285],[24.935,57.286],[24.941,57.284],[24.952,57.278],[24.949,57.275],[24.95,57.269],[24.942,57.266],[24.944,57.254],[24.942,57.251],[24.932,57.248],[24.928,57.244],[24.922,57.243],[24.922,57.241],[24.926,57.237],[24.918,57.232],[24.902,57.226],[24.902,57.221],[24.905,57.219],[24.914,57.22],[24.929,57.219],[24.938,57.215],[24.956,57.204],[24.961,57.2],[24.974,57.194],[24.974,57.191],[24.983,57.179],[24.981,57.172],[24.974,57.161],[24.979,57.16],[24.986,57.15],[24.978,57.147],[24.983,57.145],[24.98,57.143],[24.974,57.147],[24.971,57.144],[24.974,57.14],[24.981,57.138],[24.985,57.132],[24.991,57.129],[24.993,57.126],[25.024,57.127],[25.029,57.125],[25.034,57.13],[25.046,57.131],[25.059,57.123],[25.088,57.129],[25.098,57.113],[25.105,57.111],[25.109,57.107],[25.108,57.105],[25.12,57.098],[25.121,57.095],[25.13,57.095],[25.133,57.091],[25.138,57.088],[25.149,57.085],[25.157,57.081],[25.144,57.078],[25.135,57.078],[25.131,57.075],[25.133,57.072],[25.13,57.07],[25.117,57.072],[25.107,57.065],[25.107,57.06],[25.112,57.055],[25.12,57.052],[25.122,57.048],[25.13,57.048],[25.135,57.045],[25.136,57.041],[25.128,57.035],[25.131,57.031],[25.144,57.028],[25.14,57.021],[25.135,57.014],[25.146,57.011],[25.132,57.001],[25.141,56.998],[25.136,56.996],[25.143,56.991],[25.142,56.989],[25.132,56.986],[25.129,56.985],[25.131,56.981],[25.138,56.979],[25.141,56.974],[25.15,56.972],[25.145,56.968],[25.14,56.958],[25.146,56.95]]]}},{"type":"Feature","properties":{"id":13047858,"maakond_id":103,"name":"Siguldas novads","bbox":[24.498,56.923,25.157,57.41]},"geometry":{"type":"Polygon","coordinates":[[[24.509,57.108],[24.503,57.106],[24.498,57.101],[24.505,57.1],[24.508,57.097],[24.52,57.103],[24.523,57.106],[24.529,57.104],[24.534,57.1],[24.55,57.096],[24.554,57.096],[24.564,57.1],[24.562,57.093],[24.542,57.087],[24.545,57.083],[24.559,57.086],[24.562,57.082],[24.565,57.075],[24.555,57.073],[24.56,57.07],[24.569,57.069],[24.578,57.063],[24.586,57.06],[24.608,57.06],[24.618,57.063],[24.629,57.063],[24.641,57.053],[24.65,57.044],[24.661,57.027],[24.656,57.024],[24.656,57.02],[24.675,57.014],[24.688,57.008],[24.696,57.006],[24.701,57.001],[24.714,56.995],[24.727,56.995],[24.746,56.998],[24.761,56.997],[24.77,57],[24.784,56.993],[24.817,56.989],[24.817,56.974],[24.818,56.965],[24.82,56.961],[24.806,56.945],[24.787,56.938],[24.788,56.936],[24.802,56.933],[24.814,56.938],[24.828,56.934],[24.841,56.932],[24.844,56.93],[24.854,56.932],[24.87,56.926],[24.889,56.924],[24.897,56.923],[24.9,56.93],[24.906,56.932],[24.91,56.931],[24.916,56.934],[24.925,56.939],[24.94,56.936],[24.949,56.945],[24.956,56.947],[24.964,56.941],[24.967,56.941],[24.976,56.933],[24.989,56.932],[24.993,56.929],[25.013,56.946],[25.023,56.94],[25.041,56.937],[25.055,56.936],[25.061,56.937],[25.071,56.943],[25.081,56.943],[25.082,56.944],[25.094,56.942],[25.103,56.945],[25.11,56.944],[25.113,56.946],[25.123,56.941],[25.126,56.944],[25.146,56.95],[25.14,56.958],[25.145,56.968],[25.15,56.972],[25.141,56.974],[25.138,56.979],[25.131,56.981],[25.129,56.985],[25.132,56.986],[25.142,56.989],[25.143,56.991],[25.136,56.996],[25.141,56.998],[25.132,57.001],[25.146,57.011],[25.135,57.014],[25.14,57.021],[25.144,57.028],[25.131,57.031],[25.128,57.035],[25.136,57.041],[25.135,57.045],[25.13,57.048],[25.122,57.048],[25.12,57.052],[25.112,57.055],[25.107,57.06],[25.107,57.065],[25.117,57.072],[25.13,57.07],[25.133,57.072],[25.131,57.075],[25.135,57.078],[25.144,57.078],[25.157,57.081],[25.149,57.085],[25.138,57.088],[25.133,57.091],[25.13,57.095],[25.121,57.095],[25.12,57.098],[25.108,57.105],[25.109,57.107],[25.105,57.111],[25.098,57.113],[25.088,57.129],[25.059,57.123],[25.046,57.131],[25.034,57.13],[25.029,57.125],[25.024,57.127],[24.993,57.126],[24.991,57.129],[24.985,57.132],[24.981,57.138],[24.974,57.14],[24.971,57.144],[24.974,57.147],[24.98,57.143],[24.983,57.145],[24.978,57.147],[24.986,57.15],[24.979,57.16],[24.974,57.161],[24.981,57.172],[24.983,57.179],[24.974,57.191],[24.974,57.194],[24.961,57.2],[24.956,57.204],[24.938,57.215],[24.929,57.219],[24.914,57.22],[24.905,57.219],[24.902,57.221],[24.902,57.226],[24.918,57.232],[24.926,57.237],[24.922,57.241],[24.922,57.243],[24.928,57.244],[24.932,57.248],[24.942,57.251],[24.944,57.254],[24.942,57.266],[24.95,57.269],[24.949,57.275],[24.952,57.278],[24.941,57.284],[24.935,57.286],[24.93,57.285],[24.929,57.289],[24.922,57.292],[24.92,57.297],[24.91,57.296],[24.903,57.299],[24.909,57.303],[24.9,57.306],[24.901,57.31],[24.895,57.311],[24.889,57.315],[24.893,57.316],[24.9,57.32],[24.904,57.32],[24.906,57.324],[24.902,57.328],[24.912,57.333],[24.911,57.334],[24.894,57.337],[24.885,57.337],[24.884,57.341],[24.888,57.347],[24.874,57.349],[24.872,57.356],[24.867,57.363],[24.861,57.366],[24.859,57.371],[24.861,57.373],[24.86,57.376],[24.847,57.379],[24.851,57.384],[24.765,57.388],[24.758,57.393],[24.765,57.404],[24.762,57.405],[24.76,57.41],[24.755,57.409],[24.753,57.406],[24.748,57.406],[24.74,57.402],[24.741,57.397],[24.734,57.398],[24.733,57.393],[24.727,57.391],[24.711,57.39],[24.708,57.388],[24.701,57.388],[24.7,57.383],[24.714,57.35],[24.714,57.346],[24.702,57.339],[24.708,57.338],[24.71,57.335],[24.694,57.333],[24.696,57.327],[24.688,57.327],[24.677,57.329],[24.677,57.323],[24.671,57.32],[24.655,57.317],[24.651,57.31],[24.648,57.308],[24.65,57.305],[24.656,57.299],[24.662,57.3],[24.671,57.295],[24.674,57.297],[24.684,57.298],[24.692,57.292],[24.69,57.288],[24.701,57.265],[24.709,57.247],[24.701,57.245],[24.706,57.242],[24.706,57.238],[24.713,57.238],[24.716,57.24],[24.725,57.24],[24.719,57.235],[24.718,57.231],[24.714,57.228],[24.689,57.221],[24.679,57.223],[24.679,57.213],[24.662,57.213],[24.662,57.205],[24.617,57.206],[24.628,57.194],[24.626,57.183],[24.628,57.178],[24.654,57.181],[24.662,57.178],[24.666,57.175],[24.674,57.174],[24.683,57.171],[24.685,57.168],[24.68,57.167],[24.677,57.16],[24.678,57.155],[24.682,57.15],[24.678,57.139],[24.662,57.128],[24.662,57.125],[24.649,57.13],[24.636,57.133],[24.623,57.132],[24.616,57.133],[24.607,57.136],[24.596,57.137],[24.583,57.136],[24.573,57.14],[24.564,57.137],[24.562,57.13],[24.552,57.123],[24.541,57.12],[24.536,57.117],[24.526,57.115],[24.509,57.108]]]}},{"type":"Feature","properties":{"id":13047859,"maakond_id":103,"name":"Mārupes novads","bbox":[23.494,56.801,24.082,56.989]},"geometry":{"type":"Polygon","coordinates":[[[24.071,56.879],[24.075,56.888],[24.074,56.894],[24.082,56.905],[24.076,56.906],[24.077,56.909],[24.046,56.913],[24.042,56.918],[24.04,56.927],[24.026,56.927],[24.015,56.929],[23.997,56.927],[23.993,56.929],[23.977,56.936],[23.971,56.936],[23.967,56.933],[23.949,56.941],[23.946,56.944],[23.971,56.953],[23.958,56.956],[23.961,56.959],[23.977,56.96],[23.991,56.963],[23.995,56.963],[24.012,56.972],[23.989,56.981],[23.995,56.983],[24.007,56.982],[24.012,56.985],[24.01,56.988],[24.002,56.988],[23.988,56.989],[23.982,56.987],[23.971,56.986],[23.965,56.986],[23.955,56.981],[23.952,56.978],[23.93,56.968],[23.919,56.965],[23.913,56.963],[23.908,56.963],[23.906,56.967],[23.895,56.969],[23.882,56.966],[23.88,56.964],[23.872,56.965],[23.84,56.957],[23.83,56.954],[23.817,56.952],[23.809,56.957],[23.809,56.963],[23.804,56.968],[23.796,56.97],[23.782,56.97],[23.776,56.968],[23.777,56.962],[23.786,56.955],[23.783,56.951],[23.777,56.949],[23.769,56.948],[23.749,56.948],[23.743,56.946],[23.739,56.942],[23.723,56.94],[23.705,56.941],[23.697,56.941],[23.691,56.934],[23.685,56.932],[23.658,56.931],[23.65,56.931],[23.645,56.933],[23.641,56.939],[23.637,56.941],[23.625,56.941],[23.619,56.938],[23.612,56.931],[23.606,56.927],[23.606,56.925],[23.585,56.924],[23.55,56.925],[23.543,56.929],[23.534,56.93],[23.534,56.927],[23.494,56.933],[23.494,56.932],[23.501,56.909],[23.506,56.893],[23.54,56.896],[23.544,56.892],[23.595,56.894],[23.597,56.887],[23.603,56.885],[23.61,56.884],[23.618,56.887],[23.627,56.893],[23.642,56.883],[23.645,56.878],[23.651,56.879],[23.675,56.871],[23.701,56.861],[23.712,56.856],[23.719,56.832],[23.727,56.833],[23.731,56.821],[23.742,56.822],[23.744,56.819],[23.743,56.815],[23.755,56.816],[23.759,56.807],[23.763,56.808],[23.769,56.808],[23.765,56.801],[23.773,56.802],[23.777,56.807],[23.782,56.811],[23.779,56.821],[23.793,56.823],[23.816,56.814],[23.834,56.806],[23.849,56.817],[23.889,56.844],[23.897,56.844],[23.902,56.847],[23.915,56.844],[23.944,56.855],[23.958,56.849],[23.969,56.857],[23.976,56.858],[24.009,56.849],[24.016,56.849],[24.021,56.855],[24.038,56.855],[24.044,56.857],[24.058,56.877],[24.062,56.879],[24.071,56.879]]]}},{"type":"Feature","properties":{"id":13047860,"maakond_id":103,"name":"Ropažu novads","bbox":[24.153,56.87,24.82,57.106]},"geometry":{"type":"Polygon","coordinates":[[[24.153,57.056],[24.164,57.054],[24.175,57.054],[24.182,57.053],[24.187,57.054],[24.19,57.045],[24.197,57.045],[24.199,57.04],[24.194,57.039],[24.199,57.035],[24.194,57.034],[24.198,57.026],[24.21,57.019],[24.213,57.017],[24.259,57.01],[24.263,57.009],[24.272,57.01],[24.281,57.004],[24.281,56.995],[24.292,56.991],[24.306,56.987],[24.308,56.983],[24.305,56.98],[24.314,56.978],[24.317,56.974],[24.323,56.971],[24.324,56.968],[24.318,56.966],[24.314,56.967],[24.305,56.962],[24.287,56.955],[24.284,56.957],[24.27,56.957],[24.268,56.954],[24.27,56.951],[24.263,56.949],[24.258,56.952],[24.253,56.954],[24.244,56.943],[24.241,56.942],[24.233,56.937],[24.235,56.936],[24.238,56.923],[24.237,56.913],[24.234,56.902],[24.228,56.897],[24.249,56.886],[24.245,56.883],[24.275,56.87],[24.281,56.873],[24.275,56.876],[24.272,56.882],[24.254,56.905],[24.255,56.912],[24.263,56.914],[24.262,56.919],[24.271,56.92],[24.306,56.921],[24.33,56.919],[24.346,56.916],[24.341,56.911],[24.336,56.909],[24.331,56.904],[24.333,56.902],[24.341,56.901],[24.346,56.898],[24.355,56.904],[24.363,56.905],[24.365,56.908],[24.364,56.915],[24.371,56.917],[24.377,56.919],[24.396,56.919],[24.402,56.92],[24.456,56.925],[24.451,56.922],[24.465,56.915],[24.452,56.907],[24.465,56.905],[24.469,56.901],[24.473,56.9],[24.482,56.903],[24.493,56.902],[24.498,56.903],[24.498,56.904],[24.512,56.905],[24.516,56.899],[24.526,56.904],[24.529,56.903],[24.542,56.902],[24.544,56.905],[24.551,56.904],[24.564,56.907],[24.577,56.891],[24.61,56.889],[24.646,56.893],[24.731,56.9],[24.728,56.911],[24.736,56.911],[24.753,56.914],[24.76,56.912],[24.769,56.918],[24.802,56.933],[24.788,56.936],[24.787,56.938],[24.806,56.945],[24.82,56.961],[24.818,56.965],[24.817,56.974],[24.817,56.989],[24.784,56.993],[24.77,57],[24.761,56.997],[24.746,56.998],[24.727,56.995],[24.714,56.995],[24.701,57.001],[24.696,57.006],[24.688,57.008],[24.675,57.014],[24.656,57.02],[24.656,57.024],[24.661,57.027],[24.65,57.044],[24.641,57.053],[24.629,57.063],[24.618,57.063],[24.608,57.06],[24.586,57.06],[24.578,57.063],[24.569,57.069],[24.56,57.07],[24.555,57.073],[24.565,57.075],[24.562,57.082],[24.559,57.086],[24.545,57.083],[24.542,57.087],[24.562,57.093],[24.564,57.1],[24.554,57.096],[24.55,57.096],[24.534,57.1],[24.529,57.104],[24.523,57.106],[24.52,57.103],[24.508,57.097],[24.49,57.089],[24.475,57.084],[24.475,57.082],[24.469,57.081],[24.464,57.075],[24.457,57.072],[24.448,57.071],[24.436,57.073],[24.426,57.072],[24.424,57.069],[24.416,57.068],[24.412,57.066],[24.393,57.064],[24.385,57.06],[24.381,57.057],[24.374,57.059],[24.363,57.062],[24.358,57.055],[24.349,57.051],[24.343,57.051],[24.339,57.044],[24.332,57.037],[24.316,57.03],[24.314,57.027],[24.282,57.035],[24.264,57.041],[24.253,57.042],[24.242,57.067],[24.233,57.067],[24.226,57.074],[24.208,57.07],[24.153,57.056]]]}},{"type":"Feature","properties":{"id":13047861,"maakond_id":103,"name":"Ādažu novads","bbox":[24.117,57.027,24.509,57.196]},"geometry":{"type":"Polygon","coordinates":[[[24.153,57.056],[24.208,57.07],[24.226,57.074],[24.233,57.067],[24.242,57.067],[24.253,57.042],[24.264,57.041],[24.282,57.035],[24.314,57.027],[24.316,57.03],[24.332,57.037],[24.339,57.044],[24.343,57.051],[24.349,57.051],[24.358,57.055],[24.363,57.062],[24.374,57.059],[24.381,57.057],[24.385,57.06],[24.393,57.064],[24.412,57.066],[24.416,57.068],[24.424,57.069],[24.426,57.072],[24.436,57.073],[24.448,57.071],[24.457,57.072],[24.464,57.075],[24.469,57.081],[24.475,57.082],[24.475,57.084],[24.49,57.089],[24.508,57.097],[24.505,57.1],[24.498,57.101],[24.503,57.106],[24.509,57.108],[24.493,57.134],[24.465,57.183],[24.452,57.182],[24.445,57.185],[24.439,57.185],[24.43,57.187],[24.41,57.183],[24.391,57.181],[24.389,57.185],[24.364,57.184],[24.358,57.188],[24.352,57.189],[24.347,57.187],[24.338,57.188],[24.339,57.196],[24.326,57.188],[24.301,57.175],[24.269,57.162],[24.267,57.159],[24.262,57.159],[24.251,57.151],[24.234,57.139],[24.219,57.129],[24.206,57.122],[24.182,57.111],[24.169,57.105],[24.137,57.092],[24.119,57.086],[24.121,57.083],[24.117,57.082],[24.122,57.078],[24.127,57.075],[24.136,57.077],[24.143,57.069],[24.142,57.065],[24.145,57.062],[24.15,57.063],[24.153,57.056]]]}},{"type":"Feature","properties":{"id":13047862,"maakond_id":103,"name":"Saulkrastu novads","bbox":[24.338,57.108,24.685,57.35]},"geometry":{"type":"Polygon","coordinates":[[[24.679,57.223],[24.675,57.224],[24.668,57.232],[24.656,57.232],[24.646,57.232],[24.634,57.241],[24.634,57.249],[24.63,57.252],[24.639,57.258],[24.638,57.267],[24.635,57.269],[24.629,57.27],[24.612,57.274],[24.604,57.276],[24.598,57.285],[24.596,57.289],[24.584,57.294],[24.576,57.292],[24.57,57.293],[24.574,57.298],[24.573,57.301],[24.58,57.308],[24.573,57.309],[24.573,57.317],[24.56,57.321],[24.553,57.318],[24.54,57.32],[24.526,57.315],[24.513,57.311],[24.473,57.302],[24.475,57.299],[24.467,57.298],[24.468,57.301],[24.458,57.302],[24.439,57.3],[24.436,57.293],[24.421,57.294],[24.421,57.299],[24.424,57.304],[24.429,57.316],[24.43,57.32],[24.427,57.323],[24.428,57.326],[24.423,57.332],[24.416,57.335],[24.407,57.349],[24.403,57.35],[24.405,57.342],[24.404,57.336],[24.403,57.319],[24.4,57.315],[24.408,57.313],[24.409,57.31],[24.406,57.303],[24.408,57.294],[24.412,57.287],[24.412,57.271],[24.408,57.262],[24.397,57.243],[24.388,57.233],[24.38,57.225],[24.363,57.211],[24.339,57.196],[24.338,57.188],[24.347,57.187],[24.352,57.189],[24.358,57.188],[24.364,57.184],[24.389,57.185],[24.391,57.181],[24.41,57.183],[24.43,57.187],[24.439,57.185],[24.445,57.185],[24.452,57.182],[24.465,57.183],[24.493,57.134],[24.509,57.108],[24.526,57.115],[24.536,57.117],[24.541,57.12],[24.552,57.123],[24.562,57.13],[24.564,57.137],[24.573,57.14],[24.583,57.136],[24.596,57.137],[24.607,57.136],[24.616,57.133],[24.623,57.132],[24.636,57.133],[24.649,57.13],[24.662,57.125],[24.662,57.128],[24.678,57.139],[24.682,57.15],[24.678,57.155],[24.677,57.16],[24.68,57.167],[24.685,57.168],[24.683,57.171],[24.674,57.174],[24.666,57.175],[24.662,57.178],[24.654,57.181],[24.628,57.178],[24.626,57.183],[24.628,57.194],[24.617,57.206],[24.662,57.205],[24.662,57.213],[24.679,57.213],[24.679,57.223]]]}},{"type":"Feature","properties":{"id":13047863,"maakond_id":104,"name":"Madonas novads","bbox":[25.483,56.535,26.991,57.102]},"geometry":{"type":"Polygon","coordinates":[[[26.863,56.984],[26.855,56.985],[26.833,56.985],[26.829,56.986],[26.814,56.984],[26.789,56.988],[26.781,56.997],[26.77,56.992],[26.755,56.994],[26.746,56.991],[26.738,56.99],[26.734,56.988],[26.728,56.98],[26.723,56.98],[26.709,56.971],[26.698,56.972],[26.695,56.977],[26.69,56.977],[26.688,56.973],[26.684,56.972],[26.675,56.971],[26.667,56.969],[26.662,56.969],[26.645,56.969],[26.609,56.958],[26.582,56.946],[26.582,56.944],[26.568,56.947],[26.57,56.959],[26.567,56.959],[26.559,56.974],[26.563,56.976],[26.56,56.981],[26.556,56.982],[26.544,57.007],[26.548,57.008],[26.546,57.021],[26.52,57.038],[26.514,57.043],[26.499,57.048],[26.5,57.051],[26.496,57.056],[26.479,57.053],[26.465,57.063],[26.454,57.064],[26.451,57.061],[26.442,57.064],[26.44,57.06],[26.432,57.06],[26.427,57.057],[26.426,57.054],[26.419,57.052],[26.412,57.049],[26.39,57.046],[26.38,57.046],[26.371,57.042],[26.361,57.051],[26.349,57.058],[26.348,57.064],[26.343,57.067],[26.336,57.068],[26.328,57.073],[26.325,57.08],[26.319,57.086],[26.32,57.093],[26.306,57.089],[26.307,57.087],[26.294,57.082],[26.281,57.081],[26.272,57.083],[26.262,57.084],[26.255,57.086],[26.247,57.084],[26.241,57.085],[26.238,57.088],[26.228,57.088],[26.219,57.091],[26.206,57.09],[26.202,57.091],[26.191,57.09],[26.189,57.08],[26.177,57.084],[26.16,57.082],[26.151,57.084],[26.14,57.082],[26.13,57.078],[26.124,57.077],[26.114,57.076],[26.109,57.079],[26.105,57.079],[26.097,57.082],[26.098,57.084],[26.085,57.087],[26.082,57.089],[26.065,57.094],[26.059,57.095],[26.048,57.091],[26.045,57.087],[26.05,57.079],[26.046,57.078],[26.024,57.078],[26.021,57.082],[26.005,57.082],[26.002,57.081],[25.995,57.084],[25.985,57.092],[25.976,57.092],[25.958,57.098],[25.955,57.102],[25.947,57.102],[25.941,57.1],[25.922,57.098],[25.921,57.091],[25.915,57.08],[25.91,57.077],[25.909,57.071],[25.905,57.068],[25.904,57.063],[25.906,57.061],[25.9,57.057],[25.895,57.05],[25.898,57.045],[25.894,57.043],[25.894,57.036],[25.888,57.031],[25.889,57.022],[25.89,57.02],[25.888,57.013],[25.885,57.009],[25.89,57.007],[25.903,57.01],[25.908,57.006],[25.917,57.005],[25.927,57.001],[25.924,56.994],[25.919,56.995],[25.921,56.988],[25.924,56.987],[25.926,56.973],[25.922,56.971],[25.907,56.97],[25.906,56.967],[25.9,56.964],[25.893,56.965],[25.882,56.959],[25.875,56.961],[25.871,56.959],[25.865,56.961],[25.855,56.959],[25.845,56.959],[25.843,56.961],[25.843,56.968],[25.841,56.969],[25.828,56.972],[25.829,56.976],[25.822,56.977],[25.82,56.984],[25.805,56.989],[25.803,56.987],[25.781,56.982],[25.782,56.978],[25.78,56.975],[25.772,56.978],[25.756,56.981],[25.75,56.986],[25.752,56.988],[25.749,56.993],[25.745,56.998],[25.736,56.995],[25.72,57],[25.713,57.001],[25.705,56.984],[25.704,56.983],[25.662,56.969],[25.631,56.961],[25.632,56.966],[25.625,56.972],[25.631,56.975],[25.638,56.981],[25.63,56.985],[25.629,56.988],[25.641,56.992],[25.64,56.999],[25.622,56.992],[25.61,56.985],[25.604,56.981],[25.595,56.982],[25.591,56.98],[25.572,56.978],[25.564,56.98],[25.56,56.977],[25.555,56.979],[25.55,56.985],[25.544,56.986],[25.535,56.989],[25.535,56.991],[25.529,56.992],[25.525,56.99],[25.522,56.993],[25.51,56.997],[25.507,57],[25.491,56.998],[25.489,56.997],[25.489,56.99],[25.487,56.983],[25.496,56.984],[25.503,56.983],[25.508,56.984],[25.519,56.971],[25.511,56.962],[25.51,56.959],[25.519,56.958],[25.52,56.951],[25.523,56.947],[25.52,56.941],[25.526,56.937],[25.537,56.933],[25.539,56.931],[25.535,56.925],[25.539,56.922],[25.536,56.917],[25.529,56.912],[25.516,56.907],[25.515,56.903],[25.51,56.896],[25.515,56.891],[25.529,56.89],[25.535,56.887],[25.536,56.878],[25.542,56.877],[25.547,56.875],[25.545,56.873],[25.535,56.875],[25.528,56.874],[25.512,56.868],[25.507,56.871],[25.502,56.867],[25.496,56.869],[25.489,56.867],[25.483,56.864],[25.488,56.86],[25.485,56.856],[25.486,56.849],[25.493,56.849],[25.502,56.845],[25.509,56.845],[25.499,56.836],[25.505,56.834],[25.508,56.827],[25.506,56.823],[25.508,56.818],[25.506,56.815],[25.517,56.814],[25.52,56.81],[25.534,56.807],[25.541,56.802],[25.553,56.8],[25.563,56.806],[25.569,56.806],[25.574,56.808],[25.585,56.808],[25.588,56.809],[25.606,56.808],[25.611,56.804],[25.619,56.805],[25.638,56.795],[25.646,56.794],[25.649,56.791],[25.649,56.787],[25.657,56.79],[25.659,56.788],[25.673,56.788],[25.676,56.785],[25.671,56.778],[25.672,56.776],[25.681,56.77],[25.687,56.77],[25.706,56.769],[25.718,56.775],[25.728,56.775],[25.735,56.775],[25.74,56.78],[25.733,56.785],[25.731,56.791],[25.738,56.796],[25.744,56.802],[25.753,56.806],[25.754,56.809],[25.745,56.818],[25.736,56.818],[25.737,56.822],[25.745,56.824],[25.753,56.826],[25.755,56.827],[25.765,56.829],[25.766,56.824],[25.775,56.819],[25.78,56.819],[25.786,56.813],[25.801,56.807],[25.803,56.799],[25.808,56.797],[25.821,56.799],[25.836,56.795],[25.84,56.791],[25.84,56.783],[25.845,56.781],[25.844,56.777],[25.85,56.771],[25.85,56.764],[25.841,56.761],[25.836,56.756],[25.832,56.755],[25.818,56.746],[25.821,56.74],[25.824,56.739],[25.826,56.735],[25.833,56.733],[25.832,56.725],[25.833,56.719],[25.829,56.716],[25.837,56.709],[25.849,56.703],[25.862,56.699],[25.872,56.7],[25.88,56.697],[25.886,56.694],[25.899,56.695],[25.9,56.698],[25.909,56.699],[25.925,56.694],[25.925,56.689],[25.936,56.689],[25.939,56.685],[25.949,56.681],[25.932,56.668],[25.925,56.666],[25.911,56.666],[25.912,56.655],[25.919,56.655],[25.933,56.653],[25.931,56.644],[25.933,56.641],[25.941,56.644],[25.95,56.646],[25.956,56.648],[25.958,56.653],[25.956,56.657],[25.967,56.662],[25.979,56.664],[25.983,56.664],[25.985,56.658],[25.994,56.642],[26.001,56.643],[26.014,56.639],[26.021,56.635],[26.016,56.629],[26.014,56.629],[26.026,56.618],[26.036,56.621],[26.042,56.625],[26.065,56.631],[26.072,56.637],[26.073,56.64],[26.083,56.641],[26.086,56.644],[26.099,56.645],[26.11,56.649],[26.122,56.652],[26.136,56.657],[26.14,56.653],[26.152,56.647],[26.158,56.639],[26.165,56.645],[26.187,56.644],[26.196,56.648],[26.212,56.632],[26.198,56.628],[26.2,56.627],[26.205,56.615],[26.218,56.606],[26.219,56.604],[26.228,56.607],[26.241,56.614],[26.244,56.615],[26.251,56.612],[26.256,56.616],[26.266,56.62],[26.274,56.619],[26.284,56.61],[26.277,56.603],[26.285,56.602],[26.282,56.591],[26.283,56.585],[26.308,56.591],[26.323,56.597],[26.328,56.6],[26.337,56.6],[26.348,56.605],[26.357,56.613],[26.356,56.617],[26.361,56.62],[26.366,56.622],[26.378,56.641],[26.391,56.641],[26.402,56.633],[26.425,56.624],[26.465,56.608],[26.489,56.6],[26.594,56.595],[26.599,56.593],[26.591,56.59],[26.591,56.58],[26.591,56.574],[26.586,56.571],[26.585,56.568],[26.578,56.563],[26.577,56.56],[26.578,56.556],[26.584,56.553],[26.581,56.551],[26.588,56.548],[26.602,56.555],[26.608,56.558],[26.611,56.55],[26.618,56.54],[26.625,56.54],[26.634,56.54],[26.663,56.541],[26.693,56.546],[26.714,56.546],[26.724,56.542],[26.727,56.539],[26.725,56.536],[26.736,56.535],[26.743,56.543],[26.745,56.55],[26.741,56.556],[26.744,56.561],[26.747,56.564],[26.729,56.571],[26.723,56.578],[26.728,56.578],[26.735,56.586],[26.731,56.589],[26.738,56.595],[26.745,56.598],[26.762,56.598],[26.77,56.601],[26.782,56.603],[26.78,56.606],[26.792,56.609],[26.785,56.615],[26.779,56.616],[26.774,56.621],[26.777,56.625],[26.772,56.635],[26.774,56.639],[26.78,56.642],[26.789,56.648],[26.78,56.651],[26.778,56.654],[26.774,56.658],[26.779,56.661],[26.778,56.665],[26.773,56.668],[26.774,56.672],[26.768,56.678],[26.777,56.678],[26.775,56.682],[26.778,56.688],[26.783,56.691],[26.783,56.696],[26.791,56.701],[26.794,56.705],[26.786,56.712],[26.778,56.713],[26.787,56.721],[26.79,56.722],[26.839,56.761],[26.856,56.775],[26.892,56.803],[26.909,56.816],[26.916,56.825],[26.925,56.831],[26.934,56.833],[26.939,56.835],[26.943,56.841],[26.95,56.846],[26.959,56.846],[26.959,56.85],[26.966,56.85],[26.97,56.854],[26.975,56.854],[26.981,56.859],[26.984,56.864],[26.991,56.867],[26.987,56.87],[26.991,56.872],[26.986,56.876],[26.977,56.878],[26.967,56.889],[26.971,56.892],[26.969,56.896],[26.966,56.898],[26.968,56.903],[26.966,56.907],[26.965,56.92],[26.955,56.924],[26.944,56.927],[26.934,56.925],[26.927,56.929],[26.92,56.93],[26.915,56.934],[26.899,56.937],[26.904,56.94],[26.907,56.946],[26.913,56.95],[26.913,56.956],[26.918,56.96],[26.919,56.966],[26.921,56.969],[26.918,56.971],[26.921,56.974],[26.908,56.979],[26.904,56.978],[26.899,56.981],[26.893,56.978],[26.885,56.979],[26.875,56.978],[26.871,56.975],[26.866,56.974],[26.862,56.981],[26.863,56.984]]]}},{"type":"Feature","properties":{"id":13047865,"maakond_id":102,"name":"Līvānu novads","bbox":[26.085,56.181,26.611,56.522]},"geometry":{"type":"Polygon","coordinates":[[[26.291,56.181],[26.295,56.184],[26.305,56.188],[26.32,56.191],[26.326,56.187],[26.333,56.191],[26.329,56.199],[26.312,56.219],[26.291,56.228],[26.317,56.231],[26.295,56.292],[26.297,56.294],[26.313,56.294],[26.324,56.288],[26.333,56.282],[26.339,56.285],[26.346,56.281],[26.352,56.281],[26.356,56.279],[26.361,56.282],[26.36,56.289],[26.361,56.293],[26.368,56.297],[26.363,56.301],[26.364,56.305],[26.371,56.308],[26.371,56.313],[26.365,56.316],[26.386,56.325],[26.391,56.324],[26.4,56.314],[26.398,56.303],[26.399,56.299],[26.416,56.294],[26.416,56.285],[26.424,56.284],[26.432,56.278],[26.446,56.279],[26.455,56.28],[26.462,56.274],[26.467,56.272],[26.477,56.277],[26.482,56.283],[26.505,56.281],[26.515,56.279],[26.52,56.274],[26.539,56.272],[26.547,56.272],[26.553,56.266],[26.569,56.267],[26.57,56.273],[26.573,56.277],[26.584,56.28],[26.594,56.281],[26.595,56.284],[26.6,56.284],[26.611,56.285],[26.611,56.293],[26.607,56.3],[26.601,56.3],[26.593,56.304],[26.592,56.307],[26.596,56.325],[26.588,56.327],[26.579,56.326],[26.57,56.323],[26.564,56.329],[26.555,56.335],[26.547,56.336],[26.541,56.341],[26.512,56.343],[26.512,56.346],[26.506,56.349],[26.507,56.352],[26.512,56.355],[26.484,56.36],[26.476,56.358],[26.477,56.364],[26.494,56.39],[26.489,56.395],[26.496,56.397],[26.503,56.396],[26.51,56.394],[26.515,56.391],[26.52,56.392],[26.527,56.386],[26.537,56.38],[26.546,56.377],[26.555,56.383],[26.562,56.387],[26.562,56.389],[26.567,56.393],[26.569,56.399],[26.573,56.401],[26.571,56.404],[26.579,56.409],[26.584,56.41],[26.583,56.415],[26.588,56.421],[26.583,56.423],[26.588,56.428],[26.592,56.435],[26.596,56.436],[26.595,56.44],[26.578,56.437],[26.566,56.441],[26.563,56.445],[26.564,56.447],[26.552,56.451],[26.561,56.464],[26.56,56.485],[26.547,56.484],[26.547,56.495],[26.508,56.494],[26.504,56.498],[26.469,56.495],[26.47,56.493],[26.46,56.489],[26.46,56.487],[26.446,56.484],[26.443,56.477],[26.431,56.472],[26.419,56.469],[26.411,56.464],[26.402,56.463],[26.4,56.461],[26.388,56.46],[26.39,56.457],[26.387,56.454],[26.377,56.454],[26.371,56.452],[26.365,56.452],[26.369,56.462],[26.365,56.473],[26.335,56.49],[26.313,56.502],[26.318,56.502],[26.32,56.507],[26.317,56.511],[26.319,56.513],[26.311,56.514],[26.309,56.518],[26.301,56.518],[26.297,56.52],[26.292,56.517],[26.287,56.517],[26.284,56.521],[26.264,56.522],[26.264,56.511],[26.253,56.503],[26.23,56.502],[26.225,56.503],[26.222,56.494],[26.221,56.486],[26.212,56.481],[26.206,56.472],[26.198,56.472],[26.192,56.468],[26.195,56.463],[26.153,56.427],[26.144,56.426],[26.119,56.418],[26.085,56.408],[26.086,56.407],[26.104,56.402],[26.114,56.399],[26.119,56.396],[26.127,56.395],[26.132,56.392],[26.139,56.387],[26.147,56.385],[26.153,56.379],[26.155,56.371],[26.16,56.362],[26.161,56.351],[26.165,56.337],[26.169,56.331],[26.172,56.32],[26.177,56.312],[26.18,56.295],[26.184,56.286],[26.188,56.28],[26.192,56.277],[26.201,56.274],[26.202,56.268],[26.196,56.26],[26.194,56.254],[26.184,56.249],[26.179,56.244],[26.176,56.238],[26.181,56.232],[26.192,56.224],[26.199,56.221],[26.217,56.218],[26.227,56.218],[26.239,56.215],[26.25,56.21],[26.267,56.204],[26.275,56.2],[26.276,56.191],[26.285,56.184],[26.291,56.181]]]}},{"type":"Feature","properties":{"id":13047866,"maakond_id":103,"name":"Ogres novads","bbox":[24.433,56.541,25.547,56.998]},"geometry":{"type":"Polygon","coordinates":[[[24.442,56.842],[24.448,56.842],[24.463,56.837],[24.475,56.831],[24.476,56.824],[24.485,56.819],[24.49,56.816],[24.499,56.814],[24.504,56.809],[24.51,56.807],[24.522,56.807],[24.523,56.804],[24.519,56.801],[24.526,56.796],[24.534,56.799],[24.541,56.792],[24.542,56.785],[24.536,56.777],[24.54,56.775],[24.543,56.77],[24.536,56.765],[24.535,56.763],[24.537,56.758],[24.531,56.756],[24.529,56.752],[24.534,56.748],[24.526,56.734],[24.529,56.718],[24.53,56.71],[24.634,56.714],[24.64,56.676],[24.625,56.675],[24.579,56.673],[24.582,56.651],[24.589,56.635],[24.594,56.628],[24.599,56.616],[24.618,56.603],[24.629,56.6],[24.648,56.6],[24.654,56.603],[24.657,56.601],[24.665,56.603],[24.668,56.596],[24.659,56.59],[24.661,56.588],[24.668,56.588],[24.668,56.593],[24.678,56.592],[24.694,56.586],[24.691,56.583],[24.7,56.581],[24.701,56.578],[24.697,56.575],[24.686,56.573],[24.675,56.574],[24.667,56.576],[24.659,56.572],[24.655,56.568],[24.654,56.564],[24.647,56.56],[24.654,56.557],[24.661,56.558],[24.666,56.543],[24.666,56.541],[24.683,56.541],[24.692,56.549],[24.699,56.55],[24.709,56.548],[24.721,56.544],[24.725,56.543],[24.736,56.544],[24.746,56.543],[24.76,56.547],[24.767,56.55],[24.772,56.555],[24.79,56.558],[24.789,56.56],[24.801,56.562],[24.812,56.565],[24.841,56.57],[24.855,56.568],[24.874,56.57],[24.901,56.578],[24.903,56.575],[24.97,56.583],[25.049,56.592],[25.054,56.597],[25.049,56.611],[25.034,56.606],[25.024,56.609],[25.026,56.613],[25.034,56.615],[25.037,56.618],[25.027,56.633],[25.014,56.634],[25.012,56.636],[25.013,56.649],[25.015,56.654],[25.022,56.653],[25.02,56.661],[25.023,56.679],[25.014,56.685],[25.015,56.687],[25.028,56.692],[25.037,56.691],[25.043,56.689],[25.048,56.693],[25.053,56.701],[25.057,56.699],[25.061,56.702],[25.06,56.706],[25.063,56.709],[25.048,56.708],[25.049,56.715],[25.042,56.716],[25.043,56.721],[25.031,56.722],[25.036,56.728],[25.044,56.731],[25.069,56.734],[25.072,56.736],[25.077,56.733],[25.096,56.733],[25.096,56.735],[25.105,56.738],[25.105,56.734],[25.115,56.731],[25.123,56.727],[25.125,56.723],[25.134,56.725],[25.138,56.72],[25.147,56.72],[25.157,56.714],[25.155,56.71],[25.151,56.708],[25.154,56.705],[25.161,56.705],[25.171,56.707],[25.19,56.703],[25.192,56.7],[25.204,56.699],[25.207,56.706],[25.201,56.712],[25.211,56.711],[25.243,56.697],[25.282,56.695],[25.281,56.701],[25.287,56.707],[25.294,56.71],[25.294,56.714],[25.299,56.718],[25.294,56.727],[25.284,56.73],[25.269,56.73],[25.262,56.731],[25.253,56.73],[25.245,56.732],[25.259,56.74],[25.27,56.741],[25.28,56.749],[25.291,56.753],[25.296,56.758],[25.307,56.762],[25.341,56.755],[25.354,56.754],[25.362,56.751],[25.365,56.752],[25.358,56.761],[25.348,56.759],[25.332,56.763],[25.341,56.765],[25.356,56.765],[25.379,56.761],[25.381,56.756],[25.387,56.756],[25.393,56.758],[25.397,56.764],[25.401,56.765],[25.411,56.769],[25.41,56.772],[25.416,56.775],[25.42,56.773],[25.434,56.771],[25.441,56.777],[25.45,56.777],[25.474,56.79],[25.474,56.794],[25.486,56.799],[25.486,56.802],[25.492,56.805],[25.499,56.811],[25.506,56.815],[25.508,56.818],[25.506,56.823],[25.508,56.827],[25.505,56.834],[25.499,56.836],[25.509,56.845],[25.502,56.845],[25.493,56.849],[25.486,56.849],[25.485,56.856],[25.488,56.86],[25.483,56.864],[25.489,56.867],[25.496,56.869],[25.502,56.867],[25.507,56.871],[25.512,56.868],[25.528,56.874],[25.535,56.875],[25.545,56.873],[25.547,56.875],[25.542,56.877],[25.536,56.878],[25.535,56.887],[25.529,56.89],[25.515,56.891],[25.51,56.896],[25.515,56.903],[25.516,56.907],[25.529,56.912],[25.536,56.917],[25.539,56.922],[25.535,56.925],[25.539,56.931],[25.537,56.933],[25.526,56.937],[25.52,56.941],[25.523,56.947],[25.52,56.951],[25.519,56.958],[25.51,56.959],[25.511,56.962],[25.519,56.971],[25.508,56.984],[25.503,56.983],[25.496,56.984],[25.487,56.983],[25.489,56.99],[25.489,56.997],[25.491,56.998],[25.47,56.997],[25.47,56.986],[25.466,56.99],[25.451,56.991],[25.449,56.989],[25.435,56.986],[25.436,56.984],[25.444,56.981],[25.455,56.982],[25.464,56.975],[25.465,56.972],[25.455,56.966],[25.435,56.96],[25.431,56.956],[25.437,56.955],[25.431,56.948],[25.428,56.948],[25.426,56.944],[25.419,56.942],[25.413,56.937],[25.4,56.934],[25.396,56.932],[25.388,56.935],[25.387,56.94],[25.38,56.939],[25.375,56.94],[25.372,56.944],[25.375,56.946],[25.372,56.955],[25.366,56.96],[25.365,56.965],[25.362,56.968],[25.355,56.969],[25.358,56.974],[25.349,56.98],[25.336,56.982],[25.331,56.979],[25.32,56.982],[25.302,56.98],[25.301,56.976],[25.303,56.971],[25.285,56.969],[25.278,56.964],[25.282,56.961],[25.282,56.958],[25.272,56.957],[25.264,56.955],[25.256,56.954],[25.254,56.952],[25.262,56.948],[25.259,56.945],[25.249,56.943],[25.245,56.939],[25.258,56.937],[25.26,56.929],[25.256,56.926],[25.251,56.928],[25.241,56.929],[25.222,56.936],[25.216,56.939],[25.2,56.937],[25.183,56.942],[25.175,56.941],[25.166,56.943],[25.153,56.944],[25.146,56.95],[25.126,56.944],[25.123,56.941],[25.113,56.946],[25.11,56.944],[25.103,56.945],[25.094,56.942],[25.082,56.944],[25.081,56.943],[25.071,56.943],[25.061,56.937],[25.055,56.936],[25.041,56.937],[25.023,56.94],[25.013,56.946],[24.993,56.929],[24.989,56.932],[24.976,56.933],[24.967,56.941],[24.964,56.941],[24.956,56.947],[24.949,56.945],[24.94,56.936],[24.925,56.939],[24.916,56.934],[24.91,56.931],[24.906,56.932],[24.9,56.93],[24.897,56.923],[24.889,56.924],[24.87,56.926],[24.854,56.932],[24.844,56.93],[24.841,56.932],[24.828,56.934],[24.814,56.938],[24.802,56.933],[24.769,56.918],[24.76,56.912],[24.753,56.914],[24.736,56.911],[24.728,56.911],[24.731,56.9],[24.646,56.893],[24.61,56.889],[24.577,56.891],[24.564,56.907],[24.551,56.904],[24.544,56.905],[24.542,56.902],[24.529,56.903],[24.526,56.904],[24.516,56.899],[24.512,56.905],[24.498,56.904],[24.498,56.903],[24.497,56.899],[24.502,56.897],[24.505,56.892],[24.518,56.886],[24.51,56.882],[24.517,56.879],[24.51,56.873],[24.493,56.873],[24.496,56.877],[24.492,56.884],[24.487,56.885],[24.479,56.89],[24.471,56.889],[24.463,56.892],[24.451,56.892],[24.441,56.895],[24.433,56.892],[24.44,56.881],[24.445,56.881],[24.452,56.877],[24.455,56.874],[24.456,56.866],[24.449,56.864],[24.446,56.859],[24.442,56.858],[24.439,56.852],[24.442,56.842]]]}},{"type":"Feature","properties":{"id":13047867,"maakond_id":101,"name":"Ventspils novads","bbox":[21.334,56.939,22.312,57.657]},"geometry":{"type":"Polygon","coordinates":[[[21.517,57.379],[21.497,57.356],[21.481,57.346],[21.468,57.333],[21.456,57.32],[21.452,57.316],[21.437,57.307],[21.427,57.301],[21.419,57.291],[21.413,57.276],[21.412,57.267],[21.414,57.259],[21.414,57.25],[21.412,57.242],[21.415,57.228],[21.414,57.213],[21.413,57.207],[21.409,57.197],[21.409,57.183],[21.406,57.175],[21.408,57.168],[21.407,57.158],[21.409,57.152],[21.415,57.12],[21.416,57.105],[21.416,57.101],[21.417,57.082],[21.415,57.068],[21.411,57.055],[21.407,57.046],[21.402,57.04],[21.4,57.034],[21.392,57.024],[21.385,57.019],[21.374,57.002],[21.365,56.996],[21.353,56.984],[21.347,56.981],[21.334,56.976],[21.34,56.974],[21.342,56.97],[21.348,56.97],[21.355,56.967],[21.369,56.969],[21.372,56.963],[21.38,56.963],[21.385,56.957],[21.391,56.956],[21.397,56.953],[21.403,56.945],[21.395,56.939],[21.45,56.944],[21.461,56.946],[21.456,56.961],[21.484,56.964],[21.466,57.021],[21.495,57.024],[21.483,57.056],[21.513,57.059],[21.508,57.075],[21.527,57.077],[21.53,57.073],[21.538,57.069],[21.575,57.089],[21.587,57.088],[21.597,57.084],[21.603,57.091],[21.601,57.092],[21.62,57.101],[21.623,57.099],[21.63,57.101],[21.626,57.105],[21.628,57.107],[21.624,57.113],[21.632,57.115],[21.638,57.113],[21.648,57.118],[21.654,57.117],[21.659,57.121],[21.663,57.119],[21.667,57.115],[21.663,57.112],[21.681,57.111],[21.694,57.107],[21.703,57.116],[21.707,57.123],[21.713,57.122],[21.717,57.119],[21.726,57.116],[21.731,57.111],[21.741,57.107],[21.746,57.108],[21.758,57.106],[21.767,57.106],[21.774,57.104],[21.776,57.106],[21.784,57.104],[21.79,57.105],[21.792,57.097],[21.798,57.095],[21.788,57.093],[21.784,57.091],[21.787,57.083],[21.793,57.081],[21.801,57.083],[21.801,57.089],[21.812,57.086],[21.823,57.087],[21.834,57.092],[21.835,57.096],[21.845,57.102],[21.85,57.103],[21.862,57.1],[21.877,57.101],[21.882,57.1],[21.887,57.097],[21.893,57.092],[21.897,57.093],[21.897,57.097],[21.904,57.096],[21.913,57.099],[21.924,57.096],[21.934,57.098],[21.941,57.097],[21.945,57.093],[21.955,57.094],[21.955,57.098],[21.961,57.102],[21.97,57.102],[21.973,57.1],[21.992,57.105],[21.998,57.104],[22.002,57.109],[22.001,57.111],[22.004,57.115],[22.01,57.114],[22.01,57.117],[22.02,57.116],[22.02,57.113],[22.025,57.111],[22.034,57.112],[22.036,57.107],[22.052,57.105],[22.056,57.103],[22.065,57.104],[22.067,57.101],[22.072,57.1],[22.092,57.101],[22.101,57.099],[22.11,57.102],[22.113,57.101],[22.119,57.104],[22.124,57.101],[22.129,57.103],[22.124,57.106],[22.123,57.11],[22.182,57.116],[22.181,57.121],[22.188,57.123],[22.193,57.13],[22.195,57.137],[22.197,57.141],[22.191,57.148],[22.2,57.152],[22.202,57.155],[22.199,57.162],[22.199,57.165],[22.207,57.167],[22.209,57.17],[22.21,57.186],[22.205,57.19],[22.197,57.191],[22.184,57.19],[22.179,57.198],[22.187,57.197],[22.194,57.199],[22.199,57.197],[22.201,57.2],[22.194,57.202],[22.196,57.21],[22.204,57.211],[22.204,57.217],[22.209,57.217],[22.212,57.22],[22.212,57.226],[22.219,57.226],[22.221,57.224],[22.23,57.22],[22.231,57.223],[22.237,57.229],[22.237,57.234],[22.233,57.237],[22.237,57.245],[22.243,57.244],[22.251,57.245],[22.252,57.248],[22.26,57.25],[22.257,57.253],[22.257,57.258],[22.26,57.259],[22.267,57.259],[22.269,57.267],[22.312,57.269],[22.311,57.278],[22.305,57.283],[22.301,57.283],[22.303,57.287],[22.31,57.29],[22.301,57.314],[22.299,57.321],[22.291,57.32],[22.283,57.322],[22.279,57.325],[22.278,57.331],[22.284,57.345],[22.29,57.349],[22.287,57.356],[22.282,57.364],[22.281,57.374],[22.282,57.376],[22.277,57.382],[22.285,57.383],[22.278,57.386],[22.266,57.381],[22.258,57.385],[22.258,57.388],[22.252,57.391],[22.251,57.398],[22.246,57.4],[22.248,57.406],[22.244,57.406],[22.222,57.401],[22.203,57.396],[22.196,57.395],[22.133,57.402],[22.083,57.421],[22.077,57.425],[22.129,57.432],[22.152,57.439],[22.158,57.442],[22.177,57.45],[22.188,57.46],[22.186,57.462],[22.177,57.463],[22.173,57.462],[22.166,57.467],[22.163,57.472],[22.166,57.476],[22.173,57.475],[22.176,57.472],[22.193,57.473],[22.192,57.476],[22.203,57.481],[22.202,57.484],[22.219,57.491],[22.241,57.5],[22.254,57.503],[22.262,57.503],[22.272,57.5],[22.282,57.503],[22.279,57.511],[22.279,57.518],[22.272,57.524],[22.268,57.556],[22.259,57.563],[22.253,57.566],[22.247,57.572],[22.244,57.587],[22.244,57.598],[22.253,57.603],[22.256,57.603],[22.23,57.627],[22.217,57.62],[22.213,57.621],[22.213,57.627],[22.224,57.632],[22.196,57.657],[22.155,57.647],[22.122,57.636],[22.087,57.626],[22.056,57.617],[22.021,57.609],[22.003,57.605],[21.985,57.603],[21.966,57.601],[21.938,57.6],[21.902,57.599],[21.888,57.599],[21.863,57.599],[21.85,57.599],[21.839,57.597],[21.806,57.591],[21.798,57.59],[21.778,57.587],[21.748,57.581],[21.724,57.578],[21.705,57.57],[21.692,57.56],[21.686,57.555],[21.681,57.539],[21.677,57.53],[21.672,57.523],[21.667,57.517],[21.661,57.506],[21.651,57.498],[21.636,57.485],[21.63,57.476],[21.625,57.47],[21.634,57.471],[21.637,57.461],[21.647,57.462],[21.654,57.46],[21.659,57.449],[21.66,57.441],[21.653,57.433],[21.664,57.43],[21.666,57.418],[21.673,57.404],[21.642,57.396],[21.632,57.394],[21.623,57.395],[21.617,57.391],[21.615,57.387],[21.614,57.373],[21.614,57.37],[21.621,57.361],[21.62,57.356],[21.613,57.355],[21.606,57.36],[21.597,57.362],[21.591,57.37],[21.586,57.368],[21.582,57.364],[21.584,57.36],[21.575,57.36],[21.571,57.353],[21.572,57.348],[21.566,57.349],[21.564,57.354],[21.549,57.355],[21.546,57.358],[21.535,57.35],[21.533,57.351],[21.545,57.36],[21.537,57.367],[21.537,57.371],[21.517,57.379]]]}},{"type":"Feature","properties":{"id":13047868,"maakond_id":105,"name":"Jēkabpils novads","bbox":[25.29,56.052,26.625,56.664]},"geometry":{"type":"Polygon","coordinates":[[[25.82,56.052],[25.829,56.052],[25.839,56.054],[25.834,56.063],[25.846,56.065],[25.84,56.075],[25.875,56.082],[25.874,56.085],[25.869,56.088],[25.858,56.089],[25.855,56.092],[25.859,56.094],[25.849,56.101],[25.842,56.101],[25.84,56.113],[25.833,56.118],[25.84,56.118],[25.844,56.114],[25.855,56.114],[25.873,56.108],[25.88,56.103],[25.888,56.1],[25.898,56.098],[25.906,56.088],[25.915,56.086],[25.921,56.082],[25.922,56.079],[25.931,56.076],[25.933,56.071],[25.931,56.067],[25.936,56.064],[25.937,56.06],[25.941,56.06],[25.949,56.062],[25.959,56.065],[25.959,56.068],[25.964,56.072],[25.977,56.074],[25.976,56.077],[25.98,56.08],[26.005,56.091],[26.016,56.084],[26.022,56.084],[26.03,56.08],[26.029,56.076],[26.035,56.069],[26.045,56.067],[26.052,56.067],[26.065,56.073],[26.064,56.077],[26.07,56.082],[26.075,56.08],[26.081,56.081],[26.082,56.086],[26.088,56.084],[26.092,56.091],[26.089,56.094],[26.091,56.1],[26.096,56.103],[26.097,56.106],[26.105,56.108],[26.108,56.113],[26.116,56.109],[26.12,56.103],[26.125,56.099],[26.127,56.096],[26.137,56.097],[26.138,56.1],[26.142,56.101],[26.148,56.105],[26.147,56.108],[26.151,56.112],[26.148,56.124],[26.136,56.13],[26.215,56.172],[26.237,56.171],[26.238,56.174],[26.249,56.172],[26.249,56.167],[26.254,56.165],[26.253,56.16],[26.256,56.158],[26.253,56.153],[26.262,56.147],[26.265,56.156],[26.275,56.159],[26.282,56.155],[26.292,56.159],[26.298,56.158],[26.299,56.155],[26.305,56.155],[26.315,56.155],[26.317,56.152],[26.317,56.145],[26.324,56.144],[26.325,56.142],[26.32,56.13],[26.317,56.131],[26.31,56.126],[26.31,56.124],[26.319,56.124],[26.32,56.114],[26.322,56.106],[26.317,56.104],[26.317,56.1],[26.325,56.099],[26.333,56.096],[26.331,56.108],[26.332,56.118],[26.331,56.128],[26.336,56.136],[26.337,56.142],[26.331,56.152],[26.31,56.173],[26.291,56.181],[26.285,56.184],[26.276,56.191],[26.275,56.2],[26.267,56.204],[26.25,56.21],[26.239,56.215],[26.227,56.218],[26.217,56.218],[26.199,56.221],[26.192,56.224],[26.181,56.232],[26.176,56.238],[26.179,56.244],[26.184,56.249],[26.194,56.254],[26.196,56.26],[26.202,56.268],[26.201,56.274],[26.192,56.277],[26.188,56.28],[26.184,56.286],[26.18,56.295],[26.177,56.312],[26.172,56.32],[26.169,56.331],[26.165,56.337],[26.161,56.351],[26.16,56.362],[26.155,56.371],[26.153,56.379],[26.147,56.385],[26.139,56.387],[26.132,56.392],[26.127,56.395],[26.119,56.396],[26.114,56.399],[26.104,56.402],[26.086,56.407],[26.085,56.408],[26.119,56.418],[26.144,56.426],[26.153,56.427],[26.195,56.463],[26.192,56.468],[26.198,56.472],[26.206,56.472],[26.212,56.481],[26.221,56.486],[26.222,56.494],[26.225,56.503],[26.23,56.502],[26.253,56.503],[26.264,56.511],[26.264,56.522],[26.284,56.521],[26.287,56.517],[26.292,56.517],[26.297,56.52],[26.301,56.518],[26.309,56.518],[26.311,56.514],[26.319,56.513],[26.317,56.511],[26.32,56.507],[26.318,56.502],[26.313,56.502],[26.335,56.49],[26.365,56.473],[26.369,56.462],[26.365,56.452],[26.371,56.452],[26.377,56.454],[26.387,56.454],[26.39,56.457],[26.388,56.46],[26.4,56.461],[26.402,56.463],[26.411,56.464],[26.419,56.469],[26.431,56.472],[26.443,56.477],[26.446,56.484],[26.46,56.487],[26.46,56.489],[26.47,56.493],[26.469,56.495],[26.504,56.498],[26.508,56.494],[26.547,56.495],[26.547,56.484],[26.56,56.485],[26.616,56.487],[26.615,56.493],[26.612,56.493],[26.61,56.499],[26.605,56.498],[26.6,56.494],[26.596,56.495],[26.595,56.502],[26.611,56.52],[26.624,56.534],[26.625,56.54],[26.618,56.54],[26.611,56.55],[26.608,56.558],[26.602,56.555],[26.588,56.548],[26.581,56.551],[26.584,56.553],[26.578,56.556],[26.577,56.56],[26.578,56.563],[26.585,56.568],[26.586,56.571],[26.591,56.574],[26.591,56.58],[26.591,56.59],[26.599,56.593],[26.594,56.595],[26.489,56.6],[26.465,56.608],[26.425,56.624],[26.402,56.633],[26.391,56.641],[26.378,56.641],[26.366,56.622],[26.361,56.62],[26.356,56.617],[26.357,56.613],[26.348,56.605],[26.337,56.6],[26.328,56.6],[26.323,56.597],[26.308,56.591],[26.283,56.585],[26.282,56.591],[26.285,56.602],[26.277,56.603],[26.284,56.61],[26.274,56.619],[26.266,56.62],[26.256,56.616],[26.251,56.612],[26.244,56.615],[26.241,56.614],[26.228,56.607],[26.219,56.604],[26.218,56.606],[26.205,56.615],[26.2,56.627],[26.198,56.628],[26.212,56.632],[26.196,56.648],[26.187,56.644],[26.165,56.645],[26.158,56.639],[26.152,56.647],[26.14,56.653],[26.136,56.657],[26.122,56.652],[26.11,56.649],[26.099,56.645],[26.086,56.644],[26.083,56.641],[26.073,56.64],[26.072,56.637],[26.065,56.631],[26.042,56.625],[26.036,56.621],[26.026,56.618],[26.014,56.629],[26.016,56.629],[26.021,56.635],[26.014,56.639],[26.001,56.643],[25.994,56.642],[25.985,56.658],[25.983,56.664],[25.979,56.664],[25.967,56.662],[25.956,56.657],[25.958,56.653],[25.956,56.648],[25.95,56.646],[25.941,56.644],[25.933,56.641],[25.931,56.638],[25.922,56.636],[25.917,56.634],[25.91,56.633],[25.886,56.626],[25.88,56.625],[25.874,56.622],[25.867,56.623],[25.863,56.62],[25.846,56.617],[25.84,56.612],[25.825,56.611],[25.82,56.61],[25.809,56.611],[25.797,56.61],[25.789,56.607],[25.773,56.609],[25.763,56.615],[25.757,56.614],[25.749,56.616],[25.726,56.614],[25.716,56.612],[25.704,56.61],[25.698,56.607],[25.693,56.602],[25.689,56.6],[25.671,56.599],[25.66,56.597],[25.642,56.589],[25.636,56.585],[25.627,56.585],[25.616,56.584],[25.609,56.58],[25.577,56.573],[25.563,56.573],[25.557,56.572],[25.56,56.566],[25.579,56.566],[25.585,56.57],[25.588,56.569],[25.598,56.572],[25.607,56.571],[25.61,56.558],[25.604,56.553],[25.605,56.551],[25.598,56.55],[25.6,56.547],[25.598,56.543],[25.59,56.54],[25.576,56.54],[25.564,56.54],[25.561,56.538],[25.561,56.53],[25.563,56.526],[25.562,56.522],[25.553,56.517],[25.552,56.511],[25.553,56.506],[25.551,56.504],[25.555,56.502],[25.562,56.502],[25.572,56.496],[25.574,56.493],[25.586,56.49],[25.595,56.484],[25.594,56.477],[25.597,56.47],[25.591,56.467],[25.591,56.462],[25.586,56.459],[25.577,56.461],[25.567,56.454],[25.565,56.451],[25.557,56.445],[25.545,56.445],[25.542,56.449],[25.535,56.449],[25.531,56.452],[25.526,56.449],[25.519,56.452],[25.51,56.44],[25.502,56.438],[25.496,56.43],[25.497,56.426],[25.491,56.421],[25.482,56.416],[25.475,56.415],[25.466,56.412],[25.456,56.416],[25.448,56.414],[25.441,56.416],[25.436,56.416],[25.427,56.412],[25.424,56.41],[25.418,56.411],[25.399,56.409],[25.39,56.407],[25.385,56.41],[25.375,56.41],[25.363,56.413],[25.364,56.415],[25.342,56.417],[25.33,56.422],[25.308,56.421],[25.298,56.421],[25.293,56.42],[25.293,56.407],[25.31,56.391],[25.308,56.388],[25.302,56.385],[25.296,56.378],[25.3,56.372],[25.295,56.365],[25.296,56.356],[25.307,56.342],[25.299,56.34],[25.3,56.335],[25.294,56.335],[25.29,56.332],[25.294,56.329],[25.302,56.33],[25.317,56.33],[25.327,56.334],[25.341,56.332],[25.353,56.332],[25.351,56.338],[25.358,56.338],[25.367,56.333],[25.37,56.32],[25.344,56.318],[25.344,56.317],[25.327,56.315],[25.318,56.315],[25.318,56.309],[25.304,56.292],[25.312,56.29],[25.312,56.285],[25.322,56.285],[25.322,56.283],[25.334,56.282],[25.336,56.276],[25.359,56.256],[25.369,56.26],[25.381,56.26],[25.383,56.252],[25.391,56.245],[25.402,56.243],[25.402,56.235],[25.405,56.227],[25.403,56.225],[25.397,56.225],[25.393,56.223],[25.394,56.22],[25.39,56.218],[25.39,56.214],[25.387,56.212],[25.393,56.21],[25.393,56.201],[25.396,56.197],[25.395,56.193],[25.399,56.186],[25.405,56.183],[25.416,56.173],[25.416,56.168],[25.415,56.16],[25.39,56.161],[25.364,56.16],[25.366,56.154],[25.404,56.158],[25.403,56.149],[25.421,56.145],[25.432,56.154],[25.455,56.153],[25.454,56.147],[25.48,56.143],[25.505,56.145],[25.507,56.155],[25.51,56.159],[25.522,56.163],[25.536,56.165],[25.551,56.162],[25.565,56.14],[25.602,56.134],[25.624,56.136],[25.634,56.135],[25.651,56.135],[25.665,56.143],[25.673,56.149],[25.685,56.144],[25.676,56.13],[25.7,56.119],[25.693,56.104],[25.699,56.101],[25.695,56.095],[25.687,56.093],[25.688,56.086],[25.703,56.082],[25.717,56.081],[25.725,56.078],[25.737,56.077],[25.752,56.071],[25.761,56.064],[25.801,56.059],[25.82,56.055],[25.82,56.052]]]}},{"type":"Feature","properties":{"id":13047869,"maakond_id":105,"name":"Aizkraukles novads","bbox":[24.892,56.145,25.949,56.829]},"geometry":{"type":"Polygon","coordinates":[[[25.506,56.815],[25.499,56.811],[25.492,56.805],[25.486,56.802],[25.486,56.799],[25.474,56.794],[25.474,56.79],[25.45,56.777],[25.441,56.777],[25.434,56.771],[25.42,56.773],[25.416,56.775],[25.41,56.772],[25.411,56.769],[25.401,56.765],[25.397,56.764],[25.393,56.758],[25.387,56.756],[25.381,56.756],[25.379,56.761],[25.356,56.765],[25.341,56.765],[25.332,56.763],[25.348,56.759],[25.358,56.761],[25.365,56.752],[25.362,56.751],[25.354,56.754],[25.341,56.755],[25.307,56.762],[25.296,56.758],[25.291,56.753],[25.28,56.749],[25.27,56.741],[25.259,56.74],[25.245,56.732],[25.253,56.73],[25.262,56.731],[25.269,56.73],[25.284,56.73],[25.294,56.727],[25.299,56.718],[25.294,56.714],[25.294,56.71],[25.287,56.707],[25.281,56.701],[25.282,56.695],[25.243,56.697],[25.211,56.711],[25.201,56.712],[25.207,56.706],[25.204,56.699],[25.192,56.7],[25.19,56.703],[25.171,56.707],[25.161,56.705],[25.154,56.705],[25.151,56.708],[25.155,56.71],[25.157,56.714],[25.147,56.72],[25.138,56.72],[25.134,56.725],[25.125,56.723],[25.123,56.727],[25.115,56.731],[25.105,56.734],[25.105,56.738],[25.096,56.735],[25.096,56.733],[25.077,56.733],[25.072,56.736],[25.069,56.734],[25.044,56.731],[25.036,56.728],[25.031,56.722],[25.043,56.721],[25.042,56.716],[25.049,56.715],[25.048,56.708],[25.063,56.709],[25.06,56.706],[25.061,56.702],[25.057,56.699],[25.053,56.701],[25.048,56.693],[25.043,56.689],[25.037,56.691],[25.028,56.692],[25.015,56.687],[25.014,56.685],[25.023,56.679],[25.02,56.661],[25.022,56.653],[25.015,56.654],[25.013,56.649],[25.012,56.636],[25.014,56.634],[25.027,56.633],[25.037,56.618],[25.034,56.615],[25.026,56.613],[25.024,56.609],[25.034,56.606],[25.049,56.611],[25.054,56.597],[25.049,56.592],[24.97,56.583],[24.981,56.552],[24.998,56.552],[25.004,56.552],[25.018,56.549],[25.036,56.502],[25.01,56.499],[24.935,56.491],[24.938,56.482],[24.932,56.482],[24.924,56.482],[24.926,56.466],[24.921,56.464],[24.897,56.462],[24.892,56.46],[24.898,56.449],[24.902,56.447],[24.908,56.443],[24.917,56.441],[24.919,56.435],[24.913,56.43],[24.912,56.426],[24.904,56.422],[24.902,56.418],[24.909,56.41],[24.915,56.406],[24.918,56.402],[24.922,56.404],[24.936,56.39],[24.94,56.381],[24.943,56.378],[24.95,56.377],[24.955,56.37],[24.961,56.368],[24.964,56.369],[24.969,56.366],[24.971,56.362],[24.969,56.358],[24.972,56.351],[24.969,56.35],[24.967,56.344],[24.971,56.338],[24.968,56.334],[24.971,56.334],[24.968,56.327],[24.97,56.32],[24.974,56.318],[24.973,56.311],[24.977,56.31],[24.988,56.305],[24.991,56.299],[25.002,56.295],[25.01,56.295],[25.016,56.291],[25.014,56.284],[25.019,56.282],[25.019,56.277],[25.026,56.276],[25.033,56.272],[25.041,56.274],[25.044,56.271],[25.042,56.269],[25.056,56.266],[25.055,56.262],[25.059,56.259],[25.056,56.256],[25.058,56.252],[25.064,56.25],[25.059,56.246],[25.06,56.242],[25.067,56.242],[25.069,56.238],[25.063,56.227],[25.067,56.226],[25.075,56.218],[25.072,56.215],[25.07,56.211],[25.075,56.205],[25.074,56.203],[25.078,56.198],[25.076,56.195],[25.086,56.196],[25.09,56.188],[25.092,56.186],[25.105,56.184],[25.111,56.186],[25.118,56.184],[25.127,56.184],[25.137,56.18],[25.143,56.18],[25.15,56.175],[25.175,56.174],[25.18,56.176],[25.188,56.177],[25.2,56.176],[25.215,56.187],[25.228,56.192],[25.234,56.192],[25.238,56.187],[25.248,56.185],[25.25,56.18],[25.255,56.173],[25.27,56.17],[25.279,56.158],[25.293,56.154],[25.297,56.154],[25.304,56.149],[25.315,56.145],[25.337,56.154],[25.353,56.153],[25.366,56.154],[25.364,56.16],[25.39,56.161],[25.415,56.16],[25.416,56.168],[25.416,56.173],[25.405,56.183],[25.399,56.186],[25.395,56.193],[25.396,56.197],[25.393,56.201],[25.393,56.21],[25.387,56.212],[25.39,56.214],[25.39,56.218],[25.394,56.22],[25.393,56.223],[25.397,56.225],[25.403,56.225],[25.405,56.227],[25.402,56.235],[25.402,56.243],[25.391,56.245],[25.383,56.252],[25.381,56.26],[25.369,56.26],[25.359,56.256],[25.336,56.276],[25.334,56.282],[25.322,56.283],[25.322,56.285],[25.312,56.285],[25.312,56.29],[25.304,56.292],[25.318,56.309],[25.318,56.315],[25.327,56.315],[25.344,56.317],[25.344,56.318],[25.37,56.32],[25.367,56.333],[25.358,56.338],[25.351,56.338],[25.353,56.332],[25.341,56.332],[25.327,56.334],[25.317,56.33],[25.302,56.33],[25.294,56.329],[25.29,56.332],[25.294,56.335],[25.3,56.335],[25.299,56.34],[25.307,56.342],[25.296,56.356],[25.295,56.365],[25.3,56.372],[25.296,56.378],[25.302,56.385],[25.308,56.388],[25.31,56.391],[25.293,56.407],[25.293,56.42],[25.298,56.421],[25.308,56.421],[25.33,56.422],[25.342,56.417],[25.364,56.415],[25.363,56.413],[25.375,56.41],[25.385,56.41],[25.39,56.407],[25.399,56.409],[25.418,56.411],[25.424,56.41],[25.427,56.412],[25.436,56.416],[25.441,56.416],[25.448,56.414],[25.456,56.416],[25.466,56.412],[25.475,56.415],[25.482,56.416],[25.491,56.421],[25.497,56.426],[25.496,56.43],[25.502,56.438],[25.51,56.44],[25.519,56.452],[25.526,56.449],[25.531,56.452],[25.535,56.449],[25.542,56.449],[25.545,56.445],[25.557,56.445],[25.565,56.451],[25.567,56.454],[25.577,56.461],[25.586,56.459],[25.591,56.462],[25.591,56.467],[25.597,56.47],[25.594,56.477],[25.595,56.484],[25.586,56.49],[25.574,56.493],[25.572,56.496],[25.562,56.502],[25.555,56.502],[25.551,56.504],[25.553,56.506],[25.552,56.511],[25.553,56.517],[25.562,56.522],[25.563,56.526],[25.561,56.53],[25.561,56.538],[25.564,56.54],[25.576,56.54],[25.59,56.54],[25.598,56.543],[25.6,56.547],[25.598,56.55],[25.605,56.551],[25.604,56.553],[25.61,56.558],[25.607,56.571],[25.598,56.572],[25.588,56.569],[25.585,56.57],[25.579,56.566],[25.56,56.566],[25.557,56.572],[25.563,56.573],[25.577,56.573],[25.609,56.58],[25.616,56.584],[25.627,56.585],[25.636,56.585],[25.642,56.589],[25.66,56.597],[25.671,56.599],[25.689,56.6],[25.693,56.602],[25.698,56.607],[25.704,56.61],[25.716,56.612],[25.726,56.614],[25.749,56.616],[25.757,56.614],[25.763,56.615],[25.773,56.609],[25.789,56.607],[25.797,56.61],[25.809,56.611],[25.82,56.61],[25.825,56.611],[25.84,56.612],[25.846,56.617],[25.863,56.62],[25.867,56.623],[25.874,56.622],[25.88,56.625],[25.886,56.626],[25.91,56.633],[25.917,56.634],[25.922,56.636],[25.931,56.638],[25.933,56.641],[25.931,56.644],[25.933,56.653],[25.919,56.655],[25.912,56.655],[25.911,56.666],[25.925,56.666],[25.932,56.668],[25.949,56.681],[25.939,56.685],[25.936,56.689],[25.925,56.689],[25.925,56.694],[25.909,56.699],[25.9,56.698],[25.899,56.695],[25.886,56.694],[25.88,56.697],[25.872,56.7],[25.862,56.699],[25.849,56.703],[25.837,56.709],[25.829,56.716],[25.833,56.719],[25.832,56.725],[25.833,56.733],[25.826,56.735],[25.824,56.739],[25.821,56.74],[25.818,56.746],[25.832,56.755],[25.836,56.756],[25.841,56.761],[25.85,56.764],[25.85,56.771],[25.844,56.777],[25.845,56.781],[25.84,56.783],[25.84,56.791],[25.836,56.795],[25.821,56.799],[25.808,56.797],[25.803,56.799],[25.801,56.807],[25.786,56.813],[25.78,56.819],[25.775,56.819],[25.766,56.824],[25.765,56.829],[25.755,56.827],[25.753,56.826],[25.745,56.824],[25.737,56.822],[25.736,56.818],[25.745,56.818],[25.754,56.809],[25.753,56.806],[25.744,56.802],[25.738,56.796],[25.731,56.791],[25.733,56.785],[25.74,56.78],[25.735,56.775],[25.728,56.775],[25.718,56.775],[25.706,56.769],[25.687,56.77],[25.681,56.77],[25.672,56.776],[25.671,56.778],[25.676,56.785],[25.673,56.788],[25.659,56.788],[25.657,56.79],[25.649,56.787],[25.649,56.791],[25.646,56.794],[25.638,56.795],[25.619,56.805],[25.611,56.804],[25.606,56.808],[25.588,56.809],[25.585,56.808],[25.574,56.808],[25.569,56.806],[25.563,56.806],[25.553,56.8],[25.541,56.802],[25.534,56.807],[25.52,56.81],[25.517,56.814],[25.506,56.815]]]}},{"type":"Feature","properties":{"id":13047870,"maakond_id":102,"name":"Augšdaugavas novads","bbox":[25.82,55.675,26.984,56.208]},"geometry":{"type":"Polygon","coordinates":[[[25.82,56.052],[25.825,56.044],[25.835,56.033],[25.839,56.03],[25.85,56.03],[25.859,56.023],[25.86,56.015],[25.849,56.008],[25.86,56],[25.892,56.001],[25.899,55.999],[25.901,55.997],[25.945,55.988],[25.946,55.985],[25.955,55.985],[25.961,55.983],[25.974,55.982],[25.979,55.979],[25.98,55.976],[25.989,55.974],[25.991,55.969],[25.997,55.966],[26,55.963],[26.01,55.967],[26.046,55.954],[26.045,55.945],[26.055,55.935],[26.064,55.93],[26.084,55.91],[26.09,55.901],[26.103,55.892],[26.11,55.889],[26.12,55.879],[26.151,55.877],[26.173,55.865],[26.184,55.869],[26.204,55.859],[26.229,55.838],[26.236,55.82],[26.231,55.814],[26.231,55.812],[26.248,55.794],[26.258,55.783],[26.269,55.768],[26.287,55.759],[26.299,55.752],[26.308,55.745],[26.319,55.742],[26.331,55.742],[26.334,55.744],[26.35,55.742],[26.366,55.732],[26.371,55.722],[26.376,55.709],[26.386,55.705],[26.392,55.709],[26.403,55.711],[26.42,55.709],[26.425,55.71],[26.438,55.71],[26.446,55.707],[26.457,55.706],[26.46,55.703],[26.47,55.703],[26.49,55.694],[26.493,55.688],[26.503,55.686],[26.512,55.687],[26.514,55.683],[26.519,55.679],[26.528,55.678],[26.531,55.677],[26.541,55.677],[26.545,55.678],[26.572,55.68],[26.576,55.676],[26.583,55.675],[26.594,55.676],[26.597,55.675],[26.619,55.681],[26.632,55.681],[26.637,55.682],[26.636,55.685],[26.643,55.696],[26.651,55.7],[26.644,55.704],[26.653,55.708],[26.659,55.706],[26.722,55.701],[26.743,55.682],[26.784,55.678],[26.786,55.682],[26.8,55.698],[26.816,55.7],[26.827,55.705],[26.845,55.707],[26.847,55.709],[26.87,55.714],[26.874,55.718],[26.878,55.728],[26.875,55.734],[26.901,55.752],[26.898,55.753],[26.899,55.757],[26.911,55.773],[26.921,55.788],[26.932,55.79],[26.947,55.788],[26.952,55.798],[26.967,55.806],[26.974,55.815],[26.979,55.815],[26.981,55.819],[26.983,55.829],[26.976,55.83],[26.975,55.833],[26.977,55.838],[26.981,55.839],[26.984,55.844],[26.978,55.848],[26.984,55.852],[26.984,55.855],[26.984,55.87],[26.97,55.871],[26.955,55.869],[26.935,55.871],[26.932,55.873],[26.931,55.877],[26.934,55.884],[26.928,55.888],[26.928,55.891],[26.932,55.899],[26.933,55.908],[26.948,55.913],[26.949,55.92],[26.958,55.925],[26.942,55.932],[26.936,55.932],[26.934,55.938],[26.936,55.94],[26.943,55.943],[26.948,55.948],[26.956,55.949],[26.96,55.948],[26.966,55.952],[26.964,55.957],[26.958,55.963],[26.955,55.962],[26.946,55.963],[26.939,55.974],[26.94,55.978],[26.935,55.986],[26.942,55.996],[26.933,56],[26.93,56.003],[26.937,56.006],[26.943,56.006],[26.947,56.003],[26.951,56.004],[26.955,56.009],[26.962,56.008],[26.97,56.011],[26.965,56.015],[26.964,56.024],[26.955,56.031],[26.949,56.034],[26.948,56.044],[26.953,56.046],[26.96,56.045],[26.954,56.05],[26.962,56.049],[26.969,56.054],[26.971,56.059],[26.973,56.062],[26.959,56.062],[26.955,56.06],[26.948,56.06],[26.943,56.058],[26.931,56.059],[26.933,56.063],[26.932,56.067],[26.924,56.07],[26.921,56.074],[26.913,56.078],[26.914,56.084],[26.908,56.087],[26.907,56.094],[26.902,56.098],[26.896,56.1],[26.895,56.103],[26.888,56.104],[26.888,56.111],[26.896,56.125],[26.89,56.134],[26.886,56.133],[26.881,56.128],[26.876,56.128],[26.866,56.13],[26.857,56.126],[26.849,56.119],[26.844,56.119],[26.841,56.126],[26.838,56.13],[26.823,56.135],[26.802,56.124],[26.778,56.111],[26.774,56.112],[26.764,56.108],[26.758,56.108],[26.755,56.106],[26.749,56.108],[26.741,56.108],[26.732,56.11],[26.714,56.109],[26.706,56.107],[26.701,56.119],[26.696,56.123],[26.692,56.131],[26.682,56.135],[26.677,56.134],[26.67,56.135],[26.669,56.137],[26.66,56.136],[26.644,56.139],[26.628,56.124],[26.625,56.124],[26.613,56.132],[26.608,56.133],[26.6,56.137],[26.589,56.134],[26.58,56.14],[26.582,56.142],[26.57,56.145],[26.576,56.149],[26.579,56.156],[26.574,56.161],[26.566,56.163],[26.558,56.168],[26.545,56.16],[26.544,56.148],[26.546,56.145],[26.551,56.141],[26.555,56.131],[26.545,56.13],[26.532,56.129],[26.521,56.13],[26.506,56.13],[26.504,56.152],[26.496,56.169],[26.456,56.193],[26.423,56.175],[26.404,56.186],[26.405,56.189],[26.397,56.191],[26.385,56.199],[26.376,56.203],[26.366,56.208],[26.333,56.191],[26.326,56.187],[26.32,56.191],[26.305,56.188],[26.295,56.184],[26.291,56.181],[26.31,56.173],[26.331,56.152],[26.337,56.142],[26.336,56.136],[26.331,56.128],[26.332,56.118],[26.331,56.108],[26.333,56.096],[26.325,56.099],[26.317,56.1],[26.317,56.104],[26.322,56.106],[26.32,56.114],[26.319,56.124],[26.31,56.124],[26.31,56.126],[26.317,56.131],[26.32,56.13],[26.325,56.142],[26.324,56.144],[26.317,56.145],[26.317,56.152],[26.315,56.155],[26.305,56.155],[26.299,56.155],[26.298,56.158],[26.292,56.159],[26.282,56.155],[26.275,56.159],[26.265,56.156],[26.262,56.147],[26.253,56.153],[26.256,56.158],[26.253,56.16],[26.254,56.165],[26.249,56.167],[26.249,56.172],[26.238,56.174],[26.237,56.171],[26.215,56.172],[26.136,56.13],[26.148,56.124],[26.151,56.112],[26.147,56.108],[26.148,56.105],[26.142,56.101],[26.138,56.1],[26.137,56.097],[26.127,56.096],[26.125,56.099],[26.12,56.103],[26.116,56.109],[26.108,56.113],[26.105,56.108],[26.097,56.106],[26.096,56.103],[26.091,56.1],[26.089,56.094],[26.092,56.091],[26.088,56.084],[26.082,56.086],[26.081,56.081],[26.075,56.08],[26.07,56.082],[26.064,56.077],[26.065,56.073],[26.052,56.067],[26.045,56.067],[26.035,56.069],[26.029,56.076],[26.03,56.08],[26.022,56.084],[26.016,56.084],[26.005,56.091],[25.98,56.08],[25.976,56.077],[25.977,56.074],[25.964,56.072],[25.959,56.068],[25.959,56.065],[25.949,56.062],[25.941,56.06],[25.937,56.06],[25.936,56.064],[25.931,56.067],[25.933,56.071],[25.931,56.076],[25.922,56.079],[25.921,56.082],[25.915,56.086],[25.906,56.088],[25.898,56.098],[25.888,56.1],[25.88,56.103],[25.873,56.108],[25.855,56.114],[25.844,56.114],[25.84,56.118],[25.833,56.118],[25.84,56.113],[25.842,56.101],[25.849,56.101],[25.859,56.094],[25.855,56.092],[25.858,56.089],[25.869,56.088],[25.874,56.085],[25.875,56.082],[25.84,56.075],[25.846,56.065],[25.834,56.063],[25.839,56.054],[25.829,56.052],[25.82,56.052]],[[26.627,55.868],[26.618,55.864],[26.61,55.862],[26.592,55.861],[26.573,55.862],[26.561,55.861],[26.563,55.855],[26.549,55.853],[26.546,55.852],[26.547,55.844],[26.538,55.843],[26.525,55.846],[26.515,55.846],[26.514,55.849],[26.508,55.848],[26.502,55.85],[26.497,55.846],[26.497,55.844],[26.498,55.841],[26.495,55.835],[26.486,55.837],[26.49,55.843],[26.495,55.843],[26.495,55.845],[26.497,55.845],[26.495,55.848],[26.488,55.851],[26.482,55.855],[26.477,55.86],[26.476,55.865],[26.477,55.869],[26.489,55.877],[26.476,55.884],[26.462,55.899],[26.441,55.912],[26.438,55.913],[26.448,55.92],[26.45,55.925],[26.461,55.924],[26.464,55.926],[26.484,55.921],[26.485,55.917],[26.488,55.915],[26.498,55.916],[26.509,55.913],[26.519,55.907],[26.539,55.905],[26.555,55.921],[26.591,55.958],[26.593,55.953],[26.593,55.946],[26.601,55.94],[26.611,55.925],[26.611,55.919],[26.605,55.909],[26.608,55.905],[26.606,55.9],[26.615,55.891],[26.608,55.881],[26.632,55.871],[26.627,55.868]]]}},{"type":"Feature","properties":{"id":13047871,"maakond_id":102,"name":"Rēzeknes novads","bbox":[26.723,56.172,27.722,56.831]},"geometry":{"type":"Polygon","coordinates":[[[26.925,56.831],[26.916,56.825],[26.909,56.816],[26.892,56.803],[26.856,56.775],[26.839,56.761],[26.79,56.722],[26.787,56.721],[26.778,56.713],[26.786,56.712],[26.794,56.705],[26.791,56.701],[26.783,56.696],[26.783,56.691],[26.778,56.688],[26.775,56.682],[26.777,56.678],[26.768,56.678],[26.774,56.672],[26.773,56.668],[26.778,56.665],[26.779,56.661],[26.774,56.658],[26.778,56.654],[26.78,56.651],[26.789,56.648],[26.78,56.642],[26.774,56.639],[26.772,56.635],[26.777,56.625],[26.774,56.621],[26.779,56.616],[26.785,56.615],[26.792,56.609],[26.78,56.606],[26.782,56.603],[26.77,56.601],[26.762,56.598],[26.745,56.598],[26.738,56.595],[26.731,56.589],[26.735,56.586],[26.728,56.578],[26.723,56.578],[26.729,56.571],[26.747,56.564],[26.744,56.561],[26.773,56.56],[26.769,56.556],[26.776,56.553],[26.779,56.55],[26.793,56.545],[26.804,56.546],[26.811,56.541],[26.82,56.54],[26.819,56.534],[26.825,56.531],[26.825,56.525],[26.807,56.524],[26.798,56.523],[26.796,56.517],[26.782,56.517],[26.775,56.512],[26.779,56.511],[26.807,56.511],[26.807,56.502],[26.805,56.499],[26.809,56.496],[26.819,56.495],[26.823,56.499],[26.832,56.499],[26.84,56.495],[26.845,56.499],[26.852,56.5],[26.86,56.497],[26.854,56.491],[26.858,56.483],[26.89,56.481],[26.895,56.479],[26.911,56.483],[26.916,56.484],[26.93,56.482],[26.929,56.476],[26.954,56.48],[26.949,56.467],[26.956,56.46],[26.949,56.458],[26.939,56.461],[26.935,56.46],[26.933,56.454],[26.923,56.448],[26.918,56.443],[26.92,56.439],[26.915,56.436],[26.917,56.432],[26.915,56.43],[26.919,56.424],[26.911,56.421],[26.903,56.42],[26.903,56.418],[26.895,56.418],[26.893,56.415],[26.896,56.408],[26.905,56.402],[26.916,56.398],[26.927,56.394],[26.936,56.391],[26.941,56.386],[26.941,56.382],[26.944,56.379],[26.957,56.376],[26.959,56.37],[26.956,56.367],[26.962,56.362],[26.972,56.358],[26.976,56.355],[26.978,56.349],[26.978,56.342],[26.987,56.339],[26.992,56.334],[26.997,56.334],[26.998,56.329],[26.984,56.319],[26.975,56.317],[26.969,56.32],[26.963,56.326],[26.95,56.327],[26.939,56.322],[26.945,56.313],[26.95,56.31],[26.95,56.306],[26.945,56.306],[26.944,56.298],[26.946,56.293],[26.966,56.293],[26.967,56.289],[26.975,56.287],[26.985,56.279],[26.988,56.278],[27.001,56.271],[27.009,56.264],[27.018,56.26],[27.009,56.257],[26.989,56.244],[26.995,56.242],[27.001,56.242],[27,56.238],[26.993,56.235],[26.991,56.233],[27,56.231],[27.002,56.23],[27.014,56.234],[27.014,56.226],[27.018,56.224],[27.024,56.226],[27.025,56.222],[27.031,56.217],[27.034,56.218],[27.039,56.216],[27.033,56.213],[27.027,56.209],[27.029,56.204],[27.047,56.192],[27.046,56.183],[27.048,56.179],[27.061,56.173],[27.085,56.174],[27.088,56.176],[27.099,56.176],[27.101,56.172],[27.109,56.172],[27.108,56.178],[27.103,56.181],[27.099,56.187],[27.1,56.192],[27.11,56.192],[27.111,56.187],[27.118,56.187],[27.114,56.193],[27.12,56.193],[27.136,56.197],[27.138,56.192],[27.146,56.195],[27.146,56.2],[27.148,56.205],[27.155,56.211],[27.164,56.215],[27.168,56.209],[27.176,56.206],[27.184,56.206],[27.189,56.208],[27.199,56.205],[27.207,56.207],[27.209,56.206],[27.22,56.206],[27.227,56.207],[27.234,56.21],[27.239,56.21],[27.245,56.207],[27.259,56.201],[27.272,56.199],[27.28,56.201],[27.289,56.205],[27.298,56.206],[27.3,56.202],[27.326,56.21],[27.336,56.209],[27.347,56.212],[27.379,56.211],[27.379,56.209],[27.39,56.205],[27.393,56.202],[27.401,56.204],[27.403,56.202],[27.41,56.204],[27.425,56.204],[27.42,56.209],[27.428,56.207],[27.432,56.212],[27.446,56.209],[27.454,56.214],[27.459,56.222],[27.449,56.222],[27.444,56.224],[27.437,56.224],[27.441,56.236],[27.455,56.236],[27.486,56.231],[27.512,56.239],[27.521,56.242],[27.534,56.246],[27.535,56.26],[27.538,56.262],[27.548,56.256],[27.545,56.249],[27.55,56.247],[27.551,56.244],[27.562,56.244],[27.573,56.247],[27.584,56.239],[27.586,56.24],[27.63,56.244],[27.655,56.253],[27.672,56.242],[27.681,56.248],[27.685,56.25],[27.697,56.252],[27.701,56.26],[27.699,56.263],[27.689,56.263],[27.684,56.267],[27.684,56.271],[27.681,56.277],[27.686,56.279],[27.695,56.287],[27.696,56.289],[27.703,56.293],[27.701,56.296],[27.712,56.295],[27.722,56.303],[27.722,56.309],[27.716,56.314],[27.715,56.317],[27.707,56.319],[27.701,56.323],[27.699,56.327],[27.686,56.33],[27.684,56.339],[27.686,56.343],[27.686,56.358],[27.693,56.36],[27.696,56.364],[27.688,56.367],[27.69,56.372],[27.687,56.375],[27.68,56.372],[27.676,56.374],[27.657,56.374],[27.65,56.374],[27.639,56.378],[27.642,56.381],[27.636,56.385],[27.628,56.385],[27.618,56.392],[27.616,56.398],[27.621,56.403],[27.633,56.401],[27.633,56.404],[27.618,56.409],[27.628,56.422],[27.623,56.423],[27.608,56.424],[27.605,56.421],[27.591,56.419],[27.586,56.419],[27.585,56.423],[27.598,56.423],[27.597,56.428],[27.588,56.431],[27.58,56.433],[27.572,56.445],[27.563,56.454],[27.549,56.465],[27.56,56.471],[27.555,56.48],[27.548,56.478],[27.541,56.478],[27.534,56.471],[27.531,56.468],[27.52,56.463],[27.507,56.463],[27.5,56.473],[27.498,56.481],[27.506,56.489],[27.499,56.493],[27.486,56.498],[27.488,56.506],[27.497,56.508],[27.501,56.511],[27.487,56.514],[27.49,56.517],[27.486,56.52],[27.488,56.523],[27.498,56.526],[27.504,56.534],[27.495,56.532],[27.488,56.534],[27.486,56.536],[27.518,56.537],[27.527,56.536],[27.54,56.53],[27.548,56.534],[27.556,56.536],[27.561,56.542],[27.571,56.542],[27.579,56.546],[27.577,56.553],[27.574,56.557],[27.579,56.558],[27.577,56.561],[27.581,56.567],[27.579,56.569],[27.571,56.569],[27.568,56.57],[27.567,56.576],[27.562,56.579],[27.565,56.582],[27.561,56.586],[27.558,56.592],[27.558,56.6],[27.568,56.604],[27.568,56.612],[27.573,56.615],[27.58,56.618],[27.587,56.624],[27.586,56.63],[27.583,56.632],[27.571,56.632],[27.569,56.634],[27.557,56.635],[27.554,56.635],[27.554,56.646],[27.536,56.654],[27.509,56.659],[27.492,56.648],[27.48,56.654],[27.475,56.668],[27.472,56.668],[27.464,56.674],[27.468,56.677],[27.48,56.681],[27.482,56.68],[27.489,56.683],[27.49,56.688],[27.484,56.688],[27.482,56.691],[27.488,56.693],[27.49,56.699],[27.488,56.701],[27.491,56.706],[27.485,56.707],[27.486,56.711],[27.49,56.715],[27.485,56.724],[27.487,56.731],[27.498,56.734],[27.511,56.733],[27.514,56.737],[27.52,56.75],[27.515,56.755],[27.516,56.758],[27.504,56.757],[27.508,56.764],[27.503,56.769],[27.505,56.772],[27.495,56.773],[27.49,56.769],[27.483,56.767],[27.48,56.771],[27.48,56.776],[27.489,56.779],[27.486,56.785],[27.463,56.78],[27.45,56.781],[27.447,56.782],[27.428,56.781],[27.415,56.782],[27.401,56.778],[27.388,56.776],[27.373,56.777],[27.364,56.782],[27.357,56.781],[27.351,56.783],[27.342,56.784],[27.334,56.78],[27.319,56.781],[27.309,56.783],[27.307,56.785],[27.285,56.791],[27.272,56.791],[27.215,56.79],[27.212,56.792],[27.182,56.792],[27.177,56.8],[27.169,56.801],[27.163,56.807],[27.16,56.813],[27.128,56.803],[27.12,56.813],[27.113,56.811],[27.104,56.81],[27.086,56.81],[27.082,56.809],[27.069,56.813],[27.066,56.809],[27.07,56.804],[27.069,56.798],[27.021,56.8],[27.029,56.814],[27.007,56.818],[27.006,56.817],[26.985,56.819],[26.968,56.803],[26.962,56.804],[26.965,56.815],[26.925,56.831]],[[27.325,56.53],[27.332,56.53],[27.34,56.538],[27.35,56.537],[27.346,56.531],[27.363,56.528],[27.365,56.532],[27.373,56.532],[27.373,56.522],[27.364,56.52],[27.368,56.517],[27.379,56.517],[27.379,56.514],[27.372,56.513],[27.366,56.512],[27.367,56.506],[27.375,56.506],[27.371,56.499],[27.366,56.5],[27.361,56.496],[27.353,56.496],[27.348,56.488],[27.349,56.484],[27.34,56.478],[27.338,56.481],[27.33,56.486],[27.328,56.491],[27.32,56.493],[27.317,56.491],[27.311,56.494],[27.307,56.498],[27.308,56.502],[27.314,56.505],[27.318,56.51],[27.312,56.51],[27.308,56.514],[27.308,56.518],[27.312,56.526],[27.308,56.53],[27.323,56.533],[27.325,56.53]]]}},{"type":"Feature","properties":{"id":13047872,"maakond_id":102,"name":"Ludzas novads","bbox":[27.345,56.136,28.241,56.879]},"geometry":{"type":"Polygon","coordinates":[[[28.064,56.137],[28.068,56.14],[28.093,56.136],[28.093,56.146],[28.095,56.151],[28.104,56.153],[28.11,56.158],[28.114,56.163],[28.123,56.166],[28.129,56.166],[28.133,56.167],[28.137,56.172],[28.144,56.17],[28.156,56.171],[28.166,56.175],[28.178,56.179],[28.178,56.187],[28.179,56.192],[28.185,56.194],[28.187,56.2],[28.184,56.203],[28.176,56.205],[28.187,56.208],[28.193,56.208],[28.199,56.21],[28.204,56.215],[28.202,56.217],[28.194,56.217],[28.188,56.219],[28.184,56.226],[28.187,56.232],[28.189,56.233],[28.198,56.242],[28.204,56.243],[28.207,56.245],[28.218,56.248],[28.219,56.252],[28.228,56.261],[28.24,56.271],[28.241,56.279],[28.238,56.285],[28.231,56.294],[28.231,56.297],[28.221,56.304],[28.22,56.309],[28.206,56.323],[28.203,56.332],[28.199,56.338],[28.201,56.343],[28.194,56.352],[28.194,56.358],[28.19,56.362],[28.176,56.368],[28.166,56.375],[28.163,56.38],[28.168,56.38],[28.17,56.386],[28.178,56.394],[28.18,56.398],[28.189,56.404],[28.194,56.406],[28.186,56.412],[28.183,56.421],[28.183,56.428],[28.187,56.429],[28.192,56.437],[28.194,56.441],[28.193,56.448],[28.191,56.452],[28.175,56.454],[28.173,56.457],[28.167,56.46],[28.167,56.462],[28.157,56.467],[28.156,56.472],[28.151,56.476],[28.143,56.478],[28.139,56.486],[28.13,56.491],[28.129,56.494],[28.126,56.496],[28.13,56.501],[28.128,56.503],[28.137,56.508],[28.126,56.516],[28.11,56.509],[28.102,56.509],[28.095,56.513],[28.097,56.524],[28.092,56.53],[28.101,56.532],[28.1,56.539],[28.106,56.543],[28.117,56.546],[28.123,56.546],[28.127,56.548],[28.136,56.549],[28.142,56.554],[28.138,56.558],[28.137,56.565],[28.139,56.569],[28.143,56.572],[28.135,56.576],[28.135,56.579],[28.127,56.582],[28.115,56.583],[28.111,56.582],[28.099,56.582],[28.075,56.586],[28.067,56.585],[28.062,56.586],[28.055,56.584],[28.05,56.589],[28.043,56.59],[28.041,56.593],[28.039,56.608],[28.033,56.613],[28.011,56.637],[28.013,56.672],[28.007,56.676],[28.002,56.684],[27.997,56.685],[27.994,56.689],[27.985,56.689],[27.979,56.69],[27.976,56.693],[27.98,56.701],[27.981,56.706],[27.975,56.708],[27.962,56.707],[27.962,56.712],[27.957,56.715],[27.946,56.716],[27.945,56.723],[27.936,56.728],[27.928,56.729],[27.918,56.733],[27.915,56.739],[27.912,56.742],[27.914,56.745],[27.905,56.747],[27.898,56.753],[27.9,56.759],[27.912,56.768],[27.915,56.773],[27.921,56.775],[27.934,56.773],[27.945,56.777],[27.947,56.783],[27.941,56.788],[27.941,56.794],[27.944,56.799],[27.943,56.802],[27.948,56.805],[27.953,56.805],[27.96,56.808],[27.965,56.806],[27.969,56.809],[27.977,56.812],[27.978,56.815],[27.976,56.818],[27.97,56.821],[27.976,56.825],[27.967,56.827],[27.971,56.83],[27.963,56.836],[27.959,56.833],[27.945,56.83],[27.935,56.826],[27.915,56.824],[27.904,56.821],[27.899,56.83],[27.899,56.838],[27.896,56.839],[27.886,56.852],[27.884,56.857],[27.877,56.861],[27.871,56.868],[27.876,56.874],[27.874,56.877],[27.849,56.879],[27.845,56.875],[27.837,56.873],[27.826,56.868],[27.805,56.864],[27.796,56.863],[27.789,56.865],[27.778,56.862],[27.766,56.863],[27.756,56.86],[27.752,56.857],[27.746,56.857],[27.743,56.854],[27.733,56.857],[27.731,56.853],[27.727,56.853],[27.72,56.851],[27.719,56.847],[27.704,56.847],[27.703,56.842],[27.694,56.839],[27.692,56.837],[27.664,56.836],[27.659,56.834],[27.643,56.832],[27.637,56.832],[27.633,56.836],[27.619,56.839],[27.615,56.845],[27.617,56.847],[27.608,56.851],[27.603,56.858],[27.59,56.856],[27.573,56.856],[27.569,56.86],[27.573,56.863],[27.564,56.865],[27.564,56.87],[27.57,56.869],[27.569,56.877],[27.534,56.877],[27.535,56.866],[27.547,56.861],[27.547,56.859],[27.518,56.856],[27.498,56.854],[27.444,56.853],[27.426,56.853],[27.425,56.848],[27.418,56.846],[27.404,56.84],[27.397,56.84],[27.398,56.835],[27.391,56.834],[27.382,56.83],[27.416,56.832],[27.416,56.83],[27.404,56.829],[27.398,56.827],[27.407,56.824],[27.393,56.817],[27.383,56.816],[27.382,56.82],[27.374,56.817],[27.371,56.821],[27.381,56.823],[27.378,56.828],[27.37,56.825],[27.366,56.828],[27.355,56.819],[27.351,56.821],[27.346,56.817],[27.346,56.808],[27.353,56.809],[27.353,56.803],[27.346,56.804],[27.345,56.789],[27.35,56.79],[27.351,56.783],[27.357,56.781],[27.364,56.782],[27.373,56.777],[27.388,56.776],[27.401,56.778],[27.415,56.782],[27.428,56.781],[27.447,56.782],[27.45,56.781],[27.463,56.78],[27.486,56.785],[27.489,56.779],[27.48,56.776],[27.48,56.771],[27.483,56.767],[27.49,56.769],[27.495,56.773],[27.505,56.772],[27.503,56.769],[27.508,56.764],[27.504,56.757],[27.516,56.758],[27.515,56.755],[27.52,56.75],[27.514,56.737],[27.511,56.733],[27.498,56.734],[27.487,56.731],[27.485,56.724],[27.49,56.715],[27.486,56.711],[27.485,56.707],[27.491,56.706],[27.488,56.701],[27.49,56.699],[27.488,56.693],[27.482,56.691],[27.484,56.688],[27.49,56.688],[27.489,56.683],[27.482,56.68],[27.48,56.681],[27.468,56.677],[27.464,56.674],[27.472,56.668],[27.475,56.668],[27.48,56.654],[27.492,56.648],[27.509,56.659],[27.536,56.654],[27.554,56.646],[27.554,56.635],[27.557,56.635],[27.569,56.634],[27.571,56.632],[27.583,56.632],[27.586,56.63],[27.587,56.624],[27.58,56.618],[27.573,56.615],[27.568,56.612],[27.568,56.604],[27.558,56.6],[27.558,56.592],[27.561,56.586],[27.565,56.582],[27.562,56.579],[27.567,56.576],[27.568,56.57],[27.571,56.569],[27.579,56.569],[27.581,56.567],[27.577,56.561],[27.579,56.558],[27.574,56.557],[27.577,56.553],[27.579,56.546],[27.571,56.542],[27.561,56.542],[27.556,56.536],[27.548,56.534],[27.54,56.53],[27.527,56.536],[27.518,56.537],[27.486,56.536],[27.488,56.534],[27.495,56.532],[27.504,56.534],[27.498,56.526],[27.488,56.523],[27.486,56.52],[27.49,56.517],[27.487,56.514],[27.501,56.511],[27.497,56.508],[27.488,56.506],[27.486,56.498],[27.499,56.493],[27.506,56.489],[27.498,56.481],[27.5,56.473],[27.507,56.463],[27.52,56.463],[27.531,56.468],[27.534,56.471],[27.541,56.478],[27.548,56.478],[27.555,56.48],[27.56,56.471],[27.549,56.465],[27.563,56.454],[27.572,56.445],[27.58,56.433],[27.588,56.431],[27.597,56.428],[27.598,56.423],[27.585,56.423],[27.586,56.419],[27.591,56.419],[27.605,56.421],[27.608,56.424],[27.623,56.423],[27.628,56.422],[27.618,56.409],[27.633,56.404],[27.633,56.401],[27.621,56.403],[27.616,56.398],[27.618,56.392],[27.628,56.385],[27.636,56.385],[27.642,56.381],[27.639,56.378],[27.65,56.374],[27.657,56.374],[27.676,56.374],[27.68,56.372],[27.687,56.375],[27.69,56.372],[27.688,56.367],[27.696,56.364],[27.693,56.36],[27.686,56.358],[27.686,56.343],[27.684,56.339],[27.686,56.33],[27.699,56.327],[27.701,56.323],[27.707,56.319],[27.715,56.317],[27.716,56.314],[27.722,56.309],[27.722,56.303],[27.712,56.295],[27.701,56.296],[27.703,56.293],[27.696,56.289],[27.695,56.287],[27.686,56.279],[27.681,56.277],[27.684,56.271],[27.684,56.267],[27.689,56.263],[27.699,56.263],[27.701,56.26],[27.697,56.252],[27.685,56.25],[27.681,56.248],[27.672,56.242],[27.676,56.237],[27.682,56.234],[27.682,56.227],[27.687,56.225],[27.698,56.225],[27.71,56.212],[27.713,56.212],[27.716,56.206],[27.722,56.205],[27.725,56.201],[27.732,56.2],[27.739,56.202],[27.744,56.2],[27.744,56.197],[27.749,56.195],[27.756,56.197],[27.775,56.2],[27.783,56.196],[27.808,56.198],[27.811,56.195],[27.819,56.195],[27.819,56.189],[27.822,56.186],[27.834,56.184],[27.837,56.188],[27.843,56.185],[27.845,56.18],[27.849,56.177],[27.858,56.179],[27.865,56.188],[27.872,56.189],[27.883,56.195],[27.889,56.195],[27.896,56.192],[27.893,56.185],[27.898,56.184],[27.906,56.179],[27.916,56.183],[27.914,56.189],[27.916,56.191],[27.927,56.193],[27.933,56.196],[27.94,56.199],[27.954,56.198],[27.96,56.195],[27.982,56.197],[27.987,56.201],[27.992,56.203],[28.002,56.204],[28.006,56.211],[28.019,56.212],[28.024,56.216],[28.03,56.214],[28.037,56.215],[28.042,56.219],[28.047,56.212],[28.055,56.218],[28.059,56.218],[28.062,56.214],[28.052,56.21],[28.056,56.203],[28.067,56.203],[28.073,56.207],[28.073,56.21],[28.069,56.212],[28.074,56.215],[28.096,56.206],[28.09,56.202],[28.081,56.198],[28.069,56.19],[28.07,56.179],[28.054,56.173],[28.058,56.169],[28.036,56.161],[28.046,56.154],[28.053,56.154],[28.062,56.148],[28.059,56.141],[28.064,56.137]]]}},{"type":"Feature","properties":{"id":13047873,"maakond_id":102,"name":"Balvu novads","bbox":[26.856,56.78,27.87,57.371]},"geometry":{"type":"Polygon","coordinates":[[[27.659,56.834],[27.659,56.843],[27.655,56.853],[27.661,56.862],[27.671,56.87],[27.672,56.884],[27.674,56.885],[27.671,56.894],[27.679,56.901],[27.686,56.912],[27.687,56.916],[27.705,56.912],[27.724,56.915],[27.73,56.92],[27.737,56.92],[27.742,56.957],[27.77,57.005],[27.732,57.001],[27.721,57.003],[27.718,57.003],[27.715,57.007],[27.719,57.014],[27.723,57.018],[27.729,57.027],[27.729,57.038],[27.736,57.047],[27.745,57.05],[27.749,57.055],[27.747,57.059],[27.744,57.062],[27.743,57.068],[27.752,57.077],[27.763,57.08],[27.768,57.083],[27.765,57.087],[27.752,57.084],[27.745,57.087],[27.743,57.09],[27.731,57.091],[27.719,57.093],[27.715,57.098],[27.722,57.1],[27.732,57.101],[27.737,57.103],[27.743,57.1],[27.752,57.098],[27.753,57.107],[27.742,57.112],[27.737,57.111],[27.734,57.113],[27.738,57.119],[27.747,57.12],[27.756,57.124],[27.752,57.127],[27.757,57.131],[27.768,57.132],[27.783,57.135],[27.79,57.135],[27.801,57.137],[27.807,57.141],[27.817,57.142],[27.82,57.152],[27.824,57.153],[27.822,57.158],[27.826,57.162],[27.833,57.167],[27.826,57.172],[27.834,57.179],[27.835,57.182],[27.826,57.192],[27.831,57.199],[27.826,57.2],[27.83,57.205],[27.83,57.208],[27.841,57.211],[27.842,57.214],[27.838,57.22],[27.843,57.224],[27.844,57.23],[27.854,57.237],[27.859,57.245],[27.864,57.244],[27.87,57.248],[27.866,57.252],[27.868,57.254],[27.864,57.258],[27.866,57.261],[27.86,57.263],[27.862,57.277],[27.868,57.282],[27.868,57.286],[27.867,57.296],[27.861,57.298],[27.859,57.302],[27.85,57.303],[27.843,57.308],[27.843,57.311],[27.836,57.312],[27.831,57.32],[27.824,57.323],[27.815,57.324],[27.782,57.32],[27.774,57.328],[27.773,57.331],[27.776,57.335],[27.78,57.336],[27.779,57.343],[27.767,57.348],[27.757,57.351],[27.757,57.355],[27.738,57.359],[27.721,57.361],[27.691,57.371],[27.693,57.331],[27.682,57.328],[27.683,57.324],[27.669,57.322],[27.664,57.324],[27.657,57.322],[27.654,57.318],[27.645,57.315],[27.642,57.31],[27.633,57.308],[27.623,57.31],[27.592,57.307],[27.591,57.279],[27.561,57.28],[27.561,57.265],[27.556,57.262],[27.547,57.265],[27.525,57.265],[27.52,57.259],[27.517,57.257],[27.501,57.261],[27.5,57.265],[27.496,57.265],[27.495,57.282],[27.461,57.283],[27.461,57.264],[27.426,57.264],[27.423,57.26],[27.425,57.258],[27.42,57.254],[27.403,57.254],[27.356,57.287],[27.343,57.282],[27.329,57.281],[27.323,57.278],[27.315,57.271],[27.306,57.267],[27.301,57.266],[27.294,57.261],[27.296,57.255],[27.294,57.252],[27.284,57.25],[27.275,57.248],[27.271,57.251],[27.263,57.252],[27.255,57.247],[27.243,57.253],[27.228,57.235],[27.229,57.233],[27.203,57.24],[27.195,57.231],[27.171,57.225],[27.163,57.227],[27.156,57.219],[27.148,57.215],[27.142,57.211],[27.141,57.203],[27.131,57.2],[27.13,57.198],[27.122,57.195],[27.117,57.191],[27.1,57.181],[27.103,57.177],[27.1,57.173],[27.088,57.167],[27.086,57.168],[27.068,57.165],[27.05,57.149],[27.039,57.131],[26.989,57.099],[26.976,57.09],[26.972,57.086],[26.965,57.064],[26.949,57.054],[26.938,57.045],[26.929,57.042],[26.909,57.038],[26.899,57.038],[26.895,57.036],[26.888,57.039],[26.883,57.036],[26.88,57.031],[26.886,57.028],[26.88,57.026],[26.876,57.028],[26.873,57.021],[26.866,57.022],[26.862,57.021],[26.862,57.017],[26.868,57.017],[26.87,57.014],[26.865,57.012],[26.856,57.015],[26.858,57.011],[26.862,57.009],[26.859,57.006],[26.872,57.006],[26.876,56.999],[26.87,56.999],[26.871,56.995],[26.868,56.993],[26.869,56.99],[26.864,56.987],[26.863,56.984],[26.862,56.981],[26.866,56.974],[26.871,56.975],[26.875,56.978],[26.885,56.979],[26.893,56.978],[26.899,56.981],[26.904,56.978],[26.908,56.979],[26.921,56.974],[26.918,56.971],[26.921,56.969],[26.919,56.966],[26.918,56.96],[26.913,56.956],[26.913,56.95],[26.907,56.946],[26.904,56.94],[26.899,56.937],[26.915,56.934],[26.92,56.93],[26.927,56.929],[26.934,56.925],[26.944,56.927],[26.955,56.924],[26.965,56.92],[26.966,56.907],[26.968,56.903],[26.966,56.898],[26.969,56.896],[26.971,56.892],[26.967,56.889],[26.977,56.878],[26.986,56.876],[26.991,56.872],[26.987,56.87],[26.991,56.867],[26.984,56.864],[26.981,56.859],[26.975,56.854],[26.97,56.854],[26.966,56.85],[26.959,56.85],[26.959,56.846],[26.95,56.846],[26.943,56.841],[26.939,56.835],[26.934,56.833],[26.925,56.831],[26.965,56.815],[26.962,56.804],[26.968,56.803],[26.985,56.819],[27.006,56.817],[27.007,56.818],[27.029,56.814],[27.021,56.8],[27.069,56.798],[27.07,56.804],[27.066,56.809],[27.069,56.813],[27.082,56.809],[27.086,56.81],[27.104,56.81],[27.113,56.811],[27.12,56.813],[27.128,56.803],[27.16,56.813],[27.163,56.807],[27.169,56.801],[27.177,56.8],[27.182,56.792],[27.212,56.792],[27.215,56.79],[27.272,56.791],[27.285,56.791],[27.307,56.785],[27.309,56.783],[27.319,56.781],[27.334,56.78],[27.342,56.784],[27.351,56.783],[27.35,56.79],[27.345,56.789],[27.346,56.804],[27.353,56.803],[27.353,56.809],[27.346,56.808],[27.346,56.817],[27.351,56.821],[27.355,56.819],[27.366,56.828],[27.37,56.825],[27.378,56.828],[27.381,56.823],[27.371,56.821],[27.374,56.817],[27.382,56.82],[27.383,56.816],[27.393,56.817],[27.407,56.824],[27.398,56.827],[27.404,56.829],[27.416,56.83],[27.416,56.832],[27.382,56.83],[27.391,56.834],[27.398,56.835],[27.397,56.84],[27.404,56.84],[27.418,56.846],[27.425,56.848],[27.426,56.853],[27.444,56.853],[27.498,56.854],[27.518,56.856],[27.547,56.859],[27.547,56.861],[27.535,56.866],[27.534,56.877],[27.569,56.877],[27.57,56.869],[27.564,56.87],[27.564,56.865],[27.573,56.863],[27.569,56.86],[27.573,56.856],[27.59,56.856],[27.603,56.858],[27.608,56.851],[27.617,56.847],[27.615,56.845],[27.619,56.839],[27.633,56.836],[27.637,56.832],[27.643,56.832],[27.659,56.834]]]}},{"type":"Feature","properties":{"id":13047874,"maakond_id":104,"name":"Smiltenes novads","bbox":[25.508,57.183,26.843,57.588]},"geometry":{"type":"Polygon","coordinates":[[[25.943,57.534],[25.946,57.53],[25.932,57.526],[25.941,57.522],[25.938,57.512],[25.957,57.502],[25.953,57.498],[25.944,57.495],[25.949,57.49],[25.941,57.484],[25.938,57.478],[25.924,57.479],[25.915,57.47],[25.911,57.474],[25.902,57.477],[25.894,57.481],[25.899,57.483],[25.898,57.486],[25.904,57.487],[25.907,57.49],[25.906,57.495],[25.898,57.499],[25.891,57.497],[25.887,57.493],[25.895,57.493],[25.896,57.489],[25.885,57.49],[25.881,57.493],[25.863,57.492],[25.858,57.491],[25.843,57.492],[25.824,57.489],[25.814,57.492],[25.806,57.493],[25.795,57.493],[25.789,57.495],[25.777,57.493],[25.771,57.495],[25.764,57.495],[25.754,57.498],[25.746,57.5],[25.737,57.5],[25.741,57.496],[25.738,57.492],[25.732,57.489],[25.722,57.487],[25.718,57.49],[25.716,57.494],[25.709,57.493],[25.71,57.491],[25.681,57.486],[25.682,57.482],[25.674,57.476],[25.668,57.473],[25.675,57.471],[25.673,57.468],[25.665,57.466],[25.655,57.463],[25.658,57.461],[25.668,57.451],[25.663,57.445],[25.651,57.439],[25.64,57.426],[25.641,57.422],[25.634,57.418],[25.628,57.411],[25.633,57.409],[25.629,57.404],[25.623,57.4],[25.611,57.4],[25.611,57.394],[25.607,57.383],[25.604,57.38],[25.583,57.379],[25.587,57.385],[25.582,57.386],[25.569,57.385],[25.566,57.38],[25.56,57.378],[25.55,57.38],[25.544,57.378],[25.537,57.379],[25.529,57.373],[25.521,57.369],[25.518,57.366],[25.508,57.365],[25.51,57.362],[25.508,57.358],[25.512,57.357],[25.512,57.351],[25.53,57.345],[25.541,57.34],[25.542,57.337],[25.549,57.334],[25.547,57.33],[25.55,57.322],[25.551,57.315],[25.555,57.312],[25.565,57.309],[25.558,57.303],[25.576,57.297],[25.584,57.299],[25.588,57.294],[25.594,57.291],[25.602,57.289],[25.594,57.283],[25.59,57.278],[25.6,57.269],[25.606,57.273],[25.613,57.271],[25.615,57.268],[25.631,57.27],[25.634,57.272],[25.642,57.273],[25.65,57.276],[25.659,57.277],[25.664,57.281],[25.677,57.279],[25.684,57.28],[25.689,57.276],[25.709,57.276],[25.707,57.268],[25.715,57.265],[25.72,57.262],[25.725,57.264],[25.739,57.275],[25.747,57.276],[25.757,57.275],[25.763,57.273],[25.758,57.269],[25.75,57.259],[25.747,57.25],[25.749,57.247],[25.756,57.244],[25.753,57.242],[25.753,57.238],[25.75,57.235],[25.746,57.225],[25.743,57.221],[25.744,57.217],[25.744,57.21],[25.755,57.209],[25.761,57.203],[25.764,57.206],[25.773,57.206],[25.783,57.21],[25.805,57.214],[25.807,57.212],[25.822,57.213],[25.825,57.207],[25.83,57.205],[25.834,57.201],[25.845,57.198],[25.854,57.194],[25.856,57.189],[25.86,57.187],[25.872,57.189],[25.882,57.186],[25.896,57.186],[25.903,57.189],[25.91,57.186],[25.913,57.183],[25.918,57.184],[25.921,57.191],[25.93,57.189],[25.939,57.192],[25.947,57.193],[25.961,57.197],[25.964,57.2],[25.972,57.2],[25.978,57.202],[25.98,57.205],[25.993,57.21],[26,57.215],[26.01,57.216],[26.013,57.219],[26.009,57.222],[26.002,57.224],[25.998,57.235],[26,57.236],[25.996,57.245],[26.004,57.25],[26.022,57.249],[26.028,57.25],[26.033,57.252],[26.043,57.248],[26.053,57.247],[26.058,57.248],[26.059,57.252],[26.054,57.259],[26.055,57.262],[26.05,57.265],[26.06,57.27],[26.067,57.277],[26.081,57.279],[26.085,57.282],[26.091,57.282],[26.104,57.278],[26.113,57.277],[26.124,57.272],[26.126,57.275],[26.137,57.275],[26.141,57.278],[26.155,57.275],[26.16,57.28],[26.184,57.277],[26.221,57.28],[26.268,57.281],[26.256,57.294],[26.252,57.299],[26.251,57.304],[26.253,57.307],[26.269,57.309],[26.273,57.305],[26.278,57.304],[26.287,57.309],[26.291,57.315],[26.285,57.322],[26.276,57.321],[26.272,57.326],[26.275,57.329],[26.354,57.316],[26.441,57.33],[26.436,57.333],[26.433,57.339],[26.43,57.34],[26.431,57.346],[26.425,57.35],[26.419,57.349],[26.412,57.344],[26.41,57.341],[26.403,57.339],[26.395,57.34],[26.387,57.35],[26.387,57.354],[26.39,57.356],[26.406,57.355],[26.415,57.356],[26.42,57.351],[26.428,57.354],[26.428,57.361],[26.432,57.365],[26.43,57.369],[26.489,57.373],[26.483,57.377],[26.483,57.379],[26.475,57.381],[26.477,57.384],[26.472,57.389],[26.471,57.394],[26.473,57.399],[26.469,57.404],[26.481,57.407],[26.48,57.402],[26.496,57.399],[26.508,57.405],[26.518,57.403],[26.524,57.409],[26.528,57.407],[26.524,57.401],[26.529,57.394],[26.534,57.391],[26.541,57.395],[26.55,57.39],[26.574,57.403],[26.598,57.389],[26.595,57.397],[26.616,57.406],[26.617,57.412],[26.627,57.416],[26.629,57.42],[26.635,57.418],[26.642,57.414],[26.646,57.415],[26.651,57.414],[26.665,57.415],[26.676,57.414],[26.678,57.418],[26.685,57.419],[26.691,57.418],[26.699,57.419],[26.703,57.417],[26.718,57.413],[26.721,57.412],[26.72,57.425],[26.738,57.445],[26.736,57.448],[26.736,57.455],[26.733,57.459],[26.738,57.463],[26.738,57.47],[26.747,57.471],[26.751,57.475],[26.746,57.477],[26.741,57.484],[26.745,57.485],[26.749,57.488],[26.756,57.486],[26.761,57.491],[26.767,57.489],[26.773,57.494],[26.787,57.501],[26.792,57.501],[26.8,57.498],[26.807,57.497],[26.81,57.499],[26.821,57.498],[26.826,57.5],[26.832,57.5],[26.836,57.504],[26.833,57.508],[26.829,57.507],[26.824,57.51],[26.826,57.52],[26.833,57.525],[26.843,57.53],[26.833,57.541],[26.842,57.543],[26.84,57.558],[26.83,57.561],[26.82,57.563],[26.819,57.566],[26.823,57.571],[26.833,57.572],[26.834,57.576],[26.839,57.578],[26.835,57.583],[26.815,57.582],[26.81,57.584],[26.797,57.582],[26.793,57.573],[26.782,57.579],[26.782,57.573],[26.775,57.561],[26.77,57.56],[26.758,57.566],[26.769,57.57],[26.773,57.574],[26.768,57.577],[26.749,57.578],[26.753,57.58],[26.738,57.588],[26.729,57.58],[26.738,57.576],[26.731,57.569],[26.724,57.572],[26.712,57.567],[26.708,57.566],[26.7,57.571],[26.697,57.567],[26.692,57.566],[26.676,57.567],[26.67,57.563],[26.672,57.558],[26.672,57.554],[26.665,57.553],[26.656,57.554],[26.647,57.554],[26.643,57.547],[26.634,57.544],[26.615,57.529],[26.617,57.509],[26.606,57.515],[26.591,57.516],[26.593,57.52],[26.587,57.526],[26.586,57.529],[26.589,57.536],[26.585,57.54],[26.58,57.537],[26.579,57.534],[26.571,57.533],[26.561,57.528],[26.561,57.523],[26.566,57.52],[26.563,57.517],[26.557,57.514],[26.525,57.516],[26.5,57.525],[26.491,57.545],[26.469,57.576],[26.402,57.572],[26.345,57.584],[26.335,57.58],[26.333,57.576],[26.338,57.575],[26.343,57.577],[26.348,57.574],[26.353,57.575],[26.357,57.572],[26.361,57.574],[26.365,57.571],[26.359,57.567],[26.336,57.554],[26.334,57.545],[26.342,57.543],[26.344,57.54],[26.339,57.536],[26.334,57.537],[26.329,57.534],[26.34,57.534],[26.349,57.528],[26.343,57.523],[26.347,57.523],[26.35,57.518],[26.368,57.517],[26.371,57.515],[26.368,57.509],[26.363,57.506],[26.31,57.499],[26.306,57.509],[26.312,57.513],[26.319,57.514],[26.315,57.52],[26.312,57.523],[26.307,57.523],[26.296,57.52],[26.283,57.524],[26.278,57.52],[26.27,57.518],[26.262,57.511],[26.244,57.519],[26.24,57.515],[26.236,57.516],[26.23,57.522],[26.234,57.532],[26.244,57.533],[26.252,57.536],[26.254,57.54],[26.235,57.538],[26.225,57.535],[26.209,57.538],[26.207,57.542],[26.183,57.545],[26.174,57.541],[26.172,57.537],[26.149,57.54],[26.144,57.546],[26.141,57.547],[26.14,57.553],[26.133,57.552],[26.128,57.561],[26.112,57.56],[26.112,57.555],[26.102,57.553],[26.094,57.55],[26.079,57.552],[26.074,57.555],[26.069,57.556],[26.064,57.554],[26.055,57.555],[26.049,57.554],[26.04,57.552],[26.019,57.552],[25.993,57.55],[25.983,57.549],[25.982,57.546],[25.977,57.542],[25.967,57.545],[25.965,57.545],[25.964,57.539],[25.961,57.536],[25.955,57.537],[25.953,57.535],[25.943,57.534]]]}},{"type":"Feature","properties":{"id":13047875,"maakond_id":104,"name":"Valmieras novads","bbox":[24.834,57.384,25.994,58.086]},"geometry":{"type":"Polygon","coordinates":[[[25.665,57.466],[25.673,57.468],[25.675,57.471],[25.668,57.473],[25.674,57.476],[25.682,57.482],[25.681,57.486],[25.71,57.491],[25.709,57.493],[25.716,57.494],[25.718,57.49],[25.722,57.487],[25.732,57.489],[25.738,57.492],[25.741,57.496],[25.737,57.5],[25.746,57.5],[25.754,57.498],[25.764,57.495],[25.771,57.495],[25.777,57.493],[25.789,57.495],[25.795,57.493],[25.806,57.493],[25.814,57.492],[25.824,57.489],[25.843,57.492],[25.858,57.491],[25.863,57.492],[25.881,57.493],[25.885,57.49],[25.896,57.489],[25.895,57.493],[25.887,57.493],[25.891,57.497],[25.898,57.499],[25.906,57.495],[25.907,57.49],[25.904,57.487],[25.898,57.486],[25.899,57.483],[25.894,57.481],[25.902,57.477],[25.911,57.474],[25.915,57.47],[25.924,57.479],[25.938,57.478],[25.941,57.484],[25.949,57.49],[25.944,57.495],[25.953,57.498],[25.957,57.502],[25.938,57.512],[25.941,57.522],[25.932,57.526],[25.946,57.53],[25.943,57.534],[25.933,57.534],[25.922,57.532],[25.918,57.529],[25.91,57.527],[25.903,57.53],[25.898,57.527],[25.894,57.528],[25.884,57.531],[25.878,57.538],[25.873,57.538],[25.877,57.543],[25.885,57.544],[25.889,57.546],[25.897,57.556],[25.913,57.562],[25.916,57.568],[25.916,57.587],[25.904,57.589],[25.9,57.593],[25.878,57.594],[25.876,57.596],[25.862,57.597],[25.856,57.596],[25.852,57.601],[25.86,57.601],[25.87,57.603],[25.873,57.6],[25.883,57.6],[25.891,57.598],[25.897,57.603],[25.907,57.599],[25.915,57.606],[25.913,57.609],[25.921,57.609],[25.936,57.612],[25.937,57.616],[25.944,57.621],[25.946,57.618],[25.953,57.625],[25.959,57.622],[25.964,57.623],[25.962,57.63],[25.967,57.635],[25.973,57.636],[25.978,57.64],[25.976,57.649],[25.98,57.651],[25.975,57.658],[25.975,57.661],[25.985,57.661],[25.988,57.658],[25.993,57.661],[25.991,57.664],[25.994,57.666],[25.988,57.668],[25.982,57.667],[25.979,57.67],[25.938,57.675],[25.937,57.672],[25.927,57.673],[25.929,57.678],[25.876,57.684],[25.855,57.686],[25.857,57.692],[25.856,57.694],[25.86,57.703],[25.849,57.702],[25.84,57.704],[25.828,57.702],[25.841,57.734],[25.836,57.736],[25.846,57.742],[25.839,57.747],[25.829,57.742],[25.821,57.742],[25.812,57.737],[25.802,57.738],[25.798,57.736],[25.785,57.734],[25.774,57.735],[25.772,57.732],[25.759,57.73],[25.749,57.728],[25.736,57.726],[25.728,57.728],[25.722,57.727],[25.701,57.736],[25.693,57.739],[25.69,57.742],[25.68,57.744],[25.677,57.746],[25.666,57.746],[25.657,57.749],[25.654,57.752],[25.648,57.753],[25.635,57.756],[25.634,57.762],[25.63,57.763],[25.624,57.768],[25.604,57.774],[25.59,57.775],[25.587,57.777],[25.576,57.778],[25.567,57.784],[25.559,57.786],[25.545,57.787],[25.549,57.798],[25.554,57.8],[25.568,57.8],[25.571,57.808],[25.56,57.819],[25.552,57.819],[25.544,57.817],[25.541,57.817],[25.533,57.826],[25.522,57.829],[25.52,57.835],[25.512,57.837],[25.509,57.842],[25.494,57.847],[25.489,57.85],[25.484,57.858],[25.476,57.86],[25.484,57.867],[25.485,57.873],[25.494,57.874],[25.503,57.865],[25.507,57.864],[25.521,57.864],[25.524,57.867],[25.531,57.87],[25.529,57.874],[25.532,57.875],[25.532,57.878],[25.541,57.88],[25.546,57.878],[25.559,57.882],[25.57,57.877],[25.576,57.88],[25.576,57.885],[25.588,57.884],[25.594,57.883],[25.606,57.877],[25.612,57.876],[25.612,57.872],[25.618,57.87],[25.617,57.868],[25.623,57.864],[25.637,57.861],[25.642,57.858],[25.653,57.859],[25.664,57.854],[25.68,57.857],[25.678,57.86],[25.683,57.866],[25.681,57.869],[25.685,57.874],[25.685,57.878],[25.676,57.883],[25.68,57.884],[25.681,57.887],[25.692,57.886],[25.703,57.903],[25.679,57.904],[25.678,57.912],[25.661,57.915],[25.656,57.915],[25.649,57.917],[25.647,57.923],[25.639,57.931],[25.58,57.944],[25.586,57.948],[25.594,57.96],[25.589,57.965],[25.583,57.968],[25.581,57.972],[25.575,57.974],[25.565,57.967],[25.566,57.963],[25.557,57.96],[25.556,57.967],[25.551,57.972],[25.539,57.971],[25.525,57.972],[25.523,57.968],[25.517,57.968],[25.512,57.97],[25.523,57.974],[25.52,57.98],[25.486,57.975],[25.479,57.98],[25.479,57.983],[25.461,57.989],[25.458,57.992],[25.451,57.992],[25.443,57.996],[25.448,58.001],[25.461,58.003],[25.467,58.005],[25.465,58.007],[25.457,58.011],[25.449,58.017],[25.431,58.022],[25.429,58.024],[25.411,58.028],[25.408,58.029],[25.376,58.03],[25.372,58.029],[25.364,58.031],[25.353,58.044],[25.345,58.047],[25.341,58.053],[25.336,58.057],[25.33,58.059],[25.326,58.064],[25.32,58.066],[25.319,58.07],[25.305,58.077],[25.296,58.081],[25.287,58.082],[25.281,58.07],[25.266,58.067],[25.265,58.06],[25.28,58.051],[25.293,58.046],[25.298,58.042],[25.304,58.034],[25.303,58.027],[25.301,58.015],[25.297,58.015],[25.302,58],[25.296,57.998],[25.303,57.994],[25.292,57.993],[25.283,57.99],[25.277,57.993],[25.267,57.995],[25.256,57.994],[25.256,58.003],[25.246,58.003],[25.237,58.011],[25.232,58.014],[25.233,58.018],[25.246,58.019],[25.245,58.021],[25.236,58.023],[25.236,58.024],[25.227,58.024],[25.219,58.03],[25.217,58.04],[25.222,58.045],[25.226,58.047],[25.228,58.054],[25.222,58.053],[25.218,58.049],[25.216,58.06],[25.213,58.062],[25.205,58.061],[25.204,58.065],[25.217,58.074],[25.212,58.081],[25.199,58.086],[25.189,58.08],[25.191,58.076],[25.154,58.075],[25.152,58.077],[25.134,58.08],[25.106,58.078],[25.105,58.066],[25.077,58.066],[25.02,58.018],[24.995,58.011],[24.949,58.009],[24.866,57.981],[24.847,57.976],[24.839,57.975],[24.834,57.973],[24.838,57.961],[24.846,57.93],[24.852,57.909],[24.848,57.906],[24.862,57.905],[24.872,57.902],[24.874,57.897],[24.889,57.895],[24.882,57.889],[24.88,57.885],[24.886,57.881],[24.888,57.873],[24.885,57.869],[24.891,57.864],[24.893,57.856],[24.889,57.856],[24.888,57.852],[24.899,57.851],[24.898,57.837],[24.897,57.831],[24.904,57.824],[24.917,57.825],[24.922,57.823],[24.932,57.821],[24.933,57.817],[24.942,57.818],[24.945,57.821],[24.942,57.825],[24.944,57.828],[24.952,57.825],[24.949,57.821],[24.949,57.818],[24.956,57.816],[24.955,57.812],[24.947,57.806],[24.954,57.805],[24.962,57.811],[24.967,57.813],[24.975,57.811],[24.998,57.803],[24.993,57.8],[25.008,57.801],[25.014,57.796],[25.024,57.783],[25.032,57.784],[25.041,57.787],[25.055,57.778],[25.073,57.774],[25.077,57.772],[25.074,57.769],[25.076,57.757],[25.081,57.751],[25.088,57.747],[25.091,57.744],[25.1,57.738],[25.085,57.734],[25.091,57.728],[25.079,57.725],[25.075,57.721],[25.076,57.717],[25.067,57.712],[25.07,57.705],[25.064,57.705],[25.064,57.699],[25.069,57.699],[25.069,57.703],[25.076,57.7],[25.079,57.698],[25.088,57.694],[25.09,57.692],[25.099,57.687],[25.092,57.683],[25.078,57.679],[25.083,57.672],[25.077,57.668],[25.086,57.664],[25.084,57.66],[25.092,57.655],[25.086,57.652],[25.08,57.656],[25.058,57.656],[25.047,57.654],[25.058,57.647],[25.063,57.643],[25.074,57.635],[25.084,57.633],[25.089,57.629],[25.078,57.626],[25.074,57.632],[25.062,57.628],[25.065,57.625],[25.061,57.623],[25.053,57.626],[25.042,57.624],[25.036,57.627],[25.023,57.63],[25.02,57.636],[25.023,57.638],[25.022,57.643],[25.012,57.639],[24.999,57.641],[24.99,57.642],[24.979,57.64],[24.976,57.63],[24.965,57.625],[24.962,57.621],[24.932,57.609],[24.929,57.614],[24.921,57.615],[24.909,57.614],[24.903,57.615],[24.901,57.608],[24.896,57.606],[24.899,57.597],[24.905,57.591],[24.899,57.588],[24.894,57.587],[24.894,57.579],[24.895,57.573],[24.9,57.567],[24.913,57.567],[24.917,57.558],[24.936,57.559],[24.946,57.565],[25.008,57.571],[25.008,57.563],[25.02,57.56],[25.023,57.557],[25.025,57.553],[25.03,57.551],[25.027,57.545],[25.032,57.542],[25.041,57.544],[25.048,57.53],[25.06,57.529],[25.057,57.521],[25.052,57.518],[25.046,57.52],[25.041,57.518],[25.047,57.516],[25.046,57.51],[25.056,57.51],[25.055,57.516],[25.061,57.514],[25.079,57.511],[25.085,57.512],[25.091,57.508],[25.088,57.5],[25.076,57.502],[25.078,57.499],[25.09,57.489],[25.102,57.49],[25.111,57.491],[25.115,57.494],[25.121,57.496],[25.128,57.489],[25.142,57.486],[25.144,57.479],[25.141,57.473],[25.135,57.467],[25.137,57.458],[25.134,57.453],[25.161,57.448],[25.172,57.44],[25.176,57.436],[25.185,57.431],[25.185,57.423],[25.192,57.415],[25.2,57.411],[25.212,57.413],[25.221,57.412],[25.223,57.416],[25.224,57.424],[25.242,57.418],[25.247,57.414],[25.254,57.417],[25.259,57.41],[25.267,57.406],[25.272,57.398],[25.286,57.4],[25.289,57.395],[25.308,57.399],[25.312,57.404],[25.309,57.408],[25.318,57.411],[25.329,57.41],[25.33,57.406],[25.327,57.401],[25.339,57.401],[25.349,57.395],[25.355,57.392],[25.345,57.385],[25.355,57.384],[25.361,57.39],[25.377,57.384],[25.38,57.39],[25.389,57.388],[25.389,57.393],[25.383,57.399],[25.39,57.401],[25.395,57.404],[25.394,57.407],[25.399,57.409],[25.4,57.412],[25.395,57.413],[25.393,57.419],[25.387,57.425],[25.388,57.429],[25.398,57.429],[25.406,57.435],[25.408,57.439],[25.399,57.439],[25.395,57.44],[25.4,57.444],[25.407,57.444],[25.413,57.449],[25.424,57.446],[25.433,57.446],[25.44,57.444],[25.441,57.441],[25.447,57.441],[25.45,57.442],[25.455,57.438],[25.462,57.44],[25.47,57.44],[25.477,57.445],[25.486,57.447],[25.49,57.451],[25.5,57.452],[25.506,57.454],[25.515,57.451],[25.52,57.438],[25.528,57.431],[25.545,57.433],[25.552,57.436],[25.556,57.441],[25.557,57.448],[25.555,57.452],[25.568,57.454],[25.577,57.458],[25.588,57.462],[25.597,57.467],[25.607,57.466],[25.638,57.467],[25.646,57.47],[25.665,57.466]]]}},{"type":"Feature","properties":{"id":13047876,"maakond_id":103,"name":"Limbažu novads","bbox":[24.333,57.221,25.1,57.991]},"geometry":{"type":"Polygon","coordinates":[[[25.076,57.502],[25.088,57.5],[25.091,57.508],[25.085,57.512],[25.079,57.511],[25.061,57.514],[25.055,57.516],[25.056,57.51],[25.046,57.51],[25.047,57.516],[25.041,57.518],[25.046,57.52],[25.052,57.518],[25.057,57.521],[25.06,57.529],[25.048,57.53],[25.041,57.544],[25.032,57.542],[25.027,57.545],[25.03,57.551],[25.025,57.553],[25.023,57.557],[25.02,57.56],[25.008,57.563],[25.008,57.571],[24.946,57.565],[24.936,57.559],[24.917,57.558],[24.913,57.567],[24.9,57.567],[24.895,57.573],[24.894,57.579],[24.894,57.587],[24.899,57.588],[24.905,57.591],[24.899,57.597],[24.896,57.606],[24.901,57.608],[24.903,57.615],[24.909,57.614],[24.921,57.615],[24.929,57.614],[24.932,57.609],[24.962,57.621],[24.965,57.625],[24.976,57.63],[24.979,57.64],[24.99,57.642],[24.999,57.641],[25.012,57.639],[25.022,57.643],[25.023,57.638],[25.02,57.636],[25.023,57.63],[25.036,57.627],[25.042,57.624],[25.053,57.626],[25.061,57.623],[25.065,57.625],[25.062,57.628],[25.074,57.632],[25.078,57.626],[25.089,57.629],[25.084,57.633],[25.074,57.635],[25.063,57.643],[25.058,57.647],[25.047,57.654],[25.058,57.656],[25.08,57.656],[25.086,57.652],[25.092,57.655],[25.084,57.66],[25.086,57.664],[25.077,57.668],[25.083,57.672],[25.078,57.679],[25.092,57.683],[25.099,57.687],[25.09,57.692],[25.088,57.694],[25.079,57.698],[25.076,57.7],[25.069,57.703],[25.069,57.699],[25.064,57.699],[25.064,57.705],[25.07,57.705],[25.067,57.712],[25.076,57.717],[25.075,57.721],[25.079,57.725],[25.091,57.728],[25.085,57.734],[25.1,57.738],[25.091,57.744],[25.088,57.747],[25.081,57.751],[25.076,57.757],[25.074,57.769],[25.077,57.772],[25.073,57.774],[25.055,57.778],[25.041,57.787],[25.032,57.784],[25.024,57.783],[25.014,57.796],[25.008,57.801],[24.993,57.8],[24.998,57.803],[24.975,57.811],[24.967,57.813],[24.962,57.811],[24.954,57.805],[24.947,57.806],[24.955,57.812],[24.956,57.816],[24.949,57.818],[24.949,57.821],[24.952,57.825],[24.944,57.828],[24.942,57.825],[24.945,57.821],[24.942,57.818],[24.933,57.817],[24.932,57.821],[24.922,57.823],[24.917,57.825],[24.904,57.824],[24.897,57.831],[24.898,57.837],[24.899,57.851],[24.888,57.852],[24.889,57.856],[24.893,57.856],[24.891,57.864],[24.885,57.869],[24.888,57.873],[24.886,57.881],[24.88,57.885],[24.882,57.889],[24.889,57.895],[24.874,57.897],[24.872,57.902],[24.862,57.905],[24.848,57.906],[24.852,57.909],[24.846,57.93],[24.838,57.961],[24.834,57.973],[24.832,57.972],[24.808,57.991],[24.742,57.982],[24.744,57.965],[24.733,57.962],[24.715,57.963],[24.692,57.946],[24.681,57.953],[24.675,57.959],[24.644,57.959],[24.641,57.954],[24.646,57.953],[24.628,57.942],[24.617,57.944],[24.613,57.946],[24.61,57.951],[24.585,57.962],[24.573,57.954],[24.549,57.95],[24.543,57.945],[24.531,57.947],[24.521,57.943],[24.518,57.937],[24.51,57.935],[24.513,57.931],[24.462,57.925],[24.445,57.908],[24.46,57.906],[24.452,57.899],[24.46,57.88],[24.411,57.865],[24.409,57.872],[24.366,57.876],[24.361,57.875],[24.351,57.876],[24.35,57.869],[24.344,57.863],[24.345,57.854],[24.344,57.851],[24.333,57.831],[24.333,57.825],[24.335,57.815],[24.339,57.808],[24.348,57.79],[24.346,57.787],[24.349,57.757],[24.339,57.755],[24.346,57.751],[24.345,57.74],[24.346,57.734],[24.343,57.729],[24.343,57.715],[24.343,57.702],[24.346,57.697],[24.353,57.693],[24.358,57.687],[24.36,57.68],[24.364,57.674],[24.367,57.66],[24.37,57.652],[24.367,57.649],[24.373,57.636],[24.379,57.631],[24.385,57.622],[24.386,57.617],[24.386,57.612],[24.383,57.611],[24.378,57.605],[24.373,57.601],[24.372,57.592],[24.368,57.584],[24.365,57.582],[24.363,57.577],[24.369,57.566],[24.369,57.558],[24.362,57.541],[24.372,57.532],[24.377,57.522],[24.381,57.509],[24.381,57.498],[24.381,57.485],[24.38,57.482],[24.382,57.473],[24.385,57.465],[24.385,57.448],[24.389,57.434],[24.393,57.42],[24.394,57.415],[24.398,57.402],[24.4,57.393],[24.399,57.386],[24.401,57.37],[24.401,57.356],[24.403,57.35],[24.407,57.349],[24.416,57.335],[24.423,57.332],[24.428,57.326],[24.427,57.323],[24.43,57.32],[24.429,57.316],[24.424,57.304],[24.421,57.299],[24.421,57.294],[24.436,57.293],[24.439,57.3],[24.458,57.302],[24.468,57.301],[24.467,57.298],[24.475,57.299],[24.473,57.302],[24.513,57.311],[24.526,57.315],[24.54,57.32],[24.553,57.318],[24.56,57.321],[24.573,57.317],[24.573,57.309],[24.58,57.308],[24.573,57.301],[24.574,57.298],[24.57,57.293],[24.576,57.292],[24.584,57.294],[24.596,57.289],[24.598,57.285],[24.604,57.276],[24.612,57.274],[24.629,57.27],[24.635,57.269],[24.638,57.267],[24.639,57.258],[24.63,57.252],[24.634,57.249],[24.634,57.241],[24.646,57.232],[24.656,57.232],[24.668,57.232],[24.675,57.224],[24.679,57.223],[24.689,57.221],[24.714,57.228],[24.718,57.231],[24.719,57.235],[24.725,57.24],[24.716,57.24],[24.713,57.238],[24.706,57.238],[24.706,57.242],[24.701,57.245],[24.709,57.247],[24.701,57.265],[24.69,57.288],[24.692,57.292],[24.684,57.298],[24.674,57.297],[24.671,57.295],[24.662,57.3],[24.656,57.299],[24.65,57.305],[24.648,57.308],[24.651,57.31],[24.655,57.317],[24.671,57.32],[24.677,57.323],[24.677,57.329],[24.688,57.327],[24.696,57.327],[24.694,57.333],[24.71,57.335],[24.708,57.338],[24.702,57.339],[24.714,57.346],[24.714,57.35],[24.7,57.383],[24.701,57.388],[24.708,57.388],[24.711,57.39],[24.727,57.391],[24.733,57.393],[24.734,57.398],[24.741,57.397],[24.74,57.402],[24.748,57.406],[24.753,57.406],[24.755,57.409],[24.76,57.41],[24.762,57.405],[24.765,57.404],[24.758,57.393],[24.765,57.388],[24.851,57.384],[24.857,57.388],[24.838,57.4],[24.841,57.404],[24.834,57.408],[24.826,57.409],[24.805,57.415],[24.797,57.411],[24.789,57.412],[24.79,57.415],[24.795,57.418],[24.785,57.422],[24.788,57.429],[24.796,57.43],[24.806,57.425],[24.811,57.429],[24.831,57.421],[24.836,57.421],[24.851,57.417],[24.849,57.415],[24.865,57.412],[24.873,57.421],[24.887,57.427],[24.895,57.431],[24.906,57.431],[24.912,57.429],[24.944,57.445],[24.963,57.45],[24.961,57.453],[24.98,57.456],[24.98,57.458],[24.993,57.458],[24.991,57.462],[24.986,57.464],[24.993,57.47],[25.01,57.466],[25.012,57.469],[25.008,57.475],[25.01,57.477],[25.019,57.477],[25.018,57.48],[25.023,57.482],[25.031,57.482],[25.036,57.481],[25.04,57.477],[25.048,57.481],[25.054,57.48],[25.059,57.485],[25.065,57.488],[25.066,57.491],[25.057,57.493],[25.045,57.495],[25.047,57.498],[25.058,57.497],[25.061,57.506],[25.076,57.502]]]}},{"type":"Feature","properties":{"id":13047877,"maakond_id":105,"name":"Bauskas novads","bbox":[23.828,56.249,25.036,56.718]},"geometry":{"type":"Polygon","coordinates":[[[24.529,56.718],[24.496,56.717],[24.487,56.713],[24.474,56.702],[24.437,56.681],[24.417,56.677],[24.412,56.679],[24.407,56.676],[24.399,56.677],[24.387,56.676],[24.381,56.676],[24.37,56.67],[24.37,56.668],[24.384,56.669],[24.384,56.665],[24.373,56.663],[24.37,56.661],[24.359,56.66],[24.349,56.665],[24.333,56.669],[24.33,56.672],[24.322,56.672],[24.314,56.674],[24.301,56.683],[24.289,56.685],[24.273,56.684],[24.267,56.687],[24.269,56.692],[24.26,56.694],[24.26,56.7],[24.262,56.704],[24.253,56.709],[24.248,56.713],[24.252,56.709],[24.249,56.706],[24.256,56.701],[24.247,56.694],[24.237,56.694],[24.232,56.69],[24.222,56.692],[24.2,56.691],[24.197,56.688],[24.187,56.688],[24.189,56.696],[24.182,56.698],[24.183,56.689],[24.176,56.689],[24.178,56.683],[24.166,56.686],[24.165,56.684],[24.183,56.679],[24.185,56.674],[24.176,56.672],[24.163,56.672],[24.164,56.665],[24.161,56.664],[24.151,56.671],[24.145,56.667],[24.132,56.672],[24.129,56.67],[24.121,56.67],[24.115,56.672],[24.111,56.675],[24.114,56.677],[24.113,56.681],[24.109,56.685],[24.11,56.688],[24.105,56.694],[24.098,56.692],[24.095,56.686],[24.084,56.685],[24.082,56.689],[24.075,56.694],[24.07,56.693],[24.065,56.698],[24.053,56.696],[24.043,56.696],[24.047,56.691],[24.043,56.69],[24.052,56.658],[24.022,56.656],[24.019,56.659],[24.014,56.66],[24.019,56.664],[24.019,56.668],[24.01,56.667],[24.004,56.671],[24.001,56.662],[24.005,56.656],[24.003,56.654],[24.006,56.649],[24.02,56.647],[24.035,56.648],[24.036,56.648],[24.034,56.641],[24.065,56.641],[24.063,56.638],[24.049,56.637],[24.046,56.628],[24.052,56.628],[24.055,56.63],[24.065,56.629],[24.067,56.626],[24.072,56.625],[24.069,56.618],[24.072,56.611],[24.07,56.608],[24.062,56.609],[24.053,56.606],[24.042,56.599],[24.037,56.603],[24.029,56.601],[24.028,56.606],[24.034,56.613],[24.024,56.615],[24.014,56.613],[24.01,56.61],[24.014,56.607],[24.016,56.602],[24.02,56.601],[24.017,56.598],[24.02,56.593],[24.025,56.592],[24.037,56.593],[24.043,56.593],[24.043,56.586],[24.047,56.58],[24.056,56.579],[24.058,56.583],[24.065,56.583],[24.083,56.58],[24.104,56.584],[24.117,56.585],[24.118,56.581],[24.122,56.579],[24.123,56.575],[24.113,56.572],[24.107,56.566],[24.101,56.561],[24.102,56.55],[24.082,56.545],[24.079,56.541],[24.082,56.536],[24.079,56.534],[24.081,56.531],[24.066,56.526],[24.068,56.523],[24.06,56.521],[24.057,56.518],[24.057,56.511],[24.054,56.507],[24.033,56.505],[24.027,56.505],[24.018,56.503],[24.018,56.497],[23.99,56.499],[23.991,56.502],[23.988,56.504],[23.965,56.503],[23.957,56.504],[23.948,56.486],[23.941,56.487],[23.93,56.486],[23.925,56.484],[23.927,56.474],[23.909,56.471],[23.904,56.472],[23.885,56.463],[23.881,56.47],[23.873,56.471],[23.87,56.464],[23.868,56.456],[23.862,56.447],[23.858,56.445],[23.847,56.444],[23.84,56.442],[23.837,56.426],[23.858,56.424],[23.854,56.419],[23.851,56.419],[23.846,56.415],[23.851,56.414],[23.843,56.407],[23.849,56.403],[23.848,56.4],[23.835,56.401],[23.832,56.398],[23.828,56.386],[23.869,56.389],[23.884,56.388],[23.879,56.382],[23.872,56.38],[23.869,56.375],[23.87,56.372],[23.867,56.367],[23.869,56.363],[23.868,56.357],[23.871,56.347],[23.866,56.343],[23.868,56.34],[23.866,56.338],[23.913,56.339],[23.915,56.337],[23.915,56.331],[23.962,56.33],[24.019,56.33],[24.023,56.311],[24.049,56.299],[24.046,56.28],[24.098,56.277],[24.096,56.271],[24.102,56.267],[24.119,56.262],[24.119,56.257],[24.115,56.251],[24.121,56.249],[24.155,56.254],[24.177,56.251],[24.201,56.267],[24.24,56.278],[24.258,56.277],[24.27,56.283],[24.29,56.286],[24.285,56.3],[24.295,56.298],[24.306,56.299],[24.312,56.301],[24.328,56.3],[24.342,56.295],[24.346,56.292],[24.347,56.285],[24.353,56.279],[24.358,56.272],[24.38,56.279],[24.392,56.278],[24.423,56.261],[24.454,56.258],[24.46,56.26],[24.462,56.266],[24.484,56.269],[24.519,56.281],[24.537,56.283],[24.565,56.289],[24.58,56.288],[24.583,56.306],[24.576,56.316],[24.577,56.323],[24.582,56.324],[24.587,56.332],[24.597,56.335],[24.602,56.334],[24.608,56.336],[24.608,56.34],[24.616,56.345],[24.624,56.346],[24.627,56.349],[24.628,56.355],[24.624,56.359],[24.624,56.362],[24.631,56.367],[24.627,56.373],[24.63,56.376],[24.639,56.376],[24.648,56.378],[24.655,56.376],[24.661,56.377],[24.671,56.376],[24.676,56.377],[24.686,56.376],[24.695,56.38],[24.705,56.388],[24.699,56.397],[24.702,56.404],[24.711,56.401],[24.715,56.401],[24.726,56.403],[24.734,56.401],[24.741,56.4],[24.75,56.404],[24.756,56.403],[24.763,56.404],[24.766,56.402],[24.775,56.399],[24.777,56.403],[24.783,56.402],[24.788,56.405],[24.803,56.412],[24.803,56.417],[24.801,56.42],[24.809,56.422],[24.822,56.418],[24.824,56.416],[24.824,56.411],[24.834,56.411],[24.84,56.414],[24.848,56.413],[24.862,56.416],[24.863,56.418],[24.862,56.422],[24.854,56.424],[24.852,56.428],[24.853,56.433],[24.851,56.436],[24.858,56.437],[24.867,56.443],[24.867,56.446],[24.872,56.449],[24.887,56.45],[24.89,56.447],[24.896,56.448],[24.902,56.447],[24.898,56.449],[24.892,56.46],[24.897,56.462],[24.921,56.464],[24.926,56.466],[24.924,56.482],[24.932,56.482],[24.938,56.482],[24.935,56.491],[25.01,56.499],[25.036,56.502],[25.018,56.549],[25.004,56.552],[24.998,56.552],[24.981,56.552],[24.97,56.583],[24.903,56.575],[24.901,56.578],[24.874,56.57],[24.855,56.568],[24.841,56.57],[24.812,56.565],[24.801,56.562],[24.789,56.56],[24.79,56.558],[24.772,56.555],[24.767,56.55],[24.76,56.547],[24.746,56.543],[24.736,56.544],[24.725,56.543],[24.721,56.544],[24.709,56.548],[24.699,56.55],[24.692,56.549],[24.683,56.541],[24.666,56.541],[24.666,56.543],[24.661,56.558],[24.654,56.557],[24.647,56.56],[24.654,56.564],[24.655,56.568],[24.659,56.572],[24.667,56.576],[24.675,56.574],[24.686,56.573],[24.697,56.575],[24.701,56.578],[24.7,56.581],[24.691,56.583],[24.694,56.586],[24.678,56.592],[24.668,56.593],[24.668,56.588],[24.661,56.588],[24.659,56.59],[24.668,56.596],[24.665,56.603],[24.657,56.601],[24.654,56.603],[24.648,56.6],[24.629,56.6],[24.618,56.603],[24.599,56.616],[24.594,56.628],[24.589,56.635],[24.582,56.651],[24.579,56.673],[24.625,56.675],[24.64,56.676],[24.634,56.714],[24.53,56.71],[24.529,56.718]]]}},{"type":"Feature","properties":{"id":13047878,"maakond_id":105,"name":"Jelgavas novads","bbox":[23.392,56.321,24.123,56.896]},"geometry":{"type":"Polygon","coordinates":[[[24.043,56.69],[24.036,56.69],[24.033,56.693],[24.018,56.694],[24.018,56.698],[24.012,56.7],[24.007,56.704],[24.015,56.712],[24.005,56.716],[23.999,56.722],[23.996,56.726],[24,56.731],[23.934,56.727],[23.929,56.73],[23.931,56.735],[23.929,56.738],[23.925,56.738],[23.923,56.742],[23.925,56.752],[23.918,56.75],[23.917,56.747],[23.911,56.746],[23.909,56.744],[23.903,56.742],[23.893,56.744],[23.886,56.743],[23.881,56.745],[23.876,56.742],[23.863,56.743],[23.854,56.741],[23.843,56.739],[23.844,56.736],[23.841,56.731],[23.843,56.729],[23.835,56.726],[23.832,56.729],[23.832,56.736],[23.824,56.738],[23.815,56.734],[23.814,56.728],[23.801,56.723],[23.798,56.729],[23.792,56.73],[23.787,56.733],[23.779,56.732],[23.775,56.736],[23.758,56.74],[23.754,56.743],[23.756,56.75],[23.753,56.751],[23.756,56.755],[23.759,56.762],[23.763,56.765],[23.766,56.771],[23.756,56.771],[23.773,56.802],[23.765,56.801],[23.769,56.808],[23.763,56.808],[23.759,56.807],[23.755,56.816],[23.743,56.815],[23.744,56.819],[23.742,56.822],[23.731,56.821],[23.727,56.833],[23.719,56.832],[23.712,56.856],[23.701,56.861],[23.675,56.871],[23.651,56.879],[23.645,56.878],[23.642,56.883],[23.627,56.893],[23.618,56.887],[23.61,56.884],[23.603,56.885],[23.597,56.887],[23.595,56.894],[23.544,56.892],[23.54,56.896],[23.506,56.893],[23.485,56.89],[23.485,56.888],[23.467,56.885],[23.486,56.829],[23.484,56.829],[23.489,56.814],[23.507,56.818],[23.511,56.808],[23.528,56.764],[23.53,56.763],[23.52,56.749],[23.47,56.743],[23.452,56.737],[23.443,56.73],[23.441,56.726],[23.431,56.722],[23.428,56.719],[23.427,56.714],[23.419,56.708],[23.427,56.703],[23.437,56.698],[23.443,56.698],[23.457,56.697],[23.469,56.695],[23.472,56.696],[23.478,56.69],[23.494,56.683],[23.494,56.681],[23.49,56.679],[23.477,56.678],[23.466,56.68],[23.468,56.673],[23.474,56.674],[23.476,56.669],[23.481,56.668],[23.483,56.66],[23.478,56.658],[23.472,56.657],[23.466,56.654],[23.459,56.652],[23.452,56.652],[23.445,56.647],[23.438,56.644],[23.441,56.636],[23.439,56.635],[23.436,56.623],[23.405,56.619],[23.405,56.614],[23.409,56.608],[23.406,56.603],[23.465,56.595],[23.48,56.596],[23.485,56.597],[23.489,56.586],[23.465,56.582],[23.449,56.583],[23.444,56.581],[23.434,56.582],[23.429,56.579],[23.43,56.575],[23.428,56.565],[23.435,56.561],[23.454,56.559],[23.474,56.551],[23.466,56.547],[23.467,56.544],[23.459,56.537],[23.459,56.532],[23.457,56.521],[23.45,56.518],[23.448,56.513],[23.458,56.507],[23.447,56.5],[23.434,56.498],[23.427,56.495],[23.412,56.492],[23.419,56.484],[23.428,56.482],[23.437,56.483],[23.441,56.481],[23.436,56.476],[23.433,56.478],[23.428,56.476],[23.428,56.473],[23.418,56.467],[23.423,56.462],[23.418,56.458],[23.425,56.455],[23.434,56.455],[23.445,56.453],[23.44,56.447],[23.436,56.446],[23.443,56.429],[23.44,56.426],[23.444,56.424],[23.454,56.42],[23.463,56.415],[23.462,56.412],[23.473,56.405],[23.463,56.398],[23.459,56.398],[23.448,56.392],[23.441,56.383],[23.433,56.384],[23.425,56.382],[23.407,56.383],[23.393,56.379],[23.392,56.377],[23.41,56.371],[23.418,56.371],[23.439,56.352],[23.481,56.348],[23.493,56.345],[23.511,56.336],[23.535,56.335],[23.545,56.332],[23.557,56.334],[23.562,56.337],[23.572,56.338],[23.583,56.345],[23.603,56.349],[23.617,56.354],[23.618,56.356],[23.63,56.36],[23.649,56.363],[23.658,56.363],[23.661,56.365],[23.704,56.366],[23.713,56.369],[23.723,56.37],[23.743,56.369],[23.759,56.371],[23.765,56.373],[23.781,56.368],[23.78,56.361],[23.772,56.355],[23.772,56.351],[23.766,56.343],[23.762,56.333],[23.768,56.333],[23.767,56.324],[23.781,56.321],[23.785,56.327],[23.795,56.339],[23.804,56.342],[23.814,56.342],[23.829,56.338],[23.866,56.338],[23.868,56.34],[23.866,56.343],[23.871,56.347],[23.868,56.357],[23.869,56.363],[23.867,56.367],[23.87,56.372],[23.869,56.375],[23.872,56.38],[23.879,56.382],[23.884,56.388],[23.869,56.389],[23.828,56.386],[23.832,56.398],[23.835,56.401],[23.848,56.4],[23.849,56.403],[23.843,56.407],[23.851,56.414],[23.846,56.415],[23.851,56.419],[23.854,56.419],[23.858,56.424],[23.837,56.426],[23.84,56.442],[23.847,56.444],[23.858,56.445],[23.862,56.447],[23.868,56.456],[23.87,56.464],[23.873,56.471],[23.881,56.47],[23.885,56.463],[23.904,56.472],[23.909,56.471],[23.927,56.474],[23.925,56.484],[23.93,56.486],[23.941,56.487],[23.948,56.486],[23.957,56.504],[23.965,56.503],[23.988,56.504],[23.991,56.502],[23.99,56.499],[24.018,56.497],[24.018,56.503],[24.027,56.505],[24.033,56.505],[24.054,56.507],[24.057,56.511],[24.057,56.518],[24.06,56.521],[24.068,56.523],[24.066,56.526],[24.081,56.531],[24.079,56.534],[24.082,56.536],[24.079,56.541],[24.082,56.545],[24.102,56.55],[24.101,56.561],[24.107,56.566],[24.113,56.572],[24.123,56.575],[24.122,56.579],[24.118,56.581],[24.117,56.585],[24.104,56.584],[24.083,56.58],[24.065,56.583],[24.058,56.583],[24.056,56.579],[24.047,56.58],[24.043,56.586],[24.043,56.593],[24.037,56.593],[24.025,56.592],[24.02,56.593],[24.017,56.598],[24.02,56.601],[24.016,56.602],[24.014,56.607],[24.01,56.61],[24.014,56.613],[24.024,56.615],[24.034,56.613],[24.028,56.606],[24.029,56.601],[24.037,56.603],[24.042,56.599],[24.053,56.606],[24.062,56.609],[24.07,56.608],[24.072,56.611],[24.069,56.618],[24.072,56.625],[24.067,56.626],[24.065,56.629],[24.055,56.63],[24.052,56.628],[24.046,56.628],[24.049,56.637],[24.063,56.638],[24.065,56.641],[24.034,56.641],[24.036,56.648],[24.035,56.648],[24.02,56.647],[24.006,56.649],[24.003,56.654],[24.005,56.656],[24.001,56.662],[24.004,56.671],[24.01,56.667],[24.019,56.668],[24.019,56.664],[24.014,56.66],[24.019,56.659],[24.022,56.656],[24.052,56.658],[24.043,56.69]],[[23.7,56.688],[23.71,56.686],[23.714,56.688],[23.722,56.688],[23.729,56.691],[23.732,56.685],[23.763,56.687],[23.779,56.683],[23.788,56.682],[23.789,56.671],[23.781,56.665],[23.8,56.656],[23.792,56.65],[23.786,56.646],[23.78,56.648],[23.774,56.647],[23.761,56.643],[23.766,56.642],[23.778,56.637],[23.783,56.631],[23.778,56.629],[23.778,56.626],[23.773,56.625],[23.769,56.622],[23.764,56.626],[23.757,56.624],[23.749,56.627],[23.746,56.626],[23.738,56.626],[23.737,56.621],[23.732,56.62],[23.725,56.615],[23.722,56.612],[23.721,56.604],[23.718,56.604],[23.715,56.6],[23.716,56.598],[23.704,56.597],[23.689,56.598],[23.675,56.601],[23.678,56.603],[23.677,56.608],[23.681,56.611],[23.679,56.614],[23.688,56.62],[23.684,56.625],[23.682,56.632],[23.675,56.635],[23.672,56.642],[23.673,56.645],[23.657,56.647],[23.656,56.649],[23.65,56.649],[23.638,56.653],[23.636,56.658],[23.629,56.664],[23.631,56.669],[23.625,56.677],[23.633,56.682],[23.635,56.679],[23.643,56.676],[23.645,56.68],[23.65,56.677],[23.658,56.679],[23.665,56.675],[23.686,56.676],[23.694,56.68],[23.703,56.684],[23.7,56.688]]]}},{"type":"Feature","properties":{"id":13047879,"maakond_id":105,"name":"Dobeles novads","bbox":[22.711,56.305,23.53,56.818]},"geometry":{"type":"Polygon","coordinates":[[[22.921,56.399],[22.932,56.401],[22.936,56.402],[22.936,56.411],[22.942,56.415],[22.969,56.414],[22.978,56.406],[23.002,56.406],[23.019,56.371],[23.005,56.368],[23.013,56.352],[23.015,56.346],[23.024,56.34],[23.027,56.335],[23.027,56.331],[23.033,56.327],[23.045,56.32],[23.07,56.324],[23.085,56.317],[23.09,56.309],[23.094,56.305],[23.115,56.308],[23.112,56.313],[23.146,56.327],[23.177,56.334],[23.184,56.337],[23.184,56.342],[23.176,56.345],[23.172,56.355],[23.181,56.358],[23.17,56.367],[23.177,56.369],[23.21,56.369],[23.279,56.372],[23.291,56.375],[23.304,56.378],[23.306,56.383],[23.388,56.379],[23.392,56.377],[23.393,56.379],[23.407,56.383],[23.425,56.382],[23.433,56.384],[23.441,56.383],[23.448,56.392],[23.459,56.398],[23.463,56.398],[23.473,56.405],[23.462,56.412],[23.463,56.415],[23.454,56.42],[23.444,56.424],[23.44,56.426],[23.443,56.429],[23.436,56.446],[23.44,56.447],[23.445,56.453],[23.434,56.455],[23.425,56.455],[23.418,56.458],[23.423,56.462],[23.418,56.467],[23.428,56.473],[23.428,56.476],[23.433,56.478],[23.436,56.476],[23.441,56.481],[23.437,56.483],[23.428,56.482],[23.419,56.484],[23.412,56.492],[23.427,56.495],[23.434,56.498],[23.447,56.5],[23.458,56.507],[23.448,56.513],[23.45,56.518],[23.457,56.521],[23.459,56.532],[23.459,56.537],[23.467,56.544],[23.466,56.547],[23.474,56.551],[23.454,56.559],[23.435,56.561],[23.428,56.565],[23.43,56.575],[23.429,56.579],[23.434,56.582],[23.444,56.581],[23.449,56.583],[23.465,56.582],[23.489,56.586],[23.485,56.597],[23.48,56.596],[23.465,56.595],[23.406,56.603],[23.409,56.608],[23.405,56.614],[23.405,56.619],[23.436,56.623],[23.439,56.635],[23.441,56.636],[23.438,56.644],[23.445,56.647],[23.452,56.652],[23.459,56.652],[23.466,56.654],[23.472,56.657],[23.478,56.658],[23.483,56.66],[23.481,56.668],[23.476,56.669],[23.474,56.674],[23.468,56.673],[23.466,56.68],[23.477,56.678],[23.49,56.679],[23.494,56.681],[23.494,56.683],[23.478,56.69],[23.472,56.696],[23.469,56.695],[23.457,56.697],[23.443,56.698],[23.437,56.698],[23.427,56.703],[23.419,56.708],[23.427,56.714],[23.428,56.719],[23.431,56.722],[23.441,56.726],[23.443,56.73],[23.452,56.737],[23.47,56.743],[23.52,56.749],[23.53,56.763],[23.528,56.764],[23.511,56.808],[23.507,56.818],[23.489,56.814],[23.482,56.811],[23.461,56.799],[23.394,56.793],[23.389,56.793],[23.388,56.802],[23.384,56.804],[23.383,56.809],[23.374,56.807],[23.34,56.787],[23.333,56.782],[23.333,56.78],[23.319,56.781],[23.307,56.774],[23.336,56.759],[23.342,56.754],[23.348,56.752],[23.337,56.746],[23.332,56.737],[23.328,56.732],[23.315,56.729],[23.307,56.725],[23.3,56.718],[23.298,56.716],[23.275,56.707],[23.268,56.714],[23.26,56.715],[23.245,56.719],[23.226,56.721],[23.223,56.718],[23.205,56.723],[23.199,56.722],[23.192,56.717],[23.184,56.708],[23.193,56.701],[23.19,56.695],[23.176,56.691],[23.151,56.697],[23.131,56.7],[23.113,56.695],[23.116,56.691],[23.115,56.689],[23.101,56.694],[23.098,56.691],[23.091,56.689],[23.086,56.692],[23.079,56.692],[23.068,56.694],[23.064,56.696],[23.05,56.694],[23.032,56.693],[23.032,56.697],[23.025,56.706],[23.019,56.712],[23.019,56.715],[23.013,56.716],[23.005,56.716],[23.004,56.718],[22.991,56.718],[22.986,56.712],[22.97,56.713],[22.955,56.711],[22.933,56.71],[22.908,56.711],[22.901,56.713],[22.89,56.708],[22.883,56.709],[22.874,56.712],[22.871,56.71],[22.87,56.7],[22.862,56.7],[22.854,56.705],[22.847,56.698],[22.847,56.692],[22.821,56.693],[22.803,56.694],[22.805,56.683],[22.789,56.682],[22.794,56.678],[22.833,56.681],[22.834,56.675],[22.839,56.676],[22.845,56.654],[22.852,56.654],[22.858,56.651],[22.857,56.647],[22.866,56.642],[22.862,56.639],[22.853,56.638],[22.847,56.637],[22.847,56.633],[22.844,56.628],[22.847,56.625],[22.842,56.616],[22.842,56.61],[22.838,56.606],[22.832,56.605],[22.817,56.605],[22.809,56.606],[22.808,56.608],[22.799,56.609],[22.797,56.608],[22.778,56.612],[22.776,56.604],[22.779,56.602],[22.783,56.592],[22.781,56.589],[22.788,56.588],[22.792,56.583],[22.791,56.578],[22.799,56.574],[22.805,56.575],[22.81,56.572],[22.797,56.568],[22.788,56.572],[22.778,56.572],[22.78,56.567],[22.775,56.561],[22.769,56.56],[22.757,56.557],[22.748,56.559],[22.748,56.564],[22.737,56.567],[22.741,56.554],[22.736,56.549],[22.747,56.545],[22.741,56.541],[22.742,56.534],[22.738,56.534],[22.738,56.528],[22.733,56.524],[22.723,56.522],[22.728,56.511],[22.734,56.509],[22.724,56.495],[22.711,56.494],[22.714,56.483],[22.72,56.483],[22.725,56.487],[22.729,56.481],[22.739,56.484],[22.745,56.483],[22.746,56.478],[22.754,56.475],[22.755,56.47],[22.743,56.462],[22.742,56.461],[22.754,56.451],[22.744,56.449],[22.736,56.452],[22.731,56.451],[22.736,56.446],[22.732,56.442],[22.735,56.438],[22.729,56.424],[22.748,56.423],[22.758,56.423],[22.761,56.425],[22.765,56.422],[22.782,56.422],[22.783,56.42],[22.803,56.416],[22.814,56.41],[22.817,56.41],[22.828,56.402],[22.859,56.4],[22.876,56.396],[22.881,56.391],[22.886,56.392],[22.888,56.397],[22.895,56.397],[22.895,56.4],[22.917,56.4],[22.921,56.399]]]}},{"type":"Feature","properties":{"id":13047880,"maakond_id":101,"name":"Saldus novads","bbox":[21.939,56.352,22.929,56.928]},"geometry":{"type":"Polygon","coordinates":[[[22.821,56.693],[22.823,56.696],[22.822,56.699],[22.826,56.703],[22.823,56.71],[22.816,56.708],[22.809,56.715],[22.812,56.717],[22.825,56.719],[22.837,56.717],[22.833,56.726],[22.83,56.728],[22.824,56.736],[22.828,56.738],[22.827,56.747],[22.82,56.75],[22.822,56.754],[22.827,56.755],[22.826,56.774],[22.819,56.776],[22.812,56.782],[22.804,56.786],[22.8,56.791],[22.801,56.794],[22.798,56.796],[22.784,56.799],[22.792,56.803],[22.784,56.807],[22.776,56.802],[22.769,56.803],[22.766,56.807],[22.76,56.81],[22.756,56.808],[22.756,56.805],[22.74,56.803],[22.73,56.804],[22.724,56.803],[22.721,56.798],[22.714,56.797],[22.707,56.799],[22.696,56.802],[22.692,56.809],[22.684,56.808],[22.682,56.813],[22.641,56.809],[22.647,56.814],[22.645,56.819],[22.636,56.824],[22.631,56.826],[22.61,56.823],[22.61,56.832],[22.602,56.84],[22.59,56.841],[22.585,56.841],[22.57,56.843],[22.553,56.84],[22.539,56.841],[22.529,56.84],[22.52,56.842],[22.513,56.846],[22.504,56.851],[22.494,56.854],[22.496,56.859],[22.502,56.864],[22.503,56.867],[22.509,56.869],[22.516,56.873],[22.523,56.876],[22.514,56.882],[22.519,56.883],[22.529,56.885],[22.524,56.888],[22.527,56.89],[22.521,56.901],[22.516,56.895],[22.51,56.902],[22.512,56.905],[22.52,56.903],[22.523,56.911],[22.535,56.909],[22.538,56.916],[22.534,56.917],[22.529,56.921],[22.495,56.92],[22.492,56.922],[22.48,56.923],[22.475,56.92],[22.455,56.918],[22.456,56.915],[22.45,56.91],[22.436,56.907],[22.434,56.902],[22.437,56.9],[22.436,56.895],[22.436,56.887],[22.403,56.889],[22.398,56.881],[22.395,56.877],[22.39,56.883],[22.383,56.889],[22.376,56.888],[22.375,56.894],[22.364,56.898],[22.355,56.895],[22.351,56.897],[22.352,56.901],[22.346,56.903],[22.347,56.906],[22.343,56.908],[22.343,56.914],[22.346,56.917],[22.337,56.919],[22.327,56.922],[22.321,56.922],[22.296,56.928],[22.293,56.925],[22.284,56.925],[22.28,56.92],[22.283,56.917],[22.292,56.916],[22.298,56.914],[22.294,56.907],[22.289,56.905],[22.272,56.904],[22.262,56.901],[22.269,56.897],[22.269,56.893],[22.266,56.889],[22.269,56.886],[22.281,56.888],[22.286,56.884],[22.298,56.885],[22.307,56.888],[22.312,56.884],[22.316,56.887],[22.32,56.884],[22.33,56.884],[22.334,56.877],[22.331,56.875],[22.337,56.87],[22.352,56.863],[22.347,56.858],[22.345,56.851],[22.338,56.848],[22.336,56.85],[22.314,56.854],[22.311,56.846],[22.304,56.84],[22.305,56.834],[22.3,56.835],[22.285,56.832],[22.262,56.834],[22.247,56.83],[22.242,56.828],[22.24,56.824],[22.226,56.822],[22.227,56.817],[22.223,56.807],[22.23,56.805],[22.229,56.802],[22.215,56.797],[22.214,56.795],[22.204,56.793],[22.199,56.797],[22.196,56.796],[22.187,56.798],[22.178,56.796],[22.166,56.797],[22.178,56.766],[22.176,56.756],[22.181,56.756],[22.189,56.737],[22.183,56.734],[22.176,56.728],[22.18,56.718],[22.176,56.717],[22.176,56.712],[22.171,56.712],[22.169,56.701],[22.162,56.701],[22.161,56.698],[22.153,56.697],[22.146,56.694],[22.14,56.696],[22.133,56.693],[22.132,56.686],[22.125,56.682],[22.123,56.685],[22.116,56.684],[22.115,56.686],[22.107,56.684],[22.096,56.691],[22.089,56.688],[22.093,56.686],[22.092,56.683],[22.094,56.679],[22.101,56.678],[22.106,56.673],[22.099,56.672],[22.108,56.647],[22.113,56.647],[22.105,56.639],[22.121,56.633],[22.121,56.63],[22.115,56.63],[22.116,56.626],[22.107,56.626],[22.106,56.622],[22.111,56.611],[22.118,56.613],[22.123,56.608],[22.122,56.603],[22.115,56.598],[22.115,56.595],[22.12,56.594],[22.118,56.589],[22.129,56.584],[22.126,56.583],[22.137,56.574],[22.123,56.566],[22.051,56.557],[22.046,56.562],[22.035,56.558],[22.027,56.558],[22.017,56.557],[22.013,56.555],[22.014,56.552],[22.009,56.546],[22.011,56.541],[22.024,56.534],[22.036,56.533],[22.043,56.534],[22.054,56.532],[22.063,56.527],[22.066,56.522],[22.061,56.515],[22.06,56.508],[22.053,56.507],[22.047,56.499],[22.037,56.499],[22.032,56.501],[22.015,56.514],[21.991,56.505],[21.988,56.508],[21.971,56.509],[21.965,56.508],[21.962,56.505],[21.962,56.499],[21.954,56.5],[21.948,56.496],[21.946,56.485],[21.951,56.485],[21.958,56.483],[21.958,56.476],[21.954,56.474],[21.954,56.47],[21.958,56.467],[21.965,56.466],[21.968,56.462],[21.979,56.459],[21.984,56.457],[21.997,56.455],[22.007,56.45],[22.012,56.445],[22,56.44],[22.006,56.438],[22.008,56.432],[21.994,56.43],[21.982,56.432],[21.976,56.429],[21.954,56.426],[21.939,56.423],[21.951,56.419],[21.956,56.413],[21.957,56.407],[21.963,56.399],[21.973,56.395],[21.98,56.396],[21.982,56.398],[21.988,56.4],[21.99,56.406],[21.994,56.408],[21.994,56.413],[21.999,56.415],[22.003,56.413],[22.014,56.414],[22.011,56.421],[22.015,56.424],[22.033,56.425],[22.038,56.423],[22.046,56.417],[22.051,56.42],[22.058,56.421],[22.063,56.419],[22.069,56.423],[22.071,56.425],[22.081,56.423],[22.089,56.428],[22.113,56.429],[22.119,56.431],[22.125,56.432],[22.133,56.431],[22.137,56.429],[22.154,56.425],[22.166,56.42],[22.188,56.421],[22.208,56.424],[22.211,56.423],[22.215,56.418],[22.215,56.412],[22.221,56.412],[22.222,56.409],[22.231,56.408],[22.236,56.405],[22.235,56.403],[22.241,56.4],[22.251,56.401],[22.265,56.405],[22.267,56.403],[22.279,56.404],[22.28,56.407],[22.287,56.41],[22.29,56.408],[22.297,56.407],[22.309,56.409],[22.311,56.41],[22.319,56.408],[22.322,56.402],[22.333,56.401],[22.335,56.399],[22.345,56.394],[22.35,56.394],[22.356,56.396],[22.357,56.399],[22.365,56.402],[22.373,56.402],[22.378,56.4],[22.392,56.401],[22.395,56.404],[22.404,56.407],[22.413,56.409],[22.416,56.408],[22.423,56.41],[22.432,56.409],[22.435,56.406],[22.453,56.402],[22.476,56.404],[22.481,56.4],[22.494,56.396],[22.501,56.396],[22.512,56.393],[22.516,56.394],[22.53,56.394],[22.537,56.389],[22.553,56.389],[22.558,56.388],[22.571,56.388],[22.575,56.391],[22.583,56.39],[22.589,56.384],[22.599,56.383],[22.609,56.383],[22.617,56.382],[22.626,56.376],[22.637,56.366],[22.645,56.363],[22.662,56.362],[22.663,56.36],[22.671,56.357],[22.673,56.354],[22.68,56.352],[22.69,56.353],[22.697,56.353],[22.705,56.358],[22.706,56.361],[22.719,56.369],[22.731,56.373],[22.74,56.372],[22.75,56.372],[22.758,56.368],[22.772,56.367],[22.778,56.368],[22.808,56.368],[22.81,56.366],[22.819,56.366],[22.826,56.367],[22.839,56.366],[22.846,56.367],[22.85,56.368],[22.869,56.371],[22.882,56.371],[22.9,56.374],[22.907,56.377],[22.919,56.379],[22.929,56.388],[22.924,56.392],[22.921,56.399],[22.917,56.4],[22.895,56.4],[22.895,56.397],[22.888,56.397],[22.886,56.392],[22.881,56.391],[22.876,56.396],[22.859,56.4],[22.828,56.402],[22.817,56.41],[22.814,56.41],[22.803,56.416],[22.783,56.42],[22.782,56.422],[22.765,56.422],[22.761,56.425],[22.758,56.423],[22.748,56.423],[22.729,56.424],[22.735,56.438],[22.732,56.442],[22.736,56.446],[22.731,56.451],[22.736,56.452],[22.744,56.449],[22.754,56.451],[22.742,56.461],[22.743,56.462],[22.755,56.47],[22.754,56.475],[22.746,56.478],[22.745,56.483],[22.739,56.484],[22.729,56.481],[22.725,56.487],[22.72,56.483],[22.714,56.483],[22.711,56.494],[22.724,56.495],[22.734,56.509],[22.728,56.511],[22.723,56.522],[22.733,56.524],[22.738,56.528],[22.738,56.534],[22.742,56.534],[22.741,56.541],[22.747,56.545],[22.736,56.549],[22.741,56.554],[22.737,56.567],[22.748,56.564],[22.748,56.559],[22.757,56.557],[22.769,56.56],[22.775,56.561],[22.78,56.567],[22.778,56.572],[22.788,56.572],[22.797,56.568],[22.81,56.572],[22.805,56.575],[22.799,56.574],[22.791,56.578],[22.792,56.583],[22.788,56.588],[22.781,56.589],[22.783,56.592],[22.779,56.602],[22.776,56.604],[22.778,56.612],[22.797,56.608],[22.799,56.609],[22.808,56.608],[22.809,56.606],[22.817,56.605],[22.832,56.605],[22.838,56.606],[22.842,56.61],[22.842,56.616],[22.847,56.625],[22.844,56.628],[22.847,56.633],[22.847,56.637],[22.853,56.638],[22.862,56.639],[22.866,56.642],[22.857,56.647],[22.858,56.651],[22.852,56.654],[22.845,56.654],[22.839,56.676],[22.834,56.675],[22.833,56.681],[22.794,56.678],[22.789,56.682],[22.805,56.683],[22.803,56.694],[22.821,56.693]]]}},{"type":"Feature","properties":{"id":13047881,"maakond_id":103,"name":"Tukuma novads","bbox":[22.443,56.689,23.553,57.316]},"geometry":{"type":"Polygon","coordinates":[[[23.494,56.932],[23.481,56.933],[23.479,56.939],[23.477,56.939],[23.473,56.946],[23.482,56.95],[23.484,56.955],[23.481,56.965],[23.501,56.966],[23.532,56.975],[23.55,56.979],[23.553,56.98],[23.537,56.989],[23.531,56.991],[23.521,56.999],[23.512,57.012],[23.505,57.018],[23.504,57.021],[23.497,57.026],[23.494,57.031],[23.487,57.035],[23.473,57.036],[23.461,57.035],[23.442,57.036],[23.422,57.037],[23.396,57.04],[23.367,57.045],[23.355,57.048],[23.329,57.056],[23.305,57.064],[23.29,57.071],[23.278,57.078],[23.259,57.09],[23.247,57.101],[23.238,57.107],[23.235,57.118],[23.235,57.129],[23.231,57.135],[23.23,57.139],[23.233,57.151],[23.231,57.157],[23.233,57.161],[23.239,57.162],[23.228,57.17],[23.221,57.179],[23.213,57.188],[23.2,57.212],[23.187,57.222],[23.178,57.235],[23.175,57.247],[23.176,57.257],[23.18,57.261],[23.177,57.266],[23.168,57.275],[23.165,57.291],[23.161,57.302],[23.15,57.314],[23.147,57.316],[23.118,57.313],[23.102,57.303],[23.106,57.294],[23.122,57.252],[23.101,57.25],[23.098,57.25],[23.088,57.242],[23.089,57.232],[23.06,57.221],[23.06,57.215],[23.055,57.21],[23.051,57.21],[23.049,57.206],[23.039,57.203],[23.026,57.198],[23.016,57.196],[23.001,57.196],[22.993,57.195],[22.984,57.188],[22.977,57.184],[22.98,57.182],[22.964,57.176],[22.947,57.175],[22.944,57.174],[22.946,57.164],[22.95,57.162],[22.947,57.159],[22.936,57.152],[22.934,57.142],[22.936,57.138],[22.928,57.13],[22.917,57.131],[22.91,57.135],[22.89,57.139],[22.877,57.139],[22.87,57.145],[22.859,57.142],[22.854,57.139],[22.845,57.141],[22.837,57.146],[22.829,57.144],[22.824,57.14],[22.817,57.137],[22.814,57.14],[22.805,57.14],[22.802,57.138],[22.804,57.133],[22.793,57.128],[22.787,57.125],[22.777,57.125],[22.773,57.123],[22.766,57.111],[22.76,57.113],[22.757,57.112],[22.748,57.112],[22.741,57.109],[22.734,57.113],[22.73,57.11],[22.73,57.107],[22.721,57.108],[22.709,57.102],[22.676,57.103],[22.658,57.095],[22.64,57.097],[22.637,57.086],[22.634,57.079],[22.635,57.072],[22.638,57.06],[22.648,57.055],[22.646,57.043],[22.652,57.04],[22.655,57.036],[22.653,57.03],[22.649,57.03],[22.646,57.022],[22.642,57.016],[22.637,57.016],[22.626,57.017],[22.613,57.019],[22.608,57.019],[22.606,57.022],[22.599,57.027],[22.594,57.028],[22.59,57.026],[22.583,57.021],[22.563,57.023],[22.56,57.017],[22.567,57.015],[22.573,57.017],[22.576,57.013],[22.57,57.01],[22.569,57.007],[22.565,57.005],[22.549,57.004],[22.525,57.016],[22.504,57.019],[22.503,57.009],[22.5,57.003],[22.495,57.001],[22.485,56.993],[22.486,56.99],[22.484,56.986],[22.482,56.98],[22.469,56.982],[22.466,56.98],[22.468,56.975],[22.465,56.966],[22.461,56.962],[22.458,56.955],[22.465,56.951],[22.464,56.946],[22.458,56.942],[22.446,56.943],[22.443,56.939],[22.443,56.931],[22.454,56.929],[22.453,56.924],[22.455,56.918],[22.475,56.92],[22.48,56.923],[22.492,56.922],[22.495,56.92],[22.529,56.921],[22.534,56.917],[22.538,56.916],[22.535,56.909],[22.523,56.911],[22.52,56.903],[22.512,56.905],[22.51,56.902],[22.516,56.895],[22.521,56.901],[22.527,56.89],[22.524,56.888],[22.529,56.885],[22.519,56.883],[22.514,56.882],[22.523,56.876],[22.516,56.873],[22.509,56.869],[22.503,56.867],[22.502,56.864],[22.496,56.859],[22.494,56.854],[22.504,56.851],[22.513,56.846],[22.52,56.842],[22.529,56.84],[22.539,56.841],[22.553,56.84],[22.57,56.843],[22.585,56.841],[22.59,56.841],[22.602,56.84],[22.61,56.832],[22.61,56.823],[22.631,56.826],[22.636,56.824],[22.645,56.819],[22.647,56.814],[22.641,56.809],[22.682,56.813],[22.684,56.808],[22.692,56.809],[22.696,56.802],[22.707,56.799],[22.714,56.797],[22.721,56.798],[22.724,56.803],[22.73,56.804],[22.74,56.803],[22.756,56.805],[22.756,56.808],[22.76,56.81],[22.766,56.807],[22.769,56.803],[22.776,56.802],[22.784,56.807],[22.792,56.803],[22.784,56.799],[22.798,56.796],[22.801,56.794],[22.8,56.791],[22.804,56.786],[22.812,56.782],[22.819,56.776],[22.826,56.774],[22.827,56.755],[22.822,56.754],[22.82,56.75],[22.827,56.747],[22.828,56.738],[22.824,56.736],[22.83,56.728],[22.833,56.726],[22.837,56.717],[22.825,56.719],[22.812,56.717],[22.809,56.715],[22.816,56.708],[22.823,56.71],[22.826,56.703],[22.822,56.699],[22.823,56.696],[22.821,56.693],[22.847,56.692],[22.847,56.698],[22.854,56.705],[22.862,56.7],[22.87,56.7],[22.871,56.71],[22.874,56.712],[22.883,56.709],[22.89,56.708],[22.901,56.713],[22.908,56.711],[22.933,56.71],[22.955,56.711],[22.97,56.713],[22.986,56.712],[22.991,56.718],[23.004,56.718],[23.005,56.716],[23.013,56.716],[23.019,56.715],[23.019,56.712],[23.025,56.706],[23.032,56.697],[23.032,56.693],[23.05,56.694],[23.064,56.696],[23.068,56.694],[23.079,56.692],[23.086,56.692],[23.091,56.689],[23.098,56.691],[23.101,56.694],[23.115,56.689],[23.116,56.691],[23.113,56.695],[23.131,56.7],[23.151,56.697],[23.176,56.691],[23.19,56.695],[23.193,56.701],[23.184,56.708],[23.192,56.717],[23.199,56.722],[23.205,56.723],[23.223,56.718],[23.226,56.721],[23.245,56.719],[23.26,56.715],[23.268,56.714],[23.275,56.707],[23.298,56.716],[23.3,56.718],[23.307,56.725],[23.315,56.729],[23.328,56.732],[23.332,56.737],[23.337,56.746],[23.348,56.752],[23.342,56.754],[23.336,56.759],[23.307,56.774],[23.319,56.781],[23.333,56.78],[23.333,56.782],[23.34,56.787],[23.374,56.807],[23.383,56.809],[23.384,56.804],[23.388,56.802],[23.389,56.793],[23.394,56.793],[23.461,56.799],[23.482,56.811],[23.489,56.814],[23.484,56.829],[23.486,56.829],[23.467,56.885],[23.485,56.888],[23.485,56.89],[23.506,56.893],[23.501,56.909],[23.494,56.932]]]}},{"type":"Feature","properties":{"id":13047882,"maakond_id":101,"name":"Talsu novads","bbox":[22.077,57.004,23.147,57.759]},"geometry":{"type":"Polygon","coordinates":[[[23.147,57.316],[23.139,57.324],[23.136,57.336],[23.131,57.341],[23.129,57.349],[23.127,57.352],[23.133,57.356],[23.132,57.36],[23.122,57.367],[23.105,57.366],[23.096,57.367],[23.08,57.369],[23.067,57.373],[23.042,57.377],[23.025,57.383],[23.012,57.393],[22.987,57.4],[22.976,57.405],[22.947,57.414],[22.929,57.422],[22.914,57.433],[22.911,57.436],[22.908,57.445],[22.9,57.449],[22.9,57.451],[22.893,57.454],[22.885,57.459],[22.882,57.464],[22.877,57.469],[22.87,57.475],[22.86,57.48],[22.848,57.49],[22.846,57.492],[22.841,57.493],[22.824,57.499],[22.813,57.505],[22.815,57.507],[22.812,57.511],[22.806,57.509],[22.79,57.515],[22.778,57.52],[22.752,57.528],[22.726,57.537],[22.714,57.543],[22.698,57.549],[22.687,57.554],[22.662,57.568],[22.648,57.577],[22.629,57.591],[22.611,57.607],[22.603,57.616],[22.594,57.628],[22.587,57.641],[22.58,57.656],[22.575,57.67],[22.574,57.686],[22.574,57.698],[22.576,57.71],[22.581,57.723],[22.584,57.73],[22.593,57.742],[22.603,57.754],[22.605,57.759],[22.59,57.759],[22.567,57.756],[22.533,57.749],[22.515,57.745],[22.489,57.739],[22.448,57.728],[22.403,57.715],[22.385,57.71],[22.262,57.675],[22.239,57.669],[22.221,57.664],[22.196,57.657],[22.224,57.632],[22.213,57.627],[22.213,57.621],[22.217,57.62],[22.23,57.627],[22.256,57.603],[22.253,57.603],[22.244,57.598],[22.244,57.587],[22.247,57.572],[22.253,57.566],[22.259,57.563],[22.268,57.556],[22.272,57.524],[22.279,57.518],[22.279,57.511],[22.282,57.503],[22.272,57.5],[22.262,57.503],[22.254,57.503],[22.241,57.5],[22.219,57.491],[22.202,57.484],[22.203,57.481],[22.192,57.476],[22.193,57.473],[22.176,57.472],[22.173,57.475],[22.166,57.476],[22.163,57.472],[22.166,57.467],[22.173,57.462],[22.177,57.463],[22.186,57.462],[22.188,57.46],[22.177,57.45],[22.158,57.442],[22.152,57.439],[22.129,57.432],[22.077,57.425],[22.083,57.421],[22.133,57.402],[22.196,57.395],[22.203,57.396],[22.222,57.401],[22.244,57.406],[22.248,57.406],[22.246,57.4],[22.251,57.398],[22.252,57.391],[22.258,57.388],[22.258,57.385],[22.266,57.381],[22.278,57.386],[22.285,57.383],[22.277,57.382],[22.282,57.376],[22.281,57.374],[22.282,57.364],[22.287,57.356],[22.29,57.349],[22.284,57.345],[22.278,57.331],[22.279,57.325],[22.283,57.322],[22.291,57.32],[22.299,57.321],[22.301,57.314],[22.31,57.29],[22.303,57.287],[22.301,57.283],[22.305,57.283],[22.311,57.278],[22.312,57.269],[22.269,57.267],[22.267,57.259],[22.26,57.259],[22.257,57.258],[22.257,57.253],[22.26,57.25],[22.252,57.248],[22.251,57.245],[22.243,57.244],[22.237,57.245],[22.233,57.237],[22.237,57.234],[22.237,57.229],[22.231,57.223],[22.23,57.22],[22.221,57.224],[22.219,57.226],[22.212,57.226],[22.212,57.22],[22.209,57.217],[22.204,57.217],[22.204,57.211],[22.196,57.21],[22.194,57.202],[22.201,57.2],[22.199,57.197],[22.194,57.199],[22.187,57.197],[22.179,57.198],[22.184,57.19],[22.197,57.191],[22.205,57.19],[22.21,57.186],[22.217,57.182],[22.226,57.179],[22.226,57.176],[22.231,57.176],[22.241,57.171],[22.25,57.173],[22.251,57.167],[22.244,57.164],[22.24,57.156],[22.242,57.154],[22.242,57.148],[22.248,57.144],[22.253,57.143],[22.264,57.138],[22.269,57.131],[22.273,57.129],[22.29,57.127],[22.295,57.123],[22.32,57.119],[22.326,57.121],[22.344,57.117],[22.35,57.114],[22.357,57.112],[22.356,57.11],[22.355,57.101],[22.358,57.094],[22.358,57.089],[22.367,57.081],[22.375,57.081],[22.38,57.059],[22.369,57.057],[22.36,57.057],[22.356,57.047],[22.36,57.034],[22.377,57.035],[22.378,57.028],[22.382,57.024],[22.387,57.012],[22.448,57.019],[22.453,57.016],[22.46,57.013],[22.468,57.016],[22.475,57.012],[22.48,57.013],[22.483,57.019],[22.501,57.022],[22.504,57.019],[22.525,57.016],[22.549,57.004],[22.565,57.005],[22.569,57.007],[22.57,57.01],[22.576,57.013],[22.573,57.017],[22.567,57.015],[22.56,57.017],[22.563,57.023],[22.583,57.021],[22.59,57.026],[22.594,57.028],[22.599,57.027],[22.606,57.022],[22.608,57.019],[22.613,57.019],[22.626,57.017],[22.637,57.016],[22.642,57.016],[22.646,57.022],[22.649,57.03],[22.653,57.03],[22.655,57.036],[22.652,57.04],[22.646,57.043],[22.648,57.055],[22.638,57.06],[22.635,57.072],[22.634,57.079],[22.637,57.086],[22.64,57.097],[22.658,57.095],[22.676,57.103],[22.709,57.102],[22.721,57.108],[22.73,57.107],[22.73,57.11],[22.734,57.113],[22.741,57.109],[22.748,57.112],[22.757,57.112],[22.76,57.113],[22.766,57.111],[22.773,57.123],[22.777,57.125],[22.787,57.125],[22.793,57.128],[22.804,57.133],[22.802,57.138],[22.805,57.14],[22.814,57.14],[22.817,57.137],[22.824,57.14],[22.829,57.144],[22.837,57.146],[22.845,57.141],[22.854,57.139],[22.859,57.142],[22.87,57.145],[22.877,57.139],[22.89,57.139],[22.91,57.135],[22.917,57.131],[22.928,57.13],[22.936,57.138],[22.934,57.142],[22.936,57.152],[22.947,57.159],[22.95,57.162],[22.946,57.164],[22.944,57.174],[22.947,57.175],[22.964,57.176],[22.98,57.182],[22.977,57.184],[22.984,57.188],[22.993,57.195],[23.001,57.196],[23.016,57.196],[23.026,57.198],[23.039,57.203],[23.049,57.206],[23.051,57.21],[23.055,57.21],[23.06,57.215],[23.06,57.221],[23.089,57.232],[23.088,57.242],[23.098,57.25],[23.101,57.25],[23.122,57.252],[23.106,57.294],[23.102,57.303],[23.118,57.313],[23.147,57.316]]]}},{"type":"Feature","properties":{"id":13047883,"maakond_id":101,"name":"Kuldīgas novads","bbox":[21.395,56.499,22.504,57.186]},"geometry":{"type":"Polygon","coordinates":[[[22.504,57.019],[22.501,57.022],[22.483,57.019],[22.48,57.013],[22.475,57.012],[22.468,57.016],[22.46,57.013],[22.453,57.016],[22.448,57.019],[22.387,57.012],[22.382,57.024],[22.378,57.028],[22.377,57.035],[22.36,57.034],[22.356,57.047],[22.36,57.057],[22.369,57.057],[22.38,57.059],[22.375,57.081],[22.367,57.081],[22.358,57.089],[22.358,57.094],[22.355,57.101],[22.356,57.11],[22.357,57.112],[22.35,57.114],[22.344,57.117],[22.326,57.121],[22.32,57.119],[22.295,57.123],[22.29,57.127],[22.273,57.129],[22.269,57.131],[22.264,57.138],[22.253,57.143],[22.248,57.144],[22.242,57.148],[22.242,57.154],[22.24,57.156],[22.244,57.164],[22.251,57.167],[22.25,57.173],[22.241,57.171],[22.231,57.176],[22.226,57.176],[22.226,57.179],[22.217,57.182],[22.21,57.186],[22.209,57.17],[22.207,57.167],[22.199,57.165],[22.199,57.162],[22.202,57.155],[22.2,57.152],[22.191,57.148],[22.197,57.141],[22.195,57.137],[22.193,57.13],[22.188,57.123],[22.181,57.121],[22.182,57.116],[22.123,57.11],[22.124,57.106],[22.129,57.103],[22.124,57.101],[22.119,57.104],[22.113,57.101],[22.11,57.102],[22.101,57.099],[22.092,57.101],[22.072,57.1],[22.067,57.101],[22.065,57.104],[22.056,57.103],[22.052,57.105],[22.036,57.107],[22.034,57.112],[22.025,57.111],[22.02,57.113],[22.02,57.116],[22.01,57.117],[22.01,57.114],[22.004,57.115],[22.001,57.111],[22.002,57.109],[21.998,57.104],[21.992,57.105],[21.973,57.1],[21.97,57.102],[21.961,57.102],[21.955,57.098],[21.955,57.094],[21.945,57.093],[21.941,57.097],[21.934,57.098],[21.924,57.096],[21.913,57.099],[21.904,57.096],[21.897,57.097],[21.897,57.093],[21.893,57.092],[21.887,57.097],[21.882,57.1],[21.877,57.101],[21.862,57.1],[21.85,57.103],[21.845,57.102],[21.835,57.096],[21.834,57.092],[21.823,57.087],[21.812,57.086],[21.801,57.089],[21.801,57.083],[21.793,57.081],[21.787,57.083],[21.784,57.091],[21.788,57.093],[21.798,57.095],[21.792,57.097],[21.79,57.105],[21.784,57.104],[21.776,57.106],[21.774,57.104],[21.767,57.106],[21.758,57.106],[21.746,57.108],[21.741,57.107],[21.731,57.111],[21.726,57.116],[21.717,57.119],[21.713,57.122],[21.707,57.123],[21.703,57.116],[21.694,57.107],[21.681,57.111],[21.663,57.112],[21.667,57.115],[21.663,57.119],[21.659,57.121],[21.654,57.117],[21.648,57.118],[21.638,57.113],[21.632,57.115],[21.624,57.113],[21.628,57.107],[21.626,57.105],[21.63,57.101],[21.623,57.099],[21.62,57.101],[21.601,57.092],[21.603,57.091],[21.597,57.084],[21.587,57.088],[21.575,57.089],[21.538,57.069],[21.53,57.073],[21.527,57.077],[21.508,57.075],[21.513,57.059],[21.483,57.056],[21.495,57.024],[21.466,57.021],[21.484,56.964],[21.456,56.961],[21.461,56.946],[21.45,56.944],[21.395,56.939],[21.399,56.936],[21.402,56.926],[21.419,56.919],[21.437,56.918],[21.438,56.921],[21.443,56.923],[21.448,56.923],[21.451,56.914],[21.471,56.911],[21.487,56.912],[21.489,56.911],[21.489,56.904],[21.496,56.905],[21.475,56.89],[21.479,56.884],[21.478,56.877],[21.477,56.873],[21.469,56.873],[21.468,56.875],[21.462,56.874],[21.447,56.876],[21.438,56.874],[21.444,56.871],[21.449,56.873],[21.466,56.869],[21.473,56.868],[21.501,56.868],[21.511,56.865],[21.512,56.86],[21.506,56.852],[21.509,56.843],[21.52,56.838],[21.525,56.839],[21.527,56.842],[21.539,56.844],[21.544,56.841],[21.558,56.84],[21.561,56.842],[21.567,56.84],[21.58,56.843],[21.585,56.845],[21.593,56.844],[21.599,56.845],[21.6,56.841],[21.607,56.839],[21.613,56.836],[21.606,56.826],[21.616,56.816],[21.632,56.804],[21.633,56.797],[21.641,56.796],[21.644,56.79],[21.654,56.791],[21.659,56.794],[21.671,56.791],[21.686,56.79],[21.693,56.791],[21.698,56.79],[21.699,56.784],[21.715,56.781],[21.723,56.773],[21.736,56.771],[21.742,56.768],[21.749,56.765],[21.751,56.761],[21.757,56.757],[21.765,56.749],[21.764,56.744],[21.766,56.738],[21.759,56.735],[21.756,56.732],[21.764,56.728],[21.766,56.731],[21.773,56.728],[21.779,56.729],[21.778,56.721],[21.783,56.714],[21.78,56.711],[21.762,56.707],[21.762,56.702],[21.771,56.7],[21.777,56.698],[21.796,56.695],[21.812,56.686],[21.827,56.687],[21.827,56.681],[21.819,56.68],[21.82,56.677],[21.815,56.67],[21.822,56.667],[21.819,56.664],[21.829,56.657],[21.832,56.651],[21.825,56.638],[21.819,56.63],[21.81,56.628],[21.816,56.626],[21.817,56.622],[21.81,56.62],[21.805,56.622],[21.791,56.622],[21.784,56.622],[21.778,56.619],[21.779,56.614],[21.776,56.609],[21.778,56.607],[21.785,56.606],[21.785,56.604],[21.792,56.601],[21.797,56.595],[21.8,56.588],[21.792,56.582],[21.801,56.575],[21.79,56.573],[21.792,56.569],[21.79,56.563],[21.797,56.56],[21.794,56.557],[21.788,56.557],[21.788,56.551],[21.791,56.549],[21.798,56.552],[21.805,56.553],[21.813,56.548],[21.81,56.542],[21.806,56.54],[21.804,56.535],[21.817,56.531],[21.823,56.528],[21.842,56.523],[21.851,56.523],[21.863,56.522],[21.871,56.522],[21.888,56.526],[21.897,56.527],[21.903,56.526],[21.904,56.522],[21.904,56.514],[21.907,56.508],[21.926,56.508],[21.947,56.515],[21.954,56.515],[21.963,56.518],[21.966,56.518],[21.969,56.512],[21.965,56.508],[21.971,56.509],[21.988,56.508],[21.991,56.505],[22.015,56.514],[22.032,56.501],[22.037,56.499],[22.047,56.499],[22.053,56.507],[22.06,56.508],[22.061,56.515],[22.066,56.522],[22.063,56.527],[22.054,56.532],[22.043,56.534],[22.036,56.533],[22.024,56.534],[22.011,56.541],[22.009,56.546],[22.014,56.552],[22.013,56.555],[22.017,56.557],[22.027,56.558],[22.035,56.558],[22.046,56.562],[22.051,56.557],[22.123,56.566],[22.137,56.574],[22.126,56.583],[22.129,56.584],[22.118,56.589],[22.12,56.594],[22.115,56.595],[22.115,56.598],[22.122,56.603],[22.123,56.608],[22.118,56.613],[22.111,56.611],[22.106,56.622],[22.107,56.626],[22.116,56.626],[22.115,56.63],[22.121,56.63],[22.121,56.633],[22.105,56.639],[22.113,56.647],[22.108,56.647],[22.099,56.672],[22.106,56.673],[22.101,56.678],[22.094,56.679],[22.092,56.683],[22.093,56.686],[22.089,56.688],[22.096,56.691],[22.107,56.684],[22.115,56.686],[22.116,56.684],[22.123,56.685],[22.125,56.682],[22.132,56.686],[22.133,56.693],[22.14,56.696],[22.146,56.694],[22.153,56.697],[22.161,56.698],[22.162,56.701],[22.169,56.701],[22.171,56.712],[22.176,56.712],[22.176,56.717],[22.18,56.718],[22.176,56.728],[22.183,56.734],[22.189,56.737],[22.181,56.756],[22.176,56.756],[22.178,56.766],[22.166,56.797],[22.178,56.796],[22.187,56.798],[22.196,56.796],[22.199,56.797],[22.204,56.793],[22.214,56.795],[22.215,56.797],[22.229,56.802],[22.23,56.805],[22.223,56.807],[22.227,56.817],[22.226,56.822],[22.24,56.824],[22.242,56.828],[22.247,56.83],[22.262,56.834],[22.285,56.832],[22.3,56.835],[22.305,56.834],[22.304,56.84],[22.311,56.846],[22.314,56.854],[22.336,56.85],[22.338,56.848],[22.345,56.851],[22.347,56.858],[22.352,56.863],[22.337,56.87],[22.331,56.875],[22.334,56.877],[22.33,56.884],[22.32,56.884],[22.316,56.887],[22.312,56.884],[22.307,56.888],[22.298,56.885],[22.286,56.884],[22.281,56.888],[22.269,56.886],[22.266,56.889],[22.269,56.893],[22.269,56.897],[22.262,56.901],[22.272,56.904],[22.289,56.905],[22.294,56.907],[22.298,56.914],[22.292,56.916],[22.283,56.917],[22.28,56.92],[22.284,56.925],[22.293,56.925],[22.296,56.928],[22.321,56.922],[22.327,56.922],[22.337,56.919],[22.346,56.917],[22.343,56.914],[22.343,56.908],[22.347,56.906],[22.346,56.903],[22.352,56.901],[22.351,56.897],[22.355,56.895],[22.364,56.898],[22.375,56.894],[22.376,56.888],[22.383,56.889],[22.39,56.883],[22.395,56.877],[22.398,56.881],[22.403,56.889],[22.436,56.887],[22.436,56.895],[22.437,56.9],[22.434,56.902],[22.436,56.907],[22.45,56.91],[22.456,56.915],[22.455,56.918],[22.453,56.924],[22.454,56.929],[22.443,56.931],[22.443,56.939],[22.446,56.943],[22.458,56.942],[22.464,56.946],[22.465,56.951],[22.458,56.955],[22.461,56.962],[22.465,56.966],[22.468,56.975],[22.466,56.98],[22.469,56.982],[22.482,56.98],[22.484,56.986],[22.486,56.99],[22.485,56.993],[22.495,57.001],[22.5,57.003],[22.503,57.009],[22.504,57.019]]]}},{"type":"Feature","properties":{"id":13047884,"maakond_id":101,"name":"Dienvidkurzemes novads","bbox":[20.971,56.069,22.012,56.976]},"geometry":{"type":"Polygon","coordinates":[[[21.395,56.939],[21.403,56.945],[21.397,56.953],[21.391,56.956],[21.385,56.957],[21.38,56.963],[21.372,56.963],[21.369,56.969],[21.355,56.967],[21.348,56.97],[21.342,56.97],[21.34,56.974],[21.334,56.976],[21.327,56.972],[21.323,56.969],[21.306,56.959],[21.3,56.956],[21.289,56.954],[21.283,56.95],[21.277,56.941],[21.271,56.936],[21.259,56.927],[21.244,56.918],[21.225,56.909],[21.221,56.908],[21.201,56.899],[21.185,56.893],[21.17,56.89],[21.168,56.891],[21.161,56.886],[21.15,56.881],[21.138,56.877],[21.119,56.869],[21.112,56.865],[21.103,56.859],[21.094,56.853],[21.066,56.843],[21.06,56.838],[21.056,56.834],[21.056,56.829],[21.052,56.821],[21.056,56.796],[21.058,56.788],[21.058,56.783],[21.059,56.759],[21.06,56.755],[21.059,56.745],[21.06,56.732],[21.058,56.704],[21.056,56.694],[21.055,56.687],[21.052,56.674],[21.049,56.665],[21.043,56.654],[21.041,56.646],[21.039,56.636],[21.026,56.609],[21.047,56.607],[21.068,56.605],[21.059,56.59],[21.06,56.585],[21.066,56.578],[21.063,56.574],[21.066,56.571],[21.064,56.568],[21.08,56.557],[21.084,56.567],[21.095,56.571],[21.103,56.569],[21.102,56.566],[21.106,56.561],[21.1,56.555],[21.096,56.547],[21.101,56.537],[21.101,56.534],[21.091,56.535],[21.076,56.535],[21.077,56.532],[21.068,56.525],[21.061,56.522],[21.051,56.513],[21.047,56.498],[21.052,56.483],[21.03,56.479],[21.028,56.476],[21.022,56.478],[21.011,56.479],[21.009,56.475],[21.012,56.47],[21.01,56.466],[20.999,56.465],[20.999,56.453],[20.996,56.434],[20.992,56.423],[20.989,56.416],[20.987,56.406],[20.979,56.389],[20.978,56.382],[20.973,56.371],[20.971,56.353],[20.971,56.345],[20.976,56.329],[20.979,56.323],[20.984,56.306],[20.985,56.288],[20.984,56.274],[20.98,56.247],[20.981,56.231],[20.983,56.218],[20.986,56.21],[21.001,56.187],[21.024,56.152],[21.028,56.144],[21.032,56.139],[21.039,56.127],[21.047,56.11],[21.058,56.085],[21.065,56.069],[21.143,56.08],[21.145,56.083],[21.154,56.084],[21.162,56.086],[21.176,56.08],[21.182,56.075],[21.187,56.076],[21.201,56.077],[21.209,56.085],[21.213,56.091],[21.212,56.096],[21.219,56.102],[21.224,56.103],[21.224,56.106],[21.221,56.109],[21.225,56.113],[21.234,56.115],[21.233,56.119],[21.239,56.124],[21.236,56.129],[21.239,56.13],[21.235,56.136],[21.23,56.137],[21.231,56.143],[21.227,56.146],[21.23,56.15],[21.226,56.156],[21.231,56.163],[21.241,56.163],[21.258,56.168],[21.267,56.169],[21.268,56.172],[21.273,56.172],[21.282,56.18],[21.283,56.185],[21.298,56.192],[21.3,56.195],[21.306,56.202],[21.315,56.208],[21.322,56.215],[21.331,56.219],[21.34,56.219],[21.355,56.225],[21.379,56.228],[21.406,56.236],[21.417,56.242],[21.431,56.241],[21.44,56.246],[21.453,56.249],[21.458,56.255],[21.465,56.261],[21.467,56.271],[21.473,56.274],[21.483,56.282],[21.496,56.292],[21.514,56.292],[21.522,56.292],[21.524,56.294],[21.534,56.293],[21.542,56.298],[21.557,56.305],[21.556,56.308],[21.562,56.312],[21.564,56.317],[21.577,56.315],[21.58,56.32],[21.586,56.322],[21.593,56.322],[21.598,56.324],[21.611,56.325],[21.637,56.322],[21.64,56.32],[21.648,56.32],[21.652,56.317],[21.66,56.319],[21.67,56.312],[21.685,56.313],[21.694,56.312],[21.699,56.314],[21.707,56.313],[21.715,56.314],[21.722,56.314],[21.726,56.315],[21.726,56.319],[21.734,56.322],[21.741,56.33],[21.747,56.333],[21.755,56.335],[21.757,56.337],[21.767,56.338],[21.779,56.341],[21.789,56.345],[21.792,56.349],[21.799,56.35],[21.806,56.356],[21.808,56.362],[21.814,56.362],[21.824,56.365],[21.836,56.372],[21.85,56.37],[21.866,56.366],[21.869,56.363],[21.873,56.361],[21.88,56.364],[21.904,56.366],[21.919,56.368],[21.92,56.372],[21.945,56.375],[21.946,56.377],[21.954,56.382],[21.958,56.382],[21.962,56.378],[21.97,56.377],[21.974,56.378],[21.978,56.385],[21.977,56.39],[21.98,56.396],[21.973,56.395],[21.963,56.399],[21.957,56.407],[21.956,56.413],[21.951,56.419],[21.939,56.423],[21.954,56.426],[21.976,56.429],[21.982,56.432],[21.994,56.43],[22.008,56.432],[22.006,56.438],[22,56.44],[22.012,56.445],[22.007,56.45],[21.997,56.455],[21.984,56.457],[21.979,56.459],[21.968,56.462],[21.965,56.466],[21.958,56.467],[21.954,56.47],[21.954,56.474],[21.958,56.476],[21.958,56.483],[21.951,56.485],[21.946,56.485],[21.948,56.496],[21.954,56.5],[21.962,56.499],[21.962,56.505],[21.965,56.508],[21.969,56.512],[21.966,56.518],[21.963,56.518],[21.954,56.515],[21.947,56.515],[21.926,56.508],[21.907,56.508],[21.904,56.514],[21.904,56.522],[21.903,56.526],[21.897,56.527],[21.888,56.526],[21.871,56.522],[21.863,56.522],[21.851,56.523],[21.842,56.523],[21.823,56.528],[21.817,56.531],[21.804,56.535],[21.806,56.54],[21.81,56.542],[21.813,56.548],[21.805,56.553],[21.798,56.552],[21.791,56.549],[21.788,56.551],[21.788,56.557],[21.794,56.557],[21.797,56.56],[21.79,56.563],[21.792,56.569],[21.79,56.573],[21.801,56.575],[21.792,56.582],[21.8,56.588],[21.797,56.595],[21.792,56.601],[21.785,56.604],[21.785,56.606],[21.778,56.607],[21.776,56.609],[21.779,56.614],[21.778,56.619],[21.784,56.622],[21.791,56.622],[21.805,56.622],[21.81,56.62],[21.817,56.622],[21.816,56.626],[21.81,56.628],[21.819,56.63],[21.825,56.638],[21.832,56.651],[21.829,56.657],[21.819,56.664],[21.822,56.667],[21.815,56.67],[21.82,56.677],[21.819,56.68],[21.827,56.681],[21.827,56.687],[21.812,56.686],[21.796,56.695],[21.777,56.698],[21.771,56.7],[21.762,56.702],[21.762,56.707],[21.78,56.711],[21.783,56.714],[21.778,56.721],[21.779,56.729],[21.773,56.728],[21.766,56.731],[21.764,56.728],[21.756,56.732],[21.759,56.735],[21.766,56.738],[21.764,56.744],[21.765,56.749],[21.757,56.757],[21.751,56.761],[21.749,56.765],[21.742,56.768],[21.736,56.771],[21.723,56.773],[21.715,56.781],[21.699,56.784],[21.698,56.79],[21.693,56.791],[21.686,56.79],[21.671,56.791],[21.659,56.794],[21.654,56.791],[21.644,56.79],[21.641,56.796],[21.633,56.797],[21.632,56.804],[21.616,56.816],[21.606,56.826],[21.613,56.836],[21.607,56.839],[21.6,56.841],[21.599,56.845],[21.593,56.844],[21.585,56.845],[21.58,56.843],[21.567,56.84],[21.561,56.842],[21.558,56.84],[21.544,56.841],[21.539,56.844],[21.527,56.842],[21.525,56.839],[21.52,56.838],[21.509,56.843],[21.506,56.852],[21.512,56.86],[21.511,56.865],[21.501,56.868],[21.473,56.868],[21.466,56.869],[21.449,56.873],[21.444,56.871],[21.438,56.874],[21.447,56.876],[21.462,56.874],[21.468,56.875],[21.469,56.873],[21.477,56.873],[21.478,56.877],[21.479,56.884],[21.475,56.89],[21.496,56.905],[21.489,56.904],[21.489,56.911],[21.487,56.912],[21.471,56.911],[21.451,56.914],[21.448,56.923],[21.443,56.923],[21.438,56.921],[21.437,56.918],[21.419,56.919],[21.402,56.926],[21.399,56.936],[21.395,56.939]]]}},{"type":"Feature","properties":{"id":13047946,"maakond_id":103,"name":"Ķekavas novads","bbox":[24.008,56.66,24.543,56.91]},"geometry":{"type":"Polygon","coordinates":[[[24.529,56.718],[24.526,56.734],[24.534,56.748],[24.529,56.752],[24.531,56.756],[24.537,56.758],[24.535,56.763],[24.536,56.765],[24.543,56.77],[24.54,56.775],[24.536,56.777],[24.542,56.785],[24.541,56.792],[24.534,56.799],[24.526,56.796],[24.519,56.801],[24.523,56.804],[24.522,56.807],[24.51,56.807],[24.504,56.809],[24.499,56.814],[24.49,56.816],[24.485,56.819],[24.476,56.824],[24.475,56.831],[24.463,56.837],[24.448,56.842],[24.442,56.842],[24.435,56.838],[24.406,56.835],[24.372,56.837],[24.368,56.839],[24.359,56.84],[24.34,56.842],[24.34,56.836],[24.323,56.83],[24.304,56.824],[24.289,56.822],[24.28,56.824],[24.277,56.826],[24.273,56.833],[24.259,56.834],[24.241,56.833],[24.234,56.835],[24.231,56.843],[24.227,56.847],[24.204,56.86],[24.199,56.862],[24.191,56.868],[24.192,56.871],[24.198,56.876],[24.207,56.882],[24.2,56.886],[24.185,56.901],[24.169,56.907],[24.164,56.904],[24.152,56.905],[24.15,56.91],[24.146,56.909],[24.147,56.896],[24.142,56.895],[24.136,56.9],[24.123,56.896],[24.118,56.894],[24.112,56.895],[24.101,56.892],[24.105,56.88],[24.106,56.878],[24.1,56.874],[24.1,56.868],[24.097,56.864],[24.101,56.86],[24.095,56.857],[24.106,56.845],[24.109,56.843],[24.14,56.834],[24.137,56.83],[24.139,56.828],[24.133,56.824],[24.141,56.822],[24.136,56.819],[24.138,56.816],[24.136,56.812],[24.099,56.784],[24.102,56.779],[24.101,56.769],[24.092,56.769],[24.087,56.767],[24.074,56.77],[24.066,56.771],[24.063,56.773],[24.051,56.772],[24.044,56.773],[24.045,56.766],[24.033,56.765],[24.009,56.762],[24.008,56.756],[24.029,56.761],[24.033,56.761],[24.034,56.753],[24.024,56.749],[24.016,56.748],[24.015,56.743],[24.02,56.742],[24.028,56.744],[24.039,56.742],[24.039,56.736],[24.054,56.733],[24.057,56.736],[24.046,56.737],[24.052,56.745],[24.063,56.745],[24.065,56.732],[24.057,56.731],[24.058,56.726],[24.065,56.723],[24.18,56.728],[24.177,56.721],[24.198,56.718],[24.21,56.72],[24.218,56.719],[24.221,56.722],[24.227,56.719],[24.234,56.718],[24.238,56.715],[24.245,56.715],[24.248,56.713],[24.253,56.709],[24.262,56.704],[24.26,56.7],[24.26,56.694],[24.269,56.692],[24.267,56.687],[24.273,56.684],[24.289,56.685],[24.301,56.683],[24.314,56.674],[24.322,56.672],[24.33,56.672],[24.333,56.669],[24.349,56.665],[24.359,56.66],[24.37,56.661],[24.373,56.663],[24.384,56.665],[24.384,56.669],[24.37,56.668],[24.37,56.67],[24.381,56.676],[24.387,56.676],[24.399,56.677],[24.407,56.676],[24.412,56.679],[24.417,56.677],[24.437,56.681],[24.474,56.702],[24.487,56.713],[24.496,56.717],[24.529,56.718]]]}},{"type":"Feature","properties":{"id":13047947,"maakond_id":103,"name":"Salaspils novads","bbox":[24.191,56.822,24.518,56.925]},"geometry":{"type":"Polygon","coordinates":[[[24.498,56.903],[24.493,56.902],[24.482,56.903],[24.473,56.9],[24.469,56.901],[24.465,56.905],[24.452,56.907],[24.465,56.915],[24.451,56.922],[24.456,56.925],[24.402,56.92],[24.396,56.919],[24.377,56.919],[24.371,56.917],[24.364,56.915],[24.365,56.908],[24.363,56.905],[24.355,56.904],[24.346,56.898],[24.341,56.901],[24.333,56.902],[24.331,56.904],[24.336,56.909],[24.341,56.911],[24.346,56.916],[24.33,56.919],[24.306,56.921],[24.271,56.92],[24.262,56.919],[24.263,56.914],[24.255,56.912],[24.254,56.905],[24.272,56.882],[24.275,56.876],[24.281,56.873],[24.275,56.87],[24.288,56.865],[24.311,56.859],[24.307,56.858],[24.29,56.858],[24.283,56.859],[24.27,56.859],[24.262,56.858],[24.243,56.869],[24.232,56.874],[24.214,56.878],[24.207,56.882],[24.198,56.876],[24.192,56.871],[24.191,56.868],[24.199,56.862],[24.204,56.86],[24.227,56.847],[24.231,56.843],[24.234,56.835],[24.241,56.833],[24.259,56.834],[24.273,56.833],[24.277,56.826],[24.28,56.824],[24.289,56.822],[24.304,56.824],[24.323,56.83],[24.34,56.836],[24.34,56.842],[24.359,56.84],[24.368,56.839],[24.372,56.837],[24.406,56.835],[24.435,56.838],[24.442,56.842],[24.439,56.852],[24.442,56.858],[24.446,56.859],[24.449,56.864],[24.456,56.866],[24.455,56.874],[24.452,56.877],[24.445,56.881],[24.44,56.881],[24.433,56.892],[24.441,56.895],[24.451,56.892],[24.463,56.892],[24.471,56.889],[24.479,56.89],[24.487,56.885],[24.492,56.884],[24.496,56.877],[24.493,56.873],[24.51,56.873],[24.517,56.879],[24.51,56.882],[24.518,56.886],[24.505,56.892],[24.502,56.897],[24.497,56.899],[24.498,56.903]]]}},{"type":"Feature","properties":{"id":13047948,"maakond_id":103,"name":"Olaines novads","bbox":[23.753,56.664,24.256,56.88]},"geometry":{"type":"Polygon","coordinates":[[[24.071,56.879],[24.062,56.879],[24.058,56.877],[24.044,56.857],[24.038,56.855],[24.021,56.855],[24.016,56.849],[24.009,56.849],[23.976,56.858],[23.969,56.857],[23.958,56.849],[23.944,56.855],[23.915,56.844],[23.902,56.847],[23.897,56.844],[23.889,56.844],[23.849,56.817],[23.834,56.806],[23.816,56.814],[23.793,56.823],[23.779,56.821],[23.782,56.811],[23.777,56.807],[23.773,56.802],[23.756,56.771],[23.766,56.771],[23.763,56.765],[23.759,56.762],[23.756,56.755],[23.753,56.751],[23.756,56.75],[23.754,56.743],[23.758,56.74],[23.775,56.736],[23.779,56.732],[23.787,56.733],[23.792,56.73],[23.798,56.729],[23.801,56.723],[23.814,56.728],[23.815,56.734],[23.824,56.738],[23.832,56.736],[23.832,56.729],[23.835,56.726],[23.843,56.729],[23.841,56.731],[23.844,56.736],[23.843,56.739],[23.854,56.741],[23.863,56.743],[23.876,56.742],[23.881,56.745],[23.886,56.743],[23.893,56.744],[23.903,56.742],[23.909,56.744],[23.911,56.746],[23.917,56.747],[23.918,56.75],[23.925,56.752],[23.923,56.742],[23.925,56.738],[23.929,56.738],[23.931,56.735],[23.929,56.73],[23.934,56.727],[24,56.731],[23.996,56.726],[23.999,56.722],[24.005,56.716],[24.015,56.712],[24.007,56.704],[24.012,56.7],[24.018,56.698],[24.018,56.694],[24.033,56.693],[24.036,56.69],[24.043,56.69],[24.047,56.691],[24.043,56.696],[24.053,56.696],[24.065,56.698],[24.07,56.693],[24.075,56.694],[24.082,56.689],[24.084,56.685],[24.095,56.686],[24.098,56.692],[24.105,56.694],[24.11,56.688],[24.109,56.685],[24.113,56.681],[24.114,56.677],[24.111,56.675],[24.115,56.672],[24.121,56.67],[24.129,56.67],[24.132,56.672],[24.145,56.667],[24.151,56.671],[24.161,56.664],[24.164,56.665],[24.163,56.672],[24.176,56.672],[24.185,56.674],[24.183,56.679],[24.165,56.684],[24.166,56.686],[24.178,56.683],[24.176,56.689],[24.183,56.689],[24.182,56.698],[24.189,56.696],[24.187,56.688],[24.197,56.688],[24.2,56.691],[24.222,56.692],[24.232,56.69],[24.237,56.694],[24.247,56.694],[24.256,56.701],[24.249,56.706],[24.252,56.709],[24.248,56.713],[24.245,56.715],[24.238,56.715],[24.234,56.718],[24.227,56.719],[24.221,56.722],[24.218,56.719],[24.21,56.72],[24.198,56.718],[24.177,56.721],[24.18,56.728],[24.065,56.723],[24.058,56.726],[24.057,56.731],[24.065,56.732],[24.063,56.745],[24.052,56.745],[24.046,56.737],[24.057,56.736],[24.054,56.733],[24.039,56.736],[24.039,56.742],[24.028,56.744],[24.02,56.742],[24.015,56.743],[24.016,56.748],[24.024,56.749],[24.034,56.753],[24.033,56.761],[24.029,56.761],[24.008,56.756],[24.009,56.762],[24.033,56.765],[24.045,56.766],[24.044,56.773],[24.051,56.772],[24.063,56.773],[24.066,56.771],[24.074,56.77],[24.087,56.767],[24.092,56.769],[24.101,56.769],[24.102,56.779],[24.099,56.784],[24.136,56.812],[24.138,56.816],[24.136,56.819],[24.141,56.822],[24.133,56.824],[24.139,56.828],[24.137,56.83],[24.14,56.834],[24.109,56.843],[24.106,56.845],[24.095,56.857],[24.101,56.86],[24.097,56.864],[24.1,56.868],[24.1,56.874],[24.106,56.878],[24.105,56.88],[24.069,56.876],[24.071,56.879]]]}},{"type":"Feature","properties":{"id":13047972,"maakond_id":102,"name":"Preiļu novads","bbox":[26.291,56.058,27.144,56.561]},"geometry":{"type":"Polygon","coordinates":[[[26.333,56.191],[26.366,56.208],[26.376,56.203],[26.385,56.199],[26.397,56.191],[26.405,56.189],[26.404,56.186],[26.423,56.175],[26.456,56.193],[26.496,56.169],[26.504,56.152],[26.506,56.13],[26.521,56.13],[26.532,56.129],[26.545,56.13],[26.555,56.131],[26.551,56.141],[26.546,56.145],[26.544,56.148],[26.545,56.16],[26.558,56.168],[26.566,56.163],[26.574,56.161],[26.579,56.156],[26.576,56.149],[26.57,56.145],[26.582,56.142],[26.58,56.14],[26.589,56.134],[26.6,56.137],[26.608,56.133],[26.613,56.132],[26.625,56.124],[26.628,56.124],[26.644,56.139],[26.66,56.136],[26.669,56.137],[26.67,56.135],[26.677,56.134],[26.682,56.135],[26.692,56.131],[26.696,56.123],[26.701,56.119],[26.706,56.107],[26.714,56.109],[26.732,56.11],[26.741,56.108],[26.749,56.108],[26.755,56.106],[26.758,56.108],[26.764,56.108],[26.774,56.112],[26.778,56.111],[26.802,56.124],[26.823,56.135],[26.838,56.13],[26.841,56.126],[26.844,56.119],[26.849,56.119],[26.857,56.126],[26.866,56.13],[26.876,56.128],[26.881,56.128],[26.886,56.133],[26.89,56.134],[26.896,56.125],[26.888,56.111],[26.888,56.104],[26.895,56.103],[26.896,56.1],[26.902,56.098],[26.907,56.094],[26.908,56.087],[26.914,56.084],[26.913,56.078],[26.921,56.074],[26.924,56.07],[26.932,56.067],[26.933,56.063],[26.931,56.059],[26.943,56.058],[26.948,56.06],[26.955,56.06],[26.959,56.062],[26.973,56.062],[26.998,56.063],[27,56.068],[26.998,56.07],[27.006,56.073],[27.016,56.07],[27.023,56.072],[27.036,56.079],[27.044,56.079],[27.053,56.082],[27.071,56.096],[27.076,56.098],[27.086,56.096],[27.09,56.093],[27.097,56.095],[27.091,56.1],[27.094,56.102],[27.11,56.101],[27.12,56.095],[27.131,56.094],[27.142,56.097],[27.144,56.1],[27.13,56.107],[27.126,56.113],[27.126,56.126],[27.127,56.13],[27.12,56.134],[27.119,56.139],[27.13,56.144],[27.124,56.148],[27.118,56.155],[27.113,56.156],[27.108,56.158],[27.104,56.164],[27.105,56.166],[27.101,56.172],[27.099,56.176],[27.088,56.176],[27.085,56.174],[27.061,56.173],[27.048,56.179],[27.046,56.183],[27.047,56.192],[27.029,56.204],[27.027,56.209],[27.033,56.213],[27.039,56.216],[27.034,56.218],[27.031,56.217],[27.025,56.222],[27.024,56.226],[27.018,56.224],[27.014,56.226],[27.014,56.234],[27.002,56.23],[27,56.231],[26.991,56.233],[26.993,56.235],[27,56.238],[27.001,56.242],[26.995,56.242],[26.989,56.244],[27.009,56.257],[27.018,56.26],[27.009,56.264],[27.001,56.271],[26.988,56.278],[26.985,56.279],[26.975,56.287],[26.967,56.289],[26.966,56.293],[26.946,56.293],[26.944,56.298],[26.945,56.306],[26.95,56.306],[26.95,56.31],[26.945,56.313],[26.939,56.322],[26.95,56.327],[26.963,56.326],[26.969,56.32],[26.975,56.317],[26.984,56.319],[26.998,56.329],[26.997,56.334],[26.992,56.334],[26.987,56.339],[26.978,56.342],[26.978,56.349],[26.976,56.355],[26.972,56.358],[26.962,56.362],[26.956,56.367],[26.959,56.37],[26.957,56.376],[26.944,56.379],[26.941,56.382],[26.941,56.386],[26.936,56.391],[26.927,56.394],[26.916,56.398],[26.905,56.402],[26.896,56.408],[26.893,56.415],[26.895,56.418],[26.903,56.418],[26.903,56.42],[26.911,56.421],[26.919,56.424],[26.915,56.43],[26.917,56.432],[26.915,56.436],[26.92,56.439],[26.918,56.443],[26.923,56.448],[26.933,56.454],[26.935,56.46],[26.939,56.461],[26.949,56.458],[26.956,56.46],[26.949,56.467],[26.954,56.48],[26.929,56.476],[26.93,56.482],[26.916,56.484],[26.911,56.483],[26.895,56.479],[26.89,56.481],[26.858,56.483],[26.854,56.491],[26.86,56.497],[26.852,56.5],[26.845,56.499],[26.84,56.495],[26.832,56.499],[26.823,56.499],[26.819,56.495],[26.809,56.496],[26.805,56.499],[26.807,56.502],[26.807,56.511],[26.779,56.511],[26.775,56.512],[26.782,56.517],[26.796,56.517],[26.798,56.523],[26.807,56.524],[26.825,56.525],[26.825,56.531],[26.819,56.534],[26.82,56.54],[26.811,56.541],[26.804,56.546],[26.793,56.545],[26.779,56.55],[26.776,56.553],[26.769,56.556],[26.773,56.56],[26.744,56.561],[26.741,56.556],[26.745,56.55],[26.743,56.543],[26.736,56.535],[26.725,56.536],[26.727,56.539],[26.724,56.542],[26.714,56.546],[26.693,56.546],[26.663,56.541],[26.634,56.54],[26.625,56.54],[26.624,56.534],[26.611,56.52],[26.595,56.502],[26.596,56.495],[26.6,56.494],[26.605,56.498],[26.61,56.499],[26.612,56.493],[26.615,56.493],[26.616,56.487],[26.56,56.485],[26.561,56.464],[26.552,56.451],[26.564,56.447],[26.563,56.445],[26.566,56.441],[26.578,56.437],[26.595,56.44],[26.596,56.436],[26.592,56.435],[26.588,56.428],[26.583,56.423],[26.588,56.421],[26.583,56.415],[26.584,56.41],[26.579,56.409],[26.571,56.404],[26.573,56.401],[26.569,56.399],[26.567,56.393],[26.562,56.389],[26.562,56.387],[26.555,56.383],[26.546,56.377],[26.537,56.38],[26.527,56.386],[26.52,56.392],[26.515,56.391],[26.51,56.394],[26.503,56.396],[26.496,56.397],[26.489,56.395],[26.494,56.39],[26.477,56.364],[26.476,56.358],[26.484,56.36],[26.512,56.355],[26.507,56.352],[26.506,56.349],[26.512,56.346],[26.512,56.343],[26.541,56.341],[26.547,56.336],[26.555,56.335],[26.564,56.329],[26.57,56.323],[26.579,56.326],[26.588,56.327],[26.596,56.325],[26.592,56.307],[26.593,56.304],[26.601,56.3],[26.607,56.3],[26.611,56.293],[26.611,56.285],[26.6,56.284],[26.595,56.284],[26.594,56.281],[26.584,56.28],[26.573,56.277],[26.57,56.273],[26.569,56.267],[26.553,56.266],[26.547,56.272],[26.539,56.272],[26.52,56.274],[26.515,56.279],[26.505,56.281],[26.482,56.283],[26.477,56.277],[26.467,56.272],[26.462,56.274],[26.455,56.28],[26.446,56.279],[26.432,56.278],[26.424,56.284],[26.416,56.285],[26.416,56.294],[26.399,56.299],[26.398,56.303],[26.4,56.314],[26.391,56.324],[26.386,56.325],[26.365,56.316],[26.371,56.313],[26.371,56.308],[26.364,56.305],[26.363,56.301],[26.368,56.297],[26.361,56.293],[26.36,56.289],[26.361,56.282],[26.356,56.279],[26.352,56.281],[26.346,56.281],[26.339,56.285],[26.333,56.282],[26.324,56.288],[26.313,56.294],[26.297,56.294],[26.295,56.292],[26.317,56.231],[26.291,56.228],[26.312,56.219],[26.329,56.199],[26.333,56.191]]]}},{"type":"Feature","properties":{"id":13047973,"maakond_id":102,"name":"Krāslavas novads","bbox":[26.928,55.783,28.096,56.262]},"geometry":{"type":"Polygon","coordinates":[[[28.064,56.137],[28.059,56.141],[28.062,56.148],[28.053,56.154],[28.046,56.154],[28.036,56.161],[28.058,56.169],[28.054,56.173],[28.07,56.179],[28.069,56.19],[28.081,56.198],[28.09,56.202],[28.096,56.206],[28.074,56.215],[28.069,56.212],[28.073,56.21],[28.073,56.207],[28.067,56.203],[28.056,56.203],[28.052,56.21],[28.062,56.214],[28.059,56.218],[28.055,56.218],[28.047,56.212],[28.042,56.219],[28.037,56.215],[28.03,56.214],[28.024,56.216],[28.019,56.212],[28.006,56.211],[28.002,56.204],[27.992,56.203],[27.987,56.201],[27.982,56.197],[27.96,56.195],[27.954,56.198],[27.94,56.199],[27.933,56.196],[27.927,56.193],[27.916,56.191],[27.914,56.189],[27.916,56.183],[27.906,56.179],[27.898,56.184],[27.893,56.185],[27.896,56.192],[27.889,56.195],[27.883,56.195],[27.872,56.189],[27.865,56.188],[27.858,56.179],[27.849,56.177],[27.845,56.18],[27.843,56.185],[27.837,56.188],[27.834,56.184],[27.822,56.186],[27.819,56.189],[27.819,56.195],[27.811,56.195],[27.808,56.198],[27.783,56.196],[27.775,56.2],[27.756,56.197],[27.749,56.195],[27.744,56.197],[27.744,56.2],[27.739,56.202],[27.732,56.2],[27.725,56.201],[27.722,56.205],[27.716,56.206],[27.713,56.212],[27.71,56.212],[27.698,56.225],[27.687,56.225],[27.682,56.227],[27.682,56.234],[27.676,56.237],[27.672,56.242],[27.655,56.253],[27.63,56.244],[27.586,56.24],[27.584,56.239],[27.573,56.247],[27.562,56.244],[27.551,56.244],[27.55,56.247],[27.545,56.249],[27.548,56.256],[27.538,56.262],[27.535,56.26],[27.534,56.246],[27.521,56.242],[27.512,56.239],[27.486,56.231],[27.455,56.236],[27.441,56.236],[27.437,56.224],[27.444,56.224],[27.449,56.222],[27.459,56.222],[27.454,56.214],[27.446,56.209],[27.432,56.212],[27.428,56.207],[27.42,56.209],[27.425,56.204],[27.41,56.204],[27.403,56.202],[27.401,56.204],[27.393,56.202],[27.39,56.205],[27.379,56.209],[27.379,56.211],[27.347,56.212],[27.336,56.209],[27.326,56.21],[27.3,56.202],[27.298,56.206],[27.289,56.205],[27.28,56.201],[27.272,56.199],[27.259,56.201],[27.245,56.207],[27.239,56.21],[27.234,56.21],[27.227,56.207],[27.22,56.206],[27.209,56.206],[27.207,56.207],[27.199,56.205],[27.189,56.208],[27.184,56.206],[27.176,56.206],[27.168,56.209],[27.164,56.215],[27.155,56.211],[27.148,56.205],[27.146,56.2],[27.146,56.195],[27.138,56.192],[27.136,56.197],[27.12,56.193],[27.114,56.193],[27.118,56.187],[27.111,56.187],[27.11,56.192],[27.1,56.192],[27.099,56.187],[27.103,56.181],[27.108,56.178],[27.109,56.172],[27.101,56.172],[27.105,56.166],[27.104,56.164],[27.108,56.158],[27.113,56.156],[27.118,56.155],[27.124,56.148],[27.13,56.144],[27.119,56.139],[27.12,56.134],[27.127,56.13],[27.126,56.126],[27.126,56.113],[27.13,56.107],[27.144,56.1],[27.142,56.097],[27.131,56.094],[27.12,56.095],[27.11,56.101],[27.094,56.102],[27.091,56.1],[27.097,56.095],[27.09,56.093],[27.086,56.096],[27.076,56.098],[27.071,56.096],[27.053,56.082],[27.044,56.079],[27.036,56.079],[27.023,56.072],[27.016,56.07],[27.006,56.073],[26.998,56.07],[27,56.068],[26.998,56.063],[26.973,56.062],[26.971,56.059],[26.969,56.054],[26.962,56.049],[26.954,56.05],[26.96,56.045],[26.953,56.046],[26.948,56.044],[26.949,56.034],[26.955,56.031],[26.964,56.024],[26.965,56.015],[26.97,56.011],[26.962,56.008],[26.955,56.009],[26.951,56.004],[26.947,56.003],[26.943,56.006],[26.937,56.006],[26.93,56.003],[26.933,56],[26.942,55.996],[26.935,55.986],[26.94,55.978],[26.939,55.974],[26.946,55.963],[26.955,55.962],[26.958,55.963],[26.964,55.957],[26.966,55.952],[26.96,55.948],[26.956,55.949],[26.948,55.948],[26.943,55.943],[26.936,55.94],[26.934,55.938],[26.936,55.932],[26.942,55.932],[26.958,55.925],[26.949,55.92],[26.948,55.913],[26.933,55.908],[26.932,55.899],[26.928,55.891],[26.928,55.888],[26.934,55.884],[26.931,55.877],[26.932,55.873],[26.935,55.871],[26.955,55.869],[26.97,55.871],[26.984,55.87],[26.984,55.855],[26.984,55.852],[26.978,55.848],[26.984,55.844],[26.981,55.839],[26.977,55.838],[26.975,55.833],[26.976,55.83],[26.983,55.829],[26.981,55.819],[26.979,55.815],[26.997,55.818],[27.008,55.824],[27.015,55.829],[27.025,55.827],[27.033,55.823],[27.035,55.827],[27.04,55.829],[27.051,55.831],[27.07,55.829],[27.082,55.826],[27.094,55.827],[27.098,55.829],[27.102,55.836],[27.102,55.844],[27.109,55.847],[27.118,55.85],[27.13,55.851],[27.133,55.852],[27.144,55.849],[27.152,55.852],[27.157,55.849],[27.162,55.848],[27.171,55.843],[27.172,55.837],[27.2,55.834],[27.205,55.83],[27.208,55.825],[27.214,55.821],[27.22,55.819],[27.228,55.813],[27.242,55.806],[27.247,55.801],[27.249,55.795],[27.259,55.794],[27.264,55.79],[27.268,55.79],[27.287,55.785],[27.295,55.79],[27.306,55.793],[27.327,55.798],[27.35,55.802],[27.349,55.806],[27.354,55.808],[27.354,55.811],[27.367,55.815],[27.37,55.81],[27.377,55.808],[27.398,55.803],[27.412,55.801],[27.428,55.795],[27.455,55.793],[27.467,55.794],[27.478,55.79],[27.515,55.787],[27.528,55.786],[27.551,55.784],[27.571,55.784],[27.585,55.784],[27.59,55.783],[27.598,55.785],[27.616,55.787],[27.615,55.79],[27.618,55.793],[27.64,55.848],[27.625,55.892],[27.653,55.913],[27.653,55.93],[27.744,55.972],[27.749,55.976],[27.749,55.979],[27.756,55.979],[27.762,55.98],[27.769,55.975],[27.779,55.976],[27.784,55.975],[27.787,55.979],[27.795,55.98],[27.799,55.984],[27.803,55.99],[27.807,55.988],[27.811,55.99],[27.81,56.002],[27.806,56.007],[27.809,56.009],[27.817,56.008],[27.816,56.011],[27.832,56.02],[27.833,56.024],[27.828,56.027],[27.818,56.03],[27.814,56.029],[27.806,56.035],[27.821,56.04],[27.83,56.04],[27.839,56.038],[27.848,56.042],[27.861,56.044],[27.866,56.047],[27.865,56.05],[27.875,56.053],[27.88,56.052],[27.89,56.053],[27.902,56.051],[27.908,56.053],[27.911,56.059],[27.917,56.058],[27.923,56.061],[27.936,56.074],[27.934,56.08],[27.939,56.091],[27.949,56.097],[27.952,56.101],[27.95,56.103],[27.962,56.105],[27.97,56.11],[27.969,56.117],[27.977,56.122],[27.985,56.122],[27.991,56.126],[28.009,56.127],[28.015,56.124],[28.022,56.124],[28.026,56.119],[28.045,56.119],[28.045,56.129],[28.057,56.134],[28.064,56.137]]]}},{"type":"Feature","properties":{"id":13048682,"maakond_id":102,"name":"Rēzekne","bbox":[27.307,56.478,27.379,56.538]},"geometry":{"type":"Polygon","coordinates":[[[27.325,56.53],[27.323,56.533],[27.308,56.53],[27.312,56.526],[27.308,56.518],[27.308,56.514],[27.312,56.51],[27.318,56.51],[27.314,56.505],[27.308,56.502],[27.307,56.498],[27.311,56.494],[27.317,56.491],[27.32,56.493],[27.328,56.491],[27.33,56.486],[27.338,56.481],[27.34,56.478],[27.349,56.484],[27.348,56.488],[27.353,56.496],[27.361,56.496],[27.366,56.5],[27.371,56.499],[27.375,56.506],[27.367,56.506],[27.366,56.512],[27.372,56.513],[27.379,56.514],[27.379,56.517],[27.368,56.517],[27.364,56.52],[27.373,56.522],[27.373,56.532],[27.365,56.532],[27.363,56.528],[27.346,56.531],[27.35,56.537],[27.34,56.538],[27.332,56.53],[27.325,56.53]]]}},{"type":"Feature","properties":{"id":13048683,"maakond_id":102,"name":"Daugavpils","bbox":[26.438,55.835,26.632,55.958]},"geometry":{"type":"Polygon","coordinates":[[[26.627,55.868],[26.632,55.871],[26.608,55.881],[26.615,55.891],[26.606,55.9],[26.608,55.905],[26.605,55.909],[26.611,55.919],[26.611,55.925],[26.601,55.94],[26.593,55.946],[26.593,55.953],[26.591,55.958],[26.555,55.921],[26.539,55.905],[26.519,55.907],[26.509,55.913],[26.498,55.916],[26.488,55.915],[26.485,55.917],[26.484,55.921],[26.464,55.926],[26.461,55.924],[26.45,55.925],[26.448,55.92],[26.438,55.913],[26.441,55.912],[26.462,55.899],[26.476,55.884],[26.489,55.877],[26.477,55.869],[26.476,55.865],[26.477,55.86],[26.482,55.855],[26.488,55.851],[26.495,55.848],[26.497,55.845],[26.495,55.845],[26.495,55.843],[26.49,55.843],[26.486,55.837],[26.495,55.835],[26.498,55.841],[26.497,55.844],[26.497,55.846],[26.502,55.85],[26.508,55.848],[26.514,55.849],[26.515,55.846],[26.525,55.846],[26.538,55.843],[26.547,55.844],[26.546,55.852],[26.549,55.853],[26.563,55.855],[26.561,55.861],[26.573,55.862],[26.592,55.861],[26.61,55.862],[26.618,55.864],[26.627,55.868]]]}},{"type":"Feature","properties":{"id":13048684,"maakond_id":105,"name":"Jelgava","bbox":[23.625,56.597,23.8,56.691]},"geometry":{"type":"Polygon","coordinates":[[[23.7,56.688],[23.703,56.684],[23.694,56.68],[23.686,56.676],[23.665,56.675],[23.658,56.679],[23.65,56.677],[23.645,56.68],[23.643,56.676],[23.635,56.679],[23.633,56.682],[23.625,56.677],[23.631,56.669],[23.629,56.664],[23.636,56.658],[23.638,56.653],[23.65,56.649],[23.656,56.649],[23.657,56.647],[23.673,56.645],[23.672,56.642],[23.675,56.635],[23.682,56.632],[23.684,56.625],[23.688,56.62],[23.679,56.614],[23.681,56.611],[23.677,56.608],[23.678,56.603],[23.675,56.601],[23.689,56.598],[23.704,56.597],[23.716,56.598],[23.715,56.6],[23.718,56.604],[23.721,56.604],[23.722,56.612],[23.725,56.615],[23.732,56.62],[23.737,56.621],[23.738,56.626],[23.746,56.626],[23.749,56.627],[23.757,56.624],[23.764,56.626],[23.769,56.622],[23.773,56.625],[23.778,56.626],[23.778,56.629],[23.783,56.631],[23.778,56.637],[23.766,56.642],[23.761,56.643],[23.774,56.647],[23.78,56.648],[23.786,56.646],[23.792,56.65],[23.8,56.656],[23.781,56.665],[23.789,56.671],[23.788,56.682],[23.779,56.683],[23.763,56.687],[23.732,56.685],[23.729,56.691],[23.722,56.688],[23.714,56.688],[23.71,56.686],[23.7,56.688]]]}},{"type":"Feature","properties":{"id":13048685,"maakond_id":101,"name":"Liepāja","bbox":[20.962,56.465,21.106,56.609]},"geometry":{"type":"Polygon","coordinates":[[[20.999,56.465],[21.01,56.466],[21.012,56.47],[21.009,56.475],[21.011,56.479],[21.022,56.478],[21.028,56.476],[21.03,56.479],[21.052,56.483],[21.047,56.498],[21.051,56.513],[21.061,56.522],[21.068,56.525],[21.077,56.532],[21.076,56.535],[21.091,56.535],[21.101,56.534],[21.101,56.537],[21.096,56.547],[21.1,56.555],[21.106,56.561],[21.102,56.566],[21.103,56.569],[21.095,56.571],[21.084,56.567],[21.08,56.557],[21.064,56.568],[21.066,56.571],[21.063,56.574],[21.066,56.578],[21.06,56.585],[21.059,56.59],[21.068,56.605],[21.047,56.607],[21.026,56.609],[21.017,56.597],[21.012,56.588],[21.01,56.577],[21.007,56.57],[21.004,56.568],[21,56.558],[20.999,56.557],[20.969,56.554],[20.962,56.549],[20.968,56.526],[20.976,56.524],[20.983,56.52],[20.988,56.509],[20.992,56.498],[20.997,56.484],[20.999,56.471],[20.999,56.465]]]}},{"type":"Feature","properties":{"id":13048686,"maakond_id":101,"name":"Ventspils","bbox":[21.517,57.348,21.673,57.471]},"geometry":{"type":"Polygon","coordinates":[[[21.517,57.379],[21.537,57.371],[21.537,57.367],[21.545,57.36],[21.533,57.351],[21.535,57.35],[21.546,57.358],[21.549,57.355],[21.564,57.354],[21.566,57.349],[21.572,57.348],[21.571,57.353],[21.575,57.36],[21.584,57.36],[21.582,57.364],[21.586,57.368],[21.591,57.37],[21.597,57.362],[21.606,57.36],[21.613,57.355],[21.62,57.356],[21.621,57.361],[21.614,57.37],[21.614,57.373],[21.615,57.387],[21.617,57.391],[21.623,57.395],[21.632,57.394],[21.642,57.396],[21.673,57.404],[21.666,57.418],[21.664,57.43],[21.653,57.433],[21.66,57.441],[21.659,57.449],[21.654,57.46],[21.647,57.462],[21.637,57.461],[21.634,57.471],[21.625,57.47],[21.611,57.455],[21.601,57.442],[21.597,57.435],[21.592,57.428],[21.566,57.411],[21.557,57.407],[21.55,57.405],[21.536,57.408],[21.527,57.408],[21.524,57.405],[21.53,57.4],[21.529,57.395],[21.527,57.39],[21.517,57.379]]]}},{"type":"Feature","properties":{"id":13048687,"maakond_id":103,"name":"Jūrmala","bbox":[23.473,56.924,23.971,57.009]},"geometry":{"type":"Polygon","coordinates":[[[23.553,56.98],[23.55,56.979],[23.532,56.975],[23.501,56.966],[23.481,56.965],[23.484,56.955],[23.482,56.95],[23.473,56.946],[23.477,56.939],[23.479,56.939],[23.481,56.933],[23.494,56.932],[23.494,56.933],[23.534,56.927],[23.534,56.93],[23.543,56.929],[23.55,56.925],[23.585,56.924],[23.606,56.925],[23.606,56.927],[23.612,56.931],[23.619,56.938],[23.625,56.941],[23.637,56.941],[23.641,56.939],[23.645,56.933],[23.65,56.931],[23.658,56.931],[23.685,56.932],[23.691,56.934],[23.697,56.941],[23.705,56.941],[23.723,56.94],[23.739,56.942],[23.743,56.946],[23.749,56.948],[23.769,56.948],[23.777,56.949],[23.783,56.951],[23.786,56.955],[23.777,56.962],[23.776,56.968],[23.782,56.97],[23.796,56.97],[23.804,56.968],[23.809,56.963],[23.809,56.957],[23.817,56.952],[23.83,56.954],[23.84,56.957],[23.872,56.965],[23.88,56.964],[23.882,56.966],[23.895,56.969],[23.906,56.967],[23.908,56.963],[23.913,56.963],[23.919,56.965],[23.93,56.968],[23.952,56.978],[23.955,56.981],[23.965,56.986],[23.971,56.986],[23.947,56.997],[23.934,56.996],[23.933,57],[23.935,57.005],[23.933,57.009],[23.904,57],[23.87,56.991],[23.845,56.986],[23.814,56.98],[23.78,56.974],[23.746,56.969],[23.714,56.966],[23.678,56.963],[23.661,56.963],[23.642,56.963],[23.627,56.964],[23.614,56.966],[23.595,56.973],[23.562,56.976],[23.553,56.98]]]}},{"type":"Feature","properties":{"id":13048688,"maakond_id":103,"name":"Rīga","bbox":[23.933,56.858,24.324,57.086]},"geometry":{"type":"Polygon","coordinates":[[[24.275,56.87],[24.245,56.883],[24.249,56.886],[24.228,56.897],[24.234,56.902],[24.237,56.913],[24.238,56.923],[24.235,56.936],[24.233,56.937],[24.241,56.942],[24.244,56.943],[24.253,56.954],[24.258,56.952],[24.263,56.949],[24.27,56.951],[24.268,56.954],[24.27,56.957],[24.284,56.957],[24.287,56.955],[24.305,56.962],[24.314,56.967],[24.318,56.966],[24.324,56.968],[24.323,56.971],[24.317,56.974],[24.314,56.978],[24.305,56.98],[24.308,56.983],[24.306,56.987],[24.292,56.991],[24.281,56.995],[24.281,57.004],[24.272,57.01],[24.263,57.009],[24.259,57.01],[24.213,57.017],[24.21,57.019],[24.198,57.026],[24.194,57.034],[24.199,57.035],[24.194,57.039],[24.199,57.04],[24.197,57.045],[24.19,57.045],[24.187,57.054],[24.182,57.053],[24.175,57.054],[24.164,57.054],[24.153,57.056],[24.15,57.063],[24.145,57.062],[24.142,57.065],[24.143,57.069],[24.136,57.077],[24.127,57.075],[24.122,57.078],[24.117,57.082],[24.121,57.083],[24.119,57.086],[24.107,57.082],[24.083,57.076],[24.071,57.073],[24.038,57.067],[24.029,57.064],[24.015,57.068],[24.01,57.065],[24.021,57.06],[24.021,57.057],[24.014,57.051],[24.002,57.042],[23.983,57.029],[23.965,57.021],[23.94,57.012],[23.933,57.009],[23.935,57.005],[23.933,57],[23.934,56.996],[23.947,56.997],[23.971,56.986],[23.982,56.987],[23.988,56.989],[24.002,56.988],[24.01,56.988],[24.012,56.985],[24.007,56.982],[23.995,56.983],[23.989,56.981],[24.012,56.972],[23.995,56.963],[23.991,56.963],[23.977,56.96],[23.961,56.959],[23.958,56.956],[23.971,56.953],[23.946,56.944],[23.949,56.941],[23.967,56.933],[23.971,56.936],[23.977,56.936],[23.993,56.929],[23.997,56.927],[24.015,56.929],[24.026,56.927],[24.04,56.927],[24.042,56.918],[24.046,56.913],[24.077,56.909],[24.076,56.906],[24.082,56.905],[24.074,56.894],[24.075,56.888],[24.071,56.879],[24.069,56.876],[24.105,56.88],[24.101,56.892],[24.112,56.895],[24.118,56.894],[24.123,56.896],[24.136,56.9],[24.142,56.895],[24.147,56.896],[24.146,56.909],[24.15,56.91],[24.152,56.905],[24.164,56.904],[24.169,56.907],[24.185,56.901],[24.2,56.886],[24.207,56.882],[24.214,56.878],[24.232,56.874],[24.243,56.869],[24.262,56.858],[24.27,56.859],[24.283,56.859],[24.29,56.858],[24.307,56.858],[24.311,56.859],[24.288,56.865],[24.275,56.87]]]}}]}