{"type":"FeatureCollection","features":[{"type":"Feature","properties":{"id":404139,"maakond_id":612,"name":"Vaksdal","bbox":[5.588,60.434,6.314,60.914]},"geometry":{"type":"Polygon","coordinates":[[[6.21,60.914],[6.209,60.914],[6.18,60.909],[6.156,60.891],[6.15,60.893],[6.141,60.892],[6.136,60.89],[6.122,60.876],[6.107,60.871],[6.098,60.867],[6.089,60.861],[6.083,60.855],[6.068,60.853],[6.038,60.836],[6.024,60.832],[6.014,60.826],[6.005,60.826],[6,60.824],[5.991,60.823],[5.99,60.826],[5.981,60.827],[5.979,60.824],[5.969,60.822],[5.969,60.818],[5.953,60.809],[5.946,60.807],[5.939,60.807],[5.924,60.811],[5.899,60.808],[5.892,60.809],[5.872,60.803],[5.86,60.812],[5.854,60.81],[5.846,60.806],[5.837,60.803],[5.831,60.799],[5.828,60.793],[5.82,60.789],[5.819,60.786],[5.807,60.782],[5.794,60.772],[5.782,60.765],[5.776,60.76],[5.77,60.752],[5.765,60.75],[5.742,60.745],[5.737,60.739],[5.733,60.727],[5.717,60.724],[5.708,60.724],[5.7,60.727],[5.699,60.731],[5.693,60.742],[5.69,60.744],[5.677,60.737],[5.668,60.725],[5.651,60.716],[5.673,60.699],[5.663,60.694],[5.661,60.686],[5.645,60.671],[5.654,60.666],[5.661,60.665],[5.662,60.66],[5.654,60.653],[5.651,60.651],[5.642,60.65],[5.638,60.645],[5.628,60.636],[5.633,60.631],[5.642,60.626],[5.647,60.62],[5.672,60.619],[5.674,60.616],[5.674,60.599],[5.665,60.592],[5.648,60.59],[5.635,60.587],[5.634,60.585],[5.627,60.58],[5.616,60.58],[5.608,60.584],[5.601,60.578],[5.588,60.575],[5.602,60.565],[5.601,60.563],[5.609,60.556],[5.62,60.548],[5.622,60.545],[5.627,60.542],[5.629,60.538],[5.634,60.537],[5.647,60.539],[5.664,60.537],[5.685,60.531],[5.688,60.529],[5.697,60.53],[5.71,60.531],[5.723,60.484],[5.721,60.464],[5.702,60.46],[5.671,60.469],[5.647,60.464],[5.631,60.455],[5.62,60.438],[5.631,60.436],[5.635,60.434],[5.639,60.436],[5.643,60.443],[5.666,60.443],[5.686,60.436],[5.716,60.438],[5.732,60.44],[5.742,60.443],[5.742,60.448],[5.77,60.454],[5.785,60.45],[5.79,60.45],[5.792,60.459],[5.801,60.463],[5.83,60.468],[5.838,60.467],[5.852,60.471],[5.879,60.482],[5.884,60.495],[5.882,60.501],[5.899,60.511],[5.909,60.521],[5.916,60.527],[5.932,60.523],[5.966,60.517],[5.974,60.509],[5.991,60.503],[5.994,60.506],[6.001,60.51],[6.029,60.512],[6.046,60.522],[6.049,60.522],[6.067,60.522],[6.079,60.525],[6.079,60.528],[6.073,60.534],[6.08,60.537],[6.08,60.539],[6.075,60.554],[6.078,60.559],[6.078,60.571],[6.077,60.589],[6.055,60.583],[6.044,60.583],[6.04,60.585],[6.03,60.584],[6.019,60.583],[6.012,60.585],[6.005,60.582],[5.997,60.583],[5.991,60.578],[5.973,60.575],[5.947,60.588],[5.936,60.591],[5.93,60.59],[5.904,60.602],[5.904,60.609],[5.907,60.612],[5.901,60.614],[5.9,60.618],[5.902,60.621],[5.9,60.624],[5.909,60.632],[5.899,60.63],[5.893,60.632],[5.888,60.63],[5.874,60.629],[5.87,60.629],[5.844,60.639],[5.848,60.644],[5.846,60.653],[5.848,60.656],[5.863,60.656],[5.869,60.663],[5.877,60.665],[5.881,60.667],[5.891,60.677],[5.899,60.691],[5.902,60.7],[5.905,60.708],[5.905,60.72],[5.922,60.728],[5.925,60.734],[5.945,60.736],[5.96,60.738],[5.984,60.741],[5.991,60.748],[5.995,60.75],[6.014,60.75],[6.014,60.741],[6.02,60.739],[6.025,60.732],[6.044,60.717],[6.052,60.717],[6.061,60.729],[6.057,60.741],[6.076,60.741],[6.093,60.753],[6.097,60.757],[6.096,60.762],[6.101,60.766],[6.113,60.764],[6.137,60.768],[6.143,60.77],[6.169,60.773],[6.174,60.779],[6.186,60.788],[6.205,60.769],[6.212,60.766],[6.227,60.766],[6.212,60.785],[6.223,60.794],[6.224,60.803],[6.23,60.805],[6.248,60.808],[6.286,60.821],[6.301,60.821],[6.297,60.816],[6.3,60.815],[6.311,60.816],[6.306,60.82],[6.314,60.823],[6.309,60.829],[6.314,60.84],[6.284,60.855],[6.304,60.881],[6.263,60.894],[6.21,60.914]]]}},{"type":"Feature","properties":{"id":404140,"maakond_id":612,"name":"Modalen","bbox":[5.65,60.724,6.21,61.035]},"geometry":{"type":"Polygon","coordinates":[[[6.149,60.984],[6.131,60.987],[6.125,60.99],[6.094,60.993],[6.076,61],[6.049,61.028],[6.017,61.035],[5.993,61.023],[5.942,61.009],[5.929,61.012],[5.916,60.998],[5.901,60.981],[5.892,60.965],[5.886,60.952],[5.865,60.952],[5.86,60.943],[5.859,60.936],[5.856,60.93],[5.857,60.925],[5.854,60.923],[5.845,60.923],[5.843,60.919],[5.837,60.916],[5.83,60.916],[5.824,60.903],[5.821,60.899],[5.819,60.891],[5.814,60.887],[5.804,60.885],[5.8,60.881],[5.793,60.878],[5.784,60.877],[5.783,60.883],[5.776,60.884],[5.774,60.878],[5.769,60.875],[5.765,60.876],[5.755,60.87],[5.745,60.868],[5.742,60.864],[5.734,60.866],[5.728,60.865],[5.717,60.858],[5.712,60.856],[5.704,60.852],[5.711,60.849],[5.708,60.844],[5.709,60.831],[5.713,60.821],[5.712,60.814],[5.709,60.806],[5.696,60.798],[5.685,60.792],[5.674,60.781],[5.666,60.77],[5.664,60.763],[5.65,60.76],[5.663,60.739],[5.67,60.74],[5.677,60.737],[5.69,60.744],[5.693,60.742],[5.699,60.731],[5.7,60.727],[5.708,60.724],[5.717,60.724],[5.733,60.727],[5.737,60.739],[5.742,60.745],[5.765,60.75],[5.77,60.752],[5.776,60.76],[5.782,60.765],[5.794,60.772],[5.807,60.782],[5.819,60.786],[5.82,60.789],[5.828,60.793],[5.831,60.799],[5.837,60.803],[5.846,60.806],[5.854,60.81],[5.86,60.812],[5.872,60.803],[5.892,60.809],[5.899,60.808],[5.924,60.811],[5.939,60.807],[5.946,60.807],[5.953,60.809],[5.969,60.818],[5.969,60.822],[5.979,60.824],[5.981,60.827],[5.99,60.826],[5.991,60.823],[6,60.824],[6.005,60.826],[6.014,60.826],[6.024,60.832],[6.038,60.836],[6.068,60.853],[6.083,60.855],[6.089,60.861],[6.098,60.867],[6.107,60.871],[6.122,60.876],[6.136,60.89],[6.141,60.892],[6.15,60.893],[6.156,60.891],[6.18,60.909],[6.209,60.914],[6.21,60.914],[6.178,60.919],[6.157,60.922],[6.136,60.938],[6.14,60.965],[6.141,60.972],[6.149,60.984]]]}},{"type":"Feature","properties":{"id":404141,"maakond_id":612,"name":"Osterøy","bbox":[5.317,60.425,5.723,60.716]},"geometry":{"type":"Polygon","coordinates":[[[5.317,60.536],[5.335,60.526],[5.381,60.512],[5.46,60.459],[5.48,60.453],[5.491,60.444],[5.514,60.437],[5.515,60.431],[5.526,60.425],[5.558,60.429],[5.575,60.434],[5.613,60.434],[5.62,60.438],[5.631,60.455],[5.647,60.464],[5.671,60.469],[5.702,60.46],[5.721,60.464],[5.723,60.484],[5.71,60.531],[5.697,60.53],[5.688,60.529],[5.685,60.531],[5.664,60.537],[5.647,60.539],[5.634,60.537],[5.629,60.538],[5.627,60.542],[5.622,60.545],[5.62,60.548],[5.609,60.556],[5.601,60.563],[5.602,60.565],[5.588,60.575],[5.601,60.578],[5.608,60.584],[5.616,60.58],[5.627,60.58],[5.634,60.585],[5.635,60.587],[5.648,60.59],[5.665,60.592],[5.674,60.599],[5.674,60.616],[5.672,60.619],[5.647,60.62],[5.642,60.626],[5.633,60.631],[5.628,60.636],[5.638,60.645],[5.642,60.65],[5.651,60.651],[5.654,60.653],[5.662,60.66],[5.661,60.665],[5.654,60.666],[5.645,60.671],[5.661,60.686],[5.663,60.694],[5.673,60.699],[5.651,60.716],[5.606,60.697],[5.604,60.692],[5.605,60.684],[5.616,60.676],[5.604,60.666],[5.61,60.661],[5.596,60.646],[5.573,60.628],[5.554,60.622],[5.509,60.621],[5.385,60.559],[5.351,60.556],[5.327,60.549],[5.317,60.536]]]}},{"type":"Feature","properties":{"id":404143,"maakond_id":612,"name":"Masfjorden","bbox":[5.11,60.703,5.865,60.986]},"geometry":{"type":"Polygon","coordinates":[[[5.11,60.806],[5.289,60.745],[5.355,60.731],[5.408,60.703],[5.424,60.706],[5.438,60.711],[5.449,60.708],[5.463,60.712],[5.475,60.714],[5.484,60.722],[5.493,60.722],[5.493,60.738],[5.495,60.741],[5.478,60.754],[5.477,60.758],[5.494,60.758],[5.488,60.764],[5.479,60.769],[5.476,60.776],[5.477,60.78],[5.502,60.789],[5.503,60.794],[5.512,60.797],[5.548,60.79],[5.563,60.788],[5.605,60.813],[5.61,60.82],[5.619,60.822],[5.628,60.827],[5.644,60.828],[5.673,60.848],[5.678,60.844],[5.683,60.845],[5.692,60.85],[5.704,60.852],[5.712,60.856],[5.717,60.858],[5.728,60.865],[5.734,60.866],[5.742,60.864],[5.745,60.868],[5.755,60.87],[5.765,60.876],[5.769,60.875],[5.774,60.878],[5.776,60.884],[5.783,60.883],[5.784,60.877],[5.793,60.878],[5.8,60.881],[5.804,60.885],[5.814,60.887],[5.819,60.891],[5.821,60.899],[5.824,60.903],[5.83,60.916],[5.837,60.916],[5.843,60.919],[5.845,60.923],[5.854,60.923],[5.857,60.925],[5.856,60.93],[5.859,60.936],[5.86,60.943],[5.865,60.952],[5.858,60.952],[5.81,60.977],[5.799,60.986],[5.764,60.979],[5.73,60.972],[5.715,60.966],[5.71,60.963],[5.706,60.956],[5.681,60.962],[5.669,60.963],[5.649,60.98],[5.62,60.977],[5.58,60.959],[5.554,60.942],[5.53,60.931],[5.512,60.926],[5.5,60.923],[5.484,60.922],[5.476,60.928],[5.478,60.934],[5.461,60.935],[5.452,60.932],[5.44,60.931],[5.438,60.93],[5.42,60.928],[5.417,60.926],[5.403,60.921],[5.391,60.914],[5.377,60.911],[5.366,60.911],[5.363,60.914],[5.351,60.915],[5.33,60.912],[5.326,60.917],[5.321,60.919],[5.318,60.924],[5.311,60.929],[5.313,60.936],[5.304,60.942],[5.292,60.944],[5.28,60.941],[5.29,60.936],[5.288,60.933],[5.277,60.929],[5.258,60.925],[5.24,60.923],[5.227,60.926],[5.224,60.922],[5.219,60.922],[5.214,60.918],[5.196,60.909],[5.177,60.906],[5.177,60.903],[5.164,60.9],[5.159,60.891],[5.162,60.886],[5.167,60.882],[5.161,60.879],[5.163,60.874],[5.154,60.867],[5.139,60.864],[5.14,60.86],[5.132,60.86],[5.136,60.856],[5.139,60.839],[5.135,60.838],[5.135,60.829],[5.127,60.826],[5.13,60.819],[5.11,60.806]]]}},{"type":"Feature","properties":{"id":404145,"maakond_id":612,"name":"Austrheim","bbox":[4.686,60.73,5.047,60.858]},"geometry":{"type":"Polygon","coordinates":[[[4.791,60.764],[4.878,60.755],[4.922,60.746],[4.963,60.73],[5.012,60.732],[5.039,60.731],[5.025,60.751],[5.045,60.756],[5.024,60.767],[4.996,60.782],[4.996,60.784],[4.99,60.789],[4.989,60.792],[4.996,60.795],[5.019,60.785],[5.025,60.791],[5.029,60.791],[5.039,60.795],[5.047,60.797],[5.037,60.799],[5.024,60.801],[5.015,60.802],[5.018,60.811],[5.016,60.816],[4.995,60.818],[4.952,60.826],[4.952,60.84],[4.892,60.847],[4.796,60.848],[4.687,60.858],[4.686,60.839],[4.791,60.764]]]}},{"type":"Feature","properties":{"id":404146,"maakond_id":612,"name":"Fedje","bbox":[4.185,60.688,4.791,60.887]},"geometry":{"type":"Polygon","coordinates":[[[4.687,60.858],[4.611,60.887],[4.579,60.885],[4.449,60.868],[4.185,60.833],[4.246,60.724],[4.266,60.688],[4.53,60.723],[4.661,60.741],[4.777,60.734],[4.791,60.764],[4.686,60.839],[4.687,60.858]]]}},{"type":"Feature","properties":{"id":404149,"maakond_id":612,"name":"Ulvik","bbox":[6.757,60.468,7.732,60.741]},"geometry":{"type":"Polygon","coordinates":[[[7.47,60.676],[7.463,60.676],[7.334,60.686],[7.318,60.69],[7.274,60.695],[7.253,60.697],[7.225,60.701],[7.183,60.701],[7.179,60.697],[7.167,60.692],[7.152,60.693],[7.131,60.693],[7.125,60.696],[7.095,60.709],[7.025,60.711],[7.013,60.719],[7.002,60.719],[6.995,60.716],[6.986,60.719],[6.985,60.727],[6.988,60.735],[6.986,60.741],[6.965,60.74],[6.966,60.736],[6.964,60.728],[6.956,60.722],[6.949,60.712],[6.946,60.699],[6.938,60.702],[6.934,60.702],[6.926,60.691],[6.917,60.678],[6.902,60.68],[6.839,60.675],[6.838,60.672],[6.851,60.664],[6.863,60.66],[6.856,60.654],[6.856,60.648],[6.854,60.646],[6.851,60.632],[6.836,60.627],[6.841,60.621],[6.815,60.611],[6.819,60.608],[6.828,60.604],[6.828,60.6],[6.843,60.598],[6.842,60.594],[6.831,60.595],[6.823,60.593],[6.818,60.593],[6.811,60.59],[6.822,60.585],[6.83,60.577],[6.828,60.569],[6.822,60.566],[6.816,60.56],[6.82,60.551],[6.814,60.548],[6.812,60.539],[6.813,60.515],[6.806,60.512],[6.795,60.51],[6.788,60.506],[6.779,60.504],[6.773,60.5],[6.757,60.488],[6.788,60.488],[6.792,60.479],[6.804,60.468],[6.839,60.481],[6.853,60.482],[6.881,60.477],[6.916,60.482],[6.926,60.492],[6.932,60.495],[6.94,60.495],[6.952,60.503],[6.957,60.505],[6.984,60.511],[6.984,60.516],[7.025,60.526],[7.074,60.525],[7.094,60.527],[7.148,60.535],[7.16,60.537],[7.211,60.537],[7.223,60.545],[7.221,60.562],[7.222,60.575],[7.227,60.586],[7.24,60.586],[7.261,60.587],[7.282,60.592],[7.399,60.56],[7.448,60.547],[7.505,60.543],[7.597,60.538],[7.718,60.522],[7.732,60.521],[7.673,60.537],[7.64,60.56],[7.632,60.572],[7.631,60.576],[7.622,60.596],[7.636,60.633],[7.546,60.657],[7.439,60.66],[7.47,60.676]]]}},{"type":"Feature","properties":{"id":404151,"maakond_id":612,"name":"Eidfjord","bbox":[6.784,60.099,7.732,60.592]},"geometry":{"type":"Polygon","coordinates":[[[7.692,60.413],[7.694,60.426],[7.704,60.451],[7.718,60.485],[7.726,60.504],[7.732,60.521],[7.718,60.522],[7.597,60.538],[7.505,60.543],[7.448,60.547],[7.399,60.56],[7.282,60.592],[7.261,60.587],[7.24,60.586],[7.227,60.586],[7.222,60.575],[7.221,60.562],[7.223,60.545],[7.211,60.537],[7.16,60.537],[7.148,60.535],[7.094,60.527],[7.074,60.525],[7.025,60.526],[6.984,60.516],[6.984,60.511],[6.957,60.505],[6.952,60.503],[6.94,60.495],[6.932,60.495],[6.926,60.492],[6.916,60.482],[6.881,60.477],[6.853,60.482],[6.839,60.481],[6.804,60.468],[6.784,60.459],[6.815,60.455],[6.82,60.451],[6.828,60.448],[6.838,60.447],[6.846,60.443],[6.848,60.439],[6.863,60.443],[6.88,60.438],[6.892,60.438],[6.896,60.432],[6.915,60.415],[6.927,60.414],[6.957,60.415],[7.01,60.417],[7.017,60.416],[7.038,60.409],[7.019,60.389],[7.021,60.382],[7.016,60.378],[7.013,60.373],[6.982,60.368],[6.98,60.363],[6.982,60.355],[6.982,60.348],[7.061,60.348],[7.079,60.347],[7.095,60.354],[7.116,60.353],[7.119,60.349],[7.124,60.339],[7.12,60.338],[7.117,60.329],[7.106,60.323],[7.12,60.315],[7.137,60.293],[7.184,60.277],[7.186,60.276],[7.209,60.274],[7.217,60.275],[7.235,60.272],[7.244,60.268],[7.246,60.251],[7.216,60.257],[7.201,60.256],[7.191,60.256],[7.166,60.26],[7.164,60.25],[7.167,60.244],[7.177,60.238],[7.18,60.235],[7.162,60.219],[7.168,60.213],[7.184,60.201],[7.217,60.194],[7.225,60.193],[7.226,60.188],[7.237,60.159],[7.223,60.134],[7.276,60.129],[7.33,60.125],[7.371,60.124],[7.448,60.114],[7.461,60.107],[7.488,60.099],[7.583,60.176],[7.61,60.244],[7.674,60.294],[7.692,60.413]]]}},{"type":"Feature","properties":{"id":404155,"maakond_id":612,"name":"Kvam herad","bbox":[5.855,60.1,6.526,60.534]},"geometry":{"type":"Polygon","coordinates":[[[6.027,60.194],[6.062,60.226],[6.107,60.235],[6.165,60.231],[6.217,60.282],[6.2,60.299],[6.315,60.353],[6.317,60.376],[6.383,60.391],[6.432,60.397],[6.511,60.431],[6.492,60.449],[6.496,60.452],[6.491,60.455],[6.505,60.455],[6.514,60.458],[6.526,60.467],[6.5,60.476],[6.482,60.47],[6.47,60.47],[6.46,60.468],[6.447,60.478],[6.409,60.467],[6.401,60.471],[6.401,60.482],[6.381,60.488],[6.384,60.492],[6.371,60.509],[6.358,60.507],[6.325,60.504],[6.293,60.502],[6.27,60.504],[6.261,60.509],[6.262,60.515],[6.255,60.522],[6.263,60.527],[6.248,60.534],[6.242,60.53],[6.224,60.532],[6.211,60.532],[6.208,60.524],[6.204,60.523],[6.191,60.524],[6.177,60.529],[6.162,60.531],[6.138,60.525],[6.115,60.521],[6.104,60.52],[6.095,60.517],[6.09,60.517],[6.084,60.52],[6.079,60.525],[6.067,60.522],[6.049,60.522],[6.046,60.522],[6.029,60.512],[6.001,60.51],[5.994,60.506],[5.991,60.503],[5.987,60.499],[5.99,60.491],[5.985,60.486],[5.979,60.471],[5.974,60.465],[5.957,60.457],[5.942,60.432],[5.936,60.428],[5.924,60.418],[5.917,60.407],[5.916,60.398],[5.917,60.394],[5.917,60.385],[5.915,60.379],[5.92,60.369],[5.933,60.348],[5.927,60.334],[5.908,60.325],[5.932,60.317],[5.944,60.309],[5.947,60.305],[5.959,60.294],[5.958,60.279],[5.961,60.273],[5.961,60.266],[5.958,60.263],[5.946,60.256],[5.943,60.249],[5.936,60.239],[5.932,60.236],[5.933,60.233],[5.929,60.226],[5.92,60.22],[5.913,60.212],[5.913,60.207],[5.923,60.202],[5.921,60.199],[5.903,60.192],[5.89,60.19],[5.882,60.184],[5.863,60.176],[5.857,60.172],[5.862,60.162],[5.863,60.157],[5.86,60.156],[5.867,60.14],[5.863,60.138],[5.862,60.132],[5.856,60.127],[5.855,60.121],[5.858,60.113],[5.873,60.102],[5.872,60.1],[5.877,60.102],[5.887,60.104],[5.904,60.115],[5.922,60.118],[5.919,60.144],[5.949,60.151],[5.96,60.158],[5.98,60.176],[6.027,60.194]]]}},{"type":"Feature","properties":{"id":404157,"maakond_id":612,"name":"Askøy","bbox":[4.898,60.382,5.28,60.632]},"geometry":{"type":"Polygon","coordinates":[[[5.17,60.382],[5.236,60.403],[5.26,60.402],[5.28,60.409],[5.243,60.471],[5.237,60.495],[5.099,60.53],[5.037,60.539],[4.998,60.552],[4.982,60.561],[4.995,60.578],[4.975,60.589],[4.958,60.588],[4.961,60.598],[4.946,60.604],[4.93,60.627],[4.898,60.632],[4.901,60.595],[4.922,60.55],[4.976,60.509],[4.997,60.476],[5.057,60.412],[5.1,60.414],[5.123,60.4],[5.147,60.4],[5.17,60.382]]]}},{"type":"Feature","properties":{"id":404159,"maakond_id":612,"name":"Bergen","bbox":[5.145,60.176,5.687,60.536]},"geometry":{"type":"Polygon","coordinates":[[[5.686,60.436],[5.666,60.443],[5.643,60.443],[5.639,60.436],[5.635,60.434],[5.631,60.436],[5.62,60.438],[5.613,60.434],[5.575,60.434],[5.558,60.429],[5.526,60.425],[5.515,60.431],[5.514,60.437],[5.491,60.444],[5.48,60.453],[5.46,60.459],[5.381,60.512],[5.335,60.526],[5.317,60.536],[5.288,60.533],[5.261,60.524],[5.263,60.515],[5.237,60.495],[5.243,60.471],[5.28,60.409],[5.26,60.402],[5.236,60.403],[5.17,60.382],[5.166,60.373],[5.169,60.367],[5.172,60.341],[5.191,60.336],[5.203,60.321],[5.19,60.289],[5.188,60.274],[5.161,60.275],[5.145,60.264],[5.156,60.254],[5.202,60.251],[5.221,60.259],[5.233,60.255],[5.227,60.248],[5.227,60.238],[5.238,60.23],[5.209,60.202],[5.21,60.189],[5.253,60.176],[5.321,60.209],[5.325,60.219],[5.333,60.222],[5.342,60.221],[5.344,60.224],[5.349,60.225],[5.365,60.222],[5.365,60.225],[5.372,60.226],[5.382,60.232],[5.387,60.238],[5.397,60.243],[5.407,60.244],[5.421,60.25],[5.423,60.244],[5.439,60.256],[5.447,60.256],[5.457,60.262],[5.466,60.265],[5.475,60.273],[5.491,60.289],[5.503,60.287],[5.502,60.285],[5.521,60.28],[5.527,60.287],[5.525,60.297],[5.53,60.298],[5.543,60.31],[5.543,60.317],[5.557,60.326],[5.565,60.328],[5.576,60.33],[5.591,60.342],[5.591,60.353],[5.583,60.358],[5.588,60.375],[5.579,60.378],[5.591,60.388],[5.607,60.397],[5.622,60.4],[5.643,60.403],[5.656,60.419],[5.665,60.42],[5.687,60.426],[5.686,60.436]]]}},{"type":"Feature","properties":{"id":404160,"maakond_id":612,"name":"Samnanger","bbox":[5.571,60.286,5.991,60.527]},"geometry":{"type":"Polygon","coordinates":[[[5.686,60.436],[5.687,60.426],[5.665,60.42],[5.656,60.419],[5.643,60.403],[5.622,60.4],[5.607,60.397],[5.591,60.388],[5.579,60.378],[5.588,60.375],[5.583,60.358],[5.591,60.353],[5.591,60.342],[5.576,60.33],[5.585,60.328],[5.583,60.325],[5.582,60.317],[5.585,60.31],[5.585,60.307],[5.574,60.3],[5.574,60.296],[5.571,60.289],[5.582,60.287],[5.598,60.291],[5.627,60.286],[5.64,60.316],[5.652,60.315],[5.666,60.315],[5.671,60.322],[5.677,60.326],[5.689,60.33],[5.694,60.324],[5.702,60.323],[5.722,60.326],[5.732,60.334],[5.733,60.341],[5.737,60.348],[5.741,60.351],[5.747,60.351],[5.764,60.344],[5.764,60.325],[5.77,60.323],[5.78,60.329],[5.786,60.329],[5.794,60.325],[5.813,60.325],[5.835,60.329],[5.843,60.326],[5.889,60.325],[5.908,60.325],[5.927,60.334],[5.933,60.348],[5.92,60.369],[5.915,60.379],[5.917,60.385],[5.917,60.394],[5.916,60.398],[5.917,60.407],[5.924,60.418],[5.936,60.428],[5.942,60.432],[5.957,60.457],[5.974,60.465],[5.979,60.471],[5.985,60.486],[5.99,60.491],[5.987,60.499],[5.991,60.503],[5.974,60.509],[5.966,60.517],[5.932,60.523],[5.916,60.527],[5.909,60.521],[5.899,60.511],[5.882,60.501],[5.884,60.495],[5.879,60.482],[5.852,60.471],[5.838,60.467],[5.83,60.468],[5.801,60.463],[5.792,60.459],[5.79,60.45],[5.785,60.45],[5.77,60.454],[5.742,60.448],[5.742,60.443],[5.732,60.44],[5.716,60.438],[5.686,60.436]]]}},{"type":"Feature","properties":{"id":404164,"maakond_id":612,"name":"Austevoll","bbox":[4.547,59.914,5.332,60.189]},"geometry":{"type":"Polygon","coordinates":[[[5.328,59.999],[5.322,60.031],[5.332,60.107],[5.253,60.176],[5.21,60.189],[5.117,60.158],[5.053,60.149],[4.957,60.141],[4.699,60.118],[4.547,60.104],[4.565,60.047],[4.606,59.914],[4.885,59.927],[5.017,59.933],[5.078,59.939],[5.267,59.973],[5.328,59.999]]]}},{"type":"Feature","properties":{"id":404165,"maakond_id":612,"name":"Tysnes","bbox":[5.322,59.858,5.77,60.124]},"geometry":{"type":"Polygon","coordinates":[[[5.708,60.039],[5.704,60.047],[5.705,60.051],[5.71,60.055],[5.704,60.091],[5.653,60.114],[5.575,60.111],[5.52,60.124],[5.485,60.111],[5.332,60.107],[5.322,60.031],[5.328,59.999],[5.373,59.974],[5.455,59.944],[5.499,59.924],[5.54,59.881],[5.557,59.882],[5.571,59.889],[5.614,59.869],[5.618,59.862],[5.649,59.858],[5.672,59.877],[5.728,59.895],[5.757,59.922],[5.77,59.956],[5.712,59.963],[5.72,60.006],[5.712,60.013],[5.715,60.026],[5.712,60.033],[5.708,60.039]]]}},{"type":"Feature","properties":{"id":404166,"maakond_id":612,"name":"Fitjar","bbox":[5.078,59.808,5.499,59.999]},"geometry":{"type":"Polygon","coordinates":[[[5.321,59.808],[5.349,59.81],[5.347,59.821],[5.351,59.829],[5.367,59.834],[5.376,59.839],[5.386,59.838],[5.39,59.836],[5.397,59.835],[5.406,59.84],[5.411,59.845],[5.41,59.848],[5.415,59.852],[5.411,59.859],[5.413,59.863],[5.419,59.865],[5.422,59.87],[5.434,59.874],[5.429,59.879],[5.433,59.883],[5.443,59.885],[5.446,59.89],[5.458,59.898],[5.464,59.907],[5.483,59.92],[5.499,59.924],[5.455,59.944],[5.373,59.974],[5.328,59.999],[5.267,59.973],[5.078,59.939],[5.119,59.907],[5.148,59.9],[5.147,59.895],[5.158,59.892],[5.163,59.891],[5.169,59.888],[5.179,59.89],[5.18,59.887],[5.193,59.874],[5.211,59.873],[5.237,59.867],[5.262,59.849],[5.289,59.846],[5.294,59.83],[5.321,59.808]]]}},{"type":"Feature","properties":{"id":404167,"maakond_id":612,"name":"Kvinnherad","bbox":[5.569,59.686,6.483,60.217]},"geometry":{"type":"Polygon","coordinates":[[[5.872,60.1],[5.86,60.091],[5.86,60.089],[5.842,60.077],[5.838,60.074],[5.825,60.065],[5.835,60.061],[5.832,60.057],[5.824,60.061],[5.819,60.057],[5.817,60.053],[5.81,60.047],[5.806,60.045],[5.803,60.04],[5.797,60.041],[5.785,60.035],[5.771,60.039],[5.759,60.034],[5.755,60.037],[5.753,60.043],[5.74,60.045],[5.734,60.048],[5.727,60.047],[5.717,60.041],[5.708,60.039],[5.712,60.033],[5.715,60.026],[5.712,60.013],[5.72,60.006],[5.712,59.963],[5.77,59.956],[5.757,59.922],[5.728,59.895],[5.672,59.877],[5.649,59.858],[5.651,59.838],[5.569,59.793],[5.581,59.754],[5.597,59.753],[5.635,59.7],[5.688,59.686],[5.764,59.7],[5.825,59.736],[5.883,59.749],[5.928,59.781],[5.936,59.782],[5.983,59.752],[6.017,59.746],[6.042,59.75],[6.086,59.75],[6.135,59.785],[6.163,59.793],[6.151,59.803],[6.14,59.809],[6.136,59.813],[6.125,59.82],[6.128,59.827],[6.125,59.831],[6.135,59.837],[6.13,59.843],[6.124,59.846],[6.122,59.856],[6.13,59.86],[6.13,59.864],[6.137,59.865],[6.147,59.865],[6.154,59.868],[6.171,59.872],[6.195,59.882],[6.21,59.885],[6.213,59.894],[6.224,59.902],[6.227,59.907],[6.223,59.913],[6.213,59.917],[6.214,59.92],[6.221,59.923],[6.227,59.922],[6.232,59.919],[6.242,59.917],[6.248,59.917],[6.258,59.913],[6.263,59.916],[6.262,59.925],[6.268,59.931],[6.284,59.942],[6.295,59.951],[6.301,59.961],[6.304,59.979],[6.309,59.995],[6.313,59.999],[6.332,60.018],[6.35,60.032],[6.391,60.066],[6.438,60.093],[6.452,60.102],[6.468,60.113],[6.483,60.17],[6.455,60.189],[6.474,60.209],[6.415,60.217],[6.409,60.217],[6.404,60.215],[6.377,60.212],[6.372,60.213],[6.364,60.21],[6.357,60.21],[6.357,60.207],[6.345,60.202],[6.34,60.207],[6.327,60.207],[6.32,60.211],[6.317,60.209],[6.306,60.21],[6.294,60.207],[6.279,60.208],[6.234,60.181],[6.229,60.178],[6.227,60.173],[6.216,60.171],[6.215,60.168],[6.209,60.162],[6.203,60.161],[6.202,60.157],[6.194,60.147],[6.202,60.146],[6.204,60.14],[6.206,60.136],[6.192,60.121],[6.17,60.119],[6.159,60.117],[6.157,60.118],[6.112,60.126],[6.076,60.163],[6.027,60.194],[5.98,60.176],[5.96,60.158],[5.949,60.151],[5.919,60.144],[5.922,60.118],[5.904,60.115],[5.887,60.104],[5.877,60.102],[5.872,60.1]]]}},{"type":"Feature","properties":{"id":404168,"maakond_id":612,"name":"Etne","bbox":[5.764,59.579,6.525,60.018]},"geometry":{"type":"Polygon","coordinates":[[[6.525,59.838],[6.525,59.844],[6.516,59.866],[6.512,59.871],[6.512,59.878],[6.504,59.881],[6.505,59.896],[6.507,59.9],[6.507,59.905],[6.495,59.912],[6.493,59.916],[6.494,59.919],[6.5,59.923],[6.496,59.928],[6.493,59.936],[6.479,59.948],[6.465,59.952],[6.457,59.955],[6.449,59.96],[6.437,59.972],[6.424,59.981],[6.409,59.988],[6.332,60.018],[6.313,59.999],[6.309,59.995],[6.304,59.979],[6.301,59.961],[6.295,59.951],[6.284,59.942],[6.268,59.931],[6.262,59.925],[6.263,59.916],[6.258,59.913],[6.248,59.917],[6.242,59.917],[6.232,59.919],[6.227,59.922],[6.221,59.923],[6.214,59.92],[6.213,59.917],[6.223,59.913],[6.227,59.907],[6.224,59.902],[6.213,59.894],[6.21,59.885],[6.195,59.882],[6.171,59.872],[6.154,59.868],[6.147,59.865],[6.137,59.865],[6.13,59.864],[6.13,59.86],[6.122,59.856],[6.124,59.846],[6.13,59.843],[6.135,59.837],[6.125,59.831],[6.128,59.827],[6.125,59.82],[6.136,59.813],[6.14,59.809],[6.151,59.803],[6.163,59.793],[6.135,59.785],[6.086,59.75],[6.042,59.75],[6.017,59.746],[5.983,59.752],[5.936,59.782],[5.928,59.781],[5.883,59.749],[5.825,59.736],[5.764,59.7],[5.775,59.657],[5.784,59.647],[5.796,59.646],[5.824,59.648],[5.823,59.641],[5.827,59.636],[5.834,59.632],[5.844,59.629],[5.861,59.629],[5.877,59.626],[5.892,59.626],[5.897,59.623],[5.899,59.619],[5.899,59.612],[5.907,59.608],[5.912,59.611],[5.924,59.61],[5.948,59.605],[5.963,59.601],[5.97,59.598],[5.969,59.579],[5.977,59.579],[6.005,59.585],[6.008,59.595],[6.015,59.593],[6.042,59.591],[6.047,59.595],[6.059,59.598],[6.089,59.595],[6.118,59.585],[6.123,59.585],[6.129,59.587],[6.143,59.585],[6.166,59.585],[6.183,59.586],[6.189,59.594],[6.19,59.601],[6.189,59.606],[6.178,59.615],[6.186,59.618],[6.187,59.621],[6.183,59.625],[6.184,59.631],[6.19,59.635],[6.186,59.64],[6.194,59.644],[6.199,59.641],[6.207,59.646],[6.213,59.656],[6.218,59.677],[6.228,59.684],[6.223,59.687],[6.226,59.692],[6.243,59.697],[6.268,59.703],[6.27,59.73],[6.27,59.732],[6.274,59.74],[6.295,59.757],[6.302,59.767],[6.326,59.772],[6.329,59.776],[6.328,59.782],[6.333,59.784],[6.342,59.782],[6.425,59.79],[6.442,59.806],[6.487,59.82],[6.514,59.833],[6.525,59.838]]]}},{"type":"Feature","properties":{"id":404169,"maakond_id":612,"name":"Stord","bbox":[5.321,59.724,5.651,59.924]},"geometry":{"type":"Polygon","coordinates":[[[5.472,59.73],[5.549,59.755],[5.581,59.754],[5.569,59.793],[5.651,59.838],[5.649,59.858],[5.618,59.862],[5.614,59.869],[5.571,59.889],[5.557,59.882],[5.54,59.881],[5.499,59.924],[5.483,59.92],[5.464,59.907],[5.458,59.898],[5.446,59.89],[5.443,59.885],[5.433,59.883],[5.429,59.879],[5.434,59.874],[5.422,59.87],[5.419,59.865],[5.413,59.863],[5.411,59.859],[5.415,59.852],[5.41,59.848],[5.411,59.845],[5.406,59.84],[5.397,59.835],[5.39,59.836],[5.386,59.838],[5.376,59.839],[5.367,59.834],[5.351,59.829],[5.347,59.821],[5.349,59.81],[5.321,59.808],[5.331,59.778],[5.371,59.756],[5.377,59.737],[5.404,59.724],[5.424,59.731],[5.472,59.73]]]}},{"type":"Feature","properties":{"id":404170,"maakond_id":612,"name":"Bømlo","bbox":[4.604,59.496,5.472,59.939]},"geometry":{"type":"Polygon","coordinates":[[[4.604,59.558],[4.852,59.517],[4.977,59.496],[5.187,59.515],[5.192,59.556],[5.244,59.573],[5.285,59.612],[5.288,59.644],[5.411,59.689],[5.472,59.73],[5.424,59.731],[5.404,59.724],[5.377,59.737],[5.371,59.756],[5.331,59.778],[5.321,59.808],[5.294,59.83],[5.289,59.846],[5.262,59.849],[5.237,59.867],[5.211,59.873],[5.193,59.874],[5.18,59.887],[5.179,59.89],[5.169,59.888],[5.163,59.891],[5.158,59.892],[5.147,59.895],[5.148,59.9],[5.119,59.907],[5.078,59.939],[5.017,59.933],[4.885,59.927],[4.606,59.914],[4.621,59.866],[4.649,59.775],[4.672,59.665],[4.604,59.558]]]}},{"type":"Feature","properties":{"id":404171,"maakond_id":612,"name":"Sveio","bbox":[5.187,59.475,5.581,59.755]},"geometry":{"type":"Polygon","coordinates":[[[5.472,59.73],[5.411,59.689],[5.288,59.644],[5.285,59.612],[5.244,59.573],[5.192,59.556],[5.187,59.515],[5.234,59.504],[5.243,59.505],[5.26,59.496],[5.271,59.494],[5.279,59.49],[5.29,59.488],[5.315,59.475],[5.335,59.482],[5.352,59.485],[5.356,59.489],[5.354,59.491],[5.364,59.494],[5.371,59.495],[5.373,59.485],[5.387,59.486],[5.397,59.483],[5.401,59.484],[5.389,59.491],[5.418,59.495],[5.423,59.5],[5.431,59.499],[5.434,59.497],[5.454,59.498],[5.462,59.499],[5.46,59.515],[5.473,59.521],[5.496,59.517],[5.511,59.522],[5.52,59.541],[5.531,59.549],[5.551,59.565],[5.538,59.616],[5.545,59.661],[5.571,59.695],[5.562,59.725],[5.581,59.754],[5.549,59.755],[5.472,59.73]]]}},{"type":"Feature","properties":{"id":404590,"maakond_id":609,"name":"Horten","bbox":[10.335,59.341,10.595,59.48]},"geometry":{"type":"Polygon","coordinates":[[[10.456,59.48],[10.415,59.467],[10.39,59.466],[10.384,59.45],[10.37,59.448],[10.37,59.445],[10.357,59.445],[10.354,59.448],[10.353,59.444],[10.35,59.443],[10.346,59.437],[10.347,59.433],[10.345,59.43],[10.335,59.431],[10.337,59.423],[10.337,59.414],[10.339,59.411],[10.338,59.405],[10.347,59.403],[10.348,59.397],[10.356,59.4],[10.356,59.404],[10.363,59.403],[10.367,59.401],[10.373,59.4],[10.374,59.384],[10.376,59.383],[10.378,59.375],[10.384,59.372],[10.384,59.366],[10.386,59.362],[10.391,59.362],[10.389,59.356],[10.391,59.35],[10.402,59.35],[10.41,59.351],[10.415,59.356],[10.42,59.357],[10.429,59.351],[10.442,59.351],[10.444,59.347],[10.455,59.346],[10.458,59.341],[10.467,59.343],[10.475,59.346],[10.499,59.355],[10.55,59.343],[10.578,59.341],[10.594,59.356],[10.595,59.374],[10.584,59.393],[10.544,59.412],[10.537,59.433],[10.543,59.457],[10.456,59.48]],[[10.386,59.372],[10.386,59.376],[10.392,59.375],[10.395,59.372],[10.395,59.365],[10.388,59.366],[10.39,59.369],[10.386,59.372]]]}},{"type":"Feature","properties":{"id":404591,"maakond_id":609,"name":"Larvik","bbox":[9.755,58.72,10.301,59.473]},"geometry":{"type":"Polygon","coordinates":[[[9.97,58.72],[10.074,58.748],[10.253,58.772],[10.271,58.775],[10.286,58.774],[10.301,58.962],[10.251,59.034],[10.248,59.06],[10.238,59.063],[10.236,59.071],[10.227,59.068],[10.223,59.07],[10.218,59.069],[10.214,59.074],[10.208,59.075],[10.203,59.079],[10.194,59.08],[10.19,59.083],[10.191,59.088],[10.187,59.099],[10.176,59.097],[10.167,59.099],[10.166,59.107],[10.16,59.107],[10.153,59.113],[10.149,59.118],[10.134,59.117],[10.146,59.125],[10.139,59.127],[10.133,59.132],[10.124,59.136],[10.119,59.14],[10.12,59.147],[10.119,59.15],[10.128,59.152],[10.134,59.16],[10.127,59.161],[10.128,59.164],[10.135,59.166],[10.141,59.17],[10.141,59.176],[10.135,59.18],[10.126,59.19],[10.107,59.196],[10.098,59.198],[10.092,59.197],[10.077,59.199],[10.076,59.204],[10.066,59.215],[10.064,59.219],[10.049,59.22],[10.046,59.222],[10.043,59.227],[10.032,59.228],[10.031,59.234],[10.022,59.24],[10.017,59.247],[10.008,59.249],[10.005,59.253],[10.006,59.256],[10.002,59.263],[9.998,59.262],[9.993,59.267],[10.01,59.287],[10.017,59.287],[10.014,59.299],[10.014,59.302],[10.019,59.306],[10.014,59.315],[10.013,59.325],[10.017,59.327],[10.01,59.332],[10.016,59.34],[10.031,59.353],[10.033,59.359],[10.038,59.362],[10.041,59.368],[10.04,59.378],[10.043,59.382],[10.048,59.392],[10.053,59.395],[10.056,59.403],[10.058,59.411],[10.062,59.425],[10.061,59.439],[10.063,59.455],[10.064,59.458],[10.062,59.47],[10.06,59.473],[10.04,59.467],[10.022,59.464],[10.022,59.461],[10.012,59.458],[10.001,59.461],[9.998,59.467],[9.987,59.468],[9.979,59.466],[9.963,59.468],[9.945,59.468],[9.938,59.466],[9.937,59.459],[9.921,59.456],[9.91,59.456],[9.886,59.458],[9.875,59.46],[9.853,59.458],[9.845,59.464],[9.838,59.464],[9.832,59.468],[9.819,59.469],[9.775,59.457],[9.759,59.458],[9.771,59.437],[9.774,59.426],[9.778,59.412],[9.779,59.39],[9.777,59.381],[9.771,59.379],[9.769,59.376],[9.773,59.363],[9.783,59.35],[9.772,59.343],[9.755,59.325],[9.777,59.316],[9.811,59.289],[9.811,59.282],[9.836,59.272],[9.838,59.27],[9.86,59.256],[9.869,59.252],[9.872,59.246],[9.871,59.239],[9.874,59.233],[9.876,59.224],[9.878,59.221],[9.86,59.216],[9.869,59.205],[9.875,59.2],[9.885,59.193],[9.89,59.188],[9.896,59.177],[9.885,59.169],[9.868,59.167],[9.855,59.164],[9.831,59.164],[9.826,59.16],[9.829,59.148],[9.829,59.139],[9.821,59.129],[9.829,59.125],[9.848,59.112],[9.856,59.099],[9.854,59.09],[9.854,59.088],[9.852,59.078],[9.848,59.073],[9.838,59.073],[9.842,59.063],[9.839,59.056],[9.839,59.044],[9.835,59.037],[9.825,59.042],[9.818,59.041],[9.813,59.034],[9.821,59.033],[9.836,59.023],[9.835,58.998],[9.783,59.03],[9.781,59.012],[9.765,59.01],[9.764,59.001],[9.783,58.936],[9.795,58.898],[9.861,58.831],[9.97,58.72]],[[10.134,59.11],[10.144,59.103],[10.143,59.098],[10.128,59.1],[10.118,59.1],[10.12,59.107],[10.128,59.109],[10.134,59.11]]]}},{"type":"Feature","properties":{"id":404592,"maakond_id":609,"name":"Sandefjord","bbox":[9.993,58.771,10.381,59.387]},"geometry":{"type":"MultiPolygon","coordinates":[[[[10.359,58.771],[10.375,58.961],[10.335,59.037],[10.364,59.076],[10.345,59.097],[10.333,59.125],[10.338,59.134],[10.331,59.14],[10.33,59.151],[10.335,59.154],[10.341,59.178],[10.362,59.214],[10.375,59.22],[10.381,59.232],[10.381,59.244],[10.377,59.247],[10.36,59.248],[10.355,59.244],[10.348,59.249],[10.332,59.251],[10.326,59.269],[10.316,59.268],[10.311,59.266],[10.304,59.266],[10.305,59.271],[10.308,59.28],[10.294,59.278],[10.286,59.28],[10.282,59.286],[10.282,59.291],[10.288,59.297],[10.287,59.301],[10.281,59.301],[10.271,59.307],[10.261,59.319],[10.254,59.316],[10.253,59.312],[10.242,59.313],[10.233,59.31],[10.229,59.314],[10.232,59.319],[10.232,59.324],[10.226,59.327],[10.213,59.33],[10.206,59.334],[10.199,59.345],[10.197,59.351],[10.19,59.352],[10.175,59.35],[10.175,59.356],[10.172,59.36],[10.173,59.363],[10.164,59.364],[10.159,59.372],[10.152,59.373],[10.153,59.379],[10.15,59.385],[10.143,59.382],[10.134,59.381],[10.129,59.383],[10.125,59.386],[10.116,59.387],[10.11,59.385],[10.091,59.384],[10.074,59.382],[10.063,59.384],[10.043,59.382],[10.04,59.378],[10.041,59.368],[10.038,59.362],[10.033,59.359],[10.031,59.353],[10.016,59.34],[10.01,59.332],[10.017,59.327],[10.013,59.325],[10.014,59.315],[10.019,59.306],[10.014,59.302],[10.014,59.299],[10.017,59.287],[10.01,59.287],[9.993,59.267],[9.998,59.262],[10.002,59.263],[10.006,59.256],[10.005,59.253],[10.008,59.249],[10.017,59.247],[10.022,59.24],[10.031,59.234],[10.032,59.228],[10.043,59.227],[10.046,59.222],[10.049,59.22],[10.064,59.219],[10.066,59.215],[10.076,59.204],[10.077,59.199],[10.092,59.197],[10.098,59.198],[10.107,59.196],[10.126,59.19],[10.135,59.18],[10.141,59.176],[10.141,59.17],[10.135,59.166],[10.128,59.164],[10.127,59.161],[10.134,59.16],[10.128,59.152],[10.119,59.15],[10.12,59.147],[10.119,59.14],[10.124,59.136],[10.133,59.132],[10.139,59.127],[10.146,59.125],[10.134,59.117],[10.149,59.118],[10.153,59.113],[10.16,59.107],[10.166,59.107],[10.167,59.099],[10.176,59.097],[10.187,59.099],[10.191,59.088],[10.19,59.083],[10.194,59.08],[10.203,59.079],[10.208,59.075],[10.214,59.074],[10.218,59.069],[10.223,59.07],[10.227,59.068],[10.236,59.071],[10.238,59.063],[10.248,59.06],[10.251,59.034],[10.301,58.962],[10.286,58.774],[10.359,58.771]]],[[[10.134,59.11],[10.128,59.109],[10.12,59.107],[10.118,59.1],[10.128,59.1],[10.143,59.098],[10.144,59.103],[10.134,59.11]]]]}},{"type":"Feature","properties":{"id":404594,"maakond_id":609,"name":"Færder","bbox":[10.33,58.761,10.675,59.271]},"geometry":{"type":"Polygon","coordinates":[[[10.377,59.247],[10.381,59.244],[10.381,59.232],[10.375,59.22],[10.362,59.214],[10.341,59.178],[10.335,59.154],[10.33,59.151],[10.331,59.14],[10.338,59.134],[10.333,59.125],[10.345,59.097],[10.364,59.076],[10.335,59.037],[10.375,58.961],[10.359,58.771],[10.576,58.762],[10.593,58.761],[10.629,58.955],[10.66,59.025],[10.675,59.045],[10.623,59.112],[10.651,59.133],[10.655,59.192],[10.642,59.203],[10.605,59.252],[10.59,59.268],[10.569,59.268],[10.527,59.255],[10.507,59.241],[10.5,59.24],[10.494,59.248],[10.488,59.251],[10.483,59.248],[10.484,59.235],[10.477,59.228],[10.453,59.239],[10.447,59.246],[10.439,59.248],[10.436,59.257],[10.423,59.259],[10.419,59.256],[10.409,59.256],[10.403,59.262],[10.394,59.265],[10.393,59.271],[10.385,59.271],[10.378,59.259],[10.377,59.247]]]}},{"type":"Feature","properties":{"id":404672,"maakond_id":612,"name":"Fjaler","bbox":[4.821,61.18,5.732,61.381]},"geometry":{"type":"Polygon","coordinates":[[[5.446,61.207],[5.464,61.208],[5.474,61.206],[5.487,61.207],[5.508,61.203],[5.525,61.199],[5.549,61.196],[5.565,61.188],[5.589,61.18],[5.602,61.183],[5.605,61.186],[5.616,61.182],[5.63,61.187],[5.633,61.19],[5.634,61.201],[5.637,61.208],[5.651,61.208],[5.651,61.218],[5.658,61.221],[5.665,61.226],[5.677,61.227],[5.696,61.232],[5.709,61.239],[5.73,61.246],[5.732,61.252],[5.726,61.255],[5.722,61.261],[5.716,61.263],[5.702,61.261],[5.698,61.263],[5.683,61.269],[5.693,61.277],[5.694,61.28],[5.69,61.281],[5.696,61.285],[5.695,61.291],[5.68,61.292],[5.67,61.289],[5.661,61.289],[5.652,61.291],[5.65,61.295],[5.652,61.299],[5.637,61.307],[5.628,61.307],[5.627,61.313],[5.617,61.321],[5.609,61.32],[5.598,61.321],[5.59,61.326],[5.562,61.326],[5.558,61.336],[5.552,61.34],[5.556,61.343],[5.557,61.347],[5.547,61.354],[5.549,61.356],[5.547,61.36],[5.557,61.361],[5.562,61.362],[5.568,61.367],[5.536,61.376],[5.452,61.376],[5.431,61.381],[5.417,61.381],[5.402,61.378],[5.389,61.369],[5.324,61.367],[5.271,61.356],[5.191,61.349],[5.18,61.324],[5.131,61.322],[4.965,61.295],[4.897,61.268],[4.821,61.252],[4.852,61.244],[4.917,61.236],[4.996,61.239],[5.001,61.247],[5.039,61.248],[5.058,61.249],[5.064,61.251],[5.085,61.254],[5.087,61.258],[5.085,61.277],[5.104,61.278],[5.133,61.274],[5.143,61.271],[5.153,61.264],[5.159,61.261],[5.17,61.261],[5.178,61.263],[5.188,61.264],[5.188,61.27],[5.206,61.271],[5.219,61.274],[5.226,61.274],[5.231,61.278],[5.248,61.278],[5.265,61.282],[5.269,61.275],[5.269,61.27],[5.266,61.267],[5.257,61.264],[5.26,61.261],[5.277,61.256],[5.293,61.252],[5.307,61.24],[5.316,61.237],[5.335,61.236],[5.343,61.239],[5.347,61.243],[5.355,61.247],[5.373,61.245],[5.375,61.236],[5.384,61.231],[5.396,61.231],[5.401,61.229],[5.405,61.222],[5.406,61.214],[5.411,61.211],[5.425,61.207],[5.446,61.207]]]}},{"type":"Feature","properties":{"id":404673,"maakond_id":612,"name":"Askvoll","bbox":[4.103,61.22,5.553,61.491]},"geometry":{"type":"Polygon","coordinates":[[[5.258,61.49],[5.207,61.491],[5.176,61.472],[5.02,61.456],[4.611,61.461],[4.546,61.48],[4.407,61.484],[4.13,61.491],[4.115,61.351],[4.103,61.23],[4.378,61.223],[4.516,61.22],[4.713,61.247],[4.821,61.252],[4.897,61.268],[4.965,61.295],[5.131,61.322],[5.18,61.324],[5.191,61.349],[5.271,61.356],[5.324,61.367],[5.389,61.369],[5.402,61.378],[5.417,61.381],[5.417,61.39],[5.418,61.395],[5.413,61.399],[5.411,61.406],[5.423,61.417],[5.443,61.417],[5.474,61.42],[5.486,61.417],[5.498,61.419],[5.513,61.423],[5.53,61.424],[5.537,61.426],[5.549,61.425],[5.552,61.427],[5.553,61.437],[5.535,61.438],[5.525,61.44],[5.513,61.441],[5.514,61.445],[5.48,61.45],[5.459,61.46],[5.44,61.461],[5.429,61.483],[5.3,61.485],[5.258,61.49]]]}},{"type":"Feature","properties":{"id":404674,"maakond_id":612,"name":"Hyllestad","bbox":[4.917,61.052,5.451,61.282]},"geometry":{"type":"Polygon","coordinates":[[[5.446,61.207],[5.425,61.207],[5.411,61.211],[5.406,61.214],[5.405,61.222],[5.401,61.229],[5.396,61.231],[5.384,61.231],[5.375,61.236],[5.373,61.245],[5.355,61.247],[5.347,61.243],[5.343,61.239],[5.335,61.236],[5.316,61.237],[5.307,61.24],[5.293,61.252],[5.277,61.256],[5.26,61.261],[5.257,61.264],[5.266,61.267],[5.269,61.27],[5.269,61.275],[5.265,61.282],[5.248,61.278],[5.231,61.278],[5.226,61.274],[5.219,61.274],[5.206,61.271],[5.188,61.27],[5.188,61.264],[5.178,61.263],[5.17,61.261],[5.159,61.261],[5.153,61.264],[5.143,61.271],[5.133,61.274],[5.104,61.278],[5.085,61.277],[5.087,61.258],[5.085,61.254],[5.064,61.251],[5.058,61.249],[5.039,61.248],[5.001,61.247],[4.996,61.239],[4.917,61.236],[4.933,61.219],[5.009,61.21],[5.014,61.178],[5.067,61.165],[5.12,61.144],[5.156,61.118],[5.231,61.087],[5.311,61.086],[5.374,61.052],[5.395,61.07],[5.401,61.074],[5.411,61.077],[5.418,61.08],[5.41,61.082],[5.411,61.084],[5.422,61.088],[5.425,61.105],[5.432,61.108],[5.448,61.112],[5.451,61.119],[5.441,61.128],[5.439,61.139],[5.434,61.14],[5.431,61.154],[5.433,61.157],[5.445,61.165],[5.445,61.177],[5.449,61.18],[5.44,61.19],[5.442,61.192],[5.445,61.199],[5.446,61.207]]]}},{"type":"Feature","properties":{"id":404731,"maakond_id":612,"name":"Solund","bbox":[4.088,60.833,5.156,61.252]},"geometry":{"type":"Polygon","coordinates":[[[4.821,61.252],[4.713,61.247],[4.516,61.22],[4.378,61.223],[4.103,61.23],[4.096,61.158],[4.088,61.084],[4.088,61.071],[4.089,61.032],[4.091,61.011],[4.096,60.994],[4.104,60.976],[4.185,60.833],[4.449,60.868],[4.579,60.885],[4.611,60.887],[4.667,60.923],[4.786,61.003],[4.934,61.032],[4.991,61.069],[5.102,61.093],[5.156,61.118],[5.12,61.144],[5.067,61.165],[5.014,61.178],[5.009,61.21],[4.933,61.219],[4.917,61.236],[4.852,61.244],[4.821,61.252]]]}},{"type":"Feature","properties":{"id":405157,"maakond_id":610,"name":"Vinje","bbox":[7.096,59.487,8.325,60.127]},"geometry":{"type":"Polygon","coordinates":[[[8.301,59.779],[8.297,59.791],[8.291,59.806],[8.281,59.815],[8.281,59.819],[8.315,59.82],[8.318,59.825],[8.325,59.829],[8.303,59.834],[8.289,59.836],[8.27,59.836],[8.259,59.834],[8.265,59.83],[8.275,59.825],[8.267,59.822],[8.232,59.831],[8.161,59.854],[8.17,59.859],[8.179,59.87],[8.171,59.877],[8.163,59.88],[8.169,59.887],[8.167,59.894],[8.171,59.896],[8.17,59.902],[8.189,59.929],[8.189,59.932],[8.173,59.947],[8.166,59.959],[8.162,59.961],[8.16,59.967],[8.153,59.962],[8.124,59.986],[8.104,59.993],[8.095,60.003],[8.123,60.015],[8.12,60.018],[8.121,60.024],[8.114,60.027],[8.112,60.031],[8.108,60.034],[8.1,60.036],[8.099,60.04],[8.092,60.039],[8.088,60.036],[8.082,60.035],[8.051,60.04],[8.043,60.042],[8.04,60.044],[8.031,60.047],[8.018,60.046],[8.019,60.05],[8.012,60.051],[8.015,60.054],[8.025,60.054],[8.027,60.056],[8.019,60.058],[8.02,60.064],[8.01,60.069],[8.005,60.073],[7.996,60.076],[7.988,60.076],[7.983,60.082],[7.975,60.083],[7.969,60.092],[7.954,60.098],[7.946,60.101],[7.942,60.105],[7.935,60.107],[7.925,60.108],[7.923,60.109],[7.907,60.114],[7.898,60.114],[7.88,60.114],[7.861,60.112],[7.853,60.116],[7.813,60.103],[7.765,60.116],[7.646,60.127],[7.488,60.099],[7.453,60.067],[7.443,60.057],[7.436,60.019],[7.388,60.004],[7.376,60],[7.352,59.996],[7.32,59.986],[7.307,59.988],[7.294,59.987],[7.285,59.988],[7.276,59.985],[7.268,59.984],[7.263,59.982],[7.259,59.976],[7.233,59.963],[7.226,59.956],[7.185,59.919],[7.168,59.903],[7.15,59.884],[7.147,59.88],[7.151,59.875],[7.158,59.869],[7.154,59.863],[7.148,59.859],[7.141,59.854],[7.146,59.847],[7.155,59.846],[7.153,59.84],[7.16,59.836],[7.161,59.832],[7.158,59.828],[7.15,59.827],[7.142,59.822],[7.145,59.812],[7.096,59.783],[7.11,59.763],[7.116,59.714],[7.11,59.701],[7.174,59.686],[7.213,59.674],[7.215,59.673],[7.236,59.665],[7.243,59.667],[7.251,59.664],[7.261,59.663],[7.286,59.656],[7.291,59.658],[7.301,59.658],[7.319,59.651],[7.317,59.648],[7.328,59.643],[7.332,59.647],[7.35,59.642],[7.361,59.64],[7.37,59.637],[7.369,59.635],[7.393,59.633],[7.396,59.647],[7.407,59.65],[7.402,59.659],[7.411,59.658],[7.418,59.656],[7.426,59.657],[7.442,59.659],[7.438,59.656],[7.453,59.647],[7.47,59.643],[7.484,59.637],[7.475,59.632],[7.483,59.627],[7.503,59.61],[7.507,59.607],[7.538,59.602],[7.537,59.597],[7.534,59.594],[7.547,59.589],[7.552,59.587],[7.577,59.59],[7.579,59.588],[7.587,59.59],[7.599,59.589],[7.618,59.595],[7.642,59.598],[7.648,59.6],[7.665,59.596],[7.671,59.597],[7.69,59.593],[7.696,59.591],[7.711,59.587],[7.727,59.585],[7.747,59.587],[7.776,59.598],[7.789,59.599],[7.792,59.598],[7.803,59.601],[7.81,59.601],[7.834,59.598],[7.846,59.596],[7.838,59.588],[7.825,59.586],[7.83,59.575],[7.833,59.568],[7.838,59.563],[7.838,59.559],[7.842,59.551],[7.84,59.545],[7.851,59.545],[7.856,59.541],[7.883,59.535],[7.887,59.532],[7.899,59.529],[7.904,59.523],[7.903,59.517],[7.901,59.511],[7.911,59.505],[7.938,59.496],[7.945,59.495],[7.966,59.487],[7.972,59.491],[7.983,59.495],[7.988,59.499],[7.978,59.505],[7.98,59.508],[7.989,59.51],[7.992,59.515],[7.99,59.519],[8.003,59.523],[8.005,59.531],[8.004,59.534],[8,59.536],[8,59.539],[7.988,59.541],[7.984,59.544],[7.984,59.549],[7.99,59.549],[7.994,59.551],[7.99,59.556],[8,59.557],[8.003,59.559],[8.001,59.562],[8.008,59.563],[8.017,59.562],[8.027,59.559],[8.041,59.556],[8.049,59.554],[8.056,59.553],[8.068,59.564],[8.075,59.566],[8.081,59.571],[8.095,59.571],[8.1,59.569],[8.102,59.565],[8.105,59.55],[8.124,59.549],[8.132,59.548],[8.143,59.548],[8.165,59.549],[8.174,59.548],[8.179,59.55],[8.175,59.556],[8.176,59.562],[8.185,59.566],[8.195,59.564],[8.202,59.562],[8.207,59.563],[8.219,59.57],[8.22,59.573],[8.235,59.578],[8.241,59.581],[8.249,59.575],[8.249,59.574],[8.254,59.576],[8.262,59.577],[8.261,59.58],[8.251,59.589],[8.257,59.591],[8.269,59.598],[8.279,59.6],[8.277,59.605],[8.265,59.605],[8.263,59.609],[8.268,59.615],[8.273,59.617],[8.273,59.619],[8.269,59.622],[8.269,59.627],[8.255,59.639],[8.247,59.643],[8.247,59.648],[8.231,59.651],[8.236,59.66],[8.232,59.666],[8.225,59.672],[8.216,59.676],[8.219,59.683],[8.234,59.687],[8.245,59.689],[8.239,59.695],[8.23,59.696],[8.223,59.695],[8.212,59.696],[8.206,59.706],[8.212,59.719],[8.223,59.732],[8.239,59.737],[8.244,59.74],[8.249,59.737],[8.259,59.734],[8.267,59.739],[8.293,59.742],[8.286,59.75],[8.301,59.779]]]}},{"type":"Feature","properties":{"id":405158,"maakond_id":610,"name":"Tinn","bbox":[7.853,59.762,9.193,60.188]},"geometry":{"type":"Polygon","coordinates":[[[9.186,59.827],[9.185,59.831],[9.188,59.833],[9.189,59.842],[9.185,59.848],[9.183,59.857],[9.179,59.866],[9.185,59.879],[9.189,59.897],[9.174,59.9],[9.193,59.917],[9.18,59.929],[9.168,59.932],[9.139,59.939],[9.122,59.948],[9.112,59.95],[9.11,59.956],[9.104,59.959],[9.097,59.959],[9.059,59.962],[9.054,59.969],[9.036,59.975],[9.03,59.979],[9.019,59.984],[9.005,59.981],[9.002,59.983],[8.993,59.981],[8.992,59.985],[8.987,59.991],[9.002,59.997],[9,59.998],[8.998,60.004],[8.99,60.013],[8.988,60.017],[8.987,60.028],[8.983,60.037],[8.983,60.05],[8.979,60.069],[8.976,60.073],[8.971,60.079],[8.96,60.091],[8.958,60.098],[8.945,60.101],[8.858,60.139],[8.833,60.149],[8.818,60.153],[8.809,60.153],[8.8,60.156],[8.769,60.17],[8.723,60.183],[8.66,60.172],[8.621,60.174],[8.565,60.177],[8.486,60.169],[8.458,60.17],[8.384,60.181],[8.306,60.175],[8.284,60.175],[8.24,60.183],[8.209,60.188],[8.167,60.186],[8.177,60.182],[8.184,60.177],[8.187,60.173],[8.17,60.174],[8.163,60.18],[8.154,60.185],[8.132,60.186],[8.125,60.183],[8.104,60.184],[8.092,60.177],[8.086,60.176],[8.074,60.169],[8.07,60.168],[8.058,60.164],[8.018,60.155],[8.012,60.155],[7.921,60.137],[7.853,60.116],[7.861,60.112],[7.88,60.114],[7.898,60.114],[7.907,60.114],[7.923,60.109],[7.925,60.108],[7.935,60.107],[7.942,60.105],[7.946,60.101],[7.954,60.098],[7.969,60.092],[7.975,60.083],[7.983,60.082],[7.988,60.076],[7.996,60.076],[8.005,60.073],[8.01,60.069],[8.02,60.064],[8.019,60.058],[8.027,60.056],[8.025,60.054],[8.015,60.054],[8.012,60.051],[8.019,60.05],[8.018,60.046],[8.031,60.047],[8.04,60.044],[8.043,60.042],[8.051,60.04],[8.082,60.035],[8.088,60.036],[8.092,60.039],[8.099,60.04],[8.1,60.036],[8.108,60.034],[8.112,60.031],[8.114,60.027],[8.121,60.024],[8.12,60.018],[8.123,60.015],[8.095,60.003],[8.104,59.993],[8.124,59.986],[8.153,59.962],[8.16,59.967],[8.162,59.961],[8.166,59.959],[8.173,59.947],[8.189,59.932],[8.189,59.929],[8.17,59.902],[8.171,59.896],[8.167,59.894],[8.169,59.887],[8.163,59.88],[8.171,59.877],[8.179,59.87],[8.17,59.859],[8.161,59.854],[8.232,59.831],[8.267,59.822],[8.275,59.825],[8.265,59.83],[8.259,59.834],[8.27,59.836],[8.289,59.836],[8.303,59.834],[8.325,59.829],[8.318,59.825],[8.315,59.82],[8.281,59.819],[8.281,59.815],[8.291,59.806],[8.297,59.791],[8.301,59.779],[8.328,59.783],[8.351,59.788],[8.36,59.787],[8.37,59.793],[8.371,59.795],[8.375,59.797],[8.386,59.805],[8.388,59.807],[8.398,59.812],[8.415,59.817],[8.454,59.832],[8.463,59.835],[8.478,59.841],[8.499,59.846],[8.517,59.85],[8.535,59.854],[8.541,59.855],[8.549,59.853],[8.568,59.85],[8.575,59.847],[8.584,59.845],[8.595,59.845],[8.598,59.842],[8.622,59.836],[8.638,59.828],[8.651,59.826],[8.658,59.827],[8.675,59.835],[8.688,59.838],[8.712,59.838],[8.727,59.839],[8.738,59.835],[8.746,59.835],[8.759,59.838],[8.76,59.84],[8.753,59.847],[8.753,59.851],[8.76,59.85],[8.772,59.852],[8.786,59.846],[8.794,59.845],[8.803,59.846],[8.808,59.849],[8.814,59.85],[8.827,59.85],[8.861,59.864],[8.867,59.87],[8.867,59.878],[8.87,59.883],[8.878,59.889],[8.884,59.891],[8.893,59.891],[8.9,59.896],[8.912,59.898],[8.92,59.888],[8.933,59.876],[8.948,59.864],[8.962,59.849],[8.981,59.837],[8.998,59.833],[9.01,59.831],[9.018,59.827],[9.019,59.818],[9.019,59.811],[9.021,59.795],[9.012,59.79],[9.019,59.776],[9.03,59.769],[9.03,59.764],[9.04,59.763],[9.061,59.764],[9.064,59.767],[9.072,59.762],[9.076,59.762],[9.081,59.767],[9.079,59.769],[9.082,59.779],[9.087,59.78],[9.106,59.779],[9.127,59.78],[9.134,59.795],[9.138,59.797],[9.152,59.797],[9.156,59.798],[9.181,59.822],[9.186,59.827]]]}},{"type":"Feature","properties":{"id":405159,"maakond_id":610,"name":"Notodden","bbox":[8.779,59.476,9.515,59.898]},"geometry":{"type":"Polygon","coordinates":[[[8.888,59.49],[8.925,59.499],[8.945,59.503],[8.976,59.508],[8.992,59.512],[9.003,59.517],[9.006,59.526],[9.005,59.535],[9.024,59.536],[9.035,59.536],[9.07,59.529],[9.075,59.525],[9.083,59.525],[9.099,59.528],[9.117,59.534],[9.123,59.534],[9.146,59.52],[9.152,59.513],[9.151,59.509],[9.159,59.498],[9.171,59.488],[9.178,59.486],[9.194,59.491],[9.198,59.494],[9.193,59.497],[9.195,59.5],[9.21,59.503],[9.221,59.506],[9.227,59.497],[9.244,59.5],[9.258,59.504],[9.273,59.509],[9.291,59.515],[9.302,59.515],[9.308,59.506],[9.303,59.5],[9.316,59.483],[9.313,59.481],[9.314,59.476],[9.325,59.476],[9.342,59.477],[9.352,59.479],[9.363,59.479],[9.378,59.483],[9.404,59.483],[9.42,59.488],[9.425,59.49],[9.443,59.492],[9.469,59.491],[9.469,59.494],[9.484,59.507],[9.492,59.516],[9.515,59.538],[9.483,59.552],[9.472,59.557],[9.464,59.567],[9.461,59.578],[9.457,59.582],[9.45,59.595],[9.444,59.602],[9.437,59.613],[9.428,59.628],[9.423,59.641],[9.406,59.659],[9.405,59.685],[9.352,59.692],[9.333,59.693],[9.344,59.707],[9.355,59.718],[9.339,59.72],[9.344,59.726],[9.339,59.729],[9.345,59.732],[9.346,59.735],[9.343,59.752],[9.344,59.757],[9.351,59.766],[9.363,59.778],[9.368,59.781],[9.351,59.784],[9.33,59.794],[9.301,59.801],[9.291,59.803],[9.264,59.807],[9.257,59.809],[9.252,59.814],[9.242,59.811],[9.236,59.812],[9.203,59.821],[9.186,59.827],[9.181,59.822],[9.156,59.798],[9.152,59.797],[9.138,59.797],[9.134,59.795],[9.127,59.78],[9.106,59.779],[9.087,59.78],[9.082,59.779],[9.079,59.769],[9.081,59.767],[9.076,59.762],[9.072,59.762],[9.064,59.767],[9.061,59.764],[9.04,59.763],[9.03,59.764],[9.03,59.769],[9.019,59.776],[9.012,59.79],[9.021,59.795],[9.019,59.811],[9.019,59.818],[9.018,59.827],[9.01,59.831],[8.998,59.833],[8.981,59.837],[8.962,59.849],[8.948,59.864],[8.933,59.876],[8.92,59.888],[8.912,59.898],[8.9,59.896],[8.893,59.891],[8.884,59.891],[8.878,59.889],[8.87,59.883],[8.867,59.878],[8.867,59.87],[8.861,59.864],[8.827,59.85],[8.814,59.85],[8.808,59.849],[8.827,59.839],[8.838,59.837],[8.848,59.838],[8.852,59.836],[8.856,59.83],[8.853,59.827],[8.857,59.81],[8.862,59.802],[8.879,59.795],[8.883,59.79],[8.882,59.784],[8.883,59.779],[8.883,59.767],[8.885,59.764],[8.897,59.764],[8.9,59.757],[8.893,59.753],[8.883,59.748],[8.885,59.743],[8.897,59.738],[8.898,59.736],[8.908,59.733],[8.912,59.728],[8.908,59.723],[8.911,59.718],[8.907,59.708],[8.91,59.694],[8.916,59.687],[8.913,59.682],[8.898,59.68],[8.874,59.679],[8.872,59.675],[8.877,59.673],[8.874,59.669],[8.878,59.665],[8.883,59.663],[8.895,59.662],[8.911,59.668],[8.924,59.67],[8.94,59.666],[8.942,59.663],[8.965,59.659],[8.966,59.658],[8.978,59.657],[8.992,59.653],[9.005,59.647],[9.009,59.636],[9.007,59.632],[9.014,59.626],[9.012,59.615],[9.013,59.612],[9.02,59.61],[9.02,59.605],[9.016,59.601],[9.016,59.598],[9.022,59.597],[9.014,59.59],[8.986,59.581],[8.979,59.574],[8.951,59.568],[8.894,59.55],[8.874,59.547],[8.844,59.539],[8.831,59.534],[8.817,59.535],[8.792,59.533],[8.779,59.529],[8.78,59.519],[8.786,59.509],[8.79,59.505],[8.806,59.497],[8.814,59.493],[8.83,59.489],[8.852,59.49],[8.862,59.492],[8.888,59.49]]]}},{"type":"Feature","properties":{"id":405160,"maakond_id":610,"name":"Hjartdal","bbox":[8.371,59.529,9.022,59.855]},"geometry":{"type":"Polygon","coordinates":[[[8.808,59.849],[8.803,59.846],[8.794,59.845],[8.786,59.846],[8.772,59.852],[8.76,59.85],[8.753,59.851],[8.753,59.847],[8.76,59.84],[8.759,59.838],[8.746,59.835],[8.738,59.835],[8.727,59.839],[8.712,59.838],[8.688,59.838],[8.675,59.835],[8.658,59.827],[8.651,59.826],[8.638,59.828],[8.622,59.836],[8.598,59.842],[8.595,59.845],[8.584,59.845],[8.575,59.847],[8.568,59.85],[8.549,59.853],[8.541,59.855],[8.535,59.854],[8.517,59.85],[8.499,59.846],[8.478,59.841],[8.463,59.835],[8.454,59.832],[8.415,59.817],[8.398,59.812],[8.388,59.807],[8.386,59.805],[8.375,59.797],[8.371,59.795],[8.393,59.784],[8.405,59.779],[8.417,59.776],[8.427,59.772],[8.445,59.764],[8.455,59.76],[8.456,59.754],[8.442,59.746],[8.439,59.742],[8.442,59.736],[8.442,59.729],[8.452,59.721],[8.46,59.71],[8.461,59.705],[8.472,59.691],[8.48,59.688],[8.478,59.683],[8.484,59.674],[8.495,59.666],[8.499,59.661],[8.505,59.659],[8.505,59.653],[8.517,59.649],[8.52,59.644],[8.521,59.637],[8.526,59.626],[8.536,59.615],[8.544,59.611],[8.555,59.607],[8.57,59.606],[8.579,59.602],[8.58,59.594],[8.58,59.586],[8.585,59.584],[8.598,59.586],[8.599,59.583],[8.609,59.584],[8.628,59.589],[8.632,59.583],[8.65,59.582],[8.659,59.583],[8.68,59.581],[8.698,59.581],[8.699,59.576],[8.705,59.572],[8.715,59.562],[8.734,59.552],[8.76,59.547],[8.773,59.532],[8.779,59.529],[8.792,59.533],[8.817,59.535],[8.831,59.534],[8.844,59.539],[8.874,59.547],[8.894,59.55],[8.951,59.568],[8.979,59.574],[8.986,59.581],[9.014,59.59],[9.022,59.597],[9.016,59.598],[9.016,59.601],[9.02,59.605],[9.02,59.61],[9.013,59.612],[9.012,59.615],[9.014,59.626],[9.007,59.632],[9.009,59.636],[9.005,59.647],[8.992,59.653],[8.978,59.657],[8.966,59.658],[8.965,59.659],[8.942,59.663],[8.94,59.666],[8.924,59.67],[8.911,59.668],[8.895,59.662],[8.883,59.663],[8.878,59.665],[8.874,59.669],[8.877,59.673],[8.872,59.675],[8.874,59.679],[8.898,59.68],[8.913,59.682],[8.916,59.687],[8.91,59.694],[8.907,59.708],[8.911,59.718],[8.908,59.723],[8.912,59.728],[8.908,59.733],[8.898,59.736],[8.897,59.738],[8.885,59.743],[8.883,59.748],[8.893,59.753],[8.9,59.757],[8.897,59.764],[8.885,59.764],[8.883,59.767],[8.883,59.779],[8.882,59.784],[8.883,59.79],[8.879,59.795],[8.862,59.802],[8.857,59.81],[8.853,59.827],[8.856,59.83],[8.852,59.836],[8.848,59.838],[8.838,59.837],[8.827,59.839],[8.808,59.849]]]}},{"type":"Feature","properties":{"id":405161,"maakond_id":610,"name":"Seljord","bbox":[8.206,59.352,8.918,59.795]},"geometry":{"type":"Polygon","coordinates":[[[8.249,59.574],[8.24,59.569],[8.241,59.567],[8.261,59.558],[8.272,59.563],[8.291,59.571],[8.301,59.571],[8.301,59.572],[8.319,59.574],[8.341,59.567],[8.35,59.566],[8.362,59.562],[8.374,59.554],[8.373,59.546],[8.375,59.535],[8.395,59.53],[8.412,59.533],[8.425,59.531],[8.431,59.526],[8.46,59.517],[8.466,59.517],[8.475,59.52],[8.489,59.514],[8.497,59.509],[8.497,59.507],[8.5,59.496],[8.506,59.489],[8.514,59.482],[8.514,59.474],[8.524,59.47],[8.526,59.465],[8.535,59.468],[8.541,59.464],[8.547,59.457],[8.549,59.452],[8.553,59.449],[8.561,59.454],[8.572,59.453],[8.575,59.455],[8.585,59.455],[8.598,59.456],[8.601,59.453],[8.614,59.453],[8.619,59.443],[8.614,59.437],[8.612,59.43],[8.609,59.427],[8.615,59.412],[8.638,59.416],[8.635,59.393],[8.635,59.373],[8.68,59.378],[8.736,59.38],[8.749,59.396],[8.762,59.393],[8.767,59.39],[8.776,59.382],[8.779,59.381],[8.783,59.375],[8.783,59.37],[8.796,59.363],[8.827,59.355],[8.839,59.354],[8.882,59.352],[8.888,59.358],[8.86,59.365],[8.861,59.369],[8.866,59.375],[8.874,59.386],[8.861,59.39],[8.836,59.392],[8.82,59.395],[8.825,59.405],[8.828,59.414],[8.836,59.42],[8.826,59.429],[8.834,59.432],[8.842,59.43],[8.851,59.431],[8.854,59.434],[8.865,59.434],[8.864,59.438],[8.877,59.442],[8.905,59.445],[8.91,59.446],[8.91,59.452],[8.902,59.46],[8.901,59.465],[8.904,59.469],[8.904,59.475],[8.918,59.475],[8.903,59.488],[8.888,59.49],[8.862,59.492],[8.852,59.49],[8.83,59.489],[8.814,59.493],[8.806,59.497],[8.79,59.505],[8.786,59.509],[8.78,59.519],[8.779,59.529],[8.773,59.532],[8.76,59.547],[8.734,59.552],[8.715,59.562],[8.705,59.572],[8.699,59.576],[8.698,59.581],[8.68,59.581],[8.659,59.583],[8.65,59.582],[8.632,59.583],[8.628,59.589],[8.609,59.584],[8.599,59.583],[8.598,59.586],[8.585,59.584],[8.58,59.586],[8.58,59.594],[8.579,59.602],[8.57,59.606],[8.555,59.607],[8.544,59.611],[8.536,59.615],[8.526,59.626],[8.521,59.637],[8.52,59.644],[8.517,59.649],[8.505,59.653],[8.505,59.659],[8.499,59.661],[8.495,59.666],[8.484,59.674],[8.478,59.683],[8.48,59.688],[8.472,59.691],[8.461,59.705],[8.46,59.71],[8.452,59.721],[8.442,59.729],[8.442,59.736],[8.439,59.742],[8.442,59.746],[8.456,59.754],[8.455,59.76],[8.445,59.764],[8.427,59.772],[8.417,59.776],[8.405,59.779],[8.393,59.784],[8.371,59.795],[8.37,59.793],[8.36,59.787],[8.351,59.788],[8.328,59.783],[8.301,59.779],[8.286,59.75],[8.293,59.742],[8.267,59.739],[8.259,59.734],[8.249,59.737],[8.244,59.74],[8.239,59.737],[8.223,59.732],[8.212,59.719],[8.206,59.706],[8.212,59.696],[8.223,59.695],[8.23,59.696],[8.239,59.695],[8.245,59.689],[8.234,59.687],[8.219,59.683],[8.216,59.676],[8.225,59.672],[8.232,59.666],[8.236,59.66],[8.231,59.651],[8.247,59.648],[8.247,59.643],[8.255,59.639],[8.269,59.627],[8.269,59.622],[8.273,59.619],[8.273,59.617],[8.268,59.615],[8.263,59.609],[8.265,59.605],[8.277,59.605],[8.279,59.6],[8.269,59.598],[8.257,59.591],[8.251,59.589],[8.261,59.58],[8.262,59.577],[8.254,59.576],[8.249,59.574]]]}},{"type":"Feature","properties":{"id":405163,"maakond_id":610,"name":"Kviteseid","bbox":[8.141,59.243,8.883,59.574]},"geometry":{"type":"Polygon","coordinates":[[[8.821,59.277],[8.821,59.29],[8.826,59.295],[8.829,59.303],[8.856,59.301],[8.883,59.302],[8.878,59.316],[8.877,59.326],[8.87,59.334],[8.875,59.337],[8.882,59.352],[8.839,59.354],[8.827,59.355],[8.796,59.363],[8.783,59.37],[8.783,59.375],[8.779,59.381],[8.776,59.382],[8.767,59.39],[8.762,59.393],[8.749,59.396],[8.736,59.38],[8.68,59.378],[8.635,59.373],[8.635,59.393],[8.638,59.416],[8.615,59.412],[8.609,59.427],[8.612,59.43],[8.614,59.437],[8.619,59.443],[8.614,59.453],[8.601,59.453],[8.598,59.456],[8.585,59.455],[8.575,59.455],[8.572,59.453],[8.561,59.454],[8.553,59.449],[8.549,59.452],[8.547,59.457],[8.541,59.464],[8.535,59.468],[8.526,59.465],[8.524,59.47],[8.514,59.474],[8.514,59.482],[8.506,59.489],[8.5,59.496],[8.497,59.507],[8.497,59.509],[8.489,59.514],[8.475,59.52],[8.466,59.517],[8.46,59.517],[8.431,59.526],[8.425,59.531],[8.412,59.533],[8.395,59.53],[8.375,59.535],[8.373,59.546],[8.374,59.554],[8.362,59.562],[8.35,59.566],[8.341,59.567],[8.319,59.574],[8.301,59.572],[8.301,59.571],[8.314,59.569],[8.331,59.562],[8.34,59.548],[8.325,59.541],[8.326,59.536],[8.32,59.534],[8.321,59.527],[8.328,59.516],[8.325,59.487],[8.299,59.487],[8.292,59.485],[8.268,59.474],[8.272,59.455],[8.277,59.449],[8.285,59.444],[8.285,59.434],[8.302,59.43],[8.324,59.433],[8.331,59.429],[8.334,59.422],[8.33,59.412],[8.326,59.406],[8.317,59.398],[8.272,59.402],[8.241,59.405],[8.239,59.4],[8.246,59.392],[8.244,59.39],[8.219,59.381],[8.207,59.375],[8.202,59.37],[8.173,59.371],[8.165,59.366],[8.159,59.358],[8.152,59.357],[8.141,59.353],[8.154,59.345],[8.19,59.332],[8.207,59.323],[8.212,59.32],[8.222,59.315],[8.26,59.301],[8.285,59.284],[8.296,59.282],[8.309,59.278],[8.316,59.272],[8.32,59.272],[8.33,59.268],[8.353,59.261],[8.36,59.261],[8.371,59.263],[8.387,59.267],[8.404,59.266],[8.41,59.263],[8.42,59.265],[8.447,59.264],[8.465,59.264],[8.476,59.266],[8.488,59.267],[8.497,59.263],[8.517,59.25],[8.538,59.25],[8.554,59.247],[8.564,59.246],[8.573,59.246],[8.586,59.244],[8.592,59.243],[8.594,59.246],[8.606,59.253],[8.611,59.264],[8.58,59.278],[8.58,59.282],[8.586,59.29],[8.614,59.295],[8.624,59.297],[8.637,59.29],[8.681,59.267],[8.687,59.269],[8.71,59.276],[8.721,59.273],[8.732,59.27],[8.745,59.266],[8.78,59.268],[8.798,59.271],[8.821,59.277]]]}},{"type":"Feature","properties":{"id":405164,"maakond_id":610,"name":"Nome","bbox":[8.821,59.142,9.443,59.385]},"geometry":{"type":"MultiPolygon","coordinates":[[[[8.882,59.352],[8.875,59.337],[8.87,59.334],[8.877,59.326],[8.878,59.316],[8.883,59.302],[8.856,59.301],[8.829,59.303],[8.826,59.295],[8.821,59.29],[8.821,59.277],[8.869,59.254],[8.871,59.255],[8.896,59.261],[8.918,59.263],[8.936,59.258],[8.943,59.257],[8.971,59.264],[8.978,59.258],[8.99,59.248],[9.007,59.233],[9.018,59.224],[9.036,59.219],[9.048,59.207],[9.056,59.208],[9.069,59.207],[9.079,59.207],[9.084,59.203],[9.091,59.206],[9.097,59.212],[9.105,59.215],[9.105,59.218],[9.111,59.217],[9.125,59.224],[9.143,59.219],[9.152,59.207],[9.172,59.197],[9.18,59.191],[9.184,59.184],[9.183,59.174],[9.18,59.171],[9.181,59.164],[9.168,59.142],[9.179,59.142],[9.203,59.144],[9.228,59.145],[9.249,59.153],[9.252,59.176],[9.263,59.182],[9.276,59.185],[9.28,59.188],[9.29,59.191],[9.301,59.197],[9.301,59.203],[9.283,59.21],[9.278,59.214],[9.267,59.215],[9.269,59.219],[9.276,59.222],[9.293,59.222],[9.301,59.219],[9.306,59.219],[9.319,59.215],[9.339,59.223],[9.36,59.228],[9.374,59.227],[9.392,59.225],[9.4,59.227],[9.411,59.225],[9.42,59.231],[9.431,59.23],[9.443,59.233],[9.436,59.24],[9.419,59.246],[9.42,59.249],[9.407,59.262],[9.39,59.268],[9.362,59.285],[9.313,59.287],[9.261,59.335],[9.251,59.338],[9.23,59.329],[9.227,59.327],[9.221,59.327],[9.211,59.322],[9.202,59.326],[9.186,59.328],[9.168,59.34],[9.165,59.344],[9.153,59.344],[9.142,59.342],[9.131,59.35],[9.131,59.354],[9.127,59.364],[9.129,59.373],[9.125,59.377],[9.115,59.385],[9.113,59.38],[9.102,59.384],[9.094,59.382],[9.082,59.384],[9.072,59.383],[9.059,59.384],[9.053,59.375],[9.046,59.372],[9.035,59.366],[9.011,59.357],[9.003,59.36],[8.983,59.366],[8.979,59.363],[8.97,59.361],[8.942,59.353],[8.903,59.343],[8.882,59.352]]],[[[9.249,59.153],[9.29,59.151],[9.279,59.169],[9.271,59.171],[9.249,59.153]]]]}},{"type":"Feature","properties":{"id":405166,"maakond_id":610,"name":"Skien","bbox":[9.228,59.045,9.78,59.487]},"geometry":{"type":"Polygon","coordinates":[[[9.78,59.202],[9.769,59.212],[9.747,59.225],[9.745,59.228],[9.736,59.23],[9.722,59.24],[9.715,59.249],[9.714,59.253],[9.691,59.252],[9.687,59.253],[9.668,59.264],[9.668,59.266],[9.659,59.271],[9.655,59.274],[9.64,59.278],[9.635,59.281],[9.631,59.285],[9.627,59.286],[9.629,59.29],[9.625,59.291],[9.615,59.297],[9.61,59.303],[9.601,59.308],[9.588,59.312],[9.581,59.33],[9.582,59.35],[9.624,59.349],[9.634,59.353],[9.643,59.375],[9.644,59.38],[9.62,59.393],[9.606,59.412],[9.625,59.425],[9.621,59.438],[9.605,59.444],[9.587,59.451],[9.579,59.462],[9.585,59.466],[9.573,59.474],[9.552,59.487],[9.536,59.484],[9.523,59.486],[9.472,59.482],[9.46,59.471],[9.446,59.463],[9.435,59.461],[9.413,59.461],[9.404,59.46],[9.405,59.448],[9.403,59.438],[9.39,59.418],[9.392,59.416],[9.39,59.406],[9.381,59.399],[9.388,59.38],[9.38,59.378],[9.375,59.374],[9.374,59.364],[9.407,59.355],[9.378,59.35],[9.347,59.356],[9.331,59.355],[9.307,59.347],[9.287,59.339],[9.28,59.338],[9.261,59.335],[9.313,59.287],[9.362,59.285],[9.39,59.268],[9.407,59.262],[9.42,59.249],[9.419,59.246],[9.436,59.24],[9.443,59.233],[9.431,59.23],[9.42,59.231],[9.411,59.225],[9.4,59.227],[9.392,59.225],[9.374,59.227],[9.36,59.228],[9.339,59.223],[9.319,59.215],[9.306,59.219],[9.301,59.219],[9.293,59.222],[9.276,59.222],[9.269,59.219],[9.267,59.215],[9.278,59.214],[9.283,59.21],[9.301,59.203],[9.301,59.197],[9.29,59.191],[9.28,59.188],[9.276,59.185],[9.263,59.182],[9.252,59.176],[9.249,59.153],[9.228,59.145],[9.231,59.142],[9.234,59.136],[9.242,59.132],[9.247,59.124],[9.256,59.12],[9.258,59.116],[9.265,59.114],[9.26,59.11],[9.258,59.1],[9.271,59.096],[9.281,59.088],[9.29,59.091],[9.315,59.082],[9.334,59.075],[9.399,59.051],[9.415,59.045],[9.431,59.052],[9.442,59.058],[9.449,59.06],[9.469,59.07],[9.487,59.077],[9.474,59.084],[9.475,59.097],[9.477,59.1],[9.51,59.119],[9.526,59.126],[9.538,59.123],[9.552,59.123],[9.571,59.117],[9.573,59.112],[9.607,59.109],[9.606,59.114],[9.613,59.125],[9.61,59.13],[9.616,59.133],[9.618,59.14],[9.63,59.143],[9.634,59.151],[9.64,59.153],[9.657,59.156],[9.658,59.159],[9.664,59.16],[9.673,59.154],[9.681,59.155],[9.687,59.158],[9.694,59.158],[9.701,59.16],[9.705,59.153],[9.714,59.149],[9.716,59.151],[9.724,59.153],[9.73,59.159],[9.73,59.162],[9.742,59.169],[9.748,59.176],[9.758,59.183],[9.762,59.188],[9.77,59.189],[9.777,59.192],[9.78,59.202]]]}},{"type":"Feature","properties":{"id":405167,"maakond_id":610,"name":"Drangedal","bbox":[8.58,58.885,9.399,59.297]},"geometry":{"type":"Polygon","coordinates":[[[9.161,58.885],[9.166,58.888],[9.178,58.897],[9.189,58.901],[9.191,58.905],[9.214,58.928],[9.213,58.935],[9.214,58.941],[9.224,58.948],[9.237,58.962],[9.248,58.97],[9.273,58.985],[9.29,58.996],[9.302,59.001],[9.321,59.01],[9.357,59.029],[9.399,59.051],[9.334,59.075],[9.315,59.082],[9.29,59.091],[9.281,59.088],[9.271,59.096],[9.258,59.1],[9.26,59.11],[9.265,59.114],[9.258,59.116],[9.256,59.12],[9.247,59.124],[9.242,59.132],[9.234,59.136],[9.231,59.142],[9.228,59.145],[9.203,59.144],[9.179,59.142],[9.168,59.142],[9.181,59.164],[9.18,59.171],[9.183,59.174],[9.184,59.184],[9.18,59.191],[9.172,59.197],[9.152,59.207],[9.143,59.219],[9.125,59.224],[9.111,59.217],[9.105,59.218],[9.105,59.215],[9.097,59.212],[9.091,59.206],[9.084,59.203],[9.079,59.207],[9.069,59.207],[9.056,59.208],[9.048,59.207],[9.036,59.219],[9.018,59.224],[9.007,59.233],[8.99,59.248],[8.978,59.258],[8.971,59.264],[8.943,59.257],[8.936,59.258],[8.918,59.263],[8.896,59.261],[8.871,59.255],[8.869,59.254],[8.821,59.277],[8.798,59.271],[8.78,59.268],[8.745,59.266],[8.732,59.27],[8.721,59.273],[8.71,59.276],[8.687,59.269],[8.681,59.267],[8.637,59.29],[8.624,59.297],[8.614,59.295],[8.586,59.29],[8.58,59.282],[8.58,59.278],[8.611,59.264],[8.606,59.253],[8.594,59.246],[8.592,59.243],[8.599,59.241],[8.607,59.235],[8.621,59.231],[8.632,59.224],[8.649,59.215],[8.658,59.206],[8.665,59.202],[8.678,59.189],[8.692,59.179],[8.69,59.168],[8.7,59.158],[8.702,59.153],[8.698,59.152],[8.697,59.145],[8.718,59.134],[8.726,59.126],[8.737,59.117],[8.734,59.112],[8.729,59.109],[8.71,59.105],[8.682,59.103],[8.662,59.099],[8.66,59.091],[8.668,59.078],[8.668,59.076],[8.675,59.069],[8.672,59.057],[8.684,59.049],[8.693,59.045],[8.724,59.024],[8.736,59.024],[8.789,59.003],[8.789,59.002],[8.828,58.991],[8.834,58.988],[8.864,58.987],[8.871,58.986],[8.901,58.986],[8.94,58.986],[8.957,58.989],[8.969,58.989],[8.995,58.993],[9.001,58.988],[9.001,58.98],[9.009,58.977],[9.013,58.966],[9.025,58.949],[9.035,58.933],[9.046,58.926],[9.073,58.911],[9.082,58.908],[9.094,58.905],[9.116,58.897],[9.125,58.894],[9.135,58.892],[9.151,58.887],[9.161,58.885]]]}},{"type":"Feature","properties":{"id":405168,"maakond_id":610,"name":"Fyresdal","bbox":[7.696,58.929,8.4,59.36]},"geometry":{"type":"Polygon","coordinates":[[[8.353,59.261],[8.33,59.268],[8.32,59.272],[8.316,59.272],[8.309,59.278],[8.296,59.282],[8.285,59.284],[8.26,59.301],[8.222,59.315],[8.212,59.32],[8.207,59.323],[8.19,59.332],[8.154,59.345],[8.141,59.353],[8.135,59.351],[8.135,59.347],[8.131,59.341],[8.12,59.339],[8.104,59.341],[8.091,59.346],[8.088,59.351],[8.078,59.355],[8.061,59.357],[8.029,59.352],[8.022,59.35],[8.011,59.345],[8.002,59.343],[7.998,59.336],[7.982,59.339],[7.984,59.345],[7.974,59.344],[7.969,59.35],[7.946,59.35],[7.936,59.351],[7.922,59.351],[7.909,59.352],[7.885,59.351],[7.874,59.353],[7.856,59.36],[7.83,59.36],[7.815,59.36],[7.808,59.359],[7.804,59.352],[7.799,59.349],[7.791,59.349],[7.789,59.346],[7.783,59.346],[7.781,59.339],[7.756,59.327],[7.755,59.329],[7.72,59.327],[7.696,59.327],[7.706,59.307],[7.716,59.29],[7.717,59.284],[7.725,59.261],[7.738,59.252],[7.745,59.251],[7.751,59.235],[7.758,59.228],[7.774,59.224],[7.78,59.221],[7.775,59.214],[7.763,59.214],[7.758,59.213],[7.749,59.208],[7.744,59.198],[7.749,59.195],[7.744,59.184],[7.739,59.179],[7.736,59.171],[7.73,59.163],[7.741,59.148],[7.742,59.144],[7.756,59.14],[7.769,59.135],[7.785,59.124],[7.805,59.117],[7.814,59.105],[7.821,59.098],[7.828,59.089],[7.847,59.077],[7.858,59.069],[7.868,59.06],[7.868,59.056],[7.877,59.047],[7.877,59.039],[7.902,59.026],[7.911,59.009],[7.924,59.006],[7.934,59.006],[7.94,59.005],[7.937,58.998],[7.942,58.987],[7.964,58.974],[7.968,58.967],[7.985,58.962],[7.996,58.964],[8.009,58.965],[8.036,58.954],[8.055,58.95],[8.068,58.949],[8.078,58.95],[8.092,58.948],[8.1,58.952],[8.114,58.953],[8.122,58.955],[8.137,58.961],[8.134,58.963],[8.111,58.966],[8.108,58.964],[8.1,58.965],[8.089,58.965],[8.079,58.972],[8.098,58.975],[8.117,58.982],[8.127,58.985],[8.135,58.985],[8.148,58.982],[8.162,58.981],[8.173,58.982],[8.183,58.979],[8.196,58.976],[8.222,58.97],[8.226,58.963],[8.237,58.958],[8.258,58.952],[8.27,58.948],[8.279,58.942],[8.294,58.937],[8.305,58.929],[8.309,58.934],[8.32,58.937],[8.338,58.94],[8.335,58.944],[8.348,58.95],[8.343,58.953],[8.335,58.954],[8.327,58.96],[8.333,58.964],[8.324,58.968],[8.326,58.972],[8.312,58.979],[8.317,58.982],[8.344,58.983],[8.373,59.003],[8.388,59.011],[8.399,59.015],[8.4,59.023],[8.396,59.027],[8.391,59.027],[8.38,59.024],[8.368,59.029],[8.369,59.036],[8.376,59.062],[8.375,59.079],[8.305,59.117],[8.304,59.12],[8.315,59.127],[8.319,59.131],[8.333,59.137],[8.336,59.141],[8.325,59.154],[8.311,59.164],[8.303,59.171],[8.298,59.172],[8.301,59.182],[8.3,59.195],[8.29,59.219],[8.287,59.224],[8.286,59.232],[8.308,59.233],[8.329,59.242],[8.335,59.245],[8.349,59.255],[8.353,59.261]]]}},{"type":"Feature","properties":{"id":405169,"maakond_id":610,"name":"Tokke","bbox":[7.515,59.327,8.34,59.601]},"geometry":{"type":"Polygon","coordinates":[[[8.249,59.574],[8.249,59.575],[8.241,59.581],[8.235,59.578],[8.22,59.573],[8.219,59.57],[8.207,59.563],[8.202,59.562],[8.195,59.564],[8.185,59.566],[8.176,59.562],[8.175,59.556],[8.179,59.55],[8.174,59.548],[8.165,59.549],[8.143,59.548],[8.132,59.548],[8.124,59.549],[8.105,59.55],[8.102,59.565],[8.1,59.569],[8.095,59.571],[8.081,59.571],[8.075,59.566],[8.068,59.564],[8.056,59.553],[8.049,59.554],[8.041,59.556],[8.027,59.559],[8.017,59.562],[8.008,59.563],[8.001,59.562],[8.003,59.559],[8,59.557],[7.99,59.556],[7.994,59.551],[7.99,59.549],[7.984,59.549],[7.984,59.544],[7.988,59.541],[8,59.539],[8,59.536],[8.004,59.534],[8.005,59.531],[8.003,59.523],[7.99,59.519],[7.992,59.515],[7.989,59.51],[7.98,59.508],[7.978,59.505],[7.988,59.499],[7.983,59.495],[7.972,59.491],[7.966,59.487],[7.945,59.495],[7.938,59.496],[7.911,59.505],[7.901,59.511],[7.903,59.517],[7.904,59.523],[7.899,59.529],[7.887,59.532],[7.883,59.535],[7.856,59.541],[7.851,59.545],[7.84,59.545],[7.842,59.551],[7.838,59.559],[7.838,59.563],[7.833,59.568],[7.83,59.575],[7.825,59.586],[7.838,59.588],[7.846,59.596],[7.834,59.598],[7.81,59.601],[7.803,59.601],[7.792,59.598],[7.789,59.599],[7.776,59.598],[7.747,59.587],[7.727,59.585],[7.711,59.587],[7.696,59.591],[7.69,59.593],[7.671,59.597],[7.665,59.596],[7.648,59.6],[7.642,59.598],[7.618,59.595],[7.599,59.589],[7.587,59.59],[7.579,59.588],[7.577,59.59],[7.552,59.587],[7.515,59.561],[7.536,59.524],[7.585,59.501],[7.595,59.479],[7.626,59.462],[7.583,59.444],[7.574,59.437],[7.582,59.435],[7.577,59.426],[7.555,59.411],[7.544,59.405],[7.54,59.399],[7.572,59.387],[7.595,59.377],[7.597,59.366],[7.61,59.35],[7.612,59.348],[7.612,59.339],[7.61,59.336],[7.615,59.331],[7.643,59.334],[7.673,59.333],[7.696,59.327],[7.72,59.327],[7.755,59.329],[7.756,59.327],[7.781,59.339],[7.783,59.346],[7.789,59.346],[7.791,59.349],[7.799,59.349],[7.804,59.352],[7.808,59.359],[7.815,59.36],[7.83,59.36],[7.856,59.36],[7.874,59.353],[7.885,59.351],[7.909,59.352],[7.922,59.351],[7.936,59.351],[7.946,59.35],[7.969,59.35],[7.974,59.344],[7.984,59.345],[7.982,59.339],[7.998,59.336],[8.002,59.343],[8.011,59.345],[8.022,59.35],[8.029,59.352],[8.061,59.357],[8.078,59.355],[8.088,59.351],[8.091,59.346],[8.104,59.341],[8.12,59.339],[8.131,59.341],[8.135,59.347],[8.135,59.351],[8.141,59.353],[8.152,59.357],[8.159,59.358],[8.165,59.366],[8.173,59.371],[8.202,59.37],[8.207,59.375],[8.219,59.381],[8.244,59.39],[8.246,59.392],[8.239,59.4],[8.241,59.405],[8.272,59.402],[8.317,59.398],[8.326,59.406],[8.33,59.412],[8.334,59.422],[8.331,59.429],[8.324,59.433],[8.302,59.43],[8.285,59.434],[8.285,59.444],[8.277,59.449],[8.272,59.455],[8.268,59.474],[8.292,59.485],[8.299,59.487],[8.325,59.487],[8.328,59.516],[8.321,59.527],[8.32,59.534],[8.326,59.536],[8.325,59.541],[8.34,59.548],[8.331,59.562],[8.314,59.569],[8.301,59.571],[8.291,59.571],[8.272,59.563],[8.261,59.558],[8.241,59.567],[8.24,59.569],[8.249,59.574]]]}},{"type":"Feature","properties":{"id":405170,"maakond_id":610,"name":"Siljan","bbox":[9.581,59.195,9.878,59.425]},"geometry":{"type":"Polygon","coordinates":[[[9.625,59.425],[9.606,59.412],[9.62,59.393],[9.644,59.38],[9.643,59.375],[9.634,59.353],[9.624,59.349],[9.582,59.35],[9.581,59.33],[9.588,59.312],[9.601,59.308],[9.61,59.303],[9.615,59.297],[9.625,59.291],[9.629,59.29],[9.627,59.286],[9.631,59.285],[9.635,59.281],[9.64,59.278],[9.655,59.274],[9.659,59.271],[9.668,59.266],[9.668,59.264],[9.687,59.253],[9.691,59.252],[9.714,59.253],[9.715,59.249],[9.722,59.24],[9.736,59.23],[9.745,59.228],[9.747,59.225],[9.769,59.212],[9.78,59.202],[9.795,59.209],[9.831,59.195],[9.842,59.195],[9.87,59.198],[9.875,59.2],[9.869,59.205],[9.86,59.216],[9.878,59.221],[9.876,59.224],[9.874,59.233],[9.871,59.239],[9.872,59.246],[9.869,59.252],[9.86,59.256],[9.838,59.27],[9.836,59.272],[9.811,59.282],[9.811,59.289],[9.777,59.316],[9.755,59.325],[9.772,59.343],[9.783,59.35],[9.773,59.363],[9.769,59.376],[9.771,59.379],[9.777,59.381],[9.779,59.39],[9.778,59.412],[9.749,59.412],[9.704,59.412],[9.683,59.411],[9.66,59.408],[9.625,59.425]]]}},{"type":"Feature","properties":{"id":405171,"maakond_id":610,"name":"Porsgrunn","bbox":[9.606,58.998,9.896,59.209]},"geometry":{"type":"Polygon","coordinates":[[[9.78,59.202],[9.777,59.192],[9.77,59.189],[9.762,59.188],[9.758,59.183],[9.748,59.176],[9.742,59.169],[9.73,59.162],[9.73,59.159],[9.724,59.153],[9.716,59.151],[9.714,59.149],[9.705,59.153],[9.701,59.16],[9.694,59.158],[9.687,59.158],[9.681,59.155],[9.673,59.154],[9.664,59.16],[9.658,59.159],[9.657,59.156],[9.64,59.153],[9.634,59.151],[9.63,59.143],[9.618,59.14],[9.616,59.133],[9.61,59.13],[9.613,59.125],[9.606,59.114],[9.607,59.109],[9.629,59.1],[9.645,59.064],[9.654,59.056],[9.665,59.053],[9.677,59.053],[9.686,59.052],[9.689,59.05],[9.716,59.047],[9.742,59.025],[9.765,59.01],[9.781,59.012],[9.783,59.03],[9.835,58.998],[9.836,59.023],[9.821,59.033],[9.813,59.034],[9.818,59.041],[9.825,59.042],[9.835,59.037],[9.839,59.044],[9.839,59.056],[9.842,59.063],[9.838,59.073],[9.848,59.073],[9.852,59.078],[9.854,59.088],[9.854,59.09],[9.856,59.099],[9.848,59.112],[9.829,59.125],[9.821,59.129],[9.829,59.139],[9.829,59.148],[9.826,59.16],[9.831,59.164],[9.855,59.164],[9.868,59.167],[9.885,59.169],[9.896,59.177],[9.89,59.188],[9.885,59.193],[9.875,59.2],[9.87,59.198],[9.842,59.195],[9.831,59.195],[9.795,59.209],[9.78,59.202]]]}},{"type":"Feature","properties":{"id":405172,"maakond_id":610,"name":"Bamble","bbox":[9.302,58.913,9.783,59.126]},"geometry":{"type":"Polygon","coordinates":[[[9.783,58.936],[9.764,59.001],[9.765,59.01],[9.742,59.025],[9.716,59.047],[9.689,59.05],[9.686,59.052],[9.677,59.053],[9.665,59.053],[9.654,59.056],[9.645,59.064],[9.629,59.1],[9.607,59.109],[9.573,59.112],[9.571,59.117],[9.552,59.123],[9.538,59.123],[9.526,59.126],[9.51,59.119],[9.477,59.1],[9.475,59.097],[9.474,59.084],[9.487,59.077],[9.469,59.07],[9.449,59.06],[9.442,59.058],[9.431,59.052],[9.415,59.045],[9.399,59.051],[9.357,59.029],[9.321,59.01],[9.302,59.001],[9.321,58.995],[9.346,58.989],[9.364,58.98],[9.372,58.971],[9.381,58.96],[9.387,58.951],[9.392,58.945],[9.395,58.95],[9.4,58.953],[9.416,58.948],[9.42,58.946],[9.416,58.942],[9.418,58.935],[9.426,58.935],[9.444,58.938],[9.454,58.941],[9.464,58.945],[9.463,58.94],[9.468,58.937],[9.48,58.936],[9.523,58.925],[9.531,58.928],[9.538,58.927],[9.56,58.916],[9.575,58.913],[9.63,58.929],[9.684,58.933],[9.714,58.944],[9.783,58.936]]]}},{"type":"Feature","properties":{"id":405173,"maakond_id":610,"name":"Kragerø","bbox":[9.161,58.603,9.97,59.001]},"geometry":{"type":"Polygon","coordinates":[[[9.669,58.603],[9.788,58.672],[9.97,58.72],[9.861,58.831],[9.795,58.898],[9.783,58.936],[9.714,58.944],[9.684,58.933],[9.63,58.929],[9.575,58.913],[9.56,58.916],[9.538,58.927],[9.531,58.928],[9.523,58.925],[9.48,58.936],[9.468,58.937],[9.463,58.94],[9.464,58.945],[9.454,58.941],[9.444,58.938],[9.426,58.935],[9.418,58.935],[9.416,58.942],[9.42,58.946],[9.416,58.948],[9.4,58.953],[9.395,58.95],[9.392,58.945],[9.387,58.951],[9.381,58.96],[9.372,58.971],[9.364,58.98],[9.346,58.989],[9.321,58.995],[9.302,59.001],[9.29,58.996],[9.273,58.985],[9.248,58.97],[9.237,58.962],[9.224,58.948],[9.214,58.941],[9.213,58.935],[9.214,58.928],[9.191,58.905],[9.189,58.901],[9.178,58.897],[9.166,58.888],[9.161,58.885],[9.172,58.874],[9.183,58.862],[9.19,58.845],[9.191,58.83],[9.191,58.822],[9.192,58.814],[9.204,58.813],[9.205,58.81],[9.196,58.803],[9.231,58.796],[9.275,58.796],[9.286,58.788],[9.29,58.784],[9.303,58.775],[9.305,58.772],[9.313,58.774],[9.318,58.777],[9.321,58.782],[9.329,58.785],[9.337,58.782],[9.354,58.777],[9.368,58.77],[9.392,58.756],[9.48,58.707],[9.591,58.646],[9.669,58.603]]]}},{"type":"Feature","properties":{"id":405174,"maakond_id":610,"name":"Nissedal","bbox":[8.286,58.831,8.834,59.267]},"geometry":{"type":"Polygon","coordinates":[[[8.744,58.831],[8.763,58.835],[8.769,58.839],[8.786,58.844],[8.789,58.851],[8.79,58.857],[8.789,58.862],[8.792,58.864],[8.781,58.868],[8.798,58.884],[8.81,58.891],[8.812,58.895],[8.815,58.903],[8.818,58.906],[8.831,58.913],[8.828,58.914],[8.813,58.918],[8.795,58.927],[8.788,58.929],[8.774,58.933],[8.762,58.937],[8.754,58.943],[8.762,58.948],[8.819,58.969],[8.822,58.97],[8.832,58.978],[8.834,58.988],[8.828,58.991],[8.789,59.002],[8.789,59.003],[8.736,59.024],[8.724,59.024],[8.693,59.045],[8.684,59.049],[8.672,59.057],[8.675,59.069],[8.668,59.076],[8.668,59.078],[8.66,59.091],[8.662,59.099],[8.682,59.103],[8.71,59.105],[8.729,59.109],[8.734,59.112],[8.737,59.117],[8.726,59.126],[8.718,59.134],[8.697,59.145],[8.698,59.152],[8.702,59.153],[8.7,59.158],[8.69,59.168],[8.692,59.179],[8.678,59.189],[8.665,59.202],[8.658,59.206],[8.649,59.215],[8.632,59.224],[8.621,59.231],[8.607,59.235],[8.599,59.241],[8.592,59.243],[8.586,59.244],[8.573,59.246],[8.564,59.246],[8.554,59.247],[8.538,59.25],[8.517,59.25],[8.497,59.263],[8.488,59.267],[8.476,59.266],[8.465,59.264],[8.447,59.264],[8.42,59.265],[8.41,59.263],[8.404,59.266],[8.387,59.267],[8.371,59.263],[8.36,59.261],[8.353,59.261],[8.349,59.255],[8.335,59.245],[8.329,59.242],[8.308,59.233],[8.286,59.232],[8.287,59.224],[8.29,59.219],[8.3,59.195],[8.301,59.182],[8.298,59.172],[8.303,59.171],[8.311,59.164],[8.325,59.154],[8.336,59.141],[8.333,59.137],[8.319,59.131],[8.315,59.127],[8.304,59.12],[8.305,59.117],[8.375,59.079],[8.376,59.062],[8.369,59.036],[8.368,59.029],[8.38,59.024],[8.391,59.027],[8.396,59.027],[8.4,59.023],[8.399,59.015],[8.388,59.011],[8.373,59.003],[8.344,58.983],[8.317,58.982],[8.312,58.979],[8.326,58.972],[8.324,58.968],[8.333,58.964],[8.327,58.96],[8.335,58.954],[8.343,58.953],[8.348,58.95],[8.335,58.944],[8.338,58.94],[8.32,58.937],[8.309,58.934],[8.305,58.929],[8.308,58.926],[8.31,58.919],[8.326,58.917],[8.341,58.917],[8.367,58.913],[8.383,58.913],[8.398,58.911],[8.41,58.907],[8.419,58.906],[8.421,58.903],[8.431,58.902],[8.432,58.899],[8.446,58.897],[8.476,58.887],[8.503,58.908],[8.534,58.918],[8.565,58.927],[8.575,58.931],[8.58,58.926],[8.596,58.918],[8.61,58.914],[8.621,58.904],[8.632,58.894],[8.638,58.891],[8.638,58.886],[8.648,58.881],[8.656,58.873],[8.653,58.869],[8.691,58.858],[8.724,58.85],[8.724,58.847],[8.731,58.84],[8.744,58.831]]]}},{"type":"Feature","properties":{"id":405219,"maakond_id":613,"name":"Frøya","bbox":[7.648,63.598,9.732,64.547]},"geometry":{"type":"Polygon","coordinates":[[[9.149,63.774],[9.197,63.859],[9.235,63.928],[9.275,63.943],[9.614,64.075],[9.64,64.127],[9.679,64.162],[9.697,64.202],[9.725,64.274],[9.732,64.332],[9.7,64.396],[9.671,64.415],[9.556,64.459],[9.325,64.547],[8.94,64.358],[8.624,64.24],[8.36,64.141],[8.165,64.066],[8.144,64.058],[8.116,64.045],[8.09,64.031],[7.648,63.768],[7.89,63.689],[8.009,63.649],[8.109,63.598],[8.324,63.638],[8.452,63.638],[8.663,63.665],[8.778,63.667],[8.934,63.694],[9.149,63.774]]]}},{"type":"Feature","properties":{"id":405267,"maakond_id":603,"name":"Smøla","bbox":[7.111,63.202,8.343,63.768]},"geometry":{"type":"Polygon","coordinates":[[[8.109,63.598],[8.009,63.649],[7.89,63.689],[7.648,63.768],[7.527,63.695],[7.462,63.656],[7.441,63.642],[7.358,63.581],[7.111,63.429],[7.301,63.365],[7.472,63.307],[7.59,63.282],[7.776,63.202],[7.926,63.224],[8.197,63.282],[8.231,63.291],[8.343,63.359],[8.241,63.422],[8.168,63.519],[8.109,63.598]]]}},{"type":"Feature","properties":{"id":405317,"maakond_id":613,"name":"Osen","bbox":[9.325,64.163,10.927,64.728]},"geometry":{"type":"Polygon","coordinates":[[[10.927,64.28],[10.903,64.281],[10.815,64.294],[10.77,64.312],[10.758,64.31],[10.745,64.314],[10.734,64.321],[10.729,64.328],[10.723,64.333],[10.705,64.341],[10.698,64.346],[10.71,64.349],[10.702,64.355],[10.725,64.361],[10.712,64.368],[10.709,64.373],[10.695,64.382],[10.656,64.376],[10.632,64.376],[10.627,64.381],[10.619,64.388],[10.608,64.393],[10.605,64.396],[10.597,64.397],[10.576,64.406],[10.554,64.409],[10.509,64.43],[10.456,64.435],[10.046,64.595],[9.931,64.64],[9.7,64.728],[9.325,64.547],[9.556,64.459],[9.671,64.415],[9.7,64.396],[10.052,64.356],[10.182,64.291],[10.275,64.273],[10.309,64.278],[10.343,64.301],[10.362,64.299],[10.362,64.288],[10.38,64.286],[10.386,64.278],[10.408,64.264],[10.406,64.263],[10.385,64.261],[10.395,64.255],[10.411,64.247],[10.425,64.245],[10.497,64.226],[10.52,64.218],[10.542,64.211],[10.58,64.199],[10.601,64.193],[10.595,64.183],[10.593,64.171],[10.586,64.163],[10.741,64.177],[10.749,64.179],[10.884,64.207],[10.912,64.23],[10.927,64.28]]]}},{"type":"Feature","properties":{"id":405322,"maakond_id":612,"name":"Gulen","bbox":[4.611,60.806,5.625,61.118]},"geometry":{"type":"Polygon","coordinates":[[[5.62,60.977],[5.621,60.987],[5.625,60.992],[5.624,60.995],[5.613,60.999],[5.61,61.008],[5.598,61.022],[5.585,61.029],[5.585,61.033],[5.592,61.038],[5.592,61.044],[5.606,61.05],[5.607,61.054],[5.6,61.058],[5.58,61.058],[5.581,61.062],[5.59,61.065],[5.595,61.071],[5.603,61.076],[5.606,61.08],[5.581,61.093],[5.499,61.079],[5.418,61.047],[5.374,61.052],[5.311,61.086],[5.231,61.087],[5.156,61.118],[5.102,61.093],[4.991,61.069],[4.934,61.032],[4.786,61.003],[4.667,60.923],[4.611,60.887],[4.687,60.858],[4.796,60.848],[4.892,60.847],[4.952,60.84],[5.048,60.829],[5.11,60.806],[5.13,60.819],[5.127,60.826],[5.135,60.829],[5.135,60.838],[5.139,60.839],[5.136,60.856],[5.132,60.86],[5.14,60.86],[5.139,60.864],[5.154,60.867],[5.163,60.874],[5.161,60.879],[5.167,60.882],[5.162,60.886],[5.159,60.891],[5.164,60.9],[5.177,60.903],[5.177,60.906],[5.196,60.909],[5.214,60.918],[5.219,60.922],[5.224,60.922],[5.227,60.926],[5.24,60.923],[5.258,60.925],[5.277,60.929],[5.288,60.933],[5.29,60.936],[5.28,60.941],[5.292,60.944],[5.304,60.942],[5.313,60.936],[5.311,60.929],[5.318,60.924],[5.321,60.919],[5.326,60.917],[5.33,60.912],[5.351,60.915],[5.363,60.914],[5.366,60.911],[5.377,60.911],[5.391,60.914],[5.403,60.921],[5.417,60.926],[5.42,60.928],[5.438,60.93],[5.44,60.931],[5.452,60.932],[5.461,60.935],[5.478,60.934],[5.476,60.928],[5.484,60.922],[5.5,60.923],[5.512,60.926],[5.53,60.931],[5.554,60.942],[5.58,60.959],[5.62,60.977]]]}},{"type":"Feature","properties":{"id":405652,"maakond_id":602,"name":"Randaberg","bbox":[5.445,58.97,5.683,59.072]},"geometry":{"type":"Polygon","coordinates":[[[5.445,58.982],[5.566,58.97],[5.591,58.978],[5.607,58.976],[5.621,58.979],[5.623,58.977],[5.642,58.972],[5.65,58.974],[5.663,58.974],[5.663,58.978],[5.659,58.983],[5.649,58.988],[5.647,58.99],[5.653,58.996],[5.671,59.002],[5.683,59.014],[5.626,59.028],[5.545,59.072],[5.502,59.056],[5.445,58.982]]]}},{"type":"Feature","properties":{"id":405653,"maakond_id":602,"name":"Sola","bbox":[5.008,58.782,5.703,58.982]},"geometry":{"type":"Polygon","coordinates":[[[5.072,58.782],[5.32,58.815],[5.521,58.842],[5.551,58.832],[5.573,58.825],[5.576,58.821],[5.585,58.816],[5.597,58.813],[5.598,58.817],[5.604,58.825],[5.61,58.828],[5.613,58.83],[5.615,58.837],[5.628,58.842],[5.633,58.849],[5.644,58.851],[5.651,58.853],[5.657,58.857],[5.671,58.861],[5.67,58.868],[5.67,58.876],[5.683,58.876],[5.688,58.882],[5.689,58.887],[5.696,58.887],[5.696,58.895],[5.696,58.905],[5.682,58.914],[5.703,58.934],[5.695,58.933],[5.689,58.938],[5.682,58.933],[5.664,58.928],[5.646,58.927],[5.633,58.933],[5.63,58.941],[5.619,58.946],[5.614,58.956],[5.608,58.96],[5.595,58.961],[5.584,58.966],[5.566,58.97],[5.445,58.982],[5.384,58.964],[5.258,58.949],[5.008,58.919],[5.047,58.832],[5.072,58.782]]]}},{"type":"Feature","properties":{"id":405655,"maakond_id":602,"name":"Klepp","bbox":[5.072,58.624,5.739,58.842]},"geometry":{"type":"Polygon","coordinates":[[[5.072,58.782],[5.112,58.701],[5.122,58.684],[5.163,58.624],[5.374,58.662],[5.525,58.69],[5.57,58.697],[5.575,58.692],[5.585,58.699],[5.603,58.705],[5.61,58.699],[5.618,58.701],[5.626,58.703],[5.627,58.71],[5.619,58.713],[5.617,58.716],[5.603,58.721],[5.608,58.727],[5.607,58.73],[5.617,58.734],[5.627,58.732],[5.636,58.735],[5.64,58.738],[5.639,58.742],[5.656,58.745],[5.665,58.743],[5.671,58.745],[5.676,58.75],[5.678,58.754],[5.682,58.759],[5.689,58.772],[5.692,58.776],[5.708,58.779],[5.718,58.784],[5.724,58.785],[5.739,58.79],[5.737,58.799],[5.729,58.8],[5.723,58.803],[5.71,58.802],[5.701,58.798],[5.699,58.803],[5.691,58.802],[5.686,58.805],[5.669,58.805],[5.665,58.812],[5.65,58.812],[5.644,58.815],[5.638,58.824],[5.621,58.825],[5.618,58.824],[5.61,58.828],[5.604,58.825],[5.598,58.817],[5.597,58.813],[5.585,58.816],[5.576,58.821],[5.573,58.825],[5.551,58.832],[5.521,58.842],[5.32,58.815],[5.072,58.782]]]}},{"type":"Feature","properties":{"id":405657,"maakond_id":602,"name":"Strand","bbox":[5.784,58.896,6.249,59.143]},"geometry":{"type":"Polygon","coordinates":[[[5.863,58.987],[5.972,58.957],[6.074,58.896],[6.098,58.924],[6.104,58.929],[6.102,58.936],[6.125,58.949],[6.202,58.98],[6.249,58.998],[6.233,59.004],[6.229,59.008],[6.226,59.013],[6.222,59.037],[6.217,59.042],[6.206,59.049],[6.206,59.054],[6.198,59.058],[6.192,59.058],[6.181,59.064],[6.179,59.066],[6.167,59.068],[6.154,59.065],[6.144,59.061],[6.135,59.067],[6.125,59.076],[6.121,59.076],[6.117,59.082],[6.112,59.085],[6.138,59.092],[6.123,59.097],[6.136,59.103],[6.154,59.105],[6.157,59.108],[6.152,59.111],[6.151,59.115],[6.145,59.128],[6.139,59.133],[6.142,59.138],[6.142,59.143],[6.113,59.142],[6.089,59.143],[6.081,59.135],[6.069,59.138],[6.012,59.125],[5.984,59.135],[5.943,59.121],[5.841,59.071],[5.784,59.06],[5.791,59.046],[5.785,59.033],[5.863,58.987]]]}},{"type":"Feature","properties":{"id":405658,"maakond_id":602,"name":"Kvitsøy","bbox":[4.959,58.919,5.545,59.128]},"geometry":{"type":"Polygon","coordinates":[[[4.959,58.956],[5.006,58.923],[5.008,58.919],[5.258,58.949],[5.384,58.964],[5.445,58.982],[5.502,59.056],[5.545,59.072],[5.499,59.128],[5.371,59.112],[5.167,59.035],[4.959,58.956]]]}},{"type":"Feature","properties":{"id":405786,"maakond_id":602,"name":"Time","bbox":[5.603,58.613,5.93,58.802]},"geometry":{"type":"Polygon","coordinates":[[[5.737,58.799],[5.739,58.79],[5.724,58.785],[5.718,58.784],[5.708,58.779],[5.692,58.776],[5.689,58.772],[5.682,58.759],[5.678,58.754],[5.676,58.75],[5.671,58.745],[5.665,58.743],[5.656,58.745],[5.639,58.742],[5.64,58.738],[5.636,58.735],[5.627,58.732],[5.617,58.734],[5.607,58.73],[5.608,58.727],[5.603,58.721],[5.617,58.716],[5.619,58.713],[5.627,58.71],[5.626,58.703],[5.618,58.701],[5.637,58.691],[5.651,58.693],[5.66,58.69],[5.668,58.688],[5.676,58.684],[5.683,58.685],[5.687,58.683],[5.693,58.685],[5.701,58.678],[5.712,58.673],[5.712,58.678],[5.708,58.68],[5.712,58.684],[5.72,58.684],[5.725,58.685],[5.736,58.684],[5.746,58.669],[5.745,58.665],[5.752,58.659],[5.756,58.654],[5.764,58.641],[5.793,58.637],[5.8,58.633],[5.809,58.634],[5.813,58.631],[5.812,58.621],[5.807,58.616],[5.807,58.613],[5.829,58.617],[5.853,58.62],[5.891,58.626],[5.895,58.625],[5.899,58.626],[5.894,58.635],[5.89,58.64],[5.89,58.644],[5.885,58.649],[5.864,58.662],[5.872,58.666],[5.881,58.668],[5.885,58.668],[5.899,58.672],[5.898,58.674],[5.906,58.68],[5.91,58.68],[5.918,58.684],[5.93,58.683],[5.928,58.687],[5.908,58.687],[5.897,58.687],[5.883,58.687],[5.87,58.693],[5.864,58.694],[5.866,58.697],[5.879,58.71],[5.868,58.711],[5.866,58.712],[5.875,58.718],[5.874,58.725],[5.865,58.727],[5.865,58.73],[5.857,58.733],[5.853,58.739],[5.848,58.739],[5.844,58.742],[5.844,58.748],[5.835,58.753],[5.829,58.754],[5.799,58.753],[5.812,58.761],[5.826,58.763],[5.821,58.767],[5.815,58.775],[5.814,58.779],[5.805,58.782],[5.792,58.789],[5.782,58.789],[5.765,58.786],[5.766,58.797],[5.755,58.799],[5.752,58.802],[5.737,58.799]]]}},{"type":"Feature","properties":{"id":405787,"maakond_id":602,"name":"Hå","bbox":[5.163,58.333,5.935,58.705]},"geometry":{"type":"Polygon","coordinates":[[[5.935,58.535],[5.93,58.541],[5.928,58.547],[5.92,58.544],[5.915,58.543],[5.913,58.546],[5.897,58.551],[5.894,58.55],[5.89,58.554],[5.874,58.561],[5.873,58.564],[5.877,58.568],[5.882,58.569],[5.885,58.573],[5.892,58.576],[5.889,58.579],[5.886,58.585],[5.893,58.591],[5.902,58.591],[5.907,58.593],[5.903,58.6],[5.907,58.607],[5.903,58.612],[5.894,58.612],[5.887,58.615],[5.886,58.618],[5.895,58.625],[5.891,58.626],[5.853,58.62],[5.829,58.617],[5.807,58.613],[5.807,58.616],[5.812,58.621],[5.813,58.631],[5.809,58.634],[5.8,58.633],[5.793,58.637],[5.764,58.641],[5.756,58.654],[5.752,58.659],[5.745,58.665],[5.746,58.669],[5.736,58.684],[5.725,58.685],[5.72,58.684],[5.712,58.684],[5.708,58.68],[5.712,58.678],[5.712,58.673],[5.701,58.678],[5.693,58.685],[5.687,58.683],[5.683,58.685],[5.676,58.684],[5.668,58.688],[5.66,58.69],[5.651,58.693],[5.637,58.691],[5.618,58.701],[5.61,58.699],[5.603,58.705],[5.585,58.699],[5.575,58.692],[5.57,58.697],[5.525,58.69],[5.374,58.662],[5.163,58.624],[5.18,58.599],[5.193,58.583],[5.208,58.567],[5.216,58.559],[5.327,58.456],[5.342,58.443],[5.363,58.429],[5.405,58.401],[5.416,58.395],[5.52,58.333],[5.71,58.42],[5.806,58.464],[5.84,58.476],[5.848,58.477],[5.85,58.488],[5.854,58.5],[5.867,58.512],[5.869,58.515],[5.875,58.517],[5.871,58.52],[5.873,58.523],[5.885,58.526],[5.897,58.525],[5.906,58.528],[5.907,58.531],[5.918,58.531],[5.935,58.535]]]}},{"type":"Feature","properties":{"id":405788,"maakond_id":602,"name":"Sokndal","bbox":[5.872,58.028,6.523,58.477]},"geometry":{"type":"Polygon","coordinates":[[[6.278,58.472],[6.272,58.471],[6.261,58.476],[6.253,58.477],[6.25,58.471],[6.252,58.469],[6.26,58.456],[6.252,58.451],[6.243,58.45],[6.245,58.443],[6.232,58.439],[6.219,58.441],[6.207,58.443],[6.198,58.435],[6.18,58.431],[6.184,58.428],[6.196,58.422],[6.192,58.416],[6.183,58.406],[6.174,58.401],[6.171,58.398],[6.158,58.397],[6.143,58.399],[6.141,58.397],[6.145,58.394],[6.139,58.391],[6.14,58.388],[6.138,58.38],[6.141,58.376],[6.138,58.371],[6.132,58.371],[6.135,58.363],[6.128,58.364],[6.121,58.359],[6.1,58.355],[6.034,58.298],[5.898,58.181],[5.872,58.158],[6.084,58.059],[6.15,58.028],[6.304,58.2],[6.373,58.277],[6.386,58.278],[6.398,58.282],[6.416,58.285],[6.418,58.286],[6.431,58.29],[6.44,58.291],[6.453,58.296],[6.471,58.3],[6.47,58.302],[6.475,58.309],[6.473,58.318],[6.47,58.325],[6.477,58.337],[6.479,58.342],[6.487,58.347],[6.487,58.352],[6.496,58.358],[6.49,58.366],[6.496,58.373],[6.51,58.378],[6.523,58.384],[6.501,58.412],[6.497,58.419],[6.479,58.443],[6.47,58.452],[6.457,58.463],[6.426,58.458],[6.414,58.456],[6.413,58.452],[6.4,58.443],[6.401,58.44],[6.395,58.435],[6.391,58.437],[6.355,58.42],[6.346,58.42],[6.327,58.42],[6.306,58.418],[6.303,58.423],[6.3,58.435],[6.301,58.444],[6.306,58.451],[6.317,58.453],[6.319,58.458],[6.298,58.463],[6.293,58.466],[6.294,58.471],[6.283,58.473],[6.278,58.472]]]}},{"type":"Feature","properties":{"id":405824,"maakond_id":602,"name":"Lund","bbox":[6.263,58.3,6.632,58.628]},"geometry":{"type":"Polygon","coordinates":[[[6.278,58.472],[6.283,58.473],[6.294,58.471],[6.293,58.466],[6.298,58.463],[6.319,58.458],[6.317,58.453],[6.306,58.451],[6.301,58.444],[6.3,58.435],[6.303,58.423],[6.306,58.418],[6.327,58.42],[6.346,58.42],[6.355,58.42],[6.391,58.437],[6.395,58.435],[6.401,58.44],[6.4,58.443],[6.413,58.452],[6.414,58.456],[6.426,58.458],[6.457,58.463],[6.47,58.452],[6.479,58.443],[6.497,58.419],[6.501,58.412],[6.523,58.384],[6.51,58.378],[6.496,58.373],[6.49,58.366],[6.496,58.358],[6.487,58.352],[6.487,58.347],[6.479,58.342],[6.477,58.337],[6.47,58.325],[6.473,58.318],[6.475,58.309],[6.47,58.302],[6.471,58.3],[6.481,58.302],[6.483,58.303],[6.516,58.314],[6.543,58.32],[6.56,58.327],[6.571,58.339],[6.576,58.345],[6.591,58.358],[6.601,58.363],[6.609,58.372],[6.609,58.374],[6.596,58.409],[6.595,58.416],[6.609,58.43],[6.62,58.436],[6.63,58.444],[6.632,58.451],[6.62,58.457],[6.616,58.469],[6.619,58.471],[6.611,58.474],[6.61,58.48],[6.612,58.483],[6.607,58.489],[6.596,58.497],[6.588,58.493],[6.593,58.5],[6.593,58.509],[6.601,58.521],[6.608,58.533],[6.611,58.535],[6.606,58.537],[6.614,58.542],[6.612,58.547],[6.618,58.555],[6.608,58.562],[6.61,58.579],[6.597,58.586],[6.591,58.586],[6.588,58.59],[6.589,58.596],[6.595,58.604],[6.604,58.608],[6.611,58.617],[6.615,58.625],[6.596,58.619],[6.583,58.615],[6.569,58.62],[6.551,58.623],[6.548,58.625],[6.533,58.628],[6.497,58.61],[6.484,58.604],[6.474,58.598],[6.458,58.591],[6.45,58.59],[6.429,58.594],[6.427,58.592],[6.411,58.585],[6.396,58.575],[6.393,58.57],[6.382,58.572],[6.373,58.574],[6.358,58.574],[6.345,58.575],[6.338,58.575],[6.31,58.569],[6.301,58.568],[6.283,58.564],[6.272,58.56],[6.264,58.559],[6.269,58.553],[6.275,58.549],[6.273,58.545],[6.266,58.542],[6.263,58.539],[6.265,58.533],[6.273,58.53],[6.275,58.527],[6.283,58.524],[6.286,58.516],[6.287,58.503],[6.285,58.5],[6.287,58.493],[6.284,58.49],[6.283,58.482],[6.278,58.475],[6.278,58.472]]]}},{"type":"Feature","properties":{"id":405825,"maakond_id":602,"name":"Eigersund","bbox":[5.52,58.158,6.497,58.649]},"geometry":{"type":"Polygon","coordinates":[[[5.872,58.158],[5.898,58.181],[6.034,58.298],[6.1,58.355],[6.121,58.359],[6.128,58.364],[6.135,58.363],[6.132,58.371],[6.138,58.371],[6.141,58.376],[6.138,58.38],[6.14,58.388],[6.139,58.391],[6.145,58.394],[6.141,58.397],[6.143,58.399],[6.158,58.397],[6.171,58.398],[6.174,58.401],[6.183,58.406],[6.192,58.416],[6.196,58.422],[6.184,58.428],[6.18,58.431],[6.198,58.435],[6.207,58.443],[6.219,58.441],[6.232,58.439],[6.245,58.443],[6.243,58.45],[6.252,58.451],[6.26,58.456],[6.252,58.469],[6.25,58.471],[6.253,58.477],[6.261,58.476],[6.272,58.471],[6.278,58.472],[6.278,58.475],[6.283,58.482],[6.284,58.49],[6.287,58.493],[6.285,58.5],[6.287,58.503],[6.286,58.516],[6.283,58.524],[6.275,58.527],[6.273,58.53],[6.265,58.533],[6.263,58.539],[6.266,58.542],[6.273,58.545],[6.275,58.549],[6.269,58.553],[6.264,58.559],[6.272,58.56],[6.283,58.564],[6.301,58.568],[6.31,58.569],[6.338,58.575],[6.345,58.575],[6.358,58.574],[6.373,58.574],[6.382,58.572],[6.393,58.57],[6.396,58.575],[6.411,58.585],[6.427,58.592],[6.429,58.594],[6.45,58.59],[6.458,58.591],[6.474,58.598],[6.484,58.604],[6.497,58.61],[6.483,58.623],[6.488,58.627],[6.48,58.631],[6.477,58.635],[6.469,58.638],[6.469,58.64],[6.436,58.649],[6.428,58.646],[6.414,58.638],[6.409,58.637],[6.399,58.631],[6.391,58.635],[6.366,58.631],[6.338,58.628],[6.323,58.629],[6.313,58.613],[6.314,58.61],[6.31,58.603],[6.312,58.599],[6.297,58.597],[6.284,58.596],[6.273,58.597],[6.229,58.595],[6.218,58.59],[6.203,58.587],[6.181,58.582],[6.158,58.58],[6.137,58.575],[6.13,58.571],[6.134,58.566],[6.114,58.561],[6.11,58.559],[6.111,58.555],[6.105,58.549],[6.092,58.547],[6.082,58.543],[6.078,58.543],[6.063,58.544],[6.058,58.542],[6.059,58.536],[6.058,58.531],[6.053,58.525],[6.049,58.522],[6.041,58.523],[6.038,58.519],[6.024,58.514],[6.02,58.516],[6.019,58.519],[6.012,58.521],[5.988,58.524],[5.985,58.526],[5.974,58.528],[5.969,58.528],[5.937,58.535],[5.935,58.535],[5.918,58.531],[5.907,58.531],[5.906,58.528],[5.897,58.525],[5.885,58.526],[5.873,58.523],[5.871,58.52],[5.875,58.517],[5.869,58.515],[5.867,58.512],[5.854,58.5],[5.85,58.488],[5.848,58.477],[5.84,58.476],[5.806,58.464],[5.71,58.42],[5.52,58.333],[5.579,58.297],[5.61,58.28],[5.623,58.274],[5.872,58.158]]]}},{"type":"Feature","properties":{"id":405826,"maakond_id":602,"name":"Bjerkreim","bbox":[5.864,58.514,6.623,58.795]},"geometry":{"type":"Polygon","coordinates":[[[6.436,58.649],[6.451,58.664],[6.477,58.672],[6.507,58.669],[6.513,58.67],[6.556,58.678],[6.578,58.684],[6.601,58.687],[6.622,58.696],[6.623,58.704],[6.617,58.715],[6.606,58.727],[6.583,58.738],[6.574,58.741],[6.574,58.746],[6.576,58.762],[6.573,58.765],[6.568,58.766],[6.559,58.764],[6.551,58.764],[6.547,58.766],[6.532,58.768],[6.523,58.766],[6.518,58.767],[6.493,58.762],[6.483,58.763],[6.469,58.76],[6.459,58.758],[6.435,58.75],[6.429,58.746],[6.428,58.743],[6.414,58.741],[6.386,58.733],[6.375,58.736],[6.356,58.736],[6.355,58.741],[6.348,58.74],[6.336,58.736],[6.307,58.732],[6.285,58.737],[6.277,58.738],[6.273,58.74],[6.282,58.746],[6.278,58.75],[6.274,58.758],[6.278,58.763],[6.279,58.767],[6.267,58.774],[6.244,58.771],[6.219,58.786],[6.197,58.793],[6.188,58.788],[6.18,58.788],[6.178,58.791],[6.17,58.795],[6.164,58.78],[6.164,58.774],[6.16,58.771],[6.157,58.765],[6.149,58.755],[6.134,58.738],[6.064,58.745],[6.05,58.74],[6.047,58.737],[6.04,58.72],[6.042,58.714],[6.039,58.711],[6.016,58.701],[6.008,58.694],[6.012,58.689],[6.014,58.688],[6.019,58.682],[5.998,58.678],[5.954,58.673],[5.938,58.677],[5.93,58.683],[5.918,58.684],[5.91,58.68],[5.906,58.68],[5.898,58.674],[5.899,58.672],[5.885,58.668],[5.881,58.668],[5.872,58.666],[5.864,58.662],[5.885,58.649],[5.89,58.644],[5.89,58.64],[5.894,58.635],[5.899,58.626],[5.895,58.625],[5.886,58.618],[5.887,58.615],[5.894,58.612],[5.903,58.612],[5.907,58.607],[5.903,58.6],[5.907,58.593],[5.902,58.591],[5.893,58.591],[5.886,58.585],[5.889,58.579],[5.892,58.576],[5.885,58.573],[5.882,58.569],[5.877,58.568],[5.873,58.564],[5.874,58.561],[5.89,58.554],[5.894,58.55],[5.897,58.551],[5.913,58.546],[5.915,58.543],[5.92,58.544],[5.928,58.547],[5.93,58.541],[5.935,58.535],[5.937,58.535],[5.969,58.528],[5.974,58.528],[5.985,58.526],[5.988,58.524],[6.012,58.521],[6.019,58.519],[6.02,58.516],[6.024,58.514],[6.038,58.519],[6.041,58.523],[6.049,58.522],[6.053,58.525],[6.058,58.531],[6.059,58.536],[6.058,58.542],[6.063,58.544],[6.078,58.543],[6.082,58.543],[6.092,58.547],[6.105,58.549],[6.111,58.555],[6.11,58.559],[6.114,58.561],[6.134,58.566],[6.13,58.571],[6.137,58.575],[6.158,58.58],[6.181,58.582],[6.203,58.587],[6.218,58.59],[6.229,58.595],[6.273,58.597],[6.284,58.596],[6.297,58.597],[6.312,58.599],[6.31,58.603],[6.314,58.61],[6.313,58.613],[6.323,58.629],[6.338,58.628],[6.366,58.631],[6.391,58.635],[6.399,58.631],[6.409,58.637],[6.414,58.638],[6.428,58.646],[6.436,58.649]]]}},{"type":"Feature","properties":{"id":405827,"maakond_id":602,"name":"Gjesdal","bbox":[5.799,58.673,6.666,58.99]},"geometry":{"type":"Polygon","coordinates":[[[6.666,58.985],[6.621,58.99],[6.593,58.986],[6.568,58.981],[6.547,58.977],[6.539,58.949],[6.526,58.944],[6.499,58.93],[6.498,58.927],[6.439,58.907],[6.436,58.904],[6.426,58.903],[6.419,58.897],[6.383,58.896],[6.373,58.892],[6.348,58.886],[6.313,58.883],[6.297,58.884],[6.297,58.879],[6.292,58.875],[6.286,58.876],[6.254,58.867],[6.247,58.864],[6.244,58.86],[6.205,58.858],[6.211,58.851],[6.21,58.847],[6.166,58.844],[6.114,58.869],[6.1,58.865],[6.09,58.864],[6.071,58.849],[6.051,58.854],[6.046,58.852],[6.029,58.848],[6.02,58.844],[6.015,58.84],[6.001,58.833],[5.993,58.826],[5.99,58.818],[5.991,58.813],[5.982,58.81],[5.981,58.814],[5.976,58.816],[5.972,58.82],[5.958,58.817],[5.945,58.811],[5.941,58.805],[5.935,58.803],[5.902,58.801],[5.887,58.798],[5.876,58.793],[5.87,58.79],[5.857,58.788],[5.842,58.782],[5.836,58.782],[5.82,58.777],[5.814,58.779],[5.815,58.775],[5.821,58.767],[5.826,58.763],[5.812,58.761],[5.799,58.753],[5.829,58.754],[5.835,58.753],[5.844,58.748],[5.844,58.742],[5.848,58.739],[5.853,58.739],[5.857,58.733],[5.865,58.73],[5.865,58.727],[5.874,58.725],[5.875,58.718],[5.866,58.712],[5.868,58.711],[5.879,58.71],[5.866,58.697],[5.864,58.694],[5.87,58.693],[5.883,58.687],[5.897,58.687],[5.908,58.687],[5.928,58.687],[5.93,58.683],[5.938,58.677],[5.954,58.673],[5.998,58.678],[6.019,58.682],[6.014,58.688],[6.012,58.689],[6.008,58.694],[6.016,58.701],[6.039,58.711],[6.042,58.714],[6.04,58.72],[6.047,58.737],[6.05,58.74],[6.064,58.745],[6.134,58.738],[6.149,58.755],[6.157,58.765],[6.16,58.771],[6.164,58.774],[6.164,58.78],[6.17,58.795],[6.178,58.791],[6.18,58.788],[6.188,58.788],[6.197,58.793],[6.219,58.786],[6.244,58.771],[6.267,58.774],[6.279,58.767],[6.278,58.763],[6.274,58.758],[6.278,58.75],[6.282,58.746],[6.273,58.74],[6.277,58.738],[6.285,58.737],[6.307,58.732],[6.336,58.736],[6.348,58.74],[6.355,58.741],[6.356,58.736],[6.375,58.736],[6.386,58.733],[6.414,58.741],[6.428,58.743],[6.429,58.746],[6.435,58.75],[6.459,58.758],[6.469,58.76],[6.483,58.763],[6.493,58.762],[6.518,58.767],[6.528,58.787],[6.537,58.801],[6.552,58.818],[6.553,58.826],[6.566,58.842],[6.576,58.849],[6.604,58.875],[6.601,58.877],[6.609,58.88],[6.606,58.884],[6.58,58.881],[6.575,58.885],[6.568,58.886],[6.561,58.91],[6.633,58.94],[6.666,58.985]]]}},{"type":"Feature","properties":{"id":405829,"maakond_id":602,"name":"Hjelmeland","bbox":[5.952,59.037,6.865,59.375]},"geometry":{"type":"Polygon","coordinates":[[[6.865,59.368],[6.861,59.372],[6.827,59.368],[6.815,59.366],[6.8,59.366],[6.796,59.367],[6.785,59.374],[6.765,59.373],[6.731,59.369],[6.708,59.364],[6.693,59.36],[6.655,59.352],[6.641,59.347],[6.624,59.343],[6.617,59.35],[6.616,59.357],[6.598,59.365],[6.592,59.371],[6.594,59.374],[6.584,59.373],[6.578,59.371],[6.57,59.359],[6.546,59.361],[6.518,59.365],[6.497,59.366],[6.485,59.371],[6.474,59.372],[6.471,59.375],[6.453,59.375],[6.449,59.374],[6.451,59.364],[6.441,59.362],[6.436,59.363],[6.415,59.36],[6.403,59.358],[6.397,59.366],[6.394,59.368],[6.394,59.371],[6.38,59.371],[6.371,59.368],[6.362,59.359],[6.365,59.356],[6.357,59.353],[6.358,59.348],[6.348,59.345],[6.336,59.341],[6.335,59.337],[6.325,59.335],[6.323,59.331],[6.329,59.329],[6.321,59.322],[6.32,59.316],[6.322,59.311],[6.314,59.304],[6.301,59.301],[6.293,59.303],[6.283,59.303],[6.279,59.305],[6.27,59.304],[6.265,59.309],[6.259,59.307],[6.257,59.303],[6.252,59.302],[6.249,59.306],[6.245,59.307],[6.228,59.318],[6.16,59.31],[6.083,59.312],[6.09,59.297],[6.126,59.267],[6.131,59.249],[5.952,59.218],[5.956,59.211],[5.998,59.193],[5.978,59.182],[5.978,59.179],[5.991,59.177],[6.015,59.162],[5.984,59.135],[6.012,59.125],[6.069,59.138],[6.081,59.135],[6.089,59.143],[6.113,59.142],[6.142,59.143],[6.142,59.138],[6.139,59.133],[6.145,59.128],[6.151,59.115],[6.152,59.111],[6.157,59.108],[6.154,59.105],[6.136,59.103],[6.123,59.097],[6.138,59.092],[6.112,59.085],[6.117,59.082],[6.121,59.076],[6.125,59.076],[6.135,59.067],[6.144,59.061],[6.154,59.065],[6.167,59.068],[6.179,59.066],[6.181,59.064],[6.192,59.058],[6.198,59.058],[6.206,59.054],[6.206,59.049],[6.217,59.042],[6.222,59.037],[6.229,59.041],[6.232,59.045],[6.244,59.045],[6.258,59.044],[6.265,59.047],[6.279,59.049],[6.278,59.053],[6.28,59.056],[6.301,59.057],[6.31,59.068],[6.305,59.076],[6.336,59.082],[6.357,59.084],[6.366,59.088],[6.378,59.089],[6.392,59.091],[6.399,59.09],[6.412,59.087],[6.421,59.09],[6.429,59.087],[6.432,59.082],[6.442,59.083],[6.452,59.083],[6.47,59.086],[6.481,59.091],[6.485,59.09],[6.508,59.091],[6.523,59.092],[6.54,59.097],[6.548,59.098],[6.548,59.102],[6.558,59.108],[6.557,59.111],[6.561,59.122],[6.571,59.141],[6.586,59.139],[6.598,59.145],[6.602,59.148],[6.611,59.149],[6.615,59.151],[6.62,59.159],[6.615,59.166],[6.616,59.169],[6.631,59.171],[6.633,59.174],[6.65,59.182],[6.659,59.185],[6.668,59.179],[6.72,59.176],[6.731,59.173],[6.753,59.172],[6.799,59.176],[6.819,59.181],[6.838,59.193],[6.841,59.251],[6.825,59.27],[6.832,59.317],[6.835,59.319],[6.841,59.327],[6.843,59.331],[6.848,59.335],[6.855,59.349],[6.859,59.352],[6.859,59.36],[6.865,59.368]]]}},{"type":"Feature","properties":{"id":405830,"maakond_id":602,"name":"Suldal","bbox":[5.874,59.301,7.215,59.783]},"geometry":{"type":"Polygon","coordinates":[[[7.215,59.673],[7.213,59.674],[7.174,59.686],[7.11,59.701],[7.116,59.714],[7.11,59.763],[7.096,59.783],[6.977,59.772],[6.917,59.752],[6.816,59.723],[6.801,59.717],[6.791,59.714],[6.782,59.71],[6.774,59.708],[6.771,59.703],[6.763,59.7],[6.758,59.701],[6.739,59.7],[6.712,59.694],[6.704,59.694],[6.688,59.696],[6.648,59.673],[6.639,59.659],[6.61,59.649],[6.58,59.634],[6.565,59.63],[6.559,59.624],[6.549,59.62],[6.534,59.619],[6.511,59.612],[6.504,59.61],[6.475,59.605],[6.465,59.601],[6.454,59.598],[6.43,59.595],[6.423,59.592],[6.403,59.59],[6.398,59.587],[6.384,59.577],[6.382,59.572],[6.361,59.566],[6.337,59.563],[6.316,59.566],[6.308,59.57],[6.291,59.564],[6.277,59.567],[6.265,59.567],[6.229,59.578],[6.22,59.58],[6.2,59.583],[6.197,59.585],[6.183,59.586],[6.166,59.585],[6.159,59.579],[6.161,59.573],[6.159,59.569],[6.162,59.561],[6.156,59.56],[6.132,59.554],[6.138,59.547],[6.134,59.541],[6.141,59.538],[6.145,59.539],[6.15,59.533],[6.14,59.529],[6.139,59.519],[6.146,59.511],[6.152,59.505],[6.171,59.495],[6.184,59.496],[6.179,59.485],[6.172,59.479],[6.023,59.46],[5.91,59.464],[5.874,59.451],[5.892,59.402],[5.916,59.384],[5.922,59.346],[5.902,59.309],[6.083,59.312],[6.16,59.31],[6.228,59.318],[6.245,59.307],[6.249,59.306],[6.252,59.302],[6.257,59.303],[6.259,59.307],[6.265,59.309],[6.27,59.304],[6.279,59.305],[6.283,59.303],[6.293,59.303],[6.301,59.301],[6.314,59.304],[6.322,59.311],[6.32,59.316],[6.321,59.322],[6.329,59.329],[6.323,59.331],[6.325,59.335],[6.335,59.337],[6.336,59.341],[6.348,59.345],[6.358,59.348],[6.357,59.353],[6.365,59.356],[6.362,59.359],[6.371,59.368],[6.38,59.371],[6.394,59.371],[6.394,59.368],[6.397,59.366],[6.403,59.358],[6.415,59.36],[6.436,59.363],[6.441,59.362],[6.451,59.364],[6.449,59.374],[6.453,59.375],[6.471,59.375],[6.474,59.372],[6.485,59.371],[6.497,59.366],[6.518,59.365],[6.546,59.361],[6.57,59.359],[6.578,59.371],[6.584,59.373],[6.594,59.374],[6.592,59.371],[6.598,59.365],[6.616,59.357],[6.617,59.35],[6.624,59.343],[6.641,59.347],[6.655,59.352],[6.693,59.36],[6.708,59.364],[6.731,59.369],[6.765,59.373],[6.785,59.374],[6.796,59.367],[6.8,59.366],[6.815,59.366],[6.827,59.368],[6.861,59.372],[6.865,59.368],[6.891,59.398],[6.901,59.392],[6.908,59.392],[6.913,59.395],[6.918,59.393],[6.924,59.396],[6.925,59.401],[6.929,59.403],[6.922,59.407],[6.905,59.415],[6.893,59.421],[6.889,59.425],[6.883,59.428],[6.887,59.431],[6.893,59.43],[6.926,59.437],[6.946,59.443],[6.95,59.446],[6.957,59.445],[6.978,59.454],[6.989,59.458],[6.997,59.461],[7,59.467],[7.004,59.469],[7.011,59.475],[7.023,59.481],[7.016,59.487],[7.015,59.491],[7.002,59.495],[7.001,59.497],[7.006,59.501],[6.997,59.505],[6.984,59.507],[6.968,59.513],[6.963,59.516],[6.98,59.523],[6.978,59.541],[6.981,59.549],[6.992,59.597],[7.013,59.596],[7.049,59.587],[7.062,59.603],[7.072,59.611],[7.089,59.62],[7.092,59.627],[7.098,59.647],[7.099,59.651],[7.138,59.662],[7.199,59.667],[7.211,59.669],[7.215,59.673]]]}},{"type":"Feature","properties":{"id":405831,"maakond_id":602,"name":"Utsira","bbox":[4.455,59.071,5.031,59.444]},"geometry":{"type":"Polygon","coordinates":[[[4.531,59.444],[4.484,59.369],[4.475,59.354],[4.465,59.331],[4.458,59.314],[4.455,59.296],[4.455,59.278],[4.457,59.26],[4.463,59.239],[4.47,59.221],[4.481,59.204],[4.487,59.196],[4.502,59.179],[4.511,59.172],[4.528,59.157],[4.539,59.15],[4.561,59.136],[4.573,59.13],[4.599,59.118],[4.613,59.112],[4.717,59.071],[4.841,59.154],[4.954,59.229],[5.031,59.298],[4.903,59.382],[4.779,59.403],[4.531,59.444]]]}},{"type":"Feature","properties":{"id":405832,"maakond_id":602,"name":"Karmøy","bbox":[4.531,58.956,5.43,59.504]},"geometry":{"type":"Polygon","coordinates":[[[5.371,59.112],[5.346,59.148],[5.35,59.229],[5.374,59.242],[5.378,59.26],[5.404,59.262],[5.43,59.27],[5.414,59.288],[5.39,59.296],[5.383,59.341],[5.373,59.369],[5.384,59.392],[5.374,59.41],[5.362,59.413],[5.352,59.414],[5.345,59.407],[5.347,59.4],[5.339,59.396],[5.343,59.394],[5.337,59.392],[5.331,59.393],[5.318,59.388],[5.303,59.384],[5.294,59.383],[5.272,59.399],[5.252,59.41],[5.242,59.412],[5.226,59.424],[5.206,59.426],[5.134,59.413],[5.123,59.421],[5.108,59.425],[5.051,59.408],[4.942,59.442],[4.817,59.462],[4.569,59.504],[4.531,59.444],[4.779,59.403],[4.903,59.382],[5.031,59.298],[4.954,59.229],[4.841,59.154],[4.717,59.071],[4.895,59.001],[4.959,58.956],[5.167,59.035],[5.371,59.112]]]}},{"type":"Feature","properties":{"id":405833,"maakond_id":602,"name":"Bokn","bbox":[5.346,59.112,5.645,59.276]},"geometry":{"type":"Polygon","coordinates":[[[5.645,59.209],[5.598,59.233],[5.515,59.242],[5.494,59.267],[5.47,59.276],[5.43,59.27],[5.404,59.262],[5.378,59.26],[5.374,59.242],[5.35,59.229],[5.346,59.148],[5.371,59.112],[5.499,59.128],[5.538,59.166],[5.645,59.209]]]}},{"type":"Feature","properties":{"id":405834,"maakond_id":602,"name":"Haugesund","bbox":[4.569,59.383,5.397,59.558]},"geometry":{"type":"Polygon","coordinates":[[[4.569,59.504],[4.817,59.462],[4.942,59.442],[5.051,59.408],[5.108,59.425],[5.123,59.421],[5.134,59.413],[5.206,59.426],[5.226,59.424],[5.242,59.412],[5.252,59.41],[5.272,59.399],[5.294,59.383],[5.303,59.384],[5.318,59.388],[5.331,59.393],[5.337,59.392],[5.343,59.394],[5.339,59.396],[5.347,59.4],[5.345,59.407],[5.352,59.414],[5.347,59.418],[5.348,59.423],[5.344,59.429],[5.346,59.444],[5.348,59.447],[5.355,59.454],[5.366,59.455],[5.375,59.455],[5.378,59.464],[5.389,59.472],[5.393,59.482],[5.397,59.483],[5.387,59.486],[5.373,59.485],[5.371,59.495],[5.364,59.494],[5.354,59.491],[5.356,59.489],[5.352,59.485],[5.335,59.482],[5.315,59.475],[5.29,59.488],[5.279,59.49],[5.271,59.494],[5.26,59.496],[5.243,59.505],[5.234,59.504],[5.187,59.515],[4.977,59.496],[4.852,59.517],[4.604,59.558],[4.569,59.504]]]}},{"type":"Feature","properties":{"id":405835,"maakond_id":602,"name":"Tysvær","bbox":[5.344,59.209,5.922,59.5]},"geometry":{"type":"Polygon","coordinates":[[[5.874,59.451],[5.829,59.444],[5.765,59.428],[5.708,59.407],[5.704,59.409],[5.686,59.421],[5.695,59.428],[5.699,59.436],[5.697,59.439],[5.686,59.448],[5.678,59.453],[5.659,59.457],[5.645,59.452],[5.635,59.452],[5.615,59.457],[5.607,59.458],[5.597,59.491],[5.584,59.493],[5.571,59.489],[5.565,59.474],[5.545,59.466],[5.536,59.446],[5.518,59.438],[5.503,59.441],[5.49,59.452],[5.494,59.461],[5.488,59.47],[5.488,59.475],[5.48,59.484],[5.478,59.489],[5.467,59.491],[5.462,59.499],[5.454,59.498],[5.434,59.497],[5.431,59.499],[5.423,59.5],[5.418,59.495],[5.389,59.491],[5.401,59.484],[5.397,59.483],[5.393,59.482],[5.389,59.472],[5.378,59.464],[5.375,59.455],[5.366,59.455],[5.355,59.454],[5.348,59.447],[5.346,59.444],[5.344,59.429],[5.348,59.423],[5.347,59.418],[5.352,59.414],[5.362,59.413],[5.374,59.41],[5.384,59.392],[5.373,59.369],[5.383,59.341],[5.39,59.296],[5.414,59.288],[5.43,59.27],[5.47,59.276],[5.494,59.267],[5.515,59.242],[5.598,59.233],[5.645,59.209],[5.692,59.228],[5.767,59.304],[5.902,59.309],[5.922,59.346],[5.916,59.384],[5.892,59.402],[5.874,59.451]]]}},{"type":"Feature","properties":{"id":405837,"maakond_id":602,"name":"Sauda","bbox":[6.178,59.563,6.694,59.845]},"geometry":{"type":"Polygon","coordinates":[[[6.688,59.696],[6.657,59.702],[6.652,59.711],[6.652,59.718],[6.66,59.731],[6.669,59.742],[6.67,59.748],[6.674,59.75],[6.677,59.756],[6.69,59.769],[6.684,59.774],[6.678,59.782],[6.68,59.787],[6.678,59.793],[6.683,59.795],[6.687,59.815],[6.694,59.823],[6.685,59.83],[6.686,59.831],[6.657,59.845],[6.648,59.841],[6.61,59.834],[6.602,59.833],[6.57,59.832],[6.562,59.837],[6.538,59.843],[6.525,59.838],[6.514,59.833],[6.487,59.82],[6.442,59.806],[6.425,59.79],[6.342,59.782],[6.333,59.784],[6.328,59.782],[6.329,59.776],[6.326,59.772],[6.302,59.767],[6.295,59.757],[6.274,59.74],[6.27,59.732],[6.27,59.73],[6.268,59.703],[6.243,59.697],[6.226,59.692],[6.223,59.687],[6.228,59.684],[6.218,59.677],[6.213,59.656],[6.207,59.646],[6.199,59.641],[6.194,59.644],[6.186,59.64],[6.19,59.635],[6.184,59.631],[6.183,59.625],[6.187,59.621],[6.186,59.618],[6.178,59.615],[6.189,59.606],[6.19,59.601],[6.189,59.594],[6.183,59.586],[6.197,59.585],[6.2,59.583],[6.22,59.58],[6.229,59.578],[6.265,59.567],[6.277,59.567],[6.291,59.564],[6.308,59.57],[6.316,59.566],[6.337,59.563],[6.361,59.566],[6.382,59.572],[6.384,59.577],[6.398,59.587],[6.403,59.59],[6.423,59.592],[6.43,59.595],[6.454,59.598],[6.465,59.601],[6.475,59.605],[6.504,59.61],[6.511,59.612],[6.534,59.619],[6.549,59.62],[6.559,59.624],[6.565,59.63],[6.58,59.634],[6.61,59.649],[6.639,59.659],[6.648,59.673],[6.688,59.696]]]}},{"type":"Feature","properties":{"id":405845,"maakond_id":602,"name":"Vindafjord","bbox":[5.46,59.407,6.184,59.754]},"geometry":{"type":"Polygon","coordinates":[[[5.462,59.499],[5.467,59.491],[5.478,59.489],[5.48,59.484],[5.488,59.475],[5.488,59.47],[5.494,59.461],[5.49,59.452],[5.503,59.441],[5.518,59.438],[5.536,59.446],[5.545,59.466],[5.565,59.474],[5.571,59.489],[5.584,59.493],[5.597,59.491],[5.607,59.458],[5.615,59.457],[5.635,59.452],[5.645,59.452],[5.659,59.457],[5.678,59.453],[5.686,59.448],[5.697,59.439],[5.699,59.436],[5.695,59.428],[5.686,59.421],[5.704,59.409],[5.708,59.407],[5.765,59.428],[5.829,59.444],[5.874,59.451],[5.91,59.464],[6.023,59.46],[6.172,59.479],[6.179,59.485],[6.184,59.496],[6.171,59.495],[6.152,59.505],[6.146,59.511],[6.139,59.519],[6.14,59.529],[6.15,59.533],[6.145,59.539],[6.141,59.538],[6.134,59.541],[6.138,59.547],[6.132,59.554],[6.156,59.56],[6.162,59.561],[6.159,59.569],[6.161,59.573],[6.159,59.579],[6.166,59.585],[6.143,59.585],[6.129,59.587],[6.123,59.585],[6.118,59.585],[6.089,59.595],[6.059,59.598],[6.047,59.595],[6.042,59.591],[6.015,59.593],[6.008,59.595],[6.005,59.585],[5.977,59.579],[5.969,59.579],[5.97,59.598],[5.963,59.601],[5.948,59.605],[5.924,59.61],[5.912,59.611],[5.907,59.608],[5.899,59.612],[5.899,59.619],[5.897,59.623],[5.892,59.626],[5.877,59.626],[5.861,59.629],[5.844,59.629],[5.834,59.632],[5.827,59.636],[5.823,59.641],[5.824,59.648],[5.796,59.646],[5.784,59.647],[5.775,59.657],[5.764,59.7],[5.688,59.686],[5.635,59.7],[5.597,59.753],[5.581,59.754],[5.562,59.725],[5.571,59.695],[5.545,59.661],[5.538,59.616],[5.551,59.565],[5.531,59.549],[5.52,59.541],[5.511,59.522],[5.496,59.517],[5.473,59.521],[5.46,59.515],[5.462,59.499]]]}},{"type":"Feature","properties":{"id":405951,"maakond_id":613,"name":"Indre Fosen","bbox":[9.743,63.455,10.875,63.866]},"geometry":{"type":"Polygon","coordinates":[[[10.212,63.852],[10.216,63.833],[10.211,63.823],[10.212,63.816],[10.208,63.8],[10.198,63.797],[10.177,63.792],[10.167,63.791],[10.128,63.785],[10.077,63.775],[10.018,63.752],[9.902,63.717],[9.826,63.703],[9.792,63.695],[9.743,63.672],[9.785,63.65],[9.775,63.619],[9.87,63.542],[9.876,63.52],[9.893,63.498],[9.931,63.482],[9.98,63.466],[10.054,63.455],[10.106,63.462],[10.235,63.496],[10.357,63.509],[10.489,63.517],[10.514,63.574],[10.716,63.655],[10.856,63.693],[10.875,63.7],[10.846,63.718],[10.842,63.724],[10.838,63.726],[10.837,63.731],[10.842,63.738],[10.834,63.755],[10.814,63.76],[10.793,63.765],[10.787,63.769],[10.787,63.772],[10.782,63.775],[10.775,63.776],[10.76,63.775],[10.731,63.771],[10.722,63.773],[10.727,63.776],[10.722,63.78],[10.703,63.784],[10.696,63.786],[10.67,63.792],[10.668,63.795],[10.659,63.793],[10.655,63.802],[10.647,63.81],[10.637,63.816],[10.623,63.812],[10.612,63.818],[10.598,63.836],[10.598,63.844],[10.451,63.771],[10.436,63.79],[10.415,63.814],[10.411,63.834],[10.382,63.848],[10.368,63.855],[10.339,63.866],[10.26,63.851],[10.246,63.853],[10.231,63.852],[10.224,63.853],[10.212,63.852]]]}},{"type":"Feature","properties":{"id":405973,"maakond_id":611,"name":"Flekkefjord","bbox":[6.15,58.021,6.925,58.566]},"geometry":{"type":"Polygon","coordinates":[[[6.471,58.3],[6.453,58.296],[6.44,58.291],[6.431,58.29],[6.418,58.286],[6.416,58.285],[6.398,58.282],[6.386,58.278],[6.373,58.277],[6.304,58.2],[6.15,58.028],[6.165,58.021],[6.398,58.113],[6.499,58.153],[6.6,58.186],[6.663,58.193],[6.698,58.212],[6.731,58.218],[6.724,58.222],[6.719,58.229],[6.716,58.236],[6.713,58.239],[6.724,58.243],[6.729,58.241],[6.745,58.245],[6.756,58.25],[6.762,58.256],[6.767,58.257],[6.763,58.265],[6.759,58.269],[6.753,58.272],[6.753,58.277],[6.769,58.278],[6.778,58.279],[6.778,58.287],[6.776,58.289],[6.777,58.298],[6.776,58.319],[6.774,58.322],[6.771,58.333],[6.772,58.336],[6.785,58.343],[6.804,58.345],[6.806,58.327],[6.826,58.324],[6.84,58.324],[6.863,58.33],[6.901,58.339],[6.915,58.346],[6.919,58.338],[6.925,58.343],[6.925,58.348],[6.922,58.35],[6.919,58.357],[6.916,58.373],[6.917,58.378],[6.913,58.381],[6.896,58.388],[6.891,58.39],[6.888,58.399],[6.884,58.4],[6.875,58.411],[6.875,58.418],[6.878,58.426],[6.877,58.432],[6.88,58.434],[6.88,58.441],[6.873,58.473],[6.871,58.483],[6.873,58.487],[6.869,58.498],[6.85,58.501],[6.836,58.505],[6.829,58.505],[6.827,58.514],[6.811,58.513],[6.802,58.509],[6.792,58.507],[6.787,58.504],[6.781,58.503],[6.774,58.504],[6.762,58.502],[6.739,58.5],[6.693,58.503],[6.68,58.502],[6.688,58.51],[6.692,58.516],[6.695,58.523],[6.696,58.534],[6.703,58.543],[6.703,58.565],[6.688,58.566],[6.671,58.562],[6.672,58.559],[6.647,58.561],[6.646,58.563],[6.624,58.561],[6.608,58.562],[6.618,58.555],[6.612,58.547],[6.614,58.542],[6.606,58.537],[6.611,58.535],[6.608,58.533],[6.601,58.521],[6.593,58.509],[6.593,58.5],[6.588,58.493],[6.596,58.497],[6.607,58.489],[6.612,58.483],[6.61,58.48],[6.611,58.474],[6.619,58.471],[6.616,58.469],[6.62,58.457],[6.632,58.451],[6.63,58.444],[6.62,58.436],[6.609,58.43],[6.595,58.416],[6.596,58.409],[6.609,58.374],[6.609,58.372],[6.601,58.363],[6.591,58.358],[6.576,58.345],[6.571,58.339],[6.56,58.327],[6.543,58.32],[6.516,58.314],[6.483,58.303],[6.481,58.302],[6.471,58.3]]]}},{"type":"Feature","properties":{"id":405974,"maakond_id":611,"name":"Sirdal","bbox":[6.436,58.5,7.205,59.19]},"geometry":{"type":"Polygon","coordinates":[[[6.608,58.562],[6.624,58.561],[6.646,58.563],[6.647,58.561],[6.672,58.559],[6.671,58.562],[6.688,58.566],[6.703,58.565],[6.703,58.543],[6.696,58.534],[6.695,58.523],[6.692,58.516],[6.688,58.51],[6.68,58.502],[6.693,58.503],[6.739,58.5],[6.762,58.502],[6.774,58.504],[6.781,58.503],[6.787,58.504],[6.792,58.507],[6.802,58.509],[6.811,58.513],[6.827,58.514],[6.827,58.517],[6.821,58.536],[6.821,58.552],[6.817,58.559],[6.809,58.568],[6.804,58.576],[6.819,58.581],[6.818,58.584],[6.83,58.605],[6.828,58.611],[6.831,58.613],[6.831,58.619],[6.835,58.622],[6.838,58.629],[6.85,58.645],[6.855,58.65],[6.859,58.652],[6.857,58.662],[6.852,58.665],[6.852,58.671],[6.856,58.673],[6.857,58.681],[6.883,58.684],[6.883,58.691],[6.9,58.7],[6.889,58.704],[6.884,58.707],[6.888,58.714],[6.898,58.718],[6.899,58.724],[6.897,58.727],[6.9,58.734],[6.9,58.739],[6.914,58.743],[6.93,58.746],[6.928,58.752],[6.932,58.761],[6.928,58.768],[6.922,58.77],[6.915,58.774],[6.917,58.775],[6.917,58.789],[6.921,58.792],[6.928,58.789],[6.934,58.789],[6.963,58.795],[6.974,58.796],[6.981,58.794],[6.983,58.789],[7.022,58.798],[7.022,58.802],[7.016,58.807],[7.021,58.816],[7.028,58.818],[7.033,58.821],[7.04,58.826],[7.053,58.83],[7.065,58.837],[7.073,58.845],[7.089,58.854],[7.087,58.859],[7.094,58.866],[7.087,58.87],[7.069,58.869],[7.068,58.872],[7.073,58.876],[7.067,58.878],[7.068,58.881],[7.071,58.883],[7.119,58.888],[7.13,58.889],[7.14,58.894],[7.144,58.899],[7.155,58.907],[7.16,58.917],[7.155,58.922],[7.156,58.927],[7.158,58.936],[7.165,58.941],[7.159,58.942],[7.157,58.947],[7.153,58.949],[7.155,58.951],[7.147,58.953],[7.145,58.959],[7.145,58.965],[7.139,58.969],[7.127,58.97],[7.126,58.974],[7.11,58.987],[7.107,58.996],[7.108,58.998],[7.115,59.003],[7.125,59.003],[7.144,59.001],[7.16,59.001],[7.169,59],[7.171,59.008],[7.177,59.009],[7.179,59.011],[7.175,59.016],[7.173,59.022],[7.154,59.03],[7.143,59.04],[7.142,59.043],[7.144,59.049],[7.153,59.064],[7.156,59.077],[7.154,59.086],[7.159,59.099],[7.159,59.109],[7.173,59.119],[7.173,59.122],[7.162,59.132],[7.161,59.135],[7.171,59.138],[7.177,59.137],[7.186,59.139],[7.191,59.142],[7.199,59.141],[7.205,59.143],[7.197,59.151],[7.177,59.161],[7.105,59.17],[7.006,59.186],[6.996,59.19],[6.982,59.188],[6.97,59.188],[6.947,59.189],[6.94,59.187],[6.939,59.182],[6.93,59.176],[6.922,59.175],[6.922,59.169],[6.925,59.166],[6.91,59.16],[6.898,59.159],[6.892,59.154],[6.892,59.153],[6.885,59.15],[6.886,59.147],[6.881,59.145],[6.88,59.141],[6.888,59.141],[6.902,59.13],[6.899,59.127],[6.9,59.115],[6.904,59.113],[6.885,59.103],[6.788,59.053],[6.781,59.04],[6.757,59.032],[6.725,59.015],[6.706,59.002],[6.703,58.994],[6.666,58.985],[6.633,58.94],[6.561,58.91],[6.568,58.886],[6.575,58.885],[6.58,58.881],[6.606,58.884],[6.609,58.88],[6.601,58.877],[6.604,58.875],[6.576,58.849],[6.566,58.842],[6.553,58.826],[6.552,58.818],[6.537,58.801],[6.528,58.787],[6.518,58.767],[6.523,58.766],[6.532,58.768],[6.547,58.766],[6.551,58.764],[6.559,58.764],[6.568,58.766],[6.573,58.765],[6.576,58.762],[6.574,58.746],[6.574,58.741],[6.583,58.738],[6.606,58.727],[6.617,58.715],[6.623,58.704],[6.622,58.696],[6.601,58.687],[6.578,58.684],[6.556,58.678],[6.513,58.67],[6.507,58.669],[6.477,58.672],[6.451,58.664],[6.436,58.649],[6.469,58.64],[6.469,58.638],[6.477,58.635],[6.48,58.631],[6.488,58.627],[6.483,58.623],[6.497,58.61],[6.533,58.628],[6.548,58.625],[6.551,58.623],[6.569,58.62],[6.583,58.615],[6.596,58.619],[6.615,58.625],[6.611,58.617],[6.604,58.608],[6.595,58.604],[6.589,58.596],[6.588,58.59],[6.591,58.586],[6.597,58.586],[6.61,58.579],[6.608,58.562]]]}},{"type":"Feature","properties":{"id":405975,"maakond_id":611,"name":"Kvinesdal","bbox":[6.713,58.215,7.184,58.823]},"geometry":{"type":"Polygon","coordinates":[[[7.033,58.821],[7.028,58.818],[7.021,58.816],[7.016,58.807],[7.022,58.802],[7.022,58.798],[6.983,58.789],[6.981,58.794],[6.974,58.796],[6.963,58.795],[6.934,58.789],[6.928,58.789],[6.921,58.792],[6.917,58.789],[6.917,58.775],[6.915,58.774],[6.922,58.77],[6.928,58.768],[6.932,58.761],[6.928,58.752],[6.93,58.746],[6.914,58.743],[6.9,58.739],[6.9,58.734],[6.897,58.727],[6.899,58.724],[6.898,58.718],[6.888,58.714],[6.884,58.707],[6.889,58.704],[6.9,58.7],[6.883,58.691],[6.883,58.684],[6.857,58.681],[6.856,58.673],[6.852,58.671],[6.852,58.665],[6.857,58.662],[6.859,58.652],[6.855,58.65],[6.85,58.645],[6.838,58.629],[6.835,58.622],[6.831,58.619],[6.831,58.613],[6.828,58.611],[6.83,58.605],[6.818,58.584],[6.819,58.581],[6.804,58.576],[6.809,58.568],[6.817,58.559],[6.821,58.552],[6.821,58.536],[6.827,58.517],[6.827,58.514],[6.829,58.505],[6.836,58.505],[6.85,58.501],[6.869,58.498],[6.873,58.487],[6.871,58.483],[6.873,58.473],[6.88,58.441],[6.88,58.434],[6.877,58.432],[6.878,58.426],[6.875,58.418],[6.875,58.411],[6.884,58.4],[6.888,58.399],[6.891,58.39],[6.896,58.388],[6.913,58.381],[6.917,58.378],[6.916,58.373],[6.919,58.357],[6.922,58.35],[6.925,58.348],[6.925,58.343],[6.919,58.338],[6.915,58.346],[6.901,58.339],[6.863,58.33],[6.84,58.324],[6.826,58.324],[6.806,58.327],[6.804,58.345],[6.785,58.343],[6.772,58.336],[6.771,58.333],[6.774,58.322],[6.776,58.319],[6.777,58.298],[6.776,58.289],[6.778,58.287],[6.778,58.279],[6.769,58.278],[6.753,58.277],[6.753,58.272],[6.759,58.269],[6.763,58.265],[6.767,58.257],[6.762,58.256],[6.756,58.25],[6.745,58.245],[6.729,58.241],[6.724,58.243],[6.713,58.239],[6.716,58.236],[6.719,58.229],[6.724,58.222],[6.731,58.218],[6.746,58.228],[6.758,58.231],[6.761,58.226],[6.779,58.215],[6.81,58.222],[6.817,58.227],[6.819,58.225],[6.836,58.225],[6.853,58.227],[6.861,58.226],[6.878,58.222],[6.883,58.218],[6.897,58.22],[6.916,58.228],[6.932,58.232],[6.935,58.234],[6.955,58.237],[6.962,58.233],[6.97,58.231],[6.981,58.231],[6.985,58.234],[7.014,58.24],[7.018,58.245],[7.044,58.239],[7.055,58.251],[7.057,58.256],[7.04,58.263],[7.061,58.273],[7.062,58.276],[7.07,58.28],[7.089,58.279],[7.101,58.28],[7.105,58.279],[7.128,58.276],[7.139,58.282],[7.132,58.29],[7.127,58.294],[7.121,58.303],[7.123,58.308],[7.114,58.313],[7.113,58.318],[7.117,58.327],[7.107,58.338],[7.126,58.354],[7.123,58.355],[7.114,58.354],[7.106,58.356],[7.111,58.363],[7.11,58.369],[7.118,58.372],[7.115,58.377],[7.119,58.381],[7.107,58.383],[7.105,58.39],[7.117,58.393],[7.11,58.395],[7.108,58.4],[7.1,58.414],[7.104,58.421],[7.111,58.425],[7.113,58.43],[7.121,58.436],[7.125,58.435],[7.132,58.436],[7.133,58.439],[7.131,58.443],[7.117,58.445],[7.11,58.454],[7.105,58.463],[7.107,58.467],[7.106,58.476],[7.098,58.484],[7.093,58.495],[7.075,58.53],[7.068,58.536],[7.07,58.541],[7.072,58.556],[7.08,58.578],[7.083,58.584],[7.086,58.6],[7.085,58.607],[7.086,58.621],[7.081,58.637],[7.08,58.644],[7.082,58.65],[7.093,58.657],[7.159,58.671],[7.167,58.69],[7.172,58.699],[7.174,58.711],[7.183,58.718],[7.181,58.72],[7.182,58.726],[7.18,58.728],[7.184,58.734],[7.182,58.736],[7.166,58.736],[7.163,58.747],[7.162,58.76],[7.15,58.768],[7.143,58.771],[7.141,58.8],[7.162,58.82],[7.146,58.823],[7.11,58.821],[7.054,58.819],[7.033,58.821]]]}},{"type":"Feature","properties":{"id":405976,"maakond_id":611,"name":"Åseral","bbox":[7.141,58.489,7.667,58.879]},"geometry":{"type":"Polygon","coordinates":[[[7.162,58.82],[7.141,58.8],[7.143,58.771],[7.15,58.768],[7.162,58.76],[7.163,58.747],[7.166,58.736],[7.182,58.736],[7.184,58.734],[7.18,58.728],[7.182,58.726],[7.181,58.72],[7.183,58.718],[7.174,58.711],[7.172,58.699],[7.167,58.69],[7.159,58.671],[7.173,58.655],[7.181,58.651],[7.196,58.641],[7.208,58.639],[7.216,58.624],[7.237,58.619],[7.246,58.62],[7.244,58.61],[7.247,58.6],[7.249,58.598],[7.258,58.582],[7.26,58.572],[7.259,58.566],[7.265,58.565],[7.259,58.557],[7.251,58.556],[7.254,58.551],[7.261,58.549],[7.261,58.547],[7.273,58.544],[7.287,58.543],[7.29,58.531],[7.289,58.53],[7.292,58.524],[7.3,58.525],[7.309,58.519],[7.324,58.515],[7.337,58.512],[7.348,58.512],[7.365,58.513],[7.379,58.514],[7.382,58.51],[7.387,58.508],[7.402,58.492],[7.412,58.491],[7.425,58.494],[7.429,58.489],[7.44,58.489],[7.439,58.492],[7.445,58.494],[7.451,58.499],[7.465,58.508],[7.469,58.51],[7.483,58.511],[7.514,58.514],[7.519,58.516],[7.513,58.527],[7.524,58.538],[7.533,58.541],[7.537,58.541],[7.558,58.545],[7.578,58.554],[7.576,58.557],[7.584,58.56],[7.586,58.562],[7.594,58.567],[7.596,58.574],[7.606,58.578],[7.611,58.582],[7.611,58.592],[7.613,58.594],[7.604,58.599],[7.601,58.605],[7.572,58.613],[7.541,58.623],[7.547,58.633],[7.548,58.66],[7.547,58.663],[7.548,58.684],[7.581,58.682],[7.606,58.68],[7.607,58.682],[7.626,58.679],[7.624,58.687],[7.627,58.693],[7.626,58.697],[7.633,58.7],[7.639,58.713],[7.649,58.723],[7.643,58.729],[7.646,58.731],[7.645,58.734],[7.65,58.739],[7.647,58.744],[7.664,58.752],[7.667,58.761],[7.666,58.768],[7.643,58.779],[7.616,58.801],[7.613,58.807],[7.604,58.815],[7.596,58.827],[7.591,58.838],[7.581,58.842],[7.579,58.844],[7.579,58.855],[7.577,58.857],[7.504,58.866],[7.506,58.865],[7.479,58.862],[7.466,58.864],[7.47,58.874],[7.468,58.876],[7.455,58.879],[7.444,58.879],[7.433,58.876],[7.416,58.867],[7.398,58.863],[7.391,58.863],[7.393,58.859],[7.372,58.859],[7.364,58.861],[7.357,58.86],[7.358,58.853],[7.356,58.852],[7.343,58.852],[7.337,58.855],[7.322,58.854],[7.297,58.848],[7.282,58.845],[7.275,58.843],[7.266,58.843],[7.254,58.845],[7.241,58.843],[7.226,58.84],[7.188,58.838],[7.181,58.838],[7.162,58.836],[7.158,58.831],[7.162,58.82]]]}},{"type":"Feature","properties":{"id":405980,"maakond_id":611,"name":"Vennesla","bbox":[7.624,58.217,8.079,58.463]},"geometry":{"type":"Polygon","coordinates":[[[7.632,58.369],[7.631,58.364],[7.624,58.35],[7.636,58.345],[7.627,58.336],[7.639,58.335],[7.64,58.331],[7.647,58.324],[7.645,58.32],[7.657,58.317],[7.678,58.316],[7.688,58.328],[7.69,58.333],[7.71,58.336],[7.725,58.338],[7.719,58.318],[7.718,58.31],[7.727,58.302],[7.73,58.301],[7.727,58.296],[7.727,58.291],[7.717,58.285],[7.713,58.281],[7.7,58.273],[7.691,58.261],[7.728,58.251],[7.728,58.247],[7.733,58.244],[7.73,58.24],[7.732,58.237],[7.742,58.228],[7.754,58.219],[7.774,58.219],[7.785,58.225],[7.786,58.23],[7.791,58.231],[7.794,58.252],[7.833,58.25],[7.839,58.245],[7.859,58.239],[7.885,58.248],[7.896,58.25],[7.903,58.242],[7.908,58.239],[7.918,58.237],[7.931,58.232],[7.937,58.225],[7.934,58.222],[7.95,58.221],[7.974,58.217],[7.977,58.222],[7.987,58.229],[7.986,58.233],[7.989,58.243],[7.99,58.251],[7.997,58.253],[8.01,58.254],[8.01,58.26],[8.018,58.261],[8.026,58.264],[8.014,58.272],[8.024,58.274],[8.04,58.273],[8.033,58.276],[8.026,58.277],[8.042,58.282],[8.047,58.289],[8.054,58.293],[8.07,58.301],[8.079,58.306],[8.067,58.309],[8.052,58.313],[8.056,58.318],[8.059,58.326],[8.059,58.341],[8.047,58.348],[8.041,58.352],[8.045,58.358],[8.047,58.364],[8.049,58.373],[8.027,58.371],[8.021,58.371],[7.998,58.351],[7.982,58.345],[7.977,58.345],[7.973,58.342],[7.969,58.336],[7.971,58.333],[7.968,58.327],[7.973,58.322],[7.971,58.318],[7.975,58.311],[7.966,58.309],[7.967,58.313],[7.96,58.316],[7.945,58.317],[7.931,58.327],[7.93,58.33],[7.91,58.341],[7.901,58.344],[7.908,58.348],[7.914,58.355],[7.903,58.357],[7.898,58.36],[7.906,58.363],[7.913,58.38],[7.894,58.389],[7.887,58.39],[7.88,58.394],[7.862,58.389],[7.855,58.4],[7.85,58.402],[7.848,58.406],[7.843,58.407],[7.82,58.409],[7.789,58.413],[7.788,58.415],[7.803,58.423],[7.809,58.43],[7.809,58.432],[7.813,58.437],[7.816,58.444],[7.809,58.455],[7.805,58.46],[7.795,58.458],[7.775,58.455],[7.766,58.455],[7.751,58.457],[7.735,58.459],[7.7,58.463],[7.696,58.448],[7.691,58.442],[7.677,58.432],[7.667,58.423],[7.647,58.395],[7.643,58.39],[7.641,58.383],[7.632,58.369]]]}},{"type":"Feature","properties":{"id":405986,"maakond_id":611,"name":"Farsund","bbox":[6.165,57.819,7.001,58.231]},"geometry":{"type":"Polygon","coordinates":[[[6.772,57.819],[6.867,57.942],[6.915,58.003],[6.982,58.057],[6.991,58.07],[6.975,58.078],[6.978,58.08],[6.989,58.085],[6.996,58.087],[7.001,58.09],[6.991,58.094],[6.991,58.104],[6.975,58.102],[6.967,58.104],[6.955,58.104],[6.958,58.109],[6.94,58.108],[6.934,58.119],[6.938,58.122],[6.939,58.126],[6.887,58.132],[6.868,58.145],[6.867,58.151],[6.871,58.155],[6.883,58.157],[6.886,58.161],[6.886,58.164],[6.893,58.169],[6.889,58.173],[6.894,58.178],[6.906,58.179],[6.915,58.178],[6.918,58.176],[6.927,58.178],[6.927,58.187],[6.933,58.194],[6.928,58.201],[6.923,58.2],[6.92,58.205],[6.922,58.207],[6.911,58.211],[6.897,58.22],[6.883,58.218],[6.878,58.222],[6.861,58.226],[6.853,58.227],[6.836,58.225],[6.819,58.225],[6.817,58.227],[6.81,58.222],[6.779,58.215],[6.761,58.226],[6.758,58.231],[6.746,58.228],[6.731,58.218],[6.698,58.212],[6.663,58.193],[6.6,58.186],[6.499,58.153],[6.398,58.113],[6.165,58.021],[6.344,57.936],[6.382,57.918],[6.406,57.908],[6.434,57.898],[6.472,57.886],[6.502,57.878],[6.529,57.872],[6.772,57.819]]]}},{"type":"Feature","properties":{"id":405987,"maakond_id":611,"name":"Hægebostad","bbox":[7.068,58.282,7.379,58.671]},"geometry":{"type":"Polygon","coordinates":[[[7.159,58.671],[7.093,58.657],[7.082,58.65],[7.08,58.644],[7.081,58.637],[7.086,58.621],[7.085,58.607],[7.086,58.6],[7.083,58.584],[7.08,58.578],[7.072,58.556],[7.07,58.541],[7.068,58.536],[7.075,58.53],[7.093,58.495],[7.098,58.484],[7.106,58.476],[7.107,58.467],[7.105,58.463],[7.11,58.454],[7.117,58.445],[7.131,58.443],[7.133,58.439],[7.132,58.436],[7.125,58.435],[7.121,58.436],[7.113,58.43],[7.111,58.425],[7.104,58.421],[7.1,58.414],[7.108,58.4],[7.11,58.395],[7.117,58.393],[7.105,58.39],[7.107,58.383],[7.119,58.381],[7.115,58.377],[7.118,58.372],[7.11,58.369],[7.111,58.363],[7.106,58.356],[7.114,58.354],[7.123,58.355],[7.126,58.354],[7.107,58.338],[7.117,58.327],[7.113,58.318],[7.114,58.313],[7.123,58.308],[7.121,58.303],[7.127,58.294],[7.132,58.29],[7.139,58.282],[7.152,58.288],[7.175,58.302],[7.192,58.308],[7.205,58.311],[7.208,58.314],[7.213,58.313],[7.214,58.31],[7.209,58.304],[7.204,58.3],[7.204,58.298],[7.216,58.299],[7.244,58.302],[7.252,58.304],[7.264,58.309],[7.271,58.31],[7.287,58.308],[7.299,58.312],[7.295,58.318],[7.284,58.328],[7.289,58.332],[7.29,58.337],[7.307,58.339],[7.314,58.34],[7.31,58.352],[7.305,58.369],[7.315,58.373],[7.319,58.378],[7.327,58.382],[7.328,58.386],[7.325,58.393],[7.32,58.391],[7.314,58.411],[7.315,58.414],[7.311,58.42],[7.324,58.421],[7.307,58.437],[7.312,58.439],[7.326,58.441],[7.349,58.449],[7.37,58.453],[7.365,58.458],[7.364,58.461],[7.354,58.475],[7.348,58.481],[7.349,58.485],[7.356,58.491],[7.361,58.49],[7.368,58.498],[7.373,58.507],[7.379,58.514],[7.365,58.513],[7.348,58.512],[7.337,58.512],[7.324,58.515],[7.309,58.519],[7.3,58.525],[7.292,58.524],[7.289,58.53],[7.29,58.531],[7.287,58.543],[7.273,58.544],[7.261,58.547],[7.261,58.549],[7.254,58.551],[7.251,58.556],[7.259,58.557],[7.265,58.565],[7.259,58.566],[7.26,58.572],[7.258,58.582],[7.249,58.598],[7.247,58.6],[7.244,58.61],[7.246,58.62],[7.237,58.619],[7.216,58.624],[7.208,58.639],[7.196,58.641],[7.181,58.651],[7.173,58.655],[7.159,58.671]]]}},{"type":"Feature","properties":{"id":406025,"maakond_id":611,"name":"Risør","bbox":[8.994,58.524,9.669,58.83]},"geometry":{"type":"Polygon","coordinates":[[[8.995,58.728],[8.994,58.724],[8.999,58.719],[9.01,58.72],[9.016,58.718],[9.02,58.718],[9.027,58.71],[9.034,58.71],[9.04,58.707],[9.038,58.704],[9.038,58.698],[9.046,58.697],[9.062,58.701],[9.074,58.702],[9.075,58.689],[9.077,58.685],[9.081,58.686],[9.082,58.681],[9.092,58.672],[9.096,58.671],[9.104,58.664],[9.111,58.665],[9.114,58.66],[9.123,58.653],[9.137,58.658],[9.143,58.657],[9.156,58.661],[9.161,58.656],[9.168,58.656],[9.178,58.658],[9.194,58.657],[9.332,58.603],[9.532,58.524],[9.669,58.603],[9.591,58.646],[9.48,58.707],[9.392,58.756],[9.368,58.77],[9.354,58.777],[9.337,58.782],[9.329,58.785],[9.321,58.782],[9.318,58.777],[9.313,58.774],[9.305,58.772],[9.303,58.775],[9.29,58.784],[9.286,58.788],[9.275,58.796],[9.231,58.796],[9.196,58.803],[9.205,58.81],[9.204,58.813],[9.192,58.814],[9.191,58.822],[9.191,58.83],[9.172,58.825],[9.162,58.818],[9.155,58.814],[9.152,58.816],[9.147,58.813],[9.142,58.807],[9.135,58.801],[9.123,58.797],[9.113,58.796],[9.097,58.791],[9.09,58.79],[9.081,58.797],[9.067,58.79],[9.059,58.782],[9.049,58.771],[9.042,58.767],[9.038,58.763],[9.021,58.764],[9.021,58.772],[9.017,58.781],[9.018,58.784],[9.014,58.785],[9.001,58.772],[9.006,58.765],[9.006,58.759],[9.013,58.752],[9.017,58.75],[8.997,58.732],[8.995,58.728]]]}},{"type":"Feature","properties":{"id":406026,"maakond_id":611,"name":"Tvedestrand","bbox":[8.733,58.426,9.532,58.728]},"geometry":{"type":"Polygon","coordinates":[[[9.532,58.524],[9.332,58.603],[9.194,58.657],[9.178,58.658],[9.168,58.656],[9.161,58.656],[9.156,58.661],[9.143,58.657],[9.137,58.658],[9.123,58.653],[9.114,58.66],[9.111,58.665],[9.104,58.664],[9.096,58.671],[9.092,58.672],[9.082,58.681],[9.081,58.686],[9.077,58.685],[9.075,58.689],[9.074,58.702],[9.062,58.701],[9.046,58.697],[9.038,58.698],[9.038,58.704],[9.04,58.707],[9.034,58.71],[9.027,58.71],[9.02,58.718],[9.016,58.718],[9.01,58.72],[8.999,58.719],[8.994,58.724],[8.995,58.728],[8.982,58.728],[8.964,58.705],[8.95,58.693],[8.942,58.688],[8.912,58.687],[8.899,58.688],[8.874,58.691],[8.856,58.691],[8.849,58.678],[8.843,58.672],[8.838,58.662],[8.847,58.651],[8.823,58.641],[8.809,58.639],[8.804,58.64],[8.787,58.645],[8.778,58.65],[8.76,58.654],[8.756,58.641],[8.753,58.636],[8.758,58.625],[8.733,58.6],[8.746,58.595],[8.76,58.592],[8.78,58.589],[8.793,58.587],[8.801,58.592],[8.805,58.596],[8.817,58.604],[8.836,58.594],[8.841,58.588],[8.849,58.586],[8.851,58.583],[8.864,58.581],[8.869,58.578],[8.855,58.572],[8.858,58.565],[8.873,58.556],[8.883,58.545],[8.889,58.549],[8.895,58.547],[8.9,58.548],[8.906,58.552],[8.923,58.557],[8.929,58.556],[8.931,58.559],[8.939,58.569],[8.934,58.578],[8.958,58.586],[8.964,58.587],[8.971,58.586],[8.975,58.588],[8.982,58.588],[8.992,58.579],[8.995,58.571],[9.002,58.565],[9.022,58.561],[9.021,58.559],[9.044,58.552],[9.146,58.512],[9.364,58.426],[9.532,58.524]]]}},{"type":"Feature","properties":{"id":406027,"maakond_id":611,"name":"Bykle","bbox":[6.825,59.182,7.626,59.673]},"geometry":{"type":"Polygon","coordinates":[[[6.838,59.193],[6.848,59.183],[6.854,59.183],[6.897,59.185],[6.904,59.186],[6.939,59.182],[6.94,59.187],[6.947,59.189],[6.97,59.188],[6.982,59.188],[6.996,59.19],[7.006,59.194],[7.007,59.197],[7.006,59.203],[7.012,59.206],[7.033,59.215],[7.038,59.219],[7.057,59.229],[7.097,59.249],[7.124,59.263],[7.16,59.271],[7.173,59.283],[7.178,59.285],[7.178,59.29],[7.185,59.294],[7.226,59.29],[7.222,59.279],[7.239,59.278],[7.256,59.282],[7.273,59.284],[7.289,59.283],[7.298,59.284],[7.302,59.291],[7.299,59.3],[7.306,59.299],[7.327,59.306],[7.331,59.306],[7.35,59.294],[7.368,59.296],[7.376,59.288],[7.388,59.289],[7.397,59.29],[7.403,59.284],[7.416,59.286],[7.417,59.294],[7.432,59.298],[7.433,59.303],[7.438,59.306],[7.438,59.311],[7.433,59.316],[7.433,59.326],[7.429,59.328],[7.429,59.331],[7.433,59.334],[7.444,59.339],[7.455,59.341],[7.446,59.349],[7.455,59.351],[7.465,59.355],[7.473,59.357],[7.484,59.361],[7.477,59.368],[7.484,59.372],[7.486,59.377],[7.495,59.383],[7.502,59.38],[7.505,59.383],[7.519,59.387],[7.538,59.395],[7.54,59.399],[7.544,59.405],[7.555,59.411],[7.577,59.426],[7.582,59.435],[7.574,59.437],[7.583,59.444],[7.626,59.462],[7.595,59.479],[7.585,59.501],[7.536,59.524],[7.515,59.561],[7.552,59.587],[7.547,59.589],[7.534,59.594],[7.537,59.597],[7.538,59.602],[7.507,59.607],[7.503,59.61],[7.483,59.627],[7.475,59.632],[7.484,59.637],[7.47,59.643],[7.453,59.647],[7.438,59.656],[7.442,59.659],[7.426,59.657],[7.418,59.656],[7.411,59.658],[7.402,59.659],[7.407,59.65],[7.396,59.647],[7.393,59.633],[7.369,59.635],[7.37,59.637],[7.361,59.64],[7.35,59.642],[7.332,59.647],[7.328,59.643],[7.317,59.648],[7.319,59.651],[7.301,59.658],[7.291,59.658],[7.286,59.656],[7.261,59.663],[7.251,59.664],[7.243,59.667],[7.236,59.665],[7.215,59.673],[7.211,59.669],[7.199,59.667],[7.138,59.662],[7.099,59.651],[7.098,59.647],[7.092,59.627],[7.089,59.62],[7.072,59.611],[7.062,59.603],[7.049,59.587],[7.013,59.596],[6.992,59.597],[6.981,59.549],[6.978,59.541],[6.98,59.523],[6.963,59.516],[6.968,59.513],[6.984,59.507],[6.997,59.505],[7.006,59.501],[7.001,59.497],[7.002,59.495],[7.015,59.491],[7.016,59.487],[7.023,59.481],[7.011,59.475],[7.004,59.469],[7,59.467],[6.997,59.461],[6.989,59.458],[6.978,59.454],[6.957,59.445],[6.95,59.446],[6.946,59.443],[6.926,59.437],[6.893,59.43],[6.887,59.431],[6.883,59.428],[6.889,59.425],[6.893,59.421],[6.905,59.415],[6.922,59.407],[6.929,59.403],[6.925,59.401],[6.924,59.396],[6.918,59.393],[6.913,59.395],[6.908,59.392],[6.901,59.392],[6.891,59.398],[6.865,59.368],[6.859,59.36],[6.859,59.352],[6.855,59.349],[6.848,59.335],[6.843,59.331],[6.841,59.327],[6.835,59.319],[6.832,59.317],[6.825,59.27],[6.841,59.251],[6.838,59.193]]]}},{"type":"Feature","properties":{"id":406028,"maakond_id":611,"name":"Valle","bbox":[6.996,58.939,7.821,59.399]},"geometry":{"type":"Polygon","coordinates":[[[6.996,59.19],[7.006,59.186],[7.105,59.17],[7.177,59.161],[7.197,59.151],[7.205,59.143],[7.199,59.141],[7.191,59.142],[7.186,59.139],[7.177,59.137],[7.171,59.138],[7.161,59.135],[7.162,59.132],[7.173,59.122],[7.173,59.119],[7.159,59.109],[7.159,59.099],[7.154,59.086],[7.156,59.077],[7.153,59.064],[7.144,59.049],[7.142,59.043],[7.143,59.04],[7.154,59.03],[7.173,59.022],[7.175,59.016],[7.179,59.011],[7.177,59.009],[7.171,59.008],[7.169,59],[7.16,59.001],[7.144,59.001],[7.125,59.003],[7.115,59.003],[7.108,58.998],[7.107,58.996],[7.11,58.987],[7.126,58.974],[7.127,58.97],[7.139,58.969],[7.145,58.965],[7.145,58.959],[7.147,58.953],[7.155,58.951],[7.153,58.949],[7.157,58.947],[7.159,58.942],[7.165,58.941],[7.175,58.939],[7.191,58.942],[7.2,58.945],[7.287,58.98],[7.302,58.988],[7.32,58.998],[7.336,59.003],[7.37,59.004],[7.371,59.002],[7.392,59.004],[7.392,59.001],[7.396,58.998],[7.402,58.999],[7.406,59.002],[7.412,59.001],[7.436,59.009],[7.448,59.01],[7.458,59.012],[7.459,59.013],[7.469,59.018],[7.481,59.019],[7.515,59.024],[7.54,59.027],[7.551,59.027],[7.557,59.022],[7.555,59.02],[7.556,59.016],[7.567,59.015],[7.577,59.024],[7.581,59.028],[7.585,59.027],[7.587,59.032],[7.597,59.034],[7.605,59.043],[7.617,59.044],[7.617,59.041],[7.627,59.04],[7.641,59.044],[7.659,59.042],[7.685,59.045],[7.696,59.046],[7.72,59.053],[7.74,59.058],[7.771,59.065],[7.781,59.073],[7.821,59.098],[7.814,59.105],[7.805,59.117],[7.785,59.124],[7.769,59.135],[7.756,59.14],[7.742,59.144],[7.741,59.148],[7.73,59.163],[7.736,59.171],[7.739,59.179],[7.744,59.184],[7.749,59.195],[7.744,59.198],[7.749,59.208],[7.758,59.213],[7.763,59.214],[7.775,59.214],[7.78,59.221],[7.774,59.224],[7.758,59.228],[7.751,59.235],[7.745,59.251],[7.738,59.252],[7.725,59.261],[7.717,59.284],[7.716,59.29],[7.706,59.307],[7.696,59.327],[7.673,59.333],[7.643,59.334],[7.615,59.331],[7.61,59.336],[7.612,59.339],[7.612,59.348],[7.61,59.35],[7.597,59.366],[7.595,59.377],[7.572,59.387],[7.54,59.399],[7.538,59.395],[7.519,59.387],[7.505,59.383],[7.502,59.38],[7.495,59.383],[7.486,59.377],[7.484,59.372],[7.477,59.368],[7.484,59.361],[7.473,59.357],[7.465,59.355],[7.455,59.351],[7.446,59.349],[7.455,59.341],[7.444,59.339],[7.433,59.334],[7.429,59.331],[7.429,59.328],[7.433,59.326],[7.433,59.316],[7.438,59.311],[7.438,59.306],[7.433,59.303],[7.432,59.298],[7.417,59.294],[7.416,59.286],[7.403,59.284],[7.397,59.29],[7.388,59.289],[7.376,59.288],[7.368,59.296],[7.35,59.294],[7.331,59.306],[7.327,59.306],[7.306,59.299],[7.299,59.3],[7.302,59.291],[7.298,59.284],[7.289,59.283],[7.273,59.284],[7.256,59.282],[7.239,59.278],[7.222,59.279],[7.226,59.29],[7.185,59.294],[7.178,59.29],[7.178,59.285],[7.173,59.283],[7.16,59.271],[7.124,59.263],[7.097,59.249],[7.057,59.229],[7.038,59.219],[7.033,59.215],[7.012,59.206],[7.006,59.203],[7.007,59.197],[7.006,59.194],[6.996,59.19]]]}},{"type":"Feature","properties":{"id":406029,"maakond_id":611,"name":"Bygland","bbox":[7.033,58.646,8.017,59.098]},"geometry":{"type":"Polygon","coordinates":[[[7.165,58.941],[7.158,58.936],[7.156,58.927],[7.155,58.922],[7.16,58.917],[7.155,58.907],[7.144,58.899],[7.14,58.894],[7.13,58.889],[7.119,58.888],[7.071,58.883],[7.068,58.881],[7.067,58.878],[7.073,58.876],[7.068,58.872],[7.069,58.869],[7.087,58.87],[7.094,58.866],[7.087,58.859],[7.089,58.854],[7.073,58.845],[7.065,58.837],[7.053,58.83],[7.04,58.826],[7.033,58.821],[7.054,58.819],[7.11,58.821],[7.146,58.823],[7.162,58.82],[7.158,58.831],[7.162,58.836],[7.181,58.838],[7.188,58.838],[7.226,58.84],[7.241,58.843],[7.254,58.845],[7.266,58.843],[7.275,58.843],[7.282,58.845],[7.297,58.848],[7.322,58.854],[7.337,58.855],[7.343,58.852],[7.356,58.852],[7.358,58.853],[7.357,58.86],[7.364,58.861],[7.372,58.859],[7.393,58.859],[7.391,58.863],[7.398,58.863],[7.416,58.867],[7.433,58.876],[7.444,58.879],[7.455,58.879],[7.468,58.876],[7.47,58.874],[7.466,58.864],[7.479,58.862],[7.506,58.865],[7.504,58.866],[7.577,58.857],[7.579,58.855],[7.579,58.844],[7.581,58.842],[7.591,58.838],[7.596,58.827],[7.604,58.815],[7.613,58.807],[7.616,58.801],[7.643,58.779],[7.666,58.768],[7.667,58.761],[7.664,58.752],[7.647,58.744],[7.65,58.739],[7.645,58.734],[7.646,58.731],[7.656,58.728],[7.662,58.728],[7.681,58.721],[7.685,58.71],[7.689,58.706],[7.703,58.696],[7.716,58.693],[7.72,58.69],[7.728,58.688],[7.735,58.681],[7.743,58.681],[7.75,58.677],[7.77,58.675],[7.784,58.675],[7.803,58.673],[7.799,58.667],[7.803,58.666],[7.809,58.66],[7.817,58.659],[7.816,58.655],[7.808,58.654],[7.814,58.647],[7.829,58.646],[7.852,58.65],[7.871,58.654],[7.889,58.655],[7.89,58.658],[7.898,58.663],[7.911,58.662],[7.922,58.668],[7.922,58.677],[7.933,58.677],[7.956,58.681],[7.962,58.683],[7.968,58.69],[7.975,58.699],[7.986,58.707],[7.983,58.716],[7.979,58.721],[7.98,58.723],[7.974,58.73],[7.977,58.733],[7.991,58.737],[7.988,58.742],[7.98,58.743],[7.979,58.752],[7.984,58.752],[7.996,58.754],[7.994,58.757],[7.996,58.761],[7.992,58.765],[7.991,58.77],[7.984,58.78],[7.985,58.784],[7.982,58.788],[7.981,58.8],[7.985,58.803],[7.993,58.806],[7.998,58.809],[7.997,58.813],[8.003,58.819],[8.009,58.822],[8.016,58.835],[8.016,58.837],[8.005,58.841],[8.007,58.844],[8.014,58.845],[8.017,58.847],[8.008,58.85],[7.999,58.862],[7.989,58.864],[7.989,58.868],[7.997,58.871],[8.005,58.879],[8.003,58.89],[7.994,58.894],[7.98,58.905],[7.961,58.912],[7.964,58.918],[7.976,58.925],[7.996,58.935],[8.003,58.938],[8.001,58.944],[8.002,58.953],[8.009,58.965],[7.996,58.964],[7.985,58.962],[7.968,58.967],[7.964,58.974],[7.942,58.987],[7.937,58.998],[7.94,59.005],[7.934,59.006],[7.924,59.006],[7.911,59.009],[7.902,59.026],[7.877,59.039],[7.877,59.047],[7.868,59.056],[7.868,59.06],[7.858,59.069],[7.847,59.077],[7.828,59.089],[7.821,59.098],[7.781,59.073],[7.771,59.065],[7.74,59.058],[7.72,59.053],[7.696,59.046],[7.685,59.045],[7.659,59.042],[7.641,59.044],[7.627,59.04],[7.617,59.041],[7.617,59.044],[7.605,59.043],[7.597,59.034],[7.587,59.032],[7.585,59.027],[7.581,59.028],[7.577,59.024],[7.567,59.015],[7.556,59.016],[7.555,59.02],[7.557,59.022],[7.551,59.027],[7.54,59.027],[7.515,59.024],[7.481,59.019],[7.469,59.018],[7.459,59.013],[7.458,59.012],[7.448,59.01],[7.436,59.009],[7.412,59.001],[7.406,59.002],[7.402,58.999],[7.396,58.998],[7.392,59.001],[7.392,59.004],[7.371,59.002],[7.37,59.004],[7.336,59.003],[7.32,58.998],[7.302,58.988],[7.287,58.98],[7.2,58.945],[7.191,58.942],[7.175,58.939],[7.165,58.941]]]}},{"type":"Feature","properties":{"id":406030,"maakond_id":611,"name":"Åmli","bbox":[7.961,58.614,8.76,58.985]},"geometry":{"type":"Polygon","coordinates":[[[8.753,58.636],[8.756,58.641],[8.76,58.654],[8.755,58.658],[8.754,58.661],[8.748,58.667],[8.742,58.67],[8.733,58.678],[8.72,58.685],[8.722,58.688],[8.729,58.691],[8.721,58.699],[8.709,58.705],[8.69,58.698],[8.674,58.704],[8.662,58.702],[8.653,58.701],[8.645,58.708],[8.646,58.713],[8.632,58.728],[8.624,58.734],[8.622,58.742],[8.628,58.747],[8.629,58.75],[8.634,58.754],[8.643,58.763],[8.645,58.764],[8.653,58.774],[8.656,58.779],[8.663,58.787],[8.669,58.804],[8.688,58.814],[8.698,58.82],[8.714,58.823],[8.731,58.829],[8.744,58.831],[8.731,58.84],[8.724,58.847],[8.724,58.85],[8.691,58.858],[8.653,58.869],[8.656,58.873],[8.648,58.881],[8.638,58.886],[8.638,58.891],[8.632,58.894],[8.621,58.904],[8.61,58.914],[8.596,58.918],[8.58,58.926],[8.575,58.931],[8.565,58.927],[8.534,58.918],[8.503,58.908],[8.476,58.887],[8.446,58.897],[8.432,58.899],[8.431,58.902],[8.421,58.903],[8.419,58.906],[8.41,58.907],[8.398,58.911],[8.383,58.913],[8.367,58.913],[8.341,58.917],[8.326,58.917],[8.31,58.919],[8.308,58.926],[8.305,58.929],[8.294,58.937],[8.279,58.942],[8.27,58.948],[8.258,58.952],[8.237,58.958],[8.226,58.963],[8.222,58.97],[8.196,58.976],[8.183,58.979],[8.173,58.982],[8.162,58.981],[8.148,58.982],[8.135,58.985],[8.127,58.985],[8.117,58.982],[8.098,58.975],[8.079,58.972],[8.089,58.965],[8.1,58.965],[8.108,58.964],[8.111,58.966],[8.134,58.963],[8.137,58.961],[8.122,58.955],[8.114,58.953],[8.1,58.952],[8.092,58.948],[8.078,58.95],[8.068,58.949],[8.055,58.95],[8.036,58.954],[8.009,58.965],[8.002,58.953],[8.001,58.944],[8.003,58.938],[7.996,58.935],[7.976,58.925],[7.964,58.918],[7.961,58.912],[7.98,58.905],[7.994,58.894],[8.003,58.89],[8.005,58.879],[7.997,58.871],[7.989,58.868],[7.989,58.864],[7.999,58.862],[8.008,58.85],[8.017,58.847],[8.014,58.845],[8.007,58.844],[8.005,58.841],[8.016,58.837],[8.016,58.835],[8.009,58.822],[8.003,58.819],[7.997,58.813],[7.998,58.809],[7.993,58.806],[7.985,58.803],[7.981,58.8],[7.982,58.788],[7.985,58.784],[7.984,58.78],[7.991,58.77],[7.992,58.765],[7.996,58.761],[7.994,58.757],[7.996,58.754],[7.984,58.752],[7.979,58.752],[7.98,58.743],[7.988,58.742],[7.991,58.737],[7.977,58.733],[7.974,58.73],[7.98,58.723],[7.979,58.721],[7.983,58.716],[7.986,58.707],[8.004,58.705],[8.028,58.709],[8.048,58.708],[8.06,58.705],[8.087,58.704],[8.125,58.701],[8.153,58.7],[8.161,58.701],[8.169,58.703],[8.2,58.719],[8.205,58.717],[8.212,58.711],[8.236,58.699],[8.26,58.703],[8.265,58.702],[8.285,58.703],[8.304,58.7],[8.328,58.682],[8.346,58.691],[8.36,58.696],[8.366,58.686],[8.368,58.682],[8.38,58.663],[8.385,58.659],[8.375,58.653],[8.384,58.651],[8.401,58.65],[8.411,58.647],[8.414,58.645],[8.412,58.641],[8.406,58.641],[8.408,58.634],[8.407,58.629],[8.413,58.628],[8.436,58.623],[8.45,58.63],[8.462,58.632],[8.469,58.638],[8.471,58.641],[8.481,58.651],[8.493,58.648],[8.497,58.645],[8.504,58.644],[8.497,58.651],[8.479,58.656],[8.477,58.661],[8.471,58.669],[8.473,58.674],[8.485,58.676],[8.501,58.677],[8.513,58.672],[8.528,58.67],[8.549,58.667],[8.562,58.666],[8.581,58.665],[8.582,58.66],[8.586,58.66],[8.6,58.662],[8.608,58.662],[8.62,58.66],[8.622,58.658],[8.641,58.652],[8.653,58.653],[8.663,58.649],[8.67,58.639],[8.677,58.633],[8.685,58.631],[8.694,58.625],[8.688,58.623],[8.688,58.619],[8.692,58.618],[8.7,58.62],[8.705,58.614],[8.72,58.623],[8.729,58.625],[8.753,58.636]]]}},{"type":"Feature","properties":{"id":406031,"maakond_id":611,"name":"Evje og Hornnes","bbox":[7.513,58.442,8.112,58.731]},"geometry":{"type":"Polygon","coordinates":[[[7.956,58.681],[7.933,58.677],[7.922,58.677],[7.922,58.668],[7.911,58.662],[7.898,58.663],[7.89,58.658],[7.889,58.655],[7.871,58.654],[7.852,58.65],[7.829,58.646],[7.814,58.647],[7.808,58.654],[7.816,58.655],[7.817,58.659],[7.809,58.66],[7.803,58.666],[7.799,58.667],[7.803,58.673],[7.784,58.675],[7.77,58.675],[7.75,58.677],[7.743,58.681],[7.735,58.681],[7.728,58.688],[7.72,58.69],[7.716,58.693],[7.703,58.696],[7.689,58.706],[7.685,58.71],[7.681,58.721],[7.662,58.728],[7.656,58.728],[7.646,58.731],[7.643,58.729],[7.649,58.723],[7.639,58.713],[7.633,58.7],[7.626,58.697],[7.627,58.693],[7.624,58.687],[7.626,58.679],[7.607,58.682],[7.606,58.68],[7.581,58.682],[7.548,58.684],[7.547,58.663],[7.548,58.66],[7.547,58.633],[7.541,58.623],[7.572,58.613],[7.601,58.605],[7.604,58.599],[7.613,58.594],[7.611,58.592],[7.611,58.582],[7.606,58.578],[7.596,58.574],[7.594,58.567],[7.586,58.562],[7.584,58.56],[7.576,58.557],[7.578,58.554],[7.558,58.545],[7.537,58.541],[7.533,58.541],[7.524,58.538],[7.513,58.527],[7.519,58.516],[7.521,58.511],[7.523,58.498],[7.527,58.49],[7.524,58.489],[7.522,58.481],[7.532,58.473],[7.544,58.465],[7.553,58.456],[7.559,58.452],[7.571,58.446],[7.578,58.45],[7.585,58.452],[7.603,58.455],[7.618,58.457],[7.623,58.458],[7.632,58.458],[7.658,58.453],[7.672,58.447],[7.691,58.442],[7.696,58.448],[7.7,58.463],[7.735,58.459],[7.751,58.457],[7.766,58.455],[7.775,58.455],[7.795,58.458],[7.805,58.46],[7.804,58.462],[7.796,58.469],[7.788,58.48],[7.788,58.484],[7.784,58.49],[7.784,58.494],[7.786,58.497],[7.797,58.499],[7.805,58.499],[7.811,58.502],[7.835,58.503],[7.873,58.509],[7.866,58.53],[7.864,58.539],[7.871,58.547],[7.878,58.547],[7.886,58.549],[7.905,58.546],[7.902,58.552],[7.911,58.553],[7.915,58.555],[7.933,58.557],[7.939,58.558],[7.95,58.556],[7.957,58.557],[7.971,58.56],[7.989,58.563],[8.004,58.563],[8.018,58.565],[8.026,58.559],[8.048,58.559],[8.054,58.56],[8.069,58.559],[8.11,58.574],[8.112,58.589],[8.111,58.594],[8.108,58.595],[8.111,58.6],[8.106,58.605],[8.109,58.607],[8.108,58.619],[8.106,58.624],[8.088,58.628],[8.075,58.628],[8.056,58.627],[8.034,58.629],[8.028,58.628],[8.023,58.635],[8.018,58.647],[8.003,58.657],[7.995,58.657],[7.988,58.661],[7.985,58.665],[7.98,58.664],[7.978,58.669],[7.975,58.672],[7.956,58.681]]]}},{"type":"Feature","properties":{"id":406032,"maakond_id":611,"name":"Iveland","bbox":[7.784,58.309,8.11,58.557]},"geometry":{"type":"Polygon","coordinates":[[[7.933,58.557],[7.915,58.555],[7.911,58.553],[7.902,58.552],[7.905,58.546],[7.886,58.549],[7.878,58.547],[7.871,58.547],[7.864,58.539],[7.866,58.53],[7.873,58.509],[7.835,58.503],[7.811,58.502],[7.805,58.499],[7.797,58.499],[7.786,58.497],[7.784,58.494],[7.784,58.49],[7.788,58.484],[7.788,58.48],[7.796,58.469],[7.804,58.462],[7.805,58.46],[7.809,58.455],[7.816,58.444],[7.813,58.437],[7.809,58.432],[7.809,58.43],[7.803,58.423],[7.788,58.415],[7.789,58.413],[7.82,58.409],[7.843,58.407],[7.848,58.406],[7.85,58.402],[7.855,58.4],[7.862,58.389],[7.88,58.394],[7.887,58.39],[7.894,58.389],[7.913,58.38],[7.906,58.363],[7.898,58.36],[7.903,58.357],[7.914,58.355],[7.908,58.348],[7.901,58.344],[7.91,58.341],[7.93,58.33],[7.931,58.327],[7.945,58.317],[7.96,58.316],[7.967,58.313],[7.966,58.309],[7.975,58.311],[7.971,58.318],[7.973,58.322],[7.968,58.327],[7.971,58.333],[7.969,58.336],[7.973,58.342],[7.977,58.345],[7.982,58.345],[7.998,58.351],[8.021,58.371],[8.027,58.371],[8.049,58.373],[8.062,58.373],[8.075,58.376],[8.096,58.379],[8.103,58.383],[8.1,58.389],[8.098,58.401],[8.09,58.418],[8.097,58.425],[8.102,58.433],[8.11,58.439],[8.062,58.446],[8.087,58.464],[8.087,58.465],[8.076,58.466],[8.065,58.469],[8.055,58.472],[8.037,58.472],[8.035,58.479],[8.031,58.483],[8.013,58.486],[7.997,58.49],[7.998,58.496],[7.982,58.51],[7.969,58.51],[7.964,58.508],[7.95,58.506],[7.935,58.525],[7.935,58.529],[7.932,58.535],[7.931,58.542],[7.933,58.55],[7.933,58.557]]]}},{"type":"Feature","properties":{"id":406033,"maakond_id":611,"name":"Birkenes","bbox":[7.931,58.242,8.445,58.637]},"geometry":{"type":"Polygon","coordinates":[[[8.049,58.373],[8.047,58.364],[8.045,58.358],[8.041,58.352],[8.047,58.348],[8.059,58.341],[8.059,58.326],[8.056,58.318],[8.052,58.313],[8.067,58.309],[8.079,58.306],[8.07,58.301],[8.054,58.293],[8.047,58.289],[8.042,58.282],[8.067,58.282],[8.091,58.282],[8.103,58.284],[8.112,58.273],[8.115,58.271],[8.147,58.285],[8.161,58.279],[8.172,58.275],[8.173,58.27],[8.167,58.267],[8.163,58.262],[8.157,58.258],[8.184,58.251],[8.202,58.245],[8.21,58.242],[8.204,58.259],[8.216,58.256],[8.242,58.25],[8.255,58.26],[8.252,58.264],[8.259,58.269],[8.265,58.278],[8.283,58.292],[8.291,58.295],[8.309,58.306],[8.287,58.315],[8.279,58.32],[8.294,58.329],[8.304,58.333],[8.317,58.331],[8.325,58.332],[8.345,58.329],[8.369,58.33],[8.371,58.335],[8.354,58.341],[8.336,58.35],[8.331,58.352],[8.334,58.362],[8.325,58.364],[8.315,58.367],[8.324,58.372],[8.328,58.376],[8.325,58.381],[8.321,58.383],[8.33,58.387],[8.317,58.392],[8.309,58.395],[8.32,58.401],[8.325,58.405],[8.326,58.408],[8.332,58.415],[8.344,58.424],[8.351,58.43],[8.36,58.435],[8.362,58.437],[8.391,58.456],[8.398,58.463],[8.41,58.475],[8.4,58.477],[8.395,58.48],[8.388,58.482],[8.377,58.495],[8.376,58.502],[8.387,58.514],[8.394,58.518],[8.405,58.519],[8.397,58.524],[8.396,58.528],[8.399,58.54],[8.417,58.553],[8.419,58.554],[8.445,58.57],[8.443,58.579],[8.443,58.589],[8.423,58.589],[8.411,58.589],[8.403,58.589],[8.386,58.592],[8.37,58.594],[8.357,58.592],[8.354,58.574],[8.355,58.565],[8.354,58.56],[8.351,58.555],[8.321,58.555],[8.294,58.552],[8.293,58.545],[8.273,58.545],[8.268,58.543],[8.265,58.539],[8.264,58.533],[8.259,58.532],[8.255,58.537],[8.241,58.549],[8.233,58.554],[8.228,58.559],[8.224,58.566],[8.213,58.581],[8.208,58.589],[8.208,58.593],[8.191,58.606],[8.185,58.613],[8.184,58.621],[8.185,58.626],[8.177,58.637],[8.17,58.634],[8.157,58.626],[8.15,58.621],[8.133,58.622],[8.125,58.623],[8.106,58.624],[8.108,58.619],[8.109,58.607],[8.106,58.605],[8.111,58.6],[8.108,58.595],[8.111,58.594],[8.112,58.589],[8.11,58.574],[8.069,58.559],[8.054,58.56],[8.048,58.559],[8.026,58.559],[8.018,58.565],[8.004,58.563],[7.989,58.563],[7.971,58.56],[7.957,58.557],[7.95,58.556],[7.939,58.558],[7.933,58.557],[7.933,58.55],[7.931,58.542],[7.932,58.535],[7.935,58.529],[7.935,58.525],[7.95,58.506],[7.964,58.508],[7.969,58.51],[7.982,58.51],[7.998,58.496],[7.997,58.49],[8.013,58.486],[8.031,58.483],[8.035,58.479],[8.037,58.472],[8.055,58.472],[8.065,58.469],[8.076,58.466],[8.087,58.465],[8.087,58.464],[8.062,58.446],[8.11,58.439],[8.102,58.433],[8.097,58.425],[8.09,58.418],[8.098,58.401],[8.1,58.389],[8.103,58.383],[8.096,58.379],[8.075,58.376],[8.062,58.373],[8.049,58.373]]]}},{"type":"Feature","properties":{"id":406034,"maakond_id":611,"name":"Lillesand","bbox":[8.145,57.917,8.754,58.333]},"geometry":{"type":"Polygon","coordinates":[[[8.369,58.33],[8.345,58.329],[8.325,58.332],[8.317,58.331],[8.304,58.333],[8.294,58.329],[8.279,58.32],[8.287,58.315],[8.309,58.306],[8.291,58.295],[8.283,58.292],[8.265,58.278],[8.259,58.269],[8.252,58.264],[8.255,58.26],[8.242,58.25],[8.216,58.256],[8.204,58.259],[8.21,58.242],[8.205,58.239],[8.194,58.229],[8.193,58.221],[8.189,58.213],[8.187,58.202],[8.179,58.199],[8.158,58.19],[8.152,58.18],[8.149,58.177],[8.145,58.17],[8.148,58.167],[8.157,58.166],[8.155,58.161],[8.162,58.152],[8.16,58.147],[8.19,58.142],[8.193,58.138],[8.202,58.137],[8.197,58.126],[8.18,58.106],[8.208,58.099],[8.264,58.037],[8.372,57.917],[8.413,57.928],[8.438,57.935],[8.452,57.939],[8.48,57.949],[8.506,57.961],[8.732,58.07],[8.754,58.081],[8.582,58.178],[8.495,58.227],[8.474,58.233],[8.458,58.247],[8.454,58.248],[8.447,58.248],[8.438,58.254],[8.434,58.259],[8.435,58.263],[8.432,58.264],[8.43,58.28],[8.442,58.293],[8.446,58.298],[8.456,58.294],[8.45,58.302],[8.436,58.309],[8.417,58.315],[8.393,58.325],[8.388,58.327],[8.369,58.33]]]}},{"type":"Feature","properties":{"id":406035,"maakond_id":611,"name":"Grimstad","bbox":[8.309,58.081,9.067,58.492]},"geometry":{"type":"Polygon","coordinates":[[[8.369,58.33],[8.388,58.327],[8.393,58.325],[8.417,58.315],[8.436,58.309],[8.45,58.302],[8.456,58.294],[8.446,58.298],[8.442,58.293],[8.43,58.28],[8.432,58.264],[8.435,58.263],[8.434,58.259],[8.438,58.254],[8.447,58.248],[8.454,58.248],[8.458,58.247],[8.474,58.233],[8.495,58.227],[8.582,58.178],[8.754,58.081],[8.917,58.162],[8.942,58.176],[9.067,58.25],[8.982,58.288],[8.873,58.337],[8.776,58.38],[8.734,58.395],[8.714,58.396],[8.715,58.401],[8.704,58.404],[8.698,58.399],[8.697,58.396],[8.691,58.396],[8.681,58.4],[8.673,58.402],[8.664,58.402],[8.659,58.408],[8.645,58.406],[8.641,58.404],[8.637,58.407],[8.63,58.407],[8.616,58.409],[8.607,58.407],[8.603,58.413],[8.606,58.419],[8.601,58.425],[8.592,58.425],[8.587,58.419],[8.587,58.416],[8.58,58.411],[8.571,58.403],[8.558,58.406],[8.558,58.41],[8.552,58.416],[8.539,58.421],[8.529,58.429],[8.526,58.445],[8.508,58.463],[8.508,58.477],[8.505,58.486],[8.5,58.49],[8.492,58.492],[8.49,58.489],[8.479,58.482],[8.469,58.476],[8.455,58.478],[8.446,58.485],[8.442,58.479],[8.433,58.472],[8.425,58.475],[8.41,58.475],[8.398,58.463],[8.391,58.456],[8.362,58.437],[8.36,58.435],[8.351,58.43],[8.344,58.424],[8.332,58.415],[8.326,58.408],[8.325,58.405],[8.32,58.401],[8.309,58.395],[8.317,58.392],[8.33,58.387],[8.321,58.383],[8.325,58.381],[8.328,58.376],[8.324,58.372],[8.315,58.367],[8.325,58.364],[8.334,58.362],[8.331,58.352],[8.336,58.35],[8.354,58.341],[8.371,58.335],[8.369,58.33]]]}},{"type":"Feature","properties":{"id":406036,"maakond_id":611,"name":"Arendal","bbox":[8.5,58.25,9.364,58.604]},"geometry":{"type":"Polygon","coordinates":[[[9.364,58.426],[9.146,58.512],[9.044,58.552],[9.021,58.559],[9.022,58.561],[9.002,58.565],[8.995,58.571],[8.992,58.579],[8.982,58.588],[8.975,58.588],[8.971,58.586],[8.964,58.587],[8.958,58.586],[8.934,58.578],[8.939,58.569],[8.931,58.559],[8.929,58.556],[8.923,58.557],[8.906,58.552],[8.9,58.548],[8.895,58.547],[8.889,58.549],[8.883,58.545],[8.873,58.556],[8.858,58.565],[8.855,58.572],[8.869,58.578],[8.864,58.581],[8.851,58.583],[8.849,58.586],[8.841,58.588],[8.836,58.594],[8.817,58.604],[8.805,58.596],[8.801,58.592],[8.793,58.587],[8.78,58.589],[8.76,58.592],[8.757,58.586],[8.756,58.582],[8.753,58.579],[8.751,58.568],[8.746,58.556],[8.744,58.542],[8.743,58.539],[8.743,58.529],[8.737,58.526],[8.731,58.518],[8.715,58.511],[8.706,58.513],[8.695,58.513],[8.688,58.508],[8.666,58.497],[8.666,58.492],[8.674,58.486],[8.676,58.483],[8.676,58.478],[8.646,58.476],[8.629,58.475],[8.619,58.474],[8.617,58.469],[8.611,58.458],[8.611,58.453],[8.6,58.456],[8.585,58.461],[8.581,58.459],[8.568,58.46],[8.558,58.456],[8.547,58.453],[8.547,58.455],[8.54,58.458],[8.535,58.463],[8.534,58.475],[8.54,58.48],[8.534,58.481],[8.524,58.485],[8.529,58.49],[8.521,58.491],[8.517,58.488],[8.511,58.492],[8.512,58.495],[8.506,58.5],[8.502,58.499],[8.502,58.494],[8.5,58.49],[8.505,58.486],[8.508,58.477],[8.508,58.463],[8.526,58.445],[8.529,58.429],[8.539,58.421],[8.552,58.416],[8.558,58.41],[8.558,58.406],[8.571,58.403],[8.58,58.411],[8.587,58.416],[8.587,58.419],[8.592,58.425],[8.601,58.425],[8.606,58.419],[8.603,58.413],[8.607,58.407],[8.616,58.409],[8.63,58.407],[8.637,58.407],[8.641,58.404],[8.645,58.406],[8.659,58.408],[8.664,58.402],[8.673,58.402],[8.681,58.4],[8.691,58.396],[8.697,58.396],[8.698,58.399],[8.704,58.404],[8.715,58.401],[8.714,58.396],[8.734,58.395],[8.776,58.38],[8.873,58.337],[8.982,58.288],[9.067,58.25],[9.3,58.388],[9.364,58.426]]]}},{"type":"Feature","properties":{"id":406037,"maakond_id":611,"name":"Vegårshei","bbox":[8.622,58.639,9.017,58.871]},"geometry":{"type":"Polygon","coordinates":[[[8.995,58.728],[8.997,58.732],[9.017,58.75],[9.013,58.752],[9.006,58.759],[9.006,58.765],[9.001,58.772],[9.014,58.785],[9.001,58.794],[8.987,58.8],[9.001,58.814],[8.993,58.817],[8.965,58.825],[8.944,58.835],[8.944,58.838],[8.925,58.847],[8.914,58.849],[8.898,58.85],[8.884,58.854],[8.865,58.853],[8.858,58.854],[8.857,58.857],[8.844,58.859],[8.833,58.859],[8.829,58.862],[8.819,58.871],[8.807,58.867],[8.792,58.864],[8.789,58.862],[8.79,58.857],[8.789,58.851],[8.786,58.844],[8.769,58.839],[8.763,58.835],[8.744,58.831],[8.731,58.829],[8.714,58.823],[8.698,58.82],[8.688,58.814],[8.669,58.804],[8.663,58.787],[8.656,58.779],[8.653,58.774],[8.645,58.764],[8.643,58.763],[8.634,58.754],[8.629,58.75],[8.628,58.747],[8.622,58.742],[8.624,58.734],[8.632,58.728],[8.646,58.713],[8.645,58.708],[8.653,58.701],[8.662,58.702],[8.674,58.704],[8.69,58.698],[8.709,58.705],[8.721,58.699],[8.729,58.691],[8.722,58.688],[8.72,58.685],[8.733,58.678],[8.742,58.67],[8.748,58.667],[8.754,58.661],[8.755,58.658],[8.76,58.654],[8.778,58.65],[8.787,58.645],[8.804,58.64],[8.809,58.639],[8.823,58.641],[8.847,58.651],[8.838,58.662],[8.843,58.672],[8.849,58.678],[8.856,58.691],[8.874,58.691],[8.899,58.688],[8.912,58.687],[8.942,58.688],[8.95,58.693],[8.964,58.705],[8.982,58.728],[8.995,58.728]]]}},{"type":"Feature","properties":{"id":406038,"maakond_id":611,"name":"Gjerstad","bbox":[8.754,58.763,9.191,58.993]},"geometry":{"type":"Polygon","coordinates":[[[8.834,58.988],[8.832,58.978],[8.822,58.97],[8.819,58.969],[8.762,58.948],[8.754,58.943],[8.762,58.937],[8.774,58.933],[8.788,58.929],[8.795,58.927],[8.813,58.918],[8.828,58.914],[8.831,58.913],[8.818,58.906],[8.815,58.903],[8.812,58.895],[8.81,58.891],[8.798,58.884],[8.781,58.868],[8.792,58.864],[8.807,58.867],[8.819,58.871],[8.829,58.862],[8.833,58.859],[8.844,58.859],[8.857,58.857],[8.858,58.854],[8.865,58.853],[8.884,58.854],[8.898,58.85],[8.914,58.849],[8.925,58.847],[8.944,58.838],[8.944,58.835],[8.965,58.825],[8.993,58.817],[9.001,58.814],[8.987,58.8],[9.001,58.794],[9.014,58.785],[9.018,58.784],[9.017,58.781],[9.021,58.772],[9.021,58.764],[9.038,58.763],[9.042,58.767],[9.049,58.771],[9.059,58.782],[9.067,58.79],[9.081,58.797],[9.09,58.79],[9.097,58.791],[9.113,58.796],[9.123,58.797],[9.135,58.801],[9.142,58.807],[9.147,58.813],[9.152,58.816],[9.155,58.814],[9.162,58.818],[9.172,58.825],[9.191,58.83],[9.19,58.845],[9.183,58.862],[9.172,58.874],[9.161,58.885],[9.151,58.887],[9.135,58.892],[9.125,58.894],[9.116,58.897],[9.094,58.905],[9.082,58.908],[9.073,58.911],[9.046,58.926],[9.035,58.933],[9.025,58.949],[9.013,58.966],[9.009,58.977],[9.001,58.98],[9.001,58.988],[8.995,58.993],[8.969,58.989],[8.957,58.989],[8.94,58.986],[8.901,58.986],[8.871,58.986],[8.864,58.987],[8.834,58.988]]]}},{"type":"Feature","properties":{"id":406073,"maakond_id":605,"name":"Marker","bbox":[11.493,59.298,11.822,59.677]},"geometry":{"type":"Polygon","coordinates":[[[11.821,59.298],[11.82,59.305],[11.822,59.312],[11.816,59.345],[11.808,59.354],[11.79,59.371],[11.792,59.374],[11.78,59.386],[11.774,59.414],[11.761,59.429],[11.76,59.458],[11.753,59.479],[11.747,59.491],[11.729,59.511],[11.691,59.59],[11.698,59.609],[11.718,59.624],[11.717,59.624],[11.718,59.635],[11.719,59.654],[11.723,59.657],[11.722,59.661],[11.708,59.665],[11.691,59.668],[11.661,59.672],[11.652,59.672],[11.646,59.676],[11.638,59.675],[11.624,59.677],[11.628,59.669],[11.626,59.666],[11.613,59.66],[11.599,59.656],[11.59,59.65],[11.572,59.643],[11.563,59.645],[11.547,59.644],[11.538,59.642],[11.532,59.639],[11.54,59.632],[11.543,59.627],[11.545,59.618],[11.528,59.617],[11.527,59.613],[11.529,59.611],[11.523,59.608],[11.519,59.601],[11.505,59.599],[11.493,59.594],[11.495,59.587],[11.5,59.582],[11.501,59.577],[11.511,59.569],[11.536,59.564],[11.54,59.561],[11.538,59.549],[11.541,59.543],[11.536,59.534],[11.532,59.525],[11.522,59.514],[11.528,59.508],[11.527,59.505],[11.53,59.503],[11.533,59.495],[11.536,59.491],[11.545,59.488],[11.551,59.484],[11.55,59.469],[11.56,59.453],[11.562,59.447],[11.567,59.438],[11.579,59.428],[11.584,59.422],[11.586,59.413],[11.593,59.408],[11.597,59.402],[11.589,59.394],[11.591,59.392],[11.592,59.383],[11.581,59.363],[11.574,59.355],[11.571,59.348],[11.574,59.336],[11.563,59.336],[11.564,59.333],[11.575,59.326],[11.578,59.322],[11.589,59.314],[11.594,59.317],[11.604,59.319],[11.623,59.316],[11.631,59.328],[11.643,59.338],[11.645,59.338],[11.675,59.336],[11.684,59.337],[11.695,59.336],[11.704,59.331],[11.721,59.334],[11.726,59.332],[11.745,59.332],[11.757,59.334],[11.77,59.328],[11.794,59.31],[11.804,59.305],[11.821,59.298]]]}},{"type":"Feature","properties":{"id":406074,"maakond_id":605,"name":"Aremark","bbox":[11.554,59.034,11.83,59.338]},"geometry":{"type":"Polygon","coordinates":[[[11.711,59.034],[11.722,59.039],[11.735,59.05],[11.743,59.058],[11.749,59.067],[11.757,59.074],[11.776,59.087],[11.777,59.098],[11.781,59.099],[11.777,59.102],[11.774,59.108],[11.768,59.113],[11.764,59.115],[11.769,59.127],[11.778,59.136],[11.776,59.146],[11.777,59.156],[11.777,59.165],[11.775,59.171],[11.776,59.178],[11.784,59.196],[11.782,59.2],[11.783,59.206],[11.794,59.218],[11.799,59.224],[11.812,59.232],[11.826,59.238],[11.83,59.242],[11.826,59.265],[11.821,59.298],[11.804,59.305],[11.794,59.31],[11.77,59.328],[11.757,59.334],[11.745,59.332],[11.726,59.332],[11.721,59.334],[11.704,59.331],[11.695,59.336],[11.684,59.337],[11.675,59.336],[11.645,59.338],[11.643,59.338],[11.631,59.328],[11.623,59.316],[11.604,59.319],[11.594,59.317],[11.589,59.314],[11.578,59.322],[11.578,59.316],[11.575,59.313],[11.587,59.302],[11.589,59.294],[11.58,59.292],[11.573,59.289],[11.564,59.282],[11.56,59.276],[11.555,59.263],[11.558,59.26],[11.554,59.251],[11.562,59.25],[11.571,59.245],[11.573,59.241],[11.56,59.24],[11.567,59.236],[11.572,59.226],[11.578,59.222],[11.576,59.218],[11.578,59.216],[11.59,59.21],[11.586,59.209],[11.588,59.203],[11.582,59.196],[11.591,59.188],[11.599,59.183],[11.601,59.181],[11.609,59.176],[11.62,59.161],[11.63,59.154],[11.634,59.152],[11.635,59.145],[11.63,59.14],[11.63,59.133],[11.631,59.131],[11.642,59.126],[11.647,59.125],[11.649,59.122],[11.655,59.121],[11.655,59.115],[11.658,59.107],[11.675,59.1],[11.678,59.08],[11.681,59.071],[11.68,59.069],[11.671,59.061],[11.669,59.056],[11.677,59.054],[11.677,59.052],[11.681,59.048],[11.693,59.044],[11.711,59.034]]]}},{"type":"Feature","properties":{"id":406075,"maakond_id":605,"name":"Halden","bbox":[11.154,58.877,11.711,59.26]},"geometry":{"type":"Polygon","coordinates":[[[11.154,59.079],[11.225,59.088],[11.258,59.096],[11.289,59.1],[11.303,59.106],[11.34,59.115],[11.368,59.098],[11.389,59.077],[11.414,59.04],[11.431,59.028],[11.443,59.014],[11.465,58.991],[11.454,58.985],[11.462,58.973],[11.46,58.952],[11.464,58.933],[11.456,58.917],[11.456,58.895],[11.461,58.89],[11.483,58.891],[11.492,58.889],[11.5,58.889],[11.516,58.882],[11.517,58.88],[11.526,58.877],[11.539,58.88],[11.534,58.885],[11.542,58.888],[11.545,58.894],[11.554,58.899],[11.561,58.896],[11.57,58.889],[11.575,58.891],[11.577,58.897],[11.585,58.895],[11.591,58.891],[11.607,58.898],[11.626,58.905],[11.63,58.908],[11.652,58.906],[11.657,58.922],[11.657,58.926],[11.662,58.928],[11.658,58.931],[11.664,58.935],[11.676,58.935],[11.673,58.941],[11.677,58.945],[11.682,58.947],[11.683,58.953],[11.689,58.957],[11.687,58.97],[11.689,58.972],[11.684,58.974],[11.693,58.977],[11.692,58.985],[11.686,58.987],[11.684,58.99],[11.689,58.991],[11.698,59],[11.705,59.015],[11.711,59.034],[11.693,59.044],[11.681,59.048],[11.677,59.052],[11.677,59.054],[11.669,59.056],[11.671,59.061],[11.68,59.069],[11.681,59.071],[11.678,59.08],[11.675,59.1],[11.658,59.107],[11.655,59.115],[11.655,59.121],[11.649,59.122],[11.647,59.125],[11.642,59.126],[11.631,59.131],[11.63,59.133],[11.63,59.14],[11.635,59.145],[11.634,59.152],[11.63,59.154],[11.62,59.161],[11.609,59.176],[11.601,59.181],[11.599,59.183],[11.591,59.188],[11.582,59.196],[11.588,59.203],[11.586,59.209],[11.59,59.21],[11.578,59.216],[11.576,59.218],[11.578,59.222],[11.572,59.226],[11.567,59.236],[11.56,59.24],[11.573,59.241],[11.571,59.245],[11.562,59.25],[11.554,59.251],[11.558,59.26],[11.544,59.254],[11.526,59.248],[11.516,59.254],[11.498,59.25],[11.488,59.255],[11.479,59.257],[11.461,59.251],[11.452,59.243],[11.445,59.238],[11.433,59.243],[11.425,59.248],[11.411,59.243],[11.405,59.236],[11.396,59.243],[11.39,59.244],[11.382,59.249],[11.375,59.252],[11.368,59.252],[11.362,59.251],[11.343,59.258],[11.34,59.251],[11.336,59.249],[11.332,59.238],[11.327,59.239],[11.321,59.236],[11.313,59.229],[11.318,59.226],[11.3,59.213],[11.284,59.208],[11.273,59.192],[11.265,59.184],[11.261,59.177],[11.254,59.172],[11.246,59.171],[11.238,59.156],[11.24,59.152],[11.241,59.147],[11.237,59.139],[11.223,59.129],[11.21,59.118],[11.207,59.116],[11.199,59.108],[11.182,59.103],[11.167,59.093],[11.154,59.079]]]}},{"type":"Feature","properties":{"id":406076,"maakond_id":605,"name":"Hvaler","bbox":[10.593,58.761,11.167,59.139]},"geometry":{"type":"Polygon","coordinates":[[[11.167,59.093],[11.157,59.103],[11.16,59.123],[11.135,59.13],[11.124,59.13],[11.106,59.115],[10.975,59.108],[10.972,59.12],[10.954,59.12],[10.948,59.118],[10.935,59.11],[10.931,59.112],[10.932,59.117],[10.924,59.119],[10.93,59.123],[10.932,59.128],[10.928,59.132],[10.914,59.131],[10.9,59.137],[10.838,59.139],[10.798,59.129],[10.8,59.101],[10.76,59.045],[10.675,59.045],[10.66,59.025],[10.629,58.955],[10.593,58.761],[10.639,58.892],[10.756,58.913],[10.918,58.942],[10.983,58.96],[11.066,58.977],[11.092,58.992],[11.117,59.015],[11.154,59.079],[11.167,59.093]]]}},{"type":"Feature","properties":{"id":406077,"maakond_id":605,"name":"Fredrikstad","bbox":[10.605,59.045,11.131,59.324]},"geometry":{"type":"Polygon","coordinates":[[[11.124,59.13],[11.125,59.135],[11.118,59.14],[11.119,59.148],[11.112,59.157],[11.116,59.16],[11.113,59.163],[11.108,59.163],[11.105,59.17],[11.096,59.181],[11.085,59.184],[11.078,59.189],[11.075,59.193],[11.073,59.203],[11.071,59.205],[11.072,59.21],[11.08,59.213],[11.088,59.221],[11.095,59.224],[11.097,59.229],[11.103,59.231],[11.098,59.235],[11.11,59.238],[11.117,59.234],[11.121,59.242],[11.131,59.248],[11.118,59.252],[11.116,59.26],[11.111,59.263],[11.106,59.264],[11.098,59.27],[11.094,59.271],[11.084,59.267],[11.058,59.266],[11.04,59.262],[11.033,59.261],[11.023,59.272],[11.02,59.278],[11.014,59.286],[11.005,59.293],[11.001,59.3],[10.987,59.303],[10.979,59.306],[10.967,59.319],[10.961,59.324],[10.955,59.324],[10.948,59.321],[10.924,59.315],[10.911,59.31],[10.912,59.306],[10.916,59.303],[10.922,59.301],[10.929,59.289],[10.92,59.286],[10.916,59.296],[10.914,59.298],[10.906,59.303],[10.898,59.303],[10.895,59.305],[10.892,59.309],[10.885,59.308],[10.876,59.305],[10.871,59.3],[10.871,59.297],[10.862,59.294],[10.853,59.293],[10.843,59.29],[10.834,59.29],[10.828,59.296],[10.808,59.297],[10.803,59.296],[10.797,59.299],[10.789,59.301],[10.79,59.297],[10.795,59.294],[10.791,59.29],[10.786,59.292],[10.781,59.29],[10.77,59.292],[10.763,59.29],[10.758,59.286],[10.754,59.288],[10.744,59.285],[10.736,59.289],[10.68,59.275],[10.649,59.257],[10.605,59.252],[10.642,59.203],[10.655,59.192],[10.651,59.133],[10.623,59.112],[10.675,59.045],[10.76,59.045],[10.8,59.101],[10.798,59.129],[10.838,59.139],[10.9,59.137],[10.914,59.131],[10.928,59.132],[10.932,59.128],[10.93,59.123],[10.924,59.119],[10.932,59.117],[10.931,59.112],[10.935,59.11],[10.948,59.118],[10.954,59.12],[10.972,59.12],[10.975,59.108],[11.106,59.115],[11.124,59.13]]]}},{"type":"Feature","properties":{"id":406078,"maakond_id":605,"name":"Sarpsborg","bbox":[10.948,59.093,11.348,59.417]},"geometry":{"type":"Polygon","coordinates":[[[11.124,59.13],[11.135,59.13],[11.16,59.123],[11.157,59.103],[11.167,59.093],[11.182,59.103],[11.199,59.108],[11.207,59.116],[11.21,59.118],[11.223,59.129],[11.237,59.139],[11.241,59.147],[11.24,59.152],[11.238,59.156],[11.246,59.171],[11.254,59.172],[11.261,59.177],[11.265,59.184],[11.273,59.192],[11.284,59.208],[11.3,59.213],[11.318,59.226],[11.313,59.229],[11.321,59.236],[11.327,59.239],[11.332,59.238],[11.336,59.249],[11.34,59.251],[11.343,59.258],[11.346,59.265],[11.345,59.269],[11.348,59.277],[11.34,59.28],[11.326,59.288],[11.324,59.299],[11.301,59.322],[11.298,59.323],[11.302,59.329],[11.287,59.337],[11.28,59.34],[11.276,59.344],[11.266,59.348],[11.259,59.352],[11.263,59.354],[11.266,59.359],[11.255,59.365],[11.251,59.374],[11.257,59.38],[11.25,59.388],[11.243,59.392],[11.238,59.388],[11.233,59.382],[11.224,59.389],[11.224,59.393],[11.217,59.398],[11.216,59.401],[11.208,59.4],[11.2,59.406],[11.188,59.405],[11.185,59.401],[11.169,59.397],[11.156,59.393],[11.142,59.411],[11.138,59.415],[11.125,59.417],[11.12,59.417],[11.116,59.412],[11.11,59.405],[11.104,59.402],[11.095,59.401],[11.089,59.398],[11.08,59.391],[11.054,59.391],[11.045,59.392],[11.031,59.394],[11.024,59.394],[11.003,59.397],[10.997,59.399],[10.987,59.399],[10.975,59.395],[10.978,59.39],[10.977,59.375],[10.973,59.368],[10.963,59.362],[10.964,59.356],[10.976,59.355],[10.97,59.35],[10.969,59.347],[10.964,59.341],[10.954,59.339],[10.955,59.33],[10.949,59.326],[10.948,59.321],[10.955,59.324],[10.961,59.324],[10.967,59.319],[10.979,59.306],[10.987,59.303],[11.001,59.3],[11.005,59.293],[11.014,59.286],[11.02,59.278],[11.023,59.272],[11.033,59.261],[11.04,59.262],[11.058,59.266],[11.084,59.267],[11.094,59.271],[11.098,59.27],[11.106,59.264],[11.111,59.263],[11.116,59.26],[11.118,59.252],[11.131,59.248],[11.121,59.242],[11.117,59.234],[11.11,59.238],[11.098,59.235],[11.103,59.231],[11.097,59.229],[11.095,59.224],[11.088,59.221],[11.08,59.213],[11.072,59.21],[11.071,59.205],[11.073,59.203],[11.075,59.193],[11.078,59.189],[11.085,59.184],[11.096,59.181],[11.105,59.17],[11.108,59.163],[11.113,59.163],[11.116,59.16],[11.112,59.157],[11.119,59.148],[11.118,59.14],[11.125,59.135],[11.124,59.13]]]}},{"type":"Feature","properties":{"id":406079,"maakond_id":605,"name":"Rakkestad","bbox":[11.188,59.236,11.597,59.483]},"geometry":{"type":"Polygon","coordinates":[[[11.343,59.258],[11.362,59.251],[11.368,59.252],[11.375,59.252],[11.382,59.249],[11.39,59.244],[11.396,59.243],[11.405,59.236],[11.411,59.243],[11.425,59.248],[11.433,59.243],[11.445,59.238],[11.452,59.243],[11.461,59.251],[11.479,59.257],[11.488,59.255],[11.498,59.25],[11.516,59.254],[11.526,59.248],[11.544,59.254],[11.558,59.26],[11.555,59.263],[11.56,59.276],[11.564,59.282],[11.573,59.289],[11.58,59.292],[11.589,59.294],[11.587,59.302],[11.575,59.313],[11.578,59.316],[11.578,59.322],[11.575,59.326],[11.564,59.333],[11.563,59.336],[11.574,59.336],[11.571,59.348],[11.574,59.355],[11.581,59.363],[11.592,59.383],[11.591,59.392],[11.589,59.394],[11.597,59.402],[11.593,59.408],[11.586,59.413],[11.584,59.422],[11.579,59.428],[11.567,59.438],[11.562,59.447],[11.56,59.453],[11.55,59.469],[11.533,59.47],[11.51,59.472],[11.487,59.476],[11.452,59.48],[11.418,59.483],[11.406,59.482],[11.402,59.483],[11.393,59.483],[11.39,59.479],[11.393,59.473],[11.39,59.468],[11.383,59.466],[11.385,59.463],[11.378,59.463],[11.373,59.466],[11.367,59.466],[11.36,59.469],[11.36,59.473],[11.352,59.476],[11.344,59.476],[11.336,59.479],[11.323,59.468],[11.329,59.463],[11.323,59.462],[11.326,59.456],[11.309,59.453],[11.303,59.454],[11.3,59.462],[11.295,59.466],[11.287,59.466],[11.284,59.469],[11.269,59.47],[11.264,59.467],[11.257,59.468],[11.253,59.466],[11.239,59.469],[11.23,59.473],[11.224,59.467],[11.208,59.445],[11.208,59.443],[11.188,59.422],[11.191,59.413],[11.188,59.405],[11.2,59.406],[11.208,59.4],[11.216,59.401],[11.217,59.398],[11.224,59.393],[11.224,59.389],[11.233,59.382],[11.238,59.388],[11.243,59.392],[11.25,59.388],[11.257,59.38],[11.251,59.374],[11.255,59.365],[11.266,59.359],[11.263,59.354],[11.259,59.352],[11.266,59.348],[11.276,59.344],[11.28,59.34],[11.287,59.337],[11.302,59.329],[11.298,59.323],[11.301,59.322],[11.324,59.299],[11.326,59.288],[11.34,59.28],[11.348,59.277],[11.345,59.269],[11.346,59.265],[11.343,59.258]]]}},{"type":"Feature","properties":{"id":406083,"maakond_id":605,"name":"Skiptvet","bbox":[11.057,59.393,11.241,59.549]},"geometry":{"type":"Polygon","coordinates":[[[11.188,59.405],[11.191,59.413],[11.188,59.422],[11.208,59.443],[11.208,59.445],[11.224,59.467],[11.23,59.473],[11.236,59.484],[11.241,59.493],[11.233,59.501],[11.219,59.509],[11.214,59.517],[11.196,59.529],[11.187,59.539],[11.185,59.54],[11.173,59.542],[11.165,59.538],[11.142,59.544],[11.136,59.548],[11.131,59.549],[11.125,59.547],[11.127,59.544],[11.122,59.542],[11.119,59.535],[11.114,59.532],[11.108,59.537],[11.103,59.532],[11.097,59.53],[11.097,59.527],[11.092,59.522],[11.08,59.519],[11.075,59.516],[11.068,59.51],[11.059,59.506],[11.057,59.504],[11.065,59.499],[11.063,59.495],[11.064,59.49],[11.074,59.479],[11.075,59.472],[11.081,59.467],[11.079,59.463],[11.112,59.447],[11.115,59.443],[11.127,59.437],[11.131,59.431],[11.126,59.427],[11.133,59.424],[11.132,59.421],[11.138,59.415],[11.142,59.411],[11.156,59.393],[11.169,59.397],[11.185,59.401],[11.188,59.405]]]}},{"type":"Feature","properties":{"id":406086,"maakond_id":605,"name":"Våler","bbox":[10.766,59.387,11.138,59.542]},"geometry":{"type":"Polygon","coordinates":[[[10.778,59.495],[10.778,59.491],[10.786,59.486],[10.781,59.473],[10.769,59.468],[10.766,59.462],[10.767,59.45],[10.773,59.448],[10.778,59.449],[10.786,59.446],[10.785,59.44],[10.775,59.434],[10.773,59.431],[10.771,59.422],[10.775,59.416],[10.792,59.404],[10.806,59.401],[10.821,59.396],[10.834,59.391],[10.848,59.387],[10.861,59.387],[10.873,59.389],[10.884,59.394],[10.877,59.401],[10.875,59.408],[10.881,59.411],[10.889,59.409],[10.903,59.399],[10.928,59.398],[10.951,59.394],[10.969,59.394],[10.975,59.395],[10.987,59.399],[10.997,59.399],[11.003,59.397],[11.024,59.394],[11.031,59.394],[11.045,59.392],[11.054,59.391],[11.08,59.391],[11.089,59.398],[11.095,59.401],[11.104,59.402],[11.11,59.405],[11.116,59.412],[11.12,59.417],[11.125,59.417],[11.138,59.415],[11.132,59.421],[11.133,59.424],[11.126,59.427],[11.131,59.431],[11.127,59.437],[11.115,59.443],[11.112,59.447],[11.079,59.463],[11.081,59.467],[11.075,59.472],[11.074,59.479],[11.064,59.49],[11.063,59.495],[11.065,59.499],[11.057,59.504],[11.044,59.504],[11.014,59.512],[11.005,59.509],[10.999,59.505],[10.995,59.505],[10.983,59.503],[10.977,59.503],[10.978,59.509],[10.98,59.512],[10.979,59.524],[10.982,59.529],[10.99,59.533],[10.987,59.54],[10.979,59.542],[10.964,59.541],[10.942,59.538],[10.932,59.536],[10.908,59.538],[10.901,59.535],[10.871,59.528],[10.871,59.531],[10.866,59.532],[10.855,59.532],[10.841,59.532],[10.838,59.529],[10.829,59.535],[10.825,59.536],[10.812,59.53],[10.808,59.522],[10.801,59.52],[10.801,59.515],[10.779,59.521],[10.778,59.517],[10.772,59.51],[10.774,59.502],[10.779,59.497],[10.778,59.495]]]}},{"type":"Feature","properties":{"id":406089,"maakond_id":605,"name":"Råde","bbox":[10.59,59.252,10.978,59.411]},"geometry":{"type":"Polygon","coordinates":[[[10.948,59.321],[10.949,59.326],[10.955,59.33],[10.954,59.339],[10.964,59.341],[10.969,59.347],[10.97,59.35],[10.976,59.355],[10.964,59.356],[10.963,59.362],[10.973,59.368],[10.977,59.375],[10.978,59.39],[10.975,59.395],[10.969,59.394],[10.951,59.394],[10.928,59.398],[10.903,59.399],[10.889,59.409],[10.881,59.411],[10.875,59.408],[10.877,59.401],[10.884,59.394],[10.873,59.389],[10.861,59.387],[10.848,59.387],[10.834,59.391],[10.821,59.396],[10.811,59.39],[10.802,59.382],[10.784,59.374],[10.784,59.37],[10.776,59.363],[10.773,59.358],[10.775,59.357],[10.772,59.351],[10.768,59.348],[10.759,59.349],[10.757,59.344],[10.751,59.342],[10.738,59.337],[10.714,59.32],[10.707,59.298],[10.692,59.294],[10.669,59.312],[10.591,59.297],[10.59,59.268],[10.605,59.252],[10.649,59.257],[10.68,59.275],[10.736,59.289],[10.744,59.285],[10.754,59.288],[10.758,59.286],[10.763,59.29],[10.77,59.292],[10.781,59.29],[10.786,59.292],[10.791,59.29],[10.795,59.294],[10.79,59.297],[10.789,59.301],[10.797,59.299],[10.803,59.296],[10.808,59.297],[10.828,59.296],[10.834,59.29],[10.843,59.29],[10.853,59.293],[10.862,59.294],[10.871,59.297],[10.871,59.3],[10.876,59.305],[10.885,59.308],[10.892,59.309],[10.895,59.305],[10.898,59.303],[10.906,59.303],[10.914,59.298],[10.916,59.296],[10.92,59.286],[10.929,59.289],[10.922,59.301],[10.916,59.303],[10.912,59.306],[10.911,59.31],[10.924,59.315],[10.948,59.321]]]}},{"type":"Feature","properties":{"id":406116,"maakond_id":606,"name":"Hurdal","bbox":[10.672,60.33,11.139,60.524]},"geometry":{"type":"Polygon","coordinates":[[[11.09,60.33],[11.102,60.336],[11.102,60.339],[11.105,60.343],[11.107,60.348],[11.099,60.354],[11.1,60.358],[11.108,60.361],[11.11,60.365],[11.106,60.369],[11.111,60.372],[11.118,60.373],[11.119,60.378],[11.124,60.379],[11.138,60.395],[11.139,60.402],[11.137,60.407],[11.135,60.415],[11.129,60.435],[11.11,60.451],[11.109,60.457],[11.101,60.462],[11.096,60.468],[11.096,60.472],[11.089,60.478],[11.084,60.486],[11.085,60.49],[11.08,60.492],[11.083,60.497],[11.079,60.501],[11.08,60.504],[11.075,60.512],[11.072,60.514],[11.072,60.518],[11.067,60.519],[10.994,60.5],[10.987,60.498],[10.982,60.5],[10.97,60.495],[10.95,60.489],[10.954,60.485],[10.95,60.478],[10.94,60.475],[10.934,60.474],[10.926,60.476],[10.923,60.471],[10.916,60.475],[10.871,60.477],[10.865,60.48],[10.86,60.48],[10.844,60.478],[10.834,60.478],[10.802,60.488],[10.787,60.49],[10.78,60.489],[10.767,60.493],[10.76,60.494],[10.754,60.497],[10.734,60.51],[10.727,60.517],[10.713,60.524],[10.711,60.522],[10.712,60.516],[10.709,60.513],[10.713,60.503],[10.711,60.497],[10.692,60.492],[10.704,60.465],[10.71,60.454],[10.69,60.447],[10.672,60.434],[10.687,60.431],[10.72,60.434],[10.767,60.426],[10.777,60.426],[10.809,60.424],[10.82,60.427],[10.903,60.396],[10.898,60.391],[10.901,60.385],[10.902,60.378],[10.913,60.37],[10.926,60.353],[10.93,60.351],[10.934,60.347],[10.944,60.34],[10.954,60.338],[10.968,60.34],[10.973,60.342],[10.988,60.342],[11.01,60.345],[11.015,60.344],[11.047,60.346],[11.09,60.33]]]}},{"type":"Feature","properties":{"id":406117,"maakond_id":606,"name":"Eidsvoll","bbox":[11.072,60.227,11.422,60.605]},"geometry":{"type":"Polygon","coordinates":[[[11.129,60.247],[11.135,60.248],[11.146,60.246],[11.156,60.252],[11.167,60.255],[11.175,60.255],[11.186,60.256],[11.18,60.251],[11.174,60.248],[11.171,60.241],[11.174,60.239],[11.2,60.246],[11.207,60.241],[11.207,60.237],[11.216,60.234],[11.224,60.234],[11.229,60.227],[11.234,60.227],[11.239,60.231],[11.246,60.236],[11.255,60.234],[11.258,60.228],[11.264,60.23],[11.263,60.235],[11.266,60.236],[11.258,60.245],[11.255,60.252],[11.266,60.254],[11.285,60.254],[11.296,60.258],[11.307,60.257],[11.313,60.259],[11.327,60.265],[11.323,60.269],[11.326,60.272],[11.332,60.281],[11.336,60.283],[11.343,60.285],[11.357,60.283],[11.366,60.288],[11.375,60.295],[11.383,60.298],[11.389,60.303],[11.396,60.306],[11.399,60.311],[11.397,60.317],[11.393,60.322],[11.403,60.321],[11.402,60.328],[11.409,60.334],[11.412,60.344],[11.41,60.351],[11.413,60.352],[11.422,60.352],[11.418,60.361],[11.418,60.368],[11.402,60.377],[11.393,60.389],[11.389,60.395],[11.388,60.402],[11.377,60.415],[11.369,60.427],[11.352,60.449],[11.342,60.459],[11.32,60.462],[11.297,60.469],[11.275,60.485],[11.256,60.492],[11.252,60.495],[11.242,60.498],[11.225,60.502],[11.21,60.505],[11.215,60.521],[11.219,60.542],[11.215,60.564],[11.185,60.585],[11.157,60.603],[11.154,60.605],[11.133,60.597],[11.124,60.59],[11.119,60.584],[11.117,60.574],[11.108,60.569],[11.109,60.566],[11.113,60.561],[11.105,60.56],[11.105,60.553],[11.102,60.55],[11.097,60.536],[11.097,60.527],[11.101,60.526],[11.099,60.522],[11.093,60.517],[11.072,60.518],[11.072,60.514],[11.075,60.512],[11.08,60.504],[11.079,60.501],[11.083,60.497],[11.08,60.492],[11.085,60.49],[11.084,60.486],[11.089,60.478],[11.096,60.472],[11.096,60.468],[11.101,60.462],[11.109,60.457],[11.11,60.451],[11.129,60.435],[11.135,60.415],[11.137,60.407],[11.139,60.402],[11.138,60.395],[11.124,60.379],[11.119,60.378],[11.118,60.373],[11.111,60.372],[11.106,60.369],[11.11,60.365],[11.108,60.361],[11.1,60.358],[11.099,60.354],[11.107,60.348],[11.105,60.343],[11.102,60.339],[11.102,60.336],[11.09,60.33],[11.096,60.306],[11.102,60.284],[11.109,60.279],[11.107,60.278],[11.109,60.267],[11.113,60.265],[11.114,60.261],[11.123,60.251],[11.129,60.247]]]}},{"type":"Feature","properties":{"id":406118,"maakond_id":606,"name":"Ullensaker","bbox":[11.041,60.053,11.336,60.256]},"geometry":{"type":"Polygon","coordinates":[[[11.266,60.236],[11.263,60.235],[11.264,60.23],[11.258,60.228],[11.255,60.234],[11.246,60.236],[11.239,60.231],[11.234,60.227],[11.229,60.227],[11.224,60.234],[11.216,60.234],[11.207,60.237],[11.207,60.241],[11.2,60.246],[11.174,60.239],[11.171,60.241],[11.174,60.248],[11.18,60.251],[11.186,60.256],[11.175,60.255],[11.167,60.255],[11.156,60.252],[11.146,60.246],[11.135,60.248],[11.129,60.247],[11.106,60.234],[11.085,60.206],[11.076,60.202],[11.071,60.203],[11.06,60.204],[11.053,60.202],[11.05,60.198],[11.043,60.195],[11.041,60.192],[11.044,60.188],[11.053,60.181],[11.057,60.185],[11.068,60.186],[11.077,60.18],[11.075,60.177],[11.067,60.175],[11.062,60.171],[11.062,60.168],[11.058,60.166],[11.064,60.157],[11.073,60.154],[11.071,60.151],[11.077,60.148],[11.075,60.145],[11.079,60.141],[11.076,60.139],[11.079,60.131],[11.086,60.128],[11.088,60.126],[11.082,60.123],[11.095,60.115],[11.112,60.114],[11.113,60.108],[11.111,60.105],[11.106,60.101],[11.109,60.1],[11.108,60.096],[11.103,60.09],[11.105,60.087],[11.102,60.081],[11.104,60.077],[11.1,60.072],[11.099,60.065],[11.096,60.061],[11.095,60.055],[11.102,60.058],[11.121,60.058],[11.128,60.053],[11.133,60.053],[11.136,60.056],[11.149,60.059],[11.158,60.056],[11.168,60.058],[11.186,60.06],[11.191,60.06],[11.212,60.058],[11.219,60.057],[11.227,60.057],[11.227,60.061],[11.232,60.064],[11.231,60.067],[11.24,60.068],[11.245,60.071],[11.247,60.076],[11.251,60.077],[11.258,60.074],[11.277,60.069],[11.28,60.063],[11.288,60.061],[11.301,60.07],[11.314,60.076],[11.323,60.082],[11.318,60.089],[11.321,60.099],[11.336,60.112],[11.33,60.117],[11.334,60.12],[11.332,60.126],[11.329,60.128],[11.318,60.127],[11.309,60.125],[11.315,60.131],[11.324,60.135],[11.327,60.14],[11.323,60.153],[11.327,60.157],[11.328,60.167],[11.323,60.169],[11.319,60.178],[11.307,60.182],[11.297,60.184],[11.3,60.187],[11.299,60.192],[11.304,60.194],[11.313,60.193],[11.321,60.196],[11.314,60.207],[11.307,60.211],[11.298,60.213],[11.288,60.222],[11.281,60.216],[11.274,60.228],[11.266,60.236]]]}},{"type":"Feature","properties":{"id":406119,"maakond_id":606,"name":"Nes","bbox":[11.255,59.988,11.822,60.352]},"geometry":{"type":"Polygon","coordinates":[[[11.822,60.052],[11.817,60.057],[11.808,60.053],[11.791,60.048],[11.787,60.052],[11.789,60.06],[11.786,60.067],[11.79,60.069],[11.791,60.072],[11.786,60.073],[11.785,60.077],[11.779,60.083],[11.778,60.09],[11.773,60.092],[11.764,60.092],[11.764,60.095],[11.749,60.097],[11.735,60.096],[11.726,60.102],[11.717,60.102],[11.714,60.104],[11.699,60.109],[11.698,60.111],[11.69,60.112],[11.676,60.115],[11.662,60.121],[11.655,60.122],[11.64,60.129],[11.635,60.133],[11.626,60.137],[11.623,60.143],[11.615,60.146],[11.599,60.156],[11.589,60.162],[11.59,60.167],[11.585,60.173],[11.58,60.174],[11.573,60.173],[11.57,60.176],[11.562,60.176],[11.56,60.182],[11.564,60.186],[11.573,60.191],[11.578,60.196],[11.576,60.197],[11.584,60.204],[11.585,60.211],[11.582,60.215],[11.585,60.223],[11.58,60.23],[11.581,60.237],[11.588,60.245],[11.595,60.248],[11.6,60.256],[11.597,60.261],[11.602,60.267],[11.595,60.269],[11.583,60.274],[11.569,60.278],[11.56,60.28],[11.549,60.285],[11.52,60.295],[11.505,60.31],[11.494,60.316],[11.474,60.332],[11.465,60.332],[11.452,60.333],[11.445,60.337],[11.433,60.34],[11.431,60.344],[11.422,60.352],[11.413,60.352],[11.41,60.351],[11.412,60.344],[11.409,60.334],[11.402,60.328],[11.403,60.321],[11.393,60.322],[11.397,60.317],[11.399,60.311],[11.396,60.306],[11.389,60.303],[11.383,60.298],[11.375,60.295],[11.366,60.288],[11.357,60.283],[11.343,60.285],[11.336,60.283],[11.332,60.281],[11.326,60.272],[11.323,60.269],[11.327,60.265],[11.313,60.259],[11.307,60.257],[11.296,60.258],[11.285,60.254],[11.266,60.254],[11.255,60.252],[11.258,60.245],[11.266,60.236],[11.274,60.228],[11.281,60.216],[11.288,60.222],[11.298,60.213],[11.307,60.211],[11.314,60.207],[11.321,60.196],[11.313,60.193],[11.304,60.194],[11.299,60.192],[11.3,60.187],[11.297,60.184],[11.307,60.182],[11.319,60.178],[11.323,60.169],[11.328,60.167],[11.327,60.157],[11.323,60.153],[11.327,60.14],[11.324,60.135],[11.315,60.131],[11.309,60.125],[11.318,60.127],[11.329,60.128],[11.332,60.126],[11.334,60.12],[11.33,60.117],[11.336,60.112],[11.321,60.099],[11.318,60.089],[11.323,60.082],[11.314,60.076],[11.301,60.07],[11.288,60.061],[11.306,60.057],[11.308,60.053],[11.314,60.05],[11.309,60.047],[11.326,60.04],[11.32,60.037],[11.317,60.032],[11.314,60.025],[11.327,60.02],[11.337,60.021],[11.339,60.024],[11.349,60.022],[11.353,60.026],[11.357,60.028],[11.368,60.025],[11.364,60.019],[11.377,60.02],[11.379,60.018],[11.39,60.016],[11.388,60.012],[11.394,60.008],[11.402,60.005],[11.411,60.006],[11.415,60.002],[11.414,59.997],[11.421,59.995],[11.433,59.992],[11.44,59.988],[11.448,59.991],[11.453,59.995],[11.466,60],[11.477,60.002],[11.485,60.003],[11.489,60.005],[11.501,60.007],[11.509,60.011],[11.517,60.012],[11.521,60.022],[11.532,60.02],[11.551,60.022],[11.558,60.022],[11.565,60.02],[11.576,60.018],[11.593,60.013],[11.625,60.009],[11.631,60.008],[11.644,60.007],[11.657,60],[11.67,60.002],[11.67,60.007],[11.677,60.01],[11.692,60.011],[11.718,60.013],[11.738,60.012],[11.767,60.011],[11.774,60.005],[11.787,60.006],[11.788,60.012],[11.8,60.012],[11.804,60.012],[11.816,60.016],[11.819,60.024],[11.822,60.03],[11.822,60.052]]]}},{"type":"Feature","properties":{"id":406121,"maakond_id":606,"name":"Nannestad","bbox":[10.772,60.107,11.129,60.347]},"geometry":{"type":"Polygon","coordinates":[[[11.09,60.33],[11.047,60.346],[11.015,60.344],[11.01,60.345],[10.988,60.342],[10.973,60.342],[10.968,60.34],[10.954,60.338],[10.944,60.34],[10.934,60.347],[10.907,60.333],[10.883,60.319],[10.872,60.321],[10.865,60.314],[10.844,60.295],[10.842,60.292],[10.828,60.28],[10.813,60.264],[10.807,60.254],[10.796,60.238],[10.782,60.227],[10.772,60.215],[10.773,60.209],[10.776,60.193],[10.774,60.188],[10.808,60.185],[10.811,60.18],[10.84,60.186],[10.848,60.184],[10.851,60.182],[10.863,60.185],[10.861,60.178],[10.864,60.175],[10.865,60.162],[10.872,60.159],[10.874,60.155],[10.881,60.156],[10.886,60.159],[10.893,60.157],[10.894,60.151],[10.899,60.139],[10.906,60.137],[10.907,60.132],[10.911,60.131],[10.913,60.127],[10.918,60.129],[10.93,60.125],[10.953,60.122],[10.963,60.123],[10.985,60.122],[11.002,60.128],[10.998,60.121],[11.003,60.12],[11.005,60.115],[11.003,60.11],[11.011,60.107],[11.016,60.108],[11.031,60.109],[11.036,60.11],[11.042,60.107],[11.047,60.109],[11.056,60.109],[11.063,60.111],[11.066,60.116],[11.082,60.123],[11.088,60.126],[11.086,60.128],[11.079,60.131],[11.076,60.139],[11.079,60.141],[11.075,60.145],[11.077,60.148],[11.071,60.151],[11.073,60.154],[11.064,60.157],[11.058,60.166],[11.062,60.168],[11.062,60.171],[11.067,60.175],[11.075,60.177],[11.077,60.18],[11.068,60.186],[11.057,60.185],[11.053,60.181],[11.044,60.188],[11.041,60.192],[11.043,60.195],[11.05,60.198],[11.053,60.202],[11.06,60.204],[11.071,60.203],[11.076,60.202],[11.085,60.206],[11.106,60.234],[11.129,60.247],[11.123,60.251],[11.114,60.261],[11.113,60.265],[11.109,60.267],[11.107,60.278],[11.109,60.279],[11.102,60.284],[11.096,60.306],[11.09,60.33]]]}},{"type":"Feature","properties":{"id":406122,"maakond_id":606,"name":"Nittedal","bbox":[10.675,59.973,10.996,60.188]},"geometry":{"type":"Polygon","coordinates":[[[10.973,60.043],[10.961,60.046],[10.953,60.045],[10.949,60.048],[10.941,60.049],[10.934,60.055],[10.933,60.061],[10.935,60.064],[10.935,60.071],[10.939,60.077],[10.937,60.08],[10.921,60.089],[10.928,60.093],[10.928,60.098],[10.92,60.103],[10.912,60.113],[10.911,60.119],[10.913,60.127],[10.911,60.131],[10.907,60.132],[10.906,60.137],[10.899,60.139],[10.894,60.151],[10.893,60.157],[10.886,60.159],[10.881,60.156],[10.874,60.155],[10.872,60.159],[10.865,60.162],[10.864,60.175],[10.861,60.178],[10.863,60.185],[10.851,60.182],[10.848,60.184],[10.84,60.186],[10.811,60.18],[10.808,60.185],[10.774,60.188],[10.778,60.187],[10.776,60.182],[10.779,60.176],[10.777,60.17],[10.771,60.167],[10.767,60.16],[10.769,60.151],[10.755,60.151],[10.75,60.152],[10.74,60.151],[10.722,60.153],[10.711,60.153],[10.706,60.15],[10.701,60.152],[10.694,60.15],[10.684,60.146],[10.677,60.147],[10.675,60.143],[10.68,60.134],[10.695,60.127],[10.704,60.125],[10.704,60.121],[10.707,60.119],[10.716,60.12],[10.737,60.126],[10.746,60.123],[10.752,60.118],[10.768,60.113],[10.757,60.106],[10.755,60.1],[10.762,60.098],[10.77,60.087],[10.775,60.084],[10.779,60.077],[10.784,60.073],[10.788,60.068],[10.808,60.064],[10.82,60.064],[10.817,60.057],[10.818,60.038],[10.813,60.036],[10.814,60.029],[10.812,60.026],[10.819,60.018],[10.827,60.023],[10.832,60.018],[10.833,60.01],[10.837,60.007],[10.839,59.998],[10.849,60.002],[10.858,59.996],[10.866,59.995],[10.868,59.991],[10.875,59.988],[10.876,59.985],[10.883,59.985],[10.893,59.981],[10.901,59.98],[10.913,59.981],[10.918,59.985],[10.926,59.984],[10.934,59.974],[10.939,59.975],[10.952,59.973],[10.957,59.978],[10.968,59.98],[10.971,59.988],[10.983,59.987],[10.988,59.985],[10.992,59.99],[10.991,59.991],[10.996,59.998],[10.988,60.005],[10.983,60.006],[10.975,60.006],[10.976,60.01],[10.969,60.015],[10.971,60.021],[10.966,60.026],[10.97,60.041],[10.973,60.043]]]}},{"type":"Feature","properties":{"id":406123,"maakond_id":606,"name":"Gjerdrum","bbox":[10.911,60.029,11.113,60.129]},"geometry":{"type":"Polygon","coordinates":[[[10.913,60.127],[10.911,60.119],[10.912,60.113],[10.92,60.103],[10.928,60.098],[10.928,60.093],[10.921,60.089],[10.937,60.08],[10.939,60.077],[10.935,60.071],[10.935,60.064],[10.933,60.061],[10.934,60.055],[10.941,60.049],[10.949,60.048],[10.953,60.045],[10.961,60.046],[10.973,60.043],[10.988,60.045],[10.998,60.039],[11.002,60.036],[11.019,60.035],[11.018,60.031],[11.032,60.029],[11.04,60.031],[11.043,60.03],[11.056,60.03],[11.068,60.037],[11.067,60.045],[11.074,60.05],[11.075,60.053],[11.087,60.052],[11.092,60.049],[11.095,60.055],[11.096,60.061],[11.099,60.065],[11.1,60.072],[11.104,60.077],[11.102,60.081],[11.105,60.087],[11.103,60.09],[11.108,60.096],[11.109,60.1],[11.106,60.101],[11.111,60.105],[11.113,60.108],[11.112,60.114],[11.095,60.115],[11.082,60.123],[11.066,60.116],[11.063,60.111],[11.056,60.109],[11.047,60.109],[11.042,60.107],[11.036,60.11],[11.031,60.109],[11.016,60.108],[11.011,60.107],[11.003,60.11],[11.005,60.115],[11.003,60.12],[10.998,60.121],[11.002,60.128],[10.985,60.122],[10.963,60.123],[10.953,60.122],[10.93,60.125],[10.918,60.129],[10.913,60.127]]]}},{"type":"Feature","properties":{"id":406126,"maakond_id":606,"name":"Lørenskog","bbox":[10.907,59.836,11.03,59.957]},"geometry":{"type":"Polygon","coordinates":[[[10.951,59.949],[10.942,59.947],[10.946,59.943],[10.929,59.935],[10.921,59.926],[10.915,59.912],[10.911,59.897],[10.908,59.885],[10.91,59.875],[10.907,59.87],[10.912,59.86],[10.92,59.854],[10.926,59.845],[10.927,59.843],[10.933,59.837],[10.938,59.838],[10.969,59.84],[10.986,59.84],[10.996,59.837],[11.003,59.836],[11.023,59.838],[11.025,59.843],[11.024,59.852],[11.017,59.855],[11.015,59.857],[11.016,59.861],[11.011,59.866],[11.023,59.875],[11.019,59.882],[11.021,59.895],[11.023,59.898],[11.022,59.905],[11.029,59.906],[11.03,59.909],[11.026,59.914],[11.029,59.929],[11.024,59.936],[11.019,59.938],[11.013,59.937],[11.012,59.94],[11.005,59.939],[10.998,59.941],[10.996,59.944],[10.988,59.952],[10.968,59.949],[10.968,59.957],[10.958,59.954],[10.951,59.949]]]}},{"type":"Feature","properties":{"id":406127,"maakond_id":606,"name":"Rælingen","bbox":[11.011,59.827,11.174,59.954]},"geometry":{"type":"Polygon","coordinates":[[[11.012,59.94],[11.013,59.937],[11.019,59.938],[11.024,59.936],[11.029,59.929],[11.026,59.914],[11.03,59.909],[11.029,59.906],[11.022,59.905],[11.023,59.898],[11.021,59.895],[11.019,59.882],[11.023,59.875],[11.011,59.866],[11.016,59.861],[11.015,59.857],[11.017,59.855],[11.024,59.852],[11.025,59.843],[11.023,59.838],[11.028,59.839],[11.031,59.834],[11.038,59.832],[11.049,59.837],[11.062,59.834],[11.069,59.834],[11.08,59.83],[11.083,59.827],[11.095,59.83],[11.102,59.83],[11.106,59.836],[11.101,59.842],[11.105,59.842],[11.119,59.847],[11.132,59.841],[11.139,59.84],[11.142,59.842],[11.174,59.856],[11.163,59.866],[11.155,59.87],[11.146,59.875],[11.142,59.878],[11.137,59.894],[11.13,59.903],[11.123,59.905],[11.116,59.903],[11.111,59.901],[11.097,59.918],[11.088,59.927],[11.076,59.934],[11.073,59.937],[11.063,59.941],[11.058,59.945],[11.05,59.949],[11.04,59.951],[11.036,59.953],[11.026,59.954],[11.021,59.95],[11.02,59.946],[11.012,59.94]]]}},{"type":"Feature","properties":{"id":406129,"maakond_id":606,"name":"Enebakk","bbox":[10.933,59.682,11.244,59.856]},"geometry":{"type":"Polygon","coordinates":[[[10.937,59.832],[10.94,59.827],[10.949,59.821],[10.956,59.818],[10.967,59.816],[10.973,59.811],[10.974,59.808],[10.98,59.803],[10.982,59.796],[10.97,59.791],[10.97,59.785],[10.983,59.778],[10.99,59.775],[10.982,59.77],[10.969,59.765],[10.963,59.765],[10.953,59.762],[10.959,59.759],[10.966,59.754],[10.981,59.744],[10.984,59.739],[10.992,59.733],[10.986,59.732],[10.985,59.728],[10.976,59.724],[10.973,59.717],[10.979,59.711],[10.99,59.705],[10.994,59.703],[11.011,59.7],[11.019,59.696],[11.033,59.692],[11.043,59.692],[11.049,59.694],[11.052,59.699],[11.065,59.698],[11.072,59.7],[11.089,59.7],[11.102,59.703],[11.105,59.703],[11.1,59.695],[11.104,59.692],[11.109,59.693],[11.116,59.697],[11.13,59.702],[11.138,59.7],[11.141,59.695],[11.15,59.686],[11.153,59.684],[11.173,59.682],[11.186,59.685],[11.192,59.685],[11.198,59.682],[11.204,59.683],[11.23,59.683],[11.228,59.693],[11.229,59.706],[11.232,59.721],[11.236,59.73],[11.242,59.738],[11.244,59.746],[11.237,59.757],[11.233,59.762],[11.227,59.773],[11.223,59.776],[11.22,59.785],[11.222,59.796],[11.22,59.811],[11.216,59.818],[11.206,59.828],[11.174,59.856],[11.142,59.842],[11.139,59.84],[11.132,59.841],[11.119,59.847],[11.105,59.842],[11.101,59.842],[11.106,59.836],[11.102,59.83],[11.095,59.83],[11.083,59.827],[11.08,59.83],[11.069,59.834],[11.062,59.834],[11.049,59.837],[11.038,59.832],[11.031,59.834],[11.028,59.839],[11.023,59.838],[11.003,59.836],[10.996,59.837],[10.986,59.84],[10.969,59.84],[10.938,59.838],[10.933,59.837],[10.937,59.832]]]}},{"type":"Feature","properties":{"id":406133,"maakond_id":606,"name":"Vestby","bbox":[10.616,59.472,10.86,59.648]},"geometry":{"type":"Polygon","coordinates":[[[10.63,59.616],[10.635,59.589],[10.632,59.567],[10.616,59.535],[10.638,59.528],[10.659,59.517],[10.667,59.502],[10.68,59.488],[10.693,59.49],[10.696,59.493],[10.708,59.49],[10.714,59.478],[10.72,59.474],[10.726,59.472],[10.736,59.476],[10.744,59.482],[10.753,59.485],[10.748,59.488],[10.747,59.492],[10.778,59.495],[10.779,59.497],[10.774,59.502],[10.772,59.51],[10.778,59.517],[10.779,59.521],[10.783,59.529],[10.787,59.535],[10.783,59.541],[10.785,59.547],[10.773,59.549],[10.771,59.552],[10.785,59.557],[10.787,59.558],[10.797,59.56],[10.798,59.562],[10.805,59.564],[10.813,59.562],[10.819,59.562],[10.824,59.565],[10.834,59.566],[10.847,59.57],[10.846,59.576],[10.852,59.578],[10.847,59.581],[10.849,59.586],[10.855,59.586],[10.86,59.59],[10.859,59.592],[10.846,59.594],[10.854,59.599],[10.85,59.601],[10.842,59.601],[10.841,59.608],[10.822,59.609],[10.817,59.612],[10.82,59.618],[10.819,59.622],[10.815,59.622],[10.805,59.631],[10.792,59.631],[10.787,59.633],[10.781,59.631],[10.77,59.632],[10.767,59.634],[10.761,59.631],[10.754,59.634],[10.752,59.633],[10.752,59.625],[10.745,59.625],[10.738,59.631],[10.737,59.635],[10.725,59.642],[10.717,59.639],[10.711,59.641],[10.705,59.639],[10.688,59.647],[10.683,59.648],[10.681,59.644],[10.683,59.637],[10.679,59.631],[10.668,59.621],[10.666,59.618],[10.658,59.613],[10.652,59.616],[10.63,59.616]]]}},{"type":"Feature","properties":{"id":406134,"maakond_id":606,"name":"Frogn","bbox":[10.538,59.613,10.751,59.779]},"geometry":{"type":"Polygon","coordinates":[[[10.63,59.616],[10.652,59.616],[10.658,59.613],[10.666,59.618],[10.668,59.621],[10.679,59.631],[10.683,59.637],[10.681,59.644],[10.683,59.648],[10.681,59.653],[10.675,59.656],[10.678,59.665],[10.687,59.663],[10.69,59.665],[10.684,59.668],[10.683,59.671],[10.693,59.67],[10.701,59.671],[10.708,59.67],[10.714,59.672],[10.712,59.675],[10.719,59.68],[10.742,59.687],[10.743,59.691],[10.741,59.7],[10.745,59.705],[10.751,59.707],[10.749,59.712],[10.743,59.715],[10.73,59.717],[10.726,59.725],[10.729,59.728],[10.725,59.733],[10.722,59.749],[10.717,59.756],[10.722,59.765],[10.723,59.779],[10.701,59.775],[10.699,59.771],[10.69,59.77],[10.686,59.772],[10.675,59.771],[10.673,59.769],[10.659,59.767],[10.647,59.76],[10.645,59.757],[10.639,59.753],[10.635,59.747],[10.636,59.744],[10.631,59.738],[10.641,59.732],[10.639,59.725],[10.63,59.726],[10.621,59.722],[10.607,59.727],[10.595,59.73],[10.581,59.731],[10.572,59.741],[10.573,59.764],[10.542,59.774],[10.538,59.755],[10.549,59.732],[10.539,59.721],[10.556,59.683],[10.585,59.672],[10.602,59.67],[10.616,59.659],[10.63,59.616]]]}},{"type":"Feature","properties":{"id":406135,"maakond_id":606,"name":"Nesodden","bbox":[10.542,59.722,10.744,59.884]},"geometry":{"type":"Polygon","coordinates":[[[10.744,59.839],[10.731,59.877],[10.689,59.876],[10.658,59.884],[10.598,59.836],[10.563,59.826],[10.545,59.788],[10.542,59.774],[10.573,59.764],[10.572,59.741],[10.581,59.731],[10.595,59.73],[10.607,59.727],[10.621,59.722],[10.63,59.726],[10.639,59.725],[10.641,59.732],[10.631,59.738],[10.636,59.744],[10.635,59.747],[10.639,59.753],[10.645,59.757],[10.647,59.76],[10.659,59.767],[10.673,59.769],[10.675,59.771],[10.686,59.772],[10.69,59.77],[10.699,59.771],[10.701,59.775],[10.723,59.779],[10.719,59.794],[10.724,59.829],[10.744,59.839]]]}},{"type":"Feature","properties":{"id":406136,"maakond_id":606,"name":"Bærum","bbox":[10.348,59.826,10.658,60.032]},"geometry":{"type":"Polygon","coordinates":[[[10.658,59.884],[10.648,59.909],[10.643,59.911],[10.64,59.914],[10.633,59.915],[10.63,59.921],[10.626,59.922],[10.627,59.93],[10.633,59.933],[10.635,59.936],[10.632,59.939],[10.636,59.945],[10.634,59.953],[10.628,59.961],[10.623,59.963],[10.618,59.971],[10.61,59.977],[10.602,59.977],[10.59,59.979],[10.579,59.985],[10.556,59.997],[10.549,59.994],[10.544,59.998],[10.534,60.001],[10.518,59.999],[10.505,60.008],[10.49,60.016],[10.489,60.017],[10.478,60.032],[10.469,60.029],[10.455,60.032],[10.445,60.03],[10.435,60.03],[10.434,60.025],[10.436,60.019],[10.435,60.013],[10.417,60.008],[10.412,60.003],[10.415,60.002],[10.422,59.988],[10.417,59.984],[10.403,59.979],[10.392,59.979],[10.389,59.982],[10.382,59.98],[10.381,59.976],[10.371,59.971],[10.358,59.968],[10.35,59.96],[10.35,59.957],[10.351,59.953],[10.348,59.951],[10.355,59.942],[10.363,59.937],[10.372,59.93],[10.376,59.922],[10.377,59.911],[10.372,59.91],[10.363,59.906],[10.374,59.895],[10.389,59.885],[10.391,59.882],[10.4,59.88],[10.406,59.88],[10.413,59.876],[10.418,59.877],[10.427,59.875],[10.426,59.883],[10.428,59.886],[10.435,59.886],[10.446,59.883],[10.454,59.884],[10.464,59.875],[10.467,59.874],[10.476,59.881],[10.487,59.88],[10.493,59.881],[10.495,59.878],[10.506,59.88],[10.508,59.877],[10.517,59.879],[10.527,59.883],[10.532,59.884],[10.546,59.875],[10.556,59.866],[10.567,59.85],[10.563,59.826],[10.598,59.836],[10.658,59.884]]]}},{"type":"Feature","properties":{"id":406462,"maakond_id":613,"name":"Rennebu","bbox":[9.422,62.558,10.325,62.974]},"geometry":{"type":"Polygon","coordinates":[[[10.325,62.695],[10.318,62.715],[10.318,62.727],[10.272,62.739],[10.229,62.748],[10.188,62.759],[10.167,62.801],[10.151,62.835],[10.147,62.841],[10.148,62.845],[10.141,62.849],[10.14,62.852],[10.127,62.862],[10.129,62.864],[10.124,62.87],[10.12,62.871],[10.114,62.877],[10.108,62.877],[10.103,62.884],[10.097,62.889],[10.091,62.889],[10.087,62.896],[10.081,62.899],[10.067,62.903],[10.059,62.904],[10.043,62.917],[10.025,62.931],[10.001,62.945],[9.988,62.965],[9.95,62.972],[9.913,62.969],[9.898,62.97],[9.897,62.973],[9.891,62.974],[9.848,62.968],[9.841,62.968],[9.798,62.97],[9.794,62.972],[9.778,62.973],[9.754,62.968],[9.742,62.964],[9.73,62.961],[9.723,62.959],[9.694,62.948],[9.681,62.947],[9.671,62.942],[9.667,62.937],[9.659,62.93],[9.645,62.927],[9.606,62.911],[9.593,62.904],[9.585,62.899],[9.575,62.898],[9.552,62.897],[9.545,62.9],[9.544,62.902],[9.532,62.905],[9.508,62.915],[9.492,62.911],[9.489,62.899],[9.45,62.89],[9.456,62.868],[9.463,62.848],[9.422,62.816],[9.517,62.806],[9.532,62.799],[9.537,62.795],[9.563,62.791],[9.565,62.777],[9.572,62.775],[9.58,62.772],[9.589,62.77],[9.592,62.766],[9.603,62.765],[9.611,62.76],[9.62,62.757],[9.663,62.734],[9.725,62.714],[9.723,62.719],[9.733,62.73],[9.736,62.732],[9.76,62.739],[9.767,62.737],[9.771,62.732],[9.779,62.733],[9.79,62.73],[9.794,62.727],[9.8,62.724],[9.806,62.718],[9.826,62.715],[9.832,62.716],[9.858,62.716],[9.863,62.719],[9.879,62.721],[9.892,62.724],[9.899,62.721],[9.902,62.718],[9.909,62.717],[9.907,62.712],[9.914,62.707],[9.921,62.699],[9.943,62.695],[9.938,62.692],[9.938,62.684],[9.933,62.677],[9.93,62.676],[9.982,62.659],[9.966,62.634],[9.972,62.624],[9.983,62.601],[10.006,62.558],[10.039,62.568],[10.035,62.57],[10.027,62.58],[10.027,62.586],[10.039,62.59],[10.047,62.597],[10.057,62.6],[10.074,62.602],[10.086,62.625],[10.102,62.637],[10.109,62.654],[10.12,62.664],[10.136,62.67],[10.14,62.675],[10.148,62.677],[10.146,62.682],[10.15,62.684],[10.163,62.686],[10.16,62.691],[10.176,62.697],[10.186,62.695],[10.198,62.688],[10.206,62.692],[10.239,62.695],[10.325,62.695]]]}},{"type":"Feature","properties":{"id":406463,"maakond_id":613,"name":"Oppdal","bbox":[8.92,62.256,10.098,62.816]},"geometry":{"type":"Polygon","coordinates":[[[10.098,62.428],[10.039,62.503],[10.02,62.533],[10.02,62.534],[10.006,62.558],[9.983,62.601],[9.972,62.624],[9.966,62.634],[9.982,62.659],[9.93,62.676],[9.933,62.677],[9.938,62.684],[9.938,62.692],[9.943,62.695],[9.921,62.699],[9.914,62.707],[9.907,62.712],[9.909,62.717],[9.902,62.718],[9.899,62.721],[9.892,62.724],[9.879,62.721],[9.863,62.719],[9.858,62.716],[9.832,62.716],[9.826,62.715],[9.806,62.718],[9.8,62.724],[9.794,62.727],[9.79,62.73],[9.779,62.733],[9.771,62.732],[9.767,62.737],[9.76,62.739],[9.736,62.732],[9.733,62.73],[9.723,62.719],[9.725,62.714],[9.663,62.734],[9.62,62.757],[9.611,62.76],[9.603,62.765],[9.592,62.766],[9.589,62.77],[9.58,62.772],[9.572,62.775],[9.565,62.777],[9.563,62.791],[9.537,62.795],[9.532,62.799],[9.517,62.806],[9.422,62.816],[9.365,62.794],[9.218,62.769],[9.147,62.756],[9.137,62.757],[9.122,62.755],[9.115,62.756],[9.104,62.754],[9.093,62.755],[9.094,62.758],[9.085,62.76],[9.077,62.76],[9.058,62.746],[8.986,62.742],[8.92,62.712],[8.981,62.662],[9.012,62.664],[9.081,62.625],[9.111,62.606],[9.126,62.587],[9.139,62.583],[9.15,62.578],[9.148,62.577],[9.154,62.573],[9.171,62.576],[9.172,62.574],[9.189,62.577],[9.196,62.577],[9.196,62.574],[9.201,62.572],[9.221,62.575],[9.223,62.57],[9.232,62.568],[9.237,62.56],[9.244,62.556],[9.243,62.553],[9.239,62.549],[9.237,62.544],[9.238,62.536],[9.231,62.54],[9.22,62.524],[9.223,62.521],[9.217,62.52],[9.206,62.522],[9.212,62.514],[9.213,62.507],[9.211,62.501],[9.208,62.5],[9.184,62.458],[9.199,62.448],[9.184,62.427],[9.142,62.398],[9.105,62.382],[9.062,62.373],[9.097,62.363],[9.213,62.343],[9.224,62.342],[9.361,62.318],[9.484,62.292],[9.487,62.292],[9.515,62.278],[9.547,62.27],[9.551,62.269],[9.602,62.256],[9.634,62.263],[9.692,62.277],[9.718,62.283],[9.792,62.288],[9.802,62.289],[9.819,62.297],[9.827,62.299],[9.829,62.305],[9.835,62.307],[9.834,62.312],[9.84,62.315],[9.835,62.32],[9.833,62.326],[9.835,62.33],[9.848,62.33],[9.844,62.333],[9.846,62.336],[9.842,62.339],[9.829,62.34],[9.822,62.344],[9.839,62.362],[9.9,62.344],[9.934,62.355],[9.953,62.381],[9.952,62.397],[10.098,62.428]]]}},{"type":"Feature","properties":{"id":406476,"maakond_id":613,"name":"Midtre Gauldal","bbox":[9.988,62.645,10.998,63.144]},"geometry":{"type":"Polygon","coordinates":[[[10.716,63.144],[10.649,63.115],[10.568,63.089],[10.525,63.092],[10.486,63.091],[10.441,63.086],[10.409,63.078],[10.366,63.077],[10.319,63.076],[10.293,63.07],[10.286,63.067],[10.28,63.068],[10.255,63.06],[10.226,63.057],[10.206,63.057],[10.142,63.058],[10.094,63.031],[10.064,63.027],[10.034,63.024],[10.013,63.02],[10.008,63.001],[10.01,62.993],[10.006,62.991],[9.992,62.975],[9.988,62.965],[10.001,62.945],[10.025,62.931],[10.043,62.917],[10.059,62.904],[10.067,62.903],[10.081,62.899],[10.087,62.896],[10.091,62.889],[10.097,62.889],[10.103,62.884],[10.108,62.877],[10.114,62.877],[10.12,62.871],[10.124,62.87],[10.129,62.864],[10.127,62.862],[10.14,62.852],[10.141,62.849],[10.148,62.845],[10.147,62.841],[10.151,62.835],[10.167,62.801],[10.188,62.759],[10.229,62.748],[10.272,62.739],[10.318,62.727],[10.318,62.715],[10.325,62.695],[10.444,62.682],[10.488,62.677],[10.593,62.664],[10.597,62.664],[10.65,62.677],[10.673,62.675],[10.712,62.666],[10.718,62.65],[10.74,62.645],[10.792,62.679],[10.829,62.717],[10.89,62.781],[10.945,62.789],[10.907,62.852],[10.957,62.888],[10.968,62.918],[10.958,62.933],[10.942,62.94],[10.943,62.952],[10.945,62.957],[10.949,62.96],[10.944,62.969],[10.945,62.971],[10.955,62.975],[10.97,63.004],[10.989,63.048],[10.991,63.049],[10.998,63.062],[10.959,63.061],[10.923,63.068],[10.901,63.085],[10.846,63.102],[10.825,63.108],[10.794,63.117],[10.75,63.132],[10.723,63.142],[10.716,63.144]]]}},{"type":"Feature","properties":{"id":406477,"maakond_id":613,"name":"Holtålen","bbox":[10.792,62.662,11.808,63.064]},"geometry":{"type":"Polygon","coordinates":[[[10.998,63.062],[10.991,63.049],[10.989,63.048],[10.97,63.004],[10.955,62.975],[10.945,62.971],[10.944,62.969],[10.949,62.96],[10.945,62.957],[10.943,62.952],[10.942,62.94],[10.958,62.933],[10.968,62.918],[10.957,62.888],[10.907,62.852],[10.945,62.789],[10.89,62.781],[10.829,62.717],[10.792,62.679],[10.825,62.688],[10.851,62.693],[10.928,62.696],[10.931,62.694],[11.044,62.667],[11.125,62.662],[11.129,62.665],[11.134,62.673],[11.133,62.679],[11.169,62.677],[11.17,62.676],[11.206,62.697],[11.226,62.707],[11.243,62.713],[11.271,62.709],[11.292,62.714],[11.298,62.721],[11.296,62.726],[11.302,62.733],[11.302,62.738],[11.306,62.744],[11.327,62.744],[11.334,62.746],[11.341,62.744],[11.36,62.741],[11.396,62.741],[11.396,62.749],[11.413,62.757],[11.435,62.755],[11.437,62.759],[11.444,62.76],[11.469,62.75],[11.491,62.761],[11.53,62.764],[11.558,62.771],[11.672,62.771],[11.751,62.808],[11.781,62.821],[11.796,62.829],[11.808,62.829],[11.784,62.889],[11.781,62.895],[11.667,62.894],[11.656,62.887],[11.648,62.883],[11.64,62.882],[11.596,62.88],[11.581,62.88],[11.505,62.923],[11.464,62.975],[11.272,63.004],[11.239,63.013],[11.215,63.01],[11.188,63.013],[11.147,63.064],[11.103,63.059],[11.093,63.058],[11.059,63.058],[11.033,63.059],[11.004,63.063],[10.998,63.062]]]}},{"type":"Feature","properties":{"id":406493,"maakond_id":613,"name":"Røros","bbox":[11.125,62.31,12.255,62.829]},"geometry":{"type":"Polygon","coordinates":[[[11.837,62.374],[11.963,62.362],[11.988,62.359],[11.993,62.354],[12.015,62.354],[12.038,62.349],[12.042,62.349],[12.058,62.346],[12.065,62.344],[12.075,62.335],[12.084,62.33],[12.099,62.323],[12.11,62.317],[12.126,62.313],[12.131,62.31],[12.141,62.312],[12.151,62.311],[12.158,62.315],[12.167,62.313],[12.169,62.317],[12.183,62.32],[12.192,62.327],[12.21,62.331],[12.218,62.331],[12.227,62.328],[12.238,62.329],[12.243,62.331],[12.255,62.331],[12.205,62.401],[12.182,62.434],[12.165,62.458],[12.141,62.491],[12.106,62.541],[12.056,62.612],[12.091,62.672],[12.136,62.748],[12.069,62.768],[11.954,62.791],[11.926,62.796],[11.896,62.802],[11.888,62.805],[11.808,62.829],[11.796,62.829],[11.781,62.821],[11.751,62.808],[11.672,62.771],[11.558,62.771],[11.53,62.764],[11.491,62.761],[11.469,62.75],[11.444,62.76],[11.437,62.759],[11.435,62.755],[11.413,62.757],[11.396,62.749],[11.396,62.741],[11.36,62.741],[11.341,62.744],[11.334,62.746],[11.327,62.744],[11.306,62.744],[11.302,62.738],[11.302,62.733],[11.296,62.726],[11.298,62.721],[11.292,62.714],[11.271,62.709],[11.243,62.713],[11.226,62.707],[11.206,62.697],[11.17,62.676],[11.169,62.677],[11.133,62.679],[11.134,62.673],[11.129,62.665],[11.125,62.662],[11.127,62.656],[11.138,62.65],[11.146,62.65],[11.161,62.647],[11.166,62.62],[11.164,62.616],[11.167,62.613],[11.185,62.606],[11.189,62.603],[11.197,62.594],[11.195,62.589],[11.197,62.583],[11.195,62.578],[11.196,62.571],[11.204,62.572],[11.214,62.57],[11.233,62.571],[11.244,62.567],[11.245,62.56],[11.252,62.552],[11.245,62.544],[11.255,62.534],[11.254,62.533],[11.282,62.529],[11.29,62.529],[11.298,62.522],[11.307,62.52],[11.317,62.52],[11.334,62.514],[11.34,62.515],[11.371,62.494],[11.429,62.48],[11.447,62.47],[11.456,62.463],[11.461,62.457],[11.462,62.454],[11.469,62.449],[11.477,62.445],[11.481,62.442],[11.491,62.437],[11.516,62.412],[11.532,62.39],[11.536,62.385],[11.547,62.377],[11.556,62.372],[11.566,62.371],[11.573,62.372],[11.615,62.377],[11.657,62.381],[11.672,62.382],[11.674,62.378],[11.689,62.366],[11.688,62.352],[11.692,62.35],[11.704,62.349],[11.72,62.347],[11.727,62.35],[11.731,62.355],[11.727,62.36],[11.732,62.361],[11.742,62.36],[11.748,62.362],[11.757,62.369],[11.756,62.373],[11.766,62.382],[11.775,62.383],[11.788,62.379],[11.837,62.374]]]}},{"type":"Feature","properties":{"id":406502,"maakond_id":613,"name":"Tydal","bbox":[11.272,62.748,12.218,63.194]},"geometry":{"type":"Polygon","coordinates":[[[11.808,62.829],[11.888,62.805],[11.896,62.802],[11.926,62.796],[11.954,62.791],[12.069,62.768],[12.136,62.748],[12.104,62.83],[12.075,62.903],[12.17,62.967],[12.218,63],[12.141,63.086],[12.073,63.161],[12.053,63.183],[11.932,63.194],[11.757,63.186],[11.631,63.181],[11.629,63.152],[11.632,63.145],[11.559,63.136],[11.486,63.111],[11.435,63.113],[11.427,63.108],[11.415,63.102],[11.4,63.105],[11.387,63.11],[11.379,63.109],[11.371,63.11],[11.364,63.102],[11.36,63.093],[11.359,63.085],[11.323,63.064],[11.309,63.053],[11.307,63.04],[11.3,63.038],[11.292,63.031],[11.275,63.009],[11.272,63.004],[11.464,62.975],[11.505,62.923],[11.581,62.88],[11.596,62.88],[11.64,62.882],[11.648,62.883],[11.656,62.887],[11.667,62.894],[11.781,62.895],[11.784,62.889],[11.808,62.829]]]}},{"type":"Feature","properties":{"id":406510,"maakond_id":615,"name":"Sør-Varanger","bbox":[28.33,69.011,31.198,70.064]},"geometry":{"type":"Polygon","coordinates":[[[29.344,70.064],[29.328,70.026],[29.314,70.02],[29.319,70.014],[29.329,69.991],[29.328,69.966],[29.09,69.955],[28.904,69.942],[28.725,69.932],[28.619,69.907],[28.474,69.869],[28.33,69.849],[28.404,69.818],[28.515,69.8],[28.689,69.771],[28.917,69.73],[29.134,69.695],[29.171,69.639],[29.255,69.557],[29.336,69.478],[29.219,69.398],[29.058,69.325],[28.931,69.268],[28.832,69.224],[28.83,69.172],[28.805,69.111],[28.855,69.077],[28.929,69.052],[29.02,69.025],[29.041,69.011],[29.057,69.015],[29.094,69.04],[29.142,69.063],[29.16,69.067],[29.242,69.113],[29.236,69.12],[29.231,69.122],[29.238,69.125],[29.244,69.13],[29.239,69.138],[29.247,69.147],[29.258,69.155],[29.249,69.162],[29.266,69.164],[29.286,69.169],[29.283,69.175],[29.29,69.178],[29.295,69.186],[29.292,69.194],[29.296,69.197],[29.292,69.205],[29.306,69.21],[29.301,69.218],[29.304,69.223],[29.314,69.231],[29.312,69.238],[29.305,69.242],[29.284,69.246],[29.277,69.252],[29.277,69.263],[29.276,69.271],[29.277,69.276],[29.282,69.281],[29.285,69.292],[29.291,69.298],[29.306,69.3],[29.319,69.302],[29.335,69.308],[29.342,69.308],[29.356,69.312],[29.365,69.313],[29.386,69.321],[29.398,69.324],[29.412,69.319],[29.437,69.321],[29.454,69.321],[29.466,69.322],[29.487,69.322],[29.497,69.325],[29.503,69.328],[29.515,69.327],[29.527,69.328],[29.529,69.322],[29.538,69.317],[29.561,69.317],[29.574,69.319],[29.601,69.33],[29.617,69.335],[29.628,69.339],[29.637,69.345],[29.644,69.347],[29.664,69.352],[29.695,69.363],[29.698,69.372],[29.708,69.377],[29.713,69.383],[29.722,69.389],[29.733,69.391],[29.746,69.391],[29.757,69.394],[29.774,69.395],[29.779,69.398],[29.788,69.398],[29.797,69.404],[29.797,69.406],[29.813,69.411],[29.825,69.414],[29.85,69.423],[29.865,69.424],[29.877,69.423],[29.9,69.418],[29.913,69.419],[29.93,69.414],[29.935,69.407],[29.949,69.405],[29.965,69.406],[29.979,69.409],[30.011,69.416],[30.033,69.424],[30.045,69.43],[30.064,69.445],[30.077,69.454],[30.09,69.459],[30.11,69.466],[30.118,69.47],[30.112,69.479],[30.118,69.487],[30.117,69.5],[30.12,69.513],[30.123,69.517],[30.132,69.524],[30.143,69.526],[30.15,69.531],[30.16,69.533],[30.169,69.533],[30.175,69.536],[30.18,69.545],[30.185,69.55],[30.181,69.557],[30.188,69.566],[30.188,69.57],[30.18,69.578],[30.179,69.586],[30.168,69.592],[30.16,69.601],[30.159,69.606],[30.153,69.609],[30.154,69.613],[30.152,69.616],[30.149,69.628],[30.14,69.639],[30.138,69.644],[30.091,69.643],[30.085,69.658],[30.112,69.664],[30.152,69.669],[30.224,69.653],[30.304,69.629],[30.418,69.59],[30.508,69.548],[30.516,69.54],[30.566,69.542],[30.664,69.541],[30.709,69.537],[30.745,69.533],[30.76,69.534],[30.771,69.532],[30.788,69.532],[30.803,69.529],[30.815,69.529],[30.831,69.532],[30.839,69.535],[30.859,69.537],[30.887,69.547],[30.89,69.55],[30.9,69.552],[30.914,69.553],[30.939,69.561],[30.938,69.571],[30.946,69.576],[30.943,69.582],[30.946,69.586],[30.946,69.593],[30.94,69.594],[30.94,69.599],[30.949,69.601],[30.948,69.608],[30.953,69.614],[30.95,69.618],[30.952,69.628],[30.954,69.629],[30.953,69.638],[30.939,69.644],[30.934,69.648],[30.934,69.654],[30.929,69.658],[30.932,69.663],[30.924,69.667],[30.928,69.673],[30.94,69.674],[30.946,69.678],[30.944,69.684],[30.93,69.685],[30.929,69.687],[30.909,69.7],[30.897,69.703],[30.881,69.71],[30.88,69.713],[30.873,69.715],[30.88,69.718],[30.891,69.72],[30.888,69.725],[30.892,69.73],[30.89,69.737],[30.88,69.741],[30.87,69.747],[30.868,69.751],[30.872,69.755],[30.861,69.763],[30.855,69.763],[30.85,69.766],[30.853,69.769],[30.84,69.772],[30.843,69.778],[30.83,69.782],[30.822,69.788],[30.818,69.795],[30.889,69.841],[31.104,69.979],[31.198,70.013],[30.933,70.028],[30.611,69.986],[30.244,69.979],[30.055,69.975],[29.389,70.059],[29.344,70.064]]]}},{"type":"Feature","properties":{"id":406520,"maakond_id":613,"name":"Selbu","bbox":[10.62,63.004,11.632,63.348]},"geometry":{"type":"Polygon","coordinates":[[[10.965,63.329],[10.914,63.313],[10.872,63.306],[10.821,63.305],[10.781,63.296],[10.777,63.295],[10.746,63.297],[10.738,63.3],[10.725,63.307],[10.663,63.306],[10.643,63.298],[10.625,63.29],[10.62,63.284],[10.624,63.278],[10.623,63.275],[10.656,63.268],[10.657,63.257],[10.659,63.25],[10.654,63.236],[10.662,63.24],[10.666,63.239],[10.669,63.227],[10.676,63.214],[10.678,63.203],[10.695,63.16],[10.716,63.144],[10.723,63.142],[10.75,63.132],[10.794,63.117],[10.825,63.108],[10.846,63.102],[10.901,63.085],[10.923,63.068],[10.959,63.061],[10.998,63.062],[11.004,63.063],[11.033,63.059],[11.059,63.058],[11.093,63.058],[11.103,63.059],[11.147,63.064],[11.188,63.013],[11.215,63.01],[11.239,63.013],[11.272,63.004],[11.275,63.009],[11.292,63.031],[11.3,63.038],[11.307,63.04],[11.309,63.053],[11.323,63.064],[11.359,63.085],[11.36,63.093],[11.364,63.102],[11.371,63.11],[11.379,63.109],[11.387,63.11],[11.4,63.105],[11.415,63.102],[11.427,63.108],[11.435,63.113],[11.486,63.111],[11.559,63.136],[11.632,63.145],[11.629,63.152],[11.631,63.181],[11.55,63.264],[11.455,63.326],[11.283,63.342],[11.23,63.345],[11.189,63.348],[11.174,63.345],[11.143,63.342],[11.14,63.34],[11.111,63.341],[11.084,63.342],[11.043,63.341],[11.037,63.339],[11.007,63.335],[10.992,63.336],[10.965,63.329]]]}},{"type":"Feature","properties":{"id":406537,"maakond_id":613,"name":"Melhus","bbox":[9.878,63.02,10.716,63.345]},"geometry":{"type":"Polygon","coordinates":[[[10.188,63.333],[10.2,63.328],[10.213,63.32],[10.22,63.321],[10.231,63.315],[10.219,63.311],[10.215,63.304],[10.209,63.302],[10.205,63.293],[10.19,63.287],[10.199,63.281],[10.199,63.278],[10.205,63.274],[10.203,63.272],[10.201,63.266],[10.193,63.261],[10.187,63.255],[10.177,63.251],[10.175,63.247],[10.154,63.241],[10.152,63.238],[10.158,63.232],[10.148,63.21],[10.128,63.211],[10.113,63.202],[10.102,63.197],[10.095,63.202],[10.094,63.207],[10.081,63.205],[10.076,63.199],[10.066,63.197],[10.058,63.196],[10.051,63.193],[10.034,63.189],[10.029,63.186],[10.013,63.181],[10.002,63.178],[9.995,63.174],[9.986,63.172],[9.973,63.171],[9.97,63.167],[9.95,63.173],[9.945,63.179],[9.94,63.175],[9.919,63.176],[9.906,63.162],[9.898,63.156],[9.884,63.149],[9.878,63.146],[9.887,63.144],[9.891,63.141],[9.893,63.132],[9.89,63.127],[9.889,63.115],[9.896,63.103],[9.896,63.097],[9.907,63.092],[9.904,63.089],[9.912,63.083],[9.923,63.08],[9.93,63.086],[9.927,63.089],[9.933,63.091],[9.931,63.094],[9.944,63.092],[9.944,63.091],[9.958,63.084],[9.962,63.08],[9.976,63.073],[9.985,63.067],[9.989,63.061],[9.993,63.062],[10.004,63.047],[10.014,63.033],[10.013,63.02],[10.034,63.024],[10.064,63.027],[10.094,63.031],[10.142,63.058],[10.206,63.057],[10.226,63.057],[10.255,63.06],[10.28,63.068],[10.286,63.067],[10.293,63.07],[10.319,63.076],[10.366,63.077],[10.409,63.078],[10.441,63.086],[10.486,63.091],[10.525,63.092],[10.568,63.089],[10.649,63.115],[10.716,63.144],[10.695,63.16],[10.633,63.163],[10.595,63.185],[10.54,63.213],[10.537,63.217],[10.52,63.221],[10.495,63.226],[10.491,63.225],[10.471,63.228],[10.367,63.259],[10.356,63.262],[10.371,63.28],[10.394,63.295],[10.393,63.299],[10.399,63.303],[10.386,63.312],[10.362,63.317],[10.355,63.322],[10.333,63.318],[10.33,63.315],[10.334,63.313],[10.327,63.311],[10.324,63.307],[10.314,63.304],[10.304,63.305],[10.299,63.308],[10.291,63.309],[10.295,63.315],[10.281,63.316],[10.273,63.321],[10.261,63.325],[10.255,63.34],[10.216,63.345],[10.2,63.34],[10.188,63.333]]]}},{"type":"Feature","properties":{"id":406540,"maakond_id":613,"name":"Skaun","bbox":[9.89,63.167,10.231,63.373]},"geometry":{"type":"Polygon","coordinates":[[[9.919,63.176],[9.94,63.175],[9.945,63.179],[9.95,63.173],[9.97,63.167],[9.973,63.171],[9.986,63.172],[9.995,63.174],[10.002,63.178],[10.013,63.181],[10.029,63.186],[10.034,63.189],[10.051,63.193],[10.058,63.196],[10.066,63.197],[10.076,63.199],[10.081,63.205],[10.094,63.207],[10.095,63.202],[10.102,63.197],[10.113,63.202],[10.128,63.211],[10.148,63.21],[10.158,63.232],[10.152,63.238],[10.154,63.241],[10.175,63.247],[10.177,63.251],[10.187,63.255],[10.193,63.261],[10.201,63.266],[10.203,63.272],[10.205,63.274],[10.199,63.278],[10.199,63.281],[10.19,63.287],[10.205,63.293],[10.209,63.302],[10.215,63.304],[10.219,63.311],[10.231,63.315],[10.22,63.321],[10.213,63.32],[10.2,63.328],[10.188,63.333],[10.164,63.33],[10.095,63.342],[10.065,63.358],[10.004,63.373],[9.941,63.354],[9.891,63.335],[9.9,63.328],[9.903,63.325],[9.897,63.321],[9.896,63.311],[9.903,63.306],[9.91,63.306],[9.904,63.301],[9.897,63.298],[9.899,63.294],[9.915,63.299],[9.92,63.298],[9.918,63.292],[9.914,63.291],[9.908,63.281],[9.907,63.276],[9.909,63.272],[9.903,63.271],[9.895,63.267],[9.895,63.26],[9.892,63.25],[9.89,63.241],[9.893,63.231],[9.896,63.227],[9.919,63.222],[9.921,63.22],[9.92,63.19],[9.921,63.182],[9.919,63.176]]]}},{"type":"Feature","properties":{"id":406554,"maakond_id":613,"name":"Malvik","bbox":[10.539,63.295,10.965,63.495]},"geometry":{"type":"MultiPolygon","coordinates":[[[[10.869,63.346],[10.867,63.346],[10.864,63.349],[10.855,63.349],[10.86,63.344],[10.868,63.344],[10.869,63.346]]],[[[10.865,63.348],[10.869,63.347],[10.871,63.345],[10.88,63.343],[10.884,63.345],[10.886,63.349],[10.874,63.351],[10.867,63.351],[10.865,63.348]]],[[[10.965,63.329],[10.922,63.335],[10.855,63.344],[10.851,63.357],[10.844,63.355],[10.861,63.38],[10.858,63.383],[10.862,63.387],[10.863,63.4],[10.859,63.412],[10.856,63.416],[10.86,63.427],[10.857,63.437],[10.844,63.446],[10.838,63.455],[10.774,63.455],[10.715,63.469],[10.654,63.491],[10.607,63.492],[10.55,63.495],[10.539,63.47],[10.583,63.438],[10.596,63.43],[10.592,63.426],[10.596,63.42],[10.59,63.418],[10.583,63.412],[10.59,63.409],[10.603,63.41],[10.612,63.404],[10.612,63.399],[10.617,63.399],[10.611,63.393],[10.612,63.389],[10.623,63.378],[10.611,63.375],[10.617,63.373],[10.631,63.373],[10.646,63.371],[10.651,63.365],[10.657,63.364],[10.658,63.359],[10.646,63.357],[10.639,63.353],[10.672,63.363],[10.679,63.356],[10.702,63.347],[10.687,63.33],[10.692,63.323],[10.704,63.316],[10.725,63.307],[10.738,63.3],[10.746,63.297],[10.777,63.295],[10.781,63.296],[10.821,63.305],[10.872,63.306],[10.914,63.313],[10.965,63.329]]]]}},{"type":"Feature","properties":{"id":406643,"maakond_id":615,"name":"Loppa","bbox":[20.48,70.039,22.604,70.79]},"geometry":{"type":"Polygon","coordinates":[[[22.499,70.29],[22.49,70.294],[22.486,70.299],[22.473,70.298],[22.455,70.299],[22.436,70.302],[22.425,70.305],[22.416,70.31],[22.419,70.314],[22.417,70.318],[22.403,70.322],[22.401,70.325],[22.407,70.327],[22.4,70.333],[22.397,70.338],[22.345,70.343],[22.173,70.36],[21.997,70.415],[21.841,70.463],[21.384,70.603],[21.315,70.666],[21.176,70.79],[20.48,70.704],[20.623,70.58],[20.694,70.518],[20.998,70.246],[21.007,70.238],[21.175,70.223],[21.196,70.221],[21.209,70.222],[21.257,70.219],[21.278,70.215],[21.294,70.212],[21.305,70.208],[21.33,70.203],[21.349,70.202],[21.36,70.198],[21.402,70.193],[21.42,70.193],[21.416,70.185],[21.425,70.183],[21.44,70.182],[21.463,70.19],[21.474,70.19],[21.484,70.191],[21.492,70.185],[21.506,70.182],[21.527,70.183],[21.535,70.187],[21.54,70.193],[21.569,70.195],[21.629,70.189],[21.629,70.187],[21.618,70.181],[21.609,70.178],[21.621,70.174],[21.621,70.171],[21.628,70.166],[21.634,70.167],[21.653,70.163],[21.659,70.16],[21.662,70.154],[21.67,70.152],[21.683,70.151],[21.68,70.148],[21.701,70.142],[21.721,70.141],[21.712,70.132],[21.713,70.128],[21.725,70.122],[21.767,70.12],[21.789,70.118],[21.813,70.11],[21.816,70.105],[21.822,70.105],[21.829,70.101],[21.876,70.111],[21.87,70.13],[21.913,70.142],[21.913,70.158],[21.965,70.149],[21.972,70.152],[21.986,70.154],[22.001,70.162],[22.016,70.164],[22.044,70.165],[22.067,70.169],[22.075,70.171],[22.086,70.172],[22.119,70.17],[22.129,70.139],[22.124,70.132],[22.106,70.127],[22.111,70.122],[22.119,70.119],[22.17,70.064],[22.202,70.065],[22.213,70.059],[22.217,70.039],[22.233,70.053],[22.235,70.056],[22.266,70.063],[22.266,70.079],[22.278,70.092],[22.302,70.092],[22.351,70.091],[22.415,70.097],[22.492,70.11],[22.536,70.094],[22.604,70.099],[22.56,70.117],[22.554,70.158],[22.556,70.163],[22.544,70.168],[22.522,70.17],[22.503,70.173],[22.491,70.186],[22.429,70.208],[22.451,70.218],[22.445,70.225],[22.429,70.232],[22.415,70.232],[22.403,70.237],[22.406,70.246],[22.404,70.25],[22.414,70.257],[22.475,70.283],[22.499,70.29]]]}},{"type":"Feature","properties":{"id":406644,"maakond_id":615,"name":"Hasvik","bbox":[21.176,70.28,22.899,70.988]},"geometry":{"type":"Polygon","coordinates":[[[22.691,70.448],[22.699,70.504],[22.7,70.513],[22.703,70.522],[22.703,70.528],[22.709,70.536],[22.705,70.543],[22.706,70.547],[22.72,70.555],[22.73,70.557],[22.74,70.563],[22.754,70.568],[22.763,70.568],[22.769,70.571],[22.783,70.574],[22.798,70.582],[22.793,70.586],[22.786,70.588],[22.795,70.591],[22.817,70.592],[22.824,70.594],[22.822,70.585],[22.837,70.587],[22.844,70.591],[22.861,70.594],[22.861,70.598],[22.87,70.601],[22.869,70.605],[22.899,70.606],[22.899,70.614],[22.888,70.619],[22.891,70.625],[22.886,70.627],[22.879,70.634],[22.856,70.639],[22.833,70.638],[22.844,70.643],[22.849,70.65],[22.859,70.649],[22.865,70.651],[22.872,70.657],[22.855,70.673],[22.84,70.673],[22.832,70.677],[22.826,70.679],[22.825,70.688],[22.838,70.688],[22.85,70.69],[22.859,70.695],[22.856,70.699],[22.868,70.707],[22.847,70.709],[22.839,70.713],[22.83,70.713],[22.818,70.717],[22.813,70.723],[22.797,70.727],[22.784,70.728],[22.787,70.731],[22.784,70.735],[22.769,70.736],[22.766,70.74],[22.751,70.744],[22.757,70.749],[22.765,70.748],[22.769,70.751],[22.766,70.756],[22.766,70.763],[22.76,70.766],[22.642,70.823],[22.529,70.879],[22.298,70.988],[21.716,70.855],[21.701,70.853],[21.176,70.79],[21.315,70.666],[21.384,70.603],[21.841,70.463],[21.997,70.415],[22.173,70.36],[22.345,70.343],[22.397,70.338],[22.4,70.333],[22.407,70.327],[22.401,70.325],[22.403,70.322],[22.417,70.318],[22.419,70.314],[22.416,70.31],[22.425,70.305],[22.436,70.302],[22.455,70.299],[22.473,70.298],[22.486,70.299],[22.49,70.294],[22.499,70.29],[22.509,70.287],[22.522,70.285],[22.53,70.282],[22.546,70.284],[22.569,70.28],[22.57,70.287],[22.608,70.295],[22.645,70.289],[22.657,70.296],[22.657,70.298],[22.664,70.307],[22.663,70.317],[22.647,70.32],[22.647,70.323],[22.656,70.327],[22.652,70.333],[22.657,70.338],[22.679,70.341],[22.687,70.346],[22.682,70.347],[22.688,70.355],[22.681,70.361],[22.681,70.375],[22.677,70.379],[22.685,70.393],[22.691,70.448]]]}},{"type":"Feature","properties":{"id":406646,"maakond_id":615,"name":"Måsøy","bbox":[23.247,70.618,25.5,71.336]},"geometry":{"type":"Polygon","coordinates":[[[23.247,71.186],[23.516,71.047],[23.573,71.017],[23.818,70.925],[23.937,70.783],[24.168,70.726],[24.383,70.725],[24.505,70.695],[24.606,70.653],[24.655,70.658],[24.674,70.655],[24.762,70.653],[24.977,70.618],[25.205,70.701],[25.28,70.728],[25.314,70.755],[25.331,70.768],[25.364,70.784],[25.403,70.823],[25.382,70.85],[25.371,70.858],[25.39,70.871],[25.41,70.878],[25.422,70.879],[25.433,70.878],[25.447,70.878],[25.451,70.882],[25.444,70.887],[25.442,70.893],[25.45,70.898],[25.464,70.901],[25.486,70.919],[25.486,70.937],[25.5,70.941],[25.435,70.97],[25.318,71],[25.168,70.984],[25.058,71.141],[25.042,71.163],[24.92,71.336],[24.629,71.314],[24.016,71.301],[23.961,71.299],[23.876,71.294],[23.828,71.291],[23.775,71.286],[23.723,71.279],[23.669,71.27],[23.645,71.266],[23.528,71.245],[23.247,71.186]]]}},{"type":"Feature","properties":{"id":406647,"maakond_id":615,"name":"Nordkapp","bbox":[24.92,70.656,27.061,71.385]},"geometry":{"type":"Polygon","coordinates":[[[26.111,70.656],[26.23,70.678],[26.228,70.706],[26.29,70.724],[26.435,70.819],[26.584,70.867],[26.681,70.968],[26.804,71.095],[26.929,71.221],[27.061,71.352],[26.26,71.375],[25.711,71.385],[25.683,71.385],[25.627,71.384],[25.599,71.383],[25.543,71.38],[24.92,71.336],[25.042,71.163],[25.058,71.141],[25.168,70.984],[25.318,71],[25.435,70.97],[25.5,70.941],[25.486,70.937],[25.486,70.919],[25.464,70.901],[25.45,70.898],[25.442,70.893],[25.444,70.887],[25.451,70.882],[25.447,70.878],[25.433,70.878],[25.422,70.879],[25.41,70.878],[25.39,70.871],[25.371,70.858],[25.382,70.85],[25.403,70.823],[25.364,70.784],[25.331,70.768],[25.314,70.755],[25.505,70.728],[25.553,70.706],[25.639,70.682],[25.785,70.728],[25.941,70.738],[25.94,70.667],[26.016,70.663],[26.041,70.663],[26.059,70.658],[26.111,70.656]]]}},{"type":"Feature","properties":{"id":406648,"maakond_id":615,"name":"Porsanger","bbox":[23.911,69.731,26.148,70.755]},"geometry":{"type":"Polygon","coordinates":[[[26.111,70.656],[26.059,70.658],[26.041,70.663],[26.016,70.663],[25.94,70.667],[25.941,70.738],[25.785,70.728],[25.639,70.682],[25.553,70.706],[25.505,70.728],[25.314,70.755],[25.28,70.728],[25.205,70.701],[24.977,70.618],[24.882,70.553],[24.877,70.549],[24.808,70.524],[24.688,70.462],[24.674,70.442],[24.733,70.416],[24.637,70.363],[24.618,70.359],[24.493,70.337],[24.376,70.25],[24.258,70.169],[24.177,70.113],[23.999,70.099],[23.961,70.097],[23.911,70.004],[23.999,69.993],[24.072,69.982],[24.115,69.988],[24.159,69.911],[24.218,69.807],[24.585,69.819],[24.618,69.812],[24.946,69.75],[24.967,69.746],[25.061,69.742],[25.081,69.741],[25.251,69.731],[25.496,69.749],[25.612,69.815],[25.767,69.903],[25.818,69.936],[25.841,69.949],[25.915,69.972],[25.956,69.98],[25.95,69.999],[25.95,70.024],[25.913,70.064],[25.915,70.091],[25.99,70.152],[25.975,70.175],[26.013,70.196],[26.062,70.216],[26.032,70.25],[26.01,70.276],[25.992,70.304],[26.005,70.326],[26.007,70.391],[26.098,70.455],[26.123,70.5],[26.148,70.544],[26.125,70.613],[26.111,70.656]]]}},{"type":"Feature","properties":{"id":406649,"maakond_id":615,"name":"Gamvik","bbox":[27.351,70.399,29.161,71.33]},"geometry":{"type":"Polygon","coordinates":[[[27.774,71.33],[27.696,71.199],[27.658,71.134],[27.646,71.13],[27.675,71.11],[27.682,71.091],[27.691,71.086],[27.646,71.062],[27.622,71.043],[27.647,71.026],[27.676,70.987],[27.679,70.894],[27.712,70.864],[27.738,70.825],[27.727,70.79],[27.695,70.775],[27.547,70.712],[27.396,70.629],[27.366,70.587],[27.357,70.567],[27.359,70.559],[27.351,70.557],[27.361,70.549],[27.361,70.546],[27.356,70.541],[27.36,70.538],[27.36,70.533],[27.365,70.529],[27.372,70.526],[27.371,70.523],[27.382,70.519],[27.391,70.509],[27.389,70.505],[27.395,70.5],[27.396,70.494],[27.394,70.486],[27.399,70.483],[27.403,70.477],[27.403,70.472],[27.399,70.468],[27.403,70.464],[27.405,70.437],[27.409,70.419],[27.414,70.407],[27.428,70.399],[27.495,70.414],[27.566,70.461],[27.603,70.487],[27.619,70.494],[27.625,70.499],[27.676,70.521],[27.78,70.547],[27.869,70.56],[27.922,70.561],[28.135,70.636],[28.239,70.664],[28.251,70.681],[28.272,70.713],[28.278,70.721],[28.314,70.756],[28.385,70.762],[28.75,70.936],[28.8,70.96],[28.951,71.028],[29.161,71.121],[28.556,71.262],[28.516,71.271],[28.492,71.275],[28.442,71.283],[28.39,71.289],[28.363,71.292],[28.3,71.297],[27.976,71.317],[27.774,71.33]]]}},{"type":"Feature","properties":{"id":406650,"maakond_id":615,"name":"Berlevåg","bbox":[28.385,70.477,30.052,71.121]},"geometry":{"type":"Polygon","coordinates":[[[28.385,70.762],[28.417,70.695],[28.505,70.684],[28.552,70.67],[28.59,70.654],[28.604,70.628],[28.721,70.586],[28.721,70.561],[28.795,70.505],[28.819,70.506],[29.012,70.51],[29.124,70.479],[29.21,70.477],[29.226,70.478],[29.234,70.486],[29.218,70.497],[29.225,70.5],[29.323,70.542],[29.414,70.573],[29.508,70.603],[29.526,70.634],[29.625,70.677],[29.756,70.731],[29.766,70.735],[29.779,70.762],[29.873,70.821],[30.052,70.94],[29.566,71.024],[29.161,71.121],[28.951,71.028],[28.8,70.96],[28.75,70.936],[28.385,70.762]]]}},{"type":"Feature","properties":{"id":406651,"maakond_id":615,"name":"Båtsfjord","bbox":[29.218,70.296,31.223,70.94]},"geometry":{"type":"Polygon","coordinates":[[[30.052,70.94],[29.873,70.821],[29.779,70.762],[29.766,70.735],[29.756,70.731],[29.625,70.677],[29.526,70.634],[29.508,70.603],[29.414,70.573],[29.323,70.542],[29.225,70.5],[29.218,70.497],[29.234,70.486],[29.226,70.478],[29.248,70.473],[29.255,70.468],[29.286,70.46],[29.315,70.447],[29.348,70.442],[29.358,70.443],[29.425,70.43],[29.451,70.426],[29.558,70.381],[29.578,70.375],[29.668,70.364],[29.649,70.356],[29.595,70.339],[29.655,70.336],[29.692,70.332],[29.735,70.328],[29.783,70.325],[29.798,70.327],[29.861,70.325],[29.931,70.315],[29.987,70.312],[29.999,70.31],[30.074,70.296],[30.242,70.347],[30.368,70.386],[30.619,70.44],[30.744,70.468],[30.822,70.497],[31.223,70.644],[30.609,70.827],[30.588,70.832],[30.47,70.863],[30.428,70.873],[30.381,70.883],[30.052,70.94]]]}},{"type":"Feature","properties":{"id":406652,"maakond_id":615,"name":"Vardø","bbox":[30.074,70.013,31.762,70.644]},"geometry":{"type":"Polygon","coordinates":[[[31.198,70.013],[31.279,70.041],[31.505,70.121],[31.586,70.144],[31.636,70.237],[31.725,70.318],[31.741,70.335],[31.752,70.353],[31.759,70.37],[31.762,70.388],[31.76,70.402],[31.754,70.42],[31.749,70.429],[31.736,70.446],[31.718,70.463],[31.707,70.471],[31.688,70.485],[31.66,70.5],[31.621,70.519],[31.604,70.526],[31.568,70.539],[31.549,70.545],[31.223,70.644],[30.822,70.497],[30.744,70.468],[30.619,70.44],[30.368,70.386],[30.242,70.347],[30.074,70.296],[30.28,70.25],[30.403,70.222],[30.46,70.209],[30.458,70.207],[30.458,70.195],[30.933,70.028],[31.198,70.013]]]}},{"type":"Feature","properties":{"id":406653,"maakond_id":615,"name":"Vadsø","bbox":[28.981,69.975,30.933,70.478]},"geometry":{"type":"Polygon","coordinates":[[[30.933,70.028],[30.458,70.195],[30.458,70.207],[30.46,70.209],[30.403,70.222],[30.28,70.25],[30.074,70.296],[29.999,70.31],[29.987,70.312],[29.931,70.315],[29.861,70.325],[29.798,70.327],[29.783,70.325],[29.735,70.328],[29.692,70.332],[29.655,70.336],[29.595,70.339],[29.649,70.356],[29.668,70.364],[29.578,70.375],[29.558,70.381],[29.451,70.426],[29.425,70.43],[29.358,70.443],[29.348,70.442],[29.315,70.447],[29.286,70.46],[29.255,70.468],[29.248,70.473],[29.226,70.478],[29.197,70.469],[29.158,70.466],[29.147,70.464],[29.114,70.453],[29.105,70.451],[29.087,70.44],[29.079,70.425],[29.052,70.408],[28.998,70.405],[28.981,70.407],[28.993,70.4],[29,70.399],[29.007,70.394],[29.015,70.392],[29.035,70.391],[29.057,70.385],[29.075,70.383],[29.096,70.379],[29.117,70.38],[29.141,70.379],[29.178,70.377],[29.196,70.377],[29.2,70.375],[29.209,70.374],[29.227,70.367],[29.243,70.369],[29.242,70.371],[29.263,70.375],[29.263,70.371],[29.277,70.372],[29.276,70.365],[29.281,70.364],[29.279,70.358],[29.284,70.356],[29.279,70.347],[29.28,70.343],[29.287,70.337],[29.282,70.332],[29.288,70.327],[29.287,70.317],[29.272,70.309],[29.271,70.302],[29.274,70.299],[29.268,70.293],[29.264,70.292],[29.257,70.283],[29.26,70.279],[29.257,70.277],[29.255,70.268],[29.248,70.265],[29.247,70.26],[29.241,70.257],[29.241,70.253],[29.228,70.248],[29.226,70.243],[29.219,70.241],[29.217,70.234],[29.205,70.233],[29.188,70.231],[29.184,70.226],[29.183,70.22],[29.191,70.218],[29.192,70.214],[29.187,70.212],[29.186,70.206],[29.19,70.204],[29.187,70.189],[29.188,70.187],[29.186,70.177],[29.185,70.163],[29.217,70.147],[29.21,70.126],[29.193,70.117],[29.15,70.087],[29.242,70.071],[29.344,70.064],[29.389,70.059],[30.055,69.975],[30.244,69.979],[30.611,69.986],[30.933,70.028]]]}},{"type":"Feature","properties":{"id":406654,"maakond_id":615,"name":"Nesseby","bbox":[28.304,69.849,29.344,70.407]},"geometry":{"type":"Polygon","coordinates":[[[28.981,70.407],[28.968,70.406],[28.943,70.395],[28.921,70.381],[28.895,70.377],[28.876,70.376],[28.847,70.361],[28.83,70.354],[28.806,70.337],[28.729,70.343],[28.55,70.34],[28.484,70.298],[28.446,70.272],[28.37,70.222],[28.335,70.195],[28.327,70.186],[28.325,70.164],[28.304,70.089],[28.328,70.005],[28.331,70],[28.377,69.936],[28.345,69.881],[28.33,69.849],[28.474,69.869],[28.619,69.907],[28.725,69.932],[28.904,69.942],[29.09,69.955],[29.328,69.966],[29.329,69.991],[29.319,70.014],[29.314,70.02],[29.328,70.026],[29.344,70.064],[29.242,70.071],[29.15,70.087],[29.193,70.117],[29.21,70.126],[29.217,70.147],[29.185,70.163],[29.186,70.177],[29.188,70.187],[29.187,70.189],[29.19,70.204],[29.186,70.206],[29.187,70.212],[29.192,70.214],[29.191,70.218],[29.183,70.22],[29.184,70.226],[29.188,70.231],[29.205,70.233],[29.217,70.234],[29.219,70.241],[29.226,70.243],[29.228,70.248],[29.241,70.253],[29.241,70.257],[29.247,70.26],[29.248,70.265],[29.255,70.268],[29.257,70.277],[29.26,70.279],[29.257,70.283],[29.264,70.292],[29.268,70.293],[29.274,70.299],[29.271,70.302],[29.272,70.309],[29.287,70.317],[29.288,70.327],[29.282,70.332],[29.287,70.337],[29.28,70.343],[29.279,70.347],[29.284,70.356],[29.279,70.358],[29.281,70.364],[29.276,70.365],[29.277,70.372],[29.263,70.371],[29.263,70.375],[29.242,70.371],[29.243,70.369],[29.227,70.367],[29.209,70.374],[29.2,70.375],[29.196,70.377],[29.178,70.377],[29.141,70.379],[29.117,70.38],[29.096,70.379],[29.075,70.383],[29.057,70.385],[29.035,70.391],[29.015,70.392],[29.007,70.394],[29,70.399],[28.993,70.4],[28.981,70.407]]]}},{"type":"Feature","properties":{"id":406655,"maakond_id":615,"name":"Tana","bbox":[25.767,69.817,29.226,70.762]},"geometry":{"type":"Polygon","coordinates":[[[28.981,70.407],[28.998,70.405],[29.052,70.408],[29.079,70.425],[29.087,70.44],[29.105,70.451],[29.114,70.453],[29.147,70.464],[29.158,70.466],[29.197,70.469],[29.226,70.478],[29.21,70.477],[29.124,70.479],[29.012,70.51],[28.819,70.506],[28.795,70.505],[28.721,70.561],[28.721,70.586],[28.604,70.628],[28.59,70.654],[28.552,70.67],[28.505,70.684],[28.417,70.695],[28.385,70.762],[28.314,70.756],[28.278,70.721],[28.272,70.713],[28.251,70.681],[28.239,70.664],[28.135,70.636],[27.922,70.561],[27.869,70.56],[27.78,70.547],[27.676,70.521],[27.625,70.499],[27.619,70.494],[27.603,70.487],[27.566,70.461],[27.495,70.414],[27.428,70.399],[27.391,70.378],[27.382,70.37],[27.38,70.348],[27.37,70.331],[27.368,70.292],[27.174,70.25],[27.01,70.214],[27.011,70.156],[26.743,70.143],[26.351,70.092],[26.306,70.085],[26.245,70.078],[26.264,70],[26.265,69.998],[26.125,69.973],[26.054,69.982],[25.956,69.98],[25.915,69.972],[25.841,69.949],[25.818,69.936],[25.767,69.903],[25.833,69.891],[25.814,69.863],[25.88,69.865],[25.953,69.842],[25.98,69.845],[26.077,69.85],[26.105,69.818],[26.17,69.817],[26.26,69.819],[26.271,69.821],[26.282,69.826],[26.297,69.827],[26.318,69.834],[26.334,69.838],[26.343,69.843],[26.35,69.845],[26.361,69.845],[26.369,69.85],[26.379,69.852],[26.387,69.856],[26.391,69.861],[26.401,69.866],[26.403,69.874],[26.413,69.88],[26.418,69.891],[26.408,69.897],[26.408,69.901],[26.42,69.904],[26.434,69.909],[26.455,69.919],[26.458,69.922],[26.458,69.932],[26.46,69.936],[26.467,69.94],[26.478,69.942],[26.495,69.946],[26.522,69.946],[26.553,69.948],[26.57,69.952],[26.617,69.959],[26.659,69.963],[26.676,69.965],[26.683,69.963],[26.686,69.96],[26.703,69.948],[26.715,69.945],[26.732,69.946],[26.748,69.95],[26.765,69.955],[26.789,69.959],[26.818,69.959],[26.836,69.96],[26.851,69.96],[26.859,69.957],[26.858,69.95],[26.855,69.947],[26.861,69.94],[26.874,69.935],[26.886,69.932],[26.898,69.932],[26.918,69.936],[26.929,69.939],[26.956,69.94],[26.968,69.939],[26.986,69.935],[27.004,69.925],[27.012,69.919],[27.032,69.911],[27.048,69.912],[27.062,69.918],[27.079,69.918],[27.093,69.917],[27.111,69.921],[27.129,69.932],[27.153,69.933],[27.17,69.935],[27.183,69.938],[27.195,69.94],[27.235,69.948],[27.273,69.95],[27.292,69.952],[27.302,69.955],[27.305,69.958],[27.301,69.964],[27.295,69.965],[27.291,69.971],[27.276,69.975],[27.276,69.979],[27.291,69.985],[27.312,69.99],[27.326,69.988],[27.344,69.989],[27.358,69.992],[27.375,69.998],[27.382,69.999],[27.392,70.004],[27.405,70.013],[27.429,70.019],[27.44,70.02],[27.461,70.02],[27.473,70.022],[27.496,70.021],[27.515,70.022],[27.53,70.025],[27.535,70.03],[27.54,70.033],[27.544,70.039],[27.541,70.046],[27.545,70.049],[27.553,70.058],[27.557,70.06],[27.57,70.063],[27.579,70.068],[27.593,70.069],[27.616,70.075],[27.631,70.075],[27.654,70.076],[27.672,70.077],[27.693,70.077],[27.706,70.074],[27.73,70.066],[27.741,70.064],[27.768,70.069],[27.785,70.075],[27.794,70.077],[27.82,70.079],[27.836,70.079],[27.881,70.086],[27.91,70.087],[27.928,70.09],[27.948,70.092],[27.959,70.092],[27.977,70.054],[27.982,70.028],[27.984,70.014],[28.018,69.995],[28.161,69.921],[28.345,69.881],[28.377,69.936],[28.331,70],[28.328,70.005],[28.304,70.089],[28.325,70.164],[28.327,70.186],[28.335,70.195],[28.37,70.222],[28.446,70.272],[28.484,70.298],[28.55,70.34],[28.729,70.343],[28.806,70.337],[28.83,70.354],[28.847,70.361],[28.876,70.376],[28.895,70.377],[28.921,70.381],[28.943,70.395],[28.968,70.406],[28.981,70.407]]]}},{"type":"Feature","properties":{"id":406656,"maakond_id":615,"name":"Karasjok","bbox":[24.194,68.881,26.26,69.903]},"geometry":{"type":"Polygon","coordinates":[[[25.398,68.89],[25.411,68.893],[25.42,68.891],[25.428,68.894],[25.433,68.894],[25.457,68.9],[25.482,68.905],[25.494,68.903],[25.493,68.9],[25.509,68.897],[25.516,68.892],[25.526,68.89],[25.531,68.888],[25.544,68.886],[25.557,68.887],[25.586,68.883],[25.601,68.885],[25.604,68.887],[25.628,68.893],[25.627,68.897],[25.636,68.903],[25.654,68.906],[25.657,68.917],[25.67,68.928],[25.673,68.932],[25.691,68.945],[25.692,68.951],[25.708,68.961],[25.714,68.967],[25.714,68.972],[25.712,68.979],[25.73,68.994],[25.756,69.004],[25.762,69.004],[25.774,69.013],[25.777,69.018],[25.776,69.023],[25.771,69.029],[25.757,69.03],[25.75,69.033],[25.75,69.037],[25.745,69.04],[25.745,69.044],[25.751,69.046],[25.749,69.051],[25.754,69.053],[25.753,69.057],[25.729,69.074],[25.724,69.08],[25.732,69.082],[25.726,69.096],[25.731,69.104],[25.73,69.106],[25.72,69.109],[25.722,69.116],[25.732,69.123],[25.732,69.128],[25.742,69.136],[25.743,69.144],[25.73,69.152],[25.73,69.159],[25.715,69.177],[25.708,69.187],[25.693,69.196],[25.696,69.2],[25.694,69.204],[25.704,69.206],[25.713,69.212],[25.709,69.214],[25.706,69.22],[25.714,69.225],[25.701,69.232],[25.704,69.234],[25.702,69.24],[25.708,69.244],[25.701,69.25],[25.703,69.255],[25.72,69.257],[25.729,69.262],[25.732,69.266],[25.729,69.271],[25.743,69.278],[25.739,69.281],[25.748,69.286],[25.745,69.293],[25.736,69.295],[25.737,69.299],[25.748,69.302],[25.742,69.307],[25.739,69.311],[25.742,69.319],[25.759,69.327],[25.758,69.331],[25.763,69.334],[25.76,69.341],[25.777,69.344],[25.78,69.346],[25.779,69.351],[25.785,69.356],[25.804,69.357],[25.819,69.361],[25.816,69.367],[25.819,69.373],[25.813,69.376],[25.82,69.38],[25.83,69.383],[25.831,69.389],[25.838,69.392],[25.847,69.394],[25.844,69.398],[25.827,69.407],[25.812,69.405],[25.81,69.411],[25.824,69.413],[25.822,69.416],[25.809,69.419],[25.798,69.419],[25.793,69.421],[25.811,69.429],[25.806,69.433],[25.807,69.435],[25.817,69.44],[25.819,69.445],[25.826,69.449],[25.829,69.453],[25.831,69.462],[25.835,69.468],[25.84,69.47],[25.864,69.475],[25.864,69.483],[25.849,69.488],[25.846,69.493],[25.851,69.498],[25.86,69.504],[25.856,69.508],[25.86,69.514],[25.877,69.522],[25.876,69.529],[25.861,69.537],[25.841,69.542],[25.841,69.551],[25.854,69.553],[25.874,69.554],[25.906,69.562],[25.924,69.57],[25.937,69.573],[25.949,69.583],[25.946,69.586],[25.95,69.589],[25.954,69.596],[25.967,69.599],[25.977,69.611],[25.974,69.614],[25.959,69.62],[25.964,69.626],[25.961,69.629],[25.963,69.632],[25.961,69.637],[25.955,69.643],[25.955,69.647],[25.947,69.651],[25.929,69.656],[25.908,69.657],[25.897,69.659],[25.891,69.666],[25.896,69.669],[25.911,69.675],[25.917,69.679],[25.931,69.68],[25.943,69.685],[25.946,69.69],[25.952,69.694],[25.951,69.697],[25.96,69.699],[25.966,69.705],[25.981,69.71],[25.995,69.718],[26.007,69.723],[26.014,69.723],[26.025,69.722],[26.049,69.72],[26.059,69.724],[26.072,69.724],[26.078,69.727],[26.106,69.729],[26.122,69.733],[26.136,69.739],[26.147,69.745],[26.15,69.755],[26.162,69.758],[26.173,69.758],[26.184,69.761],[26.185,69.767],[26.181,69.769],[26.192,69.777],[26.217,69.781],[26.22,69.785],[26.226,69.787],[26.228,69.792],[26.247,69.795],[26.249,69.801],[26.241,69.808],[26.241,69.814],[26.246,69.817],[26.26,69.819],[26.17,69.817],[26.105,69.818],[26.077,69.85],[25.98,69.845],[25.953,69.842],[25.88,69.865],[25.814,69.863],[25.833,69.891],[25.767,69.903],[25.612,69.815],[25.496,69.749],[25.251,69.731],[25.081,69.741],[25.061,69.742],[24.967,69.746],[24.946,69.75],[24.618,69.812],[24.585,69.819],[24.218,69.807],[24.196,69.723],[24.196,69.719],[24.2,69.707],[24.194,69.696],[24.195,69.688],[24.202,69.677],[24.211,69.669],[24.214,69.666],[24.245,69.652],[24.26,69.636],[24.273,69.63],[24.278,69.625],[24.281,69.613],[24.29,69.608],[24.292,69.604],[24.303,69.605],[24.311,69.609],[24.31,69.612],[24.318,69.613],[24.321,69.605],[24.325,69.601],[24.34,69.6],[24.344,69.594],[24.346,69.577],[24.353,69.573],[24.362,69.578],[24.381,69.568],[24.39,69.564],[24.398,69.565],[24.401,69.548],[24.39,69.539],[24.392,69.534],[24.385,69.528],[24.379,69.525],[24.377,69.519],[24.355,69.508],[24.355,69.502],[24.334,69.493],[24.311,69.481],[24.317,69.477],[24.314,69.472],[24.306,69.469],[24.299,69.464],[24.294,69.464],[24.287,69.461],[24.289,69.455],[24.284,69.45],[24.294,69.447],[24.303,69.439],[24.311,69.429],[24.308,69.427],[24.293,69.427],[24.281,69.415],[24.269,69.409],[24.262,69.396],[24.231,69.396],[24.208,69.392],[24.211,69.39],[24.212,69.377],[24.207,69.376],[24.204,69.371],[24.207,69.368],[24.281,69.349],[24.286,69.346],[24.352,69.25],[24.365,69.232],[24.618,69.151],[24.654,69.139],[24.717,69.022],[24.802,69],[25.016,68.947],[25.02,68.946],[25.024,68.94],[25.019,68.935],[25.034,68.928],[25.036,68.926],[25.051,68.918],[25.041,68.909],[25.046,68.903],[25.062,68.893],[25.089,68.888],[25.117,68.889],[25.129,68.888],[25.145,68.89],[25.173,68.886],[25.194,68.881],[25.21,68.885],[25.23,68.884],[25.241,68.886],[25.257,68.886],[25.261,68.884],[25.275,68.884],[25.288,68.885],[25.299,68.883],[25.305,68.884],[25.328,68.888],[25.362,68.888],[25.382,68.885],[25.398,68.89]]]}},{"type":"Feature","properties":{"id":406657,"maakond_id":615,"name":"Kautokeino","bbox":[21.984,68.555,25.401,69.713]},"geometry":{"type":"Polygon","coordinates":[[[21.984,69.073],[22.007,69.059],[22.091,69.008],[22.162,68.965],[22.176,68.956],[22.192,68.919],[22.341,68.827],[22.354,68.787],[22.375,68.717],[22.535,68.745],[22.606,68.726],[22.801,68.688],[23.046,68.689],[23.102,68.661],[23.168,68.629],[23.235,68.645],[23.364,68.675],[23.441,68.692],[23.674,68.706],[23.731,68.751],[23.775,68.819],[23.871,68.837],[23.983,68.827],[24.076,68.78],[24.159,68.79],[24.153,68.754],[24.208,68.745],[24.251,68.727],[24.302,68.717],[24.468,68.7],[24.608,68.682],[24.783,68.636],[24.813,68.607],[24.857,68.562],[24.903,68.555],[24.907,68.582],[24.917,68.605],[24.927,68.607],[24.934,68.611],[24.947,68.612],[24.95,68.615],[24.959,68.618],[24.969,68.616],[24.98,68.618],[24.986,68.613],[24.996,68.612],[25.015,68.616],[25.016,68.622],[25.024,68.624],[25.033,68.623],[25.037,68.625],[25.049,68.627],[25.057,68.622],[25.065,68.621],[25.076,68.622],[25.086,68.63],[25.091,68.636],[25.104,68.638],[25.113,68.638],[25.119,68.643],[25.116,68.645],[25.118,68.651],[25.114,68.653],[25.116,68.66],[25.114,68.666],[25.11,68.673],[25.111,68.677],[25.107,68.68],[25.114,68.693],[25.111,68.699],[25.122,68.713],[25.131,68.715],[25.13,68.719],[25.125,68.72],[25.122,68.724],[25.124,68.735],[25.127,68.736],[25.126,68.743],[25.121,68.745],[25.126,68.758],[25.135,68.762],[25.133,68.768],[25.141,68.779],[25.142,68.787],[25.148,68.79],[25.15,68.795],[25.157,68.8],[25.173,68.804],[25.176,68.807],[25.197,68.81],[25.207,68.816],[25.208,68.819],[25.22,68.821],[25.232,68.827],[25.232,68.829],[25.239,68.839],[25.254,68.845],[25.268,68.851],[25.29,68.856],[25.288,68.858],[25.296,68.861],[25.313,68.863],[25.326,68.866],[25.338,68.87],[25.372,68.878],[25.375,68.881],[25.401,68.887],[25.398,68.89],[25.382,68.885],[25.362,68.888],[25.328,68.888],[25.305,68.884],[25.299,68.883],[25.288,68.885],[25.275,68.884],[25.261,68.884],[25.257,68.886],[25.241,68.886],[25.23,68.884],[25.21,68.885],[25.194,68.881],[25.173,68.886],[25.145,68.89],[25.129,68.888],[25.117,68.889],[25.089,68.888],[25.062,68.893],[25.046,68.903],[25.041,68.909],[25.051,68.918],[25.036,68.926],[25.034,68.928],[25.019,68.935],[25.024,68.94],[25.02,68.946],[25.016,68.947],[24.802,69],[24.717,69.022],[24.654,69.139],[24.618,69.151],[24.365,69.232],[24.352,69.25],[24.286,69.346],[24.281,69.349],[24.207,69.368],[24.204,69.371],[24.207,69.376],[24.212,69.377],[24.211,69.39],[24.208,69.392],[24.231,69.396],[24.262,69.396],[24.269,69.409],[24.281,69.415],[24.293,69.427],[24.308,69.427],[24.311,69.429],[24.303,69.439],[24.294,69.447],[24.284,69.45],[24.289,69.455],[24.287,69.461],[24.294,69.464],[24.299,69.464],[24.306,69.469],[24.314,69.472],[24.317,69.477],[24.311,69.481],[24.334,69.493],[24.355,69.502],[24.355,69.508],[24.377,69.519],[24.379,69.525],[24.385,69.528],[24.392,69.534],[24.39,69.539],[24.401,69.548],[24.398,69.565],[24.39,69.564],[24.381,69.568],[24.362,69.578],[24.353,69.573],[24.346,69.577],[24.344,69.594],[24.34,69.6],[24.325,69.601],[24.321,69.605],[24.318,69.613],[24.31,69.612],[24.311,69.609],[24.303,69.605],[24.292,69.604],[24.29,69.608],[24.281,69.613],[24.278,69.625],[24.273,69.63],[24.26,69.636],[24.245,69.652],[24.214,69.666],[24.211,69.669],[23.999,69.683],[23.543,69.712],[23.488,69.713],[23.325,69.709],[23.16,69.686],[23.071,69.69],[22.896,69.695],[22.835,69.667],[22.87,69.657],[22.894,69.647],[22.847,69.621],[22.818,69.615],[22.777,69.607],[22.771,69.58],[22.744,69.56],[22.743,69.55],[22.703,69.542],[22.722,69.508],[22.675,69.516],[22.632,69.519],[22.511,69.513],[22.445,69.5],[22.381,69.487],[22.279,69.482],[22.273,69.47],[22.302,69.453],[22.287,69.429],[22.325,69.396],[22.328,69.368],[22.366,69.363],[22.399,69.328],[22.434,69.307],[22.454,69.288],[22.483,69.267],[22.499,69.265],[22.509,69.261],[22.53,69.238],[22.526,69.234],[22.524,69.225],[22.533,69.203],[22.516,69.178],[22.529,69.166],[22.529,69.162],[22.495,69.143],[22.501,69.126],[22.479,69.11],[22.418,69.103],[22.351,69.09],[22.319,69.08],[22.217,69.079],[22.11,69.076],[21.999,69.073],[21.984,69.073]]]}},{"type":"Feature","properties":{"id":406658,"maakond_id":615,"name":"Lebesby","bbox":[25.913,69.973,27.774,71.352]},"geometry":{"type":"Polygon","coordinates":[[[27.061,71.352],[26.929,71.221],[26.804,71.095],[26.681,70.968],[26.584,70.867],[26.435,70.819],[26.29,70.724],[26.228,70.706],[26.23,70.678],[26.111,70.656],[26.125,70.613],[26.148,70.544],[26.123,70.5],[26.098,70.455],[26.007,70.391],[26.005,70.326],[25.992,70.304],[26.01,70.276],[26.032,70.25],[26.062,70.216],[26.013,70.196],[25.975,70.175],[25.99,70.152],[25.915,70.091],[25.913,70.064],[25.95,70.024],[25.95,69.999],[25.956,69.98],[26.054,69.982],[26.125,69.973],[26.265,69.998],[26.264,70],[26.245,70.078],[26.306,70.085],[26.351,70.092],[26.743,70.143],[27.011,70.156],[27.01,70.214],[27.174,70.25],[27.368,70.292],[27.37,70.331],[27.38,70.348],[27.382,70.37],[27.391,70.378],[27.428,70.399],[27.414,70.407],[27.409,70.419],[27.405,70.437],[27.403,70.464],[27.399,70.468],[27.403,70.472],[27.403,70.477],[27.399,70.483],[27.394,70.486],[27.396,70.494],[27.395,70.5],[27.389,70.505],[27.391,70.509],[27.382,70.519],[27.371,70.523],[27.372,70.526],[27.365,70.529],[27.36,70.533],[27.36,70.538],[27.356,70.541],[27.361,70.546],[27.361,70.549],[27.351,70.557],[27.359,70.559],[27.357,70.567],[27.366,70.587],[27.396,70.629],[27.547,70.712],[27.695,70.775],[27.727,70.79],[27.738,70.825],[27.712,70.864],[27.679,70.894],[27.676,70.987],[27.647,71.026],[27.622,71.043],[27.646,71.062],[27.691,71.086],[27.682,71.091],[27.675,71.11],[27.646,71.13],[27.658,71.134],[27.696,71.199],[27.774,71.33],[27.718,71.332],[27.061,71.352]]]}},{"type":"Feature","properties":{"id":406659,"maakond_id":615,"name":"Alta","bbox":[22.186,69.645,24.218,70.448]},"geometry":{"type":"Polygon","coordinates":[[[23.961,70.097],[23.866,70.167],[23.768,70.222],[23.749,70.254],[23.73,70.268],[23.729,70.329],[23.597,70.35],[23.532,70.367],[23.472,70.382],[23.423,70.396],[23.417,70.396],[23.408,70.398],[23.357,70.403],[23.309,70.413],[23.267,70.426],[23.095,70.446],[23.025,70.394],[23.012,70.393],[22.998,70.395],[22.986,70.396],[22.965,70.396],[22.951,70.395],[22.934,70.394],[22.913,70.395],[22.896,70.393],[22.89,70.395],[22.872,70.394],[22.84,70.405],[22.816,70.411],[22.691,70.448],[22.685,70.393],[22.677,70.379],[22.681,70.375],[22.681,70.361],[22.688,70.355],[22.682,70.347],[22.687,70.346],[22.679,70.341],[22.657,70.338],[22.652,70.333],[22.656,70.327],[22.647,70.323],[22.647,70.32],[22.663,70.317],[22.664,70.307],[22.657,70.298],[22.657,70.296],[22.645,70.289],[22.608,70.295],[22.57,70.287],[22.569,70.28],[22.546,70.284],[22.53,70.282],[22.522,70.285],[22.509,70.287],[22.499,70.29],[22.475,70.283],[22.414,70.257],[22.404,70.25],[22.406,70.246],[22.403,70.237],[22.415,70.232],[22.429,70.232],[22.445,70.225],[22.451,70.218],[22.429,70.208],[22.491,70.186],[22.503,70.173],[22.522,70.17],[22.544,70.168],[22.556,70.163],[22.554,70.158],[22.56,70.117],[22.604,70.099],[22.536,70.094],[22.492,70.11],[22.415,70.097],[22.351,70.091],[22.302,70.092],[22.278,70.092],[22.266,70.079],[22.266,70.063],[22.235,70.056],[22.233,70.053],[22.217,70.039],[22.215,70.035],[22.206,70.031],[22.198,70.03],[22.186,70.025],[22.189,70.014],[22.187,70.01],[22.198,70.007],[22.225,69.991],[22.233,69.982],[22.248,69.976],[22.243,69.961],[22.271,69.951],[22.282,69.946],[22.324,69.938],[22.34,69.936],[22.403,69.924],[22.439,69.927],[22.479,69.922],[22.497,69.919],[22.527,69.901],[22.449,69.873],[22.478,69.863],[22.503,69.863],[22.532,69.861],[22.547,69.846],[22.534,69.844],[22.512,69.831],[22.488,69.819],[22.451,69.791],[22.502,69.779],[22.536,69.77],[22.555,69.748],[22.538,69.722],[22.57,69.697],[22.6,69.688],[22.755,69.645],[22.803,69.658],[22.835,69.667],[22.896,69.695],[23.071,69.69],[23.16,69.686],[23.325,69.709],[23.488,69.713],[23.543,69.712],[23.999,69.683],[24.211,69.669],[24.202,69.677],[24.195,69.688],[24.194,69.696],[24.2,69.707],[24.196,69.719],[24.196,69.723],[24.218,69.807],[24.159,69.911],[24.115,69.988],[24.072,69.982],[23.999,69.993],[23.911,70.004],[23.961,70.097]]]}},{"type":"Feature","properties":{"id":406833,"maakond_id":603,"name":"Aure","bbox":[7.744,63.115,8.911,63.447]},"geometry":{"type":"Polygon","coordinates":[[[7.776,63.202],[7.744,63.167],[7.767,63.157],[7.872,63.144],[7.931,63.115],[8.017,63.126],[8.103,63.129],[8.15,63.143],[8.263,63.155],[8.333,63.158],[8.369,63.148],[8.483,63.15],[8.569,63.172],[8.672,63.187],[8.762,63.19],[8.819,63.195],[8.833,63.199],[8.832,63.202],[8.838,63.215],[8.862,63.22],[8.863,63.231],[8.828,63.244],[8.821,63.26],[8.816,63.266],[8.849,63.29],[8.866,63.295],[8.865,63.304],[8.865,63.316],[8.863,63.322],[8.87,63.33],[8.882,63.336],[8.883,63.344],[8.905,63.349],[8.911,63.357],[8.892,63.354],[8.872,63.364],[8.868,63.371],[8.857,63.367],[8.849,63.366],[8.826,63.372],[8.821,63.371],[8.799,63.372],[8.799,63.378],[8.796,63.383],[8.798,63.388],[8.801,63.39],[8.803,63.402],[8.786,63.407],[8.77,63.413],[8.763,63.415],[8.757,63.421],[8.743,63.447],[8.609,63.422],[8.434,63.389],[8.343,63.359],[8.231,63.291],[8.197,63.282],[7.926,63.224],[7.776,63.202]]]}},{"type":"Feature","properties":{"id":406835,"maakond_id":613,"name":"Rindal","bbox":[8.959,62.794,9.584,63.212]},"geometry":{"type":"Polygon","coordinates":[[[9.361,63.212],[9.34,63.209],[9.33,63.205],[9.316,63.202],[9.296,63.195],[9.287,63.197],[9.251,63.2],[9.252,63.203],[9.248,63.206],[9.229,63.205],[9.2,63.196],[9.194,63.186],[9.144,63.173],[9.153,63.165],[9.183,63.148],[9.186,63.141],[9.186,63.136],[9.162,63.132],[9.143,63.127],[9.126,63.128],[9.102,63.133],[9.099,63.136],[9.072,63.136],[9.06,63.137],[9.054,63.135],[9.059,63.131],[9.049,63.13],[9.048,63.126],[9.053,63.124],[9.04,63.121],[9.033,63.127],[9.023,63.13],[9.015,63.129],[9.006,63.124],[8.995,63.121],[8.998,63.119],[8.985,63.116],[8.995,63.104],[8.972,63.096],[8.959,63.093],[8.972,63.077],[8.973,63.073],[8.981,63.073],[8.999,63.073],[9.013,63.074],[9.023,63.076],[9.031,63.079],[9.034,63.084],[9.039,63.086],[9.053,63.089],[9.067,63.09],[9.084,63.09],[9.092,63.068],[9.104,63.044],[9.11,63.044],[9.114,63.04],[9.107,63.038],[9.104,63.035],[9.104,63.029],[9.11,63.029],[9.124,63.024],[9.132,63.017],[9.148,63.018],[9.153,63.015],[9.153,63.011],[9.147,63.006],[9.142,63.005],[9.141,63.001],[9.147,62.997],[9.167,62.993],[9.178,62.993],[9.173,62.984],[9.167,62.985],[9.149,62.993],[9.137,62.986],[9.131,62.985],[9.13,62.981],[9.118,62.978],[9.118,62.975],[9.111,62.971],[9.115,62.966],[9.113,62.961],[9.128,62.959],[9.116,62.954],[9.12,62.952],[9.125,62.947],[9.12,62.943],[9.122,62.935],[9.133,62.932],[9.136,62.927],[9.149,62.927],[9.157,62.925],[9.168,62.918],[9.178,62.917],[9.203,62.925],[9.267,62.926],[9.308,62.905],[9.312,62.894],[9.312,62.891],[9.3,62.89],[9.286,62.877],[9.331,62.862],[9.325,62.852],[9.325,62.819],[9.324,62.809],[9.331,62.799],[9.365,62.794],[9.422,62.816],[9.463,62.848],[9.456,62.868],[9.45,62.89],[9.447,62.899],[9.424,62.927],[9.43,62.954],[9.479,62.975],[9.481,62.978],[9.488,62.983],[9.482,62.985],[9.488,62.989],[9.486,62.991],[9.491,62.994],[9.499,62.996],[9.524,62.999],[9.584,63.009],[9.578,63.014],[9.568,63.015],[9.554,63.016],[9.548,63.014],[9.531,63.015],[9.51,63.013],[9.508,63.015],[9.497,63.014],[9.491,63.015],[9.491,63.022],[9.483,63.025],[9.472,63.027],[9.477,63.039],[9.447,63.041],[9.447,63.044],[9.437,63.046],[9.432,63.049],[9.433,63.058],[9.448,63.06],[9.446,63.067],[9.448,63.072],[9.447,63.081],[9.442,63.088],[9.439,63.098],[9.447,63.105],[9.451,63.116],[9.46,63.121],[9.457,63.129],[9.465,63.132],[9.458,63.136],[9.464,63.142],[9.458,63.143],[9.454,63.148],[9.452,63.158],[9.448,63.162],[9.45,63.164],[9.466,63.17],[9.468,63.173],[9.468,63.18],[9.444,63.181],[9.439,63.183],[9.412,63.183],[9.384,63.186],[9.378,63.188],[9.372,63.193],[9.365,63.201],[9.365,63.207],[9.361,63.212]]]}},{"type":"Feature","properties":{"id":406836,"maakond_id":603,"name":"Surnadal","bbox":[8.244,62.712,9.365,63.134]},"geometry":{"type":"Polygon","coordinates":[[[8.373,62.941],[8.409,62.926],[8.469,62.892],[8.495,62.887],[8.529,62.872],[8.59,62.876],[8.605,62.868],[8.625,62.841],[8.603,62.835],[8.597,62.834],[8.584,62.827],[8.597,62.816],[8.603,62.81],[8.614,62.802],[8.605,62.796],[8.613,62.789],[8.619,62.778],[8.652,62.765],[8.657,62.763],[8.689,62.76],[8.712,62.762],[8.711,62.758],[8.714,62.752],[8.735,62.754],[8.752,62.752],[8.76,62.75],[8.765,62.745],[8.776,62.743],[8.783,62.74],[8.801,62.741],[8.812,62.737],[8.826,62.739],[8.834,62.738],[8.84,62.74],[8.852,62.733],[8.866,62.728],[8.874,62.726],[8.888,62.726],[8.891,62.722],[8.908,62.714],[8.92,62.712],[8.986,62.742],[9.058,62.746],[9.077,62.76],[9.085,62.76],[9.094,62.758],[9.093,62.755],[9.104,62.754],[9.115,62.756],[9.122,62.755],[9.137,62.757],[9.147,62.756],[9.218,62.769],[9.365,62.794],[9.331,62.799],[9.324,62.809],[9.325,62.819],[9.325,62.852],[9.331,62.862],[9.286,62.877],[9.3,62.89],[9.312,62.891],[9.312,62.894],[9.308,62.905],[9.267,62.926],[9.203,62.925],[9.178,62.917],[9.168,62.918],[9.157,62.925],[9.149,62.927],[9.136,62.927],[9.133,62.932],[9.122,62.935],[9.12,62.943],[9.125,62.947],[9.12,62.952],[9.116,62.954],[9.128,62.959],[9.113,62.961],[9.115,62.966],[9.111,62.971],[9.118,62.975],[9.118,62.978],[9.13,62.981],[9.131,62.985],[9.137,62.986],[9.149,62.993],[9.167,62.985],[9.173,62.984],[9.178,62.993],[9.167,62.993],[9.147,62.997],[9.141,63.001],[9.142,63.005],[9.147,63.006],[9.153,63.011],[9.153,63.015],[9.148,63.018],[9.132,63.017],[9.124,63.024],[9.11,63.029],[9.104,63.029],[9.104,63.035],[9.107,63.038],[9.114,63.04],[9.11,63.044],[9.104,63.044],[9.092,63.068],[9.084,63.09],[9.067,63.09],[9.053,63.089],[9.039,63.086],[9.034,63.084],[9.031,63.079],[9.023,63.076],[9.013,63.074],[8.999,63.073],[8.981,63.073],[8.973,63.073],[8.972,63.077],[8.959,63.093],[8.972,63.096],[8.995,63.104],[8.985,63.116],[8.981,63.125],[8.97,63.134],[8.911,63.118],[8.899,63.122],[8.886,63.121],[8.86,63.114],[8.856,63.118],[8.847,63.122],[8.842,63.122],[8.834,63.126],[8.819,63.126],[8.807,63.127],[8.793,63.123],[8.783,63.116],[8.775,63.114],[8.773,63.111],[8.777,63.107],[8.735,63.094],[8.721,63.085],[8.706,63.083],[8.689,63.073],[8.68,63.072],[8.653,63.064],[8.648,63.073],[8.641,63.07],[8.633,63.069],[8.622,63.071],[8.593,63.065],[8.575,63.065],[8.554,63.062],[8.547,63.056],[8.526,63.058],[8.502,63.049],[8.497,63.062],[8.493,63.068],[8.481,63.08],[8.454,63.074],[8.454,63.073],[8.437,63.066],[8.437,63.052],[8.425,63.047],[8.407,63.054],[8.403,63.057],[8.389,63.054],[8.381,63.053],[8.362,63.046],[8.356,63.043],[8.345,63.041],[8.347,63.039],[8.338,63.036],[8.329,63.045],[8.297,63.038],[8.284,63.03],[8.274,63.026],[8.263,63.024],[8.244,63.012],[8.292,62.996],[8.347,62.97],[8.373,62.941]]]}},{"type":"Feature","properties":{"id":406837,"maakond_id":603,"name":"Kristiansund","bbox":[6.971,63.005,7.931,63.429]},"geometry":{"type":"Polygon","coordinates":[[[6.971,63.342],[7.211,63.262],[7.329,63.222],[7.506,63.173],[7.67,63.126],[7.691,63.092],[7.685,63.065],[7.685,63.035],[7.756,63.005],[7.837,63.016],[7.908,63.052],[7.931,63.071],[7.931,63.115],[7.872,63.144],[7.767,63.157],[7.744,63.167],[7.776,63.202],[7.59,63.282],[7.472,63.307],[7.301,63.365],[7.111,63.429],[6.971,63.342]]]}},{"type":"Feature","properties":{"id":406838,"maakond_id":603,"name":"Tingvoll","bbox":[7.837,62.783,8.44,63.129]},"geometry":{"type":"Polygon","coordinates":[[[7.837,63.016],[7.865,63.006],[7.867,62.991],[7.9,62.975],[7.988,62.988],[8.045,62.97],[8.13,62.93],[8.139,62.851],[8.166,62.825],[8.234,62.8],[8.294,62.8],[8.324,62.788],[8.352,62.796],[8.359,62.799],[8.374,62.8],[8.387,62.8],[8.391,62.796],[8.414,62.789],[8.422,62.789],[8.423,62.787],[8.44,62.783],[8.434,62.803],[8.423,62.818],[8.421,62.823],[8.408,62.835],[8.394,62.841],[8.378,62.847],[8.373,62.852],[8.384,62.863],[8.406,62.864],[8.421,62.878],[8.358,62.908],[8.35,62.922],[8.373,62.941],[8.347,62.97],[8.292,62.996],[8.244,63.012],[8.203,63.023],[8.151,63.095],[8.103,63.129],[8.017,63.126],[7.931,63.115],[7.931,63.071],[7.908,63.052],[7.837,63.016]]]}},{"type":"Feature","properties":{"id":406839,"maakond_id":603,"name":"Sunndal","bbox":[8.206,62.353,9.244,62.941]},"geometry":{"type":"Polygon","coordinates":[[[8.732,62.377],[8.793,62.378],[8.89,62.375],[8.919,62.353],[8.932,62.353],[8.971,62.354],[9.02,62.359],[9.062,62.373],[9.105,62.382],[9.142,62.398],[9.184,62.427],[9.199,62.448],[9.184,62.458],[9.208,62.5],[9.211,62.501],[9.213,62.507],[9.212,62.514],[9.206,62.522],[9.217,62.52],[9.223,62.521],[9.22,62.524],[9.231,62.54],[9.238,62.536],[9.237,62.544],[9.239,62.549],[9.243,62.553],[9.244,62.556],[9.237,62.56],[9.232,62.568],[9.223,62.57],[9.221,62.575],[9.201,62.572],[9.196,62.574],[9.196,62.577],[9.189,62.577],[9.172,62.574],[9.171,62.576],[9.154,62.573],[9.148,62.577],[9.15,62.578],[9.139,62.583],[9.126,62.587],[9.111,62.606],[9.081,62.625],[9.012,62.664],[8.981,62.662],[8.92,62.712],[8.908,62.714],[8.891,62.722],[8.888,62.726],[8.874,62.726],[8.866,62.728],[8.852,62.733],[8.84,62.74],[8.834,62.738],[8.826,62.739],[8.812,62.737],[8.801,62.741],[8.783,62.74],[8.776,62.743],[8.765,62.745],[8.76,62.75],[8.752,62.752],[8.735,62.754],[8.714,62.752],[8.711,62.758],[8.712,62.762],[8.689,62.76],[8.657,62.763],[8.652,62.765],[8.619,62.778],[8.613,62.789],[8.605,62.796],[8.614,62.802],[8.603,62.81],[8.597,62.816],[8.584,62.827],[8.597,62.834],[8.603,62.835],[8.625,62.841],[8.605,62.868],[8.59,62.876],[8.529,62.872],[8.495,62.887],[8.469,62.892],[8.409,62.926],[8.373,62.941],[8.35,62.922],[8.358,62.908],[8.421,62.878],[8.406,62.864],[8.384,62.863],[8.373,62.852],[8.378,62.847],[8.394,62.841],[8.408,62.835],[8.421,62.823],[8.423,62.818],[8.434,62.803],[8.44,62.783],[8.423,62.787],[8.422,62.789],[8.414,62.789],[8.391,62.796],[8.387,62.8],[8.374,62.8],[8.359,62.799],[8.352,62.796],[8.324,62.788],[8.312,62.784],[8.292,62.772],[8.283,62.77],[8.269,62.766],[8.253,62.76],[8.243,62.753],[8.229,62.75],[8.225,62.747],[8.222,62.739],[8.206,62.738],[8.212,62.731],[8.229,62.725],[8.227,62.721],[8.235,62.714],[8.245,62.712],[8.249,62.709],[8.258,62.698],[8.265,62.696],[8.273,62.69],[8.281,62.686],[8.282,62.683],[8.288,62.682],[8.291,62.676],[8.286,62.667],[8.28,62.666],[8.277,62.66],[8.277,62.654],[8.269,62.648],[8.257,62.646],[8.247,62.64],[8.246,62.626],[8.247,62.623],[8.229,62.6],[8.218,62.577],[8.249,62.566],[8.257,62.577],[8.272,62.574],[8.317,62.575],[8.33,62.556],[8.344,62.547],[8.369,62.531],[8.346,62.508],[8.379,62.5],[8.4,62.489],[8.514,62.459],[8.513,62.448],[8.521,62.435],[8.587,62.408],[8.667,62.405],[8.719,62.383],[8.732,62.377]]]}},{"type":"Feature","properties":{"id":406840,"maakond_id":603,"name":"Averøy","bbox":[6.861,62.922,7.756,63.342]},"geometry":{"type":"Polygon","coordinates":[[[7.756,63.005],[7.685,63.035],[7.685,63.065],[7.691,63.092],[7.67,63.126],[7.506,63.173],[7.329,63.222],[7.211,63.262],[6.971,63.342],[6.861,63.273],[7.098,63.194],[7.216,63.154],[7.331,63.04],[7.36,63.01],[7.34,63],[7.336,62.979],[7.445,62.956],[7.489,62.922],[7.521,62.925],[7.557,62.936],[7.661,62.971],[7.752,62.99],[7.756,63.005]]]}},{"type":"Feature","properties":{"id":406841,"maakond_id":603,"name":"Gjemnes","bbox":[7.385,62.821,8.139,63.016]},"geometry":{"type":"Polygon","coordinates":[[[7.43,62.828],[7.441,62.832],[7.509,62.835],[7.546,62.832],[7.568,62.827],[7.579,62.826],[7.591,62.825],[7.606,62.826],[7.622,62.829],[7.628,62.831],[7.642,62.832],[7.655,62.836],[7.684,62.842],[7.705,62.844],[7.733,62.849],[7.74,62.851],[7.739,62.854],[7.742,62.859],[7.734,62.863],[7.738,62.868],[7.749,62.87],[7.76,62.871],[7.768,62.868],[7.777,62.863],[7.78,62.86],[7.794,62.849],[7.797,62.845],[7.808,62.837],[7.806,62.835],[7.814,62.827],[7.826,62.829],[7.841,62.829],[7.845,62.832],[7.857,62.834],[7.873,62.832],[7.878,62.829],[7.883,62.83],[7.888,62.825],[7.919,62.821],[7.945,62.827],[7.976,62.829],[8,62.832],[8.03,62.837],[8.045,62.834],[8.077,62.84],[8.085,62.842],[8.094,62.843],[8.103,62.846],[8.139,62.851],[8.13,62.93],[8.045,62.97],[7.988,62.988],[7.9,62.975],[7.867,62.991],[7.865,63.006],[7.837,63.016],[7.756,63.005],[7.752,62.99],[7.661,62.971],[7.557,62.936],[7.595,62.929],[7.602,62.925],[7.604,62.921],[7.609,62.918],[7.608,62.91],[7.615,62.901],[7.613,62.901],[7.586,62.9],[7.588,62.887],[7.588,62.879],[7.577,62.882],[7.567,62.878],[7.544,62.874],[7.54,62.871],[7.526,62.87],[7.523,62.868],[7.512,62.865],[7.501,62.864],[7.484,62.859],[7.461,62.86],[7.45,62.858],[7.441,62.856],[7.441,62.853],[7.427,62.85],[7.405,62.852],[7.395,62.849],[7.385,62.841],[7.401,62.835],[7.43,62.828]]]}},{"type":"Feature","properties":{"id":406844,"maakond_id":603,"name":"Rauma","bbox":[7.225,62.171,8.206,62.723]},"geometry":{"type":"Polygon","coordinates":[[[7.352,62.631],[7.38,62.615],[7.394,62.598],[7.413,62.578],[7.394,62.566],[7.39,62.562],[7.392,62.561],[7.379,62.558],[7.363,62.545],[7.323,62.54],[7.298,62.54],[7.296,62.536],[7.298,62.532],[7.271,62.53],[7.269,62.526],[7.251,62.516],[7.242,62.512],[7.225,62.508],[7.231,62.497],[7.235,62.494],[7.23,62.492],[7.233,62.484],[7.243,62.479],[7.25,62.478],[7.246,62.473],[7.265,62.468],[7.283,62.471],[7.301,62.464],[7.318,62.463],[7.326,62.46],[7.335,62.452],[7.336,62.417],[7.359,62.406],[7.358,62.4],[7.365,62.395],[7.367,62.391],[7.377,62.388],[7.391,62.388],[7.399,62.39],[7.415,62.389],[7.421,62.386],[7.439,62.389],[7.444,62.392],[7.448,62.398],[7.458,62.394],[7.482,62.402],[7.493,62.407],[7.505,62.409],[7.504,62.412],[7.508,62.416],[7.523,62.416],[7.532,62.418],[7.546,62.416],[7.554,62.417],[7.555,62.42],[7.576,62.422],[7.586,62.419],[7.608,62.42],[7.61,62.424],[7.599,62.433],[7.624,62.437],[7.637,62.434],[7.657,62.432],[7.671,62.423],[7.679,62.426],[7.694,62.423],[7.702,62.421],[7.709,62.422],[7.733,62.423],[7.741,62.422],[7.75,62.419],[7.796,62.394],[7.803,62.386],[7.826,62.374],[7.829,62.363],[7.78,62.354],[7.77,62.341],[7.768,62.329],[7.752,62.321],[7.718,62.311],[7.72,62.306],[7.713,62.302],[7.706,62.301],[7.692,62.292],[7.705,62.277],[7.633,62.266],[7.635,62.262],[7.633,62.256],[7.644,62.252],[7.653,62.251],[7.662,62.245],[7.673,62.245],[7.685,62.242],[7.688,62.235],[7.691,62.233],[7.706,62.228],[7.708,62.225],[7.699,62.219],[7.69,62.212],[7.689,62.208],[7.684,62.204],[7.684,62.199],[7.691,62.197],[7.703,62.197],[7.718,62.19],[7.735,62.185],[7.783,62.186],[7.827,62.19],[7.864,62.171],[7.921,62.173],[7.984,62.177],[8.08,62.252],[8.086,62.254],[8.094,62.259],[8.108,62.27],[8.11,62.274],[8.13,62.286],[8.132,62.291],[8.144,62.297],[8.17,62.305],[8.176,62.31],[8.206,62.332],[8.192,62.36],[8.199,62.365],[8.196,62.38],[8.148,62.393],[8.126,62.418],[8.07,62.435],[8.061,62.438],[8.026,62.452],[8.036,62.472],[8.018,62.481],[8.007,62.501],[8.033,62.519],[8.037,62.532],[8.098,62.537],[8.097,62.54],[8.089,62.541],[8.081,62.546],[8.084,62.552],[8.072,62.558],[8.066,62.557],[8.06,62.56],[8.054,62.561],[8.047,62.566],[8.049,62.568],[8.059,62.57],[8.067,62.574],[8.074,62.575],[8.08,62.578],[8.08,62.583],[8.071,62.587],[8.064,62.587],[8.054,62.596],[8.052,62.601],[8.042,62.602],[8.029,62.603],[7.998,62.612],[7.943,62.614],[7.92,62.613],[7.908,62.611],[7.904,62.613],[7.904,62.617],[7.896,62.622],[7.884,62.623],[7.878,62.619],[7.875,62.614],[7.865,62.612],[7.851,62.615],[7.837,62.624],[7.825,62.624],[7.815,62.636],[7.811,62.638],[7.817,62.645],[7.812,62.649],[7.823,62.657],[7.823,62.664],[7.825,62.666],[7.829,62.676],[7.814,62.68],[7.808,62.687],[7.798,62.689],[7.788,62.692],[7.778,62.689],[7.766,62.689],[7.759,62.69],[7.76,62.693],[7.732,62.723],[7.44,62.663],[7.352,62.631]]]}},{"type":"Feature","properties":{"id":406847,"maakond_id":603,"name":"Aukra","bbox":[6.338,62.739,7.047,63.146]},"geometry":{"type":"Polygon","coordinates":[[[6.577,62.739],[6.697,62.768],[6.752,62.759],[6.816,62.767],[6.881,62.764],[6.91,62.756],[6.956,62.752],[6.994,62.75],[7.008,62.752],[7.024,62.754],[7.047,62.753],[7.037,62.764],[7.037,62.766],[7.03,62.776],[7.02,62.781],[6.995,62.786],[6.95,62.789],[6.982,62.826],[6.976,62.839],[6.987,62.855],[6.936,62.873],[6.864,62.873],[6.788,62.883],[6.777,62.892],[6.761,62.986],[6.674,63.039],[6.499,63.146],[6.338,63.091],[6.513,62.985],[6.601,62.932],[6.681,62.906],[6.707,62.89],[6.707,62.871],[6.656,62.838],[6.61,62.796],[6.577,62.739]]]}},{"type":"Feature","properties":{"id":406850,"maakond_id":603,"name":"Vestnes","bbox":[6.677,62.446,7.413,62.69]},"geometry":{"type":"Polygon","coordinates":[[[7.116,62.45],[7.131,62.449],[7.136,62.451],[7.14,62.454],[7.152,62.452],[7.16,62.45],[7.163,62.446],[7.17,62.448],[7.176,62.456],[7.184,62.456],[7.203,62.464],[7.208,62.468],[7.217,62.473],[7.221,62.477],[7.234,62.482],[7.233,62.484],[7.23,62.492],[7.235,62.494],[7.231,62.497],[7.225,62.508],[7.242,62.512],[7.251,62.516],[7.269,62.526],[7.271,62.53],[7.298,62.532],[7.296,62.536],[7.298,62.54],[7.323,62.54],[7.363,62.545],[7.379,62.558],[7.392,62.561],[7.39,62.562],[7.394,62.566],[7.413,62.578],[7.394,62.598],[7.38,62.615],[7.352,62.631],[7.224,62.636],[7.139,62.678],[7.002,62.69],[6.972,62.674],[6.847,62.651],[6.807,62.668],[6.762,62.667],[6.677,62.648],[6.685,62.636],[6.692,62.628],[6.714,62.63],[6.719,62.631],[6.733,62.618],[6.765,62.61],[6.735,62.595],[6.753,62.595],[6.771,62.588],[6.779,62.577],[6.783,62.574],[6.797,62.573],[6.805,62.571],[6.824,62.569],[6.826,62.566],[6.84,62.561],[6.83,62.559],[6.843,62.552],[6.854,62.547],[6.864,62.541],[6.871,62.54],[6.903,62.544],[6.911,62.542],[6.927,62.534],[6.932,62.536],[6.95,62.532],[6.964,62.528],[6.98,62.532],[6.989,62.532],[6.991,62.518],[6.979,62.516],[6.993,62.511],[6.997,62.506],[6.998,62.498],[7.007,62.493],[7.015,62.482],[7.014,62.475],[7.038,62.463],[7.047,62.456],[7.054,62.457],[7.077,62.455],[7.09,62.453],[7.093,62.449],[7.103,62.447],[7.116,62.45]]]}},{"type":"Feature","properties":{"id":406852,"maakond_id":603,"name":"Stranda","bbox":[6.658,61.964,7.416,62.372]},"geometry":{"type":"Polygon","coordinates":[[[7.415,62.092],[7.373,62.095],[7.36,62.106],[7.348,62.115],[7.321,62.127],[7.311,62.145],[7.274,62.152],[7.273,62.153],[7.278,62.158],[7.274,62.161],[7.259,62.162],[7.256,62.163],[7.242,62.156],[7.229,62.157],[7.221,62.163],[7.219,62.169],[7.221,62.172],[7.218,62.176],[7.211,62.174],[7.201,62.163],[7.193,62.158],[7.191,62.154],[7.184,62.154],[7.18,62.151],[7.171,62.152],[7.167,62.152],[7.146,62.152],[7.148,62.161],[7.143,62.167],[7.14,62.168],[7.127,62.165],[7.117,62.165],[7.084,62.17],[7.075,62.174],[7.074,62.178],[7.069,62.18],[7.068,62.185],[7.07,62.192],[7.066,62.194],[7.059,62.202],[7.058,62.206],[7.053,62.21],[7.049,62.21],[7.039,62.213],[7.024,62.216],[7.018,62.273],[7.035,62.293],[7.103,62.287],[7.141,62.288],[7.144,62.295],[7.152,62.305],[7.168,62.313],[7.168,62.317],[7.148,62.326],[7.105,62.329],[7.097,62.331],[7.085,62.329],[7.08,62.333],[7.072,62.338],[7.06,62.348],[7.05,62.35],[7.046,62.353],[7.041,62.36],[7.032,62.356],[7.021,62.357],[7.017,62.354],[6.998,62.344],[6.98,62.343],[6.975,62.347],[6.967,62.346],[6.961,62.341],[6.939,62.337],[6.935,62.347],[6.915,62.363],[6.888,62.363],[6.88,62.365],[6.872,62.368],[6.863,62.369],[6.85,62.372],[6.84,62.368],[6.839,62.353],[6.833,62.351],[6.815,62.347],[6.829,62.337],[6.837,62.325],[6.84,62.313],[6.83,62.312],[6.821,62.308],[6.814,62.309],[6.805,62.311],[6.792,62.301],[6.78,62.3],[6.778,62.293],[6.773,62.289],[6.768,62.28],[6.763,62.276],[6.764,62.272],[6.755,62.265],[6.735,62.261],[6.74,62.256],[6.737,62.249],[6.741,62.247],[6.748,62.236],[6.737,62.233],[6.723,62.234],[6.705,62.221],[6.718,62.212],[6.736,62.203],[6.757,62.194],[6.776,62.189],[6.783,62.186],[6.771,62.179],[6.773,62.173],[6.769,62.165],[6.764,62.163],[6.763,62.157],[6.763,62.142],[6.752,62.132],[6.731,62.131],[6.728,62.133],[6.714,62.134],[6.713,62.13],[6.699,62.121],[6.688,62.121],[6.68,62.118],[6.668,62.116],[6.671,62.111],[6.683,62.107],[6.694,62.099],[6.701,62.097],[6.707,62.089],[6.702,62.084],[6.692,62.082],[6.662,62.074],[6.658,62.072],[6.671,62.066],[6.68,62.064],[6.686,62.058],[6.695,62.049],[6.693,62.048],[6.696,62.042],[6.713,62.034],[6.754,62.003],[6.759,62.001],[6.771,61.993],[6.772,61.99],[6.779,61.985],[6.788,61.981],[6.794,61.97],[6.799,61.969],[6.819,61.969],[6.841,61.964],[6.849,61.969],[6.852,61.976],[6.87,61.977],[6.896,61.982],[6.912,61.976],[6.925,61.982],[6.951,61.989],[6.96,61.989],[6.983,61.982],[6.993,61.986],[7.012,61.987],[7.039,61.984],[7.051,61.984],[7.061,61.989],[7.069,61.997],[7.075,61.999],[7.083,62.006],[7.075,62.009],[7.135,62.013],[7.152,62.014],[7.157,62.015],[7.171,62.012],[7.181,62.015],[7.186,62.014],[7.194,62.017],[7.202,62.022],[7.204,62.026],[7.195,62.031],[7.234,62.034],[7.241,62.019],[7.285,62.018],[7.311,62.018],[7.329,62.008],[7.349,62.008],[7.352,62.018],[7.353,62.029],[7.343,62.035],[7.384,62.052],[7.396,62.057],[7.403,62.061],[7.399,62.062],[7.4,62.068],[7.406,62.069],[7.41,62.077],[7.415,62.081],[7.416,62.085],[7.408,62.088],[7.415,62.092]]]}},{"type":"Feature","properties":{"id":406856,"maakond_id":603,"name":"Haram","bbox":[5.641,62.509,6.84,62.927]},"geometry":{"type":"Polygon","coordinates":[[[6.191,62.509],[6.239,62.52],[6.272,62.522],[6.463,62.525],[6.516,62.533],[6.523,62.524],[6.532,62.525],[6.542,62.524],[6.565,62.526],[6.583,62.527],[6.598,62.531],[6.615,62.53],[6.627,62.534],[6.644,62.532],[6.644,62.543],[6.652,62.543],[6.669,62.548],[6.69,62.555],[6.715,62.554],[6.73,62.555],[6.728,62.557],[6.741,62.559],[6.748,62.561],[6.77,62.563],[6.773,62.563],[6.804,62.566],[6.819,62.565],[6.827,62.562],[6.84,62.561],[6.826,62.566],[6.824,62.569],[6.805,62.571],[6.797,62.573],[6.783,62.574],[6.779,62.577],[6.771,62.588],[6.753,62.595],[6.735,62.595],[6.765,62.61],[6.733,62.618],[6.719,62.631],[6.714,62.63],[6.692,62.628],[6.685,62.636],[6.677,62.648],[6.496,62.627],[6.447,62.651],[6.516,62.7],[6.329,62.74],[6.198,62.787],[6.045,62.856],[5.888,62.927],[5.671,62.826],[5.641,62.812],[5.821,62.734],[5.956,62.675],[6.181,62.584],[6.157,62.549],[6.16,62.52],[6.187,62.515],[6.191,62.509]]]}},{"type":"Feature","properties":{"id":406857,"maakond_id":603,"name":"Sykkylven","bbox":[6.363,62.221,6.89,62.464]},"geometry":{"type":"Polygon","coordinates":[[[6.85,62.372],[6.843,62.376],[6.837,62.381],[6.834,62.386],[6.831,62.386],[6.827,62.395],[6.828,62.401],[6.835,62.405],[6.843,62.406],[6.847,62.409],[6.842,62.414],[6.852,62.42],[6.85,62.424],[6.86,62.426],[6.875,62.425],[6.874,62.428],[6.89,62.434],[6.855,62.447],[6.774,62.447],[6.739,62.464],[6.692,62.462],[6.571,62.433],[6.52,62.417],[6.438,62.414],[6.363,62.394],[6.381,62.376],[6.377,62.358],[6.417,62.328],[6.453,62.335],[6.459,62.337],[6.473,62.336],[6.471,62.332],[6.477,62.326],[6.474,62.323],[6.477,62.318],[6.475,62.313],[6.488,62.302],[6.501,62.298],[6.516,62.299],[6.524,62.301],[6.536,62.301],[6.549,62.302],[6.555,62.303],[6.555,62.299],[6.569,62.294],[6.572,62.29],[6.577,62.288],[6.574,62.283],[6.578,62.278],[6.573,62.275],[6.576,62.268],[6.591,62.258],[6.601,62.256],[6.621,62.261],[6.625,62.26],[6.628,62.254],[6.632,62.252],[6.641,62.244],[6.662,62.242],[6.674,62.242],[6.676,62.239],[6.699,62.235],[6.705,62.233],[6.704,62.229],[6.7,62.228],[6.705,62.221],[6.723,62.234],[6.737,62.233],[6.748,62.236],[6.741,62.247],[6.737,62.249],[6.74,62.256],[6.735,62.261],[6.755,62.265],[6.764,62.272],[6.763,62.276],[6.768,62.28],[6.773,62.289],[6.778,62.293],[6.78,62.3],[6.792,62.301],[6.805,62.311],[6.814,62.309],[6.821,62.308],[6.83,62.312],[6.84,62.313],[6.837,62.325],[6.829,62.337],[6.815,62.347],[6.833,62.351],[6.839,62.353],[6.84,62.368],[6.85,62.372]]]}},{"type":"Feature","properties":{"id":406859,"maakond_id":603,"name":"Giske","bbox":[5.341,62.444,6.191,62.812]},"geometry":{"type":"Polygon","coordinates":[[[6.191,62.509],[6.187,62.515],[6.16,62.52],[6.157,62.549],[6.181,62.584],[5.956,62.675],[5.821,62.734],[5.641,62.812],[5.509,62.748],[5.341,62.666],[5.551,62.575],[5.656,62.529],[5.684,62.514],[5.808,62.487],[5.886,62.447],[5.955,62.444],[6.012,62.444],[6.055,62.453],[6.068,62.475],[6.135,62.488],[6.167,62.504],[6.191,62.509]]]}},{"type":"Feature","properties":{"id":406860,"maakond_id":603,"name":"Ørsta","bbox":[5.922,62.099,6.783,62.394]},"geometry":{"type":"Polygon","coordinates":[[[5.922,62.238],[5.959,62.225],[5.977,62.219],[5.985,62.213],[5.991,62.206],[6.006,62.197],[6.003,62.194],[6.01,62.193],[6.025,62.187],[6.031,62.183],[6.046,62.184],[6.048,62.177],[6.068,62.17],[6.077,62.168],[6.095,62.171],[6.108,62.166],[6.115,62.166],[6.127,62.17],[6.143,62.174],[6.147,62.169],[6.175,62.166],[6.178,62.155],[6.192,62.139],[6.192,62.133],[6.198,62.131],[6.217,62.123],[6.224,62.118],[6.239,62.114],[6.247,62.115],[6.269,62.115],[6.274,62.113],[6.296,62.105],[6.31,62.105],[6.319,62.108],[6.322,62.111],[6.328,62.112],[6.335,62.11],[6.339,62.099],[6.353,62.101],[6.362,62.101],[6.371,62.102],[6.383,62.11],[6.384,62.114],[6.402,62.114],[6.41,62.11],[6.42,62.108],[6.429,62.109],[6.436,62.113],[6.434,62.117],[6.453,62.126],[6.466,62.138],[6.487,62.13],[6.491,62.133],[6.501,62.133],[6.508,62.132],[6.521,62.127],[6.525,62.127],[6.537,62.132],[6.541,62.134],[6.542,62.139],[6.535,62.145],[6.543,62.144],[6.552,62.146],[6.553,62.148],[6.549,62.153],[6.558,62.155],[6.563,62.158],[6.575,62.163],[6.547,62.184],[6.561,62.189],[6.572,62.192],[6.592,62.191],[6.603,62.186],[6.606,62.181],[6.616,62.176],[6.62,62.174],[6.616,62.169],[6.629,62.162],[6.633,62.159],[6.649,62.159],[6.656,62.156],[6.67,62.152],[6.708,62.146],[6.718,62.148],[6.721,62.14],[6.714,62.134],[6.728,62.133],[6.731,62.131],[6.752,62.132],[6.763,62.142],[6.763,62.157],[6.764,62.163],[6.769,62.165],[6.773,62.173],[6.771,62.179],[6.783,62.186],[6.776,62.189],[6.757,62.194],[6.736,62.203],[6.718,62.212],[6.705,62.221],[6.7,62.228],[6.704,62.229],[6.705,62.233],[6.699,62.235],[6.676,62.239],[6.674,62.242],[6.662,62.242],[6.641,62.244],[6.632,62.252],[6.628,62.254],[6.625,62.26],[6.621,62.261],[6.601,62.256],[6.591,62.258],[6.576,62.268],[6.573,62.275],[6.578,62.278],[6.574,62.283],[6.577,62.288],[6.572,62.29],[6.569,62.294],[6.555,62.299],[6.555,62.303],[6.549,62.302],[6.536,62.301],[6.524,62.301],[6.516,62.299],[6.501,62.298],[6.488,62.302],[6.475,62.313],[6.477,62.318],[6.474,62.323],[6.477,62.326],[6.471,62.332],[6.473,62.336],[6.459,62.337],[6.453,62.335],[6.417,62.328],[6.377,62.358],[6.381,62.376],[6.363,62.394],[6.252,62.382],[6.167,62.367],[6.145,62.344],[5.967,62.275],[5.922,62.238]]]}},{"type":"Feature","properties":{"id":406862,"maakond_id":603,"name":"Vanylven","bbox":[5.358,61.96,5.864,62.216]},"geometry":{"type":"Polygon","coordinates":[[[5.73,61.981],[5.728,62.005],[5.748,62.021],[5.755,62.019],[5.763,62.02],[5.767,62.024],[5.766,62.028],[5.784,62.033],[5.795,62.034],[5.802,62.037],[5.811,62.033],[5.817,62.035],[5.827,62.033],[5.835,62.033],[5.84,62.036],[5.851,62.043],[5.85,62.048],[5.859,62.052],[5.861,62.055],[5.857,62.061],[5.851,62.062],[5.852,62.065],[5.858,62.067],[5.862,62.075],[5.864,62.094],[5.856,62.105],[5.846,62.103],[5.827,62.108],[5.808,62.133],[5.82,62.134],[5.841,62.142],[5.84,62.144],[5.851,62.15],[5.854,62.156],[5.834,62.166],[5.846,62.182],[5.842,62.192],[5.851,62.203],[5.847,62.216],[5.793,62.206],[5.769,62.194],[5.631,62.182],[5.595,62.174],[5.552,62.185],[5.533,62.203],[5.476,62.206],[5.448,62.201],[5.42,62.184],[5.416,62.162],[5.358,62.155],[5.361,62.122],[5.503,62.067],[5.506,62.055],[5.486,62.014],[5.491,62.015],[5.501,62.013],[5.503,62.008],[5.494,62.002],[5.483,61.998],[5.467,61.993],[5.455,61.985],[5.443,61.974],[5.452,61.976],[5.461,61.976],[5.468,61.982],[5.476,61.986],[5.49,61.98],[5.494,61.98],[5.517,61.975],[5.53,61.97],[5.534,61.971],[5.54,61.967],[5.538,61.965],[5.552,61.96],[5.576,61.962],[5.604,61.966],[5.62,61.966],[5.663,61.973],[5.68,61.974],[5.693,61.968],[5.704,61.969],[5.722,61.98],[5.73,61.981]]]}},{"type":"Feature","properties":{"id":406863,"maakond_id":603,"name":"Sula","bbox":[6.012,62.367,6.376,62.459]},"geometry":{"type":"Polygon","coordinates":[[[6.055,62.453],[6.012,62.444],[6.047,62.405],[6.103,62.379],[6.167,62.367],[6.252,62.382],[6.363,62.394],[6.365,62.415],[6.376,62.425],[6.366,62.432],[6.329,62.431],[6.322,62.43],[6.316,62.432],[6.296,62.432],[6.295,62.435],[6.3,62.439],[6.269,62.445],[6.228,62.457],[6.183,62.459],[6.149,62.448],[6.103,62.445],[6.055,62.453]]]}},{"type":"Feature","properties":{"id":406864,"maakond_id":603,"name":"Hareid","bbox":[5.901,62.275,6.167,62.444]},"geometry":{"type":"Polygon","coordinates":[[[6.167,62.367],[6.103,62.379],[6.047,62.405],[6.012,62.444],[5.955,62.444],[5.957,62.424],[5.956,62.418],[5.939,62.403],[5.956,62.393],[5.952,62.389],[5.936,62.384],[5.92,62.387],[5.908,62.385],[5.904,62.383],[5.903,62.37],[5.901,62.358],[5.918,62.335],[5.907,62.327],[5.915,62.324],[5.934,62.317],[5.94,62.31],[5.949,62.308],[5.958,62.296],[5.946,62.291],[5.937,62.288],[5.938,62.281],[5.95,62.28],[5.967,62.275],[6.145,62.344],[6.167,62.367]]]}},{"type":"Feature","properties":{"id":406865,"maakond_id":603,"name":"Ulstein","bbox":[5.681,62.216,5.967,62.514]},"geometry":{"type":"Polygon","coordinates":[[[5.967,62.275],[5.95,62.28],[5.938,62.281],[5.937,62.288],[5.946,62.291],[5.958,62.296],[5.949,62.308],[5.94,62.31],[5.934,62.317],[5.915,62.324],[5.907,62.327],[5.918,62.335],[5.901,62.358],[5.903,62.37],[5.904,62.383],[5.908,62.385],[5.92,62.387],[5.936,62.384],[5.952,62.389],[5.956,62.393],[5.939,62.403],[5.956,62.418],[5.957,62.424],[5.955,62.444],[5.886,62.447],[5.808,62.487],[5.684,62.514],[5.681,62.451],[5.759,62.359],[5.764,62.343],[5.755,62.324],[5.779,62.308],[5.773,62.306],[5.775,62.301],[5.766,62.298],[5.774,62.295],[5.803,62.295],[5.831,62.29],[5.833,62.281],[5.853,62.281],[5.855,62.276],[5.834,62.268],[5.802,62.251],[5.805,62.246],[5.857,62.24],[5.848,62.233],[5.847,62.216],[5.882,62.232],[5.922,62.238],[5.967,62.275]]]}},{"type":"Feature","properties":{"id":406866,"maakond_id":603,"name":"Herøy","bbox":[4.887,62.206,5.857,62.666]},"geometry":{"type":"Polygon","coordinates":[[[5.684,62.514],[5.656,62.529],[5.551,62.575],[5.341,62.666],[5.255,62.624],[4.949,62.472],[4.926,62.459],[4.914,62.452],[4.887,62.433],[5.109,62.367],[5.247,62.325],[5.547,62.292],[5.557,62.286],[5.569,62.285],[5.571,62.29],[5.583,62.29],[5.584,62.287],[5.595,62.286],[5.601,62.283],[5.612,62.275],[5.617,62.275],[5.626,62.266],[5.624,62.256],[5.649,62.262],[5.659,62.259],[5.678,62.257],[5.691,62.253],[5.688,62.246],[5.705,62.244],[5.706,62.238],[5.715,62.238],[5.732,62.238],[5.747,62.235],[5.747,62.231],[5.736,62.228],[5.736,62.222],[5.741,62.218],[5.727,62.21],[5.726,62.208],[5.745,62.21],[5.76,62.209],[5.769,62.211],[5.781,62.211],[5.793,62.206],[5.847,62.216],[5.848,62.233],[5.857,62.24],[5.805,62.246],[5.802,62.251],[5.834,62.268],[5.855,62.276],[5.853,62.281],[5.833,62.281],[5.831,62.29],[5.803,62.295],[5.774,62.295],[5.766,62.298],[5.775,62.301],[5.773,62.306],[5.779,62.308],[5.755,62.324],[5.764,62.343],[5.759,62.359],[5.681,62.451],[5.684,62.514]]]}},{"type":"Feature","properties":{"id":406867,"maakond_id":603,"name":"Sande","bbox":[4.817,62.155,5.793,62.433]},"geometry":{"type":"Polygon","coordinates":[[[5.793,62.206],[5.781,62.211],[5.769,62.211],[5.76,62.209],[5.745,62.21],[5.726,62.208],[5.727,62.21],[5.741,62.218],[5.736,62.222],[5.736,62.228],[5.747,62.231],[5.747,62.235],[5.732,62.238],[5.715,62.238],[5.706,62.238],[5.705,62.244],[5.688,62.246],[5.691,62.253],[5.678,62.257],[5.659,62.259],[5.649,62.262],[5.624,62.256],[5.626,62.266],[5.617,62.275],[5.612,62.275],[5.601,62.283],[5.595,62.286],[5.584,62.287],[5.583,62.29],[5.571,62.29],[5.569,62.285],[5.557,62.286],[5.547,62.292],[5.247,62.325],[5.109,62.367],[4.887,62.433],[4.817,62.382],[5.057,62.31],[5.218,62.261],[5.357,62.169],[5.358,62.155],[5.416,62.162],[5.42,62.184],[5.448,62.201],[5.476,62.206],[5.533,62.203],[5.552,62.185],[5.595,62.174],[5.631,62.182],[5.769,62.194],[5.793,62.206]]]}},{"type":"Feature","properties":{"id":407178,"maakond_id":613,"name":"Leka","bbox":[10.366,64.996,11.96,65.47]},"geometry":{"type":"Polygon","coordinates":[[[11.88,65.069],[11.894,65.071],[11.899,65.076],[11.917,65.08],[11.926,65.097],[11.921,65.1],[11.946,65.11],[11.96,65.117],[11.95,65.118],[11.936,65.127],[11.94,65.138],[11.944,65.141],[11.943,65.143],[11.946,65.149],[11.939,65.149],[11.915,65.16],[11.836,65.158],[11.486,65.237],[11.4,65.296],[11.021,65.394],[10.874,65.42],[10.578,65.47],[10.473,65.369],[10.366,65.265],[10.663,65.213],[10.809,65.187],[11.151,65.125],[11.284,65.008],[11.379,64.996],[11.58,65.028],[11.697,65.033],[11.747,65.038],[11.772,65.039],[11.796,65.043],[11.799,65.045],[11.832,65.055],[11.846,65.058],[11.88,65.069]]]}},{"type":"Feature","properties":{"id":407200,"maakond_id":613,"name":"Høylandet","bbox":[12.024,64.526,12.733,64.987]},"geometry":{"type":"Polygon","coordinates":[[[12.196,64.805],[12.192,64.803],[12.181,64.804],[12.172,64.802],[12.169,64.798],[12.196,64.79],[12.215,64.785],[12.217,64.783],[12.199,64.769],[12.204,64.764],[12.201,64.757],[12.197,64.754],[12.177,64.737],[12.168,64.721],[12.024,64.678],[12.033,64.669],[12.032,64.661],[12.036,64.65],[12.049,64.63],[12.053,64.621],[12.069,64.62],[12.084,64.61],[12.096,64.598],[12.095,64.596],[12.086,64.592],[12.096,64.584],[12.096,64.571],[12.098,64.562],[12.107,64.557],[12.111,64.549],[12.124,64.544],[12.131,64.552],[12.161,64.554],[12.171,64.54],[12.2,64.526],[12.228,64.528],[12.227,64.534],[12.234,64.539],[12.281,64.549],[12.318,64.555],[12.323,64.554],[12.334,64.558],[12.34,64.563],[12.346,64.573],[12.357,64.579],[12.367,64.582],[12.398,64.583],[12.4,64.589],[12.412,64.594],[12.429,64.602],[12.437,64.605],[12.452,64.614],[12.492,64.628],[12.502,64.633],[12.459,64.645],[12.485,64.655],[12.482,64.659],[12.491,64.663],[12.497,64.67],[12.494,64.673],[12.5,64.676],[12.513,64.678],[12.526,64.683],[12.531,64.691],[12.538,64.695],[12.537,64.697],[12.548,64.7],[12.554,64.704],[12.567,64.708],[12.574,64.713],[12.516,64.722],[12.519,64.739],[12.53,64.778],[12.524,64.8],[12.586,64.826],[12.52,64.852],[12.54,64.863],[12.547,64.864],[12.565,64.864],[12.58,64.866],[12.618,64.865],[12.655,64.874],[12.676,64.878],[12.702,64.879],[12.714,64.881],[12.72,64.88],[12.713,64.911],[12.728,64.927],[12.733,64.932],[12.715,64.953],[12.708,64.952],[12.655,64.946],[12.629,64.939],[12.587,64.963],[12.581,64.987],[12.515,64.938],[12.432,64.914],[12.425,64.913],[12.412,64.906],[12.383,64.921],[12.34,64.931],[12.329,64.932],[12.323,64.926],[12.323,64.92],[12.32,64.917],[12.31,64.9],[12.296,64.888],[12.291,64.887],[12.288,64.883],[12.288,64.876],[12.283,64.872],[12.274,64.863],[12.275,64.845],[12.265,64.844],[12.242,64.84],[12.238,64.835],[12.235,64.823],[12.244,64.82],[12.241,64.811],[12.214,64.814],[12.203,64.806],[12.196,64.805]]]}},{"type":"Feature","properties":{"id":407201,"maakond_id":613,"name":"Namsskogan","bbox":[12.516,64.503,13.629,65.117]},"geometry":{"type":"Polygon","coordinates":[[[13.085,65.11],[13.053,65.074],[13.046,65.074],[13.022,65.073],[12.996,65.068],[12.968,65.033],[12.93,65.039],[12.908,65.029],[12.911,65.017],[12.931,65.01],[12.935,65.006],[12.948,65],[12.934,64.985],[12.907,64.974],[12.775,64.976],[12.791,64.953],[12.768,64.941],[12.748,64.943],[12.728,64.948],[12.715,64.953],[12.733,64.932],[12.728,64.927],[12.713,64.911],[12.72,64.88],[12.714,64.881],[12.702,64.879],[12.676,64.878],[12.655,64.874],[12.618,64.865],[12.58,64.866],[12.565,64.864],[12.547,64.864],[12.54,64.863],[12.52,64.852],[12.586,64.826],[12.524,64.8],[12.53,64.778],[12.519,64.739],[12.516,64.722],[12.629,64.726],[12.621,64.72],[12.614,64.717],[12.608,64.711],[12.625,64.706],[12.67,64.695],[12.697,64.684],[12.707,64.688],[12.713,64.689],[12.723,64.686],[12.727,64.689],[12.727,64.692],[12.75,64.697],[12.756,64.693],[12.766,64.691],[12.79,64.694],[12.797,64.689],[12.787,64.679],[12.795,64.675],[12.806,64.675],[12.81,64.676],[12.822,64.673],[12.825,64.669],[12.853,64.669],[12.857,64.666],[12.856,64.66],[12.849,64.656],[12.884,64.634],[13.091,64.503],[13.121,64.644],[13.085,64.665],[13.044,64.749],[13.039,64.752],[13.075,64.756],[13.092,64.756],[13.15,64.753],[13.181,64.75],[13.173,64.784],[13.283,64.871],[13.352,64.926],[13.417,65.013],[13.428,65.024],[13.428,65.043],[13.539,65.068],[13.585,65.086],[13.612,65.09],[13.627,65.099],[13.629,65.105],[13.605,65.108],[13.551,65.115],[13.53,65.117],[13.411,65.099],[13.304,65.102],[13.235,65.109],[13.153,65.116],[13.085,65.11]]]}},{"type":"Feature","properties":{"id":407202,"maakond_id":613,"name":"Røyrvik","bbox":[13.039,64.503,14.326,65.139]},"geometry":{"type":"Polygon","coordinates":[[[13.091,64.503],[13.179,64.543],[13.211,64.558],[13.221,64.566],[13.242,64.578],[13.245,64.584],[13.267,64.588],[13.307,64.635],[13.333,64.667],[13.352,64.683],[13.385,64.697],[13.377,64.726],[13.473,64.752],[13.522,64.765],[13.527,64.766],[13.553,64.767],[13.641,64.784],[13.693,64.792],[13.703,64.795],[13.707,64.794],[13.74,64.8],[13.931,64.822],[13.978,64.86],[14.015,64.89],[14.077,64.939],[14.13,64.979],[14.227,65.049],[14.326,65.119],[14.317,65.121],[14.297,65.115],[14.278,65.124],[14.26,65.124],[14.252,65.131],[14.231,65.132],[14.192,65.131],[14.184,65.133],[14.175,65.137],[14.164,65.139],[14.109,65.129],[14.064,65.122],[14.012,65.13],[13.949,65.127],[13.932,65.119],[13.834,65.118],[13.781,65.111],[13.71,65.113],[13.661,65.108],[13.629,65.105],[13.627,65.099],[13.612,65.09],[13.585,65.086],[13.539,65.068],[13.428,65.043],[13.428,65.024],[13.417,65.013],[13.352,64.926],[13.283,64.871],[13.173,64.784],[13.181,64.75],[13.15,64.753],[13.092,64.756],[13.075,64.756],[13.039,64.752],[13.044,64.749],[13.085,64.665],[13.121,64.644],[13.091,64.503]]]}},{"type":"Feature","properties":{"id":407211,"maakond_id":613,"name":"Overhalla","bbox":[11.603,64.284,12.228,64.678]},"geometry":{"type":"Polygon","coordinates":[[[11.759,64.284],[11.854,64.311],[11.934,64.33],[11.955,64.3],[11.967,64.303],[11.998,64.314],[12.027,64.317],[12.074,64.326],[12.089,64.327],[12.093,64.329],[12.127,64.332],[12.143,64.352],[12.163,64.377],[12.155,64.398],[12.125,64.411],[12.115,64.418],[12.11,64.423],[12.115,64.427],[12.125,64.441],[12.124,64.443],[12.132,64.446],[12.127,64.452],[12.126,64.462],[12.115,64.465],[12.111,64.467],[12.094,64.464],[12.078,64.467],[12.071,64.478],[12.077,64.483],[12.085,64.486],[12.106,64.492],[12.116,64.49],[12.13,64.501],[12.125,64.503],[12.128,64.506],[12.125,64.509],[12.127,64.512],[12.146,64.511],[12.149,64.52],[12.158,64.519],[12.177,64.513],[12.198,64.518],[12.228,64.528],[12.2,64.526],[12.171,64.54],[12.161,64.554],[12.131,64.552],[12.124,64.544],[12.111,64.549],[12.107,64.557],[12.098,64.562],[12.096,64.571],[12.096,64.584],[12.086,64.592],[12.095,64.596],[12.096,64.598],[12.084,64.61],[12.069,64.62],[12.053,64.621],[12.049,64.63],[12.036,64.65],[12.032,64.661],[12.033,64.669],[12.024,64.678],[11.882,64.635],[11.913,64.587],[11.89,64.568],[11.879,64.565],[11.83,64.557],[11.826,64.552],[11.822,64.551],[11.793,64.55],[11.785,64.546],[11.748,64.543],[11.73,64.543],[11.719,64.544],[11.713,64.555],[11.694,64.539],[11.677,64.537],[11.675,64.53],[11.663,64.52],[11.644,64.519],[11.629,64.514],[11.618,64.512],[11.621,64.505],[11.605,64.505],[11.603,64.504],[11.631,64.497],[11.628,64.494],[11.63,64.491],[11.628,64.485],[11.631,64.482],[11.641,64.478],[11.641,64.475],[11.635,64.467],[11.631,64.455],[11.628,64.452],[11.631,64.447],[11.643,64.441],[11.637,64.416],[11.653,64.415],[11.66,64.404],[11.667,64.397],[11.664,64.392],[11.662,64.363],[11.66,64.339],[11.655,64.32],[11.759,64.284]]]}},{"type":"Feature","properties":{"id":407216,"maakond_id":613,"name":"Grong","bbox":[12.071,64.332,13.091,64.726]},"geometry":{"type":"Polygon","coordinates":[[[12.516,64.722],[12.574,64.713],[12.567,64.708],[12.554,64.704],[12.548,64.7],[12.537,64.697],[12.538,64.695],[12.531,64.691],[12.526,64.683],[12.513,64.678],[12.5,64.676],[12.494,64.673],[12.497,64.67],[12.491,64.663],[12.482,64.659],[12.485,64.655],[12.459,64.645],[12.502,64.633],[12.492,64.628],[12.452,64.614],[12.437,64.605],[12.429,64.602],[12.412,64.594],[12.4,64.589],[12.398,64.583],[12.367,64.582],[12.357,64.579],[12.346,64.573],[12.34,64.563],[12.334,64.558],[12.323,64.554],[12.318,64.555],[12.281,64.549],[12.234,64.539],[12.227,64.534],[12.228,64.528],[12.198,64.518],[12.177,64.513],[12.158,64.519],[12.149,64.52],[12.146,64.511],[12.127,64.512],[12.125,64.509],[12.128,64.506],[12.125,64.503],[12.13,64.501],[12.116,64.49],[12.106,64.492],[12.085,64.486],[12.077,64.483],[12.071,64.478],[12.078,64.467],[12.094,64.464],[12.111,64.467],[12.115,64.465],[12.126,64.462],[12.127,64.452],[12.132,64.446],[12.124,64.443],[12.125,64.441],[12.115,64.427],[12.11,64.423],[12.115,64.418],[12.125,64.411],[12.155,64.398],[12.163,64.377],[12.143,64.352],[12.127,64.332],[12.146,64.336],[12.191,64.341],[12.206,64.341],[12.235,64.343],[12.24,64.344],[12.256,64.343],[12.259,64.342],[12.272,64.343],[12.306,64.343],[12.322,64.356],[12.333,64.354],[12.34,64.355],[12.344,64.358],[12.353,64.358],[12.373,64.365],[12.411,64.386],[12.421,64.395],[12.461,64.382],[12.487,64.384],[12.554,64.385],[12.592,64.403],[12.695,64.418],[12.897,64.426],[13.069,64.434],[13.091,64.503],[12.884,64.634],[12.849,64.656],[12.856,64.66],[12.857,64.666],[12.853,64.669],[12.825,64.669],[12.822,64.673],[12.81,64.676],[12.806,64.675],[12.795,64.675],[12.787,64.679],[12.797,64.689],[12.79,64.694],[12.766,64.691],[12.756,64.693],[12.75,64.697],[12.727,64.692],[12.727,64.689],[12.723,64.686],[12.713,64.689],[12.707,64.688],[12.697,64.684],[12.67,64.695],[12.625,64.706],[12.608,64.711],[12.614,64.717],[12.621,64.72],[12.629,64.726],[12.516,64.722]]]}},{"type":"Feature","properties":{"id":407217,"maakond_id":613,"name":"Lierne","bbox":[13.069,64.008,14.157,64.822]},"geometry":{"type":"Polygon","coordinates":[[[13.211,64.095],[13.298,64.087],[13.378,64.08],[13.538,64.066],[13.715,64.046],[13.889,64.02],[13.968,64.008],[14.012,64.05],[14.071,64.108],[14.157,64.195],[14.145,64.284],[14.129,64.372],[14.114,64.462],[14.085,64.478],[14.055,64.483],[13.891,64.507],[13.751,64.55],[13.654,64.58],[13.705,64.64],[13.795,64.712],[13.873,64.776],[13.931,64.822],[13.74,64.8],[13.707,64.794],[13.703,64.795],[13.693,64.792],[13.641,64.784],[13.553,64.767],[13.527,64.766],[13.522,64.765],[13.473,64.752],[13.377,64.726],[13.385,64.697],[13.352,64.683],[13.333,64.667],[13.307,64.635],[13.267,64.588],[13.245,64.584],[13.242,64.578],[13.221,64.566],[13.211,64.558],[13.179,64.543],[13.091,64.503],[13.069,64.434],[13.126,64.353],[13.218,64.313],[13.248,64.253],[13.224,64.167],[13.211,64.095]]]}},{"type":"Feature","properties":{"id":407245,"maakond_id":613,"name":"Flatanger","bbox":[9.7,64.28,11.108,64.778]},"geometry":{"type":"Polygon","coordinates":[[[10.738,64.66],[10.617,64.621],[10.431,64.589],[10.15,64.645],[10.035,64.689],[9.804,64.778],[9.7,64.728],[9.931,64.64],[10.046,64.595],[10.456,64.435],[10.509,64.43],[10.554,64.409],[10.576,64.406],[10.597,64.397],[10.605,64.396],[10.608,64.393],[10.619,64.388],[10.627,64.381],[10.632,64.376],[10.656,64.376],[10.695,64.382],[10.709,64.373],[10.712,64.368],[10.725,64.361],[10.702,64.355],[10.71,64.349],[10.698,64.346],[10.705,64.341],[10.723,64.333],[10.729,64.328],[10.734,64.321],[10.745,64.314],[10.758,64.31],[10.77,64.312],[10.815,64.294],[10.903,64.281],[10.927,64.28],[10.996,64.323],[11.009,64.347],[11.029,64.362],[11.08,64.358],[11.1,64.365],[11.093,64.379],[11.096,64.408],[11.093,64.414],[11.084,64.42],[11.079,64.418],[11.063,64.415],[11.048,64.414],[11.041,64.414],[11.025,64.413],[11.028,64.423],[11.031,64.426],[11.03,64.433],[11.042,64.435],[11.057,64.44],[11.075,64.448],[11.066,64.452],[11.06,64.452],[11.045,64.459],[11.019,64.478],[11.014,64.487],[11.014,64.493],[11.025,64.501],[11.027,64.505],[11.035,64.513],[11.029,64.527],[11.03,64.539],[11.032,64.543],[11.05,64.548],[11.071,64.55],[11.105,64.55],[11.108,64.571],[11.021,64.595],[10.996,64.619],[10.738,64.66]]]}},{"type":"Feature","properties":{"id":407273,"maakond_id":613,"name":"Snåsa","bbox":[11.955,63.957,13.248,64.434]},"geometry":{"type":"Polygon","coordinates":[[[12.378,63.957],[12.639,63.972],[12.684,63.974],[12.834,64.026],[12.927,64.058],[13.085,64.079],[13.211,64.095],[13.224,64.167],[13.248,64.253],[13.218,64.313],[13.126,64.353],[13.069,64.434],[12.897,64.426],[12.695,64.418],[12.592,64.403],[12.554,64.385],[12.487,64.384],[12.461,64.382],[12.421,64.395],[12.411,64.386],[12.373,64.365],[12.353,64.358],[12.344,64.358],[12.34,64.355],[12.333,64.354],[12.322,64.356],[12.306,64.343],[12.272,64.343],[12.259,64.342],[12.256,64.343],[12.24,64.344],[12.235,64.343],[12.206,64.341],[12.191,64.341],[12.146,64.336],[12.127,64.332],[12.093,64.329],[12.089,64.327],[12.074,64.326],[12.027,64.317],[11.998,64.314],[11.967,64.303],[11.955,64.3],[11.957,64.284],[11.963,64.253],[11.966,64.247],[11.96,64.231],[11.971,64.225],[11.976,64.219],[11.997,64.22],[12.006,64.215],[12.009,64.206],[12.023,64.206],[12.01,64.2],[12.024,64.166],[12.018,64.156],[12.018,64.152],[12.035,64.155],[12.036,64.151],[12.03,64.14],[12.035,64.134],[12.04,64.124],[12.044,64.12],[12.06,64.109],[12.061,64.106],[12.172,64.097],[12.157,64.084],[12.138,64.055],[12.191,64.043],[12.271,64.022],[12.378,63.957]]]}},{"type":"Feature","properties":{"id":407278,"maakond_id":613,"name":"Verdal","bbox":[11.332,63.593,12.684,63.974]},"geometry":{"type":"Polygon","coordinates":[[[11.728,63.593],[11.736,63.594],[11.742,63.598],[11.813,63.633],[11.977,63.601],[12.15,63.594],[12.227,63.631],[12.299,63.672],[12.331,63.715],[12.441,63.791],[12.48,63.819],[12.538,63.862],[12.652,63.949],[12.684,63.974],[12.639,63.972],[12.378,63.957],[12.229,63.948],[12.131,63.925],[12.005,63.911],[11.818,63.906],[11.745,63.904],[11.665,63.888],[11.648,63.884],[11.635,63.884],[11.629,63.885],[11.612,63.884],[11.614,63.878],[11.589,63.873],[11.571,63.868],[11.566,63.866],[11.546,63.862],[11.524,63.861],[11.495,63.858],[11.459,63.85],[11.443,63.842],[11.425,63.837],[11.384,63.828],[11.353,63.815],[11.332,63.804],[11.387,63.799],[11.415,63.781],[11.438,63.78],[11.437,63.776],[11.455,63.766],[11.451,63.762],[11.453,63.754],[11.459,63.751],[11.455,63.741],[11.461,63.74],[11.466,63.742],[11.472,63.74],[11.481,63.743],[11.484,63.742],[11.508,63.743],[11.517,63.737],[11.524,63.738],[11.529,63.733],[11.531,63.727],[11.566,63.728],[11.571,63.716],[11.578,63.704],[11.584,63.692],[11.59,63.657],[11.625,63.64],[11.675,63.615],[11.704,63.604],[11.728,63.593]]]}},{"type":"Feature","properties":{"id":407287,"maakond_id":613,"name":"Frosta","bbox":[10.489,63.491,10.947,63.693]},"geometry":{"type":"Polygon","coordinates":[[[10.856,63.693],[10.716,63.655],[10.514,63.574],[10.489,63.517],[10.55,63.495],[10.607,63.492],[10.654,63.491],[10.741,63.548],[10.795,63.557],[10.814,63.572],[10.88,63.602],[10.902,63.611],[10.903,63.617],[10.899,63.618],[10.896,63.622],[10.909,63.627],[10.947,63.637],[10.93,63.65],[10.914,63.659],[10.897,63.674],[10.895,63.676],[10.856,63.693]]]}},{"type":"Feature","properties":{"id":407290,"maakond_id":613,"name":"Levanger","bbox":[10.795,63.551,11.728,63.836]},"geometry":{"type":"Polygon","coordinates":[[[11.332,63.804],[11.308,63.802],[11.25,63.836],[11.085,63.818],[11.04,63.812],[10.979,63.748],[10.976,63.729],[10.875,63.7],[10.856,63.693],[10.895,63.676],[10.897,63.674],[10.914,63.659],[10.93,63.65],[10.947,63.637],[10.909,63.627],[10.896,63.622],[10.899,63.618],[10.903,63.617],[10.902,63.611],[10.88,63.602],[10.814,63.572],[10.795,63.557],[10.832,63.551],[10.863,63.558],[10.908,63.556],[10.93,63.561],[10.933,63.56],[11.013,63.569],[11.057,63.564],[11.123,63.568],[11.132,63.567],[11.159,63.568],[11.175,63.57],[11.188,63.572],[11.201,63.572],[11.26,63.574],[11.368,63.579],[11.376,63.579],[11.392,63.575],[11.415,63.572],[11.423,63.57],[11.5,63.585],[11.516,63.588],[11.532,63.598],[11.547,63.598],[11.553,63.596],[11.56,63.597],[11.557,63.592],[11.559,63.59],[11.575,63.585],[11.585,63.586],[11.604,63.59],[11.614,63.591],[11.618,63.594],[11.617,63.597],[11.629,63.598],[11.645,63.596],[11.65,63.593],[11.666,63.591],[11.68,63.593],[11.684,63.591],[11.701,63.589],[11.709,63.593],[11.713,63.592],[11.728,63.593],[11.704,63.604],[11.675,63.615],[11.625,63.64],[11.59,63.657],[11.584,63.692],[11.578,63.704],[11.571,63.716],[11.566,63.728],[11.531,63.727],[11.529,63.733],[11.524,63.738],[11.517,63.737],[11.508,63.743],[11.484,63.742],[11.481,63.743],[11.472,63.74],[11.466,63.742],[11.461,63.74],[11.455,63.741],[11.459,63.751],[11.453,63.754],[11.451,63.762],[11.455,63.766],[11.437,63.776],[11.438,63.78],[11.415,63.781],[11.387,63.799],[11.332,63.804]]]}},{"type":"Feature","properties":{"id":407291,"maakond_id":613,"name":"Stjørdal","bbox":[10.654,63.326,11.728,63.598]},"geometry":{"type":"Polygon","coordinates":[[[11.728,63.593],[11.713,63.592],[11.709,63.593],[11.701,63.589],[11.684,63.591],[11.68,63.593],[11.666,63.591],[11.65,63.593],[11.645,63.596],[11.629,63.598],[11.617,63.597],[11.618,63.594],[11.614,63.591],[11.604,63.59],[11.585,63.586],[11.575,63.585],[11.559,63.59],[11.557,63.592],[11.56,63.597],[11.553,63.596],[11.547,63.598],[11.532,63.598],[11.516,63.588],[11.5,63.585],[11.423,63.57],[11.415,63.572],[11.392,63.575],[11.376,63.579],[11.368,63.579],[11.26,63.574],[11.201,63.572],[11.188,63.572],[11.175,63.57],[11.159,63.568],[11.132,63.567],[11.123,63.568],[11.057,63.564],[11.013,63.569],[10.933,63.56],[10.93,63.561],[10.908,63.556],[10.863,63.558],[10.832,63.551],[10.795,63.557],[10.741,63.548],[10.654,63.491],[10.715,63.469],[10.774,63.455],[10.838,63.455],[10.844,63.446],[10.857,63.437],[10.86,63.427],[10.856,63.416],[10.859,63.412],[10.863,63.4],[10.862,63.387],[10.858,63.383],[10.861,63.38],[10.844,63.355],[10.851,63.357],[10.855,63.344],[10.922,63.335],[10.965,63.329],[10.992,63.336],[11.007,63.335],[11.037,63.339],[11.043,63.341],[11.084,63.342],[11.111,63.341],[11.14,63.34],[11.143,63.342],[11.174,63.345],[11.189,63.348],[11.23,63.345],[11.283,63.342],[11.455,63.326],[11.508,63.412],[11.525,63.451],[11.527,63.456],[11.527,63.463],[11.529,63.466],[11.537,63.469],[11.546,63.478],[11.554,63.483],[11.559,63.483],[11.607,63.513],[11.643,63.542],[11.682,63.564],[11.701,63.575],[11.728,63.593]],[[10.865,63.348],[10.867,63.351],[10.874,63.351],[10.886,63.349],[10.884,63.345],[10.88,63.343],[10.871,63.345],[10.869,63.347],[10.865,63.348]],[[10.869,63.346],[10.868,63.344],[10.86,63.344],[10.855,63.349],[10.864,63.349],[10.867,63.346],[10.869,63.346]]]}},{"type":"Feature","properties":{"id":407292,"maakond_id":613,"name":"Meråker","bbox":[11.455,63.181,12.213,63.633]},"geometry":{"type":"Polygon","coordinates":[[[11.455,63.326],[11.55,63.264],[11.631,63.181],[11.757,63.186],[11.932,63.194],[12.053,63.183],[11.998,63.243],[11.975,63.269],[12.034,63.316],[12.084,63.356],[12.14,63.411],[12.213,63.479],[12.182,63.534],[12.15,63.594],[11.977,63.601],[11.813,63.633],[11.742,63.598],[11.736,63.594],[11.728,63.593],[11.701,63.575],[11.682,63.564],[11.643,63.542],[11.607,63.513],[11.559,63.483],[11.554,63.483],[11.546,63.478],[11.537,63.469],[11.529,63.466],[11.527,63.463],[11.527,63.456],[11.525,63.451],[11.508,63.412],[11.455,63.326]]]}},{"type":"Feature","properties":{"id":407595,"maakond_id":611,"name":"Froland","bbox":[7.956,58.453,8.76,58.719]},"geometry":{"type":"Polygon","coordinates":[[[8.76,58.592],[8.746,58.595],[8.733,58.6],[8.758,58.625],[8.753,58.636],[8.729,58.625],[8.72,58.623],[8.705,58.614],[8.7,58.62],[8.692,58.618],[8.688,58.619],[8.688,58.623],[8.694,58.625],[8.685,58.631],[8.677,58.633],[8.67,58.639],[8.663,58.649],[8.653,58.653],[8.641,58.652],[8.622,58.658],[8.62,58.66],[8.608,58.662],[8.6,58.662],[8.586,58.66],[8.582,58.66],[8.581,58.665],[8.562,58.666],[8.549,58.667],[8.528,58.67],[8.513,58.672],[8.501,58.677],[8.485,58.676],[8.473,58.674],[8.471,58.669],[8.477,58.661],[8.479,58.656],[8.497,58.651],[8.504,58.644],[8.497,58.645],[8.493,58.648],[8.481,58.651],[8.471,58.641],[8.469,58.638],[8.462,58.632],[8.45,58.63],[8.436,58.623],[8.413,58.628],[8.407,58.629],[8.408,58.634],[8.406,58.641],[8.412,58.641],[8.414,58.645],[8.411,58.647],[8.401,58.65],[8.384,58.651],[8.375,58.653],[8.385,58.659],[8.38,58.663],[8.368,58.682],[8.366,58.686],[8.36,58.696],[8.346,58.691],[8.328,58.682],[8.304,58.7],[8.285,58.703],[8.265,58.702],[8.26,58.703],[8.236,58.699],[8.212,58.711],[8.205,58.717],[8.2,58.719],[8.169,58.703],[8.161,58.701],[8.153,58.7],[8.125,58.701],[8.087,58.704],[8.06,58.705],[8.048,58.708],[8.028,58.709],[8.004,58.705],[7.986,58.707],[7.975,58.699],[7.968,58.69],[7.962,58.683],[7.956,58.681],[7.975,58.672],[7.978,58.669],[7.98,58.664],[7.985,58.665],[7.988,58.661],[7.995,58.657],[8.003,58.657],[8.018,58.647],[8.023,58.635],[8.028,58.628],[8.034,58.629],[8.056,58.627],[8.075,58.628],[8.088,58.628],[8.106,58.624],[8.125,58.623],[8.133,58.622],[8.15,58.621],[8.157,58.626],[8.17,58.634],[8.177,58.637],[8.185,58.626],[8.184,58.621],[8.185,58.613],[8.191,58.606],[8.208,58.593],[8.208,58.589],[8.213,58.581],[8.224,58.566],[8.228,58.559],[8.233,58.554],[8.241,58.549],[8.255,58.537],[8.259,58.532],[8.264,58.533],[8.265,58.539],[8.268,58.543],[8.273,58.545],[8.293,58.545],[8.294,58.552],[8.321,58.555],[8.351,58.555],[8.354,58.56],[8.355,58.565],[8.354,58.574],[8.357,58.592],[8.37,58.594],[8.386,58.592],[8.403,58.589],[8.411,58.589],[8.423,58.589],[8.443,58.589],[8.443,58.579],[8.445,58.57],[8.419,58.554],[8.417,58.553],[8.399,58.54],[8.396,58.528],[8.397,58.524],[8.405,58.519],[8.394,58.518],[8.387,58.514],[8.376,58.502],[8.377,58.495],[8.388,58.482],[8.395,58.48],[8.4,58.477],[8.41,58.475],[8.425,58.475],[8.433,58.472],[8.442,58.479],[8.446,58.485],[8.455,58.478],[8.469,58.476],[8.479,58.482],[8.49,58.489],[8.492,58.492],[8.5,58.49],[8.502,58.494],[8.502,58.499],[8.506,58.5],[8.512,58.495],[8.511,58.492],[8.517,58.488],[8.521,58.491],[8.529,58.49],[8.524,58.485],[8.534,58.481],[8.54,58.48],[8.534,58.475],[8.535,58.463],[8.54,58.458],[8.547,58.455],[8.547,58.453],[8.558,58.456],[8.568,58.46],[8.581,58.459],[8.585,58.461],[8.6,58.456],[8.611,58.453],[8.611,58.458],[8.617,58.469],[8.619,58.474],[8.629,58.475],[8.646,58.476],[8.676,58.478],[8.676,58.483],[8.674,58.486],[8.666,58.492],[8.666,58.497],[8.688,58.508],[8.695,58.513],[8.706,58.513],[8.715,58.511],[8.731,58.518],[8.737,58.526],[8.743,58.529],[8.743,58.539],[8.744,58.542],[8.746,58.556],[8.751,58.568],[8.753,58.579],[8.756,58.582],[8.757,58.586],[8.76,58.592]]]}},{"type":"Feature","properties":{"id":407747,"maakond_id":614,"name":"Nordreisa","bbox":[20.384,69.073,22.533,69.982]},"geometry":{"type":"Polygon","coordinates":[[[21.131,69.978],[21.018,69.969],[20.947,69.937],[20.79,69.91],[20.73,69.882],[20.719,69.864],[20.759,69.844],[20.758,69.829],[20.736,69.816],[20.716,69.821],[20.689,69.829],[20.649,69.819],[20.638,69.817],[20.623,69.819],[20.619,69.825],[20.61,69.828],[20.608,69.831],[20.614,69.837],[20.612,69.84],[20.613,69.845],[20.609,69.851],[20.601,69.851],[20.592,69.854],[20.59,69.859],[20.548,69.863],[20.47,69.873],[20.458,69.875],[20.384,69.767],[20.385,69.756],[20.463,69.759],[20.502,69.759],[20.527,69.756],[20.607,69.739],[20.618,69.735],[20.615,69.729],[20.627,69.72],[20.625,69.716],[20.636,69.712],[20.641,69.705],[20.648,69.7],[20.645,69.692],[20.65,69.688],[20.669,69.684],[20.671,69.677],[20.69,69.672],[20.701,69.672],[20.716,69.675],[20.734,69.675],[20.742,69.671],[20.763,69.643],[20.816,69.635],[20.834,69.633],[20.836,69.618],[20.861,69.608],[20.885,69.595],[20.854,69.587],[20.853,69.571],[20.874,69.566],[20.894,69.562],[20.908,69.554],[20.948,69.546],[20.958,69.539],[20.978,69.525],[20.964,69.515],[20.93,69.506],[20.937,69.505],[21.002,69.505],[21.066,69.505],[21.147,69.514],[21.172,69.475],[21.024,69.425],[21.128,69.408],[21.158,69.377],[21.279,69.323],[21.279,69.312],[21.442,69.295],[21.627,69.277],[21.723,69.214],[21.846,69.144],[21.977,69.077],[21.984,69.073],[21.999,69.073],[22.11,69.076],[22.217,69.079],[22.319,69.08],[22.351,69.09],[22.418,69.103],[22.479,69.11],[22.501,69.126],[22.495,69.143],[22.529,69.162],[22.529,69.166],[22.516,69.178],[22.533,69.203],[22.524,69.225],[22.526,69.234],[22.53,69.238],[22.509,69.261],[22.499,69.265],[22.483,69.267],[22.454,69.288],[22.434,69.307],[22.399,69.328],[22.366,69.363],[22.328,69.368],[22.325,69.396],[22.287,69.429],[22.302,69.453],[22.273,69.47],[22.279,69.482],[22.228,69.504],[22.226,69.51],[22.223,69.527],[22.218,69.546],[22.216,69.55],[22.131,69.559],[22.062,69.554],[21.913,69.528],[21.806,69.547],[21.743,69.541],[21.692,69.558],[21.639,69.576],[21.624,69.626],[21.621,69.629],[21.599,69.651],[21.651,69.669],[21.678,69.678],[21.673,69.696],[21.683,69.705],[21.693,69.71],[21.733,69.726],[21.738,69.739],[21.716,69.753],[21.722,69.78],[21.768,69.782],[21.761,69.793],[21.759,69.801],[21.764,69.811],[21.745,69.821],[21.711,69.818],[21.679,69.822],[21.668,69.827],[21.639,69.835],[21.63,69.838],[21.622,69.84],[21.604,69.838],[21.565,69.841],[21.563,69.847],[21.581,69.853],[21.587,69.856],[21.57,69.866],[21.569,69.868],[21.588,69.875],[21.602,69.882],[21.598,69.884],[21.588,69.887],[21.59,69.89],[21.577,69.895],[21.558,69.898],[21.547,69.899],[21.53,69.908],[21.516,69.914],[21.503,69.917],[21.49,69.919],[21.483,69.921],[21.488,69.928],[21.474,69.931],[21.469,69.934],[21.46,69.934],[21.448,69.942],[21.447,69.958],[21.435,69.96],[21.429,69.966],[21.387,69.968],[21.257,69.976],[21.25,69.982],[21.215,69.977],[21.131,69.978]]]}},{"type":"Feature","properties":{"id":407748,"maakond_id":614,"name":"Kvænangen","bbox":[21.007,69.482,22.894,70.238]},"geometry":{"type":"Polygon","coordinates":[[[21.007,70.238],[21.111,70.104],[21.439,70.056],[21.156,70.007],[21.131,69.978],[21.215,69.977],[21.25,69.982],[21.257,69.976],[21.387,69.968],[21.429,69.966],[21.435,69.96],[21.447,69.958],[21.448,69.942],[21.46,69.934],[21.469,69.934],[21.474,69.931],[21.488,69.928],[21.483,69.921],[21.49,69.919],[21.503,69.917],[21.516,69.914],[21.53,69.908],[21.547,69.899],[21.558,69.898],[21.577,69.895],[21.59,69.89],[21.588,69.887],[21.598,69.884],[21.602,69.882],[21.588,69.875],[21.569,69.868],[21.57,69.866],[21.587,69.856],[21.581,69.853],[21.563,69.847],[21.565,69.841],[21.604,69.838],[21.622,69.84],[21.63,69.838],[21.639,69.835],[21.668,69.827],[21.679,69.822],[21.711,69.818],[21.745,69.821],[21.764,69.811],[21.759,69.801],[21.761,69.793],[21.768,69.782],[21.722,69.78],[21.716,69.753],[21.738,69.739],[21.733,69.726],[21.693,69.71],[21.683,69.705],[21.673,69.696],[21.678,69.678],[21.651,69.669],[21.599,69.651],[21.621,69.629],[21.624,69.626],[21.639,69.576],[21.692,69.558],[21.743,69.541],[21.806,69.547],[21.913,69.528],[22.062,69.554],[22.131,69.559],[22.216,69.55],[22.218,69.546],[22.223,69.527],[22.226,69.51],[22.228,69.504],[22.279,69.482],[22.381,69.487],[22.445,69.5],[22.511,69.513],[22.632,69.519],[22.675,69.516],[22.722,69.508],[22.703,69.542],[22.743,69.55],[22.744,69.56],[22.771,69.58],[22.777,69.607],[22.818,69.615],[22.847,69.621],[22.894,69.647],[22.87,69.657],[22.835,69.667],[22.803,69.658],[22.755,69.645],[22.6,69.688],[22.57,69.697],[22.538,69.722],[22.555,69.748],[22.536,69.77],[22.502,69.779],[22.451,69.791],[22.488,69.819],[22.512,69.831],[22.534,69.844],[22.547,69.846],[22.532,69.861],[22.503,69.863],[22.478,69.863],[22.449,69.873],[22.527,69.901],[22.497,69.919],[22.479,69.922],[22.439,69.927],[22.403,69.924],[22.34,69.936],[22.324,69.938],[22.282,69.946],[22.271,69.951],[22.243,69.961],[22.248,69.976],[22.233,69.982],[22.225,69.991],[22.198,70.007],[22.187,70.01],[22.189,70.014],[22.186,70.025],[22.198,70.03],[22.206,70.031],[22.215,70.035],[22.217,70.039],[22.213,70.059],[22.202,70.065],[22.17,70.064],[22.119,70.119],[22.111,70.122],[22.106,70.127],[22.124,70.132],[22.129,70.139],[22.119,70.17],[22.086,70.172],[22.075,70.171],[22.067,70.169],[22.044,70.165],[22.016,70.164],[22.001,70.162],[21.986,70.154],[21.972,70.152],[21.965,70.149],[21.913,70.158],[21.913,70.142],[21.87,70.13],[21.876,70.111],[21.829,70.101],[21.822,70.105],[21.816,70.105],[21.813,70.11],[21.789,70.118],[21.767,70.12],[21.725,70.122],[21.713,70.128],[21.712,70.132],[21.721,70.141],[21.701,70.142],[21.68,70.148],[21.683,70.151],[21.67,70.152],[21.662,70.154],[21.659,70.16],[21.653,70.163],[21.634,70.167],[21.628,70.166],[21.621,70.171],[21.621,70.174],[21.609,70.178],[21.618,70.181],[21.629,70.187],[21.629,70.189],[21.569,70.195],[21.54,70.193],[21.535,70.187],[21.527,70.183],[21.506,70.182],[21.492,70.185],[21.484,70.191],[21.474,70.19],[21.463,70.19],[21.44,70.182],[21.425,70.183],[21.416,70.185],[21.42,70.193],[21.402,70.193],[21.36,70.198],[21.349,70.202],[21.33,70.203],[21.305,70.208],[21.294,70.212],[21.278,70.215],[21.257,70.219],[21.209,70.222],[21.196,70.221],[21.175,70.223],[21.007,70.238]]]}},{"type":"Feature","properties":{"id":407749,"maakond_id":614,"name":"Skjervøy","bbox":[20.223,69.816,21.439,70.58]},"geometry":{"type":"Polygon","coordinates":[[[21.131,69.978],[21.156,70.007],[21.439,70.056],[21.111,70.104],[21.007,70.238],[20.998,70.246],[20.694,70.518],[20.623,70.58],[20.578,70.503],[20.446,70.275],[20.256,70.091],[20.223,70.058],[20.501,69.938],[20.458,69.875],[20.47,69.873],[20.548,69.863],[20.59,69.859],[20.592,69.854],[20.601,69.851],[20.609,69.851],[20.613,69.845],[20.612,69.84],[20.614,69.837],[20.608,69.831],[20.61,69.828],[20.619,69.825],[20.623,69.819],[20.638,69.817],[20.649,69.819],[20.689,69.829],[20.716,69.821],[20.736,69.816],[20.758,69.829],[20.759,69.844],[20.719,69.864],[20.73,69.882],[20.79,69.91],[20.947,69.937],[21.018,69.969],[21.131,69.978]]]}},{"type":"Feature","properties":{"id":407750,"maakond_id":614,"name":"Kåfjord","bbox":[20.274,69.234,21.279,69.759]},"geometry":{"type":"Polygon","coordinates":[[[20.385,69.756],[20.431,69.694],[20.407,69.613],[20.356,69.586],[20.274,69.464],[20.322,69.46],[20.363,69.459],[20.376,69.458],[20.389,69.455],[20.411,69.451],[20.422,69.452],[20.438,69.45],[20.473,69.445],[20.478,69.44],[20.476,69.435],[20.479,69.431],[20.474,69.426],[20.485,69.415],[20.492,69.399],[20.489,69.387],[20.482,69.376],[20.503,69.364],[20.509,69.354],[20.535,69.348],[20.552,69.339],[20.579,69.34],[20.641,69.328],[20.657,69.324],[20.699,69.313],[20.754,69.311],[20.847,69.309],[20.853,69.303],[20.867,69.285],[20.843,69.273],[20.939,69.247],[20.967,69.261],[21.009,69.244],[21.032,69.234],[21.096,69.261],[21.279,69.312],[21.279,69.323],[21.158,69.377],[21.128,69.408],[21.024,69.425],[21.172,69.475],[21.147,69.514],[21.066,69.505],[21.002,69.505],[20.937,69.505],[20.93,69.506],[20.964,69.515],[20.978,69.525],[20.958,69.539],[20.948,69.546],[20.908,69.554],[20.894,69.562],[20.874,69.566],[20.853,69.571],[20.854,69.587],[20.885,69.595],[20.861,69.608],[20.836,69.618],[20.834,69.633],[20.816,69.635],[20.763,69.643],[20.742,69.671],[20.734,69.675],[20.716,69.675],[20.701,69.672],[20.69,69.672],[20.671,69.677],[20.669,69.684],[20.65,69.688],[20.645,69.692],[20.648,69.7],[20.641,69.705],[20.636,69.712],[20.625,69.716],[20.627,69.72],[20.615,69.729],[20.618,69.735],[20.607,69.739],[20.527,69.756],[20.502,69.759],[20.463,69.759],[20.385,69.756]]]}},{"type":"Feature","properties":{"id":407751,"maakond_id":614,"name":"Storfjord","bbox":[19.642,69.036,21.109,69.464]},"geometry":{"type":"Polygon","coordinates":[[[19.642,69.282],[19.697,69.25],[19.712,69.242],[19.756,69.24],[19.787,69.235],[19.822,69.23],[19.836,69.227],[19.908,69.21],[19.917,69.206],[19.926,69.173],[19.933,69.155],[19.935,69.143],[19.945,69.124],[19.948,69.11],[19.956,69.105],[19.954,69.1],[19.966,69.097],[19.979,69.096],[19.991,69.092],[19.986,69.083],[19.974,69.08],[19.966,69.074],[19.966,69.07],[19.974,69.066],[19.989,69.066],[19.994,69.062],[20.045,69.049],[20.06,69.046],[20.303,69.053],[20.552,69.06],[20.717,69.12],[20.881,69.079],[21.058,69.036],[21.109,69.104],[21.056,69.122],[21.047,69.14],[20.988,69.192],[21.003,69.222],[21.032,69.234],[21.009,69.244],[20.967,69.261],[20.939,69.247],[20.843,69.273],[20.867,69.285],[20.853,69.303],[20.847,69.309],[20.754,69.311],[20.699,69.313],[20.657,69.324],[20.641,69.328],[20.579,69.34],[20.552,69.339],[20.535,69.348],[20.509,69.354],[20.503,69.364],[20.482,69.376],[20.489,69.387],[20.492,69.399],[20.485,69.415],[20.474,69.426],[20.479,69.431],[20.476,69.435],[20.478,69.44],[20.473,69.445],[20.438,69.45],[20.422,69.452],[20.411,69.451],[20.389,69.455],[20.376,69.458],[20.363,69.459],[20.322,69.46],[20.274,69.464],[20.196,69.415],[20.153,69.415],[20.069,69.411],[19.964,69.406],[19.89,69.401],[19.87,69.384],[19.869,69.381],[19.832,69.373],[19.818,69.365],[19.785,69.363],[19.771,69.357],[19.763,69.356],[19.754,69.346],[19.732,69.338],[19.744,69.302],[19.642,69.282]]]}},{"type":"Feature","properties":{"id":407752,"maakond_id":614,"name":"Lyngen","bbox":[19.716,69.401,20.501,70.058]},"geometry":{"type":"Polygon","coordinates":[[[20.385,69.756],[20.384,69.767],[20.458,69.875],[20.501,69.938],[20.223,70.058],[20.207,70.038],[20,69.95],[19.858,69.853],[19.842,69.833],[19.716,69.675],[19.773,69.654],[19.778,69.629],[19.852,69.609],[19.91,69.603],[19.978,69.588],[20.044,69.585],[20.036,69.579],[20.039,69.577],[20.033,69.567],[20.037,69.56],[20.034,69.554],[20.038,69.549],[20.003,69.531],[19.993,69.527],[19.98,69.519],[19.934,69.497],[19.879,69.47],[19.873,69.431],[19.89,69.401],[19.964,69.406],[20.069,69.411],[20.153,69.415],[20.196,69.415],[20.274,69.464],[20.356,69.586],[20.407,69.613],[20.431,69.694],[20.385,69.756]]]}},{"type":"Feature","properties":{"id":407753,"maakond_id":614,"name":"Karlsøy","bbox":[17.805,69.798,20.623,70.704]},"geometry":{"type":"Polygon","coordinates":[[[20.223,70.058],[20.256,70.091],[20.446,70.275],[20.578,70.503],[20.623,70.58],[20.48,70.704],[19.928,70.632],[19.692,70.602],[18.847,70.487],[18.799,70.479],[18.359,70.399],[18.315,70.39],[18.272,70.38],[18.232,70.368],[18.214,70.361],[18.179,70.348],[18.163,70.34],[17.902,70.216],[17.805,70.168],[18.126,70.093],[18.285,70.055],[18.405,70.056],[18.62,70.085],[18.65,70.064],[18.678,70.062],[18.681,70.061],[18.698,70.061],[18.71,70.058],[18.72,70.057],[18.74,70.053],[18.76,70.051],[18.785,70.052],[18.806,70.032],[18.816,70.02],[18.782,70.012],[18.766,69.99],[18.806,69.992],[18.816,69.992],[18.855,69.997],[18.882,69.998],[18.916,69.975],[18.939,69.984],[18.966,69.987],[19.048,69.964],[19.046,69.956],[19.026,69.929],[19.021,69.919],[19.015,69.909],[19.046,69.906],[19.067,69.915],[19.104,69.911],[19.111,69.895],[19.117,69.885],[19.12,69.864],[19.142,69.853],[19.153,69.853],[19.168,69.848],[19.194,69.853],[19.217,69.852],[19.244,69.854],[19.256,69.864],[19.325,69.839],[19.33,69.834],[19.333,69.823],[19.354,69.798],[19.439,69.802],[19.486,69.818],[19.658,69.836],[19.842,69.833],[19.858,69.853],[20,69.95],[20.207,70.038],[20.223,70.058]]]}},{"type":"Feature","properties":{"id":407754,"maakond_id":614,"name":"Tromsø","bbox":[17.16,69.282,20.044,70.168]},"geometry":{"type":"Polygon","coordinates":[[[19.842,69.833],[19.658,69.836],[19.486,69.818],[19.439,69.802],[19.354,69.798],[19.333,69.823],[19.33,69.834],[19.325,69.839],[19.256,69.864],[19.244,69.854],[19.217,69.852],[19.194,69.853],[19.168,69.848],[19.153,69.853],[19.142,69.853],[19.12,69.864],[19.117,69.885],[19.111,69.895],[19.104,69.911],[19.067,69.915],[19.046,69.906],[19.015,69.909],[19.021,69.919],[19.026,69.929],[19.046,69.956],[19.048,69.964],[18.966,69.987],[18.939,69.984],[18.916,69.975],[18.882,69.998],[18.855,69.997],[18.816,69.992],[18.806,69.992],[18.766,69.99],[18.782,70.012],[18.816,70.02],[18.806,70.032],[18.785,70.052],[18.76,70.051],[18.74,70.053],[18.72,70.057],[18.71,70.058],[18.698,70.061],[18.681,70.061],[18.678,70.062],[18.65,70.064],[18.62,70.085],[18.405,70.056],[18.285,70.055],[18.126,70.093],[17.805,70.168],[17.452,69.993],[17.425,69.978],[17.16,69.812],[17.577,69.732],[17.664,69.716],[18.005,69.537],[18.074,69.524],[18.148,69.496],[18.259,69.504],[18.36,69.501],[18.425,69.523],[18.476,69.53],[18.493,69.513],[18.503,69.504],[18.522,69.5],[18.571,69.486],[18.58,69.484],[18.628,69.48],[18.683,69.473],[18.691,69.447],[18.722,69.449],[18.878,69.464],[18.908,69.464],[18.938,69.467],[18.945,69.493],[18.996,69.495],[19.012,69.494],[19.017,69.485],[19.018,69.478],[19.029,69.475],[19.037,69.473],[19.043,69.471],[19.043,69.467],[19.055,69.462],[19.076,69.456],[19.081,69.452],[19.097,69.448],[19.116,69.437],[19.116,69.433],[19.127,69.427],[19.134,69.42],[19.134,69.416],[19.138,69.412],[19.151,69.408],[19.171,69.403],[19.183,69.404],[19.183,69.408],[19.192,69.415],[19.182,69.418],[19.169,69.43],[19.171,69.435],[19.195,69.436],[19.217,69.44],[19.238,69.442],[19.262,69.447],[19.268,69.446],[19.277,69.45],[19.294,69.454],[19.303,69.453],[19.323,69.456],[19.327,69.458],[19.337,69.459],[19.353,69.455],[19.363,69.455],[19.368,69.446],[19.376,69.442],[19.379,69.437],[19.374,69.435],[19.351,69.43],[19.355,69.421],[19.351,69.416],[19.351,69.411],[19.33,69.41],[19.329,69.409],[19.349,69.401],[19.365,69.401],[19.379,69.398],[19.387,69.393],[19.405,69.388],[19.41,69.385],[19.431,69.376],[19.466,69.363],[19.464,69.36],[19.478,69.357],[19.479,69.353],[19.487,69.35],[19.507,69.349],[19.519,69.352],[19.517,69.355],[19.526,69.358],[19.528,69.361],[19.54,69.362],[19.553,69.357],[19.564,69.358],[19.577,69.358],[19.592,69.345],[19.584,69.338],[19.596,69.334],[19.627,69.322],[19.645,69.321],[19.656,69.323],[19.658,69.301],[19.642,69.282],[19.744,69.302],[19.732,69.338],[19.754,69.346],[19.763,69.356],[19.771,69.357],[19.785,69.363],[19.818,69.365],[19.832,69.373],[19.869,69.381],[19.87,69.384],[19.89,69.401],[19.873,69.431],[19.879,69.47],[19.934,69.497],[19.98,69.519],[19.993,69.527],[20.003,69.531],[20.038,69.549],[20.034,69.554],[20.037,69.56],[20.033,69.567],[20.039,69.577],[20.036,69.579],[20.044,69.585],[19.978,69.588],[19.91,69.603],[19.852,69.609],[19.778,69.629],[19.773,69.654],[19.716,69.675],[19.842,69.833]]]}},{"type":"Feature","properties":{"id":407755,"maakond_id":614,"name":"Balsfjord","bbox":[18.36,69.034,19.991,69.53]},"geometry":{"type":"Polygon","coordinates":[[[18.549,69.377],[18.592,69.366],[18.648,69.341],[18.612,69.322],[18.628,69.303],[18.7,69.278],[18.707,69.269],[18.704,69.264],[18.722,69.262],[18.738,69.259],[18.765,69.226],[18.853,69.193],[19.001,69.14],[19.017,69.146],[19.035,69.14],[19.037,69.137],[19.027,69.135],[19.032,69.124],[19.034,69.123],[19.114,69.107],[19.127,69.102],[19.144,69.088],[19.208,69.066],[19.313,69.035],[19.326,69.036],[19.322,69.04],[19.328,69.041],[19.34,69.038],[19.343,69.035],[19.354,69.035],[19.358,69.04],[19.355,69.043],[19.354,69.047],[19.35,69.052],[19.341,69.054],[19.376,69.055],[19.39,69.048],[19.399,69.038],[19.394,69.034],[19.444,69.043],[19.52,69.046],[19.522,69.044],[19.561,69.046],[19.574,69.043],[19.597,69.042],[19.62,69.044],[19.633,69.049],[19.647,69.05],[19.656,69.05],[19.664,69.051],[19.69,69.049],[19.697,69.051],[19.711,69.053],[19.723,69.052],[19.728,69.048],[19.735,69.047],[19.755,69.047],[19.767,69.043],[19.778,69.035],[19.789,69.034],[19.821,69.05],[19.828,69.054],[19.892,69.063],[19.901,69.064],[19.907,69.068],[19.934,69.075],[19.956,69.076],[19.966,69.074],[19.974,69.08],[19.986,69.083],[19.991,69.092],[19.979,69.096],[19.966,69.097],[19.954,69.1],[19.956,69.105],[19.948,69.11],[19.945,69.124],[19.935,69.143],[19.933,69.155],[19.926,69.173],[19.917,69.206],[19.908,69.21],[19.836,69.227],[19.822,69.23],[19.787,69.235],[19.756,69.24],[19.712,69.242],[19.697,69.25],[19.642,69.282],[19.658,69.301],[19.656,69.323],[19.645,69.321],[19.627,69.322],[19.596,69.334],[19.584,69.338],[19.592,69.345],[19.577,69.358],[19.564,69.358],[19.553,69.357],[19.54,69.362],[19.528,69.361],[19.526,69.358],[19.517,69.355],[19.519,69.352],[19.507,69.349],[19.487,69.35],[19.479,69.353],[19.478,69.357],[19.464,69.36],[19.466,69.363],[19.431,69.376],[19.41,69.385],[19.405,69.388],[19.387,69.393],[19.379,69.398],[19.365,69.401],[19.349,69.401],[19.329,69.409],[19.33,69.41],[19.351,69.411],[19.351,69.416],[19.355,69.421],[19.351,69.43],[19.374,69.435],[19.379,69.437],[19.376,69.442],[19.368,69.446],[19.363,69.455],[19.353,69.455],[19.337,69.459],[19.327,69.458],[19.323,69.456],[19.303,69.453],[19.294,69.454],[19.277,69.45],[19.268,69.446],[19.262,69.447],[19.238,69.442],[19.217,69.44],[19.195,69.436],[19.171,69.435],[19.169,69.43],[19.182,69.418],[19.192,69.415],[19.183,69.408],[19.183,69.404],[19.171,69.403],[19.151,69.408],[19.138,69.412],[19.134,69.416],[19.134,69.42],[19.127,69.427],[19.116,69.433],[19.116,69.437],[19.097,69.448],[19.081,69.452],[19.076,69.456],[19.055,69.462],[19.043,69.467],[19.043,69.471],[19.037,69.473],[19.029,69.475],[19.018,69.478],[19.017,69.485],[19.012,69.494],[18.996,69.495],[18.945,69.493],[18.938,69.467],[18.908,69.464],[18.878,69.464],[18.722,69.449],[18.691,69.447],[18.683,69.473],[18.628,69.48],[18.58,69.484],[18.571,69.486],[18.522,69.5],[18.503,69.504],[18.493,69.513],[18.476,69.53],[18.425,69.523],[18.36,69.501],[18.413,69.459],[18.418,69.414],[18.519,69.398],[18.549,69.377]]]}},{"type":"Feature","properties":{"id":407756,"maakond_id":614,"name":"Målselv","bbox":[18.178,68.558,20.336,69.377]},"geometry":{"type":"Polygon","coordinates":[[[19.966,69.074],[19.956,69.076],[19.934,69.075],[19.907,69.068],[19.901,69.064],[19.892,69.063],[19.828,69.054],[19.821,69.05],[19.789,69.034],[19.778,69.035],[19.767,69.043],[19.755,69.047],[19.735,69.047],[19.728,69.048],[19.723,69.052],[19.711,69.053],[19.697,69.051],[19.69,69.049],[19.664,69.051],[19.656,69.05],[19.647,69.05],[19.633,69.049],[19.62,69.044],[19.597,69.042],[19.574,69.043],[19.561,69.046],[19.522,69.044],[19.52,69.046],[19.444,69.043],[19.394,69.034],[19.399,69.038],[19.39,69.048],[19.376,69.055],[19.341,69.054],[19.35,69.052],[19.354,69.047],[19.355,69.043],[19.358,69.04],[19.354,69.035],[19.343,69.035],[19.34,69.038],[19.328,69.041],[19.322,69.04],[19.326,69.036],[19.313,69.035],[19.208,69.066],[19.144,69.088],[19.127,69.102],[19.114,69.107],[19.034,69.123],[19.032,69.124],[19.027,69.135],[19.037,69.137],[19.035,69.14],[19.017,69.146],[19.001,69.14],[18.853,69.193],[18.765,69.226],[18.738,69.259],[18.722,69.262],[18.704,69.264],[18.707,69.269],[18.7,69.278],[18.628,69.303],[18.612,69.322],[18.648,69.341],[18.592,69.366],[18.549,69.377],[18.516,69.353],[18.509,69.332],[18.522,69.313],[18.52,69.295],[18.499,69.295],[18.454,69.299],[18.423,69.292],[18.363,69.279],[18.292,69.256],[18.261,69.246],[18.263,69.235],[18.277,69.217],[18.291,69.22],[18.303,69.221],[18.316,69.218],[18.343,69.207],[18.341,69.189],[18.334,69.186],[18.327,69.184],[18.319,69.18],[18.307,69.183],[18.298,69.183],[18.197,69.187],[18.178,69.181],[18.183,69.178],[18.216,69.166],[18.233,69.161],[18.334,69.14],[18.361,69.134],[18.446,69.131],[18.428,69.109],[18.43,69.105],[18.423,69.101],[18.432,69.098],[18.429,69.096],[18.431,69.072],[18.451,69.06],[18.461,69.059],[18.452,69.044],[18.379,69.049],[18.377,69.047],[18.437,69.038],[18.47,69.032],[18.504,69.024],[18.512,69.026],[18.52,69.032],[18.519,69.041],[18.521,69.045],[18.528,69.049],[18.541,69.051],[18.549,69.048],[18.565,69.045],[18.584,69.043],[18.576,69.002],[18.586,68.948],[18.57,68.948],[18.569,68.944],[18.575,68.938],[18.568,68.932],[18.58,68.924],[18.593,68.924],[18.598,68.919],[18.6,68.913],[18.601,68.907],[18.595,68.905],[18.595,68.9],[18.628,68.89],[18.636,68.894],[18.646,68.897],[18.66,68.895],[18.692,68.883],[18.689,68.878],[18.693,68.874],[18.703,68.87],[18.722,68.865],[18.728,68.863],[18.738,68.853],[18.754,68.851],[18.77,68.853],[18.771,68.847],[18.779,68.843],[18.791,68.841],[18.801,68.842],[18.808,68.84],[18.825,68.839],[18.836,68.837],[18.86,68.835],[18.863,68.833],[18.865,68.825],[18.863,68.823],[18.834,68.815],[18.832,68.813],[18.838,68.808],[18.856,68.802],[18.867,68.802],[18.88,68.806],[18.895,68.809],[18.905,68.81],[18.916,68.802],[18.932,68.797],[18.941,68.797],[18.975,68.8],[19.003,68.8],[19.007,68.786],[19.007,68.78],[19.016,68.775],[19.026,68.767],[19.026,68.757],[19.042,68.753],[19.059,68.751],[19.079,68.75],[19.114,68.75],[19.12,68.751],[19.129,68.756],[19.149,68.759],[19.162,68.77],[19.172,68.776],[19.18,68.777],[19.203,68.773],[19.212,68.77],[19.221,68.766],[19.234,68.764],[19.218,68.749],[19.227,68.741],[19.244,68.727],[19.254,68.723],[19.304,68.706],[19.318,68.7],[19.458,68.649],[19.592,68.595],[19.729,68.562],[19.777,68.561],[19.938,68.558],[20.052,68.591],[20.203,68.666],[20.274,68.74],[20.336,68.802],[20.322,68.856],[20.307,68.926],[20.263,68.945],[20.238,68.956],[20.108,69.022],[20.06,69.046],[20.045,69.049],[19.994,69.062],[19.989,69.066],[19.974,69.066],[19.966,69.07],[19.966,69.074]]]}},{"type":"Feature","properties":{"id":407757,"maakond_id":614,"name":"Bardu","bbox":[17.992,68.356,20.227,69.051]},"geometry":{"type":"Polygon","coordinates":[[[18.227,68.995],[18.144,68.912],[18.153,68.896],[18.161,68.889],[18.184,68.888],[18.179,68.883],[18.171,68.878],[18.146,68.876],[18.136,68.872],[18.127,68.871],[18.119,68.868],[18.098,68.866],[18.09,68.864],[18.077,68.864],[18.075,68.859],[18.085,68.855],[18.097,68.853],[18.11,68.853],[18.109,68.846],[18.121,68.838],[18.12,68.836],[18.13,68.834],[18.136,68.835],[18.129,68.817],[18.12,68.816],[18.115,68.809],[18.106,68.804],[18.106,68.799],[18.102,68.797],[18.098,68.791],[18.097,68.778],[18.092,68.769],[18.085,68.769],[18.072,68.765],[18.057,68.767],[18.041,68.763],[18.04,68.759],[18.029,68.759],[18.019,68.76],[18.001,68.76],[17.992,68.758],[17.996,68.75],[17.992,68.747],[18,68.745],[18.003,68.741],[18.011,68.739],[17.998,68.737],[17.992,68.732],[17.995,68.726],[18.003,68.723],[18.018,68.72],[18.051,68.709],[18.049,68.708],[18.051,68.69],[18.049,68.673],[18.051,68.669],[18.046,68.655],[18.038,68.654],[18.002,68.651],[18.014,68.645],[18.019,68.624],[18.023,68.608],[18.055,68.586],[18.063,68.581],[18.082,68.567],[18.1,68.555],[18.114,68.545],[18.126,68.537],[18.3,68.565],[18.406,68.582],[18.486,68.556],[18.553,68.533],[18.621,68.507],[18.685,68.509],[18.74,68.51],[18.984,68.517],[19.232,68.475],[19.501,68.429],[19.708,68.394],[19.921,68.356],[19.978,68.388],[20.111,68.444],[20.227,68.491],[20.026,68.531],[19.938,68.558],[19.777,68.561],[19.729,68.562],[19.592,68.595],[19.458,68.649],[19.318,68.7],[19.304,68.706],[19.254,68.723],[19.244,68.727],[19.227,68.741],[19.218,68.749],[19.234,68.764],[19.221,68.766],[19.212,68.77],[19.203,68.773],[19.18,68.777],[19.172,68.776],[19.162,68.77],[19.149,68.759],[19.129,68.756],[19.12,68.751],[19.114,68.75],[19.079,68.75],[19.059,68.751],[19.042,68.753],[19.026,68.757],[19.026,68.767],[19.016,68.775],[19.007,68.78],[19.007,68.786],[19.003,68.8],[18.975,68.8],[18.941,68.797],[18.932,68.797],[18.916,68.802],[18.905,68.81],[18.895,68.809],[18.88,68.806],[18.867,68.802],[18.856,68.802],[18.838,68.808],[18.832,68.813],[18.834,68.815],[18.863,68.823],[18.865,68.825],[18.863,68.833],[18.86,68.835],[18.836,68.837],[18.825,68.839],[18.808,68.84],[18.801,68.842],[18.791,68.841],[18.779,68.843],[18.771,68.847],[18.77,68.853],[18.754,68.851],[18.738,68.853],[18.728,68.863],[18.722,68.865],[18.703,68.87],[18.693,68.874],[18.689,68.878],[18.692,68.883],[18.66,68.895],[18.646,68.897],[18.636,68.894],[18.628,68.89],[18.595,68.9],[18.595,68.905],[18.601,68.907],[18.6,68.913],[18.598,68.919],[18.593,68.924],[18.58,68.924],[18.568,68.932],[18.575,68.938],[18.569,68.944],[18.57,68.948],[18.586,68.948],[18.576,69.002],[18.584,69.043],[18.565,69.045],[18.549,69.048],[18.541,69.051],[18.528,69.049],[18.521,69.045],[18.519,69.041],[18.52,69.032],[18.512,69.026],[18.504,69.024],[18.47,69.032],[18.437,69.038],[18.377,69.047],[18.368,69.038],[18.3,69.017],[18.227,68.995]]]}},{"type":"Feature","properties":{"id":407761,"maakond_id":614,"name":"Sørreisa","bbox":[17.877,68.98,18.461,69.221]},"geometry":{"type":"Polygon","coordinates":[[[17.877,69.149],[17.903,69.137],[17.916,69.128],[17.926,69.123],[17.94,69.112],[17.923,69.106],[17.929,69.1],[17.905,69.09],[17.915,69.084],[17.915,69.082],[17.902,69.074],[17.895,69.074],[17.902,69.052],[17.931,69.039],[17.934,69.04],[17.954,69.028],[17.965,69.025],[17.98,69.024],[17.998,69.018],[18.037,68.994],[18.052,68.98],[18.227,68.995],[18.3,69.017],[18.368,69.038],[18.377,69.047],[18.379,69.049],[18.452,69.044],[18.461,69.059],[18.451,69.06],[18.431,69.072],[18.429,69.096],[18.432,69.098],[18.423,69.101],[18.43,69.105],[18.428,69.109],[18.446,69.131],[18.361,69.134],[18.334,69.14],[18.233,69.161],[18.216,69.166],[18.183,69.178],[18.178,69.181],[18.197,69.187],[18.298,69.183],[18.307,69.183],[18.319,69.18],[18.327,69.184],[18.334,69.186],[18.341,69.189],[18.343,69.207],[18.316,69.218],[18.303,69.221],[18.291,69.22],[18.277,69.217],[18.256,69.215],[18.244,69.214],[18.225,69.214],[18.181,69.219],[18.172,69.212],[18.148,69.208],[18.107,69.206],[18.077,69.206],[18.025,69.207],[18.033,69.191],[18.01,69.169],[17.928,69.16],[17.877,69.149]]]}},{"type":"Feature","properties":{"id":407762,"maakond_id":614,"name":"Dyrøy","bbox":[17.243,68.902,18.052,69.149]},"geometry":{"type":"Polygon","coordinates":[[[18.052,68.98],[18.037,68.994],[17.998,69.018],[17.98,69.024],[17.965,69.025],[17.954,69.028],[17.934,69.04],[17.931,69.039],[17.902,69.052],[17.895,69.074],[17.902,69.074],[17.915,69.082],[17.915,69.084],[17.905,69.09],[17.929,69.1],[17.923,69.106],[17.94,69.112],[17.926,69.123],[17.916,69.128],[17.903,69.137],[17.877,69.149],[17.832,69.144],[17.738,69.143],[17.58,69.123],[17.392,69.109],[17.329,69.086],[17.302,69.014],[17.243,68.973],[17.382,68.954],[17.429,68.902],[17.45,68.905],[17.468,68.909],[17.486,68.914],[17.5,68.916],[17.515,68.92],[17.527,68.92],[17.537,68.924],[17.539,68.93],[17.545,68.932],[17.562,68.932],[17.564,68.94],[17.574,68.943],[17.589,68.944],[17.605,68.944],[17.615,68.947],[17.644,68.954],[17.661,68.955],[17.65,68.965],[17.64,68.968],[17.642,68.97],[17.634,68.976],[17.634,68.98],[17.641,68.985],[17.629,68.989],[17.627,68.991],[17.651,68.997],[17.643,69.001],[17.652,69.002],[17.666,69.007],[17.685,69.011],[17.731,69.007],[17.772,69.004],[17.781,69.009],[17.81,69.008],[17.842,68.997],[17.847,68.997],[17.88,68.988],[17.9,68.984],[17.917,68.976],[17.951,68.966],[17.966,68.962],[17.984,68.963],[17.994,68.966],[18.026,68.978],[18.052,68.98]]]}},{"type":"Feature","properties":{"id":407763,"maakond_id":614,"name":"Salangen","bbox":[17.429,68.739,18.227,69.011]},"geometry":{"type":"Polygon","coordinates":[[[18.052,68.98],[18.026,68.978],[17.994,68.966],[17.984,68.963],[17.966,68.962],[17.951,68.966],[17.917,68.976],[17.9,68.984],[17.88,68.988],[17.847,68.997],[17.842,68.997],[17.81,69.008],[17.781,69.009],[17.772,69.004],[17.731,69.007],[17.685,69.011],[17.666,69.007],[17.652,69.002],[17.643,69.001],[17.651,68.997],[17.627,68.991],[17.629,68.989],[17.641,68.985],[17.634,68.98],[17.634,68.976],[17.642,68.97],[17.64,68.968],[17.65,68.965],[17.661,68.955],[17.644,68.954],[17.615,68.947],[17.605,68.944],[17.589,68.944],[17.574,68.943],[17.564,68.94],[17.562,68.932],[17.545,68.932],[17.539,68.93],[17.537,68.924],[17.527,68.92],[17.515,68.92],[17.5,68.916],[17.486,68.914],[17.468,68.909],[17.45,68.905],[17.429,68.902],[17.449,68.892],[17.532,68.887],[17.525,68.872],[17.435,68.832],[17.465,68.826],[17.527,68.817],[17.592,68.8],[17.624,68.817],[17.63,68.822],[17.644,68.823],[17.657,68.825],[17.67,68.823],[17.68,68.819],[17.685,68.821],[17.691,68.827],[17.7,68.83],[17.75,68.834],[17.774,68.824],[17.784,68.821],[17.794,68.819],[17.802,68.822],[17.81,68.828],[17.811,68.832],[17.843,68.831],[17.848,68.828],[17.845,68.825],[17.851,68.819],[17.849,68.816],[17.877,68.809],[17.883,68.808],[17.913,68.798],[17.92,68.798],[17.936,68.794],[17.953,68.794],[17.971,68.786],[17.968,68.78],[17.962,68.778],[17.956,68.772],[17.956,68.768],[17.947,68.759],[17.942,68.756],[17.944,68.75],[17.966,68.747],[17.98,68.743],[17.99,68.743],[18.001,68.739],[18.011,68.739],[18.003,68.741],[18,68.745],[17.992,68.747],[17.996,68.75],[17.992,68.758],[18.001,68.76],[18.019,68.76],[18.029,68.759],[18.04,68.759],[18.041,68.763],[18.057,68.767],[18.072,68.765],[18.085,68.769],[18.092,68.769],[18.097,68.778],[18.098,68.791],[18.102,68.797],[18.106,68.799],[18.106,68.804],[18.115,68.809],[18.12,68.816],[18.129,68.817],[18.136,68.835],[18.13,68.834],[18.12,68.836],[18.121,68.838],[18.109,68.846],[18.11,68.853],[18.097,68.853],[18.085,68.855],[18.075,68.859],[18.077,68.864],[18.09,68.864],[18.098,68.866],[18.119,68.868],[18.127,68.871],[18.136,68.872],[18.146,68.876],[18.171,68.878],[18.179,68.883],[18.184,68.888],[18.161,68.889],[18.153,68.896],[18.144,68.912],[18.227,68.995],[18.052,68.98]]]}},{"type":"Feature","properties":{"id":407764,"maakond_id":614,"name":"Lavangen","bbox":[17.436,68.6,18.051,68.834]},"geometry":{"type":"Polygon","coordinates":[[[18.011,68.739],[18.001,68.739],[17.99,68.743],[17.98,68.743],[17.966,68.747],[17.944,68.75],[17.942,68.756],[17.947,68.759],[17.956,68.768],[17.956,68.772],[17.962,68.778],[17.968,68.78],[17.971,68.786],[17.953,68.794],[17.936,68.794],[17.92,68.798],[17.913,68.798],[17.883,68.808],[17.877,68.809],[17.849,68.816],[17.851,68.819],[17.845,68.825],[17.848,68.828],[17.843,68.831],[17.811,68.832],[17.81,68.828],[17.802,68.822],[17.794,68.819],[17.784,68.821],[17.774,68.824],[17.75,68.834],[17.7,68.83],[17.691,68.827],[17.685,68.821],[17.68,68.819],[17.67,68.823],[17.657,68.825],[17.644,68.823],[17.63,68.822],[17.624,68.817],[17.592,68.8],[17.527,68.817],[17.465,68.826],[17.465,68.815],[17.458,68.813],[17.451,68.807],[17.441,68.8],[17.443,68.795],[17.436,68.792],[17.445,68.788],[17.455,68.785],[17.459,68.782],[17.478,68.774],[17.488,68.772],[17.502,68.77],[17.508,68.767],[17.533,68.764],[17.547,68.765],[17.559,68.76],[17.574,68.762],[17.591,68.759],[17.607,68.755],[17.608,68.75],[17.596,68.737],[17.608,68.726],[17.615,68.722],[17.608,68.72],[17.6,68.715],[17.599,68.71],[17.616,68.707],[17.629,68.705],[17.659,68.706],[17.669,68.703],[17.69,68.704],[17.701,68.708],[17.767,68.694],[17.794,68.689],[17.799,68.689],[17.806,68.693],[17.82,68.693],[17.828,68.691],[17.843,68.692],[17.84,68.681],[17.832,68.678],[17.838,68.675],[17.838,68.671],[17.834,68.669],[17.838,68.664],[17.839,68.659],[17.837,68.656],[17.827,68.65],[17.826,68.648],[17.816,68.649],[17.81,68.638],[17.82,68.633],[17.822,68.629],[17.815,68.627],[17.817,68.623],[17.804,68.622],[17.794,68.62],[17.791,68.613],[17.798,68.609],[17.798,68.6],[17.964,68.607],[18.015,68.607],[18.023,68.608],[18.019,68.624],[18.014,68.645],[18.002,68.651],[18.038,68.654],[18.046,68.655],[18.051,68.669],[18.049,68.673],[18.051,68.69],[18.049,68.708],[18.051,68.709],[18.018,68.72],[18.003,68.723],[17.995,68.726],[17.992,68.732],[17.998,68.737],[18.011,68.739]]]}},{"type":"Feature","properties":{"id":407765,"maakond_id":614,"name":"Gratangen","bbox":[17.162,68.597,17.843,68.832]},"geometry":{"type":"Polygon","coordinates":[[[17.435,68.832],[17.288,68.789],[17.227,68.78],[17.203,68.747],[17.162,68.737],[17.185,68.721],[17.192,68.715],[17.204,68.712],[17.201,68.708],[17.195,68.706],[17.179,68.703],[17.193,68.7],[17.197,68.691],[17.233,68.686],[17.236,68.682],[17.232,68.677],[17.239,68.673],[17.25,68.673],[17.257,68.675],[17.273,68.674],[17.285,68.672],[17.311,68.673],[17.324,68.67],[17.34,68.668],[17.343,68.666],[17.336,68.66],[17.323,68.656],[17.311,68.655],[17.321,68.652],[17.34,68.644],[17.346,68.643],[17.363,68.645],[17.37,68.642],[17.375,68.636],[17.381,68.634],[17.402,68.634],[17.42,68.639],[17.427,68.638],[17.449,68.638],[17.461,68.633],[17.466,68.629],[17.476,68.63],[17.487,68.628],[17.487,68.621],[17.5,68.611],[17.512,68.605],[17.519,68.607],[17.528,68.605],[17.548,68.597],[17.746,68.597],[17.798,68.6],[17.798,68.609],[17.791,68.613],[17.794,68.62],[17.804,68.622],[17.817,68.623],[17.815,68.627],[17.822,68.629],[17.82,68.633],[17.81,68.638],[17.816,68.649],[17.826,68.648],[17.827,68.65],[17.837,68.656],[17.839,68.659],[17.838,68.664],[17.834,68.669],[17.838,68.671],[17.838,68.675],[17.832,68.678],[17.84,68.681],[17.843,68.692],[17.828,68.691],[17.82,68.693],[17.806,68.693],[17.799,68.689],[17.794,68.689],[17.767,68.694],[17.701,68.708],[17.69,68.704],[17.669,68.703],[17.659,68.706],[17.629,68.705],[17.616,68.707],[17.599,68.71],[17.6,68.715],[17.608,68.72],[17.615,68.722],[17.608,68.726],[17.596,68.737],[17.608,68.75],[17.607,68.755],[17.591,68.759],[17.574,68.762],[17.559,68.76],[17.547,68.765],[17.533,68.764],[17.508,68.767],[17.502,68.77],[17.488,68.772],[17.478,68.774],[17.459,68.782],[17.455,68.785],[17.445,68.788],[17.436,68.792],[17.443,68.795],[17.441,68.8],[17.451,68.807],[17.458,68.813],[17.465,68.815],[17.465,68.826],[17.435,68.832]]]}},{"type":"Feature","properties":{"id":407767,"maakond_id":614,"name":"Harstad","bbox":[16.052,68.55,16.946,69.313]},"geometry":{"type":"Polygon","coordinates":[[[16.946,68.952],[16.711,69.02],[16.729,69.19],[16.741,69.221],[16.647,69.268],[16.433,69.313],[16.313,69.166],[16.12,69.05],[16.052,69.009],[16.112,68.932],[16.148,68.928],[16.233,68.877],[16.24,68.863],[16.244,68.859],[16.247,68.854],[16.243,68.85],[16.223,68.837],[16.25,68.825],[16.246,68.823],[16.242,68.818],[16.245,68.815],[16.26,68.813],[16.287,68.803],[16.3,68.804],[16.316,68.804],[16.33,68.799],[16.335,68.793],[16.339,68.791],[16.352,68.781],[16.363,68.774],[16.351,68.769],[16.335,68.766],[16.334,68.764],[16.327,68.759],[16.334,68.754],[16.362,68.757],[16.369,68.739],[16.372,68.738],[16.372,68.725],[16.369,68.716],[16.369,68.709],[16.392,68.704],[16.406,68.702],[16.411,68.7],[16.387,68.691],[16.408,68.687],[16.422,68.671],[16.404,68.662],[16.286,68.635],[16.268,68.631],[16.269,68.628],[16.283,68.618],[16.308,68.602],[16.319,68.604],[16.329,68.603],[16.338,68.599],[16.355,68.594],[16.362,68.587],[16.38,68.584],[16.396,68.58],[16.405,68.579],[16.411,68.581],[16.43,68.58],[16.458,68.568],[16.454,68.563],[16.457,68.557],[16.456,68.55],[16.481,68.553],[16.551,68.575],[16.533,68.588],[16.536,68.6],[16.628,68.662],[16.676,68.667],[16.687,68.691],[16.716,68.701],[16.749,68.792],[16.872,68.874],[16.887,68.913],[16.946,68.952]]]}},{"type":"Feature","properties":{"id":407768,"maakond_id":614,"name":"Kvæfjord","bbox":[15.595,68.443,16.422,68.932]},"geometry":{"type":"Polygon","coordinates":[[[16.112,68.932],[16.026,68.909],[16.002,68.883],[15.947,68.851],[15.931,68.825],[15.939,68.811],[16.024,68.814],[16.046,68.758],[16.006,68.756],[15.997,68.754],[15.985,68.753],[15.979,68.751],[15.971,68.745],[15.972,68.74],[15.964,68.738],[15.958,68.74],[15.937,68.731],[15.928,68.73],[15.915,68.732],[15.89,68.728],[15.889,68.721],[15.893,68.719],[15.887,68.711],[15.88,68.709],[15.855,68.71],[15.844,68.709],[15.803,68.711],[15.798,68.709],[15.787,68.707],[15.792,68.7],[15.778,68.688],[15.79,68.678],[15.802,68.676],[15.791,68.668],[15.779,68.657],[15.782,68.656],[15.777,68.652],[15.768,68.65],[15.757,68.643],[15.74,68.641],[15.729,68.642],[15.725,68.645],[15.715,68.645],[15.701,68.648],[15.681,68.642],[15.678,68.637],[15.662,68.632],[15.645,68.633],[15.65,68.623],[15.663,68.614],[15.665,68.609],[15.66,68.606],[15.67,68.602],[15.675,68.597],[15.668,68.589],[15.668,68.587],[15.649,68.582],[15.633,68.576],[15.615,68.576],[15.603,68.572],[15.595,68.571],[15.608,68.563],[15.607,68.557],[15.613,68.553],[15.614,68.548],[15.62,68.547],[15.616,68.543],[15.622,68.542],[15.63,68.537],[15.627,68.531],[15.632,68.528],[15.65,68.526],[15.656,68.515],[15.668,68.511],[15.665,68.509],[15.666,68.504],[15.671,68.501],[15.663,68.498],[15.675,68.486],[15.665,68.479],[15.654,68.474],[15.643,68.473],[15.632,68.47],[15.634,68.466],[15.623,68.464],[15.615,68.459],[15.618,68.453],[15.63,68.449],[15.649,68.443],[15.65,68.45],[15.66,68.455],[15.675,68.458],[15.691,68.464],[15.686,68.472],[15.694,68.475],[15.704,68.482],[15.715,68.485],[15.742,68.491],[15.757,68.492],[15.758,68.497],[15.753,68.5],[15.759,68.504],[15.769,68.505],[15.779,68.505],[15.785,68.512],[15.805,68.517],[15.816,68.524],[15.829,68.534],[15.872,68.533],[15.891,68.534],[15.892,68.54],[15.895,68.548],[15.889,68.557],[15.889,68.559],[15.906,68.563],[15.91,68.572],[15.921,68.58],[15.929,68.583],[15.928,68.591],[15.933,68.601],[15.944,68.603],[15.943,68.607],[15.946,68.61],[15.956,68.61],[15.962,68.614],[15.977,68.607],[15.98,68.603],[15.987,68.6],[16.003,68.596],[16.008,68.588],[15.998,68.585],[16.024,68.577],[16.055,68.582],[16.063,68.584],[16.068,68.59],[16.067,68.594],[16.076,68.598],[16.074,68.602],[16.087,68.602],[16.103,68.606],[16.12,68.605],[16.125,68.609],[16.134,68.61],[16.138,68.607],[16.145,68.61],[16.155,68.617],[16.166,68.619],[16.18,68.616],[16.199,68.617],[16.21,68.621],[16.221,68.623],[16.23,68.622],[16.241,68.623],[16.268,68.631],[16.286,68.635],[16.404,68.662],[16.422,68.671],[16.408,68.687],[16.387,68.691],[16.411,68.7],[16.406,68.702],[16.392,68.704],[16.369,68.709],[16.369,68.716],[16.372,68.725],[16.372,68.738],[16.369,68.739],[16.362,68.757],[16.334,68.754],[16.327,68.759],[16.334,68.764],[16.335,68.766],[16.351,68.769],[16.363,68.774],[16.352,68.781],[16.339,68.791],[16.335,68.793],[16.33,68.799],[16.316,68.804],[16.3,68.804],[16.287,68.803],[16.26,68.813],[16.245,68.815],[16.242,68.818],[16.246,68.823],[16.25,68.825],[16.223,68.837],[16.243,68.85],[16.247,68.854],[16.244,68.859],[16.24,68.863],[16.233,68.877],[16.148,68.928],[16.112,68.932]]]}},{"type":"Feature","properties":{"id":407772,"maakond_id":614,"name":"Ibestad","bbox":[16.716,68.701,17.532,68.973]},"geometry":{"type":"Polygon","coordinates":[[[17.429,68.902],[17.382,68.954],[17.243,68.973],[16.946,68.952],[16.887,68.913],[16.872,68.874],[16.749,68.792],[16.716,68.701],[16.875,68.706],[16.974,68.727],[17.162,68.737],[17.203,68.747],[17.227,68.78],[17.288,68.789],[17.435,68.832],[17.525,68.872],[17.532,68.887],[17.449,68.892],[17.429,68.902]]]}},{"type":"Feature","properties":{"id":408160,"maakond_id":604,"name":"Andøy","bbox":[15.022,68.76,16.518,69.597]},"geometry":{"type":"Polygon","coordinates":[[[16.433,69.313],[16.518,69.416],[16.432,69.475],[16.254,69.597],[15.79,69.518],[15.741,69.508],[15.699,69.498],[15.155,69.352],[15.022,69.316],[15.321,69.167],[15.353,69.151],[15.384,68.888],[15.421,68.866],[15.662,68.816],[15.685,68.816],[15.693,68.813],[15.7,68.808],[15.708,68.806],[15.716,68.802],[15.713,68.8],[15.716,68.795],[15.714,68.792],[15.717,68.783],[15.712,68.78],[15.716,68.778],[15.716,68.77],[15.719,68.768],[15.719,68.762],[15.737,68.76],[15.748,68.762],[15.748,68.763],[15.752,68.773],[15.773,68.778],[15.775,68.781],[15.772,68.785],[15.782,68.79],[15.796,68.791],[15.794,68.795],[15.776,68.797],[15.769,68.803],[15.76,68.807],[15.754,68.812],[15.786,68.824],[15.796,68.822],[15.805,68.818],[15.825,68.819],[15.819,68.83],[15.826,68.832],[15.831,68.838],[15.835,68.84],[15.837,68.848],[15.842,68.853],[15.824,68.86],[15.822,68.862],[15.831,68.866],[15.842,68.868],[15.846,68.874],[15.845,68.882],[15.856,68.884],[15.861,68.891],[15.853,68.899],[15.855,68.904],[15.849,68.907],[15.845,68.914],[15.838,68.917],[15.834,68.926],[15.839,68.928],[15.844,68.938],[15.852,68.942],[15.859,68.95],[15.859,68.954],[15.865,68.957],[15.855,68.965],[15.85,68.967],[15.795,68.984],[16.052,69.009],[16.12,69.05],[16.313,69.166],[16.433,69.313]]]}},{"type":"Feature","properties":{"id":408200,"maakond_id":604,"name":"Hattfjelldal","bbox":[13.626,65.108,14.625,65.892]},"geometry":{"type":"Polygon","coordinates":[[[14.326,65.119],[14.356,65.194],[14.379,65.248],[14.507,65.31],[14.502,65.374],[14.501,65.444],[14.499,65.521],[14.521,65.613],[14.541,65.701],[14.601,65.779],[14.625,65.812],[14.602,65.862],[14.579,65.865],[14.373,65.862],[14.369,65.871],[14.358,65.876],[14.343,65.878],[14.33,65.883],[14.315,65.89],[14.308,65.892],[14.285,65.888],[14.248,65.882],[14.221,65.878],[14.21,65.875],[14.203,65.872],[14.196,65.867],[14.187,65.863],[14.162,65.857],[14.155,65.854],[14.154,65.848],[14.161,65.84],[14.163,65.836],[14.15,65.828],[14.132,65.818],[14.126,65.814],[14.118,65.801],[14.099,65.791],[14.082,65.785],[14.054,65.78],[14.025,65.777],[14.007,65.776],[13.991,65.777],[13.968,65.78],[13.94,65.785],[13.918,65.777],[13.907,65.775],[13.892,65.771],[13.872,65.766],[13.863,65.767],[13.846,65.774],[13.843,65.779],[13.831,65.782],[13.826,65.784],[13.817,65.782],[13.803,65.782],[13.796,65.784],[13.784,65.781],[13.78,65.776],[13.78,65.771],[13.757,65.773],[13.754,65.776],[13.704,65.77],[13.675,65.764],[13.664,65.76],[13.664,65.755],[13.642,65.738],[13.626,65.724],[13.635,65.707],[13.644,65.688],[13.658,65.661],[13.664,65.655],[13.688,65.637],[13.687,65.625],[13.733,65.607],[13.741,65.598],[13.723,65.576],[13.74,65.573],[13.755,65.564],[13.752,65.563],[13.769,65.555],[13.759,65.549],[13.751,65.546],[13.749,65.542],[13.731,65.535],[13.718,65.525],[13.733,65.521],[13.751,65.521],[13.754,65.518],[13.778,65.516],[13.785,65.513],[13.799,65.515],[13.813,65.512],[13.813,65.506],[13.826,65.505],[13.838,65.5],[13.873,65.498],[13.877,65.487],[13.873,65.476],[13.862,65.472],[13.852,65.461],[13.835,65.46],[13.823,65.451],[13.823,65.439],[13.834,65.424],[13.837,65.422],[13.864,65.415],[13.843,65.399],[13.805,65.399],[13.789,65.394],[13.784,65.389],[13.785,65.384],[13.806,65.37],[13.8,65.366],[13.787,65.351],[13.795,65.334],[13.793,65.33],[13.785,65.325],[13.772,65.323],[13.76,65.316],[13.773,65.314],[13.79,65.308],[13.808,65.305],[13.817,65.296],[13.807,65.29],[13.796,65.285],[13.785,65.277],[13.782,65.263],[13.813,65.263],[13.839,65.265],[13.859,65.264],[13.873,65.257],[13.861,65.251],[13.842,65.241],[13.825,65.241],[13.814,65.236],[13.804,65.233],[13.796,65.229],[13.793,65.225],[13.791,65.217],[13.798,65.21],[13.794,65.208],[13.777,65.205],[13.764,65.2],[13.731,65.175],[13.711,65.161],[13.71,65.153],[13.705,65.148],[13.702,65.14],[13.697,65.132],[13.683,65.13],[13.672,65.128],[13.66,65.121],[13.658,65.118],[13.661,65.108],[13.71,65.113],[13.781,65.111],[13.834,65.118],[13.932,65.119],[13.949,65.127],[14.012,65.13],[14.064,65.122],[14.109,65.129],[14.164,65.139],[14.175,65.137],[14.184,65.133],[14.192,65.131],[14.231,65.132],[14.252,65.131],[14.26,65.124],[14.278,65.124],[14.297,65.115],[14.317,65.121],[14.326,65.119]]]}},{"type":"Feature","properties":{"id":408201,"maakond_id":604,"name":"Hemnes","bbox":[13.334,65.766,14.602,66.257]},"geometry":{"type":"Polygon","coordinates":[[[13.334,66.111],[13.344,66.112],[13.356,66.115],[13.361,66.119],[13.388,66.12],[13.398,66.125],[13.398,66.126],[13.383,66.129],[13.381,66.131],[13.393,66.139],[13.399,66.14],[13.415,66.14],[13.423,66.142],[13.455,66.147],[13.471,66.147],[13.491,66.158],[13.504,66.163],[13.517,66.166],[13.528,66.17],[13.542,66.172],[13.558,66.179],[13.577,66.171],[13.606,66.164],[13.654,66.174],[13.673,66.169],[13.678,66.146],[13.7,66.14],[13.699,66.135],[13.679,66.119],[13.687,66.108],[13.679,66.097],[13.68,66.094],[13.677,66.089],[13.676,66.077],[13.684,66.069],[13.691,66.064],[13.696,66.057],[13.7,66.055],[13.699,66.052],[13.71,66.041],[13.719,66.035],[13.732,66.027],[13.735,66.018],[13.725,66.003],[13.722,65.999],[13.714,65.994],[13.714,65.98],[13.707,65.98],[13.706,65.969],[13.704,65.964],[13.704,65.954],[13.691,65.951],[13.69,65.948],[13.694,65.945],[13.695,65.942],[13.692,65.935],[13.687,65.924],[13.603,65.936],[13.629,65.913],[13.625,65.905],[13.62,65.9],[13.63,65.895],[13.63,65.89],[13.639,65.89],[13.644,65.891],[13.661,65.89],[13.674,65.891],[13.679,65.888],[13.671,65.877],[13.677,65.862],[13.689,65.855],[13.707,65.848],[13.72,65.845],[13.733,65.84],[13.747,65.836],[13.766,65.824],[13.764,65.817],[13.731,65.806],[13.73,65.805],[13.757,65.783],[13.754,65.776],[13.757,65.773],[13.78,65.771],[13.78,65.776],[13.784,65.781],[13.796,65.784],[13.803,65.782],[13.817,65.782],[13.826,65.784],[13.831,65.782],[13.843,65.779],[13.846,65.774],[13.863,65.767],[13.872,65.766],[13.892,65.771],[13.907,65.775],[13.918,65.777],[13.94,65.785],[13.968,65.78],[13.991,65.777],[14.007,65.776],[14.025,65.777],[14.054,65.78],[14.082,65.785],[14.099,65.791],[14.118,65.801],[14.126,65.814],[14.132,65.818],[14.15,65.828],[14.163,65.836],[14.161,65.84],[14.154,65.848],[14.155,65.854],[14.162,65.857],[14.187,65.863],[14.196,65.867],[14.203,65.872],[14.21,65.875],[14.221,65.878],[14.248,65.882],[14.285,65.888],[14.308,65.892],[14.315,65.89],[14.33,65.883],[14.343,65.878],[14.358,65.876],[14.369,65.871],[14.373,65.862],[14.579,65.865],[14.602,65.862],[14.584,65.901],[14.573,65.958],[14.551,66.022],[14.546,66.042],[14.529,66.096],[14.49,66.098],[14.349,66.108],[14.331,66.114],[14.311,66.119],[14.273,66.116],[14.255,66.132],[14.257,66.138],[14.269,66.163],[14.25,66.171],[14.236,66.181],[14.205,66.187],[14.194,66.196],[14.181,66.198],[14.173,66.2],[14.149,66.201],[14.127,66.199],[14.115,66.201],[14.109,66.199],[14.081,66.202],[14.07,66.202],[14.05,66.198],[14.044,66.198],[14.031,66.196],[14.015,66.196],[14,66.195],[13.984,66.196],[13.969,66.191],[13.933,66.193],[13.919,66.2],[13.906,66.209],[13.902,66.212],[13.89,66.214],[13.892,66.221],[13.89,66.226],[13.881,66.232],[13.861,66.252],[13.819,66.257],[13.694,66.248],[13.658,66.24],[13.602,66.235],[13.544,66.252],[13.509,66.249],[13.479,66.24],[13.478,66.229],[13.49,66.22],[13.487,66.218],[13.487,66.213],[13.489,66.207],[13.471,66.201],[13.458,66.202],[13.443,66.199],[13.436,66.194],[13.43,66.192],[13.425,66.182],[13.416,66.172],[13.406,66.166],[13.383,66.162],[13.381,66.158],[13.369,66.154],[13.363,66.15],[13.373,66.145],[13.34,66.117],[13.334,66.111]]]}},{"type":"Feature","properties":{"id":408202,"maakond_id":604,"name":"Rana","bbox":[13.188,66.096,15.533,66.784]},"geometry":{"type":"Polygon","coordinates":[[[13.479,66.24],[13.509,66.249],[13.544,66.252],[13.602,66.235],[13.658,66.24],[13.694,66.248],[13.819,66.257],[13.861,66.252],[13.881,66.232],[13.89,66.226],[13.892,66.221],[13.89,66.214],[13.902,66.212],[13.906,66.209],[13.919,66.2],[13.933,66.193],[13.969,66.191],[13.984,66.196],[14,66.195],[14.015,66.196],[14.031,66.196],[14.044,66.198],[14.05,66.198],[14.07,66.202],[14.081,66.202],[14.109,66.199],[14.115,66.201],[14.127,66.199],[14.149,66.201],[14.173,66.2],[14.181,66.198],[14.194,66.196],[14.205,66.187],[14.236,66.181],[14.25,66.171],[14.269,66.163],[14.257,66.138],[14.255,66.132],[14.273,66.116],[14.311,66.119],[14.331,66.114],[14.349,66.108],[14.49,66.098],[14.529,66.096],[14.516,66.133],[14.684,66.139],[14.864,66.146],[14.918,66.149],[15.036,66.154],[15.195,66.2],[15.306,66.233],[15.485,66.282],[15.454,66.345],[15.43,66.392],[15.377,66.484],[15.451,66.524],[15.533,66.558],[15.528,66.558],[15.422,66.569],[15.409,66.571],[15.353,66.576],[15.342,66.575],[15.338,66.572],[15.329,66.574],[15.319,66.573],[15.307,66.576],[15.294,66.577],[15.275,66.576],[15.268,66.574],[15.243,66.571],[15.24,66.573],[15.229,66.576],[15.222,66.58],[15.22,66.584],[15.207,66.589],[15.205,66.595],[15.207,66.6],[15.216,66.608],[15.221,66.611],[15.219,66.619],[15.211,66.623],[15.2,66.63],[15.194,66.641],[15.195,66.65],[15.179,66.655],[15.182,66.66],[15.152,66.667],[15.16,66.681],[15.16,66.691],[15.15,66.699],[15.15,66.708],[15.158,66.712],[15.196,66.73],[15.206,66.739],[15.2,66.752],[15.158,66.781],[15.097,66.783],[15.05,66.784],[14.981,66.774],[14.986,66.761],[14.987,66.748],[14.991,66.739],[14.995,66.726],[15.002,66.71],[14.99,66.699],[14.997,66.691],[14.993,66.681],[14.991,66.681],[14.939,66.68],[14.904,66.675],[14.902,66.664],[14.899,66.662],[14.881,66.655],[14.875,66.657],[14.854,66.664],[14.835,66.669],[14.831,66.658],[14.82,66.656],[14.786,66.656],[14.782,66.646],[14.78,66.646],[14.744,66.651],[14.759,66.659],[14.734,66.687],[14.722,66.691],[14.717,66.696],[14.715,66.722],[14.726,66.731],[14.725,66.737],[14.719,66.75],[14.701,66.755],[14.681,66.752],[14.675,66.75],[14.672,66.745],[14.656,66.741],[14.647,66.735],[14.616,66.73],[14.609,66.719],[14.617,66.703],[14.599,66.699],[14.563,66.696],[14.524,66.688],[14.504,66.685],[14.481,66.677],[14.462,66.677],[14.431,66.673],[14.404,66.68],[14.386,66.682],[14.376,66.684],[14.367,66.689],[14.367,66.693],[14.357,66.687],[14.345,66.684],[14.348,66.668],[14.307,66.653],[14.223,66.626],[14.215,66.624],[14.211,66.628],[14.212,66.633],[14.215,66.651],[14.214,66.656],[14.175,66.666],[14.149,66.667],[14.131,66.669],[14.107,66.669],[14.092,66.668],[14.057,66.654],[14.016,66.637],[14.009,66.63],[14.002,66.628],[13.992,66.628],[13.981,66.626],[13.971,66.626],[13.949,66.63],[13.935,66.624],[13.917,66.62],[13.872,66.625],[13.846,66.607],[13.821,66.59],[13.791,66.569],[13.796,66.561],[13.793,66.558],[13.781,66.552],[13.774,66.543],[13.812,66.54],[13.804,66.538],[13.805,66.535],[13.825,66.527],[13.829,66.524],[13.819,66.513],[13.825,66.508],[13.816,66.494],[13.819,66.493],[13.823,66.488],[13.832,66.485],[13.824,66.481],[13.813,66.468],[13.789,66.473],[13.755,66.482],[13.747,66.481],[13.737,66.476],[13.719,66.472],[13.687,66.469],[13.679,66.468],[13.661,66.464],[13.645,66.462],[13.604,66.466],[13.591,66.46],[13.583,66.458],[13.568,66.459],[13.554,66.454],[13.543,66.452],[13.53,66.452],[13.518,66.462],[13.5,66.461],[13.498,66.464],[13.479,66.463],[13.426,66.45],[13.412,66.444],[13.389,66.442],[13.383,66.436],[13.37,66.433],[13.364,66.43],[13.355,66.429],[13.348,66.425],[13.344,66.42],[13.327,66.418],[13.316,66.415],[13.3,66.413],[13.294,66.41],[13.294,66.402],[13.288,66.401],[13.267,66.402],[13.256,66.401],[13.247,66.397],[13.258,66.395],[13.262,66.393],[13.261,66.386],[13.257,66.384],[13.237,66.382],[13.228,66.379],[13.225,66.376],[13.232,66.375],[13.248,66.37],[13.253,66.364],[13.256,66.356],[13.26,66.352],[13.26,66.343],[13.255,66.34],[13.249,66.34],[13.232,66.341],[13.215,66.34],[13.209,66.324],[13.2,66.321],[13.188,66.319],[13.193,66.313],[13.191,66.305],[13.195,66.294],[13.245,66.296],[13.284,66.302],[13.296,66.292],[13.299,66.283],[13.305,66.275],[13.311,66.265],[13.309,66.257],[13.319,66.25],[13.324,66.241],[13.348,66.242],[13.384,66.228],[13.479,66.24]]]}},{"type":"Feature","properties":{"id":408203,"maakond_id":604,"name":"Saltdal","bbox":[14.97,66.558,16.306,67.205]},"geometry":{"type":"Polygon","coordinates":[[[15.023,66.926],[15.01,66.923],[15.004,66.906],[15.007,66.904],[15.007,66.898],[14.985,66.884],[14.981,66.878],[14.986,66.866],[14.987,66.859],[14.971,66.849],[14.97,66.845],[14.992,66.821],[14.991,66.816],[14.982,66.777],[14.981,66.774],[15.05,66.784],[15.097,66.783],[15.158,66.781],[15.2,66.752],[15.206,66.739],[15.196,66.73],[15.158,66.712],[15.15,66.708],[15.15,66.699],[15.16,66.691],[15.16,66.681],[15.152,66.667],[15.182,66.66],[15.179,66.655],[15.195,66.65],[15.194,66.641],[15.2,66.63],[15.211,66.623],[15.219,66.619],[15.221,66.611],[15.216,66.608],[15.207,66.6],[15.205,66.595],[15.207,66.589],[15.22,66.584],[15.222,66.58],[15.229,66.576],[15.24,66.573],[15.243,66.571],[15.268,66.574],[15.275,66.576],[15.294,66.577],[15.307,66.576],[15.319,66.573],[15.329,66.574],[15.338,66.572],[15.342,66.575],[15.353,66.576],[15.409,66.571],[15.422,66.569],[15.528,66.558],[15.533,66.558],[15.621,66.594],[15.716,66.667],[15.808,66.735],[15.907,66.808],[15.994,66.873],[16.039,66.912],[16.129,66.953],[16.194,66.983],[16.306,67.019],[16.168,67.016],[15.994,67.049],[15.914,67.081],[15.896,67.088],[15.866,67.094],[15.852,67.098],[15.848,67.101],[15.711,67.123],[15.675,67.134],[15.671,67.158],[15.639,67.174],[15.59,67.188],[15.589,67.198],[15.578,67.197],[15.549,67.199],[15.545,67.197],[15.53,67.201],[15.521,67.2],[15.504,67.205],[15.491,67.201],[15.46,67.196],[15.437,67.185],[15.403,67.201],[15.361,67.203],[15.352,67.188],[15.361,67.187],[15.365,67.185],[15.36,67.18],[15.353,67.178],[15.338,67.176],[15.327,67.169],[15.298,67.17],[15.295,67.167],[15.276,67.16],[15.264,67.151],[15.253,67.149],[15.247,67.146],[15.236,67.138],[15.228,67.127],[15.227,67.123],[15.22,67.118],[15.227,67.113],[15.226,67.106],[15.219,67.103],[15.22,67.096],[15.211,67.096],[15.202,67.091],[15.202,67.088],[15.193,67.084],[15.182,67.082],[15.177,67.077],[15.161,67.065],[15.168,67.062],[15.173,67.062],[15.188,67.05],[15.176,67.033],[15.173,67.014],[15.154,67.009],[15.149,67.004],[15.141,66.999],[15.127,66.994],[15.111,66.959],[15.075,66.957],[15.057,66.95],[15.05,66.941],[15.046,66.934],[15.04,66.921],[15.035,66.921],[15.023,66.926]]]}},{"type":"Feature","properties":{"id":408204,"maakond_id":604,"name":"Fauske","bbox":[14.969,67.016,16.404,67.454]},"geometry":{"type":"Polygon","coordinates":[[[15.361,67.203],[15.403,67.201],[15.437,67.185],[15.46,67.196],[15.491,67.201],[15.504,67.205],[15.521,67.2],[15.53,67.201],[15.545,67.197],[15.549,67.199],[15.578,67.197],[15.589,67.198],[15.59,67.188],[15.639,67.174],[15.671,67.158],[15.675,67.134],[15.711,67.123],[15.848,67.101],[15.852,67.098],[15.866,67.094],[15.896,67.088],[15.914,67.081],[15.994,67.049],[16.168,67.016],[16.306,67.019],[16.388,67.045],[16.391,67.084],[16.394,67.11],[16.398,67.158],[16.401,67.18],[16.404,67.205],[16.33,67.262],[16.254,67.271],[16.098,67.28],[15.987,67.286],[15.958,67.286],[15.935,67.288],[15.912,67.285],[15.888,67.286],[15.883,67.288],[15.872,67.288],[15.855,67.286],[15.846,67.284],[15.837,67.285],[15.838,67.291],[15.836,67.294],[15.839,67.298],[15.823,67.305],[15.826,67.31],[15.814,67.312],[15.802,67.313],[15.788,67.315],[15.774,67.314],[15.762,67.31],[15.749,67.31],[15.74,67.308],[15.734,67.302],[15.722,67.294],[15.699,67.283],[15.689,67.276],[15.67,67.272],[15.652,67.27],[15.641,67.265],[15.622,67.26],[15.606,67.256],[15.596,67.256],[15.582,67.257],[15.574,67.26],[15.571,67.265],[15.586,67.283],[15.594,67.288],[15.572,67.294],[15.571,67.313],[15.58,67.314],[15.593,67.32],[15.592,67.329],[15.587,67.331],[15.589,67.337],[15.578,67.343],[15.574,67.341],[15.561,67.341],[15.54,67.342],[15.537,67.346],[15.544,67.351],[15.539,67.352],[15.548,67.356],[15.536,67.359],[15.528,67.356],[15.47,67.364],[15.474,67.366],[15.486,67.378],[15.497,67.395],[15.489,67.403],[15.485,67.409],[15.487,67.413],[15.483,67.417],[15.472,67.421],[15.452,67.434],[15.45,67.437],[15.422,67.445],[15.419,67.445],[15.39,67.447],[15.377,67.452],[15.354,67.443],[15.308,67.442],[15.291,67.451],[15.283,67.454],[15.276,67.452],[15.268,67.451],[15.264,67.443],[15.226,67.439],[15.215,67.441],[15.206,67.44],[15.203,67.434],[15.195,67.429],[15.215,67.42],[15.213,67.414],[15.202,67.412],[15.168,67.41],[15.166,67.402],[15.18,67.394],[15.175,67.391],[15.166,67.388],[15.164,67.385],[15.168,67.375],[15.161,67.375],[15.15,67.372],[15.136,67.364],[15.132,67.36],[15.123,67.36],[15.109,67.362],[15.098,67.36],[15.079,67.362],[15.076,67.357],[15.083,67.355],[15.087,67.35],[15.068,67.349],[15.039,67.344],[15.046,67.332],[15.05,67.322],[15.078,67.297],[14.969,67.27],[15.039,67.254],[15.106,67.253],[15.172,67.234],[15.2,67.239],[15.233,67.227],[15.361,67.203]]]}},{"type":"Feature","properties":{"id":408205,"maakond_id":604,"name":"Sørfold","bbox":[15.064,67.256,16.408,67.783]},"geometry":{"type":"Polygon","coordinates":[[[16.33,67.262],[16.18,67.371],[16.09,67.435],[16.158,67.519],[16.286,67.528],[16.408,67.534],[16.324,67.562],[16.303,67.571],[16.266,67.588],[16.158,67.638],[16.149,67.643],[16.166,67.684],[16.166,67.686],[16.118,67.706],[16.071,67.707],[16.095,67.718],[16.106,67.721],[16.109,67.724],[16.106,67.729],[16.095,67.726],[16.071,67.718],[16.066,67.722],[16.051,67.722],[16.074,67.734],[16.057,67.737],[16.046,67.732],[16.042,67.728],[16.032,67.722],[16,67.712],[15.993,67.713],[15.987,67.716],[15.992,67.719],[15.986,67.726],[15.991,67.73],[16.009,67.74],[16.001,67.742],[15.992,67.747],[15.984,67.749],[15.98,67.755],[15.983,67.759],[15.97,67.766],[15.96,67.769],[15.951,67.768],[15.939,67.76],[15.927,67.763],[15.913,67.763],[15.898,67.764],[15.889,67.766],[15.885,67.771],[15.866,67.777],[15.855,67.773],[15.829,67.772],[15.817,67.774],[15.795,67.778],[15.791,67.783],[15.772,67.783],[15.751,67.782],[15.729,67.779],[15.724,67.77],[15.731,67.769],[15.737,67.765],[15.736,67.759],[15.731,67.755],[15.703,67.745],[15.632,67.768],[15.616,67.762],[15.611,67.75],[15.608,67.738],[15.627,67.73],[15.617,67.724],[15.624,67.711],[15.642,67.708],[15.647,67.709],[15.679,67.707],[15.689,67.705],[15.697,67.707],[15.708,67.708],[15.725,67.705],[15.728,67.703],[15.722,67.701],[15.72,67.685],[15.726,67.681],[15.715,67.679],[15.713,67.674],[15.722,67.667],[15.708,67.669],[15.685,67.669],[15.672,67.67],[15.648,67.673],[15.629,67.674],[15.599,67.661],[15.585,67.655],[15.584,67.652],[15.575,67.651],[15.557,67.644],[15.551,67.645],[15.544,67.65],[15.529,67.653],[15.521,67.657],[15.509,67.654],[15.506,67.648],[15.496,67.643],[15.475,67.637],[15.451,67.638],[15.442,67.642],[15.434,67.644],[15.424,67.647],[15.41,67.658],[15.402,67.66],[15.403,67.663],[15.392,67.666],[15.381,67.666],[15.375,67.662],[15.372,67.657],[15.376,67.655],[15.36,67.643],[15.349,67.64],[15.346,67.637],[15.336,67.639],[15.334,67.644],[15.327,67.649],[15.316,67.652],[15.308,67.656],[15.299,67.655],[15.281,67.655],[15.278,67.657],[15.26,67.658],[15.257,67.653],[15.252,67.652],[15.235,67.642],[15.221,67.645],[15.209,67.646],[15.198,67.645],[15.19,67.642],[15.162,67.624],[15.114,67.63],[15.074,67.617],[15.182,67.572],[15.188,67.548],[15.176,67.534],[15.176,67.527],[15.171,67.522],[15.159,67.517],[15.162,67.515],[15.141,67.515],[15.136,67.511],[15.131,67.503],[15.125,67.5],[15.109,67.498],[15.097,67.498],[15.088,67.493],[15.067,67.489],[15.064,67.484],[15.07,67.481],[15.087,67.477],[15.078,67.471],[15.082,67.469],[15.082,67.463],[15.086,67.458],[15.091,67.456],[15.088,67.453],[15.102,67.444],[15.095,67.437],[15.098,67.431],[15.097,67.426],[15.088,67.423],[15.109,67.419],[15.119,67.417],[15.12,67.415],[15.133,67.414],[15.137,67.412],[15.168,67.41],[15.202,67.412],[15.213,67.414],[15.215,67.42],[15.195,67.429],[15.203,67.434],[15.206,67.44],[15.215,67.441],[15.226,67.439],[15.264,67.443],[15.268,67.451],[15.276,67.452],[15.283,67.454],[15.291,67.451],[15.308,67.442],[15.354,67.443],[15.377,67.452],[15.39,67.447],[15.419,67.445],[15.422,67.445],[15.45,67.437],[15.452,67.434],[15.472,67.421],[15.483,67.417],[15.487,67.413],[15.485,67.409],[15.489,67.403],[15.497,67.395],[15.486,67.378],[15.474,67.366],[15.47,67.364],[15.528,67.356],[15.536,67.359],[15.548,67.356],[15.539,67.352],[15.544,67.351],[15.537,67.346],[15.54,67.342],[15.561,67.341],[15.574,67.341],[15.578,67.343],[15.589,67.337],[15.587,67.331],[15.592,67.329],[15.593,67.32],[15.58,67.314],[15.571,67.313],[15.572,67.294],[15.594,67.288],[15.586,67.283],[15.571,67.265],[15.574,67.26],[15.582,67.257],[15.596,67.256],[15.606,67.256],[15.622,67.26],[15.641,67.265],[15.652,67.27],[15.67,67.272],[15.689,67.276],[15.699,67.283],[15.722,67.294],[15.734,67.302],[15.74,67.308],[15.749,67.31],[15.762,67.31],[15.774,67.314],[15.788,67.315],[15.802,67.313],[15.814,67.312],[15.826,67.31],[15.823,67.305],[15.839,67.298],[15.836,67.294],[15.838,67.291],[15.837,67.285],[15.846,67.284],[15.855,67.286],[15.872,67.288],[15.883,67.288],[15.888,67.286],[15.912,67.285],[15.935,67.288],[15.958,67.286],[15.987,67.286],[16.098,67.28],[16.254,67.271],[16.33,67.262]]]}},{"type":"Feature","properties":{"id":408208,"maakond_id":604,"name":"Steigen","bbox":[13.595,67.587,15.911,68.121]},"geometry":{"type":"Polygon","coordinates":[[[15.074,67.617],[15.114,67.63],[15.162,67.624],[15.19,67.642],[15.198,67.645],[15.209,67.646],[15.221,67.645],[15.235,67.642],[15.252,67.652],[15.257,67.653],[15.26,67.658],[15.278,67.657],[15.281,67.655],[15.299,67.655],[15.308,67.656],[15.316,67.652],[15.327,67.649],[15.334,67.644],[15.336,67.639],[15.346,67.637],[15.349,67.64],[15.36,67.643],[15.376,67.655],[15.372,67.657],[15.375,67.662],[15.381,67.666],[15.392,67.666],[15.403,67.663],[15.402,67.66],[15.41,67.658],[15.424,67.647],[15.434,67.644],[15.442,67.642],[15.451,67.638],[15.475,67.637],[15.496,67.643],[15.506,67.648],[15.509,67.654],[15.521,67.657],[15.529,67.653],[15.544,67.65],[15.551,67.645],[15.557,67.644],[15.575,67.651],[15.584,67.652],[15.585,67.655],[15.599,67.661],[15.629,67.674],[15.648,67.673],[15.672,67.67],[15.685,67.669],[15.708,67.669],[15.722,67.667],[15.713,67.674],[15.715,67.679],[15.726,67.681],[15.72,67.685],[15.722,67.701],[15.728,67.703],[15.725,67.705],[15.708,67.708],[15.697,67.707],[15.689,67.705],[15.679,67.707],[15.647,67.709],[15.642,67.708],[15.624,67.711],[15.617,67.724],[15.627,67.73],[15.608,67.738],[15.611,67.75],[15.616,67.762],[15.632,67.768],[15.703,67.745],[15.731,67.755],[15.736,67.759],[15.737,67.765],[15.731,67.769],[15.724,67.77],[15.729,67.779],[15.751,67.782],[15.772,67.783],[15.791,67.783],[15.795,67.778],[15.817,67.774],[15.829,67.772],[15.855,67.773],[15.866,67.777],[15.868,67.784],[15.881,67.785],[15.887,67.788],[15.902,67.792],[15.904,67.794],[15.902,67.802],[15.911,67.805],[15.895,67.81],[15.874,67.812],[15.866,67.816],[15.865,67.823],[15.869,67.826],[15.845,67.829],[15.839,67.829],[15.826,67.838],[15.819,67.841],[15.799,67.838],[15.792,67.839],[15.778,67.841],[15.775,67.843],[15.764,67.843],[15.755,67.847],[15.743,67.848],[15.747,67.853],[15.754,67.854],[15.759,67.86],[15.762,67.867],[15.753,67.874],[15.753,67.878],[15.744,67.881],[15.736,67.887],[15.722,67.89],[15.713,67.893],[15.706,67.899],[15.708,67.903],[15.716,67.908],[15.723,67.917],[15.72,67.927],[15.732,67.927],[15.747,67.927],[15.748,67.931],[15.755,67.932],[15.755,67.943],[15.744,67.945],[15.74,67.949],[15.72,67.95],[15.726,67.955],[15.738,67.958],[15.735,67.963],[15.736,67.97],[15.736,67.983],[15.719,67.981],[15.368,67.941],[15.338,67.991],[15.287,68.009],[15.246,68.054],[15.193,68.081],[15.061,68.121],[14.784,68.056],[14.126,67.944],[13.86,67.857],[13.695,67.784],[13.691,67.783],[13.595,67.7],[14.132,67.587],[14.435,67.59],[14.62,67.623],[14.786,67.635],[14.884,67.614],[15.074,67.617]]]}},{"type":"Feature","properties":{"id":408209,"maakond_id":604,"name":"Grane","bbox":[12.933,65.099,13.877,65.786]},"geometry":{"type":"Polygon","coordinates":[[[13.022,65.464],[12.933,65.398],[13.039,65.4],[13.052,65.381],[13.07,65.377],[13.071,65.372],[13.052,65.342],[13.078,65.342],[13.076,65.334],[13.098,65.325],[13.081,65.318],[13.089,65.312],[13.089,65.305],[13.106,65.299],[13.106,65.289],[13.157,65.284],[13.167,65.276],[13.167,65.268],[13.129,65.264],[13.115,65.264],[13.082,65.252],[13.058,65.244],[13.059,65.233],[13.085,65.227],[13.087,65.206],[13.1,65.206],[13.12,65.19],[13.13,65.176],[13.128,65.159],[13.157,65.149],[13.145,65.138],[13.088,65.112],[13.085,65.11],[13.153,65.116],[13.235,65.109],[13.304,65.102],[13.411,65.099],[13.53,65.117],[13.551,65.115],[13.605,65.108],[13.629,65.105],[13.661,65.108],[13.658,65.118],[13.66,65.121],[13.672,65.128],[13.683,65.13],[13.697,65.132],[13.702,65.14],[13.705,65.148],[13.71,65.153],[13.711,65.161],[13.731,65.175],[13.764,65.2],[13.777,65.205],[13.794,65.208],[13.798,65.21],[13.791,65.217],[13.793,65.225],[13.796,65.229],[13.804,65.233],[13.814,65.236],[13.825,65.241],[13.842,65.241],[13.861,65.251],[13.873,65.257],[13.859,65.264],[13.839,65.265],[13.813,65.263],[13.782,65.263],[13.785,65.277],[13.796,65.285],[13.807,65.29],[13.817,65.296],[13.808,65.305],[13.79,65.308],[13.773,65.314],[13.76,65.316],[13.772,65.323],[13.785,65.325],[13.793,65.33],[13.795,65.334],[13.787,65.351],[13.8,65.366],[13.806,65.37],[13.785,65.384],[13.784,65.389],[13.789,65.394],[13.805,65.399],[13.843,65.399],[13.864,65.415],[13.837,65.422],[13.834,65.424],[13.823,65.439],[13.823,65.451],[13.835,65.46],[13.852,65.461],[13.862,65.472],[13.873,65.476],[13.877,65.487],[13.873,65.498],[13.838,65.5],[13.826,65.505],[13.813,65.506],[13.813,65.512],[13.799,65.515],[13.785,65.513],[13.778,65.516],[13.754,65.518],[13.751,65.521],[13.733,65.521],[13.718,65.525],[13.731,65.535],[13.749,65.542],[13.751,65.546],[13.759,65.549],[13.769,65.555],[13.752,65.563],[13.755,65.564],[13.74,65.573],[13.723,65.576],[13.741,65.598],[13.733,65.607],[13.687,65.625],[13.688,65.637],[13.664,65.655],[13.658,65.661],[13.644,65.688],[13.635,65.707],[13.626,65.724],[13.642,65.738],[13.586,65.768],[13.533,65.786],[13.509,65.766],[13.491,65.756],[13.487,65.756],[13.485,65.749],[13.418,65.76],[13.415,65.741],[13.387,65.729],[13.365,65.729],[13.362,65.723],[13.367,65.714],[13.363,65.702],[13.365,65.692],[13.355,65.679],[13.342,65.664],[13.327,65.665],[13.323,65.67],[13.312,65.674],[13.306,65.676],[13.296,65.68],[13.283,65.685],[13.28,65.687],[13.267,65.69],[13.259,65.689],[13.248,65.69],[13.247,65.692],[13.234,65.692],[13.214,65.694],[13.213,65.691],[13.2,65.693],[13.197,65.686],[13.192,65.684],[13.197,65.679],[13.195,65.677],[13.201,65.674],[13.205,65.669],[13.208,65.65],[13.207,65.647],[13.213,65.641],[13.214,65.636],[13.202,65.632],[13.21,65.629],[13.212,65.622],[13.212,65.617],[13.216,65.613],[13.221,65.583],[13.224,65.571],[13.296,65.545],[13.301,65.539],[13.296,65.531],[13.287,65.52],[13.176,65.487],[13.066,65.466],[13.022,65.464]]]}},{"type":"Feature","properties":{"id":408210,"maakond_id":604,"name":"Bindal","bbox":[10.578,64.939,13.157,65.503]},"geometry":{"type":"Polygon","coordinates":[[[10.578,65.47],[10.874,65.42],[11.021,65.394],[11.4,65.296],[11.486,65.237],[11.836,65.158],[11.915,65.16],[11.939,65.149],[11.946,65.149],[11.943,65.143],[11.944,65.141],[11.94,65.138],[11.936,65.127],[11.95,65.118],[11.96,65.117],[11.946,65.11],[11.921,65.1],[11.926,65.097],[11.917,65.08],[11.899,65.076],[11.894,65.071],[11.88,65.069],[11.879,65.066],[11.907,65.066],[11.924,65.068],[11.942,65.067],[11.952,65.073],[11.954,65.076],[11.96,65.078],[11.966,65.075],[11.98,65.071],[11.984,65.068],[12.028,65.068],[12.049,65.067],[12.044,65.061],[12.045,65.056],[12.038,65.048],[12.037,65.044],[12.04,65.035],[12.036,65.03],[12.041,65.03],[12.05,65.015],[12.059,65.013],[12.066,65.013],[12.071,65.01],[12.073,65.006],[12.085,65],[12.114,65.004],[12.132,64.999],[12.12,65.013],[12.134,65.022],[12.15,65.019],[12.161,65.006],[12.192,64.999],[12.183,64.994],[12.18,64.99],[12.181,64.982],[12.189,64.977],[12.205,64.972],[12.21,64.974],[12.22,64.971],[12.238,64.968],[12.248,64.971],[12.26,64.964],[12.277,64.96],[12.29,64.964],[12.371,64.986],[12.389,64.991],[12.408,64.993],[12.424,64.992],[12.452,64.988],[12.465,64.983],[12.473,64.984],[12.484,64.983],[12.505,64.977],[12.521,64.978],[12.561,64.99],[12.581,64.987],[12.587,64.963],[12.629,64.939],[12.655,64.946],[12.708,64.952],[12.715,64.953],[12.728,64.948],[12.748,64.943],[12.768,64.941],[12.791,64.953],[12.775,64.976],[12.907,64.974],[12.934,64.985],[12.948,65],[12.935,65.006],[12.931,65.01],[12.911,65.017],[12.908,65.029],[12.93,65.039],[12.968,65.033],[12.996,65.068],[13.022,65.073],[13.046,65.074],[13.053,65.074],[13.085,65.11],[13.088,65.112],[13.145,65.138],[13.157,65.149],[13.128,65.159],[13.13,65.176],[13.12,65.19],[13.1,65.206],[13.087,65.206],[13.085,65.227],[13.059,65.233],[13.058,65.244],[13.054,65.247],[13.045,65.245],[13.026,65.25],[13.006,65.253],[12.983,65.255],[12.981,65.245],[12.993,65.236],[12.988,65.231],[12.98,65.227],[12.96,65.227],[12.962,65.224],[12.952,65.222],[12.944,65.217],[12.936,65.217],[12.934,65.221],[12.925,65.229],[12.914,65.234],[12.901,65.236],[12.877,65.237],[12.875,65.247],[12.867,65.252],[12.83,65.251],[12.815,65.253],[12.745,65.212],[12.725,65.204],[12.715,65.212],[12.7,65.214],[12.698,65.217],[12.692,65.221],[12.693,65.223],[12.705,65.223],[12.725,65.234],[12.697,65.248],[12.688,65.255],[12.669,65.256],[12.655,65.254],[12.65,65.255],[12.644,65.259],[12.632,65.26],[12.625,65.258],[12.606,65.26],[12.597,65.262],[12.59,65.266],[12.589,65.269],[12.58,65.274],[12.57,65.275],[12.57,65.288],[12.565,65.294],[12.552,65.294],[12.549,65.287],[12.531,65.284],[12.521,65.284],[12.504,65.279],[12.494,65.281],[12.491,65.287],[12.481,65.29],[12.47,65.291],[12.468,65.3],[12.46,65.303],[12.443,65.303],[12.439,65.304],[12.43,65.306],[12.422,65.303],[12.394,65.3],[12.351,65.29],[12.341,65.289],[12.304,65.296],[12.298,65.276],[12.192,65.225],[12.054,65.183],[11.961,65.209],[11.864,65.203],[11.792,65.219],[11.787,65.289],[11.737,65.294],[11.712,65.277],[11.666,65.27],[11.631,65.28],[11.623,65.293],[11.407,65.341],[11.055,65.429],[10.906,65.454],[10.609,65.503],[10.578,65.47]]]}},{"type":"Feature","properties":{"id":408211,"maakond_id":604,"name":"Sømna","bbox":[10.609,65.183,12.464,65.538]},"geometry":{"type":"Polygon","coordinates":[[[12.439,65.304],[12.456,65.309],[12.461,65.313],[12.462,65.32],[12.461,65.326],[12.453,65.327],[12.454,65.33],[12.45,65.334],[12.464,65.341],[12.464,65.345],[12.455,65.344],[12.442,65.349],[12.437,65.355],[12.457,65.366],[12.451,65.369],[12.442,65.367],[12.439,65.37],[12.426,65.371],[12.424,65.375],[12.43,65.379],[12.415,65.382],[12.41,65.386],[12.391,65.39],[12.397,65.392],[12.398,65.395],[12.391,65.397],[12.399,65.406],[12.383,65.409],[12.37,65.415],[12.372,65.429],[12.362,65.431],[12.361,65.437],[12.348,65.439],[12.342,65.435],[12.334,65.434],[12.309,65.423],[12.301,65.422],[12.295,65.412],[12.282,65.41],[12.279,65.406],[12.271,65.402],[12.274,65.4],[12.27,65.396],[12.27,65.393],[12.249,65.381],[12.233,65.381],[12.209,65.376],[12.198,65.376],[12.177,65.369],[12.169,65.37],[12.147,65.383],[12.12,65.385],[12.066,65.364],[12.02,65.364],[11.969,65.351],[11.774,65.331],[11.699,65.33],[11.594,65.37],[11.489,65.386],[11.088,65.464],[10.939,65.489],[10.642,65.538],[10.609,65.503],[10.906,65.454],[11.055,65.429],[11.407,65.341],[11.623,65.293],[11.631,65.28],[11.666,65.27],[11.712,65.277],[11.737,65.294],[11.787,65.289],[11.792,65.219],[11.864,65.203],[11.961,65.209],[12.054,65.183],[12.192,65.225],[12.298,65.276],[12.304,65.296],[12.341,65.289],[12.351,65.29],[12.394,65.3],[12.422,65.303],[12.43,65.306],[12.439,65.304]]]}},{"type":"Feature","properties":{"id":408212,"maakond_id":604,"name":"Brønnøy","bbox":[10.642,65.204,13.167,65.624]},"geometry":{"type":"Polygon","coordinates":[[[12.227,65.601],[12.174,65.572],[12.089,65.572],[11.972,65.512],[11.862,65.488],[11.704,65.527],[11.625,65.516],[11.59,65.495],[11.486,65.547],[11.122,65.499],[10.973,65.523],[10.675,65.572],[10.642,65.538],[10.939,65.489],[11.088,65.464],[11.489,65.386],[11.594,65.37],[11.699,65.33],[11.774,65.331],[11.969,65.351],[12.02,65.364],[12.066,65.364],[12.12,65.385],[12.147,65.383],[12.169,65.37],[12.177,65.369],[12.198,65.376],[12.209,65.376],[12.233,65.381],[12.249,65.381],[12.27,65.393],[12.27,65.396],[12.274,65.4],[12.271,65.402],[12.279,65.406],[12.282,65.41],[12.295,65.412],[12.301,65.422],[12.309,65.423],[12.334,65.434],[12.342,65.435],[12.348,65.439],[12.361,65.437],[12.362,65.431],[12.372,65.429],[12.37,65.415],[12.383,65.409],[12.399,65.406],[12.391,65.397],[12.398,65.395],[12.397,65.392],[12.391,65.39],[12.41,65.386],[12.415,65.382],[12.43,65.379],[12.424,65.375],[12.426,65.371],[12.439,65.37],[12.442,65.367],[12.451,65.369],[12.457,65.366],[12.437,65.355],[12.442,65.349],[12.455,65.344],[12.464,65.345],[12.464,65.341],[12.45,65.334],[12.454,65.33],[12.453,65.327],[12.461,65.326],[12.462,65.32],[12.461,65.313],[12.456,65.309],[12.439,65.304],[12.443,65.303],[12.46,65.303],[12.468,65.3],[12.47,65.291],[12.481,65.29],[12.491,65.287],[12.494,65.281],[12.504,65.279],[12.521,65.284],[12.531,65.284],[12.549,65.287],[12.552,65.294],[12.565,65.294],[12.57,65.288],[12.57,65.275],[12.58,65.274],[12.589,65.269],[12.59,65.266],[12.597,65.262],[12.606,65.26],[12.625,65.258],[12.632,65.26],[12.644,65.259],[12.65,65.255],[12.655,65.254],[12.669,65.256],[12.688,65.255],[12.697,65.248],[12.725,65.234],[12.705,65.223],[12.693,65.223],[12.692,65.221],[12.698,65.217],[12.7,65.214],[12.715,65.212],[12.725,65.204],[12.745,65.212],[12.815,65.253],[12.83,65.251],[12.867,65.252],[12.875,65.247],[12.877,65.237],[12.901,65.236],[12.914,65.234],[12.925,65.229],[12.934,65.221],[12.936,65.217],[12.944,65.217],[12.952,65.222],[12.962,65.224],[12.96,65.227],[12.98,65.227],[12.988,65.231],[12.993,65.236],[12.981,65.245],[12.983,65.255],[13.006,65.253],[13.026,65.25],[13.045,65.245],[13.054,65.247],[13.058,65.244],[13.082,65.252],[13.115,65.264],[13.129,65.264],[13.167,65.268],[13.167,65.276],[13.157,65.284],[13.106,65.289],[13.106,65.299],[13.089,65.305],[13.089,65.312],[13.081,65.318],[13.098,65.325],[13.076,65.334],[13.078,65.342],[13.052,65.342],[13.071,65.372],[13.07,65.377],[13.052,65.381],[13.039,65.4],[12.933,65.398],[13.022,65.464],[13.042,65.479],[13.036,65.485],[13.038,65.492],[13.04,65.512],[13.034,65.534],[13.036,65.539],[12.963,65.541],[12.895,65.535],[12.859,65.522],[12.81,65.519],[12.764,65.518],[12.744,65.518],[12.715,65.517],[12.707,65.52],[12.707,65.523],[12.704,65.531],[12.693,65.534],[12.687,65.534],[12.676,65.54],[12.676,65.544],[12.703,65.549],[12.696,65.551],[12.688,65.556],[12.681,65.557],[12.673,65.562],[12.668,65.567],[12.66,65.568],[12.655,65.573],[12.684,65.576],[12.696,65.582],[12.688,65.589],[12.686,65.593],[12.675,65.592],[12.667,65.593],[12.659,65.592],[12.653,65.593],[12.645,65.592],[12.634,65.592],[12.627,65.595],[12.628,65.6],[12.625,65.603],[12.617,65.605],[12.614,65.61],[12.583,65.612],[12.564,65.613],[12.544,65.624],[12.538,65.621],[12.522,65.619],[12.497,65.619],[12.476,65.612],[12.474,65.614],[12.462,65.612],[12.459,65.611],[12.443,65.613],[12.433,65.607],[12.459,65.603],[12.481,65.597],[12.473,65.586],[12.457,65.582],[12.464,65.575],[12.461,65.573],[12.46,65.566],[12.452,65.565],[12.432,65.556],[12.393,65.547],[12.366,65.542],[12.343,65.59],[12.325,65.599],[12.227,65.601]]]}},{"type":"Feature","properties":{"id":408213,"maakond_id":604,"name":"Vefsn","bbox":[12.585,65.464,13.766,66.179]},"geometry":{"type":"Polygon","coordinates":[[[13.036,65.539],[13.034,65.534],[13.04,65.512],[13.038,65.492],[13.036,65.485],[13.042,65.479],[13.022,65.464],[13.066,65.466],[13.176,65.487],[13.287,65.52],[13.296,65.531],[13.301,65.539],[13.296,65.545],[13.224,65.571],[13.221,65.583],[13.216,65.613],[13.212,65.617],[13.212,65.622],[13.21,65.629],[13.202,65.632],[13.214,65.636],[13.213,65.641],[13.207,65.647],[13.208,65.65],[13.205,65.669],[13.201,65.674],[13.195,65.677],[13.197,65.679],[13.192,65.684],[13.197,65.686],[13.2,65.693],[13.213,65.691],[13.214,65.694],[13.234,65.692],[13.247,65.692],[13.248,65.69],[13.259,65.689],[13.267,65.69],[13.28,65.687],[13.283,65.685],[13.296,65.68],[13.306,65.676],[13.312,65.674],[13.323,65.67],[13.327,65.665],[13.342,65.664],[13.355,65.679],[13.365,65.692],[13.363,65.702],[13.367,65.714],[13.362,65.723],[13.365,65.729],[13.387,65.729],[13.415,65.741],[13.418,65.76],[13.485,65.749],[13.487,65.756],[13.491,65.756],[13.509,65.766],[13.533,65.786],[13.586,65.768],[13.642,65.738],[13.664,65.755],[13.664,65.76],[13.675,65.764],[13.704,65.77],[13.754,65.776],[13.757,65.783],[13.73,65.805],[13.731,65.806],[13.764,65.817],[13.766,65.824],[13.747,65.836],[13.733,65.84],[13.72,65.845],[13.707,65.848],[13.689,65.855],[13.677,65.862],[13.671,65.877],[13.679,65.888],[13.674,65.891],[13.661,65.89],[13.644,65.891],[13.639,65.89],[13.63,65.89],[13.63,65.895],[13.62,65.9],[13.625,65.905],[13.629,65.913],[13.603,65.936],[13.687,65.924],[13.692,65.935],[13.695,65.942],[13.694,65.945],[13.69,65.948],[13.691,65.951],[13.704,65.954],[13.704,65.964],[13.706,65.969],[13.707,65.98],[13.714,65.98],[13.714,65.994],[13.722,65.999],[13.725,66.003],[13.735,66.018],[13.732,66.027],[13.719,66.035],[13.71,66.041],[13.699,66.052],[13.7,66.055],[13.696,66.057],[13.691,66.064],[13.684,66.069],[13.676,66.077],[13.677,66.089],[13.68,66.094],[13.679,66.097],[13.687,66.108],[13.679,66.119],[13.699,66.135],[13.7,66.14],[13.678,66.146],[13.673,66.169],[13.654,66.174],[13.606,66.164],[13.577,66.171],[13.558,66.179],[13.542,66.172],[13.528,66.17],[13.517,66.166],[13.504,66.163],[13.491,66.158],[13.471,66.147],[13.455,66.147],[13.423,66.142],[13.415,66.14],[13.399,66.14],[13.393,66.139],[13.381,66.131],[13.383,66.129],[13.398,66.126],[13.398,66.125],[13.388,66.12],[13.361,66.119],[13.356,66.115],[13.344,66.112],[13.334,66.111],[13.322,66.106],[13.301,66.102],[13.288,66.102],[13.267,66.097],[13.258,66.091],[13.252,66.089],[13.254,66.083],[13.261,66.082],[13.259,66.079],[13.242,66.071],[13.264,66.066],[13.259,66.063],[13.257,66.056],[13.26,66.048],[13.256,66.046],[13.236,66.046],[13.225,66.043],[13.215,66.046],[13.206,66.039],[13.202,66.034],[13.204,66.024],[13.213,66.017],[13.198,66.01],[13.197,66.007],[13.183,66.001],[13.158,65.998],[13.156,65.997],[13.143,65.998],[13.134,66.001],[13.126,65.994],[13.113,65.994],[13.103,65.996],[13.099,65.999],[13.092,65.997],[13.078,65.997],[13.07,65.998],[13.066,65.995],[13.058,65.994],[13.057,65.99],[13.052,65.988],[13.044,65.989],[13.039,65.987],[13.025,65.987],[13.018,65.99],[13,65.992],[12.997,65.997],[12.986,65.998],[12.961,65.99],[12.95,65.984],[12.938,65.985],[12.936,65.983],[12.922,65.98],[12.916,65.977],[12.907,65.975],[12.902,65.97],[12.902,65.965],[12.885,65.967],[12.88,65.98],[12.832,65.98],[12.704,65.949],[12.656,65.931],[12.605,65.903],[12.632,65.891],[12.632,65.868],[12.624,65.855],[12.598,65.847],[12.585,65.79],[12.603,65.787],[12.619,65.788],[12.659,65.78],[12.664,65.774],[12.663,65.768],[12.686,65.765],[12.692,65.762],[12.696,65.755],[12.702,65.752],[12.7,65.748],[12.708,65.742],[12.72,65.739],[12.721,65.732],[12.718,65.727],[12.733,65.727],[12.741,65.73],[12.749,65.732],[12.763,65.73],[12.827,65.716],[12.849,65.718],[12.867,65.718],[12.873,65.717],[12.901,65.71],[12.906,65.707],[12.909,65.699],[12.919,65.694],[12.918,65.688],[12.908,65.681],[12.926,65.68],[12.96,65.677],[12.99,65.675],[12.994,65.651],[12.996,65.647],[13.018,65.644],[13.011,65.625],[13.019,65.615],[12.997,65.604],[12.997,65.603],[13.037,65.586],[13.04,65.58],[13.034,65.576],[13.036,65.571],[13.033,65.549],[13.036,65.539]]]}},{"type":"Feature","properties":{"id":408214,"maakond_id":604,"name":"Vevelstad","bbox":[12.227,65.517,13.04,65.79]},"geometry":{"type":"Polygon","coordinates":[[[13.036,65.539],[13.033,65.549],[13.036,65.571],[13.034,65.576],[13.04,65.58],[13.037,65.586],[12.997,65.603],[12.997,65.604],[13.019,65.615],[13.011,65.625],[13.018,65.644],[12.996,65.647],[12.994,65.651],[12.99,65.675],[12.96,65.677],[12.926,65.68],[12.908,65.681],[12.918,65.688],[12.919,65.694],[12.909,65.699],[12.906,65.707],[12.901,65.71],[12.873,65.717],[12.867,65.718],[12.849,65.718],[12.827,65.716],[12.763,65.73],[12.749,65.732],[12.741,65.73],[12.733,65.727],[12.718,65.727],[12.721,65.732],[12.72,65.739],[12.708,65.742],[12.7,65.748],[12.702,65.752],[12.696,65.755],[12.692,65.762],[12.686,65.765],[12.663,65.768],[12.664,65.774],[12.659,65.78],[12.619,65.788],[12.603,65.787],[12.585,65.79],[12.569,65.776],[12.52,65.765],[12.386,65.723],[12.32,65.705],[12.24,65.695],[12.227,65.601],[12.325,65.599],[12.343,65.59],[12.366,65.542],[12.393,65.547],[12.432,65.556],[12.452,65.565],[12.46,65.566],[12.461,65.573],[12.464,65.575],[12.457,65.582],[12.473,65.586],[12.481,65.597],[12.459,65.603],[12.433,65.607],[12.443,65.613],[12.459,65.611],[12.462,65.612],[12.474,65.614],[12.476,65.612],[12.497,65.619],[12.522,65.619],[12.538,65.621],[12.544,65.624],[12.564,65.613],[12.583,65.612],[12.614,65.61],[12.617,65.605],[12.625,65.603],[12.628,65.6],[12.627,65.595],[12.634,65.592],[12.645,65.592],[12.653,65.593],[12.659,65.592],[12.667,65.593],[12.675,65.592],[12.686,65.593],[12.688,65.589],[12.696,65.582],[12.684,65.576],[12.655,65.573],[12.66,65.568],[12.668,65.567],[12.673,65.562],[12.681,65.557],[12.688,65.556],[12.696,65.551],[12.703,65.549],[12.676,65.544],[12.676,65.54],[12.687,65.534],[12.693,65.534],[12.704,65.531],[12.707,65.523],[12.707,65.52],[12.715,65.517],[12.744,65.518],[12.764,65.518],[12.81,65.519],[12.859,65.522],[12.895,65.535],[12.963,65.541],[13.036,65.539]]]}},{"type":"Feature","properties":{"id":408215,"maakond_id":604,"name":"Vega","bbox":[10.675,65.488,12.24,65.993]},"geometry":{"type":"Polygon","coordinates":[[[12.071,65.867],[12.032,65.852],[11.999,65.869],[11.956,65.879],[11.921,65.878],[11.888,65.887],[11.876,65.905],[11.929,65.923],[11.979,65.92],[12.063,65.937],[12.099,65.954],[12.067,65.978],[11.799,65.993],[11.619,65.934],[11.429,65.925],[11.27,65.94],[10.954,65.971],[10.799,65.702],[10.675,65.572],[10.973,65.523],[11.122,65.499],[11.486,65.547],[11.59,65.495],[11.625,65.516],[11.704,65.527],[11.862,65.488],[11.972,65.512],[12.089,65.572],[12.174,65.572],[12.227,65.601],[12.24,65.695],[12.182,65.702],[12.175,65.774],[12.155,65.824],[12.138,65.831],[12.136,65.843],[12.071,65.867]]]}},{"type":"Feature","properties":{"id":408216,"maakond_id":604,"name":"Alstahaug","bbox":[12.071,65.695,12.775,66.04]},"geometry":{"type":"Polygon","coordinates":[[[12.482,65.996],[12.374,65.963],[12.348,65.948],[12.218,65.916],[12.219,65.909],[12.236,65.899],[12.253,65.885],[12.228,65.864],[12.206,65.858],[12.189,65.87],[12.179,65.887],[12.156,65.888],[12.129,65.877],[12.088,65.876],[12.071,65.867],[12.136,65.843],[12.138,65.831],[12.155,65.824],[12.175,65.774],[12.182,65.702],[12.24,65.695],[12.32,65.705],[12.386,65.723],[12.52,65.765],[12.569,65.776],[12.585,65.79],[12.598,65.847],[12.624,65.855],[12.632,65.868],[12.632,65.891],[12.605,65.903],[12.656,65.931],[12.704,65.949],[12.686,65.959],[12.682,65.97],[12.676,65.978],[12.689,65.981],[12.697,65.987],[12.706,65.991],[12.715,65.992],[12.721,65.995],[12.731,65.995],[12.743,66],[12.753,66.001],[12.759,66.004],[12.775,66.006],[12.764,66.017],[12.731,66.04],[12.67,66.029],[12.65,66.029],[12.617,66.039],[12.482,65.996]]]}},{"type":"Feature","properties":{"id":408217,"maakond_id":604,"name":"Herøy","bbox":[10.954,65.852,12.482,66.404]},"geometry":{"type":"Polygon","coordinates":[[[12.482,65.996],[12.439,66.003],[12.457,66.013],[12.478,66.022],[12.46,66.021],[12.442,66.027],[12.383,66.021],[12.309,66.009],[12.294,66.012],[12.291,66.019],[12.298,66.028],[12.309,66.034],[12.308,66.039],[12.3,66.057],[12.265,66.1],[12.226,66.103],[12.223,66.123],[12.104,66.143],[12.047,66.219],[11.84,66.313],[11.764,66.323],[11.612,66.35],[11.298,66.404],[11.093,66.2],[11.084,66.189],[11.072,66.172],[10.954,65.971],[11.27,65.94],[11.429,65.925],[11.619,65.934],[11.799,65.993],[12.067,65.978],[12.099,65.954],[12.063,65.937],[11.979,65.92],[11.929,65.923],[11.876,65.905],[11.888,65.887],[11.921,65.878],[11.956,65.879],[11.999,65.869],[12.032,65.852],[12.071,65.867],[12.088,65.876],[12.129,65.877],[12.156,65.888],[12.179,65.887],[12.189,65.87],[12.206,65.858],[12.228,65.864],[12.253,65.885],[12.236,65.899],[12.219,65.909],[12.218,65.916],[12.348,65.948],[12.374,65.963],[12.482,65.996]]]}},{"type":"Feature","properties":{"id":408218,"maakond_id":604,"name":"Leirfjord","bbox":[12.617,65.949,13.49,66.242]},"geometry":{"type":"Polygon","coordinates":[[[13.324,66.241],[13.189,66.191],[13.055,66.166],[12.857,66.148],[12.834,66.148],[12.807,66.136],[12.702,66.126],[12.703,66.103],[12.626,66.065],[12.617,66.039],[12.65,66.029],[12.67,66.029],[12.731,66.04],[12.764,66.017],[12.775,66.006],[12.759,66.004],[12.753,66.001],[12.743,66],[12.731,65.995],[12.721,65.995],[12.715,65.992],[12.706,65.991],[12.697,65.987],[12.689,65.981],[12.676,65.978],[12.682,65.97],[12.686,65.959],[12.704,65.949],[12.832,65.98],[12.88,65.98],[12.885,65.967],[12.902,65.965],[12.902,65.97],[12.907,65.975],[12.916,65.977],[12.922,65.98],[12.936,65.983],[12.938,65.985],[12.95,65.984],[12.961,65.99],[12.986,65.998],[12.997,65.997],[13,65.992],[13.018,65.99],[13.025,65.987],[13.039,65.987],[13.044,65.989],[13.052,65.988],[13.057,65.99],[13.058,65.994],[13.066,65.995],[13.07,65.998],[13.078,65.997],[13.092,65.997],[13.099,65.999],[13.103,65.996],[13.113,65.994],[13.126,65.994],[13.134,66.001],[13.143,65.998],[13.156,65.997],[13.158,65.998],[13.183,66.001],[13.197,66.007],[13.198,66.01],[13.213,66.017],[13.204,66.024],[13.202,66.034],[13.206,66.039],[13.215,66.046],[13.225,66.043],[13.236,66.046],[13.256,66.046],[13.26,66.048],[13.257,66.056],[13.259,66.063],[13.264,66.066],[13.242,66.071],[13.259,66.079],[13.261,66.082],[13.254,66.083],[13.252,66.089],[13.258,66.091],[13.267,66.097],[13.288,66.102],[13.301,66.102],[13.322,66.106],[13.334,66.111],[13.34,66.117],[13.373,66.145],[13.363,66.15],[13.369,66.154],[13.381,66.158],[13.383,66.162],[13.406,66.166],[13.416,66.172],[13.425,66.182],[13.43,66.192],[13.436,66.194],[13.443,66.199],[13.458,66.202],[13.471,66.201],[13.489,66.207],[13.487,66.213],[13.487,66.218],[13.49,66.22],[13.478,66.229],[13.479,66.24],[13.384,66.228],[13.348,66.242],[13.324,66.241]]]}},{"type":"Feature","properties":{"id":408219,"maakond_id":604,"name":"Dønna","bbox":[11.84,65.996,12.834,66.334]},"geometry":{"type":"Polygon","coordinates":[[[11.84,66.313],[12.047,66.219],[12.104,66.143],[12.223,66.123],[12.226,66.103],[12.265,66.1],[12.3,66.057],[12.308,66.039],[12.309,66.034],[12.298,66.028],[12.291,66.019],[12.294,66.012],[12.309,66.009],[12.383,66.021],[12.442,66.027],[12.46,66.021],[12.478,66.022],[12.457,66.013],[12.439,66.003],[12.482,65.996],[12.617,66.039],[12.626,66.065],[12.703,66.103],[12.702,66.126],[12.807,66.136],[12.834,66.148],[12.823,66.184],[12.774,66.2],[12.667,66.206],[12.627,66.26],[12.573,66.264],[12.427,66.232],[12.334,66.287],[12.191,66.286],[11.995,66.334],[11.84,66.313]]]}},{"type":"Feature","properties":{"id":408220,"maakond_id":604,"name":"Nesna","bbox":[12.627,66.148,13.324,66.332]},"geometry":{"type":"Polygon","coordinates":[[[13.324,66.241],[13.319,66.25],[13.309,66.257],[13.311,66.265],[13.305,66.275],[13.299,66.283],[13.296,66.292],[13.284,66.302],[13.245,66.296],[13.195,66.294],[12.951,66.306],[12.879,66.33],[12.812,66.332],[12.627,66.26],[12.667,66.206],[12.774,66.2],[12.823,66.184],[12.834,66.148],[12.857,66.148],[13.055,66.166],[13.189,66.191],[13.324,66.241]]]}},{"type":"Feature","properties":{"id":408221,"maakond_id":604,"name":"Lurøy","bbox":[11.995,66.232,13.262,66.645]},"geometry":{"type":"Polygon","coordinates":[[[12.42,66.645],[12.366,66.584],[12.405,66.53],[12.435,66.462],[12.345,66.446],[12.23,66.45],[11.995,66.334],[12.191,66.286],[12.334,66.287],[12.427,66.232],[12.573,66.264],[12.627,66.26],[12.812,66.332],[12.879,66.33],[12.951,66.306],[13.195,66.294],[13.191,66.305],[13.193,66.313],[13.188,66.319],[13.2,66.321],[13.209,66.324],[13.215,66.34],[13.232,66.341],[13.249,66.34],[13.255,66.34],[13.26,66.343],[13.26,66.352],[13.256,66.356],[13.253,66.364],[13.248,66.37],[13.232,66.375],[13.225,66.376],[13.228,66.379],[13.237,66.382],[13.257,66.384],[13.261,66.386],[13.262,66.393],[13.258,66.395],[13.247,66.397],[13.238,66.402],[13.24,66.405],[13.231,66.409],[13.224,66.414],[13.223,66.418],[13.214,66.422],[13.206,66.421],[13.193,66.424],[13.182,66.429],[13.186,66.436],[13.196,66.439],[13.205,66.439],[13.204,66.443],[13.199,66.444],[13.203,66.45],[13.194,66.452],[13.19,66.454],[13.195,66.458],[13.2,66.464],[13.199,66.466],[13.204,66.474],[13.202,66.475],[13.173,66.486],[13.17,66.496],[13.159,66.503],[13.14,66.509],[13.145,66.523],[13.119,66.525],[13.118,66.528],[13.099,66.526],[13.084,66.526],[13.081,66.529],[13.046,66.524],[13.032,66.521],[12.997,66.524],[12.982,66.527],[12.979,66.522],[12.948,66.508],[12.929,66.54],[12.886,66.538],[12.814,66.532],[12.801,66.53],[12.793,66.526],[12.751,66.537],[12.744,66.567],[12.708,66.58],[12.684,66.583],[12.658,66.579],[12.648,66.58],[12.638,66.585],[12.633,66.586],[12.619,66.583],[12.614,66.575],[12.606,66.58],[12.604,66.586],[12.57,66.581],[12.546,66.597],[12.545,66.636],[12.42,66.645]]]}},{"type":"Feature","properties":{"id":408222,"maakond_id":604,"name":"Træna","bbox":[11.298,66.313,12.435,66.815]},"geometry":{"type":"Polygon","coordinates":[[[12.42,66.645],[12.401,66.669],[12.308,66.715],[12.183,66.759],[11.859,66.815],[11.654,66.724],[11.634,66.714],[11.62,66.707],[11.596,66.692],[11.575,66.676],[11.566,66.668],[11.298,66.404],[11.612,66.35],[11.764,66.323],[11.84,66.313],[11.995,66.334],[12.23,66.45],[12.345,66.446],[12.435,66.462],[12.405,66.53],[12.366,66.584],[12.42,66.645]]]}},{"type":"Feature","properties":{"id":408223,"maakond_id":604,"name":"Rødøy","bbox":[11.668,66.397,13.872,67.125]},"geometry":{"type":"Polygon","coordinates":[[[12.344,67.125],[12.146,67.085],[12.106,67.079],[11.668,67.016],[11.859,66.815],[12.183,66.759],[12.308,66.715],[12.401,66.669],[12.42,66.645],[12.545,66.636],[12.546,66.597],[12.57,66.581],[12.604,66.586],[12.606,66.58],[12.614,66.575],[12.619,66.583],[12.633,66.586],[12.638,66.585],[12.648,66.58],[12.658,66.579],[12.684,66.583],[12.708,66.58],[12.744,66.567],[12.751,66.537],[12.793,66.526],[12.801,66.53],[12.814,66.532],[12.886,66.538],[12.929,66.54],[12.948,66.508],[12.979,66.522],[12.982,66.527],[12.997,66.524],[13.032,66.521],[13.046,66.524],[13.081,66.529],[13.084,66.526],[13.099,66.526],[13.118,66.528],[13.119,66.525],[13.145,66.523],[13.14,66.509],[13.159,66.503],[13.17,66.496],[13.173,66.486],[13.202,66.475],[13.204,66.474],[13.199,66.466],[13.2,66.464],[13.195,66.458],[13.19,66.454],[13.194,66.452],[13.203,66.45],[13.199,66.444],[13.204,66.443],[13.205,66.439],[13.196,66.439],[13.186,66.436],[13.182,66.429],[13.193,66.424],[13.206,66.421],[13.214,66.422],[13.223,66.418],[13.224,66.414],[13.231,66.409],[13.24,66.405],[13.238,66.402],[13.247,66.397],[13.256,66.401],[13.267,66.402],[13.288,66.401],[13.294,66.402],[13.294,66.41],[13.3,66.413],[13.316,66.415],[13.327,66.418],[13.344,66.42],[13.348,66.425],[13.355,66.429],[13.364,66.43],[13.37,66.433],[13.383,66.436],[13.389,66.442],[13.412,66.444],[13.426,66.45],[13.479,66.463],[13.498,66.464],[13.5,66.461],[13.518,66.462],[13.53,66.452],[13.543,66.452],[13.554,66.454],[13.568,66.459],[13.583,66.458],[13.591,66.46],[13.604,66.466],[13.645,66.462],[13.661,66.464],[13.679,66.468],[13.687,66.469],[13.719,66.472],[13.737,66.476],[13.747,66.481],[13.755,66.482],[13.789,66.473],[13.813,66.468],[13.824,66.481],[13.832,66.485],[13.823,66.488],[13.819,66.493],[13.816,66.494],[13.825,66.508],[13.819,66.513],[13.829,66.524],[13.825,66.527],[13.805,66.535],[13.804,66.538],[13.812,66.54],[13.774,66.543],[13.781,66.552],[13.793,66.558],[13.796,66.561],[13.791,66.569],[13.821,66.59],[13.846,66.607],[13.872,66.625],[13.841,66.629],[13.816,66.631],[13.765,66.649],[13.721,66.664],[13.678,66.664],[13.671,66.665],[13.666,66.664],[13.646,66.665],[13.626,66.676],[13.617,66.678],[13.602,66.679],[13.599,66.682],[13.572,66.684],[13.552,66.684],[13.535,66.689],[13.525,66.691],[13.518,66.696],[13.509,66.7],[13.49,66.702],[13.467,66.702],[13.462,66.703],[13.447,66.703],[13.448,66.71],[13.438,66.712],[13.422,66.713],[13.396,66.712],[13.386,66.714],[13.382,66.725],[13.38,66.734],[13.376,66.743],[13.213,66.74],[13.239,66.777],[13.204,66.781],[13.122,66.767],[13.04,66.746],[12.869,66.807],[12.883,66.9],[12.344,67.125]]]}},{"type":"Feature","properties":{"id":408478,"maakond_id":604,"name":"Moskenes","bbox":[12.167,67.674,13.695,68.152]},"geometry":{"type":"Polygon","coordinates":[[[13.58,67.848],[13.349,67.935],[13.173,67.968],[13.167,67.971],[13.158,67.978],[13.15,67.981],[13.141,67.978],[13.129,67.98],[13.125,67.984],[13.12,67.984],[13.087,67.982],[13.058,67.977],[13.046,67.987],[13.05,67.992],[13.047,67.998],[13.029,68],[13.022,68.004],[13.024,68.006],[13.022,68.012],[13.017,68.016],[13.02,68.023],[13.019,68.032],[13.015,68.034],[13.015,68.038],[13.006,68.039],[13.007,68.043],[13.001,68.046],[12.945,68.062],[12.906,68.069],[12.47,68.152],[12.306,68.031],[12.288,68.017],[12.272,68],[12.167,67.87],[12.629,67.816],[12.671,67.811],[12.853,67.803],[13.156,67.761],[13.507,67.674],[13.595,67.7],[13.691,67.783],[13.695,67.784],[13.58,67.848]]]}},{"type":"Feature","properties":{"id":408479,"maakond_id":604,"name":"Flakstad","bbox":[12.47,67.848,13.58,68.393]},"geometry":{"type":"Polygon","coordinates":[[[13.58,67.848],[13.446,67.968],[13.423,68.031],[13.444,68.101],[13.479,68.139],[13.455,68.155],[13.467,68.166],[13.322,68.233],[13.216,68.286],[13.004,68.393],[12.833,68.346],[12.802,68.337],[12.784,68.331],[12.75,68.319],[12.735,68.312],[12.644,68.27],[12.621,68.259],[12.608,68.251],[12.584,68.236],[12.47,68.152],[12.906,68.069],[12.945,68.062],[13.001,68.046],[13.007,68.043],[13.006,68.039],[13.015,68.038],[13.015,68.034],[13.019,68.032],[13.02,68.023],[13.017,68.016],[13.022,68.012],[13.024,68.006],[13.022,68.004],[13.029,68],[13.047,67.998],[13.05,67.992],[13.046,67.987],[13.058,67.977],[13.087,67.982],[13.12,67.984],[13.125,67.984],[13.129,67.98],[13.141,67.978],[13.15,67.981],[13.158,67.978],[13.167,67.971],[13.173,67.968],[13.349,67.935],[13.58,67.848]]]}},{"type":"Feature","properties":{"id":408480,"maakond_id":604,"name":"Vestvågøy","bbox":[13.004,67.784,14.19,68.541]},"geometry":{"type":"Polygon","coordinates":[[[13.58,67.848],[13.695,67.784],[13.86,67.857],[14.126,67.944],[14.024,68.094],[14.056,68.142],[14.154,68.177],[14.176,68.196],[14.158,68.22],[14.19,68.245],[14.173,68.263],[14.157,68.267],[14.155,68.272],[14.129,68.284],[14.105,68.293],[14.072,68.293],[14.05,68.287],[14.038,68.316],[14.013,68.333],[14.022,68.344],[14.01,68.355],[13.855,68.439],[13.699,68.473],[13.388,68.541],[13.264,68.464],[13.004,68.393],[13.216,68.286],[13.322,68.233],[13.467,68.166],[13.455,68.155],[13.479,68.139],[13.444,68.101],[13.423,68.031],[13.446,67.968],[13.58,67.848]]]}},{"type":"Feature","properties":{"id":408481,"maakond_id":604,"name":"Vågan","bbox":[13.388,67.944,15.272,68.605]},"geometry":{"type":"Polygon","coordinates":[[[15.217,68.175],[15.177,68.214],[15.164,68.261],[15.19,68.283],[15.126,68.29],[15.26,68.334],[15.272,68.348],[15.249,68.354],[15.234,68.356],[15.219,68.353],[15.212,68.353],[15.175,68.349],[15.167,68.349],[15.159,68.352],[15.145,68.352],[15.143,68.35],[15.132,68.347],[15.114,68.349],[15.1,68.34],[15.088,68.339],[15.075,68.339],[15.068,68.338],[15.056,68.331],[15.041,68.333],[15.029,68.34],[15.011,68.335],[14.979,68.335],[14.951,68.319],[14.923,68.327],[14.908,68.327],[14.886,68.328],[14.848,68.328],[14.827,68.33],[14.832,68.338],[14.841,68.342],[14.836,68.347],[14.825,68.348],[14.812,68.348],[14.807,68.353],[14.793,68.355],[14.792,68.357],[14.772,68.358],[14.756,68.361],[14.733,68.367],[14.726,68.373],[14.721,68.373],[14.7,68.371],[14.679,68.37],[14.664,68.369],[14.651,68.36],[14.63,68.357],[14.619,68.36],[14.6,68.362],[14.591,68.364],[14.587,68.369],[14.578,68.372],[14.569,68.38],[14.543,68.404],[14.462,68.421],[14.407,68.45],[14.181,68.459],[14.136,68.48],[13.959,68.503],[13.804,68.537],[13.492,68.605],[13.388,68.541],[13.699,68.473],[13.855,68.439],[14.01,68.355],[14.022,68.344],[14.013,68.333],[14.038,68.316],[14.05,68.287],[14.072,68.293],[14.105,68.293],[14.129,68.284],[14.155,68.272],[14.157,68.267],[14.173,68.263],[14.19,68.245],[14.158,68.22],[14.176,68.196],[14.154,68.177],[14.056,68.142],[14.024,68.094],[14.126,67.944],[14.784,68.056],[15.061,68.121],[15.217,68.175]]]}},{"type":"Feature","properties":{"id":408482,"maakond_id":604,"name":"Bø","bbox":[13.492,68.48,14.863,69.001]},"geometry":{"type":"Polygon","coordinates":[[[14.803,68.654],[14.803,68.669],[14.792,68.673],[14.788,68.683],[14.807,68.695],[14.816,68.697],[14.813,68.701],[14.824,68.709],[14.811,68.713],[14.813,68.717],[14.812,68.724],[14.816,68.726],[14.816,68.73],[14.834,68.728],[14.838,68.726],[14.862,68.725],[14.856,68.729],[14.846,68.733],[14.844,68.739],[14.853,68.743],[14.854,68.747],[14.863,68.751],[14.838,68.756],[14.838,68.759],[14.831,68.762],[14.817,68.762],[14.803,68.764],[14.78,68.766],[14.779,68.771],[14.763,68.773],[14.758,68.775],[14.742,68.777],[14.718,68.768],[14.707,68.772],[14.711,68.791],[14.74,68.808],[14.704,68.829],[14.708,68.831],[14.708,68.844],[14.681,68.862],[14.612,68.865],[14.567,68.879],[14.189,69.001],[13.892,68.873],[13.867,68.861],[13.84,68.846],[13.828,68.838],[13.807,68.822],[13.722,68.746],[13.492,68.605],[13.804,68.537],[13.959,68.503],[14.136,68.48],[14.466,68.565],[14.695,68.609],[14.732,68.639],[14.803,68.654]]]}},{"type":"Feature","properties":{"id":408483,"maakond_id":604,"name":"Øksnes","bbox":[14.189,68.724,15.384,69.316]},"geometry":{"type":"Polygon","coordinates":[[[14.862,68.725],[14.89,68.724],[14.927,68.725],[14.927,68.729],[14.935,68.737],[14.948,68.738],[14.973,68.746],[14.976,68.75],[14.993,68.757],[15.011,68.762],[15.017,68.767],[15.022,68.775],[15.051,68.783],[15.054,68.785],[15.073,68.781],[15.083,68.782],[15.091,68.784],[15.112,68.785],[15.128,68.789],[15.137,68.787],[15.151,68.787],[15.17,68.782],[15.191,68.785],[15.204,68.784],[15.203,68.788],[15.219,68.793],[15.213,68.796],[15.216,68.801],[15.24,68.808],[15.255,68.809],[15.275,68.817],[15.279,68.821],[15.272,68.824],[15.257,68.825],[15.253,68.827],[15.265,68.835],[15.276,68.838],[15.28,68.846],[15.308,68.86],[15.307,68.869],[15.327,68.881],[15.384,68.888],[15.353,69.151],[15.321,69.167],[15.022,69.316],[14.816,69.259],[14.787,69.251],[14.768,69.245],[14.734,69.231],[14.344,69.067],[14.189,69.001],[14.567,68.879],[14.612,68.865],[14.681,68.862],[14.708,68.844],[14.708,68.831],[14.704,68.829],[14.74,68.808],[14.711,68.791],[14.707,68.772],[14.718,68.768],[14.742,68.777],[14.758,68.775],[14.763,68.773],[14.779,68.771],[14.78,68.766],[14.803,68.764],[14.817,68.762],[14.831,68.762],[14.838,68.759],[14.838,68.756],[14.863,68.751],[14.854,68.747],[14.853,68.743],[14.844,68.739],[14.846,68.733],[14.856,68.729],[14.862,68.725]]]}},{"type":"Feature","properties":{"id":408484,"maakond_id":604,"name":"Sortland","bbox":[14.788,68.526,16.112,69.009]},"geometry":{"type":"Polygon","coordinates":[[[15.384,68.888],[15.327,68.881],[15.307,68.869],[15.308,68.86],[15.28,68.846],[15.276,68.838],[15.265,68.835],[15.253,68.827],[15.257,68.825],[15.272,68.824],[15.279,68.821],[15.275,68.817],[15.255,68.809],[15.24,68.808],[15.216,68.801],[15.213,68.796],[15.219,68.793],[15.203,68.788],[15.204,68.784],[15.191,68.785],[15.17,68.782],[15.151,68.787],[15.137,68.787],[15.128,68.789],[15.112,68.785],[15.091,68.784],[15.083,68.782],[15.073,68.781],[15.054,68.785],[15.051,68.783],[15.022,68.775],[15.017,68.767],[15.011,68.762],[14.993,68.757],[14.976,68.75],[14.973,68.746],[14.948,68.738],[14.935,68.737],[14.927,68.729],[14.927,68.725],[14.89,68.724],[14.862,68.725],[14.838,68.726],[14.834,68.728],[14.816,68.73],[14.816,68.726],[14.812,68.724],[14.813,68.717],[14.811,68.713],[14.824,68.709],[14.813,68.701],[14.816,68.697],[14.807,68.695],[14.788,68.683],[14.792,68.673],[14.803,68.669],[14.803,68.654],[14.972,68.686],[15.009,68.688],[15.035,68.673],[15.044,68.674],[15.051,68.673],[15.055,68.667],[15.047,68.662],[15.042,68.649],[15.037,68.647],[15.038,68.639],[15.034,68.636],[15.032,68.63],[15.056,68.634],[15.06,68.638],[15.078,68.64],[15.078,68.646],[15.109,68.646],[15.125,68.651],[15.132,68.657],[15.147,68.654],[15.159,68.647],[15.157,68.644],[15.162,68.638],[15.167,68.633],[15.176,68.63],[15.194,68.632],[15.199,68.627],[15.284,68.599],[15.295,68.582],[15.331,68.574],[15.334,68.57],[15.346,68.568],[15.346,68.566],[15.362,68.564],[15.371,68.556],[15.377,68.555],[15.399,68.555],[15.409,68.552],[15.408,68.549],[15.419,68.535],[15.419,68.532],[15.429,68.531],[15.435,68.526],[15.452,68.526],[15.452,68.53],[15.458,68.537],[15.469,68.539],[15.476,68.538],[15.491,68.539],[15.506,68.536],[15.515,68.539],[15.527,68.539],[15.532,68.543],[15.546,68.546],[15.556,68.546],[15.563,68.544],[15.569,68.538],[15.588,68.534],[15.596,68.536],[15.597,68.539],[15.611,68.543],[15.616,68.543],[15.62,68.547],[15.614,68.548],[15.613,68.553],[15.607,68.557],[15.608,68.563],[15.595,68.571],[15.603,68.572],[15.615,68.576],[15.633,68.576],[15.649,68.582],[15.668,68.587],[15.668,68.589],[15.675,68.597],[15.67,68.602],[15.66,68.606],[15.665,68.609],[15.663,68.614],[15.65,68.623],[15.645,68.633],[15.662,68.632],[15.678,68.637],[15.681,68.642],[15.701,68.648],[15.715,68.645],[15.725,68.645],[15.729,68.642],[15.74,68.641],[15.757,68.643],[15.768,68.65],[15.777,68.652],[15.782,68.656],[15.779,68.657],[15.791,68.668],[15.802,68.676],[15.79,68.678],[15.778,68.688],[15.792,68.7],[15.787,68.707],[15.798,68.709],[15.803,68.711],[15.844,68.709],[15.855,68.71],[15.88,68.709],[15.887,68.711],[15.893,68.719],[15.889,68.721],[15.89,68.728],[15.915,68.732],[15.928,68.73],[15.937,68.731],[15.958,68.74],[15.964,68.738],[15.972,68.74],[15.971,68.745],[15.979,68.751],[15.985,68.753],[15.997,68.754],[16.006,68.756],[16.046,68.758],[16.024,68.814],[15.939,68.811],[15.931,68.825],[15.947,68.851],[16.002,68.883],[16.026,68.909],[16.112,68.932],[16.052,69.009],[15.795,68.984],[15.85,68.967],[15.855,68.965],[15.865,68.957],[15.859,68.954],[15.859,68.95],[15.852,68.942],[15.844,68.938],[15.839,68.928],[15.834,68.926],[15.838,68.917],[15.845,68.914],[15.849,68.907],[15.855,68.904],[15.853,68.899],[15.861,68.891],[15.856,68.884],[15.845,68.882],[15.846,68.874],[15.842,68.868],[15.831,68.866],[15.822,68.862],[15.824,68.86],[15.842,68.853],[15.837,68.848],[15.835,68.84],[15.831,68.838],[15.826,68.832],[15.819,68.83],[15.825,68.819],[15.805,68.818],[15.796,68.822],[15.786,68.824],[15.754,68.812],[15.76,68.807],[15.769,68.803],[15.776,68.797],[15.794,68.795],[15.796,68.791],[15.782,68.79],[15.772,68.785],[15.775,68.781],[15.773,68.778],[15.752,68.773],[15.748,68.763],[15.748,68.762],[15.737,68.76],[15.719,68.762],[15.719,68.768],[15.716,68.77],[15.716,68.778],[15.712,68.78],[15.717,68.783],[15.714,68.792],[15.716,68.795],[15.713,68.8],[15.716,68.802],[15.708,68.806],[15.7,68.808],[15.693,68.813],[15.685,68.816],[15.662,68.816],[15.421,68.866],[15.384,68.888]]]}},{"type":"Feature","properties":{"id":409032,"maakond_id":604,"name":"Røst","bbox":[11.303,67.016,12.827,67.782]},"geometry":{"type":"Polygon","coordinates":[[[11.668,67.016],[12.106,67.079],[12.146,67.085],[12.344,67.125],[12.591,67.238],[12.73,67.275],[12.827,67.365],[12.567,67.482],[12.307,67.624],[12.281,67.637],[11.988,67.782],[11.697,67.696],[11.671,67.688],[11.621,67.671],[11.507,67.631],[11.486,67.623],[11.455,67.609],[11.427,67.595],[11.415,67.587],[11.392,67.571],[11.374,67.555],[11.36,67.538],[11.321,67.484],[11.313,67.471],[11.307,67.455],[11.303,67.437],[11.304,67.42],[11.306,67.411],[11.313,67.393],[11.324,67.375],[11.346,67.347],[11.359,67.331],[11.668,67.016]]]}},{"type":"Feature","properties":{"id":409033,"maakond_id":604,"name":"Værøy","bbox":[11.988,67.365,13.507,67.87]},"geometry":{"type":"Polygon","coordinates":[[[13.507,67.674],[13.156,67.761],[12.853,67.803],[12.671,67.811],[12.629,67.816],[12.167,67.87],[12.128,67.823],[11.988,67.782],[12.281,67.637],[12.307,67.624],[12.567,67.482],[12.827,67.365],[13.304,67.547],[13.507,67.674]]]}},{"type":"Feature","properties":{"id":409034,"maakond_id":604,"name":"Hadsel","bbox":[14.136,68.319,15.443,68.688]},"geometry":{"type":"Polygon","coordinates":[[[15.419,68.532],[15.419,68.535],[15.408,68.549],[15.409,68.552],[15.399,68.555],[15.377,68.555],[15.371,68.556],[15.362,68.564],[15.346,68.566],[15.346,68.568],[15.334,68.57],[15.331,68.574],[15.295,68.582],[15.284,68.599],[15.199,68.627],[15.194,68.632],[15.176,68.63],[15.167,68.633],[15.162,68.638],[15.157,68.644],[15.159,68.647],[15.147,68.654],[15.132,68.657],[15.125,68.651],[15.109,68.646],[15.078,68.646],[15.078,68.64],[15.06,68.638],[15.056,68.634],[15.032,68.63],[15.034,68.636],[15.038,68.639],[15.037,68.647],[15.042,68.649],[15.047,68.662],[15.055,68.667],[15.051,68.673],[15.044,68.674],[15.035,68.673],[15.009,68.688],[14.972,68.686],[14.803,68.654],[14.732,68.639],[14.695,68.609],[14.466,68.565],[14.136,68.48],[14.181,68.459],[14.407,68.45],[14.462,68.421],[14.543,68.404],[14.569,68.38],[14.578,68.372],[14.587,68.369],[14.591,68.364],[14.6,68.362],[14.619,68.36],[14.63,68.357],[14.651,68.36],[14.664,68.369],[14.679,68.37],[14.7,68.371],[14.721,68.373],[14.726,68.373],[14.733,68.367],[14.756,68.361],[14.772,68.358],[14.792,68.357],[14.793,68.355],[14.807,68.353],[14.812,68.348],[14.825,68.348],[14.836,68.347],[14.841,68.342],[14.832,68.338],[14.827,68.33],[14.848,68.328],[14.886,68.328],[14.908,68.327],[14.923,68.327],[14.951,68.319],[14.979,68.335],[15.011,68.335],[15.029,68.34],[15.041,68.333],[15.056,68.331],[15.068,68.338],[15.075,68.339],[15.088,68.339],[15.1,68.34],[15.114,68.349],[15.132,68.347],[15.143,68.35],[15.145,68.352],[15.145,68.357],[15.132,68.365],[15.132,68.371],[15.136,68.373],[15.147,68.376],[15.157,68.38],[15.16,68.384],[15.171,68.385],[15.18,68.389],[15.182,68.393],[15.192,68.399],[15.198,68.399],[15.211,68.397],[15.228,68.394],[15.234,68.401],[15.248,68.407],[15.268,68.408],[15.268,68.412],[15.283,68.416],[15.279,68.421],[15.283,68.422],[15.277,68.428],[15.279,68.431],[15.291,68.435],[15.3,68.44],[15.313,68.439],[15.317,68.441],[15.32,68.447],[15.341,68.447],[15.346,68.451],[15.366,68.452],[15.382,68.45],[15.388,68.447],[15.417,68.444],[15.428,68.448],[15.432,68.453],[15.443,68.456],[15.439,68.463],[15.427,68.475],[15.412,68.475],[15.407,68.477],[15.413,68.483],[15.418,68.485],[15.423,68.49],[15.421,68.493],[15.406,68.493],[15.411,68.498],[15.427,68.502],[15.428,68.504],[15.423,68.51],[15.424,68.514],[15.421,68.517],[15.409,68.519],[15.404,68.527],[15.41,68.53],[15.419,68.532]]]}},{"type":"Feature","properties":{"id":409036,"maakond_id":604,"name":"Evenes","bbox":[16.553,68.417,17.362,68.573]},"geometry":{"type":"Polygon","coordinates":[[[17.338,68.562],[17.236,68.559],[17.196,68.557],[17.186,68.559],[17.138,68.561],[16.975,68.568],[16.942,68.569],[16.867,68.573],[16.803,68.545],[16.797,68.545],[16.785,68.538],[16.769,68.536],[16.764,68.534],[16.753,68.527],[16.745,68.526],[16.747,68.522],[16.737,68.52],[16.714,68.511],[16.668,68.504],[16.629,68.499],[16.623,68.499],[16.578,68.502],[16.568,68.502],[16.554,68.49],[16.553,68.476],[16.561,68.468],[16.553,68.46],[16.567,68.455],[16.557,68.447],[16.568,68.434],[16.633,68.439],[16.807,68.441],[16.974,68.417],[17.205,68.426],[17.362,68.466],[17.314,68.483],[17.288,68.495],[17.254,68.485],[17.248,68.486],[17.261,68.517],[17.27,68.533],[17.283,68.534],[17.286,68.532],[17.299,68.538],[17.328,68.554],[17.338,68.562]]]}},{"type":"Feature","properties":{"id":409037,"maakond_id":604,"name":"Bodø","bbox":[12.73,66.921,15.365,67.7]},"geometry":{"type":"Polygon","coordinates":[[[12.827,67.365],[12.73,67.275],[13.296,67.167],[13.597,67.236],[13.731,67.242],[13.863,67.209],[13.902,67.186],[14.05,67.198],[14.177,67.227],[14.296,67.226],[14.328,67.191],[14.306,67.171],[14.307,67.155],[14.331,67.158],[14.37,67.156],[14.382,67.147],[14.388,67.147],[14.395,67.143],[14.383,67.138],[14.406,67.129],[14.421,67.126],[14.441,67.124],[14.44,67.121],[14.445,67.119],[14.466,67.118],[14.484,67.123],[14.495,67.116],[14.512,67.112],[14.522,67.108],[14.547,67.102],[14.577,67.11],[14.592,67.116],[14.601,67.116],[14.608,67.118],[14.616,67.117],[14.624,67.117],[14.647,67.123],[14.661,67.127],[14.679,67.114],[14.675,67.106],[14.704,67.094],[14.711,67.087],[14.711,67.083],[14.716,67.08],[14.727,67.081],[14.732,67.083],[14.744,67.087],[14.769,67.068],[14.913,67.034],[14.917,67.031],[14.954,66.996],[14.993,66.96],[15.022,66.929],[15.023,66.926],[15.035,66.921],[15.04,66.921],[15.046,66.934],[15.05,66.941],[15.057,66.95],[15.075,66.957],[15.111,66.959],[15.127,66.994],[15.141,66.999],[15.149,67.004],[15.154,67.009],[15.173,67.014],[15.176,67.033],[15.188,67.05],[15.173,67.062],[15.168,67.062],[15.161,67.065],[15.177,67.077],[15.182,67.082],[15.193,67.084],[15.202,67.088],[15.202,67.091],[15.211,67.096],[15.22,67.096],[15.219,67.103],[15.226,67.106],[15.227,67.113],[15.22,67.118],[15.227,67.123],[15.228,67.127],[15.236,67.138],[15.247,67.146],[15.253,67.149],[15.264,67.151],[15.276,67.16],[15.295,67.167],[15.298,67.17],[15.327,67.169],[15.338,67.176],[15.353,67.178],[15.36,67.18],[15.365,67.185],[15.361,67.187],[15.352,67.188],[15.361,67.203],[15.233,67.227],[15.2,67.239],[15.172,67.234],[15.106,67.253],[15.039,67.254],[14.969,67.27],[15.078,67.297],[15.05,67.322],[15.046,67.332],[15.039,67.344],[15.068,67.349],[15.087,67.35],[15.083,67.355],[15.076,67.357],[15.079,67.362],[15.098,67.36],[15.109,67.362],[15.123,67.36],[15.132,67.36],[15.136,67.364],[15.15,67.372],[15.161,67.375],[15.168,67.375],[15.164,67.385],[15.166,67.388],[15.175,67.391],[15.18,67.394],[15.166,67.402],[15.168,67.41],[15.137,67.412],[15.133,67.414],[15.12,67.415],[15.119,67.417],[15.109,67.419],[15.088,67.423],[15.097,67.426],[15.098,67.431],[15.095,67.437],[15.102,67.444],[15.088,67.453],[15.091,67.456],[15.086,67.458],[15.082,67.463],[15.082,67.469],[15.078,67.471],[15.087,67.477],[15.07,67.481],[15.064,67.484],[15.067,67.489],[15.088,67.493],[15.097,67.498],[15.109,67.498],[15.125,67.5],[15.131,67.503],[15.136,67.511],[15.141,67.515],[15.162,67.515],[15.159,67.517],[15.171,67.522],[15.176,67.527],[15.176,67.534],[15.188,67.548],[15.182,67.572],[15.074,67.617],[14.884,67.614],[14.786,67.635],[14.62,67.623],[14.435,67.59],[14.132,67.587],[13.595,67.7],[13.507,67.674],[13.304,67.547],[12.827,67.365]]]}},{"type":"Feature","properties":{"id":409038,"maakond_id":604,"name":"Gildeskål","bbox":[13.296,66.769,14.41,67.242]},"geometry":{"type":"Polygon","coordinates":[[[14.383,67.138],[14.395,67.143],[14.388,67.147],[14.382,67.147],[14.37,67.156],[14.331,67.158],[14.307,67.155],[14.306,67.171],[14.328,67.191],[14.296,67.226],[14.177,67.227],[14.05,67.198],[13.902,67.186],[13.863,67.209],[13.731,67.242],[13.597,67.236],[13.296,67.167],[13.378,67.047],[13.565,67.005],[13.571,66.971],[13.629,66.964],[13.623,66.947],[13.621,66.944],[13.63,66.943],[13.638,66.938],[13.661,66.934],[13.684,66.928],[13.718,66.926],[13.727,66.927],[13.746,66.925],[13.755,66.924],[13.767,66.922],[13.778,66.923],[13.79,66.921],[13.807,66.921],[13.826,66.92],[13.836,66.922],[13.852,66.928],[13.856,66.931],[13.866,66.925],[13.87,66.92],[13.882,66.919],[13.91,66.919],[13.914,66.921],[13.93,66.926],[13.942,66.92],[13.94,66.912],[13.942,66.908],[13.947,66.906],[13.956,66.908],[13.957,66.903],[13.963,66.898],[13.956,66.894],[13.944,66.893],[13.941,66.891],[13.925,66.89],[13.923,66.888],[13.931,66.883],[13.952,66.876],[13.957,66.871],[13.956,66.862],[13.997,66.846],[14.022,66.849],[14.027,66.848],[14.023,66.843],[14.027,66.839],[14.026,66.834],[14.041,66.835],[14.051,66.837],[14.058,66.84],[14.106,66.836],[14.129,66.832],[14.136,66.828],[14.128,66.824],[14.133,66.816],[14.128,66.813],[14.118,66.812],[14.113,66.805],[14.173,66.787],[14.169,66.778],[14.173,66.775],[14.182,66.776],[14.192,66.773],[14.194,66.77],[14.218,66.769],[14.218,66.772],[14.273,66.793],[14.355,66.795],[14.387,66.817],[14.386,66.818],[14.334,66.836],[14.329,66.841],[14.33,66.846],[14.326,66.85],[14.336,66.857],[14.341,66.867],[14.349,66.87],[14.339,66.873],[14.341,66.876],[14.332,66.895],[14.332,66.907],[14.342,66.922],[14.316,66.939],[14.315,66.942],[14.317,66.947],[14.327,66.952],[14.33,66.962],[14.324,66.963],[14.309,66.968],[14.312,66.976],[14.322,66.98],[14.327,66.983],[14.326,66.999],[14.329,67.004],[14.33,67.012],[14.339,67.016],[14.339,67.02],[14.346,67.028],[14.361,67.035],[14.363,67.039],[14.4,67.049],[14.41,67.054],[14.41,67.056],[14.393,67.06],[14.371,67.068],[14.367,67.078],[14.363,67.081],[14.355,67.08],[14.345,67.085],[14.354,67.09],[14.351,67.094],[14.343,67.094],[14.337,67.097],[14.338,67.104],[14.346,67.114],[14.358,67.121],[14.365,67.122],[14.369,67.127],[14.375,67.13],[14.377,67.135],[14.383,67.138]]]}},{"type":"Feature","properties":{"id":409039,"maakond_id":604,"name":"Beiarn","bbox":[14.309,66.646,15.023,67.138]},"geometry":{"type":"Polygon","coordinates":[[[15.023,66.926],[15.022,66.929],[14.993,66.96],[14.954,66.996],[14.917,67.031],[14.913,67.034],[14.769,67.068],[14.744,67.087],[14.732,67.083],[14.727,67.081],[14.716,67.08],[14.711,67.083],[14.711,67.087],[14.704,67.094],[14.675,67.106],[14.679,67.114],[14.661,67.127],[14.647,67.123],[14.624,67.117],[14.616,67.117],[14.608,67.118],[14.601,67.116],[14.592,67.116],[14.577,67.11],[14.547,67.102],[14.522,67.108],[14.512,67.112],[14.495,67.116],[14.484,67.123],[14.466,67.118],[14.445,67.119],[14.44,67.121],[14.441,67.124],[14.421,67.126],[14.406,67.129],[14.383,67.138],[14.377,67.135],[14.375,67.13],[14.369,67.127],[14.365,67.122],[14.358,67.121],[14.346,67.114],[14.338,67.104],[14.337,67.097],[14.343,67.094],[14.351,67.094],[14.354,67.09],[14.345,67.085],[14.355,67.08],[14.363,67.081],[14.367,67.078],[14.371,67.068],[14.393,67.06],[14.41,67.056],[14.41,67.054],[14.4,67.049],[14.363,67.039],[14.361,67.035],[14.346,67.028],[14.339,67.02],[14.339,67.016],[14.33,67.012],[14.329,67.004],[14.326,66.999],[14.327,66.983],[14.322,66.98],[14.312,66.976],[14.309,66.968],[14.324,66.963],[14.33,66.962],[14.327,66.952],[14.317,66.947],[14.315,66.942],[14.316,66.939],[14.342,66.922],[14.332,66.907],[14.332,66.895],[14.341,66.876],[14.339,66.873],[14.349,66.87],[14.341,66.867],[14.336,66.857],[14.326,66.85],[14.33,66.846],[14.329,66.841],[14.334,66.836],[14.386,66.818],[14.387,66.817],[14.355,66.795],[14.364,66.788],[14.387,66.787],[14.397,66.774],[14.386,66.769],[14.352,66.757],[14.33,66.753],[14.342,66.739],[14.384,66.726],[14.418,66.732],[14.419,66.715],[14.417,66.714],[14.367,66.693],[14.367,66.689],[14.376,66.684],[14.386,66.682],[14.404,66.68],[14.431,66.673],[14.462,66.677],[14.481,66.677],[14.504,66.685],[14.524,66.688],[14.563,66.696],[14.599,66.699],[14.617,66.703],[14.609,66.719],[14.616,66.73],[14.647,66.735],[14.656,66.741],[14.672,66.745],[14.675,66.75],[14.681,66.752],[14.701,66.755],[14.719,66.75],[14.725,66.737],[14.726,66.731],[14.715,66.722],[14.717,66.696],[14.722,66.691],[14.734,66.687],[14.759,66.659],[14.744,66.651],[14.78,66.646],[14.782,66.646],[14.786,66.656],[14.82,66.656],[14.831,66.658],[14.835,66.669],[14.854,66.664],[14.875,66.657],[14.881,66.655],[14.899,66.662],[14.902,66.664],[14.904,66.675],[14.939,66.68],[14.991,66.681],[14.993,66.681],[14.997,66.691],[14.99,66.699],[15.002,66.71],[14.995,66.726],[14.991,66.739],[14.987,66.748],[14.986,66.761],[14.981,66.774],[14.982,66.777],[14.991,66.816],[14.992,66.821],[14.97,66.845],[14.971,66.849],[14.987,66.859],[14.986,66.866],[14.981,66.878],[14.985,66.884],[15.007,66.898],[15.007,66.904],[15.004,66.906],[15.01,66.923],[15.023,66.926]]]}},{"type":"Feature","properties":{"id":409040,"maakond_id":604,"name":"Meløy","bbox":[12.344,66.62,14.419,67.275]},"geometry":{"type":"Polygon","coordinates":[[[14.355,66.795],[14.273,66.793],[14.218,66.772],[14.218,66.769],[14.194,66.77],[14.192,66.773],[14.182,66.776],[14.173,66.775],[14.169,66.778],[14.173,66.787],[14.113,66.805],[14.118,66.812],[14.128,66.813],[14.133,66.816],[14.128,66.824],[14.136,66.828],[14.129,66.832],[14.106,66.836],[14.058,66.84],[14.051,66.837],[14.041,66.835],[14.026,66.834],[14.027,66.839],[14.023,66.843],[14.027,66.848],[14.022,66.849],[13.997,66.846],[13.956,66.862],[13.957,66.871],[13.952,66.876],[13.931,66.883],[13.923,66.888],[13.925,66.89],[13.941,66.891],[13.944,66.893],[13.956,66.894],[13.963,66.898],[13.957,66.903],[13.956,66.908],[13.947,66.906],[13.942,66.908],[13.94,66.912],[13.942,66.92],[13.93,66.926],[13.914,66.921],[13.91,66.919],[13.882,66.919],[13.87,66.92],[13.866,66.925],[13.856,66.931],[13.852,66.928],[13.836,66.922],[13.826,66.92],[13.807,66.921],[13.79,66.921],[13.778,66.923],[13.767,66.922],[13.755,66.924],[13.746,66.925],[13.727,66.927],[13.718,66.926],[13.684,66.928],[13.661,66.934],[13.638,66.938],[13.63,66.943],[13.621,66.944],[13.623,66.947],[13.629,66.964],[13.571,66.971],[13.565,67.005],[13.378,67.047],[13.296,67.167],[12.73,67.275],[12.591,67.238],[12.344,67.125],[12.883,66.9],[12.869,66.807],[13.04,66.746],[13.122,66.767],[13.204,66.781],[13.239,66.777],[13.213,66.74],[13.376,66.743],[13.38,66.734],[13.382,66.725],[13.386,66.714],[13.396,66.712],[13.422,66.713],[13.438,66.712],[13.448,66.71],[13.447,66.703],[13.462,66.703],[13.467,66.702],[13.49,66.702],[13.509,66.7],[13.518,66.696],[13.525,66.691],[13.535,66.689],[13.552,66.684],[13.572,66.684],[13.599,66.682],[13.602,66.679],[13.617,66.678],[13.626,66.676],[13.646,66.665],[13.666,66.664],[13.671,66.665],[13.678,66.664],[13.721,66.664],[13.765,66.649],[13.816,66.631],[13.841,66.629],[13.872,66.625],[13.917,66.62],[13.935,66.624],[13.949,66.63],[13.971,66.626],[13.981,66.626],[13.992,66.628],[14.002,66.628],[14.009,66.63],[14.016,66.637],[14.057,66.654],[14.092,66.668],[14.107,66.669],[14.131,66.669],[14.149,66.667],[14.175,66.666],[14.214,66.656],[14.215,66.651],[14.212,66.633],[14.211,66.628],[14.215,66.624],[14.223,66.626],[14.307,66.653],[14.348,66.668],[14.345,66.684],[14.357,66.687],[14.367,66.693],[14.417,66.714],[14.419,66.715],[14.418,66.732],[14.384,66.726],[14.342,66.739],[14.33,66.753],[14.352,66.757],[14.386,66.769],[14.397,66.774],[14.387,66.787],[14.364,66.788],[14.355,66.795]]]}},{"type":"Feature","properties":{"id":409041,"maakond_id":604,"name":"Lødingen","bbox":[15.126,68.175,16.161,68.614]},"geometry":{"type":"Polygon","coordinates":[[[16.024,68.577],[15.998,68.585],[16.008,68.588],[16.003,68.596],[15.987,68.6],[15.98,68.603],[15.977,68.607],[15.962,68.614],[15.956,68.61],[15.946,68.61],[15.943,68.607],[15.944,68.603],[15.933,68.601],[15.928,68.591],[15.929,68.583],[15.921,68.58],[15.91,68.572],[15.906,68.563],[15.889,68.559],[15.889,68.557],[15.895,68.548],[15.892,68.54],[15.891,68.534],[15.872,68.533],[15.829,68.534],[15.816,68.524],[15.805,68.517],[15.785,68.512],[15.779,68.505],[15.769,68.505],[15.759,68.504],[15.753,68.5],[15.758,68.497],[15.757,68.492],[15.742,68.491],[15.715,68.485],[15.704,68.482],[15.694,68.475],[15.686,68.472],[15.691,68.464],[15.675,68.458],[15.66,68.455],[15.65,68.45],[15.649,68.443],[15.63,68.449],[15.618,68.453],[15.615,68.459],[15.623,68.464],[15.634,68.466],[15.632,68.47],[15.643,68.473],[15.654,68.474],[15.665,68.479],[15.675,68.486],[15.663,68.498],[15.671,68.501],[15.666,68.504],[15.665,68.509],[15.668,68.511],[15.656,68.515],[15.65,68.526],[15.632,68.528],[15.627,68.531],[15.63,68.537],[15.622,68.542],[15.616,68.543],[15.611,68.543],[15.597,68.539],[15.596,68.536],[15.588,68.534],[15.569,68.538],[15.563,68.544],[15.556,68.546],[15.546,68.546],[15.532,68.543],[15.527,68.539],[15.515,68.539],[15.506,68.536],[15.491,68.539],[15.476,68.538],[15.469,68.539],[15.458,68.537],[15.452,68.53],[15.452,68.526],[15.435,68.526],[15.429,68.531],[15.419,68.532],[15.41,68.53],[15.404,68.527],[15.409,68.519],[15.421,68.517],[15.424,68.514],[15.423,68.51],[15.428,68.504],[15.427,68.502],[15.411,68.498],[15.406,68.493],[15.421,68.493],[15.423,68.49],[15.418,68.485],[15.413,68.483],[15.407,68.477],[15.412,68.475],[15.427,68.475],[15.439,68.463],[15.443,68.456],[15.432,68.453],[15.428,68.448],[15.417,68.444],[15.388,68.447],[15.382,68.45],[15.366,68.452],[15.346,68.451],[15.341,68.447],[15.32,68.447],[15.317,68.441],[15.313,68.439],[15.3,68.44],[15.291,68.435],[15.279,68.431],[15.277,68.428],[15.283,68.422],[15.279,68.421],[15.283,68.416],[15.268,68.412],[15.268,68.408],[15.248,68.407],[15.234,68.401],[15.228,68.394],[15.211,68.397],[15.198,68.399],[15.192,68.399],[15.182,68.393],[15.18,68.389],[15.171,68.385],[15.16,68.384],[15.157,68.38],[15.147,68.376],[15.136,68.373],[15.132,68.371],[15.132,68.365],[15.145,68.357],[15.145,68.352],[15.159,68.352],[15.167,68.349],[15.175,68.349],[15.212,68.353],[15.219,68.353],[15.234,68.356],[15.249,68.354],[15.272,68.348],[15.26,68.334],[15.126,68.29],[15.19,68.283],[15.164,68.261],[15.177,68.214],[15.217,68.175],[15.353,68.205],[15.795,68.248],[15.815,68.287],[15.901,68.315],[16.03,68.377],[16.04,68.422],[16.161,68.522],[16.126,68.525],[16.125,68.539],[16.106,68.539],[16.081,68.537],[16.064,68.532],[16.052,68.53],[16.008,68.541],[16.006,68.547],[15.997,68.551],[15.997,68.556],[16.007,68.559],[16.03,68.568],[16.027,68.57],[16.028,68.574],[16.024,68.577]]]}},{"type":"Feature","properties":{"id":409073,"maakond_id":612,"name":"Høyanger","bbox":[5.374,60.952,6.411,61.298]},"geometry":{"type":"Polygon","coordinates":[[[6.336,61.297],[6.315,61.296],[6.308,61.298],[6.299,61.295],[6.292,61.297],[6.284,61.295],[6.271,61.292],[6.258,61.293],[6.254,61.293],[6.232,61.291],[6.222,61.286],[6.218,61.286],[6.211,61.282],[6.198,61.276],[6.176,61.263],[6.144,61.281],[6.147,61.291],[6.098,61.291],[6.057,61.284],[5.999,61.288],[5.918,61.286],[5.908,61.274],[5.88,61.266],[5.873,61.268],[5.873,61.262],[5.869,61.255],[5.865,61.253],[5.861,61.248],[5.849,61.25],[5.841,61.252],[5.835,61.245],[5.832,61.24],[5.815,61.241],[5.805,61.238],[5.799,61.235],[5.788,61.238],[5.789,61.24],[5.776,61.242],[5.741,61.244],[5.73,61.246],[5.709,61.239],[5.696,61.232],[5.677,61.227],[5.665,61.226],[5.658,61.221],[5.651,61.218],[5.651,61.208],[5.637,61.208],[5.634,61.201],[5.633,61.19],[5.63,61.187],[5.616,61.182],[5.605,61.186],[5.602,61.183],[5.589,61.18],[5.565,61.188],[5.549,61.196],[5.525,61.199],[5.508,61.203],[5.487,61.207],[5.474,61.206],[5.464,61.208],[5.446,61.207],[5.445,61.199],[5.442,61.192],[5.44,61.19],[5.449,61.18],[5.445,61.177],[5.445,61.165],[5.433,61.157],[5.431,61.154],[5.434,61.14],[5.439,61.139],[5.441,61.128],[5.451,61.119],[5.448,61.112],[5.432,61.108],[5.425,61.105],[5.422,61.088],[5.411,61.084],[5.41,61.082],[5.418,61.08],[5.411,61.077],[5.401,61.074],[5.395,61.07],[5.374,61.052],[5.418,61.047],[5.499,61.079],[5.581,61.093],[5.606,61.08],[5.603,61.076],[5.595,61.071],[5.59,61.065],[5.581,61.062],[5.58,61.058],[5.6,61.058],[5.607,61.054],[5.606,61.05],[5.592,61.044],[5.592,61.038],[5.585,61.033],[5.585,61.029],[5.598,61.022],[5.61,61.008],[5.613,60.999],[5.624,60.995],[5.625,60.992],[5.621,60.987],[5.62,60.977],[5.649,60.98],[5.669,60.963],[5.681,60.962],[5.706,60.956],[5.71,60.963],[5.715,60.966],[5.73,60.972],[5.764,60.979],[5.799,60.986],[5.81,60.977],[5.858,60.952],[5.865,60.952],[5.886,60.952],[5.892,60.965],[5.901,60.981],[5.916,60.998],[5.929,61.012],[5.942,61.009],[5.993,61.023],[6.017,61.035],[6.049,61.028],[6.076,61],[6.094,60.993],[6.125,60.99],[6.131,60.987],[6.149,60.984],[6.156,60.988],[6.16,60.997],[6.153,61.025],[6.165,61.04],[6.168,61.052],[6.184,61.064],[6.164,61.102],[6.168,61.107],[6.172,61.117],[6.178,61.117],[6.194,61.138],[6.251,61.12],[6.341,61.097],[6.359,61.114],[6.372,61.119],[6.373,61.13],[6.378,61.133],[6.38,61.139],[6.38,61.145],[6.383,61.148],[6.372,61.149],[6.365,61.153],[6.373,61.162],[6.378,61.166],[6.396,61.175],[6.411,61.194],[6.284,61.221],[6.256,61.22],[6.257,61.225],[6.252,61.231],[6.258,61.232],[6.304,61.237],[6.312,61.24],[6.325,61.242],[6.335,61.242],[6.365,61.237],[6.379,61.242],[6.388,61.239],[6.404,61.249],[6.411,61.256],[6.405,61.256],[6.401,61.26],[6.392,61.261],[6.387,61.263],[6.374,61.266],[6.357,61.275],[6.346,61.278],[6.346,61.284],[6.34,61.285],[6.337,61.291],[6.339,61.293],[6.336,61.297]]]}},{"type":"Feature","properties":{"id":409074,"maakond_id":612,"name":"Vik","bbox":[6.136,60.881,7.03,61.191]},"geometry":{"type":"Polygon","coordinates":[[[6.341,61.097],[6.251,61.12],[6.194,61.138],[6.178,61.117],[6.172,61.117],[6.168,61.107],[6.164,61.102],[6.184,61.064],[6.168,61.052],[6.165,61.04],[6.153,61.025],[6.16,60.997],[6.156,60.988],[6.149,60.984],[6.141,60.972],[6.14,60.965],[6.136,60.938],[6.157,60.922],[6.178,60.919],[6.21,60.914],[6.263,60.894],[6.304,60.881],[6.329,60.895],[6.347,60.904],[6.387,60.929],[6.414,60.924],[6.427,60.923],[6.439,60.923],[6.448,60.925],[6.461,60.932],[6.47,60.941],[6.479,60.947],[6.491,60.947],[6.5,60.945],[6.504,60.936],[6.506,60.928],[6.513,60.922],[6.504,60.916],[6.5,60.91],[6.522,60.904],[6.542,60.892],[6.572,60.895],[6.594,60.91],[6.601,60.917],[6.64,60.92],[6.657,60.926],[6.667,60.934],[6.657,60.96],[6.69,60.957],[6.694,60.956],[6.696,60.951],[6.703,60.949],[6.709,60.944],[6.71,60.937],[6.72,60.929],[6.727,60.931],[6.75,60.934],[6.745,60.937],[6.749,60.941],[6.749,60.944],[6.758,60.947],[6.768,60.95],[6.774,60.953],[6.769,60.959],[6.774,60.964],[6.782,60.967],[6.786,60.97],[6.776,60.975],[6.774,60.985],[6.785,60.99],[6.793,60.992],[6.803,60.995],[6.799,60.999],[6.815,61.001],[6.834,61.001],[6.849,61.006],[6.862,61.007],[6.875,61.01],[6.919,61.012],[6.951,61.012],[6.98,61.012],[7.004,61.026],[7.016,61.031],[7.028,61.033],[7.023,61.049],[7.03,61.06],[6.999,61.092],[6.961,61.099],[6.917,61.102],[6.906,61.135],[6.877,61.157],[6.835,61.164],[6.71,61.167],[6.654,61.191],[6.589,61.188],[6.584,61.149],[6.568,61.126],[6.513,61.113],[6.484,61.099],[6.37,61.09],[6.341,61.097]]]}},{"type":"Feature","properties":{"id":409075,"maakond_id":612,"name":"Aurland","bbox":[6.721,60.676,7.75,61.066]},"geometry":{"type":"Polygon","coordinates":[[[7.75,60.842],[7.718,60.849],[7.686,60.858],[7.649,60.886],[7.605,60.913],[7.539,60.942],[7.509,60.958],[7.474,60.961],[7.42,60.985],[7.394,60.979],[7.384,60.979],[7.379,60.976],[7.367,60.978],[7.359,60.981],[7.354,60.981],[7.343,61.005],[7.335,61.009],[7.331,61.021],[7.331,61.027],[7.336,61.04],[7.323,61.04],[7.319,61.036],[7.311,61.032],[7.306,61.032],[7.284,61.029],[7.206,61.041],[7.199,61.047],[7.176,61.066],[7.137,61.066],[7.106,61.053],[7.087,61.046],[7.083,61.046],[7.078,61.052],[7.081,61.06],[7.06,61.061],[7.057,61.06],[7.03,61.06],[7.023,61.049],[7.028,61.033],[7.016,61.031],[7.004,61.026],[6.98,61.012],[6.951,61.012],[6.919,61.012],[6.875,61.01],[6.862,61.007],[6.849,61.006],[6.834,61.001],[6.815,61.001],[6.799,60.999],[6.803,60.995],[6.793,60.992],[6.785,60.99],[6.774,60.985],[6.776,60.975],[6.786,60.97],[6.782,60.967],[6.774,60.964],[6.769,60.959],[6.774,60.953],[6.768,60.95],[6.758,60.947],[6.749,60.944],[6.749,60.941],[6.745,60.937],[6.75,60.934],[6.75,60.931],[6.746,60.923],[6.75,60.915],[6.751,60.91],[6.757,60.909],[6.771,60.911],[6.779,60.915],[6.794,60.923],[6.801,60.923],[6.809,60.92],[6.805,60.914],[6.823,60.912],[6.826,60.901],[6.826,60.896],[6.82,60.892],[6.801,60.888],[6.795,60.885],[6.774,60.88],[6.762,60.879],[6.754,60.876],[6.754,60.872],[6.749,60.871],[6.742,60.862],[6.735,60.858],[6.734,60.854],[6.721,60.853],[6.724,60.843],[6.729,60.839],[6.745,60.834],[6.754,60.837],[6.76,60.834],[6.768,60.834],[6.784,60.831],[6.798,60.834],[6.808,60.837],[6.831,60.837],[6.864,60.856],[6.881,60.854],[6.912,60.848],[6.949,60.841],[6.935,60.827],[6.88,60.826],[6.895,60.816],[6.891,60.804],[6.891,60.799],[6.883,60.786],[6.88,60.777],[6.871,60.768],[6.888,60.77],[6.903,60.77],[6.922,60.775],[6.981,60.769],[6.977,60.763],[6.982,60.748],[6.986,60.741],[6.988,60.735],[6.985,60.727],[6.986,60.719],[6.995,60.716],[7.002,60.719],[7.013,60.719],[7.025,60.711],[7.095,60.709],[7.125,60.696],[7.131,60.693],[7.152,60.693],[7.167,60.692],[7.179,60.697],[7.183,60.701],[7.225,60.701],[7.253,60.697],[7.274,60.695],[7.318,60.69],[7.334,60.686],[7.463,60.676],[7.47,60.676],[7.615,60.744],[7.685,60.732],[7.704,60.739],[7.713,60.75],[7.726,60.761],[7.722,60.79],[7.704,60.793],[7.718,60.809],[7.75,60.842]]]}},{"type":"Feature","properties":{"id":409076,"maakond_id":612,"name":"Lærdal","bbox":[6.999,60.842,8.283,61.235]},"geometry":{"type":"Polygon","coordinates":[[[7.75,60.842],[7.775,60.867],[7.803,60.897],[7.852,60.92],[7.879,60.924],[7.913,60.91],[7.935,60.897],[7.98,60.902],[8.041,60.893],[8.091,60.934],[8.138,60.973],[8.152,60.979],[8.154,60.982],[8.17,60.978],[8.184,60.969],[8.209,60.97],[8.223,60.968],[8.233,60.994],[8.221,61],[8.221,61.004],[8.229,61.009],[8.247,61.01],[8.257,61.009],[8.265,61.017],[8.283,61.033],[8.24,61.05],[8.214,61.054],[8.252,61.074],[8.247,61.077],[8.237,61.079],[8.225,61.085],[8.224,61.088],[8.213,61.092],[8.2,61.094],[8.195,61.096],[8.144,61.11],[8.134,61.11],[8.136,61.116],[8.127,61.123],[8.083,61.162],[8.076,61.18],[8.064,61.179],[8.048,61.174],[8.044,61.181],[8.061,61.193],[8.056,61.201],[8.051,61.212],[8.053,61.22],[8.045,61.222],[8.031,61.222],[8.017,61.226],[8.008,61.23],[8.007,61.235],[7.978,61.235],[7.947,61.23],[7.944,61.219],[7.96,61.209],[7.916,61.203],[7.912,61.179],[7.897,61.171],[7.869,61.165],[7.834,61.166],[7.784,61.151],[7.79,61.142],[7.818,61.139],[7.832,61.127],[7.813,61.12],[7.784,61.119],[7.718,61.116],[7.656,61.111],[7.613,61.121],[7.588,61.14],[7.564,61.14],[7.524,61.145],[7.513,61.147],[7.473,61.147],[7.488,61.167],[7.494,61.17],[7.49,61.174],[7.486,61.182],[7.475,61.192],[7.451,61.188],[7.43,61.183],[7.415,61.17],[7.36,61.154],[7.333,61.139],[7.25,61.159],[7.212,61.153],[7.201,61.132],[7.037,61.119],[6.999,61.092],[7.03,61.06],[7.057,61.06],[7.06,61.061],[7.081,61.06],[7.078,61.052],[7.083,61.046],[7.087,61.046],[7.106,61.053],[7.137,61.066],[7.176,61.066],[7.199,61.047],[7.206,61.041],[7.284,61.029],[7.306,61.032],[7.311,61.032],[7.319,61.036],[7.323,61.04],[7.336,61.04],[7.331,61.027],[7.331,61.021],[7.335,61.009],[7.343,61.005],[7.354,60.981],[7.359,60.981],[7.367,60.978],[7.379,60.976],[7.384,60.979],[7.394,60.979],[7.42,60.985],[7.474,60.961],[7.509,60.958],[7.539,60.942],[7.605,60.913],[7.649,60.886],[7.686,60.858],[7.718,60.849],[7.75,60.842]]]}},{"type":"Feature","properties":{"id":409077,"maakond_id":612,"name":"Årdal","bbox":[7.378,61.111,8.251,61.461]},"geometry":{"type":"Polygon","coordinates":[[[8.15,61.427],[7.985,61.43],[7.927,61.444],[7.9,61.455],[7.872,61.461],[7.844,61.455],[7.844,61.45],[7.84,61.445],[7.828,61.443],[7.801,61.442],[7.796,61.432],[7.761,61.434],[7.739,61.431],[7.671,61.447],[7.645,61.441],[7.615,61.425],[7.659,61.401],[7.657,61.396],[7.662,61.393],[7.66,61.388],[7.664,61.383],[7.648,61.377],[7.656,61.37],[7.647,61.365],[7.603,61.337],[7.607,61.33],[7.616,61.327],[7.62,61.322],[7.609,61.315],[7.603,61.314],[7.593,61.316],[7.587,61.316],[7.588,61.32],[7.581,61.324],[7.566,61.325],[7.557,61.328],[7.539,61.327],[7.524,61.328],[7.515,61.327],[7.512,61.321],[7.514,61.315],[7.513,61.312],[7.503,61.309],[7.503,61.306],[7.498,61.305],[7.495,61.3],[7.486,61.299],[7.481,61.296],[7.475,61.296],[7.457,61.288],[7.46,61.278],[7.453,61.27],[7.448,61.263],[7.45,61.261],[7.447,61.255],[7.442,61.252],[7.437,61.251],[7.429,61.247],[7.429,61.243],[7.434,61.24],[7.434,61.233],[7.444,61.22],[7.44,61.217],[7.424,61.216],[7.407,61.211],[7.378,61.199],[7.407,61.192],[7.43,61.183],[7.451,61.188],[7.475,61.192],[7.486,61.182],[7.49,61.174],[7.494,61.17],[7.488,61.167],[7.473,61.147],[7.513,61.147],[7.524,61.145],[7.564,61.14],[7.588,61.14],[7.613,61.121],[7.656,61.111],[7.718,61.116],[7.784,61.119],[7.813,61.12],[7.832,61.127],[7.818,61.139],[7.79,61.142],[7.784,61.151],[7.834,61.166],[7.869,61.165],[7.897,61.171],[7.912,61.179],[7.916,61.203],[7.96,61.209],[7.944,61.219],[7.947,61.23],[7.978,61.235],[8.007,61.235],[8.022,61.235],[8.051,61.233],[8.067,61.248],[8.11,61.26],[8.136,61.269],[8.142,61.275],[8.133,61.278],[8.141,61.279],[8.151,61.286],[8.161,61.291],[8.166,61.298],[8.175,61.303],[8.177,61.305],[8.187,61.303],[8.193,61.305],[8.205,61.304],[8.211,61.305],[8.212,61.308],[8.222,61.308],[8.222,61.312],[8.219,61.314],[8.219,61.318],[8.228,61.314],[8.244,61.321],[8.24,61.325],[8.244,61.33],[8.251,61.334],[8.251,61.339],[8.241,61.339],[8.224,61.343],[8.22,61.347],[8.216,61.354],[8.206,61.355],[8.203,61.353],[8.184,61.357],[8.167,61.364],[8.158,61.371],[8.156,61.377],[8.16,61.38],[8.162,61.387],[8.155,61.395],[8.155,61.399],[8.15,61.427]]]}},{"type":"Feature","properties":{"id":409078,"maakond_id":612,"name":"Luster","bbox":[6.806,61.182,8.322,61.858]},"geometry":{"type":"Polygon","coordinates":[[[7.413,61.858],[7.382,61.853],[7.344,61.837],[7.34,61.835],[7.31,61.823],[7.284,61.812],[7.267,61.809],[7.224,61.8],[7.205,61.791],[7.144,61.75],[7.105,61.724],[7.037,61.677],[6.998,61.664],[6.938,61.644],[6.905,61.636],[6.854,61.609],[6.806,61.584],[6.809,61.57],[6.82,61.543],[6.87,61.533],[6.866,61.517],[6.868,61.51],[6.887,61.5],[6.899,61.483],[6.891,61.479],[6.893,61.454],[6.897,61.442],[6.9,61.439],[6.899,61.43],[6.884,61.426],[6.874,61.413],[6.892,61.41],[6.909,61.412],[6.935,61.41],[6.939,61.411],[6.957,61.408],[6.958,61.406],[6.951,61.401],[6.951,61.397],[6.944,61.389],[6.944,61.385],[6.947,61.382],[6.944,61.377],[6.947,61.372],[7.01,61.353],[7.016,61.351],[7.026,61.34],[7.03,61.325],[7.044,61.312],[7.052,61.309],[7.063,61.309],[7.068,61.308],[7.082,61.294],[7.112,61.289],[7.122,61.293],[7.138,61.29],[7.148,61.289],[7.162,61.289],[7.177,61.286],[7.186,61.28],[7.182,61.272],[7.189,61.273],[7.214,61.284],[7.222,61.278],[7.256,61.266],[7.304,61.248],[7.311,61.228],[7.323,61.205],[7.334,61.197],[7.351,61.189],[7.36,61.183],[7.364,61.182],[7.395,61.182],[7.43,61.183],[7.407,61.192],[7.378,61.199],[7.407,61.211],[7.424,61.216],[7.44,61.217],[7.444,61.22],[7.434,61.233],[7.434,61.24],[7.429,61.243],[7.429,61.247],[7.437,61.251],[7.442,61.252],[7.447,61.255],[7.45,61.261],[7.448,61.263],[7.453,61.27],[7.46,61.278],[7.457,61.288],[7.475,61.296],[7.481,61.296],[7.486,61.299],[7.495,61.3],[7.498,61.305],[7.503,61.306],[7.503,61.309],[7.513,61.312],[7.514,61.315],[7.512,61.321],[7.515,61.327],[7.524,61.328],[7.539,61.327],[7.557,61.328],[7.566,61.325],[7.581,61.324],[7.588,61.32],[7.587,61.316],[7.593,61.316],[7.603,61.314],[7.609,61.315],[7.62,61.322],[7.616,61.327],[7.607,61.33],[7.603,61.337],[7.647,61.365],[7.656,61.37],[7.648,61.377],[7.664,61.383],[7.66,61.388],[7.662,61.393],[7.657,61.396],[7.659,61.401],[7.615,61.425],[7.645,61.441],[7.671,61.447],[7.739,61.431],[7.761,61.434],[7.796,61.432],[7.801,61.442],[7.828,61.443],[7.84,61.445],[7.844,61.45],[7.844,61.455],[7.872,61.461],[7.9,61.455],[7.927,61.444],[7.985,61.43],[8.15,61.427],[8.171,61.432],[8.192,61.439],[8.215,61.43],[8.231,61.43],[8.275,61.431],[8.303,61.446],[8.322,61.456],[8.304,61.479],[8.288,61.49],[8.273,61.517],[8.262,61.534],[8.196,61.548],[8.118,61.523],[8.016,61.54],[7.947,61.557],[7.943,61.582],[7.933,61.602],[7.896,61.644],[7.904,61.679],[7.908,61.722],[7.842,61.743],[7.753,61.755],[7.685,61.743],[7.629,61.741],[7.572,61.735],[7.514,61.727],[7.515,61.75],[7.515,61.76],[7.496,61.774],[7.492,61.778],[7.423,61.845],[7.413,61.858]]]}},{"type":"Feature","properties":{"id":409079,"maakond_id":612,"name":"Stryn","bbox":[6.257,61.609,7.414,62.034]},"geometry":{"type":"Polygon","coordinates":[[[6.854,61.609],[6.905,61.636],[6.938,61.644],[6.998,61.664],[7.037,61.677],[7.105,61.724],[7.144,61.75],[7.205,61.791],[7.224,61.8],[7.267,61.809],[7.284,61.812],[7.31,61.823],[7.34,61.835],[7.344,61.837],[7.382,61.853],[7.413,61.858],[7.414,61.892],[7.389,61.933],[7.399,61.978],[7.393,61.993],[7.39,61.996],[7.381,62.003],[7.368,62.003],[7.349,62.008],[7.329,62.008],[7.311,62.018],[7.285,62.018],[7.241,62.019],[7.234,62.034],[7.195,62.031],[7.204,62.026],[7.202,62.022],[7.194,62.017],[7.186,62.014],[7.181,62.015],[7.171,62.012],[7.157,62.015],[7.152,62.014],[7.135,62.013],[7.075,62.009],[7.083,62.006],[7.075,61.999],[7.069,61.997],[7.061,61.989],[7.051,61.984],[7.039,61.984],[7.012,61.987],[6.993,61.986],[6.983,61.982],[6.96,61.989],[6.951,61.989],[6.925,61.982],[6.912,61.976],[6.896,61.982],[6.87,61.977],[6.852,61.976],[6.849,61.969],[6.841,61.964],[6.819,61.969],[6.799,61.969],[6.794,61.97],[6.787,61.967],[6.778,61.965],[6.775,61.958],[6.765,61.959],[6.759,61.955],[6.748,61.953],[6.739,61.953],[6.728,61.956],[6.719,61.953],[6.706,61.953],[6.667,61.962],[6.656,61.962],[6.648,61.961],[6.622,61.958],[6.608,61.954],[6.599,61.949],[6.578,61.947],[6.57,61.946],[6.547,61.946],[6.537,61.946],[6.53,61.938],[6.526,61.938],[6.521,61.935],[6.524,61.93],[6.517,61.927],[6.501,61.923],[6.491,61.927],[6.488,61.933],[6.477,61.934],[6.453,61.932],[6.45,61.93],[6.452,61.926],[6.452,61.92],[6.448,61.914],[6.443,61.91],[6.448,61.898],[6.409,61.899],[6.397,61.898],[6.385,61.901],[6.373,61.907],[6.352,61.908],[6.338,61.9],[6.326,61.899],[6.305,61.902],[6.283,61.898],[6.28,61.899],[6.278,61.904],[6.261,61.901],[6.263,61.898],[6.257,61.896],[6.259,61.894],[6.261,61.88],[6.261,61.873],[6.266,61.861],[6.265,61.853],[6.267,61.846],[6.285,61.844],[6.283,61.837],[6.299,61.836],[6.304,61.83],[6.293,61.809],[6.316,61.801],[6.318,61.798],[6.34,61.793],[6.356,61.791],[6.368,61.796],[6.407,61.792],[6.414,61.79],[6.422,61.792],[6.434,61.79],[6.443,61.79],[6.487,61.788],[6.502,61.786],[6.503,61.784],[6.534,61.781],[6.536,61.777],[6.548,61.777],[6.55,61.775],[6.559,61.774],[6.583,61.773],[6.593,61.771],[6.599,61.772],[6.624,61.777],[6.678,61.802],[6.711,61.798],[6.739,61.796],[6.752,61.791],[6.754,61.789],[6.758,61.779],[6.754,61.771],[6.747,61.765],[6.728,61.762],[6.702,61.739],[6.717,61.717],[6.719,61.702],[6.734,61.693],[6.739,61.685],[6.735,61.67],[6.736,61.667],[6.744,61.664],[6.779,61.661],[6.781,61.657],[6.779,61.652],[6.78,61.641],[6.854,61.609]]]}},{"type":"Feature","properties":{"id":409082,"maakond_id":612,"name":"Gloppen","bbox":[5.637,61.586,6.758,61.869]},"geometry":{"type":"Polygon","coordinates":[[[5.826,61.853],[5.839,61.844],[5.877,61.815],[5.875,61.809],[5.846,61.767],[5.832,61.758],[5.79,61.746],[5.736,61.747],[5.702,61.745],[5.637,61.742],[5.661,61.715],[5.698,61.696],[5.7,61.689],[5.687,61.678],[5.664,61.655],[5.648,61.64],[5.646,61.617],[5.656,61.613],[5.659,61.6],[5.666,61.589],[5.69,61.589],[5.696,61.587],[5.716,61.586],[5.733,61.587],[5.747,61.592],[5.764,61.595],[5.77,61.6],[5.782,61.61],[5.802,61.612],[5.835,61.62],[5.871,61.615],[5.905,61.621],[5.931,61.627],[5.958,61.633],[5.971,61.641],[5.988,61.641],[5.995,61.64],[6.029,61.639],[6.064,61.633],[6.074,61.633],[6.088,61.635],[6.09,61.637],[6.116,61.638],[6.124,61.641],[6.127,61.646],[6.147,61.646],[6.186,61.648],[6.192,61.649],[6.207,61.649],[6.218,61.643],[6.235,61.639],[6.247,61.638],[6.263,61.639],[6.281,61.646],[6.287,61.645],[6.309,61.645],[6.308,61.64],[6.313,61.636],[6.326,61.632],[6.331,61.629],[6.333,61.625],[6.328,61.62],[6.318,61.613],[6.325,61.611],[6.337,61.607],[6.352,61.604],[6.357,61.605],[6.375,61.602],[6.405,61.636],[6.4,61.641],[6.425,61.647],[6.442,61.646],[6.473,61.651],[6.513,61.65],[6.526,61.65],[6.538,61.652],[6.544,61.645],[6.56,61.636],[6.563,61.635],[6.574,61.637],[6.581,61.636],[6.584,61.638],[6.595,61.64],[6.595,61.644],[6.604,61.646],[6.606,61.649],[6.603,61.652],[6.623,61.656],[6.631,61.656],[6.651,61.66],[6.656,61.662],[6.69,61.678],[6.705,61.696],[6.719,61.702],[6.717,61.717],[6.702,61.739],[6.728,61.762],[6.747,61.765],[6.754,61.771],[6.758,61.779],[6.754,61.789],[6.752,61.791],[6.739,61.796],[6.711,61.798],[6.678,61.802],[6.624,61.777],[6.599,61.772],[6.593,61.771],[6.583,61.773],[6.559,61.774],[6.55,61.775],[6.548,61.777],[6.536,61.777],[6.534,61.781],[6.503,61.784],[6.502,61.786],[6.487,61.788],[6.443,61.79],[6.434,61.79],[6.422,61.792],[6.414,61.79],[6.407,61.792],[6.368,61.796],[6.356,61.791],[6.34,61.793],[6.318,61.798],[6.316,61.801],[6.293,61.809],[6.304,61.83],[6.299,61.836],[6.283,61.837],[6.285,61.844],[6.267,61.846],[6.265,61.853],[6.245,61.854],[6.199,61.845],[6.133,61.838],[6.087,61.854],[5.906,61.869],[5.861,61.865],[5.826,61.853]]]}},{"type":"Feature","properties":{"id":409083,"maakond_id":612,"name":"Bremanger","bbox":[4.226,61.662,5.877,62.032]},"geometry":{"type":"Polygon","coordinates":[[[5.637,61.742],[5.702,61.745],[5.736,61.747],[5.79,61.746],[5.832,61.758],[5.846,61.767],[5.875,61.809],[5.877,61.815],[5.839,61.844],[5.826,61.853],[5.815,61.85],[5.769,61.863],[5.707,61.896],[5.534,61.916],[5.474,61.917],[5.423,61.926],[5.334,61.902],[5.327,61.902],[5.221,61.899],[5.194,61.89],[5.18,61.876],[5.115,61.886],[5.025,61.894],[5.004,61.904],[4.972,61.912],[4.833,61.956],[4.702,61.981],[4.441,62.032],[4.425,62.013],[4.283,61.85],[4.226,61.783],[4.486,61.733],[4.616,61.708],[4.773,61.696],[4.897,61.74],[4.969,61.7],[4.985,61.697],[5.009,61.699],[5.026,61.695],[5.033,61.687],[5.039,61.686],[5.042,61.683],[5.053,61.679],[5.067,61.684],[5.075,61.678],[5.087,61.672],[5.09,61.67],[5.104,61.673],[5.115,61.668],[5.119,61.67],[5.134,61.672],[5.14,61.669],[5.151,61.67],[5.148,61.682],[5.153,61.685],[5.163,61.682],[5.164,61.68],[5.173,61.679],[5.179,61.679],[5.184,61.671],[5.194,61.672],[5.197,61.676],[5.204,61.674],[5.204,61.667],[5.218,61.662],[5.224,61.665],[5.251,61.664],[5.259,61.666],[5.271,61.673],[5.282,61.673],[5.309,61.674],[5.315,61.674],[5.326,61.677],[5.329,61.68],[5.329,61.688],[5.322,61.691],[5.31,61.693],[5.31,61.699],[5.3,61.704],[5.298,61.709],[5.291,61.716],[5.298,61.717],[5.312,61.712],[5.324,61.713],[5.33,61.715],[5.338,61.709],[5.343,61.71],[5.352,61.708],[5.363,61.711],[5.372,61.712],[5.378,61.712],[5.385,61.716],[5.382,61.718],[5.38,61.724],[5.392,61.729],[5.412,61.73],[5.419,61.738],[5.419,61.74],[5.433,61.742],[5.443,61.741],[5.453,61.742],[5.471,61.743],[5.528,61.758],[5.536,61.75],[5.566,61.763],[5.575,61.758],[5.583,61.752],[5.637,61.742]]]}},{"type":"Feature","properties":{"id":409940,"maakond_id":606,"name":"Ås","bbox":[10.675,59.592,10.89,59.766]},"geometry":{"type":"Polygon","coordinates":[[[10.88,59.619],[10.878,59.62],[10.877,59.632],[10.872,59.634],[10.873,59.638],[10.871,59.643],[10.866,59.645],[10.86,59.65],[10.848,59.651],[10.843,59.653],[10.841,59.657],[10.833,59.662],[10.835,59.663],[10.832,59.669],[10.831,59.677],[10.832,59.681],[10.84,59.684],[10.855,59.683],[10.853,59.69],[10.85,59.695],[10.854,59.696],[10.846,59.699],[10.844,59.703],[10.837,59.703],[10.837,59.7],[10.829,59.7],[10.83,59.704],[10.811,59.709],[10.811,59.712],[10.804,59.713],[10.81,59.717],[10.811,59.723],[10.805,59.728],[10.8,59.729],[10.801,59.736],[10.812,59.744],[10.814,59.749],[10.818,59.753],[10.817,59.755],[10.806,59.762],[10.801,59.762],[10.791,59.766],[10.782,59.764],[10.779,59.761],[10.764,59.76],[10.755,59.762],[10.752,59.76],[10.737,59.759],[10.731,59.762],[10.722,59.765],[10.717,59.756],[10.722,59.749],[10.725,59.733],[10.729,59.728],[10.726,59.725],[10.73,59.717],[10.743,59.715],[10.749,59.712],[10.751,59.707],[10.745,59.705],[10.741,59.7],[10.743,59.691],[10.742,59.687],[10.719,59.68],[10.712,59.675],[10.714,59.672],[10.708,59.67],[10.701,59.671],[10.693,59.67],[10.683,59.671],[10.684,59.668],[10.69,59.665],[10.687,59.663],[10.678,59.665],[10.675,59.656],[10.681,59.653],[10.683,59.648],[10.688,59.647],[10.705,59.639],[10.711,59.641],[10.717,59.639],[10.725,59.642],[10.737,59.635],[10.738,59.631],[10.745,59.625],[10.752,59.625],[10.752,59.633],[10.754,59.634],[10.761,59.631],[10.767,59.634],[10.77,59.632],[10.781,59.631],[10.787,59.633],[10.792,59.631],[10.805,59.631],[10.815,59.622],[10.819,59.622],[10.82,59.618],[10.817,59.612],[10.822,59.609],[10.841,59.608],[10.842,59.601],[10.85,59.601],[10.854,59.599],[10.846,59.594],[10.859,59.592],[10.868,59.594],[10.871,59.596],[10.865,59.605],[10.868,59.607],[10.874,59.605],[10.884,59.604],[10.89,59.607],[10.889,59.612],[10.881,59.615],[10.88,59.619]]]}},{"type":"Feature","properties":{"id":410880,"maakond_id":608,"name":"Løten","bbox":[11.22,60.675,11.643,61.055]},"geometry":{"type":"Polygon","coordinates":[[[11.617,60.675],[11.626,60.677],[11.629,60.685],[11.643,60.693],[11.639,60.696],[11.632,60.699],[11.62,60.705],[11.615,60.712],[11.618,60.718],[11.628,60.72],[11.629,60.725],[11.635,60.731],[11.626,60.739],[11.624,60.741],[11.601,60.756],[11.597,60.761],[11.582,60.767],[11.582,60.768],[11.549,60.778],[11.539,60.778],[11.524,60.784],[11.516,60.781],[11.515,60.787],[11.506,60.8],[11.5,60.804],[11.494,60.82],[11.495,60.831],[11.493,60.842],[11.488,60.853],[11.456,60.877],[11.45,60.893],[11.451,60.899],[11.447,60.91],[11.422,60.932],[11.41,60.938],[11.402,60.944],[11.36,60.974],[11.34,60.993],[11.299,61.015],[11.26,61.037],[11.238,61.055],[11.229,61.036],[11.22,60.944],[11.22,60.943],[11.248,60.913],[11.274,60.875],[11.272,60.87],[11.275,60.864],[11.276,60.858],[11.28,60.852],[11.271,60.847],[11.274,60.843],[11.276,60.837],[11.267,60.831],[11.267,60.826],[11.26,60.822],[11.261,60.816],[11.252,60.814],[11.239,60.812],[11.238,60.81],[11.241,60.805],[11.238,60.802],[11.242,60.788],[11.252,60.787],[11.255,60.789],[11.266,60.789],[11.266,60.787],[11.279,60.787],[11.286,60.784],[11.292,60.787],[11.3,60.785],[11.31,60.787],[11.319,60.787],[11.32,60.778],[11.33,60.778],[11.334,60.772],[11.333,60.766],[11.334,60.76],[11.342,60.762],[11.358,60.759],[11.364,60.762],[11.368,60.763],[11.38,60.759],[11.385,60.762],[11.395,60.764],[11.408,60.758],[11.408,60.754],[11.422,60.749],[11.424,60.744],[11.446,60.739],[11.45,60.734],[11.451,60.728],[11.449,60.727],[11.457,60.724],[11.465,60.723],[11.465,60.727],[11.49,60.718],[11.521,60.7],[11.53,60.699],[11.577,60.694],[11.595,60.688],[11.605,60.681],[11.617,60.675]]]}},{"type":"Feature","properties":{"id":410881,"maakond_id":608,"name":"Elverum","bbox":[11.299,60.741,12.161,61.204]},"geometry":{"type":"Polygon","coordinates":[[[12.161,61.062],[12.151,61.067],[12.149,61.07],[12.139,61.077],[12.139,61.08],[12.131,61.08],[12.116,61.082],[12.104,61.085],[12.096,61.089],[12.091,61.088],[12.084,61.091],[12.054,61.079],[12.046,61.064],[12.011,61.067],[12.009,61.066],[11.998,61.071],[11.988,61.074],[11.95,61.055],[11.951,61.058],[11.944,61.059],[11.94,61.063],[11.932,61.066],[11.93,61.069],[11.92,61.073],[11.911,61.079],[11.896,61.084],[11.889,61.092],[11.871,61.103],[11.871,61.112],[11.862,61.121],[11.817,61.162],[11.81,61.165],[11.803,61.171],[11.775,61.183],[11.737,61.204],[11.716,61.168],[11.711,61.159],[11.634,61.136],[11.608,61.129],[11.635,61.104],[11.628,61.101],[11.603,61.112],[11.597,61.113],[11.589,61.116],[11.564,61.098],[11.56,61.096],[11.515,61.063],[11.506,61.059],[11.493,61.05],[11.482,61.045],[11.46,61.035],[11.452,61.034],[11.442,61.034],[11.432,61.031],[11.426,61.03],[11.398,61.024],[11.388,61.033],[11.382,61.032],[11.351,61.022],[11.345,61.024],[11.336,61.021],[11.299,61.015],[11.34,60.993],[11.36,60.974],[11.402,60.944],[11.41,60.938],[11.422,60.932],[11.447,60.91],[11.451,60.899],[11.45,60.893],[11.456,60.877],[11.488,60.853],[11.493,60.842],[11.495,60.831],[11.494,60.82],[11.5,60.804],[11.506,60.8],[11.515,60.787],[11.516,60.781],[11.524,60.784],[11.539,60.778],[11.549,60.778],[11.582,60.768],[11.582,60.767],[11.597,60.761],[11.601,60.756],[11.624,60.741],[11.647,60.75],[11.65,60.75],[11.709,60.749],[11.716,60.748],[11.723,60.749],[11.726,60.747],[11.741,60.747],[11.745,60.745],[11.756,60.747],[11.755,60.753],[11.762,60.755],[11.773,60.762],[11.795,60.763],[11.797,60.766],[11.803,60.769],[11.8,60.78],[11.795,60.78],[11.794,60.786],[11.796,60.788],[11.817,60.791],[11.826,60.795],[11.837,60.796],[11.839,60.798],[11.858,60.801],[11.865,60.803],[11.9,60.811],[11.908,60.812],[11.925,60.81],[11.935,60.816],[11.945,60.818],[11.959,60.83],[11.971,60.833],[12,60.841],[11.997,60.843],[11.985,60.846],[11.968,60.856],[11.964,60.857],[11.956,60.863],[11.997,60.883],[11.988,60.898],[11.991,60.906],[11.999,60.954],[12.01,60.953],[12.019,60.949],[12.025,60.948],[12.031,60.945],[12.041,60.946],[12.054,60.95],[12.059,60.949],[12.071,60.95],[12.079,60.947],[12.079,60.944],[12.085,60.942],[12.09,60.938],[12.103,60.936],[12.114,60.932],[12.116,60.929],[12.124,60.925],[12.133,60.925],[12.125,60.93],[12.122,60.942],[12.113,60.954],[12.107,60.962],[12.107,60.969],[12.109,60.975],[12.115,60.977],[12.121,60.976],[12.128,60.976],[12.132,60.979],[12.126,60.983],[12.136,60.987],[12.134,60.996],[12.137,61.004],[12.132,61.005],[12.126,61.012],[12.111,61.016],[12.114,61.022],[12.111,61.023],[12.105,61.032],[12.104,61.035],[12.1,61.039],[12.123,61.051],[12.161,61.062]]]}},{"type":"Feature","properties":{"id":410882,"maakond_id":608,"name":"Hamar","bbox":[10.981,60.769,11.28,61.236]},"geometry":{"type":"Polygon","coordinates":[[[11.028,60.775],[11.065,60.782],[11.089,60.785],[11.098,60.788],[11.105,60.792],[11.137,60.791],[11.146,60.787],[11.156,60.785],[11.172,60.782],[11.166,60.775],[11.176,60.773],[11.18,60.769],[11.189,60.773],[11.199,60.769],[11.204,60.771],[11.206,60.776],[11.219,60.775],[11.228,60.778],[11.233,60.782],[11.238,60.781],[11.242,60.788],[11.238,60.802],[11.241,60.805],[11.238,60.81],[11.239,60.812],[11.252,60.814],[11.261,60.816],[11.26,60.822],[11.267,60.826],[11.267,60.831],[11.276,60.837],[11.274,60.843],[11.271,60.847],[11.28,60.852],[11.276,60.858],[11.275,60.864],[11.272,60.87],[11.274,60.875],[11.248,60.913],[11.22,60.943],[11.22,60.944],[11.229,61.036],[11.238,61.055],[11.232,61.06],[11.153,61.096],[11.15,61.103],[11.144,61.104],[11.125,61.116],[11.068,61.161],[11.063,61.167],[11.032,61.196],[11.025,61.204],[10.984,61.236],[11.014,61.154],[11.033,61.102],[11.104,61.038],[11.116,61.025],[11.115,61.016],[11.112,61.011],[11.082,60.975],[11.085,60.896],[11.092,60.897],[11.103,60.892],[11.107,60.887],[11.108,60.883],[11.112,60.877],[11.118,60.874],[11.112,60.865],[11.106,60.862],[11.101,60.855],[11.095,60.853],[11.082,60.847],[11.078,60.843],[11.086,60.835],[11.081,60.832],[11.075,60.832],[11.069,60.828],[11.07,60.824],[11.061,60.821],[11.065,60.817],[11.061,60.815],[11.052,60.818],[11.057,60.823],[11.052,60.826],[11.043,60.829],[11.027,60.822],[11.027,60.821],[11.007,60.819],[10.981,60.818],[10.993,60.81],[11.028,60.775]]]}},{"type":"Feature","properties":{"id":410883,"maakond_id":608,"name":"Stange","bbox":[11.028,60.459,11.654,60.792]},"geometry":{"type":"Polygon","coordinates":[[[11.154,60.605],[11.157,60.603],[11.185,60.585],[11.215,60.564],[11.219,60.542],[11.215,60.521],[11.21,60.505],[11.225,60.502],[11.242,60.498],[11.252,60.495],[11.256,60.492],[11.275,60.485],[11.297,60.469],[11.32,60.462],[11.342,60.459],[11.351,60.518],[11.451,60.506],[11.51,60.517],[11.548,60.517],[11.537,60.538],[11.539,60.56],[11.538,60.567],[11.583,60.577],[11.615,60.584],[11.654,60.565],[11.649,60.57],[11.643,60.573],[11.641,60.578],[11.647,60.58],[11.644,60.582],[11.639,60.592],[11.629,60.617],[11.63,60.619],[11.63,60.63],[11.625,60.644],[11.622,60.647],[11.621,60.655],[11.624,60.658],[11.622,60.664],[11.614,60.674],[11.617,60.675],[11.605,60.681],[11.595,60.688],[11.577,60.694],[11.53,60.699],[11.521,60.7],[11.49,60.718],[11.465,60.727],[11.465,60.723],[11.457,60.724],[11.449,60.727],[11.451,60.728],[11.45,60.734],[11.446,60.739],[11.424,60.744],[11.422,60.749],[11.408,60.754],[11.408,60.758],[11.395,60.764],[11.385,60.762],[11.38,60.759],[11.368,60.763],[11.364,60.762],[11.358,60.759],[11.342,60.762],[11.334,60.76],[11.333,60.766],[11.334,60.772],[11.33,60.778],[11.32,60.778],[11.319,60.787],[11.31,60.787],[11.3,60.785],[11.292,60.787],[11.286,60.784],[11.279,60.787],[11.266,60.787],[11.266,60.789],[11.255,60.789],[11.252,60.787],[11.242,60.788],[11.238,60.781],[11.233,60.782],[11.228,60.778],[11.219,60.775],[11.206,60.776],[11.204,60.771],[11.199,60.769],[11.189,60.773],[11.18,60.769],[11.176,60.773],[11.166,60.775],[11.172,60.782],[11.156,60.785],[11.146,60.787],[11.137,60.791],[11.105,60.792],[11.098,60.788],[11.089,60.785],[11.065,60.782],[11.028,60.775],[11.044,60.758],[11.05,60.75],[11.059,60.707],[11.059,60.7],[11.058,60.693],[11.054,60.686],[11.044,60.676],[11.093,60.658],[11.112,60.646],[11.123,60.638],[11.129,60.633],[11.146,60.611],[11.154,60.605]]]}},{"type":"Feature","properties":{"id":410884,"maakond_id":608,"name":"Våler","bbox":[11.614,60.565,12.338,61.062]},"geometry":{"type":"Polygon","coordinates":[[[11.647,60.58],[11.648,60.58],[11.678,60.571],[11.691,60.57],[11.71,60.565],[11.777,60.567],[11.81,60.576],[11.817,60.576],[11.849,60.581],[11.863,60.588],[11.878,60.594],[11.92,60.616],[11.914,60.623],[11.921,60.625],[11.921,60.628],[11.928,60.633],[11.935,60.636],[11.928,60.646],[11.928,60.653],[11.929,60.656],[11.936,60.658],[11.933,60.66],[11.934,60.664],[11.925,60.667],[11.921,60.67],[11.908,60.674],[11.907,60.677],[11.909,60.685],[11.905,60.686],[11.909,60.69],[11.901,60.694],[11.907,60.698],[11.93,60.693],[11.939,60.699],[11.947,60.699],[11.953,60.703],[11.95,60.707],[11.953,60.709],[11.962,60.722],[11.963,60.726],[11.962,60.734],[11.965,60.739],[11.977,60.75],[11.983,60.753],[12.024,60.766],[12.04,60.77],[12.056,60.78],[12.065,60.783],[12.064,60.786],[12.075,60.786],[12.079,60.788],[12.094,60.788],[12.102,60.786],[12.101,60.791],[12.09,60.794],[12.086,60.799],[12.08,60.803],[12.104,60.819],[12.134,60.82],[12.146,60.827],[12.16,60.833],[12.175,60.837],[12.177,60.839],[12.186,60.84],[12.188,60.843],[12.202,60.843],[12.198,60.847],[12.176,60.863],[12.17,60.866],[12.149,60.88],[12.17,60.891],[12.177,60.888],[12.18,60.883],[12.189,60.877],[12.211,60.872],[12.215,60.873],[12.224,60.872],[12.237,60.869],[12.251,60.864],[12.258,60.863],[12.273,60.858],[12.278,60.854],[12.296,60.853],[12.3,60.848],[12.315,60.842],[12.322,60.841],[12.338,60.844],[12.334,60.852],[12.333,60.89],[12.285,60.944],[12.224,61.013],[12.163,61.06],[12.161,61.062],[12.123,61.051],[12.1,61.039],[12.104,61.035],[12.105,61.032],[12.111,61.023],[12.114,61.022],[12.111,61.016],[12.126,61.012],[12.132,61.005],[12.137,61.004],[12.134,60.996],[12.136,60.987],[12.126,60.983],[12.132,60.979],[12.128,60.976],[12.121,60.976],[12.115,60.977],[12.109,60.975],[12.107,60.969],[12.107,60.962],[12.113,60.954],[12.122,60.942],[12.125,60.93],[12.133,60.925],[12.124,60.925],[12.116,60.929],[12.114,60.932],[12.103,60.936],[12.09,60.938],[12.085,60.942],[12.079,60.944],[12.079,60.947],[12.071,60.95],[12.059,60.949],[12.054,60.95],[12.041,60.946],[12.031,60.945],[12.025,60.948],[12.019,60.949],[12.01,60.953],[11.999,60.954],[11.991,60.906],[11.988,60.898],[11.997,60.883],[11.956,60.863],[11.964,60.857],[11.968,60.856],[11.985,60.846],[11.997,60.843],[12,60.841],[11.971,60.833],[11.959,60.83],[11.945,60.818],[11.935,60.816],[11.925,60.81],[11.908,60.812],[11.9,60.811],[11.865,60.803],[11.858,60.801],[11.839,60.798],[11.837,60.796],[11.826,60.795],[11.817,60.791],[11.796,60.788],[11.794,60.786],[11.795,60.78],[11.8,60.78],[11.803,60.769],[11.797,60.766],[11.795,60.763],[11.773,60.762],[11.762,60.755],[11.755,60.753],[11.756,60.747],[11.745,60.745],[11.741,60.747],[11.726,60.747],[11.723,60.749],[11.716,60.748],[11.709,60.749],[11.65,60.75],[11.647,60.75],[11.624,60.741],[11.626,60.739],[11.635,60.731],[11.629,60.725],[11.628,60.72],[11.618,60.718],[11.615,60.712],[11.62,60.705],[11.632,60.699],[11.639,60.696],[11.643,60.693],[11.629,60.685],[11.626,60.677],[11.617,60.675],[11.614,60.674],[11.622,60.664],[11.624,60.658],[11.621,60.655],[11.622,60.647],[11.625,60.644],[11.63,60.63],[11.63,60.619],[11.629,60.617],[11.639,60.592],[11.644,60.582],[11.647,60.58]]]}},{"type":"Feature","properties":{"id":410885,"maakond_id":608,"name":"Åmot","bbox":[10.958,61.015,11.916,61.507]},"geometry":{"type":"Polygon","coordinates":[[[11.771,61.507],[11.653,61.475],[11.573,61.458],[11.477,61.438],[11.444,61.439],[11.405,61.434],[11.378,61.429],[11.329,61.423],[11.287,61.415],[11.284,61.413],[11.308,61.385],[11.319,61.37],[11.321,61.364],[11.32,61.359],[11.336,61.339],[11.344,61.332],[11.353,61.313],[11.364,61.301],[11.375,61.286],[11.362,61.286],[11.35,61.284],[11.335,61.279],[11.323,61.27],[11.308,61.268],[11.314,61.262],[11.322,61.258],[11.337,61.247],[11.34,61.24],[11.336,61.231],[11.337,61.226],[11.342,61.222],[11.343,61.219],[11.342,61.215],[11.321,61.212],[11.314,61.207],[11.306,61.206],[11.304,61.203],[11.297,61.201],[11.296,61.204],[11.284,61.209],[11.269,61.211],[11.266,61.209],[11.248,61.208],[11.234,61.204],[11.224,61.205],[11.209,61.202],[11.206,61.2],[11.192,61.201],[11.183,61.2],[11.168,61.207],[11.163,61.214],[11.159,61.218],[11.16,61.223],[11.157,61.225],[11.158,61.233],[11.153,61.235],[11.151,61.241],[11.154,61.246],[11.151,61.248],[11.151,61.254],[11.093,61.25],[11.018,61.246],[11,61.25],[10.958,61.256],[10.984,61.236],[11.025,61.204],[11.032,61.196],[11.063,61.167],[11.068,61.161],[11.125,61.116],[11.144,61.104],[11.15,61.103],[11.153,61.096],[11.232,61.06],[11.238,61.055],[11.26,61.037],[11.299,61.015],[11.336,61.021],[11.345,61.024],[11.351,61.022],[11.382,61.032],[11.388,61.033],[11.398,61.024],[11.426,61.03],[11.432,61.031],[11.442,61.034],[11.452,61.034],[11.46,61.035],[11.482,61.045],[11.493,61.05],[11.506,61.059],[11.515,61.063],[11.56,61.096],[11.564,61.098],[11.589,61.116],[11.597,61.113],[11.603,61.112],[11.628,61.101],[11.635,61.104],[11.608,61.129],[11.634,61.136],[11.711,61.159],[11.716,61.168],[11.737,61.204],[11.765,61.209],[11.83,61.233],[11.85,61.247],[11.881,61.257],[11.916,61.269],[11.895,61.3],[11.881,61.327],[11.87,61.345],[11.852,61.375],[11.828,61.414],[11.816,61.431],[11.813,61.44],[11.802,61.455],[11.771,61.507]]]}},{"type":"Feature","properties":{"id":411313,"maakond_id":608,"name":"Ringsaker","bbox":[10.443,60.676,11.118,61.296]},"geometry":{"type":"Polygon","coordinates":[[[10.466,61.031],[10.471,61.026],[10.484,61.018],[10.499,61.011],[10.519,61.005],[10.542,60.999],[10.569,60.995],[10.587,60.989],[10.601,60.984],[10.629,60.972],[10.637,60.967],[10.647,60.96],[10.655,60.952],[10.663,60.942],[10.675,60.922],[10.68,60.906],[10.686,60.899],[10.701,60.892],[10.706,60.889],[10.716,60.88],[10.723,60.87],[10.723,60.866],[10.718,60.855],[10.709,60.848],[10.697,60.833],[10.695,60.829],[10.695,60.821],[10.706,60.809],[10.718,60.8],[10.73,60.785],[10.735,60.781],[10.745,60.775],[10.756,60.77],[10.779,60.764],[10.794,60.761],[10.843,60.756],[10.853,60.754],[10.865,60.75],[10.884,60.739],[10.899,60.731],[10.905,60.729],[10.999,60.694],[11.044,60.676],[11.054,60.686],[11.058,60.693],[11.059,60.7],[11.059,60.707],[11.05,60.75],[11.044,60.758],[11.028,60.775],[10.993,60.81],[10.981,60.818],[11.007,60.819],[11.027,60.821],[11.027,60.822],[11.043,60.829],[11.052,60.826],[11.057,60.823],[11.052,60.818],[11.061,60.815],[11.065,60.817],[11.061,60.821],[11.07,60.824],[11.069,60.828],[11.075,60.832],[11.081,60.832],[11.086,60.835],[11.078,60.843],[11.082,60.847],[11.095,60.853],[11.101,60.855],[11.106,60.862],[11.112,60.865],[11.118,60.874],[11.112,60.877],[11.108,60.883],[11.107,60.887],[11.103,60.892],[11.092,60.897],[11.085,60.896],[11.082,60.975],[11.112,61.011],[11.115,61.016],[11.116,61.025],[11.104,61.038],[11.033,61.102],[11.014,61.154],[10.984,61.236],[10.958,61.256],[10.925,61.278],[10.897,61.296],[10.849,61.266],[10.803,61.253],[10.778,61.246],[10.744,61.236],[10.723,61.202],[10.704,61.196],[10.657,61.163],[10.638,61.138],[10.632,61.131],[10.636,61.129],[10.632,61.124],[10.626,61.126],[10.597,61.103],[10.602,61.101],[10.592,61.099],[10.572,61.086],[10.571,61.081],[10.555,61.082],[10.546,61.081],[10.543,61.077],[10.51,61.065],[10.494,61.064],[10.488,61.063],[10.465,61.061],[10.443,61.062],[10.451,61.047],[10.466,61.031]]]}},{"type":"Feature","properties":{"id":411383,"maakond_id":607,"name":"Lier","bbox":[10.062,59.716,10.377,59.975]},"geometry":{"type":"Polygon","coordinates":[[[10.294,59.975],[10.28,59.971],[10.266,59.971],[10.249,59.968],[10.239,59.968],[10.218,59.969],[10.208,59.964],[10.198,59.961],[10.192,59.961],[10.188,59.955],[10.185,59.945],[10.171,59.943],[10.145,59.942],[10.114,59.944],[10.105,59.939],[10.108,59.935],[10.118,59.928],[10.116,59.925],[10.117,59.918],[10.122,59.912],[10.125,59.9],[10.115,59.897],[10.112,59.897],[10.103,59.893],[10.085,59.888],[10.078,59.881],[10.072,59.877],[10.073,59.868],[10.062,59.863],[10.076,59.855],[10.077,59.851],[10.081,59.849],[10.083,59.842],[10.082,59.836],[10.095,59.822],[10.096,59.815],[10.106,59.816],[10.112,59.812],[10.122,59.808],[10.129,59.807],[10.141,59.803],[10.144,59.799],[10.169,59.787],[10.167,59.776],[10.181,59.773],[10.186,59.764],[10.2,59.764],[10.206,59.765],[10.21,59.762],[10.212,59.757],[10.217,59.757],[10.221,59.753],[10.226,59.752],[10.23,59.746],[10.237,59.744],[10.241,59.74],[10.251,59.74],[10.269,59.733],[10.282,59.727],[10.29,59.716],[10.313,59.722],[10.32,59.726],[10.319,59.729],[10.321,59.739],[10.32,59.743],[10.321,59.751],[10.317,59.757],[10.317,59.763],[10.31,59.764],[10.311,59.769],[10.32,59.773],[10.331,59.782],[10.323,59.794],[10.331,59.797],[10.343,59.794],[10.344,59.797],[10.356,59.804],[10.353,59.809],[10.355,59.811],[10.352,59.816],[10.351,59.822],[10.353,59.826],[10.351,59.832],[10.35,59.839],[10.345,59.84],[10.344,59.843],[10.336,59.849],[10.333,59.849],[10.331,59.855],[10.333,59.861],[10.331,59.869],[10.328,59.874],[10.35,59.877],[10.354,59.881],[10.352,59.885],[10.359,59.889],[10.363,59.899],[10.363,59.906],[10.372,59.91],[10.377,59.911],[10.376,59.922],[10.372,59.93],[10.363,59.937],[10.355,59.942],[10.348,59.951],[10.351,59.953],[10.35,59.957],[10.34,59.957],[10.337,59.966],[10.321,59.966],[10.306,59.962],[10.294,59.975]]]}},{"type":"Feature","properties":{"id":411384,"maakond_id":607,"name":"Hole","bbox":[10.125,59.957,10.478,60.127]},"geometry":{"type":"Polygon","coordinates":[[[10.478,60.032],[10.467,60.046],[10.467,60.058],[10.438,60.054],[10.423,60.052],[10.419,60.053],[10.407,60.051],[10.406,60.061],[10.402,60.064],[10.403,60.067],[10.371,60.07],[10.346,60.071],[10.337,60.075],[10.34,60.08],[10.349,60.077],[10.351,60.079],[10.346,60.084],[10.351,60.09],[10.347,60.096],[10.342,60.095],[10.329,60.098],[10.321,60.121],[10.321,60.125],[10.312,60.125],[10.301,60.127],[10.294,60.126],[10.291,60.121],[10.28,60.123],[10.275,60.121],[10.269,60.116],[10.257,60.116],[10.252,60.113],[10.244,60.116],[10.228,60.119],[10.227,60.115],[10.215,60.115],[10.207,60.116],[10.202,60.115],[10.199,60.107],[10.195,60.103],[10.186,60.099],[10.18,60.097],[10.155,60.097],[10.125,60.044],[10.209,60.02],[10.294,59.975],[10.306,59.962],[10.321,59.966],[10.337,59.966],[10.34,59.957],[10.35,59.957],[10.35,59.96],[10.358,59.968],[10.371,59.971],[10.381,59.976],[10.382,59.98],[10.389,59.982],[10.392,59.979],[10.403,59.979],[10.417,59.984],[10.422,59.988],[10.415,60.002],[10.412,60.003],[10.417,60.008],[10.435,60.013],[10.436,60.019],[10.434,60.025],[10.435,60.03],[10.445,60.03],[10.455,60.032],[10.469,60.029],[10.478,60.032]]]}},{"type":"Feature","properties":{"id":412349,"maakond_id":607,"name":"Kongsberg","bbox":[9.333,59.408,10.06,59.781]},"geometry":{"type":"Polygon","coordinates":[[[10.06,59.473],[10.053,59.483],[10.046,59.49],[10.043,59.496],[10.025,59.512],[10.02,59.515],[10,59.526],[9.989,59.531],[9.976,59.54],[9.944,59.567],[9.924,59.579],[9.915,59.583],[9.907,59.584],[9.897,59.59],[9.893,59.594],[9.864,59.61],[9.859,59.616],[9.85,59.622],[9.839,59.634],[9.82,59.645],[9.805,59.651],[9.795,59.65],[9.779,59.653],[9.768,59.654],[9.752,59.659],[9.744,59.658],[9.712,59.669],[9.707,59.669],[9.7,59.675],[9.685,59.684],[9.677,59.685],[9.676,59.687],[9.671,59.69],[9.666,59.695],[9.663,59.7],[9.661,59.715],[9.658,59.725],[9.645,59.732],[9.632,59.727],[9.628,59.725],[9.622,59.726],[9.615,59.726],[9.612,59.719],[9.606,59.721],[9.601,59.717],[9.591,59.726],[9.586,59.727],[9.586,59.73],[9.58,59.732],[9.579,59.734],[9.563,59.734],[9.528,59.73],[9.484,59.729],[9.462,59.735],[9.46,59.739],[9.453,59.741],[9.441,59.751],[9.438,59.757],[9.424,59.757],[9.416,59.764],[9.388,59.776],[9.377,59.78],[9.368,59.781],[9.363,59.778],[9.351,59.766],[9.344,59.757],[9.343,59.752],[9.346,59.735],[9.345,59.732],[9.339,59.729],[9.344,59.726],[9.339,59.72],[9.355,59.718],[9.344,59.707],[9.333,59.693],[9.352,59.692],[9.405,59.685],[9.406,59.659],[9.423,59.641],[9.428,59.628],[9.437,59.613],[9.444,59.602],[9.45,59.595],[9.457,59.582],[9.461,59.578],[9.464,59.567],[9.472,59.557],[9.483,59.552],[9.515,59.538],[9.492,59.516],[9.484,59.507],[9.469,59.494],[9.469,59.491],[9.472,59.482],[9.523,59.486],[9.536,59.484],[9.552,59.487],[9.573,59.474],[9.585,59.466],[9.579,59.462],[9.587,59.451],[9.605,59.444],[9.621,59.438],[9.625,59.425],[9.66,59.408],[9.683,59.411],[9.704,59.412],[9.749,59.412],[9.778,59.412],[9.774,59.426],[9.771,59.437],[9.759,59.458],[9.775,59.457],[9.819,59.469],[9.832,59.468],[9.838,59.464],[9.845,59.464],[9.853,59.458],[9.875,59.46],[9.886,59.458],[9.91,59.456],[9.921,59.456],[9.937,59.459],[9.938,59.466],[9.945,59.468],[9.963,59.468],[9.979,59.466],[9.987,59.468],[9.998,59.467],[10.001,59.461],[10.012,59.458],[10.022,59.461],[10.022,59.464],[10.04,59.467],[10.06,59.473]]]}},{"type":"Feature","properties":{"id":412350,"maakond_id":607,"name":"Øvre Eiker","bbox":[9.645,59.583,10.062,59.906]},"geometry":{"type":"Polygon","coordinates":[[[10.062,59.863],[10.039,59.858],[10.029,59.859],[10.023,59.864],[10.025,59.868],[10.02,59.872],[10.004,59.871],[9.997,59.871],[9.983,59.869],[9.962,59.873],[9.954,59.873],[9.938,59.874],[9.929,59.874],[9.922,59.878],[9.917,59.878],[9.911,59.882],[9.897,59.876],[9.892,59.871],[9.892,59.866],[9.897,59.861],[9.898,59.852],[9.89,59.85],[9.886,59.854],[9.888,59.858],[9.883,59.86],[9.871,59.861],[9.867,59.866],[9.853,59.865],[9.841,59.866],[9.836,59.865],[9.828,59.865],[9.822,59.868],[9.824,59.87],[9.819,59.873],[9.81,59.881],[9.798,59.884],[9.79,59.885],[9.785,59.887],[9.78,59.891],[9.771,59.891],[9.762,59.889],[9.76,59.892],[9.744,59.893],[9.738,59.898],[9.731,59.896],[9.711,59.904],[9.701,59.906],[9.7,59.898],[9.697,59.895],[9.688,59.899],[9.676,59.897],[9.685,59.892],[9.689,59.888],[9.695,59.884],[9.696,59.878],[9.709,59.855],[9.708,59.851],[9.711,59.848],[9.709,59.841],[9.71,59.829],[9.707,59.825],[9.707,59.821],[9.712,59.818],[9.709,59.814],[9.71,59.809],[9.718,59.808],[9.721,59.799],[9.718,59.795],[9.718,59.779],[9.715,59.775],[9.713,59.763],[9.714,59.747],[9.715,59.744],[9.722,59.742],[9.645,59.732],[9.658,59.725],[9.661,59.715],[9.663,59.7],[9.666,59.695],[9.671,59.69],[9.676,59.687],[9.677,59.685],[9.685,59.684],[9.7,59.675],[9.707,59.669],[9.712,59.669],[9.744,59.658],[9.752,59.659],[9.768,59.654],[9.779,59.653],[9.795,59.65],[9.805,59.651],[9.82,59.645],[9.839,59.634],[9.85,59.622],[9.859,59.616],[9.864,59.61],[9.893,59.594],[9.897,59.59],[9.907,59.584],[9.915,59.583],[9.921,59.583],[9.931,59.586],[9.942,59.587],[9.933,59.604],[9.945,59.609],[9.96,59.613],[9.966,59.615],[9.981,59.618],[9.976,59.624],[9.975,59.632],[9.986,59.639],[9.983,59.644],[9.993,59.65],[10,59.656],[9.998,59.664],[9.997,59.666],[9.999,59.671],[10.001,59.672],[9.998,59.685],[9.99,59.688],[9.976,59.712],[9.971,59.717],[9.97,59.726],[9.972,59.733],[9.969,59.735],[9.972,59.741],[9.967,59.744],[9.971,59.747],[9.969,59.75],[9.959,59.749],[9.957,59.755],[9.949,59.757],[9.943,59.759],[9.949,59.764],[9.956,59.766],[9.971,59.782],[9.979,59.786],[9.977,59.788],[9.987,59.799],[9.992,59.806],[9.999,59.813],[10.002,59.818],[10,59.824],[10.004,59.828],[10.012,59.832],[10.015,59.838],[10.021,59.844],[10.028,59.841],[10.043,59.85],[10.057,59.857],[10.062,59.863]]]}},{"type":"Feature","properties":{"id":412351,"maakond_id":607,"name":"Flesberg","bbox":[9.179,59.717,9.722,59.997]},"geometry":{"type":"Polygon","coordinates":[[[9.448,59.995],[9.466,59.987],[9.448,59.981],[9.439,59.98],[9.421,59.965],[9.417,59.955],[9.413,59.948],[9.414,59.944],[9.405,59.94],[9.395,59.934],[9.383,59.93],[9.377,59.929],[9.375,59.925],[9.383,59.922],[9.379,59.918],[9.372,59.918],[9.366,59.916],[9.361,59.916],[9.353,59.912],[9.33,59.905],[9.314,59.902],[9.299,59.899],[9.283,59.896],[9.271,59.894],[9.252,59.889],[9.237,59.884],[9.226,59.882],[9.211,59.882],[9.185,59.879],[9.179,59.866],[9.183,59.857],[9.185,59.848],[9.189,59.842],[9.188,59.833],[9.185,59.831],[9.186,59.827],[9.203,59.821],[9.236,59.812],[9.242,59.811],[9.252,59.814],[9.257,59.809],[9.264,59.807],[9.291,59.803],[9.301,59.801],[9.33,59.794],[9.351,59.784],[9.368,59.781],[9.377,59.78],[9.388,59.776],[9.416,59.764],[9.424,59.757],[9.438,59.757],[9.441,59.751],[9.453,59.741],[9.46,59.739],[9.462,59.735],[9.484,59.729],[9.528,59.73],[9.563,59.734],[9.579,59.734],[9.58,59.732],[9.586,59.73],[9.586,59.727],[9.591,59.726],[9.601,59.717],[9.606,59.721],[9.612,59.719],[9.615,59.726],[9.622,59.726],[9.628,59.725],[9.632,59.727],[9.645,59.732],[9.722,59.742],[9.715,59.744],[9.714,59.747],[9.713,59.763],[9.715,59.775],[9.718,59.779],[9.718,59.795],[9.721,59.799],[9.718,59.808],[9.71,59.809],[9.709,59.814],[9.712,59.818],[9.707,59.821],[9.707,59.825],[9.71,59.829],[9.709,59.841],[9.711,59.848],[9.708,59.851],[9.709,59.855],[9.696,59.878],[9.695,59.884],[9.689,59.888],[9.685,59.892],[9.676,59.897],[9.688,59.899],[9.697,59.895],[9.7,59.898],[9.701,59.906],[9.693,59.91],[9.689,59.917],[9.684,59.921],[9.675,59.921],[9.657,59.924],[9.667,59.93],[9.66,59.931],[9.65,59.934],[9.638,59.936],[9.625,59.939],[9.617,59.942],[9.61,59.948],[9.604,59.95],[9.589,59.964],[9.592,59.97],[9.564,59.971],[9.563,59.968],[9.556,59.969],[9.551,59.968],[9.544,59.97],[9.537,59.969],[9.528,59.973],[9.509,59.977],[9.51,59.983],[9.513,59.984],[9.509,59.989],[9.501,59.986],[9.493,59.988],[9.452,59.997],[9.448,59.995]]]}},{"type":"Feature","properties":{"id":412352,"maakond_id":607,"name":"Rollag","bbox":[8.971,59.879,9.466,60.152]},"geometry":{"type":"Polygon","coordinates":[[[8.971,60.079],[8.976,60.073],[8.979,60.069],[8.983,60.05],[8.983,60.037],[8.987,60.028],[8.988,60.017],[8.99,60.013],[8.998,60.004],[9,59.998],[9.002,59.997],[8.987,59.991],[8.992,59.985],[8.993,59.981],[9.002,59.983],[9.005,59.981],[9.019,59.984],[9.03,59.979],[9.036,59.975],[9.054,59.969],[9.059,59.962],[9.097,59.959],[9.104,59.959],[9.11,59.956],[9.112,59.95],[9.122,59.948],[9.139,59.939],[9.168,59.932],[9.18,59.929],[9.193,59.917],[9.174,59.9],[9.189,59.897],[9.185,59.879],[9.211,59.882],[9.226,59.882],[9.237,59.884],[9.252,59.889],[9.271,59.894],[9.283,59.896],[9.299,59.899],[9.314,59.902],[9.33,59.905],[9.353,59.912],[9.361,59.916],[9.366,59.916],[9.372,59.918],[9.379,59.918],[9.383,59.922],[9.375,59.925],[9.377,59.929],[9.383,59.93],[9.395,59.934],[9.405,59.94],[9.414,59.944],[9.413,59.948],[9.417,59.955],[9.421,59.965],[9.439,59.98],[9.448,59.981],[9.466,59.987],[9.448,59.995],[9.435,60.004],[9.428,60.015],[9.419,60.024],[9.411,60.028],[9.407,60.034],[9.402,60.037],[9.394,60.038],[9.393,60.045],[9.386,60.048],[9.387,60.052],[9.372,60.056],[9.37,60.063],[9.353,60.073],[9.337,60.08],[9.328,60.081],[9.327,60.083],[9.317,60.085],[9.277,60.089],[9.25,60.119],[9.239,60.129],[9.218,60.152],[9.196,60.146],[9.19,60.142],[9.161,60.13],[9.125,60.117],[9.108,60.1],[9.104,60.096],[9.096,60.087],[9.091,60.076],[9.083,60.072],[9.071,60.073],[9.053,60.071],[9.041,60.072],[9.022,60.075],[9.012,60.077],[8.971,60.079]]]}},{"type":"Feature","properties":{"id":412353,"maakond_id":607,"name":"Nore og Uvdal","bbox":[7.488,60.071,9.218,60.512]},"geometry":{"type":"Polygon","coordinates":[[[8.47,60.486],[8.483,60.481],[8.494,60.477],[8.501,60.478],[8.515,60.48],[8.528,60.48],[8.542,60.477],[8.558,60.472],[8.576,60.464],[8.599,60.449],[8.622,60.442],[8.613,60.435],[8.601,60.431],[8.593,60.43],[8.583,60.428],[8.579,60.423],[8.577,60.416],[8.571,60.405],[8.573,60.404],[8.537,60.399],[8.516,60.403],[8.496,60.401],[8.474,60.394],[8.436,60.386],[8.351,60.373],[8.328,60.371],[8.295,60.366],[8.299,60.362],[8.288,60.359],[8.273,60.358],[8.252,60.354],[8.233,60.356],[8.217,60.353],[8.21,60.349],[8.196,60.346],[8.151,60.344],[8.141,60.341],[8.133,60.342],[8.129,60.346],[8.118,60.347],[8.116,60.35],[8.125,60.356],[8.132,60.361],[8.114,60.365],[8.105,60.363],[8.096,60.362],[8.09,60.36],[8.079,60.359],[8.066,60.352],[8.063,60.348],[8.056,60.346],[8.045,60.351],[8.037,60.361],[8.037,60.364],[8.047,60.367],[8.057,60.374],[8.053,60.379],[7.948,60.395],[7.847,60.384],[7.815,60.376],[7.789,60.372],[7.718,60.385],[7.707,60.389],[7.702,60.392],[7.701,60.396],[7.704,60.401],[7.693,60.406],[7.692,60.413],[7.674,60.294],[7.61,60.244],[7.583,60.176],[7.488,60.099],[7.646,60.127],[7.765,60.116],[7.813,60.103],[7.853,60.116],[7.921,60.137],[8.012,60.155],[8.018,60.155],[8.058,60.164],[8.07,60.168],[8.074,60.169],[8.086,60.176],[8.092,60.177],[8.104,60.184],[8.125,60.183],[8.132,60.186],[8.154,60.185],[8.163,60.18],[8.17,60.174],[8.187,60.173],[8.184,60.177],[8.177,60.182],[8.167,60.186],[8.209,60.188],[8.24,60.183],[8.284,60.175],[8.306,60.175],[8.384,60.181],[8.458,60.17],[8.486,60.169],[8.565,60.177],[8.621,60.174],[8.66,60.172],[8.723,60.183],[8.769,60.17],[8.8,60.156],[8.809,60.153],[8.818,60.153],[8.833,60.149],[8.858,60.139],[8.945,60.101],[8.958,60.098],[8.96,60.091],[8.971,60.079],[9.012,60.077],[9.022,60.075],[9.041,60.072],[9.053,60.071],[9.071,60.073],[9.083,60.072],[9.091,60.076],[9.096,60.087],[9.104,60.096],[9.108,60.1],[9.125,60.117],[9.161,60.13],[9.19,60.142],[9.196,60.146],[9.218,60.152],[9.211,60.158],[9.208,60.162],[9.2,60.167],[9.196,60.178],[9.191,60.185],[9.181,60.203],[9.174,60.212],[9.17,60.232],[9.168,60.239],[9.172,60.26],[9.171,60.274],[9.169,60.283],[9.167,60.285],[9.163,60.293],[9.158,60.297],[9.138,60.306],[9.134,60.321],[9.134,60.334],[9.138,60.354],[9.149,60.364],[9.147,60.364],[9.121,60.381],[9.103,60.39],[9.096,60.393],[9.077,60.401],[9.05,60.415],[9.014,60.431],[8.978,60.441],[8.929,60.452],[8.872,60.462],[8.816,60.478],[8.753,60.493],[8.681,60.512],[8.647,60.508],[8.629,60.501],[8.591,60.51],[8.532,60.496],[8.52,60.494],[8.494,60.491],[8.487,60.488],[8.47,60.486]]]}},{"type":"Feature","properties":{"id":412354,"maakond_id":607,"name":"Hol","bbox":[7.439,60.341,8.622,60.867]},"geometry":{"type":"Polygon","coordinates":[[[8.47,60.486],[8.451,60.484],[8.439,60.483],[8.396,60.477],[8.386,60.47],[8.375,60.48],[8.364,60.488],[8.345,60.498],[8.353,60.524],[8.355,60.533],[8.357,60.537],[8.378,60.541],[8.394,60.543],[8.4,60.544],[8.398,60.559],[8.386,60.561],[8.403,60.576],[8.416,60.576],[8.413,60.584],[8.417,60.588],[8.423,60.589],[8.423,60.595],[8.42,60.602],[8.417,60.614],[8.414,60.617],[8.408,60.62],[8.393,60.624],[8.382,60.627],[8.355,60.647],[8.352,60.647],[8.34,60.65],[8.34,60.655],[8.28,60.664],[8.26,60.671],[8.256,60.687],[8.255,60.695],[8.246,60.695],[8.241,60.697],[8.23,60.697],[8.223,60.699],[8.198,60.699],[8.187,60.702],[8.177,60.703],[8.166,60.702],[8.162,60.706],[8.17,60.707],[8.157,60.713],[8.151,60.714],[8.143,60.719],[8.128,60.717],[8.122,60.714],[8.116,60.716],[8.117,60.72],[8.111,60.722],[8.106,60.726],[8.11,60.732],[8.11,60.734],[8.106,60.738],[8.097,60.743],[8.088,60.744],[8.077,60.742],[8.07,60.746],[8.066,60.746],[8.055,60.754],[8.063,60.754],[8.072,60.75],[8.073,60.753],[8.057,60.765],[8.057,60.76],[8.047,60.759],[8.029,60.766],[8.026,60.769],[8.017,60.772],[8.009,60.772],[8.009,60.776],[8.017,60.777],[8.017,60.782],[8.013,60.788],[8,60.786],[7.998,60.795],[7.995,60.798],[7.982,60.802],[7.968,60.803],[7.961,60.803],[7.951,60.807],[7.938,60.807],[7.937,60.81],[7.931,60.816],[7.924,60.819],[7.92,60.824],[7.923,60.828],[7.918,60.837],[7.91,60.841],[7.906,60.841],[7.893,60.83],[7.822,60.84],[7.775,60.867],[7.75,60.842],[7.718,60.809],[7.704,60.793],[7.722,60.79],[7.726,60.761],[7.713,60.75],[7.704,60.739],[7.685,60.732],[7.615,60.744],[7.47,60.676],[7.439,60.66],[7.546,60.657],[7.636,60.633],[7.622,60.596],[7.631,60.576],[7.632,60.572],[7.64,60.56],[7.673,60.537],[7.732,60.521],[7.726,60.504],[7.718,60.485],[7.704,60.451],[7.694,60.426],[7.692,60.413],[7.693,60.406],[7.704,60.401],[7.701,60.396],[7.702,60.392],[7.707,60.389],[7.718,60.385],[7.789,60.372],[7.815,60.376],[7.847,60.384],[7.948,60.395],[8.053,60.379],[8.057,60.374],[8.047,60.367],[8.037,60.364],[8.037,60.361],[8.045,60.351],[8.056,60.346],[8.063,60.348],[8.066,60.352],[8.079,60.359],[8.09,60.36],[8.096,60.362],[8.105,60.363],[8.114,60.365],[8.132,60.361],[8.125,60.356],[8.116,60.35],[8.118,60.347],[8.129,60.346],[8.133,60.342],[8.141,60.341],[8.151,60.344],[8.196,60.346],[8.21,60.349],[8.217,60.353],[8.233,60.356],[8.252,60.354],[8.273,60.358],[8.288,60.359],[8.299,60.362],[8.295,60.366],[8.328,60.371],[8.351,60.373],[8.436,60.386],[8.474,60.394],[8.496,60.401],[8.516,60.403],[8.537,60.399],[8.573,60.404],[8.571,60.405],[8.577,60.416],[8.579,60.423],[8.583,60.428],[8.593,60.43],[8.601,60.431],[8.613,60.435],[8.622,60.442],[8.599,60.449],[8.576,60.464],[8.558,60.472],[8.542,60.477],[8.528,60.48],[8.515,60.48],[8.501,60.478],[8.494,60.477],[8.483,60.481],[8.47,60.486]]]}},{"type":"Feature","properties":{"id":412355,"maakond_id":607,"name":"Ål","bbox":[7.775,60.47,8.844,60.924]},"geometry":{"type":"Polygon","coordinates":[[[7.775,60.867],[7.822,60.84],[7.893,60.83],[7.906,60.841],[7.91,60.841],[7.918,60.837],[7.923,60.828],[7.92,60.824],[7.924,60.819],[7.931,60.816],[7.937,60.81],[7.938,60.807],[7.951,60.807],[7.961,60.803],[7.968,60.803],[7.982,60.802],[7.995,60.798],[7.998,60.795],[8,60.786],[8.013,60.788],[8.017,60.782],[8.017,60.777],[8.009,60.776],[8.009,60.772],[8.017,60.772],[8.026,60.769],[8.029,60.766],[8.047,60.759],[8.057,60.76],[8.057,60.765],[8.073,60.753],[8.072,60.75],[8.063,60.754],[8.055,60.754],[8.066,60.746],[8.07,60.746],[8.077,60.742],[8.088,60.744],[8.097,60.743],[8.106,60.738],[8.11,60.734],[8.11,60.732],[8.106,60.726],[8.111,60.722],[8.117,60.72],[8.116,60.716],[8.122,60.714],[8.128,60.717],[8.143,60.719],[8.151,60.714],[8.157,60.713],[8.17,60.707],[8.162,60.706],[8.166,60.702],[8.177,60.703],[8.187,60.702],[8.198,60.699],[8.223,60.699],[8.23,60.697],[8.241,60.697],[8.246,60.695],[8.255,60.695],[8.256,60.687],[8.26,60.671],[8.28,60.664],[8.34,60.655],[8.34,60.65],[8.352,60.647],[8.355,60.647],[8.382,60.627],[8.393,60.624],[8.408,60.62],[8.414,60.617],[8.417,60.614],[8.42,60.602],[8.423,60.595],[8.423,60.589],[8.417,60.588],[8.413,60.584],[8.416,60.576],[8.403,60.576],[8.386,60.561],[8.398,60.559],[8.4,60.544],[8.394,60.543],[8.378,60.541],[8.357,60.537],[8.355,60.533],[8.353,60.524],[8.345,60.498],[8.364,60.488],[8.375,60.48],[8.386,60.47],[8.396,60.477],[8.439,60.483],[8.451,60.484],[8.47,60.486],[8.487,60.488],[8.494,60.491],[8.52,60.494],[8.532,60.496],[8.591,60.51],[8.629,60.501],[8.647,60.508],[8.681,60.512],[8.7,60.531],[8.706,60.544],[8.716,60.548],[8.729,60.55],[8.734,60.558],[8.717,60.56],[8.703,60.57],[8.722,60.578],[8.746,60.582],[8.758,60.586],[8.791,60.592],[8.827,60.613],[8.836,60.621],[8.843,60.631],[8.844,60.637],[8.827,60.652],[8.803,60.666],[8.802,60.671],[8.797,60.67],[8.785,60.679],[8.78,60.689],[8.779,60.697],[8.779,60.709],[8.778,60.714],[8.764,60.724],[8.759,60.725],[8.762,60.728],[8.747,60.739],[8.738,60.741],[8.729,60.742],[8.727,60.749],[8.721,60.756],[8.719,60.765],[8.717,60.767],[8.698,60.769],[8.671,60.771],[8.646,60.768],[8.594,60.78],[8.591,60.784],[8.576,60.786],[8.563,60.797],[8.546,60.804],[8.505,60.793],[8.468,60.784],[8.47,60.8],[8.46,60.812],[8.465,60.815],[8.438,60.823],[8.403,60.835],[8.385,60.833],[8.369,60.832],[8.355,60.832],[8.339,60.835],[8.339,60.865],[8.335,60.867],[8.323,60.868],[8.299,60.872],[8.235,60.871],[8.16,60.874],[8.133,60.878],[8.093,60.885],[8.041,60.893],[7.98,60.902],[7.935,60.897],[7.913,60.91],[7.879,60.924],[7.852,60.92],[7.803,60.897],[7.775,60.867]]]}},{"type":"Feature","properties":{"id":412356,"maakond_id":607,"name":"Hemsedal","bbox":[8.041,60.764,8.919,61.092]},"geometry":{"type":"Polygon","coordinates":[[[8.657,60.939],[8.621,60.952],[8.63,60.957],[8.627,60.96],[8.633,60.962],[8.627,60.966],[8.626,60.971],[8.618,60.975],[8.609,60.979],[8.608,60.982],[8.581,60.994],[8.569,60.995],[8.559,61.004],[8.543,61.01],[8.527,61.012],[8.522,61.013],[8.513,61.013],[8.509,61.018],[8.499,61.018],[8.481,61.022],[8.468,61.019],[8.452,61.019],[8.442,61.021],[8.436,61.026],[8.425,61.029],[8.366,61.048],[8.36,61.055],[8.309,61.092],[8.27,61.081],[8.252,61.074],[8.214,61.054],[8.24,61.05],[8.283,61.033],[8.265,61.017],[8.257,61.009],[8.247,61.01],[8.229,61.009],[8.221,61.004],[8.221,61],[8.233,60.994],[8.223,60.968],[8.209,60.97],[8.184,60.969],[8.17,60.978],[8.154,60.982],[8.152,60.979],[8.138,60.973],[8.091,60.934],[8.041,60.893],[8.093,60.885],[8.133,60.878],[8.16,60.874],[8.235,60.871],[8.299,60.872],[8.323,60.868],[8.335,60.867],[8.339,60.865],[8.339,60.835],[8.355,60.832],[8.369,60.832],[8.385,60.833],[8.403,60.835],[8.438,60.823],[8.465,60.815],[8.46,60.812],[8.47,60.8],[8.468,60.784],[8.505,60.793],[8.546,60.804],[8.563,60.797],[8.576,60.786],[8.591,60.784],[8.594,60.78],[8.646,60.768],[8.671,60.771],[8.698,60.769],[8.717,60.767],[8.719,60.765],[8.724,60.764],[8.723,60.77],[8.745,60.783],[8.765,60.795],[8.78,60.812],[8.788,60.819],[8.798,60.834],[8.811,60.848],[8.832,60.857],[8.828,60.871],[8.835,60.872],[8.845,60.87],[8.849,60.871],[8.919,60.863],[8.919,60.869],[8.913,60.873],[8.911,60.876],[8.898,60.883],[8.894,60.89],[8.896,60.894],[8.889,60.897],[8.871,60.897],[8.835,60.9],[8.814,60.901],[8.733,60.92],[8.693,60.925],[8.654,60.936],[8.657,60.939]]]}},{"type":"Feature","properties":{"id":412357,"maakond_id":607,"name":"Gol","bbox":[8.719,60.631,9.332,60.872]},"geometry":{"type":"Polygon","coordinates":[[[8.843,60.631],[8.857,60.636],[8.866,60.647],[8.865,60.652],[8.878,60.656],[8.894,60.658],[8.911,60.662],[8.958,60.671],[8.97,60.671],[9.003,60.674],[9.007,60.67],[9.016,60.663],[9.031,60.668],[9.054,60.655],[9.055,60.652],[9.051,60.645],[9.063,60.634],[9.078,60.634],[9.086,60.636],[9.09,60.64],[9.085,60.641],[9.101,60.651],[9.124,60.657],[9.136,60.661],[9.147,60.662],[9.147,60.654],[9.16,60.656],[9.184,60.665],[9.228,60.675],[9.246,60.683],[9.253,60.683],[9.262,60.689],[9.298,60.697],[9.297,60.701],[9.303,60.701],[9.318,60.699],[9.329,60.708],[9.332,60.73],[9.305,60.745],[9.291,60.762],[9.258,60.767],[9.242,60.767],[9.216,60.771],[9.195,60.786],[9.194,60.79],[9.166,60.799],[9.147,60.807],[9.12,60.813],[9.089,60.816],[9.041,60.831],[9.025,60.835],[9.015,60.839],[8.992,60.843],[8.964,60.852],[8.938,60.861],[8.919,60.863],[8.849,60.871],[8.845,60.87],[8.835,60.872],[8.828,60.871],[8.832,60.857],[8.811,60.848],[8.798,60.834],[8.788,60.819],[8.78,60.812],[8.765,60.795],[8.745,60.783],[8.723,60.77],[8.724,60.764],[8.719,60.765],[8.721,60.756],[8.727,60.749],[8.729,60.742],[8.738,60.741],[8.747,60.739],[8.762,60.728],[8.759,60.725],[8.764,60.724],[8.778,60.714],[8.779,60.709],[8.779,60.697],[8.78,60.689],[8.785,60.679],[8.797,60.67],[8.802,60.671],[8.803,60.666],[8.827,60.652],[8.844,60.637],[8.843,60.631]]]}},{"type":"Feature","properties":{"id":412358,"maakond_id":607,"name":"Nesbyen","bbox":[8.681,60.393,9.435,60.701]},"geometry":{"type":"Polygon","coordinates":[[[8.843,60.631],[8.836,60.621],[8.827,60.613],[8.791,60.592],[8.758,60.586],[8.746,60.582],[8.722,60.578],[8.703,60.57],[8.717,60.56],[8.734,60.558],[8.729,60.55],[8.716,60.548],[8.706,60.544],[8.7,60.531],[8.681,60.512],[8.753,60.493],[8.816,60.478],[8.872,60.462],[8.929,60.452],[8.978,60.441],[9.014,60.431],[9.05,60.415],[9.077,60.401],[9.096,60.393],[9.1,60.394],[9.117,60.395],[9.145,60.402],[9.151,60.404],[9.187,60.415],[9.194,60.418],[9.214,60.424],[9.236,60.43],[9.241,60.437],[9.249,60.442],[9.256,60.443],[9.256,60.447],[9.265,60.453],[9.269,60.457],[9.265,60.458],[9.286,60.474],[9.295,60.483],[9.313,60.498],[9.319,60.514],[9.34,60.534],[9.346,60.561],[9.351,60.565],[9.375,60.563],[9.392,60.57],[9.411,60.572],[9.412,60.58],[9.411,60.583],[9.416,60.585],[9.423,60.591],[9.432,60.595],[9.435,60.6],[9.426,60.605],[9.425,60.609],[9.421,60.613],[9.4,60.614],[9.393,60.616],[9.381,60.62],[9.374,60.626],[9.367,60.631],[9.361,60.639],[9.366,60.648],[9.358,60.656],[9.353,60.667],[9.328,60.675],[9.319,60.682],[9.318,60.699],[9.303,60.701],[9.297,60.701],[9.298,60.697],[9.262,60.689],[9.253,60.683],[9.246,60.683],[9.228,60.675],[9.184,60.665],[9.16,60.656],[9.147,60.654],[9.147,60.662],[9.136,60.661],[9.124,60.657],[9.101,60.651],[9.085,60.641],[9.09,60.64],[9.086,60.636],[9.078,60.634],[9.063,60.634],[9.051,60.645],[9.055,60.652],[9.054,60.655],[9.031,60.668],[9.016,60.663],[9.007,60.67],[9.003,60.674],[8.97,60.671],[8.958,60.671],[8.911,60.662],[8.894,60.658],[8.878,60.656],[8.865,60.652],[8.866,60.647],[8.857,60.636],[8.843,60.631]]]}},{"type":"Feature","properties":{"id":412359,"maakond_id":607,"name":"Flå","bbox":[9.096,60.297,9.844,60.572]},"geometry":{"type":"Polygon","coordinates":[[[9.411,60.572],[9.392,60.57],[9.375,60.563],[9.351,60.565],[9.346,60.561],[9.34,60.534],[9.319,60.514],[9.313,60.498],[9.295,60.483],[9.286,60.474],[9.265,60.458],[9.269,60.457],[9.265,60.453],[9.256,60.447],[9.256,60.443],[9.249,60.442],[9.241,60.437],[9.236,60.43],[9.214,60.424],[9.194,60.418],[9.187,60.415],[9.151,60.404],[9.145,60.402],[9.117,60.395],[9.1,60.394],[9.096,60.393],[9.103,60.39],[9.121,60.381],[9.147,60.364],[9.149,60.364],[9.174,60.365],[9.191,60.364],[9.22,60.357],[9.234,60.36],[9.246,60.358],[9.258,60.354],[9.261,60.351],[9.274,60.348],[9.278,60.345],[9.283,60.347],[9.324,60.342],[9.36,60.335],[9.395,60.318],[9.414,60.31],[9.459,60.297],[9.487,60.3],[9.5,60.302],[9.526,60.304],[9.558,60.301],[9.609,60.307],[9.653,60.311],[9.674,60.314],[9.701,60.313],[9.707,60.314],[9.722,60.315],[9.733,60.315],[9.747,60.317],[9.768,60.321],[9.779,60.323],[9.789,60.326],[9.796,60.326],[9.797,60.328],[9.807,60.349],[9.812,60.36],[9.816,60.365],[9.832,60.368],[9.835,60.369],[9.825,60.372],[9.801,60.358],[9.769,60.347],[9.742,60.356],[9.781,60.371],[9.81,60.383],[9.826,60.389],[9.822,60.395],[9.817,60.406],[9.808,60.413],[9.806,60.418],[9.839,60.433],[9.844,60.437],[9.844,60.44],[9.839,60.443],[9.835,60.442],[9.831,60.45],[9.831,60.456],[9.822,60.456],[9.801,60.454],[9.788,60.457],[9.718,60.474],[9.679,60.483],[9.639,60.493],[9.635,60.496],[9.61,60.501],[9.62,60.508],[9.617,60.513],[9.613,60.516],[9.616,60.521],[9.607,60.539],[9.588,60.536],[9.579,60.534],[9.523,60.532],[9.517,60.531],[9.516,60.528],[9.496,60.528],[9.484,60.529],[9.479,60.53],[9.458,60.541],[9.449,60.544],[9.436,60.545],[9.421,60.548],[9.415,60.552],[9.415,60.555],[9.412,60.562],[9.411,60.572]]]}},{"type":"Feature","properties":{"id":412360,"maakond_id":607,"name":"Ringerike","bbox":[9.705,60.017,10.601,60.638]},"geometry":{"type":"Polygon","coordinates":[[[9.878,60.163],[9.884,60.166],[9.909,60.171],[9.92,60.17],[9.932,60.167],[9.962,60.16],[9.95,60.149],[9.949,60.146],[9.948,60.134],[9.957,60.121],[9.963,60.114],[9.962,60.112],[9.952,60.106],[9.955,60.097],[9.954,60.088],[9.958,60.086],[9.954,60.083],[9.958,60.072],[9.967,60.068],[9.964,60.064],[9.966,60.06],[9.973,60.061],[9.98,60.06],[9.985,60.062],[9.996,60.061],[10.001,60.047],[10.008,60.044],[10.009,60.04],[10.018,60.042],[10.026,60.038],[10.039,60.04],[10.052,60.039],[10.085,60.03],[10.125,60.044],[10.155,60.097],[10.18,60.097],[10.186,60.099],[10.195,60.103],[10.199,60.107],[10.202,60.115],[10.207,60.116],[10.215,60.115],[10.227,60.115],[10.228,60.119],[10.244,60.116],[10.252,60.113],[10.257,60.116],[10.269,60.116],[10.275,60.121],[10.28,60.123],[10.291,60.121],[10.294,60.126],[10.301,60.127],[10.312,60.125],[10.321,60.125],[10.321,60.121],[10.329,60.098],[10.342,60.095],[10.347,60.096],[10.351,60.09],[10.346,60.084],[10.351,60.079],[10.349,60.077],[10.34,60.08],[10.337,60.075],[10.346,60.071],[10.371,60.07],[10.403,60.067],[10.402,60.064],[10.406,60.061],[10.407,60.051],[10.419,60.053],[10.423,60.052],[10.438,60.054],[10.467,60.058],[10.467,60.046],[10.478,60.032],[10.489,60.017],[10.581,60.076],[10.597,60.077],[10.593,60.083],[10.592,60.094],[10.589,60.1],[10.583,60.107],[10.573,60.117],[10.601,60.132],[10.6,60.135],[10.596,60.137],[10.593,60.142],[10.597,60.145],[10.588,60.15],[10.577,60.151],[10.572,60.153],[10.561,60.166],[10.545,60.165],[10.534,60.169],[10.526,60.17],[10.524,60.172],[10.513,60.171],[10.495,60.173],[10.494,60.176],[10.487,60.177],[10.477,60.184],[10.461,60.189],[10.452,60.192],[10.433,60.202],[10.419,60.208],[10.392,60.218],[10.383,60.219],[10.375,60.224],[10.369,60.221],[10.36,60.221],[10.357,60.217],[10.347,60.223],[10.336,60.226],[10.331,60.228],[10.326,60.236],[10.317,60.24],[10.31,60.245],[10.309,60.254],[10.315,60.261],[10.319,60.263],[10.28,60.294],[10.256,60.318],[10.248,60.326],[10.243,60.335],[10.238,60.341],[10.226,60.348],[10.22,60.357],[10.21,60.365],[10.199,60.376],[10.2,60.379],[10.196,60.393],[10.194,60.4],[10.19,60.409],[10.189,60.417],[10.185,60.426],[10.182,60.434],[10.178,60.453],[10.175,60.46],[10.173,60.472],[10.176,60.478],[10.173,60.486],[10.169,60.492],[10.168,60.496],[10.163,60.5],[10.154,60.525],[10.125,60.536],[10.12,60.541],[10.11,60.547],[10.107,60.55],[10.109,60.556],[10.106,60.557],[10.094,60.56],[10.092,60.566],[10.083,60.579],[10.071,60.6],[10.065,60.608],[10.052,60.618],[10.035,60.632],[10.005,60.634],[9.999,60.635],[9.973,60.638],[9.963,60.638],[9.947,60.636],[9.924,60.635],[9.921,60.633],[9.903,60.634],[9.909,60.628],[9.914,60.626],[9.92,60.62],[9.934,60.615],[9.942,60.616],[9.948,60.615],[9.952,60.611],[9.944,60.603],[9.923,60.597],[9.881,60.584],[9.862,60.572],[9.853,60.569],[9.844,60.58],[9.843,60.587],[9.832,60.58],[9.825,60.571],[9.81,60.556],[9.813,60.55],[9.811,60.549],[9.812,60.543],[9.811,60.538],[9.815,60.532],[9.817,60.526],[9.815,60.518],[9.812,60.513],[9.815,60.511],[9.814,60.504],[9.822,60.5],[9.822,60.495],[9.826,60.493],[9.824,60.49],[9.825,60.485],[9.829,60.479],[9.827,60.476],[9.828,60.471],[9.831,60.468],[9.829,60.463],[9.831,60.456],[9.831,60.45],[9.835,60.442],[9.839,60.443],[9.844,60.44],[9.844,60.437],[9.839,60.433],[9.806,60.418],[9.808,60.413],[9.817,60.406],[9.822,60.395],[9.826,60.389],[9.81,60.383],[9.781,60.371],[9.742,60.356],[9.769,60.347],[9.801,60.358],[9.825,60.372],[9.835,60.369],[9.832,60.368],[9.816,60.365],[9.812,60.36],[9.807,60.349],[9.797,60.328],[9.796,60.326],[9.789,60.326],[9.779,60.323],[9.768,60.321],[9.747,60.317],[9.733,60.315],[9.722,60.315],[9.707,60.314],[9.711,60.306],[9.705,60.302],[9.705,60.298],[9.71,60.294],[9.718,60.291],[9.727,60.289],[9.736,60.282],[9.745,60.279],[9.758,60.273],[9.764,60.273],[9.764,60.267],[9.753,60.262],[9.746,60.261],[9.741,60.257],[9.747,60.255],[9.741,60.252],[9.743,60.248],[9.748,60.245],[9.745,60.242],[9.754,60.235],[9.76,60.236],[9.763,60.228],[9.768,60.222],[9.771,60.21],[9.78,60.209],[9.788,60.202],[9.803,60.2],[9.812,60.202],[9.819,60.198],[9.831,60.195],[9.842,60.187],[9.857,60.186],[9.862,60.182],[9.866,60.182],[9.874,60.179],[9.878,60.163]]]}},{"type":"Feature","properties":{"id":412361,"maakond_id":607,"name":"Krødsherad","bbox":[9.459,60.071,9.882,60.314]},"geometry":{"type":"Polygon","coordinates":[[[9.878,60.163],[9.874,60.179],[9.866,60.182],[9.862,60.182],[9.857,60.186],[9.842,60.187],[9.831,60.195],[9.819,60.198],[9.812,60.202],[9.803,60.2],[9.788,60.202],[9.78,60.209],[9.771,60.21],[9.768,60.222],[9.763,60.228],[9.76,60.236],[9.754,60.235],[9.745,60.242],[9.748,60.245],[9.743,60.248],[9.741,60.252],[9.747,60.255],[9.741,60.257],[9.746,60.261],[9.753,60.262],[9.764,60.267],[9.764,60.273],[9.758,60.273],[9.745,60.279],[9.736,60.282],[9.727,60.289],[9.718,60.291],[9.71,60.294],[9.705,60.298],[9.705,60.302],[9.711,60.306],[9.707,60.314],[9.701,60.313],[9.674,60.314],[9.653,60.311],[9.609,60.307],[9.558,60.301],[9.526,60.304],[9.5,60.302],[9.487,60.3],[9.459,60.297],[9.459,60.291],[9.467,60.286],[9.487,60.261],[9.497,60.243],[9.503,60.24],[9.502,60.235],[9.504,60.218],[9.509,60.192],[9.502,60.188],[9.494,60.181],[9.492,60.175],[9.492,60.166],[9.496,60.161],[9.511,60.154],[9.533,60.152],[9.542,60.15],[9.551,60.146],[9.554,60.146],[9.582,60.13],[9.589,60.128],[9.617,60.116],[9.628,60.116],[9.641,60.114],[9.658,60.11],[9.674,60.102],[9.689,60.098],[9.705,60.095],[9.753,60.078],[9.758,60.071],[9.777,60.082],[9.794,60.09],[9.804,60.092],[9.821,60.096],[9.844,60.108],[9.854,60.112],[9.86,60.116],[9.862,60.12],[9.869,60.125],[9.882,60.127],[9.881,60.138],[9.878,60.144],[9.877,60.151],[9.879,60.159],[9.878,60.163]]]}},{"type":"Feature","properties":{"id":412362,"maakond_id":607,"name":"Sigdal","bbox":[9.134,59.896,9.859,60.365]},"geometry":{"type":"Polygon","coordinates":[[[9.738,59.898],[9.736,59.899],[9.73,59.907],[9.731,59.91],[9.725,59.918],[9.721,59.92],[9.713,59.931],[9.714,59.934],[9.723,59.936],[9.737,59.94],[9.754,59.949],[9.753,59.955],[9.762,59.957],[9.769,59.96],[9.777,59.958],[9.781,59.96],[9.788,59.961],[9.794,59.959],[9.801,59.958],[9.8,59.954],[9.804,59.952],[9.808,59.948],[9.813,59.952],[9.825,59.956],[9.829,59.957],[9.83,59.952],[9.842,59.956],[9.844,59.96],[9.859,59.965],[9.858,59.969],[9.85,59.978],[9.837,59.988],[9.823,60],[9.815,60.006],[9.807,60.012],[9.787,60.036],[9.78,60.041],[9.768,60.055],[9.763,60.066],[9.758,60.071],[9.753,60.078],[9.705,60.095],[9.689,60.098],[9.674,60.102],[9.658,60.11],[9.641,60.114],[9.628,60.116],[9.617,60.116],[9.589,60.128],[9.582,60.13],[9.554,60.146],[9.551,60.146],[9.542,60.15],[9.533,60.152],[9.511,60.154],[9.496,60.161],[9.492,60.166],[9.492,60.175],[9.494,60.181],[9.502,60.188],[9.509,60.192],[9.504,60.218],[9.502,60.235],[9.503,60.24],[9.497,60.243],[9.487,60.261],[9.467,60.286],[9.459,60.291],[9.459,60.297],[9.414,60.31],[9.395,60.318],[9.36,60.335],[9.324,60.342],[9.283,60.347],[9.278,60.345],[9.274,60.348],[9.261,60.351],[9.258,60.354],[9.246,60.358],[9.234,60.36],[9.22,60.357],[9.191,60.364],[9.174,60.365],[9.149,60.364],[9.138,60.354],[9.134,60.334],[9.134,60.321],[9.138,60.306],[9.158,60.297],[9.163,60.293],[9.167,60.285],[9.169,60.283],[9.171,60.274],[9.172,60.26],[9.168,60.239],[9.17,60.232],[9.174,60.212],[9.181,60.203],[9.191,60.185],[9.196,60.178],[9.2,60.167],[9.208,60.162],[9.211,60.158],[9.218,60.152],[9.239,60.129],[9.25,60.119],[9.277,60.089],[9.317,60.085],[9.327,60.083],[9.328,60.081],[9.337,60.08],[9.353,60.073],[9.37,60.063],[9.372,60.056],[9.387,60.052],[9.386,60.048],[9.393,60.045],[9.394,60.038],[9.402,60.037],[9.407,60.034],[9.411,60.028],[9.419,60.024],[9.428,60.015],[9.435,60.004],[9.448,59.995],[9.452,59.997],[9.493,59.988],[9.501,59.986],[9.509,59.989],[9.513,59.984],[9.51,59.983],[9.509,59.977],[9.528,59.973],[9.537,59.969],[9.544,59.97],[9.551,59.968],[9.556,59.969],[9.563,59.968],[9.564,59.971],[9.592,59.97],[9.589,59.964],[9.604,59.95],[9.61,59.948],[9.617,59.942],[9.625,59.939],[9.638,59.936],[9.65,59.934],[9.66,59.931],[9.667,59.93],[9.657,59.924],[9.675,59.921],[9.684,59.921],[9.689,59.917],[9.693,59.91],[9.701,59.906],[9.711,59.904],[9.731,59.896],[9.738,59.898]]]}},{"type":"Feature","properties":{"id":412363,"maakond_id":607,"name":"Modum","bbox":[9.713,59.85,10.294,60.171]},"geometry":{"type":"Polygon","coordinates":[[[10.062,59.863],[10.073,59.868],[10.072,59.877],[10.078,59.881],[10.085,59.888],[10.103,59.893],[10.112,59.897],[10.115,59.897],[10.125,59.9],[10.122,59.912],[10.117,59.918],[10.116,59.925],[10.118,59.928],[10.108,59.935],[10.105,59.939],[10.114,59.944],[10.145,59.942],[10.171,59.943],[10.185,59.945],[10.188,59.955],[10.192,59.961],[10.198,59.961],[10.208,59.964],[10.218,59.969],[10.239,59.968],[10.249,59.968],[10.266,59.971],[10.28,59.971],[10.294,59.975],[10.209,60.02],[10.125,60.044],[10.085,60.03],[10.052,60.039],[10.039,60.04],[10.026,60.038],[10.018,60.042],[10.009,60.04],[10.008,60.044],[10.001,60.047],[9.996,60.061],[9.985,60.062],[9.98,60.06],[9.973,60.061],[9.966,60.06],[9.964,60.064],[9.967,60.068],[9.958,60.072],[9.954,60.083],[9.958,60.086],[9.954,60.088],[9.955,60.097],[9.952,60.106],[9.962,60.112],[9.963,60.114],[9.957,60.121],[9.948,60.134],[9.949,60.146],[9.95,60.149],[9.962,60.16],[9.932,60.167],[9.92,60.17],[9.909,60.171],[9.884,60.166],[9.878,60.163],[9.879,60.159],[9.877,60.151],[9.878,60.144],[9.881,60.138],[9.882,60.127],[9.869,60.125],[9.862,60.12],[9.86,60.116],[9.854,60.112],[9.844,60.108],[9.821,60.096],[9.804,60.092],[9.794,60.09],[9.777,60.082],[9.758,60.071],[9.763,60.066],[9.768,60.055],[9.78,60.041],[9.787,60.036],[9.807,60.012],[9.815,60.006],[9.823,60],[9.837,59.988],[9.85,59.978],[9.858,59.969],[9.859,59.965],[9.844,59.96],[9.842,59.956],[9.83,59.952],[9.829,59.957],[9.825,59.956],[9.813,59.952],[9.808,59.948],[9.804,59.952],[9.8,59.954],[9.801,59.958],[9.794,59.959],[9.788,59.961],[9.781,59.96],[9.777,59.958],[9.769,59.96],[9.762,59.957],[9.753,59.955],[9.754,59.949],[9.737,59.94],[9.723,59.936],[9.714,59.934],[9.713,59.931],[9.721,59.92],[9.725,59.918],[9.731,59.91],[9.73,59.907],[9.736,59.899],[9.738,59.898],[9.744,59.893],[9.76,59.892],[9.762,59.889],[9.771,59.891],[9.78,59.891],[9.785,59.887],[9.79,59.885],[9.798,59.884],[9.81,59.881],[9.819,59.873],[9.824,59.87],[9.822,59.868],[9.828,59.865],[9.836,59.865],[9.841,59.866],[9.853,59.865],[9.867,59.866],[9.871,59.861],[9.883,59.86],[9.888,59.858],[9.886,59.854],[9.89,59.85],[9.898,59.852],[9.897,59.861],[9.892,59.866],[9.892,59.871],[9.897,59.876],[9.911,59.882],[9.917,59.878],[9.922,59.878],[9.929,59.874],[9.938,59.874],[9.954,59.873],[9.962,59.873],[9.983,59.869],[9.997,59.871],[10.004,59.871],[10.02,59.872],[10.025,59.868],[10.023,59.864],[10.029,59.859],[10.039,59.858],[10.062,59.863]]]}},{"type":"Feature","properties":{"id":412406,"maakond_id":608,"name":"Skjåk","bbox":[7.343,61.679,8.591,62.19]},"geometry":{"type":"Polygon","coordinates":[[[7.904,61.679],[8.011,61.732],[8.093,61.739],[8.127,61.742],[8.141,61.75],[8.192,61.778],[8.23,61.785],[8.269,61.809],[8.301,61.817],[8.368,61.819],[8.44,61.843],[8.468,61.852],[8.476,61.857],[8.485,61.865],[8.503,61.87],[8.508,61.875],[8.525,61.895],[8.468,61.922],[8.436,61.937],[8.468,61.952],[8.573,62],[8.591,62.008],[8.471,62.014],[8.391,62.001],[8.218,62.003],[8.134,62.026],[8.082,62.048],[7.984,62.177],[7.921,62.173],[7.864,62.171],[7.827,62.19],[7.783,62.186],[7.735,62.185],[7.655,62.141],[7.579,62.122],[7.61,62.103],[7.612,62.099],[7.632,62.085],[7.592,62.075],[7.584,62.065],[7.554,62.069],[7.514,62.097],[7.486,62.09],[7.451,62.088],[7.415,62.092],[7.408,62.088],[7.416,62.085],[7.415,62.081],[7.41,62.077],[7.406,62.069],[7.4,62.068],[7.399,62.062],[7.403,62.061],[7.396,62.057],[7.384,62.052],[7.343,62.035],[7.353,62.029],[7.352,62.018],[7.349,62.008],[7.368,62.003],[7.381,62.003],[7.39,61.996],[7.393,61.993],[7.399,61.978],[7.389,61.933],[7.414,61.892],[7.413,61.858],[7.423,61.845],[7.492,61.778],[7.496,61.774],[7.515,61.76],[7.515,61.75],[7.514,61.727],[7.572,61.735],[7.629,61.741],[7.685,61.743],[7.753,61.755],[7.842,61.743],[7.908,61.722],[7.904,61.679]]]}},{"type":"Feature","properties":{"id":412407,"maakond_id":608,"name":"Lesja","bbox":[7.984,62.001,9.319,62.378]},"geometry":{"type":"Polygon","coordinates":[[[8.872,62.009],[8.894,62.008],[8.906,62.007],[8.917,62.003],[8.922,62.01],[8.965,62.013],[8.975,62.019],[8.986,62.019],[9.015,62.018],[9.01,62.047],[9.054,62.05],[9.064,62.055],[9.072,62.073],[9.08,62.079],[9.087,62.083],[9.099,62.085],[9.104,62.089],[9.106,62.095],[9.104,62.096],[9.108,62.105],[9.104,62.108],[9.096,62.109],[9.086,62.109],[9.079,62.111],[9.087,62.117],[9.096,62.121],[9.094,62.127],[9.155,62.141],[9.224,62.18],[9.287,62.196],[9.306,62.236],[9.319,62.253],[9.307,62.266],[9.274,62.292],[9.222,62.321],[9.213,62.343],[9.097,62.363],[9.062,62.373],[9.02,62.359],[8.971,62.354],[8.932,62.353],[8.919,62.353],[8.89,62.375],[8.793,62.378],[8.732,62.377],[8.635,62.374],[8.626,62.374],[8.463,62.363],[8.389,62.364],[8.275,62.348],[8.236,62.338],[8.218,62.334],[8.206,62.332],[8.176,62.31],[8.17,62.305],[8.144,62.297],[8.132,62.291],[8.13,62.286],[8.11,62.274],[8.108,62.27],[8.094,62.259],[8.086,62.254],[8.08,62.252],[7.984,62.177],[8.082,62.048],[8.134,62.026],[8.218,62.003],[8.391,62.001],[8.471,62.014],[8.591,62.008],[8.665,62.009],[8.678,62.009],[8.683,62.012],[8.7,62.016],[8.705,62.015],[8.718,62.017],[8.728,62.02],[8.734,62.021],[8.744,62.026],[8.752,62.027],[8.755,62.029],[8.762,62.031],[8.775,62.029],[8.791,62.02],[8.802,62.017],[8.809,62.014],[8.817,62.013],[8.831,62.013],[8.84,62.012],[8.849,62.013],[8.862,62.012],[8.872,62.009]]]}},{"type":"Feature","properties":{"id":412408,"maakond_id":608,"name":"Dovre","bbox":[9.01,61.886,9.928,62.343]},"geometry":{"type":"Polygon","coordinates":[[[9.848,61.904],[9.851,61.915],[9.87,61.949],[9.85,61.981],[9.844,62],[9.841,62.005],[9.839,62.013],[9.876,62.041],[9.926,62.046],[9.928,62.048],[9.92,62.054],[9.92,62.06],[9.916,62.062],[9.911,62.069],[9.896,62.075],[9.866,62.095],[9.765,62.123],[9.718,62.13],[9.651,62.139],[9.606,62.167],[9.601,62.175],[9.584,62.185],[9.612,62.199],[9.625,62.198],[9.634,62.196],[9.644,62.197],[9.681,62.218],[9.684,62.221],[9.679,62.223],[9.685,62.229],[9.69,62.228],[9.72,62.258],[9.731,62.262],[9.734,62.266],[9.745,62.269],[9.748,62.273],[9.772,62.278],[9.779,62.281],[9.792,62.288],[9.718,62.283],[9.692,62.277],[9.634,62.263],[9.602,62.256],[9.551,62.269],[9.547,62.27],[9.515,62.278],[9.487,62.292],[9.484,62.292],[9.361,62.318],[9.224,62.342],[9.213,62.343],[9.222,62.321],[9.274,62.292],[9.307,62.266],[9.319,62.253],[9.306,62.236],[9.287,62.196],[9.224,62.18],[9.155,62.141],[9.094,62.127],[9.096,62.121],[9.087,62.117],[9.079,62.111],[9.086,62.109],[9.096,62.109],[9.104,62.108],[9.108,62.105],[9.104,62.096],[9.106,62.095],[9.104,62.089],[9.099,62.085],[9.087,62.083],[9.08,62.079],[9.072,62.073],[9.064,62.055],[9.054,62.05],[9.01,62.047],[9.015,62.018],[9.033,62.003],[9.081,61.974],[9.092,61.97],[9.107,61.959],[9.165,61.946],[9.167,61.944],[9.172,61.931],[9.2,61.926],[9.217,61.911],[9.246,61.905],[9.267,61.906],[9.285,61.897],[9.316,61.889],[9.369,61.886],[9.39,61.897],[9.397,61.896],[9.409,61.902],[9.412,61.9],[9.46,61.917],[9.507,61.933],[9.577,61.957],[9.624,61.948],[9.646,61.935],[9.666,61.913],[9.739,61.909],[9.804,61.912],[9.848,61.904]]]}},{"type":"Feature","properties":{"id":412409,"maakond_id":608,"name":"Lom","bbox":[7.896,61.398,8.992,62.031]},"geometry":{"type":"Polygon","coordinates":[[[8.303,61.446],[8.381,61.416],[8.41,61.418],[8.422,61.415],[8.466,61.398],[8.512,61.403],[8.509,61.414],[8.512,61.418],[8.501,61.43],[8.495,61.447],[8.489,61.451],[8.506,61.456],[8.514,61.459],[8.542,61.465],[8.563,61.471],[8.582,61.474],[8.595,61.479],[8.609,61.482],[8.622,61.485],[8.633,61.488],[8.634,61.491],[8.622,61.5],[8.581,61.528],[8.573,61.534],[8.557,61.544],[8.533,61.572],[8.534,61.584],[8.619,61.588],[8.658,61.593],[8.691,61.6],[8.697,61.606],[8.76,61.603],[8.795,61.627],[8.813,61.637],[8.838,61.642],[8.861,61.653],[8.863,61.663],[8.866,61.673],[8.86,61.677],[8.862,61.681],[8.859,61.689],[8.864,61.696],[8.863,61.699],[8.873,61.713],[8.899,61.724],[8.93,61.735],[8.947,61.736],[8.953,61.738],[8.964,61.74],[8.968,61.745],[8.976,61.743],[8.977,61.741],[8.985,61.738],[8.992,61.739],[8.991,61.75],[8.988,61.757],[8.979,61.769],[8.969,61.77],[8.961,61.773],[8.955,61.781],[8.963,61.791],[8.965,61.798],[8.962,61.801],[8.945,61.806],[8.943,61.813],[8.941,61.815],[8.922,61.817],[8.895,61.819],[8.869,61.825],[8.87,61.833],[8.872,61.844],[8.872,61.85],[8.875,61.851],[8.873,61.856],[8.864,61.869],[8.861,61.89],[8.868,61.904],[8.889,61.933],[8.894,61.945],[8.891,61.954],[8.894,61.954],[8.896,61.96],[8.891,61.962],[8.881,61.968],[8.871,61.968],[8.872,62.009],[8.862,62.012],[8.849,62.013],[8.84,62.012],[8.831,62.013],[8.817,62.013],[8.809,62.014],[8.802,62.017],[8.791,62.02],[8.775,62.029],[8.762,62.031],[8.755,62.029],[8.752,62.027],[8.744,62.026],[8.734,62.021],[8.728,62.02],[8.718,62.017],[8.705,62.015],[8.7,62.016],[8.683,62.012],[8.678,62.009],[8.665,62.009],[8.591,62.008],[8.573,62],[8.468,61.952],[8.436,61.937],[8.468,61.922],[8.525,61.895],[8.508,61.875],[8.503,61.87],[8.485,61.865],[8.476,61.857],[8.468,61.852],[8.44,61.843],[8.368,61.819],[8.301,61.817],[8.269,61.809],[8.23,61.785],[8.192,61.778],[8.141,61.75],[8.127,61.742],[8.093,61.739],[8.011,61.732],[7.904,61.679],[7.896,61.644],[7.933,61.602],[7.943,61.582],[7.947,61.557],[8.016,61.54],[8.118,61.523],[8.196,61.548],[8.262,61.534],[8.273,61.517],[8.288,61.49],[8.304,61.479],[8.322,61.456],[8.303,61.446]]]}},{"type":"Feature","properties":{"id":412410,"maakond_id":608,"name":"Vågå","bbox":[8.489,61.387,9.431,62.019]},"geometry":{"type":"Polygon","coordinates":[[[8.872,62.009],[8.871,61.968],[8.881,61.968],[8.891,61.962],[8.896,61.96],[8.894,61.954],[8.891,61.954],[8.894,61.945],[8.889,61.933],[8.868,61.904],[8.861,61.89],[8.864,61.869],[8.873,61.856],[8.875,61.851],[8.872,61.85],[8.872,61.844],[8.87,61.833],[8.869,61.825],[8.895,61.819],[8.922,61.817],[8.941,61.815],[8.943,61.813],[8.945,61.806],[8.962,61.801],[8.965,61.798],[8.963,61.791],[8.955,61.781],[8.961,61.773],[8.969,61.77],[8.979,61.769],[8.988,61.757],[8.991,61.75],[8.992,61.739],[8.985,61.738],[8.977,61.741],[8.976,61.743],[8.968,61.745],[8.964,61.74],[8.953,61.738],[8.947,61.736],[8.93,61.735],[8.899,61.724],[8.873,61.713],[8.863,61.699],[8.864,61.696],[8.859,61.689],[8.862,61.681],[8.86,61.677],[8.866,61.673],[8.863,61.663],[8.861,61.653],[8.838,61.642],[8.813,61.637],[8.795,61.627],[8.76,61.603],[8.697,61.606],[8.691,61.6],[8.658,61.593],[8.619,61.588],[8.534,61.584],[8.533,61.572],[8.557,61.544],[8.573,61.534],[8.581,61.528],[8.622,61.5],[8.634,61.491],[8.633,61.488],[8.622,61.485],[8.609,61.482],[8.595,61.479],[8.582,61.474],[8.563,61.471],[8.542,61.465],[8.514,61.459],[8.506,61.456],[8.489,61.451],[8.495,61.447],[8.501,61.43],[8.512,61.418],[8.509,61.414],[8.512,61.403],[8.554,61.396],[8.58,61.389],[8.621,61.393],[8.646,61.391],[8.699,61.395],[8.721,61.399],[8.759,61.432],[8.765,61.432],[8.769,61.435],[8.784,61.442],[8.781,61.447],[8.782,61.451],[8.826,61.444],[8.937,61.423],[8.94,61.42],[8.951,61.42],[8.957,61.418],[9.016,61.407],[9.07,61.387],[9.091,61.399],[9.106,61.406],[9.115,61.411],[9.124,61.42],[9.14,61.436],[9.145,61.44],[9.146,61.444],[9.145,61.452],[9.145,61.466],[9.14,61.471],[9.131,61.471],[9.102,61.472],[9.074,61.463],[9.06,61.46],[9.035,61.46],[9.028,61.458],[9.013,61.46],[9.005,61.46],[8.993,61.462],[8.984,61.462],[8.963,61.471],[8.956,61.472],[8.942,61.472],[8.922,61.467],[8.919,61.464],[8.907,61.458],[8.902,61.454],[8.9,61.467],[8.9,61.486],[8.945,61.515],[8.974,61.514],[9.001,61.521],[9.028,61.523],[9.078,61.506],[9.1,61.507],[9.124,61.519],[9.171,61.544],[9.22,61.557],[9.211,61.56],[9.163,61.577],[9.115,61.592],[9.115,61.608],[9.12,61.641],[9.126,61.646],[9.126,61.654],[9.13,61.666],[9.134,61.669],[9.138,61.674],[9.136,61.679],[9.137,61.685],[9.112,61.718],[9.116,61.749],[9.12,61.756],[9.123,61.755],[9.151,61.765],[9.169,61.77],[9.187,61.773],[9.206,61.776],[9.199,61.789],[9.202,61.794],[9.222,61.798],[9.229,61.797],[9.248,61.796],[9.26,61.788],[9.265,61.788],[9.282,61.783],[9.318,61.778],[9.331,61.775],[9.342,61.785],[9.352,61.791],[9.359,61.794],[9.367,61.789],[9.38,61.796],[9.389,61.795],[9.431,61.815],[9.415,61.821],[9.408,61.826],[9.398,61.828],[9.395,61.831],[9.389,61.826],[9.374,61.828],[9.377,61.832],[9.359,61.835],[9.346,61.836],[9.309,61.843],[9.292,61.847],[9.299,61.859],[9.304,61.865],[9.303,61.875],[9.316,61.889],[9.285,61.897],[9.267,61.906],[9.246,61.905],[9.217,61.911],[9.2,61.926],[9.172,61.931],[9.167,61.944],[9.165,61.946],[9.107,61.959],[9.092,61.97],[9.081,61.974],[9.033,62.003],[9.015,62.018],[8.986,62.019],[8.975,62.019],[8.965,62.013],[8.922,62.01],[8.917,62.003],[8.906,62.007],[8.894,62.008],[8.872,62.009]]]}},{"type":"Feature","properties":{"id":412411,"maakond_id":608,"name":"Sel","bbox":[9.112,61.56,10.016,61.957]},"geometry":{"type":"Polygon","coordinates":[[[9.316,61.889],[9.303,61.875],[9.304,61.865],[9.299,61.859],[9.292,61.847],[9.309,61.843],[9.346,61.836],[9.359,61.835],[9.377,61.832],[9.374,61.828],[9.389,61.826],[9.395,61.831],[9.398,61.828],[9.408,61.826],[9.415,61.821],[9.431,61.815],[9.389,61.795],[9.38,61.796],[9.367,61.789],[9.359,61.794],[9.352,61.791],[9.342,61.785],[9.331,61.775],[9.318,61.778],[9.282,61.783],[9.265,61.788],[9.26,61.788],[9.248,61.796],[9.229,61.797],[9.222,61.798],[9.202,61.794],[9.199,61.789],[9.206,61.776],[9.187,61.773],[9.169,61.77],[9.151,61.765],[9.123,61.755],[9.12,61.756],[9.116,61.749],[9.112,61.718],[9.137,61.685],[9.136,61.679],[9.138,61.674],[9.134,61.669],[9.13,61.666],[9.126,61.654],[9.126,61.646],[9.12,61.641],[9.115,61.608],[9.115,61.592],[9.163,61.577],[9.211,61.56],[9.253,61.572],[9.268,61.577],[9.287,61.583],[9.294,61.586],[9.401,61.649],[9.437,61.638],[9.45,61.643],[9.47,61.648],[9.479,61.645],[9.51,61.654],[9.513,61.659],[9.523,61.663],[9.534,61.667],[9.539,61.665],[9.546,61.666],[9.554,61.67],[9.564,61.677],[9.569,61.679],[9.569,61.682],[9.582,61.686],[9.579,61.689],[9.59,61.697],[9.588,61.698],[9.61,61.716],[9.696,61.771],[9.702,61.777],[9.712,61.783],[9.71,61.786],[9.746,61.825],[9.765,61.823],[9.786,61.828],[9.796,61.831],[9.806,61.831],[9.832,61.833],[9.839,61.83],[9.851,61.831],[9.861,61.83],[9.872,61.83],[9.884,61.832],[9.9,61.832],[9.925,61.833],[9.963,61.848],[9.994,61.866],[10.013,61.877],[10.016,61.884],[9.968,61.893],[9.92,61.902],[9.848,61.904],[9.804,61.912],[9.739,61.909],[9.666,61.913],[9.646,61.935],[9.624,61.948],[9.577,61.957],[9.507,61.933],[9.46,61.917],[9.412,61.9],[9.409,61.902],[9.397,61.896],[9.39,61.897],[9.369,61.886],[9.316,61.889]]]}},{"type":"Feature","properties":{"id":412412,"maakond_id":608,"name":"Nord-Fron","bbox":[8.9,61.341,10.015,61.866]},"geometry":{"type":"Polygon","coordinates":[[[9.211,61.56],[9.22,61.557],[9.171,61.544],[9.124,61.519],[9.1,61.507],[9.078,61.506],[9.028,61.523],[9.001,61.521],[8.974,61.514],[8.945,61.515],[8.9,61.486],[8.9,61.467],[8.902,61.454],[8.907,61.458],[8.919,61.464],[8.922,61.467],[8.942,61.472],[8.956,61.472],[8.963,61.471],[8.984,61.462],[8.993,61.462],[9.005,61.46],[9.013,61.46],[9.028,61.458],[9.035,61.46],[9.06,61.46],[9.074,61.463],[9.102,61.472],[9.131,61.471],[9.14,61.471],[9.145,61.466],[9.145,61.452],[9.146,61.444],[9.145,61.44],[9.14,61.436],[9.124,61.42],[9.115,61.411],[9.106,61.406],[9.091,61.399],[9.07,61.387],[9.142,61.367],[9.139,61.365],[9.138,61.36],[9.144,61.356],[9.159,61.351],[9.173,61.343],[9.186,61.341],[9.194,61.342],[9.195,61.349],[9.191,61.355],[9.187,61.364],[9.192,61.366],[9.202,61.364],[9.209,61.361],[9.218,61.355],[9.229,61.351],[9.239,61.349],[9.254,61.349],[9.263,61.349],[9.27,61.351],[9.282,61.35],[9.294,61.351],[9.306,61.354],[9.322,61.35],[9.326,61.35],[9.333,61.354],[9.331,61.356],[9.335,61.359],[9.335,61.363],[9.344,61.365],[9.341,61.369],[9.347,61.375],[9.356,61.382],[9.39,61.385],[9.39,61.391],[9.372,61.402],[9.361,61.423],[9.355,61.436],[9.339,61.441],[9.393,61.45],[9.425,61.466],[9.414,61.467],[9.406,61.471],[9.402,61.471],[9.397,61.477],[9.391,61.481],[9.408,61.482],[9.443,61.493],[9.505,61.479],[9.555,61.469],[9.657,61.47],[9.666,61.474],[9.679,61.479],[9.68,61.482],[9.686,61.485],[9.699,61.487],[9.723,61.509],[9.736,61.517],[9.743,61.518],[9.755,61.532],[9.769,61.544],[9.796,61.566],[9.8,61.567],[9.807,61.574],[9.811,61.583],[9.828,61.584],[9.83,61.588],[9.846,61.596],[9.856,61.6],[9.874,61.612],[9.879,61.618],[9.887,61.637],[9.908,61.676],[9.919,61.693],[9.919,61.699],[9.919,61.723],[9.933,61.758],[9.948,61.768],[9.968,61.792],[9.978,61.802],[10.015,61.819],[10.013,61.844],[9.994,61.866],[9.963,61.848],[9.925,61.833],[9.9,61.832],[9.884,61.832],[9.872,61.83],[9.861,61.83],[9.851,61.831],[9.839,61.83],[9.832,61.833],[9.806,61.831],[9.796,61.831],[9.786,61.828],[9.765,61.823],[9.746,61.825],[9.71,61.786],[9.712,61.783],[9.702,61.777],[9.696,61.771],[9.61,61.716],[9.588,61.698],[9.59,61.697],[9.579,61.689],[9.582,61.686],[9.569,61.682],[9.569,61.679],[9.564,61.677],[9.554,61.67],[9.546,61.666],[9.539,61.665],[9.534,61.667],[9.523,61.663],[9.513,61.659],[9.51,61.654],[9.479,61.645],[9.47,61.648],[9.45,61.643],[9.437,61.638],[9.401,61.649],[9.294,61.586],[9.287,61.583],[9.268,61.577],[9.253,61.572],[9.211,61.56]]]}},{"type":"Feature","properties":{"id":412413,"maakond_id":608,"name":"Sør-Fron","bbox":[9.187,61.292,10.162,61.913]},"geometry":{"type":"Polygon","coordinates":[[[10.016,61.884],[10.013,61.877],[9.994,61.866],[10.013,61.844],[10.015,61.819],[9.978,61.802],[9.968,61.792],[9.948,61.768],[9.933,61.758],[9.919,61.723],[9.919,61.699],[9.919,61.693],[9.908,61.676],[9.887,61.637],[9.879,61.618],[9.874,61.612],[9.856,61.6],[9.846,61.596],[9.83,61.588],[9.828,61.584],[9.811,61.583],[9.807,61.574],[9.8,61.567],[9.796,61.566],[9.769,61.544],[9.755,61.532],[9.743,61.518],[9.736,61.517],[9.723,61.509],[9.699,61.487],[9.686,61.485],[9.68,61.482],[9.679,61.479],[9.666,61.474],[9.657,61.47],[9.555,61.469],[9.505,61.479],[9.443,61.493],[9.408,61.482],[9.391,61.481],[9.397,61.477],[9.402,61.471],[9.406,61.471],[9.414,61.467],[9.425,61.466],[9.393,61.45],[9.339,61.441],[9.355,61.436],[9.361,61.423],[9.372,61.402],[9.39,61.391],[9.39,61.385],[9.356,61.382],[9.347,61.375],[9.341,61.369],[9.344,61.365],[9.335,61.363],[9.335,61.359],[9.331,61.356],[9.333,61.354],[9.326,61.35],[9.322,61.35],[9.306,61.354],[9.294,61.351],[9.282,61.35],[9.27,61.351],[9.263,61.349],[9.254,61.349],[9.239,61.349],[9.229,61.351],[9.218,61.355],[9.209,61.361],[9.202,61.364],[9.192,61.366],[9.187,61.364],[9.191,61.355],[9.218,61.344],[9.295,61.313],[9.301,61.292],[9.347,61.298],[9.384,61.313],[9.43,61.336],[9.48,61.36],[9.525,61.396],[9.529,61.404],[9.54,61.414],[9.551,61.415],[9.555,61.421],[9.602,61.415],[9.706,61.399],[9.76,61.406],[9.787,61.415],[9.808,61.418],[9.83,61.417],[9.852,61.416],[9.885,61.403],[9.933,61.391],[9.939,61.39],[9.958,61.401],[9.985,61.405],[10.004,61.452],[10.021,61.479],[10.031,61.505],[10.041,61.505],[10.053,61.521],[10.051,61.522],[10.055,61.528],[10.053,61.531],[10.056,61.538],[10.047,61.539],[10.048,61.543],[10.054,61.545],[10.053,61.549],[10.063,61.555],[10.055,61.558],[10.056,61.565],[10.048,61.571],[10.048,61.576],[10.05,61.58],[10.046,61.584],[10.04,61.586],[10.039,61.589],[10.03,61.596],[10.021,61.6],[10.003,61.606],[9.989,61.611],[9.98,61.618],[9.973,61.625],[9.974,61.633],[9.976,61.639],[9.973,61.643],[9.972,61.65],[9.974,61.651],[9.964,61.657],[9.964,61.661],[9.959,61.671],[9.956,61.672],[9.961,61.678],[9.966,61.679],[9.973,61.684],[9.975,61.687],[9.968,61.693],[9.961,61.7],[9.965,61.705],[9.975,61.714],[9.986,61.72],[9.998,61.721],[10.016,61.721],[10.019,61.723],[10.027,61.723],[10.053,61.752],[10.127,61.834],[10.152,61.866],[10.162,61.88],[10.16,61.883],[10.151,61.884],[10.125,61.884],[10.118,61.888],[10.109,61.891],[10.105,61.894],[10.097,61.897],[10.1,61.899],[10.087,61.904],[10.086,61.907],[10.075,61.909],[10.069,61.909],[10.058,61.912],[10.051,61.913],[10.049,61.91],[10.041,61.908],[10.018,61.909],[10.013,61.91],[10.01,61.905],[10.012,61.903],[10.01,61.898],[10.014,61.89],[10.016,61.884]]]}},{"type":"Feature","properties":{"id":412414,"maakond_id":608,"name":"Ringebu","bbox":[9.939,61.362,10.705,61.752]},"geometry":{"type":"Polygon","coordinates":[[[9.939,61.39],[9.949,61.383],[9.977,61.379],[10.056,61.4],[10.131,61.383],[10.137,61.381],[10.179,61.372],[10.179,61.363],[10.201,61.363],[10.204,61.362],[10.215,61.364],[10.228,61.37],[10.246,61.382],[10.259,61.379],[10.271,61.375],[10.295,61.378],[10.306,61.383],[10.309,61.387],[10.349,61.394],[10.405,61.398],[10.439,61.399],[10.47,61.408],[10.495,61.411],[10.507,61.411],[10.511,61.41],[10.53,61.411],[10.562,61.422],[10.681,61.472],[10.705,61.501],[10.691,61.526],[10.671,61.559],[10.655,61.6],[10.661,61.604],[10.653,61.611],[10.644,61.673],[10.64,61.708],[10.599,61.733],[10.578,61.744],[10.522,61.729],[10.506,61.722],[10.495,61.721],[10.489,61.72],[10.486,61.715],[10.479,61.709],[10.475,61.707],[10.461,61.706],[10.454,61.703],[10.405,61.668],[10.343,61.692],[10.291,61.713],[10.193,61.72],[10.053,61.752],[10.027,61.723],[10.019,61.723],[10.016,61.721],[9.998,61.721],[9.986,61.72],[9.975,61.714],[9.965,61.705],[9.961,61.7],[9.968,61.693],[9.975,61.687],[9.973,61.684],[9.966,61.679],[9.961,61.678],[9.956,61.672],[9.959,61.671],[9.964,61.661],[9.964,61.657],[9.974,61.651],[9.972,61.65],[9.973,61.643],[9.976,61.639],[9.974,61.633],[9.973,61.625],[9.98,61.618],[9.989,61.611],[10.003,61.606],[10.021,61.6],[10.03,61.596],[10.039,61.589],[10.04,61.586],[10.046,61.584],[10.05,61.58],[10.048,61.576],[10.048,61.571],[10.056,61.565],[10.055,61.558],[10.063,61.555],[10.053,61.549],[10.054,61.545],[10.048,61.543],[10.047,61.539],[10.056,61.538],[10.053,61.531],[10.055,61.528],[10.051,61.522],[10.053,61.521],[10.041,61.505],[10.031,61.505],[10.021,61.479],[10.004,61.452],[9.985,61.405],[9.958,61.401],[9.939,61.39]]]}},{"type":"Feature","properties":{"id":412415,"maakond_id":608,"name":"Øyer","bbox":[10.179,61.183,10.849,61.472]},"geometry":{"type":"Polygon","coordinates":[[[10.179,61.363],[10.182,61.357],[10.205,61.342],[10.207,61.33],[10.198,61.326],[10.196,61.321],[10.2,61.317],[10.204,61.316],[10.215,61.306],[10.208,61.303],[10.222,61.292],[10.235,61.282],[10.264,61.267],[10.274,61.264],[10.301,61.267],[10.316,61.264],[10.32,61.262],[10.324,61.256],[10.363,61.253],[10.368,61.248],[10.379,61.245],[10.401,61.234],[10.407,61.233],[10.419,61.234],[10.418,61.232],[10.435,61.233],[10.445,61.227],[10.441,61.216],[10.431,61.212],[10.422,61.205],[10.415,61.201],[10.408,61.193],[10.414,61.189],[10.415,61.184],[10.419,61.183],[10.443,61.186],[10.487,61.194],[10.518,61.199],[10.549,61.205],[10.622,61.216],[10.744,61.236],[10.778,61.246],[10.803,61.253],[10.849,61.266],[10.798,61.34],[10.753,61.405],[10.681,61.472],[10.562,61.422],[10.53,61.411],[10.511,61.41],[10.507,61.411],[10.495,61.411],[10.47,61.408],[10.439,61.399],[10.405,61.398],[10.349,61.394],[10.309,61.387],[10.306,61.383],[10.295,61.378],[10.271,61.375],[10.259,61.379],[10.246,61.382],[10.228,61.37],[10.215,61.364],[10.204,61.362],[10.201,61.363],[10.179,61.363]]]}},{"type":"Feature","properties":{"id":412416,"maakond_id":608,"name":"Lillehammer","bbox":[10.038,61.019,10.744,61.248]},"geometry":{"type":"Polygon","coordinates":[[[10.744,61.236],[10.622,61.216],[10.549,61.205],[10.518,61.199],[10.487,61.194],[10.443,61.186],[10.419,61.183],[10.415,61.184],[10.414,61.189],[10.408,61.193],[10.415,61.201],[10.422,61.205],[10.431,61.212],[10.441,61.216],[10.445,61.227],[10.435,61.233],[10.418,61.232],[10.419,61.234],[10.407,61.233],[10.401,61.234],[10.379,61.245],[10.368,61.248],[10.361,61.244],[10.355,61.234],[10.34,61.214],[10.329,61.208],[10.32,61.207],[10.313,61.212],[10.305,61.21],[10.307,61.205],[10.302,61.201],[10.28,61.197],[10.272,61.195],[10.267,61.198],[10.257,61.2],[10.244,61.194],[10.227,61.192],[10.222,61.19],[10.203,61.19],[10.199,61.18],[10.209,61.176],[10.202,61.166],[10.2,61.161],[10.215,61.156],[10.223,61.151],[10.229,61.143],[10.228,61.136],[10.219,61.135],[10.218,61.13],[10.215,61.126],[10.206,61.123],[10.204,61.12],[10.197,61.116],[10.185,61.111],[10.153,61.107],[10.131,61.114],[10.121,61.123],[10.072,61.125],[10.045,61.118],[10.042,61.113],[10.038,61.098],[10.038,61.092],[10.079,61.08],[10.122,61.075],[10.131,61.067],[10.137,61.068],[10.146,61.063],[10.154,61.061],[10.161,61.054],[10.167,61.052],[10.17,61.047],[10.175,61.048],[10.195,61.046],[10.202,61.042],[10.202,61.04],[10.208,61.038],[10.221,61.029],[10.229,61.026],[10.233,61.023],[10.237,61.022],[10.256,61.027],[10.277,61.033],[10.296,61.035],[10.299,61.037],[10.317,61.034],[10.322,61.034],[10.332,61.03],[10.345,61.03],[10.351,61.027],[10.364,61.025],[10.371,61.025],[10.384,61.02],[10.391,61.019],[10.399,61.021],[10.412,61.027],[10.443,61.024],[10.447,61.026],[10.466,61.031],[10.451,61.047],[10.443,61.062],[10.465,61.061],[10.488,61.063],[10.494,61.064],[10.51,61.065],[10.543,61.077],[10.546,61.081],[10.555,61.082],[10.571,61.081],[10.572,61.086],[10.592,61.099],[10.602,61.101],[10.597,61.103],[10.626,61.126],[10.632,61.124],[10.636,61.129],[10.632,61.131],[10.638,61.138],[10.657,61.163],[10.704,61.196],[10.723,61.202],[10.744,61.236]]]}},{"type":"Feature","properties":{"id":412417,"maakond_id":608,"name":"Gausdal","bbox":[9.301,61.107,10.368,61.421]},"geometry":{"type":"Polygon","coordinates":[[[9.301,61.292],[9.33,61.283],[9.366,61.272],[9.466,61.241],[9.491,61.235],[9.494,61.234],[9.522,61.219],[9.557,61.197],[9.632,61.157],[9.711,61.16],[9.793,61.144],[9.827,61.148],[9.824,61.159],[9.813,61.163],[9.819,61.164],[9.958,61.147],[9.964,61.144],[9.965,61.141],[9.972,61.14],[9.968,61.134],[9.966,61.125],[9.968,61.122],[10,61.11],[10.045,61.118],[10.072,61.125],[10.121,61.123],[10.131,61.114],[10.153,61.107],[10.185,61.111],[10.197,61.116],[10.204,61.12],[10.206,61.123],[10.215,61.126],[10.218,61.13],[10.219,61.135],[10.228,61.136],[10.229,61.143],[10.223,61.151],[10.215,61.156],[10.2,61.161],[10.202,61.166],[10.209,61.176],[10.199,61.18],[10.203,61.19],[10.222,61.19],[10.227,61.192],[10.244,61.194],[10.257,61.2],[10.267,61.198],[10.272,61.195],[10.28,61.197],[10.302,61.201],[10.307,61.205],[10.305,61.21],[10.313,61.212],[10.32,61.207],[10.329,61.208],[10.34,61.214],[10.355,61.234],[10.361,61.244],[10.368,61.248],[10.363,61.253],[10.324,61.256],[10.32,61.262],[10.316,61.264],[10.301,61.267],[10.274,61.264],[10.264,61.267],[10.235,61.282],[10.222,61.292],[10.208,61.303],[10.215,61.306],[10.204,61.316],[10.2,61.317],[10.196,61.321],[10.198,61.326],[10.207,61.33],[10.205,61.342],[10.182,61.357],[10.179,61.363],[10.179,61.372],[10.137,61.381],[10.131,61.383],[10.056,61.4],[9.977,61.379],[9.949,61.383],[9.939,61.39],[9.933,61.391],[9.885,61.403],[9.852,61.416],[9.83,61.417],[9.808,61.418],[9.787,61.415],[9.76,61.406],[9.706,61.399],[9.602,61.415],[9.555,61.421],[9.551,61.415],[9.54,61.414],[9.529,61.404],[9.525,61.396],[9.48,61.36],[9.43,61.336],[9.384,61.313],[9.347,61.298],[9.301,61.292]]]}},{"type":"Feature","properties":{"id":412418,"maakond_id":608,"name":"Gjøvik","bbox":[10.168,60.707,10.745,61.037]},"geometry":{"type":"Polygon","coordinates":[[[10.705,60.751],[10.717,60.751],[10.721,60.752],[10.72,60.759],[10.727,60.762],[10.729,60.765],[10.745,60.775],[10.735,60.781],[10.73,60.785],[10.718,60.8],[10.706,60.809],[10.695,60.821],[10.695,60.829],[10.697,60.833],[10.709,60.848],[10.718,60.855],[10.723,60.866],[10.723,60.87],[10.716,60.88],[10.706,60.889],[10.701,60.892],[10.686,60.899],[10.68,60.906],[10.675,60.922],[10.663,60.942],[10.655,60.952],[10.647,60.96],[10.637,60.967],[10.629,60.972],[10.601,60.984],[10.587,60.989],[10.569,60.995],[10.542,60.999],[10.519,61.005],[10.499,61.011],[10.484,61.018],[10.471,61.026],[10.466,61.031],[10.447,61.026],[10.443,61.024],[10.412,61.027],[10.399,61.021],[10.391,61.019],[10.384,61.02],[10.371,61.025],[10.364,61.025],[10.351,61.027],[10.345,61.03],[10.332,61.03],[10.322,61.034],[10.317,61.034],[10.299,61.037],[10.296,61.035],[10.277,61.033],[10.256,61.027],[10.237,61.022],[10.233,61.023],[10.222,61.016],[10.215,61.011],[10.212,61.002],[10.214,60.997],[10.211,60.991],[10.202,60.984],[10.2,60.979],[10.186,60.962],[10.182,60.959],[10.17,60.946],[10.168,60.942],[10.168,60.938],[10.174,60.934],[10.183,60.93],[10.206,60.916],[10.213,60.914],[10.213,60.911],[10.223,60.906],[10.218,60.903],[10.225,60.896],[10.225,60.89],[10.223,60.885],[10.233,60.88],[10.254,60.872],[10.263,60.873],[10.273,60.879],[10.282,60.873],[10.296,60.87],[10.307,60.866],[10.316,60.864],[10.317,60.862],[10.327,60.86],[10.332,60.857],[10.348,60.855],[10.353,60.856],[10.363,60.848],[10.371,60.849],[10.384,60.846],[10.379,60.838],[10.381,60.836],[10.377,60.83],[10.373,60.826],[10.37,60.818],[10.362,60.814],[10.361,60.808],[10.37,60.798],[10.367,60.795],[10.367,60.791],[10.37,60.789],[10.368,60.783],[10.395,60.769],[10.404,60.769],[10.408,60.766],[10.405,60.764],[10.5,60.714],[10.513,60.707],[10.513,60.711],[10.519,60.722],[10.544,60.724],[10.551,60.727],[10.554,60.732],[10.558,60.733],[10.554,60.738],[10.572,60.743],[10.574,60.745],[10.586,60.739],[10.592,60.741],[10.595,60.746],[10.621,60.75],[10.622,60.753],[10.633,60.754],[10.662,60.753],[10.668,60.754],[10.678,60.754],[10.693,60.755],[10.702,60.755],[10.705,60.751]]]}},{"type":"Feature","properties":{"id":412419,"maakond_id":608,"name":"Østre Toten","bbox":[10.671,60.471,11.154,60.775]},"geometry":{"type":"Polygon","coordinates":[[[10.745,60.775],[10.729,60.765],[10.727,60.762],[10.72,60.759],[10.721,60.752],[10.717,60.751],[10.705,60.751],[10.706,60.746],[10.71,60.742],[10.719,60.742],[10.723,60.737],[10.729,60.735],[10.733,60.73],[10.727,60.722],[10.728,60.718],[10.74,60.717],[10.738,60.722],[10.746,60.723],[10.753,60.719],[10.755,60.713],[10.761,60.708],[10.76,60.704],[10.754,60.702],[10.757,60.697],[10.751,60.695],[10.752,60.69],[10.758,60.687],[10.761,60.682],[10.745,60.677],[10.73,60.677],[10.73,60.675],[10.735,60.672],[10.735,60.667],[10.723,60.665],[10.718,60.665],[10.712,60.658],[10.701,60.659],[10.686,60.656],[10.69,60.652],[10.699,60.651],[10.703,60.648],[10.7,60.642],[10.694,60.638],[10.686,60.635],[10.68,60.629],[10.673,60.625],[10.681,60.623],[10.68,60.619],[10.676,60.619],[10.675,60.604],[10.683,60.605],[10.69,60.603],[10.682,60.598],[10.676,60.599],[10.671,60.597],[10.681,60.588],[10.682,60.584],[10.686,60.58],[10.682,60.579],[10.682,60.574],[10.685,60.57],[10.689,60.562],[10.698,60.56],[10.702,60.556],[10.708,60.554],[10.705,60.55],[10.704,60.544],[10.706,60.534],[10.705,60.528],[10.713,60.524],[10.727,60.517],[10.734,60.51],[10.754,60.497],[10.76,60.494],[10.767,60.493],[10.78,60.489],[10.787,60.49],[10.802,60.488],[10.834,60.478],[10.844,60.478],[10.86,60.48],[10.865,60.48],[10.871,60.477],[10.916,60.475],[10.923,60.471],[10.926,60.476],[10.934,60.474],[10.94,60.475],[10.95,60.478],[10.954,60.485],[10.95,60.489],[10.97,60.495],[10.982,60.5],[10.987,60.498],[10.994,60.5],[11.067,60.519],[11.072,60.518],[11.093,60.517],[11.099,60.522],[11.101,60.526],[11.097,60.527],[11.097,60.536],[11.102,60.55],[11.105,60.553],[11.105,60.56],[11.113,60.561],[11.109,60.566],[11.108,60.569],[11.117,60.574],[11.119,60.584],[11.124,60.59],[11.133,60.597],[11.154,60.605],[11.146,60.611],[11.129,60.633],[11.123,60.638],[11.112,60.646],[11.093,60.658],[11.044,60.676],[10.999,60.694],[10.905,60.729],[10.899,60.731],[10.884,60.739],[10.865,60.75],[10.853,60.754],[10.843,60.756],[10.794,60.761],[10.779,60.764],[10.756,60.77],[10.745,60.775]]]}},{"type":"Feature","properties":{"id":412420,"maakond_id":608,"name":"Vestre Toten","bbox":[10.485,60.5,10.761,60.755]},"geometry":{"type":"Polygon","coordinates":[[[10.509,60.565],[10.551,60.564],[10.549,60.56],[10.555,60.553],[10.564,60.554],[10.571,60.556],[10.573,60.551],[10.587,60.539],[10.592,60.537],[10.602,60.534],[10.604,60.538],[10.609,60.54],[10.614,60.538],[10.614,60.532],[10.608,60.529],[10.602,60.529],[10.602,60.526],[10.596,60.52],[10.625,60.519],[10.631,60.513],[10.638,60.513],[10.64,60.507],[10.649,60.506],[10.649,60.501],[10.653,60.5],[10.68,60.503],[10.671,60.511],[10.681,60.513],[10.689,60.513],[10.697,60.515],[10.712,60.516],[10.711,60.522],[10.713,60.524],[10.705,60.528],[10.706,60.534],[10.704,60.544],[10.705,60.55],[10.708,60.554],[10.702,60.556],[10.698,60.56],[10.689,60.562],[10.685,60.57],[10.682,60.574],[10.682,60.579],[10.686,60.58],[10.682,60.584],[10.681,60.588],[10.671,60.597],[10.676,60.599],[10.682,60.598],[10.69,60.603],[10.683,60.605],[10.675,60.604],[10.676,60.619],[10.68,60.619],[10.681,60.623],[10.673,60.625],[10.68,60.629],[10.686,60.635],[10.694,60.638],[10.7,60.642],[10.703,60.648],[10.699,60.651],[10.69,60.652],[10.686,60.656],[10.701,60.659],[10.712,60.658],[10.718,60.665],[10.723,60.665],[10.735,60.667],[10.735,60.672],[10.73,60.675],[10.73,60.677],[10.745,60.677],[10.761,60.682],[10.758,60.687],[10.752,60.69],[10.751,60.695],[10.757,60.697],[10.754,60.702],[10.76,60.704],[10.761,60.708],[10.755,60.713],[10.753,60.719],[10.746,60.723],[10.738,60.722],[10.74,60.717],[10.728,60.718],[10.727,60.722],[10.733,60.73],[10.729,60.735],[10.723,60.737],[10.719,60.742],[10.71,60.742],[10.706,60.746],[10.705,60.751],[10.702,60.755],[10.693,60.755],[10.678,60.754],[10.668,60.754],[10.662,60.753],[10.633,60.754],[10.622,60.753],[10.621,60.75],[10.595,60.746],[10.592,60.741],[10.586,60.739],[10.574,60.745],[10.572,60.743],[10.554,60.738],[10.558,60.733],[10.554,60.732],[10.551,60.727],[10.544,60.724],[10.519,60.722],[10.513,60.711],[10.513,60.707],[10.507,60.707],[10.5,60.703],[10.499,60.699],[10.493,60.693],[10.493,60.683],[10.49,60.677],[10.485,60.673],[10.491,60.667],[10.489,60.663],[10.489,60.658],[10.492,60.655],[10.491,60.65],[10.496,60.649],[10.503,60.647],[10.506,60.648],[10.525,60.648],[10.531,60.647],[10.541,60.649],[10.545,60.648],[10.546,60.643],[10.544,60.636],[10.54,60.633],[10.542,60.629],[10.547,60.629],[10.551,60.626],[10.547,60.616],[10.542,60.608],[10.542,60.604],[10.538,60.599],[10.535,60.591],[10.529,60.59],[10.522,60.587],[10.518,60.574],[10.509,60.565]]]}},{"type":"Feature","properties":{"id":412421,"maakond_id":608,"name":"Gran","bbox":[10.125,60.313,10.934,60.565]},"geometry":{"type":"Polygon","coordinates":[[[10.125,60.536],[10.154,60.525],[10.163,60.5],[10.168,60.496],[10.169,60.492],[10.173,60.486],[10.176,60.478],[10.173,60.472],[10.175,60.46],[10.178,60.453],[10.182,60.434],[10.185,60.426],[10.189,60.417],[10.19,60.409],[10.194,60.4],[10.207,60.399],[10.202,60.392],[10.261,60.394],[10.294,60.382],[10.334,60.368],[10.348,60.369],[10.355,60.373],[10.388,60.375],[10.386,60.356],[10.377,60.338],[10.365,60.328],[10.366,60.321],[10.384,60.317],[10.398,60.316],[10.415,60.318],[10.416,60.314],[10.422,60.313],[10.441,60.316],[10.458,60.317],[10.464,60.321],[10.471,60.322],[10.485,60.323],[10.502,60.325],[10.526,60.325],[10.544,60.327],[10.556,60.327],[10.559,60.321],[10.57,60.324],[10.579,60.324],[10.585,60.318],[10.591,60.321],[10.601,60.322],[10.605,60.313],[10.618,60.319],[10.629,60.321],[10.633,60.326],[10.639,60.326],[10.643,60.323],[10.668,60.327],[10.67,60.328],[10.679,60.326],[10.687,60.326],[10.688,60.329],[10.694,60.331],[10.704,60.33],[10.707,60.335],[10.714,60.339],[10.72,60.338],[10.724,60.334],[10.72,60.33],[10.763,60.314],[10.783,60.314],[10.865,60.314],[10.872,60.321],[10.883,60.319],[10.907,60.333],[10.934,60.347],[10.93,60.351],[10.926,60.353],[10.913,60.37],[10.902,60.378],[10.901,60.385],[10.898,60.391],[10.903,60.396],[10.82,60.427],[10.809,60.424],[10.777,60.426],[10.767,60.426],[10.72,60.434],[10.687,60.431],[10.672,60.434],[10.69,60.447],[10.71,60.454],[10.704,60.465],[10.692,60.492],[10.711,60.497],[10.713,60.503],[10.709,60.513],[10.712,60.516],[10.697,60.515],[10.689,60.513],[10.681,60.513],[10.671,60.511],[10.68,60.503],[10.653,60.5],[10.649,60.501],[10.649,60.506],[10.64,60.507],[10.638,60.513],[10.631,60.513],[10.625,60.519],[10.596,60.52],[10.602,60.526],[10.602,60.529],[10.608,60.529],[10.614,60.532],[10.614,60.538],[10.609,60.54],[10.604,60.538],[10.602,60.534],[10.592,60.537],[10.587,60.539],[10.573,60.551],[10.571,60.556],[10.564,60.554],[10.555,60.553],[10.549,60.56],[10.551,60.564],[10.509,60.565],[10.473,60.56],[10.412,60.552],[10.389,60.551],[10.386,60.548],[10.369,60.544],[10.362,60.544],[10.354,60.538],[10.339,60.531],[10.33,60.53],[10.32,60.527],[10.295,60.527],[10.279,60.529],[10.233,60.532],[10.18,60.543],[10.149,60.549],[10.143,60.545],[10.128,60.536],[10.125,60.536]]]}},{"type":"Feature","properties":{"id":412422,"maakond_id":608,"name":"Søndre Land","bbox":[9.977,60.527,10.551,60.879]},"geometry":{"type":"Polygon","coordinates":[[[10.254,60.872],[10.241,60.866],[10.242,60.861],[10.237,60.859],[10.242,60.851],[10.244,60.844],[10.242,60.841],[10.235,60.841],[10.241,60.833],[10.238,60.831],[10.239,60.828],[10.23,60.826],[10.223,60.814],[10.211,60.816],[10.203,60.815],[10.188,60.815],[10.173,60.814],[10.158,60.818],[10.151,60.822],[10.131,60.816],[10.126,60.813],[10.119,60.812],[10.118,60.809],[10.122,60.806],[10.131,60.804],[10.126,60.8],[10.139,60.797],[10.142,60.793],[10.151,60.793],[10.157,60.796],[10.163,60.797],[10.179,60.794],[10.199,60.795],[10.212,60.793],[10.197,60.785],[10.176,60.784],[10.158,60.779],[10.149,60.778],[10.14,60.778],[10.138,60.775],[10.11,60.775],[10.105,60.773],[10.093,60.771],[10.088,60.768],[10.087,60.765],[10.093,60.762],[10.084,60.752],[10.089,60.751],[10.065,60.74],[10.058,60.745],[10.055,60.746],[10.043,60.739],[10.028,60.731],[9.997,60.741],[9.99,60.741],[9.977,60.737],[9.999,60.71],[10.013,60.688],[10.017,60.679],[10.032,60.653],[10.033,60.642],[10.036,60.635],[10.035,60.632],[10.052,60.618],[10.065,60.608],[10.071,60.6],[10.083,60.579],[10.092,60.566],[10.094,60.56],[10.106,60.557],[10.109,60.556],[10.107,60.55],[10.11,60.547],[10.12,60.541],[10.125,60.536],[10.128,60.536],[10.143,60.545],[10.149,60.549],[10.18,60.543],[10.233,60.532],[10.279,60.529],[10.295,60.527],[10.32,60.527],[10.33,60.53],[10.339,60.531],[10.354,60.538],[10.362,60.544],[10.369,60.544],[10.386,60.548],[10.389,60.551],[10.412,60.552],[10.473,60.56],[10.509,60.565],[10.518,60.574],[10.522,60.587],[10.529,60.59],[10.535,60.591],[10.538,60.599],[10.542,60.604],[10.542,60.608],[10.547,60.616],[10.551,60.626],[10.547,60.629],[10.542,60.629],[10.54,60.633],[10.544,60.636],[10.546,60.643],[10.545,60.648],[10.541,60.649],[10.531,60.647],[10.525,60.648],[10.506,60.648],[10.503,60.647],[10.496,60.649],[10.491,60.65],[10.492,60.655],[10.489,60.658],[10.489,60.663],[10.491,60.667],[10.485,60.673],[10.49,60.677],[10.493,60.683],[10.493,60.693],[10.499,60.699],[10.5,60.703],[10.507,60.707],[10.513,60.707],[10.5,60.714],[10.405,60.764],[10.408,60.766],[10.404,60.769],[10.395,60.769],[10.368,60.783],[10.37,60.789],[10.367,60.791],[10.367,60.795],[10.37,60.798],[10.361,60.808],[10.362,60.814],[10.37,60.818],[10.373,60.826],[10.377,60.83],[10.381,60.836],[10.379,60.838],[10.384,60.846],[10.371,60.849],[10.363,60.848],[10.353,60.856],[10.348,60.855],[10.332,60.857],[10.327,60.86],[10.317,60.862],[10.316,60.864],[10.307,60.866],[10.296,60.87],[10.282,60.873],[10.273,60.879],[10.263,60.873],[10.254,60.872]]]}},{"type":"Feature","properties":{"id":412423,"maakond_id":608,"name":"Nordre Land","bbox":[9.632,60.726,10.254,61.164]},"geometry":{"type":"Polygon","coordinates":[[[10.045,61.118],[10,61.11],[9.968,61.122],[9.966,61.125],[9.968,61.134],[9.972,61.14],[9.965,61.141],[9.964,61.144],[9.958,61.147],[9.819,61.164],[9.813,61.163],[9.824,61.159],[9.827,61.148],[9.793,61.144],[9.711,61.16],[9.632,61.157],[9.671,61.147],[9.69,61.128],[9.702,61.104],[9.712,61.089],[9.722,61.073],[9.733,61.073],[9.741,61.076],[9.759,61.08],[9.761,61.082],[9.79,61.077],[9.775,61.058],[9.771,61.055],[9.77,61.051],[9.767,61.048],[9.768,61.045],[9.781,61.044],[9.784,61.041],[9.766,61.043],[9.754,61.042],[9.748,61.041],[9.751,61.032],[9.758,61.022],[9.765,61.017],[9.769,61.013],[9.766,61.011],[9.774,61],[9.782,61],[9.783,60.997],[9.776,60.994],[9.773,60.981],[9.778,60.97],[9.781,60.966],[9.784,60.958],[9.788,60.953],[9.792,60.95],[9.794,60.935],[9.791,60.932],[9.791,60.926],[9.795,60.917],[9.79,60.899],[9.792,60.893],[9.8,60.885],[9.796,60.879],[9.797,60.874],[9.794,60.869],[9.79,60.86],[9.784,60.856],[9.771,60.832],[9.773,60.828],[9.778,60.827],[9.787,60.828],[9.805,60.827],[9.813,60.814],[9.816,60.809],[9.815,60.799],[9.815,60.789],[9.808,60.772],[9.806,60.76],[9.806,60.752],[9.814,60.747],[9.817,60.743],[9.831,60.733],[9.835,60.732],[9.854,60.73],[9.863,60.726],[9.882,60.739],[9.893,60.747],[9.92,60.76],[9.931,60.758],[9.97,60.74],[9.977,60.737],[9.99,60.741],[9.997,60.741],[10.028,60.731],[10.043,60.739],[10.055,60.746],[10.058,60.745],[10.065,60.74],[10.089,60.751],[10.084,60.752],[10.093,60.762],[10.087,60.765],[10.088,60.768],[10.093,60.771],[10.105,60.773],[10.11,60.775],[10.138,60.775],[10.14,60.778],[10.149,60.778],[10.158,60.779],[10.176,60.784],[10.197,60.785],[10.212,60.793],[10.199,60.795],[10.179,60.794],[10.163,60.797],[10.157,60.796],[10.151,60.793],[10.142,60.793],[10.139,60.797],[10.126,60.8],[10.131,60.804],[10.122,60.806],[10.118,60.809],[10.119,60.812],[10.126,60.813],[10.131,60.816],[10.151,60.822],[10.158,60.818],[10.173,60.814],[10.188,60.815],[10.203,60.815],[10.211,60.816],[10.223,60.814],[10.23,60.826],[10.239,60.828],[10.238,60.831],[10.241,60.833],[10.235,60.841],[10.242,60.841],[10.244,60.844],[10.242,60.851],[10.237,60.859],[10.242,60.861],[10.241,60.866],[10.254,60.872],[10.233,60.88],[10.223,60.885],[10.225,60.89],[10.225,60.896],[10.218,60.903],[10.223,60.906],[10.213,60.911],[10.213,60.914],[10.206,60.916],[10.183,60.93],[10.174,60.934],[10.168,60.938],[10.168,60.942],[10.17,60.946],[10.182,60.959],[10.186,60.962],[10.2,60.979],[10.202,60.984],[10.211,60.991],[10.214,60.997],[10.212,61.002],[10.215,61.011],[10.222,61.016],[10.233,61.023],[10.229,61.026],[10.221,61.029],[10.208,61.038],[10.202,61.04],[10.202,61.042],[10.195,61.046],[10.175,61.048],[10.17,61.047],[10.167,61.052],[10.161,61.054],[10.154,61.061],[10.146,61.063],[10.137,61.068],[10.131,61.067],[10.122,61.075],[10.079,61.08],[10.038,61.092],[10.038,61.098],[10.042,61.113],[10.045,61.118]]]}},{"type":"Feature","properties":{"id":412424,"maakond_id":608,"name":"Sør-Aurdal","bbox":[9.258,60.454,10.036,60.879]},"geometry":{"type":"Polygon","coordinates":[[[9.815,60.799],[9.807,60.799],[9.802,60.803],[9.804,60.805],[9.79,60.808],[9.784,60.81],[9.781,60.815],[9.782,60.819],[9.766,60.819],[9.748,60.821],[9.749,60.816],[9.729,60.814],[9.723,60.814],[9.719,60.811],[9.713,60.814],[9.698,60.821],[9.682,60.83],[9.672,60.833],[9.659,60.833],[9.654,60.832],[9.642,60.833],[9.626,60.836],[9.622,60.838],[9.613,60.839],[9.595,60.843],[9.582,60.846],[9.57,60.848],[9.556,60.851],[9.559,60.859],[9.557,60.862],[9.546,60.859],[9.535,60.858],[9.521,60.856],[9.511,60.853],[9.498,60.856],[9.49,60.865],[9.484,60.868],[9.477,60.877],[9.469,60.879],[9.442,60.871],[9.437,60.868],[9.427,60.869],[9.419,60.867],[9.414,60.87],[9.404,60.87],[9.397,60.868],[9.387,60.859],[9.388,60.843],[9.384,60.84],[9.365,60.84],[9.351,60.835],[9.333,60.825],[9.313,60.812],[9.287,60.794],[9.258,60.767],[9.291,60.762],[9.305,60.745],[9.332,60.73],[9.329,60.708],[9.318,60.699],[9.319,60.682],[9.328,60.675],[9.353,60.667],[9.358,60.656],[9.366,60.648],[9.361,60.639],[9.367,60.631],[9.374,60.626],[9.381,60.62],[9.393,60.616],[9.4,60.614],[9.421,60.613],[9.425,60.609],[9.426,60.605],[9.435,60.6],[9.432,60.595],[9.423,60.591],[9.416,60.585],[9.411,60.583],[9.412,60.58],[9.411,60.572],[9.412,60.562],[9.415,60.555],[9.415,60.552],[9.421,60.548],[9.436,60.545],[9.449,60.544],[9.458,60.541],[9.479,60.53],[9.484,60.529],[9.496,60.528],[9.516,60.528],[9.517,60.531],[9.523,60.532],[9.579,60.534],[9.588,60.536],[9.607,60.539],[9.616,60.521],[9.613,60.516],[9.617,60.513],[9.62,60.508],[9.61,60.501],[9.635,60.496],[9.639,60.493],[9.679,60.483],[9.718,60.474],[9.788,60.457],[9.801,60.454],[9.822,60.456],[9.831,60.456],[9.829,60.463],[9.831,60.468],[9.828,60.471],[9.827,60.476],[9.829,60.479],[9.825,60.485],[9.824,60.49],[9.826,60.493],[9.822,60.495],[9.822,60.5],[9.814,60.504],[9.815,60.511],[9.812,60.513],[9.815,60.518],[9.817,60.526],[9.815,60.532],[9.811,60.538],[9.812,60.543],[9.811,60.549],[9.813,60.55],[9.81,60.556],[9.825,60.571],[9.832,60.58],[9.843,60.587],[9.844,60.58],[9.853,60.569],[9.862,60.572],[9.881,60.584],[9.923,60.597],[9.944,60.603],[9.952,60.611],[9.948,60.615],[9.942,60.616],[9.934,60.615],[9.92,60.62],[9.914,60.626],[9.909,60.628],[9.903,60.634],[9.921,60.633],[9.924,60.635],[9.947,60.636],[9.963,60.638],[9.973,60.638],[9.999,60.635],[10.005,60.634],[10.035,60.632],[10.036,60.635],[10.033,60.642],[10.032,60.653],[10.017,60.679],[10.013,60.688],[9.999,60.71],[9.977,60.737],[9.97,60.74],[9.931,60.758],[9.92,60.76],[9.893,60.747],[9.882,60.739],[9.863,60.726],[9.854,60.73],[9.835,60.732],[9.831,60.733],[9.817,60.743],[9.814,60.747],[9.806,60.752],[9.806,60.76],[9.808,60.772],[9.815,60.789],[9.815,60.799]]]}},{"type":"Feature","properties":{"id":412425,"maakond_id":608,"name":"Nord-Aurdal","bbox":[8.889,60.767,9.69,61.241]},"geometry":{"type":"Polygon","coordinates":[[[9.17,61.051],[9.168,61.048],[9.17,61.04],[9.178,61.034],[9.166,61.03],[9.135,61.022],[9.084,61.016],[9.076,61.02],[9.071,61.019],[9.056,61.014],[9.042,61.012],[9.029,61.011],[9.012,61.001],[8.984,60.982],[8.975,60.976],[8.953,60.947],[8.938,60.935],[8.932,60.931],[8.909,60.914],[8.898,60.906],[8.891,60.899],[8.889,60.897],[8.896,60.894],[8.894,60.89],[8.898,60.883],[8.911,60.876],[8.913,60.873],[8.919,60.869],[8.919,60.863],[8.938,60.861],[8.964,60.852],[8.992,60.843],[9.015,60.839],[9.025,60.835],[9.041,60.831],[9.089,60.816],[9.12,60.813],[9.147,60.807],[9.166,60.799],[9.194,60.79],[9.195,60.786],[9.216,60.771],[9.242,60.767],[9.258,60.767],[9.287,60.794],[9.313,60.812],[9.333,60.825],[9.351,60.835],[9.365,60.84],[9.384,60.84],[9.388,60.843],[9.387,60.859],[9.397,60.868],[9.404,60.87],[9.414,60.87],[9.419,60.867],[9.427,60.869],[9.437,60.868],[9.442,60.871],[9.469,60.879],[9.477,60.877],[9.484,60.868],[9.49,60.865],[9.498,60.856],[9.511,60.853],[9.521,60.856],[9.535,60.858],[9.546,60.859],[9.557,60.862],[9.557,60.872],[9.545,60.883],[9.539,60.893],[9.538,60.898],[9.531,60.9],[9.536,60.907],[9.541,60.916],[9.536,60.921],[9.536,60.924],[9.528,60.929],[9.512,60.935],[9.512,60.939],[9.518,60.94],[9.521,60.943],[9.529,60.945],[9.51,60.949],[9.497,60.954],[9.506,60.961],[9.507,60.97],[9.513,60.977],[9.524,60.978],[9.54,60.977],[9.536,60.982],[9.537,60.986],[9.526,60.997],[9.512,61.005],[9.497,61.011],[9.484,61.016],[9.469,61.019],[9.462,61.026],[9.456,61.035],[9.445,61.04],[9.436,61.046],[9.426,61.049],[9.427,61.054],[9.406,61.055],[9.392,61.055],[9.381,61.053],[9.378,61.056],[9.38,61.059],[9.401,61.061],[9.404,61.063],[9.427,61.07],[9.424,61.073],[9.475,61.094],[9.497,61.094],[9.549,61.108],[9.566,61.114],[9.576,61.116],[9.576,61.12],[9.585,61.119],[9.601,61.119],[9.612,61.116],[9.639,61.107],[9.646,61.104],[9.652,61.102],[9.666,61.112],[9.67,61.117],[9.677,61.12],[9.668,61.123],[9.667,61.125],[9.679,61.128],[9.69,61.128],[9.671,61.147],[9.632,61.157],[9.557,61.197],[9.522,61.219],[9.494,61.234],[9.491,61.235],[9.466,61.241],[9.458,61.22],[9.454,61.207],[9.422,61.176],[9.42,61.143],[9.419,61.138],[9.42,61.127],[9.415,61.12],[9.411,61.119],[9.393,61.106],[9.374,61.095],[9.36,61.09],[9.354,61.09],[9.339,61.084],[9.313,61.077],[9.301,61.078],[9.287,61.076],[9.271,61.072],[9.254,61.07],[9.242,61.067],[9.239,61.065],[9.215,61.056],[9.201,61.056],[9.191,61.055],[9.17,61.051]]]}},{"type":"Feature","properties":{"id":412426,"maakond_id":608,"name":"Vestre Slidre","bbox":[8.654,60.897,9.178,61.21]},"geometry":{"type":"Polygon","coordinates":[[[8.889,61.21],[8.883,61.195],[8.877,61.19],[8.871,61.178],[8.866,61.162],[8.864,61.149],[8.863,61.142],[8.861,61.139],[8.86,61.132],[8.848,61.131],[8.84,61.134],[8.836,61.137],[8.822,61.136],[8.818,61.137],[8.804,61.136],[8.798,61.137],[8.791,61.131],[8.779,61.125],[8.766,61.116],[8.755,61.106],[8.739,61.097],[8.731,61.09],[8.715,61.081],[8.711,61.083],[8.68,61.055],[8.724,61.042],[8.743,61.03],[8.733,61.007],[8.738,61.005],[8.697,60.975],[8.689,60.974],[8.679,60.969],[8.677,60.967],[8.681,60.963],[8.657,60.939],[8.654,60.936],[8.693,60.925],[8.733,60.92],[8.814,60.901],[8.835,60.9],[8.871,60.897],[8.889,60.897],[8.891,60.899],[8.898,60.906],[8.909,60.914],[8.932,60.931],[8.938,60.935],[8.953,60.947],[8.975,60.976],[8.984,60.982],[9.012,61.001],[9.029,61.011],[9.042,61.012],[9.056,61.014],[9.071,61.019],[9.076,61.02],[9.084,61.016],[9.135,61.022],[9.166,61.03],[9.178,61.034],[9.17,61.04],[9.168,61.048],[9.17,61.051],[9.169,61.052],[9.154,61.056],[9.145,61.06],[9.137,61.059],[9.125,61.068],[9.117,61.07],[9.105,61.067],[9.09,61.068],[9.082,61.075],[9.077,61.076],[9.072,61.075],[9.067,61.077],[9.065,61.081],[9.053,61.088],[9.066,61.09],[9.051,61.094],[9.041,61.096],[9.03,61.1],[9.02,61.109],[9.012,61.111],[9.006,61.118],[9.006,61.122],[9.015,61.124],[9.018,61.131],[9.015,61.136],[9.021,61.144],[9.015,61.148],[9.013,61.152],[8.996,61.153],[8.991,61.151],[8.987,61.155],[8.973,61.156],[8.952,61.155],[8.941,61.156],[8.923,61.161],[8.92,61.162],[8.906,61.163],[8.88,61.168],[8.885,61.176],[8.893,61.193],[8.898,61.207],[8.889,61.21]]]}},{"type":"Feature","properties":{"id":412427,"maakond_id":608,"name":"Vang","bbox":[8.007,60.939,8.889,61.446]},"geometry":{"type":"Polygon","coordinates":[[[8.15,61.427],[8.155,61.399],[8.155,61.395],[8.162,61.387],[8.16,61.38],[8.156,61.377],[8.158,61.371],[8.167,61.364],[8.184,61.357],[8.203,61.353],[8.206,61.355],[8.216,61.354],[8.22,61.347],[8.224,61.343],[8.241,61.339],[8.251,61.339],[8.251,61.334],[8.244,61.33],[8.24,61.325],[8.244,61.321],[8.228,61.314],[8.219,61.318],[8.219,61.314],[8.222,61.312],[8.222,61.308],[8.212,61.308],[8.211,61.305],[8.205,61.304],[8.193,61.305],[8.187,61.303],[8.177,61.305],[8.175,61.303],[8.166,61.298],[8.161,61.291],[8.151,61.286],[8.141,61.279],[8.133,61.278],[8.142,61.275],[8.136,61.269],[8.11,61.26],[8.067,61.248],[8.051,61.233],[8.022,61.235],[8.007,61.235],[8.008,61.23],[8.017,61.226],[8.031,61.222],[8.045,61.222],[8.053,61.22],[8.051,61.212],[8.056,61.201],[8.061,61.193],[8.044,61.181],[8.048,61.174],[8.064,61.179],[8.076,61.18],[8.083,61.162],[8.127,61.123],[8.136,61.116],[8.134,61.11],[8.144,61.11],[8.195,61.096],[8.2,61.094],[8.213,61.092],[8.224,61.088],[8.225,61.085],[8.237,61.079],[8.247,61.077],[8.252,61.074],[8.27,61.081],[8.309,61.092],[8.36,61.055],[8.366,61.048],[8.425,61.029],[8.436,61.026],[8.442,61.021],[8.452,61.019],[8.468,61.019],[8.481,61.022],[8.499,61.018],[8.509,61.018],[8.513,61.013],[8.522,61.013],[8.527,61.012],[8.543,61.01],[8.559,61.004],[8.569,60.995],[8.581,60.994],[8.608,60.982],[8.609,60.979],[8.618,60.975],[8.626,60.971],[8.627,60.966],[8.633,60.962],[8.627,60.96],[8.63,60.957],[8.621,60.952],[8.657,60.939],[8.681,60.963],[8.677,60.967],[8.679,60.969],[8.689,60.974],[8.697,60.975],[8.738,61.005],[8.733,61.007],[8.743,61.03],[8.724,61.042],[8.68,61.055],[8.711,61.083],[8.715,61.081],[8.731,61.09],[8.739,61.097],[8.755,61.106],[8.766,61.116],[8.779,61.125],[8.791,61.131],[8.798,61.137],[8.804,61.136],[8.818,61.137],[8.822,61.136],[8.836,61.137],[8.84,61.134],[8.848,61.131],[8.86,61.132],[8.861,61.139],[8.863,61.142],[8.864,61.149],[8.866,61.162],[8.871,61.178],[8.877,61.19],[8.883,61.195],[8.889,61.21],[8.865,61.229],[8.852,61.235],[8.833,61.233],[8.824,61.233],[8.815,61.237],[8.804,61.25],[8.799,61.254],[8.789,61.252],[8.773,61.253],[8.766,61.252],[8.76,61.254],[8.758,61.258],[8.762,61.26],[8.76,61.264],[8.747,61.267],[8.741,61.275],[8.749,61.277],[8.755,61.281],[8.761,61.282],[8.799,61.294],[8.825,61.289],[8.828,61.321],[8.825,61.328],[8.828,61.333],[8.826,61.338],[8.815,61.342],[8.806,61.343],[8.797,61.347],[8.794,61.353],[8.79,61.358],[8.786,61.36],[8.784,61.364],[8.775,61.369],[8.771,61.375],[8.74,61.387],[8.721,61.399],[8.699,61.395],[8.646,61.391],[8.621,61.393],[8.58,61.389],[8.554,61.396],[8.512,61.403],[8.466,61.398],[8.422,61.415],[8.41,61.418],[8.381,61.416],[8.303,61.446],[8.275,61.431],[8.231,61.43],[8.215,61.43],[8.192,61.439],[8.171,61.432],[8.15,61.427]]]}},{"type":"Feature","properties":{"id":412428,"maakond_id":608,"name":"Etnedal","bbox":[9.378,60.799,9.816,61.128]},"geometry":{"type":"Polygon","coordinates":[[[9.69,61.128],[9.679,61.128],[9.667,61.125],[9.668,61.123],[9.677,61.12],[9.67,61.117],[9.666,61.112],[9.652,61.102],[9.646,61.104],[9.639,61.107],[9.612,61.116],[9.601,61.119],[9.585,61.119],[9.576,61.12],[9.576,61.116],[9.566,61.114],[9.549,61.108],[9.497,61.094],[9.475,61.094],[9.424,61.073],[9.427,61.07],[9.404,61.063],[9.401,61.061],[9.38,61.059],[9.378,61.056],[9.381,61.053],[9.392,61.055],[9.406,61.055],[9.427,61.054],[9.426,61.049],[9.436,61.046],[9.445,61.04],[9.456,61.035],[9.462,61.026],[9.469,61.019],[9.484,61.016],[9.497,61.011],[9.512,61.005],[9.526,60.997],[9.537,60.986],[9.536,60.982],[9.54,60.977],[9.524,60.978],[9.513,60.977],[9.507,60.97],[9.506,60.961],[9.497,60.954],[9.51,60.949],[9.529,60.945],[9.521,60.943],[9.518,60.94],[9.512,60.939],[9.512,60.935],[9.528,60.929],[9.536,60.924],[9.536,60.921],[9.541,60.916],[9.536,60.907],[9.531,60.9],[9.538,60.898],[9.539,60.893],[9.545,60.883],[9.557,60.872],[9.557,60.862],[9.559,60.859],[9.556,60.851],[9.57,60.848],[9.582,60.846],[9.595,60.843],[9.613,60.839],[9.622,60.838],[9.626,60.836],[9.642,60.833],[9.654,60.832],[9.659,60.833],[9.672,60.833],[9.682,60.83],[9.698,60.821],[9.713,60.814],[9.719,60.811],[9.723,60.814],[9.729,60.814],[9.749,60.816],[9.748,60.821],[9.766,60.819],[9.782,60.819],[9.781,60.815],[9.784,60.81],[9.79,60.808],[9.804,60.805],[9.802,60.803],[9.807,60.799],[9.815,60.799],[9.816,60.809],[9.813,60.814],[9.805,60.827],[9.787,60.828],[9.778,60.827],[9.773,60.828],[9.771,60.832],[9.784,60.856],[9.79,60.86],[9.794,60.869],[9.797,60.874],[9.796,60.879],[9.8,60.885],[9.792,60.893],[9.79,60.899],[9.795,60.917],[9.791,60.926],[9.791,60.932],[9.794,60.935],[9.792,60.95],[9.788,60.953],[9.784,60.958],[9.781,60.966],[9.778,60.97],[9.773,60.981],[9.776,60.994],[9.783,60.997],[9.782,61],[9.774,61],[9.766,61.011],[9.769,61.013],[9.765,61.017],[9.758,61.022],[9.751,61.032],[9.748,61.041],[9.754,61.042],[9.766,61.043],[9.784,61.041],[9.781,61.044],[9.768,61.045],[9.767,61.048],[9.77,61.051],[9.771,61.055],[9.775,61.058],[9.79,61.077],[9.761,61.082],[9.759,61.08],[9.741,61.076],[9.733,61.073],[9.722,61.073],[9.712,61.089],[9.702,61.104],[9.69,61.128]]]}},{"type":"Feature","properties":{"id":412429,"maakond_id":606,"name":"Jevnaker","bbox":[10.194,60.165,10.577,60.4]},"geometry":{"type":"Polygon","coordinates":[[[10.194,60.4],[10.196,60.393],[10.2,60.379],[10.199,60.376],[10.21,60.365],[10.22,60.357],[10.226,60.348],[10.238,60.341],[10.243,60.335],[10.248,60.326],[10.256,60.318],[10.28,60.294],[10.319,60.263],[10.315,60.261],[10.309,60.254],[10.31,60.245],[10.317,60.24],[10.326,60.236],[10.331,60.228],[10.336,60.226],[10.347,60.223],[10.357,60.217],[10.36,60.221],[10.369,60.221],[10.375,60.224],[10.383,60.219],[10.392,60.218],[10.419,60.208],[10.433,60.202],[10.452,60.192],[10.461,60.189],[10.477,60.184],[10.487,60.177],[10.494,60.176],[10.495,60.173],[10.513,60.171],[10.524,60.172],[10.526,60.17],[10.534,60.169],[10.545,60.165],[10.561,60.166],[10.563,60.17],[10.567,60.171],[10.571,60.177],[10.577,60.181],[10.571,60.186],[10.574,60.198],[10.564,60.202],[10.545,60.214],[10.54,60.241],[10.53,60.246],[10.526,60.259],[10.542,60.261],[10.539,60.268],[10.539,60.27],[10.535,60.275],[10.536,60.279],[10.532,60.281],[10.523,60.282],[10.522,60.286],[10.512,60.285],[10.511,60.291],[10.485,60.293],[10.483,60.29],[10.489,60.289],[10.489,60.286],[10.476,60.286],[10.47,60.289],[10.47,60.296],[10.461,60.296],[10.456,60.299],[10.463,60.305],[10.469,60.305],[10.469,60.311],[10.458,60.317],[10.441,60.316],[10.422,60.313],[10.416,60.314],[10.415,60.318],[10.398,60.316],[10.384,60.317],[10.366,60.321],[10.365,60.328],[10.377,60.338],[10.386,60.356],[10.388,60.375],[10.355,60.373],[10.348,60.369],[10.334,60.368],[10.294,60.382],[10.261,60.394],[10.202,60.392],[10.207,60.399],[10.194,60.4]]]}},{"type":"Feature","properties":{"id":412430,"maakond_id":606,"name":"Lunner","bbox":[10.456,60.132,10.865,60.339]},"geometry":{"type":"Polygon","coordinates":[[[10.865,60.314],[10.783,60.314],[10.763,60.314],[10.72,60.33],[10.724,60.334],[10.72,60.338],[10.714,60.339],[10.707,60.335],[10.704,60.33],[10.694,60.331],[10.688,60.329],[10.687,60.326],[10.679,60.326],[10.67,60.328],[10.668,60.327],[10.643,60.323],[10.639,60.326],[10.633,60.326],[10.629,60.321],[10.618,60.319],[10.605,60.313],[10.601,60.322],[10.591,60.321],[10.585,60.318],[10.579,60.324],[10.57,60.324],[10.559,60.321],[10.556,60.327],[10.544,60.327],[10.526,60.325],[10.502,60.325],[10.485,60.323],[10.471,60.322],[10.464,60.321],[10.458,60.317],[10.469,60.311],[10.469,60.305],[10.463,60.305],[10.456,60.299],[10.461,60.296],[10.47,60.296],[10.47,60.289],[10.476,60.286],[10.489,60.286],[10.489,60.289],[10.483,60.29],[10.485,60.293],[10.511,60.291],[10.512,60.285],[10.522,60.286],[10.523,60.282],[10.532,60.281],[10.536,60.279],[10.535,60.275],[10.539,60.27],[10.539,60.268],[10.542,60.261],[10.526,60.259],[10.53,60.246],[10.54,60.241],[10.545,60.214],[10.564,60.202],[10.574,60.198],[10.571,60.186],[10.577,60.181],[10.571,60.177],[10.567,60.171],[10.563,60.17],[10.561,60.166],[10.572,60.153],[10.577,60.151],[10.588,60.15],[10.597,60.145],[10.593,60.142],[10.596,60.137],[10.6,60.135],[10.601,60.132],[10.604,60.134],[10.619,60.135],[10.647,60.133],[10.68,60.134],[10.675,60.143],[10.677,60.147],[10.684,60.146],[10.694,60.15],[10.701,60.152],[10.706,60.15],[10.711,60.153],[10.722,60.153],[10.74,60.151],[10.75,60.152],[10.755,60.151],[10.769,60.151],[10.767,60.16],[10.771,60.167],[10.777,60.17],[10.779,60.176],[10.776,60.182],[10.778,60.187],[10.774,60.188],[10.776,60.193],[10.773,60.209],[10.772,60.215],[10.782,60.227],[10.796,60.238],[10.807,60.254],[10.813,60.264],[10.828,60.28],[10.842,60.292],[10.844,60.295],[10.865,60.314]]]}},{"type":"Feature","properties":{"id":412431,"maakond_id":608,"name":"Øystre Slidre","bbox":[8.721,61.051,9.466,61.451]},"geometry":{"type":"Polygon","coordinates":[[[9.191,61.355],[9.195,61.349],[9.194,61.342],[9.186,61.341],[9.173,61.343],[9.159,61.351],[9.144,61.356],[9.138,61.36],[9.139,61.365],[9.142,61.367],[9.07,61.387],[9.016,61.407],[8.957,61.418],[8.951,61.42],[8.94,61.42],[8.937,61.423],[8.826,61.444],[8.782,61.451],[8.781,61.447],[8.784,61.442],[8.769,61.435],[8.765,61.432],[8.759,61.432],[8.721,61.399],[8.74,61.387],[8.771,61.375],[8.775,61.369],[8.784,61.364],[8.786,61.36],[8.79,61.358],[8.794,61.353],[8.797,61.347],[8.806,61.343],[8.815,61.342],[8.826,61.338],[8.828,61.333],[8.825,61.328],[8.828,61.321],[8.825,61.289],[8.799,61.294],[8.761,61.282],[8.755,61.281],[8.749,61.277],[8.741,61.275],[8.747,61.267],[8.76,61.264],[8.762,61.26],[8.758,61.258],[8.76,61.254],[8.766,61.252],[8.773,61.253],[8.789,61.252],[8.799,61.254],[8.804,61.25],[8.815,61.237],[8.824,61.233],[8.833,61.233],[8.852,61.235],[8.865,61.229],[8.889,61.21],[8.898,61.207],[8.893,61.193],[8.885,61.176],[8.88,61.168],[8.906,61.163],[8.92,61.162],[8.923,61.161],[8.941,61.156],[8.952,61.155],[8.973,61.156],[8.987,61.155],[8.991,61.151],[8.996,61.153],[9.013,61.152],[9.015,61.148],[9.021,61.144],[9.015,61.136],[9.018,61.131],[9.015,61.124],[9.006,61.122],[9.006,61.118],[9.012,61.111],[9.02,61.109],[9.03,61.1],[9.041,61.096],[9.051,61.094],[9.066,61.09],[9.053,61.088],[9.065,61.081],[9.067,61.077],[9.072,61.075],[9.077,61.076],[9.082,61.075],[9.09,61.068],[9.105,61.067],[9.117,61.07],[9.125,61.068],[9.137,61.059],[9.145,61.06],[9.154,61.056],[9.169,61.052],[9.17,61.051],[9.191,61.055],[9.201,61.056],[9.215,61.056],[9.239,61.065],[9.242,61.067],[9.254,61.07],[9.271,61.072],[9.287,61.076],[9.301,61.078],[9.313,61.077],[9.339,61.084],[9.354,61.09],[9.36,61.09],[9.374,61.095],[9.393,61.106],[9.411,61.119],[9.415,61.12],[9.42,61.127],[9.419,61.138],[9.42,61.143],[9.422,61.176],[9.454,61.207],[9.458,61.22],[9.466,61.241],[9.366,61.272],[9.33,61.283],[9.301,61.292],[9.295,61.313],[9.218,61.344],[9.191,61.355]]]}},{"type":"Feature","properties":{"id":412533,"maakond_id":608,"name":"Eidskog","bbox":[11.793,59.841,12.359,60.142]},"geometry":{"type":"Polygon","coordinates":[[[11.819,60.024],[11.83,60.018],[11.839,60.016],[11.836,60.012],[11.838,60.008],[11.835,59.998],[11.829,59.995],[11.82,59.994],[11.811,59.989],[11.806,59.978],[11.797,59.968],[11.795,59.965],[11.793,59.956],[11.809,59.947],[11.809,59.943],[11.814,59.941],[11.819,59.935],[11.817,59.933],[11.821,59.931],[11.813,59.924],[11.803,59.92],[11.805,59.917],[11.805,59.911],[11.808,59.902],[11.805,59.899],[11.813,59.895],[11.82,59.889],[11.817,59.883],[11.825,59.88],[11.821,59.874],[11.827,59.869],[11.833,59.868],[11.836,59.863],[11.836,59.856],[11.833,59.85],[11.838,59.847],[11.834,59.846],[11.834,59.842],[11.84,59.841],[11.849,59.844],[11.87,59.85],[11.883,59.855],[11.888,59.859],[11.883,59.863],[11.882,59.87],[11.887,59.872],[11.897,59.871],[11.915,59.872],[11.923,59.877],[11.922,59.881],[11.928,59.885],[11.942,59.89],[11.985,59.901],[11.987,59.899],[12.033,59.889],[12.053,59.886],[12.1,59.891],[12.126,59.894],[12.155,59.887],[12.174,59.89],[12.191,59.901],[12.231,59.928],[12.341,59.966],[12.359,59.982],[12.349,59.987],[12.345,59.994],[12.34,59.997],[12.338,60.002],[12.331,60.005],[12.325,60.009],[12.323,60.015],[12.328,60.023],[12.332,60.024],[12.327,60.03],[12.319,60.034],[12.308,60.045],[12.311,60.048],[12.314,60.056],[12.306,60.059],[12.295,60.059],[12.283,60.057],[12.275,60.059],[12.264,60.065],[12.257,60.067],[12.241,60.074],[12.238,60.084],[12.266,60.086],[12.279,60.094],[12.278,60.103],[12.268,60.12],[12.254,60.131],[12.251,60.135],[12.242,60.137],[12.22,60.138],[12.176,60.139],[12.164,60.138],[12.162,60.14],[12.153,60.141],[12.155,60.135],[12.145,60.135],[12.149,60.14],[12.147,60.142],[12.134,60.141],[12.126,60.139],[12.126,60.137],[12.13,60.129],[12.122,60.125],[12.11,60.122],[12.109,60.119],[12.103,60.118],[12.079,60.109],[12.08,60.103],[12.073,60.102],[12.068,60.095],[12.057,60.091],[12.022,60.09],[12.003,60.089],[11.989,60.09],[11.967,60.089],[11.959,60.09],[11.946,60.083],[11.937,60.082],[11.927,60.086],[11.923,60.09],[11.917,60.088],[11.922,60.081],[11.919,60.078],[11.911,60.076],[11.913,60.071],[11.892,60.072],[11.863,60.072],[11.859,60.07],[11.852,60.07],[11.837,60.068],[11.83,60.066],[11.829,60.061],[11.824,60.06],[11.822,60.052],[11.822,60.03],[11.819,60.024]]]}},{"type":"Feature","properties":{"id":412534,"maakond_id":608,"name":"Kongsvinger","bbox":[11.831,59.982,12.542,60.398]},"geometry":{"type":"Polygon","coordinates":[[[11.831,60.354],[11.849,60.341],[11.886,60.319],[11.898,60.31],[11.906,60.309],[11.909,60.297],[11.919,60.295],[11.917,60.289],[11.926,60.281],[11.927,60.277],[11.933,60.27],[11.936,60.265],[11.934,60.262],[11.937,60.26],[11.935,60.255],[11.928,60.251],[11.911,60.245],[11.898,60.241],[11.895,60.237],[11.903,60.23],[11.909,60.224],[11.91,60.218],[11.914,60.209],[11.898,60.204],[11.89,60.201],[11.881,60.199],[11.885,60.196],[11.891,60.187],[11.895,60.184],[11.906,60.182],[11.904,60.178],[11.911,60.175],[11.923,60.17],[11.915,60.16],[11.92,60.149],[11.913,60.142],[11.904,60.138],[11.896,60.139],[11.896,60.135],[11.901,60.127],[11.903,60.118],[11.906,60.114],[11.91,60.107],[11.896,60.105],[11.898,60.101],[11.907,60.093],[11.917,60.088],[11.923,60.09],[11.927,60.086],[11.937,60.082],[11.946,60.083],[11.959,60.09],[11.967,60.089],[11.989,60.09],[12.003,60.089],[12.022,60.09],[12.057,60.091],[12.068,60.095],[12.073,60.102],[12.08,60.103],[12.079,60.109],[12.103,60.118],[12.109,60.119],[12.11,60.122],[12.122,60.125],[12.13,60.129],[12.126,60.137],[12.126,60.139],[12.134,60.141],[12.147,60.142],[12.149,60.14],[12.145,60.135],[12.155,60.135],[12.153,60.141],[12.162,60.14],[12.164,60.138],[12.176,60.139],[12.22,60.138],[12.242,60.137],[12.251,60.135],[12.254,60.131],[12.268,60.12],[12.278,60.103],[12.279,60.094],[12.266,60.086],[12.238,60.084],[12.241,60.074],[12.257,60.067],[12.264,60.065],[12.275,60.059],[12.283,60.057],[12.295,60.059],[12.306,60.059],[12.314,60.056],[12.311,60.048],[12.308,60.045],[12.319,60.034],[12.327,60.03],[12.332,60.024],[12.328,60.023],[12.323,60.015],[12.325,60.009],[12.331,60.005],[12.338,60.002],[12.34,59.997],[12.345,59.994],[12.349,59.987],[12.359,59.982],[12.396,60.016],[12.425,60.027],[12.449,60.039],[12.481,60.073],[12.501,60.099],[12.517,60.136],[12.542,60.193],[12.525,60.224],[12.506,60.277],[12.499,60.282],[12.495,60.286],[12.488,60.29],[12.481,60.292],[12.478,60.295],[12.47,60.297],[12.47,60.303],[12.466,60.309],[12.457,60.315],[12.455,60.322],[12.448,60.328],[12.451,60.33],[12.451,60.334],[12.443,60.341],[12.441,60.347],[12.433,60.356],[12.432,60.36],[12.433,60.368],[12.428,60.375],[12.423,60.374],[12.412,60.364],[12.401,60.361],[12.387,60.356],[12.378,60.362],[12.373,60.367],[12.368,60.369],[12.358,60.374],[12.351,60.375],[12.347,60.374],[12.345,60.37],[12.332,60.367],[12.331,60.375],[12.334,60.381],[12.333,60.383],[12.316,60.396],[12.309,60.398],[12.299,60.397],[12.283,60.398],[12.259,60.395],[12.258,60.393],[12.269,60.386],[12.278,60.375],[12.281,60.364],[12.285,60.355],[12.29,60.35],[12.258,60.345],[12.232,60.343],[12.238,60.335],[12.237,60.332],[12.233,60.329],[12.233,60.325],[12.236,60.31],[12.231,60.311],[12.225,60.318],[12.219,60.322],[12.215,60.326],[12.205,60.331],[12.194,60.338],[12.194,60.34],[12.182,60.343],[12.175,60.337],[12.171,60.338],[12.158,60.344],[12.162,60.348],[12.157,60.355],[12.15,60.357],[12.144,60.359],[12.135,60.358],[12.119,60.361],[12.117,60.361],[12.1,60.365],[12.084,60.368],[12.067,60.372],[12.059,60.373],[12.052,60.372],[12.05,60.368],[12.04,60.369],[12.02,60.369],[11.931,60.351],[11.926,60.353],[11.908,60.349],[11.898,60.349],[11.895,60.352],[11.88,60.354],[11.87,60.353],[11.866,60.351],[11.86,60.352],[11.847,60.359],[11.836,60.359],[11.831,60.354]]]}},{"type":"Feature","properties":{"id":412535,"maakond_id":608,"name":"Sør-Odal","bbox":[11.52,60.048,11.937,60.376]},"geometry":{"type":"Polygon","coordinates":[[[11.52,60.295],[11.549,60.285],[11.56,60.28],[11.569,60.278],[11.583,60.274],[11.595,60.269],[11.602,60.267],[11.597,60.261],[11.6,60.256],[11.595,60.248],[11.588,60.245],[11.581,60.237],[11.58,60.23],[11.585,60.223],[11.582,60.215],[11.585,60.211],[11.584,60.204],[11.576,60.197],[11.578,60.196],[11.573,60.191],[11.564,60.186],[11.56,60.182],[11.562,60.176],[11.57,60.176],[11.573,60.173],[11.58,60.174],[11.585,60.173],[11.59,60.167],[11.589,60.162],[11.599,60.156],[11.615,60.146],[11.623,60.143],[11.626,60.137],[11.635,60.133],[11.64,60.129],[11.655,60.122],[11.662,60.121],[11.676,60.115],[11.69,60.112],[11.698,60.111],[11.699,60.109],[11.714,60.104],[11.717,60.102],[11.726,60.102],[11.735,60.096],[11.749,60.097],[11.764,60.095],[11.764,60.092],[11.773,60.092],[11.778,60.09],[11.779,60.083],[11.785,60.077],[11.786,60.073],[11.791,60.072],[11.79,60.069],[11.786,60.067],[11.789,60.06],[11.787,60.052],[11.791,60.048],[11.808,60.053],[11.817,60.057],[11.822,60.052],[11.824,60.06],[11.829,60.061],[11.83,60.066],[11.837,60.068],[11.852,60.07],[11.859,60.07],[11.863,60.072],[11.892,60.072],[11.913,60.071],[11.911,60.076],[11.919,60.078],[11.922,60.081],[11.917,60.088],[11.907,60.093],[11.898,60.101],[11.896,60.105],[11.91,60.107],[11.906,60.114],[11.903,60.118],[11.901,60.127],[11.896,60.135],[11.896,60.139],[11.904,60.138],[11.913,60.142],[11.92,60.149],[11.915,60.16],[11.923,60.17],[11.911,60.175],[11.904,60.178],[11.906,60.182],[11.895,60.184],[11.891,60.187],[11.885,60.196],[11.881,60.199],[11.89,60.201],[11.898,60.204],[11.914,60.209],[11.91,60.218],[11.909,60.224],[11.903,60.23],[11.895,60.237],[11.898,60.241],[11.911,60.245],[11.928,60.251],[11.935,60.255],[11.937,60.26],[11.934,60.262],[11.936,60.265],[11.933,60.27],[11.927,60.277],[11.926,60.281],[11.917,60.289],[11.919,60.295],[11.909,60.297],[11.906,60.309],[11.898,60.31],[11.886,60.319],[11.849,60.341],[11.831,60.354],[11.813,60.358],[11.8,60.366],[11.791,60.366],[11.781,60.368],[11.776,60.371],[11.77,60.376],[11.76,60.375],[11.754,60.376],[11.752,60.367],[11.747,60.367],[11.741,60.362],[11.738,60.357],[11.727,60.354],[11.715,60.359],[11.701,60.361],[11.692,60.361],[11.673,60.359],[11.667,60.359],[11.646,60.365],[11.613,60.371],[11.607,60.368],[11.62,60.338],[11.622,60.329],[11.626,60.325],[11.624,60.322],[11.626,60.314],[11.624,60.31],[11.616,60.306],[11.613,60.303],[11.596,60.311],[11.591,60.31],[11.586,60.313],[11.58,60.311],[11.576,60.313],[11.57,60.31],[11.56,60.31],[11.541,60.303],[11.53,60.298],[11.52,60.295]]]}},{"type":"Feature","properties":{"id":412536,"maakond_id":608,"name":"Nord-Odal","bbox":[11.342,60.295,11.837,60.584]},"geometry":{"type":"Polygon","coordinates":[[[11.52,60.295],[11.53,60.298],[11.541,60.303],[11.56,60.31],[11.57,60.31],[11.576,60.313],[11.58,60.311],[11.586,60.313],[11.591,60.31],[11.596,60.311],[11.613,60.303],[11.616,60.306],[11.624,60.31],[11.626,60.314],[11.624,60.322],[11.626,60.325],[11.622,60.329],[11.62,60.338],[11.607,60.368],[11.613,60.371],[11.646,60.365],[11.667,60.359],[11.673,60.359],[11.692,60.361],[11.701,60.361],[11.715,60.359],[11.727,60.354],[11.738,60.357],[11.741,60.362],[11.747,60.367],[11.752,60.367],[11.754,60.376],[11.76,60.375],[11.77,60.376],[11.776,60.371],[11.781,60.368],[11.791,60.366],[11.8,60.366],[11.813,60.358],[11.816,60.36],[11.818,60.368],[11.814,60.369],[11.812,60.374],[11.809,60.374],[11.805,60.384],[11.809,60.385],[11.811,60.389],[11.824,60.389],[11.822,60.398],[11.831,60.403],[11.837,60.415],[11.837,60.426],[11.824,60.434],[11.799,60.445],[11.797,60.45],[11.8,60.453],[11.796,60.46],[11.796,60.47],[11.799,60.477],[11.799,60.487],[11.788,60.488],[11.774,60.477],[11.764,60.472],[11.754,60.481],[11.74,60.504],[11.731,60.512],[11.722,60.519],[11.708,60.525],[11.703,60.529],[11.696,60.545],[11.694,60.549],[11.685,60.545],[11.676,60.546],[11.67,60.554],[11.663,60.559],[11.661,60.562],[11.654,60.565],[11.615,60.584],[11.583,60.577],[11.538,60.567],[11.539,60.56],[11.537,60.538],[11.548,60.517],[11.51,60.517],[11.451,60.506],[11.351,60.518],[11.342,60.459],[11.352,60.449],[11.369,60.427],[11.377,60.415],[11.388,60.402],[11.389,60.395],[11.393,60.389],[11.402,60.377],[11.418,60.368],[11.418,60.361],[11.422,60.352],[11.431,60.344],[11.433,60.34],[11.445,60.337],[11.452,60.333],[11.465,60.332],[11.474,60.332],[11.494,60.316],[11.505,60.31],[11.52,60.295]]]}},{"type":"Feature","properties":{"id":412537,"maakond_id":608,"name":"Grue","bbox":[11.796,60.277,12.607,60.551]},"geometry":{"type":"Polygon","coordinates":[[[12.506,60.277],[12.504,60.281],[12.499,60.324],[12.545,60.347],[12.57,60.371],[12.606,60.406],[12.606,60.477],[12.607,60.513],[12.598,60.526],[12.482,60.527],[12.47,60.532],[12.447,60.539],[12.439,60.542],[12.439,60.544],[12.42,60.545],[12.411,60.548],[12.404,60.549],[12.397,60.546],[12.392,60.546],[12.389,60.543],[12.384,60.541],[12.381,60.538],[12.372,60.538],[12.356,60.539],[12.344,60.538],[12.336,60.538],[12.338,60.533],[12.31,60.528],[12.297,60.525],[12.267,60.523],[12.262,60.525],[12.261,60.534],[12.259,60.541],[12.24,60.544],[12.216,60.547],[12.21,60.545],[12.193,60.549],[12.188,60.551],[12.18,60.549],[12.175,60.55],[12.166,60.547],[12.164,60.541],[12.154,60.54],[12.138,60.548],[12.123,60.55],[12.093,60.55],[12.063,60.549],[12.06,60.546],[12.055,60.546],[12.045,60.539],[12.04,60.539],[12.04,60.529],[12.044,60.525],[12.051,60.513],[12.051,60.508],[12.039,60.508],[12.018,60.51],[12.004,60.509],[11.972,60.51],[11.938,60.514],[11.938,60.509],[11.931,60.508],[11.931,60.506],[11.924,60.503],[11.918,60.504],[11.903,60.5],[11.901,60.503],[11.868,60.496],[11.832,60.489],[11.826,60.491],[11.799,60.487],[11.799,60.477],[11.796,60.47],[11.796,60.46],[11.8,60.453],[11.797,60.45],[11.799,60.445],[11.824,60.434],[11.837,60.426],[11.837,60.415],[11.831,60.403],[11.822,60.398],[11.824,60.389],[11.811,60.389],[11.809,60.385],[11.805,60.384],[11.809,60.374],[11.812,60.374],[11.814,60.369],[11.818,60.368],[11.816,60.36],[11.813,60.358],[11.831,60.354],[11.836,60.359],[11.847,60.359],[11.86,60.352],[11.866,60.351],[11.87,60.353],[11.88,60.354],[11.895,60.352],[11.898,60.349],[11.908,60.349],[11.926,60.353],[11.931,60.351],[12.02,60.369],[12.04,60.369],[12.05,60.368],[12.052,60.372],[12.059,60.373],[12.067,60.372],[12.084,60.368],[12.1,60.365],[12.117,60.361],[12.119,60.361],[12.135,60.358],[12.144,60.359],[12.15,60.357],[12.157,60.355],[12.162,60.348],[12.158,60.344],[12.171,60.338],[12.175,60.337],[12.182,60.343],[12.194,60.34],[12.194,60.338],[12.205,60.331],[12.215,60.326],[12.219,60.322],[12.225,60.318],[12.231,60.311],[12.236,60.31],[12.233,60.325],[12.233,60.329],[12.237,60.332],[12.238,60.335],[12.232,60.343],[12.258,60.345],[12.29,60.35],[12.285,60.355],[12.281,60.364],[12.278,60.375],[12.269,60.386],[12.258,60.393],[12.259,60.395],[12.283,60.398],[12.299,60.397],[12.309,60.398],[12.316,60.396],[12.333,60.383],[12.334,60.381],[12.331,60.375],[12.332,60.367],[12.345,60.37],[12.347,60.374],[12.351,60.375],[12.358,60.374],[12.368,60.369],[12.373,60.367],[12.378,60.362],[12.387,60.356],[12.401,60.361],[12.412,60.364],[12.423,60.374],[12.428,60.375],[12.433,60.368],[12.432,60.36],[12.433,60.356],[12.441,60.347],[12.443,60.341],[12.451,60.334],[12.451,60.33],[12.448,60.328],[12.455,60.322],[12.457,60.315],[12.466,60.309],[12.47,60.303],[12.47,60.297],[12.478,60.295],[12.481,60.292],[12.488,60.29],[12.495,60.286],[12.499,60.282],[12.506,60.277]]]}},{"type":"Feature","properties":{"id":412538,"maakond_id":608,"name":"Åsnes","bbox":[11.641,60.472,12.598,60.891]},"geometry":{"type":"Polygon","coordinates":[[[11.799,60.487],[11.826,60.491],[11.832,60.489],[11.868,60.496],[11.901,60.503],[11.903,60.5],[11.918,60.504],[11.924,60.503],[11.931,60.506],[11.931,60.508],[11.938,60.509],[11.938,60.514],[11.972,60.51],[12.004,60.509],[12.018,60.51],[12.039,60.508],[12.051,60.508],[12.051,60.513],[12.044,60.525],[12.04,60.529],[12.04,60.539],[12.045,60.539],[12.055,60.546],[12.06,60.546],[12.063,60.549],[12.093,60.55],[12.123,60.55],[12.138,60.548],[12.154,60.54],[12.164,60.541],[12.166,60.547],[12.175,60.55],[12.18,60.549],[12.188,60.551],[12.193,60.549],[12.21,60.545],[12.216,60.547],[12.24,60.544],[12.259,60.541],[12.261,60.534],[12.262,60.525],[12.267,60.523],[12.297,60.525],[12.31,60.528],[12.338,60.533],[12.336,60.538],[12.344,60.538],[12.356,60.539],[12.372,60.538],[12.381,60.538],[12.384,60.541],[12.389,60.543],[12.392,60.546],[12.397,60.546],[12.404,60.549],[12.411,60.548],[12.42,60.545],[12.439,60.544],[12.439,60.542],[12.447,60.539],[12.47,60.532],[12.482,60.527],[12.598,60.526],[12.582,60.551],[12.549,60.575],[12.516,60.6],[12.511,60.642],[12.461,60.685],[12.395,60.734],[12.365,60.791],[12.349,60.818],[12.338,60.844],[12.322,60.841],[12.315,60.842],[12.3,60.848],[12.296,60.853],[12.278,60.854],[12.273,60.858],[12.258,60.863],[12.251,60.864],[12.237,60.869],[12.224,60.872],[12.215,60.873],[12.211,60.872],[12.189,60.877],[12.18,60.883],[12.177,60.888],[12.17,60.891],[12.149,60.88],[12.17,60.866],[12.176,60.863],[12.198,60.847],[12.202,60.843],[12.188,60.843],[12.186,60.84],[12.177,60.839],[12.175,60.837],[12.16,60.833],[12.146,60.827],[12.134,60.82],[12.104,60.819],[12.08,60.803],[12.086,60.799],[12.09,60.794],[12.101,60.791],[12.102,60.786],[12.094,60.788],[12.079,60.788],[12.075,60.786],[12.064,60.786],[12.065,60.783],[12.056,60.78],[12.04,60.77],[12.024,60.766],[11.983,60.753],[11.977,60.75],[11.965,60.739],[11.962,60.734],[11.963,60.726],[11.962,60.722],[11.953,60.709],[11.95,60.707],[11.953,60.703],[11.947,60.699],[11.939,60.699],[11.93,60.693],[11.907,60.698],[11.901,60.694],[11.909,60.69],[11.905,60.686],[11.909,60.685],[11.907,60.677],[11.908,60.674],[11.921,60.67],[11.925,60.667],[11.934,60.664],[11.933,60.66],[11.936,60.658],[11.929,60.656],[11.928,60.653],[11.928,60.646],[11.935,60.636],[11.928,60.633],[11.921,60.628],[11.921,60.625],[11.914,60.623],[11.92,60.616],[11.878,60.594],[11.863,60.588],[11.849,60.581],[11.817,60.576],[11.81,60.576],[11.777,60.567],[11.71,60.565],[11.691,60.57],[11.678,60.571],[11.648,60.58],[11.647,60.58],[11.641,60.578],[11.643,60.573],[11.649,60.57],[11.654,60.565],[11.661,60.562],[11.663,60.559],[11.67,60.554],[11.676,60.546],[11.685,60.545],[11.694,60.549],[11.696,60.545],[11.703,60.529],[11.708,60.525],[11.722,60.519],[11.731,60.512],[11.74,60.504],[11.754,60.481],[11.764,60.472],[11.774,60.477],[11.788,60.488],[11.799,60.487]]]}},{"type":"Feature","properties":{"id":412539,"maakond_id":608,"name":"Trysil","bbox":[11.737,61.013,12.871,61.699]},"geometry":{"type":"Polygon","coordinates":[[[11.843,61.575],[11.843,61.57],[11.815,61.546],[11.771,61.507],[11.802,61.455],[11.813,61.44],[11.816,61.431],[11.828,61.414],[11.852,61.375],[11.87,61.345],[11.881,61.327],[11.895,61.3],[11.916,61.269],[11.881,61.257],[11.85,61.247],[11.83,61.233],[11.765,61.209],[11.737,61.204],[11.775,61.183],[11.803,61.171],[11.81,61.165],[11.817,61.162],[11.862,61.121],[11.871,61.112],[11.871,61.103],[11.889,61.092],[11.896,61.084],[11.911,61.079],[11.92,61.073],[11.93,61.069],[11.932,61.066],[11.94,61.063],[11.944,61.059],[11.951,61.058],[11.95,61.055],[11.988,61.074],[11.998,61.071],[12.009,61.066],[12.011,61.067],[12.046,61.064],[12.054,61.079],[12.084,61.091],[12.091,61.088],[12.096,61.089],[12.104,61.085],[12.116,61.082],[12.131,61.08],[12.139,61.08],[12.139,61.077],[12.149,61.07],[12.151,61.067],[12.161,61.062],[12.163,61.06],[12.224,61.013],[12.242,61.02],[12.295,61.027],[12.379,61.04],[12.448,61.051],[12.488,61.052],[12.541,61.049],[12.61,61.047],[12.652,61.052],[12.668,61.055],[12.681,61.06],[12.683,61.061],[12.695,61.101],[12.707,61.143],[12.79,61.197],[12.834,61.258],[12.853,61.308],[12.871,61.356],[12.805,61.404],[12.723,61.461],[12.655,61.509],[12.569,61.569],[12.447,61.567],[12.42,61.563],[12.341,61.615],[12.276,61.64],[12.218,61.626],[12.196,61.624],[12.116,61.617],[12.091,61.612],[12.081,61.609],[12.056,61.607],[12.039,61.605],[12.024,61.606],[12.011,61.604],[11.984,61.603],[11.968,61.619],[11.899,61.699],[11.873,61.677],[11.862,61.65],[11.854,61.635],[11.863,61.63],[11.848,61.625],[11.846,61.618],[11.849,61.615],[11.85,61.61],[11.854,61.605],[11.853,61.597],[11.85,61.595],[11.852,61.578],[11.843,61.575]]]}},{"type":"Feature","properties":{"id":412540,"maakond_id":608,"name":"Stor-Elvdal","bbox":[10.053,61.2,11.375,61.964]},"geometry":{"type":"Polygon","coordinates":[[[10.156,61.948],[10.141,61.952],[10.132,61.949],[10.13,61.947],[10.129,61.94],[10.126,61.932],[10.113,61.924],[10.113,61.921],[10.097,61.915],[10.09,61.911],[10.086,61.907],[10.087,61.904],[10.1,61.899],[10.097,61.897],[10.105,61.894],[10.109,61.891],[10.118,61.888],[10.125,61.884],[10.151,61.884],[10.16,61.883],[10.162,61.88],[10.152,61.866],[10.127,61.834],[10.053,61.752],[10.193,61.72],[10.291,61.713],[10.343,61.692],[10.405,61.668],[10.454,61.703],[10.461,61.706],[10.475,61.707],[10.479,61.709],[10.486,61.715],[10.489,61.72],[10.495,61.721],[10.506,61.722],[10.522,61.729],[10.578,61.744],[10.599,61.733],[10.64,61.708],[10.644,61.673],[10.653,61.611],[10.661,61.604],[10.655,61.6],[10.671,61.559],[10.691,61.526],[10.705,61.501],[10.681,61.472],[10.753,61.405],[10.798,61.34],[10.849,61.266],[10.897,61.296],[10.925,61.278],[10.958,61.256],[11,61.25],[11.018,61.246],[11.093,61.25],[11.151,61.254],[11.151,61.248],[11.154,61.246],[11.151,61.241],[11.153,61.235],[11.158,61.233],[11.157,61.225],[11.16,61.223],[11.159,61.218],[11.163,61.214],[11.168,61.207],[11.183,61.2],[11.192,61.201],[11.206,61.2],[11.209,61.202],[11.224,61.205],[11.234,61.204],[11.248,61.208],[11.266,61.209],[11.269,61.211],[11.284,61.209],[11.296,61.204],[11.297,61.201],[11.304,61.203],[11.306,61.206],[11.314,61.207],[11.321,61.212],[11.342,61.215],[11.343,61.219],[11.342,61.222],[11.337,61.226],[11.336,61.231],[11.34,61.24],[11.337,61.247],[11.322,61.258],[11.314,61.262],[11.308,61.268],[11.323,61.27],[11.335,61.279],[11.35,61.284],[11.362,61.286],[11.375,61.286],[11.364,61.301],[11.353,61.313],[11.344,61.332],[11.336,61.339],[11.32,61.359],[11.321,61.364],[11.319,61.37],[11.308,61.385],[11.284,61.413],[11.269,61.418],[11.265,61.421],[11.251,61.437],[11.243,61.442],[11.245,61.445],[11.233,61.459],[11.233,61.467],[11.222,61.473],[11.213,61.481],[11.187,61.505],[11.173,61.516],[11.146,61.544],[11.144,61.548],[11.137,61.555],[11.13,61.558],[11.126,61.563],[11.13,61.566],[11.143,61.579],[11.144,61.596],[11.136,61.605],[11.131,61.611],[11.126,61.617],[11.1,61.642],[11.09,61.651],[11.082,61.656],[11.074,61.669],[11.071,61.669],[11.066,61.677],[11.06,61.688],[11.051,61.693],[11.042,61.699],[11.035,61.702],[11.028,61.707],[11.014,61.719],[10.989,61.738],[10.983,61.753],[10.979,61.762],[10.972,61.763],[10.925,61.768],[10.883,61.756],[10.875,61.754],[10.866,61.75],[10.85,61.742],[10.838,61.742],[10.818,61.739],[10.817,61.741],[10.816,61.749],[10.817,61.754],[10.8,61.754],[10.795,61.756],[10.788,61.764],[10.776,61.767],[10.77,61.77],[10.705,61.801],[10.689,61.819],[10.679,61.825],[10.675,61.826],[10.653,61.837],[10.643,61.841],[10.61,61.849],[10.521,61.879],[10.526,61.89],[10.511,61.9],[10.494,61.912],[10.483,61.926],[10.485,61.931],[10.478,61.939],[10.467,61.943],[10.463,61.946],[10.448,61.964],[10.391,61.961],[10.349,61.953],[10.305,61.913],[10.28,61.914],[10.269,61.916],[10.262,61.919],[10.257,61.928],[10.249,61.929],[10.235,61.929],[10.218,61.933],[10.211,61.936],[10.2,61.943],[10.185,61.948],[10.176,61.945],[10.167,61.944],[10.156,61.948]]]}},{"type":"Feature","properties":{"id":412541,"maakond_id":608,"name":"Rendalen","bbox":[10.448,61.413,11.843,62.2]},"geometry":{"type":"Polygon","coordinates":[[[11.843,61.575],[11.836,61.575],[11.822,61.581],[11.82,61.588],[11.816,61.591],[11.814,61.597],[11.804,61.604],[11.797,61.612],[11.788,61.609],[11.784,61.611],[11.756,61.618],[11.75,61.626],[11.74,61.631],[11.738,61.635],[11.728,61.64],[11.727,61.642],[11.717,61.646],[11.713,61.649],[11.71,61.659],[11.702,61.666],[11.691,61.67],[11.68,61.671],[11.677,61.677],[11.668,61.687],[11.649,61.711],[11.647,61.715],[11.635,61.727],[11.633,61.746],[11.623,61.769],[11.621,61.774],[11.625,61.776],[11.631,61.776],[11.644,61.785],[11.651,61.787],[11.663,61.788],[11.685,61.801],[11.693,61.805],[11.704,61.806],[11.707,61.811],[11.703,61.819],[11.704,61.821],[11.714,61.823],[11.718,61.827],[11.716,61.832],[11.722,61.841],[11.735,61.848],[11.733,61.854],[11.727,61.859],[11.732,61.865],[11.726,61.872],[11.726,61.878],[11.73,61.881],[11.734,61.888],[11.725,61.891],[11.699,61.946],[11.673,61.968],[11.601,62.035],[11.596,62.059],[11.559,62.114],[11.548,62.123],[11.51,62.144],[11.472,62.164],[11.43,62.162],[11.358,62.159],[11.322,62.189],[11.266,62.188],[11.255,62.191],[11.243,62.198],[11.218,62.2],[11.208,62.187],[11.186,62.18],[11.181,62.18],[11.161,62.176],[11.16,62.174],[11.168,62.17],[11.168,62.167],[11.163,62.166],[11.173,62.16],[11.147,62.149],[11.122,62.156],[11.108,62.161],[11.088,62.153],[11.076,62.143],[11.034,62.14],[11.021,62.138],[10.994,62.134],[10.978,62.128],[10.974,62.124],[10.973,62.119],[10.963,62.101],[10.955,62.097],[10.956,62.087],[10.949,62.073],[10.953,62.055],[10.963,62.051],[10.964,62.038],[10.972,62.034],[10.933,62.028],[10.919,62.028],[10.909,62.026],[10.883,62.023],[10.897,62.013],[10.902,62.008],[10.899,62.007],[10.928,61.983],[10.931,61.974],[10.93,61.969],[10.933,61.961],[10.917,61.957],[10.9,61.954],[10.898,61.945],[10.888,61.948],[10.884,61.954],[10.884,61.959],[10.893,61.968],[10.892,61.977],[10.873,61.973],[10.865,61.971],[10.843,61.958],[10.838,61.964],[10.833,61.966],[10.771,61.964],[10.739,61.948],[10.718,61.943],[10.585,61.913],[10.547,61.964],[10.448,61.964],[10.463,61.946],[10.467,61.943],[10.478,61.939],[10.485,61.931],[10.483,61.926],[10.494,61.912],[10.511,61.9],[10.526,61.89],[10.521,61.879],[10.61,61.849],[10.643,61.841],[10.653,61.837],[10.675,61.826],[10.679,61.825],[10.689,61.819],[10.705,61.801],[10.77,61.77],[10.776,61.767],[10.788,61.764],[10.795,61.756],[10.8,61.754],[10.817,61.754],[10.816,61.749],[10.817,61.741],[10.818,61.739],[10.838,61.742],[10.85,61.742],[10.866,61.75],[10.875,61.754],[10.883,61.756],[10.925,61.768],[10.972,61.763],[10.979,61.762],[10.983,61.753],[10.989,61.738],[11.014,61.719],[11.028,61.707],[11.035,61.702],[11.042,61.699],[11.051,61.693],[11.06,61.688],[11.066,61.677],[11.071,61.669],[11.074,61.669],[11.082,61.656],[11.09,61.651],[11.1,61.642],[11.126,61.617],[11.131,61.611],[11.136,61.605],[11.144,61.596],[11.143,61.579],[11.13,61.566],[11.126,61.563],[11.13,61.558],[11.137,61.555],[11.144,61.548],[11.146,61.544],[11.173,61.516],[11.187,61.505],[11.213,61.481],[11.222,61.473],[11.233,61.467],[11.233,61.459],[11.245,61.445],[11.243,61.442],[11.251,61.437],[11.265,61.421],[11.269,61.418],[11.284,61.413],[11.287,61.415],[11.329,61.423],[11.378,61.429],[11.405,61.434],[11.444,61.439],[11.477,61.438],[11.573,61.458],[11.653,61.475],[11.771,61.507],[11.815,61.546],[11.843,61.57],[11.843,61.575]]]}},{"type":"Feature","properties":{"id":412542,"maakond_id":608,"name":"Engerdal","bbox":[11.51,61.575,12.299,62.374]},"geometry":{"type":"Polygon","coordinates":[[[11.51,62.144],[11.548,62.123],[11.559,62.114],[11.596,62.059],[11.601,62.035],[11.673,61.968],[11.699,61.946],[11.725,61.891],[11.734,61.888],[11.73,61.881],[11.726,61.878],[11.726,61.872],[11.732,61.865],[11.727,61.859],[11.733,61.854],[11.735,61.848],[11.722,61.841],[11.716,61.832],[11.718,61.827],[11.714,61.823],[11.704,61.821],[11.703,61.819],[11.707,61.811],[11.704,61.806],[11.693,61.805],[11.685,61.801],[11.663,61.788],[11.651,61.787],[11.644,61.785],[11.631,61.776],[11.625,61.776],[11.621,61.774],[11.623,61.769],[11.633,61.746],[11.635,61.727],[11.647,61.715],[11.649,61.711],[11.668,61.687],[11.677,61.677],[11.68,61.671],[11.691,61.67],[11.702,61.666],[11.71,61.659],[11.713,61.649],[11.717,61.646],[11.727,61.642],[11.728,61.64],[11.738,61.635],[11.74,61.631],[11.75,61.626],[11.756,61.618],[11.784,61.611],[11.788,61.609],[11.797,61.612],[11.804,61.604],[11.814,61.597],[11.816,61.591],[11.82,61.588],[11.822,61.581],[11.836,61.575],[11.843,61.575],[11.852,61.578],[11.85,61.595],[11.853,61.597],[11.854,61.605],[11.85,61.61],[11.849,61.615],[11.846,61.618],[11.848,61.625],[11.863,61.63],[11.854,61.635],[11.862,61.65],[11.873,61.677],[11.899,61.699],[11.968,61.619],[11.984,61.603],[12.011,61.604],[12.024,61.606],[12.039,61.605],[12.056,61.607],[12.081,61.609],[12.091,61.612],[12.116,61.617],[12.196,61.624],[12.218,61.626],[12.276,61.64],[12.138,61.724],[12.161,61.799],[12.185,61.878],[12.205,61.947],[12.221,62.003],[12.245,62.087],[12.261,62.136],[12.278,62.196],[12.299,62.267],[12.255,62.331],[12.243,62.331],[12.238,62.329],[12.227,62.328],[12.218,62.331],[12.21,62.331],[12.192,62.327],[12.183,62.32],[12.169,62.317],[12.167,62.313],[12.158,62.315],[12.151,62.311],[12.141,62.312],[12.131,62.31],[12.126,62.313],[12.11,62.317],[12.099,62.323],[12.084,62.33],[12.075,62.335],[12.065,62.344],[12.058,62.346],[12.042,62.349],[12.038,62.349],[12.015,62.354],[11.993,62.354],[11.988,62.359],[11.963,62.362],[11.837,62.374],[11.839,62.371],[11.844,62.367],[11.856,62.362],[11.857,62.358],[11.84,62.359],[11.831,62.354],[11.823,62.339],[11.82,62.337],[11.802,62.328],[11.807,62.321],[11.797,62.316],[11.797,62.313],[11.846,62.271],[11.851,62.222],[11.85,62.2],[11.848,62.191],[11.85,62.166],[11.854,62.149],[11.854,62.143],[11.849,62.138],[11.845,62.136],[11.836,62.134],[11.828,62.135],[11.822,62.139],[11.819,62.143],[11.797,62.156],[11.791,62.161],[11.781,62.167],[11.696,62.178],[11.678,62.165],[11.667,62.155],[11.665,62.152],[11.633,62.151],[11.614,62.15],[11.577,62.148],[11.567,62.147],[11.51,62.144]]]}},{"type":"Feature","properties":{"id":412543,"maakond_id":608,"name":"Os","bbox":[10.722,62.134,11.857,62.696]},"geometry":{"type":"Polygon","coordinates":[[[11.837,62.374],[11.788,62.379],[11.775,62.383],[11.766,62.382],[11.756,62.373],[11.757,62.369],[11.748,62.362],[11.742,62.36],[11.732,62.361],[11.727,62.36],[11.731,62.355],[11.727,62.35],[11.72,62.347],[11.704,62.349],[11.692,62.35],[11.688,62.352],[11.689,62.366],[11.674,62.378],[11.672,62.382],[11.657,62.381],[11.615,62.377],[11.573,62.372],[11.566,62.371],[11.556,62.372],[11.547,62.377],[11.536,62.385],[11.532,62.39],[11.516,62.412],[11.491,62.437],[11.481,62.442],[11.477,62.445],[11.469,62.449],[11.462,62.454],[11.461,62.457],[11.456,62.463],[11.447,62.47],[11.429,62.48],[11.371,62.494],[11.34,62.515],[11.334,62.514],[11.317,62.52],[11.307,62.52],[11.298,62.522],[11.29,62.529],[11.282,62.529],[11.254,62.533],[11.255,62.534],[11.245,62.544],[11.252,62.552],[11.245,62.56],[11.244,62.567],[11.233,62.571],[11.214,62.57],[11.204,62.572],[11.196,62.571],[11.195,62.578],[11.197,62.583],[11.195,62.589],[11.197,62.594],[11.189,62.603],[11.185,62.606],[11.167,62.613],[11.164,62.616],[11.166,62.62],[11.161,62.647],[11.146,62.65],[11.138,62.65],[11.127,62.656],[11.125,62.662],[11.044,62.667],[10.931,62.694],[10.928,62.696],[10.851,62.693],[10.825,62.688],[10.792,62.679],[10.74,62.645],[10.754,62.617],[10.722,62.6],[10.739,62.588],[10.753,62.587],[10.774,62.579],[10.807,62.57],[10.81,62.563],[10.829,62.556],[10.864,62.54],[10.905,62.525],[10.924,62.512],[10.94,62.49],[10.967,62.478],[10.982,62.487],[10.991,62.49],[11.006,62.49],[11.013,62.489],[11.016,62.486],[11.013,62.483],[11.019,62.476],[11.029,62.473],[11.033,62.469],[11.039,62.467],[11.039,62.464],[11.048,62.464],[11.058,62.457],[11.069,62.455],[11.08,62.457],[11.1,62.459],[11.122,62.448],[11.115,62.435],[11.111,62.431],[11.121,62.425],[11.125,62.419],[11.15,62.422],[11.154,62.42],[11.168,62.419],[11.187,62.427],[11.192,62.431],[11.275,62.43],[11.296,62.42],[11.306,62.415],[11.317,62.412],[11.322,62.404],[11.336,62.395],[11.336,62.385],[11.341,62.371],[11.346,62.367],[11.353,62.364],[11.353,62.355],[11.354,62.346],[11.35,62.337],[11.345,62.333],[11.35,62.33],[11.38,62.33],[11.392,62.322],[11.448,62.304],[11.514,62.285],[11.541,62.251],[11.548,62.245],[11.552,62.238],[11.608,62.225],[11.652,62.206],[11.696,62.178],[11.781,62.167],[11.791,62.161],[11.797,62.156],[11.819,62.143],[11.822,62.139],[11.828,62.135],[11.836,62.134],[11.845,62.136],[11.849,62.138],[11.854,62.143],[11.854,62.149],[11.85,62.166],[11.848,62.191],[11.85,62.2],[11.851,62.222],[11.846,62.271],[11.797,62.313],[11.797,62.316],[11.807,62.321],[11.802,62.328],[11.82,62.337],[11.823,62.339],[11.831,62.354],[11.84,62.359],[11.857,62.358],[11.856,62.362],[11.844,62.367],[11.839,62.371],[11.837,62.374]]]}},{"type":"Feature","properties":{"id":412544,"maakond_id":608,"name":"Tolga","bbox":[10.474,62.144,11.696,62.6]},"geometry":{"type":"Polygon","coordinates":[[[11.696,62.178],[11.652,62.206],[11.608,62.225],[11.552,62.238],[11.548,62.245],[11.541,62.251],[11.514,62.285],[11.448,62.304],[11.392,62.322],[11.38,62.33],[11.35,62.33],[11.345,62.333],[11.35,62.337],[11.354,62.346],[11.353,62.355],[11.353,62.364],[11.346,62.367],[11.341,62.371],[11.336,62.385],[11.336,62.395],[11.322,62.404],[11.317,62.412],[11.306,62.415],[11.296,62.42],[11.275,62.43],[11.192,62.431],[11.187,62.427],[11.168,62.419],[11.154,62.42],[11.15,62.422],[11.125,62.419],[11.121,62.425],[11.111,62.431],[11.115,62.435],[11.122,62.448],[11.1,62.459],[11.08,62.457],[11.069,62.455],[11.058,62.457],[11.048,62.464],[11.039,62.464],[11.039,62.467],[11.033,62.469],[11.029,62.473],[11.019,62.476],[11.013,62.483],[11.016,62.486],[11.013,62.489],[11.006,62.49],[10.991,62.49],[10.982,62.487],[10.967,62.478],[10.94,62.49],[10.924,62.512],[10.905,62.525],[10.864,62.54],[10.829,62.556],[10.81,62.563],[10.807,62.57],[10.774,62.579],[10.753,62.587],[10.739,62.588],[10.722,62.6],[10.688,62.583],[10.66,62.55],[10.635,62.551],[10.586,62.538],[10.534,62.541],[10.489,62.526],[10.474,62.5],[10.549,62.479],[10.586,62.458],[10.609,62.438],[10.619,62.434],[10.638,62.434],[10.658,62.408],[10.678,62.399],[10.684,62.396],[10.691,62.396],[10.705,62.401],[10.777,62.381],[10.855,62.35],[10.859,62.347],[10.866,62.344],[10.859,62.34],[10.864,62.335],[10.873,62.337],[10.876,62.341],[10.872,62.343],[10.881,62.347],[10.892,62.345],[10.898,62.346],[10.904,62.352],[10.912,62.351],[10.92,62.348],[10.933,62.347],[10.941,62.349],[10.951,62.347],[10.967,62.347],[10.974,62.344],[10.981,62.332],[10.981,62.33],[10.992,62.322],[10.999,62.304],[11.019,62.236],[11.021,62.219],[11.032,62.212],[11.036,62.213],[11.039,62.219],[11.048,62.215],[11.05,62.21],[11.056,62.215],[11.077,62.214],[11.1,62.21],[11.102,62.207],[11.109,62.204],[11.113,62.198],[11.122,62.195],[11.127,62.196],[11.14,62.198],[11.144,62.203],[11.151,62.205],[11.156,62.205],[11.164,62.201],[11.172,62.2],[11.179,62.2],[11.189,62.204],[11.195,62.205],[11.199,62.208],[11.208,62.211],[11.218,62.2],[11.243,62.198],[11.255,62.191],[11.266,62.188],[11.322,62.189],[11.358,62.159],[11.43,62.162],[11.472,62.164],[11.51,62.144],[11.567,62.147],[11.577,62.148],[11.614,62.15],[11.633,62.151],[11.665,62.152],[11.667,62.155],[11.678,62.165],[11.696,62.178]]]}},{"type":"Feature","properties":{"id":412545,"maakond_id":608,"name":"Tynset","bbox":[10.006,62.023,11.218,62.697]},"geometry":{"type":"Polygon","coordinates":[[[10.74,62.645],[10.718,62.65],[10.712,62.666],[10.673,62.675],[10.65,62.677],[10.597,62.664],[10.593,62.664],[10.488,62.677],[10.444,62.682],[10.325,62.695],[10.239,62.695],[10.206,62.692],[10.198,62.688],[10.186,62.695],[10.176,62.697],[10.16,62.691],[10.163,62.686],[10.15,62.684],[10.146,62.682],[10.148,62.677],[10.14,62.675],[10.136,62.67],[10.12,62.664],[10.109,62.654],[10.102,62.637],[10.086,62.625],[10.074,62.602],[10.057,62.6],[10.047,62.597],[10.039,62.59],[10.027,62.586],[10.027,62.58],[10.035,62.57],[10.039,62.568],[10.006,62.558],[10.02,62.534],[10.02,62.533],[10.039,62.503],[10.098,62.428],[10.106,62.401],[10.14,62.401],[10.165,62.403],[10.166,62.391],[10.198,62.389],[10.24,62.376],[10.233,62.356],[10.223,62.323],[10.28,62.312],[10.279,62.305],[10.288,62.302],[10.297,62.304],[10.299,62.301],[10.308,62.3],[10.31,62.298],[10.33,62.293],[10.331,62.29],[10.339,62.288],[10.344,62.28],[10.392,62.273],[10.425,62.251],[10.432,62.253],[10.439,62.263],[10.448,62.267],[10.453,62.267],[10.46,62.262],[10.471,62.248],[10.52,62.233],[10.534,62.224],[10.542,62.221],[10.55,62.219],[10.556,62.221],[10.569,62.22],[10.606,62.22],[10.616,62.213],[10.624,62.22],[10.634,62.22],[10.648,62.221],[10.646,62.216],[10.666,62.217],[10.677,62.22],[10.697,62.216],[10.718,62.219],[10.718,62.215],[10.721,62.213],[10.721,62.208],[10.722,62.203],[10.732,62.199],[10.716,62.184],[10.707,62.173],[10.746,62.108],[10.779,62.083],[10.805,62.062],[10.815,62.051],[10.823,62.051],[10.835,62.048],[10.84,62.045],[10.874,62.029],[10.883,62.023],[10.909,62.026],[10.919,62.028],[10.933,62.028],[10.972,62.034],[10.964,62.038],[10.963,62.051],[10.953,62.055],[10.949,62.073],[10.956,62.087],[10.955,62.097],[10.963,62.101],[10.973,62.119],[10.974,62.124],[10.978,62.128],[10.994,62.134],[11.021,62.138],[11.034,62.14],[11.076,62.143],[11.088,62.153],[11.108,62.161],[11.122,62.156],[11.147,62.149],[11.173,62.16],[11.163,62.166],[11.168,62.167],[11.168,62.17],[11.16,62.174],[11.161,62.176],[11.181,62.18],[11.186,62.18],[11.208,62.187],[11.218,62.2],[11.208,62.211],[11.199,62.208],[11.195,62.205],[11.189,62.204],[11.179,62.2],[11.172,62.2],[11.164,62.201],[11.156,62.205],[11.151,62.205],[11.144,62.203],[11.14,62.198],[11.127,62.196],[11.122,62.195],[11.113,62.198],[11.109,62.204],[11.102,62.207],[11.1,62.21],[11.077,62.214],[11.056,62.215],[11.05,62.21],[11.048,62.215],[11.039,62.219],[11.036,62.213],[11.032,62.212],[11.021,62.219],[11.019,62.236],[10.999,62.304],[10.992,62.322],[10.981,62.33],[10.981,62.332],[10.974,62.344],[10.967,62.347],[10.951,62.347],[10.941,62.349],[10.933,62.347],[10.92,62.348],[10.912,62.351],[10.904,62.352],[10.898,62.346],[10.892,62.345],[10.881,62.347],[10.872,62.343],[10.876,62.341],[10.873,62.337],[10.864,62.335],[10.859,62.34],[10.866,62.344],[10.859,62.347],[10.855,62.35],[10.777,62.381],[10.705,62.401],[10.691,62.396],[10.684,62.396],[10.678,62.399],[10.658,62.408],[10.638,62.434],[10.619,62.434],[10.609,62.438],[10.586,62.458],[10.549,62.479],[10.474,62.5],[10.489,62.526],[10.534,62.541],[10.586,62.538],[10.635,62.551],[10.66,62.55],[10.688,62.583],[10.722,62.6],[10.754,62.617],[10.74,62.645]]]}},{"type":"Feature","properties":{"id":412546,"maakond_id":608,"name":"Alvdal","bbox":[10.122,61.913,10.933,62.28]},"geometry":{"type":"Polygon","coordinates":[[[10.883,62.023],[10.874,62.029],[10.84,62.045],[10.835,62.048],[10.823,62.051],[10.815,62.051],[10.805,62.062],[10.779,62.083],[10.746,62.108],[10.707,62.173],[10.716,62.184],[10.732,62.199],[10.722,62.203],[10.721,62.208],[10.721,62.213],[10.718,62.215],[10.718,62.219],[10.697,62.216],[10.677,62.22],[10.666,62.217],[10.646,62.216],[10.648,62.221],[10.634,62.22],[10.624,62.22],[10.616,62.213],[10.606,62.22],[10.569,62.22],[10.556,62.221],[10.55,62.219],[10.542,62.221],[10.534,62.224],[10.52,62.233],[10.471,62.248],[10.46,62.262],[10.453,62.267],[10.448,62.267],[10.439,62.263],[10.432,62.253],[10.425,62.251],[10.392,62.273],[10.344,62.28],[10.346,62.264],[10.337,62.258],[10.329,62.256],[10.335,62.252],[10.337,62.245],[10.334,62.241],[10.338,62.236],[10.343,62.235],[10.342,62.231],[10.347,62.227],[10.36,62.225],[10.37,62.225],[10.369,62.218],[10.372,62.217],[10.374,62.207],[10.377,62.206],[10.383,62.2],[10.378,62.198],[10.364,62.186],[10.348,62.175],[10.341,62.172],[10.309,62.143],[10.3,62.134],[10.281,62.123],[10.266,62.106],[10.22,62.087],[10.166,62.042],[10.142,62.009],[10.131,61.997],[10.13,61.983],[10.122,61.972],[10.159,61.96],[10.163,61.951],[10.156,61.948],[10.167,61.944],[10.176,61.945],[10.185,61.948],[10.2,61.943],[10.211,61.936],[10.218,61.933],[10.235,61.929],[10.249,61.929],[10.257,61.928],[10.262,61.919],[10.269,61.916],[10.28,61.914],[10.305,61.913],[10.349,61.953],[10.391,61.961],[10.448,61.964],[10.547,61.964],[10.585,61.913],[10.718,61.943],[10.739,61.948],[10.771,61.964],[10.833,61.966],[10.838,61.964],[10.843,61.958],[10.865,61.971],[10.873,61.973],[10.892,61.977],[10.893,61.968],[10.884,61.959],[10.884,61.954],[10.888,61.948],[10.898,61.945],[10.9,61.954],[10.917,61.957],[10.933,61.961],[10.93,61.969],[10.931,61.974],[10.928,61.983],[10.899,62.007],[10.902,62.008],[10.897,62.013],[10.883,62.023]]]}},{"type":"Feature","properties":{"id":412547,"maakond_id":608,"name":"Folldal","bbox":[9.584,61.884,10.383,62.428]},"geometry":{"type":"Polygon","coordinates":[[[9.792,62.288],[9.779,62.281],[9.772,62.278],[9.748,62.273],[9.745,62.269],[9.734,62.266],[9.731,62.262],[9.72,62.258],[9.69,62.228],[9.685,62.229],[9.679,62.223],[9.684,62.221],[9.681,62.218],[9.644,62.197],[9.634,62.196],[9.625,62.198],[9.612,62.199],[9.584,62.185],[9.601,62.175],[9.606,62.167],[9.651,62.139],[9.718,62.13],[9.765,62.123],[9.866,62.095],[9.896,62.075],[9.911,62.069],[9.916,62.062],[9.92,62.06],[9.92,62.054],[9.928,62.048],[9.926,62.046],[9.876,62.041],[9.839,62.013],[9.841,62.005],[9.844,62],[9.85,61.981],[9.87,61.949],[9.851,61.915],[9.848,61.904],[9.92,61.902],[9.968,61.893],[10.016,61.884],[10.014,61.89],[10.01,61.898],[10.012,61.903],[10.01,61.905],[10.013,61.91],[10.018,61.909],[10.041,61.908],[10.049,61.91],[10.051,61.913],[10.058,61.912],[10.069,61.909],[10.075,61.909],[10.086,61.907],[10.09,61.911],[10.097,61.915],[10.113,61.921],[10.113,61.924],[10.126,61.932],[10.129,61.94],[10.13,61.947],[10.132,61.949],[10.141,61.952],[10.156,61.948],[10.163,61.951],[10.159,61.96],[10.122,61.972],[10.13,61.983],[10.131,61.997],[10.142,62.009],[10.166,62.042],[10.22,62.087],[10.266,62.106],[10.281,62.123],[10.3,62.134],[10.309,62.143],[10.341,62.172],[10.348,62.175],[10.364,62.186],[10.378,62.198],[10.383,62.2],[10.377,62.206],[10.374,62.207],[10.372,62.217],[10.369,62.218],[10.37,62.225],[10.36,62.225],[10.347,62.227],[10.342,62.231],[10.343,62.235],[10.338,62.236],[10.334,62.241],[10.337,62.245],[10.335,62.252],[10.329,62.256],[10.337,62.258],[10.346,62.264],[10.344,62.28],[10.339,62.288],[10.331,62.29],[10.33,62.293],[10.31,62.298],[10.308,62.3],[10.299,62.301],[10.297,62.304],[10.288,62.302],[10.279,62.305],[10.28,62.312],[10.223,62.323],[10.233,62.356],[10.24,62.376],[10.198,62.389],[10.166,62.391],[10.165,62.403],[10.14,62.401],[10.106,62.401],[10.098,62.428],[9.952,62.397],[9.953,62.381],[9.934,62.355],[9.9,62.344],[9.839,62.362],[9.822,62.344],[9.829,62.34],[9.842,62.339],[9.846,62.336],[9.844,62.333],[9.848,62.33],[9.835,62.33],[9.833,62.326],[9.835,62.32],[9.84,62.315],[9.834,62.312],[9.835,62.307],[9.829,62.305],[9.827,62.299],[9.819,62.297],[9.802,62.289],[9.792,62.288]]]}},{"type":"Feature","properties":{"id":2167163,"maakond_id":613,"name":"Inderøy","bbox":[10.637,63.7,11.524,64]},"geometry":{"type":"Polygon","coordinates":[[[10.637,63.816],[10.647,63.81],[10.655,63.802],[10.659,63.793],[10.668,63.795],[10.67,63.792],[10.696,63.786],[10.703,63.784],[10.722,63.78],[10.727,63.776],[10.722,63.773],[10.731,63.771],[10.76,63.775],[10.775,63.776],[10.782,63.775],[10.787,63.772],[10.787,63.769],[10.793,63.765],[10.814,63.76],[10.834,63.755],[10.842,63.738],[10.837,63.731],[10.838,63.726],[10.842,63.724],[10.846,63.718],[10.875,63.7],[10.976,63.729],[10.979,63.748],[11.04,63.812],[11.085,63.818],[11.25,63.836],[11.308,63.802],[11.332,63.804],[11.353,63.815],[11.384,63.828],[11.425,63.837],[11.443,63.842],[11.459,63.85],[11.495,63.858],[11.524,63.861],[11.518,63.87],[11.491,63.875],[11.483,63.876],[11.466,63.875],[11.46,63.873],[11.46,63.869],[11.454,63.866],[11.438,63.87],[11.442,63.872],[11.437,63.876],[11.431,63.878],[11.433,63.885],[11.439,63.887],[11.428,63.894],[11.41,63.89],[11.395,63.89],[11.393,63.886],[11.342,63.884],[11.342,63.913],[11.375,63.943],[11.374,63.948],[11.378,63.957],[11.378,63.965],[11.372,63.969],[11.376,63.971],[11.372,63.977],[11.405,64],[11.264,64],[11.195,63.968],[11.046,63.921],[10.956,63.914],[10.919,63.899],[10.809,63.863],[10.737,63.852],[10.681,63.84],[10.671,63.836],[10.653,63.822],[10.637,63.816]]]}},{"type":"Feature","properties":{"id":2775550,"maakond_id":601,"name":"Oslo","bbox":[10.489,59.81,10.951,60.135]},"geometry":{"type":"Polygon","coordinates":[[[10.744,59.839],[10.762,59.831],[10.771,59.825],[10.781,59.826],[10.789,59.823],[10.799,59.823],[10.805,59.825],[10.812,59.825],[10.817,59.818],[10.846,59.817],[10.848,59.812],[10.857,59.81],[10.863,59.812],[10.87,59.813],[10.88,59.811],[10.882,59.814],[10.892,59.818],[10.892,59.821],[10.901,59.825],[10.911,59.826],[10.917,59.828],[10.927,59.827],[10.933,59.831],[10.937,59.832],[10.933,59.837],[10.927,59.843],[10.926,59.845],[10.92,59.854],[10.912,59.86],[10.907,59.87],[10.91,59.875],[10.908,59.885],[10.911,59.897],[10.915,59.912],[10.921,59.926],[10.929,59.935],[10.946,59.943],[10.942,59.947],[10.951,59.949],[10.943,59.953],[10.937,59.961],[10.937,59.97],[10.934,59.974],[10.926,59.984],[10.918,59.985],[10.913,59.981],[10.901,59.98],[10.893,59.981],[10.883,59.985],[10.876,59.985],[10.875,59.988],[10.868,59.991],[10.866,59.995],[10.858,59.996],[10.849,60.002],[10.839,59.998],[10.837,60.007],[10.833,60.01],[10.832,60.018],[10.827,60.023],[10.819,60.018],[10.812,60.026],[10.814,60.029],[10.813,60.036],[10.818,60.038],[10.817,60.057],[10.82,60.064],[10.808,60.064],[10.788,60.068],[10.784,60.073],[10.779,60.077],[10.775,60.084],[10.77,60.087],[10.762,60.098],[10.755,60.1],[10.757,60.106],[10.768,60.113],[10.752,60.118],[10.746,60.123],[10.737,60.126],[10.716,60.12],[10.707,60.119],[10.704,60.121],[10.704,60.125],[10.695,60.127],[10.68,60.134],[10.647,60.133],[10.619,60.135],[10.604,60.134],[10.601,60.132],[10.573,60.117],[10.583,60.107],[10.589,60.1],[10.592,60.094],[10.593,60.083],[10.597,60.077],[10.581,60.076],[10.489,60.017],[10.49,60.016],[10.505,60.008],[10.518,59.999],[10.534,60.001],[10.544,59.998],[10.549,59.994],[10.556,59.997],[10.579,59.985],[10.59,59.979],[10.602,59.977],[10.61,59.977],[10.618,59.971],[10.623,59.963],[10.628,59.961],[10.634,59.953],[10.636,59.945],[10.632,59.939],[10.635,59.936],[10.633,59.933],[10.627,59.93],[10.626,59.922],[10.63,59.921],[10.633,59.915],[10.64,59.914],[10.643,59.911],[10.648,59.909],[10.658,59.884],[10.689,59.876],[10.731,59.877],[10.744,59.839]]]}},{"type":"Feature","properties":{"id":10143340,"maakond_id":615,"name":"Hammerfest","bbox":[22.298,70.097,24.977,71.186]},"geometry":{"type":"Polygon","coordinates":[[[24.977,70.618],[24.762,70.653],[24.674,70.655],[24.655,70.658],[24.606,70.653],[24.505,70.695],[24.383,70.725],[24.168,70.726],[23.937,70.783],[23.818,70.925],[23.573,71.017],[23.516,71.047],[23.247,71.186],[22.5,71.032],[22.465,71.025],[22.298,70.988],[22.529,70.879],[22.642,70.823],[22.76,70.766],[22.766,70.763],[22.766,70.756],[22.769,70.751],[22.765,70.748],[22.757,70.749],[22.751,70.744],[22.766,70.74],[22.769,70.736],[22.784,70.735],[22.787,70.731],[22.784,70.728],[22.797,70.727],[22.813,70.723],[22.818,70.717],[22.83,70.713],[22.839,70.713],[22.847,70.709],[22.868,70.707],[22.856,70.699],[22.859,70.695],[22.85,70.69],[22.838,70.688],[22.825,70.688],[22.826,70.679],[22.832,70.677],[22.84,70.673],[22.855,70.673],[22.872,70.657],[22.865,70.651],[22.859,70.649],[22.849,70.65],[22.844,70.643],[22.833,70.638],[22.856,70.639],[22.879,70.634],[22.886,70.627],[22.891,70.625],[22.888,70.619],[22.899,70.614],[22.899,70.606],[22.869,70.605],[22.87,70.601],[22.861,70.598],[22.861,70.594],[22.844,70.591],[22.837,70.587],[22.822,70.585],[22.824,70.594],[22.817,70.592],[22.795,70.591],[22.786,70.588],[22.793,70.586],[22.798,70.582],[22.783,70.574],[22.769,70.571],[22.763,70.568],[22.754,70.568],[22.74,70.563],[22.73,70.557],[22.72,70.555],[22.706,70.547],[22.705,70.543],[22.709,70.536],[22.703,70.528],[22.703,70.522],[22.7,70.513],[22.699,70.504],[22.691,70.448],[22.816,70.411],[22.84,70.405],[22.872,70.394],[22.89,70.395],[22.896,70.393],[22.913,70.395],[22.934,70.394],[22.951,70.395],[22.965,70.396],[22.986,70.396],[22.998,70.395],[23.012,70.393],[23.025,70.394],[23.095,70.446],[23.267,70.426],[23.309,70.413],[23.357,70.403],[23.408,70.398],[23.417,70.396],[23.423,70.396],[23.472,70.382],[23.532,70.367],[23.597,70.35],[23.729,70.329],[23.73,70.268],[23.749,70.254],[23.768,70.222],[23.866,70.167],[23.961,70.097],[23.999,70.099],[24.177,70.113],[24.258,70.169],[24.376,70.25],[24.493,70.337],[24.618,70.359],[24.637,70.363],[24.733,70.416],[24.674,70.442],[24.688,70.462],[24.808,70.524],[24.877,70.549],[24.882,70.553],[24.977,70.618]]]}},{"type":"Feature","properties":{"id":10143346,"maakond_id":614,"name":"Tjeldsund","bbox":[15.997,68.372,17.548,68.737]},"geometry":{"type":"Polygon","coordinates":[[[17.548,68.597],[17.528,68.605],[17.519,68.607],[17.512,68.605],[17.5,68.611],[17.487,68.621],[17.487,68.628],[17.476,68.63],[17.466,68.629],[17.461,68.633],[17.449,68.638],[17.427,68.638],[17.42,68.639],[17.402,68.634],[17.381,68.634],[17.375,68.636],[17.37,68.642],[17.363,68.645],[17.346,68.643],[17.34,68.644],[17.321,68.652],[17.311,68.655],[17.323,68.656],[17.336,68.66],[17.343,68.666],[17.34,68.668],[17.324,68.67],[17.311,68.673],[17.285,68.672],[17.273,68.674],[17.257,68.675],[17.25,68.673],[17.239,68.673],[17.232,68.677],[17.236,68.682],[17.233,68.686],[17.197,68.691],[17.193,68.7],[17.179,68.703],[17.195,68.706],[17.201,68.708],[17.204,68.712],[17.192,68.715],[17.185,68.721],[17.162,68.737],[16.974,68.727],[16.875,68.706],[16.716,68.701],[16.687,68.691],[16.676,68.667],[16.628,68.662],[16.536,68.6],[16.533,68.588],[16.551,68.575],[16.481,68.553],[16.456,68.55],[16.457,68.557],[16.454,68.563],[16.458,68.568],[16.43,68.58],[16.411,68.581],[16.405,68.579],[16.396,68.58],[16.38,68.584],[16.362,68.587],[16.355,68.594],[16.338,68.599],[16.329,68.603],[16.319,68.604],[16.308,68.602],[16.283,68.618],[16.269,68.628],[16.268,68.631],[16.241,68.623],[16.23,68.622],[16.221,68.623],[16.21,68.621],[16.199,68.617],[16.18,68.616],[16.166,68.619],[16.155,68.617],[16.145,68.61],[16.138,68.607],[16.134,68.61],[16.125,68.609],[16.12,68.605],[16.103,68.606],[16.087,68.602],[16.074,68.602],[16.076,68.598],[16.067,68.594],[16.068,68.59],[16.063,68.584],[16.055,68.582],[16.024,68.577],[16.028,68.574],[16.027,68.57],[16.03,68.568],[16.007,68.559],[15.997,68.556],[15.997,68.551],[16.006,68.547],[16.008,68.541],[16.052,68.53],[16.064,68.532],[16.081,68.537],[16.106,68.539],[16.125,68.539],[16.126,68.525],[16.161,68.522],[16.04,68.422],[16.03,68.377],[16.162,68.372],[16.287,68.398],[16.411,68.406],[16.498,68.428],[16.568,68.434],[16.557,68.447],[16.567,68.455],[16.553,68.46],[16.561,68.468],[16.553,68.476],[16.554,68.49],[16.568,68.502],[16.578,68.502],[16.623,68.499],[16.629,68.499],[16.668,68.504],[16.714,68.511],[16.737,68.52],[16.747,68.522],[16.745,68.526],[16.753,68.527],[16.764,68.534],[16.769,68.536],[16.785,68.538],[16.797,68.545],[16.803,68.545],[16.867,68.573],[16.942,68.569],[16.975,68.568],[17.138,68.561],[17.186,68.559],[17.196,68.557],[17.236,68.559],[17.338,68.562],[17.548,68.597]]]}},{"type":"Feature","properties":{"id":10143357,"maakond_id":614,"name":"Senja","bbox":[16.254,68.952,18.549,69.812]},"geometry":{"type":"Polygon","coordinates":[[[17.877,69.149],[17.928,69.16],[18.01,69.169],[18.033,69.191],[18.025,69.207],[18.077,69.206],[18.107,69.206],[18.148,69.208],[18.172,69.212],[18.181,69.219],[18.225,69.214],[18.244,69.214],[18.256,69.215],[18.277,69.217],[18.263,69.235],[18.261,69.246],[18.292,69.256],[18.363,69.279],[18.423,69.292],[18.454,69.299],[18.499,69.295],[18.52,69.295],[18.522,69.313],[18.509,69.332],[18.516,69.353],[18.549,69.377],[18.519,69.398],[18.418,69.414],[18.413,69.459],[18.36,69.501],[18.259,69.504],[18.148,69.496],[18.074,69.524],[18.005,69.537],[17.664,69.716],[17.577,69.732],[17.16,69.812],[17.056,69.745],[16.677,69.667],[16.57,69.649],[16.254,69.597],[16.432,69.475],[16.518,69.416],[16.433,69.313],[16.647,69.268],[16.741,69.221],[16.729,69.19],[16.711,69.02],[16.946,68.952],[17.243,68.973],[17.302,69.014],[17.329,69.086],[17.392,69.109],[17.58,69.123],[17.738,69.143],[17.832,69.144],[17.877,69.149]]]}},{"type":"Feature","properties":{"id":10143373,"maakond_id":604,"name":"Narvik","bbox":[15.901,67.969,18.151,68.608]},"geometry":{"type":"Polygon","coordinates":[[[15.901,68.315],[16.071,68.285],[16.201,68.179],[16.18,68.102],[16.285,68.103],[16.332,68.087],[16.354,68.075],[16.344,68.06],[16.336,68.04],[16.371,68.03],[16.397,68.034],[16.454,68.017],[16.5,68.024],[16.508,68.031],[16.5,68.038],[16.505,68.04],[16.569,68.054],[16.627,68.072],[16.649,68.076],[16.674,68.067],[16.685,68.067],[16.71,68.062],[16.719,68.063],[16.732,68.06],[16.743,68.055],[16.739,68.047],[16.751,68.045],[16.766,68.031],[16.768,68.014],[16.855,67.983],[16.93,67.977],[17.047,68.012],[17.181,68.05],[17.253,68.102],[17.282,68.119],[17.352,68.104],[17.495,68.075],[17.665,68.038],[17.9,67.969],[17.974,68.037],[18.052,68.108],[18.096,68.146],[18.151,68.199],[18.139,68.249],[18.115,68.341],[18.101,68.406],[18.118,68.49],[18.126,68.537],[18.114,68.545],[18.1,68.555],[18.082,68.567],[18.063,68.581],[18.055,68.586],[18.023,68.608],[18.015,68.607],[17.964,68.607],[17.798,68.6],[17.746,68.597],[17.548,68.597],[17.338,68.562],[17.328,68.554],[17.299,68.538],[17.286,68.532],[17.283,68.534],[17.27,68.533],[17.261,68.517],[17.248,68.486],[17.254,68.485],[17.288,68.495],[17.314,68.483],[17.362,68.466],[17.205,68.426],[16.974,68.417],[16.807,68.441],[16.633,68.439],[16.568,68.434],[16.498,68.428],[16.411,68.406],[16.287,68.398],[16.162,68.372],[16.03,68.377],[15.901,68.315]]]}},{"type":"Feature","properties":{"id":10143387,"maakond_id":604,"name":"Hamarøy","bbox":[15.061,67.534,16.93,68.315]},"geometry":{"type":"Polygon","coordinates":[[[16.93,67.977],[16.855,67.983],[16.768,68.014],[16.766,68.031],[16.751,68.045],[16.739,68.047],[16.743,68.055],[16.732,68.06],[16.719,68.063],[16.71,68.062],[16.685,68.067],[16.674,68.067],[16.649,68.076],[16.627,68.072],[16.569,68.054],[16.505,68.04],[16.5,68.038],[16.508,68.031],[16.5,68.024],[16.454,68.017],[16.397,68.034],[16.371,68.03],[16.336,68.04],[16.344,68.06],[16.354,68.075],[16.332,68.087],[16.285,68.103],[16.18,68.102],[16.201,68.179],[16.071,68.285],[15.901,68.315],[15.815,68.287],[15.795,68.248],[15.353,68.205],[15.217,68.175],[15.061,68.121],[15.193,68.081],[15.246,68.054],[15.287,68.009],[15.338,67.991],[15.368,67.941],[15.719,67.981],[15.736,67.983],[15.736,67.97],[15.735,67.963],[15.738,67.958],[15.726,67.955],[15.72,67.95],[15.74,67.949],[15.744,67.945],[15.755,67.943],[15.755,67.932],[15.748,67.931],[15.747,67.927],[15.732,67.927],[15.72,67.927],[15.723,67.917],[15.716,67.908],[15.708,67.903],[15.706,67.899],[15.713,67.893],[15.722,67.89],[15.736,67.887],[15.744,67.881],[15.753,67.878],[15.753,67.874],[15.762,67.867],[15.759,67.86],[15.754,67.854],[15.747,67.853],[15.743,67.848],[15.755,67.847],[15.764,67.843],[15.775,67.843],[15.778,67.841],[15.792,67.839],[15.799,67.838],[15.819,67.841],[15.826,67.838],[15.839,67.829],[15.845,67.829],[15.869,67.826],[15.865,67.823],[15.866,67.816],[15.874,67.812],[15.895,67.81],[15.911,67.805],[15.902,67.802],[15.904,67.794],[15.902,67.792],[15.887,67.788],[15.881,67.785],[15.868,67.784],[15.866,67.777],[15.885,67.771],[15.889,67.766],[15.898,67.764],[15.913,67.763],[15.927,67.763],[15.939,67.76],[15.951,67.768],[15.96,67.769],[15.97,67.766],[15.983,67.759],[15.98,67.755],[15.984,67.749],[15.992,67.747],[16.001,67.742],[16.009,67.74],[15.991,67.73],[15.986,67.726],[15.992,67.719],[15.987,67.716],[15.993,67.713],[16,67.712],[16.032,67.722],[16.042,67.728],[16.046,67.732],[16.057,67.737],[16.074,67.734],[16.051,67.722],[16.066,67.722],[16.071,67.718],[16.095,67.726],[16.106,67.729],[16.109,67.724],[16.106,67.721],[16.095,67.718],[16.071,67.707],[16.118,67.706],[16.166,67.686],[16.166,67.684],[16.149,67.643],[16.158,67.638],[16.266,67.588],[16.303,67.571],[16.324,67.562],[16.408,67.534],[16.495,67.594],[16.556,67.647],[16.581,67.68],[16.638,67.767],[16.679,67.824],[16.738,67.914],[16.833,67.945],[16.93,67.977]]]}},{"type":"Feature","properties":{"id":10143398,"maakond_id":613,"name":"Nærøysund","bbox":[9.804,64.589,12.581,65.265]},"geometry":{"type":"Polygon","coordinates":[[[10.366,65.265],[10.149,65.052],[10.089,64.993],[10.075,64.977],[10.012,64.894],[10.001,64.879],[9.997,64.87],[9.804,64.778],[10.035,64.689],[10.15,64.645],[10.431,64.589],[10.617,64.621],[10.738,64.66],[10.919,64.714],[10.959,64.725],[10.994,64.715],[11.027,64.726],[11.133,64.698],[11.345,64.716],[11.467,64.743],[11.569,64.788],[11.618,64.789],[11.681,64.782],[11.706,64.794],[11.733,64.787],[11.747,64.777],[11.76,64.776],[11.76,64.773],[11.776,64.758],[11.825,64.76],[11.888,64.766],[11.902,64.773],[11.904,64.775],[11.916,64.776],[11.974,64.783],[11.986,64.788],[12.006,64.801],[11.998,64.808],[12.006,64.817],[12.049,64.824],[12.091,64.824],[12.109,64.831],[12.116,64.835],[12.123,64.831],[12.147,64.828],[12.172,64.814],[12.178,64.812],[12.196,64.805],[12.203,64.806],[12.214,64.814],[12.241,64.811],[12.244,64.82],[12.235,64.823],[12.238,64.835],[12.242,64.84],[12.265,64.844],[12.275,64.845],[12.274,64.863],[12.283,64.872],[12.288,64.876],[12.288,64.883],[12.291,64.887],[12.296,64.888],[12.31,64.9],[12.32,64.917],[12.323,64.92],[12.323,64.926],[12.329,64.932],[12.34,64.931],[12.383,64.921],[12.412,64.906],[12.425,64.913],[12.432,64.914],[12.515,64.938],[12.581,64.987],[12.561,64.99],[12.521,64.978],[12.505,64.977],[12.484,64.983],[12.473,64.984],[12.465,64.983],[12.452,64.988],[12.424,64.992],[12.408,64.993],[12.389,64.991],[12.371,64.986],[12.29,64.964],[12.277,64.96],[12.26,64.964],[12.248,64.971],[12.238,64.968],[12.22,64.971],[12.21,64.974],[12.205,64.972],[12.189,64.977],[12.181,64.982],[12.18,64.99],[12.183,64.994],[12.192,64.999],[12.161,65.006],[12.15,65.019],[12.134,65.022],[12.12,65.013],[12.132,64.999],[12.114,65.004],[12.085,65],[12.073,65.006],[12.071,65.01],[12.066,65.013],[12.059,65.013],[12.05,65.015],[12.041,65.03],[12.036,65.03],[12.04,65.035],[12.037,65.044],[12.038,65.048],[12.045,65.056],[12.044,65.061],[12.049,65.067],[12.028,65.068],[11.984,65.068],[11.98,65.071],[11.966,65.075],[11.96,65.078],[11.954,65.076],[11.952,65.073],[11.942,65.067],[11.924,65.068],[11.907,65.066],[11.879,65.066],[11.88,65.069],[11.846,65.058],[11.832,65.055],[11.799,65.045],[11.796,65.043],[11.772,65.039],[11.747,65.038],[11.697,65.033],[11.58,65.028],[11.379,64.996],[11.284,65.008],[11.151,65.125],[10.809,65.187],[10.663,65.213],[10.366,65.265]]]}},{"type":"Feature","properties":{"id":10143402,"maakond_id":613,"name":"Namsos","bbox":[10.738,64.098,12.217,64.835]},"geometry":{"type":"Polygon","coordinates":[[[12.196,64.805],[12.178,64.812],[12.172,64.814],[12.147,64.828],[12.123,64.831],[12.116,64.835],[12.109,64.831],[12.091,64.824],[12.049,64.824],[12.006,64.817],[11.998,64.808],[12.006,64.801],[11.986,64.788],[11.974,64.783],[11.916,64.776],[11.904,64.775],[11.902,64.773],[11.888,64.766],[11.825,64.76],[11.776,64.758],[11.76,64.773],[11.76,64.776],[11.747,64.777],[11.733,64.787],[11.706,64.794],[11.681,64.782],[11.618,64.789],[11.569,64.788],[11.467,64.743],[11.345,64.716],[11.133,64.698],[11.027,64.726],[10.994,64.715],[10.959,64.725],[10.919,64.714],[10.738,64.66],[10.996,64.619],[11.021,64.595],[11.108,64.571],[11.105,64.55],[11.071,64.55],[11.05,64.548],[11.032,64.543],[11.03,64.539],[11.029,64.527],[11.035,64.513],[11.027,64.505],[11.025,64.501],[11.014,64.493],[11.014,64.487],[11.019,64.478],[11.045,64.459],[11.06,64.452],[11.066,64.452],[11.075,64.448],[11.057,64.44],[11.042,64.435],[11.03,64.433],[11.031,64.426],[11.028,64.423],[11.025,64.413],[11.041,64.414],[11.048,64.414],[11.063,64.415],[11.079,64.418],[11.084,64.42],[11.093,64.414],[11.096,64.408],[11.093,64.379],[11.1,64.365],[11.08,64.358],[11.029,64.362],[11.009,64.347],[10.996,64.323],[10.927,64.28],[10.912,64.23],[10.884,64.207],[10.749,64.179],[10.741,64.177],[10.786,64.114],[10.867,64.113],[10.88,64.098],[11.063,64.146],[11.113,64.14],[11.123,64.144],[11.13,64.144],[11.14,64.142],[11.139,64.139],[11.147,64.133],[11.163,64.135],[11.187,64.139],[11.193,64.138],[11.225,64.139],[11.232,64.143],[11.241,64.146],[11.246,64.151],[11.261,64.155],[11.277,64.156],[11.282,64.157],[11.291,64.157],[11.3,64.161],[11.309,64.161],[11.318,64.163],[11.323,64.162],[11.338,64.164],[11.346,64.166],[11.356,64.166],[11.369,64.172],[11.371,64.189],[11.412,64.202],[11.418,64.205],[11.449,64.209],[11.488,64.222],[11.515,64.224],[11.542,64.233],[11.662,64.251],[11.759,64.284],[11.655,64.32],[11.66,64.339],[11.662,64.363],[11.664,64.392],[11.667,64.397],[11.66,64.404],[11.653,64.415],[11.637,64.416],[11.643,64.441],[11.631,64.447],[11.628,64.452],[11.631,64.455],[11.635,64.467],[11.641,64.475],[11.641,64.478],[11.631,64.482],[11.628,64.485],[11.63,64.491],[11.628,64.494],[11.631,64.497],[11.603,64.504],[11.605,64.505],[11.621,64.505],[11.618,64.512],[11.629,64.514],[11.644,64.519],[11.663,64.52],[11.675,64.53],[11.677,64.537],[11.694,64.539],[11.713,64.555],[11.719,64.544],[11.73,64.543],[11.748,64.543],[11.785,64.546],[11.793,64.55],[11.822,64.551],[11.826,64.552],[11.83,64.557],[11.879,64.565],[11.89,64.568],[11.913,64.587],[11.882,64.635],[12.024,64.678],[12.168,64.721],[12.177,64.737],[12.197,64.754],[12.201,64.757],[12.204,64.764],[12.199,64.769],[12.217,64.783],[12.215,64.785],[12.196,64.79],[12.169,64.798],[12.172,64.802],[12.181,64.804],[12.192,64.803],[12.196,64.805]]]}},{"type":"Feature","properties":{"id":10143415,"maakond_id":613,"name":"Åfjord","bbox":[9.614,63.771,10.88,64.396]},"geometry":{"type":"Polygon","coordinates":[[[9.7,64.396],[9.732,64.332],[9.725,64.274],[9.697,64.202],[9.679,64.162],[9.64,64.127],[9.614,64.075],[9.693,64.015],[9.806,63.961],[9.796,63.935],[9.807,63.917],[9.856,63.915],[9.957,63.898],[9.974,63.887],[9.992,63.881],[10.013,63.875],[10.02,63.876],[10.043,63.881],[10.064,63.873],[10.071,63.874],[10.08,63.878],[10.089,63.879],[10.098,63.878],[10.109,63.874],[10.123,63.874],[10.131,63.87],[10.137,63.87],[10.143,63.872],[10.149,63.87],[10.159,63.861],[10.202,63.87],[10.205,63.862],[10.212,63.852],[10.224,63.853],[10.231,63.852],[10.246,63.853],[10.26,63.851],[10.339,63.866],[10.368,63.855],[10.382,63.848],[10.411,63.834],[10.415,63.814],[10.436,63.79],[10.451,63.771],[10.471,63.791],[10.523,63.843],[10.572,63.87],[10.611,63.908],[10.712,63.941],[10.717,63.946],[10.736,63.96],[10.745,63.965],[10.754,63.977],[10.759,63.978],[10.768,63.981],[10.774,63.99],[10.772,63.994],[10.779,63.996],[10.78,63.999],[10.784,64.002],[10.783,64.006],[10.771,64.014],[10.762,64.019],[10.759,64.024],[10.765,64.03],[10.773,64.033],[10.779,64.037],[10.815,64.055],[10.815,64.057],[10.823,64.065],[10.821,64.067],[10.824,64.073],[10.823,64.079],[10.819,64.081],[10.823,64.085],[10.83,64.088],[10.83,64.09],[10.88,64.098],[10.867,64.113],[10.786,64.114],[10.741,64.177],[10.586,64.163],[10.593,64.171],[10.595,64.183],[10.601,64.193],[10.58,64.199],[10.542,64.211],[10.52,64.218],[10.497,64.226],[10.425,64.245],[10.411,64.247],[10.395,64.255],[10.385,64.261],[10.406,64.263],[10.408,64.264],[10.386,64.278],[10.38,64.286],[10.362,64.288],[10.362,64.299],[10.343,64.301],[10.309,64.278],[10.275,64.273],[10.182,64.291],[10.052,64.356],[9.7,64.396]]]}},{"type":"Feature","properties":{"id":10143420,"maakond_id":613,"name":"Steinkjer","bbox":[10.451,63.771,12.378,64.33]},"geometry":{"type":"Polygon","coordinates":[[[12.378,63.957],[12.271,64.022],[12.191,64.043],[12.138,64.055],[12.157,64.084],[12.172,64.097],[12.061,64.106],[12.06,64.109],[12.044,64.12],[12.04,64.124],[12.035,64.134],[12.03,64.14],[12.036,64.151],[12.035,64.155],[12.018,64.152],[12.018,64.156],[12.024,64.166],[12.01,64.2],[12.023,64.206],[12.009,64.206],[12.006,64.215],[11.997,64.22],[11.976,64.219],[11.971,64.225],[11.96,64.231],[11.966,64.247],[11.963,64.253],[11.957,64.284],[11.955,64.3],[11.934,64.33],[11.854,64.311],[11.759,64.284],[11.662,64.251],[11.542,64.233],[11.515,64.224],[11.488,64.222],[11.449,64.209],[11.418,64.205],[11.412,64.202],[11.371,64.189],[11.369,64.172],[11.356,64.166],[11.346,64.166],[11.338,64.164],[11.323,64.162],[11.318,64.163],[11.309,64.161],[11.3,64.161],[11.291,64.157],[11.282,64.157],[11.277,64.156],[11.261,64.155],[11.246,64.151],[11.241,64.146],[11.232,64.143],[11.225,64.139],[11.193,64.138],[11.187,64.139],[11.163,64.135],[11.147,64.133],[11.139,64.139],[11.14,64.142],[11.13,64.144],[11.123,64.144],[11.113,64.14],[11.063,64.146],[10.88,64.098],[10.83,64.09],[10.83,64.088],[10.823,64.085],[10.819,64.081],[10.823,64.079],[10.824,64.073],[10.821,64.067],[10.823,64.065],[10.815,64.057],[10.815,64.055],[10.779,64.037],[10.773,64.033],[10.765,64.03],[10.759,64.024],[10.762,64.019],[10.771,64.014],[10.783,64.006],[10.784,64.002],[10.78,63.999],[10.779,63.996],[10.772,63.994],[10.774,63.99],[10.768,63.981],[10.759,63.978],[10.754,63.977],[10.745,63.965],[10.736,63.96],[10.717,63.946],[10.712,63.941],[10.611,63.908],[10.572,63.87],[10.523,63.843],[10.471,63.791],[10.451,63.771],[10.598,63.844],[10.598,63.836],[10.612,63.818],[10.623,63.812],[10.637,63.816],[10.653,63.822],[10.671,63.836],[10.681,63.84],[10.737,63.852],[10.809,63.863],[10.919,63.899],[10.956,63.914],[11.046,63.921],[11.195,63.968],[11.264,64],[11.405,64],[11.372,63.977],[11.376,63.971],[11.372,63.969],[11.378,63.965],[11.378,63.957],[11.374,63.948],[11.375,63.943],[11.342,63.913],[11.342,63.884],[11.393,63.886],[11.395,63.89],[11.41,63.89],[11.428,63.894],[11.439,63.887],[11.433,63.885],[11.431,63.878],[11.437,63.876],[11.442,63.872],[11.438,63.87],[11.454,63.866],[11.46,63.869],[11.46,63.873],[11.466,63.875],[11.483,63.876],[11.491,63.875],[11.518,63.87],[11.524,63.861],[11.546,63.862],[11.566,63.866],[11.571,63.868],[11.589,63.873],[11.614,63.878],[11.612,63.884],[11.629,63.885],[11.635,63.884],[11.648,63.884],[11.665,63.888],[11.745,63.904],[11.818,63.906],[12.005,63.911],[12.131,63.925],[12.229,63.948],[12.378,63.957]]]}},{"type":"Feature","properties":{"id":10143423,"maakond_id":613,"name":"Ørland","bbox":[9.149,63.608,10.216,64.075]},"geometry":{"type":"Polygon","coordinates":[[[10.212,63.852],[10.205,63.862],[10.202,63.87],[10.159,63.861],[10.149,63.87],[10.143,63.872],[10.137,63.87],[10.131,63.87],[10.123,63.874],[10.109,63.874],[10.098,63.878],[10.089,63.879],[10.08,63.878],[10.071,63.874],[10.064,63.873],[10.043,63.881],[10.02,63.876],[10.013,63.875],[9.992,63.881],[9.974,63.887],[9.957,63.898],[9.856,63.915],[9.807,63.917],[9.796,63.935],[9.806,63.961],[9.693,64.015],[9.614,64.075],[9.275,63.943],[9.235,63.928],[9.197,63.859],[9.149,63.774],[9.214,63.745],[9.232,63.668],[9.299,63.608],[9.519,63.62],[9.743,63.672],[9.792,63.695],[9.826,63.703],[9.902,63.717],[10.018,63.752],[10.077,63.775],[10.128,63.785],[10.167,63.791],[10.177,63.792],[10.198,63.797],[10.208,63.8],[10.212,63.816],[10.211,63.823],[10.216,63.833],[10.212,63.852]]]}},{"type":"Feature","properties":{"id":10143441,"maakond_id":613,"name":"Hitra","bbox":[8.109,63.359,9.446,63.774]},"geometry":{"type":"Polygon","coordinates":[[[9.299,63.608],[9.232,63.668],[9.214,63.745],[9.149,63.774],[8.934,63.694],[8.778,63.667],[8.663,63.665],[8.452,63.638],[8.324,63.638],[8.109,63.598],[8.168,63.519],[8.241,63.422],[8.343,63.359],[8.434,63.389],[8.609,63.422],[8.743,63.447],[8.9,63.468],[9.045,63.482],[9.1,63.463],[9.12,63.436],[9.147,63.428],[9.196,63.44],[9.254,63.443],[9.269,63.448],[9.307,63.444],[9.318,63.449],[9.336,63.451],[9.335,63.461],[9.339,63.466],[9.338,63.47],[9.324,63.472],[9.308,63.47],[9.29,63.47],[9.307,63.48],[9.315,63.48],[9.319,63.491],[9.333,63.491],[9.336,63.493],[9.337,63.499],[9.346,63.497],[9.354,63.498],[9.362,63.516],[9.37,63.519],[9.374,63.523],[9.384,63.523],[9.392,63.524],[9.394,63.527],[9.41,63.536],[9.422,63.536],[9.436,63.542],[9.438,63.546],[9.446,63.552],[9.409,63.578],[9.278,63.547],[9.248,63.57],[9.269,63.586],[9.299,63.608]]]}},{"type":"Feature","properties":{"id":10143451,"maakond_id":613,"name":"Heim","bbox":[8.103,63.012,9.454,63.482]},"geometry":{"type":"Polygon","coordinates":[[[8.103,63.129],[8.151,63.095],[8.203,63.023],[8.244,63.012],[8.263,63.024],[8.274,63.026],[8.284,63.03],[8.297,63.038],[8.329,63.045],[8.338,63.036],[8.347,63.039],[8.345,63.041],[8.356,63.043],[8.362,63.046],[8.381,63.053],[8.389,63.054],[8.403,63.057],[8.407,63.054],[8.425,63.047],[8.437,63.052],[8.437,63.066],[8.454,63.073],[8.454,63.074],[8.481,63.08],[8.493,63.068],[8.497,63.062],[8.502,63.049],[8.526,63.058],[8.547,63.056],[8.554,63.062],[8.575,63.065],[8.593,63.065],[8.622,63.071],[8.633,63.069],[8.641,63.07],[8.648,63.073],[8.653,63.064],[8.68,63.072],[8.689,63.073],[8.706,63.083],[8.721,63.085],[8.735,63.094],[8.777,63.107],[8.773,63.111],[8.775,63.114],[8.783,63.116],[8.793,63.123],[8.807,63.127],[8.819,63.126],[8.834,63.126],[8.842,63.122],[8.847,63.122],[8.856,63.118],[8.86,63.114],[8.886,63.121],[8.899,63.122],[8.911,63.118],[8.97,63.134],[8.981,63.125],[8.985,63.116],[8.998,63.119],[8.995,63.121],[9.006,63.124],[9.015,63.129],[9.023,63.13],[9.033,63.127],[9.04,63.121],[9.053,63.124],[9.048,63.126],[9.049,63.13],[9.059,63.131],[9.054,63.135],[9.06,63.137],[9.072,63.136],[9.099,63.136],[9.102,63.133],[9.126,63.128],[9.143,63.127],[9.162,63.132],[9.186,63.136],[9.186,63.141],[9.183,63.148],[9.153,63.165],[9.144,63.173],[9.194,63.186],[9.2,63.196],[9.229,63.205],[9.248,63.206],[9.252,63.203],[9.251,63.2],[9.287,63.197],[9.296,63.195],[9.316,63.202],[9.33,63.205],[9.34,63.209],[9.361,63.212],[9.361,63.216],[9.371,63.22],[9.37,63.222],[9.359,63.222],[9.353,63.229],[9.351,63.244],[9.356,63.25],[9.352,63.255],[9.343,63.261],[9.343,63.264],[9.369,63.274],[9.423,63.279],[9.399,63.291],[9.382,63.287],[9.364,63.302],[9.36,63.307],[9.381,63.322],[9.373,63.328],[9.392,63.334],[9.391,63.338],[9.404,63.353],[9.416,63.354],[9.421,63.357],[9.43,63.358],[9.446,63.362],[9.454,63.367],[9.451,63.375],[9.444,63.381],[9.407,63.375],[9.356,63.369],[9.309,63.369],[9.215,63.356],[9.147,63.428],[9.12,63.436],[9.1,63.463],[9.045,63.482],[8.9,63.468],[8.743,63.447],[8.757,63.421],[8.763,63.415],[8.77,63.413],[8.786,63.407],[8.803,63.402],[8.801,63.39],[8.798,63.388],[8.796,63.383],[8.799,63.378],[8.799,63.372],[8.821,63.371],[8.826,63.372],[8.849,63.366],[8.857,63.367],[8.868,63.371],[8.872,63.364],[8.892,63.354],[8.911,63.357],[8.905,63.349],[8.883,63.344],[8.882,63.336],[8.87,63.33],[8.863,63.322],[8.865,63.316],[8.865,63.304],[8.866,63.295],[8.849,63.29],[8.816,63.266],[8.821,63.26],[8.828,63.244],[8.863,63.231],[8.862,63.22],[8.838,63.215],[8.832,63.202],[8.833,63.199],[8.819,63.195],[8.762,63.19],[8.672,63.187],[8.569,63.172],[8.483,63.15],[8.369,63.148],[8.333,63.158],[8.263,63.155],[8.15,63.143],[8.103,63.129]]]}},{"type":"Feature","properties":{"id":10143469,"maakond_id":613,"name":"Orkland","bbox":[9.147,62.89,10.054,63.672]},"geometry":{"type":"Polygon","coordinates":[[[10.054,63.455],[9.98,63.466],[9.931,63.482],[9.893,63.498],[9.876,63.52],[9.87,63.542],[9.775,63.619],[9.785,63.65],[9.743,63.672],[9.519,63.62],[9.299,63.608],[9.269,63.586],[9.248,63.57],[9.278,63.547],[9.409,63.578],[9.446,63.552],[9.438,63.546],[9.436,63.542],[9.422,63.536],[9.41,63.536],[9.394,63.527],[9.392,63.524],[9.384,63.523],[9.374,63.523],[9.37,63.519],[9.362,63.516],[9.354,63.498],[9.346,63.497],[9.337,63.499],[9.336,63.493],[9.333,63.491],[9.319,63.491],[9.315,63.48],[9.307,63.48],[9.29,63.47],[9.308,63.47],[9.324,63.472],[9.338,63.47],[9.339,63.466],[9.335,63.461],[9.336,63.451],[9.318,63.449],[9.307,63.444],[9.269,63.448],[9.254,63.443],[9.196,63.44],[9.147,63.428],[9.215,63.356],[9.309,63.369],[9.356,63.369],[9.407,63.375],[9.444,63.381],[9.451,63.375],[9.454,63.367],[9.446,63.362],[9.43,63.358],[9.421,63.357],[9.416,63.354],[9.404,63.353],[9.391,63.338],[9.392,63.334],[9.373,63.328],[9.381,63.322],[9.36,63.307],[9.364,63.302],[9.382,63.287],[9.399,63.291],[9.423,63.279],[9.369,63.274],[9.343,63.264],[9.343,63.261],[9.352,63.255],[9.356,63.25],[9.351,63.244],[9.353,63.229],[9.359,63.222],[9.37,63.222],[9.371,63.22],[9.361,63.216],[9.361,63.212],[9.365,63.207],[9.365,63.201],[9.372,63.193],[9.378,63.188],[9.384,63.186],[9.412,63.183],[9.439,63.183],[9.444,63.181],[9.468,63.18],[9.468,63.173],[9.466,63.17],[9.45,63.164],[9.448,63.162],[9.452,63.158],[9.454,63.148],[9.458,63.143],[9.464,63.142],[9.458,63.136],[9.465,63.132],[9.457,63.129],[9.46,63.121],[9.451,63.116],[9.447,63.105],[9.439,63.098],[9.442,63.088],[9.447,63.081],[9.448,63.072],[9.446,63.067],[9.448,63.06],[9.433,63.058],[9.432,63.049],[9.437,63.046],[9.447,63.044],[9.447,63.041],[9.477,63.039],[9.472,63.027],[9.483,63.025],[9.491,63.022],[9.491,63.015],[9.497,63.014],[9.508,63.015],[9.51,63.013],[9.531,63.015],[9.548,63.014],[9.554,63.016],[9.568,63.015],[9.578,63.014],[9.584,63.009],[9.524,62.999],[9.499,62.996],[9.491,62.994],[9.486,62.991],[9.488,62.989],[9.482,62.985],[9.488,62.983],[9.481,62.978],[9.479,62.975],[9.43,62.954],[9.424,62.927],[9.447,62.899],[9.45,62.89],[9.489,62.899],[9.492,62.911],[9.508,62.915],[9.532,62.905],[9.544,62.902],[9.545,62.9],[9.552,62.897],[9.575,62.898],[9.585,62.899],[9.593,62.904],[9.606,62.911],[9.645,62.927],[9.659,62.93],[9.667,62.937],[9.671,62.942],[9.681,62.947],[9.694,62.948],[9.723,62.959],[9.73,62.961],[9.742,62.964],[9.754,62.968],[9.778,62.973],[9.794,62.972],[9.798,62.97],[9.841,62.968],[9.848,62.968],[9.891,62.974],[9.897,62.973],[9.898,62.97],[9.913,62.969],[9.95,62.972],[9.988,62.965],[9.992,62.975],[10.006,62.991],[10.01,62.993],[10.008,63.001],[10.013,63.02],[10.014,63.033],[10.004,63.047],[9.993,63.062],[9.989,63.061],[9.985,63.067],[9.976,63.073],[9.962,63.08],[9.958,63.084],[9.944,63.091],[9.944,63.092],[9.931,63.094],[9.933,63.091],[9.927,63.089],[9.93,63.086],[9.923,63.08],[9.912,63.083],[9.904,63.089],[9.907,63.092],[9.896,63.097],[9.896,63.103],[9.889,63.115],[9.89,63.127],[9.893,63.132],[9.891,63.141],[9.887,63.144],[9.878,63.146],[9.884,63.149],[9.898,63.156],[9.906,63.162],[9.919,63.176],[9.921,63.182],[9.92,63.19],[9.921,63.22],[9.919,63.222],[9.896,63.227],[9.893,63.231],[9.89,63.241],[9.892,63.25],[9.895,63.26],[9.895,63.267],[9.903,63.271],[9.909,63.272],[9.907,63.276],[9.908,63.281],[9.914,63.291],[9.918,63.292],[9.92,63.298],[9.915,63.299],[9.899,63.294],[9.897,63.298],[9.904,63.301],[9.91,63.306],[9.903,63.306],[9.896,63.311],[9.897,63.321],[9.903,63.325],[9.9,63.328],[9.891,63.335],[9.941,63.354],[10.004,63.373],[10.02,63.412],[10.054,63.455]]]}},{"type":"Feature","properties":{"id":10143487,"maakond_id":613,"name":"Trondheim","bbox":[10.004,63.16,10.725,63.517]},"geometry":{"type":"Polygon","coordinates":[[[10.489,63.517],[10.357,63.509],[10.235,63.496],[10.106,63.462],[10.054,63.455],[10.02,63.412],[10.004,63.373],[10.065,63.358],[10.095,63.342],[10.164,63.33],[10.188,63.333],[10.2,63.34],[10.216,63.345],[10.255,63.34],[10.261,63.325],[10.273,63.321],[10.281,63.316],[10.295,63.315],[10.291,63.309],[10.299,63.308],[10.304,63.305],[10.314,63.304],[10.324,63.307],[10.327,63.311],[10.334,63.313],[10.33,63.315],[10.333,63.318],[10.355,63.322],[10.362,63.317],[10.386,63.312],[10.399,63.303],[10.393,63.299],[10.394,63.295],[10.371,63.28],[10.356,63.262],[10.367,63.259],[10.471,63.228],[10.491,63.225],[10.495,63.226],[10.52,63.221],[10.537,63.217],[10.54,63.213],[10.595,63.185],[10.633,63.163],[10.695,63.16],[10.678,63.203],[10.676,63.214],[10.669,63.227],[10.666,63.239],[10.662,63.24],[10.654,63.236],[10.659,63.25],[10.657,63.257],[10.656,63.268],[10.623,63.275],[10.624,63.278],[10.62,63.284],[10.625,63.29],[10.643,63.298],[10.663,63.306],[10.725,63.307],[10.704,63.316],[10.692,63.323],[10.687,63.33],[10.702,63.347],[10.679,63.356],[10.672,63.363],[10.639,63.353],[10.646,63.357],[10.658,63.359],[10.657,63.364],[10.651,63.365],[10.646,63.371],[10.631,63.373],[10.617,63.373],[10.611,63.375],[10.623,63.378],[10.612,63.389],[10.611,63.393],[10.617,63.399],[10.612,63.399],[10.612,63.404],[10.603,63.41],[10.59,63.409],[10.583,63.412],[10.59,63.418],[10.596,63.42],[10.592,63.426],[10.596,63.43],[10.583,63.438],[10.539,63.47],[10.55,63.495],[10.489,63.517]]]}},{"type":"Feature","properties":{"id":10148086,"maakond_id":603,"name":"Molde","bbox":[6.447,62.332,8.732,62.871]},"geometry":{"type":"Polygon","coordinates":[[[6.677,62.648],[6.762,62.667],[6.807,62.668],[6.847,62.651],[6.972,62.674],[7.002,62.69],[7.139,62.678],[7.224,62.636],[7.352,62.631],[7.44,62.663],[7.732,62.723],[7.76,62.693],[7.759,62.69],[7.766,62.689],[7.778,62.689],[7.788,62.692],[7.798,62.689],[7.808,62.687],[7.814,62.68],[7.829,62.676],[7.825,62.666],[7.823,62.664],[7.823,62.657],[7.812,62.649],[7.817,62.645],[7.811,62.638],[7.815,62.636],[7.825,62.624],[7.837,62.624],[7.851,62.615],[7.865,62.612],[7.875,62.614],[7.878,62.619],[7.884,62.623],[7.896,62.622],[7.904,62.617],[7.904,62.613],[7.908,62.611],[7.92,62.613],[7.943,62.614],[7.998,62.612],[8.029,62.603],[8.042,62.602],[8.052,62.601],[8.054,62.596],[8.064,62.587],[8.071,62.587],[8.08,62.583],[8.08,62.578],[8.074,62.575],[8.067,62.574],[8.059,62.57],[8.049,62.568],[8.047,62.566],[8.054,62.561],[8.06,62.56],[8.066,62.557],[8.072,62.558],[8.084,62.552],[8.081,62.546],[8.089,62.541],[8.097,62.54],[8.098,62.537],[8.037,62.532],[8.033,62.519],[8.007,62.501],[8.018,62.481],[8.036,62.472],[8.026,62.452],[8.061,62.438],[8.07,62.435],[8.126,62.418],[8.148,62.393],[8.196,62.38],[8.199,62.365],[8.192,62.36],[8.206,62.332],[8.218,62.334],[8.236,62.338],[8.275,62.348],[8.389,62.364],[8.463,62.363],[8.626,62.374],[8.635,62.374],[8.732,62.377],[8.719,62.383],[8.667,62.405],[8.587,62.408],[8.521,62.435],[8.513,62.448],[8.514,62.459],[8.4,62.489],[8.379,62.5],[8.346,62.508],[8.369,62.531],[8.344,62.547],[8.33,62.556],[8.317,62.575],[8.272,62.574],[8.257,62.577],[8.249,62.566],[8.218,62.577],[8.229,62.6],[8.247,62.623],[8.246,62.626],[8.247,62.64],[8.257,62.646],[8.269,62.648],[8.277,62.654],[8.277,62.66],[8.28,62.666],[8.286,62.667],[8.291,62.676],[8.288,62.682],[8.282,62.683],[8.281,62.686],[8.273,62.69],[8.265,62.696],[8.258,62.698],[8.249,62.709],[8.245,62.712],[8.235,62.714],[8.227,62.721],[8.229,62.725],[8.212,62.731],[8.206,62.738],[8.222,62.739],[8.225,62.747],[8.229,62.75],[8.243,62.753],[8.253,62.76],[8.269,62.766],[8.283,62.77],[8.292,62.772],[8.312,62.784],[8.324,62.788],[8.294,62.8],[8.234,62.8],[8.166,62.825],[8.139,62.851],[8.103,62.846],[8.094,62.843],[8.085,62.842],[8.077,62.84],[8.045,62.834],[8.03,62.837],[8,62.832],[7.976,62.829],[7.945,62.827],[7.919,62.821],[7.888,62.825],[7.883,62.83],[7.878,62.829],[7.873,62.832],[7.857,62.834],[7.845,62.832],[7.841,62.829],[7.826,62.829],[7.814,62.827],[7.806,62.835],[7.808,62.837],[7.797,62.845],[7.794,62.849],[7.78,62.86],[7.777,62.863],[7.768,62.868],[7.76,62.871],[7.749,62.87],[7.738,62.868],[7.734,62.863],[7.742,62.859],[7.739,62.854],[7.74,62.851],[7.733,62.849],[7.705,62.844],[7.684,62.842],[7.655,62.836],[7.642,62.832],[7.628,62.831],[7.622,62.829],[7.606,62.826],[7.591,62.825],[7.579,62.826],[7.568,62.827],[7.546,62.832],[7.509,62.835],[7.441,62.832],[7.43,62.828],[7.416,62.822],[7.42,62.819],[7.41,62.813],[7.408,62.809],[7.395,62.803],[7.38,62.799],[7.353,62.798],[7.347,62.796],[7.329,62.792],[7.317,62.793],[7.291,62.793],[7.252,62.782],[7.228,62.783],[7.202,62.78],[7.199,62.784],[7.193,62.785],[7.178,62.78],[7.162,62.773],[7.151,62.772],[7.138,62.768],[7.133,62.767],[7.125,62.771],[7.115,62.766],[7.107,62.763],[7.095,62.757],[7.084,62.756],[7.076,62.756],[7.071,62.754],[7.058,62.752],[7.047,62.753],[7.024,62.754],[7.008,62.752],[6.994,62.75],[6.956,62.752],[6.91,62.756],[6.881,62.764],[6.816,62.767],[6.752,62.759],[6.697,62.768],[6.577,62.739],[6.516,62.7],[6.447,62.651],[6.496,62.627],[6.677,62.648]]]}},{"type":"Feature","properties":{"id":10148272,"maakond_id":603,"name":"Hustadvika","bbox":[6.499,62.752,7.615,63.273]},"geometry":{"type":"Polygon","coordinates":[[[6.499,63.146],[6.674,63.039],[6.761,62.986],[6.777,62.892],[6.788,62.883],[6.864,62.873],[6.936,62.873],[6.987,62.855],[6.976,62.839],[6.982,62.826],[6.95,62.789],[6.995,62.786],[7.02,62.781],[7.03,62.776],[7.037,62.766],[7.037,62.764],[7.047,62.753],[7.058,62.752],[7.071,62.754],[7.076,62.756],[7.084,62.756],[7.095,62.757],[7.107,62.763],[7.115,62.766],[7.125,62.771],[7.133,62.767],[7.138,62.768],[7.151,62.772],[7.162,62.773],[7.178,62.78],[7.193,62.785],[7.199,62.784],[7.202,62.78],[7.228,62.783],[7.252,62.782],[7.291,62.793],[7.317,62.793],[7.329,62.792],[7.347,62.796],[7.353,62.798],[7.38,62.799],[7.395,62.803],[7.408,62.809],[7.41,62.813],[7.42,62.819],[7.416,62.822],[7.43,62.828],[7.401,62.835],[7.385,62.841],[7.395,62.849],[7.405,62.852],[7.427,62.85],[7.441,62.853],[7.441,62.856],[7.45,62.858],[7.461,62.86],[7.484,62.859],[7.501,62.864],[7.512,62.865],[7.523,62.868],[7.526,62.87],[7.54,62.871],[7.544,62.874],[7.567,62.878],[7.577,62.882],[7.588,62.879],[7.588,62.887],[7.586,62.9],[7.613,62.901],[7.615,62.901],[7.608,62.91],[7.609,62.918],[7.604,62.921],[7.602,62.925],[7.595,62.929],[7.557,62.936],[7.521,62.925],[7.489,62.922],[7.445,62.956],[7.336,62.979],[7.34,63],[7.36,63.01],[7.331,63.04],[7.216,63.154],[7.098,63.194],[6.861,63.273],[6.839,63.26],[6.598,63.179],[6.499,63.146]]]}},{"type":"Feature","properties":{"id":10148303,"maakond_id":603,"name":"Fjord","bbox":[6.827,62.065,7.829,62.484]},"geometry":{"type":"Polygon","coordinates":[[[7.735,62.185],[7.718,62.19],[7.703,62.197],[7.691,62.197],[7.684,62.199],[7.684,62.204],[7.689,62.208],[7.69,62.212],[7.699,62.219],[7.708,62.225],[7.706,62.228],[7.691,62.233],[7.688,62.235],[7.685,62.242],[7.673,62.245],[7.662,62.245],[7.653,62.251],[7.644,62.252],[7.633,62.256],[7.635,62.262],[7.633,62.266],[7.705,62.277],[7.692,62.292],[7.706,62.301],[7.713,62.302],[7.72,62.306],[7.718,62.311],[7.752,62.321],[7.768,62.329],[7.77,62.341],[7.78,62.354],[7.829,62.363],[7.826,62.374],[7.803,62.386],[7.796,62.394],[7.75,62.419],[7.741,62.422],[7.733,62.423],[7.709,62.422],[7.702,62.421],[7.694,62.423],[7.679,62.426],[7.671,62.423],[7.657,62.432],[7.637,62.434],[7.624,62.437],[7.599,62.433],[7.61,62.424],[7.608,62.42],[7.586,62.419],[7.576,62.422],[7.555,62.42],[7.554,62.417],[7.546,62.416],[7.532,62.418],[7.523,62.416],[7.508,62.416],[7.504,62.412],[7.505,62.409],[7.493,62.407],[7.482,62.402],[7.458,62.394],[7.448,62.398],[7.444,62.392],[7.439,62.389],[7.421,62.386],[7.415,62.389],[7.399,62.39],[7.391,62.388],[7.377,62.388],[7.367,62.391],[7.365,62.395],[7.358,62.4],[7.359,62.406],[7.336,62.417],[7.335,62.452],[7.326,62.46],[7.318,62.463],[7.301,62.464],[7.283,62.471],[7.265,62.468],[7.246,62.473],[7.25,62.478],[7.243,62.479],[7.233,62.484],[7.234,62.482],[7.221,62.477],[7.217,62.473],[7.208,62.468],[7.203,62.464],[7.184,62.456],[7.176,62.456],[7.17,62.448],[7.163,62.446],[7.16,62.45],[7.152,62.452],[7.14,62.454],[7.136,62.451],[7.131,62.449],[7.116,62.45],[7.12,62.446],[7.12,62.442],[7.115,62.439],[7.119,62.435],[7.118,62.43],[7.108,62.427],[7.102,62.42],[7.09,62.42],[7.073,62.415],[7.061,62.414],[7.049,62.423],[7.038,62.427],[7.016,62.437],[7.002,62.435],[7,62.438],[6.972,62.436],[6.949,62.435],[6.93,62.441],[6.918,62.44],[6.913,62.436],[6.89,62.434],[6.874,62.428],[6.875,62.425],[6.86,62.426],[6.85,62.424],[6.852,62.42],[6.842,62.414],[6.847,62.409],[6.843,62.406],[6.835,62.405],[6.828,62.401],[6.827,62.395],[6.831,62.386],[6.834,62.386],[6.837,62.381],[6.843,62.376],[6.85,62.372],[6.863,62.369],[6.872,62.368],[6.88,62.365],[6.888,62.363],[6.915,62.363],[6.935,62.347],[6.939,62.337],[6.961,62.341],[6.967,62.346],[6.975,62.347],[6.98,62.343],[6.998,62.344],[7.017,62.354],[7.021,62.357],[7.032,62.356],[7.041,62.36],[7.046,62.353],[7.05,62.35],[7.06,62.348],[7.072,62.338],[7.08,62.333],[7.085,62.329],[7.097,62.331],[7.105,62.329],[7.148,62.326],[7.168,62.317],[7.168,62.313],[7.152,62.305],[7.144,62.295],[7.141,62.288],[7.103,62.287],[7.035,62.293],[7.018,62.273],[7.024,62.216],[7.039,62.213],[7.049,62.21],[7.053,62.21],[7.058,62.206],[7.059,62.202],[7.066,62.194],[7.07,62.192],[7.068,62.185],[7.069,62.18],[7.074,62.178],[7.075,62.174],[7.084,62.17],[7.117,62.165],[7.127,62.165],[7.14,62.168],[7.143,62.167],[7.148,62.161],[7.146,62.152],[7.167,62.152],[7.171,62.152],[7.18,62.151],[7.184,62.154],[7.191,62.154],[7.193,62.158],[7.201,62.163],[7.211,62.174],[7.218,62.176],[7.221,62.172],[7.219,62.169],[7.221,62.163],[7.229,62.157],[7.242,62.156],[7.256,62.163],[7.259,62.162],[7.274,62.161],[7.278,62.158],[7.273,62.153],[7.274,62.152],[7.311,62.145],[7.321,62.127],[7.348,62.115],[7.36,62.106],[7.373,62.095],[7.415,62.092],[7.451,62.088],[7.486,62.09],[7.514,62.097],[7.554,62.069],[7.584,62.065],[7.592,62.075],[7.632,62.085],[7.612,62.099],[7.61,62.103],[7.579,62.122],[7.655,62.141],[7.735,62.185]]]}},{"type":"Feature","properties":{"id":10148316,"maakond_id":603,"name":"Volda","bbox":[5.728,61.923,6.794,62.238]},"geometry":{"type":"Polygon","coordinates":[[[6.477,61.934],[6.488,61.933],[6.491,61.927],[6.501,61.923],[6.517,61.927],[6.524,61.93],[6.521,61.935],[6.526,61.938],[6.53,61.938],[6.537,61.946],[6.547,61.946],[6.57,61.946],[6.578,61.947],[6.599,61.949],[6.608,61.954],[6.622,61.958],[6.648,61.961],[6.656,61.962],[6.667,61.962],[6.706,61.953],[6.719,61.953],[6.728,61.956],[6.739,61.953],[6.748,61.953],[6.759,61.955],[6.765,61.959],[6.775,61.958],[6.778,61.965],[6.787,61.967],[6.794,61.97],[6.788,61.981],[6.779,61.985],[6.772,61.99],[6.771,61.993],[6.759,62.001],[6.754,62.003],[6.713,62.034],[6.696,62.042],[6.693,62.048],[6.695,62.049],[6.686,62.058],[6.68,62.064],[6.671,62.066],[6.658,62.072],[6.662,62.074],[6.692,62.082],[6.702,62.084],[6.707,62.089],[6.701,62.097],[6.694,62.099],[6.683,62.107],[6.671,62.111],[6.668,62.116],[6.68,62.118],[6.688,62.121],[6.699,62.121],[6.713,62.13],[6.714,62.134],[6.721,62.14],[6.718,62.148],[6.708,62.146],[6.67,62.152],[6.656,62.156],[6.649,62.159],[6.633,62.159],[6.629,62.162],[6.616,62.169],[6.62,62.174],[6.616,62.176],[6.606,62.181],[6.603,62.186],[6.592,62.191],[6.572,62.192],[6.561,62.189],[6.547,62.184],[6.575,62.163],[6.563,62.158],[6.558,62.155],[6.549,62.153],[6.553,62.148],[6.552,62.146],[6.543,62.144],[6.535,62.145],[6.542,62.139],[6.541,62.134],[6.537,62.132],[6.525,62.127],[6.521,62.127],[6.508,62.132],[6.501,62.133],[6.491,62.133],[6.487,62.13],[6.466,62.138],[6.453,62.126],[6.434,62.117],[6.436,62.113],[6.429,62.109],[6.42,62.108],[6.41,62.11],[6.402,62.114],[6.384,62.114],[6.383,62.11],[6.371,62.102],[6.362,62.101],[6.353,62.101],[6.339,62.099],[6.335,62.11],[6.328,62.112],[6.322,62.111],[6.319,62.108],[6.31,62.105],[6.296,62.105],[6.274,62.113],[6.269,62.115],[6.247,62.115],[6.239,62.114],[6.224,62.118],[6.217,62.123],[6.198,62.131],[6.192,62.133],[6.192,62.139],[6.178,62.155],[6.175,62.166],[6.147,62.169],[6.143,62.174],[6.127,62.17],[6.115,62.166],[6.108,62.166],[6.095,62.171],[6.077,62.168],[6.068,62.17],[6.048,62.177],[6.046,62.184],[6.031,62.183],[6.025,62.187],[6.01,62.193],[6.003,62.194],[6.006,62.197],[5.991,62.206],[5.985,62.213],[5.977,62.219],[5.959,62.225],[5.922,62.238],[5.882,62.232],[5.847,62.216],[5.851,62.203],[5.842,62.192],[5.846,62.182],[5.834,62.166],[5.854,62.156],[5.851,62.15],[5.84,62.144],[5.841,62.142],[5.82,62.134],[5.808,62.133],[5.827,62.108],[5.846,62.103],[5.856,62.105],[5.864,62.094],[5.862,62.075],[5.858,62.067],[5.852,62.065],[5.851,62.062],[5.857,62.061],[5.861,62.055],[5.859,62.052],[5.85,62.048],[5.851,62.043],[5.84,62.036],[5.835,62.033],[5.827,62.033],[5.817,62.035],[5.811,62.033],[5.802,62.037],[5.795,62.034],[5.784,62.033],[5.766,62.028],[5.767,62.024],[5.763,62.02],[5.755,62.019],[5.748,62.021],[5.728,62.005],[5.73,61.981],[5.74,61.979],[5.75,61.98],[5.753,61.977],[5.754,61.973],[5.774,61.974],[5.784,61.973],[5.791,61.967],[5.803,61.966],[5.82,61.97],[5.843,61.973],[5.895,61.989],[5.905,61.993],[5.927,61.997],[5.936,61.994],[5.938,61.99],[5.947,61.988],[5.965,61.994],[5.975,61.987],[5.99,61.98],[6.011,61.975],[6.019,61.969],[6.018,61.968],[6.036,61.957],[6.041,61.957],[6.044,61.962],[6.056,61.965],[6.064,61.969],[6.089,61.962],[6.117,61.965],[6.142,61.974],[6.132,61.987],[6.17,61.994],[6.182,62.011],[6.2,62.008],[6.217,62.009],[6.258,62.006],[6.239,61.993],[6.236,61.992],[6.264,61.982],[6.277,61.977],[6.282,61.979],[6.288,61.977],[6.3,61.971],[6.307,61.968],[6.314,61.965],[6.307,61.961],[6.311,61.959],[6.321,61.959],[6.324,61.961],[6.338,61.963],[6.348,61.963],[6.363,61.968],[6.371,61.976],[6.378,61.979],[6.405,61.986],[6.421,61.982],[6.427,61.976],[6.429,61.969],[6.428,61.955],[6.433,61.951],[6.472,61.943],[6.477,61.934]]]}},{"type":"Feature","properties":{"id":10148356,"maakond_id":612,"name":"Stad","bbox":[4.579,61.838,6.477,62.382]},"geometry":{"type":"Polygon","coordinates":[[[4.579,62.181],[4.837,62.125],[4.966,62.097],[5.223,62.045],[5.232,62.007],[5.196,61.98],[5.202,61.959],[5.208,61.959],[5.218,61.962],[5.235,61.947],[5.24,61.945],[5.261,61.943],[5.269,61.939],[5.274,61.938],[5.284,61.931],[5.305,61.932],[5.314,61.926],[5.315,61.922],[5.312,61.916],[5.319,61.915],[5.327,61.902],[5.334,61.902],[5.423,61.926],[5.474,61.917],[5.534,61.916],[5.707,61.896],[5.769,61.863],[5.815,61.85],[5.826,61.853],[5.861,61.865],[5.906,61.869],[6.087,61.854],[6.133,61.838],[6.199,61.845],[6.245,61.854],[6.265,61.853],[6.266,61.861],[6.261,61.873],[6.261,61.88],[6.259,61.894],[6.257,61.896],[6.263,61.898],[6.261,61.901],[6.278,61.904],[6.28,61.899],[6.283,61.898],[6.305,61.902],[6.326,61.899],[6.338,61.9],[6.352,61.908],[6.373,61.907],[6.385,61.901],[6.397,61.898],[6.409,61.899],[6.448,61.898],[6.443,61.91],[6.448,61.914],[6.452,61.92],[6.452,61.926],[6.45,61.93],[6.453,61.932],[6.477,61.934],[6.472,61.943],[6.433,61.951],[6.428,61.955],[6.429,61.969],[6.427,61.976],[6.421,61.982],[6.405,61.986],[6.378,61.979],[6.371,61.976],[6.363,61.968],[6.348,61.963],[6.338,61.963],[6.324,61.961],[6.321,61.959],[6.311,61.959],[6.307,61.961],[6.314,61.965],[6.307,61.968],[6.3,61.971],[6.288,61.977],[6.282,61.979],[6.277,61.977],[6.264,61.982],[6.236,61.992],[6.239,61.993],[6.258,62.006],[6.217,62.009],[6.2,62.008],[6.182,62.011],[6.17,61.994],[6.132,61.987],[6.142,61.974],[6.117,61.965],[6.089,61.962],[6.064,61.969],[6.056,61.965],[6.044,61.962],[6.041,61.957],[6.036,61.957],[6.018,61.968],[6.019,61.969],[6.011,61.975],[5.99,61.98],[5.975,61.987],[5.965,61.994],[5.947,61.988],[5.938,61.99],[5.936,61.994],[5.927,61.997],[5.905,61.993],[5.895,61.989],[5.843,61.973],[5.82,61.97],[5.803,61.966],[5.791,61.967],[5.784,61.973],[5.774,61.974],[5.754,61.973],[5.753,61.977],[5.75,61.98],[5.74,61.979],[5.73,61.981],[5.722,61.98],[5.704,61.969],[5.693,61.968],[5.68,61.974],[5.663,61.973],[5.62,61.966],[5.604,61.966],[5.576,61.962],[5.552,61.96],[5.538,61.965],[5.54,61.967],[5.534,61.971],[5.53,61.97],[5.517,61.975],[5.494,61.98],[5.49,61.98],[5.476,61.986],[5.468,61.982],[5.461,61.976],[5.452,61.976],[5.443,61.974],[5.455,61.985],[5.467,61.993],[5.483,61.998],[5.494,62.002],[5.503,62.008],[5.501,62.013],[5.491,62.015],[5.486,62.014],[5.506,62.055],[5.503,62.067],[5.361,62.122],[5.358,62.155],[5.357,62.169],[5.218,62.261],[5.057,62.31],[4.817,62.382],[4.696,62.295],[4.685,62.287],[4.667,62.271],[4.579,62.181]]]}},{"type":"Feature","properties":{"id":10150594,"maakond_id":612,"name":"Kinn","bbox":[4.13,61.456,5.733,62.181]},"geometry":{"type":"MultiPolygon","coordinates":[[[[5.327,61.902],[5.319,61.915],[5.312,61.916],[5.315,61.922],[5.314,61.926],[5.305,61.932],[5.284,61.931],[5.274,61.938],[5.269,61.939],[5.261,61.943],[5.24,61.945],[5.235,61.947],[5.218,61.962],[5.208,61.959],[5.202,61.959],[5.196,61.98],[5.232,62.007],[5.223,62.045],[4.966,62.097],[4.837,62.125],[4.579,62.181],[4.512,62.113],[4.506,62.106],[4.441,62.032],[4.702,61.981],[4.833,61.956],[4.972,61.912],[5.004,61.904],[5.025,61.894],[5.115,61.886],[5.18,61.876],[5.194,61.89],[5.221,61.899],[5.327,61.902]]],[[[4.13,61.491],[4.407,61.484],[4.546,61.48],[4.611,61.461],[5.02,61.456],[5.176,61.472],[5.207,61.491],[5.258,61.49],[5.265,61.503],[5.266,61.507],[5.277,61.507],[5.306,61.508],[5.318,61.511],[5.33,61.512],[5.341,61.51],[5.373,61.514],[5.396,61.51],[5.43,61.51],[5.434,61.509],[5.474,61.509],[5.485,61.507],[5.515,61.509],[5.53,61.513],[5.55,61.514],[5.57,61.512],[5.576,61.514],[5.585,61.522],[5.599,61.521],[5.598,61.524],[5.603,61.529],[5.59,61.533],[5.591,61.542],[5.603,61.539],[5.61,61.541],[5.638,61.543],[5.65,61.548],[5.651,61.552],[5.704,61.559],[5.733,61.565],[5.724,61.566],[5.719,61.57],[5.719,61.574],[5.716,61.58],[5.716,61.586],[5.696,61.587],[5.69,61.589],[5.666,61.589],[5.659,61.6],[5.656,61.613],[5.646,61.617],[5.648,61.64],[5.664,61.655],[5.687,61.678],[5.7,61.689],[5.698,61.696],[5.661,61.715],[5.637,61.742],[5.583,61.752],[5.575,61.758],[5.566,61.763],[5.536,61.75],[5.528,61.758],[5.471,61.743],[5.453,61.742],[5.443,61.741],[5.433,61.742],[5.419,61.74],[5.419,61.738],[5.412,61.73],[5.392,61.729],[5.38,61.724],[5.382,61.718],[5.385,61.716],[5.378,61.712],[5.372,61.712],[5.363,61.711],[5.352,61.708],[5.343,61.71],[5.338,61.709],[5.33,61.715],[5.324,61.713],[5.312,61.712],[5.298,61.717],[5.291,61.716],[5.298,61.709],[5.3,61.704],[5.31,61.699],[5.31,61.693],[5.322,61.691],[5.329,61.688],[5.329,61.68],[5.326,61.677],[5.315,61.674],[5.309,61.674],[5.282,61.673],[5.271,61.673],[5.259,61.666],[5.251,61.664],[5.224,61.665],[5.218,61.662],[5.204,61.667],[5.204,61.674],[5.197,61.676],[5.194,61.672],[5.184,61.671],[5.179,61.679],[5.173,61.679],[5.164,61.68],[5.163,61.682],[5.153,61.685],[5.148,61.682],[5.151,61.67],[5.14,61.669],[5.134,61.672],[5.119,61.67],[5.115,61.668],[5.104,61.673],[5.09,61.67],[5.087,61.672],[5.075,61.678],[5.067,61.684],[5.053,61.679],[5.042,61.683],[5.039,61.686],[5.033,61.687],[5.026,61.695],[5.009,61.699],[4.985,61.697],[4.969,61.7],[4.897,61.74],[4.773,61.696],[4.616,61.708],[4.486,61.733],[4.226,61.783],[4.178,61.726],[4.168,61.714],[4.158,61.697],[4.151,61.68],[4.148,61.662],[4.135,61.538],[4.13,61.491]]]]}},{"type":"Feature","properties":{"id":10150607,"maakond_id":612,"name":"Sunnfjord","bbox":[5.258,61.235,6.854,61.702]},"geometry":{"type":"Polygon","coordinates":[[[5.716,61.586],[5.716,61.58],[5.719,61.574],[5.719,61.57],[5.724,61.566],[5.733,61.565],[5.704,61.559],[5.651,61.552],[5.65,61.548],[5.638,61.543],[5.61,61.541],[5.603,61.539],[5.591,61.542],[5.59,61.533],[5.603,61.529],[5.598,61.524],[5.599,61.521],[5.585,61.522],[5.576,61.514],[5.57,61.512],[5.55,61.514],[5.53,61.513],[5.515,61.509],[5.485,61.507],[5.474,61.509],[5.434,61.509],[5.43,61.51],[5.396,61.51],[5.373,61.514],[5.341,61.51],[5.33,61.512],[5.318,61.511],[5.306,61.508],[5.277,61.507],[5.266,61.507],[5.265,61.503],[5.258,61.49],[5.3,61.485],[5.429,61.483],[5.44,61.461],[5.459,61.46],[5.48,61.45],[5.514,61.445],[5.513,61.441],[5.525,61.44],[5.535,61.438],[5.553,61.437],[5.552,61.427],[5.549,61.425],[5.537,61.426],[5.53,61.424],[5.513,61.423],[5.498,61.419],[5.486,61.417],[5.474,61.42],[5.443,61.417],[5.423,61.417],[5.411,61.406],[5.413,61.399],[5.418,61.395],[5.417,61.39],[5.417,61.381],[5.431,61.381],[5.452,61.376],[5.536,61.376],[5.568,61.367],[5.562,61.362],[5.557,61.361],[5.547,61.36],[5.549,61.356],[5.547,61.354],[5.557,61.347],[5.556,61.343],[5.552,61.34],[5.558,61.336],[5.562,61.326],[5.59,61.326],[5.598,61.321],[5.609,61.32],[5.617,61.321],[5.627,61.313],[5.628,61.307],[5.637,61.307],[5.652,61.299],[5.65,61.295],[5.652,61.291],[5.661,61.289],[5.67,61.289],[5.68,61.292],[5.695,61.291],[5.696,61.285],[5.69,61.281],[5.694,61.28],[5.693,61.277],[5.683,61.269],[5.698,61.263],[5.702,61.261],[5.716,61.263],[5.722,61.261],[5.726,61.255],[5.732,61.252],[5.73,61.246],[5.741,61.244],[5.776,61.242],[5.789,61.24],[5.788,61.238],[5.799,61.235],[5.805,61.238],[5.815,61.241],[5.832,61.24],[5.835,61.245],[5.841,61.252],[5.849,61.25],[5.861,61.248],[5.865,61.253],[5.869,61.255],[5.873,61.262],[5.873,61.268],[5.88,61.266],[5.908,61.274],[5.918,61.286],[5.999,61.288],[6.057,61.284],[6.098,61.291],[6.147,61.291],[6.144,61.281],[6.176,61.263],[6.198,61.276],[6.211,61.282],[6.218,61.286],[6.222,61.286],[6.232,61.291],[6.254,61.293],[6.258,61.293],[6.271,61.292],[6.284,61.295],[6.292,61.297],[6.299,61.295],[6.308,61.298],[6.315,61.296],[6.336,61.297],[6.345,61.3],[6.37,61.312],[6.389,61.318],[6.408,61.321],[6.415,61.337],[6.413,61.34],[6.425,61.342],[6.451,61.36],[6.464,61.363],[6.468,61.369],[6.479,61.375],[6.479,61.381],[6.486,61.383],[6.49,61.388],[6.494,61.392],[6.502,61.396],[6.504,61.401],[6.516,61.406],[6.529,61.414],[6.542,61.419],[6.554,61.426],[6.568,61.43],[6.58,61.429],[6.593,61.43],[6.601,61.437],[6.615,61.442],[6.63,61.446],[6.643,61.455],[6.642,61.46],[6.681,61.476],[6.692,61.487],[6.696,61.493],[6.712,61.499],[6.717,61.506],[6.733,61.535],[6.765,61.555],[6.809,61.57],[6.806,61.584],[6.854,61.609],[6.78,61.641],[6.779,61.652],[6.781,61.657],[6.779,61.661],[6.744,61.664],[6.736,61.667],[6.735,61.67],[6.739,61.685],[6.734,61.693],[6.719,61.702],[6.705,61.696],[6.69,61.678],[6.656,61.662],[6.651,61.66],[6.631,61.656],[6.623,61.656],[6.603,61.652],[6.606,61.649],[6.604,61.646],[6.595,61.644],[6.595,61.64],[6.584,61.638],[6.581,61.636],[6.574,61.637],[6.563,61.635],[6.56,61.636],[6.544,61.645],[6.538,61.652],[6.526,61.65],[6.513,61.65],[6.473,61.651],[6.442,61.646],[6.425,61.647],[6.4,61.641],[6.405,61.636],[6.375,61.602],[6.357,61.605],[6.352,61.604],[6.337,61.607],[6.325,61.611],[6.318,61.613],[6.328,61.62],[6.333,61.625],[6.331,61.629],[6.326,61.632],[6.313,61.636],[6.308,61.64],[6.309,61.645],[6.287,61.645],[6.281,61.646],[6.263,61.639],[6.247,61.638],[6.235,61.639],[6.218,61.643],[6.207,61.649],[6.192,61.649],[6.186,61.648],[6.147,61.646],[6.127,61.646],[6.124,61.641],[6.116,61.638],[6.09,61.637],[6.088,61.635],[6.074,61.633],[6.064,61.633],[6.029,61.639],[5.995,61.64],[5.988,61.641],[5.971,61.641],[5.958,61.633],[5.931,61.627],[5.905,61.621],[5.871,61.615],[5.835,61.62],[5.802,61.612],[5.782,61.61],[5.77,61.6],[5.764,61.595],[5.747,61.592],[5.733,61.587],[5.716,61.586]]]}},{"type":"Feature","properties":{"id":10150612,"maakond_id":612,"name":"Sogndal","bbox":[6.252,61.09,7.43,61.57]},"geometry":{"type":"Polygon","coordinates":[[[6.341,61.097],[6.37,61.09],[6.484,61.099],[6.513,61.113],[6.568,61.126],[6.584,61.149],[6.589,61.188],[6.654,61.191],[6.71,61.167],[6.835,61.164],[6.877,61.157],[6.906,61.135],[6.917,61.102],[6.961,61.099],[6.999,61.092],[7.037,61.119],[7.201,61.132],[7.212,61.153],[7.25,61.159],[7.333,61.139],[7.36,61.154],[7.415,61.17],[7.43,61.183],[7.395,61.182],[7.364,61.182],[7.36,61.183],[7.351,61.189],[7.334,61.197],[7.323,61.205],[7.311,61.228],[7.304,61.248],[7.256,61.266],[7.222,61.278],[7.214,61.284],[7.189,61.273],[7.182,61.272],[7.186,61.28],[7.177,61.286],[7.162,61.289],[7.148,61.289],[7.138,61.29],[7.122,61.293],[7.112,61.289],[7.082,61.294],[7.068,61.308],[7.063,61.309],[7.052,61.309],[7.044,61.312],[7.03,61.325],[7.026,61.34],[7.016,61.351],[7.01,61.353],[6.947,61.372],[6.944,61.377],[6.947,61.382],[6.944,61.385],[6.944,61.389],[6.951,61.397],[6.951,61.401],[6.958,61.406],[6.957,61.408],[6.939,61.411],[6.935,61.41],[6.909,61.412],[6.892,61.41],[6.874,61.413],[6.884,61.426],[6.899,61.43],[6.9,61.439],[6.897,61.442],[6.893,61.454],[6.891,61.479],[6.899,61.483],[6.887,61.5],[6.868,61.51],[6.866,61.517],[6.87,61.533],[6.82,61.543],[6.809,61.57],[6.765,61.555],[6.733,61.535],[6.717,61.506],[6.712,61.499],[6.696,61.493],[6.692,61.487],[6.681,61.476],[6.642,61.46],[6.643,61.455],[6.63,61.446],[6.615,61.442],[6.601,61.437],[6.593,61.43],[6.58,61.429],[6.568,61.43],[6.554,61.426],[6.542,61.419],[6.529,61.414],[6.516,61.406],[6.504,61.401],[6.502,61.396],[6.494,61.392],[6.49,61.388],[6.486,61.383],[6.479,61.381],[6.479,61.375],[6.468,61.369],[6.464,61.363],[6.451,61.36],[6.425,61.342],[6.413,61.34],[6.415,61.337],[6.408,61.321],[6.389,61.318],[6.37,61.312],[6.345,61.3],[6.336,61.297],[6.339,61.293],[6.337,61.291],[6.34,61.285],[6.346,61.284],[6.346,61.278],[6.357,61.275],[6.374,61.266],[6.387,61.263],[6.392,61.261],[6.401,61.26],[6.405,61.256],[6.411,61.256],[6.404,61.249],[6.388,61.239],[6.379,61.242],[6.365,61.237],[6.335,61.242],[6.325,61.242],[6.312,61.24],[6.304,61.237],[6.258,61.232],[6.252,61.231],[6.257,61.225],[6.256,61.22],[6.284,61.221],[6.411,61.194],[6.396,61.175],[6.378,61.166],[6.373,61.162],[6.365,61.153],[6.372,61.149],[6.383,61.148],[6.38,61.145],[6.38,61.139],[6.378,61.133],[6.373,61.13],[6.372,61.119],[6.359,61.114],[6.341,61.097]]]}},{"type":"Feature","properties":{"id":10150615,"maakond_id":612,"name":"Voss","bbox":[5.844,60.415,6.986,60.96]},"geometry":{"type":"Polygon","coordinates":[[[6.079,60.525],[6.084,60.52],[6.09,60.517],[6.095,60.517],[6.104,60.52],[6.115,60.521],[6.138,60.525],[6.162,60.531],[6.177,60.529],[6.191,60.524],[6.204,60.523],[6.208,60.524],[6.211,60.532],[6.224,60.532],[6.242,60.53],[6.248,60.534],[6.263,60.527],[6.255,60.522],[6.262,60.515],[6.261,60.509],[6.27,60.504],[6.293,60.502],[6.325,60.504],[6.358,60.507],[6.371,60.509],[6.384,60.492],[6.381,60.488],[6.401,60.482],[6.401,60.471],[6.409,60.467],[6.447,60.478],[6.46,60.468],[6.47,60.47],[6.482,60.47],[6.5,60.476],[6.526,60.467],[6.514,60.458],[6.505,60.455],[6.491,60.455],[6.496,60.452],[6.492,60.449],[6.511,60.431],[6.551,60.445],[6.606,60.445],[6.664,60.422],[6.698,60.415],[6.735,60.437],[6.784,60.459],[6.804,60.468],[6.792,60.479],[6.788,60.488],[6.757,60.488],[6.773,60.5],[6.779,60.504],[6.788,60.506],[6.795,60.51],[6.806,60.512],[6.813,60.515],[6.812,60.539],[6.814,60.548],[6.82,60.551],[6.816,60.56],[6.822,60.566],[6.828,60.569],[6.83,60.577],[6.822,60.585],[6.811,60.59],[6.818,60.593],[6.823,60.593],[6.831,60.595],[6.842,60.594],[6.843,60.598],[6.828,60.6],[6.828,60.604],[6.819,60.608],[6.815,60.611],[6.841,60.621],[6.836,60.627],[6.851,60.632],[6.854,60.646],[6.856,60.648],[6.856,60.654],[6.863,60.66],[6.851,60.664],[6.838,60.672],[6.839,60.675],[6.902,60.68],[6.917,60.678],[6.926,60.691],[6.934,60.702],[6.938,60.702],[6.946,60.699],[6.949,60.712],[6.956,60.722],[6.964,60.728],[6.966,60.736],[6.965,60.74],[6.986,60.741],[6.982,60.748],[6.977,60.763],[6.981,60.769],[6.922,60.775],[6.903,60.77],[6.888,60.77],[6.871,60.768],[6.88,60.777],[6.883,60.786],[6.891,60.799],[6.891,60.804],[6.895,60.816],[6.88,60.826],[6.935,60.827],[6.949,60.841],[6.912,60.848],[6.881,60.854],[6.864,60.856],[6.831,60.837],[6.808,60.837],[6.798,60.834],[6.784,60.831],[6.768,60.834],[6.76,60.834],[6.754,60.837],[6.745,60.834],[6.729,60.839],[6.724,60.843],[6.721,60.853],[6.734,60.854],[6.735,60.858],[6.742,60.862],[6.749,60.871],[6.754,60.872],[6.754,60.876],[6.762,60.879],[6.774,60.88],[6.795,60.885],[6.801,60.888],[6.82,60.892],[6.826,60.896],[6.826,60.901],[6.823,60.912],[6.805,60.914],[6.809,60.92],[6.801,60.923],[6.794,60.923],[6.779,60.915],[6.771,60.911],[6.757,60.909],[6.751,60.91],[6.75,60.915],[6.746,60.923],[6.75,60.931],[6.75,60.934],[6.727,60.931],[6.72,60.929],[6.71,60.937],[6.709,60.944],[6.703,60.949],[6.696,60.951],[6.694,60.956],[6.69,60.957],[6.657,60.96],[6.667,60.934],[6.657,60.926],[6.64,60.92],[6.601,60.917],[6.594,60.91],[6.572,60.895],[6.542,60.892],[6.522,60.904],[6.5,60.91],[6.504,60.916],[6.513,60.922],[6.506,60.928],[6.504,60.936],[6.5,60.945],[6.491,60.947],[6.479,60.947],[6.47,60.941],[6.461,60.932],[6.448,60.925],[6.439,60.923],[6.427,60.923],[6.414,60.924],[6.387,60.929],[6.347,60.904],[6.329,60.895],[6.304,60.881],[6.284,60.855],[6.314,60.84],[6.309,60.829],[6.314,60.823],[6.306,60.82],[6.311,60.816],[6.3,60.815],[6.297,60.816],[6.301,60.821],[6.286,60.821],[6.248,60.808],[6.23,60.805],[6.224,60.803],[6.223,60.794],[6.212,60.785],[6.227,60.766],[6.212,60.766],[6.205,60.769],[6.186,60.788],[6.174,60.779],[6.169,60.773],[6.143,60.77],[6.137,60.768],[6.113,60.764],[6.101,60.766],[6.096,60.762],[6.097,60.757],[6.093,60.753],[6.076,60.741],[6.057,60.741],[6.061,60.729],[6.052,60.717],[6.044,60.717],[6.025,60.732],[6.02,60.739],[6.014,60.741],[6.014,60.75],[5.995,60.75],[5.991,60.748],[5.984,60.741],[5.96,60.738],[5.945,60.736],[5.925,60.734],[5.922,60.728],[5.905,60.72],[5.905,60.708],[5.902,60.7],[5.899,60.691],[5.891,60.677],[5.881,60.667],[5.877,60.665],[5.869,60.663],[5.863,60.656],[5.848,60.656],[5.846,60.653],[5.848,60.644],[5.844,60.639],[5.87,60.629],[5.874,60.629],[5.888,60.63],[5.893,60.632],[5.899,60.63],[5.909,60.632],[5.9,60.624],[5.902,60.621],[5.9,60.618],[5.901,60.614],[5.907,60.612],[5.904,60.609],[5.904,60.602],[5.93,60.59],[5.936,60.591],[5.947,60.588],[5.973,60.575],[5.991,60.578],[5.997,60.583],[6.005,60.582],[6.012,60.585],[6.019,60.583],[6.03,60.584],[6.04,60.585],[6.044,60.583],[6.055,60.583],[6.077,60.589],[6.078,60.571],[6.078,60.559],[6.075,60.554],[6.08,60.539],[6.08,60.537],[6.073,60.534],[6.079,60.528],[6.079,60.525]]]}},{"type":"Feature","properties":{"id":10150624,"maakond_id":612,"name":"Alver","bbox":[4.777,60.495,5.713,60.852]},"geometry":{"type":"Polygon","coordinates":[[[5.237,60.495],[5.263,60.515],[5.261,60.524],[5.288,60.533],[5.317,60.536],[5.327,60.549],[5.351,60.556],[5.385,60.559],[5.509,60.621],[5.554,60.622],[5.573,60.628],[5.596,60.646],[5.61,60.661],[5.604,60.666],[5.616,60.676],[5.605,60.684],[5.604,60.692],[5.606,60.697],[5.651,60.716],[5.668,60.725],[5.677,60.737],[5.67,60.74],[5.663,60.739],[5.65,60.76],[5.664,60.763],[5.666,60.77],[5.674,60.781],[5.685,60.792],[5.696,60.798],[5.709,60.806],[5.712,60.814],[5.713,60.821],[5.709,60.831],[5.708,60.844],[5.711,60.849],[5.704,60.852],[5.692,60.85],[5.683,60.845],[5.678,60.844],[5.673,60.848],[5.644,60.828],[5.628,60.827],[5.619,60.822],[5.61,60.82],[5.605,60.813],[5.563,60.788],[5.548,60.79],[5.512,60.797],[5.503,60.794],[5.502,60.789],[5.477,60.78],[5.476,60.776],[5.479,60.769],[5.488,60.764],[5.494,60.758],[5.477,60.758],[5.478,60.754],[5.495,60.741],[5.493,60.738],[5.493,60.722],[5.484,60.722],[5.475,60.714],[5.463,60.712],[5.449,60.708],[5.438,60.711],[5.424,60.706],[5.408,60.703],[5.355,60.731],[5.289,60.745],[5.11,60.806],[5.048,60.829],[4.952,60.84],[4.952,60.826],[4.995,60.818],[5.016,60.816],[5.018,60.811],[5.015,60.802],[5.024,60.801],[5.037,60.799],[5.047,60.797],[5.039,60.795],[5.029,60.791],[5.025,60.791],[5.019,60.785],[4.996,60.795],[4.989,60.792],[4.99,60.789],[4.996,60.784],[4.996,60.782],[5.024,60.767],[5.045,60.756],[5.025,60.751],[5.039,60.731],[5.012,60.732],[4.963,60.73],[4.922,60.746],[4.878,60.755],[4.791,60.764],[4.777,60.734],[4.898,60.632],[4.93,60.627],[4.946,60.604],[4.961,60.598],[4.958,60.588],[4.975,60.589],[4.995,60.578],[4.982,60.561],[4.998,60.552],[5.037,60.539],[5.099,60.53],[5.237,60.495]]]}},{"type":"Feature","properties":{"id":10150629,"maakond_id":612,"name":"Øygarden","bbox":[4.266,60.104,5.238,60.741]},"geometry":{"type":"Polygon","coordinates":[[[4.777,60.734],[4.661,60.741],[4.53,60.723],[4.266,60.688],[4.331,60.571],[4.363,60.513],[4.427,60.395],[4.494,60.272],[4.526,60.17],[4.547,60.104],[4.699,60.118],[4.957,60.141],[5.053,60.149],[5.117,60.158],[5.21,60.189],[5.209,60.202],[5.238,60.23],[5.227,60.238],[5.227,60.248],[5.233,60.255],[5.221,60.259],[5.202,60.251],[5.156,60.254],[5.145,60.264],[5.161,60.275],[5.188,60.274],[5.19,60.289],[5.203,60.321],[5.191,60.336],[5.172,60.341],[5.169,60.367],[5.166,60.373],[5.17,60.382],[5.147,60.4],[5.123,60.4],[5.1,60.414],[5.057,60.412],[4.997,60.476],[4.976,60.509],[4.922,60.55],[4.901,60.595],[4.898,60.632],[4.777,60.734]]]}},{"type":"Feature","properties":{"id":10150641,"maakond_id":612,"name":"Bjørnafjorden","bbox":[5.253,60.034,5.961,60.351]},"geometry":{"type":"Polygon","coordinates":[[[5.708,60.039],[5.717,60.041],[5.727,60.047],[5.734,60.048],[5.74,60.045],[5.753,60.043],[5.755,60.037],[5.759,60.034],[5.771,60.039],[5.785,60.035],[5.797,60.041],[5.803,60.04],[5.806,60.045],[5.81,60.047],[5.817,60.053],[5.819,60.057],[5.824,60.061],[5.832,60.057],[5.835,60.061],[5.825,60.065],[5.838,60.074],[5.842,60.077],[5.86,60.089],[5.86,60.091],[5.872,60.1],[5.873,60.102],[5.858,60.113],[5.855,60.121],[5.856,60.127],[5.862,60.132],[5.863,60.138],[5.867,60.14],[5.86,60.156],[5.863,60.157],[5.862,60.162],[5.857,60.172],[5.863,60.176],[5.882,60.184],[5.89,60.19],[5.903,60.192],[5.921,60.199],[5.923,60.202],[5.913,60.207],[5.913,60.212],[5.92,60.22],[5.929,60.226],[5.933,60.233],[5.932,60.236],[5.936,60.239],[5.943,60.249],[5.946,60.256],[5.958,60.263],[5.961,60.266],[5.961,60.273],[5.958,60.279],[5.959,60.294],[5.947,60.305],[5.944,60.309],[5.932,60.317],[5.908,60.325],[5.889,60.325],[5.843,60.326],[5.835,60.329],[5.813,60.325],[5.794,60.325],[5.786,60.329],[5.78,60.329],[5.77,60.323],[5.764,60.325],[5.764,60.344],[5.747,60.351],[5.741,60.351],[5.737,60.348],[5.733,60.341],[5.732,60.334],[5.722,60.326],[5.702,60.323],[5.694,60.324],[5.689,60.33],[5.677,60.326],[5.671,60.322],[5.666,60.315],[5.652,60.315],[5.64,60.316],[5.627,60.286],[5.598,60.291],[5.582,60.287],[5.571,60.289],[5.574,60.296],[5.574,60.3],[5.585,60.307],[5.585,60.31],[5.582,60.317],[5.583,60.325],[5.585,60.328],[5.576,60.33],[5.565,60.328],[5.557,60.326],[5.543,60.317],[5.543,60.31],[5.53,60.298],[5.525,60.297],[5.527,60.287],[5.521,60.28],[5.502,60.285],[5.503,60.287],[5.491,60.289],[5.475,60.273],[5.466,60.265],[5.457,60.262],[5.447,60.256],[5.439,60.256],[5.423,60.244],[5.421,60.25],[5.407,60.244],[5.397,60.243],[5.387,60.238],[5.382,60.232],[5.372,60.226],[5.365,60.225],[5.365,60.222],[5.349,60.225],[5.344,60.224],[5.342,60.221],[5.333,60.222],[5.325,60.219],[5.321,60.209],[5.253,60.176],[5.332,60.107],[5.485,60.111],[5.52,60.124],[5.575,60.111],[5.653,60.114],[5.704,60.091],[5.71,60.055],[5.705,60.051],[5.704,60.047],[5.708,60.039]]]}},{"type":"Feature","properties":{"id":10150643,"maakond_id":612,"name":"Ullensvang","bbox":[6.027,59.694,7.488,60.459]},"geometry":{"type":"Polygon","coordinates":[[[6.027,60.194],[6.076,60.163],[6.112,60.126],[6.157,60.118],[6.159,60.117],[6.17,60.119],[6.192,60.121],[6.206,60.136],[6.204,60.14],[6.202,60.146],[6.194,60.147],[6.202,60.157],[6.203,60.161],[6.209,60.162],[6.215,60.168],[6.216,60.171],[6.227,60.173],[6.229,60.178],[6.234,60.181],[6.279,60.208],[6.294,60.207],[6.306,60.21],[6.317,60.209],[6.32,60.211],[6.327,60.207],[6.34,60.207],[6.345,60.202],[6.357,60.207],[6.357,60.21],[6.364,60.21],[6.372,60.213],[6.377,60.212],[6.404,60.215],[6.409,60.217],[6.415,60.217],[6.474,60.209],[6.455,60.189],[6.483,60.17],[6.468,60.113],[6.452,60.102],[6.438,60.093],[6.391,60.066],[6.35,60.032],[6.332,60.018],[6.409,59.988],[6.424,59.981],[6.437,59.972],[6.449,59.96],[6.457,59.955],[6.465,59.952],[6.479,59.948],[6.493,59.936],[6.496,59.928],[6.5,59.923],[6.494,59.919],[6.493,59.916],[6.495,59.912],[6.507,59.905],[6.507,59.9],[6.505,59.896],[6.504,59.881],[6.512,59.878],[6.512,59.871],[6.516,59.866],[6.525,59.844],[6.525,59.838],[6.538,59.843],[6.562,59.837],[6.57,59.832],[6.602,59.833],[6.61,59.834],[6.648,59.841],[6.657,59.845],[6.686,59.831],[6.685,59.83],[6.694,59.823],[6.687,59.815],[6.683,59.795],[6.678,59.793],[6.68,59.787],[6.678,59.782],[6.684,59.774],[6.69,59.769],[6.677,59.756],[6.674,59.75],[6.67,59.748],[6.669,59.742],[6.66,59.731],[6.652,59.718],[6.652,59.711],[6.657,59.702],[6.688,59.696],[6.704,59.694],[6.712,59.694],[6.739,59.7],[6.758,59.701],[6.763,59.7],[6.771,59.703],[6.774,59.708],[6.782,59.71],[6.791,59.714],[6.801,59.717],[6.816,59.723],[6.917,59.752],[6.977,59.772],[7.096,59.783],[7.145,59.812],[7.142,59.822],[7.15,59.827],[7.158,59.828],[7.161,59.832],[7.16,59.836],[7.153,59.84],[7.155,59.846],[7.146,59.847],[7.141,59.854],[7.148,59.859],[7.154,59.863],[7.158,59.869],[7.151,59.875],[7.147,59.88],[7.15,59.884],[7.168,59.903],[7.185,59.919],[7.226,59.956],[7.233,59.963],[7.259,59.976],[7.263,59.982],[7.268,59.984],[7.276,59.985],[7.285,59.988],[7.294,59.987],[7.307,59.988],[7.32,59.986],[7.352,59.996],[7.376,60],[7.388,60.004],[7.436,60.019],[7.443,60.057],[7.453,60.067],[7.488,60.099],[7.461,60.107],[7.448,60.114],[7.371,60.124],[7.33,60.125],[7.276,60.129],[7.223,60.134],[7.237,60.159],[7.226,60.188],[7.225,60.193],[7.217,60.194],[7.184,60.201],[7.168,60.213],[7.162,60.219],[7.18,60.235],[7.177,60.238],[7.167,60.244],[7.164,60.25],[7.166,60.26],[7.191,60.256],[7.201,60.256],[7.216,60.257],[7.246,60.251],[7.244,60.268],[7.235,60.272],[7.217,60.275],[7.209,60.274],[7.186,60.276],[7.184,60.277],[7.137,60.293],[7.12,60.315],[7.106,60.323],[7.117,60.329],[7.12,60.338],[7.124,60.339],[7.119,60.349],[7.116,60.353],[7.095,60.354],[7.079,60.347],[7.061,60.348],[6.982,60.348],[6.982,60.355],[6.98,60.363],[6.982,60.368],[7.013,60.373],[7.016,60.378],[7.021,60.382],[7.019,60.389],[7.038,60.409],[7.017,60.416],[7.01,60.417],[6.957,60.415],[6.927,60.414],[6.915,60.415],[6.896,60.432],[6.892,60.438],[6.88,60.438],[6.863,60.443],[6.848,60.439],[6.846,60.443],[6.838,60.447],[6.828,60.448],[6.82,60.451],[6.815,60.455],[6.784,60.459],[6.735,60.437],[6.698,60.415],[6.664,60.422],[6.606,60.445],[6.551,60.445],[6.511,60.431],[6.432,60.397],[6.383,60.391],[6.317,60.376],[6.315,60.353],[6.2,60.299],[6.217,60.282],[6.165,60.231],[6.107,60.235],[6.062,60.226],[6.027,60.194]]]}},{"type":"Feature","properties":{"id":10150658,"maakond_id":602,"name":"Stavanger","bbox":[5.499,58.885,6.131,59.312]},"geometry":{"type":"Polygon","coordinates":[[[6.083,59.312],[5.902,59.309],[5.767,59.304],[5.692,59.228],[5.645,59.209],[5.538,59.166],[5.499,59.128],[5.545,59.072],[5.626,59.028],[5.683,59.014],[5.671,59.002],[5.653,58.996],[5.647,58.99],[5.649,58.988],[5.659,58.983],[5.663,58.978],[5.663,58.974],[5.65,58.974],[5.642,58.972],[5.623,58.977],[5.621,58.979],[5.607,58.976],[5.591,58.978],[5.566,58.97],[5.584,58.966],[5.595,58.961],[5.608,58.96],[5.614,58.956],[5.619,58.946],[5.63,58.941],[5.633,58.933],[5.646,58.927],[5.664,58.928],[5.682,58.933],[5.689,58.938],[5.695,58.933],[5.703,58.934],[5.682,58.914],[5.696,58.905],[5.696,58.895],[5.725,58.889],[5.727,58.889],[5.749,58.885],[5.758,58.885],[5.78,58.946],[5.807,58.967],[5.839,58.969],[5.863,58.987],[5.785,59.033],[5.791,59.046],[5.784,59.06],[5.841,59.071],[5.943,59.121],[5.984,59.135],[6.015,59.162],[5.991,59.177],[5.978,59.179],[5.978,59.182],[5.998,59.193],[5.956,59.211],[5.952,59.218],[6.131,59.249],[6.126,59.267],[6.09,59.297],[6.083,59.312]]]}},{"type":"Feature","properties":{"id":10150660,"maakond_id":602,"name":"Sandnes","bbox":[5.61,58.777,6.939,59.193]},"geometry":{"type":"Polygon","coordinates":[[[5.814,58.779],[5.82,58.777],[5.836,58.782],[5.842,58.782],[5.857,58.788],[5.87,58.79],[5.876,58.793],[5.887,58.798],[5.902,58.801],[5.935,58.803],[5.941,58.805],[5.945,58.811],[5.958,58.817],[5.972,58.82],[5.976,58.816],[5.981,58.814],[5.982,58.81],[5.991,58.813],[5.99,58.818],[5.993,58.826],[6.001,58.833],[6.015,58.84],[6.02,58.844],[6.029,58.848],[6.046,58.852],[6.051,58.854],[6.071,58.849],[6.09,58.864],[6.1,58.865],[6.114,58.869],[6.166,58.844],[6.21,58.847],[6.211,58.851],[6.205,58.858],[6.244,58.86],[6.247,58.864],[6.254,58.867],[6.286,58.876],[6.292,58.875],[6.297,58.879],[6.297,58.884],[6.313,58.883],[6.348,58.886],[6.373,58.892],[6.383,58.896],[6.419,58.897],[6.426,58.903],[6.436,58.904],[6.439,58.907],[6.498,58.927],[6.499,58.93],[6.526,58.944],[6.539,58.949],[6.547,58.977],[6.568,58.981],[6.593,58.986],[6.621,58.99],[6.666,58.985],[6.703,58.994],[6.706,59.002],[6.725,59.015],[6.757,59.032],[6.781,59.04],[6.788,59.053],[6.885,59.103],[6.904,59.113],[6.9,59.115],[6.899,59.127],[6.902,59.13],[6.888,59.141],[6.88,59.141],[6.881,59.145],[6.886,59.147],[6.885,59.15],[6.892,59.153],[6.892,59.154],[6.898,59.159],[6.91,59.16],[6.925,59.166],[6.922,59.169],[6.922,59.175],[6.93,59.176],[6.939,59.182],[6.904,59.186],[6.897,59.185],[6.854,59.183],[6.848,59.183],[6.838,59.193],[6.819,59.181],[6.799,59.176],[6.753,59.172],[6.731,59.173],[6.72,59.176],[6.668,59.179],[6.659,59.185],[6.65,59.182],[6.633,59.174],[6.631,59.171],[6.616,59.169],[6.615,59.166],[6.62,59.159],[6.615,59.151],[6.611,59.149],[6.602,59.148],[6.598,59.145],[6.586,59.139],[6.571,59.141],[6.561,59.122],[6.557,59.111],[6.558,59.108],[6.548,59.102],[6.548,59.098],[6.54,59.097],[6.523,59.092],[6.508,59.091],[6.485,59.09],[6.481,59.091],[6.47,59.086],[6.452,59.083],[6.442,59.083],[6.432,59.082],[6.429,59.087],[6.421,59.09],[6.412,59.087],[6.399,59.09],[6.392,59.091],[6.378,59.089],[6.366,59.088],[6.357,59.084],[6.336,59.082],[6.305,59.076],[6.31,59.068],[6.301,59.057],[6.28,59.056],[6.278,59.053],[6.279,59.049],[6.265,59.047],[6.258,59.044],[6.244,59.045],[6.232,59.045],[6.229,59.041],[6.222,59.037],[6.226,59.013],[6.229,59.008],[6.233,59.004],[6.249,58.998],[6.202,58.98],[6.125,58.949],[6.102,58.936],[6.104,58.929],[6.098,58.924],[6.074,58.896],[5.972,58.957],[5.863,58.987],[5.839,58.969],[5.807,58.967],[5.78,58.946],[5.758,58.885],[5.749,58.885],[5.727,58.889],[5.725,58.889],[5.696,58.895],[5.696,58.887],[5.689,58.887],[5.688,58.882],[5.683,58.876],[5.67,58.876],[5.67,58.868],[5.671,58.861],[5.657,58.857],[5.651,58.853],[5.644,58.851],[5.633,58.849],[5.628,58.842],[5.615,58.837],[5.613,58.83],[5.61,58.828],[5.618,58.824],[5.621,58.825],[5.638,58.824],[5.644,58.815],[5.65,58.812],[5.665,58.812],[5.669,58.805],[5.686,58.805],[5.691,58.802],[5.699,58.803],[5.701,58.798],[5.71,58.802],[5.723,58.803],[5.729,58.8],[5.737,58.799],[5.752,58.802],[5.755,58.799],[5.766,58.797],[5.765,58.786],[5.782,58.789],[5.792,58.789],[5.805,58.782],[5.814,58.779]]]}},{"type":"Feature","properties":{"id":10152428,"maakond_id":611,"name":"Lyngdal","bbox":[6.772,57.788,7.532,58.516]},"geometry":{"type":"Polygon","coordinates":[[[7.379,58.514],[7.373,58.507],[7.368,58.498],[7.361,58.49],[7.356,58.491],[7.349,58.485],[7.348,58.481],[7.354,58.475],[7.364,58.461],[7.365,58.458],[7.37,58.453],[7.349,58.449],[7.326,58.441],[7.312,58.439],[7.307,58.437],[7.324,58.421],[7.311,58.42],[7.315,58.414],[7.314,58.411],[7.32,58.391],[7.325,58.393],[7.328,58.386],[7.327,58.382],[7.319,58.378],[7.315,58.373],[7.305,58.369],[7.31,58.352],[7.314,58.34],[7.307,58.339],[7.29,58.337],[7.289,58.332],[7.284,58.328],[7.295,58.318],[7.299,58.312],[7.287,58.308],[7.271,58.31],[7.264,58.309],[7.252,58.304],[7.244,58.302],[7.216,58.299],[7.204,58.298],[7.204,58.3],[7.209,58.304],[7.214,58.31],[7.213,58.313],[7.208,58.314],[7.205,58.311],[7.192,58.308],[7.175,58.302],[7.152,58.288],[7.139,58.282],[7.128,58.276],[7.105,58.279],[7.101,58.28],[7.089,58.279],[7.07,58.28],[7.062,58.276],[7.061,58.273],[7.04,58.263],[7.057,58.256],[7.055,58.251],[7.044,58.239],[7.018,58.245],[7.014,58.24],[6.985,58.234],[6.981,58.231],[6.97,58.231],[6.962,58.233],[6.955,58.237],[6.935,58.234],[6.932,58.232],[6.916,58.228],[6.897,58.22],[6.911,58.211],[6.922,58.207],[6.92,58.205],[6.923,58.2],[6.928,58.201],[6.933,58.194],[6.927,58.187],[6.927,58.178],[6.918,58.176],[6.915,58.178],[6.906,58.179],[6.894,58.178],[6.889,58.173],[6.893,58.169],[6.886,58.164],[6.886,58.161],[6.883,58.157],[6.871,58.155],[6.867,58.151],[6.868,58.145],[6.887,58.132],[6.939,58.126],[6.938,58.122],[6.934,58.119],[6.94,58.108],[6.958,58.109],[6.955,58.104],[6.967,58.104],[6.975,58.102],[6.991,58.104],[6.991,58.094],[7.001,58.09],[6.996,58.087],[6.989,58.085],[6.978,58.08],[6.975,58.078],[6.991,58.07],[6.982,58.057],[6.915,58.003],[6.867,57.942],[6.772,57.819],[6.863,57.799],[6.895,57.793],[6.911,57.791],[6.935,57.788],[6.982,57.908],[7.012,57.983],[7.029,58.012],[7.033,58.034],[7.082,58.057],[7.11,58.062],[7.115,58.069],[7.143,58.071],[7.156,58.077],[7.166,58.094],[7.166,58.102],[7.183,58.11],[7.185,58.12],[7.192,58.119],[7.205,58.122],[7.213,58.127],[7.218,58.129],[7.228,58.137],[7.234,58.139],[7.238,58.146],[7.238,58.157],[7.237,58.166],[7.24,58.171],[7.248,58.192],[7.246,58.199],[7.238,58.21],[7.237,58.217],[7.243,58.219],[7.254,58.233],[7.262,58.236],[7.287,58.242],[7.321,58.248],[7.335,58.251],[7.335,58.243],[7.331,58.234],[7.34,58.231],[7.368,58.227],[7.383,58.231],[7.4,58.228],[7.403,58.234],[7.402,58.238],[7.413,58.239],[7.415,58.245],[7.424,58.252],[7.428,58.257],[7.429,58.262],[7.423,58.266],[7.424,58.275],[7.426,58.28],[7.409,58.284],[7.386,58.288],[7.391,58.3],[7.405,58.303],[7.414,58.306],[7.427,58.307],[7.425,58.312],[7.42,58.313],[7.424,58.316],[7.423,58.32],[7.429,58.326],[7.421,58.333],[7.44,58.34],[7.429,58.354],[7.43,58.36],[7.424,58.368],[7.421,58.371],[7.424,58.374],[7.42,58.376],[7.423,58.384],[7.445,58.382],[7.448,58.385],[7.45,58.391],[7.452,58.393],[7.451,58.397],[7.46,58.407],[7.467,58.411],[7.485,58.414],[7.496,58.418],[7.494,58.42],[7.496,58.438],[7.494,58.446],[7.488,58.448],[7.484,58.451],[7.479,58.452],[7.475,58.45],[7.47,58.455],[7.474,58.457],[7.494,58.463],[7.502,58.466],[7.532,58.473],[7.522,58.481],[7.524,58.489],[7.527,58.49],[7.523,58.498],[7.521,58.511],[7.519,58.516],[7.514,58.514],[7.483,58.511],[7.469,58.51],[7.465,58.508],[7.451,58.499],[7.445,58.494],[7.439,58.492],[7.44,58.489],[7.429,58.489],[7.425,58.494],[7.412,58.491],[7.402,58.492],[7.387,58.508],[7.382,58.51],[7.379,58.514]]]}},{"type":"Feature","properties":{"id":10152440,"maakond_id":611,"name":"Kristiansand","bbox":[7.527,57.802,8.372,58.369]},"geometry":{"type":"Polygon","coordinates":[[[7.879,57.802],[8.009,57.831],[8.163,57.865],[8.178,57.869],[8.353,57.912],[8.372,57.917],[8.264,58.037],[8.208,58.099],[8.18,58.106],[8.197,58.126],[8.202,58.137],[8.193,58.138],[8.19,58.142],[8.16,58.147],[8.162,58.152],[8.155,58.161],[8.157,58.166],[8.148,58.167],[8.145,58.17],[8.149,58.177],[8.152,58.18],[8.158,58.19],[8.179,58.199],[8.187,58.202],[8.189,58.213],[8.193,58.221],[8.194,58.229],[8.205,58.239],[8.21,58.242],[8.202,58.245],[8.184,58.251],[8.157,58.258],[8.163,58.262],[8.167,58.267],[8.173,58.27],[8.172,58.275],[8.161,58.279],[8.147,58.285],[8.115,58.271],[8.112,58.273],[8.103,58.284],[8.091,58.282],[8.067,58.282],[8.042,58.282],[8.026,58.277],[8.033,58.276],[8.04,58.273],[8.024,58.274],[8.014,58.272],[8.026,58.264],[8.018,58.261],[8.01,58.26],[8.01,58.254],[7.997,58.253],[7.99,58.251],[7.989,58.243],[7.986,58.233],[7.987,58.229],[7.977,58.222],[7.974,58.217],[7.95,58.221],[7.934,58.222],[7.937,58.225],[7.931,58.232],[7.918,58.237],[7.908,58.239],[7.903,58.242],[7.896,58.25],[7.885,58.248],[7.859,58.239],[7.839,58.245],[7.833,58.25],[7.794,58.252],[7.791,58.231],[7.786,58.23],[7.785,58.225],[7.774,58.219],[7.754,58.219],[7.742,58.228],[7.732,58.237],[7.73,58.24],[7.733,58.244],[7.728,58.247],[7.728,58.251],[7.691,58.261],[7.7,58.273],[7.713,58.281],[7.717,58.285],[7.727,58.291],[7.727,58.296],[7.73,58.301],[7.727,58.302],[7.718,58.31],[7.719,58.318],[7.725,58.338],[7.71,58.336],[7.69,58.333],[7.688,58.328],[7.678,58.316],[7.657,58.317],[7.645,58.32],[7.647,58.324],[7.64,58.331],[7.639,58.335],[7.627,58.336],[7.636,58.345],[7.624,58.35],[7.631,58.364],[7.632,58.369],[7.628,58.367],[7.62,58.361],[7.611,58.357],[7.595,58.357],[7.583,58.359],[7.569,58.362],[7.561,58.347],[7.552,58.343],[7.558,58.339],[7.563,58.332],[7.565,58.328],[7.564,58.32],[7.548,58.317],[7.55,58.314],[7.542,58.31],[7.543,58.307],[7.537,58.303],[7.528,58.304],[7.527,58.299],[7.547,58.298],[7.549,58.291],[7.545,58.29],[7.545,58.287],[7.549,58.28],[7.546,58.269],[7.541,58.264],[7.563,58.265],[7.567,58.264],[7.564,58.255],[7.586,58.254],[7.6,58.252],[7.612,58.251],[7.599,58.24],[7.621,58.237],[7.63,58.235],[7.631,58.224],[7.639,58.223],[7.64,58.228],[7.644,58.233],[7.658,58.23],[7.685,58.231],[7.701,58.22],[7.735,58.209],[7.729,58.199],[7.728,58.19],[7.726,58.186],[7.716,58.183],[7.711,58.176],[7.711,58.175],[7.707,58.159],[7.706,58.142],[7.674,58.144],[7.654,58.146],[7.651,58.15],[7.641,58.149],[7.641,58.152],[7.63,58.152],[7.613,58.148],[7.612,58.14],[7.599,58.14],[7.589,58.138],[7.575,58.136],[7.586,58.129],[7.589,58.126],[7.582,58.116],[7.6,58.114],[7.628,58.108],[7.631,58.104],[7.647,58.094],[7.646,58.089],[7.641,58.081],[7.635,58.063],[7.629,58.062],[7.637,58.057],[7.647,58.056],[7.642,58.051],[7.652,58.048],[7.649,58.035],[7.673,58.032],[7.679,58.032],[7.685,58.03],[7.683,58.028],[7.686,58.026],[7.682,58.018],[7.689,58.005],[7.734,57.986],[7.783,57.925],[7.879,57.802]]]}},{"type":"Feature","properties":{"id":10152441,"maakond_id":611,"name":"Lindesnes","bbox":[6.935,57.759,7.879,58.473]},"geometry":{"type":"Polygon","coordinates":[[[7.879,57.802],[7.783,57.925],[7.734,57.986],[7.689,58.005],[7.682,58.018],[7.686,58.026],[7.683,58.028],[7.685,58.03],[7.679,58.032],[7.673,58.032],[7.649,58.035],[7.652,58.048],[7.642,58.051],[7.647,58.056],[7.637,58.057],[7.629,58.062],[7.635,58.063],[7.641,58.081],[7.646,58.089],[7.647,58.094],[7.631,58.104],[7.628,58.108],[7.6,58.114],[7.582,58.116],[7.589,58.126],[7.586,58.129],[7.575,58.136],[7.589,58.138],[7.599,58.14],[7.612,58.14],[7.613,58.148],[7.63,58.152],[7.641,58.152],[7.641,58.149],[7.651,58.15],[7.654,58.146],[7.674,58.144],[7.706,58.142],[7.707,58.159],[7.711,58.175],[7.711,58.176],[7.716,58.183],[7.726,58.186],[7.728,58.19],[7.729,58.199],[7.735,58.209],[7.701,58.22],[7.685,58.231],[7.658,58.23],[7.644,58.233],[7.64,58.228],[7.639,58.223],[7.631,58.224],[7.63,58.235],[7.621,58.237],[7.599,58.24],[7.612,58.251],[7.6,58.252],[7.586,58.254],[7.564,58.255],[7.567,58.264],[7.563,58.265],[7.541,58.264],[7.546,58.269],[7.549,58.28],[7.545,58.287],[7.545,58.29],[7.549,58.291],[7.547,58.298],[7.527,58.299],[7.528,58.304],[7.537,58.303],[7.543,58.307],[7.542,58.31],[7.55,58.314],[7.548,58.317],[7.564,58.32],[7.565,58.328],[7.563,58.332],[7.558,58.339],[7.552,58.343],[7.561,58.347],[7.569,58.362],[7.583,58.359],[7.595,58.357],[7.611,58.357],[7.62,58.361],[7.628,58.367],[7.632,58.369],[7.641,58.383],[7.643,58.39],[7.647,58.395],[7.667,58.423],[7.677,58.432],[7.691,58.442],[7.672,58.447],[7.658,58.453],[7.632,58.458],[7.623,58.458],[7.618,58.457],[7.603,58.455],[7.585,58.452],[7.578,58.45],[7.571,58.446],[7.559,58.452],[7.553,58.456],[7.544,58.465],[7.532,58.473],[7.502,58.466],[7.494,58.463],[7.474,58.457],[7.47,58.455],[7.475,58.45],[7.479,58.452],[7.484,58.451],[7.488,58.448],[7.494,58.446],[7.496,58.438],[7.494,58.42],[7.496,58.418],[7.485,58.414],[7.467,58.411],[7.46,58.407],[7.451,58.397],[7.452,58.393],[7.45,58.391],[7.448,58.385],[7.445,58.382],[7.423,58.384],[7.42,58.376],[7.424,58.374],[7.421,58.371],[7.424,58.368],[7.43,58.36],[7.429,58.354],[7.44,58.34],[7.421,58.333],[7.429,58.326],[7.423,58.32],[7.424,58.316],[7.42,58.313],[7.425,58.312],[7.427,58.307],[7.414,58.306],[7.405,58.303],[7.391,58.3],[7.386,58.288],[7.409,58.284],[7.426,58.28],[7.424,58.275],[7.423,58.266],[7.429,58.262],[7.428,58.257],[7.424,58.252],[7.415,58.245],[7.413,58.239],[7.402,58.238],[7.403,58.234],[7.4,58.228],[7.383,58.231],[7.368,58.227],[7.34,58.231],[7.331,58.234],[7.335,58.243],[7.335,58.251],[7.321,58.248],[7.287,58.242],[7.262,58.236],[7.254,58.233],[7.243,58.219],[7.237,58.217],[7.238,58.21],[7.246,58.199],[7.248,58.192],[7.24,58.171],[7.237,58.166],[7.238,58.157],[7.238,58.146],[7.234,58.139],[7.228,58.137],[7.218,58.129],[7.213,58.127],[7.205,58.122],[7.192,58.119],[7.185,58.12],[7.183,58.11],[7.166,58.102],[7.166,58.094],[7.156,58.077],[7.143,58.071],[7.115,58.069],[7.11,58.062],[7.082,58.057],[7.033,58.034],[7.029,58.012],[7.012,57.983],[6.982,57.908],[6.935,57.788],[7.125,57.766],[7.147,57.764],[7.181,57.762],[7.197,57.762],[7.258,57.762],[7.5,57.76],[7.557,57.759],[7.589,57.759],[7.606,57.76],[7.66,57.763],[7.693,57.766],[7.726,57.771],[7.77,57.778],[7.785,57.781],[7.83,57.791],[7.879,57.802]]]}},{"type":"Feature","properties":{"id":10152443,"maakond_id":610,"name":"Midt-Telemark","bbox":[8.82,59.322,9.472,59.536]},"geometry":{"type":"Polygon","coordinates":[[[9.472,59.482],[9.469,59.491],[9.443,59.492],[9.425,59.49],[9.42,59.488],[9.404,59.483],[9.378,59.483],[9.363,59.479],[9.352,59.479],[9.342,59.477],[9.325,59.476],[9.314,59.476],[9.313,59.481],[9.316,59.483],[9.303,59.5],[9.308,59.506],[9.302,59.515],[9.291,59.515],[9.273,59.509],[9.258,59.504],[9.244,59.5],[9.227,59.497],[9.221,59.506],[9.21,59.503],[9.195,59.5],[9.193,59.497],[9.198,59.494],[9.194,59.491],[9.178,59.486],[9.171,59.488],[9.159,59.498],[9.151,59.509],[9.152,59.513],[9.146,59.52],[9.123,59.534],[9.117,59.534],[9.099,59.528],[9.083,59.525],[9.075,59.525],[9.07,59.529],[9.035,59.536],[9.024,59.536],[9.005,59.535],[9.006,59.526],[9.003,59.517],[8.992,59.512],[8.976,59.508],[8.945,59.503],[8.925,59.499],[8.888,59.49],[8.903,59.488],[8.918,59.475],[8.904,59.475],[8.904,59.469],[8.901,59.465],[8.902,59.46],[8.91,59.452],[8.91,59.446],[8.905,59.445],[8.877,59.442],[8.864,59.438],[8.865,59.434],[8.854,59.434],[8.851,59.431],[8.842,59.43],[8.834,59.432],[8.826,59.429],[8.836,59.42],[8.828,59.414],[8.825,59.405],[8.82,59.395],[8.836,59.392],[8.861,59.39],[8.874,59.386],[8.866,59.375],[8.861,59.369],[8.86,59.365],[8.888,59.358],[8.882,59.352],[8.903,59.343],[8.942,59.353],[8.97,59.361],[8.979,59.363],[8.983,59.366],[9.003,59.36],[9.011,59.357],[9.035,59.366],[9.046,59.372],[9.053,59.375],[9.059,59.384],[9.072,59.383],[9.082,59.384],[9.094,59.382],[9.102,59.384],[9.113,59.38],[9.115,59.385],[9.125,59.377],[9.129,59.373],[9.127,59.364],[9.131,59.354],[9.131,59.35],[9.142,59.342],[9.153,59.344],[9.165,59.344],[9.168,59.34],[9.186,59.328],[9.202,59.326],[9.211,59.322],[9.221,59.327],[9.227,59.327],[9.23,59.329],[9.251,59.338],[9.261,59.335],[9.28,59.338],[9.287,59.339],[9.307,59.347],[9.331,59.355],[9.347,59.356],[9.378,59.35],[9.407,59.355],[9.374,59.364],[9.375,59.374],[9.38,59.378],[9.388,59.38],[9.381,59.399],[9.39,59.406],[9.392,59.416],[9.39,59.418],[9.403,59.438],[9.405,59.448],[9.404,59.46],[9.413,59.461],[9.435,59.461],[9.446,59.463],[9.46,59.471],[9.472,59.482]]]}},{"type":"Feature","properties":{"id":10152542,"maakond_id":609,"name":"Tønsberg","bbox":[10.043,59.228,10.591,59.482]},"geometry":{"type":"MultiPolygon","coordinates":[[[[10.063,59.455],[10.061,59.439],[10.062,59.425],[10.058,59.411],[10.056,59.403],[10.053,59.395],[10.048,59.392],[10.043,59.382],[10.063,59.384],[10.074,59.382],[10.091,59.384],[10.11,59.385],[10.116,59.387],[10.125,59.386],[10.129,59.383],[10.134,59.381],[10.143,59.382],[10.15,59.385],[10.153,59.379],[10.152,59.373],[10.159,59.372],[10.164,59.364],[10.173,59.363],[10.172,59.36],[10.175,59.356],[10.175,59.35],[10.19,59.352],[10.197,59.351],[10.199,59.345],[10.206,59.334],[10.213,59.33],[10.226,59.327],[10.232,59.324],[10.232,59.319],[10.229,59.314],[10.233,59.31],[10.242,59.313],[10.253,59.312],[10.254,59.316],[10.261,59.319],[10.271,59.307],[10.281,59.301],[10.287,59.301],[10.288,59.297],[10.282,59.291],[10.282,59.286],[10.286,59.28],[10.294,59.278],[10.308,59.28],[10.305,59.271],[10.304,59.266],[10.311,59.266],[10.316,59.268],[10.326,59.269],[10.332,59.251],[10.348,59.249],[10.355,59.244],[10.36,59.248],[10.377,59.247],[10.378,59.259],[10.385,59.271],[10.393,59.271],[10.394,59.265],[10.403,59.262],[10.409,59.256],[10.419,59.256],[10.423,59.259],[10.436,59.257],[10.439,59.248],[10.447,59.246],[10.453,59.239],[10.477,59.228],[10.484,59.235],[10.483,59.248],[10.488,59.251],[10.494,59.248],[10.5,59.24],[10.507,59.241],[10.527,59.255],[10.569,59.268],[10.59,59.268],[10.591,59.297],[10.578,59.341],[10.55,59.343],[10.499,59.355],[10.475,59.346],[10.467,59.343],[10.458,59.341],[10.455,59.346],[10.444,59.347],[10.442,59.351],[10.429,59.351],[10.42,59.357],[10.415,59.356],[10.41,59.351],[10.402,59.35],[10.391,59.35],[10.389,59.356],[10.391,59.362],[10.386,59.362],[10.384,59.366],[10.384,59.372],[10.378,59.375],[10.376,59.383],[10.374,59.384],[10.373,59.4],[10.367,59.401],[10.363,59.403],[10.356,59.404],[10.356,59.4],[10.348,59.397],[10.347,59.403],[10.338,59.405],[10.339,59.411],[10.337,59.414],[10.337,59.423],[10.335,59.431],[10.345,59.43],[10.347,59.433],[10.346,59.437],[10.35,59.443],[10.353,59.444],[10.354,59.448],[10.349,59.451],[10.349,59.457],[10.346,59.461],[10.332,59.459],[10.328,59.462],[10.324,59.456],[10.319,59.453],[10.311,59.45],[10.309,59.454],[10.297,59.458],[10.292,59.456],[10.28,59.455],[10.275,59.458],[10.275,59.463],[10.27,59.463],[10.268,59.457],[10.261,59.457],[10.259,59.455],[10.249,59.456],[10.249,59.452],[10.234,59.448],[10.227,59.45],[10.227,59.458],[10.224,59.466],[10.216,59.472],[10.214,59.481],[10.2,59.482],[10.191,59.479],[10.19,59.473],[10.178,59.475],[10.173,59.478],[10.17,59.474],[10.158,59.471],[10.157,59.469],[10.16,59.464],[10.147,59.464],[10.143,59.463],[10.146,59.457],[10.136,59.458],[10.136,59.456],[10.148,59.447],[10.14,59.447],[10.118,59.449],[10.103,59.448],[10.1,59.451],[10.094,59.451],[10.084,59.454],[10.063,59.455]]],[[[10.386,59.372],[10.39,59.369],[10.388,59.366],[10.395,59.365],[10.395,59.372],[10.392,59.375],[10.386,59.376],[10.386,59.372]]]]}},{"type":"Feature","properties":{"id":10155374,"maakond_id":606,"name":"Lillestrøm","bbox":[10.934,59.754,11.44,60.077]},"geometry":{"type":"Polygon","coordinates":[[[11.174,59.856],[11.206,59.828],[11.216,59.818],[11.22,59.811],[11.222,59.796],[11.22,59.785],[11.223,59.776],[11.227,59.773],[11.233,59.762],[11.237,59.757],[11.248,59.762],[11.253,59.769],[11.26,59.769],[11.266,59.765],[11.275,59.763],[11.28,59.761],[11.289,59.761],[11.295,59.759],[11.308,59.758],[11.315,59.759],[11.328,59.757],[11.332,59.754],[11.344,59.755],[11.346,59.758],[11.354,59.762],[11.35,59.766],[11.341,59.771],[11.332,59.777],[11.325,59.783],[11.317,59.788],[11.311,59.793],[11.294,59.803],[11.288,59.808],[11.278,59.814],[11.274,59.818],[11.281,59.822],[11.285,59.823],[11.289,59.826],[11.298,59.837],[11.304,59.84],[11.322,59.843],[11.338,59.845],[11.345,59.849],[11.349,59.855],[11.349,59.86],[11.354,59.862],[11.355,59.867],[11.347,59.874],[11.321,59.879],[11.328,59.885],[11.33,59.891],[11.329,59.907],[11.335,59.917],[11.344,59.925],[11.35,59.929],[11.358,59.938],[11.355,59.943],[11.36,59.951],[11.366,59.952],[11.37,59.955],[11.386,59.959],[11.39,59.955],[11.401,59.964],[11.4,59.97],[11.406,59.972],[11.415,59.973],[11.416,59.977],[11.424,59.982],[11.431,59.977],[11.437,59.983],[11.44,59.988],[11.433,59.992],[11.421,59.995],[11.414,59.997],[11.415,60.002],[11.411,60.006],[11.402,60.005],[11.394,60.008],[11.388,60.012],[11.39,60.016],[11.379,60.018],[11.377,60.02],[11.364,60.019],[11.368,60.025],[11.357,60.028],[11.353,60.026],[11.349,60.022],[11.339,60.024],[11.337,60.021],[11.327,60.02],[11.314,60.025],[11.317,60.032],[11.32,60.037],[11.326,60.04],[11.309,60.047],[11.314,60.05],[11.308,60.053],[11.306,60.057],[11.288,60.061],[11.28,60.063],[11.277,60.069],[11.258,60.074],[11.251,60.077],[11.247,60.076],[11.245,60.071],[11.24,60.068],[11.231,60.067],[11.232,60.064],[11.227,60.061],[11.227,60.057],[11.219,60.057],[11.212,60.058],[11.191,60.06],[11.186,60.06],[11.168,60.058],[11.158,60.056],[11.149,60.059],[11.136,60.056],[11.133,60.053],[11.128,60.053],[11.121,60.058],[11.102,60.058],[11.095,60.055],[11.092,60.049],[11.087,60.052],[11.075,60.053],[11.074,60.05],[11.067,60.045],[11.068,60.037],[11.056,60.03],[11.043,60.03],[11.04,60.031],[11.032,60.029],[11.018,60.031],[11.019,60.035],[11.002,60.036],[10.998,60.039],[10.988,60.045],[10.973,60.043],[10.97,60.041],[10.966,60.026],[10.971,60.021],[10.969,60.015],[10.976,60.01],[10.975,60.006],[10.983,60.006],[10.988,60.005],[10.996,59.998],[10.991,59.991],[10.992,59.99],[10.988,59.985],[10.983,59.987],[10.971,59.988],[10.968,59.98],[10.957,59.978],[10.952,59.973],[10.939,59.975],[10.934,59.974],[10.937,59.97],[10.937,59.961],[10.943,59.953],[10.951,59.949],[10.958,59.954],[10.968,59.957],[10.968,59.949],[10.988,59.952],[10.996,59.944],[10.998,59.941],[11.005,59.939],[11.012,59.94],[11.02,59.946],[11.021,59.95],[11.026,59.954],[11.036,59.953],[11.04,59.951],[11.05,59.949],[11.058,59.945],[11.063,59.941],[11.073,59.937],[11.076,59.934],[11.088,59.927],[11.097,59.918],[11.111,59.901],[11.116,59.903],[11.123,59.905],[11.13,59.903],[11.137,59.894],[11.142,59.878],[11.146,59.875],[11.155,59.87],[11.163,59.866],[11.174,59.856]]]}},{"type":"Feature","properties":{"id":10155381,"maakond_id":606,"name":"Aurskog-Høland","bbox":[11.274,59.594,11.946,60.024]},"geometry":{"type":"Polygon","coordinates":[[[11.718,59.624],[11.721,59.625],[11.761,59.637],[11.779,59.643],[11.856,59.648],[11.862,59.653],[11.87,59.663],[11.875,59.672],[11.878,59.683],[11.889,59.693],[11.94,59.695],[11.946,59.701],[11.938,59.7],[11.937,59.709],[11.934,59.71],[11.936,59.713],[11.936,59.727],[11.932,59.736],[11.933,59.74],[11.925,59.746],[11.923,59.751],[11.933,59.758],[11.932,59.763],[11.933,59.768],[11.926,59.787],[11.926,59.794],[11.916,59.798],[11.909,59.803],[11.904,59.811],[11.894,59.816],[11.888,59.822],[11.875,59.829],[11.87,59.829],[11.853,59.83],[11.841,59.838],[11.84,59.841],[11.834,59.842],[11.834,59.846],[11.838,59.847],[11.833,59.85],[11.836,59.856],[11.836,59.863],[11.833,59.868],[11.827,59.869],[11.821,59.874],[11.825,59.88],[11.817,59.883],[11.82,59.889],[11.813,59.895],[11.805,59.899],[11.808,59.902],[11.805,59.911],[11.805,59.917],[11.803,59.92],[11.813,59.924],[11.821,59.931],[11.817,59.933],[11.819,59.935],[11.814,59.941],[11.809,59.943],[11.809,59.947],[11.793,59.956],[11.795,59.965],[11.797,59.968],[11.806,59.978],[11.811,59.989],[11.82,59.994],[11.829,59.995],[11.835,59.998],[11.838,60.008],[11.836,60.012],[11.839,60.016],[11.83,60.018],[11.819,60.024],[11.816,60.016],[11.804,60.012],[11.8,60.012],[11.788,60.012],[11.787,60.006],[11.774,60.005],[11.767,60.011],[11.738,60.012],[11.718,60.013],[11.692,60.011],[11.677,60.01],[11.67,60.007],[11.67,60.002],[11.657,60],[11.644,60.007],[11.631,60.008],[11.625,60.009],[11.593,60.013],[11.576,60.018],[11.565,60.02],[11.558,60.022],[11.551,60.022],[11.532,60.02],[11.521,60.022],[11.517,60.012],[11.509,60.011],[11.501,60.007],[11.489,60.005],[11.485,60.003],[11.477,60.002],[11.466,60],[11.453,59.995],[11.448,59.991],[11.44,59.988],[11.437,59.983],[11.431,59.977],[11.424,59.982],[11.416,59.977],[11.415,59.973],[11.406,59.972],[11.4,59.97],[11.401,59.964],[11.39,59.955],[11.386,59.959],[11.37,59.955],[11.366,59.952],[11.36,59.951],[11.355,59.943],[11.358,59.938],[11.35,59.929],[11.344,59.925],[11.335,59.917],[11.329,59.907],[11.33,59.891],[11.328,59.885],[11.321,59.879],[11.347,59.874],[11.355,59.867],[11.354,59.862],[11.349,59.86],[11.349,59.855],[11.345,59.849],[11.338,59.845],[11.322,59.843],[11.304,59.84],[11.298,59.837],[11.289,59.826],[11.285,59.823],[11.281,59.822],[11.274,59.818],[11.278,59.814],[11.288,59.808],[11.294,59.803],[11.311,59.793],[11.317,59.788],[11.325,59.783],[11.332,59.777],[11.341,59.771],[11.35,59.766],[11.354,59.762],[11.346,59.758],[11.344,59.755],[11.344,59.749],[11.351,59.744],[11.36,59.742],[11.364,59.733],[11.373,59.727],[11.372,59.722],[11.365,59.713],[11.368,59.709],[11.366,59.706],[11.368,59.699],[11.374,59.697],[11.379,59.693],[11.391,59.687],[11.398,59.687],[11.402,59.683],[11.42,59.674],[11.439,59.672],[11.454,59.673],[11.467,59.666],[11.476,59.658],[11.482,59.648],[11.498,59.638],[11.502,59.635],[11.504,59.625],[11.498,59.623],[11.477,59.624],[11.478,59.604],[11.477,59.601],[11.483,59.599],[11.493,59.594],[11.505,59.599],[11.519,59.601],[11.523,59.608],[11.529,59.611],[11.527,59.613],[11.528,59.617],[11.545,59.618],[11.543,59.627],[11.54,59.632],[11.532,59.639],[11.538,59.642],[11.547,59.644],[11.563,59.645],[11.572,59.643],[11.59,59.65],[11.599,59.656],[11.613,59.66],[11.626,59.666],[11.628,59.669],[11.624,59.677],[11.638,59.675],[11.646,59.676],[11.652,59.672],[11.661,59.672],[11.691,59.668],[11.708,59.665],[11.722,59.661],[11.723,59.657],[11.719,59.654],[11.718,59.635],[11.717,59.624],[11.718,59.624]]]}},{"type":"Feature","properties":{"id":10155388,"maakond_id":606,"name":"Nordre Follo","bbox":[10.719,59.619,10.992,59.839]},"geometry":{"type":"Polygon","coordinates":[[[10.722,59.765],[10.731,59.762],[10.737,59.759],[10.752,59.76],[10.755,59.762],[10.764,59.76],[10.779,59.761],[10.782,59.764],[10.791,59.766],[10.801,59.762],[10.806,59.762],[10.817,59.755],[10.818,59.753],[10.814,59.749],[10.812,59.744],[10.801,59.736],[10.8,59.729],[10.805,59.728],[10.811,59.723],[10.81,59.717],[10.804,59.713],[10.811,59.712],[10.811,59.709],[10.83,59.704],[10.829,59.7],[10.837,59.7],[10.837,59.703],[10.844,59.703],[10.846,59.699],[10.854,59.696],[10.85,59.695],[10.853,59.69],[10.855,59.683],[10.84,59.684],[10.832,59.681],[10.831,59.677],[10.832,59.669],[10.835,59.663],[10.833,59.662],[10.841,59.657],[10.843,59.653],[10.848,59.651],[10.86,59.65],[10.866,59.645],[10.871,59.643],[10.873,59.638],[10.872,59.634],[10.877,59.632],[10.878,59.62],[10.88,59.619],[10.886,59.619],[10.89,59.623],[10.907,59.62],[10.911,59.624],[10.911,59.628],[10.913,59.631],[10.922,59.628],[10.932,59.63],[10.936,59.633],[10.932,59.639],[10.938,59.642],[10.937,59.645],[10.95,59.644],[10.951,59.641],[10.956,59.64],[10.969,59.642],[10.967,59.646],[10.973,59.65],[10.977,59.651],[10.981,59.656],[10.981,59.66],[10.971,59.661],[10.972,59.668],[10.961,59.672],[10.953,59.673],[10.954,59.681],[10.959,59.689],[10.967,59.695],[10.97,59.705],[10.975,59.706],[10.99,59.705],[10.979,59.711],[10.973,59.717],[10.976,59.724],[10.985,59.728],[10.986,59.732],[10.992,59.733],[10.984,59.739],[10.981,59.744],[10.966,59.754],[10.959,59.759],[10.953,59.762],[10.963,59.765],[10.969,59.765],[10.982,59.77],[10.99,59.775],[10.983,59.778],[10.97,59.785],[10.97,59.791],[10.982,59.796],[10.98,59.803],[10.974,59.808],[10.973,59.811],[10.967,59.816],[10.956,59.818],[10.949,59.821],[10.94,59.827],[10.937,59.832],[10.933,59.831],[10.927,59.827],[10.917,59.828],[10.911,59.826],[10.901,59.825],[10.892,59.821],[10.892,59.818],[10.882,59.814],[10.88,59.811],[10.87,59.813],[10.863,59.812],[10.857,59.81],[10.848,59.812],[10.846,59.817],[10.817,59.818],[10.812,59.825],[10.805,59.825],[10.799,59.823],[10.789,59.823],[10.781,59.826],[10.771,59.825],[10.762,59.831],[10.744,59.839],[10.724,59.829],[10.719,59.794],[10.723,59.779],[10.722,59.765]]]}},{"type":"Feature","properties":{"id":10155447,"maakond_id":605,"name":"Indre Østfold","bbox":[10.771,59.453,11.551,59.769]},"geometry":{"type":"Polygon","coordinates":[[[11.55,59.469],[11.551,59.484],[11.545,59.488],[11.536,59.491],[11.533,59.495],[11.53,59.503],[11.527,59.505],[11.528,59.508],[11.522,59.514],[11.532,59.525],[11.536,59.534],[11.541,59.543],[11.538,59.549],[11.54,59.561],[11.536,59.564],[11.511,59.569],[11.501,59.577],[11.5,59.582],[11.495,59.587],[11.493,59.594],[11.483,59.599],[11.477,59.601],[11.478,59.604],[11.477,59.624],[11.498,59.623],[11.504,59.625],[11.502,59.635],[11.498,59.638],[11.482,59.648],[11.476,59.658],[11.467,59.666],[11.454,59.673],[11.439,59.672],[11.42,59.674],[11.402,59.683],[11.398,59.687],[11.391,59.687],[11.379,59.693],[11.374,59.697],[11.368,59.699],[11.366,59.706],[11.368,59.709],[11.365,59.713],[11.372,59.722],[11.373,59.727],[11.364,59.733],[11.36,59.742],[11.351,59.744],[11.344,59.749],[11.344,59.755],[11.332,59.754],[11.328,59.757],[11.315,59.759],[11.308,59.758],[11.295,59.759],[11.289,59.761],[11.28,59.761],[11.275,59.763],[11.266,59.765],[11.26,59.769],[11.253,59.769],[11.248,59.762],[11.237,59.757],[11.244,59.746],[11.242,59.738],[11.236,59.73],[11.232,59.721],[11.229,59.706],[11.228,59.693],[11.23,59.683],[11.204,59.683],[11.198,59.682],[11.192,59.685],[11.186,59.685],[11.173,59.682],[11.153,59.684],[11.15,59.686],[11.141,59.695],[11.138,59.7],[11.13,59.702],[11.116,59.697],[11.109,59.693],[11.104,59.692],[11.1,59.695],[11.105,59.703],[11.102,59.703],[11.089,59.7],[11.072,59.7],[11.065,59.698],[11.052,59.699],[11.049,59.694],[11.043,59.692],[11.033,59.692],[11.019,59.696],[11.011,59.7],[10.994,59.703],[10.99,59.705],[10.975,59.706],[10.97,59.705],[10.967,59.695],[10.959,59.689],[10.954,59.681],[10.953,59.673],[10.961,59.672],[10.972,59.668],[10.971,59.661],[10.981,59.66],[10.981,59.656],[10.977,59.651],[10.973,59.65],[10.967,59.646],[10.969,59.642],[10.956,59.64],[10.951,59.641],[10.95,59.644],[10.937,59.645],[10.938,59.642],[10.932,59.639],[10.936,59.633],[10.932,59.63],[10.922,59.628],[10.913,59.631],[10.911,59.628],[10.911,59.624],[10.907,59.62],[10.89,59.623],[10.886,59.619],[10.88,59.619],[10.881,59.615],[10.889,59.612],[10.89,59.607],[10.884,59.604],[10.874,59.605],[10.868,59.607],[10.865,59.605],[10.871,59.596],[10.868,59.594],[10.859,59.592],[10.86,59.59],[10.855,59.586],[10.849,59.586],[10.847,59.581],[10.852,59.578],[10.846,59.576],[10.847,59.57],[10.834,59.566],[10.824,59.565],[10.819,59.562],[10.813,59.562],[10.805,59.564],[10.798,59.562],[10.797,59.56],[10.787,59.558],[10.785,59.557],[10.771,59.552],[10.773,59.549],[10.785,59.547],[10.783,59.541],[10.787,59.535],[10.783,59.529],[10.779,59.521],[10.801,59.515],[10.801,59.52],[10.808,59.522],[10.812,59.53],[10.825,59.536],[10.829,59.535],[10.838,59.529],[10.841,59.532],[10.855,59.532],[10.866,59.532],[10.871,59.531],[10.871,59.528],[10.901,59.535],[10.908,59.538],[10.932,59.536],[10.942,59.538],[10.964,59.541],[10.979,59.542],[10.987,59.54],[10.99,59.533],[10.982,59.529],[10.979,59.524],[10.98,59.512],[10.978,59.509],[10.977,59.503],[10.983,59.503],[10.995,59.505],[10.999,59.505],[11.005,59.509],[11.014,59.512],[11.044,59.504],[11.057,59.504],[11.059,59.506],[11.068,59.51],[11.075,59.516],[11.08,59.519],[11.092,59.522],[11.097,59.527],[11.097,59.53],[11.103,59.532],[11.108,59.537],[11.114,59.532],[11.119,59.535],[11.122,59.542],[11.127,59.544],[11.125,59.547],[11.131,59.549],[11.136,59.548],[11.142,59.544],[11.165,59.538],[11.173,59.542],[11.185,59.54],[11.187,59.539],[11.196,59.529],[11.214,59.517],[11.219,59.509],[11.233,59.501],[11.241,59.493],[11.236,59.484],[11.23,59.473],[11.239,59.469],[11.253,59.466],[11.257,59.468],[11.264,59.467],[11.269,59.47],[11.284,59.469],[11.287,59.466],[11.295,59.466],[11.3,59.462],[11.303,59.454],[11.309,59.453],[11.326,59.456],[11.323,59.462],[11.329,59.463],[11.323,59.468],[11.336,59.479],[11.344,59.476],[11.352,59.476],[11.36,59.473],[11.36,59.469],[11.367,59.466],[11.373,59.466],[11.378,59.463],[11.385,59.463],[11.383,59.466],[11.39,59.468],[11.393,59.473],[11.39,59.479],[11.393,59.483],[11.402,59.483],[11.406,59.482],[11.418,59.483],[11.452,59.48],[11.487,59.476],[11.51,59.472],[11.533,59.47],[11.55,59.469]]]}},{"type":"Feature","properties":{"id":10155463,"maakond_id":605,"name":"Moss","bbox":[10.537,59.294,10.821,59.535]},"geometry":{"type":"Polygon","coordinates":[[[10.821,59.396],[10.806,59.401],[10.792,59.404],[10.775,59.416],[10.771,59.422],[10.773,59.431],[10.775,59.434],[10.785,59.44],[10.786,59.446],[10.778,59.449],[10.773,59.448],[10.767,59.45],[10.766,59.462],[10.769,59.468],[10.781,59.473],[10.786,59.486],[10.778,59.491],[10.778,59.495],[10.747,59.492],[10.748,59.488],[10.753,59.485],[10.744,59.482],[10.736,59.476],[10.726,59.472],[10.72,59.474],[10.714,59.478],[10.708,59.49],[10.696,59.493],[10.693,59.49],[10.68,59.488],[10.667,59.502],[10.659,59.517],[10.638,59.528],[10.616,59.535],[10.543,59.457],[10.537,59.433],[10.544,59.412],[10.584,59.393],[10.595,59.374],[10.594,59.356],[10.578,59.341],[10.591,59.297],[10.669,59.312],[10.692,59.294],[10.707,59.298],[10.714,59.32],[10.738,59.337],[10.751,59.342],[10.757,59.344],[10.759,59.349],[10.768,59.348],[10.772,59.351],[10.775,59.357],[10.773,59.358],[10.776,59.363],[10.784,59.37],[10.784,59.374],[10.802,59.382],[10.811,59.39],[10.821,59.396]]]}},{"type":"Feature","properties":{"id":10483726,"maakond_id":607,"name":"Drammen","bbox":[9.943,59.53,10.424,59.863]},"geometry":{"type":"Polygon","coordinates":[[[10.062,59.863],[10.057,59.857],[10.043,59.85],[10.028,59.841],[10.021,59.844],[10.015,59.838],[10.012,59.832],[10.004,59.828],[10,59.824],[10.002,59.818],[9.999,59.813],[9.992,59.806],[9.987,59.799],[9.977,59.788],[9.979,59.786],[9.971,59.782],[9.956,59.766],[9.949,59.764],[9.943,59.759],[9.949,59.757],[9.957,59.755],[9.959,59.749],[9.969,59.75],[9.971,59.747],[9.967,59.744],[9.972,59.741],[9.969,59.735],[9.972,59.733],[9.97,59.726],[9.971,59.717],[9.976,59.712],[9.99,59.688],[9.998,59.685],[10.001,59.672],[9.999,59.671],[9.997,59.666],[9.998,59.664],[10.005,59.664],[10.013,59.66],[10.02,59.658],[10.033,59.647],[10.037,59.641],[10.052,59.644],[10.089,59.643],[10.099,59.656],[10.101,59.658],[10.112,59.661],[10.116,59.671],[10.136,59.672],[10.143,59.669],[10.154,59.667],[10.16,59.669],[10.166,59.668],[10.174,59.669],[10.186,59.669],[10.192,59.672],[10.213,59.667],[10.216,59.664],[10.223,59.665],[10.224,59.671],[10.231,59.671],[10.239,59.666],[10.243,59.673],[10.251,59.674],[10.261,59.674],[10.272,59.671],[10.284,59.672],[10.289,59.67],[10.303,59.668],[10.302,59.664],[10.315,59.662],[10.321,59.658],[10.323,59.649],[10.33,59.642],[10.332,59.636],[10.337,59.63],[10.336,59.621],[10.331,59.606],[10.334,59.594],[10.342,59.572],[10.344,59.563],[10.35,59.562],[10.354,59.558],[10.351,59.555],[10.359,59.55],[10.364,59.549],[10.364,59.545],[10.367,59.542],[10.38,59.538],[10.384,59.534],[10.398,59.53],[10.418,59.567],[10.412,59.585],[10.423,59.598],[10.423,59.6],[10.411,59.609],[10.412,59.618],[10.424,59.625],[10.41,59.646],[10.41,59.667],[10.363,59.698],[10.323,59.702],[10.314,59.704],[10.301,59.708],[10.293,59.713],[10.29,59.716],[10.282,59.727],[10.269,59.733],[10.251,59.74],[10.241,59.74],[10.237,59.744],[10.23,59.746],[10.226,59.752],[10.221,59.753],[10.217,59.757],[10.212,59.757],[10.21,59.762],[10.206,59.765],[10.2,59.764],[10.186,59.764],[10.181,59.773],[10.167,59.776],[10.169,59.787],[10.144,59.799],[10.141,59.803],[10.129,59.807],[10.122,59.808],[10.112,59.812],[10.106,59.816],[10.096,59.815],[10.095,59.822],[10.082,59.836],[10.083,59.842],[10.081,59.849],[10.077,59.851],[10.076,59.855],[10.062,59.863]]]}},{"type":"Feature","properties":{"id":10483727,"maakond_id":609,"name":"Holmestrand","bbox":[9.915,59.445,10.456,59.674]},"geometry":{"type":"Polygon","coordinates":[[[9.998,59.664],[10,59.656],[9.993,59.65],[9.983,59.644],[9.986,59.639],[9.975,59.632],[9.976,59.624],[9.981,59.618],[9.966,59.615],[9.96,59.613],[9.945,59.609],[9.933,59.604],[9.942,59.587],[9.931,59.586],[9.921,59.583],[9.915,59.583],[9.924,59.579],[9.944,59.567],[9.976,59.54],[9.989,59.531],[10,59.526],[10.02,59.515],[10.025,59.512],[10.043,59.496],[10.046,59.49],[10.053,59.483],[10.06,59.473],[10.062,59.47],[10.064,59.458],[10.063,59.455],[10.084,59.454],[10.094,59.451],[10.1,59.451],[10.103,59.448],[10.118,59.449],[10.14,59.447],[10.148,59.447],[10.136,59.456],[10.136,59.458],[10.146,59.457],[10.143,59.463],[10.147,59.464],[10.16,59.464],[10.157,59.469],[10.158,59.471],[10.17,59.474],[10.173,59.478],[10.178,59.475],[10.19,59.473],[10.191,59.479],[10.2,59.482],[10.214,59.481],[10.216,59.472],[10.224,59.466],[10.227,59.458],[10.227,59.45],[10.234,59.448],[10.249,59.452],[10.249,59.456],[10.259,59.455],[10.261,59.457],[10.268,59.457],[10.27,59.463],[10.275,59.463],[10.275,59.458],[10.28,59.455],[10.292,59.456],[10.297,59.458],[10.309,59.454],[10.311,59.45],[10.319,59.453],[10.324,59.456],[10.328,59.462],[10.332,59.459],[10.346,59.461],[10.349,59.457],[10.349,59.451],[10.354,59.448],[10.357,59.445],[10.37,59.445],[10.37,59.448],[10.384,59.45],[10.39,59.466],[10.415,59.467],[10.456,59.48],[10.394,59.515],[10.398,59.53],[10.384,59.534],[10.38,59.538],[10.367,59.542],[10.364,59.545],[10.364,59.549],[10.359,59.55],[10.351,59.555],[10.354,59.558],[10.35,59.562],[10.344,59.563],[10.342,59.572],[10.334,59.594],[10.331,59.606],[10.336,59.621],[10.337,59.63],[10.332,59.636],[10.33,59.642],[10.323,59.649],[10.321,59.658],[10.315,59.662],[10.302,59.664],[10.303,59.668],[10.289,59.67],[10.284,59.672],[10.272,59.671],[10.261,59.674],[10.251,59.674],[10.243,59.673],[10.239,59.666],[10.231,59.671],[10.224,59.671],[10.223,59.665],[10.216,59.664],[10.213,59.667],[10.192,59.672],[10.186,59.669],[10.174,59.669],[10.166,59.668],[10.16,59.669],[10.154,59.667],[10.143,59.669],[10.136,59.672],[10.116,59.671],[10.112,59.661],[10.101,59.658],[10.099,59.656],[10.089,59.643],[10.052,59.644],[10.037,59.641],[10.033,59.647],[10.02,59.658],[10.013,59.66],[10.005,59.664],[9.998,59.664]]]}},{"type":"Feature","properties":{"id":10483728,"maakond_id":606,"name":"Asker","bbox":[10.29,59.457,10.635,59.906]},"geometry":{"type":"Polygon","coordinates":[[[10.563,59.826],[10.567,59.85],[10.556,59.866],[10.546,59.875],[10.532,59.884],[10.527,59.883],[10.517,59.879],[10.508,59.877],[10.506,59.88],[10.495,59.878],[10.493,59.881],[10.487,59.88],[10.476,59.881],[10.467,59.874],[10.464,59.875],[10.454,59.884],[10.446,59.883],[10.435,59.886],[10.428,59.886],[10.426,59.883],[10.427,59.875],[10.418,59.877],[10.413,59.876],[10.406,59.88],[10.4,59.88],[10.391,59.882],[10.389,59.885],[10.374,59.895],[10.363,59.906],[10.363,59.899],[10.359,59.889],[10.352,59.885],[10.354,59.881],[10.35,59.877],[10.328,59.874],[10.331,59.869],[10.333,59.861],[10.331,59.855],[10.333,59.849],[10.336,59.849],[10.344,59.843],[10.345,59.84],[10.35,59.839],[10.351,59.832],[10.353,59.826],[10.351,59.822],[10.352,59.816],[10.355,59.811],[10.353,59.809],[10.356,59.804],[10.344,59.797],[10.343,59.794],[10.331,59.797],[10.323,59.794],[10.331,59.782],[10.32,59.773],[10.311,59.769],[10.31,59.764],[10.317,59.763],[10.317,59.757],[10.321,59.751],[10.32,59.743],[10.321,59.739],[10.319,59.729],[10.32,59.726],[10.313,59.722],[10.29,59.716],[10.293,59.713],[10.301,59.708],[10.314,59.704],[10.323,59.702],[10.363,59.698],[10.41,59.667],[10.41,59.646],[10.424,59.625],[10.412,59.618],[10.411,59.609],[10.423,59.6],[10.423,59.598],[10.412,59.585],[10.418,59.567],[10.398,59.53],[10.394,59.515],[10.456,59.48],[10.543,59.457],[10.616,59.535],[10.632,59.567],[10.635,59.589],[10.63,59.616],[10.616,59.659],[10.602,59.67],[10.585,59.672],[10.556,59.683],[10.539,59.721],[10.549,59.732],[10.538,59.755],[10.542,59.774],[10.545,59.788],[10.563,59.826]]]}},{"type":"Feature","properties":{"id":16873323,"maakond_id":603,"name":"Ålesund","bbox":[5.888,62.394,7.12,63.091]},"geometry":{"type":"MultiPolygon","coordinates":[[[[6.84,62.561],[6.827,62.562],[6.819,62.565],[6.804,62.566],[6.773,62.563],[6.77,62.563],[6.748,62.561],[6.741,62.559],[6.728,62.557],[6.73,62.555],[6.715,62.554],[6.69,62.555],[6.669,62.548],[6.652,62.543],[6.644,62.543],[6.644,62.532],[6.627,62.534],[6.615,62.53],[6.598,62.531],[6.583,62.527],[6.565,62.526],[6.542,62.524],[6.532,62.525],[6.523,62.524],[6.516,62.533],[6.463,62.525],[6.272,62.522],[6.239,62.52],[6.191,62.509],[6.167,62.504],[6.135,62.488],[6.068,62.475],[6.055,62.453],[6.103,62.445],[6.149,62.448],[6.183,62.459],[6.228,62.457],[6.269,62.445],[6.3,62.439],[6.295,62.435],[6.296,62.432],[6.316,62.432],[6.322,62.43],[6.329,62.431],[6.366,62.432],[6.376,62.425],[6.365,62.415],[6.363,62.394],[6.438,62.414],[6.52,62.417],[6.571,62.433],[6.692,62.462],[6.739,62.464],[6.774,62.447],[6.855,62.447],[6.89,62.434],[6.913,62.436],[6.918,62.44],[6.93,62.441],[6.949,62.435],[6.972,62.436],[7,62.438],[7.002,62.435],[7.016,62.437],[7.038,62.427],[7.049,62.423],[7.061,62.414],[7.073,62.415],[7.09,62.42],[7.102,62.42],[7.108,62.427],[7.118,62.43],[7.119,62.435],[7.115,62.439],[7.12,62.442],[7.12,62.446],[7.116,62.45],[7.103,62.447],[7.093,62.449],[7.09,62.453],[7.077,62.455],[7.054,62.457],[7.047,62.456],[7.038,62.463],[7.014,62.475],[7.015,62.482],[7.007,62.493],[6.998,62.498],[6.997,62.506],[6.993,62.511],[6.979,62.516],[6.991,62.518],[6.989,62.532],[6.98,62.532],[6.964,62.528],[6.95,62.532],[6.932,62.536],[6.927,62.534],[6.911,62.542],[6.903,62.544],[6.871,62.54],[6.864,62.541],[6.854,62.547],[6.843,62.552],[6.83,62.559],[6.84,62.561]]],[[[5.888,62.927],[6.045,62.856],[6.198,62.787],[6.329,62.74],[6.516,62.7],[6.577,62.739],[6.61,62.796],[6.656,62.838],[6.707,62.871],[6.707,62.89],[6.681,62.906],[6.601,62.932],[6.513,62.985],[6.338,63.091],[6.135,63.022],[5.996,62.974],[5.978,62.968],[5.95,62.956],[5.888,62.927]]]]}}]}