{"type":"FeatureCollection","features":[{"type":"Feature","properties":{"id":34914,"maakond_id":317,"name":"Helsinki","bbox":[24.783,59.922,25.255,60.297]},"geometry":{"type":"Polygon","coordinates":[[[25.169,59.943],[25.166,60.008],[25.177,60.093],[25.194,60.147],[25.22,60.2],[25.201,60.218],[25.204,60.23],[25.227,60.239],[25.223,60.243],[25.227,60.245],[25.241,60.246],[25.241,60.251],[25.237,60.256],[25.234,60.257],[25.227,60.261],[25.233,60.263],[25.232,60.267],[25.235,60.272],[25.251,60.273],[25.252,60.276],[25.247,60.278],[25.247,60.283],[25.244,60.285],[25.254,60.29],[25.246,60.294],[25.255,60.295],[25.253,60.297],[25.238,60.295],[25.229,60.296],[25.221,60.291],[25.202,60.288],[25.205,60.286],[25.197,60.283],[25.19,60.286],[25.188,60.28],[25.143,60.27],[25.142,60.265],[25.145,60.259],[25.15,60.258],[25.157,60.254],[25.16,60.249],[25.151,60.246],[25.143,60.245],[25.135,60.237],[25.091,60.245],[25.082,60.25],[25.088,60.259],[25.086,60.261],[25.089,60.268],[25.088,60.271],[25.077,60.276],[25.068,60.275],[25.062,60.276],[25.053,60.276],[25.047,60.278],[25.038,60.288],[25.033,60.285],[25.021,60.289],[25.016,60.289],[25.006,60.286],[25.002,60.287],[24.996,60.281],[24.984,60.28],[24.977,60.274],[24.976,60.27],[24.978,60.268],[24.971,60.265],[24.96,60.268],[24.956,60.273],[24.957,60.276],[24.953,60.278],[24.946,60.278],[24.931,60.275],[24.898,60.269],[24.877,60.26],[24.872,60.254],[24.869,60.253],[24.858,60.254],[24.839,60.259],[24.835,60.258],[24.831,60.254],[24.842,60.221],[24.848,60.219],[24.846,60.215],[24.847,60.204],[24.843,60.196],[24.844,60.166],[24.841,60.157],[24.836,60.13],[24.783,60.1],[24.851,60.024],[24.942,59.922],[25.09,59.936],[25.169,59.943]]]}},{"type":"Feature","properties":{"id":34920,"maakond_id":317,"name":"Vantaa","bbox":[24.746,60.237,25.193,60.401]},"geometry":{"type":"Polygon","coordinates":[[[24.831,60.254],[24.835,60.258],[24.839,60.259],[24.858,60.254],[24.869,60.253],[24.872,60.254],[24.877,60.26],[24.898,60.269],[24.931,60.275],[24.946,60.278],[24.953,60.278],[24.957,60.276],[24.956,60.273],[24.96,60.268],[24.971,60.265],[24.978,60.268],[24.976,60.27],[24.977,60.274],[24.984,60.28],[24.996,60.281],[25.002,60.287],[25.006,60.286],[25.016,60.289],[25.021,60.289],[25.033,60.285],[25.038,60.288],[25.047,60.278],[25.053,60.276],[25.062,60.276],[25.068,60.275],[25.077,60.276],[25.088,60.271],[25.089,60.268],[25.086,60.261],[25.088,60.259],[25.082,60.25],[25.091,60.245],[25.135,60.237],[25.143,60.245],[25.151,60.246],[25.16,60.249],[25.157,60.254],[25.15,60.258],[25.145,60.259],[25.142,60.265],[25.143,60.27],[25.188,60.28],[25.19,60.286],[25.193,60.292],[25.17,60.311],[25.136,60.32],[25.102,60.335],[25.117,60.336],[25.12,60.342],[25.127,60.34],[25.124,60.335],[25.143,60.335],[25.152,60.34],[25.152,60.346],[25.142,60.346],[25.134,60.348],[25.152,60.359],[25.132,60.359],[25.117,60.36],[25.115,60.366],[25.09,60.366],[25.085,60.372],[25.076,60.373],[25.064,60.37],[25.054,60.374],[25.043,60.368],[25.038,60.371],[25.031,60.372],[25.021,60.368],[25.049,60.349],[25.049,60.347],[25.038,60.343],[25.004,60.333],[24.955,60.332],[24.942,60.339],[24.922,60.353],[24.909,60.363],[24.875,60.384],[24.877,60.389],[24.868,60.394],[24.866,60.399],[24.869,60.401],[24.831,60.394],[24.783,60.364],[24.765,60.351],[24.749,60.342],[24.746,60.322],[24.761,60.325],[24.772,60.299],[24.765,60.271],[24.77,60.268],[24.768,60.264],[24.774,60.257],[24.785,60.242],[24.831,60.254]]]}},{"type":"Feature","properties":{"id":35157,"maakond_id":317,"name":"Kerava","bbox":[25.073,60.359,25.164,60.443]},"geometry":{"type":"Polygon","coordinates":[[[25.152,60.359],[25.156,60.359],[25.145,60.372],[25.151,60.394],[25.147,60.407],[25.153,60.408],[25.155,60.415],[25.164,60.416],[25.158,60.421],[25.159,60.423],[25.154,60.43],[25.157,60.436],[25.15,60.436],[25.154,60.441],[25.153,60.443],[25.15,60.441],[25.084,60.426],[25.081,60.419],[25.073,60.417],[25.081,60.413],[25.08,60.408],[25.081,60.393],[25.083,60.389],[25.086,60.38],[25.073,60.375],[25.076,60.373],[25.085,60.372],[25.09,60.366],[25.115,60.366],[25.117,60.36],[25.132,60.359],[25.152,60.359]]]}},{"type":"Feature","properties":{"id":35158,"maakond_id":317,"name":"Tuusula","bbox":[24.866,60.332,25.153,60.581]},"geometry":{"type":"Polygon","coordinates":[[[25.076,60.373],[25.073,60.375],[25.086,60.38],[25.083,60.389],[25.081,60.393],[25.08,60.408],[25.081,60.413],[25.073,60.417],[25.081,60.419],[25.084,60.426],[25.15,60.441],[25.153,60.443],[25.149,60.446],[25.149,60.462],[25.119,60.458],[25.121,60.455],[25.132,60.456],[25.133,60.454],[25.121,60.452],[25.123,60.447],[25.098,60.444],[25.081,60.444],[25.063,60.446],[25.05,60.449],[25.048,60.455],[25.043,60.458],[25.053,60.459],[25.06,60.462],[25.051,60.468],[25.041,60.475],[25.04,60.48],[25.041,60.482],[25.05,60.483],[25.048,60.486],[25.057,60.49],[25.043,60.506],[25.04,60.512],[25.051,60.511],[25.071,60.51],[25.072,60.514],[25.101,60.511],[25.098,60.51],[25.101,60.502],[25.107,60.5],[25.11,60.504],[25.118,60.508],[25.142,60.506],[25.147,60.51],[25.151,60.517],[25.045,60.577],[25.039,60.581],[25.032,60.578],[25.026,60.578],[25.025,60.569],[24.99,60.565],[24.989,60.567],[24.975,60.568],[24.967,60.568],[24.965,60.571],[24.912,60.556],[24.912,60.544],[24.928,60.536],[24.93,60.527],[24.938,60.524],[24.941,60.521],[24.934,60.519],[24.942,60.515],[24.952,60.518],[24.949,60.521],[24.956,60.524],[24.959,60.521],[24.973,60.524],[24.975,60.523],[24.973,60.516],[24.968,60.51],[24.968,60.507],[24.963,60.501],[24.968,60.496],[24.964,60.493],[24.936,60.461],[24.932,60.45],[24.901,60.436],[24.894,60.42],[24.869,60.401],[24.866,60.399],[24.868,60.394],[24.877,60.389],[24.875,60.384],[24.909,60.363],[24.922,60.353],[24.942,60.339],[24.955,60.332],[25.004,60.333],[25.038,60.343],[25.049,60.347],[25.049,60.349],[25.021,60.368],[25.031,60.372],[25.038,60.371],[25.043,60.368],[25.054,60.374],[25.064,60.37],[25.076,60.373]]]}},{"type":"Feature","properties":{"id":35159,"maakond_id":317,"name":"Sipoo","bbox":[25.102,59.938,25.527,60.506]},"geometry":{"type":"Polygon","coordinates":[[[25.363,60.406],[25.343,60.425],[25.297,60.456],[25.28,60.464],[25.27,60.473],[25.256,60.48],[25.224,60.502],[25.187,60.506],[25.169,60.506],[25.149,60.463],[25.149,60.462],[25.149,60.446],[25.153,60.443],[25.154,60.441],[25.15,60.436],[25.157,60.436],[25.154,60.43],[25.159,60.423],[25.158,60.421],[25.164,60.416],[25.155,60.415],[25.153,60.408],[25.147,60.407],[25.151,60.394],[25.145,60.372],[25.156,60.359],[25.152,60.359],[25.134,60.348],[25.142,60.346],[25.152,60.346],[25.152,60.34],[25.143,60.335],[25.124,60.335],[25.127,60.34],[25.12,60.342],[25.117,60.336],[25.102,60.335],[25.136,60.32],[25.17,60.311],[25.193,60.292],[25.19,60.286],[25.197,60.283],[25.205,60.286],[25.202,60.288],[25.221,60.291],[25.229,60.296],[25.238,60.295],[25.253,60.297],[25.255,60.295],[25.246,60.294],[25.254,60.29],[25.244,60.285],[25.247,60.283],[25.247,60.278],[25.252,60.276],[25.251,60.273],[25.235,60.272],[25.232,60.267],[25.233,60.263],[25.227,60.261],[25.234,60.257],[25.237,60.256],[25.241,60.251],[25.241,60.246],[25.227,60.245],[25.223,60.243],[25.227,60.239],[25.204,60.23],[25.201,60.218],[25.22,60.2],[25.194,60.147],[25.177,60.093],[25.166,60.008],[25.169,59.943],[25.329,59.938],[25.346,60.048],[25.356,60.103],[25.367,60.126],[25.389,60.169],[25.411,60.184],[25.492,60.234],[25.489,60.24],[25.527,60.265],[25.495,60.281],[25.492,60.28],[25.481,60.284],[25.482,60.287],[25.466,60.294],[25.425,60.326],[25.412,60.336],[25.365,60.376],[25.366,60.399],[25.363,60.406]]]}},{"type":"Feature","properties":{"id":36097,"maakond_id":317,"name":"Espoo","bbox":[24.499,59.901,24.942,60.363]},"geometry":{"type":"Polygon","coordinates":[[[24.942,59.922],[24.851,60.024],[24.783,60.1],[24.836,60.13],[24.841,60.157],[24.844,60.166],[24.843,60.196],[24.847,60.204],[24.846,60.215],[24.848,60.219],[24.842,60.221],[24.831,60.254],[24.785,60.242],[24.774,60.257],[24.768,60.264],[24.77,60.268],[24.765,60.271],[24.772,60.299],[24.761,60.325],[24.746,60.322],[24.749,60.342],[24.704,60.353],[24.701,60.353],[24.692,60.357],[24.674,60.359],[24.67,60.363],[24.665,60.363],[24.636,60.358],[24.628,60.359],[24.618,60.35],[24.608,60.335],[24.596,60.324],[24.562,60.314],[24.5,60.326],[24.512,60.292],[24.499,60.288],[24.514,60.285],[24.516,60.281],[24.504,60.274],[24.504,60.255],[24.525,60.247],[24.525,60.231],[24.517,60.227],[24.503,60.213],[24.525,60.205],[24.534,60.206],[24.536,60.205],[24.536,60.196],[24.529,60.195],[24.554,60.184],[24.569,60.179],[24.568,60.175],[24.572,60.173],[24.567,60.168],[24.577,60.164],[24.588,60.165],[24.593,60.16],[24.599,60.16],[24.613,60.156],[24.627,60.149],[24.635,60.138],[24.64,60.136],[24.638,60.133],[24.641,60.13],[24.648,60.118],[24.655,60.106],[24.653,60.101],[24.645,60.092],[24.682,60.052],[24.745,60.008],[24.832,59.901],[24.93,59.921],[24.942,59.922]],[[24.691,60.219],[24.706,60.225],[24.713,60.226],[24.719,60.222],[24.725,60.222],[24.73,60.224],[24.742,60.219],[24.749,60.221],[24.751,60.218],[24.743,60.215],[24.739,60.207],[24.731,60.205],[24.728,60.206],[24.722,60.203],[24.716,60.204],[24.72,60.208],[24.714,60.21],[24.705,60.206],[24.7,60.207],[24.69,60.207],[24.675,60.211],[24.678,60.215],[24.691,60.219]]]}},{"type":"Feature","properties":{"id":36098,"maakond_id":317,"name":"Nurmijärvi","bbox":[24.525,60.342,24.975,60.589]},"geometry":{"type":"Polygon","coordinates":[[[24.869,60.401],[24.894,60.42],[24.901,60.436],[24.932,60.45],[24.936,60.461],[24.964,60.493],[24.968,60.496],[24.963,60.501],[24.968,60.507],[24.968,60.51],[24.973,60.516],[24.975,60.523],[24.973,60.524],[24.959,60.521],[24.956,60.524],[24.949,60.521],[24.952,60.518],[24.942,60.515],[24.934,60.519],[24.941,60.521],[24.938,60.524],[24.93,60.527],[24.928,60.536],[24.912,60.544],[24.912,60.556],[24.912,60.557],[24.9,60.565],[24.89,60.564],[24.887,60.57],[24.884,60.573],[24.838,60.56],[24.828,60.529],[24.825,60.531],[24.813,60.531],[24.812,60.529],[24.798,60.529],[24.812,60.543],[24.807,60.545],[24.788,60.55],[24.791,60.554],[24.799,60.555],[24.798,60.558],[24.775,60.565],[24.781,60.579],[24.749,60.589],[24.716,60.534],[24.706,60.519],[24.663,60.508],[24.649,60.517],[24.625,60.519],[24.572,60.505],[24.548,60.491],[24.525,60.477],[24.546,60.475],[24.548,60.471],[24.555,60.473],[24.56,60.472],[24.576,60.449],[24.578,60.439],[24.582,60.427],[24.588,60.406],[24.605,60.389],[24.628,60.359],[24.636,60.358],[24.665,60.363],[24.67,60.363],[24.674,60.359],[24.692,60.357],[24.701,60.353],[24.704,60.353],[24.749,60.342],[24.765,60.351],[24.783,60.364],[24.831,60.394],[24.869,60.401]]]}},{"type":"Feature","properties":{"id":36099,"maakond_id":317,"name":"Kirkkonummi","bbox":[24.272,59.792,24.832,60.298]},"geometry":{"type":"Polygon","coordinates":[[[24.832,59.901],[24.745,60.008],[24.682,60.052],[24.645,60.092],[24.653,60.101],[24.655,60.106],[24.648,60.118],[24.641,60.13],[24.638,60.133],[24.64,60.136],[24.635,60.138],[24.627,60.149],[24.613,60.156],[24.599,60.16],[24.593,60.16],[24.588,60.165],[24.577,60.164],[24.567,60.168],[24.572,60.173],[24.568,60.175],[24.569,60.179],[24.554,60.184],[24.529,60.195],[24.536,60.196],[24.536,60.205],[24.534,60.206],[24.525,60.205],[24.503,60.213],[24.517,60.227],[24.525,60.231],[24.525,60.247],[24.504,60.255],[24.504,60.274],[24.516,60.281],[24.478,60.285],[24.476,60.292],[24.443,60.298],[24.418,60.294],[24.408,60.284],[24.387,60.275],[24.371,60.257],[24.342,60.246],[24.293,60.19],[24.324,60.163],[24.333,60.148],[24.338,60.143],[24.355,60.116],[24.352,60.106],[24.34,60.091],[24.358,60.082],[24.362,60.079],[24.362,60.065],[24.352,60.051],[24.316,60.022],[24.29,60.009],[24.272,59.955],[24.276,59.893],[24.282,59.792],[24.332,59.797],[24.488,59.817],[24.587,59.842],[24.686,59.867],[24.785,59.892],[24.832,59.901]]]}},{"type":"Feature","properties":{"id":36100,"maakond_id":317,"name":"Vihti","bbox":[24.126,60.246,24.649,60.586]},"geometry":{"type":"Polygon","coordinates":[[[24.628,60.359],[24.605,60.389],[24.588,60.406],[24.582,60.427],[24.578,60.439],[24.576,60.449],[24.56,60.472],[24.555,60.473],[24.548,60.471],[24.546,60.475],[24.525,60.477],[24.548,60.491],[24.572,60.505],[24.625,60.519],[24.649,60.517],[24.596,60.557],[24.577,60.586],[24.549,60.56],[24.424,60.552],[24.465,60.504],[24.379,60.489],[24.319,60.481],[24.288,60.475],[24.286,60.472],[24.281,60.47],[24.274,60.472],[24.279,60.48],[24.245,60.504],[24.219,60.494],[24.218,60.488],[24.214,60.485],[24.174,60.487],[24.171,60.485],[24.147,60.455],[24.141,60.444],[24.134,60.426],[24.137,60.415],[24.142,60.413],[24.134,60.407],[24.126,60.404],[24.143,60.403],[24.138,60.396],[24.134,60.392],[24.162,60.39],[24.169,60.378],[24.185,60.379],[24.199,60.366],[24.204,60.363],[24.207,60.358],[24.204,60.351],[24.208,60.344],[24.202,60.319],[24.208,60.299],[24.256,60.314],[24.261,60.31],[24.268,60.309],[24.276,60.31],[24.292,60.303],[24.306,60.295],[24.333,60.265],[24.342,60.246],[24.371,60.257],[24.387,60.275],[24.408,60.284],[24.418,60.294],[24.443,60.298],[24.476,60.292],[24.478,60.285],[24.516,60.281],[24.514,60.285],[24.499,60.288],[24.512,60.292],[24.5,60.326],[24.562,60.314],[24.596,60.324],[24.608,60.335],[24.618,60.35],[24.628,60.359]]]}},{"type":"Feature","properties":{"id":36101,"maakond_id":317,"name":"Hyvinkää","bbox":[24.563,60.508,25.112,60.685]},"geometry":{"type":"Polygon","coordinates":[[[25.112,60.662],[25.063,60.668],[25.055,60.678],[25.044,60.68],[25.044,60.682],[25.035,60.685],[25.029,60.682],[25.017,60.682],[25.002,60.682],[24.988,60.681],[24.932,60.672],[24.929,60.669],[24.921,60.666],[24.92,60.663],[24.895,60.664],[24.894,60.66],[24.836,60.659],[24.835,60.666],[24.818,60.668],[24.809,60.673],[24.779,60.654],[24.764,60.66],[24.757,60.654],[24.752,60.655],[24.749,60.65],[24.742,60.65],[24.74,60.648],[24.712,60.65],[24.691,60.649],[24.652,60.66],[24.639,60.659],[24.617,60.667],[24.608,60.664],[24.606,60.661],[24.565,60.636],[24.565,60.626],[24.563,60.602],[24.577,60.586],[24.596,60.557],[24.649,60.517],[24.663,60.508],[24.706,60.519],[24.716,60.534],[24.749,60.589],[24.781,60.579],[24.775,60.565],[24.798,60.558],[24.799,60.555],[24.791,60.554],[24.788,60.55],[24.807,60.545],[24.812,60.543],[24.798,60.529],[24.812,60.529],[24.813,60.531],[24.825,60.531],[24.828,60.529],[24.838,60.56],[24.884,60.573],[24.887,60.57],[24.89,60.564],[24.9,60.565],[24.912,60.557],[24.912,60.556],[24.965,60.571],[24.967,60.568],[24.975,60.568],[24.989,60.567],[24.99,60.565],[25.025,60.569],[25.026,60.578],[25.032,60.578],[25.039,60.581],[25.045,60.577],[25.074,60.593],[25.057,60.603],[25.057,60.606],[25.062,60.61],[25.084,60.626],[25.112,60.662]]]}},{"type":"Feature","properties":{"id":36102,"maakond_id":317,"name":"Siuntio","bbox":[24.008,60.022,24.362,60.295]},"geometry":{"type":"Polygon","coordinates":[[[24.342,60.246],[24.333,60.265],[24.306,60.295],[24.289,60.288],[24.271,60.277],[24.248,60.261],[24.228,60.26],[24.219,60.261],[24.168,60.231],[24.167,60.238],[24.17,60.241],[24.166,60.244],[24.149,60.231],[24.158,60.229],[24.154,60.224],[24.147,60.224],[24.131,60.232],[24.099,60.228],[24.089,60.225],[24.086,60.23],[24.077,60.227],[24.082,60.222],[24.064,60.214],[24.049,60.21],[24.044,60.205],[24.037,60.204],[24.046,60.195],[24.044,60.192],[24.035,60.19],[24.024,60.191],[24.008,60.183],[24.017,60.181],[24.018,60.176],[24.017,60.17],[24.02,60.167],[24.016,60.157],[24.019,60.152],[24.046,60.15],[24.083,60.144],[24.099,60.143],[24.117,60.134],[24.132,60.131],[24.136,60.111],[24.151,60.117],[24.16,60.121],[24.163,60.125],[24.174,60.131],[24.179,60.131],[24.202,60.128],[24.22,60.118],[24.229,60.111],[24.233,60.106],[24.227,60.1],[24.247,60.088],[24.257,60.08],[24.258,60.074],[24.265,60.063],[24.279,60.058],[24.296,60.04],[24.316,60.022],[24.352,60.051],[24.362,60.065],[24.362,60.079],[24.358,60.082],[24.34,60.091],[24.352,60.106],[24.355,60.116],[24.338,60.143],[24.333,60.148],[24.324,60.163],[24.293,60.19],[24.342,60.246]]]}},{"type":"Feature","properties":{"id":36103,"maakond_id":317,"name":"Ingå","bbox":[23.753,59.751,24.316,60.15]},"geometry":{"type":"Polygon","coordinates":[[[24.282,59.792],[24.276,59.893],[24.272,59.955],[24.29,60.009],[24.316,60.022],[24.296,60.04],[24.279,60.058],[24.265,60.063],[24.258,60.074],[24.257,60.08],[24.247,60.088],[24.227,60.1],[24.233,60.106],[24.229,60.111],[24.22,60.118],[24.202,60.128],[24.179,60.131],[24.174,60.131],[24.163,60.125],[24.16,60.121],[24.151,60.117],[24.136,60.111],[24.132,60.131],[24.117,60.134],[24.099,60.143],[24.083,60.144],[24.046,60.15],[24.027,60.137],[24.003,60.133],[23.981,60.134],[23.954,60.13],[23.942,60.129],[23.915,60.129],[23.896,60.133],[23.865,60.137],[23.815,60.124],[23.82,60.112],[23.822,60.097],[23.822,60.093],[23.826,60.09],[23.83,60.084],[23.841,60.08],[23.842,60.068],[23.875,60.048],[23.829,60.045],[23.777,60.045],[23.774,60.045],[23.759,60.039],[23.753,60.027],[23.758,60.007],[23.773,60],[23.791,60.002],[23.832,59.983],[23.839,59.981],[23.83,59.974],[23.833,59.971],[23.807,59.961],[23.82,59.946],[23.805,59.936],[23.807,59.932],[23.817,59.932],[23.82,59.93],[23.805,59.926],[23.801,59.926],[23.801,59.921],[23.811,59.917],[23.819,59.919],[23.828,59.917],[23.839,59.917],[23.839,59.915],[23.868,59.882],[23.926,59.816],[23.983,59.751],[24.095,59.767],[24.206,59.784],[24.282,59.792]]]}},{"type":"Feature","properties":{"id":36107,"maakond_id":317,"name":"Järvenpää","bbox":[25.04,60.444,25.169,60.517]},"geometry":{"type":"Polygon","coordinates":[[[25.169,60.506],[25.151,60.517],[25.147,60.51],[25.142,60.506],[25.118,60.508],[25.11,60.504],[25.107,60.5],[25.101,60.502],[25.098,60.51],[25.101,60.511],[25.072,60.514],[25.071,60.51],[25.051,60.511],[25.04,60.512],[25.043,60.506],[25.057,60.49],[25.048,60.486],[25.05,60.483],[25.041,60.482],[25.04,60.48],[25.041,60.475],[25.051,60.468],[25.06,60.462],[25.053,60.459],[25.043,60.458],[25.048,60.455],[25.05,60.449],[25.063,60.446],[25.081,60.444],[25.098,60.444],[25.123,60.447],[25.121,60.452],[25.133,60.454],[25.132,60.456],[25.121,60.455],[25.119,60.458],[25.149,60.462],[25.149,60.463],[25.169,60.506]]]}},{"type":"Feature","properties":{"id":36117,"maakond_id":317,"name":"Mäntsälä","bbox":[25.045,60.502,25.525,60.841]},"geometry":{"type":"Polygon","coordinates":[[[25.169,60.506],[25.187,60.506],[25.224,60.502],[25.204,60.525],[25.22,60.529],[25.236,60.533],[25.244,60.536],[25.241,60.538],[25.262,60.542],[25.289,60.543],[25.342,60.545],[25.413,60.554],[25.415,60.542],[25.468,60.551],[25.478,60.551],[25.502,60.557],[25.516,60.58],[25.495,60.588],[25.488,60.601],[25.462,60.627],[25.432,60.643],[25.425,60.663],[25.481,60.696],[25.519,60.704],[25.525,60.719],[25.514,60.748],[25.496,60.767],[25.475,60.793],[25.457,60.795],[25.433,60.795],[25.431,60.791],[25.417,60.78],[25.388,60.757],[25.382,60.753],[25.319,60.761],[25.298,60.752],[25.285,60.776],[25.221,60.804],[25.209,60.841],[25.196,60.84],[25.197,60.836],[25.188,60.834],[25.189,60.831],[25.184,60.825],[25.189,60.82],[25.184,60.818],[25.173,60.818],[25.172,60.82],[25.121,60.816],[25.111,60.819],[25.102,60.81],[25.138,60.789],[25.155,60.778],[25.152,60.768],[25.091,60.763],[25.088,60.754],[25.058,60.725],[25.068,60.715],[25.082,60.721],[25.085,60.725],[25.096,60.731],[25.11,60.739],[25.117,60.742],[25.119,60.747],[25.145,60.731],[25.193,60.725],[25.146,60.716],[25.132,60.712],[25.084,60.699],[25.113,60.663],[25.112,60.662],[25.084,60.626],[25.062,60.61],[25.057,60.606],[25.057,60.603],[25.074,60.593],[25.045,60.577],[25.151,60.517],[25.169,60.506]]]}},{"type":"Feature","properties":{"id":37062,"maakond_id":305,"name":"Hausjärvi","bbox":[24.713,60.659,25.193,60.928]},"geometry":{"type":"Polygon","coordinates":[[[25.112,60.662],[25.113,60.663],[25.084,60.699],[25.132,60.712],[25.146,60.716],[25.193,60.725],[25.145,60.731],[25.119,60.747],[25.117,60.742],[25.11,60.739],[25.096,60.731],[25.085,60.725],[25.082,60.721],[25.068,60.715],[25.058,60.725],[25.088,60.754],[25.091,60.763],[25.152,60.768],[25.155,60.778],[25.138,60.789],[25.102,60.81],[25.111,60.819],[25.104,60.823],[25.092,60.822],[25.079,60.839],[25.084,60.855],[25.092,60.863],[25.101,60.866],[25.108,60.865],[25.105,60.881],[25.098,60.901],[25.094,60.919],[25.046,60.928],[25.028,60.928],[25.032,60.925],[25.028,60.923],[25.031,60.918],[25.023,60.915],[25.025,60.912],[25.014,60.911],[24.998,60.906],[24.992,60.911],[24.98,60.908],[24.993,60.9],[24.964,60.892],[24.965,60.886],[24.935,60.89],[24.94,60.882],[24.945,60.879],[24.946,60.873],[24.952,60.866],[24.948,60.86],[24.946,60.854],[24.941,60.847],[24.933,60.847],[24.929,60.844],[24.918,60.847],[24.914,60.846],[24.911,60.842],[24.903,60.839],[24.889,60.84],[24.883,60.845],[24.873,60.849],[24.866,60.849],[24.86,60.852],[24.852,60.854],[24.846,60.858],[24.843,60.863],[24.844,60.866],[24.809,60.869],[24.809,60.855],[24.805,60.851],[24.796,60.845],[24.795,60.839],[24.796,60.834],[24.791,60.833],[24.785,60.839],[24.756,60.838],[24.734,60.835],[24.724,60.815],[24.716,60.805],[24.713,60.798],[24.715,60.796],[24.721,60.797],[24.722,60.8],[24.727,60.8],[24.728,60.796],[24.734,60.795],[24.757,60.79],[24.763,60.79],[24.773,60.786],[24.793,60.782],[24.794,60.784],[24.807,60.782],[24.815,60.779],[24.813,60.777],[24.828,60.774],[24.836,60.776],[24.836,60.77],[24.822,60.757],[24.824,60.753],[24.833,60.757],[24.84,60.753],[24.831,60.749],[24.837,60.744],[24.841,60.745],[24.842,60.74],[24.845,60.735],[24.839,60.735],[24.829,60.728],[24.824,60.719],[24.829,60.715],[24.829,60.713],[24.814,60.709],[24.813,60.706],[24.804,60.702],[24.816,60.697],[24.834,60.681],[24.835,60.666],[24.836,60.659],[24.894,60.66],[24.895,60.664],[24.92,60.663],[24.921,60.666],[24.929,60.669],[24.932,60.672],[24.988,60.681],[25.002,60.682],[25.017,60.682],[25.029,60.682],[25.035,60.685],[25.044,60.682],[25.044,60.68],[25.055,60.678],[25.063,60.668],[25.112,60.662]]]}},{"type":"Feature","properties":{"id":37064,"maakond_id":305,"name":"Loppi","bbox":[24.047,60.552,24.691,60.82]},"geometry":{"type":"Polygon","coordinates":[[[24.691,60.751],[24.67,60.773],[24.653,60.768],[24.623,60.78],[24.623,60.756],[24.559,60.764],[24.551,60.763],[24.55,60.76],[24.543,60.757],[24.528,60.753],[24.522,60.747],[24.503,60.754],[24.491,60.744],[24.474,60.747],[24.436,60.76],[24.413,60.756],[24.398,60.754],[24.335,60.795],[24.316,60.795],[24.312,60.794],[24.302,60.797],[24.291,60.798],[24.277,60.795],[24.273,60.792],[24.267,60.791],[24.253,60.786],[24.217,60.812],[24.176,60.82],[24.129,60.819],[24.099,60.796],[24.092,60.785],[24.063,60.793],[24.057,60.791],[24.056,60.786],[24.048,60.759],[24.049,60.682],[24.047,60.643],[24.047,60.642],[24.084,60.628],[24.105,60.629],[24.135,60.623],[24.175,60.628],[24.206,60.623],[24.237,60.618],[24.234,60.602],[24.248,60.589],[24.265,60.58],[24.285,60.565],[24.306,60.571],[24.293,60.584],[24.306,60.587],[24.348,60.612],[24.385,60.603],[24.41,60.592],[24.398,60.577],[24.424,60.552],[24.549,60.56],[24.577,60.586],[24.563,60.602],[24.565,60.626],[24.565,60.636],[24.606,60.661],[24.608,60.664],[24.617,60.667],[24.613,60.674],[24.62,60.684],[24.606,60.693],[24.688,60.726],[24.691,60.751]]]}},{"type":"Feature","properties":{"id":37066,"maakond_id":305,"name":"Riihimäki","bbox":[24.606,60.648,24.845,60.8]},"geometry":{"type":"Polygon","coordinates":[[[24.835,60.666],[24.834,60.681],[24.816,60.697],[24.804,60.702],[24.813,60.706],[24.814,60.709],[24.829,60.713],[24.829,60.715],[24.824,60.719],[24.829,60.728],[24.839,60.735],[24.845,60.735],[24.842,60.74],[24.841,60.745],[24.837,60.744],[24.831,60.749],[24.84,60.753],[24.833,60.757],[24.824,60.753],[24.822,60.757],[24.836,60.77],[24.836,60.776],[24.828,60.774],[24.813,60.777],[24.815,60.779],[24.807,60.782],[24.794,60.784],[24.793,60.782],[24.773,60.786],[24.763,60.79],[24.757,60.79],[24.734,60.795],[24.728,60.796],[24.727,60.8],[24.722,60.8],[24.721,60.797],[24.715,60.796],[24.732,60.775],[24.749,60.758],[24.691,60.751],[24.688,60.726],[24.606,60.693],[24.62,60.684],[24.613,60.674],[24.617,60.667],[24.639,60.659],[24.652,60.66],[24.691,60.649],[24.712,60.65],[24.74,60.648],[24.742,60.65],[24.749,60.65],[24.752,60.655],[24.757,60.654],[24.764,60.66],[24.779,60.654],[24.809,60.673],[24.818,60.668],[24.835,60.666]]]}},{"type":"Feature","properties":{"id":37071,"maakond_id":317,"name":"Karkkila","bbox":[23.971,60.47,24.465,60.645]},"geometry":{"type":"Polygon","coordinates":[[[23.971,60.638],[24.007,60.623],[24.015,60.627],[24.022,60.621],[24.019,60.618],[24.028,60.614],[24.028,60.612],[24.017,60.606],[24.003,60.607],[23.999,60.599],[23.993,60.598],[23.998,60.595],[24.007,60.593],[24.024,60.602],[24.028,60.611],[24.072,60.572],[24.082,60.562],[24.098,60.548],[24.155,60.513],[24.153,60.506],[24.163,60.493],[24.171,60.485],[24.174,60.487],[24.214,60.485],[24.218,60.488],[24.219,60.494],[24.245,60.504],[24.279,60.48],[24.274,60.472],[24.281,60.47],[24.286,60.472],[24.288,60.475],[24.319,60.481],[24.379,60.489],[24.465,60.504],[24.424,60.552],[24.398,60.577],[24.41,60.592],[24.385,60.603],[24.348,60.612],[24.306,60.587],[24.293,60.584],[24.306,60.571],[24.285,60.565],[24.265,60.58],[24.248,60.589],[24.234,60.602],[24.237,60.618],[24.206,60.623],[24.175,60.628],[24.135,60.623],[24.105,60.629],[24.084,60.628],[24.047,60.642],[24.041,60.645],[24.005,60.644],[23.971,60.638]]]}},{"type":"Feature","properties":{"id":37078,"maakond_id":305,"name":"Tammela","bbox":[23.5,60.638,24.063,60.975]},"geometry":{"type":"Polygon","coordinates":[[[24.063,60.793],[24.061,60.798],[24.038,60.82],[24.03,60.823],[24.047,60.826],[24.06,60.835],[23.989,60.88],[24.022,60.928],[23.996,60.936],[23.985,60.937],[23.964,60.944],[23.954,60.947],[23.97,60.957],[23.955,60.957],[23.947,60.961],[23.942,60.96],[23.883,60.975],[23.859,60.973],[23.857,60.972],[23.865,60.954],[23.839,60.94],[23.821,60.931],[23.765,60.935],[23.755,60.938],[23.711,60.902],[23.71,60.899],[23.72,60.891],[23.701,60.88],[23.677,60.882],[23.649,60.877],[23.665,60.869],[23.675,60.83],[23.673,60.822],[23.704,60.819],[23.702,60.805],[23.692,60.807],[23.687,60.803],[23.68,60.803],[23.676,60.805],[23.673,60.801],[23.65,60.784],[23.635,60.78],[23.55,60.789],[23.535,60.784],[23.529,60.77],[23.507,60.761],[23.502,60.744],[23.5,60.727],[23.529,60.718],[23.539,60.704],[23.576,60.694],[23.59,60.696],[23.626,60.694],[23.682,60.683],[23.673,60.671],[23.684,60.657],[23.714,60.664],[23.748,60.653],[23.814,60.656],[23.865,60.651],[23.872,60.654],[23.877,60.651],[23.887,60.65],[23.901,60.65],[23.917,60.654],[23.931,60.647],[23.939,60.645],[23.96,60.638],[23.971,60.638],[24.005,60.644],[24.041,60.645],[24.047,60.642],[24.047,60.643],[24.049,60.682],[24.048,60.759],[24.056,60.786],[24.057,60.791],[24.063,60.793]]]}},{"type":"Feature","properties":{"id":37087,"maakond_id":305,"name":"Janakkala","bbox":[24.399,60.744,24.993,61.032]},"geometry":{"type":"Polygon","coordinates":[[[24.98,60.908],[24.97,60.929],[24.968,60.946],[24.972,60.947],[24.962,60.953],[24.959,60.957],[24.943,60.96],[24.943,60.963],[24.936,60.964],[24.925,60.964],[24.916,60.966],[24.904,60.966],[24.897,60.973],[24.888,60.975],[24.879,60.981],[24.876,60.986],[24.88,60.989],[24.856,61.009],[24.804,61.019],[24.732,61.026],[24.715,61.032],[24.693,61.032],[24.633,61.029],[24.663,61.006],[24.605,60.994],[24.605,60.983],[24.608,60.98],[24.589,60.974],[24.598,60.967],[24.591,60.966],[24.584,60.959],[24.575,60.959],[24.571,60.954],[24.562,60.954],[24.545,60.957],[24.54,60.949],[24.541,60.946],[24.554,60.945],[24.557,60.939],[24.533,60.939],[24.529,60.939],[24.49,60.93],[24.448,60.918],[24.399,60.903],[24.436,60.885],[24.43,60.868],[24.436,60.866],[24.437,60.863],[24.442,60.862],[24.461,60.855],[24.462,60.854],[24.471,60.825],[24.48,60.81],[24.462,60.799],[24.431,60.784],[24.413,60.756],[24.436,60.76],[24.474,60.747],[24.491,60.744],[24.503,60.754],[24.522,60.747],[24.528,60.753],[24.543,60.757],[24.55,60.76],[24.551,60.763],[24.559,60.764],[24.623,60.756],[24.623,60.78],[24.653,60.768],[24.67,60.773],[24.691,60.751],[24.749,60.758],[24.732,60.775],[24.715,60.796],[24.713,60.798],[24.716,60.805],[24.724,60.815],[24.734,60.835],[24.756,60.838],[24.785,60.839],[24.791,60.833],[24.796,60.834],[24.795,60.839],[24.796,60.845],[24.805,60.851],[24.809,60.855],[24.809,60.869],[24.844,60.866],[24.843,60.863],[24.846,60.858],[24.852,60.854],[24.86,60.852],[24.866,60.849],[24.873,60.849],[24.883,60.845],[24.889,60.84],[24.903,60.839],[24.911,60.842],[24.914,60.846],[24.918,60.847],[24.929,60.844],[24.933,60.847],[24.941,60.847],[24.946,60.854],[24.948,60.86],[24.952,60.866],[24.946,60.873],[24.945,60.879],[24.94,60.882],[24.935,60.89],[24.965,60.886],[24.964,60.892],[24.993,60.9],[24.98,60.908]]]}},{"type":"Feature","properties":{"id":37090,"maakond_id":315,"name":"Kärkölä","bbox":[25.079,60.752,25.45,60.982]},"geometry":{"type":"Polygon","coordinates":[[[25.402,60.854],[25.386,60.863],[25.37,60.88],[25.331,60.888],[25.324,60.893],[25.319,60.901],[25.322,60.905],[25.327,60.908],[25.32,60.915],[25.316,60.916],[25.314,60.921],[25.31,60.923],[25.318,60.93],[25.318,60.932],[25.31,60.941],[25.313,60.944],[25.306,60.948],[25.306,60.951],[25.302,60.955],[25.288,60.973],[25.261,60.982],[25.247,60.972],[25.224,60.97],[25.212,60.965],[25.188,60.951],[25.17,60.926],[25.134,60.905],[25.125,60.886],[25.125,60.872],[25.12,60.869],[25.12,60.866],[25.115,60.863],[25.108,60.865],[25.101,60.866],[25.092,60.863],[25.084,60.855],[25.079,60.839],[25.092,60.822],[25.104,60.823],[25.111,60.819],[25.121,60.816],[25.172,60.82],[25.173,60.818],[25.184,60.818],[25.189,60.82],[25.184,60.825],[25.189,60.831],[25.188,60.834],[25.197,60.836],[25.196,60.84],[25.209,60.841],[25.221,60.804],[25.285,60.776],[25.298,60.752],[25.319,60.761],[25.382,60.753],[25.388,60.757],[25.417,60.78],[25.431,60.791],[25.433,60.795],[25.44,60.796],[25.445,60.8],[25.444,60.803],[25.45,60.812],[25.438,60.822],[25.432,60.824],[25.428,60.83],[25.428,60.833],[25.422,60.836],[25.415,60.838],[25.395,60.847],[25.402,60.854]]]}},{"type":"Feature","properties":{"id":37167,"maakond_id":315,"name":"Orimattila","bbox":[25.395,60.672,26.224,60.935]},"geometry":{"type":"Polygon","coordinates":[[[25.657,60.906],[25.663,60.903],[25.657,60.897],[25.652,60.894],[25.648,60.895],[25.642,60.893],[25.64,60.887],[25.644,60.881],[25.641,60.876],[25.621,60.878],[25.616,60.873],[25.605,60.871],[25.571,60.884],[25.54,60.868],[25.521,60.891],[25.518,60.895],[25.507,60.884],[25.486,60.875],[25.479,60.875],[25.474,60.873],[25.461,60.872],[25.447,60.862],[25.425,60.865],[25.416,60.865],[25.402,60.854],[25.395,60.847],[25.415,60.838],[25.422,60.836],[25.428,60.833],[25.428,60.83],[25.432,60.824],[25.438,60.822],[25.45,60.812],[25.444,60.803],[25.445,60.8],[25.44,60.796],[25.433,60.795],[25.457,60.795],[25.475,60.793],[25.496,60.767],[25.514,60.748],[25.525,60.719],[25.519,60.704],[25.593,60.678],[25.598,60.678],[25.611,60.672],[25.611,60.678],[25.617,60.68],[25.634,60.681],[25.641,60.678],[25.647,60.68],[25.644,60.688],[25.642,60.691],[25.649,60.694],[25.657,60.691],[25.68,60.692],[25.697,60.708],[25.723,60.718],[25.747,60.708],[25.769,60.709],[25.799,60.712],[25.831,60.714],[25.835,60.715],[25.859,60.732],[25.915,60.736],[25.934,60.706],[25.965,60.71],[26.028,60.717],[26.109,60.686],[26.142,60.69],[26.163,60.7],[26.214,60.716],[26.224,60.729],[26.208,60.758],[26.202,60.802],[26.164,60.821],[26.118,60.833],[26.112,60.83],[26.097,60.829],[26.093,60.831],[26.083,60.831],[26.084,60.834],[26.077,60.837],[26.081,60.842],[26.079,60.844],[26.085,60.85],[26.095,60.863],[26.103,60.867],[26.114,60.868],[26.122,60.87],[26.12,60.876],[26.114,60.881],[26.114,60.887],[26.126,60.9],[26.14,60.907],[26.122,60.908],[26.113,60.898],[26.113,60.897],[26.103,60.888],[26.086,60.892],[26.084,60.896],[26.051,60.898],[26.015,60.904],[25.977,60.924],[25.965,60.926],[25.959,60.929],[25.95,60.929],[25.945,60.914],[25.919,60.887],[25.876,60.892],[25.826,60.897],[25.816,60.896],[25.778,60.891],[25.781,60.919],[25.778,60.923],[25.758,60.918],[25.747,60.914],[25.741,60.919],[25.728,60.935],[25.713,60.921],[25.706,60.917],[25.697,60.917],[25.664,60.905],[25.657,60.906]]]}},{"type":"Feature","properties":{"id":37186,"maakond_id":315,"name":"Hollola","bbox":[25.008,60.854,25.822,61.151]},"geometry":{"type":"Polygon","coordinates":[[[25.402,60.854],[25.416,60.865],[25.425,60.865],[25.447,60.862],[25.461,60.872],[25.474,60.873],[25.479,60.875],[25.486,60.875],[25.507,60.884],[25.518,60.895],[25.521,60.891],[25.54,60.868],[25.571,60.884],[25.605,60.871],[25.616,60.873],[25.621,60.878],[25.641,60.876],[25.644,60.881],[25.64,60.887],[25.642,60.893],[25.648,60.895],[25.652,60.894],[25.657,60.897],[25.663,60.903],[25.657,60.906],[25.644,60.91],[25.65,60.914],[25.639,60.917],[25.637,60.92],[25.625,60.927],[25.623,60.93],[25.609,60.929],[25.607,60.933],[25.602,60.932],[25.599,60.926],[25.595,60.928],[25.576,60.93],[25.578,60.934],[25.571,60.936],[25.565,60.932],[25.556,60.934],[25.562,60.941],[25.558,60.944],[25.562,60.952],[25.565,60.953],[25.568,60.961],[25.556,60.971],[25.549,60.975],[25.553,60.979],[25.547,60.984],[25.54,60.998],[25.573,61.002],[25.584,61.014],[25.578,61.021],[25.595,61.026],[25.599,61.03],[25.591,61.031],[25.592,61.034],[25.585,61.039],[25.597,61.04],[25.6,61.034],[25.618,61.037],[25.622,61.033],[25.632,61.032],[25.641,61.033],[25.642,61.027],[25.653,61.03],[25.665,61.026],[25.673,61.03],[25.678,61.03],[25.685,61.027],[25.698,61.036],[25.714,61.03],[25.767,61.032],[25.808,61.041],[25.822,61.051],[25.73,61.066],[25.721,61.066],[25.746,61.085],[25.752,61.088],[25.783,61.096],[25.78,61.096],[25.776,61.107],[25.762,61.106],[25.764,61.103],[25.756,61.1],[25.748,61.104],[25.729,61.102],[25.678,61.102],[25.639,61.113],[25.608,61.116],[25.571,61.114],[25.562,61.115],[25.538,61.151],[25.477,61.123],[25.468,61.125],[25.437,61.117],[25.409,61.107],[25.392,61.111],[25.354,61.115],[25.335,61.111],[25.327,61.113],[25.303,61.103],[25.279,61.098],[25.274,61.101],[25.268,61.106],[25.264,61.107],[25.254,61.117],[25.24,61.115],[25.226,61.111],[25.213,61.103],[25.198,61.076],[25.17,61.074],[25.152,61.063],[25.057,61.05],[25.05,61.043],[25.04,61.034],[25.029,61.031],[25.041,61.019],[25.046,61.02],[25.044,61.01],[25.035,61.01],[25.026,61.004],[25.027,60.994],[25.053,61],[25.058,60.998],[25.051,60.995],[25.049,60.99],[25.058,60.988],[25.059,60.986],[25.04,60.968],[25.026,60.962],[25.019,60.945],[25.008,60.928],[25.028,60.928],[25.046,60.928],[25.094,60.919],[25.098,60.901],[25.105,60.881],[25.108,60.865],[25.115,60.863],[25.12,60.866],[25.12,60.869],[25.125,60.872],[25.125,60.886],[25.134,60.905],[25.17,60.926],[25.188,60.951],[25.212,60.965],[25.224,60.97],[25.247,60.972],[25.261,60.982],[25.288,60.973],[25.302,60.955],[25.306,60.951],[25.306,60.948],[25.313,60.944],[25.31,60.941],[25.318,60.932],[25.318,60.93],[25.31,60.923],[25.314,60.921],[25.316,60.916],[25.32,60.915],[25.327,60.908],[25.322,60.905],[25.319,60.901],[25.324,60.893],[25.331,60.888],[25.37,60.88],[25.386,60.863],[25.402,60.854]]]}},{"type":"Feature","properties":{"id":37194,"maakond_id":317,"name":"Pornainen","bbox":[25.204,60.406,25.51,60.554]},"geometry":{"type":"Polygon","coordinates":[[[25.415,60.542],[25.413,60.554],[25.342,60.545],[25.289,60.543],[25.262,60.542],[25.241,60.538],[25.244,60.536],[25.236,60.533],[25.22,60.529],[25.204,60.525],[25.224,60.502],[25.256,60.48],[25.27,60.473],[25.28,60.464],[25.297,60.456],[25.343,60.425],[25.363,60.406],[25.404,60.41],[25.45,60.418],[25.47,60.423],[25.487,60.428],[25.491,60.429],[25.51,60.44],[25.499,60.454],[25.475,60.464],[25.431,60.483],[25.434,60.501],[25.43,60.511],[25.422,60.517],[25.416,60.526],[25.414,60.53],[25.415,60.542]]]}},{"type":"Feature","properties":{"id":37197,"maakond_id":317,"name":"Porvoo","bbox":[25.329,59.928,26.271,60.551]},"geometry":{"type":"Polygon","coordinates":[[[25.823,60.551],[25.802,60.548],[25.758,60.542],[25.757,60.538],[25.762,60.534],[25.767,60.531],[25.768,60.526],[25.76,60.517],[25.754,60.518],[25.748,60.515],[25.732,60.503],[25.737,60.499],[25.727,60.489],[25.722,60.481],[25.713,60.48],[25.706,60.481],[25.702,60.483],[25.686,60.482],[25.675,60.49],[25.661,60.494],[25.653,60.502],[25.607,60.47],[25.606,60.472],[25.6,60.479],[25.6,60.482],[25.594,60.486],[25.59,60.492],[25.588,60.499],[25.583,60.494],[25.559,60.49],[25.547,60.486],[25.537,60.487],[25.53,60.489],[25.511,60.487],[25.506,60.487],[25.463,60.483],[25.431,60.483],[25.475,60.464],[25.499,60.454],[25.51,60.44],[25.491,60.429],[25.487,60.428],[25.47,60.423],[25.45,60.418],[25.404,60.41],[25.363,60.406],[25.366,60.399],[25.365,60.376],[25.412,60.336],[25.425,60.326],[25.466,60.294],[25.482,60.287],[25.481,60.284],[25.492,60.28],[25.495,60.281],[25.527,60.265],[25.489,60.24],[25.492,60.234],[25.411,60.184],[25.389,60.169],[25.367,60.126],[25.356,60.103],[25.346,60.048],[25.329,59.938],[25.414,59.934],[25.471,59.931],[25.583,59.928],[25.62,59.932],[25.819,59.954],[26.017,59.977],[26.075,60.014],[26.189,60.038],[26.271,60.045],[26.208,60.108],[26.144,60.172],[26.055,60.26],[25.983,60.247],[25.985,60.241],[25.966,60.238],[25.939,60.241],[25.93,60.24],[25.925,60.247],[25.931,60.248],[25.945,60.248],[25.955,60.251],[25.961,60.254],[25.96,60.256],[25.949,60.258],[25.943,60.264],[25.933,60.266],[25.931,60.268],[25.93,60.275],[25.927,60.282],[25.919,60.29],[25.918,60.313],[25.92,60.319],[25.923,60.334],[25.923,60.348],[25.927,60.355],[25.931,60.359],[25.935,60.366],[25.95,60.387],[25.947,60.408],[25.922,60.432],[25.907,60.437],[25.87,60.443],[25.855,60.454],[25.817,60.473],[25.801,60.487],[25.808,60.505],[25.817,60.522],[25.825,60.537],[25.826,60.549],[25.823,60.551]]]}},{"type":"Feature","properties":{"id":37202,"maakond_id":317,"name":"Askola","bbox":[25.414,60.47,25.823,60.614]},"geometry":{"type":"Polygon","coordinates":[[[25.431,60.483],[25.463,60.483],[25.506,60.487],[25.511,60.487],[25.53,60.489],[25.537,60.487],[25.547,60.486],[25.559,60.49],[25.583,60.494],[25.588,60.499],[25.59,60.492],[25.594,60.486],[25.6,60.482],[25.6,60.479],[25.606,60.472],[25.607,60.47],[25.653,60.502],[25.661,60.494],[25.675,60.49],[25.686,60.482],[25.702,60.483],[25.706,60.481],[25.713,60.48],[25.722,60.481],[25.727,60.489],[25.737,60.499],[25.732,60.503],[25.748,60.515],[25.754,60.518],[25.76,60.517],[25.768,60.526],[25.767,60.531],[25.762,60.534],[25.757,60.538],[25.758,60.542],[25.802,60.548],[25.823,60.551],[25.806,60.567],[25.789,60.576],[25.769,60.589],[25.708,60.602],[25.7,60.601],[25.66,60.614],[25.651,60.61],[25.643,60.604],[25.64,60.605],[25.601,60.607],[25.592,60.606],[25.589,60.609],[25.593,60.614],[25.576,60.614],[25.581,60.609],[25.558,60.599],[25.555,60.607],[25.541,60.606],[25.537,60.598],[25.531,60.595],[25.522,60.593],[25.517,60.59],[25.527,60.585],[25.516,60.58],[25.502,60.557],[25.478,60.551],[25.468,60.551],[25.415,60.542],[25.414,60.53],[25.416,60.526],[25.422,60.517],[25.43,60.511],[25.434,60.501],[25.431,60.483]]]}},{"type":"Feature","properties":{"id":37203,"maakond_id":317,"name":"Pukkila","bbox":[25.425,60.58,25.747,60.718]},"geometry":{"type":"Polygon","coordinates":[[[25.747,60.708],[25.723,60.718],[25.697,60.708],[25.68,60.692],[25.657,60.691],[25.649,60.694],[25.642,60.691],[25.644,60.688],[25.647,60.68],[25.641,60.678],[25.634,60.681],[25.617,60.68],[25.611,60.678],[25.611,60.672],[25.598,60.678],[25.593,60.678],[25.519,60.704],[25.481,60.696],[25.425,60.663],[25.432,60.643],[25.462,60.627],[25.488,60.601],[25.495,60.588],[25.516,60.58],[25.527,60.585],[25.517,60.59],[25.522,60.593],[25.531,60.595],[25.537,60.598],[25.541,60.606],[25.555,60.607],[25.558,60.599],[25.581,60.609],[25.576,60.614],[25.593,60.614],[25.589,60.609],[25.592,60.606],[25.601,60.607],[25.64,60.605],[25.643,60.604],[25.651,60.61],[25.66,60.614],[25.691,60.637],[25.717,60.646],[25.738,60.657],[25.747,60.708]]]}},{"type":"Feature","properties":{"id":37204,"maakond_id":317,"name":"Myrskylä","bbox":[25.66,60.549,26.015,60.736]},"geometry":{"type":"Polygon","coordinates":[[[26.001,60.644],[25.995,60.648],[25.958,60.648],[25.905,60.637],[25.924,60.66],[25.941,60.682],[25.935,60.699],[25.934,60.706],[25.915,60.736],[25.859,60.732],[25.835,60.715],[25.831,60.714],[25.799,60.712],[25.769,60.709],[25.747,60.708],[25.738,60.657],[25.717,60.646],[25.691,60.637],[25.66,60.614],[25.7,60.601],[25.708,60.602],[25.769,60.589],[25.789,60.576],[25.806,60.567],[25.823,60.551],[25.826,60.549],[25.829,60.557],[25.854,60.573],[25.917,60.57],[25.938,60.573],[25.969,60.592],[25.96,60.598],[25.955,60.603],[25.957,60.607],[25.951,60.61],[25.946,60.615],[25.955,60.616],[25.963,60.615],[25.969,60.618],[25.987,60.62],[26.005,60.618],[26.013,60.621],[26.015,60.624],[26.001,60.644]]]}},{"type":"Feature","properties":{"id":37224,"maakond_id":317,"name":"Kauniainen","bbox":[24.675,60.203,24.751,60.226]},"geometry":{"type":"Polygon","coordinates":[[[24.691,60.219],[24.678,60.215],[24.675,60.211],[24.69,60.207],[24.7,60.207],[24.705,60.206],[24.714,60.21],[24.72,60.208],[24.716,60.204],[24.722,60.203],[24.728,60.206],[24.731,60.205],[24.739,60.207],[24.743,60.215],[24.751,60.218],[24.749,60.221],[24.742,60.219],[24.73,60.224],[24.725,60.222],[24.719,60.222],[24.713,60.226],[24.706,60.225],[24.691,60.219]]]}},{"type":"Feature","properties":{"id":38033,"maakond_id":317,"name":"Hanko","bbox":[22.659,59.611,23.295,59.937]},"geometry":{"type":"Polygon","coordinates":[[[23.215,59.651],[23.219,59.758],[23.262,59.814],[23.288,59.835],[23.283,59.842],[23.285,59.854],[23.262,59.855],[23.253,59.864],[23.277,59.889],[23.287,59.893],[23.295,59.902],[23.281,59.906],[23.246,59.923],[23.242,59.925],[23.239,59.928],[23.229,59.929],[23.219,59.932],[23.207,59.924],[23.198,59.921],[23.182,59.914],[23.179,59.911],[23.162,59.907],[23.161,59.903],[23.141,59.907],[23.137,59.917],[23.125,59.925],[23.138,59.931],[23.132,59.937],[23.12,59.936],[23.091,59.936],[23.05,59.903],[23.047,59.904],[23.04,59.901],[23.01,59.882],[23.003,59.893],[22.992,59.893],[22.987,59.879],[22.955,59.882],[22.848,59.869],[22.814,59.878],[22.811,59.851],[22.808,59.847],[22.766,59.777],[22.742,59.743],[22.659,59.611],[22.719,59.618],[22.857,59.636],[23.052,59.644],[23.215,59.651]]]}},{"type":"Feature","properties":{"id":38111,"maakond_id":318,"name":"Somero","bbox":[23.155,60.467,23.921,60.774]},"geometry":{"type":"Polygon","coordinates":[[[23.408,60.74],[23.333,60.718],[23.286,60.726],[23.279,60.726],[23.277,60.719],[23.279,60.718],[23.278,60.711],[23.258,60.727],[23.245,60.733],[23.238,60.735],[23.183,60.758],[23.155,60.774],[23.188,60.737],[23.218,60.681],[23.226,60.681],[23.235,60.677],[23.243,60.676],[23.219,60.643],[23.259,60.627],[23.208,60.586],[23.243,60.587],[23.3,60.582],[23.326,60.571],[23.335,60.569],[23.337,60.567],[23.363,60.555],[23.386,60.549],[23.396,60.546],[23.453,60.574],[23.455,60.578],[23.462,60.579],[23.487,60.59],[23.492,60.595],[23.516,60.596],[23.502,60.553],[23.498,60.551],[23.5,60.548],[23.496,60.537],[23.498,60.535],[23.513,60.521],[23.522,60.519],[23.519,60.517],[23.539,60.509],[23.607,60.5],[23.599,60.499],[23.582,60.503],[23.575,60.503],[23.586,60.484],[23.617,60.488],[23.619,60.485],[23.643,60.467],[23.713,60.498],[23.737,60.49],[23.823,60.495],[23.838,60.491],[23.868,60.505],[23.872,60.508],[23.865,60.521],[23.856,60.526],[23.852,60.531],[23.854,60.533],[23.865,60.536],[23.864,60.539],[23.846,60.554],[23.844,60.556],[23.888,60.559],[23.889,60.574],[23.908,60.587],[23.921,60.606],[23.866,60.619],[23.901,60.65],[23.887,60.65],[23.877,60.651],[23.872,60.654],[23.865,60.651],[23.814,60.656],[23.748,60.653],[23.714,60.664],[23.684,60.657],[23.673,60.671],[23.682,60.683],[23.626,60.694],[23.59,60.696],[23.576,60.694],[23.539,60.704],[23.529,60.718],[23.5,60.727],[23.502,60.744],[23.49,60.745],[23.488,60.748],[23.48,60.746],[23.454,60.749],[23.408,60.74]]]}},{"type":"Feature","properties":{"id":75300,"maakond_id":311,"name":"Nokia","bbox":[23.137,61.328,23.613,61.572]},"geometry":{"type":"Polygon","coordinates":[[[23.542,61.533],[23.531,61.541],[23.506,61.551],[23.442,61.572],[23.43,61.551],[23.393,61.529],[23.384,61.52],[23.381,61.52],[23.328,61.522],[23.32,61.524],[23.277,61.519],[23.267,61.52],[23.194,61.538],[23.194,61.528],[23.204,61.519],[23.207,61.495],[23.203,61.474],[23.194,61.473],[23.189,61.471],[23.182,61.472],[23.139,61.468],[23.137,61.463],[23.156,61.458],[23.175,61.454],[23.186,61.456],[23.194,61.458],[23.206,61.454],[23.19,61.444],[23.171,61.436],[23.19,61.431],[23.189,61.427],[23.207,61.408],[23.213,61.403],[23.215,61.399],[23.236,61.372],[23.243,61.365],[23.256,61.359],[23.234,61.342],[23.221,61.328],[23.276,61.356],[23.325,61.35],[23.364,61.337],[23.412,61.328],[23.422,61.328],[23.424,61.336],[23.441,61.334],[23.448,61.335],[23.45,61.338],[23.446,61.341],[23.438,61.344],[23.401,61.356],[23.393,61.361],[23.4,61.364],[23.418,61.369],[23.419,61.372],[23.41,61.379],[23.425,61.381],[23.438,61.385],[23.44,61.387],[23.448,61.388],[23.456,61.386],[23.469,61.389],[23.478,61.397],[23.477,61.403],[23.485,61.407],[23.486,61.418],[23.491,61.423],[23.503,61.424],[23.508,61.428],[23.508,61.431],[23.518,61.435],[23.547,61.469],[23.568,61.476],[23.591,61.474],[23.613,61.478],[23.608,61.484],[23.597,61.487],[23.59,61.493],[23.567,61.493],[23.572,61.504],[23.555,61.515],[23.542,61.533]]]}},{"type":"Feature","properties":{"id":156823,"maakond_id":311,"name":"Ylöjärvi","bbox":[23.208,61.516,23.885,62.165]},"geometry":{"type":"Polygon","coordinates":[[[23.295,62.083],[23.325,62.077],[23.326,62.071],[23.354,62.072],[23.365,62.071],[23.366,62.038],[23.35,62.02],[23.357,62.006],[23.329,61.986],[23.326,61.983],[23.321,61.983],[23.315,61.98],[23.309,61.966],[23.306,61.966],[23.302,61.96],[23.311,61.95],[23.364,61.931],[23.388,61.928],[23.427,61.919],[23.43,61.915],[23.443,61.917],[23.448,61.915],[23.45,61.91],[23.447,61.907],[23.444,61.902],[23.447,61.9],[23.455,61.9],[23.458,61.888],[23.458,61.881],[23.451,61.881],[23.448,61.874],[23.465,61.875],[23.468,61.87],[23.495,61.876],[23.497,61.865],[23.513,61.863],[23.535,61.869],[23.538,61.865],[23.515,61.859],[23.522,61.853],[23.584,61.857],[23.592,61.856],[23.593,61.823],[23.594,61.819],[23.527,61.814],[23.512,61.812],[23.458,61.817],[23.446,61.81],[23.418,61.811],[23.415,61.806],[23.39,61.796],[23.371,61.788],[23.36,61.774],[23.351,61.779],[23.343,61.784],[23.336,61.785],[23.319,61.768],[23.343,61.765],[23.351,61.76],[23.311,61.746],[23.304,61.745],[23.292,61.749],[23.282,61.749],[23.259,61.757],[23.21,61.734],[23.226,61.701],[23.223,61.688],[23.214,61.666],[23.208,61.655],[23.222,61.662],[23.258,61.665],[23.309,61.666],[23.311,61.655],[23.323,61.644],[23.335,61.637],[23.366,61.658],[23.383,61.668],[23.41,61.686],[23.428,61.682],[23.425,61.68],[23.431,61.677],[23.436,61.671],[23.448,61.671],[23.5,61.698],[23.483,61.678],[23.492,61.65],[23.479,61.628],[23.489,61.609],[23.493,61.586],[23.486,61.582],[23.442,61.572],[23.506,61.551],[23.531,61.541],[23.542,61.533],[23.547,61.532],[23.558,61.526],[23.565,61.526],[23.579,61.521],[23.586,61.516],[23.606,61.523],[23.642,61.527],[23.646,61.53],[23.655,61.531],[23.672,61.542],[23.674,61.539],[23.683,61.537],[23.7,61.536],[23.707,61.54],[23.723,61.537],[23.763,61.54],[23.748,61.606],[23.724,61.648],[23.721,61.671],[23.726,61.686],[23.757,61.691],[23.779,61.726],[23.764,61.735],[23.756,61.75],[23.765,61.765],[23.756,61.769],[23.762,61.772],[23.767,61.773],[23.783,61.789],[23.803,61.794],[23.808,61.822],[23.856,61.837],[23.837,61.837],[23.834,61.844],[23.871,61.859],[23.885,61.867],[23.88,61.88],[23.859,61.896],[23.841,61.932],[23.844,61.95],[23.813,61.971],[23.784,61.967],[23.775,62],[23.768,62.003],[23.76,62.01],[23.728,62.033],[23.698,62.031],[23.688,62.078],[23.682,62.078],[23.681,62.084],[23.643,62.074],[23.538,62.118],[23.525,62.121],[23.424,62.158],[23.374,62.165],[23.363,62.153],[23.331,62.133],[23.306,62.111],[23.293,62.107],[23.295,62.083]]]}},{"type":"Feature","properties":{"id":345901,"maakond_id":315,"name":"Lahti","bbox":[25.54,60.887,26.169,61.103]},"geometry":{"type":"Polygon","coordinates":[[[25.657,60.906],[25.664,60.905],[25.697,60.917],[25.706,60.917],[25.713,60.921],[25.728,60.935],[25.741,60.919],[25.747,60.914],[25.758,60.918],[25.778,60.923],[25.781,60.919],[25.778,60.891],[25.816,60.896],[25.826,60.897],[25.876,60.892],[25.919,60.887],[25.945,60.914],[25.95,60.929],[25.959,60.929],[25.965,60.926],[25.977,60.924],[26.015,60.904],[26.051,60.898],[26.084,60.896],[26.086,60.892],[26.103,60.888],[26.113,60.897],[26.113,60.898],[26.122,60.908],[26.14,60.907],[26.16,60.919],[26.169,60.929],[26.06,60.936],[26.042,60.973],[26.047,60.974],[26.05,60.979],[26.048,60.983],[26.054,60.985],[26.062,60.985],[26.066,60.984],[26.062,60.979],[26.066,60.974],[26.076,60.971],[26.117,60.985],[26.121,61.008],[26.133,61.028],[26.122,61.035],[26.118,61.041],[26.12,61.045],[26.109,61.049],[26.105,61.051],[26.107,61.077],[26.046,61.094],[26.051,61.101],[26.028,61.095],[26.009,61.071],[25.992,61.086],[25.937,61.071],[25.922,61.078],[25.906,61.079],[25.858,61.103],[25.794,61.098],[25.783,61.096],[25.752,61.088],[25.746,61.085],[25.721,61.066],[25.73,61.066],[25.822,61.051],[25.808,61.041],[25.767,61.032],[25.714,61.03],[25.698,61.036],[25.685,61.027],[25.678,61.03],[25.673,61.03],[25.665,61.026],[25.653,61.03],[25.642,61.027],[25.641,61.033],[25.632,61.032],[25.622,61.033],[25.618,61.037],[25.6,61.034],[25.597,61.04],[25.585,61.039],[25.592,61.034],[25.591,61.031],[25.599,61.03],[25.595,61.026],[25.578,61.021],[25.584,61.014],[25.573,61.002],[25.54,60.998],[25.547,60.984],[25.553,60.979],[25.549,60.975],[25.556,60.971],[25.568,60.961],[25.565,60.953],[25.562,60.952],[25.558,60.944],[25.562,60.941],[25.556,60.934],[25.565,60.932],[25.571,60.936],[25.578,60.934],[25.576,60.93],[25.595,60.928],[25.599,60.926],[25.602,60.932],[25.607,60.933],[25.609,60.929],[25.623,60.93],[25.625,60.927],[25.637,60.92],[25.639,60.917],[25.65,60.914],[25.644,60.91],[25.657,60.906]]]}},{"type":"Feature","properties":{"id":399906,"maakond_id":318,"name":"Turku","bbox":[22.066,60.334,22.454,60.737]},"geometry":{"type":"Polygon","coordinates":[[[22.415,60.737],[22.404,60.689],[22.396,60.653],[22.39,60.649],[22.394,60.647],[22.393,60.642],[22.386,60.638],[22.391,60.635],[22.388,60.63],[22.374,60.618],[22.363,60.611],[22.324,60.592],[22.302,60.571],[22.294,60.548],[22.284,60.536],[22.282,60.529],[22.278,60.53],[22.265,60.518],[22.258,60.523],[22.254,60.518],[22.247,60.521],[22.229,60.525],[22.222,60.523],[22.242,60.515],[22.234,60.511],[22.246,60.505],[22.249,60.503],[22.234,60.491],[22.222,60.49],[22.222,60.488],[22.208,60.483],[22.211,60.479],[22.207,60.474],[22.203,60.476],[22.197,60.469],[22.193,60.469],[22.19,60.461],[22.181,60.463],[22.167,60.463],[22.16,60.462],[22.154,60.464],[22.136,60.465],[22.122,60.462],[22.117,60.459],[22.113,60.453],[22.109,60.455],[22.108,60.448],[22.104,60.441],[22.087,60.439],[22.079,60.434],[22.076,60.429],[22.08,60.421],[22.085,60.419],[22.085,60.413],[22.088,60.407],[22.09,60.395],[22.079,60.38],[22.073,60.377],[22.066,60.365],[22.073,60.36],[22.079,60.36],[22.089,60.358],[22.073,60.347],[22.073,60.342],[22.08,60.343],[22.107,60.338],[22.127,60.342],[22.136,60.34],[22.159,60.339],[22.169,60.34],[22.183,60.336],[22.196,60.334],[22.201,60.334],[22.212,60.334],[22.221,60.34],[22.232,60.337],[22.243,60.339],[22.255,60.344],[22.273,60.343],[22.287,60.347],[22.304,60.346],[22.309,60.348],[22.316,60.356],[22.311,60.362],[22.305,60.368],[22.308,60.371],[22.305,60.373],[22.303,60.381],[22.288,60.382],[22.282,60.386],[22.284,60.391],[22.28,60.398],[22.274,60.403],[22.286,60.409],[22.304,60.41],[22.329,60.418],[22.34,60.424],[22.351,60.426],[22.363,60.43],[22.367,60.434],[22.362,60.44],[22.369,60.441],[22.351,60.461],[22.344,60.467],[22.338,60.466],[22.331,60.471],[22.34,60.478],[22.351,60.48],[22.36,60.476],[22.365,60.478],[22.373,60.486],[22.364,60.488],[22.353,60.493],[22.363,60.501],[22.362,60.504],[22.372,60.512],[22.382,60.524],[22.374,60.53],[22.372,60.541],[22.372,60.547],[22.38,60.562],[22.406,60.588],[22.412,60.586],[22.417,60.59],[22.413,60.593],[22.43,60.602],[22.437,60.618],[22.441,60.617],[22.444,60.623],[22.443,60.628],[22.448,60.628],[22.443,60.634],[22.446,60.641],[22.45,60.648],[22.453,60.651],[22.452,60.658],[22.454,60.676],[22.451,60.69],[22.415,60.737]]]}},{"type":"Feature","properties":{"id":403011,"maakond_id":310,"name":"Tornio","bbox":[23.885,65.613,24.792,66.332]},"geometry":{"type":"Polygon","coordinates":[[[23.892,66.168],[23.904,66.164],[23.916,66.162],[23.922,66.159],[23.93,66.149],[23.927,66.145],[23.916,66.14],[23.914,66.136],[23.934,66.126],[23.942,66.12],[23.936,66.113],[23.945,66.108],[23.945,66.103],[23.94,66.099],[23.936,66.09],[23.937,66.08],[23.938,66.077],[23.947,66.072],[23.956,66.07],[23.964,66.063],[23.976,66.057],[23.984,66.05],[23.985,66.047],[23.995,66.037],[24.014,66.023],[24.036,66.01],[24.045,66.002],[24.049,65.995],[24.049,65.98],[24.053,65.975],[24.043,65.971],[24.043,65.962],[24.05,65.957],[24.054,65.951],[24.061,65.95],[24.065,65.947],[24.074,65.944],[24.081,65.936],[24.088,65.931],[24.098,65.93],[24.106,65.931],[24.112,65.931],[24.118,65.926],[24.115,65.918],[24.11,65.913],[24.115,65.905],[24.115,65.9],[24.118,65.895],[24.133,65.888],[24.139,65.877],[24.153,65.863],[24.144,65.862],[24.132,65.863],[24.126,65.858],[24.125,65.851],[24.139,65.846],[24.145,65.841],[24.149,65.832],[24.155,65.816],[24.143,65.803],[24.134,65.797],[24.128,65.785],[24.128,65.778],[24.132,65.772],[24.172,65.725],[24.165,65.695],[24.178,65.66],[24.162,65.619],[24.16,65.613],[24.341,65.714],[24.402,65.749],[24.436,65.767],[24.449,65.78],[24.454,65.788],[24.452,65.791],[24.462,65.799],[24.468,65.8],[24.466,65.803],[24.457,65.8],[24.45,65.803],[24.465,65.81],[24.475,65.81],[24.481,65.811],[24.483,65.815],[24.479,65.82],[24.488,65.819],[24.497,65.828],[24.498,65.833],[24.492,65.837],[24.496,65.842],[24.502,65.841],[24.515,65.844],[24.517,65.847],[24.515,65.853],[24.525,65.861],[24.524,65.868],[24.516,65.868],[24.515,65.874],[24.523,65.874],[24.519,65.926],[24.515,65.971],[24.515,65.98],[24.51,66.03],[24.502,66.115],[24.497,66.157],[24.501,66.158],[24.494,66.186],[24.553,66.213],[24.616,66.242],[24.664,66.266],[24.7,66.284],[24.729,66.299],[24.792,66.332],[24.578,66.302],[24.339,66.267],[24.237,66.252],[24.234,66.254],[24.242,66.257],[24.236,66.263],[24.223,66.26],[24.203,66.27],[24.189,66.266],[24.198,66.261],[24.191,66.257],[24.193,66.254],[24.205,66.248],[24.107,66.233],[23.991,66.215],[23.886,66.199],[23.887,66.193],[23.885,66.185],[23.888,66.18],[23.896,66.175],[23.892,66.168]]]}},{"type":"Feature","properties":{"id":405791,"maakond_id":312,"name":"Rääkkylä","bbox":[29.296,62.146,30.035,62.407]},"geometry":{"type":"Polygon","coordinates":[[[29.43,62.237],[29.481,62.235],[29.544,62.204],[29.613,62.175],[29.638,62.186],[29.66,62.186],[29.707,62.173],[29.731,62.178],[29.742,62.18],[29.746,62.187],[29.766,62.188],[29.784,62.195],[29.806,62.187],[29.847,62.182],[29.862,62.178],[29.87,62.177],[29.891,62.167],[29.951,62.146],[29.947,62.16],[29.917,62.175],[29.915,62.179],[29.933,62.192],[29.919,62.198],[29.912,62.203],[29.91,62.205],[29.9,62.207],[29.884,62.211],[29.878,62.212],[29.876,62.215],[29.91,62.232],[29.945,62.225],[29.946,62.233],[29.974,62.234],[29.968,62.244],[29.972,62.245],[29.977,62.241],[29.983,62.24],[30.005,62.244],[29.985,62.264],[29.969,62.27],[29.963,62.283],[29.981,62.289],[30.032,62.287],[30.035,62.288],[29.993,62.359],[29.992,62.364],[29.986,62.366],[29.969,62.367],[29.95,62.37],[29.945,62.368],[29.89,62.373],[29.883,62.376],[29.858,62.383],[29.846,62.392],[29.845,62.397],[29.836,62.4],[29.83,62.404],[29.763,62.407],[29.763,62.398],[29.705,62.387],[29.646,62.36],[29.539,62.407],[29.518,62.4],[29.296,62.387],[29.308,62.334],[29.351,62.293],[29.369,62.276],[29.375,62.269],[29.394,62.25],[29.43,62.237]]]}},{"type":"Feature","properties":{"id":452116,"maakond_id":317,"name":"Raseborg","bbox":[22.788,59.651,23.983,60.206]},"geometry":{"type":"Polygon","coordinates":[[[23.942,60.129],[23.916,60.148],[23.901,60.162],[23.9,60.173],[23.904,60.178],[23.908,60.186],[23.902,60.192],[23.899,60.206],[23.879,60.203],[23.882,60.199],[23.879,60.197],[23.865,60.195],[23.839,60.19],[23.836,60.192],[23.826,60.198],[23.81,60.189],[23.787,60.188],[23.766,60.178],[23.735,60.17],[23.718,60.168],[23.704,60.169],[23.691,60.171],[23.686,60.171],[23.678,60.174],[23.665,60.169],[23.652,60.171],[23.622,60.166],[23.611,60.169],[23.605,60.175],[23.603,60.184],[23.617,60.188],[23.62,60.194],[23.607,60.192],[23.587,60.2],[23.554,60.202],[23.539,60.198],[23.47,60.173],[23.425,60.168],[23.415,60.165],[23.379,60.167],[23.363,60.15],[23.316,60.172],[23.319,60.181],[23.327,60.186],[23.326,60.189],[23.318,60.187],[23.306,60.189],[23.296,60.186],[23.289,60.179],[23.282,60.177],[23.278,60.172],[23.278,60.166],[23.275,60.164],[23.278,60.16],[23.278,60.154],[23.272,60.154],[23.241,60.144],[23.233,60.14],[23.215,60.136],[23.216,60.133],[23.209,60.131],[23.2,60.134],[23.196,60.134],[23.197,60.123],[23.149,60.1],[23.073,60.091],[23.07,60.097],[23.056,60.089],[23.029,60.101],[23.02,60.105],[22.987,60.096],[22.96,60.071],[22.973,60.064],[22.984,60.043],[22.98,60.034],[22.954,59.999],[22.917,59.998],[22.851,59.995],[22.848,60.03],[22.801,60.025],[22.788,60.002],[22.792,59.96],[22.823,59.933],[22.821,59.923],[22.814,59.878],[22.848,59.869],[22.955,59.882],[22.987,59.879],[22.992,59.893],[23.003,59.893],[23.01,59.882],[23.04,59.901],[23.047,59.904],[23.05,59.903],[23.091,59.936],[23.12,59.936],[23.132,59.937],[23.138,59.931],[23.125,59.925],[23.137,59.917],[23.141,59.907],[23.161,59.903],[23.162,59.907],[23.179,59.911],[23.182,59.914],[23.198,59.921],[23.207,59.924],[23.219,59.932],[23.229,59.929],[23.239,59.928],[23.242,59.925],[23.246,59.923],[23.281,59.906],[23.295,59.902],[23.287,59.893],[23.277,59.889],[23.253,59.864],[23.262,59.855],[23.285,59.854],[23.283,59.842],[23.288,59.835],[23.262,59.814],[23.219,59.758],[23.215,59.651],[23.352,59.657],[23.457,59.672],[23.688,59.707],[23.802,59.724],[23.983,59.751],[23.926,59.816],[23.868,59.882],[23.839,59.915],[23.839,59.917],[23.828,59.917],[23.819,59.919],[23.811,59.917],[23.801,59.921],[23.801,59.926],[23.805,59.926],[23.82,59.93],[23.817,59.932],[23.807,59.932],[23.805,59.936],[23.82,59.946],[23.807,59.961],[23.833,59.971],[23.83,59.974],[23.839,59.981],[23.832,59.983],[23.791,60.002],[23.773,60],[23.758,60.007],[23.753,60.027],[23.759,60.039],[23.774,60.045],[23.777,60.045],[23.829,60.045],[23.875,60.048],[23.842,60.068],[23.841,60.08],[23.83,60.084],[23.826,60.09],[23.822,60.093],[23.822,60.097],[23.82,60.112],[23.815,60.124],[23.865,60.137],[23.896,60.133],[23.915,60.129],[23.942,60.129]]]}},{"type":"Feature","properties":{"id":569407,"maakond_id":307,"name":"Jyväskylä","bbox":[25.261,61.839,26.051,62.429]},"geometry":{"type":"Polygon","coordinates":[[[26.05,62.181],[26.04,62.191],[26.019,62.224],[26.028,62.232],[26.035,62.233],[26.039,62.23],[26.038,62.227],[26.042,62.224],[26.045,62.235],[26.051,62.237],[26.045,62.264],[26.051,62.268],[25.996,62.28],[25.962,62.299],[25.937,62.271],[25.926,62.271],[25.922,62.28],[25.894,62.281],[25.879,62.273],[25.881,62.293],[25.868,62.292],[25.863,62.285],[25.857,62.288],[25.85,62.287],[25.856,62.296],[25.817,62.306],[25.829,62.334],[25.846,62.349],[25.842,62.368],[25.819,62.381],[25.786,62.39],[25.744,62.38],[25.696,62.397],[25.696,62.401],[25.676,62.41],[25.658,62.412],[25.646,62.42],[25.63,62.422],[25.617,62.427],[25.579,62.429],[25.55,62.403],[25.548,62.403],[25.505,62.378],[25.496,62.384],[25.49,62.398],[25.448,62.394],[25.439,62.392],[25.408,62.39],[25.405,62.398],[25.387,62.397],[25.386,62.398],[25.361,62.396],[25.367,62.384],[25.325,62.377],[25.312,62.392],[25.285,62.389],[25.302,62.365],[25.37,62.377],[25.379,62.372],[25.443,62.357],[25.445,62.345],[25.489,62.346],[25.464,62.316],[25.456,62.307],[25.413,62.266],[25.423,62.245],[25.385,62.244],[25.335,62.233],[25.347,62.198],[25.346,62.197],[25.33,62.182],[25.318,62.175],[25.285,62.152],[25.314,62.123],[25.348,62.11],[25.313,62.088],[25.317,62.082],[25.283,62.071],[25.261,62.048],[25.295,62.045],[25.337,62.042],[25.339,62.029],[25.343,62.021],[25.343,62.016],[25.371,62.006],[25.324,61.988],[25.33,61.978],[25.338,61.98],[25.34,61.976],[25.346,61.975],[25.342,61.969],[25.334,61.964],[25.341,61.963],[25.336,61.951],[25.351,61.946],[25.366,61.956],[25.406,61.936],[25.408,61.93],[25.425,61.931],[25.429,61.929],[25.443,61.931],[25.447,61.917],[25.596,61.839],[25.606,61.854],[25.622,61.859],[25.66,61.859],[25.668,61.858],[25.752,61.85],[25.794,61.892],[25.85,61.891],[25.889,61.907],[25.929,61.935],[25.93,61.936],[25.985,61.966],[25.978,61.976],[25.973,61.978],[25.964,61.98],[25.962,61.986],[25.951,61.997],[25.836,62.044],[25.77,62.049],[25.768,62.064],[25.693,62.076],[25.667,62.076],[25.664,62.075],[25.634,62.069],[25.634,62.067],[25.608,62.071],[25.583,62.07],[25.539,62.072],[25.531,62.073],[25.534,62.084],[25.48,62.086],[25.506,62.121],[25.509,62.121],[25.52,62.128],[25.527,62.139],[25.537,62.141],[25.542,62.16],[25.526,62.158],[25.51,62.158],[25.501,62.166],[25.501,62.176],[25.493,62.177],[25.479,62.184],[25.478,62.188],[25.482,62.189],[25.48,62.193],[25.475,62.197],[25.476,62.199],[25.471,62.203],[25.474,62.209],[25.478,62.21],[25.489,62.223],[25.489,62.227],[25.494,62.233],[25.498,62.231],[25.504,62.231],[25.529,62.231],[25.571,62.243],[25.586,62.223],[25.585,62.2],[25.59,62.188],[25.6,62.186],[25.666,62.203],[25.67,62.192],[25.693,62.176],[25.737,62.169],[25.748,62.182],[25.762,62.18],[25.794,62.152],[25.763,62.152],[25.75,62.144],[25.72,62.152],[25.705,62.142],[25.711,62.139],[25.729,62.133],[25.733,62.108],[25.762,62.103],[25.762,62.099],[25.795,62.094],[25.795,62.113],[25.804,62.128],[25.82,62.127],[25.832,62.131],[25.839,62.131],[25.852,62.135],[25.862,62.133],[25.913,62.09],[25.961,62.075],[25.947,62.106],[25.941,62.137],[25.978,62.17],[26.049,62.171],[26.049,62.18],[26.038,62.18],[26.035,62.184],[26.027,62.184],[26.021,62.181],[26.012,62.185],[26.005,62.192],[26.012,62.195],[26.018,62.203],[26.035,62.186],[26.05,62.181]]]}},{"type":"Feature","properties":{"id":569408,"maakond_id":307,"name":"Muurame","bbox":[25.471,62.064,25.795,62.243]},"geometry":{"type":"Polygon","coordinates":[[[25.768,62.064],[25.795,62.083],[25.795,62.094],[25.762,62.099],[25.762,62.103],[25.733,62.108],[25.729,62.133],[25.711,62.139],[25.705,62.142],[25.72,62.152],[25.75,62.144],[25.763,62.152],[25.794,62.152],[25.762,62.18],[25.748,62.182],[25.737,62.169],[25.693,62.176],[25.67,62.192],[25.666,62.203],[25.6,62.186],[25.59,62.188],[25.585,62.2],[25.586,62.223],[25.571,62.243],[25.529,62.231],[25.504,62.231],[25.498,62.231],[25.494,62.233],[25.489,62.227],[25.489,62.223],[25.478,62.21],[25.474,62.209],[25.471,62.203],[25.476,62.199],[25.475,62.197],[25.48,62.193],[25.482,62.189],[25.478,62.188],[25.479,62.184],[25.493,62.177],[25.501,62.176],[25.501,62.166],[25.51,62.158],[25.526,62.158],[25.542,62.16],[25.537,62.141],[25.527,62.139],[25.52,62.128],[25.509,62.121],[25.506,62.121],[25.48,62.086],[25.534,62.084],[25.531,62.073],[25.539,62.072],[25.583,62.07],[25.608,62.071],[25.634,62.067],[25.634,62.069],[25.664,62.075],[25.667,62.076],[25.693,62.076],[25.768,62.064]]]}},{"type":"Feature","properties":{"id":569417,"maakond_id":307,"name":"Laukaa","bbox":[25.579,62.181,26.331,62.584]},"geometry":{"type":"Polygon","coordinates":[[[26.036,62.584],[25.939,62.527],[25.933,62.525],[25.885,62.54],[25.827,62.545],[25.825,62.543],[25.832,62.538],[25.843,62.536],[25.846,62.534],[25.845,62.53],[25.84,62.529],[25.844,62.524],[25.835,62.522],[25.827,62.519],[25.821,62.518],[25.805,62.509],[25.797,62.513],[25.73,62.502],[25.728,62.49],[25.722,62.49],[25.714,62.48],[25.694,62.482],[25.695,62.492],[25.623,62.477],[25.603,62.45],[25.579,62.429],[25.617,62.427],[25.63,62.422],[25.646,62.42],[25.658,62.412],[25.676,62.41],[25.696,62.401],[25.696,62.397],[25.744,62.38],[25.786,62.39],[25.819,62.381],[25.842,62.368],[25.846,62.349],[25.829,62.334],[25.817,62.306],[25.856,62.296],[25.85,62.287],[25.857,62.288],[25.863,62.285],[25.868,62.292],[25.881,62.293],[25.879,62.273],[25.894,62.281],[25.922,62.28],[25.926,62.271],[25.937,62.271],[25.962,62.299],[25.996,62.28],[26.051,62.268],[26.045,62.264],[26.051,62.237],[26.045,62.235],[26.042,62.224],[26.038,62.227],[26.039,62.23],[26.035,62.233],[26.028,62.232],[26.019,62.224],[26.04,62.191],[26.05,62.181],[26.078,62.189],[26.08,62.193],[26.121,62.23],[26.134,62.236],[26.194,62.222],[26.196,62.224],[26.25,62.232],[26.252,62.228],[26.245,62.224],[26.331,62.213],[26.319,62.221],[26.296,62.261],[26.324,62.266],[26.319,62.268],[26.305,62.282],[26.299,62.291],[26.295,62.3],[26.198,62.355],[26.232,62.359],[26.253,62.357],[26.26,62.352],[26.279,62.345],[26.279,62.375],[26.31,62.404],[26.258,62.408],[26.24,62.446],[26.232,62.457],[26.219,62.491],[26.204,62.491],[26.177,62.479],[26.14,62.489],[26.088,62.528],[26.036,62.584]]]}},{"type":"Feature","properties":{"id":918895,"maakond_id":303,"name":"Pieksämäki","bbox":[26.662,62.006,27.693,62.53]},"geometry":{"type":"Polygon","coordinates":[[[26.683,62.308],[26.705,62.287],[26.702,62.284],[26.71,62.269],[26.725,62.248],[26.728,62.246],[26.726,62.239],[26.731,62.229],[26.729,62.225],[26.722,62.23],[26.718,62.234],[26.711,62.238],[26.702,62.234],[26.693,62.236],[26.691,62.239],[26.694,62.242],[26.69,62.249],[26.687,62.251],[26.678,62.25],[26.676,62.238],[26.685,62.229],[26.692,62.223],[26.69,62.222],[26.694,62.215],[26.702,62.209],[26.713,62.204],[26.723,62.194],[26.727,62.196],[26.727,62.211],[26.738,62.199],[26.744,62.195],[26.75,62.189],[26.763,62.183],[26.769,62.182],[26.778,62.177],[26.78,62.182],[26.789,62.181],[26.793,62.183],[26.805,62.179],[26.821,62.168],[26.821,62.158],[26.845,62.134],[26.852,62.131],[26.853,62.129],[26.859,62.129],[26.866,62.135],[26.876,62.139],[26.884,62.14],[26.895,62.138],[26.903,62.128],[26.91,62.125],[26.918,62.119],[26.926,62.123],[26.916,62.133],[26.919,62.147],[26.923,62.148],[26.927,62.142],[26.936,62.139],[26.949,62.143],[26.947,62.158],[26.958,62.156],[26.966,62.15],[26.973,62.158],[26.976,62.167],[26.994,62.169],[26.991,62.176],[26.994,62.179],[26.987,62.182],[26.999,62.186],[27.007,62.182],[27.033,62.161],[27.044,62.164],[27.056,62.16],[27.044,62.18],[27.041,62.186],[27.052,62.182],[27.056,62.179],[27.063,62.176],[27.071,62.175],[27.082,62.18],[27.087,62.177],[27.092,62.177],[27.093,62.182],[27.108,62.194],[27.135,62.199],[27.153,62.192],[27.168,62.179],[27.162,62.174],[27.162,62.166],[27.187,62.153],[27.262,62.108],[27.298,62.085],[27.321,62.056],[27.347,62.053],[27.334,62.048],[27.37,62.015],[27.381,62.007],[27.393,62.006],[27.393,62.029],[27.39,62.038],[27.371,62.056],[27.404,62.065],[27.423,62.051],[27.464,62.035],[27.59,62.039],[27.601,62.03],[27.626,62.031],[27.64,62.035],[27.645,62.034],[27.646,62.031],[27.653,62.028],[27.657,62.03],[27.64,62.038],[27.631,62.038],[27.626,62.04],[27.627,62.045],[27.616,62.051],[27.622,62.055],[27.639,62.064],[27.626,62.069],[27.615,62.075],[27.621,62.08],[27.633,62.085],[27.637,62.084],[27.641,62.088],[27.637,62.096],[27.625,62.103],[27.629,62.105],[27.641,62.108],[27.625,62.116],[27.638,62.123],[27.631,62.128],[27.636,62.131],[27.634,62.134],[27.623,62.14],[27.614,62.138],[27.612,62.143],[27.618,62.144],[27.631,62.15],[27.602,62.157],[27.595,62.157],[27.583,62.155],[27.566,62.148],[27.563,62.15],[27.558,62.161],[27.55,62.171],[27.547,62.173],[27.545,62.18],[27.546,62.19],[27.534,62.197],[27.501,62.234],[27.51,62.235],[27.519,62.233],[27.533,62.227],[27.541,62.23],[27.547,62.226],[27.564,62.229],[27.554,62.235],[27.558,62.237],[27.548,62.243],[27.542,62.246],[27.525,62.255],[27.522,62.257],[27.503,62.271],[27.494,62.275],[27.511,62.28],[27.515,62.278],[27.524,62.285],[27.528,62.286],[27.536,62.28],[27.55,62.283],[27.551,62.28],[27.557,62.277],[27.562,62.283],[27.573,62.285],[27.588,62.29],[27.606,62.278],[27.632,62.283],[27.642,62.278],[27.65,62.281],[27.632,62.29],[27.628,62.289],[27.616,62.294],[27.634,62.3],[27.627,62.305],[27.648,62.321],[27.654,62.322],[27.693,62.333],[27.675,62.352],[27.691,62.368],[27.69,62.373],[27.692,62.375],[27.686,62.389],[27.653,62.4],[27.64,62.41],[27.63,62.42],[27.605,62.431],[27.601,62.435],[27.585,62.441],[27.572,62.448],[27.552,62.455],[27.543,62.457],[27.529,62.457],[27.488,62.467],[27.483,62.467],[27.477,62.469],[27.465,62.471],[27.465,62.475],[27.459,62.484],[27.449,62.483],[27.441,62.485],[27.416,62.495],[27.409,62.504],[27.393,62.503],[27.386,62.505],[27.384,62.514],[27.363,62.53],[27.358,62.529],[27.344,62.523],[27.357,62.518],[27.371,62.513],[27.365,62.508],[27.347,62.508],[27.362,62.496],[27.338,62.497],[27.307,62.486],[27.303,62.486],[27.29,62.464],[27.284,62.462],[27.276,62.465],[27.268,62.463],[27.251,62.474],[27.251,62.48],[27.238,62.479],[27.225,62.48],[27.225,62.477],[27.219,62.467],[27.221,62.464],[27.206,62.462],[27.203,62.467],[27.218,62.475],[27.211,62.479],[27.189,62.47],[27.195,62.456],[27.17,62.459],[27.177,62.462],[27.169,62.469],[27.168,62.473],[27.17,62.476],[27.163,62.482],[27.138,62.493],[27.133,62.497],[27.114,62.506],[27.118,62.498],[27.105,62.494],[27.101,62.485],[27.094,62.485],[27.081,62.488],[27.068,62.479],[27.061,62.471],[27,62.469],[26.997,62.47],[26.994,62.475],[26.986,62.479],[26.979,62.48],[26.974,62.484],[26.971,62.489],[26.952,62.482],[26.948,62.476],[26.951,62.475],[26.967,62.46],[26.972,62.454],[26.965,62.453],[26.961,62.449],[26.963,62.445],[26.952,62.443],[26.947,62.448],[26.94,62.452],[26.936,62.457],[26.905,62.466],[26.884,62.478],[26.879,62.486],[26.871,62.481],[26.872,62.478],[26.857,62.477],[26.846,62.47],[26.833,62.468],[26.822,62.456],[26.817,62.454],[26.833,62.443],[26.761,62.424],[26.739,62.437],[26.733,62.436],[26.732,62.443],[26.709,62.453],[26.703,62.45],[26.698,62.445],[26.701,62.44],[26.698,62.438],[26.7,62.433],[26.706,62.427],[26.702,62.425],[26.699,62.42],[26.681,62.406],[26.681,62.404],[26.693,62.399],[26.694,62.395],[26.735,62.379],[26.77,62.36],[26.771,62.354],[26.669,62.342],[26.667,62.338],[26.671,62.332],[26.674,62.33],[26.662,62.327],[26.683,62.308]]]}},{"type":"Feature","properties":{"id":918896,"maakond_id":314,"name":"Suonenjoki","bbox":[26.827,62.443,27.54,62.85]},"geometry":{"type":"Polygon","coordinates":[[[27.483,62.706],[27.484,62.707],[27.477,62.716],[27.461,62.719],[27.458,62.718],[27.455,62.711],[27.449,62.71],[27.438,62.7],[27.431,62.705],[27.426,62.705],[27.426,62.7],[27.411,62.701],[27.4,62.698],[27.381,62.7],[27.367,62.705],[27.361,62.709],[27.347,62.713],[27.341,62.712],[27.321,62.714],[27.276,62.702],[27.224,62.726],[27.217,62.724],[27.206,62.729],[27.203,62.733],[27.175,62.745],[27.165,62.745],[27.155,62.748],[27.153,62.751],[27.142,62.752],[27.121,62.759],[27.117,62.763],[27.076,62.762],[27.082,62.76],[27.051,62.748],[27.042,62.75],[27.036,62.754],[27.03,62.757],[27.02,62.758],[27.012,62.756],[26.979,62.776],[26.977,62.779],[26.981,62.789],[26.971,62.816],[26.909,62.85],[26.901,62.841],[26.898,62.841],[26.884,62.836],[26.876,62.825],[26.881,62.821],[26.868,62.815],[26.842,62.805],[26.917,62.736],[26.907,62.713],[26.925,62.675],[26.924,62.649],[26.945,62.635],[26.92,62.625],[26.917,62.618],[26.919,62.611],[26.932,62.609],[26.939,62.605],[26.953,62.6],[26.96,62.595],[26.97,62.594],[26.979,62.598],[26.99,62.605],[26.994,62.603],[26.962,62.587],[26.907,62.595],[26.907,62.591],[26.912,62.588],[26.911,62.585],[26.857,62.587],[26.827,62.587],[26.832,62.58],[26.841,62.576],[26.857,62.578],[26.912,62.556],[26.906,62.55],[26.893,62.548],[26.89,62.542],[26.88,62.541],[26.874,62.541],[26.868,62.538],[26.865,62.534],[26.87,62.529],[26.877,62.525],[26.887,62.527],[26.905,62.523],[26.906,62.518],[26.883,62.495],[26.885,62.491],[26.879,62.486],[26.884,62.478],[26.905,62.466],[26.936,62.457],[26.94,62.452],[26.947,62.448],[26.952,62.443],[26.963,62.445],[26.961,62.449],[26.965,62.453],[26.972,62.454],[26.967,62.46],[26.951,62.475],[26.948,62.476],[26.952,62.482],[26.971,62.489],[26.974,62.484],[26.979,62.48],[26.986,62.479],[26.994,62.475],[26.997,62.47],[27,62.469],[27.061,62.471],[27.068,62.479],[27.081,62.488],[27.094,62.485],[27.101,62.485],[27.105,62.494],[27.118,62.498],[27.114,62.506],[27.133,62.497],[27.138,62.493],[27.163,62.482],[27.17,62.476],[27.168,62.473],[27.169,62.469],[27.177,62.462],[27.17,62.459],[27.195,62.456],[27.189,62.47],[27.211,62.479],[27.218,62.475],[27.203,62.467],[27.206,62.462],[27.221,62.464],[27.219,62.467],[27.225,62.477],[27.225,62.48],[27.238,62.479],[27.251,62.48],[27.251,62.474],[27.268,62.463],[27.276,62.465],[27.284,62.462],[27.29,62.464],[27.303,62.486],[27.307,62.486],[27.338,62.497],[27.362,62.496],[27.347,62.508],[27.365,62.508],[27.371,62.513],[27.357,62.518],[27.344,62.523],[27.358,62.529],[27.363,62.53],[27.384,62.514],[27.386,62.505],[27.393,62.503],[27.409,62.504],[27.407,62.506],[27.421,62.519],[27.42,62.533],[27.425,62.54],[27.444,62.547],[27.453,62.543],[27.463,62.543],[27.46,62.548],[27.46,62.553],[27.463,62.559],[27.467,62.564],[27.46,62.572],[27.454,62.574],[27.461,62.581],[27.461,62.587],[27.471,62.585],[27.479,62.589],[27.48,62.593],[27.47,62.597],[27.463,62.601],[27.462,62.606],[27.465,62.608],[27.457,62.612],[27.45,62.614],[27.484,62.622],[27.479,62.625],[27.49,62.629],[27.512,62.61],[27.525,62.61],[27.538,62.608],[27.54,62.614],[27.531,62.624],[27.528,62.625],[27.527,62.632],[27.52,62.637],[27.517,62.641],[27.515,62.651],[27.51,62.651],[27.529,62.663],[27.513,62.674],[27.507,62.679],[27.486,62.688],[27.483,62.692],[27.475,62.691],[27.469,62.694],[27.474,62.701],[27.472,62.704],[27.483,62.706]],[[27.01,62.581],[27.004,62.579],[26.984,62.583],[27.003,62.59],[27.01,62.581]]]}},{"type":"Feature","properties":{"id":1153387,"maakond_id":302,"name":"Ähtäri","bbox":[23.835,62.363,24.584,62.763]},"geometry":{"type":"Polygon","coordinates":[[[24.52,62.686],[24.517,62.684],[24.505,62.689],[24.494,62.683],[24.502,62.679],[24.472,62.676],[24.453,62.692],[24.429,62.689],[24.419,62.699],[24.421,62.701],[24.413,62.704],[24.374,62.701],[24.368,62.717],[24.305,62.726],[24.298,62.734],[24.29,62.729],[24.272,62.734],[24.268,62.742],[24.284,62.753],[24.28,62.759],[24.231,62.754],[24.213,62.739],[24.277,62.72],[24.259,62.706],[24.23,62.686],[24.192,62.702],[24.199,62.708],[24.201,62.711],[24.199,62.719],[24.203,62.722],[24.204,62.726],[24.197,62.728],[24.151,62.718],[24.164,62.695],[24.119,62.696],[24.109,62.719],[24.078,62.717],[24.066,62.724],[24.055,62.727],[24.055,62.729],[24.031,62.741],[24.037,62.735],[24.012,62.73],[24,62.742],[24.012,62.745],[23.998,62.749],[23.999,62.755],[23.99,62.762],[23.977,62.763],[23.973,62.76],[23.97,62.753],[23.932,62.751],[23.944,62.732],[23.997,62.678],[23.999,62.659],[23.981,62.65],[23.961,62.635],[23.968,62.62],[23.982,62.601],[23.994,62.579],[23.987,62.573],[23.963,62.579],[23.958,62.577],[23.966,62.571],[23.982,62.569],[23.967,62.555],[23.958,62.541],[23.956,62.535],[23.923,62.527],[23.886,62.529],[23.837,62.493],[23.835,62.494],[23.839,62.46],[23.868,62.46],[23.867,62.485],[23.875,62.486],[23.899,62.484],[23.912,62.458],[23.904,62.458],[23.902,62.455],[23.911,62.454],[23.902,62.436],[23.906,62.428],[23.911,62.424],[23.91,62.419],[23.907,62.414],[23.912,62.405],[23.923,62.397],[23.924,62.391],[23.945,62.387],[23.951,62.391],[23.956,62.39],[23.954,62.387],[23.995,62.377],[23.995,62.374],[24.013,62.363],[24.038,62.381],[24.101,62.409],[24.095,62.414],[24.157,62.454],[24.201,62.483],[24.265,62.463],[24.322,62.448],[24.339,62.463],[24.344,62.464],[24.338,62.471],[24.333,62.47],[24.321,62.482],[24.336,62.486],[24.335,62.492],[24.375,62.502],[24.38,62.494],[24.392,62.499],[24.403,62.502],[24.405,62.498],[24.394,62.496],[24.396,62.494],[24.407,62.496],[24.425,62.473],[24.452,62.485],[24.455,62.494],[24.484,62.496],[24.476,62.502],[24.464,62.497],[24.451,62.51],[24.453,62.511],[24.467,62.502],[24.477,62.503],[24.491,62.497],[24.497,62.497],[24.514,62.503],[24.507,62.507],[24.508,62.509],[24.504,62.519],[24.507,62.529],[24.511,62.53],[24.517,62.525],[24.531,62.528],[24.518,62.54],[24.526,62.542],[24.532,62.536],[24.538,62.537],[24.525,62.559],[24.546,62.561],[24.535,62.577],[24.567,62.581],[24.554,62.608],[24.584,62.612],[24.579,62.621],[24.541,62.616],[24.504,62.621],[24.512,62.635],[24.582,62.665],[24.52,62.686]]]}},{"type":"Feature","properties":{"id":1200893,"maakond_id":307,"name":"Uurainen","bbox":[25.125,62.377,25.695,62.557]},"geometry":{"type":"Polygon","coordinates":[[[25.285,62.389],[25.312,62.392],[25.325,62.377],[25.367,62.384],[25.361,62.396],[25.386,62.398],[25.387,62.397],[25.405,62.398],[25.408,62.39],[25.439,62.392],[25.448,62.394],[25.49,62.398],[25.496,62.384],[25.505,62.378],[25.548,62.403],[25.55,62.403],[25.579,62.429],[25.603,62.45],[25.623,62.477],[25.695,62.492],[25.692,62.493],[25.689,62.502],[25.691,62.504],[25.688,62.514],[25.667,62.514],[25.665,62.521],[25.686,62.519],[25.682,62.535],[25.657,62.533],[25.632,62.531],[25.627,62.555],[25.599,62.555],[25.543,62.557],[25.52,62.545],[25.484,62.547],[25.475,62.547],[25.469,62.54],[25.443,62.539],[25.449,62.528],[25.44,62.527],[25.434,62.524],[25.425,62.524],[25.406,62.521],[25.363,62.53],[25.359,62.536],[25.316,62.538],[25.252,62.538],[25.217,62.546],[25.218,62.544],[25.206,62.541],[25.195,62.535],[25.187,62.516],[25.182,62.466],[25.141,62.445],[25.125,62.427],[25.208,62.42],[25.271,62.41],[25.285,62.389]]]}},{"type":"Feature","properties":{"id":1200894,"maakond_id":307,"name":"Äänekoski","bbox":[25.474,62.48,26.234,62.921]},"geometry":{"type":"Polygon","coordinates":[[[25.695,62.492],[25.694,62.482],[25.714,62.48],[25.722,62.49],[25.728,62.49],[25.73,62.502],[25.797,62.513],[25.805,62.509],[25.821,62.518],[25.827,62.519],[25.835,62.522],[25.844,62.524],[25.84,62.529],[25.845,62.53],[25.846,62.534],[25.843,62.536],[25.832,62.538],[25.825,62.543],[25.827,62.545],[25.885,62.54],[25.933,62.525],[25.939,62.527],[26.036,62.584],[26.11,62.606],[26.138,62.627],[26.15,62.656],[26.234,62.678],[26.161,62.688],[26.136,62.711],[26.143,62.75],[26.135,62.76],[26.118,62.768],[26.109,62.77],[26.103,62.773],[26.083,62.773],[26.073,62.775],[26.067,62.779],[26.062,62.784],[26.046,62.795],[26.042,62.799],[26.041,62.804],[26.037,62.807],[26.025,62.825],[26.094,62.839],[26.148,62.845],[26.156,62.848],[26.182,62.857],[26.189,62.862],[26.165,62.873],[26.068,62.889],[26.054,62.892],[26.023,62.905],[26.016,62.896],[25.988,62.868],[25.946,62.879],[25.915,62.885],[25.891,62.886],[25.87,62.881],[25.864,62.882],[25.802,62.905],[25.707,62.921],[25.666,62.9],[25.571,62.859],[25.612,62.847],[25.625,62.836],[25.649,62.813],[25.687,62.795],[25.697,62.782],[25.676,62.756],[25.502,62.733],[25.505,62.725],[25.492,62.726],[25.495,62.714],[25.499,62.686],[25.474,62.639],[25.476,62.636],[25.506,62.623],[25.521,62.608],[25.522,62.605],[25.478,62.592],[25.484,62.547],[25.52,62.545],[25.543,62.557],[25.599,62.555],[25.627,62.555],[25.632,62.531],[25.657,62.533],[25.682,62.535],[25.686,62.519],[25.665,62.521],[25.667,62.514],[25.688,62.514],[25.691,62.504],[25.689,62.502],[25.692,62.493],[25.695,62.492]]]}},{"type":"Feature","properties":{"id":1208006,"maakond_id":307,"name":"Petäjävesi","bbox":[24.969,62.152,25.489,62.427]},"geometry":{"type":"Polygon","coordinates":[[[24.969,62.211],[24.996,62.203],[25.001,62.198],[25.042,62.185],[25.118,62.164],[25.165,62.162],[25.285,62.152],[25.318,62.175],[25.33,62.182],[25.346,62.197],[25.347,62.198],[25.335,62.233],[25.385,62.244],[25.423,62.245],[25.413,62.266],[25.456,62.307],[25.464,62.316],[25.489,62.346],[25.445,62.345],[25.443,62.357],[25.379,62.372],[25.37,62.377],[25.302,62.365],[25.285,62.389],[25.271,62.41],[25.208,62.42],[25.125,62.427],[25.075,62.422],[25.052,62.395],[25.03,62.367],[25.028,62.362],[25.037,62.359],[25.039,62.353],[25.048,62.347],[25.056,62.347],[25.061,62.341],[25.066,62.336],[25.069,62.332],[25.062,62.319],[25.056,62.324],[25.052,62.324],[25.061,62.318],[25.048,62.297],[25.034,62.249],[25.072,62.238],[25.046,62.215],[25.037,62.208],[24.969,62.211]]]}},{"type":"Feature","properties":{"id":1214215,"maakond_id":314,"name":"Kuopio","bbox":[26.89,62.593,28.762,63.403]},"geometry":{"type":"Polygon","coordinates":[[[27.483,62.706],[27.486,62.706],[27.519,62.694],[27.531,62.693],[27.538,62.694],[27.546,62.698],[27.555,62.697],[27.572,62.693],[27.583,62.689],[27.593,62.69],[27.597,62.69],[27.667,62.678],[27.706,62.675],[27.713,62.689],[27.74,62.687],[27.774,62.671],[27.781,62.673],[27.792,62.671],[27.823,62.675],[27.825,62.68],[27.831,62.679],[27.833,62.674],[27.845,62.668],[27.848,62.672],[27.848,62.677],[27.853,62.683],[27.862,62.682],[27.878,62.677],[27.883,62.676],[27.939,62.694],[27.951,62.691],[27.948,62.684],[27.937,62.678],[27.935,62.673],[27.945,62.674],[27.957,62.672],[27.963,62.668],[27.982,62.666],[27.995,62.672],[28.01,62.673],[28.013,62.677],[28.034,62.672],[28.053,62.672],[28.065,62.67],[28.065,62.672],[28.074,62.675],[28.102,62.669],[28.156,62.653],[28.166,62.658],[28.205,62.648],[28.205,62.632],[28.22,62.622],[28.219,62.604],[28.228,62.598],[28.258,62.608],[28.298,62.608],[28.309,62.604],[28.316,62.603],[28.322,62.6],[28.331,62.599],[28.334,62.597],[28.343,62.593],[28.354,62.598],[28.334,62.609],[28.335,62.612],[28.329,62.617],[28.338,62.62],[28.351,62.613],[28.361,62.612],[28.362,62.617],[28.351,62.621],[28.361,62.623],[28.354,62.632],[28.364,62.633],[28.316,62.648],[28.342,62.675],[28.362,62.697],[28.375,62.696],[28.377,62.699],[28.371,62.701],[28.362,62.708],[28.362,62.714],[28.35,62.72],[28.348,62.724],[28.341,62.727],[28.331,62.725],[28.328,62.727],[28.33,62.737],[28.319,62.739],[28.302,62.754],[28.302,62.755],[28.292,62.764],[28.312,62.767],[28.331,62.764],[28.34,62.764],[28.33,62.778],[28.312,62.788],[28.278,62.775],[28.27,62.768],[28.26,62.768],[28.25,62.769],[28.299,62.79],[28.304,62.792],[28.31,62.789],[28.328,62.792],[28.332,62.8],[28.338,62.806],[28.335,62.816],[28.324,62.814],[28.321,62.816],[28.32,62.821],[28.323,62.827],[28.322,62.834],[28.265,62.81],[28.262,62.811],[28.258,62.819],[28.249,62.819],[28.239,62.822],[28.231,62.824],[28.224,62.829],[28.215,62.835],[28.2,62.841],[28.206,62.844],[28.21,62.848],[28.207,62.851],[28.209,62.855],[28.199,62.861],[28.197,62.863],[28.191,62.865],[28.182,62.872],[28.167,62.876],[28.163,62.885],[28.181,62.885],[28.19,62.89],[28.214,62.883],[28.214,62.882],[28.239,62.873],[28.25,62.871],[28.256,62.872],[28.254,62.88],[28.249,62.884],[28.243,62.886],[28.246,62.89],[28.291,62.882],[28.294,62.885],[28.293,62.888],[28.301,62.89],[28.267,62.897],[28.27,62.903],[28.293,62.899],[28.299,62.902],[28.3,62.913],[28.281,62.915],[28.272,62.92],[28.29,62.928],[28.308,62.929],[28.309,62.932],[28.302,62.936],[28.287,62.939],[28.274,62.942],[28.245,62.944],[28.219,62.951],[28.213,62.956],[28.246,62.947],[28.311,62.943],[28.311,62.941],[28.37,62.946],[28.375,62.948],[28.384,62.949],[28.392,62.953],[28.386,62.964],[28.42,62.982],[28.426,62.989],[28.423,62.994],[28.429,63],[28.438,62.998],[28.446,62.998],[28.458,63.002],[28.457,63.006],[28.469,63.012],[28.415,63.055],[28.418,63.078],[28.424,63.079],[28.479,63.09],[28.468,63.105],[28.472,63.107],[28.498,63.106],[28.529,63.109],[28.529,63.113],[28.547,63.113],[28.546,63.124],[28.632,63.126],[28.645,63.123],[28.657,63.123],[28.742,63.135],[28.762,63.137],[28.707,63.17],[28.698,63.183],[28.654,63.197],[28.611,63.204],[28.601,63.205],[28.594,63.209],[28.555,63.223],[28.549,63.229],[28.542,63.23],[28.536,63.233],[28.499,63.235],[28.467,63.247],[28.46,63.255],[28.448,63.273],[28.458,63.275],[28.452,63.283],[28.453,63.287],[28.447,63.296],[28.44,63.296],[28.444,63.3],[28.442,63.305],[28.436,63.309],[28.437,63.317],[28.44,63.322],[28.446,63.323],[28.442,63.329],[28.453,63.335],[28.44,63.339],[28.441,63.342],[28.438,63.347],[28.439,63.351],[28.433,63.354],[28.431,63.36],[28.424,63.361],[28.424,63.366],[28.411,63.37],[28.409,63.375],[28.387,63.37],[28.375,63.371],[28.362,63.375],[28.359,63.373],[28.34,63.325],[28.269,63.329],[28.259,63.385],[28.219,63.374],[28.212,63.376],[28.209,63.371],[28.198,63.371],[28.195,63.375],[28.185,63.376],[28.178,63.38],[28.173,63.376],[28.164,63.372],[28.16,63.376],[28.151,63.38],[28.149,63.383],[28.142,63.387],[28.131,63.39],[28.088,63.403],[28.086,63.4],[28.077,63.394],[28.052,63.382],[28.045,63.376],[28.03,63.372],[28.026,63.368],[28.031,63.363],[28.025,63.359],[28.021,63.353],[28.016,63.349],[28.004,63.351],[28.007,63.34],[27.991,63.338],[27.972,63.338],[27.964,63.34],[27.953,63.339],[27.952,63.337],[27.942,63.329],[27.94,63.324],[27.942,63.319],[27.942,63.309],[27.936,63.307],[27.94,63.303],[27.932,63.3],[27.925,63.304],[27.909,63.306],[27.916,63.301],[27.911,63.297],[27.899,63.299],[27.887,63.304],[27.871,63.305],[27.867,63.301],[27.859,63.296],[27.859,63.289],[27.858,63.286],[27.851,63.282],[27.841,63.264],[27.824,63.259],[27.808,63.266],[27.796,63.267],[27.782,63.255],[27.778,63.248],[27.741,63.249],[27.727,63.251],[27.716,63.251],[27.708,63.25],[27.7,63.25],[27.701,63.245],[27.698,63.243],[27.701,63.236],[27.706,63.236],[27.722,63.232],[27.729,63.229],[27.732,63.225],[27.749,63.226],[27.77,63.224],[27.776,63.221],[27.78,63.217],[27.792,63.213],[27.817,63.207],[27.828,63.194],[27.827,63.188],[27.83,63.186],[27.827,63.183],[27.828,63.18],[27.824,63.177],[27.817,63.176],[27.819,63.173],[27.81,63.164],[27.811,63.157],[27.805,63.153],[27.804,63.15],[27.815,63.144],[27.822,63.138],[27.832,63.133],[27.838,63.128],[27.84,63.123],[27.848,63.122],[27.86,63.115],[27.862,63.107],[27.857,63.1],[27.856,63.092],[27.861,63.089],[27.886,63.082],[27.879,63.078],[27.865,63.082],[27.855,63.082],[27.843,63.079],[27.837,63.073],[27.829,63.064],[27.824,63.05],[27.796,63.046],[27.807,63.035],[27.872,63.01],[27.89,63.009],[27.935,63.011],[27.949,63.003],[27.91,62.982],[27.85,63],[27.824,62.993],[27.832,62.975],[27.828,62.967],[27.832,62.952],[27.812,62.952],[27.792,62.958],[27.796,62.961],[27.795,62.971],[27.787,62.977],[27.766,62.975],[27.741,62.97],[27.712,62.963],[27.691,62.974],[27.69,62.976],[27.676,62.98],[27.67,62.974],[27.656,62.969],[27.635,62.972],[27.624,62.969],[27.605,62.97],[27.6,62.961],[27.58,62.964],[27.577,62.969],[27.559,62.97],[27.558,62.977],[27.543,62.979],[27.526,62.982],[27.521,62.978],[27.54,62.966],[27.529,62.966],[27.485,62.984],[27.471,62.977],[27.42,62.994],[27.414,62.997],[27.411,63.002],[27.407,63.005],[27.407,63.008],[27.394,63.011],[27.388,63.025],[27.383,63.031],[27.383,63.041],[27.347,63.05],[27.339,63.054],[27.338,63.057],[27.353,63.058],[27.367,63.054],[27.374,63.055],[27.377,63.052],[27.389,63.049],[27.402,63.053],[27.447,63.065],[27.466,63.063],[27.47,63.063],[27.477,63.075],[27.492,63.075],[27.514,63.087],[27.518,63.102],[27.517,63.104],[27.502,63.109],[27.498,63.114],[27.49,63.112],[27.482,63.112],[27.462,63.119],[27.465,63.122],[27.472,63.124],[27.472,63.127],[27.477,63.131],[27.479,63.143],[27.472,63.161],[27.482,63.16],[27.489,63.156],[27.527,63.162],[27.519,63.168],[27.51,63.169],[27.504,63.178],[27.497,63.18],[27.493,63.185],[27.478,63.183],[27.464,63.178],[27.435,63.177],[27.428,63.177],[27.39,63.177],[27.376,63.179],[27.358,63.173],[27.353,63.187],[27.331,63.195],[27.335,63.205],[27.349,63.208],[27.337,63.223],[27.307,63.243],[27.299,63.293],[27.289,63.292],[27.271,63.301],[27.271,63.312],[27.261,63.314],[27.232,63.316],[27.222,63.324],[27.196,63.327],[27.188,63.327],[27.183,63.33],[27.182,63.335],[27.175,63.337],[27.165,63.335],[27.133,63.324],[27.137,63.321],[27.129,63.314],[27.137,63.307],[27.134,63.292],[27.148,63.282],[27.148,63.277],[27.144,63.273],[27.121,63.277],[27.105,63.273],[27.106,63.267],[27.124,63.255],[27.108,63.256],[27.098,63.26],[27.08,63.262],[27.071,63.265],[27.06,63.26],[27.046,63.266],[27.033,63.256],[27.054,63.252],[27.055,63.243],[27.046,63.24],[27.042,63.229],[27.051,63.22],[27.037,63.195],[27.111,63.163],[27.095,63.16],[27.087,63.164],[27.08,63.163],[27.076,63.165],[27.064,63.164],[27.049,63.168],[27.047,63.169],[27.035,63.169],[27.011,63.175],[26.995,63.175],[26.987,63.174],[26.984,63.171],[26.976,63.169],[26.953,63.175],[26.956,63.165],[26.966,63.165],[26.976,63.163],[26.995,63.159],[27.008,63.148],[27.019,63.143],[27.008,63.141],[26.948,63.134],[26.949,63.132],[26.958,63.127],[26.952,63.124],[26.956,63.122],[26.957,63.118],[26.961,63.113],[26.957,63.109],[26.959,63.105],[26.971,63.103],[26.978,63.094],[26.996,63.086],[27.003,63.079],[27.008,63.077],[27.025,63.073],[27.05,63.063],[27.08,63.053],[27.08,63.05],[27.085,63.045],[27.077,63.044],[27.09,63.03],[27.101,63.032],[27.142,63.015],[27.142,63.012],[27.126,63.006],[27.118,63.006],[27.113,63.009],[27.094,63.015],[27.089,63.013],[27.072,63.01],[27.074,63.004],[27.068,63.003],[27.047,63.005],[27.045,63.008],[27.035,63.004],[27.025,63.003],[27.026,62.994],[27.028,62.992],[27.014,62.99],[27.014,62.993],[26.994,62.99],[26.979,62.983],[26.962,62.987],[26.942,62.996],[26.926,62.995],[26.918,62.992],[26.896,62.989],[26.905,62.977],[26.89,62.964],[26.896,62.957],[26.912,62.954],[26.924,62.942],[26.937,62.923],[26.94,62.916],[26.934,62.914],[26.924,62.908],[26.917,62.911],[26.908,62.907],[26.914,62.902],[26.918,62.903],[26.927,62.898],[26.911,62.894],[26.911,62.881],[26.916,62.875],[26.914,62.871],[26.905,62.873],[26.901,62.87],[26.913,62.861],[26.909,62.85],[26.971,62.816],[26.981,62.789],[26.977,62.779],[26.979,62.776],[27.012,62.756],[27.02,62.758],[27.03,62.757],[27.036,62.754],[27.042,62.75],[27.051,62.748],[27.082,62.76],[27.076,62.762],[27.117,62.763],[27.121,62.759],[27.142,62.752],[27.153,62.751],[27.155,62.748],[27.165,62.745],[27.175,62.745],[27.203,62.733],[27.206,62.729],[27.217,62.724],[27.224,62.726],[27.276,62.702],[27.321,62.714],[27.341,62.712],[27.347,62.713],[27.361,62.709],[27.367,62.705],[27.381,62.7],[27.4,62.698],[27.411,62.701],[27.426,62.7],[27.426,62.705],[27.431,62.705],[27.438,62.7],[27.449,62.71],[27.455,62.711],[27.458,62.718],[27.461,62.719],[27.477,62.716],[27.484,62.707],[27.483,62.706]]]}},{"type":"Feature","properties":{"id":1214216,"maakond_id":314,"name":"Rautalampi","bbox":[26.447,62.424,27.01,62.849]},"geometry":{"type":"MultiPolygon","coordinates":[[[[26.879,62.486],[26.885,62.491],[26.883,62.495],[26.906,62.518],[26.905,62.523],[26.887,62.527],[26.877,62.525],[26.87,62.529],[26.865,62.534],[26.868,62.538],[26.874,62.541],[26.88,62.541],[26.89,62.542],[26.893,62.548],[26.906,62.55],[26.912,62.556],[26.857,62.578],[26.841,62.576],[26.832,62.58],[26.827,62.587],[26.857,62.587],[26.911,62.585],[26.912,62.588],[26.907,62.591],[26.907,62.595],[26.962,62.587],[26.994,62.603],[26.99,62.605],[26.979,62.598],[26.97,62.594],[26.96,62.595],[26.953,62.6],[26.939,62.605],[26.932,62.609],[26.919,62.611],[26.917,62.618],[26.92,62.625],[26.945,62.635],[26.924,62.649],[26.925,62.675],[26.907,62.713],[26.917,62.736],[26.842,62.805],[26.834,62.81],[26.817,62.802],[26.811,62.8],[26.803,62.796],[26.794,62.8],[26.79,62.804],[26.79,62.809],[26.785,62.814],[26.776,62.817],[26.759,62.83],[26.734,62.841],[26.721,62.836],[26.719,62.837],[26.688,62.84],[26.671,62.846],[26.667,62.849],[26.613,62.834],[26.614,62.829],[26.619,62.824],[26.628,62.821],[26.63,62.817],[26.638,62.815],[26.635,62.81],[26.61,62.805],[26.591,62.815],[26.578,62.81],[26.57,62.818],[26.538,62.82],[26.534,62.816],[26.489,62.806],[26.499,62.791],[26.48,62.798],[26.447,62.789],[26.529,62.722],[26.526,62.716],[26.545,62.694],[26.562,62.682],[26.563,62.675],[26.569,62.668],[26.571,62.661],[26.57,62.653],[26.589,62.641],[26.591,62.642],[26.598,62.611],[26.577,62.604],[26.599,62.594],[26.594,62.591],[26.572,62.589],[26.569,62.58],[26.556,62.562],[26.526,62.541],[26.518,62.536],[26.508,62.533],[26.483,62.532],[26.484,62.529],[26.471,62.519],[26.475,62.516],[26.489,62.509],[26.492,62.511],[26.508,62.506],[26.577,62.479],[26.633,62.451],[26.682,62.462],[26.685,62.463],[26.698,62.459],[26.709,62.453],[26.732,62.443],[26.733,62.436],[26.739,62.437],[26.761,62.424],[26.833,62.443],[26.817,62.454],[26.822,62.456],[26.833,62.468],[26.846,62.47],[26.857,62.477],[26.872,62.478],[26.871,62.481],[26.879,62.486]]],[[[27.01,62.581],[27.003,62.59],[26.984,62.583],[27.004,62.579],[27.01,62.581]]]]}},{"type":"Feature","properties":{"id":1216480,"maakond_id":307,"name":"Hankasalmi","bbox":[26.196,62.193,26.771,62.578]},"geometry":{"type":"Polygon","coordinates":[[[26.219,62.491],[26.232,62.457],[26.24,62.446],[26.258,62.408],[26.31,62.404],[26.279,62.375],[26.279,62.345],[26.26,62.352],[26.253,62.357],[26.232,62.359],[26.198,62.355],[26.295,62.3],[26.299,62.291],[26.305,62.282],[26.319,62.268],[26.324,62.266],[26.296,62.261],[26.319,62.221],[26.331,62.213],[26.316,62.2],[26.323,62.201],[26.326,62.195],[26.33,62.193],[26.368,62.204],[26.365,62.207],[26.395,62.21],[26.415,62.208],[26.417,62.212],[26.415,62.219],[26.421,62.224],[26.435,62.226],[26.438,62.221],[26.439,62.21],[26.447,62.211],[26.451,62.218],[26.463,62.221],[26.468,62.218],[26.484,62.223],[26.482,62.225],[26.496,62.229],[26.485,62.241],[26.478,62.247],[26.518,62.249],[26.512,62.257],[26.522,62.255],[26.544,62.266],[26.557,62.255],[26.564,62.254],[26.59,62.231],[26.597,62.228],[26.607,62.233],[26.614,62.226],[26.612,62.22],[26.614,62.217],[26.623,62.215],[26.627,62.211],[26.653,62.217],[26.651,62.219],[26.653,62.225],[26.659,62.232],[26.649,62.234],[26.642,62.239],[26.639,62.239],[26.64,62.248],[26.629,62.266],[26.626,62.268],[26.625,62.273],[26.631,62.277],[26.633,62.283],[26.627,62.285],[26.611,62.295],[26.646,62.301],[26.653,62.3],[26.67,62.303],[26.667,62.305],[26.683,62.308],[26.662,62.327],[26.674,62.33],[26.671,62.332],[26.667,62.338],[26.669,62.342],[26.771,62.354],[26.77,62.36],[26.735,62.379],[26.694,62.395],[26.693,62.399],[26.681,62.404],[26.681,62.406],[26.699,62.42],[26.702,62.425],[26.706,62.427],[26.7,62.433],[26.698,62.438],[26.701,62.44],[26.698,62.445],[26.703,62.45],[26.709,62.453],[26.698,62.459],[26.685,62.463],[26.682,62.462],[26.633,62.451],[26.577,62.479],[26.508,62.506],[26.492,62.511],[26.489,62.509],[26.475,62.516],[26.471,62.519],[26.484,62.529],[26.483,62.532],[26.476,62.532],[26.464,62.538],[26.455,62.531],[26.4,62.506],[26.394,62.517],[26.274,62.55],[26.264,62.555],[26.264,62.561],[26.241,62.566],[26.238,62.569],[26.228,62.569],[26.214,62.578],[26.208,62.572],[26.215,62.562],[26.216,62.558],[26.225,62.549],[26.227,62.545],[26.232,62.545],[26.236,62.537],[26.22,62.532],[26.217,62.535],[26.212,62.537],[26.196,62.533],[26.204,62.515],[26.211,62.507],[26.219,62.491]]]}},{"type":"Feature","properties":{"id":1406989,"maakond_id":314,"name":"Siilinjärvi","bbox":[27.338,62.952,27.949,63.252]},"geometry":{"type":"Polygon","coordinates":[[[27.527,63.162],[27.489,63.156],[27.482,63.16],[27.472,63.161],[27.479,63.143],[27.477,63.131],[27.472,63.127],[27.472,63.124],[27.465,63.122],[27.462,63.119],[27.482,63.112],[27.49,63.112],[27.498,63.114],[27.502,63.109],[27.517,63.104],[27.518,63.102],[27.514,63.087],[27.492,63.075],[27.477,63.075],[27.47,63.063],[27.466,63.063],[27.447,63.065],[27.402,63.053],[27.389,63.049],[27.377,63.052],[27.374,63.055],[27.367,63.054],[27.353,63.058],[27.338,63.057],[27.339,63.054],[27.347,63.05],[27.383,63.041],[27.383,63.031],[27.388,63.025],[27.394,63.011],[27.407,63.008],[27.407,63.005],[27.411,63.002],[27.414,62.997],[27.42,62.994],[27.471,62.977],[27.485,62.984],[27.529,62.966],[27.54,62.966],[27.521,62.978],[27.526,62.982],[27.543,62.979],[27.558,62.977],[27.559,62.97],[27.577,62.969],[27.58,62.964],[27.6,62.961],[27.605,62.97],[27.624,62.969],[27.635,62.972],[27.656,62.969],[27.67,62.974],[27.676,62.98],[27.69,62.976],[27.691,62.974],[27.712,62.963],[27.741,62.97],[27.766,62.975],[27.787,62.977],[27.795,62.971],[27.796,62.961],[27.792,62.958],[27.812,62.952],[27.832,62.952],[27.828,62.967],[27.832,62.975],[27.824,62.993],[27.85,63],[27.91,62.982],[27.949,63.003],[27.935,63.011],[27.89,63.009],[27.872,63.01],[27.807,63.035],[27.796,63.046],[27.824,63.05],[27.829,63.064],[27.837,63.073],[27.843,63.079],[27.855,63.082],[27.865,63.082],[27.879,63.078],[27.886,63.082],[27.861,63.089],[27.856,63.092],[27.857,63.1],[27.862,63.107],[27.86,63.115],[27.848,63.122],[27.84,63.123],[27.838,63.128],[27.832,63.133],[27.822,63.138],[27.815,63.144],[27.804,63.15],[27.805,63.153],[27.811,63.157],[27.81,63.164],[27.819,63.173],[27.817,63.176],[27.824,63.177],[27.828,63.18],[27.827,63.183],[27.83,63.186],[27.827,63.188],[27.828,63.194],[27.817,63.207],[27.792,63.213],[27.78,63.217],[27.776,63.221],[27.77,63.224],[27.749,63.226],[27.732,63.225],[27.729,63.229],[27.722,63.232],[27.706,63.236],[27.701,63.236],[27.698,63.243],[27.701,63.245],[27.7,63.25],[27.695,63.252],[27.679,63.245],[27.681,63.242],[27.688,63.238],[27.68,63.234],[27.677,63.23],[27.665,63.236],[27.658,63.239],[27.65,63.237],[27.656,63.235],[27.653,63.228],[27.647,63.225],[27.633,63.226],[27.615,63.225],[27.629,63.217],[27.642,63.212],[27.636,63.209],[27.634,63.206],[27.635,63.199],[27.638,63.192],[27.636,63.184],[27.632,63.182],[27.624,63.184],[27.622,63.186],[27.608,63.192],[27.6,63.193],[27.588,63.186],[27.583,63.189],[27.569,63.19],[27.555,63.186],[27.551,63.178],[27.544,63.172],[27.543,63.17],[27.535,63.166],[27.537,63.164],[27.549,63.16],[27.545,63.154],[27.534,63.157],[27.527,63.162]]]}},{"type":"Feature","properties":{"id":1518903,"maakond_id":307,"name":"Jämsä","bbox":[24.525,61.631,25.596,62.211]},"geometry":{"type":"Polygon","coordinates":[[[24.731,62.023],[24.686,62.003],[24.673,62.002],[24.667,61.999],[24.658,61.998],[24.654,61.995],[24.637,61.999],[24.621,61.993],[24.615,61.983],[24.601,61.962],[24.583,61.952],[24.558,61.951],[24.559,61.947],[24.553,61.946],[24.561,61.942],[24.559,61.94],[24.542,61.942],[24.541,61.939],[24.543,61.935],[24.525,61.909],[24.552,61.912],[24.58,61.896],[24.613,61.887],[24.637,61.876],[24.667,61.863],[24.719,61.822],[24.73,61.813],[24.773,61.802],[24.775,61.797],[24.771,61.793],[24.777,61.79],[24.782,61.791],[24.792,61.786],[24.796,61.789],[24.8,61.784],[24.821,61.77],[24.819,61.766],[24.81,61.764],[24.815,61.754],[24.783,61.759],[24.772,61.766],[24.771,61.769],[24.763,61.773],[24.757,61.773],[24.75,61.776],[24.759,61.782],[24.753,61.787],[24.75,61.782],[24.74,61.781],[24.735,61.778],[24.725,61.779],[24.722,61.763],[24.747,61.729],[24.749,61.719],[24.736,61.694],[24.763,61.683],[24.767,61.676],[24.791,61.69],[24.855,61.673],[24.812,61.66],[24.829,61.651],[24.837,61.652],[24.844,61.649],[24.876,61.645],[24.888,61.647],[24.91,61.636],[24.918,61.631],[24.96,61.631],[24.957,61.635],[24.949,61.641],[24.951,61.647],[24.962,61.65],[24.956,61.653],[24.965,61.658],[24.964,61.662],[24.957,61.671],[24.943,61.68],[24.931,61.685],[24.923,61.693],[24.913,61.706],[24.924,61.716],[24.927,61.72],[24.944,61.738],[24.947,61.737],[24.95,61.744],[24.944,61.749],[24.944,61.751],[24.956,61.756],[24.967,61.745],[24.96,61.737],[24.966,61.734],[24.959,61.728],[24.968,61.724],[24.979,61.722],[25.004,61.731],[24.994,61.739],[24.98,61.758],[24.99,61.762],[24.976,61.77],[24.962,61.777],[24.961,61.78],[24.979,61.787],[25.007,61.779],[25.15,61.739],[25.18,61.736],[25.187,61.73],[25.19,61.729],[25.199,61.733],[25.219,61.737],[25.236,61.726],[25.245,61.728],[25.256,61.736],[25.264,61.739],[25.268,61.737],[25.265,61.726],[25.302,61.726],[25.358,61.72],[25.373,61.713],[25.393,61.723],[25.407,61.74],[25.396,61.745],[25.412,61.755],[25.535,61.78],[25.565,61.792],[25.574,61.805],[25.596,61.839],[25.447,61.917],[25.443,61.931],[25.429,61.929],[25.425,61.931],[25.408,61.93],[25.406,61.936],[25.366,61.956],[25.351,61.946],[25.336,61.951],[25.341,61.963],[25.334,61.964],[25.342,61.969],[25.346,61.975],[25.34,61.976],[25.338,61.98],[25.33,61.978],[25.324,61.988],[25.371,62.006],[25.343,62.016],[25.343,62.021],[25.339,62.029],[25.337,62.042],[25.295,62.045],[25.261,62.048],[25.283,62.071],[25.317,62.082],[25.313,62.088],[25.348,62.11],[25.314,62.123],[25.285,62.152],[25.165,62.162],[25.118,62.164],[25.042,62.185],[25.001,62.198],[24.996,62.203],[24.969,62.211],[24.928,62.19],[24.897,62.166],[24.881,62.154],[24.84,62.123],[24.829,62.113],[24.878,62.059],[24.731,62.023]]]}},{"type":"Feature","properties":{"id":1666766,"maakond_id":311,"name":"Hämeenkyrö","bbox":[22.824,61.519,23.5,61.737]},"geometry":{"type":"Polygon","coordinates":[[[23.21,61.734],[23.202,61.737],[23.196,61.737],[23.188,61.732],[23.188,61.721],[23.184,61.718],[23.18,61.719],[23.169,61.724],[23.157,61.725],[23.149,61.729],[23.137,61.727],[23.135,61.725],[23.119,61.722],[23.112,61.729],[23.107,61.727],[23.101,61.722],[23.087,61.715],[23.084,61.71],[23.03,61.7],[23.033,61.687],[22.972,61.701],[22.911,61.702],[22.86,61.689],[22.838,61.694],[22.824,61.675],[22.829,61.659],[22.844,61.635],[22.853,61.625],[22.894,61.61],[22.939,61.587],[22.959,61.593],[22.963,61.591],[22.986,61.583],[23.006,61.595],[23.027,61.601],[23.065,61.591],[23.079,61.585],[23.078,61.583],[23.054,61.567],[23.065,61.558],[23.074,61.544],[23.099,61.543],[23.123,61.544],[23.172,61.54],[23.194,61.538],[23.267,61.52],[23.277,61.519],[23.32,61.524],[23.328,61.522],[23.381,61.52],[23.384,61.52],[23.393,61.529],[23.43,61.551],[23.442,61.572],[23.486,61.582],[23.493,61.586],[23.489,61.609],[23.479,61.628],[23.492,61.65],[23.483,61.678],[23.5,61.698],[23.448,61.671],[23.436,61.671],[23.431,61.677],[23.425,61.68],[23.428,61.682],[23.41,61.686],[23.383,61.668],[23.366,61.658],[23.335,61.637],[23.323,61.644],[23.311,61.655],[23.309,61.666],[23.258,61.665],[23.222,61.662],[23.208,61.655],[23.214,61.666],[23.223,61.688],[23.226,61.701],[23.21,61.734]]]}},{"type":"Feature","properties":{"id":1670949,"maakond_id":311,"name":"Ruovesi","bbox":[23.681,61.787,24.453,62.182]},"geometry":{"type":"Polygon","coordinates":[[[23.681,62.084],[23.682,62.078],[23.688,62.078],[23.698,62.031],[23.728,62.033],[23.76,62.01],[23.768,62.003],[23.775,62],[23.784,61.967],[23.813,61.971],[23.844,61.95],[23.841,61.932],[23.859,61.896],[23.88,61.88],[23.885,61.867],[23.871,61.859],[23.834,61.844],[23.837,61.837],[23.856,61.837],[23.899,61.816],[24,61.787],[24.075,61.794],[24.091,61.793],[24.115,61.815],[24.227,61.825],[24.281,61.849],[24.312,61.854],[24.363,61.869],[24.411,61.859],[24.416,61.864],[24.398,61.87],[24.422,61.894],[24.426,61.894],[24.444,61.89],[24.453,61.891],[24.439,61.911],[24.408,61.906],[24.395,61.927],[24.412,61.931],[24.385,61.954],[24.379,61.95],[24.359,61.954],[24.338,61.962],[24.335,61.964],[24.335,61.97],[24.317,61.989],[24.316,61.991],[24.33,61.993],[24.332,61.996],[24.329,61.998],[24.323,61.997],[24.309,62.001],[24.299,62.003],[24.282,62.012],[24.284,62.016],[24.292,62.017],[24.299,62.02],[24.315,62.015],[24.318,62.018],[24.311,62.03],[24.274,62.039],[24.308,62.045],[24.304,62.051],[24.298,62.056],[24.286,62.056],[24.285,62.078],[24.24,62.076],[24.222,62.096],[24.204,62.084],[24.183,62.096],[24.141,62.081],[24.111,62.091],[24.115,62.093],[24.117,62.098],[24.108,62.102],[24.098,62.111],[24.065,62.112],[24.035,62.121],[24.02,62.126],[23.979,62.136],[23.918,62.145],[23.908,62.148],[23.891,62.16],[23.879,62.16],[23.875,62.157],[23.87,62.163],[23.846,62.182],[23.833,62.181],[23.828,62.182],[23.82,62.172],[23.825,62.168],[23.865,62.13],[23.866,62.129],[23.835,62.117],[23.81,62.117],[23.796,62.111],[23.789,62.099],[23.787,62.096],[23.788,62.09],[23.785,62.088],[23.775,62.088],[23.765,62.085],[23.756,62.084],[23.75,62.082],[23.742,62.086],[23.731,62.088],[23.711,62.093],[23.681,62.084]]]}},{"type":"Feature","properties":{"id":1670950,"maakond_id":311,"name":"Virrat","bbox":[23.209,62.074,24.235,62.494]},"geometry":{"type":"Polygon","coordinates":[[[23.218,62.334],[23.233,62.329],[23.231,62.325],[23.351,62.239],[23.368,62.227],[23.424,62.158],[23.525,62.121],[23.538,62.118],[23.643,62.074],[23.681,62.084],[23.711,62.093],[23.731,62.088],[23.742,62.086],[23.75,62.082],[23.756,62.084],[23.765,62.085],[23.775,62.088],[23.785,62.088],[23.788,62.09],[23.787,62.096],[23.789,62.099],[23.796,62.111],[23.81,62.117],[23.835,62.117],[23.866,62.129],[23.865,62.13],[23.825,62.168],[23.82,62.172],[23.828,62.182],[23.833,62.181],[23.846,62.182],[23.87,62.163],[23.875,62.157],[23.879,62.16],[23.891,62.16],[23.908,62.148],[23.918,62.145],[23.979,62.136],[24.02,62.126],[24.035,62.121],[24.037,62.145],[24.051,62.163],[24.062,62.173],[24.073,62.17],[24.076,62.174],[24.081,62.173],[24.084,62.177],[24.101,62.176],[24.104,62.181],[24.113,62.186],[24.123,62.183],[24.127,62.179],[24.134,62.177],[24.14,62.183],[24.145,62.182],[24.148,62.187],[24.163,62.203],[24.153,62.204],[24.151,62.206],[24.154,62.213],[24.161,62.215],[24.188,62.215],[24.17,62.23],[24.178,62.231],[24.21,62.226],[24.207,62.232],[24.211,62.232],[24.218,62.237],[24.231,62.234],[24.235,62.24],[24.232,62.242],[24.226,62.24],[24.212,62.242],[24.211,62.252],[24.145,62.252],[24.081,62.276],[24.076,62.297],[24.066,62.302],[24.052,62.302],[24.048,62.298],[24.025,62.313],[24.013,62.363],[23.995,62.374],[23.995,62.377],[23.954,62.387],[23.956,62.39],[23.951,62.391],[23.945,62.387],[23.924,62.391],[23.923,62.397],[23.912,62.405],[23.907,62.414],[23.91,62.419],[23.911,62.424],[23.906,62.428],[23.902,62.436],[23.911,62.454],[23.902,62.455],[23.904,62.458],[23.912,62.458],[23.899,62.484],[23.875,62.486],[23.867,62.485],[23.868,62.46],[23.839,62.46],[23.835,62.494],[23.804,62.478],[23.817,62.467],[23.808,62.463],[23.812,62.456],[23.809,62.453],[23.799,62.457],[23.795,62.464],[23.789,62.466],[23.776,62.459],[23.779,62.457],[23.766,62.455],[23.76,62.456],[23.688,62.42],[23.664,62.409],[23.575,62.412],[23.503,62.415],[23.505,62.409],[23.518,62.368],[23.511,62.37],[23.475,62.383],[23.445,62.375],[23.423,62.378],[23.421,62.379],[23.39,62.389],[23.388,62.397],[23.376,62.403],[23.366,62.397],[23.36,62.399],[23.37,62.402],[23.373,62.404],[23.356,62.412],[23.346,62.407],[23.336,62.412],[23.335,62.42],[23.338,62.425],[23.275,62.408],[23.25,62.376],[23.256,62.37],[23.261,62.37],[23.267,62.372],[23.263,62.363],[23.266,62.36],[23.251,62.356],[23.247,62.359],[23.239,62.358],[23.232,62.354],[23.224,62.353],[23.224,62.347],[23.221,62.346],[23.209,62.336],[23.218,62.334]]]}},{"type":"Feature","properties":{"id":1700624,"maakond_id":311,"name":"Orivesi","bbox":[24.078,61.514,24.917,61.863]},"geometry":{"type":"Polygon","coordinates":[[[24.118,61.627],[24.139,61.618],[24.174,61.598],[24.185,61.591],[24.216,61.582],[24.224,61.578],[24.229,61.574],[24.245,61.568],[24.254,61.571],[24.26,61.571],[24.307,61.583],[24.319,61.585],[24.331,61.583],[24.349,61.577],[24.348,61.555],[24.394,61.545],[24.401,61.546],[24.505,61.548],[24.572,61.525],[24.589,61.533],[24.622,61.519],[24.626,61.514],[24.643,61.514],[24.672,61.535],[24.737,61.526],[24.733,61.545],[24.745,61.566],[24.837,61.556],[24.878,61.545],[24.916,61.566],[24.917,61.589],[24.889,61.597],[24.862,61.589],[24.847,61.588],[24.844,61.568],[24.837,61.556],[24.816,61.59],[24.793,61.605],[24.789,61.61],[24.784,61.622],[24.791,61.632],[24.812,61.66],[24.855,61.673],[24.791,61.69],[24.767,61.676],[24.763,61.683],[24.736,61.694],[24.749,61.719],[24.747,61.729],[24.722,61.763],[24.725,61.779],[24.735,61.778],[24.74,61.781],[24.75,61.782],[24.753,61.787],[24.759,61.782],[24.75,61.776],[24.757,61.773],[24.763,61.773],[24.771,61.769],[24.772,61.766],[24.783,61.759],[24.815,61.754],[24.81,61.764],[24.819,61.766],[24.821,61.77],[24.8,61.784],[24.796,61.789],[24.792,61.786],[24.782,61.791],[24.777,61.79],[24.771,61.793],[24.775,61.797],[24.773,61.802],[24.73,61.813],[24.719,61.822],[24.667,61.863],[24.633,61.847],[24.62,61.833],[24.626,61.817],[24.612,61.802],[24.593,61.782],[24.59,61.779],[24.572,61.752],[24.564,61.733],[24.556,61.719],[24.555,61.716],[24.546,61.717],[24.526,61.733],[24.519,61.735],[24.491,61.738],[24.483,61.735],[24.466,61.736],[24.457,61.738],[24.451,61.737],[24.436,61.736],[24.416,61.738],[24.406,61.742],[24.396,61.745],[24.357,61.776],[24.348,61.774],[24.311,61.81],[24.279,61.802],[24.227,61.825],[24.115,61.815],[24.091,61.793],[24.09,61.776],[24.115,61.733],[24.078,61.715],[24.087,61.706],[24.101,61.684],[24.103,61.666],[24.089,61.642],[24.095,61.635],[24.118,61.627]]]}},{"type":"Feature","properties":{"id":1700625,"maakond_id":311,"name":"Kangasala","bbox":[23.89,61.316,24.971,61.627]},"geometry":{"type":"Polygon","coordinates":[[[23.89,61.427],[23.916,61.397],[23.967,61.344],[23.95,61.34],[23.958,61.331],[23.969,61.329],[23.967,61.324],[23.971,61.322],[24,61.34],[24.02,61.33],[24.02,61.324],[24.025,61.322],[24.023,61.316],[24.056,61.338],[24.061,61.339],[24.079,61.33],[24.081,61.337],[24.104,61.348],[24.095,61.357],[24.124,61.363],[24.146,61.369],[24.156,61.371],[24.198,61.374],[24.226,61.382],[24.227,61.386],[24.236,61.387],[24.238,61.391],[24.248,61.393],[24.259,61.392],[24.262,61.393],[24.268,61.4],[24.272,61.402],[24.277,61.401],[24.285,61.396],[24.287,61.397],[24.294,61.396],[24.295,61.4],[24.285,61.398],[24.287,61.415],[24.282,61.438],[24.299,61.44],[24.325,61.434],[24.334,61.427],[24.356,61.427],[24.388,61.424],[24.415,61.421],[24.419,61.422],[24.429,61.419],[24.449,61.415],[24.618,61.431],[24.622,61.429],[24.632,61.442],[24.691,61.447],[24.69,61.448],[24.729,61.446],[24.726,61.458],[24.722,61.459],[24.72,61.464],[24.724,61.467],[24.72,61.475],[24.729,61.474],[24.735,61.472],[24.75,61.471],[24.75,61.464],[24.789,61.462],[24.782,61.491],[24.825,61.481],[24.848,61.479],[24.86,61.476],[24.971,61.451],[24.93,61.48],[24.926,61.505],[24.945,61.539],[24.878,61.545],[24.837,61.556],[24.745,61.566],[24.733,61.545],[24.737,61.526],[24.672,61.535],[24.643,61.514],[24.626,61.514],[24.622,61.519],[24.589,61.533],[24.572,61.525],[24.505,61.548],[24.401,61.546],[24.394,61.545],[24.348,61.555],[24.349,61.577],[24.331,61.583],[24.319,61.585],[24.307,61.583],[24.26,61.571],[24.254,61.571],[24.245,61.568],[24.229,61.574],[24.224,61.578],[24.216,61.582],[24.185,61.591],[24.174,61.598],[24.139,61.618],[24.118,61.627],[24.103,61.621],[24.084,61.615],[24.052,61.605],[24.009,61.562],[23.97,61.522],[23.977,61.503],[23.972,61.502],[23.957,61.502],[23.95,61.505],[23.942,61.506],[23.935,61.495],[23.937,61.49],[23.932,61.478],[23.933,61.474],[23.925,61.468],[23.916,61.452],[23.899,61.44],[23.89,61.427]]]}},{"type":"Feature","properties":{"id":1700646,"maakond_id":311,"name":"Lempäälä","bbox":[23.547,61.231,23.967,61.432]},"geometry":{"type":"Polygon","coordinates":[[[23.548,61.358],[23.603,61.334],[23.653,61.327],[23.672,61.317],[23.673,61.313],[23.658,61.305],[23.66,61.302],[23.657,61.297],[23.665,61.295],[23.667,61.29],[23.679,61.29],[23.686,61.296],[23.69,61.297],[23.707,61.294],[23.715,61.291],[23.727,61.284],[23.729,61.282],[23.725,61.277],[23.73,61.276],[23.735,61.272],[23.729,61.266],[23.737,61.259],[23.746,61.256],[23.754,61.248],[23.759,61.251],[23.767,61.243],[23.782,61.237],[23.786,61.234],[23.811,61.231],[23.83,61.237],[23.89,61.27],[23.917,61.29],[23.965,61.317],[23.952,61.321],[23.945,61.324],[23.958,61.331],[23.95,61.34],[23.967,61.344],[23.916,61.397],[23.89,61.427],[23.871,61.428],[23.823,61.43],[23.813,61.429],[23.796,61.426],[23.787,61.424],[23.774,61.425],[23.779,61.432],[23.766,61.432],[23.741,61.432],[23.657,61.407],[23.592,61.404],[23.577,61.397],[23.547,61.365],[23.548,61.358]]]}},{"type":"Feature","properties":{"id":1700655,"maakond_id":311,"name":"Pirkkala","bbox":[23.477,61.357,23.741,61.487]},"geometry":{"type":"Polygon","coordinates":[[[23.548,61.358],[23.547,61.365],[23.577,61.397],[23.592,61.404],[23.657,61.407],[23.741,61.432],[23.734,61.439],[23.73,61.452],[23.721,61.462],[23.726,61.465],[23.726,61.469],[23.718,61.475],[23.726,61.484],[23.708,61.487],[23.705,61.485],[23.696,61.481],[23.667,61.487],[23.613,61.478],[23.591,61.474],[23.568,61.476],[23.547,61.469],[23.518,61.435],[23.508,61.431],[23.508,61.428],[23.503,61.424],[23.491,61.423],[23.486,61.418],[23.485,61.407],[23.477,61.403],[23.478,61.397],[23.484,61.394],[23.497,61.387],[23.502,61.386],[23.508,61.382],[23.514,61.375],[23.529,61.369],[23.532,61.369],[23.539,61.357],[23.548,61.358]]]}},{"type":"Feature","properties":{"id":1701738,"maakond_id":311,"name":"Mänttä-Vilppula","bbox":[24.035,61.906,24.731,62.26]},"geometry":{"type":"Polygon","coordinates":[[[24.439,61.911],[24.436,61.915],[24.501,61.928],[24.505,61.923],[24.525,61.909],[24.543,61.935],[24.541,61.939],[24.542,61.942],[24.559,61.94],[24.561,61.942],[24.553,61.946],[24.559,61.947],[24.558,61.951],[24.583,61.952],[24.601,61.962],[24.615,61.983],[24.621,61.993],[24.637,61.999],[24.654,61.995],[24.658,61.998],[24.667,61.999],[24.673,62.002],[24.686,62.003],[24.731,62.023],[24.704,62.047],[24.69,62.048],[24.68,62.05],[24.668,62.049],[24.666,62.052],[24.667,62.09],[24.674,62.115],[24.624,62.128],[24.614,62.136],[24.602,62.139],[24.595,62.148],[24.592,62.148],[24.56,62.186],[24.499,62.205],[24.498,62.197],[24.427,62.173],[24.43,62.166],[24.436,62.167],[24.441,62.158],[24.428,62.153],[24.415,62.156],[24.41,62.159],[24.417,62.162],[24.398,62.163],[24.4,62.172],[24.393,62.173],[24.389,62.166],[24.363,62.165],[24.336,62.168],[24.338,62.171],[24.32,62.18],[24.293,62.195],[24.28,62.222],[24.281,62.223],[24.267,62.26],[24.253,62.252],[24.211,62.252],[24.212,62.242],[24.226,62.24],[24.232,62.242],[24.235,62.24],[24.231,62.234],[24.218,62.237],[24.211,62.232],[24.207,62.232],[24.21,62.226],[24.178,62.231],[24.17,62.23],[24.188,62.215],[24.161,62.215],[24.154,62.213],[24.151,62.206],[24.153,62.204],[24.163,62.203],[24.148,62.187],[24.145,62.182],[24.14,62.183],[24.134,62.177],[24.127,62.179],[24.123,62.183],[24.113,62.186],[24.104,62.181],[24.101,62.176],[24.084,62.177],[24.081,62.173],[24.076,62.174],[24.073,62.17],[24.062,62.173],[24.051,62.163],[24.037,62.145],[24.035,62.121],[24.065,62.112],[24.098,62.111],[24.108,62.102],[24.117,62.098],[24.115,62.093],[24.111,62.091],[24.141,62.081],[24.183,62.096],[24.204,62.084],[24.222,62.096],[24.24,62.076],[24.285,62.078],[24.286,62.056],[24.298,62.056],[24.304,62.051],[24.308,62.045],[24.274,62.039],[24.311,62.03],[24.318,62.018],[24.315,62.015],[24.299,62.02],[24.292,62.017],[24.284,62.016],[24.282,62.012],[24.299,62.003],[24.309,62.001],[24.323,61.997],[24.329,61.998],[24.332,61.996],[24.33,61.993],[24.316,61.991],[24.317,61.989],[24.335,61.97],[24.335,61.964],[24.338,61.962],[24.359,61.954],[24.379,61.95],[24.385,61.954],[24.412,61.931],[24.395,61.927],[24.408,61.906],[24.439,61.911]]]}},{"type":"Feature","properties":{"id":1701739,"maakond_id":307,"name":"Keuruu","bbox":[24.013,62.023,25.072,62.53]},"geometry":{"type":"Polygon","coordinates":[[[24.211,62.252],[24.253,62.252],[24.267,62.26],[24.281,62.223],[24.28,62.222],[24.293,62.195],[24.32,62.18],[24.338,62.171],[24.336,62.168],[24.363,62.165],[24.389,62.166],[24.393,62.173],[24.4,62.172],[24.398,62.163],[24.417,62.162],[24.41,62.159],[24.415,62.156],[24.428,62.153],[24.441,62.158],[24.436,62.167],[24.43,62.166],[24.427,62.173],[24.498,62.197],[24.499,62.205],[24.56,62.186],[24.592,62.148],[24.595,62.148],[24.602,62.139],[24.614,62.136],[24.624,62.128],[24.674,62.115],[24.667,62.09],[24.666,62.052],[24.668,62.049],[24.68,62.05],[24.69,62.048],[24.704,62.047],[24.731,62.023],[24.878,62.059],[24.829,62.113],[24.84,62.123],[24.881,62.154],[24.897,62.166],[24.928,62.19],[24.969,62.211],[25.037,62.208],[25.046,62.215],[25.072,62.238],[25.034,62.249],[25.048,62.297],[25.061,62.318],[25.052,62.324],[25.056,62.324],[25.062,62.319],[25.069,62.332],[24.948,62.319],[24.925,62.316],[24.902,62.316],[24.897,62.322],[24.868,62.328],[24.862,62.33],[24.885,62.343],[24.871,62.35],[24.828,62.346],[24.831,62.338],[24.817,62.336],[24.805,62.341],[24.742,62.327],[24.772,62.359],[24.757,62.359],[24.753,62.356],[24.741,62.358],[24.736,62.359],[24.733,62.356],[24.714,62.356],[24.715,62.358],[24.71,62.371],[24.705,62.37],[24.702,62.379],[24.669,62.376],[24.665,62.379],[24.656,62.379],[24.655,62.384],[24.648,62.387],[24.648,62.39],[24.643,62.393],[24.641,62.397],[24.642,62.4],[24.63,62.406],[24.665,62.419],[24.661,62.42],[24.626,62.409],[24.609,62.418],[24.677,62.441],[24.684,62.441],[24.684,62.446],[24.678,62.446],[24.675,62.443],[24.603,62.421],[24.589,62.428],[24.664,62.447],[24.645,62.453],[24.62,62.451],[24.621,62.448],[24.613,62.448],[24.61,62.45],[24.572,62.437],[24.545,62.451],[24.543,62.453],[24.586,62.454],[24.571,62.49],[24.531,62.528],[24.517,62.525],[24.511,62.53],[24.507,62.529],[24.504,62.519],[24.508,62.509],[24.507,62.507],[24.514,62.503],[24.497,62.497],[24.491,62.497],[24.477,62.503],[24.467,62.502],[24.453,62.511],[24.451,62.51],[24.464,62.497],[24.476,62.502],[24.484,62.496],[24.455,62.494],[24.452,62.485],[24.425,62.473],[24.407,62.496],[24.396,62.494],[24.394,62.496],[24.405,62.498],[24.403,62.502],[24.392,62.499],[24.38,62.494],[24.375,62.502],[24.335,62.492],[24.336,62.486],[24.321,62.482],[24.333,62.47],[24.338,62.471],[24.344,62.464],[24.339,62.463],[24.322,62.448],[24.265,62.463],[24.201,62.483],[24.157,62.454],[24.095,62.414],[24.101,62.409],[24.038,62.381],[24.013,62.363],[24.025,62.313],[24.048,62.298],[24.052,62.302],[24.066,62.302],[24.076,62.297],[24.081,62.276],[24.145,62.252],[24.211,62.252]]]}},{"type":"Feature","properties":{"id":1702328,"maakond_id":307,"name":"Kyyjärvi","bbox":[24.216,62.931,24.882,63.157]},"geometry":{"type":"Polygon","coordinates":[[[24.355,63.118],[24.357,63.114],[24.318,63.067],[24.278,63.064],[24.283,63.049],[24.272,63.048],[24.278,63.033],[24.262,63.032],[24.263,63.028],[24.249,63.027],[24.247,63.033],[24.216,63.03],[24.219,63.022],[24.236,63.02],[24.236,63.024],[24.247,63.025],[24.249,63.02],[24.294,63.036],[24.297,63.035],[24.309,63.018],[24.296,63.017],[24.298,63.008],[24.305,63.002],[24.29,62.999],[24.303,62.992],[24.301,62.988],[24.311,62.977],[24.334,62.983],[24.348,62.964],[24.446,62.961],[24.482,62.931],[24.53,62.943],[24.508,62.959],[24.539,62.958],[24.605,62.998],[24.625,62.993],[24.637,63.005],[24.663,63.002],[24.661,62.996],[24.657,62.996],[24.65,62.989],[24.657,62.988],[24.66,62.991],[24.695,62.985],[24.709,62.984],[24.716,62.992],[24.747,63.003],[24.736,63.012],[24.816,63.04],[24.822,63.037],[24.844,63.045],[24.882,63.046],[24.872,63.08],[24.862,63.086],[24.775,63.133],[24.773,63.133],[24.718,63.138],[24.587,63.151],[24.53,63.157],[24.359,63.116],[24.355,63.118]]]}},{"type":"Feature","properties":{"id":1702329,"maakond_id":307,"name":"Multia","bbox":[24.504,62.316,25.252,62.665]},"geometry":{"type":"Polygon","coordinates":[[[24.531,62.528],[24.571,62.49],[24.586,62.454],[24.543,62.453],[24.545,62.451],[24.572,62.437],[24.61,62.45],[24.613,62.448],[24.621,62.448],[24.62,62.451],[24.645,62.453],[24.664,62.447],[24.589,62.428],[24.603,62.421],[24.675,62.443],[24.678,62.446],[24.684,62.446],[24.684,62.441],[24.677,62.441],[24.609,62.418],[24.626,62.409],[24.661,62.42],[24.665,62.419],[24.63,62.406],[24.642,62.4],[24.641,62.397],[24.643,62.393],[24.648,62.39],[24.648,62.387],[24.655,62.384],[24.656,62.379],[24.665,62.379],[24.669,62.376],[24.702,62.379],[24.705,62.37],[24.71,62.371],[24.715,62.358],[24.714,62.356],[24.733,62.356],[24.736,62.359],[24.741,62.358],[24.753,62.356],[24.757,62.359],[24.772,62.359],[24.742,62.327],[24.805,62.341],[24.817,62.336],[24.831,62.338],[24.828,62.346],[24.871,62.35],[24.885,62.343],[24.862,62.33],[24.868,62.328],[24.897,62.322],[24.902,62.316],[24.925,62.316],[24.948,62.319],[25.069,62.332],[25.066,62.336],[25.061,62.341],[25.056,62.347],[25.048,62.347],[25.039,62.353],[25.037,62.359],[25.028,62.362],[25.03,62.367],[25.052,62.395],[25.075,62.422],[25.125,62.427],[25.141,62.445],[25.182,62.466],[25.187,62.516],[25.195,62.535],[25.206,62.541],[25.218,62.544],[25.217,62.546],[25.252,62.538],[25.221,62.558],[25.184,62.582],[25.17,62.583],[25.094,62.579],[24.968,62.573],[24.96,62.571],[24.955,62.572],[24.9,62.602],[24.838,62.578],[24.799,62.551],[24.765,62.542],[24.714,62.532],[24.646,62.602],[24.59,62.66],[24.582,62.665],[24.512,62.635],[24.504,62.621],[24.541,62.616],[24.579,62.621],[24.584,62.612],[24.554,62.608],[24.567,62.581],[24.535,62.577],[24.546,62.561],[24.525,62.559],[24.538,62.537],[24.532,62.536],[24.526,62.542],[24.518,62.54],[24.531,62.528]]]}},{"type":"Feature","properties":{"id":1702332,"maakond_id":302,"name":"Soini","bbox":[23.992,62.676,24.52,63.011]},"geometry":{"type":"Polygon","coordinates":[[[24.301,62.988],[24.259,62.986],[24.226,62.988],[24.232,62.99],[24.232,62.998],[24.227,62.999],[24.226,63.005],[24.177,63.002],[24.18,63.008],[24.18,63.011],[24.166,63.01],[24.174,62.991],[24.178,62.988],[24.167,62.987],[24.149,62.986],[24.128,62.979],[24.128,62.983],[24.103,62.983],[24.102,62.979],[24.094,62.979],[24.092,62.972],[24.093,62.964],[24.087,62.966],[24.079,62.967],[24.077,62.97],[24.058,62.974],[24.055,62.972],[24.056,62.968],[24.046,62.97],[24.044,62.974],[24.032,62.971],[24.007,62.892],[24.001,62.894],[23.992,62.861],[24.097,62.846],[24.094,62.843],[24.135,62.846],[24.143,62.831],[24.115,62.828],[24.098,62.829],[24.104,62.822],[24.097,62.818],[24.094,62.823],[24.088,62.823],[24.086,62.819],[24.089,62.812],[24.08,62.811],[24.079,62.806],[24.077,62.803],[24.077,62.795],[24.071,62.793],[24.07,62.789],[24.073,62.785],[24.067,62.784],[24.059,62.786],[24.056,62.785],[24.059,62.78],[24.049,62.778],[24.043,62.776],[24.044,62.773],[24.04,62.765],[24.076,62.763],[24.073,62.754],[24.067,62.755],[24.064,62.745],[24.055,62.743],[24.048,62.745],[24.045,62.757],[24.054,62.756],[24.056,62.762],[24.042,62.763],[24.039,62.762],[24.031,62.741],[24.055,62.729],[24.055,62.727],[24.066,62.724],[24.078,62.717],[24.109,62.719],[24.119,62.696],[24.164,62.695],[24.151,62.718],[24.197,62.728],[24.204,62.726],[24.203,62.722],[24.199,62.719],[24.201,62.711],[24.199,62.708],[24.192,62.702],[24.23,62.686],[24.259,62.706],[24.277,62.72],[24.213,62.739],[24.231,62.754],[24.28,62.759],[24.284,62.753],[24.268,62.742],[24.272,62.734],[24.29,62.729],[24.298,62.734],[24.305,62.726],[24.368,62.717],[24.374,62.701],[24.413,62.704],[24.421,62.701],[24.419,62.699],[24.429,62.689],[24.453,62.692],[24.472,62.676],[24.502,62.679],[24.494,62.683],[24.505,62.689],[24.517,62.684],[24.52,62.686],[24.504,62.71],[24.486,62.74],[24.46,62.765],[24.429,62.797],[24.43,62.802],[24.422,62.801],[24.408,62.813],[24.392,62.819],[24.381,62.821],[24.398,62.827],[24.362,62.853],[24.346,62.847],[24.336,62.847],[24.357,62.875],[24.357,62.872],[24.363,62.862],[24.448,62.871],[24.447,62.896],[24.434,62.908],[24.393,62.916],[24.343,62.918],[24.348,62.964],[24.334,62.983],[24.311,62.977],[24.301,62.988]]]}},{"type":"Feature","properties":{"id":1702333,"maakond_id":307,"name":"Karstula","bbox":[24.336,62.71,25.302,63.046]},"geometry":{"type":"Polygon","coordinates":[[[24.348,62.964],[24.343,62.918],[24.393,62.916],[24.434,62.908],[24.447,62.896],[24.448,62.871],[24.363,62.862],[24.357,62.872],[24.357,62.875],[24.336,62.847],[24.346,62.847],[24.362,62.853],[24.398,62.827],[24.381,62.821],[24.392,62.819],[24.408,62.813],[24.422,62.801],[24.43,62.802],[24.429,62.797],[24.46,62.765],[24.486,62.74],[24.504,62.71],[24.545,62.717],[24.539,62.725],[24.563,62.726],[24.586,62.751],[24.639,62.736],[24.655,62.748],[24.71,62.748],[24.735,62.766],[24.731,62.767],[24.752,62.783],[24.769,62.777],[24.766,62.775],[24.769,62.771],[24.776,62.774],[24.785,62.77],[24.784,62.781],[24.786,62.782],[24.8,62.78],[24.804,62.78],[24.807,62.786],[24.823,62.79],[24.829,62.797],[24.837,62.788],[24.849,62.786],[24.854,62.778],[24.854,62.772],[24.857,62.766],[24.857,62.76],[24.862,62.756],[24.867,62.749],[24.877,62.749],[24.929,62.737],[24.943,62.749],[24.949,62.75],[24.912,62.757],[24.916,62.758],[24.928,62.756],[24.934,62.756],[24.935,62.762],[24.954,62.779],[24.944,62.781],[24.948,62.786],[24.94,62.791],[24.935,62.791],[24.93,62.785],[24.917,62.785],[24.909,62.78],[24.906,62.78],[24.891,62.785],[24.873,62.806],[24.931,62.826],[25.031,62.861],[25.037,62.862],[25.051,62.859],[25.064,62.854],[25.067,62.855],[25.076,62.852],[25.085,62.848],[25.085,62.844],[25.099,62.833],[25.108,62.829],[25.117,62.827],[25.15,62.817],[25.163,62.811],[25.173,62.799],[25.247,62.807],[25.3,62.812],[25.302,62.817],[25.3,62.818],[25.295,62.821],[25.293,62.824],[25.297,62.831],[25.281,62.838],[25.27,62.839],[25.265,62.843],[25.252,62.843],[25.243,62.845],[25.236,62.849],[25.23,62.851],[25.215,62.854],[25.21,62.858],[25.188,62.873],[25.181,62.876],[25.183,62.881],[25.179,62.886],[25.181,62.894],[25.189,62.925],[25.134,62.934],[25.128,62.932],[25.109,62.931],[25.096,62.936],[25.066,62.945],[25.069,62.948],[25.065,62.956],[25.06,62.971],[25.054,62.97],[25.051,62.978],[25.064,62.978],[25.057,62.983],[25.048,62.983],[25.044,62.994],[25.06,62.997],[25.052,63.008],[25.027,63.046],[24.988,63.044],[24.983,63.036],[24.958,63.034],[24.95,63.035],[24.891,63.033],[24.882,63.046],[24.844,63.045],[24.822,63.037],[24.816,63.04],[24.736,63.012],[24.747,63.003],[24.716,62.992],[24.709,62.984],[24.695,62.985],[24.66,62.991],[24.657,62.988],[24.65,62.989],[24.657,62.996],[24.661,62.996],[24.663,63.002],[24.637,63.005],[24.625,62.993],[24.605,62.998],[24.539,62.958],[24.508,62.959],[24.53,62.943],[24.482,62.931],[24.446,62.961],[24.348,62.964]]]}},{"type":"Feature","properties":{"id":1702335,"maakond_id":307,"name":"Saarijärvi","bbox":[24.504,62.521,25.697,62.91]},"geometry":{"type":"Polygon","coordinates":[[[25.252,62.538],[25.316,62.538],[25.359,62.536],[25.363,62.53],[25.406,62.521],[25.425,62.524],[25.434,62.524],[25.44,62.527],[25.449,62.528],[25.443,62.539],[25.469,62.54],[25.475,62.547],[25.484,62.547],[25.478,62.592],[25.522,62.605],[25.521,62.608],[25.506,62.623],[25.476,62.636],[25.474,62.639],[25.499,62.686],[25.495,62.714],[25.492,62.726],[25.505,62.725],[25.502,62.733],[25.676,62.756],[25.697,62.782],[25.687,62.795],[25.649,62.813],[25.625,62.836],[25.612,62.847],[25.571,62.859],[25.557,62.91],[25.467,62.908],[25.323,62.831],[25.3,62.818],[25.302,62.817],[25.3,62.812],[25.247,62.807],[25.173,62.799],[25.163,62.811],[25.15,62.817],[25.117,62.827],[25.108,62.829],[25.099,62.833],[25.085,62.844],[25.085,62.848],[25.076,62.852],[25.067,62.855],[25.064,62.854],[25.051,62.859],[25.037,62.862],[25.031,62.861],[24.931,62.826],[24.873,62.806],[24.891,62.785],[24.906,62.78],[24.909,62.78],[24.917,62.785],[24.93,62.785],[24.935,62.791],[24.94,62.791],[24.948,62.786],[24.944,62.781],[24.954,62.779],[24.935,62.762],[24.934,62.756],[24.928,62.756],[24.916,62.758],[24.912,62.757],[24.949,62.75],[24.943,62.749],[24.929,62.737],[24.877,62.749],[24.867,62.749],[24.862,62.756],[24.857,62.76],[24.857,62.766],[24.854,62.772],[24.854,62.778],[24.849,62.786],[24.837,62.788],[24.829,62.797],[24.823,62.79],[24.807,62.786],[24.804,62.78],[24.8,62.78],[24.786,62.782],[24.784,62.781],[24.785,62.77],[24.776,62.774],[24.769,62.771],[24.766,62.775],[24.769,62.777],[24.752,62.783],[24.731,62.767],[24.735,62.766],[24.71,62.748],[24.655,62.748],[24.639,62.736],[24.586,62.751],[24.563,62.726],[24.539,62.725],[24.545,62.717],[24.504,62.71],[24.52,62.686],[24.582,62.665],[24.59,62.66],[24.646,62.602],[24.714,62.532],[24.765,62.542],[24.799,62.551],[24.838,62.578],[24.9,62.602],[24.955,62.572],[24.96,62.571],[24.968,62.573],[25.094,62.579],[25.17,62.583],[25.184,62.582],[25.221,62.558],[25.252,62.538]]]}},{"type":"Feature","properties":{"id":1703043,"maakond_id":307,"name":"Joutsa","bbox":[25.845,61.608,26.533,62.043]},"geometry":{"type":"Polygon","coordinates":[[[26.315,61.608],[26.325,61.608],[26.329,61.615],[26.338,61.613],[26.355,61.622],[26.353,61.629],[26.349,61.629],[26.349,61.634],[26.356,61.638],[26.365,61.638],[26.369,61.641],[26.369,61.647],[26.379,61.649],[26.377,61.658],[26.42,61.65],[26.445,61.64],[26.507,61.627],[26.515,61.627],[26.516,61.633],[26.523,61.637],[26.52,61.641],[26.517,61.653],[26.52,61.657],[26.519,61.663],[26.526,61.664],[26.526,61.675],[26.533,61.691],[26.53,61.7],[26.531,61.703],[26.526,61.705],[26.51,61.723],[26.512,61.727],[26.502,61.73],[26.491,61.742],[26.465,61.769],[26.438,61.784],[26.426,61.796],[26.398,61.804],[26.367,61.808],[26.378,61.814],[26.376,61.82],[26.379,61.823],[26.374,61.828],[26.376,61.833],[26.383,61.836],[26.372,61.845],[26.389,61.854],[26.371,61.87],[26.374,61.879],[26.378,61.883],[26.352,61.885],[26.329,61.881],[26.327,61.884],[26.335,61.886],[26.336,61.891],[26.333,61.894],[26.343,61.901],[26.34,61.908],[26.341,61.914],[26.343,61.921],[26.342,61.928],[26.335,61.929],[26.331,61.941],[26.336,61.944],[26.334,61.951],[26.413,61.973],[26.415,61.973],[26.375,62.004],[26.332,62.037],[26.291,62.043],[26.249,62.037],[26.162,62.038],[26.117,61.997],[26.112,61.998],[26.099,62.011],[26.091,62.011],[26.088,62.014],[26.078,62.022],[26.074,62.026],[26.074,62.031],[26.054,62.033],[26.043,62.033],[26.028,62.036],[25.976,62.036],[25.975,62.025],[25.956,62],[25.951,61.997],[25.962,61.986],[25.964,61.98],[25.973,61.978],[25.978,61.976],[25.985,61.966],[25.93,61.936],[25.929,61.935],[25.889,61.907],[25.85,61.891],[25.895,61.874],[25.921,61.858],[25.893,61.832],[25.868,61.822],[25.882,61.814],[25.871,61.813],[25.867,61.811],[25.856,61.81],[25.856,61.808],[25.845,61.807],[25.845,61.801],[25.883,61.795],[25.858,61.762],[25.863,61.761],[25.897,61.763],[25.908,61.765],[25.922,61.788],[25.926,61.782],[25.949,61.771],[25.984,61.76],[25.985,61.755],[25.98,61.75],[25.98,61.747],[25.988,61.746],[25.984,61.743],[25.995,61.739],[25.993,61.733],[25.998,61.729],[26.016,61.72],[26.035,61.725],[26.042,61.724],[26.045,61.726],[26.048,61.736],[26.052,61.738],[26.063,61.731],[26.067,61.725],[26.066,61.719],[26.063,61.717],[26.071,61.71],[26.081,61.71],[26.082,61.707],[26.079,61.7],[26.084,61.689],[26.079,61.681],[26.071,61.678],[26.07,61.672],[26.105,61.645],[26.128,61.638],[26.138,61.63],[26.138,61.62],[26.161,61.616],[26.192,61.65],[26.198,61.648],[26.226,61.642],[26.267,61.642],[26.283,61.657],[26.29,61.65],[26.3,61.654],[26.314,61.64],[26.299,61.627],[26.315,61.61],[26.315,61.608]]]}},{"type":"Feature","properties":{"id":1703044,"maakond_id":315,"name":"Hartola","bbox":[25.771,61.393,26.348,61.801]},"geometry":{"type":"Polygon","coordinates":[[[26.315,61.608],[26.315,61.61],[26.299,61.627],[26.314,61.64],[26.3,61.654],[26.29,61.65],[26.283,61.657],[26.267,61.642],[26.226,61.642],[26.198,61.648],[26.192,61.65],[26.161,61.616],[26.138,61.62],[26.138,61.63],[26.128,61.638],[26.105,61.645],[26.07,61.672],[26.071,61.678],[26.079,61.681],[26.084,61.689],[26.079,61.7],[26.082,61.707],[26.081,61.71],[26.071,61.71],[26.063,61.717],[26.066,61.719],[26.067,61.725],[26.063,61.731],[26.052,61.738],[26.048,61.736],[26.045,61.726],[26.042,61.724],[26.035,61.725],[26.016,61.72],[25.998,61.729],[25.993,61.733],[25.995,61.739],[25.984,61.743],[25.988,61.746],[25.98,61.747],[25.98,61.75],[25.985,61.755],[25.984,61.76],[25.949,61.771],[25.926,61.782],[25.922,61.788],[25.908,61.765],[25.897,61.763],[25.863,61.761],[25.858,61.762],[25.883,61.795],[25.845,61.801],[25.849,61.8],[25.85,61.791],[25.857,61.785],[25.854,61.779],[25.847,61.777],[25.841,61.773],[25.837,61.772],[25.831,61.768],[25.807,61.734],[25.771,61.685],[25.771,61.684],[25.782,61.667],[25.787,61.651],[25.838,61.653],[25.862,61.649],[25.876,61.643],[25.881,61.639],[25.88,61.633],[25.875,61.623],[25.847,61.627],[25.858,61.575],[25.88,61.582],[25.899,61.577],[25.935,61.584],[25.896,61.565],[25.962,61.543],[25.921,61.519],[25.879,61.49],[25.884,61.488],[25.884,61.485],[25.893,61.483],[25.88,61.48],[25.874,61.477],[25.87,61.478],[25.863,61.473],[25.879,61.469],[25.888,61.461],[25.892,61.458],[25.899,61.451],[25.911,61.446],[25.926,61.436],[25.933,61.435],[25.976,61.431],[25.986,61.436],[26.017,61.444],[26.02,61.449],[26.05,61.478],[26.085,61.453],[26.093,61.444],[26.092,61.43],[26.105,61.428],[26.11,61.425],[26.116,61.425],[26.129,61.43],[26.149,61.43],[26.151,61.428],[26.181,61.421],[26.186,61.415],[26.153,61.413],[26.153,61.409],[26.164,61.394],[26.173,61.393],[26.22,61.409],[26.234,61.415],[26.265,61.426],[26.244,61.446],[26.285,61.462],[26.293,61.464],[26.292,61.473],[26.286,61.48],[26.281,61.483],[26.278,61.488],[26.273,61.489],[26.263,61.5],[26.247,61.506],[26.236,61.509],[26.236,61.511],[26.258,61.505],[26.256,61.515],[26.27,61.514],[26.271,61.511],[26.266,61.507],[26.269,61.505],[26.309,61.505],[26.323,61.503],[26.329,61.502],[26.348,61.504],[26.345,61.51],[26.339,61.512],[26.334,61.509],[26.322,61.509],[26.326,61.515],[26.319,61.525],[26.311,61.525],[26.314,61.512],[26.309,61.506],[26.293,61.507],[26.282,61.509],[26.275,61.509],[26.274,61.514],[26.268,61.524],[26.289,61.524],[26.292,61.525],[26.299,61.545],[26.291,61.547],[26.284,61.553],[26.284,61.561],[26.287,61.567],[26.275,61.574],[26.274,61.579],[26.301,61.579],[26.32,61.572],[26.314,61.601],[26.315,61.608]]]}},{"type":"Feature","properties":{"id":1703340,"maakond_id":307,"name":"Toivakka","bbox":[25.768,61.997,26.332,62.236]},"geometry":{"type":"Polygon","coordinates":[[[25.795,62.094],[25.795,62.083],[25.768,62.064],[25.77,62.049],[25.836,62.044],[25.951,61.997],[25.956,62],[25.975,62.025],[25.976,62.036],[26.028,62.036],[26.043,62.033],[26.054,62.033],[26.074,62.031],[26.074,62.026],[26.078,62.022],[26.088,62.014],[26.091,62.011],[26.099,62.011],[26.112,61.998],[26.117,61.997],[26.162,62.038],[26.249,62.037],[26.291,62.043],[26.332,62.037],[26.268,62.084],[26.221,62.119],[26.316,62.2],[26.331,62.213],[26.245,62.224],[26.252,62.228],[26.25,62.232],[26.196,62.224],[26.194,62.222],[26.134,62.236],[26.121,62.23],[26.08,62.193],[26.078,62.189],[26.05,62.181],[26.035,62.186],[26.018,62.203],[26.012,62.195],[26.005,62.192],[26.012,62.185],[26.021,62.181],[26.027,62.184],[26.035,62.184],[26.038,62.18],[26.049,62.18],[26.049,62.171],[25.978,62.17],[25.941,62.137],[25.947,62.106],[25.961,62.075],[25.913,62.09],[25.862,62.133],[25.852,62.135],[25.839,62.131],[25.832,62.131],[25.82,62.127],[25.804,62.128],[25.795,62.113],[25.795,62.094]]]}},{"type":"Feature","properties":{"id":1703365,"maakond_id":307,"name":"Luhanka","bbox":[25.497,61.674,25.921,61.892]},"geometry":{"type":"Polygon","coordinates":[[[25.535,61.78],[25.501,61.763],[25.497,61.705],[25.501,61.677],[25.531,61.677],[25.535,61.68],[25.567,61.674],[25.608,61.681],[25.639,61.695],[25.636,61.696],[25.645,61.701],[25.649,61.707],[25.664,61.716],[25.669,61.717],[25.675,61.714],[25.688,61.718],[25.69,61.714],[25.703,61.712],[25.726,61.711],[25.749,61.705],[25.758,61.7],[25.749,61.699],[25.743,61.693],[25.771,61.685],[25.807,61.734],[25.831,61.768],[25.837,61.772],[25.841,61.773],[25.847,61.777],[25.854,61.779],[25.857,61.785],[25.85,61.791],[25.849,61.8],[25.845,61.801],[25.845,61.807],[25.856,61.808],[25.856,61.81],[25.867,61.811],[25.871,61.813],[25.882,61.814],[25.868,61.822],[25.893,61.832],[25.921,61.858],[25.895,61.874],[25.85,61.891],[25.794,61.892],[25.752,61.85],[25.668,61.858],[25.66,61.859],[25.622,61.859],[25.606,61.854],[25.596,61.839],[25.574,61.805],[25.565,61.792],[25.535,61.78]]]}},{"type":"Feature","properties":{"id":1704306,"maakond_id":315,"name":"Sysmä","bbox":[25.437,61.311,26.186,61.718]},"geometry":{"type":"Polygon","coordinates":[[[25.501,61.677],[25.507,61.634],[25.437,61.487],[25.491,61.438],[25.471,61.405],[25.545,61.329],[25.602,61.343],[25.611,61.34],[25.632,61.339],[25.706,61.341],[25.742,61.365],[25.808,61.313],[25.815,61.311],[25.84,61.33],[25.839,61.333],[25.848,61.335],[25.854,61.334],[25.863,61.336],[25.86,61.339],[25.867,61.34],[25.877,61.342],[25.882,61.346],[25.88,61.351],[25.89,61.352],[25.888,61.356],[25.878,61.355],[25.873,61.365],[25.882,61.368],[25.902,61.371],[25.903,61.374],[25.913,61.374],[25.929,61.361],[25.937,61.363],[25.942,61.363],[25.955,61.369],[25.983,61.372],[25.995,61.376],[26.014,61.376],[26.025,61.378],[26.04,61.377],[26.045,61.381],[26.051,61.383],[26.048,61.386],[26.056,61.39],[26.077,61.383],[26.09,61.385],[26.101,61.38],[26.128,61.396],[26.151,61.382],[26.173,61.393],[26.164,61.394],[26.153,61.409],[26.153,61.413],[26.186,61.415],[26.181,61.421],[26.151,61.428],[26.149,61.43],[26.129,61.43],[26.116,61.425],[26.11,61.425],[26.105,61.428],[26.092,61.43],[26.093,61.444],[26.085,61.453],[26.05,61.478],[26.02,61.449],[26.017,61.444],[25.986,61.436],[25.976,61.431],[25.933,61.435],[25.926,61.436],[25.911,61.446],[25.899,61.451],[25.892,61.458],[25.888,61.461],[25.879,61.469],[25.863,61.473],[25.87,61.478],[25.874,61.477],[25.88,61.48],[25.893,61.483],[25.884,61.485],[25.884,61.488],[25.879,61.49],[25.921,61.519],[25.962,61.543],[25.896,61.565],[25.935,61.584],[25.899,61.577],[25.88,61.582],[25.858,61.575],[25.847,61.627],[25.875,61.623],[25.88,61.633],[25.881,61.639],[25.876,61.643],[25.862,61.649],[25.838,61.653],[25.787,61.651],[25.782,61.667],[25.771,61.684],[25.771,61.685],[25.743,61.693],[25.749,61.699],[25.758,61.7],[25.749,61.705],[25.726,61.711],[25.703,61.712],[25.69,61.714],[25.688,61.718],[25.675,61.714],[25.669,61.717],[25.664,61.716],[25.649,61.707],[25.645,61.701],[25.636,61.696],[25.639,61.695],[25.608,61.681],[25.567,61.674],[25.535,61.68],[25.531,61.677],[25.501,61.677]]]}},{"type":"Feature","properties":{"id":1704307,"maakond_id":311,"name":"Kuhmoinen","bbox":[24.784,61.451,25.535,61.787]},"geometry":{"type":"Polygon","coordinates":[[[25.535,61.78],[25.412,61.755],[25.396,61.745],[25.407,61.74],[25.393,61.723],[25.373,61.713],[25.358,61.72],[25.302,61.726],[25.265,61.726],[25.268,61.737],[25.264,61.739],[25.256,61.736],[25.245,61.728],[25.236,61.726],[25.219,61.737],[25.199,61.733],[25.19,61.729],[25.187,61.73],[25.18,61.736],[25.15,61.739],[25.007,61.779],[24.979,61.787],[24.961,61.78],[24.962,61.777],[24.976,61.77],[24.99,61.762],[24.98,61.758],[24.994,61.739],[25.004,61.731],[24.979,61.722],[24.968,61.724],[24.959,61.728],[24.966,61.734],[24.96,61.737],[24.967,61.745],[24.956,61.756],[24.944,61.751],[24.944,61.749],[24.95,61.744],[24.947,61.737],[24.944,61.738],[24.927,61.72],[24.924,61.716],[24.913,61.706],[24.923,61.693],[24.931,61.685],[24.943,61.68],[24.957,61.671],[24.964,61.662],[24.965,61.658],[24.956,61.653],[24.962,61.65],[24.951,61.647],[24.949,61.641],[24.957,61.635],[24.96,61.631],[24.918,61.631],[24.91,61.636],[24.888,61.647],[24.876,61.645],[24.844,61.649],[24.837,61.652],[24.829,61.651],[24.812,61.66],[24.791,61.632],[24.784,61.622],[24.789,61.61],[24.793,61.605],[24.816,61.59],[24.837,61.556],[24.844,61.568],[24.847,61.588],[24.862,61.589],[24.889,61.597],[24.917,61.589],[24.916,61.566],[24.878,61.545],[24.945,61.539],[24.926,61.505],[24.93,61.48],[24.971,61.451],[24.989,61.452],[25.08,61.467],[25.075,61.476],[25.078,61.477],[25.094,61.472],[25.108,61.471],[25.118,61.473],[25.121,61.47],[25.131,61.469],[25.136,61.467],[25.148,61.459],[25.183,61.478],[25.256,61.473],[25.276,61.48],[25.358,61.483],[25.437,61.487],[25.507,61.634],[25.501,61.677],[25.497,61.705],[25.501,61.763],[25.535,61.78]]]}},{"type":"Feature","properties":{"id":1707308,"maakond_id":307,"name":"Kannonkoski","bbox":[25.044,62.818,25.707,63.099]},"geometry":{"type":"Polygon","coordinates":[[[25.375,63.099],[25.298,63.095],[25.206,63.089],[25.16,63.08],[25.153,63.062],[25.159,63.033],[25.146,63.026],[25.128,63.033],[25.099,63.029],[25.108,63.025],[25.102,63.022],[25.097,63.029],[25.086,63.027],[25.081,63.028],[25.091,63.013],[25.052,63.008],[25.06,62.997],[25.044,62.994],[25.048,62.983],[25.057,62.983],[25.064,62.978],[25.051,62.978],[25.054,62.97],[25.06,62.971],[25.065,62.956],[25.069,62.948],[25.066,62.945],[25.096,62.936],[25.109,62.931],[25.128,62.932],[25.134,62.934],[25.189,62.925],[25.181,62.894],[25.179,62.886],[25.183,62.881],[25.181,62.876],[25.188,62.873],[25.21,62.858],[25.215,62.854],[25.23,62.851],[25.236,62.849],[25.243,62.845],[25.252,62.843],[25.265,62.843],[25.27,62.839],[25.281,62.838],[25.297,62.831],[25.293,62.824],[25.295,62.821],[25.3,62.818],[25.323,62.831],[25.467,62.908],[25.557,62.91],[25.571,62.859],[25.666,62.9],[25.707,62.921],[25.683,62.955],[25.621,62.94],[25.612,62.94],[25.597,62.952],[25.586,62.957],[25.565,62.969],[25.526,62.985],[25.506,62.987],[25.506,62.989],[25.52,63.024],[25.53,63.033],[25.373,63.096],[25.375,63.099]]]}},{"type":"Feature","properties":{"id":1709290,"maakond_id":307,"name":"Viitasaari","bbox":[25.309,62.868,26.334,63.29]},"geometry":{"type":"Polygon","coordinates":[[[26.334,63.035],[26.329,63.043],[26.303,63.049],[26.286,63.057],[26.261,63.064],[26.25,63.067],[26.244,63.071],[26.245,63.075],[26.222,63.087],[26.22,63.092],[26.188,63.122],[26.191,63.133],[26.164,63.147],[26.161,63.159],[26.148,63.21],[26.185,63.213],[26.176,63.241],[26.142,63.275],[26.024,63.29],[25.869,63.274],[25.843,63.276],[25.802,63.28],[25.744,63.287],[25.697,63.281],[25.642,63.258],[25.647,63.246],[25.621,63.25],[25.626,63.262],[25.588,63.264],[25.582,63.252],[25.521,63.256],[25.516,63.258],[25.514,63.261],[25.504,63.264],[25.482,63.276],[25.476,63.278],[25.466,63.28],[25.465,63.278],[25.393,63.273],[25.333,63.284],[25.309,63.279],[25.366,63.257],[25.379,63.245],[25.316,63.242],[25.33,63.186],[25.337,63.158],[25.375,63.099],[25.373,63.096],[25.53,63.033],[25.52,63.024],[25.506,62.989],[25.506,62.987],[25.526,62.985],[25.565,62.969],[25.586,62.957],[25.597,62.952],[25.612,62.94],[25.621,62.94],[25.683,62.955],[25.707,62.921],[25.802,62.905],[25.864,62.882],[25.87,62.881],[25.891,62.886],[25.915,62.885],[25.946,62.879],[25.988,62.868],[26.016,62.896],[26.023,62.905],[26.054,62.892],[26.068,62.889],[26.04,62.936],[26.089,62.94],[26.124,62.953],[26.222,62.954],[26.266,62.935],[26.273,62.925],[26.308,62.953],[26.314,62.959],[26.333,62.984],[26.29,62.982],[26.223,63.026],[26.239,63.044],[26.334,63.035]]]}},{"type":"Feature","properties":{"id":1709291,"maakond_id":307,"name":"Konnevesi","bbox":[26.025,62.479,26.599,62.848]},"geometry":{"type":"Polygon","coordinates":[[[26.447,62.789],[26.425,62.783],[26.399,62.778],[26.393,62.775],[26.406,62.768],[26.4,62.766],[26.356,62.747],[26.24,62.817],[26.232,62.819],[26.223,62.826],[26.22,62.825],[26.211,62.831],[26.19,62.824],[26.154,62.845],[26.156,62.848],[26.148,62.845],[26.094,62.839],[26.025,62.825],[26.037,62.807],[26.041,62.804],[26.042,62.799],[26.046,62.795],[26.062,62.784],[26.067,62.779],[26.073,62.775],[26.083,62.773],[26.103,62.773],[26.109,62.77],[26.118,62.768],[26.135,62.76],[26.143,62.75],[26.136,62.711],[26.161,62.688],[26.234,62.678],[26.15,62.656],[26.138,62.627],[26.11,62.606],[26.036,62.584],[26.088,62.528],[26.14,62.489],[26.177,62.479],[26.204,62.491],[26.219,62.491],[26.211,62.507],[26.204,62.515],[26.196,62.533],[26.212,62.537],[26.217,62.535],[26.22,62.532],[26.236,62.537],[26.232,62.545],[26.227,62.545],[26.225,62.549],[26.216,62.558],[26.215,62.562],[26.208,62.572],[26.214,62.578],[26.228,62.569],[26.238,62.569],[26.241,62.566],[26.264,62.561],[26.264,62.555],[26.274,62.55],[26.394,62.517],[26.4,62.506],[26.455,62.531],[26.464,62.538],[26.476,62.532],[26.483,62.532],[26.508,62.533],[26.518,62.536],[26.526,62.541],[26.556,62.562],[26.569,62.58],[26.572,62.589],[26.594,62.591],[26.599,62.594],[26.577,62.604],[26.598,62.611],[26.591,62.642],[26.589,62.641],[26.57,62.653],[26.571,62.661],[26.569,62.668],[26.563,62.675],[26.562,62.682],[26.545,62.694],[26.526,62.716],[26.529,62.722],[26.447,62.789]]]}},{"type":"Feature","properties":{"id":1709292,"maakond_id":314,"name":"Vesanto","bbox":[26.04,62.747,26.681,63.044]},"geometry":{"type":"Polygon","coordinates":[[[26.447,62.789],[26.48,62.798],[26.499,62.791],[26.489,62.806],[26.534,62.816],[26.538,62.82],[26.57,62.818],[26.578,62.81],[26.591,62.815],[26.61,62.805],[26.635,62.81],[26.638,62.815],[26.63,62.817],[26.628,62.821],[26.619,62.824],[26.614,62.829],[26.613,62.834],[26.667,62.849],[26.671,62.85],[26.638,62.881],[26.662,62.885],[26.678,62.896],[26.681,62.898],[26.647,62.922],[26.661,62.92],[26.657,62.925],[26.614,62.955],[26.54,62.983],[26.536,62.987],[26.559,62.992],[26.543,62.999],[26.515,62.992],[26.483,63.009],[26.454,63.015],[26.353,63.035],[26.334,63.035],[26.239,63.044],[26.223,63.026],[26.29,62.982],[26.333,62.984],[26.314,62.959],[26.308,62.953],[26.273,62.925],[26.266,62.935],[26.222,62.954],[26.124,62.953],[26.089,62.94],[26.04,62.936],[26.068,62.889],[26.165,62.873],[26.189,62.862],[26.182,62.857],[26.156,62.848],[26.154,62.845],[26.19,62.824],[26.211,62.831],[26.22,62.825],[26.223,62.826],[26.232,62.819],[26.24,62.817],[26.356,62.747],[26.4,62.766],[26.406,62.768],[26.393,62.775],[26.399,62.778],[26.425,62.783],[26.447,62.789]]]}},{"type":"Feature","properties":{"id":1723579,"maakond_id":314,"name":"Keitele","bbox":[26.071,62.992,26.622,63.443]},"geometry":{"type":"Polygon","coordinates":[[[26.142,63.275],[26.176,63.241],[26.185,63.213],[26.148,63.21],[26.161,63.159],[26.164,63.147],[26.191,63.133],[26.188,63.122],[26.22,63.092],[26.222,63.087],[26.245,63.075],[26.244,63.071],[26.25,63.067],[26.261,63.064],[26.286,63.057],[26.303,63.049],[26.329,63.043],[26.334,63.035],[26.353,63.035],[26.454,63.015],[26.483,63.009],[26.515,62.992],[26.543,62.999],[26.569,63.005],[26.622,63.021],[26.614,63.034],[26.607,63.042],[26.493,63.112],[26.475,63.143],[26.456,63.156],[26.462,63.158],[26.463,63.175],[26.436,63.211],[26.423,63.248],[26.426,63.252],[26.418,63.256],[26.419,63.26],[26.41,63.268],[26.385,63.284],[26.345,63.3],[26.339,63.3],[26.328,63.301],[26.322,63.305],[26.315,63.308],[26.321,63.34],[26.293,63.364],[26.259,63.392],[26.198,63.443],[26.177,63.439],[26.121,63.406],[26.071,63.355],[26.087,63.354],[26.129,63.33],[26.142,63.275]]]}},{"type":"Feature","properties":{"id":1724821,"maakond_id":310,"name":"Inari","bbox":[24.903,68.278,29.336,69.849]},"geometry":{"type":"Polygon","coordinates":[[[28.48,68.465],[28.434,68.54],[28.509,68.593],[28.604,68.661],[28.706,68.732],[28.737,68.777],[28.781,68.842],[28.801,68.869],[28.661,68.886],[28.468,68.885],[28.416,68.915],[28.496,68.93],[28.705,68.989],[28.929,69.052],[28.855,69.077],[28.805,69.111],[28.83,69.172],[28.832,69.224],[28.931,69.268],[29.058,69.325],[29.219,69.398],[29.336,69.478],[29.255,69.557],[29.171,69.639],[29.134,69.695],[28.917,69.73],[28.689,69.771],[28.515,69.8],[28.404,69.818],[28.33,69.849],[28.078,69.658],[27.965,69.603],[27.889,69.564],[27.315,69.486],[27.237,69.454],[26.694,69.346],[26.702,69.34],[26.691,69.341],[26.687,69.344],[26.036,69.211],[25.738,69.148],[25.743,69.144],[25.742,69.136],[25.732,69.128],[25.732,69.123],[25.722,69.116],[25.72,69.109],[25.73,69.106],[25.731,69.104],[25.726,69.096],[25.732,69.082],[25.724,69.08],[25.729,69.074],[25.753,69.057],[25.754,69.053],[25.749,69.051],[25.751,69.046],[25.745,69.044],[25.745,69.04],[25.75,69.037],[25.75,69.033],[25.757,69.03],[25.771,69.029],[25.776,69.023],[25.777,69.018],[25.774,69.013],[25.762,69.004],[25.756,69.004],[25.73,68.994],[25.712,68.979],[25.714,68.972],[25.714,68.967],[25.708,68.961],[25.692,68.951],[25.691,68.945],[25.673,68.932],[25.67,68.928],[25.657,68.917],[25.654,68.906],[25.636,68.903],[25.627,68.897],[25.628,68.893],[25.604,68.887],[25.601,68.885],[25.586,68.883],[25.557,68.887],[25.544,68.886],[25.531,68.888],[25.526,68.89],[25.516,68.892],[25.509,68.897],[25.493,68.9],[25.494,68.903],[25.482,68.905],[25.457,68.9],[25.433,68.894],[25.428,68.894],[25.42,68.891],[25.411,68.893],[25.397,68.89],[25.401,68.887],[25.375,68.881],[25.372,68.878],[25.338,68.87],[25.326,68.866],[25.313,68.863],[25.296,68.861],[25.288,68.858],[25.29,68.856],[25.268,68.851],[25.254,68.845],[25.239,68.839],[25.232,68.829],[25.232,68.827],[25.22,68.821],[25.208,68.819],[25.207,68.816],[25.197,68.81],[25.176,68.807],[25.173,68.804],[25.157,68.8],[25.15,68.795],[25.148,68.79],[25.142,68.787],[25.141,68.779],[25.133,68.768],[25.135,68.762],[25.126,68.758],[25.121,68.745],[25.126,68.743],[25.127,68.736],[25.124,68.735],[25.122,68.724],[25.125,68.72],[25.13,68.719],[25.131,68.715],[25.122,68.713],[25.111,68.699],[25.114,68.693],[25.107,68.68],[25.111,68.677],[25.11,68.673],[25.114,68.666],[25.116,68.66],[25.114,68.653],[25.118,68.651],[25.116,68.645],[25.119,68.643],[25.113,68.638],[25.104,68.638],[25.091,68.636],[25.086,68.63],[25.076,68.622],[25.065,68.621],[25.057,68.622],[25.049,68.627],[25.037,68.625],[25.033,68.623],[25.024,68.624],[25.016,68.622],[25.015,68.616],[24.996,68.612],[24.986,68.613],[24.98,68.618],[24.969,68.616],[24.959,68.618],[24.95,68.615],[24.947,68.612],[24.934,68.611],[24.927,68.607],[24.917,68.605],[24.907,68.582],[24.903,68.555],[25.027,68.395],[25.525,68.311],[25.805,68.29],[25.976,68.278],[26.195,68.314],[26.478,68.322],[26.834,68.33],[27.032,68.334],[27.258,68.339],[27.459,68.343],[27.502,68.344],[27.657,68.368],[27.761,68.384],[27.899,68.406],[27.97,68.417],[28.181,68.449],[28.264,68.462],[28.273,68.455],[28.279,68.453],[28.284,68.448],[28.371,68.448],[28.438,68.456],[28.48,68.465]]]}},{"type":"Feature","properties":{"id":1724822,"maakond_id":310,"name":"Utsjoki","bbox":[25.693,69.148,28.345,70.092]},"geometry":{"type":"Polygon","coordinates":[[[28.33,69.849],[28.345,69.881],[28.161,69.921],[28.018,69.995],[27.984,70.014],[27.982,70.028],[27.977,70.054],[27.959,70.092],[27.948,70.092],[27.928,70.09],[27.91,70.087],[27.881,70.086],[27.836,70.079],[27.82,70.079],[27.794,70.077],[27.785,70.075],[27.768,70.069],[27.741,70.064],[27.73,70.066],[27.706,70.074],[27.693,70.077],[27.672,70.077],[27.654,70.076],[27.631,70.075],[27.616,70.075],[27.593,70.069],[27.579,70.068],[27.57,70.063],[27.557,70.06],[27.553,70.058],[27.545,70.049],[27.541,70.046],[27.544,70.039],[27.54,70.033],[27.535,70.03],[27.53,70.025],[27.515,70.022],[27.496,70.021],[27.473,70.022],[27.461,70.02],[27.44,70.02],[27.429,70.019],[27.405,70.013],[27.392,70.004],[27.382,69.999],[27.375,69.998],[27.358,69.992],[27.344,69.989],[27.326,69.988],[27.312,69.99],[27.291,69.985],[27.276,69.979],[27.276,69.975],[27.291,69.971],[27.295,69.965],[27.301,69.964],[27.305,69.958],[27.302,69.955],[27.292,69.952],[27.273,69.95],[27.235,69.948],[27.195,69.94],[27.183,69.938],[27.17,69.935],[27.153,69.933],[27.129,69.932],[27.111,69.921],[27.093,69.917],[27.079,69.918],[27.062,69.918],[27.048,69.912],[27.032,69.911],[27.012,69.919],[27.004,69.925],[26.986,69.935],[26.968,69.939],[26.956,69.94],[26.929,69.939],[26.918,69.936],[26.898,69.932],[26.886,69.932],[26.874,69.935],[26.861,69.94],[26.855,69.947],[26.858,69.95],[26.859,69.957],[26.851,69.96],[26.836,69.96],[26.818,69.959],[26.789,69.959],[26.765,69.955],[26.748,69.95],[26.732,69.946],[26.715,69.945],[26.703,69.948],[26.686,69.96],[26.683,69.963],[26.676,69.965],[26.659,69.963],[26.617,69.959],[26.57,69.952],[26.553,69.948],[26.522,69.946],[26.495,69.946],[26.478,69.942],[26.467,69.94],[26.46,69.936],[26.458,69.932],[26.458,69.922],[26.455,69.919],[26.434,69.909],[26.42,69.904],[26.408,69.901],[26.408,69.897],[26.418,69.891],[26.413,69.88],[26.403,69.874],[26.401,69.866],[26.391,69.861],[26.387,69.856],[26.379,69.852],[26.369,69.85],[26.361,69.845],[26.35,69.845],[26.343,69.843],[26.334,69.838],[26.318,69.834],[26.297,69.827],[26.282,69.826],[26.264,69.82],[26.246,69.817],[26.241,69.814],[26.241,69.808],[26.249,69.801],[26.247,69.795],[26.228,69.792],[26.226,69.787],[26.22,69.785],[26.217,69.781],[26.192,69.777],[26.181,69.769],[26.185,69.767],[26.184,69.761],[26.173,69.758],[26.162,69.758],[26.15,69.755],[26.147,69.745],[26.136,69.739],[26.122,69.733],[26.106,69.729],[26.078,69.727],[26.072,69.724],[26.059,69.724],[26.049,69.72],[26.025,69.722],[26.014,69.723],[26.007,69.723],[25.995,69.718],[25.981,69.71],[25.966,69.705],[25.96,69.699],[25.951,69.697],[25.952,69.694],[25.946,69.69],[25.943,69.685],[25.931,69.68],[25.917,69.679],[25.911,69.675],[25.896,69.669],[25.891,69.666],[25.897,69.659],[25.908,69.657],[25.929,69.656],[25.947,69.651],[25.955,69.647],[25.955,69.643],[25.961,69.637],[25.963,69.632],[25.961,69.629],[25.964,69.626],[25.959,69.62],[25.974,69.614],[25.977,69.611],[25.967,69.599],[25.954,69.596],[25.95,69.589],[25.946,69.586],[25.949,69.583],[25.937,69.573],[25.924,69.57],[25.906,69.562],[25.874,69.554],[25.854,69.553],[25.841,69.551],[25.841,69.542],[25.861,69.537],[25.876,69.529],[25.877,69.522],[25.86,69.514],[25.856,69.508],[25.86,69.504],[25.851,69.498],[25.846,69.493],[25.849,69.488],[25.864,69.483],[25.864,69.475],[25.84,69.47],[25.835,69.468],[25.831,69.462],[25.829,69.453],[25.826,69.449],[25.819,69.445],[25.817,69.44],[25.807,69.435],[25.806,69.433],[25.811,69.429],[25.793,69.421],[25.798,69.419],[25.809,69.419],[25.822,69.416],[25.824,69.413],[25.81,69.411],[25.812,69.405],[25.827,69.407],[25.844,69.398],[25.847,69.394],[25.838,69.392],[25.831,69.389],[25.83,69.383],[25.82,69.38],[25.813,69.376],[25.819,69.373],[25.816,69.367],[25.819,69.361],[25.804,69.357],[25.785,69.356],[25.779,69.351],[25.78,69.346],[25.777,69.344],[25.76,69.341],[25.763,69.334],[25.758,69.331],[25.759,69.327],[25.742,69.319],[25.739,69.311],[25.742,69.307],[25.748,69.302],[25.737,69.299],[25.736,69.295],[25.745,69.293],[25.748,69.286],[25.739,69.281],[25.743,69.278],[25.729,69.271],[25.732,69.266],[25.729,69.262],[25.72,69.257],[25.703,69.255],[25.701,69.25],[25.708,69.244],[25.702,69.24],[25.704,69.234],[25.701,69.232],[25.714,69.225],[25.706,69.22],[25.709,69.214],[25.713,69.212],[25.704,69.206],[25.694,69.204],[25.696,69.2],[25.693,69.196],[25.708,69.187],[25.715,69.177],[25.73,69.159],[25.73,69.152],[25.738,69.148],[26.036,69.211],[26.687,69.344],[26.691,69.341],[26.702,69.34],[26.694,69.346],[27.237,69.454],[27.315,69.486],[27.889,69.564],[27.965,69.603],[28.078,69.658],[28.33,69.849]]]}},{"type":"Feature","properties":{"id":1724976,"maakond_id":310,"name":"Enontekiö","bbox":[20.552,68.116,25.027,69.312]},"geometry":{"type":"Polygon","coordinates":[[[24.107,68.139],[24.157,68.147],[24.262,68.21],[24.377,68.28],[24.446,68.321],[24.541,68.344],[24.699,68.382],[24.905,68.391],[25.027,68.395],[24.903,68.555],[24.857,68.562],[24.813,68.607],[24.783,68.636],[24.608,68.682],[24.468,68.7],[24.302,68.717],[24.251,68.727],[24.208,68.745],[24.153,68.754],[24.159,68.79],[24.076,68.78],[23.983,68.827],[23.871,68.837],[23.775,68.819],[23.731,68.751],[23.674,68.706],[23.441,68.692],[23.364,68.675],[23.235,68.645],[23.168,68.629],[23.102,68.661],[23.046,68.689],[22.801,68.688],[22.606,68.726],[22.535,68.745],[22.375,68.717],[22.354,68.787],[22.341,68.827],[22.192,68.919],[22.176,68.956],[22.162,68.965],[22.091,69.008],[22.007,69.059],[21.984,69.073],[21.977,69.077],[21.846,69.144],[21.723,69.214],[21.627,69.277],[21.442,69.295],[21.279,69.312],[21.096,69.261],[21.003,69.222],[20.988,69.192],[21.047,69.14],[21.056,69.122],[21.109,69.104],[21.058,69.036],[20.881,69.079],[20.717,69.12],[20.552,69.06],[20.559,69.057],[20.569,69.057],[20.578,69.053],[20.591,69.053],[20.595,69.051],[20.607,69.05],[20.616,69.047],[20.639,69.045],[20.662,69.043],[20.689,69.043],[20.703,69.044],[20.719,69.04],[20.736,69.037],[20.775,69.033],[20.788,69.027],[20.808,69.02],[20.813,69.017],[20.82,69.006],[20.835,68.996],[20.849,68.991],[20.86,68.99],[20.867,68.987],[20.88,68.987],[20.884,68.983],[20.906,68.973],[20.912,68.969],[20.914,68.96],[20.906,68.953],[20.895,68.947],[20.89,68.941],[20.867,68.944],[20.844,68.937],[20.852,68.924],[20.863,68.923],[20.881,68.918],[20.89,68.908],[20.903,68.9],[20.892,68.897],[20.883,68.897],[20.877,68.894],[20.888,68.892],[20.902,68.891],[20.916,68.897],[20.933,68.899],[20.945,68.896],[20.958,68.897],[20.959,68.892],[20.966,68.891],[20.975,68.893],[20.987,68.892],[20.997,68.897],[21.005,68.893],[21.019,68.89],[21.03,68.885],[21.026,68.883],[21.045,68.882],[21.052,68.879],[21.075,68.872],[21.078,68.865],[21.094,68.861],[21.107,68.86],[21.129,68.854],[21.132,68.848],[21.141,68.847],[21.145,68.84],[21.151,68.839],[21.171,68.834],[21.185,68.828],[21.189,68.824],[21.196,68.823],[21.212,68.818],[21.226,68.816],[21.237,68.813],[21.24,68.809],[21.254,68.802],[21.253,68.798],[21.262,68.792],[21.262,68.787],[21.27,68.78],[21.284,68.774],[21.293,68.768],[21.296,68.764],[21.308,68.76],[21.325,68.759],[21.337,68.763],[21.343,68.763],[21.362,68.767],[21.384,68.765],[21.402,68.758],[21.407,68.751],[21.412,68.748],[21.407,68.743],[21.405,68.736],[21.415,68.73],[21.41,68.726],[21.422,68.715],[21.413,68.712],[21.421,68.706],[21.423,68.702],[21.418,68.698],[21.422,68.695],[21.436,68.69],[21.446,68.689],[21.457,68.687],[21.466,68.682],[21.472,68.682],[21.491,68.679],[21.498,68.677],[21.512,68.676],[21.525,68.677],[21.53,68.675],[21.55,68.676],[21.564,68.675],[21.567,68.672],[21.584,68.668],[21.598,68.666],[21.606,68.667],[21.624,68.662],[21.623,68.659],[21.628,68.654],[21.634,68.654],[21.642,68.651],[21.651,68.651],[21.653,68.647],[21.662,68.643],[21.663,68.641],[21.697,68.632],[21.71,68.625],[21.712,68.617],[21.699,68.614],[21.699,68.609],[21.702,68.596],[21.714,68.593],[21.721,68.591],[21.748,68.588],[21.763,68.587],[21.771,68.586],[21.799,68.587],[21.803,68.589],[21.816,68.59],[21.823,68.589],[21.839,68.591],[21.862,68.589],[21.865,68.584],[21.874,68.585],[21.887,68.585],[21.906,68.578],[21.906,68.576],[21.92,68.569],[21.93,68.566],[21.936,68.561],[21.946,68.556],[21.969,68.55],[21.97,68.546],[21.98,68.542],[21.985,68.537],[21.992,68.534],[22,68.535],[22.007,68.531],[21.996,68.522],[22.004,68.516],[22.01,68.509],[22.011,68.5],[22.027,68.49],[22.031,68.486],[22.046,68.479],[22.056,68.479],[22.073,68.481],[22.091,68.482],[22.103,68.479],[22.115,68.482],[22.122,68.481],[22.126,68.472],[22.132,68.471],[22.152,68.47],[22.167,68.474],[22.178,68.478],[22.193,68.48],[22.204,68.48],[22.219,68.474],[22.224,68.473],[22.247,68.482],[22.256,68.482],[22.267,68.479],[22.271,68.48],[22.282,68.479],[22.292,68.483],[22.3,68.484],[22.323,68.481],[22.332,68.481],[22.339,68.482],[22.35,68.482],[22.347,68.473],[22.341,68.47],[22.349,68.464],[22.344,68.461],[22.343,68.455],[22.345,68.453],[22.341,68.446],[22.344,68.445],[22.356,68.445],[22.367,68.45],[22.378,68.454],[22.401,68.466],[22.409,68.467],[22.422,68.463],[22.437,68.464],[22.437,68.46],[22.459,68.448],[22.466,68.442],[22.471,68.441],[22.482,68.443],[22.506,68.442],[22.524,68.439],[22.532,68.435],[22.54,68.434],[22.55,68.435],[22.559,68.432],[22.569,68.424],[22.575,68.422],[22.591,68.425],[22.601,68.426],[22.617,68.428],[22.619,68.431],[22.625,68.435],[22.638,68.435],[22.644,68.432],[22.639,68.421],[22.646,68.417],[22.669,68.412],[22.675,68.412],[22.69,68.407],[22.691,68.404],[22.685,68.401],[22.694,68.399],[22.713,68.397],[22.727,68.394],[22.73,68.387],[22.737,68.385],[22.757,68.385],[22.771,68.387],[22.78,68.391],[22.801,68.394],[22.808,68.39],[22.83,68.387],[22.844,68.384],[22.846,68.381],[22.836,68.373],[22.835,68.367],[22.846,68.361],[22.857,68.36],[22.876,68.352],[22.894,68.348],[22.897,68.345],[22.906,68.342],[22.911,68.336],[22.917,68.334],[22.969,68.333],[22.974,68.332],[22.977,68.325],[22.988,68.32],[22.994,68.319],[23.014,68.313],[23.037,68.307],[23.057,68.307],[23.066,68.301],[23.07,68.301],[23.07,68.293],[23.064,68.286],[23.065,68.279],[23.072,68.275],[23.077,68.267],[23.088,68.262],[23.099,68.259],[23.111,68.252],[23.131,68.248],[23.138,68.249],[23.144,68.246],[23.147,68.239],[23.152,68.234],[23.152,68.23],[23.142,68.219],[23.145,68.211],[23.141,68.208],[23.142,68.204],[23.147,68.201],[23.159,68.2],[23.162,68.195],[23.151,68.191],[23.146,68.184],[23.142,68.181],[23.142,68.177],[23.147,68.172],[23.14,68.155],[23.152,68.139],[23.152,68.138],[23.162,68.134],[23.17,68.133],[23.183,68.137],[23.195,68.138],[23.203,68.141],[23.208,68.145],[23.234,68.149],[23.251,68.149],[23.256,68.152],[23.26,68.157],[23.278,68.157],[23.287,68.154],[23.29,68.155],[23.323,68.175],[23.476,68.179],[23.739,68.187],[23.788,68.157],[23.956,68.151],[23.971,68.148],[23.975,68.143],[23.97,68.136],[23.965,68.135],[23.956,68.128],[23.963,68.116],[24.023,68.125],[24.107,68.139]]]}},{"type":"Feature","properties":{"id":1855329,"maakond_id":319,"name":"Nykarleby","bbox":[21.599,63.282,22.981,63.76]},"geometry":{"type":"Polygon","coordinates":[[[21.979,63.76],[21.885,63.701],[21.772,63.687],[21.66,63.672],[21.599,63.67],[22.07,63.418],[22.114,63.404],[22.212,63.374],[22.276,63.35],[22.383,63.345],[22.422,63.342],[22.423,63.339],[22.43,63.339],[22.43,63.342],[22.468,63.339],[22.471,63.337],[22.48,63.337],[22.487,63.334],[22.496,63.337],[22.516,63.33],[22.522,63.328],[22.532,63.329],[22.53,63.337],[22.54,63.336],[22.563,63.32],[22.559,63.319],[22.617,63.282],[22.673,63.298],[22.645,63.317],[22.682,63.325],[22.717,63.338],[22.723,63.333],[22.755,63.341],[22.752,63.345],[22.746,63.345],[22.738,63.354],[22.637,63.324],[22.634,63.326],[22.71,63.348],[22.718,63.355],[22.741,63.359],[22.757,63.356],[22.763,63.359],[22.775,63.355],[22.779,63.349],[22.794,63.35],[22.795,63.352],[22.809,63.351],[22.818,63.349],[22.83,63.349],[22.83,63.346],[22.874,63.346],[22.873,63.35],[22.861,63.351],[22.859,63.354],[22.873,63.352],[22.874,63.355],[22.866,63.361],[22.868,63.364],[22.882,63.36],[22.897,63.358],[22.898,63.356],[22.882,63.358],[22.879,63.354],[22.906,63.351],[22.981,63.33],[22.972,63.372],[22.97,63.38],[22.894,63.393],[22.909,63.382],[22.907,63.379],[22.894,63.389],[22.877,63.392],[22.863,63.412],[22.884,63.417],[22.867,63.422],[22.877,63.425],[22.86,63.43],[22.851,63.43],[22.847,63.433],[22.87,63.439],[22.88,63.443],[22.855,63.456],[22.901,63.469],[22.907,63.47],[22.89,63.48],[22.877,63.472],[22.864,63.465],[22.85,63.468],[22.83,63.476],[22.825,63.481],[22.827,63.488],[22.834,63.494],[22.824,63.497],[22.843,63.506],[22.842,63.507],[22.809,63.505],[22.798,63.499],[22.786,63.508],[22.812,63.513],[22.821,63.517],[22.706,63.558],[22.683,63.557],[22.675,63.563],[22.67,63.562],[22.673,63.557],[22.65,63.557],[22.624,63.565],[22.615,63.57],[22.612,63.576],[22.604,63.577],[22.592,63.582],[22.589,63.58],[22.58,63.584],[22.566,63.587],[22.551,63.6],[22.551,63.604],[22.539,63.611],[22.525,63.612],[22.519,63.622],[22.481,63.635],[22.38,63.666],[21.979,63.76]]]}},{"type":"Feature","properties":{"id":1855917,"maakond_id":302,"name":"Evijärvi","bbox":[23.201,63.272,23.724,63.498]},"geometry":{"type":"Polygon","coordinates":[[[23.697,63.38],[23.625,63.401],[23.595,63.419],[23.599,63.423],[23.579,63.432],[23.576,63.431],[23.555,63.443],[23.564,63.444],[23.562,63.447],[23.565,63.449],[23.546,63.464],[23.544,63.468],[23.536,63.468],[23.531,63.47],[23.521,63.463],[23.511,63.469],[23.472,63.479],[23.467,63.476],[23.459,63.475],[23.448,63.48],[23.439,63.48],[23.428,63.485],[23.42,63.482],[23.393,63.498],[23.349,63.488],[23.308,63.48],[23.307,63.479],[23.305,63.48],[23.303,63.479],[23.303,63.48],[23.3,63.479],[23.298,63.477],[23.278,63.473],[23.265,63.47],[23.249,63.451],[23.244,63.452],[23.237,63.447],[23.242,63.442],[23.234,63.432],[23.231,63.435],[23.233,63.438],[23.227,63.442],[23.222,63.438],[23.228,63.434],[23.231,63.428],[23.207,63.399],[23.231,63.38],[23.217,63.377],[23.205,63.381],[23.201,63.381],[23.21,63.369],[23.214,63.376],[23.24,63.365],[23.234,63.363],[23.225,63.362],[23.226,63.343],[23.246,63.334],[23.305,63.307],[23.355,63.32],[23.434,63.291],[23.432,63.291],[23.443,63.282],[23.449,63.274],[23.457,63.272],[23.447,63.282],[23.467,63.29],[23.48,63.281],[23.491,63.284],[23.503,63.282],[23.505,63.284],[23.484,63.288],[23.477,63.293],[23.509,63.303],[23.529,63.298],[23.528,63.302],[23.513,63.304],[23.547,63.316],[23.585,63.29],[23.609,63.299],[23.608,63.3],[23.6,63.302],[23.587,63.308],[23.583,63.312],[23.615,63.32],[23.627,63.311],[23.626,63.303],[23.631,63.303],[23.633,63.311],[23.651,63.311],[23.669,63.315],[23.686,63.302],[23.713,63.308],[23.696,63.319],[23.711,63.324],[23.709,63.325],[23.724,63.33],[23.693,63.348],[23.701,63.351],[23.712,63.342],[23.721,63.344],[23.707,63.355],[23.72,63.358],[23.719,63.359],[23.703,63.355],[23.686,63.361],[23.674,63.359],[23.666,63.364],[23.682,63.371],[23.698,63.379],[23.697,63.38]]]}},{"type":"Feature","properties":{"id":1855918,"maakond_id":319,"name":"Jakobstad","bbox":[21.979,63.611,22.823,63.833]},"geometry":{"type":"MultiPolygon","coordinates":[[[[22.097,63.833],[21.979,63.76],[22.38,63.666],[22.481,63.635],[22.519,63.622],[22.525,63.612],[22.539,63.611],[22.576,63.617],[22.578,63.615],[22.586,63.617],[22.584,63.619],[22.593,63.625],[22.6,63.629],[22.608,63.628],[22.613,63.622],[22.659,63.643],[22.667,63.643],[22.666,63.646],[22.675,63.65],[22.679,63.647],[22.687,63.646],[22.722,63.656],[22.73,63.658],[22.733,63.661],[22.733,63.666],[22.751,63.667],[22.759,63.664],[22.77,63.656],[22.774,63.655],[22.774,63.649],[22.783,63.642],[22.803,63.64],[22.81,63.638],[22.818,63.638],[22.815,63.641],[22.804,63.647],[22.82,63.652],[22.823,63.663],[22.817,63.675],[22.788,63.69],[22.791,63.692],[22.786,63.695],[22.78,63.693],[22.766,63.695],[22.76,63.697],[22.753,63.697],[22.749,63.699],[22.733,63.702],[22.738,63.705],[22.731,63.714],[22.699,63.721],[22.689,63.721],[22.685,63.715],[22.674,63.71],[22.633,63.717],[22.624,63.723],[22.617,63.724],[22.612,63.721],[22.586,63.725],[22.59,63.728],[22.585,63.73],[22.578,63.726],[22.563,63.729],[22.498,63.738],[22.097,63.833]]],[[[22.586,63.769],[22.58,63.762],[22.583,63.758],[22.596,63.755],[22.604,63.767],[22.586,63.769]]]]}},{"type":"Feature","properties":{"id":1855919,"maakond_id":302,"name":"Kauhava","bbox":[22.557,63.022,23.472,63.399]},"geometry":{"type":"Polygon","coordinates":[[[23.207,63.399],[23.187,63.389],[23.113,63.347],[23.106,63.351],[23.111,63.353],[23.095,63.362],[23.087,63.36],[23.077,63.369],[23.06,63.367],[23.062,63.365],[23.035,63.362],[23.031,63.362],[23.024,63.38],[22.995,63.378],[22.998,63.371],[22.972,63.372],[22.981,63.33],[22.906,63.351],[22.879,63.354],[22.882,63.358],[22.898,63.356],[22.897,63.358],[22.882,63.36],[22.868,63.364],[22.866,63.361],[22.874,63.355],[22.873,63.352],[22.859,63.354],[22.861,63.351],[22.873,63.35],[22.874,63.346],[22.83,63.346],[22.83,63.349],[22.818,63.349],[22.809,63.351],[22.795,63.352],[22.794,63.35],[22.779,63.349],[22.775,63.355],[22.763,63.359],[22.757,63.356],[22.741,63.359],[22.718,63.355],[22.71,63.348],[22.634,63.326],[22.637,63.324],[22.738,63.354],[22.746,63.345],[22.752,63.345],[22.755,63.341],[22.723,63.333],[22.717,63.338],[22.682,63.325],[22.645,63.317],[22.673,63.298],[22.617,63.282],[22.608,63.28],[22.596,63.284],[22.559,63.266],[22.557,63.255],[22.562,63.249],[22.59,63.245],[22.588,63.241],[22.611,63.238],[22.601,63.235],[22.629,63.21],[22.593,63.201],[22.572,63.179],[22.603,63.188],[22.608,63.186],[22.617,63.184],[22.622,63.179],[22.617,63.177],[22.622,63.173],[22.633,63.175],[22.637,63.171],[22.629,63.168],[22.634,63.165],[22.629,63.162],[22.62,63.159],[22.622,63.156],[22.636,63.159],[22.64,63.156],[22.651,63.153],[22.641,63.151],[22.648,63.146],[22.654,63.14],[22.646,63.139],[22.647,63.134],[22.657,63.136],[22.655,63.131],[22.629,63.129],[22.63,63.123],[22.644,63.124],[22.649,63.105],[22.632,63.102],[22.628,63.096],[22.609,63.093],[22.611,63.089],[22.592,63.086],[22.63,63.088],[22.63,63.086],[22.665,63.087],[22.666,63.086],[22.694,63.086],[22.694,63.084],[22.676,63.084],[22.685,63.079],[22.686,63.074],[22.691,63.064],[22.707,63.06],[22.714,63.06],[22.73,63.058],[22.729,63.052],[22.743,63.059],[22.748,63.056],[22.754,63.058],[22.758,63.051],[22.784,63.038],[22.795,63.047],[22.808,63.062],[22.897,63.074],[22.897,63.078],[22.906,63.076],[22.907,63.07],[22.916,63.068],[22.915,63.063],[23.052,63.03],[23.069,63.031],[23.204,63.042],[23.242,63.036],[23.241,63.031],[23.242,63.028],[23.251,63.025],[23.257,63.022],[23.266,63.031],[23.27,63.031],[23.311,63.034],[23.354,63.027],[23.364,63.031],[23.455,63.063],[23.472,63.069],[23.46,63.099],[23.445,63.138],[23.399,63.175],[23.397,63.177],[23.318,63.205],[23.288,63.207],[23.28,63.205],[23.29,63.216],[23.371,63.215],[23.378,63.206],[23.396,63.204],[23.388,63.221],[23.373,63.216],[23.379,63.238],[23.383,63.241],[23.381,63.247],[23.386,63.248],[23.392,63.255],[23.412,63.256],[23.406,63.264],[23.43,63.267],[23.426,63.276],[23.443,63.282],[23.432,63.291],[23.434,63.291],[23.355,63.32],[23.305,63.307],[23.246,63.334],[23.226,63.343],[23.225,63.362],[23.234,63.363],[23.24,63.365],[23.214,63.376],[23.21,63.369],[23.201,63.381],[23.205,63.381],[23.217,63.377],[23.231,63.38],[23.207,63.399]]]}},{"type":"Feature","properties":{"id":1855920,"maakond_id":306,"name":"Kokkola","bbox":[22.288,63.499,24.493,64.179]},"geometry":{"type":"Polygon","coordinates":[[[22.288,64.009],[22.365,63.999],[22.627,63.964],[22.749,63.948],[22.78,63.92],[22.813,63.891],[22.81,63.887],[22.819,63.885],[22.826,63.879],[22.832,63.878],[22.833,63.871],[22.867,63.837],[22.871,63.834],[22.871,63.829],[22.887,63.813],[22.879,63.808],[22.878,63.804],[22.872,63.802],[22.86,63.785],[22.919,63.779],[22.922,63.775],[22.928,63.773],[22.932,63.778],[22.963,63.784],[22.966,63.78],[22.989,63.784],[22.989,63.788],[23.011,63.792],[23.03,63.788],[23.061,63.778],[23.125,63.755],[23.166,63.741],[23.183,63.745],[23.189,63.739],[23.174,63.738],[23.186,63.733],[23.19,63.733],[23.195,63.728],[23.2,63.729],[23.224,63.719],[23.236,63.717],[23.248,63.717],[23.25,63.721],[23.263,63.733],[23.266,63.741],[23.275,63.746],[23.284,63.746],[23.285,63.751],[23.292,63.754],[23.318,63.758],[23.323,63.762],[23.328,63.76],[23.338,63.76],[23.361,63.757],[23.369,63.762],[23.38,63.759],[23.392,63.759],[23.405,63.75],[23.421,63.753],[23.438,63.742],[23.427,63.738],[23.43,63.736],[23.439,63.741],[23.448,63.738],[23.458,63.742],[23.455,63.761],[23.478,63.779],[23.488,63.776],[23.531,63.758],[23.549,63.751],[23.58,63.739],[23.598,63.73],[23.619,63.721],[23.686,63.699],[23.744,63.675],[23.753,63.672],[23.784,63.661],[23.841,63.654],[23.923,63.636],[23.935,63.634],[23.96,63.625],[23.948,63.624],[23.962,63.613],[23.99,63.592],[23.994,63.593],[24.036,63.58],[24.038,63.581],[24.059,63.569],[24.059,63.575],[24.062,63.576],[24.071,63.574],[24.071,63.571],[24.084,63.575],[24.081,63.577],[24.09,63.58],[24.099,63.577],[24.174,63.551],[24.224,63.533],[24.237,63.537],[24.244,63.541],[24.243,63.545],[24.244,63.55],[24.252,63.547],[24.255,63.543],[24.24,63.537],[24.241,63.532],[24.232,63.53],[24.321,63.499],[24.335,63.506],[24.341,63.503],[24.358,63.511],[24.348,63.511],[24.341,63.514],[24.334,63.512],[24.328,63.512],[24.321,63.516],[24.332,63.516],[24.338,63.514],[24.344,63.514],[24.351,63.512],[24.359,63.512],[24.404,63.533],[24.447,63.515],[24.467,63.525],[24.493,63.539],[24.43,63.563],[24.423,63.559],[24.409,63.566],[24.331,63.601],[24.318,63.595],[24.311,63.598],[24.302,63.594],[24.299,63.595],[24.288,63.59],[24.28,63.594],[24.273,63.591],[24.262,63.596],[24.254,63.594],[24.247,63.594],[24.25,63.598],[24.264,63.604],[24.26,63.606],[24.27,63.611],[24.268,63.614],[24.21,63.639],[24.228,63.647],[24.183,63.667],[24.159,63.675],[24.07,63.717],[24.049,63.727],[23.985,63.756],[23.925,63.785],[23.919,63.782],[23.913,63.784],[23.905,63.78],[23.899,63.783],[23.907,63.787],[23.896,63.791],[23.903,63.795],[23.897,63.798],[23.867,63.806],[23.825,63.848],[23.817,63.849],[23.813,63.845],[23.805,63.841],[23.799,63.843],[23.808,63.847],[23.801,63.85],[23.762,63.854],[23.762,63.858],[23.751,63.854],[23.717,63.857],[23.726,63.864],[23.736,63.858],[23.745,63.867],[23.758,63.87],[23.762,63.873],[23.758,63.876],[23.763,63.88],[23.77,63.872],[23.773,63.873],[23.788,63.868],[23.783,63.865],[23.795,63.86],[23.808,63.865],[23.779,63.884],[23.766,63.885],[23.766,63.889],[23.762,63.89],[23.769,63.895],[23.753,63.902],[23.759,63.905],[23.757,63.907],[23.743,63.914],[23.718,63.905],[23.735,63.893],[23.729,63.89],[23.73,63.886],[23.725,63.884],[23.728,63.882],[23.743,63.878],[23.748,63.88],[23.753,63.877],[23.743,63.876],[23.738,63.874],[23.72,63.88],[23.724,63.885],[23.667,63.91],[23.677,63.916],[23.664,63.92],[23.672,63.921],[23.682,63.926],[23.67,63.931],[23.663,63.93],[23.659,63.934],[23.673,63.935],[23.695,63.928],[23.702,63.921],[23.71,63.919],[23.709,63.917],[23.721,63.916],[23.739,63.924],[23.738,63.932],[23.746,63.936],[23.757,63.942],[23.769,63.942],[23.785,63.949],[23.752,63.963],[23.76,63.966],[23.746,63.974],[23.726,63.986],[23.712,63.978],[23.675,64.01],[23.641,64.039],[23.621,64.047],[23.529,64.085],[23.519,64.089],[23.506,64.095],[23.492,64.107],[23.278,64.129],[23.158,64.141],[22.933,64.164],[22.779,64.179],[22.688,64.158],[22.597,64.138],[22.579,64.133],[22.549,64.125],[22.532,64.119],[22.455,64.094],[22.423,64.082],[22.397,64.072],[22.375,64.062],[22.356,64.052],[22.34,64.042],[22.288,64.009]]]}},{"type":"Feature","properties":{"id":1855921,"maakond_id":319,"name":"Kronoby","bbox":[22.83,63.38,23.744,63.792]},"geometry":{"type":"Polygon","coordinates":[[[23.744,63.675],[23.686,63.699],[23.619,63.721],[23.598,63.73],[23.58,63.739],[23.549,63.751],[23.531,63.758],[23.488,63.776],[23.478,63.779],[23.455,63.761],[23.458,63.742],[23.448,63.738],[23.439,63.741],[23.43,63.736],[23.427,63.738],[23.438,63.742],[23.421,63.753],[23.405,63.75],[23.392,63.759],[23.38,63.759],[23.369,63.762],[23.361,63.757],[23.338,63.76],[23.328,63.76],[23.323,63.762],[23.318,63.758],[23.292,63.754],[23.285,63.751],[23.284,63.746],[23.275,63.746],[23.266,63.741],[23.263,63.733],[23.25,63.721],[23.248,63.717],[23.236,63.717],[23.224,63.719],[23.2,63.729],[23.195,63.728],[23.19,63.733],[23.186,63.733],[23.174,63.738],[23.189,63.739],[23.183,63.745],[23.166,63.741],[23.125,63.755],[23.061,63.778],[23.03,63.788],[23.011,63.792],[22.989,63.788],[22.989,63.784],[22.966,63.78],[22.963,63.784],[22.932,63.778],[22.928,63.773],[22.922,63.775],[22.842,63.746],[22.83,63.736],[22.877,63.719],[22.877,63.708],[22.884,63.7],[22.907,63.691],[22.911,63.692],[22.922,63.686],[22.921,63.682],[22.937,63.676],[22.936,63.68],[22.941,63.682],[22.946,63.68],[22.957,63.686],[22.975,63.678],[22.989,63.674],[22.994,63.677],[23.004,63.677],[23.022,63.67],[23.025,63.67],[23.056,63.658],[23.099,63.652],[23.1,63.654],[23.113,63.653],[23.112,63.65],[23.127,63.648],[23.163,63.638],[23.171,63.643],[23.186,63.637],[23.183,63.635],[23.19,63.632],[23.184,63.629],[23.272,63.578],[23.276,63.573],[23.282,63.572],[23.296,63.564],[23.356,63.529],[23.371,63.521],[23.39,63.51],[23.406,63.501],[23.393,63.498],[23.42,63.482],[23.428,63.485],[23.439,63.48],[23.448,63.48],[23.459,63.475],[23.467,63.476],[23.472,63.479],[23.511,63.469],[23.521,63.463],[23.531,63.47],[23.536,63.468],[23.544,63.468],[23.546,63.464],[23.565,63.449],[23.562,63.447],[23.564,63.444],[23.555,63.443],[23.576,63.431],[23.579,63.432],[23.599,63.423],[23.595,63.419],[23.625,63.401],[23.697,63.38],[23.71,63.383],[23.66,63.435],[23.665,63.436],[23.66,63.45],[23.668,63.451],[23.661,63.461],[23.657,63.461],[23.658,63.483],[23.658,63.488],[23.651,63.531],[23.579,63.553],[23.579,63.555],[23.587,63.559],[23.581,63.563],[23.582,63.566],[23.578,63.57],[23.556,63.568],[23.556,63.577],[23.562,63.578],[23.565,63.575],[23.576,63.58],[23.57,63.589],[23.566,63.598],[23.557,63.604],[23.549,63.599],[23.533,63.596],[23.527,63.593],[23.528,63.59],[23.508,63.595],[23.505,63.591],[23.496,63.591],[23.491,63.586],[23.422,63.616],[23.434,63.618],[23.449,63.614],[23.464,63.616],[23.467,63.62],[23.453,63.629],[23.485,63.64],[23.48,63.653],[23.473,63.66],[23.481,63.659],[23.498,63.657],[23.501,63.655],[23.503,63.649],[23.517,63.642],[23.525,63.637],[23.532,63.634],[23.546,63.634],[23.561,63.639],[23.574,63.643],[23.611,63.65],[23.636,63.663],[23.642,63.666],[23.65,63.671],[23.705,63.657],[23.744,63.675]]]}},{"type":"Feature","properties":{"id":1855922,"maakond_id":319,"name":"Larsmo","bbox":[22.097,63.473,23.406,64.009]},"geometry":{"type":"MultiPolygon","coordinates":[[[[22.922,63.775],[22.919,63.779],[22.86,63.785],[22.872,63.802],[22.878,63.804],[22.879,63.808],[22.887,63.813],[22.871,63.829],[22.871,63.834],[22.867,63.837],[22.833,63.871],[22.832,63.878],[22.826,63.879],[22.819,63.885],[22.81,63.887],[22.813,63.891],[22.78,63.92],[22.749,63.948],[22.627,63.964],[22.365,63.999],[22.288,64.009],[22.278,64.003],[22.255,63.986],[22.224,63.961],[22.213,63.952],[22.198,63.937],[22.12,63.848],[22.097,63.833],[22.498,63.738],[22.563,63.729],[22.578,63.726],[22.585,63.73],[22.59,63.728],[22.586,63.725],[22.612,63.721],[22.617,63.724],[22.624,63.723],[22.633,63.717],[22.674,63.71],[22.685,63.715],[22.689,63.721],[22.699,63.721],[22.731,63.714],[22.738,63.705],[22.733,63.702],[22.749,63.699],[22.753,63.697],[22.76,63.697],[22.766,63.695],[22.78,63.693],[22.786,63.695],[22.825,63.732],[22.83,63.736],[22.842,63.746],[22.922,63.775]],[[22.586,63.769],[22.604,63.767],[22.596,63.755],[22.583,63.758],[22.58,63.762],[22.586,63.769]]],[[[23.371,63.521],[23.356,63.529],[23.327,63.516],[23.342,63.511],[23.365,63.5],[23.362,63.499],[23.35,63.506],[23.329,63.499],[23.32,63.502],[23.31,63.499],[23.309,63.495],[23.302,63.496],[23.294,63.494],[23.285,63.497],[23.282,63.495],[23.289,63.49],[23.282,63.488],[23.275,63.491],[23.279,63.493],[23.273,63.495],[23.278,63.499],[23.268,63.503],[23.264,63.507],[23.233,63.494],[23.269,63.478],[23.274,63.48],[23.28,63.476],[23.278,63.473],[23.298,63.477],[23.3,63.479],[23.304,63.484],[23.307,63.484],[23.309,63.483],[23.307,63.481],[23.307,63.48],[23.303,63.48],[23.303,63.479],[23.305,63.48],[23.307,63.479],[23.308,63.48],[23.307,63.481],[23.309,63.482],[23.309,63.483],[23.308,63.483],[23.31,63.487],[23.309,63.489],[23.302,63.491],[23.304,63.493],[23.312,63.492],[23.323,63.499],[23.337,63.494],[23.345,63.498],[23.349,63.493],[23.349,63.488],[23.393,63.498],[23.406,63.501],[23.39,63.51],[23.386,63.507],[23.351,63.512],[23.341,63.516],[23.36,63.523],[23.371,63.521]]]]}},{"type":"Feature","properties":{"id":1855923,"maakond_id":319,"name":"Malax","bbox":[20.164,62.736,21.785,63.269]},"geometry":{"type":"Polygon","coordinates":[[[20.306,63.269],[20.164,63.166],[20.187,63.129],[20.228,63.056],[20.3,62.93],[20.463,62.932],[20.629,62.934],[20.867,62.937],[20.96,62.937],[21.24,62.94],[21.319,62.883],[21.328,62.879],[21.327,62.877],[21.372,62.836],[21.359,62.821],[21.338,62.861],[21.324,62.858],[21.335,62.842],[21.332,62.832],[21.327,62.826],[21.316,62.819],[21.323,62.815],[21.303,62.81],[21.327,62.796],[21.345,62.78],[21.372,62.767],[21.374,62.758],[21.391,62.758],[21.524,62.764],[21.526,62.762],[21.52,62.759],[21.526,62.755],[21.548,62.762],[21.556,62.754],[21.619,62.756],[21.62,62.742],[21.63,62.743],[21.635,62.746],[21.65,62.742],[21.663,62.742],[21.663,62.746],[21.673,62.747],[21.676,62.744],[21.673,62.74],[21.692,62.738],[21.692,62.736],[21.715,62.767],[21.729,62.768],[21.729,62.821],[21.765,62.848],[21.772,62.864],[21.785,62.894],[21.77,62.901],[21.777,62.902],[21.759,62.909],[21.753,62.907],[21.743,62.911],[21.749,62.913],[21.663,62.945],[21.633,62.957],[21.622,62.963],[21.583,62.984],[21.564,62.982],[21.563,62.985],[21.552,62.982],[21.496,63.005],[21.471,63.009],[21.429,63.018],[21.398,63.017],[21.381,63.02],[21.384,63.024],[21.368,63.027],[21.367,63.03],[21.358,63.032],[21.352,63.034],[21.253,63.058],[21.194,63.071],[21.028,63.108],[20.858,63.146],[20.652,63.192],[20.622,63.199],[20.399,63.248],[20.306,63.269]]]}},{"type":"Feature","properties":{"id":1855924,"maakond_id":319,"name":"Korsholm","bbox":[20.306,62.894,22.059,63.631]},"geometry":{"type":"MultiPolygon","coordinates":[[[[20.306,63.269],[20.399,63.248],[20.622,63.199],[20.652,63.192],[20.858,63.146],[21.028,63.108],[21.239,63.13],[21.294,63.135],[21.388,63.144],[21.412,63.136],[21.448,63.157],[21.443,63.175],[21.463,63.171],[21.472,63.179],[21.491,63.174],[21.502,63.166],[21.525,63.17],[21.537,63.171],[21.569,63.167],[21.594,63.163],[21.603,63.16],[21.605,63.157],[21.616,63.154],[21.62,63.152],[21.62,63.148],[21.628,63.149],[21.629,63.146],[21.637,63.146],[21.649,63.148],[21.657,63.147],[21.655,63.143],[21.66,63.141],[21.667,63.132],[21.664,63.127],[21.669,63.125],[21.663,63.117],[21.666,63.114],[21.664,63.111],[21.679,63.104],[21.705,63.101],[21.717,63.112],[21.719,63.117],[21.729,63.114],[21.741,63.115],[21.745,63.109],[21.755,63.113],[21.75,63.122],[21.759,63.125],[21.78,63.115],[21.814,63.112],[21.8,63.106],[21.801,63.096],[21.806,63.095],[21.829,63.062],[21.802,63.051],[21.785,63.042],[21.772,63.038],[21.761,63.039],[21.744,63.043],[21.734,63.042],[21.716,63.043],[21.684,63.05],[21.649,63.06],[21.637,63.063],[21.609,63.038],[21.596,63.031],[21.594,63.028],[21.558,62.989],[21.563,62.985],[21.564,62.982],[21.583,62.984],[21.622,62.963],[21.633,62.957],[21.663,62.945],[21.749,62.913],[21.743,62.911],[21.753,62.907],[21.759,62.909],[21.777,62.902],[21.77,62.901],[21.785,62.894],[21.798,62.924],[21.834,62.95],[21.862,62.966],[21.864,62.969],[21.878,62.979],[21.887,62.984],[21.892,63.001],[21.897,63.014],[21.897,63.017],[21.902,63.018],[21.903,63.032],[21.905,63.033],[21.912,63.049],[21.911,63.053],[21.899,63.05],[21.89,63.052],[21.894,63.055],[21.901,63.053],[21.909,63.054],[21.906,63.067],[21.905,63.069],[21.914,63.078],[21.916,63.082],[21.923,63.08],[21.93,63.079],[21.937,63.082],[21.998,63.119],[22.005,63.12],[21.987,63.126],[22.012,63.128],[22.023,63.132],[22.028,63.128],[22.034,63.131],[22.03,63.134],[22.051,63.137],[22.046,63.142],[22.059,63.143],[22.046,63.173],[22.049,63.173],[22.038,63.198],[22.031,63.202],[22.012,63.21],[21.972,63.21],[21.97,63.223],[21.972,63.224],[21.971,63.233],[21.973,63.235],[21.973,63.242],[21.968,63.246],[21.959,63.263],[21.931,63.279],[21.894,63.302],[21.747,63.39],[21.723,63.393],[21.693,63.39],[21.67,63.396],[21.66,63.404],[21.668,63.428],[21.684,63.441],[21.635,63.471],[21.516,63.539],[21.399,63.607],[21.357,63.631],[21.215,63.594],[21.091,63.562],[20.936,63.522],[20.829,63.506],[20.693,63.485],[20.597,63.436],[20.484,63.379],[20.396,63.333],[20.306,63.269]],[[21.861,63.056],[21.871,63.054],[21.865,63.051],[21.858,63.052],[21.861,63.056]],[[21.944,63.194],[21.948,63.187],[21.923,63.19],[21.923,63.191],[21.944,63.194]],[[21.377,63.172],[21.386,63.171],[21.391,63.168],[21.4,63.168],[21.4,63.163],[21.392,63.162],[21.379,63.159],[21.376,63.162],[21.378,63.167],[21.377,63.172]]],[[[21.352,63.034],[21.358,63.032],[21.367,63.03],[21.379,63.042],[21.372,63.039],[21.352,63.034]]]]}},{"type":"Feature","properties":{"id":1855925,"maakond_id":319,"name":"Pedersöre","bbox":[22.539,63.347,23.39,63.736]},"geometry":{"type":"MultiPolygon","coordinates":[[[[23.356,63.529],[23.296,63.564],[23.282,63.572],[23.276,63.573],[23.272,63.578],[23.184,63.629],[23.19,63.632],[23.183,63.635],[23.186,63.637],[23.171,63.643],[23.163,63.638],[23.127,63.648],[23.112,63.65],[23.113,63.653],[23.1,63.654],[23.099,63.652],[23.056,63.658],[23.025,63.67],[23.022,63.67],[23.004,63.677],[22.994,63.677],[22.989,63.674],[22.975,63.678],[22.957,63.686],[22.946,63.68],[22.941,63.682],[22.936,63.68],[22.937,63.676],[22.921,63.682],[22.922,63.686],[22.911,63.692],[22.907,63.691],[22.884,63.7],[22.877,63.708],[22.877,63.719],[22.83,63.736],[22.825,63.732],[22.786,63.695],[22.791,63.692],[22.788,63.69],[22.817,63.675],[22.823,63.663],[22.82,63.652],[22.804,63.647],[22.815,63.641],[22.818,63.638],[22.81,63.638],[22.803,63.64],[22.783,63.642],[22.774,63.649],[22.774,63.655],[22.77,63.656],[22.759,63.664],[22.751,63.667],[22.733,63.666],[22.733,63.661],[22.73,63.658],[22.722,63.656],[22.687,63.646],[22.679,63.647],[22.675,63.65],[22.666,63.646],[22.667,63.643],[22.659,63.643],[22.613,63.622],[22.608,63.628],[22.6,63.629],[22.593,63.625],[22.584,63.619],[22.586,63.617],[22.578,63.615],[22.576,63.617],[22.539,63.611],[22.551,63.604],[22.551,63.6],[22.566,63.587],[22.58,63.584],[22.589,63.58],[22.592,63.582],[22.604,63.577],[22.612,63.576],[22.615,63.57],[22.624,63.565],[22.65,63.557],[22.673,63.557],[22.67,63.562],[22.675,63.563],[22.683,63.557],[22.706,63.558],[22.821,63.517],[22.812,63.513],[22.786,63.508],[22.798,63.499],[22.809,63.505],[22.842,63.507],[22.843,63.506],[22.824,63.497],[22.834,63.494],[22.827,63.488],[22.825,63.481],[22.83,63.476],[22.85,63.468],[22.864,63.465],[22.877,63.472],[22.89,63.48],[22.907,63.47],[22.901,63.469],[22.855,63.456],[22.88,63.443],[22.87,63.439],[22.847,63.433],[22.851,63.43],[22.86,63.43],[22.877,63.425],[22.867,63.422],[22.884,63.417],[22.863,63.412],[22.877,63.392],[22.894,63.389],[22.907,63.379],[22.909,63.382],[22.894,63.393],[22.97,63.38],[22.972,63.372],[22.998,63.371],[22.995,63.378],[23.024,63.38],[23.031,63.362],[23.035,63.362],[23.062,63.365],[23.06,63.367],[23.077,63.369],[23.087,63.36],[23.095,63.362],[23.111,63.353],[23.106,63.351],[23.113,63.347],[23.187,63.389],[23.207,63.399],[23.231,63.428],[23.228,63.434],[23.222,63.438],[23.227,63.442],[23.233,63.438],[23.231,63.435],[23.234,63.432],[23.242,63.442],[23.237,63.447],[23.244,63.452],[23.249,63.451],[23.265,63.47],[23.278,63.473],[23.28,63.476],[23.274,63.48],[23.269,63.478],[23.233,63.494],[23.264,63.507],[23.268,63.503],[23.278,63.499],[23.273,63.495],[23.279,63.493],[23.275,63.491],[23.282,63.488],[23.289,63.49],[23.282,63.495],[23.285,63.497],[23.294,63.494],[23.302,63.496],[23.309,63.495],[23.31,63.499],[23.32,63.502],[23.329,63.499],[23.35,63.506],[23.362,63.499],[23.365,63.5],[23.342,63.511],[23.327,63.516],[23.356,63.529]]],[[[23.308,63.48],[23.349,63.488],[23.349,63.493],[23.345,63.498],[23.337,63.494],[23.323,63.499],[23.312,63.492],[23.304,63.493],[23.302,63.491],[23.309,63.489],[23.31,63.487],[23.308,63.483],[23.309,63.483],[23.309,63.482],[23.307,63.481],[23.308,63.48]]],[[[23.3,63.479],[23.303,63.48],[23.307,63.48],[23.307,63.481],[23.309,63.483],[23.307,63.484],[23.304,63.484],[23.3,63.479]]],[[[23.371,63.521],[23.36,63.523],[23.341,63.516],[23.351,63.512],[23.386,63.507],[23.39,63.51],[23.371,63.521]]]]}},{"type":"Feature","properties":{"id":1855926,"maakond_id":319,"name":"Vaasa","bbox":[21.028,62.959,22.242,63.179]},"geometry":{"type":"MultiPolygon","coordinates":[[[[21.367,63.03],[21.368,63.027],[21.384,63.024],[21.381,63.02],[21.398,63.017],[21.429,63.018],[21.471,63.009],[21.496,63.005],[21.552,62.982],[21.563,62.985],[21.558,62.989],[21.594,63.028],[21.596,63.031],[21.609,63.038],[21.637,63.063],[21.649,63.06],[21.684,63.05],[21.716,63.043],[21.734,63.042],[21.744,63.043],[21.761,63.039],[21.772,63.038],[21.785,63.042],[21.802,63.051],[21.829,63.062],[21.806,63.095],[21.801,63.096],[21.8,63.106],[21.814,63.112],[21.78,63.115],[21.759,63.125],[21.75,63.122],[21.755,63.113],[21.745,63.109],[21.741,63.115],[21.729,63.114],[21.719,63.117],[21.717,63.112],[21.705,63.101],[21.679,63.104],[21.664,63.111],[21.666,63.114],[21.663,63.117],[21.669,63.125],[21.664,63.127],[21.667,63.132],[21.66,63.141],[21.655,63.143],[21.657,63.147],[21.649,63.148],[21.637,63.146],[21.629,63.146],[21.628,63.149],[21.62,63.148],[21.62,63.152],[21.616,63.154],[21.605,63.157],[21.603,63.16],[21.594,63.163],[21.569,63.167],[21.537,63.171],[21.525,63.17],[21.502,63.166],[21.491,63.174],[21.472,63.179],[21.463,63.171],[21.443,63.175],[21.448,63.157],[21.412,63.136],[21.388,63.144],[21.294,63.135],[21.239,63.13],[21.028,63.108],[21.194,63.071],[21.253,63.058],[21.352,63.034],[21.372,63.039],[21.379,63.042],[21.367,63.03]]],[[[21.912,63.049],[21.94,63.034],[21.956,63.031],[21.976,63.03],[21.99,63.027],[22.004,63.022],[22.018,63.021],[22.025,63.017],[22.046,63.003],[22.038,63.002],[22.047,62.998],[22.047,62.994],[22.053,62.99],[22.065,62.989],[22.104,62.973],[22.125,62.967],[22.138,62.959],[22.144,62.963],[22.164,62.976],[22.164,62.979],[22.158,62.981],[22.162,62.983],[22.158,62.995],[22.149,62.998],[22.154,63.006],[22.151,63.009],[22.16,63.011],[22.165,63.019],[22.173,63.019],[22.195,63.032],[22.204,63.039],[22.242,63.064],[22.22,63.072],[22.192,63.087],[22.132,63.113],[22.111,63.127],[22.086,63.133],[22.074,63.133],[22.071,63.138],[22.051,63.137],[22.03,63.134],[22.034,63.131],[22.028,63.128],[22.023,63.132],[22.012,63.128],[21.987,63.126],[22.005,63.12],[21.998,63.119],[21.937,63.082],[21.93,63.079],[21.923,63.08],[21.916,63.082],[21.914,63.078],[21.905,63.069],[21.906,63.067],[21.909,63.054],[21.901,63.053],[21.894,63.055],[21.89,63.052],[21.899,63.05],[21.911,63.053],[21.912,63.049]]],[[[21.861,63.056],[21.858,63.052],[21.865,63.051],[21.871,63.054],[21.861,63.056]]]]}},{"type":"Feature","properties":{"id":1855927,"maakond_id":319,"name":"Vörå","bbox":[21.357,63.056,22.657,63.67]},"geometry":{"type":"MultiPolygon","coordinates":[[[[21.357,63.631],[21.399,63.607],[21.516,63.539],[21.635,63.471],[21.684,63.441],[21.668,63.428],[21.66,63.404],[21.67,63.396],[21.693,63.39],[21.723,63.393],[21.747,63.39],[21.894,63.302],[21.931,63.279],[21.959,63.263],[21.968,63.246],[21.973,63.242],[21.973,63.235],[21.971,63.233],[21.972,63.224],[21.97,63.223],[21.972,63.21],[22.012,63.21],[22.031,63.202],[22.038,63.198],[22.049,63.173],[22.046,63.173],[22.059,63.143],[22.046,63.142],[22.051,63.137],[22.071,63.138],[22.074,63.133],[22.086,63.133],[22.111,63.127],[22.132,63.113],[22.192,63.087],[22.22,63.072],[22.242,63.064],[22.264,63.061],[22.311,63.056],[22.324,63.06],[22.336,63.061],[22.381,63.072],[22.429,63.085],[22.486,63.1],[22.553,63.101],[22.561,63.102],[22.571,63.101],[22.632,63.102],[22.649,63.105],[22.644,63.124],[22.63,63.123],[22.629,63.129],[22.655,63.131],[22.657,63.136],[22.647,63.134],[22.646,63.139],[22.654,63.14],[22.648,63.146],[22.641,63.151],[22.651,63.153],[22.64,63.156],[22.636,63.159],[22.622,63.156],[22.62,63.159],[22.629,63.162],[22.634,63.165],[22.629,63.168],[22.637,63.171],[22.633,63.175],[22.622,63.173],[22.617,63.177],[22.622,63.179],[22.617,63.184],[22.608,63.186],[22.603,63.188],[22.572,63.179],[22.593,63.201],[22.629,63.21],[22.601,63.235],[22.611,63.238],[22.588,63.241],[22.59,63.245],[22.562,63.249],[22.557,63.255],[22.559,63.266],[22.596,63.284],[22.608,63.28],[22.617,63.282],[22.559,63.319],[22.563,63.32],[22.54,63.336],[22.53,63.337],[22.532,63.329],[22.522,63.328],[22.516,63.33],[22.496,63.337],[22.487,63.334],[22.48,63.337],[22.471,63.337],[22.468,63.339],[22.43,63.342],[22.43,63.339],[22.423,63.339],[22.422,63.342],[22.383,63.345],[22.276,63.35],[22.212,63.374],[22.114,63.404],[22.07,63.418],[21.599,63.67],[21.496,63.667],[21.357,63.631]]],[[[21.944,63.194],[21.923,63.191],[21.923,63.19],[21.948,63.187],[21.944,63.194]]]]}},{"type":"Feature","properties":{"id":2194232,"maakond_id":319,"name":"Laihia","bbox":[21.772,62.752,22.292,63.049]},"geometry":{"type":"Polygon","coordinates":[[[22.144,62.963],[22.138,62.959],[22.125,62.967],[22.104,62.973],[22.065,62.989],[22.053,62.99],[22.047,62.994],[22.047,62.998],[22.038,63.002],[22.046,63.003],[22.025,63.017],[22.018,63.021],[22.004,63.022],[21.99,63.027],[21.976,63.03],[21.956,63.031],[21.94,63.034],[21.912,63.049],[21.905,63.033],[21.903,63.032],[21.902,63.018],[21.897,63.017],[21.897,63.014],[21.892,63.001],[21.887,62.984],[21.878,62.979],[21.864,62.969],[21.862,62.966],[21.834,62.95],[21.798,62.924],[21.785,62.894],[21.772,62.864],[21.791,62.857],[21.79,62.857],[21.831,62.845],[21.842,62.818],[21.854,62.818],[21.858,62.812],[21.874,62.81],[21.881,62.807],[21.879,62.804],[21.902,62.802],[21.915,62.8],[21.912,62.795],[21.955,62.787],[21.958,62.79],[21.973,62.788],[21.969,62.782],[22.011,62.776],[22.006,62.773],[22.063,62.763],[22.067,62.769],[22.121,62.76],[22.124,62.767],[22.201,62.752],[22.274,62.791],[22.292,62.797],[22.282,62.801],[22.283,62.805],[22.281,62.808],[22.274,62.812],[22.266,62.822],[22.268,62.829],[22.265,62.833],[22.266,62.836],[22.252,62.841],[22.258,62.845],[22.249,62.88],[22.239,62.879],[22.237,62.876],[22.23,62.877],[22.231,62.882],[22.218,62.896],[22.216,62.904],[22.21,62.915],[22.201,62.925],[22.171,62.944],[22.157,62.951],[22.162,62.954],[22.156,62.956],[22.151,62.955],[22.144,62.963]]]}},{"type":"Feature","properties":{"id":2208657,"maakond_id":302,"name":"Isokyrö","bbox":[22.144,62.791,22.694,63.102]},"geometry":{"type":"Polygon","coordinates":[[[22.144,62.963],[22.151,62.955],[22.156,62.956],[22.162,62.954],[22.157,62.951],[22.171,62.944],[22.201,62.925],[22.21,62.915],[22.216,62.904],[22.218,62.896],[22.231,62.882],[22.23,62.877],[22.237,62.876],[22.239,62.879],[22.249,62.88],[22.258,62.845],[22.252,62.841],[22.266,62.836],[22.265,62.833],[22.268,62.829],[22.266,62.822],[22.274,62.812],[22.281,62.808],[22.283,62.805],[22.282,62.801],[22.292,62.797],[22.274,62.791],[22.303,62.795],[22.409,62.864],[22.389,62.895],[22.427,62.944],[22.417,62.952],[22.437,62.958],[22.433,62.961],[22.439,62.964],[22.462,62.978],[22.47,62.986],[22.469,62.993],[22.469,63.006],[22.489,63.021],[22.491,63.022],[22.509,63.038],[22.515,63.036],[22.522,63.043],[22.516,63.044],[22.522,63.049],[22.532,63.046],[22.542,63.05],[22.545,63.054],[22.551,63.047],[22.559,63.051],[22.544,63.06],[22.537,63.059],[22.533,63.065],[22.537,63.066],[22.595,63.084],[22.598,63.084],[22.606,63.077],[22.612,63.074],[22.629,63.077],[22.627,63.083],[22.629,63.084],[22.676,63.084],[22.694,63.084],[22.694,63.086],[22.666,63.086],[22.665,63.087],[22.63,63.086],[22.63,63.088],[22.592,63.086],[22.611,63.089],[22.609,63.093],[22.628,63.096],[22.632,63.102],[22.571,63.101],[22.561,63.102],[22.553,63.101],[22.486,63.1],[22.429,63.085],[22.381,63.072],[22.336,63.061],[22.324,63.06],[22.311,63.056],[22.264,63.061],[22.242,63.064],[22.204,63.039],[22.195,63.032],[22.173,63.019],[22.165,63.019],[22.16,63.011],[22.151,63.009],[22.154,63.006],[22.149,62.998],[22.158,62.995],[22.162,62.983],[22.158,62.981],[22.164,62.979],[22.164,62.976],[22.144,62.963]]]}},{"type":"Feature","properties":{"id":2213830,"maakond_id":302,"name":"Lappajärvi","bbox":[23.28,62.979,23.862,63.379]},"geometry":{"type":"MultiPolygon","coordinates":[[[[23.862,63.278],[23.853,63.279],[23.771,63.313],[23.73,63.347],[23.72,63.358],[23.707,63.355],[23.721,63.344],[23.712,63.342],[23.701,63.351],[23.693,63.348],[23.724,63.33],[23.709,63.325],[23.711,63.324],[23.696,63.319],[23.713,63.308],[23.686,63.302],[23.669,63.315],[23.651,63.311],[23.633,63.311],[23.631,63.303],[23.626,63.303],[23.627,63.311],[23.615,63.32],[23.583,63.312],[23.587,63.308],[23.6,63.302],[23.608,63.3],[23.609,63.299],[23.585,63.29],[23.547,63.316],[23.513,63.304],[23.528,63.302],[23.529,63.298],[23.509,63.303],[23.477,63.293],[23.484,63.288],[23.505,63.284],[23.503,63.282],[23.491,63.284],[23.48,63.281],[23.467,63.29],[23.447,63.282],[23.457,63.272],[23.449,63.274],[23.443,63.282],[23.426,63.276],[23.43,63.267],[23.406,63.264],[23.412,63.256],[23.392,63.255],[23.386,63.248],[23.381,63.247],[23.383,63.241],[23.379,63.238],[23.373,63.216],[23.388,63.221],[23.396,63.204],[23.378,63.206],[23.371,63.215],[23.29,63.216],[23.28,63.205],[23.288,63.207],[23.318,63.205],[23.397,63.177],[23.399,63.175],[23.445,63.138],[23.46,63.099],[23.472,63.069],[23.455,63.063],[23.514,63.029],[23.515,63.033],[23.53,63.033],[23.533,63.027],[23.513,63.025],[23.501,62.979],[23.577,63],[23.578,63.016],[23.636,63.04],[23.642,63.038],[23.643,63.044],[23.653,63.045],[23.651,63.051],[23.638,63.067],[23.646,63.088],[23.68,63.087],[23.684,63.098],[23.703,63.097],[23.716,63.112],[23.707,63.138],[23.698,63.175],[23.764,63.201],[23.776,63.204],[23.779,63.206],[23.772,63.209],[23.778,63.213],[23.788,63.2],[23.77,63.197],[23.774,63.194],[23.788,63.195],[23.801,63.198],[23.8,63.201],[23.81,63.204],[23.849,63.211],[23.852,63.209],[23.86,63.218],[23.862,63.262],[23.862,63.278]],[[23.775,63.309],[23.786,63.304],[23.792,63.295],[23.807,63.289],[23.816,63.283],[23.811,63.281],[23.802,63.288],[23.795,63.286],[23.786,63.293],[23.789,63.294],[23.77,63.304],[23.775,63.309]]],[[[23.719,63.359],[23.698,63.379],[23.682,63.371],[23.666,63.364],[23.674,63.359],[23.686,63.361],[23.703,63.355],[23.719,63.359]]]]}},{"type":"Feature","properties":{"id":2213831,"maakond_id":306,"name":"Veteli","bbox":[23.657,63.258,24.198,63.537]},"geometry":{"type":"MultiPolygon","coordinates":[[[[24.165,63.332],[24.16,63.339],[24.189,63.347],[24.198,63.353],[24.192,63.357],[24.176,63.359],[24.175,63.357],[24.156,63.364],[24.123,63.372],[24.12,63.375],[24.133,63.383],[24.11,63.39],[24.125,63.397],[24.103,63.413],[24.087,63.412],[24.087,63.406],[24.101,63.402],[24.097,63.4],[24.088,63.403],[24.074,63.397],[24.066,63.399],[24.066,63.402],[24.073,63.446],[24.087,63.486],[24.041,63.522],[24.023,63.519],[23.943,63.498],[23.91,63.516],[23.893,63.51],[23.883,63.509],[23.876,63.517],[23.895,63.524],[23.882,63.531],[23.859,63.532],[23.847,63.537],[23.843,63.534],[23.836,63.532],[23.835,63.528],[23.79,63.519],[23.761,63.512],[23.754,63.512],[23.748,63.509],[23.743,63.513],[23.727,63.505],[23.658,63.483],[23.657,63.461],[23.661,63.461],[23.668,63.451],[23.66,63.45],[23.665,63.436],[23.66,63.435],[23.71,63.383],[23.697,63.38],[23.698,63.379],[23.719,63.359],[23.72,63.358],[23.73,63.347],[23.771,63.313],[23.853,63.279],[23.862,63.278],[23.956,63.276],[24.017,63.268],[24.052,63.258],[24.058,63.282],[24.09,63.282],[24.087,63.294],[24.084,63.295],[24.098,63.31],[24.136,63.323],[24.148,63.313],[24.163,63.322],[24.153,63.326],[24.154,63.329],[24.165,63.332]]],[[[23.775,63.309],[23.77,63.304],[23.789,63.294],[23.786,63.293],[23.795,63.286],[23.802,63.288],[23.811,63.281],[23.816,63.283],[23.807,63.289],[23.792,63.295],[23.786,63.304],[23.775,63.309]]]]}},{"type":"Feature","properties":{"id":2216875,"maakond_id":302,"name":"Seinäjoki","bbox":[22.303,62.319,23.368,63.084]},"geometry":{"type":"MultiPolygon","coordinates":[[[[22.303,62.795],[22.36,62.803],[22.411,62.804],[22.533,62.83],[22.553,62.833],[22.559,62.836],[22.599,62.844],[22.694,62.876],[22.715,62.873],[22.737,62.871],[22.746,62.865],[22.744,62.856],[22.745,62.853],[22.753,62.847],[22.761,62.849],[22.767,62.848],[22.757,62.844],[22.755,62.841],[22.749,62.839],[22.746,62.834],[22.729,62.828],[22.724,62.825],[22.711,62.814],[22.707,62.811],[22.707,62.806],[22.711,62.804],[22.705,62.797],[22.715,62.795],[22.714,62.789],[22.703,62.783],[22.693,62.78],[22.696,62.778],[22.687,62.775],[22.737,62.76],[22.83,62.719],[22.832,62.717],[22.878,62.682],[22.865,62.681],[22.852,62.679],[22.857,62.668],[22.854,62.666],[22.868,62.654],[22.858,62.653],[22.852,62.65],[22.865,62.644],[22.864,62.643],[22.839,62.654],[22.835,62.652],[22.873,62.635],[22.858,62.634],[22.868,62.597],[22.871,62.592],[22.908,62.6],[22.917,62.591],[22.934,62.549],[22.963,62.551],[23.043,62.469],[23.061,62.464],[23.078,62.429],[23.08,62.433],[23.095,62.434],[23.091,62.425],[23.096,62.425],[23.102,62.419],[23.102,62.413],[23.105,62.409],[23.111,62.407],[23.109,62.414],[23.119,62.41],[23.133,62.386],[23.102,62.387],[23.145,62.319],[23.218,62.334],[23.209,62.336],[23.221,62.346],[23.224,62.347],[23.224,62.353],[23.232,62.354],[23.239,62.358],[23.247,62.359],[23.251,62.356],[23.266,62.36],[23.263,62.363],[23.267,62.372],[23.261,62.37],[23.256,62.37],[23.25,62.376],[23.275,62.408],[23.338,62.425],[23.357,62.432],[23.368,62.433],[23.352,62.451],[23.338,62.46],[23.328,62.472],[23.323,62.471],[23.313,62.479],[23.298,62.493],[23.312,62.496],[23.313,62.497],[23.265,62.52],[23.262,62.528],[23.247,62.537],[23.251,62.541],[23.252,62.545],[23.262,62.548],[23.26,62.554],[23.266,62.554],[23.273,62.562],[23.271,62.564],[23.303,62.574],[23.308,62.575],[23.294,62.584],[23.283,62.582],[23.283,62.578],[23.273,62.58],[23.277,62.592],[23.27,62.591],[23.276,62.598],[23.263,62.615],[23.233,62.61],[23.234,62.606],[23.228,62.606],[23.223,62.608],[23.213,62.606],[23.187,62.621],[23.185,62.626],[23.176,62.625],[23.178,62.634],[23.167,62.637],[23.168,62.64],[23.176,62.64],[23.196,62.644],[23.19,62.651],[23.177,62.65],[23.166,62.655],[23.161,62.655],[23.203,62.724],[23.271,62.736],[23.279,62.775],[23.231,62.783],[23.207,62.797],[23.198,62.812],[23.19,62.816],[23.1,62.813],[23.028,62.811],[23.114,62.86],[22.966,62.876],[22.96,62.877],[22.95,62.874],[22.944,62.874],[22.818,62.871],[22.833,62.886],[22.832,62.915],[22.84,62.918],[22.832,62.925],[22.832,62.94],[22.799,62.989],[22.802,63.002],[22.784,63.038],[22.758,63.051],[22.754,63.058],[22.748,63.056],[22.743,63.059],[22.729,63.052],[22.73,63.058],[22.714,63.06],[22.707,63.06],[22.691,63.064],[22.686,63.074],[22.685,63.079],[22.676,63.084],[22.629,63.084],[22.627,63.083],[22.629,63.077],[22.612,63.074],[22.606,63.077],[22.598,63.084],[22.595,63.084],[22.537,63.066],[22.533,63.065],[22.537,63.059],[22.544,63.06],[22.559,63.051],[22.551,63.047],[22.545,63.054],[22.542,63.05],[22.532,63.046],[22.522,63.049],[22.516,63.044],[22.522,63.043],[22.515,63.036],[22.509,63.038],[22.491,63.022],[22.489,63.021],[22.469,63.006],[22.469,62.993],[22.47,62.986],[22.462,62.978],[22.439,62.964],[22.433,62.961],[22.437,62.958],[22.417,62.952],[22.427,62.944],[22.389,62.895],[22.409,62.864],[22.303,62.795]]],[[[23.289,62.558],[23.293,62.559],[23.291,62.563],[23.286,62.563],[23.289,62.558]]]]}},{"type":"Feature","properties":{"id":2248587,"maakond_id":311,"name":"Valkeakoski","bbox":[23.798,61.102,24.297,61.34]},"geometry":{"type":"Polygon","coordinates":[[[24.079,61.33],[24.061,61.339],[24.056,61.338],[24.023,61.316],[24.025,61.322],[24.02,61.324],[24.02,61.33],[24,61.34],[23.971,61.322],[23.967,61.324],[23.969,61.329],[23.958,61.331],[23.945,61.324],[23.952,61.321],[23.965,61.317],[23.917,61.29],[23.89,61.27],[23.83,61.237],[23.811,61.231],[23.809,61.229],[23.798,61.227],[23.798,61.217],[23.811,61.212],[23.818,61.216],[23.841,61.211],[23.869,61.206],[23.883,61.202],[23.905,61.207],[23.923,61.203],[23.938,61.185],[23.958,61.184],[23.959,61.173],[23.95,61.166],[23.945,61.165],[23.947,61.16],[23.958,61.16],[23.95,61.154],[23.943,61.156],[23.931,61.145],[23.94,61.142],[23.94,61.14],[23.919,61.13],[23.926,61.128],[23.936,61.132],[23.942,61.131],[23.93,61.126],[23.922,61.12],[23.929,61.118],[23.943,61.11],[23.939,61.106],[23.945,61.103],[23.952,61.105],[23.958,61.102],[24.026,61.12],[24.024,61.122],[24.037,61.125],[24.042,61.123],[24.046,61.124],[24.053,61.121],[24.062,61.119],[24.064,61.123],[24.111,61.128],[24.142,61.123],[24.145,61.126],[24.139,61.132],[24.135,61.133],[24.134,61.138],[24.139,61.143],[24.182,61.145],[24.232,61.15],[24.236,61.151],[24.297,61.191],[24.266,61.208],[24.258,61.218],[24.266,61.226],[24.273,61.229],[24.269,61.23],[24.276,61.235],[24.283,61.24],[24.217,61.262],[24.202,61.262],[24.167,61.265],[24.103,61.29],[24.088,61.291],[24.085,61.295],[24.084,61.299],[24.088,61.306],[24.102,61.318],[24.085,61.328],[24.079,61.33]]]}},{"type":"Feature","properties":{"id":2257159,"maakond_id":301,"name":"Ruokolahti","bbox":[28.252,61.189,29.262,61.56]},"geometry":{"type":"Polygon","coordinates":[[[28.812,61.536],[28.818,61.514],[28.812,61.507],[28.814,61.502],[28.807,61.5],[28.793,61.495],[28.791,61.478],[28.769,61.481],[28.755,61.483],[28.746,61.483],[28.735,61.481],[28.722,61.483],[28.699,61.48],[28.693,61.477],[28.684,61.477],[28.678,61.468],[28.671,61.469],[28.649,61.465],[28.65,61.468],[28.648,61.474],[28.633,61.47],[28.589,61.468],[28.583,61.475],[28.573,61.476],[28.561,61.474],[28.545,61.476],[28.539,61.475],[28.536,61.479],[28.523,61.478],[28.525,61.498],[28.498,61.509],[28.491,61.513],[28.469,61.503],[28.463,61.499],[28.458,61.501],[28.45,61.511],[28.44,61.512],[28.422,61.49],[28.419,61.485],[28.427,61.457],[28.41,61.454],[28.392,61.445],[28.37,61.441],[28.362,61.44],[28.354,61.438],[28.357,61.435],[28.342,61.432],[28.34,61.416],[28.317,61.414],[28.308,61.417],[28.298,61.4],[28.286,61.395],[28.286,61.391],[28.274,61.384],[28.263,61.386],[28.26,61.384],[28.266,61.376],[28.258,61.377],[28.252,61.38],[28.28,61.364],[28.31,61.337],[28.346,61.327],[28.348,61.326],[28.398,61.285],[28.411,61.279],[28.469,61.256],[28.486,61.249],[28.505,61.241],[28.598,61.2],[28.652,61.216],[28.651,61.223],[28.64,61.229],[28.69,61.238],[28.702,61.232],[28.706,61.229],[28.746,61.243],[28.764,61.238],[28.811,61.24],[28.822,61.234],[28.849,61.25],[28.845,61.252],[28.852,61.256],[28.836,61.27],[28.846,61.278],[28.859,61.275],[28.904,61.28],[28.91,61.284],[28.914,61.277],[28.919,61.276],[28.905,61.261],[28.918,61.259],[28.921,61.254],[28.915,61.243],[28.923,61.242],[28.928,61.238],[28.936,61.237],[28.927,61.228],[29.022,61.189],[29.031,61.192],[29.084,61.21],[29.07,61.217],[29.057,61.22],[29.049,61.226],[29.038,61.232],[29.023,61.244],[29.037,61.245],[29.041,61.252],[29.034,61.256],[29.033,61.266],[29.059,61.271],[29.059,61.275],[29.052,61.278],[29.051,61.281],[29.058,61.283],[29.06,61.288],[29.047,61.291],[29.032,61.299],[29.042,61.302],[29.051,61.301],[29.069,61.301],[29.076,61.303],[29.072,61.308],[29.064,61.308],[29.049,61.322],[29.052,61.326],[29.06,61.331],[29.058,61.334],[29.061,61.34],[29.077,61.343],[29.074,61.348],[29.074,61.352],[29.06,61.356],[29.061,61.36],[29.075,61.37],[29.066,61.371],[29.045,61.374],[29.046,61.38],[29.043,61.38],[29.031,61.38],[29.025,61.378],[29.019,61.381],[29.028,61.384],[29.048,61.381],[29.051,61.379],[29.096,61.376],[29.108,61.374],[29.114,61.377],[29.114,61.38],[29.126,61.397],[29.129,61.405],[29.136,61.414],[29.133,61.416],[29.152,61.425],[29.156,61.429],[29.131,61.437],[29.124,61.436],[29.103,61.446],[29.095,61.452],[29.065,61.46],[29.081,61.474],[29.083,61.472],[29.095,61.483],[29.11,61.479],[29.113,61.476],[29.128,61.477],[29.159,61.495],[29.173,61.492],[29.187,61.494],[29.196,61.488],[29.201,61.489],[29.215,61.487],[29.237,61.52],[29.262,61.558],[29.22,61.56],[29.175,61.553],[29.082,61.539],[29.049,61.534],[29.023,61.535],[29.009,61.537],[29.002,61.536],[28.973,61.536],[28.956,61.541],[28.887,61.527],[28.878,61.53],[28.866,61.53],[28.845,61.534],[28.835,61.534],[28.824,61.537],[28.812,61.536]]]}},{"type":"Feature","properties":{"id":2257160,"maakond_id":301,"name":"Rautjärvi","bbox":[29.019,61.21,29.449,61.52]},"geometry":{"type":"Polygon","coordinates":[[[29.237,61.52],[29.215,61.487],[29.201,61.489],[29.196,61.488],[29.187,61.494],[29.173,61.492],[29.159,61.495],[29.128,61.477],[29.113,61.476],[29.11,61.479],[29.095,61.483],[29.083,61.472],[29.081,61.474],[29.065,61.46],[29.095,61.452],[29.103,61.446],[29.124,61.436],[29.131,61.437],[29.156,61.429],[29.152,61.425],[29.133,61.416],[29.136,61.414],[29.129,61.405],[29.126,61.397],[29.114,61.38],[29.114,61.377],[29.108,61.374],[29.096,61.376],[29.051,61.379],[29.048,61.381],[29.028,61.384],[29.019,61.381],[29.025,61.378],[29.031,61.38],[29.043,61.38],[29.046,61.38],[29.045,61.374],[29.066,61.371],[29.075,61.37],[29.061,61.36],[29.06,61.356],[29.074,61.352],[29.074,61.348],[29.077,61.343],[29.061,61.34],[29.058,61.334],[29.06,61.331],[29.052,61.326],[29.049,61.322],[29.064,61.308],[29.072,61.308],[29.076,61.303],[29.069,61.301],[29.051,61.301],[29.042,61.302],[29.032,61.299],[29.047,61.291],[29.06,61.288],[29.058,61.283],[29.051,61.281],[29.052,61.278],[29.059,61.275],[29.059,61.271],[29.033,61.266],[29.034,61.256],[29.041,61.252],[29.037,61.245],[29.023,61.244],[29.038,61.232],[29.049,61.226],[29.057,61.22],[29.07,61.217],[29.084,61.21],[29.162,61.237],[29.198,61.255],[29.2,61.256],[29.21,61.258],[29.213,61.26],[29.233,61.268],[29.239,61.268],[29.245,61.271],[29.245,61.273],[29.241,61.276],[29.266,61.292],[29.322,61.344],[29.322,61.347],[29.328,61.352],[29.334,61.355],[29.444,61.424],[29.44,61.427],[29.449,61.431],[29.432,61.436],[29.423,61.433],[29.409,61.443],[29.385,61.453],[29.384,61.462],[29.367,61.485],[29.365,61.491],[29.357,61.489],[29.339,61.497],[29.322,61.493],[29.316,61.498],[29.31,61.498],[29.298,61.501],[29.3,61.504],[29.306,61.518],[29.29,61.518],[29.288,61.517],[29.277,61.517],[29.272,61.515],[29.273,61.511],[29.264,61.513],[29.237,61.52]]]}},{"type":"Feature","properties":{"id":2259189,"maakond_id":301,"name":"Imatra","bbox":[28.669,61.08,29.022,61.284]},"geometry":{"type":"Polygon","coordinates":[[[28.702,61.232],[28.669,61.221],[28.698,61.213],[28.706,61.212],[28.697,61.208],[28.73,61.192],[28.721,61.186],[28.735,61.178],[28.731,61.173],[28.729,61.159],[28.737,61.158],[28.739,61.154],[28.737,61.148],[28.745,61.144],[28.745,61.139],[28.741,61.124],[28.735,61.107],[28.735,61.101],[28.75,61.095],[28.76,61.089],[28.777,61.08],[28.808,61.097],[28.819,61.122],[28.873,61.136],[28.883,61.142],[28.902,61.145],[28.915,61.143],[28.926,61.146],[28.944,61.148],[28.952,61.152],[28.957,61.152],[28.986,61.174],[29.022,61.189],[28.927,61.228],[28.936,61.237],[28.928,61.238],[28.923,61.242],[28.915,61.243],[28.921,61.254],[28.918,61.259],[28.905,61.261],[28.919,61.276],[28.914,61.277],[28.91,61.284],[28.904,61.28],[28.859,61.275],[28.846,61.278],[28.836,61.27],[28.852,61.256],[28.845,61.252],[28.849,61.25],[28.822,61.234],[28.811,61.24],[28.764,61.238],[28.746,61.243],[28.706,61.229],[28.702,61.232]]]}},{"type":"Feature","properties":{"id":2266938,"maakond_id":310,"name":"Kittilä","bbox":[24.093,67.151,26.008,68.395]},"geometry":{"type":"Polygon","coordinates":[[[24.107,68.139],[24.115,68.133],[24.128,68.129],[24.094,68.109],[24.093,68.101],[24.099,68.097],[24.101,68.093],[24.133,68.089],[24.168,68.094],[24.199,68.077],[24.175,68.053],[24.169,68.038],[24.216,68.024],[24.213,68.01],[24.208,68.005],[24.202,68.002],[24.204,67.99],[24.191,67.969],[24.149,67.965],[24.154,67.957],[24.144,67.955],[24.149,67.951],[24.155,67.95],[24.167,67.939],[24.172,67.932],[24.145,67.921],[24.146,67.918],[24.189,67.828],[24.214,67.778],[24.243,67.728],[24.302,67.626],[24.273,67.627],[24.328,67.51],[24.34,67.485],[24.369,67.453],[24.386,67.433],[24.414,67.401],[24.411,67.398],[24.414,67.395],[24.423,67.391],[24.462,67.346],[24.631,67.227],[24.694,67.183],[24.705,67.185],[24.71,67.191],[24.714,67.189],[24.713,67.185],[24.709,67.171],[24.737,67.152],[24.862,67.177],[25.034,67.168],[25.343,67.151],[25.35,67.151],[25.384,67.191],[25.486,67.304],[25.593,67.343],[25.589,67.348],[25.61,67.352],[25.697,67.4],[25.761,67.434],[25.739,67.536],[25.738,67.541],[25.761,67.576],[25.799,67.633],[25.852,67.712],[25.927,67.82],[26.008,67.939],[25.906,68.064],[25.878,68.097],[25.976,68.278],[25.805,68.29],[25.525,68.311],[25.027,68.395],[24.905,68.391],[24.699,68.382],[24.541,68.344],[24.446,68.321],[24.377,68.28],[24.262,68.21],[24.157,68.147],[24.107,68.139]]]}},{"type":"Feature","properties":{"id":2266939,"maakond_id":310,"name":"Muonio","bbox":[23.287,67.446,24.302,68.187]},"geometry":{"type":"Polygon","coordinates":[[[23.541,67.461],[23.542,67.463],[23.713,67.519],[23.764,67.508],[23.763,67.51],[23.738,67.516],[23.724,67.52],[23.723,67.523],[23.867,67.57],[24.066,67.636],[24.156,67.632],[24.144,67.637],[24.149,67.639],[24.166,67.631],[24.273,67.627],[24.302,67.626],[24.243,67.728],[24.214,67.778],[24.189,67.828],[24.146,67.918],[24.145,67.921],[24.172,67.932],[24.167,67.939],[24.155,67.95],[24.149,67.951],[24.144,67.955],[24.154,67.957],[24.149,67.965],[24.191,67.969],[24.204,67.99],[24.202,68.002],[24.208,68.005],[24.213,68.01],[24.216,68.024],[24.169,68.038],[24.175,68.053],[24.199,68.077],[24.168,68.094],[24.133,68.089],[24.101,68.093],[24.099,68.097],[24.093,68.101],[24.094,68.109],[24.128,68.129],[24.115,68.133],[24.107,68.139],[24.023,68.125],[23.963,68.116],[23.956,68.128],[23.965,68.135],[23.97,68.136],[23.975,68.143],[23.971,68.148],[23.956,68.151],[23.788,68.157],[23.739,68.187],[23.476,68.179],[23.323,68.175],[23.29,68.155],[23.287,68.154],[23.291,68.15],[23.302,68.15],[23.308,68.148],[23.305,68.146],[23.313,68.143],[23.32,68.137],[23.321,68.129],[23.33,68.123],[23.325,68.117],[23.332,68.113],[23.336,68.108],[23.337,68.1],[23.354,68.09],[23.361,68.085],[23.361,68.08],[23.367,68.072],[23.373,68.068],[23.37,68.063],[23.373,68.06],[23.387,68.056],[23.385,68.051],[23.389,68.048],[23.398,68.044],[23.411,68.041],[23.418,68.041],[23.43,68.038],[23.444,68.037],[23.466,68.03],[23.463,68.026],[23.466,68.021],[23.479,68.016],[23.5,68.013],[23.506,68.011],[23.534,68.006],[23.537,68.004],[23.535,67.999],[23.54,67.991],[23.55,67.984],[23.573,67.973],[23.582,67.971],[23.591,67.972],[23.604,67.972],[23.637,67.966],[23.648,67.962],[23.652,67.959],[23.65,67.952],[23.659,67.948],[23.665,67.941],[23.656,67.937],[23.645,67.927],[23.646,67.921],[23.643,67.917],[23.621,67.908],[23.609,67.907],[23.596,67.903],[23.592,67.901],[23.587,67.895],[23.578,67.893],[23.572,67.893],[23.554,67.898],[23.54,67.89],[23.521,67.886],[23.507,67.879],[23.506,67.871],[23.494,67.864],[23.491,67.857],[23.49,67.849],[23.486,67.845],[23.478,67.842],[23.48,67.838],[23.482,67.826],[23.473,67.82],[23.472,67.818],[23.479,67.801],[23.483,67.798],[23.493,67.793],[23.493,67.784],[23.484,67.778],[23.484,67.773],[23.492,67.764],[23.489,67.761],[23.492,67.755],[23.486,67.746],[23.477,67.741],[23.475,67.739],[23.487,67.73],[23.479,67.724],[23.477,67.717],[23.484,67.712],[23.483,67.706],[23.477,67.703],[23.479,67.7],[23.492,67.696],[23.49,67.688],[23.496,67.685],[23.498,67.68],[23.497,67.673],[23.492,67.669],[23.492,67.664],[23.507,67.653],[23.514,67.647],[23.533,67.638],[23.541,67.63],[23.539,67.626],[23.542,67.623],[23.553,67.623],[23.559,67.621],[23.546,67.613],[23.538,67.603],[23.542,67.598],[23.544,67.583],[23.539,67.579],[23.528,67.576],[23.526,67.573],[23.509,67.564],[23.503,67.563],[23.492,67.566],[23.468,67.566],[23.456,67.562],[23.465,67.55],[23.477,67.546],[23.484,67.541],[23.484,67.538],[23.477,67.535],[23.476,67.53],[23.454,67.525],[23.435,67.517],[23.436,67.51],[23.423,67.504],[23.409,67.502],[23.404,67.5],[23.406,67.496],[23.398,67.492],[23.394,67.485],[23.404,67.479],[23.407,67.47],[23.413,67.466],[23.43,67.464],[23.441,67.46],[23.446,67.459],[23.456,67.455],[23.464,67.453],[23.484,67.45],[23.498,67.446],[23.51,67.446],[23.516,67.449],[23.518,67.453],[23.53,67.459],[23.541,67.461]]]}},{"type":"Feature","properties":{"id":2269241,"maakond_id":302,"name":"Ilmajoki","bbox":[22.15,62.597,22.878,62.876]},"geometry":{"type":"Polygon","coordinates":[[[22.201,62.752],[22.167,62.734],[22.15,62.72],[22.306,62.688],[22.298,62.698],[22.312,62.695],[22.317,62.692],[22.315,62.688],[22.335,62.689],[22.365,62.683],[22.392,62.679],[22.414,62.672],[22.423,62.67],[22.434,62.666],[22.436,62.661],[22.443,62.66],[22.508,62.63],[22.513,62.632],[22.522,62.628],[22.526,62.631],[22.535,62.627],[22.542,62.627],[22.547,62.629],[22.569,62.619],[22.585,62.627],[22.61,62.629],[22.637,62.618],[22.624,62.603],[22.665,62.603],[22.669,62.6],[22.682,62.597],[22.689,62.606],[22.66,62.62],[22.664,62.622],[22.657,62.626],[22.657,62.63],[22.695,62.612],[22.701,62.62],[22.709,62.624],[22.858,62.634],[22.873,62.635],[22.835,62.652],[22.839,62.654],[22.864,62.643],[22.865,62.644],[22.852,62.65],[22.858,62.653],[22.868,62.654],[22.854,62.666],[22.857,62.668],[22.852,62.679],[22.865,62.681],[22.878,62.682],[22.832,62.717],[22.83,62.719],[22.737,62.76],[22.687,62.775],[22.696,62.778],[22.693,62.78],[22.703,62.783],[22.714,62.789],[22.715,62.795],[22.705,62.797],[22.711,62.804],[22.707,62.806],[22.707,62.811],[22.711,62.814],[22.724,62.825],[22.729,62.828],[22.746,62.834],[22.749,62.839],[22.755,62.841],[22.757,62.844],[22.767,62.848],[22.761,62.849],[22.753,62.847],[22.745,62.853],[22.744,62.856],[22.746,62.865],[22.737,62.871],[22.715,62.873],[22.694,62.876],[22.599,62.844],[22.559,62.836],[22.553,62.833],[22.533,62.83],[22.411,62.804],[22.36,62.803],[22.303,62.795],[22.274,62.791],[22.201,62.752]]]}},{"type":"Feature","properties":{"id":2269242,"maakond_id":302,"name":"Kurikka","bbox":[21.657,62.269,23.145,62.864]},"geometry":{"type":"MultiPolygon","coordinates":[[[[22.042,62.541],[22.047,62.541],[22.052,62.537],[22.056,62.539],[22.128,62.527],[22.142,62.551],[22.152,62.55],[22.28,62.534],[22.292,62.532],[22.291,62.53],[22.296,62.526],[22.303,62.523],[22.369,62.507],[22.364,62.493],[22.43,62.482],[22.488,62.479],[22.545,62.466],[22.58,62.467],[22.589,62.455],[22.601,62.441],[22.612,62.433],[22.642,62.412],[22.64,62.412],[22.635,62.362],[22.656,62.334],[22.651,62.334],[22.663,62.317],[22.655,62.312],[22.634,62.301],[22.679,62.29],[22.746,62.273],[22.831,62.271],[22.897,62.269],[22.994,62.289],[23.145,62.319],[23.102,62.387],[23.133,62.386],[23.119,62.41],[23.109,62.414],[23.111,62.407],[23.105,62.409],[23.102,62.413],[23.102,62.419],[23.096,62.425],[23.091,62.425],[23.095,62.434],[23.08,62.433],[23.078,62.429],[23.061,62.464],[23.043,62.469],[22.963,62.551],[22.934,62.549],[22.917,62.591],[22.908,62.6],[22.871,62.592],[22.868,62.597],[22.858,62.634],[22.709,62.624],[22.701,62.62],[22.695,62.612],[22.657,62.63],[22.657,62.626],[22.664,62.622],[22.66,62.62],[22.689,62.606],[22.682,62.597],[22.669,62.6],[22.665,62.603],[22.624,62.603],[22.637,62.618],[22.61,62.629],[22.585,62.627],[22.569,62.619],[22.547,62.629],[22.542,62.627],[22.535,62.627],[22.526,62.631],[22.522,62.628],[22.513,62.632],[22.508,62.63],[22.443,62.66],[22.436,62.661],[22.434,62.666],[22.423,62.67],[22.414,62.672],[22.392,62.679],[22.365,62.683],[22.335,62.689],[22.315,62.688],[22.317,62.692],[22.312,62.695],[22.298,62.698],[22.306,62.688],[22.15,62.72],[22.167,62.734],[22.201,62.752],[22.124,62.767],[22.121,62.76],[22.067,62.769],[22.063,62.763],[22.006,62.773],[22.011,62.776],[21.969,62.782],[21.973,62.788],[21.958,62.79],[21.955,62.787],[21.912,62.795],[21.915,62.8],[21.902,62.802],[21.879,62.804],[21.881,62.807],[21.874,62.81],[21.858,62.812],[21.854,62.818],[21.842,62.818],[21.831,62.845],[21.79,62.857],[21.791,62.857],[21.772,62.864],[21.765,62.848],[21.729,62.821],[21.729,62.768],[21.729,62.758],[21.748,62.72],[21.791,62.694],[21.75,62.676],[21.741,62.678],[21.748,62.688],[21.748,62.693],[21.743,62.694],[21.741,62.69],[21.74,62.68],[21.737,62.674],[21.722,62.668],[21.727,62.666],[21.709,62.658],[21.694,62.657],[21.693,62.651],[21.68,62.646],[21.662,62.64],[21.695,62.635],[21.702,62.643],[21.709,62.643],[21.699,62.635],[21.704,62.632],[21.705,62.625],[21.699,62.626],[21.7,62.62],[21.693,62.615],[21.667,62.621],[21.657,62.613],[21.66,62.611],[21.672,62.609],[21.675,62.615],[21.696,62.612],[21.706,62.611],[21.722,62.618],[21.72,62.625],[21.724,62.63],[21.756,62.624],[21.754,62.621],[21.761,62.62],[21.758,62.615],[21.77,62.612],[21.781,62.616],[21.787,62.615],[21.791,62.619],[21.806,62.618],[21.809,62.62],[21.796,62.621],[21.79,62.623],[21.808,62.623],[21.809,62.63],[21.814,62.629],[21.818,62.625],[21.816,62.623],[21.813,62.615],[21.795,62.605],[21.789,62.6],[21.782,62.597],[21.799,62.594],[21.806,62.602],[21.823,62.6],[21.83,62.606],[21.85,62.605],[21.858,62.6],[21.868,62.599],[21.878,62.607],[21.886,62.609],[21.89,62.606],[21.903,62.604],[21.904,62.598],[21.896,62.597],[21.899,62.593],[21.904,62.592],[21.904,62.589],[21.936,62.587],[21.937,62.602],[21.942,62.602],[21.953,62.606],[21.947,62.61],[21.942,62.615],[21.96,62.617],[21.97,62.623],[21.974,62.616],[21.98,62.613],[21.987,62.604],[21.993,62.604],[21.996,62.606],[21.991,62.616],[21.993,62.617],[22.018,62.608],[22.034,62.607],[22.03,62.605],[22.034,62.601],[22.039,62.601],[22.038,62.607],[22.1,62.605],[22.111,62.598],[22.111,62.564],[22.063,62.545],[22.042,62.541]]],[[[21.902,62.579],[21.901,62.572],[21.921,62.566],[21.925,62.574],[21.907,62.574],[21.909,62.578],[21.902,62.579]]],[[[21.886,62.599],[21.879,62.588],[21.887,62.586],[21.897,62.591],[21.892,62.598],[21.886,62.599]]]]}},{"type":"Feature","properties":{"id":2270668,"maakond_id":311,"name":"Kihniö","bbox":[22.994,62.083,23.424,62.334]},"geometry":{"type":"Polygon","coordinates":[[[23.218,62.334],[23.145,62.319],[22.994,62.289],[23.017,62.201],[23.026,62.204],[23.029,62.191],[23.046,62.191],[23.049,62.164],[23.056,62.157],[23.079,62.144],[23.082,62.136],[23.092,62.131],[23.098,62.119],[23.104,62.117],[23.118,62.118],[23.123,62.122],[23.122,62.108],[23.114,62.107],[23.119,62.103],[23.118,62.098],[23.123,62.098],[23.136,62.09],[23.14,62.089],[23.141,62.083],[23.235,62.086],[23.252,62.084],[23.26,62.087],[23.259,62.089],[23.275,62.092],[23.28,62.086],[23.295,62.083],[23.293,62.107],[23.306,62.111],[23.331,62.133],[23.363,62.153],[23.374,62.165],[23.424,62.158],[23.368,62.227],[23.351,62.239],[23.231,62.325],[23.233,62.329],[23.218,62.334]]]}},{"type":"Feature","properties":{"id":2270669,"maakond_id":311,"name":"Parkano","bbox":[22.521,61.896,23.366,62.289]},"geometry":{"type":"Polygon","coordinates":[[[22.647,61.952],[22.653,61.947],[22.666,61.931],[22.683,61.922],[22.711,61.918],[22.719,61.921],[22.72,61.917],[22.731,61.916],[22.739,61.911],[22.804,61.932],[22.807,61.941],[22.818,61.941],[22.814,61.958],[22.85,61.956],[22.847,61.95],[22.86,61.948],[22.862,61.953],[22.908,61.965],[22.912,61.956],[22.897,61.949],[22.901,61.941],[22.914,61.949],[22.927,61.968],[22.952,61.972],[22.965,61.913],[22.975,61.914],[22.993,61.911],[22.996,61.913],[23.003,61.912],[23.02,61.904],[23.048,61.929],[23.048,61.934],[23.066,61.94],[23.084,61.94],[23.139,61.947],[23.149,61.946],[23.151,61.943],[23.128,61.942],[23.116,61.94],[23.115,61.936],[23.12,61.931],[23.113,61.921],[23.136,61.917],[23.149,61.897],[23.157,61.896],[23.31,61.902],[23.302,61.947],[23.311,61.95],[23.302,61.96],[23.306,61.966],[23.309,61.966],[23.315,61.98],[23.321,61.983],[23.326,61.983],[23.329,61.986],[23.357,62.006],[23.35,62.02],[23.366,62.038],[23.365,62.071],[23.354,62.072],[23.326,62.071],[23.325,62.077],[23.295,62.083],[23.28,62.086],[23.275,62.092],[23.259,62.089],[23.26,62.087],[23.252,62.084],[23.235,62.086],[23.141,62.083],[23.14,62.089],[23.136,62.09],[23.123,62.098],[23.118,62.098],[23.119,62.103],[23.114,62.107],[23.122,62.108],[23.123,62.122],[23.118,62.118],[23.104,62.117],[23.098,62.119],[23.092,62.131],[23.082,62.136],[23.079,62.144],[23.056,62.157],[23.049,62.164],[23.046,62.191],[23.029,62.191],[23.026,62.204],[23.017,62.201],[22.994,62.289],[22.897,62.269],[22.831,62.271],[22.827,62.263],[22.834,62.256],[22.831,62.253],[22.824,62.238],[22.826,62.237],[22.84,62.239],[22.842,62.237],[22.841,62.225],[22.844,62.214],[22.849,62.21],[22.844,62.209],[22.855,62.198],[22.848,62.197],[22.842,62.187],[22.853,62.181],[22.862,62.173],[22.834,62.163],[22.823,62.161],[22.819,62.166],[22.778,62.155],[22.771,62.154],[22.764,62.142],[22.765,62.138],[22.78,62.061],[22.721,62.054],[22.696,62.051],[22.684,62.054],[22.671,62.041],[22.662,62.043],[22.67,62.051],[22.602,62.037],[22.572,62.018],[22.564,62.011],[22.539,61.999],[22.537,62.002],[22.531,62.001],[22.521,62.001],[22.523,61.998],[22.528,61.997],[22.573,61.983],[22.583,61.985],[22.601,61.981],[22.605,61.977],[22.595,61.974],[22.599,61.966],[22.608,61.966],[22.611,61.971],[22.61,61.974],[22.615,61.978],[22.615,61.982],[22.623,61.981],[22.621,61.968],[22.655,61.965],[22.657,61.955],[22.647,61.952]],[[22.864,61.984],[22.869,61.982],[22.88,61.981],[22.881,61.972],[22.888,61.969],[22.888,61.965],[22.878,61.965],[22.878,61.969],[22.872,61.975],[22.863,61.973],[22.862,61.965],[22.854,61.966],[22.852,61.973],[22.856,61.98],[22.864,61.984]]]}},{"type":"Feature","properties":{"id":2273016,"maakond_id":301,"name":"Lappeenranta","bbox":[27.71,60.667,28.777,61.285]},"geometry":{"type":"Polygon","coordinates":[[[27.714,60.795],[27.71,60.79],[27.728,60.763],[27.751,60.758],[27.773,60.759],[27.792,60.769],[27.803,60.768],[27.812,60.765],[27.817,60.767],[27.825,60.767],[27.832,60.768],[27.846,60.766],[27.852,60.764],[27.856,60.757],[27.855,60.752],[27.858,60.749],[27.859,60.741],[27.867,60.733],[27.881,60.713],[27.889,60.708],[27.902,60.696],[27.931,60.69],[27.953,60.686],[27.957,60.677],[27.952,60.667],[27.967,60.667],[27.991,60.669],[27.998,60.67],[28.018,60.681],[28.015,60.682],[28.038,60.694],[28.089,60.721],[28.135,60.741],[28.174,60.779],[28.22,60.783],[28.256,60.81],[28.312,60.841],[28.324,60.858],[28.336,60.854],[28.465,60.923],[28.484,60.926],[28.484,60.929],[28.525,60.957],[28.53,60.955],[28.537,60.956],[28.552,60.955],[28.573,60.952],[28.615,60.955],[28.649,60.948],[28.658,60.951],[28.684,60.979],[28.71,61.027],[28.714,61.044],[28.777,61.08],[28.76,61.089],[28.75,61.095],[28.735,61.101],[28.735,61.107],[28.741,61.124],[28.745,61.139],[28.745,61.144],[28.737,61.148],[28.739,61.154],[28.737,61.158],[28.729,61.159],[28.731,61.173],[28.735,61.178],[28.721,61.186],[28.73,61.192],[28.697,61.208],[28.706,61.212],[28.698,61.213],[28.669,61.221],[28.702,61.232],[28.69,61.238],[28.64,61.229],[28.651,61.223],[28.652,61.216],[28.598,61.2],[28.505,61.241],[28.486,61.249],[28.469,61.256],[28.411,61.279],[28.398,61.285],[28.309,61.248],[28.302,61.241],[28.316,61.208],[28.409,61.176],[28.392,61.166],[28.39,61.167],[28.347,61.143],[28.33,61.132],[28.331,61.129],[28.307,61.123],[28.298,61.133],[28.29,61.134],[28.282,61.132],[28.26,61.129],[28.25,61.125],[28.244,61.121],[28.236,61.117],[28.235,61.11],[28.207,61.107],[28.195,61.101],[28.185,61.111],[28.183,61.117],[28.171,61.127],[28.157,61.133],[28.135,61.13],[28.135,61.126],[28.143,61.118],[28.156,61.114],[28.159,61.11],[28.158,61.103],[28.163,61.095],[28.16,61.094],[28.146,61.101],[28.134,61.104],[28.128,61.096],[28.111,61.092],[28.105,61.096],[28.106,61.099],[28.09,61.109],[28.069,61.113],[28.066,61.102],[28.05,61.095],[28.053,61.083],[28.032,61.074],[28.014,61.068],[28.008,61.069],[28.009,61.073],[27.998,61.071],[27.991,61.062],[27.977,61.051],[27.986,61.051],[27.991,61.046],[27.989,61.044],[27.967,61.043],[27.958,61.04],[27.949,61.041],[27.932,61.039],[27.937,61.035],[27.942,61.028],[27.942,61.02],[27.934,61.02],[27.924,61.029],[27.92,61.031],[27.897,61.027],[27.884,61.03],[27.867,61.027],[27.866,61.025],[27.873,61.018],[27.859,61.015],[27.856,61.011],[27.856,61.002],[27.861,60.996],[27.858,60.994],[27.87,60.994],[27.883,60.997],[27.886,60.999],[27.884,61.003],[27.89,61.005],[27.896,61.001],[27.901,61.001],[27.908,60.99],[27.898,60.972],[27.904,60.966],[27.898,60.956],[27.895,60.946],[27.901,60.938],[27.902,60.928],[27.895,60.916],[27.891,60.909],[27.901,60.891],[27.915,60.887],[27.932,60.884],[27.932,60.876],[27.927,60.87],[27.912,60.858],[27.904,60.856],[27.905,60.85],[27.901,60.848],[27.895,60.849],[27.889,60.852],[27.886,60.862],[27.883,60.865],[27.901,60.874],[27.895,60.887],[27.883,60.878],[27.872,60.875],[27.855,60.86],[27.864,60.855],[27.876,60.849],[27.847,60.835],[27.837,60.829],[27.846,60.825],[27.816,60.822],[27.808,60.823],[27.761,60.824],[27.767,60.834],[27.744,60.832],[27.746,60.829],[27.746,60.82],[27.751,60.816],[27.722,60.817],[27.719,60.812],[27.719,60.801],[27.714,60.795]]]}},{"type":"Feature","properties":{"id":2289002,"maakond_id":301,"name":"Taipalsaari","bbox":[27.748,61.062,28.409,61.38]},"geometry":{"type":"Polygon","coordinates":[[[28.252,61.38],[28.134,61.364],[28.101,61.363],[28.06,61.356],[27.958,61.353],[27.931,61.35],[27.888,61.334],[27.89,61.333],[27.871,61.33],[27.873,61.329],[27.867,61.322],[27.848,61.312],[27.836,61.306],[27.839,61.302],[27.842,61.299],[27.837,61.291],[27.843,61.286],[27.843,61.283],[27.861,61.278],[27.869,61.272],[27.853,61.264],[27.829,61.265],[27.844,61.254],[27.843,61.249],[27.829,61.249],[27.808,61.258],[27.803,61.262],[27.794,61.262],[27.784,61.264],[27.765,61.263],[27.754,61.264],[27.75,61.257],[27.748,61.256],[27.748,61.25],[27.753,61.246],[27.749,61.244],[27.754,61.241],[27.762,61.244],[27.778,61.242],[27.781,61.24],[27.796,61.244],[27.798,61.239],[27.793,61.235],[27.788,61.234],[27.796,61.228],[27.806,61.229],[27.813,61.232],[27.823,61.225],[27.814,61.22],[27.809,61.214],[27.813,61.206],[27.805,61.204],[27.802,61.191],[27.81,61.189],[27.813,61.192],[27.822,61.193],[27.821,61.188],[27.816,61.184],[27.794,61.175],[27.784,61.164],[27.793,61.159],[27.796,61.156],[27.812,61.163],[27.831,61.167],[27.85,61.17],[27.845,61.164],[27.843,61.155],[27.848,61.152],[27.866,61.153],[27.868,61.154],[27.876,61.151],[27.862,61.139],[27.876,61.131],[27.876,61.128],[27.882,61.127],[27.886,61.129],[27.887,61.133],[27.902,61.141],[27.909,61.131],[27.917,61.124],[27.927,61.127],[27.934,61.131],[27.947,61.123],[27.949,61.111],[27.973,61.103],[27.98,61.097],[27.983,61.068],[27.988,61.062],[27.991,61.062],[27.998,61.071],[28.009,61.073],[28.008,61.069],[28.014,61.068],[28.032,61.074],[28.053,61.083],[28.05,61.095],[28.066,61.102],[28.069,61.113],[28.09,61.109],[28.106,61.099],[28.105,61.096],[28.111,61.092],[28.128,61.096],[28.134,61.104],[28.146,61.101],[28.16,61.094],[28.163,61.095],[28.158,61.103],[28.159,61.11],[28.156,61.114],[28.143,61.118],[28.135,61.126],[28.135,61.13],[28.157,61.133],[28.171,61.127],[28.183,61.117],[28.185,61.111],[28.195,61.101],[28.207,61.107],[28.235,61.11],[28.236,61.117],[28.244,61.121],[28.25,61.125],[28.26,61.129],[28.282,61.132],[28.29,61.134],[28.298,61.133],[28.307,61.123],[28.331,61.129],[28.33,61.132],[28.347,61.143],[28.39,61.167],[28.392,61.166],[28.409,61.176],[28.316,61.208],[28.302,61.241],[28.309,61.248],[28.398,61.285],[28.348,61.326],[28.346,61.327],[28.31,61.337],[28.28,61.364],[28.252,61.38]]]}},{"type":"Feature","properties":{"id":2297664,"maakond_id":309,"name":"Jomala","bbox":[19.424,59.792,20.133,60.211]},"geometry":{"type":"Polygon","coordinates":[[[19.841,60.188],[19.845,60.184],[19.845,60.179],[19.849,60.175],[19.845,60.173],[19.832,60.173],[19.8,60.17],[19.813,60.149],[19.802,60.148],[19.8,60.145],[19.792,60.146],[19.766,60.142],[19.732,60.131],[19.722,60.128],[19.714,60.123],[19.704,60.123],[19.7,60.118],[19.632,60.079],[19.424,59.956],[19.492,59.909],[19.607,59.828],[19.658,59.792],[19.888,60.02],[19.896,60.027],[19.893,60.043],[19.914,60.049],[19.929,60.047],[19.929,60.058],[19.914,60.07],[19.917,60.074],[19.913,60.08],[19.923,60.083],[19.925,60.086],[19.918,60.09],[19.916,60.094],[19.919,60.102],[19.922,60.105],[19.922,60.116],[19.92,60.124],[19.934,60.125],[19.934,60.127],[19.945,60.129],[19.947,60.127],[19.96,60.129],[19.958,60.115],[19.965,60.094],[19.973,60.088],[19.983,60.09],[19.995,60.088],[19.996,60.092],[20.002,60.092],[20,60.098],[20.012,60.097],[20.023,60.097],[20.031,60.094],[20.044,60.092],[20.048,60.097],[20.046,60.106],[20.051,60.111],[20.067,60.114],[20.091,60.136],[20.133,60.143],[20.06,60.171],[20.051,60.177],[20.049,60.195],[20.027,60.199],[20.019,60.192],[20.012,60.19],[20.006,60.185],[20.008,60.181],[19.998,60.182],[19.99,60.191],[19.982,60.194],[19.975,60.193],[19.972,60.2],[19.961,60.199],[19.957,60.203],[19.948,60.205],[19.936,60.205],[19.93,60.211],[19.925,60.21],[19.909,60.205],[19.904,60.199],[19.898,60.197],[19.894,60.191],[19.893,60.187],[19.883,60.186],[19.864,60.19],[19.841,60.188]]]}},{"type":"Feature","properties":{"id":2297665,"maakond_id":309,"name":"Mariehamn","bbox":[19.913,60.047,19.973,60.129]},"geometry":{"type":"Polygon","coordinates":[[[19.929,60.047],[19.949,60.047],[19.957,60.056],[19.958,60.06],[19.967,60.064],[19.973,60.088],[19.965,60.094],[19.958,60.115],[19.96,60.129],[19.947,60.127],[19.945,60.129],[19.934,60.127],[19.934,60.125],[19.92,60.124],[19.922,60.116],[19.922,60.105],[19.919,60.102],[19.916,60.094],[19.918,60.09],[19.925,60.086],[19.923,60.083],[19.913,60.08],[19.917,60.074],[19.914,60.07],[19.929,60.058],[19.929,60.047]]]}},{"type":"Feature","properties":{"id":2301965,"maakond_id":303,"name":"Puumala","bbox":[27.676,61.35,28.818,61.717]},"geometry":{"type":"Polygon","coordinates":[[[27.793,61.362],[27.856,61.351],[27.931,61.35],[27.958,61.353],[28.06,61.356],[28.101,61.363],[28.134,61.364],[28.252,61.38],[28.258,61.377],[28.266,61.376],[28.26,61.384],[28.263,61.386],[28.274,61.384],[28.286,61.391],[28.286,61.395],[28.298,61.4],[28.308,61.417],[28.317,61.414],[28.34,61.416],[28.342,61.432],[28.357,61.435],[28.354,61.438],[28.362,61.44],[28.37,61.441],[28.392,61.445],[28.41,61.454],[28.427,61.457],[28.419,61.485],[28.422,61.49],[28.44,61.512],[28.45,61.511],[28.458,61.501],[28.463,61.499],[28.469,61.503],[28.491,61.513],[28.498,61.509],[28.525,61.498],[28.523,61.478],[28.536,61.479],[28.539,61.475],[28.545,61.476],[28.561,61.474],[28.573,61.476],[28.583,61.475],[28.589,61.468],[28.633,61.47],[28.648,61.474],[28.65,61.468],[28.649,61.465],[28.671,61.469],[28.678,61.468],[28.684,61.477],[28.693,61.477],[28.699,61.48],[28.722,61.483],[28.735,61.481],[28.746,61.483],[28.755,61.483],[28.769,61.481],[28.791,61.478],[28.793,61.495],[28.807,61.5],[28.814,61.502],[28.812,61.507],[28.818,61.514],[28.812,61.536],[28.807,61.538],[28.786,61.539],[28.778,61.543],[28.757,61.55],[28.735,61.556],[28.726,61.56],[28.706,61.564],[28.623,61.567],[28.627,61.576],[28.588,61.592],[28.598,61.563],[28.581,61.561],[28.57,61.601],[28.53,61.614],[28.501,61.613],[28.458,61.611],[28.45,61.643],[28.421,61.644],[28.415,61.65],[28.406,61.652],[28.408,61.655],[28.403,61.657],[28.407,61.661],[28.401,61.665],[28.397,61.665],[28.392,61.669],[28.386,61.67],[28.379,61.669],[28.372,61.673],[28.355,61.673],[28.349,61.671],[28.34,61.673],[28.33,61.669],[28.326,61.67],[28.306,61.668],[28.299,61.666],[28.272,61.671],[28.271,61.676],[28.266,61.676],[28.266,61.68],[28.262,61.687],[28.253,61.688],[28.25,61.692],[28.226,61.681],[28.222,61.68],[28.211,61.681],[28.207,61.683],[28.208,61.694],[28.207,61.694],[28.195,61.709],[28.191,61.712],[28.176,61.717],[28.145,61.694],[28.125,61.683],[28.112,61.656],[28.132,61.648],[28.127,61.626],[28.121,61.619],[28.107,61.616],[28.083,61.636],[28.077,61.634],[28.072,61.629],[28.063,61.628],[28.055,61.631],[28.039,61.636],[28.042,61.642],[28.045,61.646],[28.039,61.648],[28.03,61.653],[28.023,61.652],[27.996,61.651],[27.981,61.656],[27.97,61.656],[27.968,61.647],[27.967,61.635],[27.972,61.634],[27.992,61.619],[27.993,61.609],[27.988,61.606],[27.969,61.605],[27.943,61.597],[27.938,61.575],[27.944,61.561],[27.938,61.553],[27.9,61.546],[27.885,61.544],[27.878,61.546],[27.869,61.546],[27.859,61.545],[27.859,61.54],[27.847,61.539],[27.842,61.534],[27.845,61.533],[27.841,61.529],[27.843,61.526],[27.828,61.516],[27.823,61.516],[27.816,61.511],[27.81,61.512],[27.808,61.51],[27.812,61.505],[27.811,61.5],[27.802,61.499],[27.792,61.503],[27.785,61.503],[27.777,61.51],[27.766,61.51],[27.763,61.508],[27.765,61.499],[27.751,61.496],[27.745,61.497],[27.736,61.496],[27.749,61.491],[27.752,61.488],[27.759,61.484],[27.759,61.479],[27.766,61.474],[27.759,61.473],[27.748,61.475],[27.751,61.469],[27.74,61.466],[27.75,61.461],[27.756,61.452],[27.755,61.446],[27.758,61.442],[27.76,61.435],[27.726,61.433],[27.722,61.431],[27.712,61.431],[27.707,61.43],[27.693,61.43],[27.679,61.423],[27.682,61.419],[27.687,61.417],[27.682,61.411],[27.69,61.409],[27.689,61.406],[27.679,61.406],[27.676,61.395],[27.687,61.392],[27.698,61.392],[27.698,61.387],[27.706,61.382],[27.729,61.374],[27.734,61.373],[27.749,61.37],[27.793,61.362]]]}},{"type":"Feature","properties":{"id":2309671,"maakond_id":301,"name":"Parikkala","bbox":[29.237,61.424,30.144,61.864]},"geometry":{"type":"Polygon","coordinates":[[[29.237,61.52],[29.264,61.513],[29.273,61.511],[29.272,61.515],[29.277,61.517],[29.288,61.517],[29.29,61.518],[29.306,61.518],[29.3,61.504],[29.298,61.501],[29.31,61.498],[29.316,61.498],[29.322,61.493],[29.339,61.497],[29.357,61.489],[29.365,61.491],[29.367,61.485],[29.384,61.462],[29.385,61.453],[29.409,61.443],[29.423,61.433],[29.432,61.436],[29.449,61.431],[29.44,61.427],[29.444,61.424],[29.503,61.461],[29.496,61.492],[29.558,61.492],[29.579,61.496],[29.592,61.496],[29.605,61.501],[29.61,61.503],[29.645,61.52],[29.643,61.526],[29.689,61.552],[29.711,61.56],[29.741,61.576],[29.748,61.583],[29.748,61.589],[29.755,61.603],[29.776,61.616],[29.789,61.625],[29.794,61.627],[29.803,61.635],[29.81,61.636],[29.814,61.643],[29.813,61.646],[29.817,61.651],[29.819,61.655],[29.845,61.671],[29.862,61.671],[29.862,61.677],[29.873,61.685],[29.879,61.687],[29.938,61.717],[29.986,61.74],[30.02,61.756],[30.038,61.765],[30.047,61.773],[30.071,61.818],[30.075,61.819],[30.144,61.852],[30.134,61.864],[30.092,61.856],[30.022,61.838],[29.999,61.832],[29.994,61.828],[29.991,61.829],[29.982,61.827],[29.971,61.821],[29.962,61.822],[29.802,61.782],[29.669,61.749],[29.662,61.747],[29.606,61.733],[29.559,61.722],[29.549,61.69],[29.538,61.684],[29.504,61.676],[29.459,61.669],[29.404,61.654],[29.392,61.648],[29.295,61.597],[29.288,61.592],[29.262,61.558],[29.237,61.52]]]}},{"type":"Feature","properties":{"id":2316286,"maakond_id":302,"name":"Kauhajoki","bbox":[21.869,62.103,22.663,62.551]},"geometry":{"type":"Polygon","coordinates":[[[22.374,62.142],[22.45,62.198],[22.505,62.213],[22.525,62.21],[22.53,62.216],[22.524,62.219],[22.535,62.222],[22.563,62.265],[22.592,62.311],[22.634,62.301],[22.655,62.312],[22.663,62.317],[22.651,62.334],[22.656,62.334],[22.635,62.362],[22.64,62.412],[22.642,62.412],[22.612,62.433],[22.601,62.441],[22.589,62.455],[22.58,62.467],[22.545,62.466],[22.488,62.479],[22.43,62.482],[22.364,62.493],[22.369,62.507],[22.303,62.523],[22.296,62.526],[22.291,62.53],[22.292,62.532],[22.28,62.534],[22.152,62.55],[22.142,62.551],[22.128,62.527],[22.056,62.539],[22.052,62.537],[22.047,62.541],[22.042,62.541],[22.013,62.537],[22.01,62.524],[21.998,62.519],[22.005,62.512],[21.999,62.493],[21.986,62.466],[21.983,62.462],[21.92,62.402],[21.876,62.362],[21.869,62.325],[21.939,62.26],[21.95,62.25],[22.006,62.225],[22.096,62.186],[22.175,62.152],[22.199,62.103],[22.32,62.103],[22.374,62.142]]]}},{"type":"Feature","properties":{"id":2320684,"maakond_id":319,"name":"Närpes","bbox":[20.466,62.204,21.791,62.768]},"geometry":{"type":"Polygon","coordinates":[[[21.374,62.758],[21.376,62.749],[21.346,62.739],[21.355,62.733],[21.361,62.736],[21.379,62.729],[21.36,62.72],[21.348,62.709],[21.351,62.717],[21.339,62.721],[21.329,62.714],[21.328,62.711],[21.329,62.687],[21.315,62.688],[21.318,62.683],[21.311,62.68],[21.301,62.683],[21.296,62.671],[21.287,62.672],[21.274,62.677],[21.267,62.682],[21.255,62.683],[21.241,62.682],[21.23,62.677],[21.224,62.672],[21.214,62.672],[21.211,62.683],[21.213,62.685],[21.182,62.69],[21.17,62.689],[21.164,62.691],[21.118,62.684],[21.076,62.68],[21.071,62.683],[21.051,62.683],[20.902,62.676],[20.628,62.664],[20.466,62.656],[20.517,62.582],[20.567,62.51],[20.616,62.438],[20.665,62.366],[20.692,62.297],[20.842,62.31],[21.114,62.332],[21.154,62.345],[21.204,62.36],[21.212,62.362],[21.215,62.378],[21.222,62.395],[21.227,62.397],[21.236,62.395],[21.254,62.383],[21.269,62.369],[21.272,62.358],[21.272,62.35],[21.259,62.335],[21.225,62.311],[21.132,62.283],[20.945,62.267],[20.711,62.248],[20.728,62.204],[20.959,62.223],[21.149,62.239],[21.27,62.276],[21.329,62.308],[21.33,62.312],[21.339,62.313],[21.341,62.317],[21.348,62.32],[21.396,62.337],[21.417,62.344],[21.488,62.378],[21.554,62.424],[21.546,62.444],[21.541,62.443],[21.527,62.446],[21.53,62.449],[21.512,62.453],[21.518,62.457],[21.525,62.452],[21.545,62.447],[21.593,62.517],[21.603,62.531],[21.615,62.554],[21.612,62.559],[21.596,62.558],[21.597,62.576],[21.598,62.581],[21.597,62.59],[21.595,62.59],[21.592,62.605],[21.625,62.611],[21.647,62.622],[21.654,62.637],[21.662,62.64],[21.68,62.646],[21.693,62.651],[21.694,62.657],[21.709,62.658],[21.727,62.666],[21.722,62.668],[21.737,62.674],[21.74,62.68],[21.741,62.69],[21.743,62.694],[21.748,62.693],[21.748,62.688],[21.741,62.678],[21.75,62.676],[21.791,62.694],[21.748,62.72],[21.729,62.758],[21.729,62.768],[21.715,62.767],[21.692,62.736],[21.692,62.738],[21.673,62.74],[21.676,62.744],[21.673,62.747],[21.663,62.746],[21.663,62.742],[21.65,62.742],[21.635,62.746],[21.63,62.743],[21.62,62.742],[21.619,62.756],[21.556,62.754],[21.548,62.762],[21.526,62.755],[21.52,62.759],[21.526,62.762],[21.524,62.764],[21.391,62.758],[21.374,62.758]],[[21.19,62.372],[21.199,62.363],[21.193,62.362],[21.189,62.359],[21.184,62.361],[21.188,62.371],[21.19,62.372]],[[21.413,62.702],[21.405,62.696],[21.39,62.702],[21.394,62.707],[21.412,62.705],[21.413,62.702]]]}},{"type":"Feature","properties":{"id":2354312,"maakond_id":316,"name":"Karvia","bbox":[22.374,61.998,22.862,62.311]},"geometry":{"type":"Polygon","coordinates":[[[22.374,62.142],[22.381,62.138],[22.387,62.139],[22.398,62.116],[22.41,62.097],[22.414,62.1],[22.409,62.104],[22.406,62.112],[22.401,62.115],[22.403,62.123],[22.402,62.125],[22.404,62.134],[22.409,62.133],[22.407,62.13],[22.416,62.127],[22.417,62.118],[22.419,62.115],[22.415,62.113],[22.422,62.108],[22.441,62.112],[22.445,62.11],[22.427,62.093],[22.414,62.093],[22.411,62.086],[22.42,62.051],[22.435,62.041],[22.393,62.045],[22.391,62.041],[22.444,62.036],[22.45,62.032],[22.423,62.03],[22.424,62.032],[22.378,62.028],[22.385,62.018],[22.428,62.023],[22.436,62.007],[22.511,62.012],[22.506,62.005],[22.507,62],[22.523,61.998],[22.521,62.001],[22.531,62.001],[22.537,62.002],[22.539,61.999],[22.564,62.011],[22.572,62.018],[22.602,62.037],[22.67,62.051],[22.662,62.043],[22.671,62.041],[22.684,62.054],[22.696,62.051],[22.721,62.054],[22.78,62.061],[22.765,62.138],[22.764,62.142],[22.771,62.154],[22.778,62.155],[22.819,62.166],[22.823,62.161],[22.834,62.163],[22.862,62.173],[22.853,62.181],[22.842,62.187],[22.848,62.197],[22.855,62.198],[22.844,62.209],[22.849,62.21],[22.844,62.214],[22.841,62.225],[22.842,62.237],[22.84,62.239],[22.826,62.237],[22.824,62.238],[22.831,62.253],[22.834,62.256],[22.827,62.263],[22.831,62.271],[22.746,62.273],[22.679,62.29],[22.634,62.301],[22.592,62.311],[22.563,62.265],[22.535,62.222],[22.524,62.219],[22.53,62.216],[22.525,62.21],[22.505,62.213],[22.45,62.198],[22.374,62.142]]]}},{"type":"Feature","properties":{"id":2361474,"maakond_id":302,"name":"Lapua","bbox":[22.784,62.775,23.533,63.078]},"geometry":{"type":"Polygon","coordinates":[[[22.784,63.038],[22.802,63.002],[22.799,62.989],[22.832,62.94],[22.832,62.925],[22.84,62.918],[22.832,62.915],[22.833,62.886],[22.818,62.871],[22.944,62.874],[22.95,62.874],[22.96,62.877],[22.966,62.876],[23.114,62.86],[23.028,62.811],[23.1,62.813],[23.19,62.816],[23.198,62.812],[23.207,62.797],[23.231,62.783],[23.279,62.775],[23.284,62.779],[23.296,62.811],[23.338,62.828],[23.339,62.837],[23.377,62.877],[23.379,62.881],[23.388,62.888],[23.38,62.894],[23.388,62.896],[23.391,62.894],[23.404,62.9],[23.449,62.91],[23.463,62.908],[23.47,62.909],[23.488,62.91],[23.491,62.912],[23.499,62.914],[23.509,62.919],[23.519,62.92],[23.458,62.96],[23.493,62.968],[23.5,62.971],[23.501,62.979],[23.513,63.025],[23.533,63.027],[23.53,63.033],[23.515,63.033],[23.514,63.029],[23.455,63.063],[23.364,63.031],[23.354,63.027],[23.311,63.034],[23.27,63.031],[23.266,63.031],[23.257,63.022],[23.251,63.025],[23.242,63.028],[23.241,63.031],[23.242,63.036],[23.204,63.042],[23.069,63.031],[23.052,63.03],[22.915,63.063],[22.916,63.068],[22.907,63.07],[22.906,63.076],[22.897,63.078],[22.897,63.074],[22.808,63.062],[22.795,63.047],[22.784,63.038]]]}},{"type":"Feature","properties":{"id":2362421,"maakond_id":319,"name":"Korsnäs","bbox":[20.3,62.656,21.413,62.94]},"geometry":{"type":"MultiPolygon","coordinates":[[[[20.3,62.93],[20.311,62.911],[20.351,62.842],[20.408,62.742],[20.419,62.725],[20.466,62.656],[20.628,62.664],[20.902,62.676],[21.051,62.683],[21.071,62.683],[21.076,62.68],[21.118,62.684],[21.164,62.691],[21.17,62.689],[21.182,62.69],[21.213,62.685],[21.211,62.683],[21.214,62.672],[21.224,62.672],[21.23,62.677],[21.241,62.682],[21.255,62.683],[21.267,62.682],[21.274,62.677],[21.287,62.672],[21.296,62.671],[21.301,62.683],[21.311,62.68],[21.318,62.683],[21.315,62.688],[21.329,62.687],[21.328,62.711],[21.329,62.714],[21.339,62.721],[21.351,62.717],[21.348,62.709],[21.36,62.72],[21.379,62.729],[21.361,62.736],[21.355,62.733],[21.346,62.739],[21.376,62.749],[21.374,62.758],[21.372,62.767],[21.345,62.78],[21.327,62.796],[21.303,62.81],[21.323,62.815],[21.316,62.819],[21.327,62.826],[21.332,62.832],[21.335,62.842],[21.324,62.858],[21.338,62.861],[21.359,62.821],[21.372,62.836],[21.327,62.877],[21.328,62.879],[21.319,62.883],[21.24,62.94],[20.96,62.937],[20.867,62.937],[20.629,62.934],[20.463,62.932],[20.3,62.93]]],[[[21.413,62.702],[21.412,62.705],[21.394,62.707],[21.39,62.702],[21.405,62.696],[21.413,62.702]]]]}},{"type":"Feature","properties":{"id":2364122,"maakond_id":302,"name":"Teuva","bbox":[21.512,62.362,22.111,62.643]},"geometry":{"type":"Polygon","coordinates":[[[21.555,62.422],[21.567,62.42],[21.565,62.415],[21.579,62.413],[21.637,62.403],[21.647,62.408],[21.648,62.403],[21.642,62.403],[21.789,62.377],[21.876,62.362],[21.92,62.402],[21.983,62.462],[21.986,62.466],[21.999,62.493],[22.005,62.512],[21.998,62.519],[22.01,62.524],[22.013,62.537],[22.042,62.541],[22.063,62.545],[22.111,62.564],[22.111,62.598],[22.1,62.605],[22.038,62.607],[22.039,62.601],[22.034,62.601],[22.03,62.605],[22.034,62.607],[22.018,62.608],[21.993,62.617],[21.991,62.616],[21.996,62.606],[21.993,62.604],[21.987,62.604],[21.98,62.613],[21.974,62.616],[21.97,62.623],[21.96,62.617],[21.942,62.615],[21.947,62.61],[21.953,62.606],[21.942,62.602],[21.937,62.602],[21.936,62.587],[21.904,62.589],[21.904,62.592],[21.899,62.593],[21.896,62.597],[21.904,62.598],[21.903,62.604],[21.89,62.606],[21.886,62.609],[21.878,62.607],[21.868,62.599],[21.858,62.6],[21.85,62.605],[21.83,62.606],[21.823,62.6],[21.806,62.602],[21.799,62.594],[21.782,62.597],[21.789,62.6],[21.795,62.605],[21.813,62.615],[21.816,62.623],[21.818,62.625],[21.814,62.629],[21.809,62.63],[21.808,62.623],[21.79,62.623],[21.796,62.621],[21.809,62.62],[21.806,62.618],[21.791,62.619],[21.787,62.615],[21.781,62.616],[21.77,62.612],[21.758,62.615],[21.761,62.62],[21.754,62.621],[21.756,62.624],[21.724,62.63],[21.72,62.625],[21.722,62.618],[21.706,62.611],[21.696,62.612],[21.675,62.615],[21.672,62.609],[21.66,62.611],[21.657,62.613],[21.667,62.621],[21.693,62.615],[21.7,62.62],[21.699,62.626],[21.705,62.625],[21.704,62.632],[21.699,62.635],[21.709,62.643],[21.702,62.643],[21.695,62.635],[21.662,62.64],[21.654,62.637],[21.647,62.622],[21.625,62.611],[21.592,62.605],[21.595,62.59],[21.597,62.59],[21.598,62.581],[21.597,62.576],[21.596,62.558],[21.612,62.559],[21.615,62.554],[21.603,62.531],[21.593,62.517],[21.545,62.447],[21.525,62.452],[21.518,62.457],[21.512,62.453],[21.53,62.449],[21.527,62.446],[21.541,62.443],[21.546,62.444],[21.554,62.424],[21.555,62.422]],[[21.886,62.599],[21.892,62.598],[21.897,62.591],[21.887,62.586],[21.879,62.588],[21.886,62.599]],[[21.902,62.579],[21.909,62.578],[21.907,62.574],[21.925,62.574],[21.921,62.566],[21.901,62.572],[21.902,62.579]]]}},{"type":"Feature","properties":{"id":2365310,"maakond_id":302,"name":"Karijoki","bbox":[21.523,62.213,21.939,62.422]},"geometry":{"type":"MultiPolygon","coordinates":[[[[21.759,62.224],[21.773,62.222],[21.826,62.232],[21.832,62.284],[21.878,62.298],[21.921,62.258],[21.928,62.255],[21.931,62.26],[21.939,62.26],[21.869,62.325],[21.876,62.362],[21.789,62.377],[21.642,62.403],[21.648,62.403],[21.647,62.408],[21.637,62.403],[21.579,62.413],[21.565,62.415],[21.567,62.42],[21.555,62.422],[21.552,62.42],[21.553,62.409],[21.557,62.408],[21.554,62.404],[21.549,62.403],[21.551,62.396],[21.523,62.38],[21.546,62.373],[21.546,62.369],[21.554,62.367],[21.559,62.358],[21.566,62.357],[21.586,62.359],[21.59,62.356],[21.597,62.357],[21.595,62.36],[21.622,62.364],[21.622,62.36],[21.63,62.359],[21.627,62.364],[21.65,62.367],[21.655,62.365],[21.66,62.361],[21.671,62.36],[21.687,62.355],[21.689,62.352],[21.688,62.345],[21.685,62.342],[21.686,62.34],[21.67,62.335],[21.663,62.329],[21.673,62.329],[21.678,62.327],[21.674,62.324],[21.678,62.32],[21.683,62.319],[21.677,62.296],[21.674,62.278],[21.668,62.276],[21.674,62.272],[21.673,62.26],[21.68,62.259],[21.686,62.261],[21.696,62.267],[21.705,62.265],[21.7,62.261],[21.724,62.258],[21.736,62.258],[21.745,62.253],[21.741,62.247],[21.746,62.244],[21.741,62.242],[21.745,62.239],[21.745,62.237],[21.756,62.232],[21.756,62.228],[21.759,62.224]]],[[[21.711,62.213],[21.77,62.217],[21.766,62.221],[21.763,62.218],[21.75,62.219],[21.711,62.218],[21.711,62.213]]]]}},{"type":"Feature","properties":{"id":2365311,"maakond_id":319,"name":"Kristinestad","bbox":[20.728,61.922,21.766,62.424]},"geometry":{"type":"Polygon","coordinates":[[[21.766,62.221],[21.759,62.224],[21.756,62.228],[21.756,62.232],[21.745,62.237],[21.745,62.239],[21.741,62.242],[21.746,62.244],[21.741,62.247],[21.745,62.253],[21.736,62.258],[21.724,62.258],[21.7,62.261],[21.705,62.265],[21.696,62.267],[21.686,62.261],[21.68,62.259],[21.673,62.26],[21.674,62.272],[21.668,62.276],[21.674,62.278],[21.677,62.296],[21.683,62.319],[21.678,62.32],[21.674,62.324],[21.678,62.327],[21.673,62.329],[21.663,62.329],[21.67,62.335],[21.686,62.34],[21.685,62.342],[21.688,62.345],[21.689,62.352],[21.687,62.355],[21.671,62.36],[21.66,62.361],[21.655,62.365],[21.65,62.367],[21.627,62.364],[21.63,62.359],[21.622,62.36],[21.622,62.364],[21.595,62.36],[21.597,62.357],[21.59,62.356],[21.586,62.359],[21.566,62.357],[21.559,62.358],[21.554,62.367],[21.546,62.369],[21.546,62.373],[21.523,62.38],[21.551,62.396],[21.549,62.403],[21.554,62.404],[21.557,62.408],[21.553,62.409],[21.552,62.42],[21.555,62.422],[21.554,62.424],[21.488,62.378],[21.417,62.344],[21.396,62.337],[21.348,62.32],[21.341,62.317],[21.339,62.313],[21.33,62.312],[21.329,62.308],[21.27,62.276],[21.149,62.239],[20.959,62.223],[20.728,62.204],[20.768,62.101],[20.811,61.987],[20.829,61.922],[21.283,61.945],[21.339,61.956],[21.36,61.96],[21.371,61.969],[21.427,62.01],[21.524,62.025],[21.55,62.023],[21.639,62.019],[21.648,62.02],[21.628,62.04],[21.639,62.053],[21.651,62.06],[21.626,62.099],[21.643,62.112],[21.642,62.149],[21.669,62.141],[21.67,62.144],[21.675,62.147],[21.684,62.148],[21.688,62.144],[21.696,62.144],[21.705,62.166],[21.667,62.187],[21.711,62.213],[21.711,62.218],[21.75,62.219],[21.763,62.218],[21.766,62.221]]]}},{"type":"Feature","properties":{"id":2366153,"maakond_id":319,"name":"Kaskinen","bbox":[20.692,62.248,21.272,62.397]},"geometry":{"type":"MultiPolygon","coordinates":[[[[20.711,62.248],[20.945,62.267],[21.132,62.283],[21.225,62.311],[21.259,62.335],[21.272,62.35],[21.272,62.358],[21.269,62.369],[21.254,62.383],[21.236,62.395],[21.227,62.397],[21.222,62.395],[21.215,62.378],[21.212,62.362],[21.204,62.36],[21.154,62.345],[21.114,62.332],[20.842,62.31],[20.692,62.297],[20.711,62.248]]],[[[21.19,62.372],[21.188,62.371],[21.184,62.361],[21.189,62.359],[21.193,62.362],[21.199,62.363],[21.19,62.372]]]]}},{"type":"Feature","properties":{"id":2366532,"maakond_id":302,"name":"Kuortane","bbox":[23.271,62.651,23.847,62.92]},"geometry":{"type":"MultiPolygon","coordinates":[[[[23.847,62.763],[23.842,62.763],[23.801,62.782],[23.784,62.773],[23.759,62.776],[23.758,62.779],[23.739,62.77],[23.734,62.765],[23.702,62.777],[23.693,62.795],[23.741,62.809],[23.7,62.827],[23.672,62.85],[23.638,62.877],[23.634,62.88],[23.571,62.907],[23.562,62.91],[23.555,62.915],[23.546,62.915],[23.537,62.918],[23.533,62.917],[23.519,62.92],[23.509,62.919],[23.499,62.914],[23.491,62.912],[23.488,62.91],[23.47,62.909],[23.463,62.908],[23.449,62.91],[23.404,62.9],[23.391,62.894],[23.388,62.896],[23.38,62.894],[23.388,62.888],[23.379,62.881],[23.377,62.877],[23.339,62.837],[23.338,62.828],[23.296,62.811],[23.284,62.779],[23.279,62.775],[23.271,62.736],[23.352,62.708],[23.356,62.699],[23.372,62.691],[23.379,62.694],[23.387,62.701],[23.394,62.699],[23.395,62.689],[23.39,62.685],[23.391,62.681],[23.437,62.657],[23.449,62.651],[23.458,62.654],[23.467,62.654],[23.464,62.658],[23.478,62.664],[23.477,62.666],[23.509,62.664],[23.517,62.659],[23.518,62.656],[23.536,62.656],[23.548,62.651],[23.568,62.653],[23.572,62.657],[23.568,62.658],[23.567,62.664],[23.583,62.668],[23.632,62.706],[23.65,62.711],[23.656,62.717],[23.666,62.716],[23.672,62.72],[23.675,62.727],[23.688,62.736],[23.659,62.743],[23.667,62.752],[23.695,62.738],[23.702,62.733],[23.75,62.746],[23.76,62.739],[23.766,62.746],[23.769,62.742],[23.847,62.763]]],[[[23.654,62.884],[23.647,62.883],[23.652,62.879],[23.665,62.882],[23.658,62.885],[23.655,62.889],[23.65,62.887],[23.654,62.884]]]]}},{"type":"Feature","properties":{"id":2367272,"maakond_id":302,"name":"Alajärvi","bbox":[23.458,62.73,24.357,63.156]},"geometry":{"type":"Polygon","coordinates":[[[24.031,62.741],[24.039,62.762],[24.042,62.763],[24.056,62.762],[24.054,62.756],[24.045,62.757],[24.048,62.745],[24.055,62.743],[24.064,62.745],[24.067,62.755],[24.073,62.754],[24.076,62.763],[24.04,62.765],[24.044,62.773],[24.043,62.776],[24.049,62.778],[24.059,62.78],[24.056,62.785],[24.059,62.786],[24.067,62.784],[24.073,62.785],[24.07,62.789],[24.071,62.793],[24.077,62.795],[24.077,62.803],[24.079,62.806],[24.08,62.811],[24.089,62.812],[24.086,62.819],[24.088,62.823],[24.094,62.823],[24.097,62.818],[24.104,62.822],[24.098,62.829],[24.115,62.828],[24.143,62.831],[24.135,62.846],[24.094,62.843],[24.097,62.846],[23.992,62.861],[24.001,62.894],[24.007,62.892],[24.032,62.971],[24.044,62.974],[24.046,62.97],[24.056,62.968],[24.055,62.972],[24.058,62.974],[24.077,62.97],[24.079,62.967],[24.087,62.966],[24.093,62.964],[24.092,62.972],[24.094,62.979],[24.102,62.979],[24.103,62.983],[24.128,62.983],[24.128,62.979],[24.149,62.986],[24.167,62.987],[24.178,62.988],[24.174,62.991],[24.166,63.01],[24.18,63.011],[24.18,63.008],[24.177,63.002],[24.226,63.005],[24.227,62.999],[24.232,62.998],[24.232,62.99],[24.226,62.988],[24.259,62.986],[24.301,62.988],[24.303,62.992],[24.29,62.999],[24.305,63.002],[24.298,63.008],[24.296,63.017],[24.309,63.018],[24.297,63.035],[24.294,63.036],[24.249,63.02],[24.247,63.025],[24.236,63.024],[24.236,63.02],[24.219,63.022],[24.216,63.03],[24.247,63.033],[24.249,63.027],[24.263,63.028],[24.262,63.032],[24.278,63.033],[24.272,63.048],[24.283,63.049],[24.278,63.064],[24.318,63.067],[24.357,63.114],[24.355,63.118],[24.313,63.138],[24.304,63.141],[24.257,63.133],[24.264,63.122],[24.203,63.155],[24.171,63.148],[24.164,63.147],[24.147,63.153],[24.145,63.155],[24.124,63.156],[24.126,63.152],[24.125,63.142],[24.132,63.137],[24.125,63.136],[24.115,63.143],[24.087,63.136],[24.071,63.147],[23.937,63.111],[23.898,63.105],[23.9,63.102],[23.891,63.1],[23.885,63.103],[23.886,63.112],[23.866,63.113],[23.761,63.079],[23.751,63.076],[23.727,63.091],[23.724,63.096],[23.735,63.104],[23.737,63.111],[23.716,63.112],[23.703,63.097],[23.684,63.098],[23.68,63.087],[23.646,63.088],[23.638,63.067],[23.651,63.051],[23.653,63.045],[23.643,63.044],[23.642,63.038],[23.636,63.04],[23.578,63.016],[23.577,63],[23.501,62.979],[23.5,62.971],[23.493,62.968],[23.458,62.96],[23.519,62.92],[23.533,62.917],[23.537,62.918],[23.546,62.915],[23.555,62.915],[23.562,62.91],[23.571,62.907],[23.634,62.88],[23.638,62.877],[23.672,62.85],[23.7,62.827],[23.741,62.809],[23.801,62.782],[23.842,62.763],[23.847,62.763],[23.863,62.76],[23.861,62.758],[23.869,62.756],[23.877,62.758],[23.885,62.756],[23.889,62.757],[23.932,62.751],[23.97,62.753],[23.973,62.76],[23.977,62.763],[23.99,62.762],[23.999,62.755],[23.998,62.749],[24.012,62.745],[24,62.742],[24.012,62.73],[24.037,62.735],[24.031,62.741]],[[23.654,62.884],[23.65,62.887],[23.655,62.889],[23.658,62.885],[23.665,62.882],[23.652,62.879],[23.647,62.883],[23.654,62.884]]]}},{"type":"Feature","properties":{"id":2371980,"maakond_id":311,"name":"Juupajoki","bbox":[24.227,61.716,24.667,61.928]},"geometry":{"type":"Polygon","coordinates":[[[24.439,61.911],[24.453,61.891],[24.444,61.89],[24.426,61.894],[24.422,61.894],[24.398,61.87],[24.416,61.864],[24.411,61.859],[24.363,61.869],[24.312,61.854],[24.281,61.849],[24.227,61.825],[24.279,61.802],[24.311,61.81],[24.348,61.774],[24.357,61.776],[24.396,61.745],[24.406,61.742],[24.416,61.738],[24.436,61.736],[24.451,61.737],[24.457,61.738],[24.466,61.736],[24.483,61.735],[24.491,61.738],[24.519,61.735],[24.526,61.733],[24.546,61.717],[24.555,61.716],[24.556,61.719],[24.564,61.733],[24.572,61.752],[24.59,61.779],[24.593,61.782],[24.612,61.802],[24.626,61.817],[24.62,61.833],[24.633,61.847],[24.667,61.863],[24.637,61.876],[24.613,61.887],[24.58,61.896],[24.552,61.912],[24.525,61.909],[24.505,61.923],[24.501,61.928],[24.436,61.915],[24.439,61.911]]]}},{"type":"Feature","properties":{"id":2372651,"maakond_id":315,"name":"Padasjoki","bbox":[24.855,61.24,25.545,61.487]},"geometry":{"type":"MultiPolygon","coordinates":[[[[24.914,61.325],[24.918,61.319],[24.915,61.314],[24.921,61.314],[24.922,61.289],[24.936,61.295],[24.949,61.292],[24.954,61.287],[24.97,61.278],[24.977,61.28],[24.983,61.278],[24.996,61.281],[25.013,61.291],[25.015,61.29],[25.012,61.283],[25.023,61.258],[25.029,61.246],[25.097,61.256],[25.131,61.251],[25.187,61.24],[25.203,61.241],[25.227,61.248],[25.256,61.252],[25.27,61.246],[25.341,61.249],[25.346,61.252],[25.347,61.255],[25.358,61.257],[25.36,61.263],[25.374,61.268],[25.395,61.276],[25.416,61.312],[25.457,61.319],[25.517,61.304],[25.545,61.329],[25.471,61.405],[25.491,61.438],[25.437,61.487],[25.358,61.483],[25.276,61.48],[25.256,61.473],[25.183,61.478],[25.148,61.459],[25.136,61.467],[25.131,61.469],[25.121,61.47],[25.118,61.473],[25.108,61.471],[25.094,61.472],[25.078,61.477],[25.075,61.476],[25.08,61.467],[24.989,61.452],[24.971,61.451],[24.86,61.476],[24.855,61.469],[24.862,61.458],[24.859,61.451],[24.867,61.449],[24.876,61.443],[24.873,61.437],[24.877,61.437],[24.887,61.432],[24.89,61.426],[24.898,61.425],[24.912,61.416],[24.894,61.391],[24.905,61.389],[24.9,61.375],[24.889,61.356],[24.908,61.329],[24.914,61.325]]],[[[24.943,61.288],[24.937,61.292],[24.931,61.289],[24.925,61.283],[24.935,61.282],[24.943,61.288]]]]}},{"type":"Feature","properties":{"id":2373140,"maakond_id":311,"name":"Pälkäne","bbox":[24.079,61.233,24.914,61.491]},"geometry":{"type":"Polygon","coordinates":[[[24.079,61.33],[24.085,61.328],[24.102,61.318],[24.088,61.306],[24.084,61.299],[24.085,61.295],[24.088,61.291],[24.103,61.29],[24.167,61.265],[24.202,61.262],[24.217,61.262],[24.283,61.24],[24.303,61.233],[24.361,61.243],[24.386,61.25],[24.399,61.247],[24.403,61.253],[24.413,61.257],[24.426,61.257],[24.43,61.263],[24.448,61.27],[24.457,61.268],[24.466,61.27],[24.475,61.275],[24.493,61.282],[24.52,61.291],[24.574,61.304],[24.584,61.297],[24.59,61.288],[24.595,61.291],[24.666,61.277],[24.671,61.279],[24.688,61.28],[24.703,61.272],[24.708,61.272],[24.717,61.279],[24.718,61.284],[24.72,61.299],[24.732,61.317],[24.771,61.268],[24.808,61.273],[24.811,61.272],[24.826,61.276],[24.841,61.274],[24.845,61.278],[24.891,61.287],[24.879,61.298],[24.914,61.325],[24.908,61.329],[24.889,61.356],[24.9,61.375],[24.905,61.389],[24.894,61.391],[24.912,61.416],[24.898,61.425],[24.89,61.426],[24.887,61.432],[24.877,61.437],[24.873,61.437],[24.876,61.443],[24.867,61.449],[24.859,61.451],[24.862,61.458],[24.855,61.469],[24.86,61.476],[24.848,61.479],[24.825,61.481],[24.782,61.491],[24.789,61.462],[24.75,61.464],[24.75,61.471],[24.735,61.472],[24.729,61.474],[24.72,61.475],[24.724,61.467],[24.72,61.464],[24.722,61.459],[24.726,61.458],[24.729,61.446],[24.69,61.448],[24.691,61.447],[24.632,61.442],[24.622,61.429],[24.618,61.431],[24.449,61.415],[24.429,61.419],[24.419,61.422],[24.415,61.421],[24.388,61.424],[24.356,61.427],[24.334,61.427],[24.325,61.434],[24.299,61.44],[24.282,61.438],[24.287,61.415],[24.285,61.398],[24.295,61.4],[24.294,61.396],[24.287,61.397],[24.285,61.396],[24.277,61.401],[24.272,61.402],[24.268,61.4],[24.262,61.393],[24.259,61.392],[24.248,61.393],[24.238,61.391],[24.236,61.387],[24.227,61.386],[24.226,61.382],[24.198,61.374],[24.156,61.371],[24.146,61.369],[24.124,61.363],[24.095,61.357],[24.104,61.348],[24.081,61.337],[24.079,61.33]]]}},{"type":"Feature","properties":{"id":2373192,"maakond_id":318,"name":"Kimitoön","bbox":[21.989,59.501,22.92,60.265]},"geometry":{"type":"Polygon","coordinates":[[[22.446,60.247],[22.421,60.213],[22.418,60.199],[22.399,60.185],[22.392,60.171],[22.369,60.166],[22.371,60.159],[22.365,60.144],[22.347,60.135],[22.348,60.129],[22.337,60.116],[22.283,60.118],[22.264,60.111],[22.223,60.072],[22.171,60.036],[22.182,60.006],[22.179,59.996],[22.171,59.989],[22.171,59.968],[22.098,59.943],[21.991,59.895],[21.989,59.887],[21.999,59.871],[22.012,59.867],[22.017,59.861],[22.024,59.822],[22.039,59.778],[22.066,59.7],[22.081,59.602],[22.098,59.501],[22.289,59.509],[22.397,59.513],[22.56,59.578],[22.635,59.608],[22.659,59.611],[22.742,59.743],[22.766,59.777],[22.808,59.847],[22.811,59.851],[22.814,59.878],[22.821,59.923],[22.823,59.933],[22.792,59.96],[22.788,60.002],[22.801,60.025],[22.796,60.038],[22.791,60.059],[22.812,60.055],[22.833,60.054],[22.85,60.068],[22.829,60.075],[22.827,60.079],[22.828,60.086],[22.848,60.092],[22.85,60.1],[22.863,60.107],[22.869,60.115],[22.881,60.122],[22.901,60.133],[22.89,60.142],[22.879,60.151],[22.868,60.159],[22.859,60.175],[22.876,60.181],[22.873,60.186],[22.876,60.19],[22.869,60.194],[22.862,60.196],[22.864,60.2],[22.876,60.21],[22.899,60.222],[22.903,60.232],[22.906,60.234],[22.904,60.242],[22.914,60.247],[22.917,60.25],[22.92,60.251],[22.916,60.258],[22.909,60.264],[22.901,60.26],[22.886,60.25],[22.869,60.248],[22.861,60.248],[22.857,60.251],[22.859,60.258],[22.855,60.261],[22.847,60.258],[22.82,60.265],[22.808,60.261],[22.795,60.252],[22.784,60.251],[22.785,60.245],[22.758,60.25],[22.747,60.249],[22.737,60.242],[22.726,60.241],[22.722,60.242],[22.689,60.244],[22.683,60.243],[22.676,60.238],[22.628,60.233],[22.602,60.228],[22.588,60.223],[22.588,60.22],[22.569,60.214],[22.545,60.21],[22.51,60.213],[22.517,60.231],[22.506,60.236],[22.497,60.236],[22.486,60.242],[22.446,60.247]]]}},{"type":"Feature","properties":{"id":2373964,"maakond_id":318,"name":"Salo","bbox":[22.791,59.995,23.792,60.596]},"geometry":{"type":"Polygon","coordinates":[[[23.737,60.49],[23.713,60.498],[23.643,60.467],[23.619,60.485],[23.617,60.488],[23.586,60.484],[23.575,60.503],[23.582,60.503],[23.599,60.499],[23.607,60.5],[23.539,60.509],[23.519,60.517],[23.522,60.519],[23.513,60.521],[23.498,60.535],[23.496,60.537],[23.5,60.548],[23.498,60.551],[23.502,60.553],[23.516,60.596],[23.492,60.595],[23.487,60.59],[23.462,60.579],[23.455,60.578],[23.453,60.574],[23.396,60.546],[23.386,60.549],[23.363,60.555],[23.337,60.567],[23.335,60.569],[23.326,60.571],[23.3,60.582],[23.243,60.587],[23.208,60.586],[23.191,60.571],[23.161,60.581],[23.141,60.578],[23.112,60.577],[23.101,60.574],[23.062,60.559],[23.058,60.555],[23.051,60.557],[23.002,60.549],[22.974,60.543],[22.933,60.537],[22.901,60.525],[22.873,60.518],[22.846,60.511],[22.856,60.494],[22.853,60.492],[22.857,60.489],[22.848,60.471],[22.85,60.466],[22.876,60.445],[22.856,60.428],[22.871,60.427],[22.869,60.418],[22.859,60.417],[22.853,60.418],[22.842,60.409],[22.835,60.406],[22.832,60.387],[22.819,60.373],[22.841,60.359],[22.834,60.356],[22.837,60.352],[22.845,60.345],[22.842,60.337],[22.877,60.307],[22.88,60.305],[22.88,60.296],[22.869,60.286],[22.865,60.265],[22.855,60.261],[22.859,60.258],[22.857,60.251],[22.861,60.248],[22.869,60.248],[22.886,60.25],[22.901,60.26],[22.909,60.264],[22.916,60.258],[22.92,60.251],[22.917,60.25],[22.914,60.247],[22.904,60.242],[22.906,60.234],[22.903,60.232],[22.899,60.222],[22.876,60.21],[22.864,60.2],[22.862,60.196],[22.869,60.194],[22.876,60.19],[22.873,60.186],[22.876,60.181],[22.859,60.175],[22.868,60.159],[22.879,60.151],[22.89,60.142],[22.901,60.133],[22.881,60.122],[22.869,60.115],[22.863,60.107],[22.85,60.1],[22.848,60.092],[22.828,60.086],[22.827,60.079],[22.829,60.075],[22.85,60.068],[22.833,60.054],[22.812,60.055],[22.791,60.059],[22.796,60.038],[22.801,60.025],[22.848,60.03],[22.851,59.995],[22.917,59.998],[22.954,59.999],[22.98,60.034],[22.984,60.043],[22.973,60.064],[22.96,60.071],[22.987,60.096],[23.02,60.105],[23.029,60.101],[23.056,60.089],[23.07,60.097],[23.073,60.091],[23.149,60.1],[23.197,60.123],[23.196,60.134],[23.2,60.134],[23.209,60.131],[23.216,60.133],[23.215,60.136],[23.233,60.14],[23.241,60.144],[23.272,60.154],[23.278,60.154],[23.278,60.16],[23.275,60.164],[23.278,60.166],[23.278,60.172],[23.282,60.177],[23.289,60.179],[23.296,60.186],[23.306,60.189],[23.318,60.187],[23.326,60.189],[23.327,60.186],[23.319,60.181],[23.316,60.172],[23.363,60.15],[23.379,60.167],[23.415,60.165],[23.425,60.168],[23.47,60.173],[23.539,60.198],[23.554,60.202],[23.587,60.2],[23.607,60.192],[23.62,60.194],[23.649,60.202],[23.643,60.209],[23.647,60.211],[23.637,60.219],[23.633,60.23],[23.633,60.235],[23.646,60.236],[23.633,60.243],[23.607,60.251],[23.601,60.251],[23.599,60.255],[23.586,60.259],[23.599,60.266],[23.602,60.264],[23.608,60.263],[23.613,60.261],[23.614,60.27],[23.62,60.271],[23.62,60.261],[23.627,60.261],[23.626,60.269],[23.629,60.283],[23.643,60.283],[23.655,60.291],[23.674,60.303],[23.686,60.294],[23.69,60.294],[23.695,60.297],[23.701,60.298],[23.717,60.303],[23.728,60.308],[23.731,60.313],[23.729,60.329],[23.735,60.338],[23.734,60.343],[23.734,60.356],[23.731,60.359],[23.723,60.36],[23.724,60.364],[23.723,60.369],[23.742,60.37],[23.752,60.374],[23.776,60.388],[23.781,60.386],[23.79,60.388],[23.784,60.405],[23.791,60.424],[23.792,60.431],[23.784,60.45],[23.692,60.45],[23.697,60.452],[23.715,60.465],[23.709,60.473],[23.737,60.49]]]}},{"type":"Feature","properties":{"id":2373966,"maakond_id":318,"name":"Sauvo","bbox":[22.44,60.21,22.88,60.393]},"geometry":{"type":"Polygon","coordinates":[[[22.819,60.373],[22.814,60.371],[22.786,60.369],[22.759,60.379],[22.751,60.385],[22.746,60.385],[22.755,60.392],[22.751,60.393],[22.744,60.39],[22.734,60.388],[22.725,60.383],[22.714,60.38],[22.701,60.374],[22.693,60.371],[22.687,60.373],[22.678,60.37],[22.671,60.372],[22.662,60.37],[22.651,60.37],[22.636,60.364],[22.619,60.374],[22.613,60.38],[22.607,60.382],[22.602,60.379],[22.597,60.373],[22.58,60.368],[22.577,60.361],[22.553,60.357],[22.543,60.347],[22.529,60.328],[22.514,60.324],[22.501,60.308],[22.5,60.306],[22.477,60.294],[22.454,60.274],[22.44,60.267],[22.442,60.257],[22.448,60.249],[22.446,60.247],[22.486,60.242],[22.497,60.236],[22.506,60.236],[22.517,60.231],[22.51,60.213],[22.545,60.21],[22.569,60.214],[22.588,60.22],[22.588,60.223],[22.602,60.228],[22.628,60.233],[22.676,60.238],[22.683,60.243],[22.689,60.244],[22.722,60.242],[22.726,60.241],[22.737,60.242],[22.747,60.249],[22.758,60.25],[22.785,60.245],[22.784,60.251],[22.795,60.252],[22.808,60.261],[22.82,60.265],[22.847,60.258],[22.855,60.261],[22.865,60.265],[22.869,60.286],[22.88,60.296],[22.88,60.305],[22.877,60.307],[22.842,60.337],[22.845,60.345],[22.837,60.352],[22.834,60.356],[22.841,60.359],[22.819,60.373]]]}},{"type":"Feature","properties":{"id":2374222,"maakond_id":318,"name":"Pargas","bbox":[20.813,59.473,22.543,60.499]},"geometry":{"type":"MultiPolygon","coordinates":[[[[21.063,60.104],[21.115,60.077],[21.13,60.053],[21.133,60.041],[21.144,59.987],[21.171,59.95],[21.231,59.938],[21.346,59.886],[21.307,59.83],[21.263,59.762],[21.223,59.637],[20.813,59.473],[21.21,59.497],[21.435,59.478],[21.459,59.477],[21.482,59.476],[21.509,59.476],[21.534,59.476],[21.749,59.486],[21.894,59.492],[22.098,59.501],[22.081,59.602],[22.066,59.7],[22.039,59.778],[22.024,59.822],[22.017,59.861],[22.012,59.867],[21.999,59.871],[21.989,59.887],[21.991,59.895],[22.098,59.943],[22.171,59.968],[22.171,59.989],[22.179,59.996],[22.182,60.006],[22.171,60.036],[22.223,60.072],[22.264,60.111],[22.283,60.118],[22.337,60.116],[22.348,60.129],[22.347,60.135],[22.365,60.144],[22.371,60.159],[22.369,60.166],[22.392,60.171],[22.399,60.185],[22.418,60.199],[22.421,60.213],[22.446,60.247],[22.448,60.249],[22.442,60.257],[22.44,60.267],[22.454,60.274],[22.477,60.294],[22.5,60.306],[22.501,60.308],[22.514,60.324],[22.529,60.328],[22.543,60.347],[22.526,60.356],[22.511,60.36],[22.497,60.351],[22.489,60.35],[22.481,60.351],[22.472,60.349],[22.463,60.345],[22.456,60.35],[22.437,60.353],[22.426,60.357],[22.428,60.359],[22.438,60.364],[22.439,60.375],[22.424,60.377],[22.409,60.376],[22.403,60.374],[22.388,60.373],[22.378,60.368],[22.368,60.368],[22.348,60.364],[22.336,60.365],[22.33,60.368],[22.323,60.367],[22.311,60.362],[22.316,60.356],[22.309,60.348],[22.304,60.346],[22.287,60.347],[22.273,60.343],[22.255,60.344],[22.243,60.339],[22.232,60.337],[22.221,60.34],[22.212,60.334],[22.201,60.334],[22.196,60.334],[22.183,60.336],[22.169,60.34],[22.159,60.339],[22.136,60.34],[22.127,60.342],[22.107,60.338],[22.08,60.343],[22.073,60.342],[22.055,60.313],[22.046,60.293],[22.016,60.28],[21.986,60.279],[21.954,60.265],[21.895,60.26],[21.853,60.28],[21.835,60.283],[21.835,60.287],[21.829,60.29],[21.838,60.294],[21.842,60.298],[21.827,60.303],[21.811,60.304],[21.795,60.3],[21.781,60.296],[21.776,60.288],[21.753,60.29],[21.732,60.276],[21.698,60.284],[21.685,60.307],[21.648,60.304],[21.634,60.331],[21.598,60.347],[21.584,60.363],[21.598,60.38],[21.561,60.389],[21.525,60.376],[21.514,60.384],[21.524,60.4],[21.531,60.404],[21.505,60.417],[21.517,60.431],[21.497,60.44],[21.465,60.454],[21.457,60.461],[21.446,60.47],[21.405,60.475],[21.375,60.475],[21.297,60.462],[21.151,60.499],[21.148,60.494],[21.129,60.459],[21.112,60.384],[21.118,60.368],[21.113,60.329],[21.091,60.265],[21.096,60.253],[21.085,60.202],[21.051,60.196],[21.024,60.124],[21.063,60.104]],[[21.567,60.347],[21.552,60.35],[21.555,60.356],[21.563,60.354],[21.567,60.347]]],[[[21.785,60.349],[21.776,60.348],[21.761,60.349],[21.755,60.334],[21.761,60.324],[21.776,60.33],[21.777,60.334],[21.774,60.336],[21.777,60.341],[21.781,60.34],[21.785,60.349]]]]}},{"type":"Feature","properties":{"id":2375169,"maakond_id":309,"name":"Kökar","bbox":[20.284,59.454,21.346,60.104]},"geometry":{"type":"Polygon","coordinates":[[[20.813,59.473],[21.223,59.637],[21.263,59.762],[21.307,59.83],[21.346,59.886],[21.231,59.938],[21.171,59.95],[21.144,59.987],[21.133,60.041],[21.13,60.053],[21.115,60.077],[21.063,60.104],[20.991,60.079],[20.943,60.062],[20.89,60.044],[20.837,60.047],[20.815,60.051],[20.798,60.044],[20.793,60.037],[20.762,59.99],[20.772,59.91],[20.742,59.854],[20.644,59.779],[20.602,59.746],[20.284,59.466],[20.295,59.462],[20.314,59.457],[20.326,59.455],[20.34,59.454],[20.353,59.454],[20.366,59.455],[20.384,59.458],[20.813,59.473]]]}},{"type":"Feature","properties":{"id":2375650,"maakond_id":309,"name":"Brändö","bbox":[20.202,60.124,21.151,60.877]},"geometry":{"type":"Polygon","coordinates":[[[20.902,60.165],[21.024,60.124],[21.051,60.196],[21.085,60.202],[21.096,60.253],[21.091,60.265],[21.113,60.329],[21.118,60.368],[21.112,60.384],[21.129,60.459],[21.148,60.494],[21.151,60.499],[21.15,60.514],[21.146,60.538],[21.144,60.547],[21.105,60.592],[21.062,60.639],[20.97,60.713],[20.73,60.723],[20.659,60.754],[20.487,60.829],[20.378,60.877],[20.202,60.803],[20.338,60.726],[20.469,60.652],[20.472,60.531],[20.473,60.5],[20.473,60.479],[20.51,60.458],[20.63,60.473],[20.744,60.457],[20.793,60.432],[20.813,60.395],[20.857,60.391],[20.88,60.393],[20.896,60.397],[20.918,60.398],[20.952,60.387],[20.962,60.374],[20.985,60.35],[20.986,60.35],[20.945,60.314],[20.948,60.302],[20.947,60.3],[20.915,60.298],[20.915,60.276],[20.898,60.269],[20.898,60.268],[20.9,60.202],[20.902,60.165]]]}},{"type":"Feature","properties":{"id":2375652,"maakond_id":309,"name":"Sottunga","bbox":[20.482,59.91,21.063,60.226]},"geometry":{"type":"Polygon","coordinates":[[[21.063,60.104],[21.024,60.124],[20.902,60.165],[20.902,60.164],[20.879,60.14],[20.852,60.128],[20.876,60.114],[20.812,60.108],[20.798,60.116],[20.767,60.127],[20.747,60.14],[20.708,60.141],[20.689,60.165],[20.638,60.181],[20.587,60.208],[20.541,60.226],[20.517,60.205],[20.482,60.189],[20.531,60.158],[20.523,60.153],[20.523,60.15],[20.521,60.147],[20.574,60.129],[20.591,60.127],[20.619,60.12],[20.643,60.065],[20.663,60.051],[20.655,59.99],[20.686,59.964],[20.772,59.91],[20.762,59.99],[20.793,60.037],[20.798,60.044],[20.815,60.051],[20.837,60.047],[20.89,60.044],[20.943,60.062],[20.991,60.079],[21.063,60.104]]]}},{"type":"Feature","properties":{"id":2375653,"maakond_id":309,"name":"Kumlinge","bbox":[20.106,60.108,20.986,60.803]},"geometry":{"type":"Polygon","coordinates":[[[20.902,60.165],[20.9,60.202],[20.898,60.268],[20.898,60.269],[20.915,60.276],[20.915,60.298],[20.947,60.3],[20.948,60.302],[20.945,60.314],[20.986,60.35],[20.985,60.35],[20.962,60.374],[20.952,60.387],[20.918,60.398],[20.896,60.397],[20.88,60.393],[20.857,60.391],[20.813,60.395],[20.793,60.432],[20.744,60.457],[20.63,60.473],[20.51,60.458],[20.473,60.479],[20.473,60.5],[20.472,60.531],[20.469,60.652],[20.338,60.726],[20.202,60.803],[20.106,60.762],[20.374,60.612],[20.378,60.499],[20.375,60.466],[20.455,60.466],[20.544,60.416],[20.543,60.395],[20.55,60.389],[20.564,60.368],[20.534,60.364],[20.538,60.356],[20.596,60.372],[20.637,60.308],[20.587,60.208],[20.638,60.181],[20.689,60.165],[20.708,60.141],[20.747,60.14],[20.767,60.127],[20.798,60.116],[20.812,60.108],[20.876,60.114],[20.852,60.128],[20.879,60.14],[20.902,60.164],[20.902,60.165]]]}},{"type":"Feature","properties":{"id":2375715,"maakond_id":318,"name":"Kustavi","bbox":[20.378,60.431,21.544,60.902]},"geometry":{"type":"Polygon","coordinates":[[[21.535,60.466],[21.522,60.492],[21.515,60.494],[21.507,60.506],[21.51,60.507],[21.512,60.518],[21.519,60.517],[21.518,60.522],[21.498,60.53],[21.487,60.532],[21.476,60.54],[21.485,60.555],[21.497,60.559],[21.463,60.577],[21.403,60.601],[21.385,60.603],[21.373,60.608],[21.366,60.624],[21.365,60.633],[21.363,60.64],[21.353,60.643],[21.336,60.658],[21.327,60.661],[21.323,60.668],[21.324,60.672],[21.302,60.68],[21.229,60.705],[21.18,60.717],[21.152,60.723],[21.052,60.746],[21.015,60.754],[20.913,60.781],[20.788,60.813],[20.661,60.845],[20.438,60.902],[20.378,60.877],[20.487,60.829],[20.659,60.754],[20.73,60.723],[20.97,60.713],[21.062,60.639],[21.105,60.592],[21.144,60.547],[21.146,60.538],[21.15,60.514],[21.151,60.499],[21.297,60.462],[21.375,60.475],[21.405,60.475],[21.446,60.47],[21.457,60.461],[21.465,60.454],[21.497,60.44],[21.517,60.431],[21.544,60.433],[21.541,60.442],[21.543,60.451],[21.535,60.466]],[[21.097,60.671],[21.098,60.673],[21.174,60.665],[21.167,60.639],[21.108,60.658],[21.088,60.663],[21.097,60.671]]]}},{"type":"Feature","properties":{"id":2376175,"maakond_id":318,"name":"Naantali","bbox":[21.505,60.26,22.108,60.564]},"geometry":{"type":"MultiPolygon","coordinates":[[[[22.108,60.448],[22.099,60.451],[22.081,60.459],[22.082,60.461],[22.076,60.464],[22.078,60.466],[22.073,60.47],[22.076,60.474],[22.07,60.475],[22.069,60.48],[22.072,60.486],[22.07,60.489],[22.079,60.492],[22.084,60.496],[22.083,60.5],[22.094,60.501],[22.092,60.508],[22.088,60.507],[22.085,60.515],[22.067,60.513],[22.068,60.511],[22.043,60.506],[22.032,60.505],[22.017,60.501],[22.011,60.499],[22.012,60.491],[22.019,60.487],[22.003,60.48],[21.993,60.482],[21.985,60.489],[21.974,60.493],[21.96,60.486],[21.949,60.491],[21.939,60.491],[21.933,60.493],[21.924,60.492],[21.917,60.494],[21.911,60.502],[21.911,60.508],[21.919,60.512],[21.911,60.52],[21.903,60.52],[21.894,60.515],[21.891,60.516],[21.884,60.513],[21.88,60.515],[21.853,60.514],[21.835,60.514],[21.814,60.513],[21.8,60.51],[21.79,60.51],[21.792,60.516],[21.8,60.527],[21.806,60.529],[21.807,60.544],[21.803,60.549],[21.805,60.553],[21.79,60.561],[21.779,60.555],[21.777,60.561],[21.777,60.564],[21.763,60.558],[21.756,60.559],[21.749,60.556],[21.743,60.55],[21.73,60.547],[21.72,60.551],[21.704,60.553],[21.702,60.551],[21.699,60.539],[21.688,60.523],[21.69,60.523],[21.697,60.512],[21.695,60.508],[21.688,60.506],[21.691,60.502],[21.681,60.503],[21.678,60.5],[21.681,60.492],[21.69,60.488],[21.677,60.488],[21.673,60.489],[21.661,60.489],[21.65,60.49],[21.629,60.473],[21.607,60.467],[21.535,60.466],[21.543,60.451],[21.541,60.442],[21.544,60.433],[21.517,60.431],[21.505,60.417],[21.531,60.404],[21.524,60.4],[21.514,60.384],[21.525,60.376],[21.561,60.389],[21.598,60.38],[21.584,60.363],[21.598,60.347],[21.634,60.331],[21.648,60.304],[21.685,60.307],[21.698,60.284],[21.732,60.276],[21.753,60.29],[21.776,60.288],[21.781,60.296],[21.795,60.3],[21.811,60.304],[21.827,60.303],[21.842,60.298],[21.838,60.294],[21.829,60.29],[21.835,60.287],[21.835,60.283],[21.853,60.28],[21.895,60.26],[21.954,60.265],[21.986,60.279],[22.016,60.28],[22.046,60.293],[22.055,60.313],[22.073,60.342],[22.073,60.347],[22.089,60.358],[22.079,60.36],[22.073,60.36],[22.066,60.365],[22.073,60.377],[22.079,60.38],[22.09,60.395],[22.088,60.407],[22.085,60.413],[22.085,60.419],[22.08,60.421],[22.076,60.429],[22.079,60.434],[22.087,60.439],[22.104,60.441],[22.108,60.448]],[[21.785,60.349],[21.781,60.34],[21.777,60.341],[21.774,60.336],[21.777,60.334],[21.776,60.33],[21.761,60.324],[21.755,60.334],[21.761,60.349],[21.776,60.348],[21.785,60.349]]],[[[21.567,60.347],[21.563,60.354],[21.555,60.356],[21.552,60.35],[21.567,60.347]]]]}},{"type":"Feature","properties":{"id":2376176,"maakond_id":318,"name":"Taivassalo","bbox":[21.366,60.466,21.783,60.641]},"geometry":{"type":"Polygon","coordinates":[[[21.783,60.571],[21.761,60.581],[21.754,60.582],[21.745,60.586],[21.74,60.582],[21.735,60.582],[21.728,60.589],[21.714,60.6],[21.708,60.607],[21.685,60.621],[21.674,60.627],[21.667,60.626],[21.661,60.623],[21.65,60.614],[21.632,60.609],[21.614,60.608],[21.597,60.616],[21.589,60.621],[21.578,60.62],[21.567,60.625],[21.56,60.622],[21.549,60.622],[21.545,60.623],[21.529,60.621],[21.516,60.621],[21.501,60.617],[21.499,60.618],[21.503,60.627],[21.478,60.63],[21.471,60.629],[21.463,60.625],[21.458,60.627],[21.452,60.624],[21.436,60.627],[21.439,60.631],[21.446,60.63],[21.451,60.635],[21.432,60.641],[21.423,60.633],[21.421,60.627],[21.423,60.622],[21.417,60.617],[21.408,60.621],[21.394,60.629],[21.391,60.621],[21.385,60.619],[21.378,60.624],[21.366,60.624],[21.373,60.608],[21.385,60.603],[21.403,60.601],[21.463,60.577],[21.497,60.559],[21.485,60.555],[21.476,60.54],[21.487,60.532],[21.498,60.53],[21.518,60.522],[21.519,60.517],[21.512,60.518],[21.51,60.507],[21.507,60.506],[21.515,60.494],[21.522,60.492],[21.535,60.466],[21.607,60.467],[21.629,60.473],[21.65,60.49],[21.661,60.489],[21.673,60.489],[21.677,60.488],[21.69,60.488],[21.681,60.492],[21.678,60.5],[21.681,60.503],[21.691,60.502],[21.688,60.506],[21.695,60.508],[21.697,60.512],[21.69,60.523],[21.688,60.523],[21.699,60.539],[21.702,60.551],[21.704,60.553],[21.72,60.551],[21.73,60.547],[21.743,60.55],[21.749,60.556],[21.756,60.559],[21.763,60.558],[21.777,60.564],[21.783,60.571]]]}},{"type":"Feature","properties":{"id":2376177,"maakond_id":318,"name":"Uusikaupunki","bbox":[20.438,60.617,21.75,61.127]},"geometry":{"type":"MultiPolygon","coordinates":[[[[20.771,61.127],[20.621,61.026],[20.52,60.958],[20.438,60.902],[20.661,60.845],[20.788,60.813],[20.913,60.781],[21.015,60.754],[21.052,60.746],[21.152,60.723],[21.18,60.717],[21.229,60.705],[21.302,60.68],[21.324,60.672],[21.323,60.668],[21.327,60.661],[21.336,60.658],[21.353,60.643],[21.363,60.64],[21.365,60.633],[21.366,60.624],[21.378,60.624],[21.385,60.619],[21.391,60.621],[21.394,60.629],[21.408,60.621],[21.417,60.617],[21.423,60.622],[21.421,60.627],[21.423,60.633],[21.432,60.641],[21.451,60.635],[21.446,60.63],[21.439,60.631],[21.436,60.627],[21.452,60.624],[21.458,60.627],[21.463,60.625],[21.471,60.629],[21.478,60.63],[21.503,60.627],[21.499,60.618],[21.501,60.617],[21.516,60.621],[21.529,60.621],[21.545,60.623],[21.549,60.622],[21.56,60.622],[21.567,60.625],[21.578,60.62],[21.589,60.621],[21.597,60.624],[21.595,60.628],[21.59,60.63],[21.578,60.638],[21.576,60.643],[21.566,60.643],[21.558,60.65],[21.539,60.662],[21.522,60.66],[21.506,60.662],[21.524,60.667],[21.525,60.669],[21.517,60.672],[21.511,60.676],[21.528,60.675],[21.538,60.675],[21.541,60.678],[21.547,60.682],[21.542,60.685],[21.532,60.689],[21.536,60.694],[21.555,60.7],[21.571,60.702],[21.573,60.714],[21.563,60.72],[21.545,60.718],[21.542,60.721],[21.548,60.726],[21.562,60.733],[21.559,60.74],[21.573,60.741],[21.593,60.74],[21.635,60.742],[21.654,60.74],[21.669,60.742],[21.678,60.737],[21.695,60.737],[21.703,60.738],[21.73,60.751],[21.732,60.759],[21.73,60.763],[21.733,60.767],[21.733,60.772],[21.74,60.77],[21.75,60.771],[21.715,60.786],[21.712,60.79],[21.713,60.804],[21.722,60.805],[21.703,60.817],[21.675,60.829],[21.653,60.834],[21.652,60.837],[21.644,60.837],[21.626,60.841],[21.629,60.843],[21.615,60.847],[21.608,60.846],[21.592,60.85],[21.558,60.84],[21.557,60.843],[21.551,60.845],[21.551,60.847],[21.54,60.845],[21.541,60.854],[21.524,60.856],[21.527,60.88],[21.512,60.884],[21.506,60.884],[21.495,60.883],[21.49,60.876],[21.484,60.872],[21.478,60.871],[21.475,60.875],[21.471,60.877],[21.457,60.891],[21.454,60.895],[21.443,60.904],[21.439,60.905],[21.425,60.912],[21.416,60.914],[21.414,60.92],[21.403,60.922],[21.402,60.927],[21.405,60.932],[21.419,60.936],[21.417,60.958],[21.41,60.956],[21.377,60.967],[21.375,60.972],[21.361,60.98],[21.348,60.986],[21.333,60.995],[21.335,60.999],[21.321,61.007],[21.316,61.006],[21.296,61.014],[21.292,61.019],[21.232,61.052],[21.057,61.081],[20.869,61.111],[20.771,61.127]]],[[[21.097,60.671],[21.088,60.663],[21.108,60.658],[21.167,60.639],[21.174,60.665],[21.098,60.673],[21.097,60.671]]]]}},{"type":"Feature","properties":{"id":2377364,"maakond_id":316,"name":"Rauma","bbox":[20.773,60.996,22.071,61.285]},"geometry":{"type":"Polygon","coordinates":[[[21.666,60.996],[21.692,61.001],[21.693,61.004],[21.702,61.003],[21.713,61],[21.723,61],[21.734,61.001],[21.766,61.014],[21.753,61.027],[21.776,61.034],[21.825,61.034],[21.805,61.02],[21.844,61.009],[21.876,61.015],[21.92,61.015],[21.936,61.018],[21.945,61.023],[21.956,61.016],[21.967,61.019],[21.972,61.017],[21.982,61.019],[21.982,61.025],[21.991,61.031],[22,61.033],[22.014,61.03],[22.022,61.03],[22.071,61.042],[22.07,61.045],[22.05,61.08],[22.027,61.089],[21.99,61.086],[21.949,61.101],[21.904,61.116],[21.892,61.131],[21.867,61.146],[21.829,61.162],[21.812,61.15],[21.765,61.148],[21.75,61.144],[21.743,61.143],[21.739,61.14],[21.718,61.14],[21.704,61.141],[21.647,61.15],[21.637,61.154],[21.62,61.163],[21.611,61.174],[21.599,61.186],[21.598,61.189],[21.584,61.186],[21.579,61.183],[21.567,61.186],[21.558,61.194],[21.505,61.209],[21.503,61.214],[21.485,61.216],[21.425,61.235],[21.411,61.245],[21.369,61.25],[21.212,61.26],[20.994,61.274],[20.812,61.285],[20.792,61.207],[20.773,61.133],[21.074,61.115],[21.272,61.103],[21.316,61.104],[21.34,61.087],[21.345,61.086],[21.349,61.081],[21.363,61.078],[21.371,61.075],[21.378,61.075],[21.389,61.07],[21.389,61.066],[21.417,61.055],[21.427,61.027],[21.449,61.018],[21.46,61.015],[21.466,61.012],[21.475,61.009],[21.48,61.006],[21.48,60.999],[21.528,61.005],[21.551,61.005],[21.566,61.009],[21.603,61.01],[21.607,61.011],[21.591,61.029],[21.592,61.03],[21.607,61.034],[21.608,61.041],[21.622,61.052],[21.651,61.017],[21.655,61],[21.666,60.996]]]}},{"type":"Feature","properties":{"id":2377365,"maakond_id":318,"name":"Pyhäranta","bbox":[20.771,60.871,21.666,61.133]},"geometry":{"type":"Polygon","coordinates":[[[20.773,61.133],[20.771,61.127],[20.869,61.111],[21.057,61.081],[21.232,61.052],[21.292,61.019],[21.296,61.014],[21.316,61.006],[21.321,61.007],[21.335,60.999],[21.333,60.995],[21.348,60.986],[21.361,60.98],[21.375,60.972],[21.377,60.967],[21.41,60.956],[21.417,60.958],[21.419,60.936],[21.405,60.932],[21.402,60.927],[21.403,60.922],[21.414,60.92],[21.416,60.914],[21.425,60.912],[21.439,60.905],[21.443,60.904],[21.454,60.895],[21.457,60.891],[21.471,60.877],[21.475,60.875],[21.478,60.871],[21.484,60.872],[21.49,60.876],[21.495,60.883],[21.506,60.884],[21.501,60.888],[21.504,60.895],[21.491,60.896],[21.523,60.908],[21.507,60.913],[21.522,60.916],[21.518,60.934],[21.516,60.948],[21.509,60.957],[21.507,60.964],[21.513,60.964],[21.489,60.976],[21.481,60.982],[21.488,60.987],[21.493,60.988],[21.53,60.987],[21.533,60.986],[21.54,60.987],[21.548,60.986],[21.547,60.98],[21.545,60.979],[21.532,60.98],[21.534,60.977],[21.532,60.971],[21.541,60.968],[21.548,60.969],[21.554,60.963],[21.568,60.952],[21.583,60.95],[21.592,60.951],[21.6,60.953],[21.601,60.955],[21.592,60.963],[21.604,60.964],[21.654,60.993],[21.666,60.996],[21.655,61],[21.651,61.017],[21.622,61.052],[21.608,61.041],[21.607,61.034],[21.592,61.03],[21.591,61.029],[21.607,61.011],[21.603,61.01],[21.566,61.009],[21.551,61.005],[21.528,61.005],[21.48,60.999],[21.48,61.006],[21.475,61.009],[21.466,61.012],[21.46,61.015],[21.449,61.018],[21.427,61.027],[21.417,61.055],[21.389,61.066],[21.389,61.07],[21.378,61.075],[21.371,61.075],[21.363,61.078],[21.349,61.081],[21.345,61.086],[21.34,61.087],[21.316,61.104],[21.272,61.103],[21.074,61.115],[20.773,61.133]]]}},{"type":"Feature","properties":{"id":2378069,"maakond_id":318,"name":"Laitila","bbox":[21.481,60.738,22.128,61.034]},"geometry":{"type":"Polygon","coordinates":[[[21.666,60.996],[21.654,60.993],[21.604,60.964],[21.592,60.963],[21.601,60.955],[21.6,60.953],[21.592,60.951],[21.583,60.95],[21.568,60.952],[21.554,60.963],[21.548,60.969],[21.541,60.968],[21.532,60.971],[21.534,60.977],[21.532,60.98],[21.545,60.979],[21.547,60.98],[21.548,60.986],[21.54,60.987],[21.533,60.986],[21.53,60.987],[21.493,60.988],[21.488,60.987],[21.481,60.982],[21.489,60.976],[21.513,60.964],[21.507,60.964],[21.509,60.957],[21.516,60.948],[21.518,60.934],[21.522,60.916],[21.507,60.913],[21.523,60.908],[21.491,60.896],[21.504,60.895],[21.501,60.888],[21.506,60.884],[21.512,60.884],[21.527,60.88],[21.524,60.856],[21.541,60.854],[21.54,60.845],[21.551,60.847],[21.551,60.845],[21.557,60.843],[21.558,60.84],[21.592,60.85],[21.608,60.846],[21.615,60.847],[21.629,60.843],[21.626,60.841],[21.644,60.837],[21.652,60.837],[21.653,60.834],[21.675,60.829],[21.703,60.817],[21.722,60.805],[21.713,60.804],[21.712,60.79],[21.715,60.786],[21.75,60.771],[21.74,60.77],[21.733,60.772],[21.733,60.767],[21.73,60.763],[21.732,60.759],[21.74,60.759],[21.74,60.754],[21.748,60.749],[21.77,60.745],[21.784,60.741],[21.799,60.738],[21.799,60.741],[21.806,60.741],[21.833,60.754],[21.856,60.78],[21.873,60.786],[21.93,60.806],[21.951,60.822],[21.99,60.843],[22.032,60.873],[22.073,60.865],[22.059,60.883],[22.128,60.904],[22.061,60.902],[22.012,60.901],[22.008,60.897],[22.001,60.9],[21.998,60.897],[21.985,60.901],[21.997,60.913],[21.954,60.939],[21.944,60.947],[21.951,60.977],[21.926,60.976],[21.903,60.986],[21.89,60.981],[21.881,60.981],[21.874,60.986],[21.873,60.991],[21.867,60.992],[21.864,60.996],[21.844,61.009],[21.805,61.02],[21.825,61.034],[21.776,61.034],[21.753,61.027],[21.766,61.014],[21.734,61.001],[21.723,61],[21.713,61],[21.702,61.003],[21.693,61.004],[21.692,61.001],[21.666,60.996]]]}},{"type":"Feature","properties":{"id":2378804,"maakond_id":316,"name":"Eura","bbox":[21.844,60.872,22.264,61.309]},"geometry":{"type":"Polygon","coordinates":[[[21.867,61.146],[21.892,61.131],[21.904,61.116],[21.949,61.101],[21.99,61.086],[22.027,61.089],[22.05,61.08],[22.07,61.045],[22.071,61.042],[22.022,61.03],[22.014,61.03],[22,61.033],[21.991,61.031],[21.982,61.025],[21.982,61.019],[21.972,61.017],[21.967,61.019],[21.956,61.016],[21.945,61.023],[21.936,61.018],[21.92,61.015],[21.876,61.015],[21.844,61.009],[21.864,60.996],[21.867,60.992],[21.873,60.991],[21.874,60.986],[21.881,60.981],[21.89,60.981],[21.903,60.986],[21.926,60.976],[21.951,60.977],[21.944,60.947],[21.954,60.939],[21.997,60.913],[21.985,60.901],[21.998,60.897],[22.001,60.9],[22.008,60.897],[22.012,60.901],[22.061,60.902],[22.128,60.904],[22.16,60.872],[22.171,60.877],[22.189,60.897],[22.214,60.892],[22.212,60.894],[22.189,60.901],[22.228,60.919],[22.234,60.922],[22.241,60.924],[22.264,60.927],[22.231,60.948],[22.253,60.968],[22.252,60.969],[22.219,61.07],[22.21,61.097],[22.239,61.11],[22.214,61.124],[22.229,61.136],[22.221,61.167],[22.154,61.2],[22.156,61.205],[22.147,61.211],[22.149,61.216],[22.165,61.223],[22.176,61.252],[22.163,61.259],[22.13,61.265],[22.101,61.269],[22.101,61.27],[22.078,61.274],[22.074,61.27],[22.061,61.269],[22.042,61.271],[22.021,61.294],[22.011,61.292],[21.999,61.293],[21.997,61.296],[21.986,61.292],[21.981,61.294],[21.966,61.293],[21.965,61.297],[21.947,61.292],[21.943,61.3],[21.938,61.299],[21.927,61.301],[21.89,61.309],[21.876,61.297],[21.899,61.287],[21.91,61.283],[21.889,61.264],[21.88,61.24],[21.878,61.237],[21.89,61.23],[21.891,61.228],[21.898,61.221],[21.943,61.192],[21.946,61.173],[21.921,61.165],[21.896,61.164],[21.867,61.146]]]}},{"type":"Feature","properties":{"id":2378805,"maakond_id":318,"name":"Mynämäki","bbox":[21.771,60.561,22.415,60.904]},"geometry":{"type":"Polygon","coordinates":[[[21.799,60.738],[21.796,60.735],[21.792,60.703],[21.813,60.68],[21.813,60.677],[21.808,60.674],[21.815,60.668],[21.808,60.668],[21.805,60.665],[21.808,60.661],[21.805,60.656],[21.798,60.651],[21.799,60.648],[21.804,60.644],[21.801,60.639],[21.787,60.633],[21.792,60.63],[21.788,60.626],[21.777,60.624],[21.771,60.626],[21.771,60.62],[21.773,60.618],[21.784,60.612],[21.799,60.591],[21.783,60.571],[21.777,60.564],[21.777,60.561],[21.827,60.59],[21.854,60.586],[21.856,60.585],[21.868,60.586],[21.872,60.585],[21.873,60.581],[21.878,60.58],[21.882,60.583],[21.886,60.588],[21.894,60.589],[21.906,60.592],[21.919,60.593],[21.922,60.601],[21.927,60.602],[21.924,60.605],[21.927,60.608],[21.933,60.61],[21.952,60.618],[21.953,60.621],[21.964,60.625],[21.972,60.621],[21.977,60.625],[21.98,60.629],[21.977,60.637],[21.984,60.639],[21.983,60.643],[21.989,60.645],[21.992,60.64],[22.003,60.642],[22.01,60.645],[22.027,60.649],[22.078,60.678],[22.095,60.687],[22.2,60.71],[22.19,60.722],[22.193,60.723],[22.202,60.711],[22.204,60.711],[22.28,60.727],[22.374,60.747],[22.415,60.737],[22.365,60.756],[22.358,60.756],[22.357,60.759],[22.319,60.773],[22.257,60.795],[22.249,60.793],[22.245,60.796],[22.247,60.799],[22.222,60.808],[22.181,60.851],[22.16,60.872],[22.128,60.904],[22.059,60.883],[22.073,60.865],[22.032,60.873],[21.99,60.843],[21.951,60.822],[21.93,60.806],[21.873,60.786],[21.856,60.78],[21.833,60.754],[21.806,60.741],[21.799,60.741],[21.799,60.738]]]}},{"type":"Feature","properties":{"id":2379142,"maakond_id":318,"name":"Rusko","bbox":[22.144,60.504,22.415,60.737]},"geometry":{"type":"Polygon","coordinates":[[[22.21,60.596],[22.217,60.594],[22.215,60.589],[22.209,60.584],[22.213,60.582],[22.204,60.574],[22.195,60.571],[22.193,60.565],[22.183,60.566],[22.18,60.557],[22.166,60.545],[22.153,60.539],[22.144,60.532],[22.144,60.53],[22.178,60.521],[22.182,60.518],[22.197,60.514],[22.195,60.508],[22.202,60.507],[22.231,60.505],[22.233,60.504],[22.246,60.505],[22.234,60.511],[22.242,60.515],[22.222,60.523],[22.229,60.525],[22.247,60.521],[22.254,60.518],[22.258,60.523],[22.265,60.518],[22.278,60.53],[22.282,60.529],[22.284,60.536],[22.294,60.548],[22.302,60.571],[22.324,60.592],[22.363,60.611],[22.374,60.618],[22.388,60.63],[22.391,60.635],[22.386,60.638],[22.393,60.642],[22.394,60.647],[22.39,60.649],[22.396,60.653],[22.404,60.689],[22.415,60.737],[22.383,60.712],[22.368,60.7],[22.347,60.689],[22.328,60.68],[22.307,60.672],[22.286,60.66],[22.278,60.651],[22.273,60.651],[22.267,60.648],[22.267,60.643],[22.255,60.643],[22.247,60.636],[22.255,60.631],[22.249,60.627],[22.251,60.623],[22.247,60.618],[22.257,60.613],[22.251,60.6],[22.235,60.601],[22.217,60.599],[22.21,60.596]]]}},{"type":"Feature","properties":{"id":2379143,"maakond_id":318,"name":"Pöytyä","bbox":[22.16,60.627,22.942,60.951]},"geometry":{"type":"Polygon","coordinates":[[[22.602,60.927],[22.596,60.932],[22.598,60.934],[22.586,60.939],[22.52,60.951],[22.481,60.946],[22.431,60.94],[22.415,60.936],[22.365,60.932],[22.32,60.917],[22.313,60.916],[22.271,60.922],[22.264,60.927],[22.241,60.924],[22.234,60.922],[22.228,60.919],[22.189,60.901],[22.212,60.894],[22.214,60.892],[22.189,60.897],[22.171,60.877],[22.16,60.872],[22.181,60.851],[22.222,60.808],[22.247,60.799],[22.245,60.796],[22.249,60.793],[22.257,60.795],[22.319,60.773],[22.357,60.759],[22.358,60.756],[22.365,60.756],[22.415,60.737],[22.445,60.717],[22.445,60.72],[22.459,60.715],[22.46,60.711],[22.456,60.71],[22.468,60.702],[22.472,60.702],[22.482,60.692],[22.494,60.684],[22.543,60.658],[22.565,60.663],[22.569,60.664],[22.594,60.666],[22.623,60.663],[22.63,60.66],[22.636,60.661],[22.688,60.652],[22.682,60.64],[22.694,60.639],[22.714,60.632],[22.76,60.629],[22.786,60.628],[22.802,60.628],[22.803,60.627],[22.84,60.627],[22.855,60.629],[22.862,60.639],[22.869,60.656],[22.884,60.675],[22.886,60.678],[22.894,60.686],[22.904,60.684],[22.91,60.687],[22.915,60.686],[22.925,60.69],[22.931,60.69],[22.939,60.694],[22.942,60.697],[22.934,60.704],[22.927,60.708],[22.938,60.716],[22.86,60.755],[22.849,60.757],[22.852,60.759],[22.842,60.765],[22.837,60.763],[22.829,60.771],[22.802,60.784],[22.765,60.808],[22.768,60.811],[22.764,60.814],[22.758,60.815],[22.745,60.819],[22.741,60.825],[22.736,60.823],[22.73,60.825],[22.686,60.829],[22.654,60.827],[22.621,60.84],[22.59,60.85],[22.589,60.848],[22.552,60.874],[22.563,60.877],[22.565,60.881],[22.552,60.883],[22.56,60.895],[22.571,60.901],[22.59,60.908],[22.587,60.911],[22.595,60.923],[22.602,60.927]]]}},{"type":"Feature","properties":{"id":2379144,"maakond_id":318,"name":"Nousiainen","bbox":[21.924,60.564,22.415,60.747]},"geometry":{"type":"Polygon","coordinates":[[[21.927,60.602],[21.942,60.61],[21.948,60.61],[21.952,60.605],[21.961,60.608],[21.974,60.609],[21.98,60.612],[21.985,60.607],[21.996,60.602],[22.001,60.602],[22,60.597],[22.004,60.595],[22.004,60.59],[22.007,60.575],[22.018,60.579],[22.026,60.579],[22.027,60.576],[22.036,60.578],[22.041,60.576],[22.032,60.572],[22.041,60.564],[22.054,60.566],[22.052,60.569],[22.043,60.569],[22.064,60.574],[22.07,60.574],[22.071,60.58],[22.076,60.582],[22.084,60.582],[22.09,60.587],[22.094,60.579],[22.12,60.589],[22.148,60.594],[22.156,60.591],[22.16,60.599],[22.176,60.605],[22.189,60.612],[22.204,60.614],[22.198,60.618],[22.206,60.622],[22.21,60.617],[22.211,60.612],[22.204,60.613],[22.205,60.608],[22.211,60.609],[22.213,60.604],[22.209,60.601],[22.21,60.596],[22.217,60.599],[22.235,60.601],[22.251,60.6],[22.257,60.613],[22.247,60.618],[22.251,60.623],[22.249,60.627],[22.255,60.631],[22.247,60.636],[22.239,60.633],[22.233,60.636],[22.237,60.644],[22.248,60.65],[22.255,60.651],[22.258,60.648],[22.267,60.643],[22.267,60.648],[22.273,60.651],[22.278,60.651],[22.286,60.66],[22.307,60.672],[22.3,60.678],[22.319,60.687],[22.323,60.688],[22.331,60.687],[22.337,60.689],[22.328,60.692],[22.39,60.725],[22.415,60.737],[22.374,60.747],[22.28,60.727],[22.204,60.711],[22.202,60.711],[22.193,60.723],[22.19,60.722],[22.2,60.71],[22.095,60.687],[22.078,60.678],[22.027,60.649],[22.01,60.645],[22.003,60.642],[21.992,60.64],[21.989,60.645],[21.983,60.643],[21.984,60.639],[21.977,60.637],[21.98,60.629],[21.977,60.625],[21.972,60.621],[21.964,60.625],[21.953,60.621],[21.952,60.618],[21.933,60.61],[21.927,60.608],[21.924,60.605],[21.927,60.602]],[[22.33,60.732],[22.354,60.737],[22.358,60.736],[22.365,60.729],[22.362,60.728],[22.368,60.722],[22.364,60.717],[22.358,60.724],[22.349,60.722],[22.33,60.732]]]}},{"type":"Feature","properties":{"id":2380605,"maakond_id":318,"name":"Aura","bbox":[22.415,60.566,22.688,60.737]},"geometry":{"type":"MultiPolygon","coordinates":[[[[22.682,60.64],[22.688,60.652],[22.636,60.661],[22.63,60.66],[22.623,60.663],[22.594,60.666],[22.569,60.664],[22.565,60.663],[22.543,60.658],[22.494,60.684],[22.482,60.692],[22.472,60.702],[22.468,60.702],[22.456,60.71],[22.46,60.711],[22.459,60.715],[22.445,60.72],[22.445,60.717],[22.415,60.737],[22.451,60.69],[22.454,60.676],[22.452,60.658],[22.453,60.651],[22.45,60.648],[22.446,60.641],[22.511,60.635],[22.502,60.629],[22.496,60.63],[22.489,60.627],[22.489,60.622],[22.485,60.621],[22.481,60.612],[22.485,60.61],[22.479,60.607],[22.48,60.602],[22.477,60.597],[22.486,60.575],[22.491,60.573],[22.502,60.575],[22.514,60.581],[22.52,60.581],[22.525,60.584],[22.535,60.579],[22.545,60.577],[22.547,60.574],[22.566,60.566],[22.569,60.566],[22.576,60.571],[22.584,60.574],[22.575,60.578],[22.561,60.574],[22.565,60.58],[22.558,60.579],[22.55,60.59],[22.564,60.601],[22.576,60.609],[22.608,60.61],[22.589,60.602],[22.595,60.599],[22.6,60.602],[22.607,60.602],[22.615,60.605],[22.626,60.605],[22.639,60.615],[22.639,60.616],[22.681,60.637],[22.682,60.64]]],[[[22.588,60.579],[22.592,60.584],[22.587,60.587],[22.58,60.592],[22.575,60.59],[22.582,60.585],[22.588,60.579]]]]}},{"type":"Feature","properties":{"id":2381627,"maakond_id":318,"name":"Masku","bbox":[21.777,60.48,22.415,60.737]},"geometry":{"type":"MultiPolygon","coordinates":[[[[22.33,60.732],[22.349,60.722],[22.358,60.724],[22.364,60.717],[22.368,60.722],[22.362,60.728],[22.365,60.729],[22.358,60.736],[22.354,60.737],[22.33,60.732]]],[[[21.927,60.602],[21.922,60.601],[21.919,60.593],[21.906,60.592],[21.894,60.589],[21.886,60.588],[21.882,60.583],[21.878,60.58],[21.873,60.581],[21.872,60.585],[21.868,60.586],[21.856,60.585],[21.854,60.586],[21.827,60.59],[21.777,60.561],[21.779,60.555],[21.79,60.561],[21.805,60.553],[21.803,60.549],[21.807,60.544],[21.806,60.529],[21.8,60.527],[21.792,60.516],[21.79,60.51],[21.8,60.51],[21.814,60.513],[21.835,60.514],[21.853,60.514],[21.88,60.515],[21.884,60.513],[21.891,60.516],[21.894,60.515],[21.903,60.52],[21.911,60.52],[21.919,60.512],[21.911,60.508],[21.911,60.502],[21.917,60.494],[21.924,60.492],[21.933,60.493],[21.939,60.491],[21.949,60.491],[21.96,60.486],[21.974,60.493],[21.985,60.489],[21.993,60.482],[22.003,60.48],[22.019,60.487],[22.012,60.491],[22.011,60.499],[22.017,60.501],[22.032,60.505],[22.043,60.506],[22.068,60.511],[22.067,60.513],[22.085,60.515],[22.101,60.518],[22.11,60.518],[22.113,60.512],[22.117,60.512],[22.112,60.518],[22.112,60.521],[22.123,60.524],[22.142,60.531],[22.144,60.53],[22.144,60.532],[22.153,60.539],[22.166,60.545],[22.18,60.557],[22.183,60.566],[22.193,60.565],[22.195,60.571],[22.204,60.574],[22.213,60.582],[22.209,60.584],[22.215,60.589],[22.217,60.594],[22.21,60.596],[22.209,60.601],[22.213,60.604],[22.211,60.609],[22.205,60.608],[22.204,60.613],[22.211,60.612],[22.21,60.617],[22.206,60.622],[22.198,60.618],[22.204,60.614],[22.189,60.612],[22.176,60.605],[22.16,60.599],[22.156,60.591],[22.148,60.594],[22.12,60.589],[22.094,60.579],[22.09,60.587],[22.084,60.582],[22.076,60.582],[22.071,60.58],[22.07,60.574],[22.064,60.574],[22.043,60.569],[22.052,60.569],[22.054,60.566],[22.041,60.564],[22.032,60.572],[22.041,60.576],[22.036,60.578],[22.027,60.576],[22.026,60.579],[22.018,60.579],[22.007,60.575],[22.004,60.59],[22.004,60.595],[22,60.597],[22.001,60.602],[21.996,60.602],[21.985,60.607],[21.98,60.612],[21.974,60.609],[21.961,60.608],[21.952,60.605],[21.948,60.61],[21.942,60.61],[21.927,60.602]]],[[[22.267,60.643],[22.258,60.648],[22.255,60.651],[22.248,60.65],[22.237,60.644],[22.233,60.636],[22.239,60.633],[22.247,60.636],[22.255,60.643],[22.267,60.643]]],[[[22.415,60.737],[22.39,60.725],[22.328,60.692],[22.337,60.689],[22.331,60.687],[22.323,60.688],[22.319,60.687],[22.3,60.678],[22.307,60.672],[22.328,60.68],[22.347,60.689],[22.368,60.7],[22.383,60.712],[22.415,60.737]]]]}},{"type":"Feature","properties":{"id":2384801,"maakond_id":318,"name":"Vehmaa","bbox":[21.506,60.571,21.815,60.759]},"geometry":{"type":"Polygon","coordinates":[[[21.799,60.738],[21.784,60.741],[21.77,60.745],[21.748,60.749],[21.74,60.754],[21.74,60.759],[21.732,60.759],[21.73,60.751],[21.703,60.738],[21.695,60.737],[21.678,60.737],[21.669,60.742],[21.654,60.74],[21.635,60.742],[21.593,60.74],[21.573,60.741],[21.559,60.74],[21.562,60.733],[21.548,60.726],[21.542,60.721],[21.545,60.718],[21.563,60.72],[21.573,60.714],[21.571,60.702],[21.555,60.7],[21.536,60.694],[21.532,60.689],[21.542,60.685],[21.547,60.682],[21.541,60.678],[21.538,60.675],[21.528,60.675],[21.511,60.676],[21.517,60.672],[21.525,60.669],[21.524,60.667],[21.506,60.662],[21.522,60.66],[21.539,60.662],[21.558,60.65],[21.566,60.643],[21.576,60.643],[21.578,60.638],[21.59,60.63],[21.595,60.628],[21.597,60.624],[21.589,60.621],[21.597,60.616],[21.614,60.608],[21.632,60.609],[21.65,60.614],[21.661,60.623],[21.667,60.626],[21.674,60.627],[21.685,60.621],[21.708,60.607],[21.714,60.6],[21.728,60.589],[21.735,60.582],[21.74,60.582],[21.745,60.586],[21.754,60.582],[21.761,60.581],[21.783,60.571],[21.799,60.591],[21.784,60.612],[21.773,60.618],[21.771,60.62],[21.771,60.626],[21.777,60.624],[21.788,60.626],[21.792,60.63],[21.787,60.633],[21.801,60.639],[21.804,60.644],[21.799,60.648],[21.798,60.651],[21.805,60.656],[21.808,60.661],[21.805,60.665],[21.808,60.668],[21.815,60.668],[21.808,60.674],[21.813,60.677],[21.813,60.68],[21.792,60.703],[21.796,60.735],[21.799,60.738]]]}},{"type":"Feature","properties":{"id":2385027,"maakond_id":318,"name":"Loimaa","bbox":[22.569,60.699,23.293,61.101]},"geometry":{"type":"Polygon","coordinates":[[[22.571,60.962],[22.601,60.96],[22.597,60.944],[22.583,60.941],[22.586,60.939],[22.598,60.934],[22.596,60.932],[22.602,60.927],[22.619,60.914],[22.623,60.918],[22.631,60.912],[22.648,60.915],[22.654,60.904],[22.719,60.908],[22.751,60.918],[22.749,60.937],[22.758,60.937],[22.76,60.921],[22.77,60.923],[22.772,60.913],[22.775,60.888],[22.778,60.868],[22.771,60.853],[22.792,60.824],[22.817,60.813],[22.758,60.815],[22.764,60.814],[22.768,60.811],[22.765,60.808],[22.802,60.784],[22.829,60.771],[22.837,60.763],[22.842,60.765],[22.852,60.759],[22.849,60.757],[22.86,60.755],[22.938,60.716],[22.965,60.711],[23.032,60.699],[23.09,60.727],[23.11,60.746],[23.155,60.774],[23.199,60.818],[23.204,60.817],[23.229,60.826],[23.221,60.83],[23.143,60.838],[23.137,60.841],[23.139,60.846],[23.142,60.848],[23.137,60.85],[23.136,60.875],[23.138,60.879],[23.136,60.884],[23.146,60.891],[23.155,60.892],[23.181,60.892],[23.267,60.889],[23.253,60.919],[23.291,60.918],[23.293,60.955],[23.255,60.964],[23.213,60.988],[23.195,61.001],[23.165,61.005],[23.158,61.023],[23.148,61.031],[23.107,61.034],[23.055,61.031],[23.016,61.022],[22.973,61.043],[22.969,61.043],[22.963,61.046],[22.949,61.045],[22.936,61.045],[22.932,61.052],[22.927,61.055],[22.918,61.052],[22.913,61.054],[22.897,61.055],[22.882,61.059],[22.88,61.064],[22.87,61.084],[22.824,61.101],[22.816,61.079],[22.837,61.069],[22.836,61.06],[22.824,61.052],[22.827,61.046],[22.824,61.042],[22.808,61.042],[22.808,61.04],[22.825,61.027],[22.826,61.014],[22.816,60.993],[22.808,60.995],[22.793,61],[22.78,60.994],[22.709,60.983],[22.701,60.987],[22.615,60.989],[22.593,60.973],[22.569,60.97],[22.573,60.965],[22.572,60.964],[22.571,60.962]]]}},{"type":"Feature","properties":{"id":2385028,"maakond_id":316,"name":"Säkylä","bbox":[22.147,60.916,22.701,61.252]},"geometry":{"type":"Polygon","coordinates":[[[22.176,61.252],[22.165,61.223],[22.149,61.216],[22.147,61.211],[22.156,61.205],[22.154,61.2],[22.221,61.167],[22.229,61.136],[22.214,61.124],[22.239,61.11],[22.21,61.097],[22.219,61.07],[22.252,60.969],[22.253,60.968],[22.231,60.948],[22.264,60.927],[22.271,60.922],[22.313,60.916],[22.32,60.917],[22.365,60.932],[22.415,60.936],[22.431,60.94],[22.481,60.946],[22.52,60.951],[22.586,60.939],[22.583,60.941],[22.558,60.955],[22.56,60.96],[22.553,60.964],[22.55,60.965],[22.547,60.966],[22.553,60.966],[22.555,60.967],[22.559,60.965],[22.562,60.963],[22.567,60.964],[22.571,60.962],[22.572,60.964],[22.566,60.965],[22.56,60.965],[22.557,60.967],[22.555,60.967],[22.554,60.967],[22.552,60.967],[22.546,60.967],[22.548,60.966],[22.549,60.965],[22.551,60.965],[22.556,60.962],[22.556,60.96],[22.553,60.959],[22.526,60.974],[22.524,60.976],[22.549,60.984],[22.579,60.99],[22.615,60.989],[22.701,60.987],[22.662,60.998],[22.654,60.998],[22.647,61],[22.643,61.003],[22.638,60.998],[22.618,61.006],[22.617,61.01],[22.598,61.015],[22.572,61.061],[22.582,61.064],[22.562,61.087],[22.518,61.139],[22.499,61.149],[22.48,61.171],[22.417,61.195],[22.278,61.194],[22.176,61.252]]]}},{"type":"Feature","properties":{"id":2385387,"maakond_id":316,"name":"Huittinen","bbox":[22.48,60.983,23.006,61.302]},"geometry":{"type":"Polygon","coordinates":[[[22.599,61.302],[22.588,61.3],[22.609,61.278],[22.61,61.27],[22.579,61.259],[22.569,61.251],[22.565,61.25],[22.56,61.245],[22.548,61.243],[22.563,61.236],[22.558,61.23],[22.551,61.224],[22.552,61.216],[22.548,61.214],[22.543,61.214],[22.539,61.208],[22.523,61.212],[22.511,61.217],[22.511,61.21],[22.497,61.205],[22.507,61.203],[22.514,61.2],[22.516,61.196],[22.48,61.171],[22.499,61.149],[22.518,61.139],[22.562,61.087],[22.582,61.064],[22.572,61.061],[22.598,61.015],[22.617,61.01],[22.618,61.006],[22.638,60.998],[22.643,61.003],[22.647,61],[22.654,60.998],[22.662,60.998],[22.701,60.987],[22.709,60.983],[22.78,60.994],[22.793,61],[22.808,60.995],[22.816,60.993],[22.826,61.014],[22.825,61.027],[22.808,61.04],[22.808,61.042],[22.824,61.042],[22.827,61.046],[22.824,61.052],[22.836,61.06],[22.837,61.069],[22.816,61.079],[22.824,61.101],[22.87,61.084],[22.88,61.064],[22.882,61.059],[22.897,61.055],[22.913,61.054],[22.918,61.052],[22.927,61.055],[22.932,61.052],[22.936,61.045],[22.949,61.045],[22.963,61.046],[22.969,61.043],[22.967,61.044],[22.96,61.059],[22.964,61.056],[22.972,61.058],[22.966,61.061],[22.979,61.064],[22.982,61.067],[22.987,61.067],[23.001,61.071],[22.999,61.073],[23.006,61.075],[22.996,61.088],[22.948,61.077],[22.936,61.073],[22.916,61.087],[22.929,61.094],[22.972,61.116],[22.963,61.119],[22.966,61.12],[22.942,61.124],[22.941,61.134],[22.939,61.136],[22.929,61.141],[22.924,61.142],[22.915,61.179],[22.956,61.177],[22.934,61.205],[22.933,61.207],[22.872,61.223],[22.882,61.226],[22.856,61.236],[22.845,61.229],[22.821,61.236],[22.825,61.23],[22.819,61.23],[22.82,61.236],[22.798,61.241],[22.768,61.246],[22.702,61.246],[22.691,61.245],[22.683,61.247],[22.67,61.245],[22.653,61.245],[22.646,61.247],[22.648,61.253],[22.641,61.252],[22.636,61.258],[22.626,61.262],[22.641,61.265],[22.635,61.269],[22.619,61.292],[22.608,61.301],[22.599,61.302]]]}},{"type":"Feature","properties":{"id":2387683,"maakond_id":311,"name":"Punkalaidun","bbox":[22.915,61.001,23.383,61.224]},"geometry":{"type":"Polygon","coordinates":[[[23.26,61.019],[23.258,61.021],[23.288,61.058],[23.266,61.059],[23.266,61.063],[23.244,61.064],[23.242,61.066],[23.234,61.066],[23.23,61.072],[23.257,61.072],[23.25,61.074],[23.269,61.074],[23.274,61.075],[23.275,61.078],[23.267,61.081],[23.266,61.085],[23.252,61.085],[23.253,61.1],[23.254,61.102],[23.241,61.104],[23.236,61.104],[23.234,61.111],[23.24,61.117],[23.251,61.116],[23.259,61.117],[23.27,61.114],[23.263,61.11],[23.269,61.109],[23.274,61.113],[23.277,61.112],[23.309,61.115],[23.31,61.118],[23.383,61.131],[23.31,61.165],[23.258,61.183],[23.273,61.221],[23.242,61.224],[23.236,61.209],[23.228,61.207],[23.227,61.21],[23.22,61.212],[23.22,61.208],[23.2,61.21],[23.197,61.213],[23.19,61.211],[23.167,61.213],[23.166,61.21],[23.147,61.207],[23.139,61.204],[23.105,61.197],[23.057,61.198],[23.067,61.185],[23.052,61.183],[23.049,61.185],[23.051,61.19],[23.048,61.194],[23.036,61.193],[23.033,61.189],[23.006,61.186],[22.974,61.194],[22.961,61.197],[22.96,61.198],[22.938,61.205],[22.934,61.205],[22.956,61.177],[22.915,61.179],[22.924,61.142],[22.929,61.141],[22.939,61.136],[22.941,61.134],[22.942,61.124],[22.966,61.12],[22.963,61.119],[22.972,61.116],[22.929,61.094],[22.916,61.087],[22.936,61.073],[22.948,61.077],[22.996,61.088],[23.006,61.075],[22.999,61.073],[23.001,61.071],[22.987,61.067],[22.982,61.067],[22.979,61.064],[22.966,61.061],[22.972,61.058],[22.964,61.056],[22.96,61.059],[22.967,61.044],[22.969,61.043],[22.973,61.043],[23.016,61.022],[23.055,61.031],[23.107,61.034],[23.148,61.031],[23.158,61.023],[23.165,61.005],[23.195,61.001],[23.213,61.007],[23.266,61.007],[23.268,61.012],[23.266,61.017],[23.26,61.019]]]}},{"type":"Feature","properties":{"id":2387804,"maakond_id":305,"name":"Forssa","bbox":[23.453,60.78,23.839,61.009]},"geometry":{"type":"Polygon","coordinates":[[[23.839,60.94],[23.795,60.989],[23.785,60.989],[23.784,60.991],[23.776,60.996],[23.767,60.997],[23.736,60.992],[23.738,61.004],[23.712,61.009],[23.697,61.006],[23.688,61.005],[23.685,61.003],[23.665,61.006],[23.661,61.002],[23.652,61.003],[23.65,61.001],[23.64,61.003],[23.631,61.004],[23.627,61],[23.619,61.003],[23.608,60.991],[23.595,60.99],[23.587,60.984],[23.573,60.991],[23.576,60.993],[23.583,60.99],[23.588,60.996],[23.573,60.999],[23.566,61.001],[23.565,60.996],[23.555,60.999],[23.544,60.995],[23.531,60.987],[23.52,60.991],[23.511,60.994],[23.5,60.991],[23.479,60.99],[23.471,60.987],[23.466,60.983],[23.459,60.984],[23.453,60.982],[23.463,60.978],[23.464,60.975],[23.461,60.969],[23.466,60.967],[23.475,60.965],[23.474,60.963],[23.501,60.948],[23.502,60.947],[23.548,60.925],[23.554,60.906],[23.557,60.894],[23.552,60.88],[23.545,60.873],[23.549,60.855],[23.564,60.833],[23.553,60.828],[23.554,60.818],[23.559,60.802],[23.558,60.798],[23.55,60.789],[23.635,60.78],[23.65,60.784],[23.673,60.801],[23.676,60.805],[23.68,60.803],[23.687,60.803],[23.692,60.807],[23.702,60.805],[23.704,60.819],[23.673,60.822],[23.675,60.83],[23.665,60.869],[23.649,60.877],[23.677,60.882],[23.701,60.88],[23.72,60.891],[23.71,60.899],[23.711,60.902],[23.755,60.938],[23.765,60.935],[23.821,60.931],[23.839,60.94]]]}},{"type":"Feature","properties":{"id":2387805,"maakond_id":305,"name":"Humppila","bbox":[23.195,60.87,23.501,61.02]},"geometry":{"type":"Polygon","coordinates":[[[23.26,61.019],[23.266,61.017],[23.268,61.012],[23.266,61.007],[23.213,61.007],[23.195,61.001],[23.213,60.988],[23.255,60.964],[23.293,60.955],[23.291,60.918],[23.253,60.919],[23.267,60.889],[23.277,60.882],[23.363,60.87],[23.402,60.877],[23.412,60.873],[23.421,60.872],[23.429,60.879],[23.427,60.898],[23.444,60.91],[23.472,60.928],[23.501,60.948],[23.474,60.963],[23.468,60.963],[23.446,60.971],[23.439,60.972],[23.435,60.969],[23.425,60.971],[23.411,60.968],[23.395,60.979],[23.379,61.002],[23.362,61.015],[23.336,61.01],[23.268,61.02],[23.26,61.019]]]}},{"type":"Feature","properties":{"id":2387806,"maakond_id":311,"name":"Urjala","bbox":[23.23,60.94,23.879,61.24]},"geometry":{"type":"Polygon","coordinates":[[[23.542,61.205],[23.517,61.204],[23.502,61.205],[23.497,61.204],[23.419,61.2],[23.43,61.206],[23.422,61.21],[23.416,61.207],[23.411,61.21],[23.401,61.211],[23.399,61.208],[23.381,61.211],[23.381,61.215],[23.391,61.219],[23.388,61.233],[23.365,61.229],[23.361,61.233],[23.364,61.236],[23.329,61.229],[23.326,61.235],[23.313,61.233],[23.31,61.238],[23.3,61.236],[23.298,61.239],[23.29,61.237],[23.288,61.24],[23.279,61.238],[23.273,61.221],[23.258,61.183],[23.31,61.165],[23.383,61.131],[23.31,61.118],[23.309,61.115],[23.277,61.112],[23.274,61.113],[23.269,61.109],[23.263,61.11],[23.27,61.114],[23.259,61.117],[23.251,61.116],[23.24,61.117],[23.234,61.111],[23.236,61.104],[23.241,61.104],[23.254,61.102],[23.253,61.1],[23.252,61.085],[23.266,61.085],[23.267,61.081],[23.275,61.078],[23.274,61.075],[23.269,61.074],[23.25,61.074],[23.257,61.072],[23.23,61.072],[23.234,61.066],[23.242,61.066],[23.244,61.064],[23.266,61.063],[23.266,61.059],[23.288,61.058],[23.258,61.021],[23.26,61.019],[23.268,61.02],[23.336,61.01],[23.362,61.015],[23.379,61.002],[23.395,60.979],[23.411,60.968],[23.425,60.971],[23.435,60.969],[23.439,60.972],[23.446,60.971],[23.468,60.963],[23.474,60.963],[23.475,60.965],[23.466,60.967],[23.461,60.969],[23.464,60.975],[23.463,60.978],[23.453,60.982],[23.459,60.984],[23.466,60.983],[23.471,60.987],[23.479,60.99],[23.5,60.991],[23.511,60.994],[23.52,60.991],[23.531,60.987],[23.544,60.995],[23.555,60.999],[23.565,60.996],[23.566,61.001],[23.573,60.999],[23.588,60.996],[23.583,60.99],[23.576,60.993],[23.573,60.991],[23.587,60.984],[23.595,60.99],[23.608,60.991],[23.619,61.003],[23.627,61],[23.631,61.004],[23.64,61.003],[23.65,61.001],[23.652,61.003],[23.661,61.002],[23.665,61.006],[23.685,61.003],[23.688,61.005],[23.697,61.006],[23.712,61.009],[23.738,61.004],[23.736,60.992],[23.767,60.997],[23.776,60.996],[23.784,60.991],[23.785,60.989],[23.795,60.989],[23.839,60.94],[23.865,60.954],[23.857,60.972],[23.853,60.98],[23.815,61.001],[23.834,61.003],[23.838,61.007],[23.846,61.008],[23.848,61.012],[23.865,61.015],[23.875,61.019],[23.879,61.022],[23.868,61.031],[23.866,61.037],[23.828,61.03],[23.793,61.025],[23.805,61.036],[23.796,61.044],[23.804,61.051],[23.757,61.057],[23.733,61.069],[23.723,61.07],[23.714,61.071],[23.708,61.074],[23.7,61.075],[23.69,61.075],[23.678,61.077],[23.668,61.076],[23.665,61.088],[23.657,61.101],[23.636,61.108],[23.65,61.12],[23.588,61.13],[23.573,61.126],[23.571,61.12],[23.56,61.124],[23.551,61.126],[23.547,61.128],[23.549,61.132],[23.523,61.141],[23.52,61.147],[23.503,61.153],[23.513,61.155],[23.493,61.163],[23.512,61.178],[23.532,61.185],[23.539,61.19],[23.535,61.201],[23.542,61.205]]]}},{"type":"Feature","properties":{"id":2388843,"maakond_id":305,"name":"Hämeenlinna","bbox":[23.757,60.754,25.26,61.325]},"geometry":{"type":"Polygon","coordinates":[[[24.413,60.756],[24.431,60.784],[24.462,60.799],[24.48,60.81],[24.471,60.825],[24.462,60.854],[24.461,60.855],[24.442,60.862],[24.437,60.863],[24.436,60.866],[24.43,60.868],[24.436,60.885],[24.399,60.903],[24.448,60.918],[24.49,60.93],[24.529,60.939],[24.533,60.939],[24.557,60.939],[24.554,60.945],[24.541,60.946],[24.54,60.949],[24.545,60.957],[24.562,60.954],[24.571,60.954],[24.575,60.959],[24.584,60.959],[24.591,60.966],[24.598,60.967],[24.589,60.974],[24.608,60.98],[24.605,60.983],[24.605,60.994],[24.663,61.006],[24.633,61.029],[24.693,61.032],[24.715,61.032],[24.732,61.026],[24.804,61.019],[24.856,61.009],[24.88,60.989],[24.876,60.986],[24.879,60.981],[24.888,60.975],[24.897,60.973],[24.904,60.966],[24.916,60.966],[24.925,60.964],[24.936,60.964],[24.943,60.963],[24.943,60.96],[24.959,60.957],[24.962,60.953],[24.972,60.947],[24.968,60.946],[24.97,60.929],[24.98,60.908],[24.992,60.911],[24.998,60.906],[25.014,60.911],[25.025,60.912],[25.023,60.915],[25.031,60.918],[25.028,60.923],[25.032,60.925],[25.028,60.928],[25.008,60.928],[25.019,60.945],[25.026,60.962],[25.04,60.968],[25.059,60.986],[25.058,60.988],[25.049,60.99],[25.051,60.995],[25.058,60.998],[25.053,61],[25.027,60.994],[25.026,61.004],[25.035,61.01],[25.044,61.01],[25.046,61.02],[25.041,61.019],[25.029,61.031],[25.04,61.034],[25.05,61.043],[25.057,61.05],[25.152,61.063],[25.17,61.074],[25.198,61.076],[25.213,61.103],[25.226,61.111],[25.24,61.115],[25.247,61.124],[25.255,61.126],[25.259,61.128],[25.246,61.131],[25.236,61.14],[25.239,61.145],[25.254,61.149],[25.258,61.16],[25.258,61.163],[25.254,61.167],[25.253,61.174],[25.25,61.176],[25.257,61.179],[25.26,61.186],[25.253,61.19],[25.254,61.193],[25.235,61.2],[25.232,61.206],[25.213,61.218],[25.2,61.222],[25.203,61.241],[25.187,61.24],[25.131,61.251],[25.097,61.256],[25.029,61.246],[25.023,61.258],[25.012,61.283],[25.015,61.29],[25.013,61.291],[24.996,61.281],[24.983,61.278],[24.977,61.28],[24.97,61.278],[24.954,61.287],[24.949,61.292],[24.936,61.295],[24.922,61.289],[24.921,61.314],[24.915,61.314],[24.918,61.319],[24.914,61.325],[24.879,61.298],[24.891,61.287],[24.845,61.278],[24.841,61.274],[24.826,61.276],[24.811,61.272],[24.808,61.273],[24.771,61.268],[24.732,61.317],[24.72,61.299],[24.718,61.284],[24.717,61.279],[24.708,61.272],[24.703,61.272],[24.688,61.28],[24.671,61.279],[24.666,61.277],[24.595,61.291],[24.59,61.288],[24.584,61.297],[24.574,61.304],[24.52,61.291],[24.493,61.282],[24.475,61.275],[24.466,61.27],[24.457,61.268],[24.448,61.27],[24.43,61.263],[24.426,61.257],[24.413,61.257],[24.403,61.253],[24.399,61.247],[24.386,61.25],[24.361,61.243],[24.303,61.233],[24.295,61.232],[24.334,61.214],[24.33,61.207],[24.404,61.168],[24.439,61.146],[24.452,61.141],[24.459,61.134],[24.472,61.126],[24.483,61.12],[24.485,61.117],[24.501,61.102],[24.543,61.087],[24.539,61.08],[24.624,61.061],[24.618,61.057],[24.548,61.049],[24.518,61.042],[24.517,61.043],[24.485,61.036],[24.479,61.035],[24.472,61.042],[24.454,61.04],[24.445,61.036],[24.44,61.037],[24.421,61.035],[24.392,61.029],[24.386,61.027],[24.379,61.028],[24.37,61.023],[24.374,61.018],[24.357,61.007],[24.356,61.007],[24.337,60.996],[24.344,60.996],[24.34,60.991],[24.332,60.994],[24.292,60.971],[24.213,60.936],[24.186,60.923],[24.153,60.888],[24.139,60.875],[24.131,60.877],[24.128,60.874],[24.117,60.876],[24.105,60.864],[24.095,60.866],[24.086,60.857],[24.082,60.86],[24.069,60.863],[24.075,60.868],[24.065,60.873],[24.067,60.876],[24.061,60.877],[24.045,60.883],[24.035,60.877],[24.019,60.878],[24.013,60.877],[24.006,60.878],[24.029,60.897],[24.017,60.908],[24.012,60.908],[24.015,60.914],[24.022,60.921],[24.019,60.922],[24.022,60.929],[24.079,60.966],[24.161,61.023],[24.167,61.025],[24.168,61.028],[24.177,61.03],[24.179,61.034],[24.195,61.043],[24.211,61.058],[24.226,61.065],[24.251,61.073],[24.247,61.076],[24.246,61.08],[24.249,61.083],[24.261,61.084],[24.251,61.09],[24.24,61.098],[24.236,61.151],[24.232,61.15],[24.182,61.145],[24.139,61.143],[24.134,61.138],[24.135,61.133],[24.139,61.132],[24.145,61.126],[24.142,61.123],[24.111,61.128],[24.064,61.123],[24.062,61.119],[24.053,61.121],[24.046,61.124],[24.042,61.123],[24.037,61.125],[24.024,61.122],[24.026,61.12],[23.958,61.102],[23.924,61.093],[23.926,61.09],[23.913,61.09],[23.908,61.087],[23.845,61.074],[23.825,61.082],[23.805,61.079],[23.788,61.073],[23.757,61.057],[23.804,61.051],[23.796,61.044],[23.805,61.036],[23.793,61.025],[23.828,61.03],[23.866,61.037],[23.868,61.031],[23.879,61.022],[23.875,61.019],[23.865,61.015],[23.848,61.012],[23.846,61.008],[23.838,61.007],[23.834,61.003],[23.815,61.001],[23.853,60.98],[23.857,60.972],[23.859,60.973],[23.883,60.975],[23.942,60.96],[23.947,60.961],[23.955,60.957],[23.97,60.957],[23.954,60.947],[23.964,60.944],[23.985,60.937],[23.996,60.936],[24.022,60.928],[23.989,60.88],[24.06,60.835],[24.047,60.826],[24.03,60.823],[24.038,60.82],[24.061,60.798],[24.063,60.793],[24.092,60.785],[24.099,60.796],[24.129,60.819],[24.176,60.82],[24.217,60.812],[24.253,60.786],[24.267,60.791],[24.273,60.792],[24.277,60.795],[24.291,60.798],[24.302,60.797],[24.312,60.794],[24.316,60.795],[24.335,60.795],[24.398,60.754],[24.413,60.756]],[[24.943,61.288],[24.935,61.282],[24.925,61.283],[24.931,61.289],[24.937,61.292],[24.943,61.288]]]}},{"type":"Feature","properties":{"id":2389014,"maakond_id":311,"name":"Akaa","bbox":[23.493,61.057,23.959,61.259]},"geometry":{"type":"Polygon","coordinates":[[[23.737,61.259],[23.726,61.253],[23.724,61.25],[23.706,61.243],[23.697,61.242],[23.688,61.236],[23.687,61.232],[23.681,61.234],[23.667,61.231],[23.67,61.227],[23.685,61.221],[23.692,61.216],[23.69,61.215],[23.656,61.21],[23.598,61.204],[23.569,61.201],[23.542,61.205],[23.535,61.201],[23.539,61.19],[23.532,61.185],[23.512,61.178],[23.493,61.163],[23.513,61.155],[23.503,61.153],[23.52,61.147],[23.523,61.141],[23.549,61.132],[23.547,61.128],[23.551,61.126],[23.56,61.124],[23.571,61.12],[23.573,61.126],[23.588,61.13],[23.65,61.12],[23.636,61.108],[23.657,61.101],[23.665,61.088],[23.668,61.076],[23.678,61.077],[23.69,61.075],[23.7,61.075],[23.708,61.074],[23.714,61.071],[23.723,61.07],[23.733,61.069],[23.757,61.057],[23.788,61.073],[23.805,61.079],[23.825,61.082],[23.845,61.074],[23.908,61.087],[23.913,61.09],[23.926,61.09],[23.924,61.093],[23.958,61.102],[23.952,61.105],[23.945,61.103],[23.939,61.106],[23.943,61.11],[23.929,61.118],[23.922,61.12],[23.93,61.126],[23.942,61.131],[23.936,61.132],[23.926,61.128],[23.919,61.13],[23.94,61.14],[23.94,61.142],[23.931,61.145],[23.943,61.156],[23.95,61.154],[23.958,61.16],[23.947,61.16],[23.945,61.165],[23.95,61.166],[23.959,61.173],[23.958,61.184],[23.938,61.185],[23.923,61.203],[23.905,61.207],[23.883,61.202],[23.869,61.206],[23.841,61.211],[23.818,61.216],[23.811,61.212],[23.798,61.217],[23.798,61.227],[23.809,61.229],[23.811,61.231],[23.786,61.234],[23.782,61.237],[23.767,61.243],[23.759,61.251],[23.754,61.248],[23.746,61.256],[23.737,61.259]]]}},{"type":"Feature","properties":{"id":2390003,"maakond_id":305,"name":"Hattula","bbox":[24.006,60.857,24.624,61.24]},"geometry":{"type":"Polygon","coordinates":[[[24.236,61.151],[24.24,61.098],[24.251,61.09],[24.261,61.084],[24.249,61.083],[24.246,61.08],[24.247,61.076],[24.251,61.073],[24.226,61.065],[24.211,61.058],[24.195,61.043],[24.179,61.034],[24.177,61.03],[24.168,61.028],[24.167,61.025],[24.161,61.023],[24.079,60.966],[24.022,60.929],[24.019,60.922],[24.022,60.921],[24.015,60.914],[24.012,60.908],[24.017,60.908],[24.029,60.897],[24.006,60.878],[24.013,60.877],[24.019,60.878],[24.035,60.877],[24.045,60.883],[24.061,60.877],[24.067,60.876],[24.065,60.873],[24.075,60.868],[24.069,60.863],[24.082,60.86],[24.086,60.857],[24.095,60.866],[24.105,60.864],[24.117,60.876],[24.128,60.874],[24.131,60.877],[24.139,60.875],[24.153,60.888],[24.186,60.923],[24.213,60.936],[24.292,60.971],[24.332,60.994],[24.34,60.991],[24.344,60.996],[24.337,60.996],[24.356,61.007],[24.357,61.007],[24.374,61.018],[24.37,61.023],[24.379,61.028],[24.386,61.027],[24.392,61.029],[24.421,61.035],[24.44,61.037],[24.445,61.036],[24.454,61.04],[24.472,61.042],[24.479,61.035],[24.485,61.036],[24.517,61.043],[24.518,61.042],[24.548,61.049],[24.618,61.057],[24.624,61.061],[24.539,61.08],[24.543,61.087],[24.501,61.102],[24.485,61.117],[24.483,61.12],[24.472,61.126],[24.459,61.134],[24.452,61.141],[24.439,61.146],[24.404,61.168],[24.33,61.207],[24.334,61.214],[24.295,61.232],[24.303,61.233],[24.283,61.24],[24.276,61.235],[24.269,61.23],[24.273,61.229],[24.266,61.226],[24.258,61.218],[24.266,61.208],[24.297,61.191],[24.236,61.151]]]}},{"type":"Feature","properties":{"id":2416995,"maakond_id":307,"name":"Kivijärvi","bbox":[24.732,63.008,25.379,63.279]},"geometry":{"type":"Polygon","coordinates":[[[24.804,63.276],[24.754,63.266],[24.767,63.255],[24.752,63.252],[24.763,63.219],[24.746,63.198],[24.732,63.147],[24.773,63.133],[24.775,63.133],[24.862,63.086],[24.872,63.08],[24.882,63.046],[24.891,63.033],[24.95,63.035],[24.958,63.034],[24.983,63.036],[24.988,63.044],[25.027,63.046],[25.052,63.008],[25.091,63.013],[25.081,63.028],[25.086,63.027],[25.097,63.029],[25.102,63.022],[25.108,63.025],[25.099,63.029],[25.128,63.033],[25.146,63.026],[25.159,63.033],[25.153,63.062],[25.16,63.08],[25.206,63.089],[25.298,63.095],[25.375,63.099],[25.337,63.158],[25.33,63.186],[25.316,63.242],[25.379,63.245],[25.366,63.257],[25.309,63.279],[25.136,63.238],[25.131,63.233],[25.109,63.237],[25.075,63.235],[24.985,63.232],[24.969,63.232],[24.889,63.235],[24.821,63.237],[24.804,63.276]]]}},{"type":"Feature","properties":{"id":2420899,"maakond_id":306,"name":"Perho","bbox":[24.052,63.116,24.804,63.392]},"geometry":{"type":"Polygon","coordinates":[[[24.773,63.359],[24.573,63.392],[24.493,63.367],[24.486,63.375],[24.406,63.372],[24.369,63.337],[24.239,63.345],[24.231,63.342],[24.221,63.346],[24.165,63.332],[24.154,63.329],[24.153,63.326],[24.163,63.322],[24.148,63.313],[24.136,63.323],[24.098,63.31],[24.084,63.295],[24.087,63.294],[24.09,63.282],[24.058,63.282],[24.052,63.258],[24.097,63.245],[24.172,63.211],[24.234,63.171],[24.195,63.156],[24.185,63.162],[24.178,63.161],[24.181,63.156],[24.178,63.152],[24.171,63.148],[24.203,63.155],[24.264,63.122],[24.257,63.133],[24.304,63.141],[24.313,63.138],[24.355,63.118],[24.359,63.116],[24.53,63.157],[24.587,63.151],[24.718,63.138],[24.773,63.133],[24.732,63.147],[24.746,63.198],[24.763,63.219],[24.752,63.252],[24.767,63.255],[24.754,63.266],[24.804,63.276],[24.802,63.279],[24.773,63.359]]]}},{"type":"Feature","properties":{"id":2422933,"maakond_id":307,"name":"Kinnula","bbox":[24.773,63.232,25.333,63.467]},"geometry":{"type":"Polygon","coordinates":[[[25.309,63.279],[25.333,63.284],[25.283,63.331],[25.211,63.385],[25.181,63.408],[25.082,63.467],[25.036,63.458],[24.903,63.431],[24.773,63.359],[24.802,63.279],[24.804,63.276],[24.821,63.237],[24.889,63.235],[24.969,63.232],[24.985,63.232],[25.075,63.235],[25.109,63.237],[25.131,63.233],[25.136,63.238],[25.309,63.279]]]}},{"type":"Feature","properties":{"id":2424504,"maakond_id":306,"name":"Lestijärvi","bbox":[24.409,63.359,25.036,63.653]},"geometry":{"type":"Polygon","coordinates":[[[24.773,63.359],[24.903,63.431],[25.036,63.458],[24.917,63.523],[24.82,63.587],[24.754,63.611],[24.637,63.645],[24.619,63.649],[24.619,63.651],[24.615,63.653],[24.612,63.649],[24.605,63.651],[24.565,63.637],[24.471,63.605],[24.481,63.596],[24.475,63.593],[24.459,63.591],[24.409,63.566],[24.423,63.559],[24.43,63.563],[24.493,63.539],[24.467,63.525],[24.502,63.51],[24.506,63.514],[24.511,63.512],[24.521,63.518],[24.532,63.525],[24.555,63.523],[24.555,63.512],[24.54,63.502],[24.524,63.5],[24.53,63.497],[24.532,63.481],[24.508,63.468],[24.52,63.464],[24.534,63.461],[24.535,63.458],[24.543,63.454],[24.546,63.449],[24.532,63.442],[24.527,63.443],[24.508,63.433],[24.511,63.431],[24.479,63.424],[24.461,63.42],[24.466,63.416],[24.478,63.419],[24.511,63.391],[24.479,63.384],[24.486,63.375],[24.493,63.367],[24.573,63.392],[24.773,63.359]]]}},{"type":"Feature","properties":{"id":2424664,"maakond_id":307,"name":"Pihtipudas","bbox":[25.082,63.246,26.177,63.612]},"geometry":{"type":"Polygon","coordinates":[[[25.333,63.284],[25.393,63.273],[25.465,63.278],[25.466,63.28],[25.476,63.278],[25.482,63.276],[25.504,63.264],[25.514,63.261],[25.516,63.258],[25.521,63.256],[25.582,63.252],[25.588,63.264],[25.626,63.262],[25.621,63.25],[25.647,63.246],[25.642,63.258],[25.697,63.281],[25.744,63.287],[25.802,63.28],[25.843,63.276],[25.869,63.274],[26.024,63.29],[26.142,63.275],[26.129,63.33],[26.087,63.354],[26.071,63.355],[26.121,63.406],[26.177,63.439],[26.139,63.458],[25.995,63.429],[25.893,63.44],[25.839,63.475],[25.809,63.494],[25.774,63.506],[25.738,63.515],[25.698,63.52],[25.589,63.522],[25.542,63.524],[25.481,63.533],[25.416,63.557],[25.348,63.581],[25.279,63.604],[25.251,63.612],[25.245,63.61],[25.14,63.574],[25.114,63.503],[25.104,63.491],[25.082,63.467],[25.181,63.408],[25.211,63.385],[25.283,63.331],[25.333,63.284]]]}},{"type":"Feature","properties":{"id":2426368,"maakond_id":314,"name":"Tuusniemi","bbox":[28.163,62.58,28.748,62.964]},"geometry":{"type":"Polygon","coordinates":[[[28.655,62.657],[28.655,62.668],[28.703,62.694],[28.644,62.728],[28.633,62.744],[28.643,62.761],[28.681,62.776],[28.692,62.776],[28.7,62.773],[28.711,62.775],[28.717,62.773],[28.748,62.799],[28.744,62.812],[28.722,62.816],[28.702,62.83],[28.711,62.838],[28.704,62.845],[28.702,62.848],[28.682,62.859],[28.661,62.874],[28.658,62.885],[28.648,62.886],[28.639,62.886],[28.628,62.89],[28.602,62.896],[28.586,62.897],[28.585,62.904],[28.56,62.916],[28.551,62.915],[28.523,62.929],[28.505,62.93],[28.5,62.93],[28.489,62.934],[28.481,62.935],[28.472,62.942],[28.473,62.943],[28.444,62.948],[28.445,62.951],[28.442,62.955],[28.426,62.954],[28.431,62.961],[28.414,62.964],[28.386,62.964],[28.392,62.953],[28.384,62.949],[28.375,62.948],[28.37,62.946],[28.311,62.941],[28.311,62.943],[28.246,62.947],[28.213,62.956],[28.219,62.951],[28.245,62.944],[28.274,62.942],[28.287,62.939],[28.302,62.936],[28.309,62.932],[28.308,62.929],[28.29,62.928],[28.272,62.92],[28.281,62.915],[28.3,62.913],[28.299,62.902],[28.293,62.899],[28.27,62.903],[28.267,62.897],[28.301,62.89],[28.293,62.888],[28.294,62.885],[28.291,62.882],[28.246,62.89],[28.243,62.886],[28.249,62.884],[28.254,62.88],[28.256,62.872],[28.25,62.871],[28.239,62.873],[28.214,62.882],[28.214,62.883],[28.19,62.89],[28.181,62.885],[28.163,62.885],[28.167,62.876],[28.182,62.872],[28.191,62.865],[28.197,62.863],[28.199,62.861],[28.209,62.855],[28.207,62.851],[28.21,62.848],[28.206,62.844],[28.2,62.841],[28.215,62.835],[28.224,62.829],[28.231,62.824],[28.239,62.822],[28.249,62.819],[28.258,62.819],[28.262,62.811],[28.265,62.81],[28.322,62.834],[28.323,62.827],[28.32,62.821],[28.321,62.816],[28.324,62.814],[28.335,62.816],[28.338,62.806],[28.332,62.8],[28.328,62.792],[28.31,62.789],[28.304,62.792],[28.299,62.79],[28.25,62.769],[28.26,62.768],[28.27,62.768],[28.278,62.775],[28.312,62.788],[28.33,62.778],[28.34,62.764],[28.331,62.764],[28.312,62.767],[28.292,62.764],[28.302,62.755],[28.302,62.754],[28.319,62.739],[28.33,62.737],[28.328,62.727],[28.331,62.725],[28.341,62.727],[28.348,62.724],[28.35,62.72],[28.362,62.714],[28.362,62.708],[28.371,62.701],[28.377,62.699],[28.375,62.696],[28.362,62.697],[28.342,62.675],[28.316,62.648],[28.364,62.633],[28.354,62.632],[28.361,62.623],[28.351,62.621],[28.362,62.617],[28.361,62.612],[28.376,62.61],[28.392,62.611],[28.401,62.61],[28.408,62.607],[28.431,62.604],[28.454,62.592],[28.456,62.588],[28.461,62.584],[28.467,62.583],[28.475,62.587],[28.487,62.588],[28.5,62.587],[28.512,62.585],[28.524,62.586],[28.537,62.584],[28.541,62.587],[28.558,62.595],[28.561,62.597],[28.578,62.58],[28.598,62.589],[28.604,62.588],[28.614,62.596],[28.624,62.6],[28.626,62.606],[28.622,62.606],[28.604,62.61],[28.614,62.616],[28.634,62.621],[28.638,62.626],[28.642,62.638],[28.643,62.649],[28.655,62.657]]]}},{"type":"Feature","properties":{"id":2433381,"maakond_id":314,"name":"Tervo","bbox":[26.536,62.796,27.142,63.132]},"geometry":{"type":"Polygon","coordinates":[[[26.842,62.805],[26.868,62.815],[26.881,62.821],[26.876,62.825],[26.884,62.836],[26.898,62.841],[26.901,62.841],[26.909,62.85],[26.913,62.861],[26.901,62.87],[26.905,62.873],[26.914,62.871],[26.916,62.875],[26.911,62.881],[26.911,62.894],[26.927,62.898],[26.918,62.903],[26.914,62.902],[26.908,62.907],[26.917,62.911],[26.924,62.908],[26.934,62.914],[26.94,62.916],[26.937,62.923],[26.924,62.942],[26.912,62.954],[26.896,62.957],[26.89,62.964],[26.905,62.977],[26.896,62.989],[26.918,62.992],[26.926,62.995],[26.942,62.996],[26.962,62.987],[26.979,62.983],[26.994,62.99],[27.014,62.993],[27.014,62.99],[27.028,62.992],[27.026,62.994],[27.025,63.003],[27.035,63.004],[27.045,63.008],[27.047,63.005],[27.068,63.003],[27.074,63.004],[27.072,63.01],[27.089,63.013],[27.094,63.015],[27.113,63.009],[27.118,63.006],[27.126,63.006],[27.142,63.012],[27.142,63.015],[27.101,63.032],[27.09,63.03],[27.077,63.044],[27.085,63.045],[27.08,63.05],[27.08,63.053],[27.05,63.063],[27.025,63.073],[27.008,63.077],[27.003,63.079],[26.996,63.086],[26.978,63.094],[26.971,63.103],[26.959,63.105],[26.957,63.109],[26.961,63.113],[26.957,63.118],[26.955,63.117],[26.904,63.111],[26.878,63.129],[26.862,63.132],[26.855,63.129],[26.844,63.127],[26.85,63.116],[26.858,63.109],[26.873,63.103],[26.91,63.093],[26.879,63.08],[26.816,63.081],[26.81,63.079],[26.813,63.076],[26.798,63.07],[26.788,63.069],[26.779,63.071],[26.763,63.073],[26.751,63.069],[26.751,63.062],[26.741,63.06],[26.725,63.047],[26.7,63.055],[26.675,63.049],[26.626,63.051],[26.607,63.042],[26.614,63.034],[26.622,63.021],[26.569,63.005],[26.543,62.999],[26.559,62.992],[26.536,62.987],[26.54,62.983],[26.614,62.955],[26.657,62.925],[26.661,62.92],[26.647,62.922],[26.681,62.898],[26.678,62.896],[26.662,62.885],[26.638,62.881],[26.671,62.85],[26.667,62.849],[26.671,62.846],[26.688,62.84],[26.719,62.837],[26.721,62.836],[26.734,62.841],[26.759,62.83],[26.776,62.817],[26.785,62.814],[26.79,62.809],[26.79,62.804],[26.794,62.8],[26.803,62.796],[26.811,62.8],[26.817,62.802],[26.834,62.81],[26.842,62.805]]]}},{"type":"Feature","properties":{"id":2472594,"maakond_id":308,"name":"Kouvola","bbox":[26.235,60.575,27.428,61.293]},"geometry":{"type":"Polygon","coordinates":[[[26.236,61.13],[26.255,61.112],[26.254,61.111],[26.257,61.105],[26.265,61.106],[26.27,61.104],[26.282,61.107],[26.297,61.107],[26.311,61.107],[26.267,61.07],[26.249,61.04],[26.266,61.012],[26.286,61.013],[26.305,61.003],[26.314,61.008],[26.317,61.002],[26.324,61.005],[26.331,61],[26.337,60.999],[26.346,61],[26.355,61.023],[26.374,61.026],[26.375,61.028],[26.386,61.028],[26.401,61.02],[26.405,61.016],[26.423,61.012],[26.453,61.017],[26.46,61.014],[26.504,61.01],[26.495,60.991],[26.508,60.974],[26.516,60.973],[26.519,60.961],[26.515,60.956],[26.519,60.952],[26.541,60.939],[26.535,60.938],[26.538,60.931],[26.545,60.884],[26.539,60.872],[26.532,60.871],[26.504,60.873],[26.491,60.873],[26.464,60.877],[26.46,60.874],[26.486,60.858],[26.511,60.841],[26.487,60.831],[26.466,60.829],[26.473,60.824],[26.465,60.822],[26.453,60.817],[26.438,60.82],[26.431,60.817],[26.425,60.816],[26.412,60.812],[26.396,60.811],[26.386,60.808],[26.379,60.806],[26.383,60.799],[26.397,60.779],[26.368,60.769],[26.374,60.761],[26.333,60.756],[26.305,60.753],[26.3,60.749],[26.298,60.734],[26.3,60.731],[26.331,60.712],[26.325,60.697],[26.338,60.676],[26.362,60.668],[26.347,60.661],[26.431,60.65],[26.458,60.639],[26.482,60.614],[26.483,60.597],[26.512,60.599],[26.539,60.595],[26.542,60.575],[26.564,60.607],[26.572,60.612],[26.579,60.615],[26.583,60.624],[26.594,60.628],[26.594,60.631],[26.597,60.636],[26.597,60.641],[26.603,60.644],[26.649,60.652],[26.683,60.649],[26.711,60.621],[26.754,60.576],[26.763,60.575],[26.774,60.581],[26.778,60.584],[26.776,60.589],[26.784,60.592],[26.784,60.596],[26.781,60.599],[26.787,60.605],[26.782,60.618],[26.769,60.621],[26.765,60.623],[26.755,60.626],[26.75,60.631],[26.76,60.637],[26.759,60.64],[26.755,60.643],[26.752,60.647],[26.754,60.651],[26.741,60.656],[26.753,60.663],[26.756,60.666],[26.751,60.673],[26.757,60.675],[26.772,60.676],[26.782,60.674],[26.786,60.671],[26.795,60.669],[26.803,60.662],[26.823,60.65],[26.841,60.647],[26.835,60.645],[26.827,60.645],[26.829,60.64],[26.84,60.639],[26.853,60.642],[26.863,60.638],[26.882,60.636],[26.894,60.639],[26.922,60.649],[26.946,60.655],[27.041,60.679],[27.051,60.671],[27.065,60.675],[27.068,60.672],[27.083,60.675],[27.103,60.685],[27.11,60.698],[27.119,60.712],[27.131,60.715],[27.133,60.717],[27.126,60.72],[27.123,60.725],[27.125,60.73],[27.119,60.732],[27.117,60.736],[27.111,60.74],[27.129,60.748],[27.124,60.752],[27.127,60.756],[27.117,60.763],[27.118,60.764],[27.127,60.766],[27.129,60.769],[27.123,60.772],[27.126,60.776],[27.131,60.776],[27.203,60.76],[27.226,60.761],[27.225,60.764],[27.232,60.77],[27.231,60.775],[27.239,60.774],[27.248,60.777],[27.253,60.777],[27.26,60.778],[27.265,60.777],[27.27,60.782],[27.271,60.787],[27.27,60.791],[27.261,60.795],[27.261,60.801],[27.272,60.804],[27.293,60.822],[27.31,60.821],[27.335,60.817],[27.347,60.817],[27.347,60.82],[27.352,60.827],[27.358,60.828],[27.357,60.831],[27.378,60.838],[27.393,60.84],[27.428,60.843],[27.418,60.848],[27.406,60.857],[27.392,60.864],[27.386,60.871],[27.373,60.879],[27.36,60.883],[27.339,60.888],[27.316,60.89],[27.305,60.894],[27.277,60.897],[27.255,60.899],[27.213,60.904],[27.184,60.925],[27.161,60.937],[27.136,60.951],[27.121,60.964],[27.129,60.967],[27.139,60.963],[27.141,60.959],[27.146,60.955],[27.157,60.952],[27.168,60.954],[27.174,60.951],[27.185,60.951],[27.194,60.952],[27.202,60.954],[27.212,60.956],[27.222,60.96],[27.235,60.963],[27.242,60.963],[27.248,60.968],[27.248,60.97],[27.242,60.973],[27.219,60.97],[27.213,60.979],[27.213,60.985],[27.218,60.987],[27.209,60.991],[27.207,61],[27.2,61.003],[27.197,61.007],[27.173,60.998],[27.167,61],[27.162,61.005],[27.141,61.011],[27.142,61.015],[27.148,61.021],[27.154,61.023],[27.16,61.028],[27.151,61.044],[27.147,61.048],[27.151,61.059],[27.15,61.067],[27.153,61.071],[27.161,61.072],[27.174,61.078],[27.185,61.086],[27.212,61.09],[27.229,61.09],[27.222,61.098],[27.213,61.103],[27.202,61.107],[27.19,61.102],[27.177,61.107],[27.185,61.112],[27.187,61.121],[27.218,61.143],[27.213,61.146],[27.211,61.155],[27.207,61.155],[27.209,61.161],[27.206,61.162],[27.173,61.162],[27.147,61.163],[27.141,61.162],[27.132,61.161],[27.121,61.164],[27.112,61.158],[27.096,61.155],[27.081,61.156],[27.056,61.152],[27.047,61.151],[27.031,61.152],[27.023,61.156],[27.004,61.16],[26.967,61.169],[26.95,61.173],[26.937,61.175],[26.912,61.183],[26.929,61.21],[26.925,61.213],[26.927,61.218],[26.921,61.22],[26.921,61.226],[26.907,61.232],[26.905,61.234],[26.899,61.235],[26.891,61.242],[26.897,61.244],[26.878,61.278],[26.881,61.285],[26.852,61.284],[26.832,61.28],[26.781,61.27],[26.772,61.266],[26.773,61.259],[26.764,61.249],[26.761,61.24],[26.755,61.238],[26.745,61.23],[26.661,61.207],[26.63,61.221],[26.671,61.244],[26.667,61.252],[26.65,61.264],[26.642,61.282],[26.635,61.286],[26.629,61.293],[26.617,61.287],[26.589,61.279],[26.562,61.271],[26.551,61.276],[26.542,61.277],[26.535,61.276],[26.531,61.272],[26.514,61.272],[26.514,61.274],[26.505,61.27],[26.485,61.265],[26.467,61.263],[26.444,61.263],[26.445,61.259],[26.441,61.257],[26.433,61.255],[26.425,61.251],[26.429,61.247],[26.431,61.237],[26.396,61.214],[26.385,61.188],[26.364,61.181],[26.348,61.174],[26.328,61.171],[26.271,61.163],[26.269,61.15],[26.235,61.131],[26.236,61.13]]]}},{"type":"Feature","properties":{"id":2472595,"maakond_id":308,"name":"Pyhtää","bbox":[26.448,60.171,26.876,60.652]},"geometry":{"type":"Polygon","coordinates":[[[26.876,60.2],[26.871,60.232],[26.848,60.413],[26.84,60.473],[26.84,60.475],[26.824,60.496],[26.75,60.574],[26.754,60.576],[26.711,60.621],[26.683,60.649],[26.649,60.652],[26.603,60.644],[26.597,60.641],[26.597,60.636],[26.594,60.631],[26.594,60.628],[26.583,60.624],[26.579,60.615],[26.572,60.612],[26.564,60.607],[26.542,60.575],[26.545,60.559],[26.544,60.555],[26.539,60.553],[26.517,60.551],[26.515,60.553],[26.509,60.554],[26.507,60.549],[26.501,60.545],[26.497,60.546],[26.488,60.544],[26.491,60.539],[26.502,60.538],[26.503,60.536],[26.511,60.531],[26.508,60.525],[26.496,60.524],[26.491,60.519],[26.494,60.516],[26.49,60.514],[26.485,60.514],[26.471,60.514],[26.466,60.511],[26.468,60.505],[26.461,60.5],[26.463,60.496],[26.451,60.495],[26.448,60.491],[26.452,60.49],[26.477,60.456],[26.489,60.424],[26.471,60.401],[26.552,60.367],[26.58,60.287],[26.58,60.28],[26.645,60.189],[26.656,60.171],[26.742,60.189],[26.765,60.2],[26.876,60.2]]]}},{"type":"Feature","properties":{"id":2473051,"maakond_id":317,"name":"Loviisa","bbox":[25.801,60.045,26.656,60.661]},"geometry":{"type":"Polygon","coordinates":[[[26.347,60.661],[26.349,60.607],[26.367,60.543],[26.362,60.535],[26.38,60.509],[26.339,60.51],[26.291,60.501],[26.276,60.517],[26.268,60.52],[26.262,60.525],[26.256,60.527],[26.245,60.519],[26.236,60.524],[26.222,60.534],[26.216,60.564],[26.209,60.573],[26.172,60.595],[26.152,60.571],[26.125,60.572],[26.09,60.591],[26.095,60.618],[26.091,60.63],[26.075,60.645],[26.001,60.644],[26.015,60.624],[26.013,60.621],[26.005,60.618],[25.987,60.62],[25.969,60.618],[25.963,60.615],[25.955,60.616],[25.946,60.615],[25.951,60.61],[25.957,60.607],[25.955,60.603],[25.96,60.598],[25.969,60.592],[25.938,60.573],[25.917,60.57],[25.854,60.573],[25.829,60.557],[25.826,60.549],[25.825,60.537],[25.817,60.522],[25.808,60.505],[25.801,60.487],[25.817,60.473],[25.855,60.454],[25.87,60.443],[25.907,60.437],[25.922,60.432],[25.947,60.408],[25.95,60.387],[25.935,60.366],[25.931,60.359],[25.927,60.355],[25.923,60.348],[25.923,60.334],[25.92,60.319],[25.918,60.313],[25.919,60.29],[25.927,60.282],[25.93,60.275],[25.931,60.268],[25.933,60.266],[25.943,60.264],[25.949,60.258],[25.96,60.256],[25.961,60.254],[25.955,60.251],[25.945,60.248],[25.931,60.248],[25.925,60.247],[25.93,60.24],[25.939,60.241],[25.966,60.238],[25.985,60.241],[25.983,60.247],[26.055,60.26],[26.144,60.172],[26.208,60.108],[26.271,60.045],[26.295,60.047],[26.36,60.082],[26.492,60.154],[26.611,60.162],[26.656,60.171],[26.645,60.189],[26.58,60.28],[26.58,60.287],[26.552,60.367],[26.471,60.401],[26.489,60.424],[26.477,60.456],[26.452,60.49],[26.448,60.491],[26.451,60.495],[26.463,60.496],[26.461,60.5],[26.468,60.505],[26.466,60.511],[26.471,60.514],[26.485,60.514],[26.49,60.514],[26.494,60.516],[26.491,60.519],[26.496,60.524],[26.508,60.525],[26.511,60.531],[26.503,60.536],[26.502,60.538],[26.491,60.539],[26.488,60.544],[26.497,60.546],[26.501,60.545],[26.507,60.549],[26.509,60.554],[26.515,60.553],[26.517,60.551],[26.539,60.553],[26.544,60.555],[26.545,60.559],[26.542,60.575],[26.539,60.595],[26.512,60.599],[26.483,60.597],[26.482,60.614],[26.458,60.639],[26.431,60.65],[26.347,60.661]]]}},{"type":"Feature","properties":{"id":2473508,"maakond_id":317,"name":"Lapinjärvi","bbox":[25.905,60.501,26.38,60.762]},"geometry":{"type":"Polygon","coordinates":[[[26.208,60.758],[26.224,60.729],[26.214,60.716],[26.163,60.7],[26.142,60.69],[26.109,60.686],[26.028,60.717],[25.965,60.71],[25.934,60.706],[25.935,60.699],[25.941,60.682],[25.924,60.66],[25.905,60.637],[25.958,60.648],[25.995,60.648],[26.001,60.644],[26.075,60.645],[26.091,60.63],[26.095,60.618],[26.09,60.591],[26.125,60.572],[26.152,60.571],[26.172,60.595],[26.209,60.573],[26.216,60.564],[26.222,60.534],[26.236,60.524],[26.245,60.519],[26.256,60.527],[26.262,60.525],[26.268,60.52],[26.276,60.517],[26.291,60.501],[26.339,60.51],[26.38,60.509],[26.362,60.535],[26.367,60.543],[26.349,60.607],[26.347,60.661],[26.362,60.668],[26.338,60.676],[26.325,60.697],[26.331,60.712],[26.3,60.731],[26.298,60.734],[26.3,60.749],[26.297,60.749],[26.288,60.751],[26.284,60.754],[26.277,60.754],[26.271,60.76],[26.26,60.762],[26.254,60.761],[26.253,60.748],[26.229,60.748],[26.208,60.758]]]}},{"type":"Feature","properties":{"id":2473559,"maakond_id":315,"name":"Iitti","bbox":[25.992,60.748,26.545,61.155]},"geometry":{"type":"MultiPolygon","coordinates":[[[[26.3,60.749],[26.305,60.753],[26.333,60.756],[26.374,60.761],[26.368,60.769],[26.397,60.779],[26.383,60.799],[26.379,60.806],[26.386,60.808],[26.396,60.811],[26.412,60.812],[26.425,60.816],[26.431,60.817],[26.438,60.82],[26.453,60.817],[26.465,60.822],[26.473,60.824],[26.466,60.829],[26.487,60.831],[26.511,60.841],[26.486,60.858],[26.46,60.874],[26.464,60.877],[26.491,60.873],[26.504,60.873],[26.532,60.871],[26.539,60.872],[26.545,60.884],[26.538,60.931],[26.535,60.938],[26.541,60.939],[26.519,60.952],[26.515,60.956],[26.519,60.961],[26.516,60.973],[26.508,60.974],[26.495,60.991],[26.504,61.01],[26.46,61.014],[26.453,61.017],[26.423,61.012],[26.405,61.016],[26.401,61.02],[26.386,61.028],[26.375,61.028],[26.374,61.026],[26.355,61.023],[26.346,61],[26.337,60.999],[26.331,61],[26.324,61.005],[26.317,61.002],[26.314,61.008],[26.305,61.003],[26.286,61.013],[26.266,61.012],[26.249,61.04],[26.267,61.07],[26.311,61.107],[26.297,61.107],[26.282,61.107],[26.27,61.104],[26.265,61.106],[26.257,61.105],[26.254,61.111],[26.255,61.112],[26.236,61.13],[26.167,61.138],[26.15,61.135],[26.141,61.155],[26.104,61.14],[26.049,61.12],[26.049,61.113],[26.05,61.108],[26.04,61.104],[26.051,61.101],[26.046,61.094],[26.107,61.077],[26.105,61.051],[26.109,61.049],[26.12,61.045],[26.118,61.041],[26.122,61.035],[26.133,61.028],[26.121,61.008],[26.117,60.985],[26.076,60.971],[26.066,60.974],[26.062,60.979],[26.066,60.984],[26.062,60.985],[26.054,60.985],[26.048,60.983],[26.05,60.979],[26.047,60.974],[26.042,60.973],[26.06,60.936],[26.169,60.929],[26.16,60.919],[26.14,60.907],[26.126,60.9],[26.114,60.887],[26.114,60.881],[26.12,60.876],[26.122,60.87],[26.114,60.868],[26.103,60.867],[26.095,60.863],[26.085,60.85],[26.079,60.844],[26.081,60.842],[26.077,60.837],[26.084,60.834],[26.083,60.831],[26.093,60.831],[26.097,60.829],[26.112,60.83],[26.118,60.833],[26.164,60.821],[26.202,60.802],[26.208,60.758],[26.229,60.748],[26.253,60.748],[26.254,60.761],[26.26,60.762],[26.271,60.76],[26.277,60.754],[26.284,60.754],[26.288,60.751],[26.297,60.749],[26.3,60.749]]],[[[26.028,61.095],[25.992,61.086],[26.009,61.071],[26.028,61.095]]]]}},{"type":"Feature","properties":{"id":2485457,"maakond_id":308,"name":"Kotka","bbox":[26.741,60.2,27.303,60.676]},"geometry":{"type":"Polygon","coordinates":[[[27.293,60.2],[27.303,60.228],[27.266,60.361],[27.249,60.359],[27.118,60.406],[27.12,60.423],[27.112,60.443],[27.063,60.475],[27.03,60.518],[27.026,60.522],[27.009,60.55],[27.007,60.557],[27.021,60.564],[27.02,60.574],[27.024,60.588],[27.029,60.605],[27.016,60.61],[26.922,60.649],[26.894,60.639],[26.882,60.636],[26.863,60.638],[26.853,60.642],[26.84,60.639],[26.829,60.64],[26.827,60.645],[26.835,60.645],[26.841,60.647],[26.823,60.65],[26.803,60.662],[26.795,60.669],[26.786,60.671],[26.782,60.674],[26.772,60.676],[26.757,60.675],[26.751,60.673],[26.756,60.666],[26.753,60.663],[26.741,60.656],[26.754,60.651],[26.752,60.647],[26.755,60.643],[26.759,60.64],[26.76,60.637],[26.75,60.631],[26.755,60.626],[26.765,60.623],[26.769,60.621],[26.782,60.618],[26.787,60.605],[26.781,60.599],[26.784,60.596],[26.784,60.592],[26.776,60.589],[26.778,60.584],[26.774,60.581],[26.763,60.575],[26.754,60.576],[26.75,60.574],[26.824,60.496],[26.84,60.475],[26.84,60.473],[26.848,60.413],[26.871,60.232],[26.876,60.2],[27.293,60.2]]]}},{"type":"Feature","properties":{"id":2502572,"maakond_id":308,"name":"Virolahti","bbox":[27.357,60.357,27.883,60.661]},"geometry":{"type":"Polygon","coordinates":[[[27.67,60.357],[27.726,60.392],[27.687,60.434],[27.694,60.438],[27.748,60.451],[27.748,60.469],[27.756,60.472],[27.768,60.489],[27.765,60.495],[27.768,60.504],[27.777,60.508],[27.774,60.534],[27.797,60.546],[27.814,60.554],[27.847,60.561],[27.842,60.566],[27.845,60.575],[27.841,60.577],[27.848,60.582],[27.873,60.605],[27.883,60.61],[27.879,60.611],[27.865,60.609],[27.854,60.618],[27.845,60.624],[27.842,60.627],[27.832,60.643],[27.82,60.655],[27.807,60.652],[27.802,60.653],[27.792,60.653],[27.787,60.65],[27.775,60.645],[27.778,60.642],[27.764,60.628],[27.754,60.625],[27.748,60.628],[27.74,60.629],[27.736,60.633],[27.728,60.638],[27.712,60.632],[27.723,60.622],[27.689,60.621],[27.676,60.622],[27.667,60.63],[27.661,60.634],[27.654,60.637],[27.643,60.643],[27.624,60.652],[27.616,60.654],[27.605,60.656],[27.597,60.659],[27.593,60.658],[27.588,60.661],[27.58,60.659],[27.589,60.652],[27.577,60.652],[27.563,60.656],[27.562,60.657],[27.533,60.656],[27.54,60.618],[27.509,60.616],[27.494,60.601],[27.488,60.617],[27.472,60.628],[27.466,60.634],[27.455,60.641],[27.441,60.635],[27.422,60.628],[27.388,60.602],[27.374,60.586],[27.36,60.566],[27.357,60.559],[27.38,60.529],[27.387,60.524],[27.398,60.518],[27.398,60.512],[27.407,60.484],[27.398,60.475],[27.436,60.46],[27.5,60.452],[27.535,60.44],[27.523,60.434],[27.521,60.424],[27.533,60.41],[27.557,60.387],[27.67,60.357]]]}},{"type":"Feature","properties":{"id":2502573,"maakond_id":308,"name":"Miehikkälä","bbox":[27.422,60.601,27.991,60.843]},"geometry":{"type":"Polygon","coordinates":[[[27.883,60.61],[27.922,60.631],[27.991,60.669],[27.967,60.667],[27.952,60.667],[27.957,60.677],[27.953,60.686],[27.931,60.69],[27.902,60.696],[27.889,60.708],[27.881,60.713],[27.867,60.733],[27.859,60.741],[27.858,60.749],[27.855,60.752],[27.856,60.757],[27.852,60.764],[27.846,60.766],[27.832,60.768],[27.825,60.767],[27.817,60.767],[27.812,60.765],[27.803,60.768],[27.792,60.769],[27.773,60.759],[27.751,60.758],[27.728,60.763],[27.71,60.79],[27.714,60.795],[27.703,60.796],[27.678,60.802],[27.664,60.801],[27.653,60.803],[27.627,60.805],[27.606,60.806],[27.601,60.804],[27.588,60.804],[27.55,60.798],[27.505,60.799],[27.486,60.807],[27.453,60.821],[27.428,60.843],[27.423,60.818],[27.424,60.809],[27.431,60.794],[27.43,60.79],[27.432,60.783],[27.443,60.768],[27.447,60.753],[27.44,60.73],[27.436,60.726],[27.428,60.71],[27.422,60.704],[27.436,60.694],[27.444,60.686],[27.446,60.68],[27.458,60.661],[27.452,60.65],[27.455,60.641],[27.466,60.634],[27.472,60.628],[27.488,60.617],[27.494,60.601],[27.509,60.616],[27.54,60.618],[27.533,60.656],[27.562,60.657],[27.563,60.656],[27.577,60.652],[27.589,60.652],[27.58,60.659],[27.588,60.661],[27.593,60.658],[27.597,60.659],[27.605,60.656],[27.616,60.654],[27.624,60.652],[27.643,60.643],[27.654,60.637],[27.661,60.634],[27.667,60.63],[27.676,60.622],[27.689,60.621],[27.723,60.622],[27.712,60.632],[27.728,60.638],[27.736,60.633],[27.74,60.629],[27.748,60.628],[27.754,60.625],[27.764,60.628],[27.778,60.642],[27.775,60.645],[27.787,60.65],[27.792,60.653],[27.802,60.653],[27.807,60.652],[27.82,60.655],[27.832,60.643],[27.842,60.627],[27.845,60.624],[27.854,60.618],[27.865,60.609],[27.879,60.611],[27.883,60.61]]]}},{"type":"Feature","properties":{"id":2502574,"maakond_id":308,"name":"Hamina","bbox":[26.922,60.2,27.67,60.843]},"geometry":{"type":"Polygon","coordinates":[[[27.293,60.2],[27.457,60.223],[27.505,60.255],[27.67,60.357],[27.557,60.387],[27.533,60.41],[27.521,60.424],[27.523,60.434],[27.535,60.44],[27.5,60.452],[27.436,60.46],[27.398,60.475],[27.407,60.484],[27.398,60.512],[27.398,60.518],[27.387,60.524],[27.38,60.529],[27.357,60.559],[27.36,60.566],[27.374,60.586],[27.388,60.602],[27.422,60.628],[27.441,60.635],[27.455,60.641],[27.452,60.65],[27.458,60.661],[27.446,60.68],[27.444,60.686],[27.436,60.694],[27.422,60.704],[27.428,60.71],[27.436,60.726],[27.44,60.73],[27.447,60.753],[27.443,60.768],[27.432,60.783],[27.43,60.79],[27.431,60.794],[27.424,60.809],[27.423,60.818],[27.428,60.843],[27.393,60.84],[27.378,60.838],[27.357,60.831],[27.358,60.828],[27.352,60.827],[27.347,60.82],[27.347,60.817],[27.335,60.817],[27.31,60.821],[27.293,60.822],[27.272,60.804],[27.261,60.801],[27.261,60.795],[27.27,60.791],[27.271,60.787],[27.27,60.782],[27.265,60.777],[27.26,60.778],[27.253,60.777],[27.248,60.777],[27.239,60.774],[27.231,60.775],[27.232,60.77],[27.225,60.764],[27.226,60.761],[27.203,60.76],[27.131,60.776],[27.126,60.776],[27.123,60.772],[27.129,60.769],[27.127,60.766],[27.118,60.764],[27.117,60.763],[27.127,60.756],[27.124,60.752],[27.129,60.748],[27.111,60.74],[27.117,60.736],[27.119,60.732],[27.125,60.73],[27.123,60.725],[27.126,60.72],[27.133,60.717],[27.131,60.715],[27.119,60.712],[27.11,60.698],[27.103,60.685],[27.083,60.675],[27.068,60.672],[27.065,60.675],[27.051,60.671],[27.041,60.679],[26.946,60.655],[26.922,60.649],[27.016,60.61],[27.029,60.605],[27.024,60.588],[27.02,60.574],[27.021,60.564],[27.007,60.557],[27.009,60.55],[27.026,60.522],[27.03,60.518],[27.063,60.475],[27.112,60.443],[27.12,60.423],[27.118,60.406],[27.249,60.359],[27.266,60.361],[27.303,60.228],[27.293,60.2]]]}},{"type":"Feature","properties":{"id":2502586,"maakond_id":301,"name":"Luumäki","bbox":[27.121,60.795,27.932,61.106]},"geometry":{"type":"Polygon","coordinates":[[[27.229,61.09],[27.212,61.09],[27.185,61.086],[27.174,61.078],[27.161,61.072],[27.153,61.071],[27.15,61.067],[27.151,61.059],[27.147,61.048],[27.151,61.044],[27.16,61.028],[27.154,61.023],[27.148,61.021],[27.142,61.015],[27.141,61.011],[27.162,61.005],[27.167,61],[27.173,60.998],[27.197,61.007],[27.2,61.003],[27.207,61],[27.209,60.991],[27.218,60.987],[27.213,60.985],[27.213,60.979],[27.219,60.97],[27.242,60.973],[27.248,60.97],[27.248,60.968],[27.242,60.963],[27.235,60.963],[27.222,60.96],[27.212,60.956],[27.202,60.954],[27.194,60.952],[27.185,60.951],[27.174,60.951],[27.168,60.954],[27.157,60.952],[27.146,60.955],[27.141,60.959],[27.139,60.963],[27.129,60.967],[27.121,60.964],[27.136,60.951],[27.161,60.937],[27.184,60.925],[27.213,60.904],[27.255,60.899],[27.277,60.897],[27.305,60.894],[27.316,60.89],[27.339,60.888],[27.36,60.883],[27.373,60.879],[27.386,60.871],[27.392,60.864],[27.406,60.857],[27.418,60.848],[27.428,60.843],[27.453,60.821],[27.486,60.807],[27.505,60.799],[27.55,60.798],[27.588,60.804],[27.601,60.804],[27.606,60.806],[27.627,60.805],[27.653,60.803],[27.664,60.801],[27.678,60.802],[27.703,60.796],[27.714,60.795],[27.719,60.801],[27.719,60.812],[27.722,60.817],[27.751,60.816],[27.746,60.82],[27.746,60.829],[27.744,60.832],[27.767,60.834],[27.761,60.824],[27.808,60.823],[27.816,60.822],[27.846,60.825],[27.837,60.829],[27.847,60.835],[27.876,60.849],[27.864,60.855],[27.855,60.86],[27.872,60.875],[27.883,60.878],[27.895,60.887],[27.901,60.874],[27.883,60.865],[27.886,60.862],[27.889,60.852],[27.895,60.849],[27.901,60.848],[27.905,60.85],[27.904,60.856],[27.912,60.858],[27.927,60.87],[27.932,60.876],[27.932,60.884],[27.915,60.887],[27.901,60.891],[27.891,60.909],[27.895,60.916],[27.902,60.928],[27.901,60.938],[27.895,60.946],[27.898,60.956],[27.904,60.966],[27.898,60.972],[27.908,60.99],[27.901,61.001],[27.896,61.001],[27.89,61.005],[27.884,61.003],[27.886,60.999],[27.883,60.997],[27.87,60.994],[27.858,60.994],[27.84,60.994],[27.833,60.999],[27.822,61.002],[27.811,61.001],[27.776,61],[27.743,60.996],[27.727,60.997],[27.71,61.003],[27.705,61.007],[27.705,61.012],[27.688,61.014],[27.67,61.012],[27.674,61.009],[27.673,61.006],[27.677,61.004],[27.667,61.001],[27.653,61.003],[27.633,61.009],[27.631,61.012],[27.623,61.014],[27.597,61.019],[27.584,61.017],[27.573,61.018],[27.537,61.023],[27.511,61.023],[27.502,61.031],[27.492,61.031],[27.477,61.027],[27.466,61.025],[27.456,61.02],[27.424,61.031],[27.413,61.056],[27.409,61.057],[27.394,61.068],[27.37,61.07],[27.364,61.101],[27.34,61.106],[27.33,61.103],[27.308,61.105],[27.305,61.104],[27.288,61.101],[27.283,61.098],[27.281,61.093],[27.259,61.095],[27.251,61.091],[27.24,61.091],[27.229,61.09]]]}},{"type":"Feature","properties":{"id":2502702,"maakond_id":301,"name":"Lemi","bbox":[27.573,60.994,27.991,61.17]},"geometry":{"type":"Polygon","coordinates":[[[27.991,61.062],[27.988,61.062],[27.983,61.068],[27.98,61.097],[27.973,61.103],[27.949,61.111],[27.947,61.123],[27.934,61.131],[27.927,61.127],[27.917,61.124],[27.909,61.131],[27.902,61.141],[27.887,61.133],[27.886,61.129],[27.882,61.127],[27.876,61.128],[27.876,61.131],[27.862,61.139],[27.876,61.151],[27.868,61.154],[27.866,61.153],[27.848,61.152],[27.843,61.155],[27.845,61.164],[27.85,61.17],[27.831,61.167],[27.812,61.163],[27.796,61.156],[27.793,61.159],[27.784,61.164],[27.781,61.161],[27.756,61.156],[27.738,61.155],[27.711,61.15],[27.697,61.151],[27.694,61.15],[27.691,61.139],[27.69,61.138],[27.692,61.129],[27.703,61.114],[27.708,61.108],[27.709,61.103],[27.703,61.099],[27.691,61.098],[27.687,61.1],[27.678,61.099],[27.667,61.095],[27.652,61.092],[27.636,61.086],[27.631,61.082],[27.635,61.074],[27.645,61.073],[27.639,61.069],[27.631,61.07],[27.617,61.064],[27.647,61.051],[27.649,61.033],[27.637,61.034],[27.639,61.041],[27.632,61.043],[27.625,61.044],[27.625,61.04],[27.622,61.037],[27.614,61.035],[27.594,61.036],[27.59,61.033],[27.585,61.032],[27.573,61.018],[27.584,61.017],[27.597,61.019],[27.623,61.014],[27.631,61.012],[27.633,61.009],[27.653,61.003],[27.667,61.001],[27.677,61.004],[27.673,61.006],[27.674,61.009],[27.67,61.012],[27.688,61.014],[27.705,61.012],[27.705,61.007],[27.71,61.003],[27.727,60.997],[27.743,60.996],[27.776,61],[27.811,61.001],[27.822,61.002],[27.833,60.999],[27.84,60.994],[27.858,60.994],[27.861,60.996],[27.856,61.002],[27.856,61.011],[27.859,61.015],[27.873,61.018],[27.866,61.025],[27.867,61.027],[27.884,61.03],[27.897,61.027],[27.92,61.031],[27.924,61.029],[27.934,61.02],[27.942,61.02],[27.942,61.028],[27.937,61.035],[27.932,61.039],[27.949,61.041],[27.958,61.04],[27.967,61.043],[27.989,61.044],[27.991,61.046],[27.986,61.051],[27.977,61.051],[27.991,61.062]]]}},{"type":"Feature","properties":{"id":2502703,"maakond_id":301,"name":"Savitaipale","bbox":[27.177,61.018,27.931,61.362]},"geometry":{"type":"Polygon","coordinates":[[[27.793,61.362],[27.754,61.329],[27.737,61.33],[27.696,61.33],[27.65,61.343],[27.647,61.344],[27.596,61.343],[27.596,61.327],[27.589,61.32],[27.603,61.32],[27.614,61.317],[27.61,61.308],[27.602,61.308],[27.592,61.311],[27.584,61.3],[27.592,61.297],[27.585,61.293],[27.557,61.304],[27.543,61.289],[27.559,61.286],[27.57,61.281],[27.589,61.284],[27.596,61.281],[27.577,61.263],[27.572,61.263],[27.544,61.257],[27.508,61.27],[27.463,61.268],[27.43,61.272],[27.436,61.26],[27.439,61.256],[27.437,61.25],[27.433,61.248],[27.421,61.246],[27.408,61.247],[27.389,61.245],[27.375,61.248],[27.368,61.243],[27.365,61.237],[27.368,61.231],[27.376,61.226],[27.38,61.22],[27.379,61.214],[27.384,61.213],[27.388,61.202],[27.359,61.195],[27.359,61.188],[27.362,61.179],[27.356,61.174],[27.325,61.169],[27.316,61.168],[27.309,61.172],[27.306,61.175],[27.3,61.175],[27.286,61.17],[27.269,61.166],[27.24,61.166],[27.229,61.167],[27.206,61.162],[27.209,61.161],[27.207,61.155],[27.211,61.155],[27.213,61.146],[27.218,61.143],[27.187,61.121],[27.185,61.112],[27.177,61.107],[27.19,61.102],[27.202,61.107],[27.213,61.103],[27.222,61.098],[27.229,61.09],[27.24,61.091],[27.251,61.091],[27.259,61.095],[27.281,61.093],[27.283,61.098],[27.288,61.101],[27.305,61.104],[27.308,61.105],[27.33,61.103],[27.34,61.106],[27.364,61.101],[27.37,61.07],[27.394,61.068],[27.409,61.057],[27.413,61.056],[27.424,61.031],[27.456,61.02],[27.466,61.025],[27.477,61.027],[27.492,61.031],[27.502,61.031],[27.511,61.023],[27.537,61.023],[27.573,61.018],[27.585,61.032],[27.59,61.033],[27.594,61.036],[27.614,61.035],[27.622,61.037],[27.625,61.04],[27.625,61.044],[27.632,61.043],[27.639,61.041],[27.637,61.034],[27.649,61.033],[27.647,61.051],[27.617,61.064],[27.631,61.07],[27.639,61.069],[27.645,61.073],[27.635,61.074],[27.631,61.082],[27.636,61.086],[27.652,61.092],[27.667,61.095],[27.678,61.099],[27.687,61.1],[27.691,61.098],[27.703,61.099],[27.709,61.103],[27.708,61.108],[27.703,61.114],[27.692,61.129],[27.69,61.138],[27.691,61.139],[27.694,61.15],[27.697,61.151],[27.711,61.15],[27.738,61.155],[27.756,61.156],[27.781,61.161],[27.784,61.164],[27.794,61.175],[27.816,61.184],[27.821,61.188],[27.822,61.193],[27.813,61.192],[27.81,61.189],[27.802,61.191],[27.805,61.204],[27.813,61.206],[27.809,61.214],[27.814,61.22],[27.823,61.225],[27.813,61.232],[27.806,61.229],[27.796,61.228],[27.788,61.234],[27.793,61.235],[27.798,61.239],[27.796,61.244],[27.781,61.24],[27.778,61.242],[27.762,61.244],[27.754,61.241],[27.749,61.244],[27.753,61.246],[27.748,61.25],[27.748,61.256],[27.75,61.257],[27.754,61.264],[27.765,61.263],[27.784,61.264],[27.794,61.262],[27.803,61.262],[27.808,61.258],[27.829,61.249],[27.843,61.249],[27.844,61.254],[27.829,61.265],[27.853,61.264],[27.869,61.272],[27.861,61.278],[27.843,61.283],[27.843,61.286],[27.837,61.291],[27.842,61.299],[27.839,61.302],[27.836,61.306],[27.848,61.312],[27.867,61.322],[27.873,61.329],[27.871,61.33],[27.89,61.333],[27.888,61.334],[27.931,61.35],[27.856,61.351],[27.793,61.362]]]}},{"type":"Feature","properties":{"id":2506378,"maakond_id":318,"name":"Kaarina","bbox":[22.274,60.345,22.607,60.496]},"geometry":{"type":"Polygon","coordinates":[[[22.579,60.495],[22.576,60.493],[22.567,60.495],[22.541,60.485],[22.534,60.481],[22.53,60.481],[22.523,60.478],[22.535,60.474],[22.529,60.471],[22.521,60.478],[22.505,60.47],[22.472,60.459],[22.461,60.458],[22.455,60.454],[22.457,60.452],[22.438,60.45],[22.437,60.453],[22.423,60.452],[22.398,60.447],[22.372,60.472],[22.372,60.475],[22.365,60.478],[22.36,60.476],[22.351,60.48],[22.34,60.478],[22.331,60.471],[22.338,60.466],[22.344,60.467],[22.351,60.461],[22.369,60.441],[22.362,60.44],[22.367,60.434],[22.363,60.43],[22.351,60.426],[22.34,60.424],[22.329,60.418],[22.304,60.41],[22.286,60.409],[22.274,60.403],[22.28,60.398],[22.284,60.391],[22.282,60.386],[22.288,60.382],[22.303,60.381],[22.305,60.373],[22.308,60.371],[22.305,60.368],[22.311,60.362],[22.323,60.367],[22.33,60.368],[22.336,60.365],[22.348,60.364],[22.368,60.368],[22.378,60.368],[22.388,60.373],[22.403,60.374],[22.409,60.376],[22.424,60.377],[22.439,60.375],[22.438,60.364],[22.428,60.359],[22.426,60.357],[22.437,60.353],[22.456,60.35],[22.463,60.345],[22.472,60.349],[22.481,60.351],[22.489,60.35],[22.497,60.351],[22.511,60.36],[22.526,60.356],[22.543,60.347],[22.553,60.357],[22.577,60.361],[22.58,60.368],[22.597,60.373],[22.602,60.379],[22.607,60.382],[22.605,60.385],[22.604,60.392],[22.598,60.392],[22.597,60.396],[22.601,60.4],[22.584,60.404],[22.596,60.408],[22.6,60.413],[22.596,60.433],[22.599,60.436],[22.595,60.439],[22.588,60.47],[22.583,60.474],[22.587,60.476],[22.581,60.482],[22.585,60.484],[22.582,60.496],[22.579,60.495]]]}},{"type":"Feature","properties":{"id":2506379,"maakond_id":318,"name":"Koski Tl","bbox":[22.927,60.571,23.259,60.774]},"geometry":{"type":"MultiPolygon","coordinates":[[[[23.208,60.586],[23.259,60.627],[23.219,60.643],[23.243,60.676],[23.235,60.677],[23.226,60.681],[23.218,60.681],[23.188,60.737],[23.155,60.774],[23.11,60.746],[23.09,60.727],[23.032,60.699],[22.965,60.711],[22.959,60.705],[22.971,60.694],[22.982,60.692],[23.004,60.674],[23.027,60.641],[23.029,60.635],[23.018,60.633],[23.101,60.574],[23.112,60.577],[23.141,60.578],[23.161,60.581],[23.191,60.571],[23.208,60.586]]],[[[22.927,60.708],[22.934,60.704],[22.942,60.697],[22.954,60.697],[22.961,60.701],[22.96,60.703],[22.947,60.706],[22.927,60.708]]]]}},{"type":"Feature","properties":{"id":2506380,"maakond_id":318,"name":"Marttila","bbox":[22.799,60.511,23.101,60.716]},"geometry":{"type":"Polygon","coordinates":[[[22.829,60.524],[22.837,60.52],[22.842,60.52],[22.846,60.511],[22.873,60.518],[22.901,60.525],[22.933,60.537],[22.974,60.543],[23.002,60.549],[23.051,60.557],[23.058,60.555],[23.062,60.559],[23.101,60.574],[23.018,60.633],[23.029,60.635],[23.027,60.641],[23.004,60.674],[22.982,60.692],[22.971,60.694],[22.959,60.705],[22.965,60.711],[22.938,60.716],[22.927,60.708],[22.947,60.706],[22.96,60.703],[22.961,60.701],[22.954,60.697],[22.942,60.697],[22.939,60.694],[22.931,60.69],[22.925,60.69],[22.915,60.686],[22.91,60.687],[22.904,60.684],[22.894,60.686],[22.886,60.678],[22.884,60.675],[22.869,60.656],[22.862,60.639],[22.855,60.629],[22.844,60.62],[22.836,60.611],[22.823,60.603],[22.809,60.596],[22.799,60.594],[22.8,60.583],[22.8,60.569],[22.803,60.556],[22.824,60.53],[22.831,60.526],[22.829,60.524]]]}},{"type":"Feature","properties":{"id":2506381,"maakond_id":318,"name":"Oripää","bbox":[22.524,60.813,22.817,60.99]},"geometry":{"type":"MultiPolygon","coordinates":[[[[22.758,60.815],[22.817,60.813],[22.792,60.824],[22.771,60.853],[22.778,60.868],[22.775,60.888],[22.772,60.913],[22.77,60.923],[22.76,60.921],[22.758,60.937],[22.749,60.937],[22.751,60.918],[22.719,60.908],[22.654,60.904],[22.648,60.915],[22.631,60.912],[22.623,60.918],[22.619,60.914],[22.602,60.927],[22.595,60.923],[22.587,60.911],[22.59,60.908],[22.571,60.901],[22.56,60.895],[22.552,60.883],[22.565,60.881],[22.563,60.877],[22.552,60.874],[22.589,60.848],[22.59,60.85],[22.621,60.84],[22.654,60.827],[22.686,60.829],[22.73,60.825],[22.736,60.823],[22.741,60.825],[22.745,60.819],[22.758,60.815]]],[[[22.571,60.962],[22.567,60.964],[22.562,60.963],[22.559,60.965],[22.555,60.967],[22.553,60.966],[22.547,60.966],[22.55,60.965],[22.553,60.964],[22.56,60.96],[22.558,60.955],[22.583,60.941],[22.597,60.944],[22.601,60.96],[22.571,60.962]]],[[[22.572,60.964],[22.573,60.965],[22.569,60.97],[22.593,60.973],[22.615,60.989],[22.579,60.99],[22.549,60.984],[22.524,60.976],[22.526,60.974],[22.553,60.959],[22.556,60.96],[22.556,60.962],[22.551,60.965],[22.549,60.965],[22.548,60.966],[22.546,60.967],[22.552,60.967],[22.554,60.967],[22.555,60.967],[22.557,60.967],[22.56,60.965],[22.566,60.965],[22.572,60.964]]]]}},{"type":"Feature","properties":{"id":2506382,"maakond_id":318,"name":"Paimio","bbox":[22.576,60.364,22.876,60.547]},"geometry":{"type":"Polygon","coordinates":[[[22.579,60.495],[22.582,60.496],[22.585,60.484],[22.581,60.482],[22.587,60.476],[22.583,60.474],[22.588,60.47],[22.595,60.439],[22.599,60.436],[22.596,60.433],[22.6,60.413],[22.596,60.408],[22.584,60.404],[22.601,60.4],[22.597,60.396],[22.598,60.392],[22.604,60.392],[22.605,60.385],[22.607,60.382],[22.613,60.38],[22.619,60.374],[22.636,60.364],[22.651,60.37],[22.662,60.37],[22.671,60.372],[22.678,60.37],[22.687,60.373],[22.693,60.371],[22.701,60.374],[22.714,60.38],[22.725,60.383],[22.734,60.388],[22.744,60.39],[22.751,60.393],[22.755,60.392],[22.746,60.385],[22.751,60.385],[22.759,60.379],[22.786,60.369],[22.814,60.371],[22.819,60.373],[22.832,60.387],[22.835,60.406],[22.842,60.409],[22.853,60.418],[22.859,60.417],[22.869,60.418],[22.871,60.427],[22.856,60.428],[22.876,60.445],[22.85,60.466],[22.848,60.471],[22.857,60.489],[22.853,60.492],[22.856,60.494],[22.846,60.511],[22.842,60.52],[22.837,60.52],[22.829,60.524],[22.827,60.521],[22.82,60.522],[22.822,60.525],[22.797,60.526],[22.78,60.526],[22.772,60.526],[22.732,60.537],[22.729,60.537],[22.719,60.541],[22.707,60.544],[22.691,60.547],[22.693,60.544],[22.681,60.544],[22.676,60.543],[22.676,60.54],[22.662,60.532],[22.656,60.531],[22.645,60.527],[22.643,60.524],[22.616,60.513],[22.613,60.51],[22.597,60.506],[22.576,60.498],[22.576,60.496],[22.579,60.495]]]}},{"type":"Feature","properties":{"id":2506383,"maakond_id":318,"name":"Raisio","bbox":[22.069,60.448,22.249,60.531]},"geometry":{"type":"Polygon","coordinates":[[[22.085,60.515],[22.088,60.507],[22.092,60.508],[22.094,60.501],[22.083,60.5],[22.084,60.496],[22.079,60.492],[22.07,60.489],[22.072,60.486],[22.069,60.48],[22.07,60.475],[22.076,60.474],[22.073,60.47],[22.078,60.466],[22.076,60.464],[22.082,60.461],[22.081,60.459],[22.099,60.451],[22.108,60.448],[22.109,60.455],[22.113,60.453],[22.117,60.459],[22.122,60.462],[22.136,60.465],[22.154,60.464],[22.16,60.462],[22.167,60.463],[22.181,60.463],[22.19,60.461],[22.193,60.469],[22.197,60.469],[22.203,60.476],[22.207,60.474],[22.211,60.479],[22.208,60.483],[22.222,60.488],[22.222,60.49],[22.234,60.491],[22.249,60.503],[22.246,60.505],[22.233,60.504],[22.231,60.505],[22.202,60.507],[22.195,60.508],[22.197,60.514],[22.182,60.518],[22.178,60.521],[22.144,60.53],[22.142,60.531],[22.123,60.524],[22.112,60.521],[22.112,60.518],[22.117,60.512],[22.113,60.512],[22.11,60.518],[22.101,60.518],[22.085,60.515]]]}},{"type":"Feature","properties":{"id":2506773,"maakond_id":316,"name":"Eurajoki","bbox":[20.812,61.14,21.946,61.53]},"geometry":{"type":"Polygon","coordinates":[[[20.812,61.285],[20.994,61.274],[21.212,61.26],[21.369,61.25],[21.411,61.245],[21.425,61.235],[21.485,61.216],[21.503,61.214],[21.505,61.209],[21.558,61.194],[21.567,61.186],[21.579,61.183],[21.584,61.186],[21.598,61.189],[21.599,61.186],[21.611,61.174],[21.62,61.163],[21.637,61.154],[21.647,61.15],[21.704,61.141],[21.718,61.14],[21.739,61.14],[21.743,61.143],[21.75,61.144],[21.765,61.148],[21.812,61.15],[21.829,61.162],[21.867,61.146],[21.896,61.164],[21.921,61.165],[21.946,61.173],[21.943,61.192],[21.898,61.221],[21.891,61.228],[21.89,61.23],[21.878,61.237],[21.88,61.24],[21.889,61.264],[21.91,61.283],[21.899,61.287],[21.876,61.297],[21.781,61.338],[21.779,61.34],[21.805,61.34],[21.763,61.362],[21.713,61.39],[21.658,61.424],[21.65,61.425],[21.582,61.417],[21.552,61.425],[21.547,61.428],[21.541,61.427],[21.521,61.432],[21.528,61.451],[21.431,61.475],[21.4,61.5],[20.875,61.53],[20.854,61.447],[20.833,61.367],[20.812,61.285]]]}},{"type":"Feature","properties":{"id":2506774,"maakond_id":316,"name":"Harjavalta","bbox":[22.004,61.265,22.272,61.432]},"geometry":{"type":"Polygon","coordinates":[[[22.205,61.407],[22.195,61.412],[22.195,61.415],[22.181,61.424],[22.173,61.427],[22.157,61.43],[22.146,61.432],[22.166,61.405],[22.112,61.393],[22.067,61.352],[22.068,61.343],[22.072,61.341],[22.088,61.34],[22.108,61.341],[22.119,61.337],[22.105,61.329],[22.095,61.327],[22.085,61.331],[22.072,61.328],[22.081,61.324],[22.053,61.318],[22.02,61.316],[22.004,61.313],[22.021,61.294],[22.042,61.271],[22.061,61.269],[22.074,61.27],[22.078,61.274],[22.101,61.27],[22.101,61.269],[22.13,61.265],[22.129,61.271],[22.114,61.273],[22.121,61.29],[22.155,61.286],[22.159,61.286],[22.202,61.279],[22.208,61.281],[22.219,61.28],[22.217,61.275],[22.226,61.279],[22.222,61.282],[22.225,61.283],[22.229,61.289],[22.217,61.291],[22.209,61.294],[22.22,61.305],[22.226,61.309],[22.223,61.312],[22.222,61.317],[22.235,61.32],[22.24,61.319],[22.246,61.327],[22.245,61.332],[22.239,61.331],[22.236,61.335],[22.255,61.343],[22.265,61.342],[22.268,61.344],[22.262,61.347],[22.272,61.35],[22.264,61.356],[22.259,61.358],[22.255,61.363],[22.248,61.368],[22.244,61.368],[22.23,61.374],[22.222,61.382],[22.199,61.398],[22.209,61.4],[22.215,61.403],[22.205,61.407]]]}},{"type":"Feature","properties":{"id":2506777,"maakond_id":316,"name":"Jämijärvi","bbox":[22.516,61.736,22.828,61.952]},"geometry":{"type":"Polygon","coordinates":[[[22.647,61.952],[22.632,61.948],[22.638,61.929],[22.62,61.933],[22.623,61.937],[22.612,61.94],[22.608,61.936],[22.6,61.938],[22.583,61.934],[22.57,61.93],[22.573,61.925],[22.561,61.928],[22.557,61.925],[22.536,61.909],[22.516,61.898],[22.525,61.891],[22.519,61.89],[22.55,61.884],[22.553,61.872],[22.556,61.856],[22.56,61.852],[22.558,61.849],[22.559,61.842],[22.562,61.84],[22.558,61.833],[22.544,61.802],[22.577,61.791],[22.674,61.767],[22.662,61.745],[22.691,61.741],[22.694,61.738],[22.699,61.739],[22.719,61.736],[22.733,61.743],[22.729,61.75],[22.759,61.757],[22.769,61.755],[22.777,61.752],[22.787,61.756],[22.802,61.768],[22.817,61.791],[22.812,61.795],[22.824,61.8],[22.828,61.815],[22.793,61.834],[22.788,61.842],[22.78,61.842],[22.767,61.855],[22.747,61.849],[22.737,61.86],[22.788,61.871],[22.782,61.881],[22.735,61.89],[22.737,61.903],[22.728,61.904],[22.728,61.907],[22.738,61.905],[22.739,61.911],[22.731,61.916],[22.72,61.917],[22.719,61.921],[22.711,61.918],[22.683,61.922],[22.666,61.931],[22.653,61.947],[22.647,61.952]]]}},{"type":"Feature","properties":{"id":2506778,"maakond_id":316,"name":"Kankaanpää","bbox":[21.975,61.686,22.695,62.142]},"geometry":{"type":"Polygon","coordinates":[[[22.374,62.142],[22.32,62.103],[22.199,62.103],[22.151,62.062],[22.122,62.044],[22.108,62.032],[21.975,61.98],[21.981,61.953],[21.99,61.952],[21.995,61.947],[21.994,61.944],[22.003,61.944],[22.003,61.94],[22.01,61.934],[22.097,61.924],[22.144,61.892],[22.172,61.881],[22.175,61.879],[22.135,61.856],[22.145,61.853],[22.107,61.842],[22.072,61.839],[22.035,61.804],[22.088,61.783],[22.164,61.772],[22.173,61.746],[22.194,61.743],[22.197,61.738],[22.195,61.72],[22.183,61.721],[22.182,61.718],[22.19,61.715],[22.186,61.71],[22.182,61.707],[22.188,61.704],[22.202,61.703],[22.207,61.691],[22.208,61.716],[22.206,61.716],[22.209,61.725],[22.212,61.729],[22.22,61.73],[22.219,61.734],[22.212,61.735],[22.216,61.741],[22.225,61.744],[22.228,61.748],[22.228,61.756],[22.242,61.756],[22.318,61.749],[22.365,61.719],[22.383,61.709],[22.477,61.697],[22.547,61.688],[22.556,61.686],[22.635,61.696],[22.647,61.697],[22.687,61.699],[22.691,61.703],[22.679,61.726],[22.684,61.728],[22.695,61.73],[22.692,61.734],[22.694,61.738],[22.691,61.741],[22.662,61.745],[22.674,61.767],[22.577,61.791],[22.544,61.802],[22.558,61.833],[22.562,61.84],[22.559,61.842],[22.558,61.849],[22.56,61.852],[22.556,61.856],[22.553,61.872],[22.55,61.884],[22.519,61.89],[22.525,61.891],[22.516,61.898],[22.536,61.909],[22.557,61.925],[22.561,61.928],[22.573,61.925],[22.57,61.93],[22.583,61.934],[22.6,61.938],[22.608,61.936],[22.612,61.94],[22.623,61.937],[22.62,61.933],[22.638,61.929],[22.632,61.948],[22.647,61.952],[22.657,61.955],[22.655,61.965],[22.621,61.968],[22.623,61.981],[22.615,61.982],[22.615,61.978],[22.61,61.974],[22.611,61.971],[22.608,61.966],[22.599,61.966],[22.595,61.974],[22.605,61.977],[22.601,61.981],[22.583,61.985],[22.573,61.983],[22.528,61.997],[22.523,61.998],[22.507,62],[22.506,62.005],[22.511,62.012],[22.436,62.007],[22.428,62.023],[22.385,62.018],[22.378,62.028],[22.424,62.032],[22.423,62.03],[22.45,62.032],[22.444,62.036],[22.391,62.041],[22.393,62.045],[22.435,62.041],[22.42,62.051],[22.411,62.086],[22.414,62.093],[22.427,62.093],[22.445,62.11],[22.441,62.112],[22.422,62.108],[22.415,62.113],[22.419,62.115],[22.417,62.118],[22.416,62.127],[22.407,62.13],[22.409,62.133],[22.404,62.134],[22.402,62.125],[22.403,62.123],[22.401,62.115],[22.406,62.112],[22.409,62.104],[22.414,62.1],[22.41,62.097],[22.398,62.116],[22.387,62.139],[22.381,62.138],[22.374,62.142]]]}},{"type":"Feature","properties":{"id":2506784,"maakond_id":316,"name":"Merikarvia","bbox":[20.829,61.7,21.752,62.025]},"geometry":{"type":"Polygon","coordinates":[[[21.749,62.016],[21.703,62.021],[21.674,62.02],[21.648,62.02],[21.639,62.019],[21.55,62.023],[21.524,62.025],[21.427,62.01],[21.371,61.969],[21.36,61.96],[21.339,61.956],[21.283,61.945],[20.829,61.922],[20.842,61.874],[20.873,61.76],[20.889,61.7],[21.365,61.728],[21.423,61.722],[21.446,61.723],[21.459,61.725],[21.549,61.741],[21.553,61.749],[21.563,61.749],[21.57,61.746],[21.577,61.748],[21.605,61.746],[21.613,61.745],[21.622,61.747],[21.63,61.744],[21.701,61.738],[21.728,61.748],[21.713,61.767],[21.679,61.816],[21.694,61.873],[21.724,61.875],[21.747,61.936],[21.752,61.936],[21.751,61.945],[21.749,62.016]]]}},{"type":"Feature","properties":{"id":2506785,"maakond_id":316,"name":"Nakkila","bbox":[21.713,61.292,22.166,61.421]},"geometry":{"type":"Polygon","coordinates":[[[22.166,61.405],[22.084,61.421],[22.028,61.421],[22.021,61.419],[22.005,61.418],[21.971,61.402],[21.966,61.396],[21.958,61.401],[21.95,61.404],[21.931,61.399],[21.87,61.398],[21.808,61.385],[21.804,61.385],[21.804,61.384],[21.713,61.39],[21.763,61.362],[21.805,61.34],[21.779,61.34],[21.781,61.338],[21.876,61.297],[21.89,61.309],[21.927,61.301],[21.938,61.299],[21.943,61.3],[21.947,61.292],[21.965,61.297],[21.966,61.293],[21.981,61.294],[21.986,61.292],[21.997,61.296],[21.999,61.293],[22.011,61.292],[22.021,61.294],[22.004,61.313],[22.02,61.316],[22.053,61.318],[22.081,61.324],[22.072,61.328],[22.085,61.331],[22.095,61.327],[22.105,61.329],[22.119,61.337],[22.108,61.341],[22.088,61.34],[22.072,61.341],[22.068,61.343],[22.067,61.352],[22.112,61.393],[22.166,61.405]]]}},{"type":"Feature","properties":{"id":2506787,"maakond_id":316,"name":"Pomarkku","bbox":[21.728,61.615,22.383,61.783]},"geometry":{"type":"Polygon","coordinates":[[[22.088,61.783],[22.084,61.775],[22.067,61.769],[22.059,61.77],[22.04,61.747],[21.976,61.767],[21.912,61.767],[21.824,61.751],[21.755,61.748],[21.728,61.748],[21.831,61.69],[21.841,61.69],[21.847,61.684],[21.859,61.679],[21.936,61.648],[21.983,61.629],[22.034,61.615],[22.036,61.617],[22.057,61.617],[22.064,61.62],[22.08,61.622],[22.122,61.622],[22.127,61.639],[22.136,61.634],[22.139,61.633],[22.154,61.636],[22.165,61.635],[22.17,61.639],[22.182,61.639],[22.23,61.664],[22.233,61.694],[22.237,61.696],[22.287,61.7],[22.335,61.705],[22.34,61.709],[22.333,61.713],[22.332,61.717],[22.35,61.716],[22.383,61.709],[22.365,61.719],[22.318,61.749],[22.242,61.756],[22.228,61.756],[22.228,61.748],[22.225,61.744],[22.216,61.741],[22.212,61.735],[22.219,61.734],[22.22,61.73],[22.212,61.729],[22.209,61.725],[22.206,61.716],[22.208,61.716],[22.207,61.691],[22.202,61.703],[22.188,61.704],[22.182,61.707],[22.186,61.71],[22.19,61.715],[22.182,61.718],[22.183,61.721],[22.195,61.72],[22.197,61.738],[22.194,61.743],[22.173,61.746],[22.164,61.772],[22.088,61.783]]]}},{"type":"Feature","properties":{"id":2506789,"maakond_id":316,"name":"Siikainen","bbox":[21.679,61.747,22.175,62.016]},"geometry":{"type":"Polygon","coordinates":[[[21.749,62.016],[21.751,61.945],[21.752,61.936],[21.747,61.936],[21.724,61.875],[21.694,61.873],[21.679,61.816],[21.713,61.767],[21.728,61.748],[21.755,61.748],[21.824,61.751],[21.912,61.767],[21.976,61.767],[22.04,61.747],[22.059,61.77],[22.067,61.769],[22.084,61.775],[22.088,61.783],[22.035,61.804],[22.072,61.839],[22.107,61.842],[22.145,61.853],[22.135,61.856],[22.175,61.879],[22.172,61.881],[22.144,61.892],[22.097,61.924],[22.01,61.934],[22.003,61.94],[22.003,61.944],[21.994,61.944],[21.995,61.947],[21.99,61.952],[21.981,61.953],[21.975,61.98],[21.749,62.016]]]}},{"type":"Feature","properties":{"id":2506790,"maakond_id":316,"name":"Ulvila","bbox":[21.803,61.385,22.434,61.573]},"geometry":{"type":"Polygon","coordinates":[[[22.434,61.489],[22.391,61.508],[22.318,61.539],[22.242,61.572],[22.194,61.572],[22.097,61.573],[22.06,61.561],[22.063,61.558],[22.059,61.551],[22.039,61.56],[22.032,61.558],[22.044,61.542],[22.034,61.541],[22.025,61.548],[22.021,61.544],[22.015,61.543],[22.005,61.538],[21.983,61.547],[21.973,61.545],[21.987,61.539],[21.984,61.537],[21.978,61.54],[21.97,61.539],[21.968,61.541],[21.961,61.543],[21.936,61.535],[21.884,61.504],[21.88,61.495],[21.885,61.49],[21.885,61.478],[21.873,61.479],[21.872,61.476],[21.877,61.47],[21.877,61.465],[21.873,61.462],[21.867,61.445],[21.87,61.443],[21.827,61.437],[21.814,61.435],[21.812,61.433],[21.803,61.43],[21.807,61.425],[21.806,61.416],[21.811,61.413],[21.81,61.404],[21.811,61.397],[21.805,61.395],[21.804,61.385],[21.808,61.385],[21.87,61.398],[21.931,61.399],[21.95,61.404],[21.958,61.401],[21.966,61.396],[21.971,61.402],[22.005,61.418],[22.021,61.419],[22.028,61.421],[22.084,61.421],[22.166,61.405],[22.146,61.432],[22.157,61.43],[22.173,61.427],[22.181,61.424],[22.195,61.415],[22.195,61.412],[22.205,61.407],[22.238,61.417],[22.261,61.417],[22.289,61.419],[22.327,61.438],[22.434,61.489]]]}},{"type":"Feature","properties":{"id":2508074,"maakond_id":316,"name":"Kokemäki","bbox":[22.114,61.171,22.61,61.489]},"geometry":{"type":"Polygon","coordinates":[[[22.13,61.265],[22.163,61.259],[22.176,61.252],[22.278,61.194],[22.417,61.195],[22.48,61.171],[22.516,61.196],[22.514,61.2],[22.507,61.203],[22.497,61.205],[22.511,61.21],[22.511,61.217],[22.523,61.212],[22.539,61.208],[22.543,61.214],[22.548,61.214],[22.552,61.216],[22.551,61.224],[22.558,61.23],[22.563,61.236],[22.548,61.243],[22.56,61.245],[22.565,61.25],[22.569,61.251],[22.579,61.259],[22.61,61.27],[22.609,61.278],[22.588,61.3],[22.599,61.302],[22.602,61.306],[22.559,61.331],[22.591,61.342],[22.576,61.367],[22.558,61.394],[22.574,61.397],[22.561,61.42],[22.509,61.428],[22.488,61.446],[22.467,61.464],[22.434,61.489],[22.327,61.438],[22.289,61.419],[22.261,61.417],[22.238,61.417],[22.205,61.407],[22.215,61.403],[22.209,61.4],[22.199,61.398],[22.222,61.382],[22.23,61.374],[22.244,61.368],[22.248,61.368],[22.255,61.363],[22.259,61.358],[22.264,61.356],[22.272,61.35],[22.262,61.347],[22.268,61.344],[22.265,61.342],[22.255,61.343],[22.236,61.335],[22.239,61.331],[22.245,61.332],[22.246,61.327],[22.24,61.319],[22.235,61.32],[22.222,61.317],[22.223,61.312],[22.226,61.309],[22.22,61.305],[22.209,61.294],[22.217,61.291],[22.229,61.289],[22.225,61.283],[22.222,61.282],[22.226,61.279],[22.217,61.275],[22.219,61.28],[22.208,61.281],[22.202,61.279],[22.159,61.286],[22.155,61.286],[22.121,61.29],[22.114,61.273],[22.129,61.271],[22.13,61.265]]]}},{"type":"Feature","properties":{"id":2509098,"maakond_id":315,"name":"Asikkala","bbox":[25.2,61.096,25.927,61.365]},"geometry":{"type":"Polygon","coordinates":[[[25.24,61.115],[25.254,61.117],[25.264,61.107],[25.268,61.106],[25.274,61.101],[25.279,61.098],[25.303,61.103],[25.327,61.113],[25.335,61.111],[25.354,61.115],[25.392,61.111],[25.409,61.107],[25.437,61.117],[25.468,61.125],[25.477,61.123],[25.538,61.151],[25.562,61.115],[25.571,61.114],[25.608,61.116],[25.639,61.113],[25.678,61.102],[25.729,61.102],[25.748,61.104],[25.756,61.1],[25.764,61.103],[25.762,61.106],[25.776,61.107],[25.78,61.096],[25.783,61.096],[25.794,61.098],[25.858,61.103],[25.872,61.119],[25.92,61.152],[25.911,61.157],[25.907,61.163],[25.901,61.165],[25.901,61.167],[25.894,61.177],[25.895,61.179],[25.89,61.183],[25.882,61.186],[25.893,61.192],[25.927,61.228],[25.881,61.238],[25.893,61.251],[25.893,61.252],[25.874,61.266],[25.844,61.271],[25.805,61.269],[25.801,61.272],[25.808,61.313],[25.742,61.365],[25.706,61.341],[25.632,61.339],[25.611,61.34],[25.602,61.343],[25.545,61.329],[25.517,61.304],[25.457,61.319],[25.416,61.312],[25.395,61.276],[25.374,61.268],[25.36,61.263],[25.358,61.257],[25.347,61.255],[25.346,61.252],[25.341,61.249],[25.27,61.246],[25.256,61.252],[25.227,61.248],[25.203,61.241],[25.2,61.222],[25.213,61.218],[25.232,61.206],[25.235,61.2],[25.254,61.193],[25.253,61.19],[25.26,61.186],[25.257,61.179],[25.25,61.176],[25.253,61.174],[25.254,61.167],[25.258,61.163],[25.258,61.16],[25.254,61.149],[25.239,61.145],[25.236,61.14],[25.246,61.131],[25.259,61.128],[25.255,61.126],[25.247,61.124],[25.24,61.115]]]}},{"type":"Feature","properties":{"id":2509099,"maakond_id":315,"name":"Heinola","bbox":[25.801,61.071,26.514,61.426]},"geometry":{"type":"Polygon","coordinates":[[[26.028,61.095],[26.051,61.101],[26.04,61.104],[26.05,61.108],[26.049,61.113],[26.049,61.12],[26.104,61.14],[26.141,61.155],[26.15,61.135],[26.167,61.138],[26.236,61.13],[26.235,61.131],[26.269,61.15],[26.271,61.163],[26.328,61.171],[26.348,61.174],[26.364,61.181],[26.385,61.188],[26.396,61.214],[26.431,61.237],[26.429,61.247],[26.425,61.251],[26.433,61.255],[26.441,61.257],[26.445,61.259],[26.444,61.263],[26.467,61.263],[26.485,61.265],[26.505,61.27],[26.514,61.274],[26.505,61.28],[26.502,61.287],[26.504,61.289],[26.483,61.323],[26.497,61.328],[26.501,61.329],[26.51,61.334],[26.506,61.34],[26.464,61.352],[26.444,61.348],[26.451,61.343],[26.454,61.339],[26.459,61.338],[26.471,61.329],[26.483,61.323],[26.411,61.325],[26.4,61.322],[26.39,61.325],[26.383,61.329],[26.363,61.338],[26.332,61.35],[26.316,61.36],[26.318,61.371],[26.3,61.369],[26.288,61.366],[26.285,61.369],[26.287,61.376],[26.293,61.378],[26.3,61.385],[26.314,61.392],[26.32,61.399],[26.265,61.426],[26.234,61.415],[26.22,61.409],[26.173,61.393],[26.151,61.382],[26.128,61.396],[26.101,61.38],[26.09,61.385],[26.077,61.383],[26.056,61.39],[26.048,61.386],[26.051,61.383],[26.045,61.381],[26.04,61.377],[26.025,61.378],[26.014,61.376],[25.995,61.376],[25.983,61.372],[25.955,61.369],[25.942,61.363],[25.937,61.363],[25.929,61.361],[25.913,61.374],[25.903,61.374],[25.902,61.371],[25.882,61.368],[25.873,61.365],[25.878,61.355],[25.888,61.356],[25.89,61.352],[25.88,61.351],[25.882,61.346],[25.877,61.342],[25.867,61.34],[25.86,61.339],[25.863,61.336],[25.854,61.334],[25.848,61.335],[25.839,61.333],[25.84,61.33],[25.815,61.311],[25.808,61.313],[25.801,61.272],[25.805,61.269],[25.844,61.271],[25.874,61.266],[25.893,61.252],[25.893,61.251],[25.881,61.238],[25.927,61.228],[25.893,61.192],[25.882,61.186],[25.89,61.183],[25.895,61.179],[25.894,61.177],[25.901,61.167],[25.901,61.165],[25.907,61.163],[25.911,61.157],[25.92,61.152],[25.872,61.119],[25.858,61.103],[25.906,61.079],[25.922,61.078],[25.937,61.071],[25.992,61.086],[26.028,61.095]]]}},{"type":"Feature","properties":{"id":2510177,"maakond_id":305,"name":"Jokioinen","bbox":[23.277,60.74,23.564,60.948]},"geometry":{"type":"Polygon","coordinates":[[[23.277,60.882],[23.305,60.872],[23.327,60.859],[23.347,60.83],[23.358,60.817],[23.366,60.813],[23.372,60.814],[23.362,60.79],[23.389,60.782],[23.391,60.777],[23.408,60.74],[23.454,60.749],[23.48,60.746],[23.488,60.748],[23.49,60.745],[23.502,60.744],[23.507,60.761],[23.529,60.77],[23.535,60.784],[23.55,60.789],[23.558,60.798],[23.559,60.802],[23.554,60.818],[23.553,60.828],[23.564,60.833],[23.549,60.855],[23.545,60.873],[23.552,60.88],[23.557,60.894],[23.554,60.906],[23.548,60.925],[23.502,60.947],[23.501,60.948],[23.472,60.928],[23.444,60.91],[23.427,60.898],[23.429,60.879],[23.421,60.872],[23.412,60.873],[23.402,60.877],[23.363,60.87],[23.277,60.882]]]}},{"type":"Feature","properties":{"id":2510290,"maakond_id":305,"name":"Ypäjä","bbox":[23.136,60.711,23.408,60.892]},"geometry":{"type":"Polygon","coordinates":[[[23.277,60.882],[23.267,60.889],[23.181,60.892],[23.155,60.892],[23.146,60.891],[23.136,60.884],[23.138,60.879],[23.136,60.875],[23.137,60.85],[23.142,60.848],[23.139,60.846],[23.137,60.841],[23.143,60.838],[23.221,60.83],[23.229,60.826],[23.204,60.817],[23.199,60.818],[23.155,60.774],[23.183,60.758],[23.238,60.735],[23.245,60.733],[23.258,60.727],[23.278,60.711],[23.279,60.718],[23.277,60.719],[23.279,60.726],[23.286,60.726],[23.333,60.718],[23.408,60.74],[23.391,60.777],[23.389,60.782],[23.362,60.79],[23.372,60.814],[23.366,60.813],[23.358,60.817],[23.347,60.83],[23.327,60.859],[23.305,60.872],[23.277,60.882]]]}},{"type":"Feature","properties":{"id":2513124,"maakond_id":313,"name":"Kempele","bbox":[25.426,64.842,25.728,64.948]},"geometry":{"type":"Polygon","coordinates":[[[25.728,64.904],[25.719,64.911],[25.676,64.925],[25.614,64.941],[25.53,64.941],[25.474,64.944],[25.438,64.948],[25.435,64.941],[25.441,64.935],[25.44,64.931],[25.426,64.922],[25.429,64.915],[25.437,64.904],[25.436,64.903],[25.445,64.892],[25.455,64.888],[25.463,64.889],[25.471,64.886],[25.474,64.881],[25.484,64.877],[25.481,64.871],[25.491,64.867],[25.504,64.866],[25.523,64.866],[25.535,64.859],[25.547,64.856],[25.545,64.854],[25.552,64.852],[25.556,64.849],[25.58,64.843],[25.581,64.846],[25.605,64.842],[25.607,64.847],[25.619,64.844],[25.632,64.845],[25.643,64.843],[25.655,64.847],[25.655,64.849],[25.708,64.891],[25.714,64.894],[25.716,64.897],[25.725,64.904],[25.728,64.904]]]}},{"type":"Feature","properties":{"id":2519794,"maakond_id":303,"name":"Kangasniemi","bbox":[26.221,61.789,27.129,62.308]},"geometry":{"type":"Polygon","coordinates":[[[26.683,62.308],[26.667,62.305],[26.67,62.303],[26.653,62.3],[26.646,62.301],[26.611,62.295],[26.627,62.285],[26.633,62.283],[26.631,62.277],[26.625,62.273],[26.626,62.268],[26.629,62.266],[26.64,62.248],[26.639,62.239],[26.642,62.239],[26.649,62.234],[26.659,62.232],[26.653,62.225],[26.651,62.219],[26.653,62.217],[26.627,62.211],[26.623,62.215],[26.614,62.217],[26.612,62.22],[26.614,62.226],[26.607,62.233],[26.597,62.228],[26.59,62.231],[26.564,62.254],[26.557,62.255],[26.544,62.266],[26.522,62.255],[26.512,62.257],[26.518,62.249],[26.478,62.247],[26.485,62.241],[26.496,62.229],[26.482,62.225],[26.484,62.223],[26.468,62.218],[26.463,62.221],[26.451,62.218],[26.447,62.211],[26.439,62.21],[26.438,62.221],[26.435,62.226],[26.421,62.224],[26.415,62.219],[26.417,62.212],[26.415,62.208],[26.395,62.21],[26.365,62.207],[26.368,62.204],[26.33,62.193],[26.326,62.195],[26.323,62.201],[26.316,62.2],[26.221,62.119],[26.268,62.084],[26.332,62.037],[26.375,62.004],[26.415,61.973],[26.413,61.973],[26.334,61.951],[26.336,61.944],[26.331,61.941],[26.335,61.929],[26.342,61.928],[26.343,61.921],[26.341,61.914],[26.34,61.908],[26.343,61.901],[26.333,61.894],[26.336,61.891],[26.335,61.886],[26.327,61.884],[26.329,61.881],[26.352,61.885],[26.378,61.883],[26.374,61.879],[26.371,61.87],[26.389,61.854],[26.392,61.853],[26.418,61.848],[26.434,61.84],[26.447,61.839],[26.457,61.843],[26.477,61.842],[26.487,61.845],[26.489,61.847],[26.505,61.85],[26.513,61.854],[26.535,61.854],[26.53,61.844],[26.525,61.842],[26.52,61.837],[26.524,61.836],[26.533,61.832],[26.548,61.832],[26.551,61.831],[26.561,61.835],[26.573,61.833],[26.577,61.836],[26.57,61.855],[26.581,61.861],[26.606,61.859],[26.626,61.846],[26.654,61.833],[26.626,61.806],[26.629,61.801],[26.638,61.798],[26.646,61.789],[26.685,61.832],[26.712,61.826],[26.736,61.83],[26.742,61.839],[26.759,61.835],[26.772,61.837],[26.777,61.841],[26.792,61.843],[26.807,61.846],[26.821,61.866],[26.831,61.862],[26.832,61.85],[26.841,61.852],[26.846,61.855],[26.854,61.865],[26.851,61.872],[26.838,61.887],[26.842,61.89],[26.856,61.889],[26.861,61.893],[26.866,61.901],[26.876,61.903],[26.88,61.898],[26.895,61.902],[26.892,61.907],[26.904,61.909],[26.913,61.909],[26.922,61.912],[26.919,61.915],[26.933,61.915],[26.934,61.92],[26.942,61.922],[26.951,61.92],[26.959,61.914],[26.964,61.909],[26.983,61.902],[26.993,61.918],[26.989,61.923],[26.998,61.926],[26.998,61.932],[27.009,61.938],[27.013,61.939],[27.021,61.936],[27.033,61.938],[27.041,61.937],[27.047,61.938],[27.06,61.944],[27.058,61.954],[27.066,61.957],[27.082,61.958],[27.093,61.954],[27.102,61.953],[27.129,61.965],[27.089,61.974],[27.077,61.991],[27.08,61.997],[27.057,62.009],[27.032,62.008],[26.998,62.018],[26.992,62.028],[26.975,62.037],[26.903,62.055],[26.874,62.044],[26.859,62.06],[26.831,62.075],[26.831,62.085],[26.832,62.09],[26.838,62.101],[26.831,62.112],[26.842,62.113],[26.842,62.119],[26.849,62.125],[26.853,62.129],[26.852,62.131],[26.845,62.134],[26.821,62.158],[26.821,62.168],[26.805,62.179],[26.793,62.183],[26.789,62.181],[26.78,62.182],[26.778,62.177],[26.769,62.182],[26.763,62.183],[26.75,62.189],[26.744,62.195],[26.738,62.199],[26.727,62.211],[26.727,62.196],[26.723,62.194],[26.713,62.204],[26.702,62.209],[26.694,62.215],[26.69,62.222],[26.692,62.223],[26.685,62.229],[26.676,62.238],[26.678,62.25],[26.687,62.251],[26.69,62.249],[26.694,62.242],[26.691,62.239],[26.693,62.236],[26.702,62.234],[26.711,62.238],[26.718,62.234],[26.722,62.23],[26.729,62.225],[26.731,62.229],[26.726,62.239],[26.728,62.246],[26.725,62.248],[26.71,62.269],[26.702,62.284],[26.705,62.287],[26.683,62.308]]]}},{"type":"Feature","properties":{"id":2519795,"maakond_id":303,"name":"Mäntyharju","bbox":[26.236,61.151,27.388,61.658]},"geometry":{"type":"Polygon","coordinates":[[[26.964,61.503],[26.952,61.508],[26.949,61.514],[26.945,61.515],[26.945,61.518],[26.938,61.524],[26.931,61.523],[26.928,61.52],[26.922,61.518],[26.884,61.516],[26.88,61.516],[26.875,61.523],[26.858,61.524],[26.855,61.525],[26.836,61.523],[26.843,61.527],[26.841,61.53],[26.829,61.531],[26.825,61.545],[26.816,61.546],[26.81,61.546],[26.803,61.551],[26.804,61.552],[26.801,61.565],[26.784,61.575],[26.783,61.581],[26.771,61.581],[26.748,61.562],[26.727,61.566],[26.698,61.584],[26.635,61.585],[26.634,61.59],[26.623,61.599],[26.6,61.603],[26.608,61.549],[26.61,61.536],[26.601,61.537],[26.557,61.59],[26.555,61.59],[26.543,61.599],[26.531,61.605],[26.509,61.624],[26.515,61.627],[26.507,61.627],[26.445,61.64],[26.42,61.65],[26.377,61.658],[26.379,61.649],[26.369,61.647],[26.369,61.641],[26.365,61.638],[26.356,61.638],[26.349,61.634],[26.349,61.629],[26.353,61.629],[26.355,61.622],[26.338,61.613],[26.329,61.615],[26.325,61.608],[26.315,61.608],[26.314,61.601],[26.32,61.572],[26.301,61.579],[26.274,61.579],[26.275,61.574],[26.287,61.567],[26.284,61.561],[26.284,61.553],[26.291,61.547],[26.299,61.545],[26.292,61.525],[26.289,61.524],[26.268,61.524],[26.274,61.514],[26.275,61.509],[26.282,61.509],[26.293,61.507],[26.309,61.506],[26.314,61.512],[26.311,61.525],[26.319,61.525],[26.326,61.515],[26.322,61.509],[26.334,61.509],[26.339,61.512],[26.345,61.51],[26.348,61.504],[26.329,61.502],[26.323,61.503],[26.309,61.505],[26.269,61.505],[26.266,61.507],[26.271,61.511],[26.27,61.514],[26.256,61.515],[26.258,61.505],[26.236,61.511],[26.236,61.509],[26.247,61.506],[26.263,61.5],[26.273,61.489],[26.278,61.488],[26.281,61.483],[26.286,61.48],[26.292,61.473],[26.293,61.464],[26.285,61.462],[26.244,61.446],[26.265,61.426],[26.32,61.399],[26.314,61.392],[26.3,61.385],[26.293,61.378],[26.287,61.376],[26.285,61.369],[26.288,61.366],[26.3,61.369],[26.318,61.371],[26.316,61.36],[26.332,61.35],[26.363,61.338],[26.383,61.329],[26.39,61.325],[26.4,61.322],[26.411,61.325],[26.483,61.323],[26.471,61.329],[26.459,61.338],[26.454,61.339],[26.451,61.343],[26.444,61.348],[26.464,61.352],[26.506,61.34],[26.51,61.334],[26.501,61.329],[26.497,61.328],[26.483,61.323],[26.504,61.289],[26.502,61.287],[26.505,61.28],[26.514,61.274],[26.514,61.272],[26.531,61.272],[26.535,61.276],[26.542,61.277],[26.551,61.276],[26.562,61.271],[26.589,61.279],[26.617,61.287],[26.629,61.293],[26.635,61.286],[26.642,61.282],[26.65,61.264],[26.667,61.252],[26.671,61.244],[26.63,61.221],[26.661,61.207],[26.745,61.23],[26.755,61.238],[26.761,61.24],[26.764,61.249],[26.773,61.259],[26.772,61.266],[26.781,61.27],[26.832,61.28],[26.852,61.284],[26.881,61.285],[26.878,61.278],[26.897,61.244],[26.891,61.242],[26.899,61.235],[26.905,61.234],[26.907,61.232],[26.921,61.226],[26.921,61.22],[26.927,61.218],[26.925,61.213],[26.929,61.21],[26.912,61.183],[26.937,61.175],[26.95,61.173],[26.967,61.169],[27.004,61.16],[27.023,61.156],[27.031,61.152],[27.047,61.151],[27.056,61.152],[27.081,61.156],[27.096,61.155],[27.112,61.158],[27.121,61.164],[27.132,61.161],[27.141,61.162],[27.147,61.163],[27.173,61.162],[27.206,61.162],[27.229,61.167],[27.24,61.166],[27.269,61.166],[27.286,61.17],[27.3,61.175],[27.306,61.175],[27.309,61.172],[27.316,61.168],[27.325,61.169],[27.356,61.174],[27.362,61.179],[27.359,61.188],[27.359,61.195],[27.388,61.202],[27.384,61.213],[27.379,61.214],[27.377,61.212],[27.366,61.209],[27.355,61.211],[27.329,61.219],[27.317,61.229],[27.322,61.234],[27.323,61.238],[27.333,61.242],[27.343,61.244],[27.348,61.244],[27.347,61.249],[27.34,61.25],[27.337,61.254],[27.325,61.26],[27.306,61.272],[27.302,61.28],[27.291,61.294],[27.29,61.3],[27.285,61.3],[27.279,61.296],[27.272,61.3],[27.262,61.303],[27.228,61.307],[27.217,61.317],[27.226,61.317],[27.242,61.315],[27.258,61.315],[27.26,61.317],[27.261,61.324],[27.251,61.326],[27.238,61.328],[27.227,61.33],[27.21,61.331],[27.191,61.33],[27.172,61.324],[27.144,61.328],[27.143,61.318],[27.14,61.317],[27.131,61.321],[27.127,61.32],[27.111,61.326],[27.103,61.33],[27.075,61.334],[27.071,61.337],[27.032,61.351],[27.028,61.351],[26.984,61.345],[26.954,61.348],[26.959,61.35],[26.961,61.357],[27,61.368],[27.015,61.376],[27.015,61.38],[27.019,61.385],[27.031,61.382],[27.049,61.381],[27.055,61.381],[27.071,61.382],[27.073,61.38],[27.091,61.373],[27.089,61.37],[27.107,61.369],[27.114,61.371],[27.122,61.372],[27.135,61.369],[27.136,61.378],[27.14,61.38],[27.149,61.379],[27.15,61.384],[27.146,61.386],[27.151,61.391],[27.151,61.394],[27.156,61.398],[27.165,61.402],[27.155,61.403],[27.129,61.403],[27.113,61.399],[27.106,61.4],[27.098,61.398],[27.091,61.4],[27.078,61.402],[27.077,61.406],[27.044,61.445],[27.067,61.463],[27.064,61.465],[27.054,61.464],[27.048,61.473],[27.017,61.48],[27.007,61.463],[26.989,61.464],[26.984,61.474],[26.974,61.474],[26.97,61.477],[26.975,61.484],[26.968,61.492],[26.968,61.496],[26.964,61.503]]]}},{"type":"Feature","properties":{"id":2519797,"maakond_id":303,"name":"Hirvensalmi","bbox":[26.367,61.503,27.025,61.866]},"geometry":{"type":"Polygon","coordinates":[[[26.832,61.85],[26.831,61.862],[26.821,61.866],[26.807,61.846],[26.792,61.843],[26.777,61.841],[26.772,61.837],[26.759,61.835],[26.742,61.839],[26.736,61.83],[26.712,61.826],[26.685,61.832],[26.646,61.789],[26.638,61.798],[26.629,61.801],[26.626,61.806],[26.654,61.833],[26.626,61.846],[26.606,61.859],[26.581,61.861],[26.57,61.855],[26.577,61.836],[26.573,61.833],[26.561,61.835],[26.551,61.831],[26.548,61.832],[26.533,61.832],[26.524,61.836],[26.52,61.837],[26.525,61.842],[26.53,61.844],[26.535,61.854],[26.513,61.854],[26.505,61.85],[26.489,61.847],[26.487,61.845],[26.477,61.842],[26.457,61.843],[26.447,61.839],[26.434,61.84],[26.418,61.848],[26.392,61.853],[26.389,61.854],[26.372,61.845],[26.383,61.836],[26.376,61.833],[26.374,61.828],[26.379,61.823],[26.376,61.82],[26.378,61.814],[26.367,61.808],[26.398,61.804],[26.426,61.796],[26.438,61.784],[26.465,61.769],[26.491,61.742],[26.502,61.73],[26.512,61.727],[26.51,61.723],[26.526,61.705],[26.531,61.703],[26.53,61.7],[26.533,61.691],[26.526,61.675],[26.526,61.664],[26.519,61.663],[26.52,61.657],[26.517,61.653],[26.52,61.641],[26.523,61.637],[26.516,61.633],[26.515,61.627],[26.509,61.624],[26.531,61.605],[26.543,61.599],[26.555,61.59],[26.557,61.59],[26.601,61.537],[26.61,61.536],[26.608,61.549],[26.6,61.603],[26.623,61.599],[26.634,61.59],[26.635,61.585],[26.698,61.584],[26.727,61.566],[26.748,61.562],[26.771,61.581],[26.783,61.581],[26.784,61.575],[26.801,61.565],[26.804,61.552],[26.803,61.551],[26.81,61.546],[26.816,61.546],[26.825,61.545],[26.829,61.531],[26.841,61.53],[26.843,61.527],[26.836,61.523],[26.855,61.525],[26.858,61.524],[26.875,61.523],[26.88,61.516],[26.884,61.516],[26.922,61.518],[26.928,61.52],[26.931,61.523],[26.938,61.524],[26.945,61.518],[26.945,61.515],[26.949,61.514],[26.952,61.508],[26.964,61.503],[26.968,61.506],[26.969,61.515],[26.975,61.521],[26.99,61.521],[26.993,61.532],[26.997,61.537],[27.007,61.54],[27.02,61.541],[27.025,61.544],[27.024,61.561],[27.019,61.568],[27.004,61.567],[27.002,61.572],[26.996,61.576],[26.987,61.59],[26.992,61.594],[26.992,61.597],[26.987,61.603],[26.979,61.605],[26.968,61.603],[26.969,61.596],[26.965,61.596],[26.96,61.6],[26.956,61.608],[26.952,61.611],[26.956,61.62],[26.96,61.621],[26.968,61.616],[26.972,61.616],[26.97,61.627],[26.977,61.628],[26.98,61.635],[26.987,61.635],[26.995,61.626],[27.007,61.627],[27.006,61.631],[26.997,61.635],[26.992,61.641],[26.987,61.643],[26.985,61.647],[26.993,61.651],[26.994,61.655],[26.988,61.666],[26.972,61.671],[26.97,61.674],[26.957,61.676],[26.952,61.685],[26.976,61.689],[26.976,61.697],[26.982,61.701],[26.969,61.704],[26.965,61.701],[26.955,61.698],[26.943,61.693],[26.94,61.698],[26.934,61.704],[26.936,61.708],[26.926,61.736],[26.923,61.738],[26.915,61.739],[26.914,61.735],[26.904,61.733],[26.892,61.734],[26.884,61.738],[26.892,61.748],[26.884,61.766],[26.89,61.773],[26.889,61.784],[26.891,61.788],[26.859,61.787],[26.861,61.789],[26.863,61.8],[26.855,61.799],[26.851,61.798],[26.841,61.802],[26.827,61.833],[26.83,61.85],[26.832,61.85]]]}},{"type":"Feature","properties":{"id":2521589,"maakond_id":312,"name":"Juuka","bbox":[28.611,62.968,29.794,63.45]},"geometry":{"type":"Polygon","coordinates":[[[28.759,63.388],[28.752,63.366],[28.747,63.348],[28.737,63.311],[28.707,63.298],[28.717,63.294],[28.683,63.284],[28.703,63.284],[28.707,63.272],[28.68,63.265],[28.677,63.256],[28.648,63.25],[28.646,63.248],[28.661,63.242],[28.611,63.204],[28.654,63.197],[28.698,63.183],[28.707,63.17],[28.762,63.137],[28.831,63.094],[28.835,63.085],[28.844,63.08],[28.85,63.075],[28.848,63.07],[28.856,63.061],[28.86,63.057],[28.872,63.055],[28.877,63.053],[28.888,63.052],[28.897,63.047],[28.908,63.047],[28.914,63.044],[28.926,63.036],[28.957,63.029],[29.038,63.011],[29.065,62.987],[29.088,62.986],[29.112,62.986],[29.127,62.99],[29.149,63.03],[29.212,63.031],[29.222,63.043],[29.298,63.05],[29.355,63.055],[29.405,63.073],[29.398,63.089],[29.388,63.1],[29.392,63.109],[29.399,63.1],[29.405,63.098],[29.406,63.106],[29.416,63.107],[29.459,63.081],[29.465,63.077],[29.472,63.079],[29.482,63.075],[29.481,63.073],[29.493,63.066],[29.498,63.062],[29.496,63.06],[29.502,63.057],[29.506,63.052],[29.527,63.009],[29.553,62.988],[29.606,62.968],[29.616,62.978],[29.617,62.981],[29.624,62.983],[29.686,62.996],[29.738,63.006],[29.77,63.028],[29.794,63.044],[29.787,63.051],[29.769,63.055],[29.755,63.057],[29.721,63.082],[29.714,63.106],[29.707,63.108],[29.696,63.117],[29.698,63.123],[29.701,63.125],[29.666,63.144],[29.641,63.155],[29.654,63.167],[29.663,63.186],[29.651,63.199],[29.62,63.203],[29.603,63.211],[29.611,63.213],[29.617,63.228],[29.629,63.244],[29.601,63.248],[29.594,63.251],[29.568,63.254],[29.575,63.268],[29.553,63.291],[29.552,63.297],[29.544,63.297],[29.539,63.305],[29.575,63.323],[29.575,63.326],[29.532,63.339],[29.497,63.336],[29.467,63.348],[29.332,63.361],[29.183,63.444],[29.149,63.435],[29.107,63.45],[29.065,63.439],[28.999,63.435],[28.941,63.421],[28.904,63.412],[28.853,63.4],[28.839,63.397],[28.836,63.398],[28.828,63.395],[28.821,63.395],[28.82,63.391],[28.827,63.385],[28.825,63.382],[28.831,63.375],[28.825,63.371],[28.829,63.366],[28.824,63.365],[28.818,63.369],[28.809,63.37],[28.809,63.374],[28.799,63.371],[28.781,63.377],[28.764,63.388],[28.759,63.388]]]}},{"type":"Feature","properties":{"id":2521592,"maakond_id":312,"name":"Liperi","bbox":[28.941,62.36,29.763,62.722]},"geometry":{"type":"Polygon","coordinates":[[[29.763,62.407],[29.763,62.459],[29.761,62.467],[29.751,62.521],[29.718,62.551],[29.638,62.611],[29.635,62.632],[29.638,62.637],[29.639,62.642],[29.631,62.647],[29.624,62.647],[29.613,62.65],[29.637,62.655],[29.605,62.673],[29.599,62.677],[29.603,62.679],[29.616,62.677],[29.614,62.69],[29.617,62.696],[29.607,62.702],[29.601,62.708],[29.601,62.712],[29.591,62.712],[29.585,62.721],[29.58,62.721],[29.557,62.719],[29.544,62.72],[29.542,62.716],[29.524,62.711],[29.506,62.709],[29.474,62.722],[29.462,62.722],[29.425,62.703],[29.409,62.691],[29.399,62.681],[29.385,62.683],[29.383,62.689],[29.368,62.697],[29.35,62.705],[29.356,62.718],[29.348,62.72],[29.323,62.713],[29.304,62.718],[29.297,62.704],[29.288,62.686],[29.277,62.682],[29.241,62.685],[29.209,62.688],[29.198,62.692],[29.161,62.701],[29.156,62.703],[29.14,62.699],[29.083,62.677],[29.091,62.672],[29.058,62.662],[29.057,62.662],[29.03,62.654],[28.979,62.641],[28.986,62.629],[29.025,62.624],[29.033,62.608],[29.043,62.602],[29.037,62.599],[29.017,62.591],[29.001,62.583],[28.997,62.578],[28.989,62.573],[28.981,62.57],[28.97,62.571],[28.944,62.577],[28.941,62.565],[28.963,62.558],[28.981,62.546],[29.002,62.54],[29.008,62.536],[29.032,62.531],[29.034,62.529],[29.037,62.52],[29.001,62.515],[29.017,62.512],[29.024,62.509],[29.033,62.509],[29.032,62.506],[29.04,62.506],[29.045,62.504],[29.057,62.502],[29.071,62.494],[29.083,62.492],[29.107,62.494],[29.118,62.488],[29.105,62.48],[29.089,62.45],[29.086,62.444],[29.081,62.424],[29.091,62.42],[29.106,62.416],[29.11,62.411],[29.104,62.406],[29.096,62.404],[29.102,62.401],[29.102,62.397],[29.124,62.389],[29.129,62.389],[29.166,62.386],[29.17,62.39],[29.161,62.398],[29.165,62.402],[29.175,62.407],[29.178,62.405],[29.19,62.404],[29.199,62.402],[29.205,62.404],[29.215,62.411],[29.231,62.418],[29.268,62.408],[29.296,62.387],[29.518,62.4],[29.539,62.407],[29.646,62.36],[29.705,62.387],[29.763,62.398],[29.763,62.407]]]}},{"type":"Feature","properties":{"id":2521593,"maakond_id":312,"name":"Nurmes","bbox":[28.36,63.348,29.776,63.882]},"geometry":{"type":"Polygon","coordinates":[[[29.776,63.703],[29.723,63.748],[29.683,63.879],[29.645,63.877],[29.544,63.872],[29.521,63.87],[29.416,63.861],[29.311,63.853],[29.265,63.85],[29.236,63.849],[29.158,63.847],[29.081,63.846],[29.003,63.843],[28.939,63.84],[28.885,63.836],[28.814,63.845],[28.673,63.862],[28.558,63.874],[28.535,63.877],[28.501,63.882],[28.496,63.878],[28.46,63.871],[28.459,63.869],[28.474,63.858],[28.395,63.788],[28.36,63.755],[28.424,63.726],[28.461,63.699],[28.491,63.693],[28.494,63.698],[28.517,63.697],[28.526,63.697],[28.551,63.701],[28.568,63.693],[28.585,63.688],[28.606,63.675],[28.594,63.67],[28.586,63.659],[28.595,63.636],[28.595,63.632],[28.607,63.575],[28.613,63.578],[28.618,63.576],[28.62,63.573],[28.613,63.57],[28.618,63.567],[28.634,63.563],[28.639,63.563],[28.66,63.558],[28.668,63.561],[28.685,63.553],[28.651,63.54],[28.637,63.548],[28.614,63.54],[28.615,63.539],[28.605,63.533],[28.607,63.53],[28.603,63.527],[28.611,63.522],[28.611,63.517],[28.618,63.513],[28.641,63.478],[28.641,63.476],[28.65,63.472],[28.666,63.423],[28.696,63.41],[28.705,63.411],[28.75,63.387],[28.759,63.388],[28.764,63.388],[28.781,63.377],[28.799,63.371],[28.809,63.374],[28.809,63.37],[28.818,63.369],[28.824,63.365],[28.829,63.366],[28.825,63.371],[28.831,63.375],[28.825,63.382],[28.827,63.385],[28.82,63.391],[28.821,63.395],[28.828,63.395],[28.836,63.398],[28.839,63.397],[28.853,63.4],[28.904,63.412],[28.941,63.421],[28.999,63.435],[29.065,63.439],[29.107,63.45],[29.149,63.435],[29.183,63.444],[29.332,63.361],[29.467,63.348],[29.499,63.366],[29.522,63.369],[29.537,63.407],[29.566,63.433],[29.566,63.464],[29.556,63.471],[29.547,63.479],[29.535,63.484],[29.523,63.485],[29.532,63.534],[29.505,63.541],[29.495,63.548],[29.506,63.552],[29.534,63.549],[29.539,63.584],[29.543,63.615],[29.654,63.681],[29.682,63.673],[29.768,63.7],[29.776,63.703]]]}},{"type":"Feature","properties":{"id":2521594,"maakond_id":312,"name":"Outokumpu","bbox":[28.633,62.57,29.304,62.848]},"geometry":{"type":"Polygon","coordinates":[[[28.944,62.577],[28.97,62.571],[28.981,62.57],[28.989,62.573],[28.997,62.578],[29.001,62.583],[29.017,62.591],[29.037,62.599],[29.043,62.602],[29.033,62.608],[29.025,62.624],[28.986,62.629],[28.979,62.641],[29.03,62.654],[29.057,62.662],[29.058,62.662],[29.091,62.672],[29.083,62.677],[29.14,62.699],[29.156,62.703],[29.161,62.701],[29.198,62.692],[29.209,62.688],[29.241,62.685],[29.277,62.682],[29.288,62.686],[29.297,62.704],[29.304,62.718],[29.255,62.761],[29.238,62.765],[29.245,62.797],[29.222,62.799],[29.214,62.801],[29.209,62.806],[29.193,62.813],[29.188,62.814],[29.192,62.817],[29.187,62.824],[29.17,62.826],[29.167,62.829],[29.152,62.831],[29.141,62.833],[29.137,62.833],[29.117,62.844],[29.106,62.848],[29.098,62.846],[29.057,62.833],[28.966,62.803],[28.943,62.775],[28.931,62.775],[28.899,62.79],[28.901,62.795],[28.886,62.799],[28.859,62.807],[28.848,62.808],[28.831,62.82],[28.836,62.823],[28.833,62.825],[28.823,62.824],[28.81,62.83],[28.79,62.834],[28.786,62.831],[28.775,62.828],[28.744,62.812],[28.748,62.799],[28.717,62.773],[28.711,62.775],[28.7,62.773],[28.692,62.776],[28.681,62.776],[28.643,62.761],[28.633,62.744],[28.644,62.728],[28.703,62.694],[28.655,62.668],[28.655,62.657],[28.675,62.649],[28.791,62.64],[28.807,62.631],[28.863,62.6],[28.923,62.582],[28.944,62.577]]]}},{"type":"Feature","properties":{"id":2521595,"maakond_id":312,"name":"Polvijärvi","bbox":[28.931,62.681,29.723,63.109]},"geometry":{"type":"Polygon","coordinates":[[[29.065,62.987],[29.068,62.984],[28.991,62.964],[28.997,62.957],[28.994,62.956],[28.988,62.963],[28.972,62.959],[28.977,62.955],[28.963,62.946],[28.982,62.943],[28.991,62.942],[28.993,62.937],[28.983,62.939],[28.996,62.928],[28.98,62.924],[28.963,62.925],[28.935,62.939],[28.931,62.937],[28.939,62.916],[28.944,62.916],[28.956,62.913],[28.956,62.911],[28.967,62.91],[28.963,62.907],[28.969,62.903],[28.99,62.896],[29,62.88],[29.013,62.883],[29.013,62.88],[29.005,62.878],[29.011,62.875],[29.01,62.874],[29.031,62.87],[29.047,62.86],[29.055,62.863],[29.068,62.856],[29.075,62.856],[29.085,62.85],[29.092,62.85],[29.098,62.846],[29.106,62.848],[29.117,62.844],[29.137,62.833],[29.141,62.833],[29.152,62.831],[29.167,62.829],[29.17,62.826],[29.187,62.824],[29.192,62.817],[29.188,62.814],[29.193,62.813],[29.209,62.806],[29.214,62.801],[29.222,62.799],[29.245,62.797],[29.238,62.765],[29.255,62.761],[29.304,62.718],[29.323,62.713],[29.348,62.72],[29.356,62.718],[29.35,62.705],[29.368,62.697],[29.383,62.689],[29.385,62.683],[29.399,62.681],[29.409,62.691],[29.425,62.703],[29.462,62.722],[29.474,62.722],[29.506,62.709],[29.524,62.711],[29.542,62.716],[29.544,62.72],[29.557,62.719],[29.58,62.721],[29.585,62.721],[29.588,62.723],[29.583,62.741],[29.566,62.756],[29.565,62.764],[29.568,62.766],[29.56,62.776],[29.563,62.793],[29.648,62.807],[29.723,62.847],[29.663,62.866],[29.659,62.871],[29.677,62.906],[29.663,62.91],[29.649,62.918],[29.643,62.933],[29.606,62.968],[29.553,62.988],[29.527,63.009],[29.506,63.052],[29.502,63.057],[29.496,63.06],[29.498,63.062],[29.493,63.066],[29.481,63.073],[29.482,63.075],[29.472,63.079],[29.465,63.077],[29.459,63.081],[29.416,63.107],[29.406,63.106],[29.405,63.098],[29.399,63.1],[29.392,63.109],[29.388,63.1],[29.398,63.089],[29.405,63.073],[29.355,63.055],[29.298,63.05],[29.222,63.043],[29.212,63.031],[29.149,63.03],[29.127,62.99],[29.112,62.986],[29.088,62.986],[29.065,62.987]]]}},{"type":"Feature","properties":{"id":2521758,"maakond_id":312,"name":"Ilomantsi","bbox":[30.359,62.385,31.587,63.195]},"geometry":{"type":"Polygon","coordinates":[[[31.094,62.417],[31.138,62.442],[31.148,62.445],[31.163,62.446],[31.163,62.455],[31.165,62.463],[31.173,62.482],[31.186,62.488],[31.185,62.494],[31.198,62.496],[31.222,62.499],[31.245,62.523],[31.244,62.526],[31.254,62.533],[31.332,62.625],[31.345,62.64],[31.346,62.643],[31.353,62.643],[31.364,62.645],[31.373,62.65],[31.377,62.66],[31.376,62.669],[31.381,62.675],[31.385,62.675],[31.385,62.682],[31.38,62.69],[31.425,62.764],[31.439,62.785],[31.467,62.784],[31.456,62.797],[31.492,62.827],[31.54,62.867],[31.587,62.909],[31.581,62.914],[31.572,62.919],[31.564,62.927],[31.502,62.996],[31.449,63.006],[31.463,63.024],[31.425,63.043],[31.411,63.042],[31.399,63.047],[31.387,63.049],[31.388,63.051],[31.382,63.054],[31.382,63.057],[31.378,63.063],[31.373,63.064],[31.361,63.072],[31.294,63.094],[31.287,63.1],[31.278,63.103],[31.272,63.108],[31.265,63.115],[31.255,63.142],[31.255,63.179],[31.246,63.182],[31.238,63.195],[31.062,63.182],[30.965,63.167],[30.908,63.132],[30.904,63.132],[30.677,63.09],[30.636,63.092],[30.633,63.092],[30.588,63.079],[30.485,63.023],[30.426,63.01],[30.421,63.01],[30.373,63.001],[30.361,62.998],[30.359,62.998],[30.372,62.981],[30.388,62.971],[30.41,62.958],[30.418,62.952],[30.429,62.948],[30.433,62.945],[30.436,62.918],[30.449,62.903],[30.454,62.9],[30.465,62.9],[30.463,62.897],[30.476,62.847],[30.488,62.845],[30.501,62.832],[30.504,62.832],[30.523,62.827],[30.527,62.828],[30.527,62.816],[30.523,62.814],[30.523,62.811],[30.546,62.794],[30.559,62.77],[30.549,62.762],[30.554,62.746],[30.542,62.729],[30.511,62.708],[30.515,62.697],[30.518,62.691],[30.55,62.687],[30.582,62.687],[30.594,62.666],[30.593,62.664],[30.635,62.648],[30.67,62.64],[30.67,62.632],[30.693,62.629],[30.709,62.62],[30.714,62.618],[30.701,62.606],[30.696,62.6],[30.702,62.592],[30.716,62.584],[30.72,62.583],[30.752,62.567],[30.749,62.561],[30.756,62.561],[30.772,62.556],[30.79,62.557],[30.798,62.553],[30.8,62.55],[30.81,62.547],[30.841,62.555],[30.85,62.548],[30.864,62.544],[30.858,62.541],[30.866,62.538],[30.865,62.536],[30.869,62.529],[30.866,62.526],[30.876,62.519],[30.888,62.505],[30.888,62.503],[30.897,62.495],[30.904,62.492],[30.908,62.488],[30.92,62.478],[30.928,62.486],[30.937,62.488],[31,62.459],[31.001,62.454],[30.994,62.452],[30.992,62.448],[30.976,62.45],[30.966,62.446],[30.956,62.449],[30.938,62.445],[30.937,62.413],[30.955,62.385],[31.094,62.417]]]}},{"type":"Feature","properties":{"id":2521759,"maakond_id":312,"name":"Joensuu","bbox":[29.613,62.251,31.094,63.047]},"geometry":{"type":"Polygon","coordinates":[[[31.094,62.417],[30.955,62.385],[30.937,62.413],[30.938,62.445],[30.956,62.449],[30.966,62.446],[30.976,62.45],[30.992,62.448],[30.994,62.452],[31.001,62.454],[31,62.459],[30.937,62.488],[30.928,62.486],[30.92,62.478],[30.908,62.488],[30.904,62.492],[30.897,62.495],[30.888,62.503],[30.888,62.505],[30.876,62.519],[30.866,62.526],[30.869,62.529],[30.865,62.536],[30.866,62.538],[30.858,62.541],[30.864,62.544],[30.85,62.548],[30.841,62.555],[30.81,62.547],[30.8,62.55],[30.798,62.553],[30.79,62.557],[30.772,62.556],[30.756,62.561],[30.749,62.561],[30.752,62.567],[30.72,62.583],[30.716,62.584],[30.702,62.592],[30.696,62.6],[30.701,62.606],[30.714,62.618],[30.709,62.62],[30.693,62.629],[30.67,62.632],[30.67,62.64],[30.635,62.648],[30.593,62.664],[30.594,62.666],[30.582,62.687],[30.55,62.687],[30.518,62.691],[30.515,62.697],[30.511,62.708],[30.542,62.729],[30.554,62.746],[30.549,62.762],[30.559,62.77],[30.546,62.794],[30.523,62.811],[30.523,62.814],[30.527,62.816],[30.527,62.828],[30.523,62.827],[30.504,62.832],[30.501,62.832],[30.488,62.845],[30.476,62.847],[30.463,62.897],[30.465,62.9],[30.454,62.9],[30.449,62.903],[30.436,62.918],[30.433,62.945],[30.429,62.948],[30.418,62.952],[30.41,62.958],[30.388,62.971],[30.372,62.981],[30.359,62.998],[30.361,62.998],[30.327,63.017],[30.286,63.026],[30.266,63.039],[30.243,63.041],[30.239,63.042],[30.182,63.044],[30.14,63.032],[30.119,63.037],[30.088,63.041],[30.041,63.047],[30.027,63.047],[30.025,63.04],[30.02,63.035],[30.003,63.035],[29.983,63.046],[29.958,63.035],[29.96,63.02],[29.965,62.981],[29.968,62.952],[29.954,62.886],[29.948,62.884],[29.953,62.881],[29.988,62.851],[30.004,62.836],[30.006,62.83],[30.023,62.815],[30.038,62.78],[30.09,62.749],[30.117,62.743],[30.143,62.734],[30.158,62.732],[30.183,62.725],[30.193,62.726],[30.201,62.716],[30.211,62.7],[30.284,62.659],[30.28,62.641],[30.288,62.633],[30.28,62.629],[30.262,62.637],[30.257,62.641],[30.233,62.625],[30.21,62.621],[30.203,62.617],[30.199,62.613],[30.211,62.607],[30.201,62.594],[30.187,62.595],[30.14,62.605],[30.111,62.609],[30.06,62.596],[30.039,62.591],[30.034,62.587],[30.027,62.588],[29.999,62.581],[30.004,62.577],[29.996,62.577],[29.961,62.568],[29.957,62.57],[29.944,62.568],[29.94,62.572],[29.941,62.575],[29.933,62.575],[29.931,62.577],[29.917,62.575],[29.911,62.573],[29.906,62.574],[29.903,62.581],[29.926,62.593],[29.922,62.6],[29.928,62.601],[29.925,62.605],[29.901,62.628],[29.821,62.63],[29.788,62.631],[29.748,62.632],[29.707,62.637],[29.703,62.635],[29.691,62.639],[29.666,62.642],[29.65,62.648],[29.643,62.656],[29.637,62.655],[29.613,62.65],[29.624,62.647],[29.631,62.647],[29.639,62.642],[29.638,62.637],[29.635,62.632],[29.638,62.611],[29.718,62.551],[29.751,62.521],[29.761,62.467],[29.763,62.459],[29.763,62.407],[29.83,62.404],[29.836,62.4],[29.845,62.397],[29.846,62.392],[29.858,62.383],[29.883,62.376],[29.89,62.373],[29.945,62.368],[29.95,62.37],[29.953,62.372],[29.969,62.375],[29.974,62.38],[30.038,62.388],[30.071,62.4],[30.081,62.397],[30.086,62.391],[30.094,62.39],[30.097,62.393],[30.103,62.393],[30.122,62.388],[30.128,62.387],[30.136,62.389],[30.139,62.392],[30.145,62.395],[30.161,62.394],[30.172,62.402],[30.177,62.401],[30.187,62.394],[30.192,62.395],[30.206,62.401],[30.204,62.405],[30.212,62.412],[30.241,62.416],[30.244,62.415],[30.252,62.402],[30.253,62.397],[30.277,62.35],[30.279,62.35],[30.317,62.358],[30.326,62.365],[30.331,62.364],[30.344,62.359],[30.355,62.36],[30.369,62.354],[30.377,62.356],[30.407,62.337],[30.476,62.349],[30.493,62.35],[30.514,62.354],[30.556,62.357],[30.57,62.373],[30.612,62.359],[30.615,62.353],[30.62,62.349],[30.666,62.355],[30.686,62.328],[30.689,62.324],[30.723,62.33],[30.749,62.299],[30.766,62.278],[30.778,62.265],[30.789,62.251],[30.809,62.261],[30.809,62.27],[30.811,62.271],[30.834,62.276],[30.904,62.311],[30.92,62.309],[30.93,62.307],[30.943,62.306],[30.955,62.313],[30.962,62.327],[30.951,62.332],[30.943,62.333],[31.072,62.405],[31.077,62.407],[31.094,62.417]]]}},{"type":"Feature","properties":{"id":2521760,"maakond_id":312,"name":"Kontiolahti","bbox":[29.56,62.568,30.288,63.066]},"geometry":{"type":"Polygon","coordinates":[[[29.787,63.051],[29.794,63.044],[29.77,63.028],[29.738,63.006],[29.686,62.996],[29.624,62.983],[29.617,62.981],[29.616,62.978],[29.606,62.968],[29.643,62.933],[29.649,62.918],[29.663,62.91],[29.677,62.906],[29.659,62.871],[29.663,62.866],[29.723,62.847],[29.648,62.807],[29.563,62.793],[29.56,62.776],[29.568,62.766],[29.565,62.764],[29.566,62.756],[29.583,62.741],[29.588,62.723],[29.585,62.721],[29.591,62.712],[29.601,62.712],[29.601,62.708],[29.607,62.702],[29.617,62.696],[29.614,62.69],[29.616,62.677],[29.603,62.679],[29.599,62.677],[29.605,62.673],[29.637,62.655],[29.643,62.656],[29.65,62.648],[29.666,62.642],[29.691,62.639],[29.703,62.635],[29.707,62.637],[29.748,62.632],[29.788,62.631],[29.821,62.63],[29.901,62.628],[29.925,62.605],[29.928,62.601],[29.922,62.6],[29.926,62.593],[29.903,62.581],[29.906,62.574],[29.911,62.573],[29.917,62.575],[29.931,62.577],[29.933,62.575],[29.941,62.575],[29.94,62.572],[29.944,62.568],[29.957,62.57],[29.961,62.568],[29.996,62.577],[30.004,62.577],[29.999,62.581],[30.027,62.588],[30.034,62.587],[30.039,62.591],[30.06,62.596],[30.111,62.609],[30.14,62.605],[30.187,62.595],[30.201,62.594],[30.211,62.607],[30.199,62.613],[30.203,62.617],[30.21,62.621],[30.233,62.625],[30.257,62.641],[30.262,62.637],[30.28,62.629],[30.288,62.633],[30.28,62.641],[30.284,62.659],[30.211,62.7],[30.201,62.716],[30.193,62.726],[30.183,62.725],[30.158,62.732],[30.143,62.734],[30.117,62.743],[30.09,62.749],[30.038,62.78],[30.023,62.815],[30.006,62.83],[30.004,62.836],[29.988,62.851],[29.953,62.881],[29.948,62.884],[29.954,62.886],[29.968,62.952],[29.965,62.981],[29.96,63.02],[29.95,63.018],[29.92,63.034],[29.898,63.048],[29.876,63.058],[29.865,63.066],[29.819,63.046],[29.787,63.051]]]}},{"type":"Feature","properties":{"id":2521761,"maakond_id":312,"name":"Lieksa","bbox":[29.467,62.998,31.241,63.757]},"geometry":{"type":"Polygon","coordinates":[[[29.972,63.757],[29.968,63.755],[29.878,63.749],[29.874,63.749],[29.776,63.703],[29.768,63.7],[29.682,63.673],[29.654,63.681],[29.543,63.615],[29.539,63.584],[29.534,63.549],[29.506,63.552],[29.495,63.548],[29.505,63.541],[29.532,63.534],[29.523,63.485],[29.535,63.484],[29.547,63.479],[29.556,63.471],[29.566,63.464],[29.566,63.433],[29.537,63.407],[29.522,63.369],[29.499,63.366],[29.467,63.348],[29.497,63.336],[29.532,63.339],[29.575,63.326],[29.575,63.323],[29.539,63.305],[29.544,63.297],[29.552,63.297],[29.553,63.291],[29.575,63.268],[29.568,63.254],[29.594,63.251],[29.601,63.248],[29.629,63.244],[29.617,63.228],[29.611,63.213],[29.603,63.211],[29.62,63.203],[29.651,63.199],[29.663,63.186],[29.654,63.167],[29.641,63.155],[29.666,63.144],[29.701,63.125],[29.698,63.123],[29.696,63.117],[29.707,63.108],[29.714,63.106],[29.721,63.082],[29.755,63.057],[29.769,63.055],[29.787,63.051],[29.819,63.046],[29.865,63.066],[29.876,63.058],[29.898,63.048],[29.92,63.034],[29.95,63.018],[29.96,63.02],[29.958,63.035],[29.983,63.046],[30.003,63.035],[30.02,63.035],[30.025,63.04],[30.027,63.047],[30.041,63.047],[30.088,63.041],[30.119,63.037],[30.14,63.032],[30.182,63.044],[30.239,63.042],[30.243,63.041],[30.266,63.039],[30.286,63.026],[30.327,63.017],[30.361,62.998],[30.373,63.001],[30.421,63.01],[30.426,63.01],[30.485,63.023],[30.588,63.079],[30.633,63.092],[30.636,63.092],[30.677,63.09],[30.904,63.132],[30.908,63.132],[30.965,63.167],[31.062,63.182],[31.238,63.195],[31.241,63.214],[31.24,63.218],[31.222,63.224],[31.212,63.229],[31.196,63.233],[31.184,63.236],[31.179,63.24],[31.172,63.241],[31.164,63.245],[31.161,63.25],[31.154,63.254],[31.155,63.256],[31.148,63.262],[31.139,63.265],[31.133,63.263],[31.129,63.268],[31.116,63.271],[31.102,63.271],[31.091,63.277],[31.086,63.281],[31.021,63.303],[31,63.304],[30.993,63.304],[30.986,63.307],[30.979,63.308],[30.944,63.337],[30.934,63.355],[30.912,63.359],[30.908,63.359],[30.884,63.363],[30.879,63.363],[30.872,63.365],[30.867,63.364],[30.859,63.367],[30.85,63.369],[30.842,63.377],[30.788,63.405],[30.669,63.427],[30.507,63.461],[30.484,63.467],[30.458,63.485],[30.385,63.545],[30.276,63.579],[30.274,63.579],[30.258,63.584],[30.255,63.587],[30.244,63.607],[30.207,63.627],[30.124,63.668],[30.118,63.674],[30.109,63.68],[30.088,63.688],[30.077,63.694],[30.067,63.702],[30.061,63.704],[30.065,63.708],[30.059,63.711],[30.019,63.733],[29.972,63.757]]]}},{"type":"Feature","properties":{"id":2521762,"maakond_id":312,"name":"Tohmajärvi","bbox":[29.95,62.061,30.789,62.416]},"geometry":{"type":"Polygon","coordinates":[[[30.789,62.251],[30.778,62.265],[30.766,62.278],[30.749,62.299],[30.723,62.33],[30.689,62.324],[30.686,62.328],[30.666,62.355],[30.62,62.349],[30.615,62.353],[30.612,62.359],[30.57,62.373],[30.556,62.357],[30.514,62.354],[30.493,62.35],[30.476,62.349],[30.407,62.337],[30.377,62.356],[30.369,62.354],[30.355,62.36],[30.344,62.359],[30.331,62.364],[30.326,62.365],[30.317,62.358],[30.279,62.35],[30.277,62.35],[30.253,62.397],[30.252,62.402],[30.244,62.415],[30.241,62.416],[30.212,62.412],[30.204,62.405],[30.206,62.401],[30.192,62.395],[30.187,62.394],[30.177,62.401],[30.172,62.402],[30.161,62.394],[30.145,62.395],[30.139,62.392],[30.136,62.389],[30.128,62.387],[30.122,62.388],[30.103,62.393],[30.097,62.393],[30.094,62.39],[30.086,62.391],[30.081,62.397],[30.071,62.4],[30.038,62.388],[29.974,62.38],[29.969,62.375],[29.953,62.372],[29.95,62.37],[29.969,62.367],[29.986,62.366],[29.992,62.364],[29.993,62.359],[30.035,62.288],[30.032,62.287],[29.981,62.289],[29.963,62.283],[29.969,62.27],[29.985,62.264],[30.005,62.244],[30.073,62.257],[30.078,62.239],[30.104,62.229],[30.108,62.239],[30.117,62.235],[30.138,62.234],[30.151,62.239],[30.162,62.238],[30.176,62.239],[30.188,62.236],[30.194,62.232],[30.198,62.221],[30.217,62.198],[30.215,62.194],[30.218,62.188],[30.205,62.183],[30.21,62.18],[30.22,62.177],[30.22,62.174],[30.226,62.164],[30.221,62.159],[30.223,62.153],[30.225,62.151],[30.224,62.146],[30.227,62.14],[30.223,62.139],[30.225,62.132],[30.235,62.134],[30.257,62.141],[30.274,62.135],[30.28,62.137],[30.296,62.138],[30.293,62.121],[30.313,62.117],[30.332,62.12],[30.358,62.11],[30.373,62.107],[30.398,62.094],[30.388,62.085],[30.405,62.071],[30.416,62.07],[30.432,62.067],[30.439,62.061],[30.446,62.062],[30.466,62.061],[30.475,62.065],[30.482,62.063],[30.495,62.072],[30.54,62.103],[30.566,62.119],[30.603,62.142],[30.636,62.174],[30.634,62.179],[30.63,62.182],[30.628,62.188],[30.636,62.192],[30.657,62.209],[30.685,62.21],[30.72,62.209],[30.745,62.227],[30.746,62.227],[30.765,62.235],[30.789,62.251]]]}},{"type":"Feature","properties":{"id":2521952,"maakond_id":314,"name":"Leppävirta","bbox":[27.407,62.285,28.545,62.706]},"geometry":{"type":"Polygon","coordinates":[[[27.692,62.375],[27.758,62.367],[27.793,62.363],[27.796,62.362],[27.809,62.363],[27.817,62.359],[27.825,62.354],[27.838,62.353],[27.84,62.358],[27.845,62.358],[27.848,62.362],[27.859,62.363],[27.871,62.368],[27.894,62.37],[27.901,62.38],[27.913,62.381],[27.921,62.373],[27.928,62.368],[27.931,62.365],[27.957,62.346],[27.983,62.332],[27.989,62.331],[27.993,62.328],[28.004,62.323],[28.02,62.312],[28.02,62.309],[28.027,62.303],[28.022,62.301],[28.024,62.297],[28.032,62.295],[28.051,62.287],[28.061,62.285],[28.071,62.289],[28.076,62.298],[28.081,62.302],[28.081,62.306],[28.068,62.312],[28.07,62.315],[28.087,62.317],[28.096,62.315],[28.103,62.316],[28.097,62.319],[28.097,62.326],[28.108,62.326],[28.129,62.325],[28.133,62.331],[28.171,62.326],[28.179,62.329],[28.194,62.346],[28.196,62.348],[28.19,62.353],[28.206,62.352],[28.212,62.352],[28.225,62.351],[28.252,62.364],[28.257,62.365],[28.265,62.363],[28.269,62.36],[28.267,62.358],[28.281,62.355],[28.293,62.352],[28.307,62.353],[28.315,62.355],[28.323,62.358],[28.318,62.361],[28.319,62.368],[28.327,62.373],[28.33,62.378],[28.323,62.383],[28.309,62.385],[28.293,62.389],[28.284,62.393],[28.288,62.395],[28.285,62.412],[28.263,62.419],[28.263,62.417],[28.249,62.422],[28.245,62.424],[28.251,62.432],[28.286,62.443],[28.297,62.442],[28.3,62.451],[28.292,62.459],[28.277,62.464],[28.286,62.473],[28.294,62.473],[28.307,62.47],[28.323,62.473],[28.34,62.468],[28.355,62.461],[28.37,62.463],[28.382,62.462],[28.393,62.485],[28.39,62.489],[28.372,62.496],[28.368,62.503],[28.37,62.508],[28.375,62.51],[28.388,62.509],[28.408,62.534],[28.396,62.555],[28.412,62.566],[28.403,62.571],[28.417,62.577],[28.462,62.563],[28.475,62.567],[28.477,62.566],[28.499,62.559],[28.521,62.548],[28.545,62.568],[28.516,62.575],[28.509,62.578],[28.506,62.577],[28.495,62.578],[28.467,62.583],[28.461,62.584],[28.456,62.588],[28.454,62.592],[28.431,62.604],[28.408,62.607],[28.401,62.61],[28.392,62.611],[28.376,62.61],[28.361,62.612],[28.351,62.613],[28.338,62.62],[28.329,62.617],[28.335,62.612],[28.334,62.609],[28.354,62.598],[28.343,62.593],[28.334,62.597],[28.331,62.599],[28.322,62.6],[28.316,62.603],[28.309,62.604],[28.298,62.608],[28.258,62.608],[28.228,62.598],[28.219,62.604],[28.22,62.622],[28.205,62.632],[28.205,62.648],[28.166,62.658],[28.156,62.653],[28.102,62.669],[28.074,62.675],[28.065,62.672],[28.065,62.67],[28.053,62.672],[28.034,62.672],[28.013,62.677],[28.01,62.673],[27.995,62.672],[27.982,62.666],[27.963,62.668],[27.957,62.672],[27.945,62.674],[27.935,62.673],[27.937,62.678],[27.948,62.684],[27.951,62.691],[27.939,62.694],[27.883,62.676],[27.878,62.677],[27.862,62.682],[27.853,62.683],[27.848,62.677],[27.848,62.672],[27.845,62.668],[27.833,62.674],[27.831,62.679],[27.825,62.68],[27.823,62.675],[27.792,62.671],[27.781,62.673],[27.774,62.671],[27.74,62.687],[27.713,62.689],[27.706,62.675],[27.667,62.678],[27.597,62.69],[27.593,62.69],[27.583,62.689],[27.572,62.693],[27.555,62.697],[27.546,62.698],[27.538,62.694],[27.531,62.693],[27.519,62.694],[27.486,62.706],[27.483,62.706],[27.472,62.704],[27.474,62.701],[27.469,62.694],[27.475,62.691],[27.483,62.692],[27.486,62.688],[27.507,62.679],[27.513,62.674],[27.529,62.663],[27.51,62.651],[27.515,62.651],[27.517,62.641],[27.52,62.637],[27.527,62.632],[27.528,62.625],[27.531,62.624],[27.54,62.614],[27.538,62.608],[27.525,62.61],[27.512,62.61],[27.49,62.629],[27.479,62.625],[27.484,62.622],[27.45,62.614],[27.457,62.612],[27.465,62.608],[27.462,62.606],[27.463,62.601],[27.47,62.597],[27.48,62.593],[27.479,62.589],[27.471,62.585],[27.461,62.587],[27.461,62.581],[27.454,62.574],[27.46,62.572],[27.467,62.564],[27.463,62.559],[27.46,62.553],[27.46,62.548],[27.463,62.543],[27.453,62.543],[27.444,62.547],[27.425,62.54],[27.42,62.533],[27.421,62.519],[27.407,62.506],[27.409,62.504],[27.416,62.495],[27.441,62.485],[27.449,62.483],[27.459,62.484],[27.465,62.475],[27.465,62.471],[27.477,62.469],[27.483,62.467],[27.488,62.467],[27.529,62.457],[27.543,62.457],[27.552,62.455],[27.572,62.448],[27.585,62.441],[27.601,62.435],[27.605,62.431],[27.63,62.42],[27.64,62.41],[27.653,62.4],[27.686,62.389],[27.692,62.375]]]}},{"type":"Feature","properties":{"id":2521954,"maakond_id":314,"name":"Pielavesi","bbox":[26.139,63.042,27.148,63.516]},"geometry":{"type":"Polygon","coordinates":[[[26.607,63.042],[26.626,63.051],[26.675,63.049],[26.7,63.055],[26.725,63.047],[26.741,63.06],[26.751,63.062],[26.751,63.069],[26.763,63.073],[26.779,63.071],[26.788,63.069],[26.798,63.07],[26.813,63.076],[26.81,63.079],[26.816,63.081],[26.879,63.08],[26.91,63.093],[26.873,63.103],[26.858,63.109],[26.85,63.116],[26.844,63.127],[26.855,63.129],[26.862,63.132],[26.878,63.129],[26.904,63.111],[26.955,63.117],[26.957,63.118],[26.956,63.122],[26.952,63.124],[26.958,63.127],[26.949,63.132],[26.948,63.134],[27.008,63.141],[27.019,63.143],[27.008,63.148],[26.995,63.159],[26.976,63.163],[26.966,63.165],[26.956,63.165],[26.953,63.175],[26.976,63.169],[26.984,63.171],[26.987,63.174],[26.995,63.175],[27.011,63.175],[27.035,63.169],[27.047,63.169],[27.049,63.168],[27.064,63.164],[27.076,63.165],[27.08,63.163],[27.087,63.164],[27.095,63.16],[27.111,63.163],[27.037,63.195],[27.051,63.22],[27.042,63.229],[27.046,63.24],[27.055,63.243],[27.054,63.252],[27.033,63.256],[27.046,63.266],[27.06,63.26],[27.071,63.265],[27.08,63.262],[27.098,63.26],[27.108,63.256],[27.124,63.255],[27.106,63.267],[27.105,63.273],[27.121,63.277],[27.144,63.273],[27.148,63.277],[27.148,63.282],[27.134,63.292],[27.137,63.307],[27.129,63.314],[27.137,63.321],[27.111,63.321],[27.109,63.323],[27.099,63.324],[27.096,63.32],[27.104,63.316],[27.101,63.313],[27.085,63.315],[27.083,63.313],[27.053,63.299],[27.05,63.303],[27.059,63.315],[27.049,63.337],[27.045,63.339],[27.038,63.337],[27.028,63.332],[27.016,63.337],[27.017,63.347],[27.011,63.357],[27.013,63.365],[27.023,63.368],[26.999,63.376],[26.988,63.378],[26.972,63.374],[26.956,63.375],[26.952,63.391],[26.96,63.402],[26.955,63.404],[26.955,63.409],[26.945,63.412],[26.945,63.416],[26.936,63.419],[26.935,63.428],[26.94,63.43],[26.936,63.44],[26.934,63.45],[26.93,63.454],[26.915,63.459],[26.852,63.467],[26.852,63.473],[26.824,63.516],[26.784,63.512],[26.768,63.495],[26.77,63.491],[26.779,63.483],[26.792,63.477],[26.793,63.472],[26.784,63.468],[26.776,63.468],[26.77,63.461],[26.763,63.46],[26.751,63.463],[26.745,63.46],[26.736,63.459],[26.735,63.455],[26.73,63.453],[26.721,63.456],[26.698,63.46],[26.693,63.444],[26.677,63.447],[26.662,63.449],[26.659,63.451],[26.645,63.454],[26.642,63.452],[26.627,63.451],[26.626,63.456],[26.615,63.465],[26.605,63.459],[26.596,63.456],[26.599,63.452],[26.598,63.45],[26.585,63.449],[26.583,63.456],[26.526,63.453],[26.524,63.461],[26.508,63.458],[26.504,63.432],[26.499,63.434],[26.385,63.474],[26.362,63.478],[26.335,63.481],[26.32,63.481],[26.33,63.468],[26.308,63.465],[26.301,63.473],[26.293,63.473],[26.294,63.469],[26.288,63.462],[26.233,63.472],[26.229,63.467],[26.211,63.469],[26.165,63.481],[26.139,63.458],[26.177,63.439],[26.198,63.443],[26.259,63.392],[26.293,63.364],[26.321,63.34],[26.315,63.308],[26.322,63.305],[26.328,63.301],[26.339,63.3],[26.345,63.3],[26.385,63.284],[26.41,63.268],[26.419,63.26],[26.418,63.256],[26.426,63.252],[26.423,63.248],[26.436,63.211],[26.463,63.175],[26.462,63.158],[26.456,63.156],[26.475,63.143],[26.493,63.112],[26.607,63.042]]]}},{"type":"Feature","properties":{"id":2521955,"maakond_id":314,"name":"Varkaus","bbox":[27.735,62.141,28.659,62.381]},"geometry":{"type":"Polygon","coordinates":[[[28.315,62.355],[28.307,62.353],[28.293,62.352],[28.281,62.355],[28.267,62.358],[28.269,62.36],[28.265,62.363],[28.257,62.365],[28.252,62.364],[28.225,62.351],[28.212,62.352],[28.206,62.352],[28.19,62.353],[28.196,62.348],[28.194,62.346],[28.179,62.329],[28.171,62.326],[28.133,62.331],[28.129,62.325],[28.108,62.326],[28.097,62.326],[28.097,62.319],[28.103,62.316],[28.096,62.315],[28.087,62.317],[28.07,62.315],[28.068,62.312],[28.081,62.306],[28.081,62.302],[28.076,62.298],[28.071,62.289],[28.061,62.285],[28.051,62.287],[28.032,62.295],[28.024,62.297],[28.022,62.301],[28.027,62.303],[28.02,62.309],[28.02,62.312],[28.004,62.323],[27.993,62.328],[27.989,62.331],[27.983,62.332],[27.957,62.346],[27.931,62.365],[27.928,62.368],[27.921,62.373],[27.913,62.381],[27.901,62.38],[27.894,62.37],[27.871,62.368],[27.859,62.363],[27.848,62.362],[27.845,62.358],[27.84,62.358],[27.838,62.353],[27.825,62.354],[27.817,62.359],[27.809,62.363],[27.796,62.362],[27.793,62.363],[27.758,62.367],[27.771,62.359],[27.735,62.341],[27.74,62.323],[27.748,62.325],[27.765,62.319],[27.768,62.319],[27.779,62.314],[27.788,62.312],[27.796,62.305],[27.801,62.304],[27.819,62.293],[27.819,62.288],[27.828,62.283],[27.827,62.281],[27.843,62.276],[27.849,62.282],[27.858,62.286],[27.866,62.285],[27.873,62.28],[27.884,62.277],[27.898,62.279],[27.892,62.285],[27.892,62.29],[27.905,62.287],[27.922,62.281],[27.939,62.267],[27.965,62.256],[27.967,62.257],[28.017,62.244],[28.014,62.239],[28.043,62.232],[28.049,62.235],[28.06,62.244],[28.076,62.237],[28.072,62.233],[28.078,62.232],[28.082,62.236],[28.091,62.234],[28.092,62.231],[28.101,62.23],[28.108,62.226],[28.124,62.225],[28.127,62.23],[28.141,62.225],[28.165,62.226],[28.181,62.226],[28.243,62.217],[28.269,62.23],[28.288,62.227],[28.305,62.232],[28.317,62.228],[28.314,62.226],[28.319,62.221],[28.328,62.222],[28.389,62.214],[28.447,62.207],[28.471,62.201],[28.505,62.202],[28.524,62.185],[28.541,62.19],[28.553,62.185],[28.562,62.17],[28.58,62.168],[28.585,62.165],[28.584,62.162],[28.616,62.141],[28.624,62.143],[28.613,62.158],[28.632,62.156],[28.627,62.168],[28.632,62.169],[28.649,62.166],[28.654,62.168],[28.65,62.172],[28.642,62.175],[28.643,62.182],[28.652,62.191],[28.641,62.194],[28.632,62.196],[28.634,62.199],[28.63,62.201],[28.632,62.21],[28.645,62.204],[28.658,62.204],[28.659,62.211],[28.653,62.231],[28.638,62.24],[28.608,62.252],[28.601,62.262],[28.583,62.269],[28.58,62.278],[28.567,62.283],[28.569,62.291],[28.561,62.293],[28.551,62.292],[28.54,62.297],[28.539,62.301],[28.529,62.304],[28.521,62.309],[28.508,62.311],[28.501,62.313],[28.499,62.316],[28.474,62.318],[28.473,62.317],[28.482,62.314],[28.482,62.311],[28.438,62.317],[28.427,62.324],[28.423,62.329],[28.428,62.332],[28.431,62.336],[28.429,62.342],[28.438,62.346],[28.434,62.349],[28.397,62.357],[28.384,62.355],[28.374,62.357],[28.365,62.352],[28.333,62.353],[28.315,62.355]]]}},{"type":"Feature","properties":{"id":2522178,"maakond_id":314,"name":"Iisalmi","bbox":[26.794,63.299,27.667,63.689]},"geometry":{"type":"Polygon","coordinates":[[[27.137,63.321],[27.133,63.324],[27.165,63.335],[27.175,63.337],[27.182,63.335],[27.183,63.33],[27.183,63.336],[27.175,63.338],[27.173,63.343],[27.164,63.344],[27.16,63.343],[27.145,63.348],[27.14,63.354],[27.132,63.356],[27.119,63.369],[27.134,63.368],[27.143,63.363],[27.148,63.362],[27.162,63.376],[27.166,63.382],[27.158,63.384],[27.152,63.389],[27.139,63.397],[27.147,63.401],[27.159,63.401],[27.167,63.403],[27.173,63.402],[27.176,63.409],[27.182,63.412],[27.191,63.412],[27.193,63.418],[27.196,63.42],[27.195,63.424],[27.191,63.431],[27.187,63.433],[27.191,63.436],[27.21,63.439],[27.206,63.446],[27.219,63.451],[27.236,63.445],[27.259,63.441],[27.264,63.441],[27.276,63.447],[27.28,63.453],[27.285,63.449],[27.281,63.445],[27.284,63.439],[27.292,63.439],[27.298,63.434],[27.31,63.434],[27.313,63.438],[27.312,63.443],[27.315,63.449],[27.302,63.452],[27.301,63.455],[27.31,63.454],[27.322,63.46],[27.329,63.46],[27.367,63.475],[27.373,63.485],[27.373,63.491],[27.416,63.507],[27.419,63.516],[27.43,63.512],[27.449,63.484],[27.46,63.478],[27.476,63.516],[27.474,63.517],[27.479,63.522],[27.488,63.524],[27.497,63.523],[27.502,63.513],[27.499,63.51],[27.506,63.504],[27.507,63.502],[27.527,63.499],[27.533,63.502],[27.547,63.506],[27.543,63.493],[27.549,63.491],[27.57,63.492],[27.569,63.483],[27.662,63.481],[27.66,63.486],[27.667,63.488],[27.665,63.491],[27.651,63.495],[27.646,63.494],[27.632,63.498],[27.625,63.502],[27.621,63.506],[27.641,63.514],[27.58,63.547],[27.542,63.586],[27.472,63.594],[27.469,63.599],[27.46,63.604],[27.445,63.599],[27.438,63.608],[27.438,63.61],[27.432,63.613],[27.42,63.614],[27.411,63.625],[27.408,63.631],[27.368,63.621],[27.372,63.624],[27.367,63.629],[27.358,63.634],[27.352,63.634],[27.337,63.642],[27.338,63.651],[27.332,63.657],[27.333,63.659],[27.322,63.668],[27.314,63.673],[27.296,63.677],[27.289,63.677],[27.276,63.684],[27.273,63.688],[27.261,63.689],[27.257,63.688],[27.243,63.689],[27.244,63.685],[27.237,63.679],[27.229,63.679],[27.216,63.677],[27.218,63.673],[27.214,63.661],[27.21,63.659],[27.213,63.653],[27.209,63.651],[27.196,63.655],[27.155,63.648],[27.151,63.651],[27.143,63.651],[27.13,63.653],[27.116,63.652],[27.103,63.653],[27.094,63.657],[27.086,63.662],[27.078,63.664],[27.065,63.671],[27.061,63.668],[27.062,63.649],[27.001,63.635],[27.016,63.625],[26.99,63.619],[26.951,63.61],[26.949,63.622],[26.943,63.625],[26.939,63.636],[26.921,63.633],[26.918,63.643],[26.906,63.649],[26.902,63.645],[26.903,63.635],[26.869,63.647],[26.875,63.654],[26.829,63.667],[26.828,63.662],[26.819,63.661],[26.815,63.651],[26.822,63.643],[26.815,63.643],[26.801,63.637],[26.808,63.632],[26.81,63.618],[26.807,63.614],[26.815,63.61],[26.819,63.605],[26.828,63.598],[26.826,63.595],[26.818,63.597],[26.81,63.592],[26.812,63.587],[26.803,63.582],[26.794,63.582],[26.806,63.564],[26.808,63.558],[26.804,63.555],[26.812,63.553],[26.826,63.544],[26.824,63.516],[26.852,63.473],[26.852,63.467],[26.915,63.459],[26.93,63.454],[26.934,63.45],[26.936,63.44],[26.94,63.43],[26.935,63.428],[26.936,63.419],[26.945,63.416],[26.945,63.412],[26.955,63.409],[26.955,63.404],[26.96,63.402],[26.952,63.391],[26.956,63.375],[26.972,63.374],[26.988,63.378],[26.999,63.376],[27.023,63.368],[27.013,63.365],[27.011,63.357],[27.017,63.347],[27.016,63.337],[27.028,63.332],[27.038,63.337],[27.045,63.339],[27.049,63.337],[27.059,63.315],[27.05,63.303],[27.053,63.299],[27.083,63.313],[27.085,63.315],[27.101,63.313],[27.104,63.316],[27.096,63.32],[27.099,63.324],[27.109,63.323],[27.111,63.321],[27.137,63.321]]]}},{"type":"Feature","properties":{"id":2522179,"maakond_id":314,"name":"Kiuruvesi","bbox":[26.165,63.432,26.925,63.965]},"geometry":{"type":"Polygon","coordinates":[[[26.559,63.964],[26.546,63.958],[26.539,63.965],[26.516,63.963],[26.526,63.95],[26.427,63.909],[26.374,63.889],[26.367,63.891],[26.356,63.887],[26.339,63.886],[26.35,63.881],[26.243,63.841],[26.218,63.832],[26.243,63.807],[26.26,63.736],[26.267,63.705],[26.252,63.705],[26.253,63.701],[26.268,63.701],[26.292,63.601],[26.292,63.59],[26.222,63.577],[26.204,63.572],[26.195,63.569],[26.191,63.509],[26.188,63.505],[26.19,63.502],[26.165,63.481],[26.211,63.469],[26.229,63.467],[26.233,63.472],[26.288,63.462],[26.294,63.469],[26.293,63.473],[26.301,63.473],[26.308,63.465],[26.33,63.468],[26.32,63.481],[26.335,63.481],[26.362,63.478],[26.385,63.474],[26.499,63.434],[26.504,63.432],[26.508,63.458],[26.524,63.461],[26.526,63.453],[26.583,63.456],[26.585,63.449],[26.598,63.45],[26.599,63.452],[26.596,63.456],[26.605,63.459],[26.615,63.465],[26.626,63.456],[26.627,63.451],[26.642,63.452],[26.645,63.454],[26.659,63.451],[26.662,63.449],[26.677,63.447],[26.693,63.444],[26.698,63.46],[26.721,63.456],[26.73,63.453],[26.735,63.455],[26.736,63.459],[26.745,63.46],[26.751,63.463],[26.763,63.46],[26.77,63.461],[26.776,63.468],[26.784,63.468],[26.793,63.472],[26.792,63.477],[26.779,63.483],[26.77,63.491],[26.768,63.495],[26.784,63.512],[26.824,63.516],[26.826,63.544],[26.812,63.553],[26.804,63.555],[26.808,63.558],[26.806,63.564],[26.794,63.582],[26.803,63.582],[26.812,63.587],[26.81,63.592],[26.818,63.597],[26.826,63.595],[26.828,63.598],[26.819,63.605],[26.815,63.61],[26.807,63.614],[26.81,63.618],[26.808,63.632],[26.801,63.637],[26.815,63.643],[26.822,63.643],[26.815,63.651],[26.819,63.661],[26.828,63.662],[26.829,63.667],[26.831,63.669],[26.825,63.672],[26.827,63.676],[26.851,63.665],[26.869,63.669],[26.868,63.675],[26.866,63.68],[26.913,63.681],[26.925,63.683],[26.922,63.691],[26.909,63.69],[26.906,63.696],[26.895,63.695],[26.89,63.702],[26.889,63.709],[26.876,63.709],[26.875,63.727],[26.864,63.726],[26.852,63.74],[26.847,63.748],[26.848,63.753],[26.825,63.769],[26.83,63.768],[26.837,63.777],[26.838,63.781],[26.849,63.782],[26.849,63.783],[26.868,63.788],[26.861,63.793],[26.851,63.795],[26.839,63.804],[26.836,63.81],[26.831,63.813],[26.825,63.814],[26.813,63.822],[26.81,63.826],[26.798,63.828],[26.791,63.83],[26.772,63.831],[26.76,63.835],[26.726,63.819],[26.707,63.846],[26.722,63.851],[26.78,63.843],[26.766,63.872],[26.759,63.885],[26.726,63.891],[26.728,63.907],[26.701,63.912],[26.683,63.924],[26.658,63.926],[26.62,63.92],[26.62,63.926],[26.616,63.929],[26.579,63.951],[26.573,63.957],[26.559,63.964]]]}},{"type":"Feature","properties":{"id":2522180,"maakond_id":314,"name":"Lapinlahti","bbox":[27.119,63.154,28.131,63.55]},"geometry":{"type":"Polygon","coordinates":[[[28.042,63.55],[27.943,63.519],[27.882,63.534],[27.786,63.516],[27.767,63.519],[27.712,63.511],[27.708,63.504],[27.625,63.502],[27.632,63.498],[27.646,63.494],[27.651,63.495],[27.665,63.491],[27.667,63.488],[27.66,63.486],[27.662,63.481],[27.569,63.483],[27.57,63.492],[27.549,63.491],[27.543,63.493],[27.547,63.506],[27.533,63.502],[27.527,63.499],[27.507,63.502],[27.506,63.504],[27.499,63.51],[27.502,63.513],[27.497,63.523],[27.488,63.524],[27.479,63.522],[27.474,63.517],[27.476,63.516],[27.46,63.478],[27.449,63.484],[27.43,63.512],[27.419,63.516],[27.416,63.507],[27.373,63.491],[27.373,63.485],[27.367,63.475],[27.329,63.46],[27.322,63.46],[27.31,63.454],[27.301,63.455],[27.302,63.452],[27.315,63.449],[27.312,63.443],[27.313,63.438],[27.31,63.434],[27.298,63.434],[27.292,63.439],[27.284,63.439],[27.281,63.445],[27.285,63.449],[27.28,63.453],[27.276,63.447],[27.264,63.441],[27.259,63.441],[27.236,63.445],[27.219,63.451],[27.206,63.446],[27.21,63.439],[27.191,63.436],[27.187,63.433],[27.191,63.431],[27.195,63.424],[27.196,63.42],[27.193,63.418],[27.191,63.412],[27.182,63.412],[27.176,63.409],[27.173,63.402],[27.167,63.403],[27.159,63.401],[27.147,63.401],[27.139,63.397],[27.152,63.389],[27.158,63.384],[27.166,63.382],[27.162,63.376],[27.148,63.362],[27.143,63.363],[27.134,63.368],[27.119,63.369],[27.132,63.356],[27.14,63.354],[27.145,63.348],[27.16,63.343],[27.164,63.344],[27.173,63.343],[27.175,63.338],[27.183,63.336],[27.183,63.33],[27.188,63.327],[27.196,63.327],[27.222,63.324],[27.232,63.316],[27.261,63.314],[27.271,63.312],[27.271,63.301],[27.289,63.292],[27.299,63.293],[27.307,63.243],[27.337,63.223],[27.349,63.208],[27.335,63.205],[27.331,63.195],[27.353,63.187],[27.358,63.173],[27.376,63.179],[27.39,63.177],[27.428,63.177],[27.435,63.177],[27.464,63.178],[27.478,63.183],[27.493,63.185],[27.497,63.18],[27.504,63.178],[27.51,63.169],[27.519,63.168],[27.527,63.162],[27.534,63.157],[27.545,63.154],[27.549,63.16],[27.537,63.164],[27.535,63.166],[27.543,63.17],[27.544,63.172],[27.551,63.178],[27.555,63.186],[27.569,63.19],[27.583,63.189],[27.588,63.186],[27.6,63.193],[27.608,63.192],[27.622,63.186],[27.624,63.184],[27.632,63.182],[27.636,63.184],[27.638,63.192],[27.635,63.199],[27.634,63.206],[27.636,63.209],[27.642,63.212],[27.629,63.217],[27.615,63.225],[27.633,63.226],[27.647,63.225],[27.653,63.228],[27.656,63.235],[27.65,63.237],[27.658,63.239],[27.665,63.236],[27.677,63.23],[27.68,63.234],[27.688,63.238],[27.681,63.242],[27.679,63.245],[27.695,63.252],[27.7,63.25],[27.708,63.25],[27.716,63.251],[27.727,63.251],[27.741,63.249],[27.778,63.248],[27.782,63.255],[27.796,63.267],[27.808,63.266],[27.824,63.259],[27.841,63.264],[27.851,63.282],[27.858,63.286],[27.859,63.289],[27.859,63.296],[27.867,63.301],[27.871,63.305],[27.887,63.304],[27.899,63.299],[27.911,63.297],[27.916,63.301],[27.909,63.306],[27.925,63.304],[27.932,63.3],[27.94,63.303],[27.936,63.307],[27.942,63.309],[27.942,63.319],[27.94,63.324],[27.942,63.329],[27.952,63.337],[27.953,63.339],[27.964,63.34],[27.972,63.338],[27.991,63.338],[28.007,63.34],[28.004,63.351],[28.016,63.349],[28.021,63.353],[28.025,63.359],[28.031,63.363],[28.026,63.368],[28.03,63.372],[28.045,63.376],[28.052,63.382],[28.077,63.394],[28.086,63.4],[28.088,63.403],[28.081,63.407],[28.057,63.441],[28.066,63.439],[28.065,63.435],[28.074,63.43],[28.075,63.427],[28.1,63.425],[28.105,63.424],[28.11,63.426],[28.114,63.433],[28.111,63.436],[28.105,63.438],[28.102,63.446],[28.105,63.454],[28.109,63.456],[28.117,63.458],[28.12,63.463],[28.131,63.475],[28.127,63.488],[28.119,63.491],[28.113,63.496],[28.112,63.506],[28.105,63.511],[28.091,63.512],[28.093,63.519],[28.075,63.533],[28.071,63.538],[28.065,63.539],[28.062,63.544],[28.049,63.545],[28.046,63.549],[28.042,63.55]]]}},{"type":"Feature","properties":{"id":2522181,"maakond_id":314,"name":"Rautavaara","bbox":[28.038,63.204,28.759,63.755]},"geometry":{"type":"Polygon","coordinates":[[[28.611,63.204],[28.661,63.242],[28.646,63.248],[28.648,63.25],[28.677,63.256],[28.68,63.265],[28.707,63.272],[28.703,63.284],[28.683,63.284],[28.717,63.294],[28.707,63.298],[28.737,63.311],[28.747,63.348],[28.752,63.366],[28.759,63.388],[28.75,63.387],[28.705,63.411],[28.696,63.41],[28.666,63.423],[28.65,63.472],[28.641,63.476],[28.641,63.478],[28.618,63.513],[28.611,63.517],[28.611,63.522],[28.603,63.527],[28.607,63.53],[28.605,63.533],[28.615,63.539],[28.614,63.54],[28.637,63.548],[28.651,63.54],[28.685,63.553],[28.668,63.561],[28.66,63.558],[28.639,63.563],[28.634,63.563],[28.618,63.567],[28.613,63.57],[28.62,63.573],[28.618,63.576],[28.613,63.578],[28.607,63.575],[28.595,63.632],[28.595,63.636],[28.586,63.659],[28.594,63.67],[28.606,63.675],[28.585,63.688],[28.568,63.693],[28.551,63.701],[28.526,63.697],[28.517,63.697],[28.494,63.698],[28.491,63.693],[28.461,63.699],[28.424,63.726],[28.36,63.755],[28.303,63.698],[28.274,63.669],[28.256,63.674],[28.215,63.703],[28.2,63.711],[28.168,63.716],[28.129,63.678],[28.091,63.642],[28.066,63.623],[28.048,63.622],[28.044,63.617],[28.053,63.614],[28.062,63.608],[28.074,63.603],[28.072,63.599],[28.076,63.592],[28.067,63.587],[28.066,63.583],[28.055,63.584],[28.052,63.579],[28.057,63.574],[28.052,63.569],[28.057,63.567],[28.062,63.561],[28.059,63.558],[28.049,63.56],[28.043,63.555],[28.038,63.554],[28.042,63.55],[28.046,63.549],[28.049,63.545],[28.062,63.544],[28.065,63.539],[28.071,63.538],[28.075,63.533],[28.093,63.519],[28.091,63.512],[28.105,63.511],[28.112,63.506],[28.113,63.496],[28.119,63.491],[28.127,63.488],[28.131,63.475],[28.12,63.463],[28.117,63.458],[28.109,63.456],[28.105,63.454],[28.102,63.446],[28.105,63.438],[28.111,63.436],[28.114,63.433],[28.11,63.426],[28.105,63.424],[28.1,63.425],[28.075,63.427],[28.074,63.43],[28.065,63.435],[28.066,63.439],[28.057,63.441],[28.081,63.407],[28.088,63.403],[28.131,63.39],[28.142,63.387],[28.149,63.383],[28.151,63.38],[28.16,63.376],[28.164,63.372],[28.173,63.376],[28.178,63.38],[28.185,63.376],[28.195,63.375],[28.198,63.371],[28.209,63.371],[28.212,63.376],[28.219,63.374],[28.259,63.385],[28.269,63.329],[28.34,63.325],[28.359,63.373],[28.362,63.375],[28.375,63.371],[28.387,63.37],[28.409,63.375],[28.411,63.37],[28.424,63.366],[28.424,63.361],[28.431,63.36],[28.433,63.354],[28.439,63.351],[28.438,63.347],[28.441,63.342],[28.44,63.339],[28.453,63.335],[28.442,63.329],[28.446,63.323],[28.44,63.322],[28.437,63.317],[28.436,63.309],[28.442,63.305],[28.444,63.3],[28.44,63.296],[28.447,63.296],[28.453,63.287],[28.452,63.283],[28.458,63.275],[28.448,63.273],[28.46,63.255],[28.467,63.247],[28.499,63.235],[28.536,63.233],[28.542,63.23],[28.549,63.229],[28.555,63.223],[28.594,63.209],[28.601,63.205],[28.611,63.204]]]}},{"type":"Feature","properties":{"id":2522182,"maakond_id":314,"name":"Vieremä","bbox":[26.559,63.61,27.358,64.037]},"geometry":{"type":"Polygon","coordinates":[[[27.119,63.991],[27.11,63.994],[27.013,63.999],[26.973,64.009],[26.873,64.035],[26.87,64.037],[26.598,63.98],[26.559,63.964],[26.573,63.957],[26.579,63.951],[26.616,63.929],[26.62,63.926],[26.62,63.92],[26.658,63.926],[26.683,63.924],[26.701,63.912],[26.728,63.907],[26.726,63.891],[26.759,63.885],[26.766,63.872],[26.78,63.843],[26.722,63.851],[26.707,63.846],[26.726,63.819],[26.76,63.835],[26.772,63.831],[26.791,63.83],[26.798,63.828],[26.81,63.826],[26.813,63.822],[26.825,63.814],[26.831,63.813],[26.836,63.81],[26.839,63.804],[26.851,63.795],[26.861,63.793],[26.868,63.788],[26.849,63.783],[26.849,63.782],[26.838,63.781],[26.837,63.777],[26.83,63.768],[26.825,63.769],[26.848,63.753],[26.847,63.748],[26.852,63.74],[26.864,63.726],[26.875,63.727],[26.876,63.709],[26.889,63.709],[26.89,63.702],[26.895,63.695],[26.906,63.696],[26.909,63.69],[26.922,63.691],[26.925,63.683],[26.913,63.681],[26.866,63.68],[26.868,63.675],[26.869,63.669],[26.851,63.665],[26.827,63.676],[26.825,63.672],[26.831,63.669],[26.829,63.667],[26.875,63.654],[26.869,63.647],[26.903,63.635],[26.902,63.645],[26.906,63.649],[26.918,63.643],[26.921,63.633],[26.939,63.636],[26.943,63.625],[26.949,63.622],[26.951,63.61],[26.99,63.619],[27.016,63.625],[27.001,63.635],[27.062,63.649],[27.061,63.668],[27.065,63.671],[27.078,63.664],[27.086,63.662],[27.094,63.657],[27.103,63.653],[27.116,63.652],[27.13,63.653],[27.143,63.651],[27.151,63.651],[27.155,63.648],[27.196,63.655],[27.209,63.651],[27.213,63.653],[27.21,63.659],[27.214,63.661],[27.218,63.673],[27.216,63.677],[27.229,63.679],[27.237,63.679],[27.244,63.685],[27.243,63.689],[27.257,63.688],[27.261,63.689],[27.233,63.702],[27.226,63.709],[27.22,63.712],[27.216,63.718],[27.209,63.721],[27.21,63.725],[27.227,63.728],[27.223,63.734],[27.224,63.736],[27.232,63.738],[27.251,63.738],[27.257,63.742],[27.255,63.746],[27.265,63.751],[27.263,63.756],[27.252,63.76],[27.252,63.764],[27.262,63.766],[27.291,63.764],[27.294,63.77],[27.286,63.777],[27.321,63.782],[27.319,63.785],[27.349,63.788],[27.356,63.796],[27.339,63.809],[27.337,63.821],[27.358,63.827],[27.35,63.832],[27.277,63.876],[27.256,63.887],[27.257,63.901],[27.256,63.919],[27.284,63.934],[27.268,63.938],[27.267,63.94],[27.251,63.95],[27.25,63.954],[27.242,63.958],[27.239,63.946],[27.161,63.939],[27.16,63.955],[27.161,63.967],[27.157,63.975],[27.126,63.987],[27.119,63.991]]]}},{"type":"Feature","properties":{"id":2522183,"maakond_id":314,"name":"Kaavi","bbox":[28.386,62.775,29.098,63.137]},"geometry":{"type":"Polygon","coordinates":[[[29.065,62.987],[29.038,63.011],[28.957,63.029],[28.926,63.036],[28.914,63.044],[28.908,63.047],[28.897,63.047],[28.888,63.052],[28.877,63.053],[28.872,63.055],[28.86,63.057],[28.856,63.061],[28.848,63.07],[28.85,63.075],[28.844,63.08],[28.835,63.085],[28.831,63.094],[28.762,63.137],[28.742,63.135],[28.657,63.123],[28.645,63.123],[28.632,63.126],[28.546,63.124],[28.547,63.113],[28.529,63.113],[28.529,63.109],[28.498,63.106],[28.472,63.107],[28.468,63.105],[28.479,63.09],[28.424,63.079],[28.418,63.078],[28.415,63.055],[28.469,63.012],[28.457,63.006],[28.458,63.002],[28.446,62.998],[28.438,62.998],[28.429,63],[28.423,62.994],[28.426,62.989],[28.42,62.982],[28.386,62.964],[28.414,62.964],[28.431,62.961],[28.426,62.954],[28.442,62.955],[28.445,62.951],[28.444,62.948],[28.473,62.943],[28.472,62.942],[28.481,62.935],[28.489,62.934],[28.5,62.93],[28.505,62.93],[28.523,62.929],[28.551,62.915],[28.56,62.916],[28.585,62.904],[28.586,62.897],[28.602,62.896],[28.628,62.89],[28.639,62.886],[28.648,62.886],[28.658,62.885],[28.661,62.874],[28.682,62.859],[28.702,62.848],[28.704,62.845],[28.711,62.838],[28.702,62.83],[28.722,62.816],[28.744,62.812],[28.775,62.828],[28.786,62.831],[28.79,62.834],[28.81,62.83],[28.823,62.824],[28.833,62.825],[28.836,62.823],[28.831,62.82],[28.848,62.808],[28.859,62.807],[28.886,62.799],[28.901,62.795],[28.899,62.79],[28.931,62.775],[28.943,62.775],[28.966,62.803],[29.057,62.833],[29.098,62.846],[29.092,62.85],[29.085,62.85],[29.075,62.856],[29.068,62.856],[29.055,62.863],[29.047,62.86],[29.031,62.87],[29.01,62.874],[29.011,62.875],[29.005,62.878],[29.013,62.88],[29.013,62.883],[29,62.88],[28.99,62.896],[28.969,62.903],[28.963,62.907],[28.967,62.91],[28.956,62.911],[28.956,62.913],[28.944,62.916],[28.939,62.916],[28.931,62.937],[28.935,62.939],[28.963,62.925],[28.98,62.924],[28.996,62.928],[28.983,62.939],[28.993,62.937],[28.991,62.942],[28.982,62.943],[28.963,62.946],[28.977,62.955],[28.972,62.959],[28.988,62.963],[28.994,62.956],[28.997,62.957],[28.991,62.964],[29.068,62.984],[29.065,62.987]]]}},{"type":"Feature","properties":{"id":2522198,"maakond_id":314,"name":"Sonkajärvi","bbox":[27.119,63.502,28.168,63.998]},"geometry":{"type":"Polygon","coordinates":[[[28.168,63.716],[28.144,63.725],[28.061,63.782],[27.926,63.845],[27.91,63.852],[27.893,63.849],[27.891,63.851],[27.816,63.879],[27.74,63.909],[27.664,63.923],[27.65,63.919],[27.601,63.935],[27.54,63.957],[27.478,63.961],[27.497,63.95],[27.449,63.944],[27.429,63.948],[27.429,63.95],[27.423,63.956],[27.422,63.965],[27.419,63.966],[27.386,63.969],[27.377,63.971],[27.261,63.989],[27.131,63.998],[27.119,63.991],[27.126,63.987],[27.157,63.975],[27.161,63.967],[27.16,63.955],[27.161,63.939],[27.239,63.946],[27.242,63.958],[27.25,63.954],[27.251,63.95],[27.267,63.94],[27.268,63.938],[27.284,63.934],[27.256,63.919],[27.257,63.901],[27.256,63.887],[27.277,63.876],[27.35,63.832],[27.358,63.827],[27.337,63.821],[27.339,63.809],[27.356,63.796],[27.349,63.788],[27.319,63.785],[27.321,63.782],[27.286,63.777],[27.294,63.77],[27.291,63.764],[27.262,63.766],[27.252,63.764],[27.252,63.76],[27.263,63.756],[27.265,63.751],[27.255,63.746],[27.257,63.742],[27.251,63.738],[27.232,63.738],[27.224,63.736],[27.223,63.734],[27.227,63.728],[27.21,63.725],[27.209,63.721],[27.216,63.718],[27.22,63.712],[27.226,63.709],[27.233,63.702],[27.261,63.689],[27.273,63.688],[27.276,63.684],[27.289,63.677],[27.296,63.677],[27.314,63.673],[27.322,63.668],[27.333,63.659],[27.332,63.657],[27.338,63.651],[27.337,63.642],[27.352,63.634],[27.358,63.634],[27.367,63.629],[27.372,63.624],[27.368,63.621],[27.408,63.631],[27.411,63.625],[27.42,63.614],[27.432,63.613],[27.438,63.61],[27.438,63.608],[27.445,63.599],[27.46,63.604],[27.469,63.599],[27.472,63.594],[27.542,63.586],[27.58,63.547],[27.641,63.514],[27.621,63.506],[27.625,63.502],[27.708,63.504],[27.712,63.511],[27.767,63.519],[27.786,63.516],[27.882,63.534],[27.943,63.519],[28.042,63.55],[28.038,63.554],[28.043,63.555],[28.049,63.56],[28.059,63.558],[28.062,63.561],[28.057,63.567],[28.052,63.569],[28.057,63.574],[28.052,63.579],[28.055,63.584],[28.066,63.583],[28.067,63.587],[28.076,63.592],[28.072,63.599],[28.074,63.603],[28.062,63.608],[28.053,63.614],[28.044,63.617],[28.048,63.622],[28.066,63.623],[28.091,63.642],[28.129,63.678],[28.168,63.716]]]}},{"type":"Feature","properties":{"id":2522457,"maakond_id":303,"name":"Enonkoski","bbox":[28.627,61.997,29.132,62.293]},"geometry":{"type":"Polygon","coordinates":[[[28.632,62.156],[28.637,62.149],[28.647,62.145],[28.642,62.142],[28.645,62.139],[28.663,62.132],[28.668,62.129],[28.685,62.125],[28.691,62.12],[28.72,62.133],[28.741,62.126],[28.75,62.127],[28.764,62.119],[28.77,62.11],[28.779,62.101],[28.77,62.097],[28.766,62.093],[28.78,62.084],[28.837,62.066],[28.831,62.056],[28.826,62.058],[28.823,62.054],[28.818,62.054],[28.812,62.056],[28.797,62.059],[28.782,62.063],[28.775,62.058],[28.771,62.058],[28.754,62.052],[28.731,62.056],[28.726,62.054],[28.739,62.049],[28.765,62.043],[28.754,62.035],[28.786,62.032],[28.783,62.023],[28.789,62.02],[28.794,62.024],[28.81,62.03],[28.823,62.028],[28.831,62.032],[28.844,62.028],[28.871,62.022],[28.873,62.017],[28.884,62.012],[28.876,62.011],[28.871,62.013],[28.864,62.009],[28.879,62.002],[28.882,62.002],[28.905,61.997],[28.914,61.997],[28.925,62.002],[28.931,62.003],[28.923,62.007],[28.93,62.008],[28.926,62.014],[28.936,62.016],[28.944,62.014],[28.948,62.016],[28.956,62.016],[28.967,62.011],[28.961,62.008],[28.975,62.003],[28.979,62.001],[28.997,62.011],[28.99,62.013],[28.994,62.019],[29,62.022],[29.003,62.026],[29.023,62.021],[29.037,62.024],[29.074,62.015],[29.076,62.011],[29.082,62.007],[29.103,62.025],[29.096,62.027],[29.091,62.031],[29.087,62.036],[29.099,62.042],[29.092,62.045],[29.094,62.047],[29.089,62.052],[29.08,62.058],[29.079,62.061],[29.088,62.062],[29.101,62.058],[29.115,62.056],[29.132,62.064],[29.115,62.069],[29.123,62.074],[29.115,62.077],[29.126,62.098],[29.118,62.101],[29.111,62.102],[29.102,62.102],[29.09,62.099],[29.076,62.099],[29.075,62.104],[29.082,62.109],[29.086,62.113],[29.086,62.117],[29.093,62.121],[29.096,62.126],[29.079,62.136],[29.043,62.148],[29.029,62.155],[29.014,62.157],[29.018,62.166],[29.014,62.172],[29.016,62.175],[29.024,62.177],[29.025,62.179],[29.02,62.183],[29.007,62.184],[28.991,62.189],[28.991,62.198],[28.97,62.201],[28.957,62.207],[28.946,62.201],[28.912,62.203],[28.911,62.212],[28.896,62.22],[28.9,62.223],[28.898,62.228],[28.906,62.227],[28.913,62.225],[28.916,62.232],[28.92,62.247],[28.923,62.253],[28.919,62.258],[28.888,62.264],[28.867,62.254],[28.86,62.253],[28.848,62.264],[28.837,62.267],[28.814,62.268],[28.79,62.278],[28.785,62.286],[28.779,62.293],[28.753,62.287],[28.759,62.284],[28.759,62.28],[28.751,62.278],[28.751,62.268],[28.746,62.262],[28.747,62.253],[28.765,62.235],[28.767,62.234],[28.781,62.223],[28.794,62.211],[28.78,62.205],[28.738,62.217],[28.733,62.223],[28.716,62.235],[28.708,62.233],[28.71,62.228],[28.702,62.224],[28.66,62.239],[28.653,62.231],[28.659,62.211],[28.658,62.204],[28.645,62.204],[28.632,62.21],[28.63,62.201],[28.634,62.199],[28.632,62.196],[28.641,62.194],[28.652,62.191],[28.643,62.182],[28.642,62.175],[28.65,62.172],[28.654,62.168],[28.649,62.166],[28.632,62.169],[28.627,62.168],[28.632,62.156]]]}},{"type":"Feature","properties":{"id":2522458,"maakond_id":312,"name":"Heinävesi","bbox":[28.245,62.205,29.184,62.657]},"geometry":{"type":"Polygon","coordinates":[[[28.944,62.577],[28.923,62.582],[28.863,62.6],[28.807,62.631],[28.791,62.64],[28.675,62.649],[28.655,62.657],[28.643,62.649],[28.642,62.638],[28.638,62.626],[28.634,62.621],[28.614,62.616],[28.604,62.61],[28.622,62.606],[28.626,62.606],[28.624,62.6],[28.614,62.596],[28.604,62.588],[28.598,62.589],[28.578,62.58],[28.561,62.597],[28.558,62.595],[28.541,62.587],[28.537,62.584],[28.524,62.586],[28.512,62.585],[28.5,62.587],[28.487,62.588],[28.475,62.587],[28.467,62.583],[28.495,62.578],[28.506,62.577],[28.509,62.578],[28.516,62.575],[28.545,62.568],[28.521,62.548],[28.499,62.559],[28.477,62.566],[28.475,62.567],[28.462,62.563],[28.417,62.577],[28.403,62.571],[28.412,62.566],[28.396,62.555],[28.408,62.534],[28.388,62.509],[28.375,62.51],[28.37,62.508],[28.368,62.503],[28.372,62.496],[28.39,62.489],[28.393,62.485],[28.382,62.462],[28.37,62.463],[28.355,62.461],[28.34,62.468],[28.323,62.473],[28.307,62.47],[28.294,62.473],[28.286,62.473],[28.277,62.464],[28.292,62.459],[28.3,62.451],[28.297,62.442],[28.286,62.443],[28.251,62.432],[28.245,62.424],[28.249,62.422],[28.263,62.417],[28.263,62.419],[28.285,62.412],[28.288,62.395],[28.284,62.393],[28.293,62.389],[28.309,62.385],[28.323,62.383],[28.33,62.378],[28.327,62.373],[28.319,62.368],[28.318,62.361],[28.323,62.358],[28.315,62.355],[28.333,62.353],[28.365,62.352],[28.374,62.357],[28.384,62.355],[28.397,62.357],[28.434,62.349],[28.438,62.346],[28.429,62.342],[28.431,62.336],[28.428,62.332],[28.423,62.329],[28.427,62.324],[28.438,62.317],[28.482,62.311],[28.482,62.314],[28.473,62.317],[28.474,62.318],[28.499,62.316],[28.501,62.313],[28.508,62.311],[28.521,62.309],[28.529,62.304],[28.539,62.301],[28.54,62.297],[28.551,62.292],[28.561,62.293],[28.569,62.291],[28.567,62.283],[28.58,62.278],[28.583,62.269],[28.601,62.262],[28.608,62.252],[28.638,62.24],[28.653,62.231],[28.66,62.239],[28.702,62.224],[28.71,62.228],[28.708,62.233],[28.716,62.235],[28.733,62.223],[28.738,62.217],[28.78,62.205],[28.794,62.211],[28.781,62.223],[28.767,62.234],[28.765,62.235],[28.747,62.253],[28.746,62.262],[28.751,62.268],[28.751,62.278],[28.759,62.28],[28.759,62.284],[28.753,62.287],[28.779,62.293],[28.785,62.286],[28.79,62.278],[28.814,62.268],[28.837,62.267],[28.848,62.264],[28.86,62.253],[28.867,62.254],[28.888,62.264],[28.919,62.258],[28.923,62.253],[28.928,62.254],[28.93,62.26],[28.94,62.27],[28.951,62.277],[28.94,62.285],[28.935,62.286],[28.948,62.292],[28.961,62.286],[28.972,62.291],[28.95,62.3],[28.935,62.295],[28.933,62.296],[28.96,62.309],[28.985,62.311],[29.009,62.33],[29.016,62.33],[29.041,62.321],[29.062,62.33],[29.06,62.333],[29.089,62.343],[29.098,62.339],[29.108,62.337],[29.114,62.329],[29.123,62.326],[29.145,62.331],[29.169,62.332],[29.157,62.341],[29.169,62.353],[29.159,62.356],[29.162,62.36],[29.168,62.36],[29.173,62.362],[29.184,62.363],[29.182,62.37],[29.176,62.374],[29.166,62.385],[29.166,62.386],[29.129,62.389],[29.124,62.389],[29.102,62.397],[29.102,62.401],[29.096,62.404],[29.104,62.406],[29.11,62.411],[29.106,62.416],[29.091,62.42],[29.081,62.424],[29.086,62.444],[29.089,62.45],[29.105,62.48],[29.118,62.488],[29.107,62.494],[29.083,62.492],[29.071,62.494],[29.057,62.502],[29.045,62.504],[29.04,62.506],[29.032,62.506],[29.033,62.509],[29.024,62.509],[29.017,62.512],[29.001,62.515],[29.037,62.52],[29.034,62.529],[29.032,62.531],[29.008,62.536],[29.002,62.54],[28.981,62.546],[28.963,62.558],[28.941,62.565],[28.944,62.577]]]}},{"type":"Feature","properties":{"id":2522459,"maakond_id":314,"name":"Joroinen","bbox":[27.494,61.988,28.092,62.375]},"geometry":{"type":"Polygon","coordinates":[[[27.653,62.028],[27.668,62.023],[27.67,62.021],[27.7,62.009],[27.745,62.003],[27.754,61.999],[27.761,62.003],[27.769,62.002],[27.78,61.994],[27.787,61.992],[27.794,61.988],[27.836,62.006],[27.851,62.014],[27.872,62.006],[27.886,62.015],[27.861,62.039],[27.867,62.04],[27.874,62.037],[27.895,62.039],[27.889,62.048],[27.894,62.052],[27.899,62.049],[27.91,62.048],[27.914,62.053],[27.923,62.049],[27.926,62.051],[27.934,62.051],[27.945,62.059],[27.935,62.066],[27.927,62.082],[27.941,62.087],[27.947,62.088],[27.959,62.084],[27.967,62.074],[27.999,62.061],[28.007,62.068],[27.993,62.074],[27.99,62.076],[27.994,62.082],[27.999,62.086],[27.991,62.093],[27.974,62.101],[27.982,62.105],[28.015,62.097],[28.021,62.101],[28.018,62.103],[28.029,62.107],[28.048,62.1],[28.053,62.104],[28.044,62.105],[28.042,62.113],[28.08,62.116],[28.034,62.163],[28.027,62.17],[28.041,62.181],[28.041,62.187],[28.034,62.188],[28.031,62.19],[28.036,62.194],[28.046,62.195],[28.047,62.198],[28.043,62.201],[28.037,62.2],[28.027,62.205],[28.088,62.207],[28.092,62.209],[28.091,62.213],[28.076,62.224],[28.069,62.23],[28.049,62.235],[28.043,62.232],[28.014,62.239],[28.017,62.244],[27.967,62.257],[27.965,62.256],[27.939,62.267],[27.922,62.281],[27.905,62.287],[27.892,62.29],[27.892,62.285],[27.898,62.279],[27.884,62.277],[27.873,62.28],[27.866,62.285],[27.858,62.286],[27.849,62.282],[27.843,62.276],[27.827,62.281],[27.828,62.283],[27.819,62.288],[27.819,62.293],[27.801,62.304],[27.796,62.305],[27.788,62.312],[27.779,62.314],[27.768,62.319],[27.765,62.319],[27.748,62.325],[27.74,62.323],[27.735,62.341],[27.771,62.359],[27.758,62.367],[27.692,62.375],[27.69,62.373],[27.691,62.368],[27.675,62.352],[27.693,62.333],[27.654,62.322],[27.648,62.321],[27.627,62.305],[27.634,62.3],[27.616,62.294],[27.628,62.289],[27.632,62.29],[27.65,62.281],[27.642,62.278],[27.632,62.283],[27.606,62.278],[27.588,62.29],[27.573,62.285],[27.562,62.283],[27.557,62.277],[27.551,62.28],[27.55,62.283],[27.536,62.28],[27.528,62.286],[27.524,62.285],[27.515,62.278],[27.511,62.28],[27.494,62.275],[27.503,62.271],[27.522,62.257],[27.525,62.255],[27.542,62.246],[27.548,62.243],[27.558,62.237],[27.554,62.235],[27.564,62.229],[27.547,62.226],[27.541,62.23],[27.533,62.227],[27.519,62.233],[27.51,62.235],[27.501,62.234],[27.534,62.197],[27.546,62.19],[27.545,62.18],[27.547,62.173],[27.55,62.171],[27.558,62.161],[27.563,62.15],[27.566,62.148],[27.583,62.155],[27.595,62.157],[27.602,62.157],[27.631,62.15],[27.618,62.144],[27.612,62.143],[27.614,62.138],[27.623,62.14],[27.634,62.134],[27.636,62.131],[27.631,62.128],[27.638,62.123],[27.625,62.116],[27.641,62.108],[27.629,62.105],[27.625,62.103],[27.637,62.096],[27.641,62.088],[27.637,62.084],[27.633,62.085],[27.621,62.08],[27.615,62.075],[27.626,62.069],[27.639,62.064],[27.622,62.055],[27.616,62.051],[27.627,62.045],[27.626,62.04],[27.631,62.038],[27.64,62.038],[27.657,62.03],[27.653,62.028]]]}},{"type":"Feature","properties":{"id":2522460,"maakond_id":303,"name":"Juva","bbox":[27.371,61.546,28.228,62.065]},"geometry":{"type":"Polygon","coordinates":[[[28.222,61.938],[28.222,61.94],[28.219,61.95],[28.228,61.958],[28.217,61.961],[28.197,61.963],[28.195,61.967],[28.183,61.973],[28.165,61.972],[28.153,61.976],[28.149,61.975],[28.132,61.977],[28.123,61.973],[28.116,61.971],[28.115,61.968],[28.102,61.962],[28.104,61.958],[28.121,61.952],[28.1,61.943],[28.084,61.946],[28.063,61.953],[28.038,61.958],[28.016,61.974],[27.996,61.973],[27.989,61.977],[27.978,61.975],[27.958,61.981],[27.942,61.981],[27.955,61.988],[27.948,61.992],[27.941,61.989],[27.909,61.998],[27.904,61.995],[27.889,62.001],[27.895,62.005],[27.891,62.006],[27.885,62.003],[27.872,62.006],[27.851,62.014],[27.836,62.006],[27.794,61.988],[27.787,61.992],[27.78,61.994],[27.769,62.002],[27.761,62.003],[27.754,61.999],[27.745,62.003],[27.7,62.009],[27.67,62.021],[27.668,62.023],[27.653,62.028],[27.646,62.031],[27.645,62.034],[27.64,62.035],[27.626,62.031],[27.601,62.03],[27.59,62.039],[27.464,62.035],[27.423,62.051],[27.404,62.065],[27.371,62.056],[27.39,62.038],[27.393,62.029],[27.393,62.006],[27.393,61.982],[27.4,61.979],[27.408,61.973],[27.411,61.968],[27.416,61.963],[27.421,61.961],[27.47,61.938],[27.43,61.921],[27.441,61.914],[27.43,61.907],[27.42,61.89],[27.43,61.865],[27.433,61.865],[27.441,61.855],[27.451,61.851],[27.454,61.846],[27.47,61.838],[27.479,61.834],[27.485,61.819],[27.488,61.816],[27.493,61.815],[27.512,61.802],[27.51,61.801],[27.525,61.792],[27.54,61.79],[27.545,61.783],[27.553,61.776],[27.552,61.773],[27.546,61.768],[27.545,61.764],[27.541,61.763],[27.551,61.755],[27.57,61.753],[27.574,61.751],[27.601,61.723],[27.624,61.72],[27.638,61.705],[27.65,61.698],[27.658,61.7],[27.669,61.704],[27.687,61.703],[27.699,61.705],[27.707,61.701],[27.726,61.697],[27.734,61.693],[27.736,61.689],[27.765,61.684],[27.771,61.681],[27.782,61.683],[27.8,61.685],[27.81,61.687],[27.825,61.678],[27.824,61.672],[27.83,61.672],[27.844,61.665],[27.877,61.653],[27.877,61.645],[27.88,61.638],[27.876,61.633],[27.856,61.631],[27.852,61.628],[27.87,61.62],[27.875,61.615],[27.877,61.607],[27.871,61.606],[27.874,61.597],[27.866,61.585],[27.871,61.581],[27.87,61.578],[27.875,61.574],[27.882,61.572],[27.891,61.562],[27.895,61.56],[27.9,61.546],[27.938,61.553],[27.944,61.561],[27.938,61.575],[27.943,61.597],[27.969,61.605],[27.988,61.606],[27.993,61.609],[27.992,61.619],[27.972,61.634],[27.967,61.635],[27.968,61.647],[27.97,61.656],[27.981,61.656],[27.996,61.651],[28.023,61.652],[28.03,61.653],[28.039,61.648],[28.045,61.646],[28.042,61.642],[28.039,61.636],[28.055,61.631],[28.063,61.628],[28.072,61.629],[28.077,61.634],[28.083,61.636],[28.107,61.616],[28.121,61.619],[28.127,61.626],[28.132,61.648],[28.112,61.656],[28.125,61.683],[28.145,61.694],[28.176,61.717],[28.169,61.724],[28.125,61.724],[28.118,61.728],[28.11,61.738],[28.1,61.745],[28.138,61.753],[28.171,61.738],[28.172,61.753],[28.188,61.763],[28.124,61.804],[28.119,61.808],[28.107,61.808],[28.099,61.812],[28.103,61.831],[28.136,61.844],[28.137,61.856],[28.14,61.861],[28.145,61.862],[28.153,61.862],[28.163,61.863],[28.154,61.871],[28.147,61.874],[28.138,61.874],[28.128,61.877],[28.122,61.881],[28.103,61.884],[28.093,61.884],[28.089,61.885],[28.107,61.898],[28.102,61.9],[28.121,61.902],[28.128,61.899],[28.13,61.906],[28.157,61.92],[28.164,61.917],[28.175,61.91],[28.181,61.913],[28.18,61.917],[28.184,61.923],[28.188,61.943],[28.195,61.945],[28.211,61.941],[28.222,61.938]]]}},{"type":"Feature","properties":{"id":2522464,"maakond_id":303,"name":"Rantasalmi","bbox":[27.861,61.911,28.739,62.244]},"geometry":{"type":"Polygon","coordinates":[[[28.222,61.938],[28.242,61.935],[28.254,61.927],[28.276,61.936],[28.293,61.932],[28.309,61.931],[28.324,61.936],[28.332,61.94],[28.347,61.932],[28.353,61.927],[28.376,61.917],[28.382,61.92],[28.37,61.925],[28.38,61.93],[28.404,61.921],[28.413,61.923],[28.437,61.911],[28.48,61.926],[28.479,61.928],[28.5,61.933],[28.509,61.93],[28.525,61.931],[28.532,61.934],[28.534,61.936],[28.542,61.941],[28.54,61.946],[28.55,61.943],[28.559,61.944],[28.544,61.949],[28.549,61.952],[28.562,61.947],[28.57,61.948],[28.579,61.945],[28.582,61.948],[28.594,61.95],[28.602,61.946],[28.624,61.945],[28.625,61.94],[28.632,61.935],[28.63,61.932],[28.641,61.93],[28.666,61.928],[28.674,61.927],[28.677,61.931],[28.663,61.935],[28.676,61.95],[28.674,61.952],[28.685,61.954],[28.69,61.953],[28.704,61.956],[28.71,61.955],[28.72,61.958],[28.727,61.962],[28.739,61.971],[28.693,61.978],[28.673,61.969],[28.656,61.979],[28.656,61.988],[28.679,61.994],[28.681,62.013],[28.657,62.014],[28.628,62.018],[28.653,62.03],[28.633,62.053],[28.613,62.056],[28.625,62.076],[28.612,62.085],[28.6,62.087],[28.593,62.102],[28.587,62.102],[28.561,62.109],[28.538,62.12],[28.514,62.126],[28.503,62.121],[28.42,62.118],[28.39,62.145],[28.412,62.156],[28.385,62.162],[28.391,62.192],[28.403,62.192],[28.412,62.196],[28.406,62.2],[28.411,62.204],[28.389,62.214],[28.328,62.222],[28.319,62.221],[28.314,62.226],[28.317,62.228],[28.305,62.232],[28.288,62.227],[28.269,62.23],[28.243,62.217],[28.181,62.226],[28.165,62.226],[28.141,62.225],[28.127,62.23],[28.124,62.225],[28.108,62.226],[28.101,62.23],[28.092,62.231],[28.091,62.234],[28.082,62.236],[28.078,62.232],[28.072,62.233],[28.076,62.237],[28.06,62.244],[28.049,62.235],[28.069,62.23],[28.076,62.224],[28.091,62.213],[28.092,62.209],[28.088,62.207],[28.027,62.205],[28.037,62.2],[28.043,62.201],[28.047,62.198],[28.046,62.195],[28.036,62.194],[28.031,62.19],[28.034,62.188],[28.041,62.187],[28.041,62.181],[28.027,62.17],[28.034,62.163],[28.08,62.116],[28.042,62.113],[28.044,62.105],[28.053,62.104],[28.048,62.1],[28.029,62.107],[28.018,62.103],[28.021,62.101],[28.015,62.097],[27.982,62.105],[27.974,62.101],[27.991,62.093],[27.999,62.086],[27.994,62.082],[27.99,62.076],[27.993,62.074],[28.007,62.068],[27.999,62.061],[27.967,62.074],[27.959,62.084],[27.947,62.088],[27.941,62.087],[27.927,62.082],[27.935,62.066],[27.945,62.059],[27.934,62.051],[27.926,62.051],[27.923,62.049],[27.914,62.053],[27.91,62.048],[27.899,62.049],[27.894,62.052],[27.889,62.048],[27.895,62.039],[27.874,62.037],[27.867,62.04],[27.861,62.039],[27.886,62.015],[27.872,62.006],[27.885,62.003],[27.891,62.006],[27.895,62.005],[27.889,62.001],[27.904,61.995],[27.909,61.998],[27.941,61.989],[27.948,61.992],[27.955,61.988],[27.942,61.981],[27.958,61.981],[27.978,61.975],[27.989,61.977],[27.996,61.973],[28.016,61.974],[28.038,61.958],[28.063,61.953],[28.084,61.946],[28.1,61.943],[28.121,61.952],[28.104,61.958],[28.102,61.962],[28.115,61.968],[28.116,61.971],[28.123,61.973],[28.132,61.977],[28.149,61.975],[28.153,61.976],[28.165,61.972],[28.183,61.973],[28.195,61.967],[28.197,61.963],[28.217,61.961],[28.228,61.958],[28.219,61.95],[28.222,61.94],[28.222,61.938]]]}},{"type":"Feature","properties":{"id":2522467,"maakond_id":303,"name":"Sulkava","bbox":[28.089,61.527,28.956,61.945]},"geometry":{"type":"Polygon","coordinates":[[[28.956,61.541],[28.952,61.542],[28.931,61.545],[28.917,61.548],[28.907,61.551],[28.903,61.551],[28.895,61.554],[28.886,61.556],[28.86,61.566],[28.852,61.565],[28.839,61.568],[28.831,61.574],[28.832,61.578],[28.839,61.579],[28.844,61.583],[28.856,61.583],[28.871,61.586],[28.87,61.59],[28.861,61.597],[28.87,61.601],[28.859,61.605],[28.838,61.604],[28.827,61.605],[28.803,61.608],[28.805,61.61],[28.8,61.617],[28.793,61.623],[28.782,61.625],[28.779,61.628],[28.769,61.628],[28.759,61.63],[28.74,61.622],[28.733,61.627],[28.723,61.632],[28.717,61.639],[28.711,61.637],[28.668,61.637],[28.659,61.64],[28.619,61.643],[28.628,61.652],[28.615,61.658],[28.61,61.662],[28.622,61.67],[28.619,61.673],[28.62,61.678],[28.619,61.684],[28.625,61.684],[28.637,61.689],[28.642,61.695],[28.619,61.7],[28.601,61.694],[28.592,61.7],[28.597,61.71],[28.592,61.715],[28.582,61.72],[28.569,61.725],[28.566,61.727],[28.558,61.731],[28.554,61.738],[28.583,61.75],[28.603,61.752],[28.597,61.765],[28.599,61.774],[28.585,61.793],[28.588,61.796],[28.59,61.8],[28.594,61.805],[28.586,61.806],[28.575,61.81],[28.57,61.811],[28.567,61.815],[28.556,61.819],[28.555,61.824],[28.548,61.823],[28.547,61.821],[28.539,61.821],[28.533,61.823],[28.527,61.823],[28.526,61.826],[28.507,61.831],[28.503,61.839],[28.496,61.837],[28.492,61.841],[28.493,61.845],[28.486,61.846],[28.484,61.852],[28.474,61.849],[28.465,61.854],[28.475,61.856],[28.459,61.859],[28.456,61.861],[28.471,61.866],[28.423,61.874],[28.414,61.878],[28.421,61.885],[28.414,61.888],[28.425,61.898],[28.419,61.901],[28.413,61.902],[28.399,61.908],[28.394,61.913],[28.396,61.916],[28.382,61.92],[28.376,61.917],[28.353,61.927],[28.347,61.932],[28.332,61.94],[28.324,61.936],[28.309,61.931],[28.293,61.932],[28.276,61.936],[28.254,61.927],[28.242,61.935],[28.222,61.938],[28.211,61.941],[28.195,61.945],[28.188,61.943],[28.184,61.923],[28.18,61.917],[28.181,61.913],[28.175,61.91],[28.164,61.917],[28.157,61.92],[28.13,61.906],[28.128,61.899],[28.121,61.902],[28.102,61.9],[28.107,61.898],[28.089,61.885],[28.093,61.884],[28.103,61.884],[28.122,61.881],[28.128,61.877],[28.138,61.874],[28.147,61.874],[28.154,61.871],[28.163,61.863],[28.153,61.862],[28.145,61.862],[28.14,61.861],[28.137,61.856],[28.136,61.844],[28.103,61.831],[28.099,61.812],[28.107,61.808],[28.119,61.808],[28.124,61.804],[28.188,61.763],[28.172,61.753],[28.171,61.738],[28.138,61.753],[28.1,61.745],[28.11,61.738],[28.118,61.728],[28.125,61.724],[28.169,61.724],[28.176,61.717],[28.191,61.712],[28.195,61.709],[28.207,61.694],[28.208,61.694],[28.207,61.683],[28.211,61.681],[28.222,61.68],[28.226,61.681],[28.25,61.692],[28.253,61.688],[28.262,61.687],[28.266,61.68],[28.266,61.676],[28.271,61.676],[28.272,61.671],[28.299,61.666],[28.306,61.668],[28.326,61.67],[28.33,61.669],[28.34,61.673],[28.349,61.671],[28.355,61.673],[28.372,61.673],[28.379,61.669],[28.386,61.67],[28.392,61.669],[28.397,61.665],[28.401,61.665],[28.407,61.661],[28.403,61.657],[28.408,61.655],[28.406,61.652],[28.415,61.65],[28.421,61.644],[28.45,61.643],[28.458,61.611],[28.501,61.613],[28.53,61.614],[28.57,61.601],[28.581,61.561],[28.598,61.563],[28.588,61.592],[28.627,61.576],[28.623,61.567],[28.706,61.564],[28.726,61.56],[28.735,61.556],[28.757,61.55],[28.778,61.543],[28.786,61.539],[28.807,61.538],[28.812,61.536],[28.824,61.537],[28.835,61.534],[28.845,61.534],[28.866,61.53],[28.878,61.53],[28.887,61.527],[28.956,61.541]]]}},{"type":"Feature","properties":{"id":2523700,"maakond_id":302,"name":"Isojoki","bbox":[21.626,61.98,22.199,62.298]},"geometry":{"type":"Polygon","coordinates":[[[22.199,62.103],[22.175,62.152],[22.096,62.186],[22.006,62.225],[21.95,62.25],[21.939,62.26],[21.931,62.26],[21.928,62.255],[21.921,62.258],[21.878,62.298],[21.832,62.284],[21.826,62.232],[21.773,62.222],[21.759,62.224],[21.766,62.221],[21.77,62.217],[21.711,62.213],[21.667,62.187],[21.705,62.166],[21.696,62.144],[21.688,62.144],[21.684,62.148],[21.675,62.147],[21.67,62.144],[21.669,62.141],[21.642,62.149],[21.643,62.112],[21.626,62.099],[21.651,62.06],[21.639,62.053],[21.628,62.04],[21.648,62.02],[21.674,62.02],[21.703,62.021],[21.749,62.016],[21.975,61.98],[22.108,62.032],[22.122,62.044],[22.151,62.062],[22.199,62.103]]]}},{"type":"Feature","properties":{"id":2523702,"maakond_id":302,"name":"Vimpeli","bbox":[23.698,63.076,24.234,63.278]},"geometry":{"type":"Polygon","coordinates":[[[24.052,63.258],[24.017,63.268],[23.956,63.276],[23.862,63.278],[23.862,63.262],[23.86,63.218],[23.852,63.209],[23.849,63.211],[23.81,63.204],[23.8,63.201],[23.801,63.198],[23.788,63.195],[23.774,63.194],[23.77,63.197],[23.788,63.2],[23.778,63.213],[23.772,63.209],[23.779,63.206],[23.776,63.204],[23.764,63.201],[23.698,63.175],[23.707,63.138],[23.716,63.112],[23.737,63.111],[23.735,63.104],[23.724,63.096],[23.727,63.091],[23.751,63.076],[23.761,63.079],[23.866,63.113],[23.886,63.112],[23.885,63.103],[23.891,63.1],[23.9,63.102],[23.898,63.105],[23.937,63.111],[24.071,63.147],[24.087,63.136],[24.115,63.143],[24.125,63.136],[24.132,63.137],[24.125,63.142],[24.126,63.152],[24.124,63.156],[24.145,63.155],[24.147,63.153],[24.164,63.147],[24.171,63.148],[24.178,63.152],[24.181,63.156],[24.178,63.161],[24.185,63.162],[24.195,63.156],[24.234,63.171],[24.172,63.211],[24.097,63.245],[24.052,63.258]]]}},{"type":"Feature","properties":{"id":2523786,"maakond_id":306,"name":"Halsua","bbox":[24.04,63.332,24.555,63.577]},"geometry":{"type":"Polygon","coordinates":[[[24.486,63.375],[24.479,63.384],[24.511,63.391],[24.478,63.419],[24.466,63.416],[24.461,63.42],[24.479,63.424],[24.511,63.431],[24.508,63.433],[24.527,63.443],[24.532,63.442],[24.546,63.449],[24.543,63.454],[24.535,63.458],[24.534,63.461],[24.52,63.464],[24.508,63.468],[24.532,63.481],[24.53,63.497],[24.524,63.5],[24.54,63.502],[24.555,63.512],[24.555,63.523],[24.532,63.525],[24.521,63.518],[24.511,63.512],[24.506,63.514],[24.502,63.51],[24.467,63.525],[24.447,63.515],[24.404,63.533],[24.359,63.512],[24.351,63.512],[24.344,63.514],[24.338,63.514],[24.332,63.516],[24.321,63.516],[24.328,63.512],[24.334,63.512],[24.341,63.514],[24.348,63.511],[24.358,63.511],[24.341,63.503],[24.335,63.506],[24.321,63.499],[24.232,63.53],[24.241,63.532],[24.24,63.537],[24.255,63.543],[24.252,63.547],[24.244,63.55],[24.243,63.545],[24.244,63.541],[24.237,63.537],[24.224,63.533],[24.174,63.551],[24.099,63.577],[24.074,63.563],[24.064,63.565],[24.05,63.551],[24.064,63.544],[24.045,63.53],[24.04,63.524],[24.041,63.522],[24.087,63.486],[24.073,63.446],[24.066,63.402],[24.066,63.399],[24.074,63.397],[24.088,63.403],[24.097,63.4],[24.101,63.402],[24.087,63.406],[24.087,63.412],[24.103,63.413],[24.125,63.397],[24.11,63.39],[24.133,63.383],[24.12,63.375],[24.123,63.372],[24.156,63.364],[24.175,63.357],[24.176,63.359],[24.192,63.357],[24.198,63.353],[24.189,63.347],[24.16,63.339],[24.165,63.332],[24.221,63.346],[24.231,63.342],[24.239,63.345],[24.369,63.337],[24.406,63.372],[24.486,63.375]]]}},{"type":"Feature","properties":{"id":2523787,"maakond_id":306,"name":"Kannus","bbox":[23.659,63.756,24.247,64.092]},"geometry":{"type":"MultiPolygon","coordinates":[[[[23.746,63.974],[23.76,63.966],[23.752,63.963],[23.785,63.949],[23.769,63.942],[23.757,63.942],[23.746,63.936],[23.738,63.932],[23.739,63.924],[23.721,63.916],[23.709,63.917],[23.71,63.919],[23.702,63.921],[23.695,63.928],[23.673,63.935],[23.659,63.934],[23.663,63.93],[23.67,63.931],[23.682,63.926],[23.672,63.921],[23.664,63.92],[23.677,63.916],[23.667,63.91],[23.724,63.885],[23.72,63.88],[23.738,63.874],[23.743,63.876],[23.753,63.877],[23.748,63.88],[23.743,63.878],[23.728,63.882],[23.725,63.884],[23.73,63.886],[23.729,63.89],[23.735,63.893],[23.718,63.905],[23.743,63.914],[23.757,63.907],[23.759,63.905],[23.753,63.902],[23.769,63.895],[23.762,63.89],[23.766,63.889],[23.766,63.885],[23.779,63.884],[23.808,63.865],[23.795,63.86],[23.783,63.865],[23.788,63.868],[23.773,63.873],[23.77,63.872],[23.763,63.88],[23.758,63.876],[23.762,63.873],[23.758,63.87],[23.745,63.867],[23.736,63.858],[23.726,63.864],[23.717,63.857],[23.751,63.854],[23.762,63.858],[23.762,63.854],[23.801,63.85],[23.808,63.847],[23.799,63.843],[23.805,63.841],[23.813,63.845],[23.817,63.849],[23.825,63.848],[23.867,63.806],[23.897,63.798],[23.903,63.795],[23.896,63.791],[23.907,63.787],[23.899,63.783],[23.905,63.78],[23.913,63.784],[23.919,63.782],[23.925,63.785],[23.985,63.756],[24.015,63.769],[24.003,63.774],[24.001,63.776],[23.975,63.79],[23.995,63.8],[23.999,63.806],[23.992,63.811],[24.008,63.819],[24.008,63.825],[24.017,63.832],[24.027,63.832],[24.027,63.829],[24.101,63.867],[24.111,63.871],[24.16,63.864],[24.161,63.863],[24.189,63.872],[24.182,63.873],[24.178,63.879],[24.184,63.886],[24.188,63.886],[24.199,63.881],[24.235,63.879],[24.242,63.874],[24.247,63.877],[24.229,63.911],[24.22,63.915],[24.226,63.917],[24.217,63.933],[24.18,63.938],[24.127,63.983],[24.099,64.006],[24.111,64.006],[24.108,64.01],[24.098,64.011],[24.087,64.071],[24.005,64.092],[24.011,64.086],[23.986,64.057],[23.964,64.066],[23.969,64.074],[23.961,64.077],[23.948,64.072],[23.945,64.074],[23.915,64.067],[23.931,64.062],[23.931,64.06],[23.912,64.063],[23.914,64.048],[23.924,64.046],[23.917,64.043],[23.928,64.036],[23.922,64.031],[23.918,64.032],[23.912,64.028],[23.908,64.03],[23.885,64.024],[23.882,64.02],[23.88,64.012],[23.928,63.978],[23.945,63.971],[23.938,63.967],[23.925,63.971],[23.911,63.965],[23.903,63.971],[23.894,63.968],[23.886,63.971],[23.881,63.971],[23.879,63.974],[23.856,63.971],[23.85,63.972],[23.844,63.97],[23.797,63.986],[23.778,63.997],[23.77,63.993],[23.76,63.991],[23.754,63.995],[23.748,63.993],[23.751,63.988],[23.743,63.983],[23.755,63.978],[23.746,63.974]]],[[[23.982,64.079],[23.978,64.077],[23.981,64.074],[23.989,64.074],[23.982,64.079]]]]}},{"type":"Feature","properties":{"id":2523788,"maakond_id":306,"name":"Kaustinen","bbox":[23.422,63.483,24.099,63.675]},"geometry":{"type":"Polygon","coordinates":[[[24.099,63.577],[24.09,63.58],[24.081,63.577],[24.084,63.575],[24.071,63.571],[24.071,63.574],[24.062,63.576],[24.059,63.575],[24.059,63.569],[24.038,63.581],[24.036,63.58],[23.994,63.593],[23.99,63.592],[23.962,63.613],[23.948,63.624],[23.96,63.625],[23.935,63.634],[23.923,63.636],[23.841,63.654],[23.784,63.661],[23.753,63.672],[23.744,63.675],[23.705,63.657],[23.65,63.671],[23.642,63.666],[23.636,63.663],[23.611,63.65],[23.574,63.643],[23.561,63.639],[23.546,63.634],[23.532,63.634],[23.525,63.637],[23.517,63.642],[23.503,63.649],[23.501,63.655],[23.498,63.657],[23.481,63.659],[23.473,63.66],[23.48,63.653],[23.485,63.64],[23.453,63.629],[23.467,63.62],[23.464,63.616],[23.449,63.614],[23.434,63.618],[23.422,63.616],[23.491,63.586],[23.496,63.591],[23.505,63.591],[23.508,63.595],[23.528,63.59],[23.527,63.593],[23.533,63.596],[23.549,63.599],[23.557,63.604],[23.566,63.598],[23.57,63.589],[23.576,63.58],[23.565,63.575],[23.562,63.578],[23.556,63.577],[23.556,63.568],[23.578,63.57],[23.582,63.566],[23.581,63.563],[23.587,63.559],[23.579,63.555],[23.579,63.553],[23.651,63.531],[23.658,63.488],[23.658,63.483],[23.727,63.505],[23.743,63.513],[23.748,63.509],[23.754,63.512],[23.761,63.512],[23.79,63.519],[23.835,63.528],[23.836,63.532],[23.843,63.534],[23.847,63.537],[23.859,63.532],[23.882,63.531],[23.895,63.524],[23.876,63.517],[23.883,63.509],[23.893,63.51],[23.91,63.516],[23.943,63.498],[24.023,63.519],[24.041,63.522],[24.04,63.524],[24.045,63.53],[24.064,63.544],[24.05,63.551],[24.064,63.565],[24.074,63.563],[24.099,63.577]]]}},{"type":"Feature","properties":{"id":2523790,"maakond_id":306,"name":"Toholampi","bbox":[23.975,63.566,24.615,63.886]},"geometry":{"type":"Polygon","coordinates":[[[24.615,63.653],[24.562,63.689],[24.519,63.733],[24.481,63.777],[24.43,63.837],[24.426,63.84],[24.404,63.844],[24.284,63.862],[24.247,63.877],[24.242,63.874],[24.235,63.879],[24.199,63.881],[24.188,63.886],[24.184,63.886],[24.178,63.879],[24.182,63.873],[24.189,63.872],[24.161,63.863],[24.16,63.864],[24.111,63.871],[24.101,63.867],[24.027,63.829],[24.027,63.832],[24.017,63.832],[24.008,63.825],[24.008,63.819],[23.992,63.811],[23.999,63.806],[23.995,63.8],[23.975,63.79],[24.001,63.776],[24.003,63.774],[24.015,63.769],[23.985,63.756],[24.049,63.727],[24.07,63.717],[24.159,63.675],[24.183,63.667],[24.228,63.647],[24.21,63.639],[24.268,63.614],[24.27,63.611],[24.26,63.606],[24.264,63.604],[24.25,63.598],[24.247,63.594],[24.254,63.594],[24.262,63.596],[24.273,63.591],[24.28,63.594],[24.288,63.59],[24.299,63.595],[24.302,63.594],[24.311,63.598],[24.318,63.595],[24.331,63.601],[24.409,63.566],[24.459,63.591],[24.475,63.593],[24.481,63.596],[24.471,63.605],[24.565,63.637],[24.605,63.651],[24.612,63.649],[24.615,63.653]]]}},{"type":"Feature","properties":{"id":2524087,"maakond_id":311,"name":"Ikaalinen","bbox":[22.679,61.675,23.594,61.984]},"geometry":{"type":"MultiPolygon","coordinates":[[[[22.691,61.703],[22.714,61.724],[22.754,61.698],[22.777,61.693],[22.824,61.675],[22.838,61.694],[22.86,61.689],[22.911,61.702],[22.972,61.701],[23.033,61.687],[23.03,61.7],[23.084,61.71],[23.087,61.715],[23.101,61.722],[23.107,61.727],[23.112,61.729],[23.119,61.722],[23.135,61.725],[23.137,61.727],[23.149,61.729],[23.157,61.725],[23.169,61.724],[23.18,61.719],[23.184,61.718],[23.188,61.721],[23.188,61.732],[23.196,61.737],[23.202,61.737],[23.21,61.734],[23.259,61.757],[23.282,61.749],[23.292,61.749],[23.304,61.745],[23.311,61.746],[23.351,61.76],[23.343,61.765],[23.319,61.768],[23.336,61.785],[23.343,61.784],[23.351,61.779],[23.36,61.774],[23.371,61.788],[23.39,61.796],[23.415,61.806],[23.418,61.811],[23.446,61.81],[23.458,61.817],[23.512,61.812],[23.527,61.814],[23.594,61.819],[23.593,61.823],[23.592,61.856],[23.584,61.857],[23.522,61.853],[23.515,61.859],[23.538,61.865],[23.535,61.869],[23.513,61.863],[23.497,61.865],[23.495,61.876],[23.468,61.87],[23.465,61.875],[23.448,61.874],[23.451,61.881],[23.458,61.881],[23.458,61.888],[23.455,61.9],[23.447,61.9],[23.444,61.902],[23.447,61.907],[23.45,61.91],[23.448,61.915],[23.443,61.917],[23.43,61.915],[23.427,61.919],[23.388,61.928],[23.364,61.931],[23.311,61.95],[23.302,61.947],[23.31,61.902],[23.157,61.896],[23.149,61.897],[23.136,61.917],[23.113,61.921],[23.12,61.931],[23.115,61.936],[23.116,61.94],[23.128,61.942],[23.151,61.943],[23.149,61.946],[23.139,61.947],[23.084,61.94],[23.066,61.94],[23.048,61.934],[23.048,61.929],[23.02,61.904],[23.003,61.912],[22.996,61.913],[22.993,61.911],[22.975,61.914],[22.965,61.913],[22.952,61.972],[22.927,61.968],[22.914,61.949],[22.901,61.941],[22.897,61.949],[22.912,61.956],[22.908,61.965],[22.862,61.953],[22.86,61.948],[22.847,61.95],[22.85,61.956],[22.814,61.958],[22.818,61.941],[22.807,61.941],[22.804,61.932],[22.739,61.911],[22.738,61.905],[22.728,61.907],[22.728,61.904],[22.737,61.903],[22.735,61.89],[22.782,61.881],[22.788,61.871],[22.737,61.86],[22.747,61.849],[22.767,61.855],[22.78,61.842],[22.788,61.842],[22.793,61.834],[22.828,61.815],[22.824,61.8],[22.812,61.795],[22.817,61.791],[22.802,61.768],[22.787,61.756],[22.777,61.752],[22.769,61.755],[22.759,61.757],[22.729,61.75],[22.733,61.743],[22.719,61.736],[22.699,61.739],[22.694,61.738],[22.692,61.734],[22.695,61.73],[22.684,61.728],[22.679,61.726],[22.691,61.703]]],[[[22.864,61.984],[22.856,61.98],[22.852,61.973],[22.854,61.966],[22.862,61.965],[22.863,61.973],[22.872,61.975],[22.878,61.969],[22.878,61.965],[22.888,61.965],[22.888,61.969],[22.881,61.972],[22.88,61.981],[22.869,61.982],[22.864,61.984]]]]}},{"type":"Feature","properties":{"id":2524088,"maakond_id":311,"name":"Sastamala","bbox":[22.434,61.183,23.287,61.724]},"geometry":{"type":"Polygon","coordinates":[[[22.434,61.489],[22.467,61.464],[22.488,61.446],[22.509,61.428],[22.561,61.42],[22.574,61.397],[22.558,61.394],[22.576,61.367],[22.591,61.342],[22.559,61.331],[22.602,61.306],[22.599,61.302],[22.608,61.301],[22.619,61.292],[22.635,61.269],[22.641,61.265],[22.626,61.262],[22.636,61.258],[22.641,61.252],[22.648,61.253],[22.646,61.247],[22.653,61.245],[22.67,61.245],[22.683,61.247],[22.691,61.245],[22.702,61.246],[22.768,61.246],[22.798,61.241],[22.82,61.236],[22.819,61.23],[22.825,61.23],[22.821,61.236],[22.845,61.229],[22.856,61.236],[22.882,61.226],[22.872,61.223],[22.933,61.207],[22.934,61.205],[22.938,61.205],[22.96,61.198],[22.961,61.197],[22.974,61.194],[23.006,61.186],[23.033,61.189],[23.036,61.193],[23.048,61.194],[23.051,61.19],[23.049,61.185],[23.052,61.183],[23.067,61.185],[23.057,61.198],[23.105,61.197],[23.139,61.204],[23.147,61.207],[23.166,61.21],[23.167,61.213],[23.19,61.211],[23.197,61.213],[23.2,61.21],[23.22,61.208],[23.22,61.212],[23.227,61.21],[23.228,61.207],[23.236,61.209],[23.242,61.224],[23.273,61.221],[23.279,61.238],[23.287,61.29],[23.266,61.312],[23.221,61.328],[23.234,61.342],[23.256,61.359],[23.243,61.365],[23.236,61.372],[23.215,61.399],[23.213,61.403],[23.207,61.408],[23.189,61.427],[23.19,61.431],[23.171,61.436],[23.19,61.444],[23.206,61.454],[23.194,61.458],[23.186,61.456],[23.175,61.454],[23.156,61.458],[23.137,61.463],[23.139,61.468],[23.182,61.472],[23.189,61.471],[23.194,61.473],[23.203,61.474],[23.207,61.495],[23.204,61.519],[23.194,61.528],[23.194,61.538],[23.172,61.54],[23.123,61.544],[23.099,61.543],[23.074,61.544],[23.065,61.558],[23.054,61.567],[23.078,61.583],[23.079,61.585],[23.065,61.591],[23.027,61.601],[23.006,61.595],[22.986,61.583],[22.963,61.591],[22.959,61.593],[22.939,61.587],[22.894,61.61],[22.853,61.625],[22.844,61.635],[22.829,61.659],[22.824,61.675],[22.777,61.693],[22.754,61.698],[22.714,61.724],[22.691,61.703],[22.687,61.699],[22.647,61.697],[22.654,61.682],[22.679,61.671],[22.648,61.668],[22.655,61.654],[22.685,61.661],[22.689,61.675],[22.7,61.676],[22.703,61.671],[22.712,61.67],[22.714,61.654],[22.719,61.651],[22.725,61.645],[22.704,61.624],[22.661,61.642],[22.696,61.6],[22.667,61.591],[22.646,61.584],[22.646,61.579],[22.645,61.573],[22.647,61.572],[22.645,61.565],[22.641,61.561],[22.613,61.548],[22.603,61.542],[22.582,61.548],[22.434,61.489]]]}},{"type":"Feature","properties":{"id":2524089,"maakond_id":311,"name":"Vesilahti","bbox":[23.221,61.2,23.737,61.397]},"geometry":{"type":"Polygon","coordinates":[[[23.279,61.238],[23.288,61.24],[23.29,61.237],[23.298,61.239],[23.3,61.236],[23.31,61.238],[23.313,61.233],[23.326,61.235],[23.329,61.229],[23.364,61.236],[23.361,61.233],[23.365,61.229],[23.388,61.233],[23.391,61.219],[23.381,61.215],[23.381,61.211],[23.399,61.208],[23.401,61.211],[23.411,61.21],[23.416,61.207],[23.422,61.21],[23.43,61.206],[23.419,61.2],[23.497,61.204],[23.502,61.205],[23.517,61.204],[23.542,61.205],[23.569,61.201],[23.598,61.204],[23.656,61.21],[23.69,61.215],[23.692,61.216],[23.685,61.221],[23.67,61.227],[23.667,61.231],[23.681,61.234],[23.687,61.232],[23.688,61.236],[23.697,61.242],[23.706,61.243],[23.724,61.25],[23.726,61.253],[23.737,61.259],[23.729,61.266],[23.735,61.272],[23.73,61.276],[23.725,61.277],[23.729,61.282],[23.727,61.284],[23.715,61.291],[23.707,61.294],[23.69,61.297],[23.686,61.296],[23.679,61.29],[23.667,61.29],[23.665,61.295],[23.657,61.297],[23.66,61.302],[23.658,61.305],[23.673,61.313],[23.672,61.317],[23.653,61.327],[23.603,61.334],[23.548,61.358],[23.539,61.357],[23.532,61.369],[23.529,61.369],[23.514,61.375],[23.508,61.382],[23.502,61.386],[23.497,61.387],[23.484,61.394],[23.478,61.397],[23.469,61.389],[23.456,61.386],[23.448,61.388],[23.44,61.387],[23.438,61.385],[23.425,61.381],[23.41,61.379],[23.419,61.372],[23.418,61.369],[23.4,61.364],[23.393,61.361],[23.401,61.356],[23.438,61.344],[23.446,61.341],[23.45,61.338],[23.448,61.335],[23.441,61.334],[23.424,61.336],[23.422,61.328],[23.412,61.328],[23.364,61.337],[23.325,61.35],[23.276,61.356],[23.221,61.328],[23.266,61.312],[23.287,61.29],[23.279,61.238]]]}},{"type":"Feature","properties":{"id":2525692,"maakond_id":304,"name":"Hyrynsalmi","bbox":[28.048,64.45,29.459,64.898]},"geometry":{"type":"Polygon","coordinates":[[[29.459,64.566],[29.347,64.613],[29.282,64.623],[29.155,64.661],[29.149,64.664],[29.117,64.672],[29.087,64.675],[28.879,64.709],[28.808,64.705],[28.68,64.749],[28.669,64.749],[28.67,64.753],[28.617,64.783],[28.606,64.783],[28.608,64.788],[28.556,64.818],[28.294,64.898],[28.148,64.808],[28.056,64.809],[28.062,64.754],[28.048,64.752],[28.057,64.749],[28.062,64.751],[28.074,64.633],[28.097,64.637],[28.106,64.637],[28.105,64.64],[28.095,64.641],[28.093,64.646],[28.113,64.656],[28.132,64.649],[28.144,64.637],[28.246,64.637],[28.31,64.603],[28.31,64.593],[28.321,64.59],[28.331,64.595],[28.408,64.59],[28.409,64.592],[28.431,64.597],[28.576,64.562],[28.583,64.554],[28.594,64.558],[28.627,64.55],[28.617,64.543],[28.642,64.537],[28.651,64.544],[28.739,64.523],[28.744,64.519],[28.75,64.52],[28.86,64.493],[28.881,64.497],[28.946,64.468],[29.025,64.458],[29.028,64.456],[29.06,64.45],[29.06,64.453],[29.163,64.455],[29.32,64.495],[29.417,64.52],[29.459,64.566]]]}},{"type":"Feature","properties":{"id":2525693,"maakond_id":304,"name":"Kajaani","bbox":[26.748,63.845,28.158,64.365]},"geometry":{"type":"Polygon","coordinates":[[[26.767,64.265],[26.771,64.216],[26.774,64.163],[26.771,64.158],[26.775,64.157],[26.777,64.124],[26.766,64.119],[26.769,64.117],[26.777,64.122],[26.781,64.057],[26.87,64.037],[26.873,64.035],[26.973,64.009],[27.013,63.999],[27.11,63.994],[27.119,63.991],[27.131,63.998],[27.261,63.989],[27.377,63.971],[27.386,63.969],[27.419,63.966],[27.422,63.965],[27.423,63.956],[27.429,63.95],[27.429,63.948],[27.449,63.944],[27.497,63.95],[27.478,63.961],[27.54,63.957],[27.601,63.935],[27.65,63.919],[27.664,63.923],[27.74,63.909],[27.816,63.879],[27.891,63.851],[27.893,63.849],[27.91,63.852],[27.926,63.845],[27.94,63.85],[27.976,63.856],[27.97,63.86],[27.974,63.862],[27.985,63.858],[28.006,63.862],[28.034,63.872],[28.066,63.904],[28.022,63.95],[28.036,63.957],[28.032,63.959],[28.021,63.959],[28.012,63.962],[28.002,63.97],[27.911,64.011],[27.907,64.01],[27.898,64.013],[27.899,64.018],[27.867,64.036],[27.857,64.032],[27.841,64.038],[27.831,64.044],[27.847,64.048],[27.851,64.067],[27.837,64.082],[27.839,64.101],[27.834,64.105],[27.831,64.121],[27.834,64.125],[27.826,64.133],[27.844,64.139],[27.851,64.145],[27.851,64.152],[27.838,64.155],[27.809,64.155],[27.797,64.162],[27.838,64.16],[27.844,64.164],[27.885,64.208],[27.897,64.221],[27.934,64.234],[27.947,64.231],[27.96,64.244],[27.995,64.235],[27.998,64.238],[27.992,64.24],[27.985,64.245],[27.98,64.247],[28.029,64.263],[28.094,64.297],[28.111,64.29],[28.109,64.298],[28.158,64.308],[28.133,64.317],[28.112,64.306],[28.004,64.326],[27.994,64.33],[27.983,64.326],[27.937,64.345],[27.925,64.347],[27.827,64.36],[27.793,64.365],[27.766,64.349],[27.652,64.35],[27.573,64.308],[27.484,64.322],[27.427,64.293],[27.334,64.3],[27.188,64.31],[27.042,64.285],[26.999,64.29],[26.964,64.296],[26.942,64.327],[26.922,64.322],[26.926,64.312],[26.906,64.311],[26.894,64.312],[26.893,64.306],[26.888,64.302],[26.881,64.302],[26.877,64.305],[26.862,64.306],[26.845,64.302],[26.837,64.304],[26.839,64.306],[26.814,64.306],[26.786,64.292],[26.748,64.279],[26.767,64.268],[26.767,64.265]]]}},{"type":"Feature","properties":{"id":2525694,"maakond_id":304,"name":"Kuhmo","bbox":[28.752,63.703,30.554,64.635]},"geometry":{"type":"Polygon","coordinates":[[[29.972,63.757],[30.099,63.788],[30.133,63.797],[30.15,63.801],[30.26,63.822],[30.321,63.91],[30.354,63.932],[30.447,63.983],[30.493,64.018],[30.528,64.049],[30.554,64.102],[30.553,64.132],[30.516,64.155],[30.466,64.204],[30.51,64.222],[30.482,64.262],[30.388,64.269],[30.361,64.281],[30.367,64.3],[30.302,64.32],[30.285,64.33],[30.21,64.35],[30.137,64.358],[30.11,64.365],[30.045,64.402],[30.057,64.434],[30.05,64.442],[30.058,64.451],[30.046,64.472],[30.024,64.483],[30.03,64.501],[30.015,64.504],[29.987,64.534],[29.997,64.577],[29.99,64.587],[29.697,64.626],[29.622,64.635],[29.547,64.615],[29.53,64.623],[29.506,64.616],[29.513,64.611],[29.503,64.608],[29.509,64.605],[29.49,64.599],[29.459,64.566],[29.417,64.52],[29.32,64.495],[29.163,64.455],[29.06,64.453],[29.06,64.45],[29.028,64.456],[29.025,64.458],[28.946,64.468],[28.881,64.497],[28.86,64.493],[28.816,64.487],[28.853,64.403],[28.813,64.342],[28.761,64.311],[28.752,64.31],[28.775,64.292],[28.838,64.241],[28.85,64.239],[28.842,64.237],[28.856,64.226],[28.854,64.218],[28.875,64.166],[28.864,64.167],[28.86,64.158],[28.875,64.151],[28.869,64.15],[28.872,64.144],[28.885,64.141],[28.887,64.134],[28.907,64.135],[28.903,64.127],[28.89,64.127],[28.897,64.11],[28.891,64.099],[28.902,64.096],[28.905,64.094],[28.907,64.088],[28.922,64.086],[29.001,64.052],[28.982,64.043],[29.05,64.002],[29.211,63.965],[29.189,63.917],[29.193,63.916],[29.186,63.911],[29.158,63.847],[29.236,63.849],[29.265,63.85],[29.311,63.853],[29.416,63.861],[29.521,63.87],[29.544,63.872],[29.645,63.877],[29.683,63.879],[29.723,63.748],[29.776,63.703],[29.874,63.749],[29.878,63.749],[29.968,63.755],[29.972,63.757]]]}},{"type":"Feature","properties":{"id":2525695,"maakond_id":304,"name":"Paltamo","bbox":[27.18,64.293,28.463,64.582]},"geometry":{"type":"Polygon","coordinates":[[[28.133,64.317],[28.14,64.322],[28.166,64.323],[28.209,64.33],[28.215,64.34],[28.24,64.341],[28.291,64.331],[28.339,64.335],[28.345,64.338],[28.37,64.361],[28.463,64.375],[28.342,64.398],[28.321,64.403],[28.256,64.432],[28.229,64.435],[28.226,64.432],[28.199,64.435],[28.191,64.441],[28.171,64.451],[28.164,64.446],[28.128,64.456],[28.135,64.465],[28.105,64.467],[28.105,64.462],[28.08,64.469],[28.049,64.49],[28.054,64.52],[28.054,64.524],[27.975,64.563],[27.983,64.566],[27.967,64.576],[27.961,64.576],[27.953,64.573],[27.938,64.582],[27.87,64.577],[27.831,64.554],[27.766,64.536],[27.768,64.533],[27.756,64.529],[27.715,64.535],[27.679,64.527],[27.618,64.504],[27.591,64.518],[27.58,64.517],[27.563,64.517],[27.561,64.507],[27.545,64.508],[27.535,64.503],[27.491,64.523],[27.489,64.549],[27.48,64.547],[27.479,64.545],[27.471,64.539],[27.46,64.538],[27.457,64.535],[27.438,64.541],[27.438,64.543],[27.451,64.543],[27.418,64.558],[27.412,64.573],[27.402,64.574],[27.397,64.572],[27.348,64.55],[27.297,64.502],[27.272,64.49],[27.213,64.477],[27.206,64.474],[27.185,64.456],[27.18,64.441],[27.195,64.434],[27.2,64.427],[27.205,64.429],[27.216,64.421],[27.222,64.423],[27.227,64.42],[27.22,64.418],[27.249,64.399],[27.253,64.393],[27.241,64.377],[27.191,64.35],[27.188,64.31],[27.334,64.3],[27.427,64.293],[27.484,64.322],[27.573,64.308],[27.652,64.35],[27.766,64.349],[27.793,64.365],[27.827,64.36],[27.925,64.347],[27.937,64.345],[27.983,64.326],[27.994,64.33],[28.004,64.326],[28.112,64.306],[28.133,64.317]]]}},{"type":"Feature","properties":{"id":2525696,"maakond_id":304,"name":"Puolanka","bbox":[27.118,64.503,28.294,65.222]},"geometry":{"type":"MultiPolygon","coordinates":[[[[28.074,64.633],[28.062,64.751],[28.057,64.749],[28.048,64.752],[28.062,64.754],[28.056,64.809],[28.148,64.808],[28.294,64.898],[28.281,64.941],[28.268,64.947],[28.279,64.95],[28.261,65.007],[28.201,65.039],[28.204,65.042],[28.194,65.042],[28.129,65.077],[28.136,65.107],[28.205,65.132],[28.22,65.158],[28.199,65.204],[28.19,65.205],[28.179,65.208],[28.166,65.209],[28.165,65.207],[28.009,65.22],[28.006,65.222],[27.996,65.221],[27.986,65.217],[27.951,65.207],[27.948,65.206],[27.942,65.18],[27.894,65.091],[27.74,65.112],[27.74,65.113],[27.715,65.118],[27.703,65.117],[27.667,65.121],[27.616,65.107],[27.615,65.109],[27.604,65.107],[27.607,65.104],[27.572,65.094],[27.451,65.087],[27.33,65.091],[27.284,65.048],[27.262,65.027],[27.317,64.997],[27.323,64.988],[27.336,64.987],[27.386,64.959],[27.394,64.945],[27.377,64.941],[27.392,64.936],[27.4,64.936],[27.405,64.923],[27.37,64.89],[27.403,64.855],[27.393,64.847],[27.386,64.848],[27.361,64.843],[27.37,64.831],[27.375,64.831],[27.354,64.812],[27.213,64.828],[27.21,64.825],[27.201,64.826],[27.184,64.831],[27.185,64.832],[27.156,64.835],[27.148,64.835],[27.118,64.815],[27.198,64.777],[27.279,64.717],[27.269,64.712],[27.23,64.717],[27.225,64.713],[27.232,64.706],[27.246,64.711],[27.26,64.708],[27.24,64.699],[27.249,64.692],[27.267,64.661],[27.267,64.638],[27.263,64.633],[27.258,64.633],[27.26,64.625],[27.279,64.625],[27.298,64.62],[27.308,64.616],[27.32,64.613],[27.327,64.613],[27.335,64.61],[27.368,64.604],[27.35,64.597],[27.389,64.583],[27.383,64.579],[27.378,64.577],[27.397,64.572],[27.402,64.574],[27.412,64.573],[27.418,64.558],[27.451,64.543],[27.438,64.543],[27.438,64.541],[27.457,64.535],[27.46,64.538],[27.471,64.539],[27.479,64.545],[27.48,64.547],[27.489,64.549],[27.491,64.523],[27.535,64.503],[27.545,64.508],[27.561,64.507],[27.563,64.517],[27.58,64.517],[27.591,64.518],[27.618,64.504],[27.679,64.527],[27.715,64.535],[27.756,64.529],[27.768,64.533],[27.766,64.536],[27.831,64.554],[27.87,64.577],[27.899,64.602],[28.074,64.633]]],[[[28.146,65.077],[28.171,65.069],[28.176,65.072],[28.148,65.079],[28.146,65.077]]]]}},{"type":"Feature","properties":{"id":2525697,"maakond_id":304,"name":"Ristijärvi","bbox":[27.87,64.307,28.86,64.656]},"geometry":{"type":"Polygon","coordinates":[[[28.752,64.31],[28.761,64.311],[28.813,64.342],[28.853,64.403],[28.816,64.487],[28.86,64.493],[28.75,64.52],[28.744,64.519],[28.739,64.523],[28.651,64.544],[28.642,64.537],[28.617,64.543],[28.627,64.55],[28.594,64.558],[28.583,64.554],[28.576,64.562],[28.431,64.597],[28.409,64.592],[28.408,64.59],[28.331,64.595],[28.321,64.59],[28.31,64.593],[28.31,64.603],[28.246,64.637],[28.144,64.637],[28.132,64.649],[28.113,64.656],[28.093,64.646],[28.095,64.641],[28.105,64.64],[28.106,64.637],[28.097,64.637],[28.074,64.633],[27.899,64.602],[27.87,64.577],[27.938,64.582],[27.953,64.573],[27.961,64.576],[27.967,64.576],[27.983,64.566],[27.975,64.563],[28.054,64.524],[28.054,64.52],[28.049,64.49],[28.08,64.469],[28.105,64.462],[28.105,64.467],[28.135,64.465],[28.128,64.456],[28.164,64.446],[28.171,64.451],[28.191,64.441],[28.199,64.435],[28.226,64.432],[28.229,64.435],[28.256,64.432],[28.321,64.403],[28.342,64.398],[28.463,64.375],[28.529,64.344],[28.55,64.34],[28.558,64.344],[28.586,64.336],[28.602,64.338],[28.605,64.331],[28.599,64.329],[28.67,64.313],[28.696,64.307],[28.752,64.31]]]}},{"type":"Feature","properties":{"id":2525698,"maakond_id":304,"name":"Sotkamo","bbox":[27.797,63.669,29.211,64.375]},"geometry":{"type":"Polygon","coordinates":[[[28.168,63.716],[28.2,63.711],[28.215,63.703],[28.256,63.674],[28.274,63.669],[28.303,63.698],[28.36,63.755],[28.395,63.788],[28.474,63.858],[28.459,63.869],[28.46,63.871],[28.496,63.878],[28.501,63.882],[28.535,63.877],[28.558,63.874],[28.673,63.862],[28.814,63.845],[28.885,63.836],[28.939,63.84],[29.003,63.843],[29.081,63.846],[29.158,63.847],[29.186,63.911],[29.193,63.916],[29.189,63.917],[29.211,63.965],[29.05,64.002],[28.982,64.043],[29.001,64.052],[28.922,64.086],[28.907,64.088],[28.905,64.094],[28.902,64.096],[28.891,64.099],[28.897,64.11],[28.89,64.127],[28.903,64.127],[28.907,64.135],[28.887,64.134],[28.885,64.141],[28.872,64.144],[28.869,64.15],[28.875,64.151],[28.86,64.158],[28.864,64.167],[28.875,64.166],[28.854,64.218],[28.856,64.226],[28.842,64.237],[28.85,64.239],[28.838,64.241],[28.775,64.292],[28.752,64.31],[28.696,64.307],[28.67,64.313],[28.599,64.329],[28.605,64.331],[28.602,64.338],[28.586,64.336],[28.558,64.344],[28.55,64.34],[28.529,64.344],[28.463,64.375],[28.37,64.361],[28.345,64.338],[28.339,64.335],[28.291,64.331],[28.24,64.341],[28.215,64.34],[28.209,64.33],[28.166,64.323],[28.14,64.322],[28.133,64.317],[28.158,64.308],[28.109,64.298],[28.111,64.29],[28.094,64.297],[28.029,64.263],[27.98,64.247],[27.985,64.245],[27.992,64.24],[27.998,64.238],[27.995,64.235],[27.96,64.244],[27.947,64.231],[27.934,64.234],[27.897,64.221],[27.885,64.208],[27.844,64.164],[27.838,64.16],[27.797,64.162],[27.809,64.155],[27.838,64.155],[27.851,64.152],[27.851,64.145],[27.844,64.139],[27.826,64.133],[27.834,64.125],[27.831,64.121],[27.834,64.105],[27.839,64.101],[27.837,64.082],[27.851,64.067],[27.847,64.048],[27.831,64.044],[27.841,64.038],[27.857,64.032],[27.867,64.036],[27.899,64.018],[27.898,64.013],[27.907,64.01],[27.911,64.011],[28.002,63.97],[28.012,63.962],[28.021,63.959],[28.032,63.959],[28.036,63.957],[28.022,63.95],[28.066,63.904],[28.034,63.872],[28.006,63.862],[27.985,63.858],[27.974,63.862],[27.97,63.86],[27.976,63.856],[27.94,63.85],[27.926,63.845],[28.061,63.782],[28.144,63.725],[28.168,63.716]]]}},{"type":"Feature","properties":{"id":2525699,"maakond_id":304,"name":"Suomussalmi","bbox":[27.996,64.566,30.136,65.521]},"geometry":{"type":"Polygon","coordinates":[[[29.99,64.587],[29.989,64.588],[30.054,64.615],[30.119,64.626],[30.13,64.635],[30.136,64.649],[30.054,64.713],[30.041,64.741],[30.086,64.764],[30.091,64.765],[30.087,64.774],[30.043,64.793],[30.007,64.792],[29.996,64.795],[29.898,64.794],[29.879,64.792],[29.869,64.79],[29.74,64.79],[29.688,64.819],[29.7,64.837],[29.681,64.849],[29.645,64.866],[29.615,64.917],[29.611,64.927],[29.619,64.96],[29.599,64.995],[29.614,65.013],[29.627,65.061],[29.656,65.069],[29.711,65.084],[29.733,65.091],[29.831,65.092],[29.872,65.104],[29.897,65.105],[29.85,65.129],[29.819,65.144],[29.894,65.193],[29.886,65.206],[29.859,65.215],[29.817,65.223],[29.764,65.229],[29.744,65.226],[29.701,65.231],[29.634,65.232],[29.602,65.26],[29.609,65.276],[29.646,65.289],[29.711,65.327],[29.747,65.347],[29.731,65.374],[29.727,65.4],[29.731,65.447],[29.733,65.472],[29.749,65.483],[29.755,65.497],[29.741,65.496],[29.728,65.494],[29.713,65.494],[29.693,65.497],[29.653,65.497],[29.548,65.506],[29.528,65.501],[29.53,65.498],[29.523,65.496],[29.523,65.493],[29.504,65.489],[29.505,65.488],[29.32,65.521],[29.213,65.518],[29.219,65.493],[29.194,65.482],[29.195,65.478],[29.186,65.479],[29.152,65.464],[29.168,65.464],[29.163,65.46],[29.149,65.462],[29.116,65.448],[29.045,65.437],[28.956,65.447],[28.81,65.42],[28.804,65.429],[28.792,65.428],[28.793,65.423],[28.776,65.423],[28.776,65.421],[28.802,65.419],[28.666,65.393],[28.647,65.389],[28.657,65.372],[28.633,65.357],[28.629,65.354],[28.604,65.312],[28.612,65.308],[28.605,65.3],[28.614,65.292],[28.609,65.287],[28.598,65.287],[28.59,65.284],[28.487,65.277],[28.489,65.272],[28.505,65.268],[28.495,65.267],[28.485,65.27],[28.483,65.277],[28.364,65.268],[28.285,65.262],[28.285,65.258],[28.277,65.256],[28.268,65.256],[28.266,65.26],[28.162,65.25],[28.034,65.239],[27.996,65.221],[28.006,65.222],[28.009,65.22],[28.165,65.207],[28.166,65.209],[28.179,65.208],[28.19,65.205],[28.199,65.204],[28.22,65.158],[28.205,65.132],[28.136,65.107],[28.129,65.077],[28.194,65.042],[28.204,65.042],[28.201,65.039],[28.261,65.007],[28.279,64.95],[28.268,64.947],[28.281,64.941],[28.294,64.898],[28.556,64.818],[28.608,64.788],[28.606,64.783],[28.617,64.783],[28.67,64.753],[28.669,64.749],[28.68,64.749],[28.808,64.705],[28.879,64.709],[29.087,64.675],[29.117,64.672],[29.149,64.664],[29.155,64.661],[29.282,64.623],[29.347,64.613],[29.459,64.566],[29.49,64.599],[29.509,64.605],[29.503,64.608],[29.513,64.611],[29.506,64.616],[29.53,64.623],[29.547,64.615],[29.622,64.635],[29.697,64.626],[29.99,64.587]],[[28.146,65.077],[28.148,65.079],[28.176,65.072],[28.171,65.069],[28.146,65.077]]]}},{"type":"Feature","properties":{"id":2525700,"maakond_id":313,"name":"Vaala","bbox":[26.291,64.264,27.397,64.835]},"geometry":{"type":"Polygon","coordinates":[[[26.461,64.565],[26.361,64.515],[26.351,64.514],[26.343,64.518],[26.348,64.508],[26.314,64.505],[26.324,64.496],[26.291,64.479],[26.384,64.443],[26.386,64.445],[26.398,64.445],[26.404,64.44],[26.403,64.436],[26.426,64.427],[26.452,64.404],[26.465,64.397],[26.472,64.401],[26.485,64.399],[26.484,64.397],[26.479,64.394],[26.486,64.391],[26.48,64.388],[26.469,64.389],[26.479,64.38],[26.46,64.385],[26.459,64.383],[26.482,64.375],[26.468,64.37],[26.463,64.365],[26.467,64.362],[26.462,64.357],[26.462,64.353],[26.474,64.352],[26.511,64.335],[26.509,64.332],[26.518,64.329],[26.521,64.331],[26.546,64.32],[26.562,64.32],[26.57,64.316],[26.582,64.319],[26.681,64.316],[26.686,64.313],[26.685,64.276],[26.698,64.273],[26.7,64.27],[26.706,64.266],[26.757,64.264],[26.767,64.265],[26.767,64.268],[26.748,64.279],[26.786,64.292],[26.814,64.306],[26.839,64.306],[26.837,64.304],[26.845,64.302],[26.862,64.306],[26.877,64.305],[26.881,64.302],[26.888,64.302],[26.893,64.306],[26.894,64.312],[26.906,64.311],[26.926,64.312],[26.922,64.322],[26.942,64.327],[26.964,64.296],[26.999,64.29],[27.042,64.285],[27.188,64.31],[27.191,64.35],[27.241,64.377],[27.253,64.393],[27.249,64.399],[27.22,64.418],[27.227,64.42],[27.222,64.423],[27.216,64.421],[27.205,64.429],[27.2,64.427],[27.195,64.434],[27.18,64.441],[27.185,64.456],[27.206,64.474],[27.213,64.477],[27.272,64.49],[27.297,64.502],[27.348,64.55],[27.397,64.572],[27.378,64.577],[27.383,64.579],[27.389,64.583],[27.35,64.597],[27.368,64.604],[27.335,64.61],[27.327,64.613],[27.32,64.613],[27.308,64.616],[27.298,64.62],[27.279,64.625],[27.26,64.625],[27.258,64.633],[27.263,64.633],[27.267,64.638],[27.267,64.661],[27.249,64.692],[27.24,64.699],[27.26,64.708],[27.246,64.711],[27.232,64.706],[27.225,64.713],[27.23,64.717],[27.269,64.712],[27.279,64.717],[27.198,64.777],[27.118,64.815],[27.148,64.835],[27.071,64.811],[26.908,64.759],[26.89,64.734],[26.908,64.729],[26.911,64.727],[26.899,64.721],[26.89,64.72],[26.894,64.71],[26.89,64.706],[26.901,64.704],[26.904,64.701],[26.9,64.696],[26.884,64.699],[26.879,64.692],[26.889,64.688],[26.887,64.686],[26.874,64.688],[26.86,64.69],[26.841,64.662],[26.809,64.659],[26.755,64.65],[26.755,64.647],[26.741,64.644],[26.733,64.652],[26.706,64.646],[26.71,64.643],[26.689,64.636],[26.704,64.631],[26.695,64.628],[26.666,64.642],[26.689,64.648],[26.69,64.651],[26.685,64.653],[26.672,64.648],[26.661,64.648],[26.652,64.655],[26.634,64.647],[26.644,64.641],[26.653,64.64],[26.658,64.632],[26.648,64.629],[26.654,64.626],[26.612,64.611],[26.603,64.613],[26.573,64.59],[26.578,64.576],[26.583,64.573],[26.58,64.569],[26.557,64.575],[26.56,64.577],[26.554,64.58],[26.531,64.575],[26.548,64.56],[26.547,64.558],[26.461,64.565]]]}},{"type":"Feature","properties":{"id":2525740,"maakond_id":313,"name":"Ii","bbox":[24.137,65.211,26.16,65.822]},"geometry":{"type":"MultiPolygon","coordinates":[[[[26.156,65.555],[26.157,65.639],[26.158,65.726],[26.16,65.822],[25.991,65.786],[25.939,65.774],[25.79,65.741],[25.425,65.743],[25.36,65.727],[25.308,65.685],[25.231,65.668],[25.197,65.652],[25.189,65.655],[25.179,65.651],[25.187,65.648],[25.163,65.636],[25.129,65.607],[25.094,65.592],[25.093,65.59],[25.084,65.589],[24.618,65.369],[24.155,65.292],[24.137,65.242],[24.607,65.211],[25.18,65.252],[25.177,65.239],[25.225,65.237],[25.254,65.25],[25.307,65.262],[25.32,65.263],[25.33,65.259],[25.354,65.257],[25.515,65.251],[25.552,65.253],[25.627,65.25],[25.642,65.247],[25.644,65.245],[25.66,65.24],[25.737,65.269],[25.728,65.274],[25.731,65.276],[25.726,65.279],[25.731,65.283],[25.726,65.286],[25.708,65.284],[25.685,65.287],[25.676,65.292],[25.674,65.294],[25.684,65.295],[25.69,65.298],[25.693,65.302],[25.676,65.309],[25.685,65.318],[25.678,65.324],[25.667,65.323],[25.662,65.327],[25.663,65.331],[25.614,65.351],[25.647,65.379],[25.639,65.389],[25.662,65.413],[25.761,65.52],[25.789,65.55],[25.9,65.559],[25.901,65.56],[26.005,65.564],[26.015,65.561],[26.019,65.555],[26.156,65.555]]],[[[25.346,65.257],[25.34,65.256],[25.34,65.251],[25.351,65.252],[25.346,65.257]]],[[[25.995,65.309],[26.001,65.288],[26.127,65.298],[26.153,65.3],[26.14,65.35],[26.12,65.357],[26.102,65.355],[26.084,65.352],[26.071,65.353],[26.063,65.358],[26.051,65.359],[26.031,65.357],[26.026,65.353],[26.016,65.354],[25.999,65.352],[25.99,65.353],[25.985,65.349],[25.995,65.309]]]]}},{"type":"Feature","properties":{"id":2525741,"maakond_id":313,"name":"Kuusamo","bbox":[28.368,65.488,30.138,66.486]},"geometry":{"type":"Polygon","coordinates":[[[29.213,65.518],[29.32,65.521],[29.505,65.488],[29.504,65.489],[29.523,65.493],[29.523,65.496],[29.53,65.498],[29.528,65.501],[29.548,65.506],[29.653,65.497],[29.693,65.497],[29.713,65.494],[29.728,65.494],[29.741,65.496],[29.755,65.497],[29.798,65.526],[29.864,65.56],[29.844,65.571],[29.815,65.584],[29.787,65.595],[29.754,65.609],[29.722,65.637],[29.751,65.643],[29.901,65.673],[29.941,65.681],[30.017,65.696],[30.04,65.687],[30.138,65.669],[30.134,65.7],[30.119,65.752],[30.107,65.788],[30.105,65.793],[30.087,65.851],[30.068,65.895],[30.059,65.91],[30.024,65.959],[30.024,65.967],[29.997,65.979],[29.989,66.02],[29.993,66.022],[29.984,66.025],[29.974,66.041],[29.981,66.044],[29.971,66.046],[29.966,66.057],[29.923,66.127],[29.86,66.17],[29.776,66.224],[29.709,66.268],[29.699,66.267],[29.694,66.271],[29.707,66.273],[29.707,66.275],[29.697,66.278],[29.695,66.28],[29.662,66.32],[29.631,66.366],[29.594,66.407],[29.573,66.433],[29.543,66.433],[29.258,66.433],[29.259,66.408],[29.15,66.423],[29.008,66.443],[28.837,66.467],[28.695,66.486],[28.69,66.473],[28.665,66.413],[28.616,66.413],[28.601,66.409],[28.587,66.412],[28.599,66.4],[28.584,66.4],[28.575,66.382],[28.553,66.384],[28.549,66.383],[28.547,66.352],[28.553,66.349],[28.553,66.344],[28.546,66.34],[28.546,66.333],[28.538,66.333],[28.587,66.273],[28.593,66.268],[28.602,66.267],[28.606,66.265],[28.627,66.267],[28.641,66.265],[28.644,66.252],[28.662,66.247],[28.683,66.262],[28.69,66.262],[28.704,66.259],[28.711,66.261],[28.732,66.258],[28.75,66.254],[28.74,66.247],[28.75,66.244],[28.76,66.237],[28.759,66.229],[28.756,66.225],[28.74,66.224],[28.736,66.22],[28.75,66.215],[28.736,66.205],[28.768,66.186],[28.768,66.185],[28.717,66.161],[28.717,66.136],[28.687,66.128],[28.604,66.128],[28.626,66.09],[28.646,66.086],[28.625,66.071],[28.697,66.062],[28.695,66.058],[28.703,66.053],[28.718,66.053],[28.724,66.049],[28.714,66.046],[28.718,66.043],[28.73,66.046],[28.745,66.051],[28.764,66.043],[28.733,66.037],[28.736,66.026],[28.748,66.024],[28.747,66.002],[28.699,66.002],[28.67,66],[28.652,65.987],[28.598,65.987],[28.598,65.999],[28.544,66.009],[28.544,66.003],[28.483,66.004],[28.483,65.99],[28.412,65.986],[28.412,65.999],[28.415,66.001],[28.429,66.004],[28.436,66.008],[28.423,66.009],[28.415,66.005],[28.408,66.005],[28.399,66.003],[28.389,66.004],[28.371,66.001],[28.371,65.998],[28.381,65.999],[28.39,65.996],[28.39,65.98],[28.393,65.978],[28.393,65.969],[28.386,65.971],[28.373,65.971],[28.368,65.968],[28.372,65.96],[28.377,65.96],[28.433,65.946],[28.458,65.919],[28.509,65.89],[28.513,65.846],[28.569,65.838],[28.602,65.778],[28.644,65.741],[28.65,65.641],[28.667,65.621],[28.73,65.606],[28.85,65.599],[28.865,65.608],[28.932,65.647],[28.971,65.619],[29.022,65.589],[29.157,65.532],[29.213,65.518]]]}},{"type":"Feature","properties":{"id":2525742,"maakond_id":313,"name":"Pudasjärvi","bbox":[26.153,65.087,28.164,65.96]},"geometry":{"type":"Polygon","coordinates":[[[27.996,65.221],[28.034,65.239],[28.162,65.25],[28.164,65.253],[28.16,65.258],[28.143,65.325],[28.138,65.325],[28.137,65.332],[28.139,65.337],[27.984,65.402],[27.87,65.409],[27.824,65.428],[27.822,65.444],[27.813,65.48],[27.777,65.507],[27.793,65.558],[27.824,65.654],[27.804,65.665],[27.764,65.765],[27.751,65.769],[27.744,65.769],[27.737,65.772],[27.726,65.778],[27.723,65.777],[27.713,65.781],[27.733,65.792],[27.761,65.827],[27.768,65.837],[27.784,65.836],[27.786,65.838],[27.767,65.841],[27.695,65.901],[27.655,65.96],[27.637,65.957],[27.622,65.956],[27.618,65.953],[27.609,65.955],[27.596,65.955],[27.586,65.946],[27.565,65.933],[27.568,65.927],[27.564,65.926],[27.551,65.927],[27.542,65.925],[27.535,65.925],[27.526,65.922],[27.497,65.932],[27.482,65.933],[27.478,65.932],[27.45,65.931],[27.447,65.929],[27.414,65.934],[27.407,65.938],[27.333,65.892],[27.347,65.893],[27.346,65.89],[27.331,65.891],[27.252,65.841],[27.247,65.843],[27.236,65.841],[27.237,65.837],[27.245,65.837],[27.232,65.829],[27.226,65.829],[27.226,65.825],[27.162,65.784],[27.179,65.779],[27.164,65.775],[27.157,65.78],[27.11,65.751],[27.088,65.747],[27.101,65.742],[27.072,65.73],[27.049,65.733],[27.036,65.738],[27.006,65.733],[27.007,65.722],[27.022,65.722],[27.023,65.714],[26.983,65.713],[26.981,65.729],[26.825,65.701],[26.676,65.71],[26.673,65.701],[26.66,65.71],[26.369,65.713],[26.343,65.716],[26.158,65.726],[26.157,65.639],[26.156,65.555],[26.155,65.503],[26.173,65.502],[26.18,65.499],[26.155,65.491],[26.154,65.469],[26.166,65.466],[26.162,65.462],[26.154,65.468],[26.153,65.419],[26.401,65.374],[26.401,65.373],[26.427,65.347],[26.391,65.35],[26.383,65.331],[26.366,65.327],[26.357,65.327],[26.34,65.326],[26.331,65.326],[26.317,65.331],[26.309,65.332],[26.3,65.331],[26.291,65.333],[26.267,65.334],[26.264,65.327],[26.254,65.325],[26.24,65.329],[26.23,65.325],[26.225,65.329],[26.214,65.329],[26.209,65.332],[26.197,65.333],[26.199,65.329],[26.205,65.33],[26.212,65.328],[26.225,65.328],[26.23,65.323],[26.239,65.327],[26.246,65.327],[26.254,65.325],[26.265,65.327],[26.271,65.333],[26.288,65.331],[26.319,65.329],[26.337,65.324],[26.344,65.324],[26.359,65.326],[26.369,65.326],[26.383,65.328],[26.399,65.326],[26.377,65.317],[26.354,65.321],[26.345,65.313],[26.288,65.281],[26.281,65.279],[26.255,65.284],[26.234,65.274],[26.317,65.201],[26.476,65.147],[26.562,65.113],[26.587,65.102],[26.593,65.098],[26.629,65.097],[26.898,65.092],[27.005,65.107],[27.074,65.105],[27.202,65.094],[27.33,65.091],[27.451,65.087],[27.572,65.094],[27.607,65.104],[27.604,65.107],[27.615,65.109],[27.616,65.107],[27.667,65.121],[27.703,65.117],[27.715,65.118],[27.74,65.113],[27.74,65.112],[27.894,65.091],[27.942,65.18],[27.948,65.206],[27.951,65.207],[27.986,65.217],[27.996,65.221]]]}},{"type":"Feature","properties":{"id":2525743,"maakond_id":313,"name":"Taivalkoski","bbox":[27.713,65.25,29.219,65.846]},"geometry":{"type":"Polygon","coordinates":[[[28.162,65.25],[28.266,65.26],[28.268,65.256],[28.277,65.256],[28.285,65.258],[28.285,65.262],[28.364,65.268],[28.483,65.277],[28.485,65.27],[28.495,65.267],[28.505,65.268],[28.489,65.272],[28.487,65.277],[28.59,65.284],[28.598,65.287],[28.609,65.287],[28.614,65.292],[28.605,65.3],[28.612,65.308],[28.604,65.312],[28.629,65.354],[28.633,65.357],[28.657,65.372],[28.647,65.389],[28.666,65.393],[28.802,65.419],[28.776,65.421],[28.776,65.423],[28.793,65.423],[28.792,65.428],[28.804,65.429],[28.81,65.42],[28.956,65.447],[29.045,65.437],[29.116,65.448],[29.149,65.462],[29.163,65.46],[29.168,65.464],[29.152,65.464],[29.186,65.479],[29.195,65.478],[29.194,65.482],[29.219,65.493],[29.213,65.518],[29.157,65.532],[29.022,65.589],[28.971,65.619],[28.932,65.647],[28.865,65.608],[28.85,65.599],[28.73,65.606],[28.667,65.621],[28.65,65.641],[28.644,65.741],[28.602,65.778],[28.569,65.838],[28.513,65.846],[28.467,65.845],[28.383,65.83],[28.224,65.801],[28.162,65.808],[28.144,65.815],[27.909,65.823],[27.761,65.827],[27.733,65.792],[27.713,65.781],[27.723,65.777],[27.726,65.778],[27.737,65.772],[27.744,65.769],[27.751,65.769],[27.764,65.765],[27.804,65.665],[27.824,65.654],[27.793,65.558],[27.777,65.507],[27.813,65.48],[27.822,65.444],[27.824,65.428],[27.87,65.409],[27.984,65.402],[28.139,65.337],[28.137,65.332],[28.138,65.325],[28.143,65.325],[28.16,65.258],[28.164,65.253],[28.162,65.25]]]}},{"type":"Feature","properties":{"id":2525744,"maakond_id":313,"name":"Utajärvi","bbox":[26.141,64.558,27.405,65.107]},"geometry":{"type":"Polygon","coordinates":[[[26.629,65.097],[26.628,65.089],[26.639,65.091],[26.642,65.088],[26.627,65.087],[26.628,65.083],[26.626,65.078],[26.628,65.071],[26.611,65.054],[26.659,65.014],[26.702,65.013],[26.705,65.014],[26.711,65.008],[26.714,65.007],[26.7,65],[26.687,64.999],[26.693,64.997],[26.679,64.99],[26.689,64.979],[26.739,64.99],[26.759,64.967],[26.771,64.962],[26.764,64.96],[26.771,64.957],[26.768,64.953],[26.684,64.916],[26.677,64.916],[26.662,64.892],[26.632,64.893],[26.61,64.898],[26.609,64.9],[26.6,64.901],[26.579,64.902],[26.575,64.906],[26.56,64.907],[26.533,64.862],[26.517,64.849],[26.495,64.852],[26.5,64.859],[26.488,64.863],[26.486,64.868],[26.478,64.869],[26.468,64.867],[26.458,64.852],[26.427,64.858],[26.428,64.861],[26.407,64.865],[26.394,64.844],[26.432,64.832],[26.446,64.826],[26.445,64.811],[26.373,64.794],[26.259,64.823],[26.23,64.872],[26.218,64.875],[26.224,64.88],[26.184,64.899],[26.159,64.889],[26.156,64.882],[26.146,64.883],[26.141,64.88],[26.161,64.879],[26.167,64.887],[26.177,64.891],[26.184,64.892],[26.191,64.885],[26.202,64.884],[26.215,64.876],[26.216,64.866],[26.221,64.836],[26.216,64.836],[26.201,64.84],[26.192,64.845],[26.189,64.844],[26.195,64.839],[26.179,64.824],[26.185,64.819],[26.183,64.818],[26.205,64.806],[26.241,64.788],[26.285,64.755],[26.279,64.753],[26.292,64.749],[26.257,64.738],[26.287,64.719],[26.331,64.731],[26.336,64.727],[26.325,64.722],[26.333,64.716],[26.349,64.717],[26.355,64.712],[26.347,64.71],[26.354,64.705],[26.342,64.702],[26.347,64.699],[26.336,64.694],[26.353,64.683],[26.365,64.686],[26.379,64.677],[26.359,64.67],[26.369,64.662],[26.378,64.662],[26.388,64.659],[26.362,64.63],[26.353,64.637],[26.336,64.652],[26.323,64.649],[26.314,64.655],[26.296,64.65],[26.301,64.647],[26.298,64.645],[26.283,64.641],[26.27,64.641],[26.27,64.646],[26.226,64.647],[26.228,64.643],[26.24,64.641],[26.239,64.639],[26.27,64.634],[26.289,64.622],[26.294,64.619],[26.322,64.614],[26.324,64.611],[26.311,64.61],[26.293,64.605],[26.287,64.601],[26.285,64.598],[26.316,64.595],[26.334,64.586],[26.345,64.592],[26.34,64.592],[26.314,64.599],[26.319,64.601],[26.343,64.596],[26.35,64.597],[26.354,64.6],[26.364,64.599],[26.364,64.594],[26.376,64.594],[26.375,64.591],[26.391,64.59],[26.393,64.592],[26.408,64.594],[26.412,64.61],[26.455,64.622],[26.486,64.601],[26.438,64.589],[26.442,64.584],[26.475,64.593],[26.478,64.596],[26.489,64.599],[26.505,64.588],[26.485,64.585],[26.448,64.577],[26.456,64.565],[26.461,64.565],[26.547,64.558],[26.548,64.56],[26.531,64.575],[26.554,64.58],[26.56,64.577],[26.557,64.575],[26.58,64.569],[26.583,64.573],[26.578,64.576],[26.573,64.59],[26.603,64.613],[26.612,64.611],[26.654,64.626],[26.648,64.629],[26.658,64.632],[26.653,64.64],[26.644,64.641],[26.634,64.647],[26.652,64.655],[26.661,64.648],[26.672,64.648],[26.685,64.653],[26.69,64.651],[26.689,64.648],[26.666,64.642],[26.695,64.628],[26.704,64.631],[26.689,64.636],[26.71,64.643],[26.706,64.646],[26.733,64.652],[26.741,64.644],[26.755,64.647],[26.755,64.65],[26.809,64.659],[26.841,64.662],[26.86,64.69],[26.874,64.688],[26.887,64.686],[26.889,64.688],[26.879,64.692],[26.884,64.699],[26.9,64.696],[26.904,64.701],[26.901,64.704],[26.89,64.706],[26.894,64.71],[26.89,64.72],[26.899,64.721],[26.911,64.727],[26.908,64.729],[26.89,64.734],[26.908,64.759],[27.071,64.811],[27.148,64.835],[27.156,64.835],[27.185,64.832],[27.184,64.831],[27.201,64.826],[27.21,64.825],[27.213,64.828],[27.354,64.812],[27.375,64.831],[27.37,64.831],[27.361,64.843],[27.386,64.848],[27.393,64.847],[27.403,64.855],[27.37,64.89],[27.405,64.923],[27.4,64.936],[27.392,64.936],[27.377,64.941],[27.394,64.945],[27.386,64.959],[27.336,64.987],[27.323,64.988],[27.317,64.997],[27.262,65.027],[27.284,65.048],[27.33,65.091],[27.202,65.094],[27.074,65.105],[27.005,65.107],[26.898,65.092],[26.629,65.097]]]}},{"type":"Feature","properties":{"id":2525811,"maakond_id":313,"name":"Hailuoto","bbox":[24.039,64.898,25.135,65.185]},"geometry":{"type":"Polygon","coordinates":[[[24.118,65.185],[24.084,65.08],[24.05,65.025],[24.039,65.008],[24.754,64.898],[24.803,64.905],[24.991,64.966],[25.045,64.984],[25.124,65.05],[25.135,65.061],[25.11,65.072],[25.062,65.093],[24.951,65.141],[24.848,65.145],[24.636,65.154],[24.628,65.154],[24.118,65.185]]]}},{"type":"Feature","properties":{"id":2525813,"maakond_id":313,"name":"Liminka","bbox":[25.168,64.463,26.291,64.892]},"geometry":{"type":"Polygon","coordinates":[[[25.168,64.734],[25.182,64.73],[25.243,64.705],[25.267,64.695],[25.274,64.701],[25.279,64.699],[25.272,64.691],[25.281,64.691],[25.282,64.694],[25.287,64.696],[25.297,64.693],[25.29,64.689],[25.308,64.685],[25.318,64.679],[25.313,64.677],[25.324,64.674],[25.323,64.672],[25.332,64.668],[25.439,64.646],[25.52,64.629],[25.549,64.623],[25.576,64.616],[25.617,64.605],[25.622,64.601],[25.683,64.556],[25.69,64.554],[25.697,64.549],[25.696,64.544],[25.701,64.542],[25.726,64.524],[25.74,64.518],[25.759,64.529],[25.781,64.542],[25.764,64.548],[25.768,64.551],[25.78,64.552],[25.794,64.549],[25.808,64.55],[25.827,64.536],[25.844,64.529],[25.849,64.526],[25.864,64.521],[25.927,64.557],[26.007,64.531],[26.217,64.463],[26.263,64.467],[26.291,64.479],[26.285,64.509],[26.201,64.569],[26.192,64.567],[26.187,64.568],[26.164,64.569],[26.173,64.572],[26.181,64.571],[26.19,64.569],[26.193,64.574],[26.168,64.592],[25.956,64.661],[25.935,64.649],[26.128,64.586],[26.105,64.572],[26.112,64.57],[26.1,64.564],[26.077,64.571],[26.074,64.572],[26.065,64.563],[26.032,64.57],[26.004,64.58],[25.986,64.57],[25.962,64.577],[25.988,64.592],[25.98,64.592],[25.978,64.595],[25.967,64.597],[25.944,64.6],[25.932,64.593],[25.91,64.6],[25.922,64.605],[25.916,64.607],[25.916,64.611],[25.905,64.614],[25.896,64.61],[25.889,64.614],[25.893,64.617],[25.893,64.621],[25.884,64.623],[25.856,64.631],[25.835,64.635],[25.827,64.638],[25.819,64.637],[25.793,64.652],[25.79,64.651],[25.776,64.656],[25.779,64.657],[25.77,64.66],[25.756,64.662],[25.682,64.633],[25.673,64.632],[25.68,64.629],[25.695,64.627],[25.705,64.628],[25.736,64.623],[25.736,64.619],[25.726,64.615],[25.739,64.61],[25.732,64.607],[25.737,64.605],[25.745,64.608],[25.749,64.606],[25.741,64.603],[25.745,64.6],[25.738,64.598],[25.742,64.591],[25.739,64.588],[25.726,64.583],[25.716,64.586],[25.727,64.59],[25.72,64.594],[25.726,64.597],[25.724,64.601],[25.717,64.604],[25.709,64.602],[25.699,64.605],[25.693,64.613],[25.688,64.611],[25.676,64.615],[25.666,64.616],[25.65,64.622],[25.639,64.625],[25.64,64.627],[25.621,64.629],[25.625,64.625],[25.622,64.619],[25.615,64.617],[25.609,64.62],[25.612,64.625],[25.609,64.629],[25.591,64.63],[25.588,64.627],[25.577,64.63],[25.575,64.632],[25.562,64.652],[25.565,64.655],[25.558,64.656],[25.54,64.685],[25.501,64.707],[25.519,64.714],[25.525,64.73],[25.523,64.731],[25.524,64.739],[25.536,64.738],[25.536,64.732],[25.558,64.732],[25.584,64.729],[25.586,64.725],[25.608,64.727],[25.603,64.732],[25.604,64.737],[25.601,64.74],[25.606,64.743],[25.578,64.779],[25.568,64.784],[25.556,64.786],[25.558,64.79],[25.568,64.791],[25.565,64.796],[25.556,64.801],[25.547,64.798],[25.517,64.808],[25.528,64.807],[25.532,64.816],[25.532,64.821],[25.562,64.818],[25.564,64.822],[25.544,64.824],[25.554,64.835],[25.562,64.839],[25.541,64.845],[25.548,64.85],[25.556,64.849],[25.552,64.852],[25.545,64.854],[25.547,64.856],[25.535,64.859],[25.523,64.866],[25.504,64.866],[25.491,64.867],[25.481,64.871],[25.484,64.877],[25.474,64.881],[25.471,64.886],[25.463,64.889],[25.455,64.888],[25.445,64.892],[25.442,64.881],[25.422,64.882],[25.402,64.884],[25.396,64.88],[25.387,64.876],[25.327,64.882],[25.306,64.853],[25.278,64.815],[25.168,64.734]]]}},{"type":"Feature","properties":{"id":2525814,"maakond_id":313,"name":"Lumijoki","bbox":[24.953,64.734,25.33,64.984]},"geometry":{"type":"Polygon","coordinates":[[[25.168,64.734],[25.278,64.815],[25.306,64.853],[25.327,64.882],[25.33,64.886],[25.319,64.884],[25.222,64.92],[25.15,64.946],[25.045,64.984],[24.991,64.966],[25.004,64.917],[24.996,64.882],[24.998,64.876],[25.006,64.876],[25.009,64.874],[24.992,64.87],[24.986,64.843],[24.959,64.817],[24.953,64.816],[24.953,64.812],[25.015,64.778],[25.046,64.769],[25.168,64.734]]]}},{"type":"Feature","properties":{"id":2525815,"maakond_id":313,"name":"Muhos","bbox":[25.75,64.479,26.505,64.978]},"geometry":{"type":"Polygon","coordinates":[[[26.394,64.844],[26.342,64.862],[26.333,64.856],[26.308,64.865],[26.317,64.869],[26.293,64.878],[26.283,64.873],[26.268,64.873],[26.25,64.875],[26.225,64.88],[26.273,64.906],[26.259,64.912],[26.226,64.917],[26.212,64.917],[26.195,64.924],[26.194,64.931],[26.19,64.935],[26.207,64.941],[26.191,64.95],[26.18,64.944],[26.175,64.946],[26.156,64.947],[26.141,64.944],[26.126,64.945],[26.109,64.951],[26.088,64.945],[26.08,64.945],[26.095,64.971],[26.089,64.97],[26.075,64.972],[26.069,64.974],[26.058,64.973],[26.053,64.975],[26.051,64.978],[26.039,64.976],[25.986,64.963],[25.976,64.966],[25.983,64.969],[25.979,64.971],[25.971,64.969],[25.972,64.978],[25.968,64.977],[25.94,64.955],[25.943,64.954],[25.972,64.966],[25.995,64.955],[25.84,64.893],[25.836,64.889],[25.83,64.893],[25.826,64.891],[25.818,64.897],[25.808,64.894],[25.795,64.895],[25.771,64.891],[25.765,64.885],[25.758,64.889],[25.75,64.889],[25.758,64.881],[25.757,64.879],[25.763,64.873],[25.77,64.875],[25.783,64.866],[25.776,64.865],[25.79,64.861],[25.889,64.792],[25.877,64.791],[25.866,64.792],[25.864,64.795],[25.85,64.802],[25.855,64.805],[25.85,64.808],[25.832,64.806],[25.845,64.799],[25.855,64.798],[25.862,64.794],[25.863,64.792],[25.882,64.784],[25.887,64.787],[25.895,64.788],[25.994,64.718],[25.968,64.711],[26.002,64.687],[25.956,64.661],[26.168,64.592],[26.193,64.574],[26.19,64.569],[26.181,64.571],[26.173,64.572],[26.164,64.569],[26.187,64.568],[26.192,64.567],[26.201,64.569],[26.285,64.509],[26.291,64.479],[26.324,64.496],[26.314,64.505],[26.348,64.508],[26.343,64.518],[26.351,64.514],[26.361,64.515],[26.461,64.565],[26.456,64.565],[26.448,64.577],[26.485,64.585],[26.505,64.588],[26.489,64.599],[26.478,64.596],[26.475,64.593],[26.442,64.584],[26.438,64.589],[26.486,64.601],[26.455,64.622],[26.412,64.61],[26.408,64.594],[26.393,64.592],[26.391,64.59],[26.375,64.591],[26.376,64.594],[26.364,64.594],[26.364,64.599],[26.354,64.6],[26.35,64.597],[26.343,64.596],[26.319,64.601],[26.314,64.599],[26.34,64.592],[26.345,64.592],[26.334,64.586],[26.316,64.595],[26.285,64.598],[26.287,64.601],[26.293,64.605],[26.311,64.61],[26.324,64.611],[26.322,64.614],[26.294,64.619],[26.289,64.622],[26.27,64.634],[26.239,64.639],[26.24,64.641],[26.228,64.643],[26.226,64.647],[26.27,64.646],[26.27,64.641],[26.283,64.641],[26.298,64.645],[26.301,64.647],[26.296,64.65],[26.314,64.655],[26.323,64.649],[26.336,64.652],[26.353,64.637],[26.362,64.63],[26.388,64.659],[26.378,64.662],[26.369,64.662],[26.359,64.67],[26.379,64.677],[26.365,64.686],[26.353,64.683],[26.336,64.694],[26.347,64.699],[26.342,64.702],[26.354,64.705],[26.347,64.71],[26.355,64.712],[26.349,64.717],[26.333,64.716],[26.325,64.722],[26.336,64.727],[26.331,64.731],[26.287,64.719],[26.257,64.738],[26.292,64.749],[26.279,64.753],[26.285,64.755],[26.241,64.788],[26.205,64.806],[26.183,64.818],[26.185,64.819],[26.179,64.824],[26.195,64.839],[26.189,64.844],[26.192,64.845],[26.201,64.84],[26.216,64.836],[26.221,64.836],[26.216,64.866],[26.215,64.876],[26.202,64.884],[26.191,64.885],[26.184,64.892],[26.177,64.891],[26.167,64.887],[26.161,64.879],[26.141,64.88],[26.146,64.883],[26.156,64.882],[26.159,64.889],[26.184,64.899],[26.224,64.88],[26.218,64.875],[26.23,64.872],[26.259,64.823],[26.373,64.794],[26.445,64.811],[26.446,64.826],[26.432,64.832],[26.394,64.844]]]}},{"type":"Feature","properties":{"id":2525816,"maakond_id":313,"name":"Pyhäjärvi","bbox":[25.348,63.429,26.292,63.926]},"geometry":{"type":"Polygon","coordinates":[[[26.243,63.841],[26.251,63.926],[26.21,63.918],[26.121,63.899],[25.882,63.85],[25.885,63.843],[25.862,63.837],[25.856,63.844],[25.851,63.843],[25.786,63.822],[25.739,63.808],[25.741,63.817],[25.732,63.816],[25.731,63.805],[25.674,63.787],[25.676,63.798],[25.662,63.8],[25.627,63.733],[25.642,63.735],[25.655,63.741],[25.657,63.738],[25.644,63.734],[25.654,63.73],[25.648,63.727],[25.638,63.725],[25.626,63.731],[25.599,63.678],[25.561,63.645],[25.408,63.62],[25.354,63.586],[25.348,63.581],[25.416,63.557],[25.481,63.533],[25.542,63.524],[25.589,63.522],[25.698,63.52],[25.738,63.515],[25.774,63.506],[25.809,63.494],[25.839,63.475],[25.893,63.44],[25.995,63.429],[26.139,63.458],[26.165,63.481],[26.19,63.502],[26.188,63.505],[26.191,63.509],[26.195,63.569],[26.204,63.572],[26.222,63.577],[26.292,63.59],[26.292,63.601],[26.268,63.701],[26.253,63.701],[26.252,63.705],[26.267,63.705],[26.26,63.736],[26.243,63.807],[26.218,63.832],[26.243,63.841]]]}},{"type":"Feature","properties":{"id":2525817,"maakond_id":313,"name":"Pyhäntä","bbox":[26.141,63.841,26.87,64.241]},"geometry":{"type":"Polygon","coordinates":[[[26.243,63.841],[26.35,63.881],[26.339,63.886],[26.356,63.887],[26.367,63.891],[26.374,63.889],[26.427,63.909],[26.526,63.95],[26.516,63.963],[26.539,63.965],[26.546,63.958],[26.559,63.964],[26.598,63.98],[26.87,64.037],[26.781,64.057],[26.777,64.122],[26.769,64.117],[26.766,64.119],[26.777,64.124],[26.775,64.157],[26.771,64.158],[26.774,64.163],[26.771,64.216],[26.619,64.214],[26.498,64.241],[26.462,64.223],[26.438,64.226],[26.434,64.228],[26.397,64.229],[26.404,64.214],[26.407,64.213],[26.377,64.192],[26.35,64.194],[26.373,64.197],[26.373,64.198],[26.358,64.199],[26.354,64.198],[26.322,64.201],[26.322,64.187],[26.319,64.187],[26.318,64.175],[26.33,64.175],[26.327,64.17],[26.318,64.171],[26.292,64.161],[26.283,64.165],[26.271,64.159],[26.276,64.157],[26.257,64.154],[26.242,64.145],[26.239,64.148],[26.227,64.148],[26.202,64.153],[26.192,64.157],[26.186,64.15],[26.172,64.149],[26.168,64.145],[26.149,64.137],[26.141,64.138],[26.145,64.133],[26.163,64.13],[26.159,64.127],[26.149,64.13],[26.141,64.128],[26.145,64.126],[26.146,64.118],[26.152,64.117],[26.158,64.114],[26.173,64.112],[26.178,64.105],[26.196,64.101],[26.202,64.101],[26.205,64.104],[26.215,64.097],[26.226,64.091],[26.192,64.078],[26.206,64.058],[26.204,64.055],[26.209,64.054],[26.206,64.048],[26.227,64.053],[26.228,64.043],[26.194,64.036],[26.174,64.035],[26.17,64.032],[26.176,64.023],[26.2,64.03],[26.214,64.022],[26.189,63.995],[26.25,63.948],[26.251,63.932],[26.251,63.926],[26.243,63.841]]]}},{"type":"Feature","properties":{"id":2525818,"maakond_id":313,"name":"Tyrnävä","bbox":[25.501,64.563,26.128,64.904]},"geometry":{"type":"Polygon","coordinates":[[[25.728,64.904],[25.725,64.904],[25.716,64.897],[25.714,64.894],[25.708,64.891],[25.655,64.849],[25.655,64.847],[25.643,64.843],[25.632,64.845],[25.619,64.844],[25.607,64.847],[25.605,64.842],[25.581,64.846],[25.58,64.843],[25.556,64.849],[25.548,64.85],[25.541,64.845],[25.562,64.839],[25.554,64.835],[25.544,64.824],[25.564,64.822],[25.562,64.818],[25.532,64.821],[25.532,64.816],[25.528,64.807],[25.517,64.808],[25.547,64.798],[25.556,64.801],[25.565,64.796],[25.568,64.791],[25.558,64.79],[25.556,64.786],[25.568,64.784],[25.578,64.779],[25.606,64.743],[25.601,64.74],[25.604,64.737],[25.603,64.732],[25.608,64.727],[25.586,64.725],[25.584,64.729],[25.558,64.732],[25.536,64.732],[25.536,64.738],[25.524,64.739],[25.523,64.731],[25.525,64.73],[25.519,64.714],[25.501,64.707],[25.54,64.685],[25.558,64.656],[25.565,64.655],[25.562,64.652],[25.575,64.632],[25.577,64.63],[25.588,64.627],[25.591,64.63],[25.609,64.629],[25.612,64.625],[25.609,64.62],[25.615,64.617],[25.622,64.619],[25.625,64.625],[25.621,64.629],[25.64,64.627],[25.639,64.625],[25.65,64.622],[25.666,64.616],[25.676,64.615],[25.688,64.611],[25.693,64.613],[25.699,64.605],[25.709,64.602],[25.717,64.604],[25.724,64.601],[25.726,64.597],[25.72,64.594],[25.727,64.59],[25.716,64.586],[25.726,64.583],[25.739,64.588],[25.742,64.591],[25.738,64.598],[25.745,64.6],[25.741,64.603],[25.749,64.606],[25.745,64.608],[25.737,64.605],[25.732,64.607],[25.739,64.61],[25.726,64.615],[25.736,64.619],[25.736,64.623],[25.705,64.628],[25.695,64.627],[25.68,64.629],[25.673,64.632],[25.682,64.633],[25.756,64.662],[25.77,64.66],[25.779,64.657],[25.776,64.656],[25.79,64.651],[25.793,64.652],[25.819,64.637],[25.827,64.638],[25.835,64.635],[25.856,64.631],[25.884,64.623],[25.893,64.621],[25.893,64.617],[25.889,64.614],[25.896,64.61],[25.905,64.614],[25.916,64.611],[25.916,64.607],[25.922,64.605],[25.91,64.6],[25.932,64.593],[25.944,64.6],[25.967,64.597],[25.978,64.595],[25.98,64.592],[25.988,64.592],[25.962,64.577],[25.986,64.57],[26.004,64.58],[26.032,64.57],[26.065,64.563],[26.074,64.572],[26.077,64.571],[26.1,64.564],[26.112,64.57],[26.105,64.572],[26.128,64.586],[25.935,64.649],[25.956,64.661],[26.002,64.687],[25.968,64.711],[25.994,64.718],[25.895,64.788],[25.887,64.787],[25.882,64.784],[25.863,64.792],[25.862,64.794],[25.855,64.798],[25.845,64.799],[25.832,64.806],[25.85,64.808],[25.855,64.805],[25.85,64.802],[25.864,64.795],[25.866,64.792],[25.877,64.791],[25.889,64.792],[25.79,64.861],[25.776,64.865],[25.783,64.866],[25.77,64.875],[25.763,64.873],[25.757,64.879],[25.758,64.881],[25.75,64.889],[25.74,64.888],[25.74,64.891],[25.735,64.894],[25.74,64.896],[25.728,64.904]]]}},{"type":"Feature","properties":{"id":2525916,"maakond_id":313,"name":"Alavieska","bbox":[24.137,64.042,24.589,64.3]},"geometry":{"type":"Polygon","coordinates":[[[24.288,64.3],[24.233,64.278],[24.244,64.27],[24.2,64.25],[24.264,64.21],[24.199,64.187],[24.196,64.186],[24.187,64.191],[24.19,64.193],[24.169,64.196],[24.167,64.198],[24.147,64.199],[24.141,64.196],[24.15,64.193],[24.137,64.191],[24.148,64.175],[24.168,64.168],[24.186,64.136],[24.202,64.128],[24.347,64.042],[24.366,64.077],[24.347,64.094],[24.365,64.097],[24.37,64.086],[24.374,64.091],[24.384,64.108],[24.382,64.139],[24.388,64.141],[24.385,64.145],[24.392,64.146],[24.396,64.151],[24.409,64.15],[24.418,64.146],[24.444,64.152],[24.449,64.149],[24.465,64.154],[24.463,64.156],[24.506,64.166],[24.501,64.171],[24.506,64.173],[24.515,64.168],[24.589,64.185],[24.582,64.186],[24.541,64.194],[24.494,64.219],[24.406,64.248],[24.382,64.256],[24.347,64.269],[24.288,64.3]]]}},{"type":"Feature","properties":{"id":2525917,"maakond_id":313,"name":"Haapajärvi","bbox":[24.956,63.581,25.668,63.937]},"geometry":{"type":"Polygon","coordinates":[[[24.956,63.757],[24.967,63.758],[25.004,63.75],[25.017,63.742],[25.028,63.751],[25.075,63.737],[25.095,63.748],[25.118,63.721],[25.123,63.716],[25.128,63.714],[25.138,63.713],[25.143,63.71],[25.149,63.712],[25.15,63.72],[25.158,63.721],[25.167,63.719],[25.161,63.725],[25.168,63.725],[25.164,63.732],[25.146,63.74],[25.149,63.741],[25.167,63.733],[25.171,63.724],[25.17,63.719],[25.161,63.716],[25.156,63.712],[25.158,63.71],[25.156,63.706],[25.18,63.7],[25.169,63.698],[25.165,63.695],[25.193,63.688],[25.196,63.685],[25.187,63.68],[25.192,63.678],[25.191,63.672],[25.199,63.673],[25.209,63.662],[25.214,63.66],[25.223,63.66],[25.228,63.656],[25.215,63.655],[25.217,63.651],[25.236,63.647],[25.225,63.643],[25.239,63.635],[25.248,63.638],[25.257,63.633],[25.249,63.631],[25.247,63.628],[25.231,63.618],[25.245,63.61],[25.251,63.612],[25.279,63.604],[25.348,63.581],[25.354,63.586],[25.408,63.62],[25.561,63.645],[25.599,63.678],[25.626,63.731],[25.638,63.725],[25.648,63.727],[25.654,63.73],[25.644,63.734],[25.657,63.738],[25.655,63.741],[25.642,63.735],[25.627,63.733],[25.662,63.8],[25.668,63.809],[25.609,63.918],[25.534,63.922],[25.497,63.923],[25.406,63.928],[25.398,63.934],[25.393,63.937],[25.384,63.935],[25.398,63.931],[25.403,63.928],[25.366,63.93],[25.281,63.935],[25.274,63.929],[25.267,63.932],[25.232,63.872],[25.249,63.878],[25.254,63.876],[25.174,63.837],[25.162,63.829],[25.156,63.828],[25.148,63.824],[25.132,63.828],[25.124,63.83],[25.117,63.831],[25.107,63.828],[25.094,63.829],[25.107,63.839],[25.098,63.844],[25.085,63.841],[25.076,63.851],[25.067,63.851],[25.064,63.846],[25.069,63.845],[25.075,63.837],[25.082,63.835],[25.089,63.827],[25.093,63.828],[25.106,63.827],[25.12,63.83],[25.134,63.827],[25.147,63.823],[25.152,63.823],[25.129,63.798],[25.124,63.797],[25.124,63.794],[25.113,63.782],[25.119,63.781],[25.125,63.786],[25.123,63.791],[25.131,63.793],[25.155,63.794],[25.183,63.792],[25.144,63.77],[25.149,63.767],[25.144,63.764],[25.132,63.769],[25.086,63.783],[25.081,63.779],[25.075,63.783],[25.067,63.8],[25.065,63.806],[25.008,63.791],[24.994,63.797],[25.02,63.814],[25.019,63.831],[24.967,63.801],[24.956,63.757]],[[25.333,63.616],[25.347,63.62],[25.351,63.623],[25.36,63.616],[25.357,63.605],[25.338,63.603],[25.333,63.616]]]}},{"type":"Feature","properties":{"id":2525918,"maakond_id":313,"name":"Haapavesi","bbox":[24.866,63.922,25.777,64.374]},"geometry":{"type":"Polygon","coordinates":[[[25.463,64.363],[25.441,64.373],[25.418,64.374],[25.343,64.347],[25.269,64.32],[25.261,64.319],[25.242,64.32],[25.243,64.316],[25.225,64.312],[25.227,64.319],[25.218,64.32],[25.2,64.321],[25.18,64.315],[25.186,64.312],[25.204,64.318],[25.208,64.317],[25.198,64.305],[25.19,64.307],[25.187,64.301],[25.194,64.301],[25.205,64.296],[25.206,64.302],[25.209,64.303],[25.239,64.297],[25.253,64.294],[25.257,64.283],[25.26,64.281],[25.26,64.276],[25.236,64.275],[25.236,64.271],[25.219,64.27],[25.228,64.275],[25.231,64.279],[25.214,64.282],[25.216,64.285],[25.206,64.287],[25.21,64.292],[25.198,64.29],[25.193,64.285],[25.185,64.284],[25.177,64.279],[25.175,64.276],[25.176,64.266],[25.17,64.241],[25.158,64.232],[25.105,64.212],[25.088,64.207],[25.054,64.173],[24.996,64.151],[24.953,64.136],[24.934,64.151],[24.895,64.154],[24.866,64.149],[24.875,64.132],[24.879,64.13],[24.898,64.14],[24.917,64.128],[24.921,64.113],[24.906,64.109],[24.967,64.089],[24.969,64.087],[25.022,64.068],[25.08,64.046],[25.091,64.043],[25.137,64.027],[25.143,64.026],[25.154,64.031],[25.147,64.042],[25.162,64.049],[25.191,64.052],[25.2,64.046],[25.183,64.04],[25.202,64.029],[25.191,64.015],[25.201,64.012],[25.315,63.956],[25.366,63.93],[25.403,63.928],[25.398,63.931],[25.384,63.935],[25.393,63.937],[25.398,63.934],[25.406,63.928],[25.497,63.923],[25.534,63.922],[25.565,63.965],[25.544,63.97],[25.553,63.972],[25.525,63.985],[25.534,63.993],[25.548,63.991],[25.564,63.999],[25.571,63.998],[25.585,63.981],[25.592,63.974],[25.605,63.98],[25.586,63.995],[25.598,63.999],[25.633,64.008],[25.609,64.015],[25.606,64.013],[25.592,64.012],[25.554,64.017],[25.565,64.02],[25.564,64.022],[25.573,64.024],[25.586,64.026],[25.59,64.023],[25.618,64.024],[25.604,64.034],[25.624,64.042],[25.63,64.04],[25.682,64.057],[25.679,64.066],[25.655,64.076],[25.65,64.081],[25.651,64.085],[25.665,64.083],[25.718,64.093],[25.777,64.111],[25.763,64.118],[25.757,64.119],[25.753,64.121],[25.747,64.123],[25.75,64.127],[25.727,64.141],[25.683,64.157],[25.686,64.163],[25.683,64.165],[25.691,64.17],[25.69,64.174],[25.68,64.177],[25.658,64.201],[25.65,64.2],[25.615,64.219],[25.595,64.227],[25.598,64.229],[25.589,64.235],[25.581,64.233],[25.573,64.238],[25.558,64.246],[25.561,64.247],[25.547,64.249],[25.545,64.263],[25.511,64.292],[25.487,64.311],[25.481,64.306],[25.469,64.315],[25.471,64.318],[25.482,64.321],[25.485,64.326],[25.478,64.332],[25.472,64.335],[25.463,64.333],[25.461,64.337],[25.474,64.339],[25.462,64.354],[25.463,64.363]]]}},{"type":"Feature","properties":{"id":2525919,"maakond_id":313,"name":"Kalajoki","bbox":[22.779,63.965,24.347,64.484]},"geometry":{"type":"Polygon","coordinates":[[[24.127,63.983],[24.224,63.991],[24.232,63.994],[24.305,64.024],[24.347,64.042],[24.202,64.128],[24.186,64.136],[24.168,64.168],[24.148,64.175],[24.137,64.191],[24.15,64.193],[24.141,64.196],[24.147,64.199],[24.167,64.198],[24.169,64.196],[24.19,64.193],[24.187,64.191],[24.196,64.186],[24.199,64.187],[24.264,64.21],[24.2,64.25],[24.244,64.27],[24.233,64.278],[24.288,64.3],[24.27,64.31],[24.238,64.326],[24.234,64.327],[24.176,64.334],[24.146,64.339],[23.993,64.372],[23.985,64.377],[23.141,64.484],[23.098,64.465],[23.063,64.446],[23.028,64.419],[23.002,64.388],[22.985,64.35],[22.961,64.22],[22.779,64.179],[22.933,64.164],[23.158,64.141],[23.278,64.129],[23.492,64.107],[23.506,64.095],[23.519,64.089],[23.529,64.085],[23.621,64.047],[23.641,64.039],[23.675,64.01],[23.712,63.978],[23.726,63.986],[23.746,63.974],[23.755,63.978],[23.743,63.983],[23.751,63.988],[23.748,63.993],[23.754,63.995],[23.76,63.991],[23.77,63.993],[23.778,63.997],[23.797,63.986],[23.844,63.97],[23.85,63.972],[23.856,63.971],[23.879,63.974],[23.881,63.971],[23.886,63.971],[23.894,63.968],[23.903,63.971],[23.911,63.965],[23.925,63.971],[23.938,63.967],[23.945,63.971],[23.928,63.978],[23.88,64.012],[23.882,64.02],[23.885,64.024],[23.908,64.03],[23.912,64.028],[23.918,64.032],[23.922,64.031],[23.928,64.036],[23.917,64.043],[23.924,64.046],[23.914,64.048],[23.912,64.063],[23.931,64.06],[23.931,64.062],[23.915,64.067],[23.945,64.074],[23.948,64.072],[23.961,64.077],[23.969,64.074],[23.964,64.066],[23.986,64.057],[24.011,64.086],[24.005,64.092],[24.087,64.071],[24.098,64.011],[24.108,64.01],[24.111,64.006],[24.099,64.006],[24.127,63.983]],[[23.982,64.079],[23.989,64.074],[23.981,64.074],[23.978,64.077],[23.982,64.079]]]}},{"type":"Feature","properties":{"id":2525920,"maakond_id":313,"name":"Kärsämäki","bbox":[25.525,63.787,26.251,64.111]},"geometry":{"type":"Polygon","coordinates":[[[26.251,63.926],[26.251,63.932],[26.25,63.948],[26.189,63.995],[26.158,64.012],[26.149,64.016],[26.14,64.01],[26.127,64.015],[26.123,64.014],[26.1,64.019],[26.104,64.022],[26.093,64.027],[26.102,64.035],[26.051,64.049],[25.967,64.074],[25.937,64.074],[25.937,64.07],[25.941,64.068],[25.941,64.063],[25.923,64.074],[25.903,64.082],[25.838,64.095],[25.829,64.091],[25.819,64.099],[25.788,64.105],[25.777,64.111],[25.718,64.093],[25.665,64.083],[25.651,64.085],[25.65,64.081],[25.655,64.076],[25.679,64.066],[25.682,64.057],[25.63,64.04],[25.624,64.042],[25.604,64.034],[25.618,64.024],[25.59,64.023],[25.586,64.026],[25.573,64.024],[25.564,64.022],[25.565,64.02],[25.554,64.017],[25.592,64.012],[25.606,64.013],[25.609,64.015],[25.633,64.008],[25.598,63.999],[25.586,63.995],[25.605,63.98],[25.592,63.974],[25.585,63.981],[25.571,63.998],[25.564,63.999],[25.548,63.991],[25.534,63.993],[25.525,63.985],[25.553,63.972],[25.544,63.97],[25.565,63.965],[25.534,63.922],[25.609,63.918],[25.668,63.809],[25.662,63.8],[25.676,63.798],[25.674,63.787],[25.731,63.805],[25.732,63.816],[25.741,63.817],[25.739,63.808],[25.786,63.822],[25.851,63.843],[25.856,63.844],[25.862,63.837],[25.885,63.843],[25.882,63.85],[26.121,63.899],[26.21,63.918],[26.251,63.926]]]}},{"type":"Feature","properties":{"id":2525921,"maakond_id":313,"name":"Merijärvi","bbox":[24.27,64.186,24.836,64.386]},"geometry":{"type":"Polygon","coordinates":[[[24.582,64.186],[24.599,64.204],[24.586,64.214],[24.599,64.222],[24.59,64.227],[24.579,64.228],[24.571,64.225],[24.554,64.237],[24.558,64.247],[24.531,64.262],[24.538,64.278],[24.564,64.277],[24.578,64.278],[24.577,64.284],[24.611,64.284],[24.619,64.274],[24.667,64.288],[24.655,64.308],[24.702,64.337],[24.698,64.341],[24.698,64.345],[24.704,64.345],[24.712,64.349],[24.715,64.345],[24.741,64.36],[24.743,64.362],[24.836,64.371],[24.834,64.378],[24.798,64.372],[24.797,64.378],[24.744,64.372],[24.725,64.371],[24.733,64.365],[24.726,64.362],[24.712,64.363],[24.711,64.359],[24.703,64.356],[24.68,64.354],[24.675,64.357],[24.677,64.361],[24.688,64.366],[24.696,64.367],[24.685,64.375],[24.673,64.368],[24.654,64.379],[24.651,64.378],[24.616,64.376],[24.624,64.379],[24.618,64.382],[24.607,64.379],[24.602,64.373],[24.589,64.38],[24.579,64.378],[24.586,64.366],[24.584,64.361],[24.577,64.36],[24.565,64.367],[24.565,64.372],[24.559,64.373],[24.551,64.372],[24.55,64.376],[24.552,64.379],[24.544,64.381],[24.539,64.377],[24.543,64.372],[24.533,64.37],[24.527,64.37],[24.519,64.367],[24.527,64.363],[24.542,64.358],[24.537,64.356],[24.528,64.357],[24.523,64.355],[24.529,64.351],[24.449,64.344],[24.456,64.361],[24.447,64.365],[24.457,64.366],[24.477,64.356],[24.49,64.361],[24.506,64.361],[24.484,64.368],[24.484,64.372],[24.492,64.373],[24.482,64.378],[24.492,64.381],[24.485,64.384],[24.48,64.382],[24.47,64.386],[24.43,64.369],[24.38,64.364],[24.385,64.361],[24.4,64.357],[24.403,64.354],[24.385,64.349],[24.387,64.342],[24.356,64.34],[24.354,64.327],[24.349,64.312],[24.329,64.312],[24.336,64.323],[24.337,64.334],[24.27,64.31],[24.288,64.3],[24.347,64.269],[24.382,64.256],[24.406,64.248],[24.494,64.219],[24.541,64.194],[24.582,64.186]]]}},{"type":"Feature","properties":{"id":2525922,"maakond_id":313,"name":"Nivala","bbox":[24.638,63.764,25.366,64.068]},"geometry":{"type":"Polygon","coordinates":[[[24.967,63.801],[25.019,63.831],[25.02,63.814],[24.994,63.797],[25.008,63.791],[25.065,63.806],[25.067,63.8],[25.075,63.783],[25.081,63.779],[25.086,63.783],[25.132,63.769],[25.144,63.764],[25.149,63.767],[25.144,63.77],[25.183,63.792],[25.155,63.794],[25.131,63.793],[25.123,63.791],[25.125,63.786],[25.119,63.781],[25.113,63.782],[25.124,63.794],[25.124,63.797],[25.129,63.798],[25.152,63.823],[25.147,63.823],[25.134,63.827],[25.12,63.83],[25.106,63.827],[25.093,63.828],[25.089,63.827],[25.082,63.835],[25.075,63.837],[25.069,63.845],[25.064,63.846],[25.067,63.851],[25.076,63.851],[25.085,63.841],[25.098,63.844],[25.107,63.839],[25.094,63.829],[25.107,63.828],[25.117,63.831],[25.124,63.83],[25.132,63.828],[25.148,63.824],[25.156,63.828],[25.162,63.829],[25.174,63.837],[25.254,63.876],[25.249,63.878],[25.232,63.872],[25.267,63.932],[25.274,63.929],[25.281,63.935],[25.366,63.93],[25.315,63.956],[25.201,64.012],[25.191,64.015],[25.202,64.029],[25.183,64.04],[25.2,64.046],[25.191,64.052],[25.162,64.049],[25.147,64.042],[25.154,64.031],[25.143,64.026],[25.137,64.027],[25.091,64.043],[25.08,64.046],[25.022,64.068],[24.913,63.983],[24.877,63.99],[24.865,63.982],[24.857,63.98],[24.86,63.978],[24.857,63.974],[24.841,63.979],[24.833,63.977],[24.825,63.978],[24.819,63.98],[24.828,63.982],[24.825,63.984],[24.817,63.982],[24.81,63.986],[24.804,63.986],[24.796,63.979],[24.778,63.987],[24.783,63.99],[24.776,63.993],[24.765,63.985],[24.753,63.985],[24.745,63.979],[24.736,63.977],[24.731,63.972],[24.731,63.967],[24.725,63.963],[24.729,63.957],[24.742,63.951],[24.734,63.95],[24.722,63.957],[24.716,63.955],[24.704,63.955],[24.692,63.957],[24.687,63.96],[24.655,63.961],[24.638,63.966],[24.639,63.946],[24.672,63.942],[24.661,63.931],[24.698,63.923],[24.734,63.923],[24.77,63.901],[24.823,63.882],[24.824,63.872],[24.813,63.868],[24.823,63.862],[24.869,63.866],[24.916,63.851],[24.934,63.836],[24.926,63.83],[24.95,63.821],[24.969,63.806],[24.967,63.801]]]}},{"type":"Feature","properties":{"id":2525923,"maakond_id":313,"name":"Oulainen","bbox":[24.531,64.109,25.26,64.393]},"geometry":{"type":"Polygon","coordinates":[[[25.2,64.321],[25.155,64.322],[25.102,64.339],[25.098,64.34],[25.041,64.343],[25.029,64.346],[25.026,64.349],[25.005,64.345],[24.998,64.348],[24.995,64.346],[24.978,64.346],[24.889,64.387],[24.862,64.384],[24.861,64.385],[24.832,64.383],[24.83,64.393],[24.817,64.389],[24.812,64.392],[24.797,64.381],[24.797,64.378],[24.798,64.372],[24.834,64.378],[24.836,64.371],[24.743,64.362],[24.741,64.36],[24.715,64.345],[24.712,64.349],[24.704,64.345],[24.698,64.345],[24.698,64.341],[24.702,64.337],[24.655,64.308],[24.667,64.288],[24.619,64.274],[24.611,64.284],[24.577,64.284],[24.578,64.278],[24.564,64.277],[24.538,64.278],[24.531,64.262],[24.558,64.247],[24.554,64.237],[24.571,64.225],[24.579,64.228],[24.59,64.227],[24.599,64.222],[24.586,64.214],[24.599,64.204],[24.582,64.186],[24.589,64.185],[24.639,64.175],[24.691,64.172],[24.716,64.161],[24.756,64.142],[24.791,64.132],[24.906,64.109],[24.921,64.113],[24.917,64.128],[24.898,64.14],[24.879,64.13],[24.875,64.132],[24.866,64.149],[24.895,64.154],[24.934,64.151],[24.953,64.136],[24.996,64.151],[25.054,64.173],[25.088,64.207],[25.105,64.212],[25.158,64.232],[25.17,64.241],[25.176,64.266],[25.175,64.276],[25.177,64.279],[25.185,64.284],[25.193,64.285],[25.198,64.29],[25.21,64.292],[25.206,64.287],[25.216,64.285],[25.214,64.282],[25.231,64.279],[25.228,64.275],[25.219,64.27],[25.236,64.271],[25.236,64.275],[25.26,64.276],[25.26,64.281],[25.257,64.283],[25.253,64.294],[25.239,64.297],[25.209,64.303],[25.206,64.302],[25.205,64.296],[25.194,64.301],[25.187,64.301],[25.19,64.307],[25.198,64.305],[25.208,64.317],[25.204,64.318],[25.186,64.312],[25.18,64.315],[25.2,64.321]]]}},{"type":"Feature","properties":{"id":2525924,"maakond_id":313,"name":"Pyhäjoki","bbox":[23.141,64.31,24.889,64.629]},"geometry":{"type":"Polygon","coordinates":[[[24.889,64.387],[24.878,64.392],[24.838,64.418],[24.815,64.433],[24.735,64.467],[24.719,64.469],[24.721,64.473],[24.701,64.481],[24.694,64.483],[24.681,64.483],[24.678,64.479],[24.672,64.482],[24.66,64.483],[24.62,64.484],[24.612,64.483],[24.608,64.484],[24.576,64.485],[24.477,64.499],[24.469,64.499],[24.458,64.499],[24.454,64.503],[24.395,64.512],[24.393,64.511],[24.376,64.515],[24.366,64.514],[24.365,64.516],[24.34,64.52],[24.34,64.527],[24.331,64.529],[24.32,64.529],[24.316,64.524],[24.277,64.531],[24.226,64.539],[24.071,64.565],[23.853,64.602],[23.691,64.629],[23.626,64.612],[23.521,64.585],[23.416,64.558],[23.311,64.531],[23.206,64.504],[23.141,64.484],[23.985,64.377],[23.993,64.372],[24.146,64.339],[24.176,64.334],[24.234,64.327],[24.238,64.326],[24.27,64.31],[24.337,64.334],[24.336,64.323],[24.329,64.312],[24.349,64.312],[24.354,64.327],[24.356,64.34],[24.387,64.342],[24.385,64.349],[24.403,64.354],[24.4,64.357],[24.385,64.361],[24.38,64.364],[24.43,64.369],[24.47,64.386],[24.48,64.382],[24.485,64.384],[24.492,64.381],[24.482,64.378],[24.492,64.373],[24.484,64.372],[24.484,64.368],[24.506,64.361],[24.49,64.361],[24.477,64.356],[24.457,64.366],[24.447,64.365],[24.456,64.361],[24.449,64.344],[24.529,64.351],[24.523,64.355],[24.528,64.357],[24.537,64.356],[24.542,64.358],[24.527,64.363],[24.519,64.367],[24.527,64.37],[24.533,64.37],[24.543,64.372],[24.539,64.377],[24.544,64.381],[24.552,64.379],[24.55,64.376],[24.551,64.372],[24.559,64.373],[24.565,64.372],[24.565,64.367],[24.577,64.36],[24.584,64.361],[24.586,64.366],[24.579,64.378],[24.589,64.38],[24.602,64.373],[24.607,64.379],[24.618,64.382],[24.624,64.379],[24.616,64.376],[24.651,64.378],[24.654,64.379],[24.673,64.368],[24.685,64.375],[24.696,64.367],[24.688,64.366],[24.677,64.361],[24.675,64.357],[24.68,64.354],[24.703,64.356],[24.711,64.359],[24.712,64.363],[24.726,64.362],[24.733,64.365],[24.725,64.371],[24.744,64.372],[24.797,64.378],[24.797,64.381],[24.812,64.392],[24.817,64.389],[24.83,64.393],[24.832,64.383],[24.861,64.385],[24.862,64.384],[24.889,64.387]]]}},{"type":"Feature","properties":{"id":2525926,"maakond_id":313,"name":"Reisjärvi","bbox":[24.619,63.458,25.257,63.758]},"geometry":{"type":"Polygon","coordinates":[[[25.082,63.467],[25.104,63.491],[25.114,63.503],[25.14,63.574],[25.245,63.61],[25.231,63.618],[25.247,63.628],[25.249,63.631],[25.257,63.633],[25.248,63.638],[25.239,63.635],[25.225,63.643],[25.236,63.647],[25.217,63.651],[25.215,63.655],[25.228,63.656],[25.223,63.66],[25.214,63.66],[25.209,63.662],[25.199,63.673],[25.191,63.672],[25.192,63.678],[25.187,63.68],[25.196,63.685],[25.193,63.688],[25.165,63.695],[25.169,63.698],[25.18,63.7],[25.156,63.706],[25.158,63.71],[25.156,63.712],[25.161,63.716],[25.17,63.719],[25.171,63.724],[25.167,63.733],[25.149,63.741],[25.146,63.74],[25.164,63.732],[25.168,63.725],[25.161,63.725],[25.167,63.719],[25.158,63.721],[25.15,63.72],[25.149,63.712],[25.143,63.71],[25.138,63.713],[25.128,63.714],[25.123,63.716],[25.118,63.721],[25.095,63.748],[25.075,63.737],[25.028,63.751],[25.017,63.742],[25.004,63.75],[24.967,63.758],[24.956,63.757],[24.936,63.684],[24.924,63.67],[24.895,63.676],[24.758,63.707],[24.738,63.709],[24.664,63.672],[24.626,63.649],[24.619,63.651],[24.619,63.649],[24.637,63.645],[24.754,63.611],[24.82,63.587],[24.917,63.523],[25.036,63.458],[25.082,63.467]]]}},{"type":"Feature","properties":{"id":2525927,"maakond_id":313,"name":"Sievi","bbox":[24.127,63.649,24.969,64.03]},"geometry":{"type":"Polygon","coordinates":[[[24.615,63.653],[24.619,63.651],[24.626,63.649],[24.664,63.672],[24.738,63.709],[24.758,63.707],[24.895,63.676],[24.924,63.67],[24.936,63.684],[24.956,63.757],[24.967,63.801],[24.969,63.806],[24.95,63.821],[24.926,63.83],[24.934,63.836],[24.916,63.851],[24.869,63.866],[24.823,63.862],[24.813,63.868],[24.824,63.872],[24.823,63.882],[24.77,63.901],[24.734,63.923],[24.698,63.923],[24.661,63.931],[24.672,63.942],[24.639,63.946],[24.61,63.942],[24.471,63.973],[24.385,63.993],[24.355,64.03],[24.305,64.024],[24.232,63.994],[24.224,63.991],[24.127,63.983],[24.18,63.938],[24.217,63.933],[24.226,63.917],[24.22,63.915],[24.229,63.911],[24.247,63.877],[24.284,63.862],[24.404,63.844],[24.426,63.84],[24.43,63.837],[24.481,63.777],[24.519,63.733],[24.562,63.689],[24.615,63.653]]]}},{"type":"Feature","properties":{"id":2525928,"maakond_id":313,"name":"Siikajoki","bbox":[23.943,64.415,25.529,65.008]},"geometry":{"type":"Polygon","coordinates":[[[24.039,65.008],[24.009,64.96],[23.943,64.855],[24.178,64.828],[24.37,64.807],[24.534,64.787],[24.565,64.784],[24.587,64.776],[24.603,64.778],[24.605,64.781],[24.62,64.785],[24.639,64.785],[24.648,64.779],[24.653,64.778],[24.662,64.77],[24.657,64.769],[24.652,64.774],[24.648,64.772],[24.661,64.763],[24.671,64.766],[24.667,64.76],[24.673,64.754],[24.682,64.754],[24.72,64.731],[24.71,64.73],[24.714,64.725],[24.731,64.714],[24.735,64.71],[24.766,64.676],[24.762,64.675],[24.773,64.67],[24.788,64.672],[24.8,64.669],[24.801,64.665],[24.809,64.663],[24.789,64.651],[24.736,64.587],[24.825,64.569],[24.868,64.56],[24.879,64.558],[24.929,64.557],[24.989,64.546],[25.082,64.518],[25.101,64.507],[25.16,64.475],[25.165,64.474],[25.238,64.467],[25.257,64.462],[25.264,64.463],[25.272,64.467],[25.279,64.462],[25.272,64.461],[25.271,64.458],[25.339,64.441],[25.417,64.421],[25.42,64.417],[25.432,64.416],[25.438,64.415],[25.442,64.422],[25.455,64.422],[25.456,64.42],[25.483,64.428],[25.444,64.461],[25.44,64.463],[25.445,64.466],[25.466,64.465],[25.46,64.468],[25.444,64.468],[25.438,64.478],[25.45,64.478],[25.477,64.501],[25.43,64.519],[25.381,64.532],[25.382,64.542],[25.387,64.54],[25.393,64.54],[25.401,64.543],[25.418,64.538],[25.42,64.539],[25.412,64.544],[25.391,64.55],[25.382,64.547],[25.38,64.561],[25.384,64.562],[25.39,64.565],[25.386,64.569],[25.4,64.57],[25.41,64.584],[25.43,64.603],[25.429,64.605],[25.457,64.618],[25.472,64.62],[25.488,64.617],[25.496,64.62],[25.511,64.616],[25.512,64.618],[25.528,64.615],[25.529,64.618],[25.519,64.619],[25.507,64.622],[25.52,64.629],[25.439,64.646],[25.332,64.668],[25.323,64.672],[25.324,64.674],[25.313,64.677],[25.318,64.679],[25.308,64.685],[25.29,64.689],[25.297,64.693],[25.287,64.696],[25.282,64.694],[25.281,64.691],[25.272,64.691],[25.279,64.699],[25.274,64.701],[25.267,64.695],[25.243,64.705],[25.182,64.73],[25.168,64.734],[25.046,64.769],[25.015,64.778],[24.953,64.812],[24.953,64.816],[24.959,64.817],[24.986,64.843],[24.992,64.87],[25.009,64.874],[25.006,64.876],[24.998,64.876],[24.996,64.882],[25.004,64.917],[24.991,64.966],[24.803,64.905],[24.754,64.898],[24.039,65.008]]]}},{"type":"Feature","properties":{"id":2525930,"maakond_id":313,"name":"Ylivieska","bbox":[24.305,63.942,25.022,64.185]},"geometry":{"type":"Polygon","coordinates":[[[24.906,64.109],[24.791,64.132],[24.756,64.142],[24.716,64.161],[24.691,64.172],[24.639,64.175],[24.589,64.185],[24.515,64.168],[24.506,64.173],[24.501,64.171],[24.506,64.166],[24.463,64.156],[24.465,64.154],[24.449,64.149],[24.444,64.152],[24.418,64.146],[24.409,64.15],[24.396,64.151],[24.392,64.146],[24.385,64.145],[24.388,64.141],[24.382,64.139],[24.384,64.108],[24.374,64.091],[24.37,64.086],[24.365,64.097],[24.347,64.094],[24.366,64.077],[24.347,64.042],[24.305,64.024],[24.355,64.03],[24.385,63.993],[24.471,63.973],[24.61,63.942],[24.639,63.946],[24.638,63.966],[24.655,63.961],[24.687,63.96],[24.692,63.957],[24.704,63.955],[24.716,63.955],[24.722,63.957],[24.734,63.95],[24.742,63.951],[24.729,63.957],[24.725,63.963],[24.731,63.967],[24.731,63.972],[24.736,63.977],[24.745,63.979],[24.753,63.985],[24.765,63.985],[24.776,63.993],[24.783,63.99],[24.778,63.987],[24.796,63.979],[24.804,63.986],[24.81,63.986],[24.817,63.982],[24.825,63.984],[24.828,63.982],[24.819,63.98],[24.825,63.978],[24.833,63.977],[24.841,63.979],[24.857,63.974],[24.86,63.978],[24.857,63.98],[24.865,63.982],[24.877,63.99],[24.913,63.983],[25.022,64.068],[24.969,64.087],[24.967,64.089],[24.906,64.109]]]}},{"type":"Feature","properties":{"id":2525940,"maakond_id":313,"name":"Siikalatva","bbox":[25.38,63.995,26.771,64.629]},"geometry":{"type":"Polygon","coordinates":[[[25.777,64.111],[25.788,64.105],[25.819,64.099],[25.829,64.091],[25.838,64.095],[25.903,64.082],[25.923,64.074],[25.941,64.063],[25.941,64.068],[25.937,64.07],[25.937,64.074],[25.967,64.074],[26.051,64.049],[26.102,64.035],[26.093,64.027],[26.104,64.022],[26.1,64.019],[26.123,64.014],[26.127,64.015],[26.14,64.01],[26.149,64.016],[26.158,64.012],[26.189,63.995],[26.214,64.022],[26.2,64.03],[26.176,64.023],[26.17,64.032],[26.174,64.035],[26.194,64.036],[26.228,64.043],[26.227,64.053],[26.206,64.048],[26.209,64.054],[26.204,64.055],[26.206,64.058],[26.192,64.078],[26.226,64.091],[26.215,64.097],[26.205,64.104],[26.202,64.101],[26.196,64.101],[26.178,64.105],[26.173,64.112],[26.158,64.114],[26.152,64.117],[26.146,64.118],[26.145,64.126],[26.141,64.128],[26.149,64.13],[26.159,64.127],[26.163,64.13],[26.145,64.133],[26.141,64.138],[26.149,64.137],[26.168,64.145],[26.172,64.149],[26.186,64.15],[26.192,64.157],[26.202,64.153],[26.227,64.148],[26.239,64.148],[26.242,64.145],[26.257,64.154],[26.276,64.157],[26.271,64.159],[26.283,64.165],[26.292,64.161],[26.318,64.171],[26.327,64.17],[26.33,64.175],[26.318,64.175],[26.319,64.187],[26.322,64.187],[26.322,64.201],[26.354,64.198],[26.358,64.199],[26.373,64.198],[26.373,64.197],[26.35,64.194],[26.377,64.192],[26.407,64.213],[26.404,64.214],[26.397,64.229],[26.434,64.228],[26.438,64.226],[26.462,64.223],[26.498,64.241],[26.619,64.214],[26.771,64.216],[26.767,64.265],[26.757,64.264],[26.706,64.266],[26.7,64.27],[26.698,64.273],[26.685,64.276],[26.686,64.313],[26.681,64.316],[26.582,64.319],[26.57,64.316],[26.562,64.32],[26.546,64.32],[26.521,64.331],[26.518,64.329],[26.509,64.332],[26.511,64.335],[26.474,64.352],[26.462,64.353],[26.462,64.357],[26.467,64.362],[26.463,64.365],[26.468,64.37],[26.482,64.375],[26.459,64.383],[26.46,64.385],[26.479,64.38],[26.469,64.389],[26.48,64.388],[26.486,64.391],[26.479,64.394],[26.484,64.397],[26.485,64.399],[26.472,64.401],[26.465,64.397],[26.452,64.404],[26.426,64.427],[26.403,64.436],[26.404,64.44],[26.398,64.445],[26.386,64.445],[26.384,64.443],[26.291,64.479],[26.263,64.467],[26.217,64.463],[26.007,64.531],[25.927,64.557],[25.864,64.521],[25.849,64.526],[25.844,64.529],[25.827,64.536],[25.808,64.55],[25.794,64.549],[25.78,64.552],[25.768,64.551],[25.764,64.548],[25.781,64.542],[25.759,64.529],[25.74,64.518],[25.726,64.524],[25.701,64.542],[25.696,64.544],[25.697,64.549],[25.69,64.554],[25.683,64.556],[25.622,64.601],[25.617,64.605],[25.576,64.616],[25.549,64.623],[25.52,64.629],[25.507,64.622],[25.519,64.619],[25.529,64.618],[25.528,64.615],[25.512,64.618],[25.511,64.616],[25.496,64.62],[25.488,64.617],[25.472,64.62],[25.457,64.618],[25.429,64.605],[25.43,64.603],[25.41,64.584],[25.4,64.57],[25.386,64.569],[25.39,64.565],[25.384,64.562],[25.38,64.561],[25.382,64.547],[25.391,64.55],[25.412,64.544],[25.42,64.539],[25.418,64.538],[25.401,64.543],[25.393,64.54],[25.387,64.54],[25.382,64.542],[25.381,64.532],[25.43,64.519],[25.477,64.501],[25.45,64.478],[25.438,64.478],[25.444,64.468],[25.46,64.468],[25.466,64.465],[25.445,64.466],[25.44,64.463],[25.444,64.461],[25.483,64.428],[25.456,64.42],[25.455,64.422],[25.442,64.422],[25.438,64.415],[25.432,64.416],[25.42,64.417],[25.463,64.363],[25.462,64.354],[25.474,64.339],[25.461,64.337],[25.463,64.333],[25.472,64.335],[25.478,64.332],[25.485,64.326],[25.482,64.321],[25.471,64.318],[25.469,64.315],[25.481,64.306],[25.487,64.311],[25.511,64.292],[25.545,64.263],[25.547,64.249],[25.561,64.247],[25.558,64.246],[25.573,64.238],[25.581,64.233],[25.589,64.235],[25.598,64.229],[25.595,64.227],[25.615,64.219],[25.65,64.2],[25.658,64.201],[25.68,64.177],[25.69,64.174],[25.691,64.17],[25.683,64.165],[25.686,64.163],[25.683,64.157],[25.727,64.141],[25.75,64.127],[25.747,64.123],[25.753,64.121],[25.757,64.119],[25.763,64.118],[25.777,64.111]]]}},{"type":"Feature","properties":{"id":2527259,"maakond_id":310,"name":"Kemi","bbox":[24.133,65.337,24.747,65.794]},"geometry":{"type":"Polygon","coordinates":[[[24.436,65.767],[24.402,65.749],[24.341,65.714],[24.16,65.613],[24.136,65.53],[24.133,65.515],[24.145,65.389],[24.15,65.337],[24.468,65.459],[24.531,65.525],[24.6,65.597],[24.658,65.657],[24.679,65.659],[24.685,65.66],[24.727,65.684],[24.747,65.695],[24.731,65.698],[24.734,65.708],[24.721,65.709],[24.72,65.718],[24.734,65.715],[24.743,65.72],[24.706,65.721],[24.7,65.722],[24.691,65.737],[24.689,65.742],[24.68,65.746],[24.683,65.75],[24.701,65.747],[24.703,65.75],[24.676,65.755],[24.663,65.756],[24.664,65.765],[24.595,65.782],[24.588,65.779],[24.58,65.783],[24.56,65.794],[24.547,65.792],[24.528,65.786],[24.513,65.783],[24.509,65.78],[24.436,65.767]]]}},{"type":"Feature","properties":{"id":2527260,"maakond_id":310,"name":"Kolari","bbox":[23.541,66.938,24.87,67.639]},"geometry":{"type":"Polygon","coordinates":[[[23.784,66.997],[23.788,66.998],[23.778,67.003],[23.864,67.005],[23.875,67.013],[23.878,67.011],[23.87,67.005],[23.988,67.007],[23.978,67.011],[23.993,67.015],[24.006,67.007],[24.006,67.006],[24.034,67.005],[24.046,67.004],[24.051,67.01],[24.058,67.006],[24.063,67.008],[24.159,67.01],[24.204,66.992],[24.515,66.967],[24.758,66.947],[24.87,66.938],[24.854,66.963],[24.858,66.966],[24.849,66.971],[24.795,67.054],[24.761,67.108],[24.771,67.109],[24.759,67.112],[24.756,67.117],[24.76,67.122],[24.751,67.126],[24.743,67.139],[24.737,67.152],[24.709,67.171],[24.713,67.185],[24.714,67.189],[24.71,67.191],[24.705,67.185],[24.694,67.183],[24.631,67.227],[24.462,67.346],[24.423,67.391],[24.414,67.395],[24.411,67.398],[24.414,67.401],[24.386,67.433],[24.369,67.453],[24.34,67.485],[24.328,67.51],[24.273,67.627],[24.166,67.631],[24.149,67.639],[24.144,67.637],[24.156,67.632],[24.066,67.636],[23.867,67.57],[23.723,67.523],[23.724,67.52],[23.738,67.516],[23.763,67.51],[23.764,67.508],[23.713,67.519],[23.542,67.463],[23.541,67.461],[23.548,67.461],[23.563,67.459],[23.579,67.454],[23.591,67.453],[23.603,67.454],[23.618,67.452],[23.645,67.447],[23.657,67.447],[23.666,67.443],[23.682,67.442],[23.697,67.445],[23.71,67.446],[23.722,67.443],[23.738,67.438],[23.754,67.436],[23.759,67.434],[23.765,67.428],[23.756,67.424],[23.751,67.418],[23.753,67.409],[23.735,67.398],[23.731,67.395],[23.719,67.391],[23.717,67.385],[23.734,67.379],[23.73,67.369],[23.734,67.362],[23.741,67.356],[23.738,67.353],[23.741,67.349],[23.757,67.349],[23.764,67.345],[23.775,67.339],[23.772,67.335],[23.755,67.328],[23.757,67.324],[23.749,67.321],[23.749,67.316],[23.737,67.299],[23.735,67.294],[23.73,67.289],[23.724,67.286],[23.723,67.283],[23.716,67.282],[23.693,67.284],[23.676,67.282],[23.671,67.28],[23.646,67.278],[23.633,67.273],[23.619,67.272],[23.611,67.274],[23.591,67.271],[23.578,67.269],[23.561,67.261],[23.569,67.253],[23.564,67.25],[23.553,67.249],[23.556,67.243],[23.562,67.238],[23.561,67.235],[23.548,67.228],[23.548,67.224],[23.561,67.224],[23.571,67.22],[23.583,67.213],[23.593,67.21],[23.595,67.206],[23.585,67.199],[23.588,67.191],[23.58,67.188],[23.571,67.186],[23.559,67.181],[23.556,67.176],[23.551,67.171],[23.557,67.166],[23.569,67.159],[23.579,67.152],[23.583,67.151],[23.596,67.139],[23.605,67.135],[23.609,67.131],[23.621,67.126],[23.624,67.12],[23.629,67.115],[23.637,67.11],[23.654,67.104],[23.658,67.1],[23.667,67.084],[23.663,67.078],[23.671,67.067],[23.685,67.058],[23.697,67.053],[23.704,67.045],[23.711,67.045],[23.716,67.037],[23.728,67.03],[23.737,67.019],[23.754,67.01],[23.758,67.007],[23.769,67.001],[23.784,66.997]]]}},{"type":"Feature","properties":{"id":2527261,"maakond_id":310,"name":"Pello","bbox":[23.778,66.465,24.988,67.015]},"geometry":{"type":"Polygon","coordinates":[[[23.797,66.521],[23.813,66.519],[23.824,66.504],[23.845,66.498],[23.887,66.492],[23.945,66.465],[24.022,66.482],[24.097,66.499],[24.083,66.52],[24.12,66.525],[24.135,66.51],[24.143,66.51],[24.186,66.513],[24.188,66.514],[24.176,66.518],[24.203,66.526],[24.202,66.528],[24.227,66.534],[24.226,66.544],[24.212,66.544],[24.195,66.562],[24.167,66.563],[24.159,66.571],[24.168,66.572],[24.175,66.565],[24.196,66.567],[24.215,66.552],[24.245,66.545],[24.274,66.546],[24.287,66.55],[24.3,66.55],[24.301,66.555],[24.286,66.57],[24.323,66.584],[24.323,66.598],[24.335,66.6],[24.365,66.596],[24.392,66.601],[24.42,66.616],[24.446,66.615],[24.447,66.623],[24.466,66.622],[24.467,66.637],[24.526,66.628],[24.521,66.645],[24.53,66.649],[24.538,66.648],[24.542,66.653],[24.566,66.65],[24.558,66.657],[24.553,66.657],[24.55,66.664],[24.553,66.67],[24.559,66.669],[24.564,66.671],[24.614,66.669],[24.622,66.67],[24.627,66.68],[24.613,66.68],[24.609,66.683],[24.599,66.685],[24.619,66.688],[24.611,66.695],[24.631,66.7],[24.642,66.704],[24.648,66.705],[24.658,66.71],[24.663,66.709],[24.693,66.688],[24.711,66.707],[24.692,66.725],[24.69,66.736],[24.714,66.745],[24.728,66.761],[24.737,66.763],[24.742,66.758],[24.739,66.752],[24.741,66.748],[24.75,66.748],[24.75,66.756],[24.846,66.766],[24.891,66.761],[24.891,66.758],[24.934,66.754],[24.949,66.754],[24.964,66.743],[24.938,66.745],[24.934,66.736],[24.944,66.729],[24.952,66.728],[24.953,66.737],[24.973,66.737],[24.978,66.733],[24.985,66.734],[24.975,66.742],[24.966,66.754],[24.988,66.754],[24.976,66.77],[24.968,66.768],[24.965,66.771],[24.973,66.775],[24.919,66.86],[24.934,66.86],[24.937,66.866],[24.914,66.868],[24.915,66.881],[24.906,66.881],[24.87,66.938],[24.758,66.947],[24.515,66.967],[24.204,66.992],[24.159,67.01],[24.063,67.008],[24.058,67.006],[24.051,67.01],[24.046,67.004],[24.034,67.005],[24.006,67.006],[24.006,67.007],[23.993,67.015],[23.978,67.011],[23.988,67.007],[23.87,67.005],[23.878,67.011],[23.875,67.013],[23.864,67.005],[23.778,67.003],[23.788,66.998],[23.784,66.997],[23.793,66.994],[23.801,66.989],[23.8,66.983],[23.809,66.979],[23.818,66.979],[23.818,66.973],[23.826,66.968],[23.827,66.963],[23.834,66.96],[23.845,66.96],[23.862,66.954],[23.863,66.949],[23.86,66.946],[23.864,66.937],[23.868,66.936],[23.863,66.928],[23.864,66.919],[23.879,66.913],[23.881,66.91],[23.891,66.906],[23.902,66.901],[23.911,66.894],[23.913,66.889],[23.919,66.886],[23.932,66.885],[23.936,66.884],[23.944,66.875],[23.943,66.872],[23.953,66.867],[23.953,66.863],[23.969,66.85],[23.972,66.84],[23.982,66.835],[23.995,66.822],[23.995,66.819],[23.988,66.811],[23.989,66.809],[23.988,66.802],[23.977,66.799],[23.976,66.797],[23.983,66.79],[23.982,66.786],[23.974,66.783],[23.959,66.782],[23.954,66.783],[23.945,66.787],[23.936,66.79],[23.93,66.794],[23.916,66.796],[23.908,66.794],[23.916,66.779],[23.916,66.772],[23.908,66.77],[23.899,66.771],[23.889,66.769],[23.881,66.765],[23.88,66.759],[23.877,66.753],[23.886,66.75],[23.888,66.747],[23.888,66.741],[23.892,66.736],[23.908,66.721],[23.895,66.711],[23.898,66.706],[23.889,66.695],[23.888,66.689],[23.885,66.674],[23.875,66.671],[23.872,66.663],[23.865,66.655],[23.866,66.65],[23.872,66.642],[23.869,66.633],[23.87,66.629],[23.877,66.621],[23.885,66.616],[23.882,66.609],[23.877,66.604],[23.877,66.597],[23.875,66.587],[23.878,66.583],[23.874,66.575],[23.863,66.569],[23.858,66.558],[23.85,66.555],[23.839,66.555],[23.827,66.549],[23.816,66.546],[23.795,66.538],[23.785,66.536],[23.785,66.532],[23.797,66.521]]]}},{"type":"Feature","properties":{"id":2527262,"maakond_id":310,"name":"Ylitornio","bbox":[23.643,66.166,25.05,66.766]},"geometry":{"type":"Polygon","coordinates":[[[24.792,66.332],[24.802,66.338],[24.822,66.348],[24.841,66.358],[24.866,66.371],[24.905,66.392],[24.952,66.419],[25.05,66.476],[25.044,66.517],[25.028,66.598],[25.009,66.687],[24.999,66.721],[24.992,66.726],[24.997,66.727],[24.996,66.732],[24.988,66.754],[24.966,66.754],[24.975,66.742],[24.985,66.734],[24.978,66.733],[24.973,66.737],[24.953,66.737],[24.952,66.728],[24.944,66.729],[24.934,66.736],[24.938,66.745],[24.964,66.743],[24.949,66.754],[24.934,66.754],[24.891,66.758],[24.891,66.761],[24.846,66.766],[24.75,66.756],[24.75,66.748],[24.741,66.748],[24.739,66.752],[24.742,66.758],[24.737,66.763],[24.728,66.761],[24.714,66.745],[24.69,66.736],[24.692,66.725],[24.711,66.707],[24.693,66.688],[24.663,66.709],[24.658,66.71],[24.648,66.705],[24.642,66.704],[24.631,66.7],[24.611,66.695],[24.619,66.688],[24.599,66.685],[24.609,66.683],[24.613,66.68],[24.627,66.68],[24.622,66.67],[24.614,66.669],[24.564,66.671],[24.559,66.669],[24.553,66.67],[24.55,66.664],[24.553,66.657],[24.558,66.657],[24.566,66.65],[24.542,66.653],[24.538,66.648],[24.53,66.649],[24.521,66.645],[24.526,66.628],[24.467,66.637],[24.466,66.622],[24.447,66.623],[24.446,66.615],[24.42,66.616],[24.392,66.601],[24.365,66.596],[24.335,66.6],[24.323,66.598],[24.323,66.584],[24.286,66.57],[24.301,66.555],[24.3,66.55],[24.287,66.55],[24.274,66.546],[24.245,66.545],[24.215,66.552],[24.196,66.567],[24.175,66.565],[24.168,66.572],[24.159,66.571],[24.167,66.563],[24.195,66.562],[24.212,66.544],[24.226,66.544],[24.227,66.534],[24.202,66.528],[24.203,66.526],[24.176,66.518],[24.188,66.514],[24.186,66.513],[24.143,66.51],[24.135,66.51],[24.12,66.525],[24.083,66.52],[24.097,66.499],[24.022,66.482],[23.945,66.465],[23.887,66.492],[23.845,66.498],[23.824,66.504],[23.813,66.519],[23.797,66.521],[23.792,66.516],[23.78,66.515],[23.762,66.511],[23.752,66.505],[23.739,66.504],[23.734,66.509],[23.728,66.507],[23.725,66.497],[23.714,66.493],[23.715,66.485],[23.72,66.478],[23.71,66.474],[23.7,66.475],[23.688,66.473],[23.675,66.466],[23.656,66.46],[23.65,66.454],[23.648,66.44],[23.644,66.436],[23.643,66.426],[23.644,66.424],[23.653,66.418],[23.659,66.411],[23.667,66.398],[23.684,66.393],[23.689,66.387],[23.686,66.377],[23.676,66.37],[23.668,66.361],[23.656,66.351],[23.66,66.335],[23.656,66.315],[23.648,66.306],[23.646,66.302],[23.649,66.298],[23.656,66.293],[23.664,66.286],[23.667,66.279],[23.673,66.273],[23.67,66.264],[23.667,66.261],[23.676,66.254],[23.691,66.25],[23.701,66.243],[23.695,66.235],[23.694,66.229],[23.701,66.221],[23.707,66.218],[23.724,66.215],[23.73,66.209],[23.734,66.204],[23.726,66.199],[23.732,66.194],[23.758,66.191],[23.783,66.187],[23.803,66.18],[23.817,66.176],[23.822,66.173],[23.831,66.17],[23.852,66.171],[23.859,66.171],[23.865,66.166],[23.88,66.166],[23.892,66.168],[23.896,66.175],[23.888,66.18],[23.885,66.185],[23.887,66.193],[23.886,66.199],[23.991,66.215],[24.107,66.233],[24.205,66.248],[24.193,66.254],[24.191,66.257],[24.198,66.261],[24.189,66.266],[24.203,66.27],[24.223,66.26],[24.236,66.263],[24.242,66.257],[24.234,66.254],[24.237,66.252],[24.339,66.267],[24.578,66.302],[24.792,66.332]]]}},{"type":"Feature","properties":{"id":2528471,"maakond_id":310,"name":"Keminmaa","bbox":[24.436,65.695,25.227,66.03]},"geometry":{"type":"Polygon","coordinates":[[[24.747,65.695],[24.812,65.73],[24.835,65.742],[24.825,65.746],[24.827,65.753],[24.84,65.747],[24.857,65.761],[24.913,65.748],[24.913,65.751],[24.906,65.755],[24.913,65.759],[24.91,65.763],[24.919,65.765],[24.924,65.763],[24.939,65.765],[24.934,65.768],[24.924,65.766],[24.914,65.768],[24.933,65.783],[24.921,65.785],[24.966,65.826],[25.153,65.899],[25.163,65.896],[25.175,65.902],[25.166,65.904],[25.227,65.928],[25.215,65.956],[25.226,65.962],[25.124,65.964],[25.106,65.958],[25.107,65.944],[25.082,65.944],[25.081,65.95],[25.063,65.953],[25.039,65.948],[25.04,65.975],[24.876,65.969],[24.721,65.962],[24.714,65.963],[24.716,65.97],[24.702,65.971],[24.64,65.997],[24.591,66.016],[24.581,66.018],[24.51,66.03],[24.515,65.98],[24.515,65.971],[24.519,65.926],[24.523,65.874],[24.515,65.874],[24.516,65.868],[24.524,65.868],[24.525,65.861],[24.515,65.853],[24.517,65.847],[24.515,65.844],[24.502,65.841],[24.496,65.842],[24.492,65.837],[24.498,65.833],[24.497,65.828],[24.488,65.819],[24.479,65.82],[24.483,65.815],[24.481,65.811],[24.475,65.81],[24.465,65.81],[24.45,65.803],[24.457,65.8],[24.466,65.803],[24.468,65.8],[24.462,65.799],[24.452,65.791],[24.454,65.788],[24.449,65.78],[24.436,65.767],[24.509,65.78],[24.513,65.783],[24.528,65.786],[24.547,65.792],[24.56,65.794],[24.58,65.783],[24.588,65.779],[24.595,65.782],[24.664,65.765],[24.663,65.756],[24.676,65.755],[24.703,65.75],[24.701,65.747],[24.683,65.75],[24.68,65.746],[24.689,65.742],[24.691,65.737],[24.7,65.722],[24.706,65.721],[24.743,65.72],[24.734,65.715],[24.72,65.718],[24.721,65.709],[24.734,65.708],[24.731,65.698],[24.747,65.695]]]}},{"type":"Feature","properties":{"id":2528472,"maakond_id":310,"name":"Posio","bbox":[27.234,65.801,28.768,66.492]},"geometry":{"type":"Polygon","coordinates":[[[28.513,65.846],[28.509,65.89],[28.458,65.919],[28.433,65.946],[28.377,65.96],[28.372,65.96],[28.368,65.968],[28.373,65.971],[28.386,65.971],[28.393,65.969],[28.393,65.978],[28.39,65.98],[28.39,65.996],[28.381,65.999],[28.371,65.998],[28.371,66.001],[28.389,66.004],[28.399,66.003],[28.408,66.005],[28.415,66.005],[28.423,66.009],[28.436,66.008],[28.429,66.004],[28.415,66.001],[28.412,65.999],[28.412,65.986],[28.483,65.99],[28.483,66.004],[28.544,66.003],[28.544,66.009],[28.598,65.999],[28.598,65.987],[28.652,65.987],[28.67,66],[28.699,66.002],[28.747,66.002],[28.748,66.024],[28.736,66.026],[28.733,66.037],[28.764,66.043],[28.745,66.051],[28.73,66.046],[28.718,66.043],[28.714,66.046],[28.724,66.049],[28.718,66.053],[28.703,66.053],[28.695,66.058],[28.697,66.062],[28.625,66.071],[28.646,66.086],[28.626,66.09],[28.604,66.128],[28.687,66.128],[28.717,66.136],[28.717,66.161],[28.768,66.185],[28.768,66.186],[28.736,66.205],[28.75,66.215],[28.736,66.22],[28.74,66.224],[28.756,66.225],[28.759,66.229],[28.76,66.237],[28.75,66.244],[28.74,66.247],[28.75,66.254],[28.732,66.258],[28.711,66.261],[28.704,66.259],[28.69,66.262],[28.683,66.262],[28.662,66.247],[28.644,66.252],[28.641,66.265],[28.627,66.267],[28.606,66.265],[28.602,66.267],[28.593,66.268],[28.587,66.273],[28.538,66.333],[28.546,66.333],[28.546,66.34],[28.553,66.344],[28.553,66.349],[28.547,66.352],[28.549,66.383],[28.553,66.384],[28.575,66.382],[28.584,66.4],[28.599,66.4],[28.587,66.412],[28.601,66.409],[28.616,66.413],[28.665,66.413],[28.69,66.473],[28.695,66.486],[28.396,66.492],[28.364,66.483],[28.285,66.452],[28.273,66.445],[28.274,66.442],[28.288,66.439],[28.284,66.435],[28.258,66.436],[28.224,66.418],[28.139,66.432],[27.982,66.419],[27.893,66.426],[27.871,66.427],[27.793,66.432],[27.596,66.401],[27.608,66.387],[27.415,66.289],[27.25,66.332],[27.234,66.313],[27.272,66.277],[27.261,66.256],[27.312,66.244],[27.327,66.237],[27.26,66.198],[27.257,66.197],[27.273,66.143],[27.469,66.104],[27.467,66.074],[27.475,66.076],[27.494,66.074],[27.49,66.072],[27.481,66.074],[27.466,66.071],[27.458,65.97],[27.411,65.941],[27.421,65.939],[27.42,65.935],[27.414,65.934],[27.447,65.929],[27.45,65.931],[27.478,65.932],[27.482,65.933],[27.497,65.932],[27.526,65.922],[27.535,65.925],[27.542,65.925],[27.551,65.927],[27.564,65.926],[27.568,65.927],[27.565,65.933],[27.586,65.946],[27.596,65.955],[27.609,65.955],[27.618,65.953],[27.622,65.956],[27.637,65.957],[27.655,65.96],[27.695,65.901],[27.767,65.841],[27.786,65.838],[27.784,65.836],[27.768,65.837],[27.761,65.827],[27.909,65.823],[28.144,65.815],[28.162,65.808],[28.224,65.801],[28.383,65.83],[28.467,65.845],[28.513,65.846]]]}},{"type":"Feature","properties":{"id":2528473,"maakond_id":310,"name":"Ranua","bbox":[25.681,65.701,27.494,66.302]},"geometry":{"type":"Polygon","coordinates":[[[25.764,66.089],[25.847,66.015],[25.773,65.961],[25.681,65.892],[25.743,65.864],[25.743,65.861],[25.749,65.859],[25.755,65.858],[25.771,65.851],[25.815,65.844],[25.813,65.841],[25.788,65.843],[25.939,65.774],[25.991,65.786],[26.16,65.822],[26.158,65.726],[26.343,65.716],[26.369,65.713],[26.66,65.71],[26.673,65.701],[26.676,65.71],[26.825,65.701],[26.981,65.729],[26.983,65.713],[27.023,65.714],[27.022,65.722],[27.007,65.722],[27.006,65.733],[27.036,65.738],[27.049,65.733],[27.072,65.73],[27.101,65.742],[27.088,65.747],[27.11,65.751],[27.157,65.78],[27.164,65.775],[27.179,65.779],[27.162,65.784],[27.226,65.825],[27.226,65.829],[27.232,65.829],[27.245,65.837],[27.237,65.837],[27.236,65.841],[27.247,65.843],[27.252,65.841],[27.331,65.891],[27.346,65.89],[27.347,65.893],[27.333,65.892],[27.407,65.938],[27.414,65.934],[27.42,65.935],[27.421,65.939],[27.411,65.941],[27.458,65.97],[27.466,66.071],[27.481,66.074],[27.49,66.072],[27.494,66.074],[27.475,66.076],[27.467,66.074],[27.469,66.104],[27.273,66.143],[27.257,66.197],[27.26,66.198],[27.254,66.2],[27.253,66.203],[27.234,66.201],[27.198,66.2],[27.187,66.198],[27.112,66.201],[27.097,66.201],[27.086,66.206],[27.073,66.207],[27.068,66.209],[27.065,66.22],[27.053,66.222],[27.029,66.224],[27.039,66.234],[27.022,66.24],[27.003,66.248],[27.001,66.247],[26.971,66.242],[26.966,66.252],[26.955,66.254],[26.951,66.251],[26.963,66.246],[26.954,66.243],[26.94,66.243],[26.935,66.244],[26.931,66.248],[26.939,66.255],[26.929,66.26],[26.932,66.261],[26.933,66.268],[26.919,66.276],[26.912,66.29],[26.903,66.292],[26.898,66.302],[26.886,66.296],[26.876,66.295],[26.868,66.297],[26.868,66.301],[26.727,66.299],[26.58,66.285],[26.579,66.267],[26.603,66.266],[26.605,66.263],[26.583,66.261],[26.572,66.248],[26.576,66.246],[26.585,66.246],[26.591,66.238],[26.634,66.225],[26.619,66.217],[26.545,66.202],[26.469,66.188],[26.456,66.191],[26.441,66.209],[26.441,66.216],[26.417,66.216],[26.417,66.223],[26.369,66.223],[26.292,66.196],[26.254,66.196],[26.202,66.18],[26.182,66.182],[26.158,66.175],[26.13,66.16],[26.133,66.163],[26.111,66.165],[26.103,66.171],[26.093,66.17],[26.093,66.165],[26.085,66.16],[26.087,66.156],[26.067,66.159],[26.055,66.149],[26.059,66.143],[25.927,66.119],[25.764,66.089]]]}},{"type":"Feature","properties":{"id":2528474,"maakond_id":310,"name":"Rovaniemi","bbox":[24.737,66.156,27.327,67.177]},"geometry":{"type":"Polygon","coordinates":[[[24.802,66.338],[25.034,66.284],[25.128,66.262],[25.214,66.241],[25.34,66.21],[25.535,66.21],[25.544,66.21],[25.775,66.214],[25.94,66.183],[25.932,66.178],[25.943,66.176],[25.946,66.182],[26.067,66.159],[26.087,66.156],[26.085,66.16],[26.093,66.165],[26.093,66.17],[26.103,66.171],[26.111,66.165],[26.133,66.163],[26.13,66.16],[26.158,66.175],[26.182,66.182],[26.202,66.18],[26.254,66.196],[26.292,66.196],[26.369,66.223],[26.417,66.223],[26.417,66.216],[26.441,66.216],[26.441,66.209],[26.456,66.191],[26.469,66.188],[26.545,66.202],[26.619,66.217],[26.634,66.225],[26.591,66.238],[26.585,66.246],[26.576,66.246],[26.572,66.248],[26.583,66.261],[26.605,66.263],[26.603,66.266],[26.579,66.267],[26.58,66.285],[26.727,66.299],[26.868,66.301],[26.868,66.297],[26.876,66.295],[26.886,66.296],[26.898,66.302],[26.903,66.292],[26.912,66.29],[26.919,66.276],[26.933,66.268],[26.932,66.261],[26.929,66.26],[26.939,66.255],[26.931,66.248],[26.935,66.244],[26.94,66.243],[26.954,66.243],[26.963,66.246],[26.951,66.251],[26.955,66.254],[26.966,66.252],[26.971,66.242],[27.001,66.247],[27.003,66.248],[27.022,66.24],[27.039,66.234],[27.029,66.224],[27.053,66.222],[27.065,66.22],[27.068,66.209],[27.073,66.207],[27.086,66.206],[27.097,66.201],[27.112,66.201],[27.187,66.198],[27.198,66.2],[27.234,66.201],[27.253,66.203],[27.254,66.2],[27.26,66.198],[27.327,66.237],[27.312,66.244],[27.261,66.256],[27.272,66.277],[27.234,66.313],[27.25,66.332],[27.165,66.354],[27.145,66.364],[26.974,66.444],[26.698,66.575],[26.714,66.617],[26.695,66.684],[26.688,66.708],[26.667,66.783],[26.654,66.822],[26.607,66.842],[26.532,66.897],[26.467,66.935],[26.518,66.943],[26.406,66.951],[26.396,66.952],[26.377,66.956],[26.372,66.954],[26.349,66.967],[26.352,66.968],[26.306,66.992],[26.298,66.993],[26.136,67.046],[26.046,67.075],[25.904,67.12],[25.758,67.128],[25.756,67.126],[25.745,67.129],[25.723,67.13],[25.722,67.127],[25.708,67.127],[25.707,67.131],[25.671,67.134],[25.673,67.128],[25.67,67.123],[25.662,67.101],[25.615,67.105],[25.611,67.137],[25.557,67.14],[25.35,67.151],[25.343,67.151],[25.034,67.168],[24.862,67.177],[24.737,67.152],[24.743,67.139],[24.751,67.126],[24.76,67.122],[24.756,67.117],[24.759,67.112],[24.771,67.109],[24.761,67.108],[24.795,67.054],[24.849,66.971],[24.858,66.966],[24.854,66.963],[24.87,66.938],[24.906,66.881],[24.915,66.881],[24.914,66.868],[24.937,66.866],[24.934,66.86],[24.919,66.86],[24.973,66.775],[24.965,66.771],[24.968,66.768],[24.976,66.77],[24.988,66.754],[24.996,66.732],[24.997,66.727],[24.992,66.726],[24.999,66.721],[25.009,66.687],[25.028,66.598],[25.044,66.517],[25.05,66.476],[24.952,66.419],[24.905,66.392],[24.866,66.371],[24.841,66.358],[24.822,66.348],[24.802,66.338]]]}},{"type":"Feature","properties":{"id":2528475,"maakond_id":310,"name":"Simo","bbox":[24.15,65.292,25.939,66.116]},"geometry":{"type":"Polygon","coordinates":[[[25.764,66.089],[25.545,66.116],[25.526,66.111],[25.539,66.103],[25.498,66.091],[25.493,66.095],[25.482,66.098],[25.45,66.088],[25.364,66.04],[25.226,65.962],[25.215,65.956],[25.227,65.928],[25.166,65.904],[25.175,65.902],[25.163,65.896],[25.153,65.899],[24.966,65.826],[24.921,65.785],[24.933,65.783],[24.914,65.768],[24.924,65.766],[24.934,65.768],[24.939,65.765],[24.924,65.763],[24.919,65.765],[24.91,65.763],[24.913,65.759],[24.906,65.755],[24.913,65.751],[24.913,65.748],[24.857,65.761],[24.84,65.747],[24.827,65.753],[24.825,65.746],[24.835,65.742],[24.812,65.73],[24.747,65.695],[24.727,65.684],[24.685,65.66],[24.679,65.659],[24.658,65.657],[24.6,65.597],[24.531,65.525],[24.468,65.459],[24.15,65.337],[24.155,65.292],[24.618,65.369],[25.084,65.589],[25.093,65.59],[25.094,65.592],[25.129,65.607],[25.163,65.636],[25.187,65.648],[25.179,65.651],[25.189,65.655],[25.197,65.652],[25.231,65.668],[25.308,65.685],[25.36,65.727],[25.425,65.743],[25.79,65.741],[25.939,65.774],[25.788,65.843],[25.813,65.841],[25.815,65.844],[25.771,65.851],[25.755,65.858],[25.749,65.859],[25.743,65.861],[25.743,65.864],[25.681,65.892],[25.773,65.961],[25.847,66.015],[25.764,66.089]]]}},{"type":"Feature","properties":{"id":2528476,"maakond_id":310,"name":"Tervola","bbox":[24.494,65.944,26.067,66.338]},"geometry":{"type":"Polygon","coordinates":[[[24.792,66.332],[24.729,66.299],[24.7,66.284],[24.664,66.266],[24.616,66.242],[24.553,66.213],[24.494,66.186],[24.501,66.158],[24.497,66.157],[24.502,66.115],[24.51,66.03],[24.581,66.018],[24.591,66.016],[24.64,65.997],[24.702,65.971],[24.716,65.97],[24.714,65.963],[24.721,65.962],[24.876,65.969],[25.04,65.975],[25.039,65.948],[25.063,65.953],[25.081,65.95],[25.082,65.944],[25.107,65.944],[25.106,65.958],[25.124,65.964],[25.226,65.962],[25.364,66.04],[25.45,66.088],[25.482,66.098],[25.493,66.095],[25.498,66.091],[25.539,66.103],[25.526,66.111],[25.545,66.116],[25.764,66.089],[25.927,66.119],[26.059,66.143],[26.055,66.149],[26.067,66.159],[25.946,66.182],[25.943,66.176],[25.932,66.178],[25.94,66.183],[25.775,66.214],[25.544,66.21],[25.535,66.21],[25.34,66.21],[25.214,66.241],[25.128,66.262],[25.034,66.284],[24.802,66.338],[24.792,66.332]]]}},{"type":"Feature","properties":{"id":2528662,"maakond_id":310,"name":"Kemijärvi","bbox":[26.467,66.289,28.192,67.043]},"geometry":{"type":"Polygon","coordinates":[[[27.25,66.332],[27.415,66.289],[27.608,66.387],[27.596,66.401],[27.793,66.432],[27.871,66.427],[27.893,66.426],[27.982,66.419],[28.139,66.432],[28.075,66.501],[28.091,66.512],[28.192,66.627],[28.156,66.698],[28.117,66.712],[28.065,66.704],[28.065,66.706],[27.943,66.776],[27.894,66.863],[27.882,66.886],[27.681,66.968],[27.685,66.979],[27.659,66.977],[27.585,67.007],[27.403,67.01],[27.398,67.007],[27.386,67.02],[27.358,67.025],[27.351,67.033],[27.335,67.043],[27.248,67.014],[27.249,67.013],[27.148,67.014],[27.028,67],[26.807,66.976],[26.657,66.959],[26.518,66.943],[26.467,66.935],[26.532,66.897],[26.607,66.842],[26.654,66.822],[26.667,66.783],[26.688,66.708],[26.695,66.684],[26.714,66.617],[26.698,66.575],[26.974,66.444],[27.145,66.364],[27.165,66.354],[27.25,66.332]]]}},{"type":"Feature","properties":{"id":2528663,"maakond_id":310,"name":"Pelkosenniemi","bbox":[26.518,66.886,28.359,67.425]},"geometry":{"type":"Polygon","coordinates":[[[27.882,66.886],[27.915,66.95],[27.903,66.952],[27.906,66.954],[27.916,66.953],[27.957,67.03],[28.027,67.036],[28.085,67.039],[28.263,67.083],[28.359,67.108],[28.111,67.145],[28.04,67.172],[27.964,67.175],[27.962,67.174],[27.891,67.174],[27.876,67.175],[27.884,67.193],[27.892,67.195],[27.884,67.198],[27.862,67.218],[27.881,67.226],[27.854,67.236],[27.847,67.233],[27.77,67.304],[27.666,67.331],[27.666,67.327],[27.447,67.376],[27.434,67.379],[27.222,67.425],[27.26,67.393],[27.261,67.382],[27.253,67.363],[27.113,67.351],[27.088,67.338],[27.081,67.318],[27.054,67.233],[27.06,67.235],[27.067,67.231],[27.062,67.226],[27.052,67.227],[27.045,67.205],[27.034,67.207],[27.031,67.205],[27.045,67.203],[27.041,67.191],[27.009,67.169],[27.02,67.167],[26.79,67.065],[26.775,67.05],[26.776,67.048],[26.797,67.04],[26.794,67.039],[26.806,67.035],[26.814,67.03],[26.804,67.026],[26.795,67.029],[26.803,67.032],[26.788,67.041],[26.778,67.037],[26.767,67.041],[26.775,67.044],[26.772,67.049],[26.761,67.052],[26.72,67.034],[26.634,66.995],[26.639,66.992],[26.629,66.988],[26.62,66.989],[26.518,66.943],[26.657,66.959],[26.807,66.976],[27.028,67],[27.148,67.014],[27.249,67.013],[27.248,67.014],[27.335,67.043],[27.351,67.033],[27.358,67.025],[27.386,67.02],[27.398,67.007],[27.403,67.01],[27.585,67.007],[27.659,66.977],[27.685,66.979],[27.681,66.968],[27.882,66.886]]]}},{"type":"Feature","properties":{"id":2528664,"maakond_id":310,"name":"Salla","bbox":[27.882,66.408,30.017,67.803]},"geometry":{"type":"Polygon","coordinates":[[[27.882,66.886],[27.894,66.863],[27.943,66.776],[28.065,66.706],[28.065,66.704],[28.117,66.712],[28.156,66.698],[28.192,66.627],[28.091,66.512],[28.075,66.501],[28.139,66.432],[28.224,66.418],[28.258,66.436],[28.284,66.435],[28.288,66.439],[28.274,66.442],[28.273,66.445],[28.285,66.452],[28.364,66.483],[28.396,66.492],[28.695,66.486],[28.837,66.467],[29.008,66.443],[29.15,66.423],[29.259,66.408],[29.258,66.433],[29.543,66.433],[29.573,66.433],[29.52,66.496],[29.472,66.544],[29.421,66.58],[29.415,66.58],[29.411,66.585],[29.417,66.59],[29.408,66.593],[29.406,66.596],[29.383,66.598],[29.376,66.604],[29.386,66.607],[29.36,66.626],[29.361,66.629],[29.354,66.641],[29.302,66.676],[29.225,66.729],[29.205,66.742],[29.187,66.755],[29.15,66.78],[29.138,66.78],[29.131,66.786],[29.106,66.79],[29.104,66.796],[29.119,66.801],[29.111,66.809],[29.061,66.853],[29.041,66.903],[29.033,66.926],[29.034,66.944],[29.041,66.962],[29.073,66.996],[29.098,67.012],[29.153,67.048],[29.22,67.09],[29.264,67.117],[29.383,67.192],[29.434,67.225],[29.472,67.25],[29.516,67.281],[29.505,67.285],[29.514,67.294],[29.517,67.302],[29.521,67.305],[29.525,67.311],[29.535,67.311],[29.539,67.308],[29.55,67.312],[29.563,67.311],[29.576,67.313],[29.579,67.316],[29.566,67.319],[29.567,67.322],[29.578,67.324],[29.581,67.328],[29.606,67.328],[29.611,67.326],[29.617,67.33],[29.636,67.333],[29.644,67.337],[29.644,67.341],[29.635,67.343],[29.63,67.343],[29.617,67.346],[29.624,67.352],[29.639,67.353],[29.647,67.357],[29.651,67.36],[29.651,67.365],[29.658,67.369],[29.676,67.372],[29.686,67.381],[29.707,67.387],[29.717,67.394],[29.715,67.398],[29.762,67.425],[29.778,67.435],[29.84,67.479],[29.859,67.49],[29.93,67.523],[29.96,67.578],[29.987,67.623],[30.017,67.674],[29.904,67.715],[29.865,67.73],[29.812,67.748],[29.659,67.803],[29.483,67.684],[29.464,67.677],[29.276,67.607],[29.212,67.538],[29.084,67.472],[28.98,67.409],[28.94,67.384],[28.935,67.351],[28.894,67.315],[28.811,67.241],[28.802,67.234],[28.69,67.158],[28.694,67.151],[28.678,67.139],[28.494,67.125],[28.359,67.108],[28.263,67.083],[28.085,67.039],[28.027,67.036],[27.957,67.03],[27.916,66.953],[27.906,66.954],[27.903,66.952],[27.915,66.95],[27.882,66.886]]]}},{"type":"Feature","properties":{"id":2528665,"maakond_id":310,"name":"Savukoski","bbox":[27.222,67.108,29.659,68.196]},"geometry":{"type":"Polygon","coordinates":[[[29.659,67.803],[29.593,67.858],[29.482,67.949],[29.457,67.97],[29.395,68.021],[29.327,68.075],[29.191,68.099],[29.013,68.131],[28.846,68.161],[28.646,68.196],[28.496,68.104],[28.422,68.057],[27.961,67.766],[27.917,67.738],[27.867,67.706],[27.804,67.649],[27.434,67.562],[27.415,67.576],[27.398,67.573],[27.405,67.562],[27.397,67.557],[27.388,67.556],[27.391,67.552],[27.314,67.495],[27.313,67.497],[27.301,67.496],[27.301,67.49],[27.309,67.491],[27.281,67.47],[27.265,67.472],[27.264,67.47],[27.279,67.468],[27.222,67.425],[27.434,67.379],[27.447,67.376],[27.666,67.327],[27.666,67.331],[27.77,67.304],[27.847,67.233],[27.854,67.236],[27.881,67.226],[27.862,67.218],[27.884,67.198],[27.892,67.195],[27.884,67.193],[27.876,67.175],[27.891,67.174],[27.962,67.174],[27.964,67.175],[28.04,67.172],[28.111,67.145],[28.359,67.108],[28.494,67.125],[28.678,67.139],[28.694,67.151],[28.69,67.158],[28.802,67.234],[28.811,67.241],[28.894,67.315],[28.935,67.351],[28.94,67.384],[28.98,67.409],[29.084,67.472],[29.212,67.538],[29.276,67.607],[29.464,67.677],[29.483,67.684],[29.659,67.803]]]}},{"type":"Feature","properties":{"id":2528666,"maakond_id":310,"name":"Sodankylä","bbox":[25.35,66.943,28.646,68.465]},"geometry":{"type":"Polygon","coordinates":[[[28.48,68.465],[28.438,68.456],[28.371,68.448],[28.284,68.448],[28.279,68.453],[28.273,68.455],[28.264,68.462],[28.181,68.449],[27.97,68.417],[27.899,68.406],[27.761,68.384],[27.657,68.368],[27.502,68.344],[27.459,68.343],[27.258,68.339],[27.032,68.334],[26.834,68.33],[26.478,68.322],[26.195,68.314],[25.976,68.278],[25.878,68.097],[25.906,68.064],[26.008,67.939],[25.927,67.82],[25.852,67.712],[25.799,67.633],[25.761,67.576],[25.738,67.541],[25.739,67.536],[25.761,67.434],[25.697,67.4],[25.61,67.352],[25.589,67.348],[25.593,67.343],[25.486,67.304],[25.384,67.191],[25.35,67.151],[25.557,67.14],[25.611,67.137],[25.615,67.105],[25.662,67.101],[25.67,67.123],[25.673,67.128],[25.671,67.134],[25.707,67.131],[25.708,67.127],[25.722,67.127],[25.723,67.13],[25.745,67.129],[25.756,67.126],[25.758,67.128],[25.904,67.12],[26.046,67.075],[26.136,67.046],[26.298,66.993],[26.306,66.992],[26.352,66.968],[26.349,66.967],[26.372,66.954],[26.377,66.956],[26.396,66.952],[26.406,66.951],[26.518,66.943],[26.62,66.989],[26.629,66.988],[26.639,66.992],[26.634,66.995],[26.72,67.034],[26.761,67.052],[26.772,67.049],[26.775,67.044],[26.767,67.041],[26.778,67.037],[26.788,67.041],[26.803,67.032],[26.795,67.029],[26.804,67.026],[26.814,67.03],[26.806,67.035],[26.794,67.039],[26.797,67.04],[26.776,67.048],[26.775,67.05],[26.79,67.065],[27.02,67.167],[27.009,67.169],[27.041,67.191],[27.045,67.203],[27.031,67.205],[27.034,67.207],[27.045,67.205],[27.052,67.227],[27.062,67.226],[27.067,67.231],[27.06,67.235],[27.054,67.233],[27.081,67.318],[27.088,67.338],[27.113,67.351],[27.253,67.363],[27.261,67.382],[27.26,67.393],[27.222,67.425],[27.279,67.468],[27.264,67.47],[27.265,67.472],[27.281,67.47],[27.309,67.491],[27.301,67.49],[27.301,67.496],[27.313,67.497],[27.314,67.495],[27.391,67.552],[27.388,67.556],[27.397,67.557],[27.405,67.562],[27.398,67.573],[27.415,67.576],[27.434,67.562],[27.804,67.649],[27.867,67.706],[27.917,67.738],[27.961,67.766],[28.422,68.057],[28.496,68.104],[28.646,68.196],[28.607,68.259],[28.582,68.302],[28.517,68.404],[28.48,68.465]]]}},{"type":"Feature","properties":{"id":2587475,"maakond_id":309,"name":"Föglö","bbox":[19.941,59.466,20.772,60.151]},"geometry":{"type":"Polygon","coordinates":[[[20.253,60.042],[20.258,59.995],[20.227,59.969],[20.223,59.96],[20.21,59.951],[20.189,59.953],[20.165,59.948],[20.163,59.942],[20.148,59.933],[20.069,59.913],[20.082,59.872],[20.107,59.784],[19.941,59.595],[19.995,59.591],[20.139,59.529],[20.284,59.466],[20.602,59.746],[20.644,59.779],[20.742,59.854],[20.772,59.91],[20.686,59.964],[20.655,59.99],[20.663,60.051],[20.643,60.065],[20.619,60.12],[20.591,60.127],[20.574,60.129],[20.521,60.147],[20.513,60.146],[20.506,60.14],[20.513,60.135],[20.511,60.128],[20.499,60.133],[20.489,60.134],[20.479,60.139],[20.461,60.138],[20.436,60.149],[20.424,60.151],[20.409,60.151],[20.401,60.148],[20.392,60.141],[20.421,60.122],[20.407,60.106],[20.368,60.121],[20.346,60.113],[20.353,60.109],[20.358,60.103],[20.353,60.101],[20.343,60.102],[20.325,60.112],[20.309,60.101],[20.282,60.09],[20.285,60.083],[20.291,60.08],[20.297,60.073],[20.288,60.064],[20.296,60.057],[20.302,60.056],[20.306,60.053],[20.303,60.045],[20.288,60.047],[20.253,60.042]]]}},{"type":"Feature","properties":{"id":2587476,"maakond_id":309,"name":"Geta","bbox":[19.473,60.308,19.994,60.708]},"geometry":{"type":"MultiPolygon","coordinates":[[[[19.798,60.708],[19.636,60.694],[19.616,60.692],[19.594,60.69],[19.571,60.686],[19.546,60.681],[19.473,60.666],[19.63,60.482],[19.679,60.424],[19.699,60.419],[19.714,60.408],[19.722,60.395],[19.723,60.373],[19.718,60.365],[19.714,60.352],[19.697,60.348],[19.7,60.337],[19.72,60.347],[19.748,60.344],[19.769,60.335],[19.811,60.325],[19.816,60.326],[19.829,60.322],[19.845,60.319],[19.855,60.324],[19.87,60.325],[19.885,60.33],[19.89,60.341],[19.888,60.344],[19.891,60.347],[19.89,60.353],[19.894,60.357],[19.906,60.356],[19.925,60.36],[19.936,60.364],[19.938,60.364],[19.946,60.369],[19.946,60.376],[19.946,60.379],[19.963,60.387],[19.962,60.389],[19.968,60.394],[19.965,60.404],[19.994,60.419],[19.966,60.431],[19.889,60.455],[19.868,60.512],[19.798,60.708]],[[19.748,60.43],[19.742,60.447],[19.764,60.451],[19.773,60.433],[19.765,60.43],[19.757,60.429],[19.748,60.43]]],[[[19.7,60.332],[19.699,60.329],[19.692,60.325],[19.675,60.322],[19.693,60.308],[19.701,60.313],[19.709,60.314],[19.725,60.309],[19.736,60.321],[19.725,60.326],[19.72,60.335],[19.709,60.331],[19.7,60.332]]]]}},{"type":"Feature","properties":{"id":2587477,"maakond_id":309,"name":"Lumparland","bbox":[20.133,60.042,20.341,60.177]},"geometry":{"type":"Polygon","coordinates":[[[20.133,60.143],[20.153,60.125],[20.192,60.091],[20.207,60.093],[20.219,60.088],[20.224,60.084],[20.226,60.076],[20.229,60.072],[20.238,60.055],[20.253,60.042],[20.288,60.047],[20.303,60.045],[20.306,60.053],[20.302,60.056],[20.296,60.057],[20.288,60.064],[20.297,60.073],[20.291,60.08],[20.285,60.083],[20.282,60.09],[20.309,60.101],[20.325,60.112],[20.341,60.123],[20.329,60.133],[20.303,60.133],[20.298,60.138],[20.304,60.143],[20.299,60.147],[20.299,60.15],[20.288,60.156],[20.281,60.157],[20.275,60.159],[20.271,60.169],[20.257,60.168],[20.245,60.169],[20.24,60.176],[20.232,60.177],[20.214,60.17],[20.197,60.169],[20.181,60.157],[20.133,60.143]]]}},{"type":"Feature","properties":{"id":2587478,"maakond_id":309,"name":"Saltvik","bbox":[19.798,60.23,20.564,60.762]},"geometry":{"type":"MultiPolygon","coordinates":[[[[19.798,60.708],[19.868,60.512],[19.889,60.455],[19.966,60.431],[19.994,60.419],[19.965,60.404],[19.968,60.394],[19.962,60.389],[19.963,60.387],[19.946,60.379],[19.946,60.376],[19.958,60.376],[19.965,60.372],[19.976,60.375],[19.988,60.376],[19.999,60.375],[19.997,60.371],[19.996,60.363],[19.991,60.355],[19.985,60.352],[19.982,60.349],[19.986,60.342],[19.98,60.342],[19.974,60.331],[19.964,60.326],[19.963,60.32],[19.951,60.315],[19.935,60.313],[19.924,60.308],[19.935,60.291],[19.942,60.287],[19.948,60.283],[19.954,60.284],[19.956,60.288],[19.962,60.286],[19.967,60.287],[19.966,60.293],[19.977,60.293],[19.977,60.291],[19.969,60.288],[19.97,60.284],[19.978,60.278],[19.974,60.271],[19.978,60.268],[19.983,60.267],[19.995,60.263],[19.999,60.258],[20.009,60.251],[20.007,60.246],[20.009,60.242],[20.017,60.237],[20.021,60.236],[20.024,60.231],[20.03,60.23],[20.034,60.233],[20.031,60.237],[20.033,60.24],[20.04,60.24],[20.044,60.242],[20.055,60.244],[20.051,60.251],[20.063,60.251],[20.083,60.259],[20.096,60.265],[20.107,60.264],[20.114,60.263],[20.114,60.268],[20.123,60.271],[20.129,60.272],[20.144,60.277],[20.141,60.281],[20.154,60.283],[20.161,60.285],[20.168,60.289],[20.18,60.288],[20.184,60.299],[20.191,60.302],[20.194,60.307],[20.207,60.314],[20.226,60.316],[20.243,60.341],[20.219,60.351],[20.24,60.358],[20.243,60.362],[20.252,60.366],[20.252,60.374],[20.265,60.374],[20.267,60.365],[20.255,60.352],[20.263,60.341],[20.278,60.348],[20.281,60.358],[20.289,60.359],[20.281,60.364],[20.288,60.371],[20.284,60.382],[20.25,60.406],[20.24,60.427],[20.27,60.434],[20.31,60.429],[20.306,60.421],[20.3,60.418],[20.309,60.412],[20.312,60.407],[20.317,60.407],[20.317,60.413],[20.322,60.418],[20.316,60.42],[20.31,60.429],[20.327,60.439],[20.356,60.454],[20.375,60.466],[20.378,60.499],[20.374,60.612],[20.106,60.762],[20.025,60.728],[19.798,60.708]]],[[[20.296,60.257],[20.282,60.263],[20.28,60.26],[20.294,60.254],[20.296,60.257]]],[[[20.286,60.317],[20.286,60.306],[20.289,60.289],[20.299,60.28],[20.323,60.297],[20.325,60.312],[20.286,60.317]]],[[[20.543,60.395],[20.526,60.39],[20.505,60.378],[20.517,60.367],[20.526,60.365],[20.534,60.364],[20.564,60.368],[20.55,60.389],[20.543,60.395]]]]}},{"type":"Feature","properties":{"id":2587479,"maakond_id":309,"name":"Sund","bbox":[20.018,60.143,20.33,60.341]},"geometry":{"type":"MultiPolygon","coordinates":[[[[20.28,60.26],[20.282,60.263],[20.284,60.272],[20.289,60.289],[20.286,60.306],[20.286,60.317],[20.27,60.305],[20.254,60.308],[20.26,60.322],[20.263,60.341],[20.243,60.341],[20.226,60.316],[20.207,60.314],[20.194,60.307],[20.191,60.302],[20.184,60.299],[20.18,60.288],[20.168,60.289],[20.161,60.285],[20.154,60.283],[20.141,60.281],[20.144,60.277],[20.129,60.272],[20.123,60.271],[20.114,60.268],[20.114,60.263],[20.107,60.264],[20.096,60.265],[20.083,60.259],[20.063,60.251],[20.051,60.251],[20.055,60.244],[20.044,60.242],[20.04,60.24],[20.033,60.24],[20.031,60.237],[20.034,60.233],[20.03,60.23],[20.024,60.231],[20.018,60.225],[20.022,60.214],[20.019,60.208],[20.027,60.199],[20.049,60.195],[20.051,60.177],[20.06,60.171],[20.133,60.143],[20.181,60.157],[20.197,60.169],[20.214,60.17],[20.232,60.177],[20.233,60.191],[20.244,60.197],[20.259,60.197],[20.269,60.201],[20.287,60.22],[20.287,60.229],[20.274,60.234],[20.271,60.238],[20.27,60.252],[20.28,60.26]]],[[[20.294,60.254],[20.301,60.252],[20.307,60.257],[20.304,60.259],[20.296,60.257],[20.294,60.254]]],[[[20.291,60.272],[20.304,60.267],[20.313,60.267],[20.328,60.266],[20.33,60.272],[20.323,60.279],[20.291,60.272]]]]}},{"type":"Feature","properties":{"id":2587480,"maakond_id":309,"name":"Vårdö","bbox":[20.219,60.101,20.637,60.466]},"geometry":{"type":"Polygon","coordinates":[[[20.587,60.208],[20.637,60.308],[20.596,60.372],[20.538,60.356],[20.534,60.364],[20.526,60.365],[20.517,60.367],[20.505,60.378],[20.526,60.39],[20.543,60.395],[20.544,60.416],[20.455,60.466],[20.375,60.466],[20.356,60.454],[20.327,60.439],[20.31,60.429],[20.316,60.42],[20.322,60.418],[20.317,60.413],[20.317,60.407],[20.312,60.407],[20.309,60.412],[20.3,60.418],[20.306,60.421],[20.31,60.429],[20.27,60.434],[20.24,60.427],[20.25,60.406],[20.284,60.382],[20.288,60.371],[20.281,60.364],[20.289,60.359],[20.281,60.358],[20.278,60.348],[20.263,60.341],[20.255,60.352],[20.267,60.365],[20.265,60.374],[20.252,60.374],[20.252,60.366],[20.243,60.362],[20.24,60.358],[20.219,60.351],[20.243,60.341],[20.263,60.341],[20.26,60.322],[20.254,60.308],[20.27,60.305],[20.286,60.317],[20.325,60.312],[20.323,60.297],[20.299,60.28],[20.289,60.289],[20.284,60.272],[20.282,60.263],[20.296,60.257],[20.304,60.259],[20.307,60.257],[20.301,60.252],[20.294,60.254],[20.28,60.26],[20.27,60.252],[20.271,60.238],[20.274,60.234],[20.287,60.229],[20.287,60.22],[20.269,60.201],[20.259,60.197],[20.244,60.197],[20.233,60.191],[20.232,60.177],[20.24,60.176],[20.245,60.169],[20.257,60.168],[20.271,60.169],[20.275,60.159],[20.281,60.157],[20.288,60.156],[20.299,60.15],[20.299,60.147],[20.304,60.143],[20.298,60.138],[20.303,60.133],[20.329,60.133],[20.341,60.123],[20.325,60.112],[20.343,60.102],[20.353,60.101],[20.358,60.103],[20.353,60.109],[20.346,60.113],[20.368,60.121],[20.407,60.106],[20.421,60.122],[20.392,60.141],[20.401,60.148],[20.409,60.151],[20.424,60.151],[20.436,60.149],[20.461,60.138],[20.479,60.139],[20.489,60.134],[20.499,60.133],[20.511,60.128],[20.513,60.135],[20.506,60.14],[20.513,60.146],[20.521,60.147],[20.523,60.15],[20.523,60.153],[20.531,60.158],[20.482,60.189],[20.517,60.205],[20.541,60.226],[20.587,60.208]],[[20.291,60.272],[20.323,60.279],[20.33,60.272],[20.328,60.266],[20.313,60.267],[20.304,60.267],[20.291,60.272]]]}},{"type":"Feature","properties":{"id":2587481,"maakond_id":309,"name":"Lemland","bbox":[19.658,59.595,20.258,60.143]},"geometry":{"type":"Polygon","coordinates":[[[19.941,59.595],[20.107,59.784],[20.082,59.872],[20.069,59.913],[20.148,59.933],[20.163,59.942],[20.165,59.948],[20.189,59.953],[20.21,59.951],[20.223,59.96],[20.227,59.969],[20.258,59.995],[20.253,60.042],[20.238,60.055],[20.229,60.072],[20.226,60.076],[20.224,60.084],[20.219,60.088],[20.207,60.093],[20.192,60.091],[20.153,60.125],[20.133,60.143],[20.091,60.136],[20.067,60.114],[20.051,60.111],[20.046,60.106],[20.048,60.097],[20.044,60.092],[20.031,60.094],[20.023,60.097],[20.012,60.097],[20,60.098],[20.002,60.092],[19.996,60.092],[19.995,60.088],[19.983,60.09],[19.973,60.088],[19.967,60.064],[19.958,60.06],[19.957,60.056],[19.949,60.047],[19.929,60.047],[19.914,60.049],[19.893,60.043],[19.896,60.027],[19.888,60.02],[19.658,59.792],[19.813,59.684],[19.941,59.595]]]}},{"type":"Feature","properties":{"id":2587482,"maakond_id":309,"name":"Finström","bbox":[19.742,60.181,20.027,60.451]},"geometry":{"type":"MultiPolygon","coordinates":[[[[19.841,60.188],[19.864,60.19],[19.883,60.186],[19.893,60.187],[19.894,60.191],[19.898,60.197],[19.904,60.199],[19.909,60.205],[19.925,60.21],[19.93,60.211],[19.936,60.205],[19.948,60.205],[19.957,60.203],[19.961,60.199],[19.972,60.2],[19.975,60.193],[19.982,60.194],[19.99,60.191],[19.998,60.182],[20.008,60.181],[20.006,60.185],[20.012,60.19],[20.019,60.192],[20.027,60.199],[20.019,60.208],[20.022,60.214],[20.018,60.225],[20.024,60.231],[20.021,60.236],[20.017,60.237],[20.009,60.242],[20.007,60.246],[20.009,60.251],[19.999,60.258],[19.995,60.263],[19.983,60.267],[19.978,60.268],[19.974,60.271],[19.978,60.278],[19.97,60.284],[19.969,60.288],[19.977,60.291],[19.977,60.293],[19.966,60.293],[19.967,60.287],[19.962,60.286],[19.956,60.288],[19.954,60.284],[19.948,60.283],[19.942,60.287],[19.935,60.291],[19.924,60.308],[19.935,60.313],[19.951,60.315],[19.963,60.32],[19.964,60.326],[19.974,60.331],[19.98,60.342],[19.986,60.342],[19.982,60.349],[19.985,60.352],[19.991,60.355],[19.996,60.363],[19.997,60.371],[19.999,60.375],[19.988,60.376],[19.976,60.375],[19.965,60.372],[19.958,60.376],[19.946,60.376],[19.946,60.369],[19.938,60.364],[19.936,60.364],[19.925,60.36],[19.906,60.356],[19.894,60.357],[19.89,60.353],[19.891,60.347],[19.888,60.344],[19.89,60.341],[19.885,60.33],[19.87,60.325],[19.855,60.324],[19.845,60.319],[19.829,60.322],[19.816,60.326],[19.811,60.325],[19.814,60.313],[19.802,60.309],[19.796,60.277],[19.786,60.265],[19.793,60.257],[19.799,60.245],[19.8,60.232],[19.803,60.229],[19.818,60.229],[19.822,60.227],[19.813,60.223],[19.813,60.22],[19.805,60.22],[19.811,60.209],[19.825,60.208],[19.83,60.204],[19.829,60.198],[19.833,60.194],[19.84,60.192],[19.841,60.188]]],[[[19.748,60.43],[19.757,60.429],[19.765,60.43],[19.773,60.433],[19.764,60.451],[19.742,60.447],[19.748,60.43]]]]}},{"type":"Feature","properties":{"id":2587483,"maakond_id":309,"name":"Hammarland","bbox":[19.083,59.956,19.849,60.666]},"geometry":{"type":"MultiPolygon","coordinates":[[[[19.473,60.666],[19.213,60.61],[19.395,60.432],[19.555,60.393],[19.615,60.392],[19.646,60.375],[19.654,60.358],[19.631,60.34],[19.621,60.329],[19.638,60.32],[19.636,60.314],[19.631,60.308],[19.633,60.302],[19.637,60.3],[19.625,60.295],[19.619,60.29],[19.626,60.284],[19.635,60.274],[19.645,60.274],[19.658,60.262],[19.657,60.254],[19.649,60.246],[19.649,60.24],[19.654,60.235],[19.664,60.233],[19.678,60.229],[19.673,60.224],[19.678,60.211],[19.681,60.208],[19.683,60.197],[19.677,60.193],[19.674,60.188],[19.68,60.184],[19.673,60.182],[19.671,60.174],[19.664,60.163],[19.667,60.151],[19.655,60.143],[19.602,60.136],[19.593,60.135],[19.596,60.117],[19.434,60.062],[19.325,60.025],[19.424,59.956],[19.632,60.079],[19.7,60.118],[19.704,60.123],[19.714,60.123],[19.722,60.128],[19.732,60.131],[19.766,60.142],[19.792,60.146],[19.8,60.145],[19.802,60.148],[19.813,60.149],[19.8,60.17],[19.832,60.173],[19.845,60.173],[19.849,60.175],[19.845,60.179],[19.845,60.184],[19.841,60.188],[19.84,60.192],[19.833,60.194],[19.829,60.198],[19.83,60.204],[19.825,60.208],[19.811,60.209],[19.805,60.22],[19.813,60.22],[19.813,60.223],[19.822,60.227],[19.818,60.229],[19.803,60.229],[19.8,60.232],[19.799,60.245],[19.793,60.257],[19.786,60.265],[19.796,60.277],[19.802,60.309],[19.814,60.313],[19.811,60.325],[19.769,60.335],[19.748,60.344],[19.72,60.347],[19.7,60.337],[19.697,60.348],[19.714,60.352],[19.718,60.365],[19.723,60.373],[19.722,60.395],[19.714,60.408],[19.699,60.419],[19.679,60.424],[19.63,60.482],[19.473,60.666]],[[19.7,60.332],[19.709,60.331],[19.72,60.335],[19.725,60.326],[19.736,60.321],[19.725,60.309],[19.709,60.314],[19.701,60.313],[19.693,60.308],[19.675,60.322],[19.692,60.325],[19.699,60.329],[19.7,60.332]]],[[[19.153,60.378],[19.132,60.301],[19.083,60.192],[19.181,60.124],[19.245,60.081],[19.356,60.118],[19.485,60.166],[19.47,60.204],[19.414,60.212],[19.46,60.263],[19.333,60.305],[19.153,60.378]]],[[[19.484,60.326],[19.394,60.359],[19.374,60.329],[19.397,60.317],[19.484,60.326]]]]}},{"type":"Feature","properties":{"id":2587484,"maakond_id":309,"name":"Eckerö","bbox":[19.153,60.025,19.683,60.61]},"geometry":{"type":"Polygon","coordinates":[[[19.245,60.081],[19.325,60.025],[19.434,60.062],[19.596,60.117],[19.593,60.135],[19.602,60.136],[19.655,60.143],[19.667,60.151],[19.664,60.163],[19.671,60.174],[19.673,60.182],[19.68,60.184],[19.674,60.188],[19.677,60.193],[19.683,60.197],[19.681,60.208],[19.678,60.211],[19.673,60.224],[19.678,60.229],[19.664,60.233],[19.654,60.235],[19.649,60.24],[19.649,60.246],[19.657,60.254],[19.658,60.262],[19.645,60.274],[19.635,60.274],[19.626,60.284],[19.619,60.29],[19.625,60.295],[19.637,60.3],[19.633,60.302],[19.631,60.308],[19.636,60.314],[19.638,60.32],[19.621,60.329],[19.631,60.34],[19.654,60.358],[19.646,60.375],[19.615,60.392],[19.555,60.393],[19.395,60.432],[19.213,60.61],[19.197,60.547],[19.178,60.477],[19.153,60.378],[19.333,60.305],[19.46,60.263],[19.414,60.212],[19.47,60.204],[19.485,60.166],[19.356,60.118],[19.245,60.081]],[[19.484,60.326],[19.397,60.317],[19.374,60.329],[19.394,60.359],[19.484,60.326]]]}},{"type":"Feature","properties":{"id":2641546,"maakond_id":302,"name":"Alavus","bbox":[23.161,62.368,23.999,62.809]},"geometry":{"type":"MultiPolygon","coordinates":[[[[23.847,62.763],[23.769,62.742],[23.766,62.746],[23.76,62.739],[23.75,62.746],[23.702,62.733],[23.695,62.738],[23.667,62.752],[23.659,62.743],[23.688,62.736],[23.675,62.727],[23.672,62.72],[23.666,62.716],[23.656,62.717],[23.65,62.711],[23.632,62.706],[23.583,62.668],[23.567,62.664],[23.568,62.658],[23.572,62.657],[23.568,62.653],[23.548,62.651],[23.536,62.656],[23.518,62.656],[23.517,62.659],[23.509,62.664],[23.477,62.666],[23.478,62.664],[23.464,62.658],[23.467,62.654],[23.458,62.654],[23.449,62.651],[23.437,62.657],[23.391,62.681],[23.39,62.685],[23.395,62.689],[23.394,62.699],[23.387,62.701],[23.379,62.694],[23.372,62.691],[23.356,62.699],[23.352,62.708],[23.271,62.736],[23.203,62.724],[23.161,62.655],[23.166,62.655],[23.177,62.65],[23.19,62.651],[23.196,62.644],[23.176,62.64],[23.168,62.64],[23.167,62.637],[23.178,62.634],[23.176,62.625],[23.185,62.626],[23.187,62.621],[23.213,62.606],[23.223,62.608],[23.228,62.606],[23.234,62.606],[23.233,62.61],[23.263,62.615],[23.276,62.598],[23.27,62.591],[23.277,62.592],[23.273,62.58],[23.283,62.578],[23.283,62.582],[23.294,62.584],[23.308,62.575],[23.303,62.574],[23.271,62.564],[23.273,62.562],[23.266,62.554],[23.26,62.554],[23.262,62.548],[23.252,62.545],[23.251,62.541],[23.247,62.537],[23.262,62.528],[23.265,62.52],[23.313,62.497],[23.312,62.496],[23.298,62.493],[23.313,62.479],[23.323,62.471],[23.328,62.472],[23.338,62.46],[23.352,62.451],[23.368,62.433],[23.357,62.432],[23.338,62.425],[23.335,62.42],[23.336,62.412],[23.346,62.407],[23.356,62.412],[23.373,62.404],[23.37,62.402],[23.36,62.399],[23.366,62.397],[23.376,62.403],[23.388,62.397],[23.39,62.389],[23.421,62.379],[23.423,62.378],[23.445,62.375],[23.475,62.383],[23.511,62.37],[23.518,62.368],[23.505,62.409],[23.503,62.415],[23.575,62.412],[23.664,62.409],[23.688,62.42],[23.76,62.456],[23.766,62.455],[23.779,62.457],[23.776,62.459],[23.789,62.466],[23.795,62.464],[23.799,62.457],[23.809,62.453],[23.812,62.456],[23.808,62.463],[23.817,62.467],[23.804,62.478],[23.835,62.494],[23.837,62.493],[23.886,62.529],[23.923,62.527],[23.956,62.535],[23.958,62.541],[23.967,62.555],[23.982,62.569],[23.966,62.571],[23.958,62.577],[23.963,62.579],[23.987,62.573],[23.994,62.579],[23.982,62.601],[23.968,62.62],[23.961,62.635],[23.981,62.65],[23.999,62.659],[23.997,62.678],[23.944,62.732],[23.932,62.751],[23.889,62.757],[23.885,62.756],[23.877,62.758],[23.869,62.756],[23.861,62.758],[23.863,62.76],[23.847,62.763]],[[23.289,62.558],[23.286,62.563],[23.291,62.563],[23.293,62.559],[23.289,62.558]]],[[[23.741,62.809],[23.693,62.795],[23.702,62.777],[23.734,62.765],[23.739,62.77],[23.758,62.779],[23.759,62.776],[23.784,62.773],[23.801,62.782],[23.741,62.809]]]]}},{"type":"Feature","properties":{"id":2654556,"maakond_id":312,"name":"Kitee","bbox":[29.407,61.722,30.482,62.257]},"geometry":{"type":"Polygon","coordinates":[[[30.482,62.063],[30.475,62.065],[30.466,62.061],[30.446,62.062],[30.439,62.061],[30.432,62.067],[30.416,62.07],[30.405,62.071],[30.388,62.085],[30.398,62.094],[30.373,62.107],[30.358,62.11],[30.332,62.12],[30.313,62.117],[30.293,62.121],[30.296,62.138],[30.28,62.137],[30.274,62.135],[30.257,62.141],[30.235,62.134],[30.225,62.132],[30.223,62.139],[30.227,62.14],[30.224,62.146],[30.225,62.151],[30.223,62.153],[30.221,62.159],[30.226,62.164],[30.22,62.174],[30.22,62.177],[30.21,62.18],[30.205,62.183],[30.218,62.188],[30.215,62.194],[30.217,62.198],[30.198,62.221],[30.194,62.232],[30.188,62.236],[30.176,62.239],[30.162,62.238],[30.151,62.239],[30.138,62.234],[30.117,62.235],[30.108,62.239],[30.104,62.229],[30.078,62.239],[30.073,62.257],[30.005,62.244],[29.983,62.24],[29.977,62.241],[29.972,62.245],[29.968,62.244],[29.974,62.234],[29.946,62.233],[29.945,62.225],[29.91,62.232],[29.876,62.215],[29.878,62.212],[29.884,62.211],[29.9,62.207],[29.91,62.205],[29.912,62.203],[29.919,62.198],[29.933,62.192],[29.915,62.179],[29.917,62.175],[29.947,62.16],[29.951,62.146],[29.891,62.167],[29.87,62.177],[29.862,62.178],[29.847,62.182],[29.806,62.187],[29.784,62.195],[29.766,62.188],[29.746,62.187],[29.742,62.18],[29.731,62.178],[29.707,62.173],[29.66,62.186],[29.638,62.186],[29.613,62.175],[29.544,62.204],[29.481,62.235],[29.43,62.237],[29.407,62.202],[29.42,62.174],[29.459,62.087],[29.46,62.081],[29.469,62.076],[29.482,62.057],[29.488,62.052],[29.493,62.05],[29.509,62.038],[29.514,62.04],[29.536,62.035],[29.559,62.033],[29.572,62.03],[29.566,62.025],[29.595,62.013],[29.614,61.998],[29.66,61.977],[29.635,61.953],[29.616,61.936],[29.615,61.913],[29.63,61.908],[29.631,61.903],[29.697,61.864],[29.665,61.855],[29.674,61.85],[29.688,61.838],[29.692,61.831],[29.69,61.82],[29.676,61.792],[29.653,61.773],[29.638,61.761],[29.615,61.756],[29.571,61.736],[29.559,61.722],[29.606,61.733],[29.662,61.747],[29.669,61.749],[29.802,61.782],[29.962,61.822],[29.971,61.821],[29.982,61.827],[29.991,61.829],[29.994,61.828],[29.999,61.832],[30.022,61.838],[30.092,61.856],[30.134,61.864],[30.144,61.852],[30.156,61.858],[30.196,61.882],[30.194,61.891],[30.211,61.893],[30.242,61.912],[30.274,61.934],[30.301,61.935],[30.311,61.942],[30.313,61.945],[30.305,61.964],[30.31,61.967],[30.324,61.971],[30.328,61.973],[30.338,61.973],[30.352,61.98],[30.377,62],[30.408,62.016],[30.423,62.023],[30.482,62.063]]]}},{"type":"Feature","properties":{"id":2673137,"maakond_id":303,"name":"Savonlinna","bbox":[28.37,61.534,29.697,62.418]},"geometry":{"type":"Polygon","coordinates":[[[28.923,62.253],[28.92,62.247],[28.916,62.232],[28.913,62.225],[28.906,62.227],[28.898,62.228],[28.9,62.223],[28.896,62.22],[28.911,62.212],[28.912,62.203],[28.946,62.201],[28.957,62.207],[28.97,62.201],[28.991,62.198],[28.991,62.189],[29.007,62.184],[29.02,62.183],[29.025,62.179],[29.024,62.177],[29.016,62.175],[29.014,62.172],[29.018,62.166],[29.014,62.157],[29.029,62.155],[29.043,62.148],[29.079,62.136],[29.096,62.126],[29.093,62.121],[29.086,62.117],[29.086,62.113],[29.082,62.109],[29.075,62.104],[29.076,62.099],[29.09,62.099],[29.102,62.102],[29.111,62.102],[29.118,62.101],[29.126,62.098],[29.115,62.077],[29.123,62.074],[29.115,62.069],[29.132,62.064],[29.115,62.056],[29.101,62.058],[29.088,62.062],[29.079,62.061],[29.08,62.058],[29.089,62.052],[29.094,62.047],[29.092,62.045],[29.099,62.042],[29.087,62.036],[29.091,62.031],[29.096,62.027],[29.103,62.025],[29.082,62.007],[29.076,62.011],[29.074,62.015],[29.037,62.024],[29.023,62.021],[29.003,62.026],[29,62.022],[28.994,62.019],[28.99,62.013],[28.997,62.011],[28.979,62.001],[28.975,62.003],[28.961,62.008],[28.967,62.011],[28.956,62.016],[28.948,62.016],[28.944,62.014],[28.936,62.016],[28.926,62.014],[28.93,62.008],[28.923,62.007],[28.931,62.003],[28.925,62.002],[28.914,61.997],[28.905,61.997],[28.882,62.002],[28.879,62.002],[28.864,62.009],[28.871,62.013],[28.876,62.011],[28.884,62.012],[28.873,62.017],[28.871,62.022],[28.844,62.028],[28.831,62.032],[28.823,62.028],[28.81,62.03],[28.794,62.024],[28.789,62.02],[28.783,62.023],[28.786,62.032],[28.754,62.035],[28.765,62.043],[28.739,62.049],[28.726,62.054],[28.731,62.056],[28.754,62.052],[28.771,62.058],[28.775,62.058],[28.782,62.063],[28.797,62.059],[28.812,62.056],[28.818,62.054],[28.823,62.054],[28.826,62.058],[28.831,62.056],[28.837,62.066],[28.78,62.084],[28.766,62.093],[28.77,62.097],[28.779,62.101],[28.77,62.11],[28.764,62.119],[28.75,62.127],[28.741,62.126],[28.72,62.133],[28.691,62.12],[28.685,62.125],[28.668,62.129],[28.663,62.132],[28.645,62.139],[28.642,62.142],[28.647,62.145],[28.637,62.149],[28.632,62.156],[28.613,62.158],[28.624,62.143],[28.616,62.141],[28.584,62.162],[28.585,62.165],[28.58,62.168],[28.562,62.17],[28.553,62.185],[28.541,62.19],[28.524,62.185],[28.505,62.202],[28.471,62.201],[28.447,62.207],[28.389,62.214],[28.411,62.204],[28.406,62.2],[28.412,62.196],[28.403,62.192],[28.391,62.192],[28.385,62.162],[28.412,62.156],[28.39,62.145],[28.42,62.118],[28.503,62.121],[28.514,62.126],[28.538,62.12],[28.561,62.109],[28.587,62.102],[28.593,62.102],[28.6,62.087],[28.612,62.085],[28.625,62.076],[28.613,62.056],[28.633,62.053],[28.653,62.03],[28.628,62.018],[28.657,62.014],[28.681,62.013],[28.679,61.994],[28.656,61.988],[28.656,61.979],[28.673,61.969],[28.693,61.978],[28.739,61.971],[28.727,61.962],[28.72,61.958],[28.71,61.955],[28.704,61.956],[28.69,61.953],[28.685,61.954],[28.674,61.952],[28.676,61.95],[28.663,61.935],[28.677,61.931],[28.674,61.927],[28.666,61.928],[28.641,61.93],[28.63,61.932],[28.632,61.935],[28.625,61.94],[28.624,61.945],[28.602,61.946],[28.594,61.95],[28.582,61.948],[28.579,61.945],[28.57,61.948],[28.562,61.947],[28.549,61.952],[28.544,61.949],[28.559,61.944],[28.55,61.943],[28.54,61.946],[28.542,61.941],[28.534,61.936],[28.532,61.934],[28.525,61.931],[28.509,61.93],[28.5,61.933],[28.479,61.928],[28.48,61.926],[28.437,61.911],[28.413,61.923],[28.404,61.921],[28.38,61.93],[28.37,61.925],[28.382,61.92],[28.396,61.916],[28.394,61.913],[28.399,61.908],[28.413,61.902],[28.419,61.901],[28.425,61.898],[28.414,61.888],[28.421,61.885],[28.414,61.878],[28.423,61.874],[28.471,61.866],[28.456,61.861],[28.459,61.859],[28.475,61.856],[28.465,61.854],[28.474,61.849],[28.484,61.852],[28.486,61.846],[28.493,61.845],[28.492,61.841],[28.496,61.837],[28.503,61.839],[28.507,61.831],[28.526,61.826],[28.527,61.823],[28.533,61.823],[28.539,61.821],[28.547,61.821],[28.548,61.823],[28.555,61.824],[28.556,61.819],[28.567,61.815],[28.57,61.811],[28.575,61.81],[28.586,61.806],[28.594,61.805],[28.59,61.8],[28.588,61.796],[28.585,61.793],[28.599,61.774],[28.597,61.765],[28.603,61.752],[28.583,61.75],[28.554,61.738],[28.558,61.731],[28.566,61.727],[28.569,61.725],[28.582,61.72],[28.592,61.715],[28.597,61.71],[28.592,61.7],[28.601,61.694],[28.619,61.7],[28.642,61.695],[28.637,61.689],[28.625,61.684],[28.619,61.684],[28.62,61.678],[28.619,61.673],[28.622,61.67],[28.61,61.662],[28.615,61.658],[28.628,61.652],[28.619,61.643],[28.659,61.64],[28.668,61.637],[28.711,61.637],[28.717,61.639],[28.723,61.632],[28.733,61.627],[28.74,61.622],[28.759,61.63],[28.769,61.628],[28.779,61.628],[28.782,61.625],[28.793,61.623],[28.8,61.617],[28.805,61.61],[28.803,61.608],[28.827,61.605],[28.838,61.604],[28.859,61.605],[28.87,61.601],[28.861,61.597],[28.87,61.59],[28.871,61.586],[28.856,61.583],[28.844,61.583],[28.839,61.579],[28.832,61.578],[28.831,61.574],[28.839,61.568],[28.852,61.565],[28.86,61.566],[28.886,61.556],[28.895,61.554],[28.903,61.551],[28.907,61.551],[28.917,61.548],[28.931,61.545],[28.952,61.542],[28.956,61.541],[28.973,61.536],[29.002,61.536],[29.009,61.537],[29.023,61.535],[29.049,61.534],[29.082,61.539],[29.175,61.553],[29.22,61.56],[29.262,61.558],[29.288,61.592],[29.295,61.597],[29.392,61.648],[29.404,61.654],[29.459,61.669],[29.504,61.676],[29.538,61.684],[29.549,61.69],[29.559,61.722],[29.571,61.736],[29.615,61.756],[29.638,61.761],[29.653,61.773],[29.676,61.792],[29.69,61.82],[29.692,61.831],[29.688,61.838],[29.674,61.85],[29.665,61.855],[29.697,61.864],[29.631,61.903],[29.63,61.908],[29.615,61.913],[29.616,61.936],[29.635,61.953],[29.66,61.977],[29.614,61.998],[29.595,62.013],[29.566,62.025],[29.572,62.03],[29.559,62.033],[29.536,62.035],[29.514,62.04],[29.509,62.038],[29.493,62.05],[29.488,62.052],[29.482,62.057],[29.469,62.076],[29.46,62.081],[29.459,62.087],[29.42,62.174],[29.407,62.202],[29.43,62.237],[29.394,62.25],[29.375,62.269],[29.369,62.276],[29.351,62.293],[29.308,62.334],[29.296,62.387],[29.268,62.408],[29.231,62.418],[29.215,62.411],[29.205,62.404],[29.199,62.402],[29.19,62.404],[29.178,62.405],[29.175,62.407],[29.165,62.402],[29.161,62.398],[29.17,62.39],[29.166,62.386],[29.166,62.385],[29.176,62.374],[29.182,62.37],[29.184,62.363],[29.173,62.362],[29.168,62.36],[29.162,62.36],[29.159,62.356],[29.169,62.353],[29.157,62.341],[29.169,62.332],[29.145,62.331],[29.123,62.326],[29.114,62.329],[29.108,62.337],[29.098,62.339],[29.089,62.343],[29.06,62.333],[29.062,62.33],[29.041,62.321],[29.016,62.33],[29.009,62.33],[28.985,62.311],[28.96,62.309],[28.933,62.296],[28.935,62.295],[28.95,62.3],[28.972,62.291],[28.961,62.286],[28.948,62.292],[28.935,62.286],[28.94,62.285],[28.951,62.277],[28.94,62.27],[28.93,62.26],[28.928,62.254],[28.923,62.253]]]}},{"type":"Feature","properties":{"id":2711874,"maakond_id":313,"name":"Oulu","bbox":[24.118,64.844,26.771,65.564]},"geometry":{"type":"Polygon","coordinates":[[[25.75,64.889],[25.758,64.889],[25.765,64.885],[25.771,64.891],[25.795,64.895],[25.808,64.894],[25.818,64.897],[25.826,64.891],[25.83,64.893],[25.836,64.889],[25.84,64.893],[25.995,64.955],[25.972,64.966],[25.943,64.954],[25.94,64.955],[25.968,64.977],[25.972,64.978],[25.971,64.969],[25.979,64.971],[25.983,64.969],[25.976,64.966],[25.986,64.963],[26.039,64.976],[26.051,64.978],[26.053,64.975],[26.058,64.973],[26.069,64.974],[26.075,64.972],[26.089,64.97],[26.095,64.971],[26.08,64.945],[26.088,64.945],[26.109,64.951],[26.126,64.945],[26.141,64.944],[26.156,64.947],[26.175,64.946],[26.18,64.944],[26.191,64.95],[26.207,64.941],[26.19,64.935],[26.194,64.931],[26.195,64.924],[26.212,64.917],[26.226,64.917],[26.259,64.912],[26.273,64.906],[26.225,64.88],[26.25,64.875],[26.268,64.873],[26.283,64.873],[26.293,64.878],[26.317,64.869],[26.308,64.865],[26.333,64.856],[26.342,64.862],[26.394,64.844],[26.407,64.865],[26.428,64.861],[26.427,64.858],[26.458,64.852],[26.468,64.867],[26.478,64.869],[26.486,64.868],[26.488,64.863],[26.5,64.859],[26.495,64.852],[26.517,64.849],[26.533,64.862],[26.56,64.907],[26.575,64.906],[26.579,64.902],[26.6,64.901],[26.609,64.9],[26.61,64.898],[26.632,64.893],[26.662,64.892],[26.677,64.916],[26.684,64.916],[26.768,64.953],[26.771,64.957],[26.764,64.96],[26.771,64.962],[26.759,64.967],[26.739,64.99],[26.689,64.979],[26.679,64.99],[26.693,64.997],[26.687,64.999],[26.7,65],[26.714,65.007],[26.711,65.008],[26.705,65.014],[26.702,65.013],[26.659,65.014],[26.611,65.054],[26.628,65.071],[26.626,65.078],[26.628,65.083],[26.627,65.087],[26.642,65.088],[26.639,65.091],[26.628,65.089],[26.629,65.097],[26.593,65.098],[26.587,65.102],[26.562,65.113],[26.476,65.147],[26.317,65.201],[26.234,65.274],[26.255,65.284],[26.281,65.279],[26.288,65.281],[26.345,65.313],[26.354,65.321],[26.377,65.317],[26.399,65.326],[26.383,65.328],[26.369,65.326],[26.359,65.326],[26.344,65.324],[26.337,65.324],[26.319,65.329],[26.288,65.331],[26.271,65.333],[26.265,65.327],[26.254,65.325],[26.246,65.327],[26.239,65.327],[26.23,65.323],[26.225,65.328],[26.212,65.328],[26.205,65.33],[26.199,65.329],[26.197,65.333],[26.209,65.332],[26.214,65.329],[26.225,65.329],[26.23,65.325],[26.24,65.329],[26.254,65.325],[26.264,65.327],[26.267,65.334],[26.291,65.333],[26.3,65.331],[26.309,65.332],[26.317,65.331],[26.331,65.326],[26.34,65.326],[26.357,65.327],[26.366,65.327],[26.383,65.331],[26.391,65.35],[26.427,65.347],[26.401,65.373],[26.401,65.374],[26.153,65.419],[26.154,65.468],[26.162,65.462],[26.166,65.466],[26.154,65.469],[26.155,65.491],[26.18,65.499],[26.173,65.502],[26.155,65.503],[26.156,65.555],[26.019,65.555],[26.015,65.561],[26.005,65.564],[25.901,65.56],[25.9,65.559],[25.789,65.55],[25.761,65.52],[25.662,65.413],[25.639,65.389],[25.647,65.379],[25.614,65.351],[25.663,65.331],[25.662,65.327],[25.667,65.323],[25.678,65.324],[25.685,65.318],[25.676,65.309],[25.693,65.302],[25.69,65.298],[25.684,65.295],[25.674,65.294],[25.676,65.292],[25.685,65.287],[25.708,65.284],[25.726,65.286],[25.731,65.283],[25.726,65.279],[25.731,65.276],[25.728,65.274],[25.737,65.269],[25.66,65.24],[25.644,65.245],[25.642,65.247],[25.627,65.25],[25.552,65.253],[25.515,65.251],[25.354,65.257],[25.33,65.259],[25.32,65.263],[25.307,65.262],[25.254,65.25],[25.225,65.237],[25.177,65.239],[25.18,65.252],[24.607,65.211],[24.137,65.242],[24.118,65.185],[24.628,65.154],[24.636,65.154],[24.848,65.145],[24.951,65.141],[25.062,65.093],[25.11,65.072],[25.135,65.061],[25.124,65.05],[25.045,64.984],[25.15,64.946],[25.222,64.92],[25.319,64.884],[25.33,64.886],[25.327,64.882],[25.387,64.876],[25.396,64.88],[25.402,64.884],[25.422,64.882],[25.442,64.881],[25.445,64.892],[25.436,64.903],[25.437,64.904],[25.429,64.915],[25.426,64.922],[25.44,64.931],[25.441,64.935],[25.435,64.941],[25.438,64.948],[25.474,64.944],[25.53,64.941],[25.614,64.941],[25.676,64.925],[25.719,64.911],[25.728,64.904],[25.74,64.896],[25.735,64.894],[25.74,64.891],[25.74,64.888],[25.75,64.889]],[[25.346,65.257],[25.351,65.252],[25.34,65.251],[25.34,65.256],[25.346,65.257]],[[25.995,65.309],[25.985,65.349],[25.99,65.353],[25.999,65.352],[26.016,65.354],[26.026,65.353],[26.031,65.357],[26.051,65.359],[26.063,65.358],[26.071,65.353],[26.084,65.352],[26.102,65.355],[26.12,65.357],[26.14,65.35],[26.153,65.3],[26.127,65.298],[26.001,65.288],[25.995,65.309]]]}},{"type":"Feature","properties":{"id":2752633,"maakond_id":317,"name":"Lohja","bbox":[23.586,60.129,24.306,60.654]},"geometry":{"type":"Polygon","coordinates":[[[24.306,60.295],[24.292,60.303],[24.276,60.31],[24.268,60.309],[24.261,60.31],[24.256,60.314],[24.208,60.299],[24.202,60.319],[24.208,60.344],[24.204,60.351],[24.207,60.358],[24.204,60.363],[24.199,60.366],[24.185,60.379],[24.169,60.378],[24.162,60.39],[24.134,60.392],[24.138,60.396],[24.143,60.403],[24.126,60.404],[24.134,60.407],[24.142,60.413],[24.137,60.415],[24.134,60.426],[24.141,60.444],[24.147,60.455],[24.171,60.485],[24.163,60.493],[24.153,60.506],[24.155,60.513],[24.098,60.548],[24.082,60.562],[24.072,60.572],[24.028,60.611],[24.024,60.602],[24.007,60.593],[23.998,60.595],[23.993,60.598],[23.999,60.599],[24.003,60.607],[24.017,60.606],[24.028,60.612],[24.028,60.614],[24.019,60.618],[24.022,60.621],[24.015,60.627],[24.007,60.623],[23.971,60.638],[23.96,60.638],[23.939,60.645],[23.931,60.647],[23.917,60.654],[23.901,60.65],[23.866,60.619],[23.921,60.606],[23.908,60.587],[23.889,60.574],[23.888,60.559],[23.844,60.556],[23.846,60.554],[23.864,60.539],[23.865,60.536],[23.854,60.533],[23.852,60.531],[23.856,60.526],[23.865,60.521],[23.872,60.508],[23.868,60.505],[23.838,60.491],[23.823,60.495],[23.737,60.49],[23.709,60.473],[23.715,60.465],[23.697,60.452],[23.692,60.45],[23.784,60.45],[23.792,60.431],[23.791,60.424],[23.784,60.405],[23.79,60.388],[23.781,60.386],[23.776,60.388],[23.752,60.374],[23.742,60.37],[23.723,60.369],[23.724,60.364],[23.723,60.36],[23.731,60.359],[23.734,60.356],[23.734,60.343],[23.735,60.338],[23.729,60.329],[23.731,60.313],[23.728,60.308],[23.717,60.303],[23.701,60.298],[23.695,60.297],[23.69,60.294],[23.686,60.294],[23.674,60.303],[23.655,60.291],[23.643,60.283],[23.629,60.283],[23.626,60.269],[23.627,60.261],[23.62,60.261],[23.62,60.271],[23.614,60.27],[23.613,60.261],[23.608,60.263],[23.602,60.264],[23.599,60.266],[23.586,60.259],[23.599,60.255],[23.601,60.251],[23.607,60.251],[23.633,60.243],[23.646,60.236],[23.633,60.235],[23.633,60.23],[23.637,60.219],[23.647,60.211],[23.643,60.209],[23.649,60.202],[23.62,60.194],[23.617,60.188],[23.603,60.184],[23.605,60.175],[23.611,60.169],[23.622,60.166],[23.652,60.171],[23.665,60.169],[23.678,60.174],[23.686,60.171],[23.691,60.171],[23.704,60.169],[23.718,60.168],[23.735,60.17],[23.766,60.178],[23.787,60.188],[23.81,60.189],[23.826,60.198],[23.836,60.192],[23.839,60.19],[23.865,60.195],[23.879,60.197],[23.882,60.199],[23.879,60.203],[23.899,60.206],[23.902,60.192],[23.908,60.186],[23.904,60.178],[23.9,60.173],[23.901,60.162],[23.916,60.148],[23.942,60.129],[23.954,60.13],[23.981,60.134],[24.003,60.133],[24.027,60.137],[24.046,60.15],[24.019,60.152],[24.016,60.157],[24.02,60.167],[24.017,60.17],[24.018,60.176],[24.017,60.181],[24.008,60.183],[24.024,60.191],[24.035,60.19],[24.044,60.192],[24.046,60.195],[24.037,60.204],[24.044,60.205],[24.049,60.21],[24.064,60.214],[24.082,60.222],[24.077,60.227],[24.086,60.23],[24.089,60.225],[24.099,60.228],[24.131,60.232],[24.147,60.224],[24.154,60.224],[24.158,60.229],[24.149,60.231],[24.166,60.244],[24.17,60.241],[24.167,60.238],[24.168,60.231],[24.219,60.261],[24.228,60.26],[24.248,60.261],[24.271,60.277],[24.289,60.288],[24.306,60.295]]]}},{"type":"Feature","properties":{"id":2752683,"maakond_id":303,"name":"Mikkeli","bbox":[26.827,61.209,27.9,62.199]},"geometry":{"type":"Polygon","coordinates":[[[27.793,61.362],[27.749,61.37],[27.734,61.373],[27.729,61.374],[27.706,61.382],[27.698,61.387],[27.698,61.392],[27.687,61.392],[27.676,61.395],[27.679,61.406],[27.689,61.406],[27.69,61.409],[27.682,61.411],[27.687,61.417],[27.682,61.419],[27.679,61.423],[27.693,61.43],[27.707,61.43],[27.712,61.431],[27.722,61.431],[27.726,61.433],[27.76,61.435],[27.758,61.442],[27.755,61.446],[27.756,61.452],[27.75,61.461],[27.74,61.466],[27.751,61.469],[27.748,61.475],[27.759,61.473],[27.766,61.474],[27.759,61.479],[27.759,61.484],[27.752,61.488],[27.749,61.491],[27.736,61.496],[27.745,61.497],[27.751,61.496],[27.765,61.499],[27.763,61.508],[27.766,61.51],[27.777,61.51],[27.785,61.503],[27.792,61.503],[27.802,61.499],[27.811,61.5],[27.812,61.505],[27.808,61.51],[27.81,61.512],[27.816,61.511],[27.823,61.516],[27.828,61.516],[27.843,61.526],[27.841,61.529],[27.845,61.533],[27.842,61.534],[27.847,61.539],[27.859,61.54],[27.859,61.545],[27.869,61.546],[27.878,61.546],[27.885,61.544],[27.9,61.546],[27.895,61.56],[27.891,61.562],[27.882,61.572],[27.875,61.574],[27.87,61.578],[27.871,61.581],[27.866,61.585],[27.874,61.597],[27.871,61.606],[27.877,61.607],[27.875,61.615],[27.87,61.62],[27.852,61.628],[27.856,61.631],[27.876,61.633],[27.88,61.638],[27.877,61.645],[27.877,61.653],[27.844,61.665],[27.83,61.672],[27.824,61.672],[27.825,61.678],[27.81,61.687],[27.8,61.685],[27.782,61.683],[27.771,61.681],[27.765,61.684],[27.736,61.689],[27.734,61.693],[27.726,61.697],[27.707,61.701],[27.699,61.705],[27.687,61.703],[27.669,61.704],[27.658,61.7],[27.65,61.698],[27.638,61.705],[27.624,61.72],[27.601,61.723],[27.574,61.751],[27.57,61.753],[27.551,61.755],[27.541,61.763],[27.545,61.764],[27.546,61.768],[27.552,61.773],[27.553,61.776],[27.545,61.783],[27.54,61.79],[27.525,61.792],[27.51,61.801],[27.512,61.802],[27.493,61.815],[27.488,61.816],[27.485,61.819],[27.479,61.834],[27.47,61.838],[27.454,61.846],[27.451,61.851],[27.441,61.855],[27.433,61.865],[27.43,61.865],[27.42,61.89],[27.43,61.907],[27.441,61.914],[27.43,61.921],[27.47,61.938],[27.421,61.961],[27.416,61.963],[27.411,61.968],[27.408,61.973],[27.4,61.979],[27.393,61.982],[27.393,62.006],[27.381,62.007],[27.37,62.015],[27.334,62.048],[27.347,62.053],[27.321,62.056],[27.298,62.085],[27.262,62.108],[27.187,62.153],[27.162,62.166],[27.162,62.174],[27.168,62.179],[27.153,62.192],[27.135,62.199],[27.108,62.194],[27.093,62.182],[27.092,62.177],[27.087,62.177],[27.082,62.18],[27.071,62.175],[27.063,62.176],[27.056,62.179],[27.052,62.182],[27.041,62.186],[27.044,62.18],[27.056,62.16],[27.044,62.164],[27.033,62.161],[27.007,62.182],[26.999,62.186],[26.987,62.182],[26.994,62.179],[26.991,62.176],[26.994,62.169],[26.976,62.167],[26.973,62.158],[26.966,62.15],[26.958,62.156],[26.947,62.158],[26.949,62.143],[26.936,62.139],[26.927,62.142],[26.923,62.148],[26.919,62.147],[26.916,62.133],[26.926,62.123],[26.918,62.119],[26.91,62.125],[26.903,62.128],[26.895,62.138],[26.884,62.14],[26.876,62.139],[26.866,62.135],[26.859,62.129],[26.853,62.129],[26.849,62.125],[26.842,62.119],[26.842,62.113],[26.831,62.112],[26.838,62.101],[26.832,62.09],[26.831,62.085],[26.831,62.075],[26.859,62.06],[26.874,62.044],[26.903,62.055],[26.975,62.037],[26.992,62.028],[26.998,62.018],[27.032,62.008],[27.057,62.009],[27.08,61.997],[27.077,61.991],[27.089,61.974],[27.129,61.965],[27.102,61.953],[27.093,61.954],[27.082,61.958],[27.066,61.957],[27.058,61.954],[27.06,61.944],[27.047,61.938],[27.041,61.937],[27.033,61.938],[27.021,61.936],[27.013,61.939],[27.009,61.938],[26.998,61.932],[26.998,61.926],[26.989,61.923],[26.993,61.918],[26.983,61.902],[26.964,61.909],[26.959,61.914],[26.951,61.92],[26.942,61.922],[26.934,61.92],[26.933,61.915],[26.919,61.915],[26.922,61.912],[26.913,61.909],[26.904,61.909],[26.892,61.907],[26.895,61.902],[26.88,61.898],[26.876,61.903],[26.866,61.901],[26.861,61.893],[26.856,61.889],[26.842,61.89],[26.838,61.887],[26.851,61.872],[26.854,61.865],[26.846,61.855],[26.841,61.852],[26.832,61.85],[26.83,61.85],[26.827,61.833],[26.841,61.802],[26.851,61.798],[26.855,61.799],[26.863,61.8],[26.861,61.789],[26.859,61.787],[26.891,61.788],[26.889,61.784],[26.89,61.773],[26.884,61.766],[26.892,61.748],[26.884,61.738],[26.892,61.734],[26.904,61.733],[26.914,61.735],[26.915,61.739],[26.923,61.738],[26.926,61.736],[26.936,61.708],[26.934,61.704],[26.94,61.698],[26.943,61.693],[26.955,61.698],[26.965,61.701],[26.969,61.704],[26.982,61.701],[26.976,61.697],[26.976,61.689],[26.952,61.685],[26.957,61.676],[26.97,61.674],[26.972,61.671],[26.988,61.666],[26.994,61.655],[26.993,61.651],[26.985,61.647],[26.987,61.643],[26.992,61.641],[26.997,61.635],[27.006,61.631],[27.007,61.627],[26.995,61.626],[26.987,61.635],[26.98,61.635],[26.977,61.628],[26.97,61.627],[26.972,61.616],[26.968,61.616],[26.96,61.621],[26.956,61.62],[26.952,61.611],[26.956,61.608],[26.96,61.6],[26.965,61.596],[26.969,61.596],[26.968,61.603],[26.979,61.605],[26.987,61.603],[26.992,61.597],[26.992,61.594],[26.987,61.59],[26.996,61.576],[27.002,61.572],[27.004,61.567],[27.019,61.568],[27.024,61.561],[27.025,61.544],[27.02,61.541],[27.007,61.54],[26.997,61.537],[26.993,61.532],[26.99,61.521],[26.975,61.521],[26.969,61.515],[26.968,61.506],[26.964,61.503],[26.968,61.496],[26.968,61.492],[26.975,61.484],[26.97,61.477],[26.974,61.474],[26.984,61.474],[26.989,61.464],[27.007,61.463],[27.017,61.48],[27.048,61.473],[27.054,61.464],[27.064,61.465],[27.067,61.463],[27.044,61.445],[27.077,61.406],[27.078,61.402],[27.091,61.4],[27.098,61.398],[27.106,61.4],[27.113,61.399],[27.129,61.403],[27.155,61.403],[27.165,61.402],[27.156,61.398],[27.151,61.394],[27.151,61.391],[27.146,61.386],[27.15,61.384],[27.149,61.379],[27.14,61.38],[27.136,61.378],[27.135,61.369],[27.122,61.372],[27.114,61.371],[27.107,61.369],[27.089,61.37],[27.091,61.373],[27.073,61.38],[27.071,61.382],[27.055,61.381],[27.049,61.381],[27.031,61.382],[27.019,61.385],[27.015,61.38],[27.015,61.376],[27,61.368],[26.961,61.357],[26.959,61.35],[26.954,61.348],[26.984,61.345],[27.028,61.351],[27.032,61.351],[27.071,61.337],[27.075,61.334],[27.103,61.33],[27.111,61.326],[27.127,61.32],[27.131,61.321],[27.14,61.317],[27.143,61.318],[27.144,61.328],[27.172,61.324],[27.191,61.33],[27.21,61.331],[27.227,61.33],[27.238,61.328],[27.251,61.326],[27.261,61.324],[27.26,61.317],[27.258,61.315],[27.242,61.315],[27.226,61.317],[27.217,61.317],[27.228,61.307],[27.262,61.303],[27.272,61.3],[27.279,61.296],[27.285,61.3],[27.29,61.3],[27.291,61.294],[27.302,61.28],[27.306,61.272],[27.325,61.26],[27.337,61.254],[27.34,61.25],[27.347,61.249],[27.348,61.244],[27.343,61.244],[27.333,61.242],[27.323,61.238],[27.322,61.234],[27.317,61.229],[27.329,61.219],[27.355,61.211],[27.366,61.209],[27.377,61.212],[27.379,61.214],[27.38,61.22],[27.376,61.226],[27.368,61.231],[27.365,61.237],[27.368,61.243],[27.375,61.248],[27.389,61.245],[27.408,61.247],[27.421,61.246],[27.433,61.248],[27.437,61.25],[27.439,61.256],[27.436,61.26],[27.43,61.272],[27.463,61.268],[27.508,61.27],[27.544,61.257],[27.572,61.263],[27.577,61.263],[27.596,61.281],[27.589,61.284],[27.57,61.281],[27.559,61.286],[27.543,61.289],[27.557,61.304],[27.585,61.293],[27.592,61.297],[27.584,61.3],[27.592,61.311],[27.602,61.308],[27.61,61.308],[27.614,61.317],[27.603,61.32],[27.589,61.32],[27.596,61.327],[27.596,61.343],[27.647,61.344],[27.65,61.343],[27.696,61.33],[27.737,61.33],[27.754,61.329],[27.793,61.362]]]}},{"type":"Feature","properties":{"id":2752723,"maakond_id":313,"name":"Raahe","bbox":[23.691,64.312,25.463,64.855]},"geometry":{"type":"Polygon","coordinates":[[[23.691,64.629],[23.853,64.602],[24.071,64.565],[24.226,64.539],[24.277,64.531],[24.316,64.524],[24.32,64.529],[24.331,64.529],[24.34,64.527],[24.34,64.52],[24.365,64.516],[24.366,64.514],[24.376,64.515],[24.393,64.511],[24.395,64.512],[24.454,64.503],[24.458,64.499],[24.469,64.499],[24.477,64.499],[24.576,64.485],[24.608,64.484],[24.612,64.483],[24.62,64.484],[24.66,64.483],[24.672,64.482],[24.678,64.479],[24.681,64.483],[24.694,64.483],[24.701,64.481],[24.721,64.473],[24.719,64.469],[24.735,64.467],[24.815,64.433],[24.838,64.418],[24.878,64.392],[24.889,64.387],[24.978,64.346],[24.995,64.346],[24.998,64.348],[25.005,64.345],[25.026,64.349],[25.029,64.346],[25.041,64.343],[25.098,64.34],[25.102,64.339],[25.155,64.322],[25.2,64.321],[25.218,64.32],[25.227,64.319],[25.225,64.312],[25.243,64.316],[25.242,64.32],[25.261,64.319],[25.269,64.32],[25.343,64.347],[25.418,64.374],[25.441,64.373],[25.463,64.363],[25.42,64.417],[25.432,64.416],[25.42,64.417],[25.417,64.421],[25.339,64.441],[25.271,64.458],[25.272,64.461],[25.279,64.462],[25.272,64.467],[25.264,64.463],[25.257,64.462],[25.238,64.467],[25.165,64.474],[25.16,64.475],[25.101,64.507],[25.082,64.518],[24.989,64.546],[24.929,64.557],[24.879,64.558],[24.868,64.56],[24.825,64.569],[24.736,64.587],[24.789,64.651],[24.809,64.663],[24.801,64.665],[24.8,64.669],[24.788,64.672],[24.773,64.67],[24.762,64.675],[24.766,64.676],[24.735,64.71],[24.731,64.714],[24.714,64.725],[24.71,64.73],[24.72,64.731],[24.682,64.754],[24.673,64.754],[24.667,64.76],[24.671,64.766],[24.661,64.763],[24.648,64.772],[24.652,64.774],[24.657,64.769],[24.662,64.77],[24.653,64.778],[24.648,64.779],[24.639,64.785],[24.62,64.785],[24.605,64.781],[24.603,64.778],[24.587,64.776],[24.565,64.784],[24.534,64.787],[24.37,64.807],[24.178,64.828],[23.943,64.855],[23.869,64.733],[23.863,64.722],[23.836,64.665],[23.691,64.629]]]}},{"type":"Feature","properties":{"id":3579531,"maakond_id":311,"name":"Tampere","bbox":[23.542,61.424,24.118,61.837]},"geometry":{"type":"Polygon","coordinates":[[[23.856,61.837],[23.808,61.822],[23.803,61.794],[23.783,61.789],[23.767,61.773],[23.762,61.772],[23.756,61.769],[23.765,61.765],[23.756,61.75],[23.764,61.735],[23.779,61.726],[23.757,61.691],[23.726,61.686],[23.721,61.671],[23.724,61.648],[23.748,61.606],[23.763,61.54],[23.723,61.537],[23.707,61.54],[23.7,61.536],[23.683,61.537],[23.674,61.539],[23.672,61.542],[23.655,61.531],[23.646,61.53],[23.642,61.527],[23.606,61.523],[23.586,61.516],[23.579,61.521],[23.565,61.526],[23.558,61.526],[23.547,61.532],[23.542,61.533],[23.555,61.515],[23.572,61.504],[23.567,61.493],[23.59,61.493],[23.597,61.487],[23.608,61.484],[23.613,61.478],[23.667,61.487],[23.696,61.481],[23.705,61.485],[23.708,61.487],[23.726,61.484],[23.718,61.475],[23.726,61.469],[23.726,61.465],[23.721,61.462],[23.73,61.452],[23.734,61.439],[23.741,61.432],[23.766,61.432],[23.779,61.432],[23.774,61.425],[23.787,61.424],[23.796,61.426],[23.813,61.429],[23.823,61.43],[23.871,61.428],[23.89,61.427],[23.899,61.44],[23.916,61.452],[23.925,61.468],[23.933,61.474],[23.932,61.478],[23.937,61.49],[23.935,61.495],[23.942,61.506],[23.95,61.505],[23.957,61.502],[23.972,61.502],[23.977,61.503],[23.97,61.522],[24.009,61.562],[24.052,61.605],[24.084,61.615],[24.103,61.621],[24.118,61.627],[24.095,61.635],[24.089,61.642],[24.103,61.666],[24.101,61.684],[24.087,61.706],[24.078,61.715],[24.115,61.733],[24.09,61.776],[24.091,61.793],[24.075,61.794],[24,61.787],[23.899,61.816],[23.856,61.837]]]}},{"type":"Feature","properties":{"id":4446204,"maakond_id":318,"name":"Lieto","bbox":[22.353,60.447,22.855,60.641]},"geometry":{"type":"Polygon","coordinates":[[[22.855,60.629],[22.84,60.627],[22.803,60.627],[22.802,60.628],[22.786,60.628],[22.76,60.629],[22.714,60.632],[22.694,60.639],[22.682,60.64],[22.681,60.637],[22.639,60.616],[22.639,60.615],[22.626,60.605],[22.615,60.605],[22.607,60.602],[22.6,60.602],[22.595,60.599],[22.589,60.602],[22.608,60.61],[22.576,60.609],[22.564,60.601],[22.55,60.59],[22.558,60.579],[22.565,60.58],[22.561,60.574],[22.575,60.578],[22.584,60.574],[22.576,60.571],[22.569,60.566],[22.566,60.566],[22.547,60.574],[22.545,60.577],[22.535,60.579],[22.525,60.584],[22.52,60.581],[22.514,60.581],[22.502,60.575],[22.491,60.573],[22.486,60.575],[22.477,60.597],[22.48,60.602],[22.479,60.607],[22.485,60.61],[22.481,60.612],[22.485,60.621],[22.489,60.622],[22.489,60.627],[22.496,60.63],[22.502,60.629],[22.511,60.635],[22.446,60.641],[22.443,60.634],[22.448,60.628],[22.443,60.628],[22.444,60.623],[22.441,60.617],[22.437,60.618],[22.43,60.602],[22.413,60.593],[22.417,60.59],[22.412,60.586],[22.406,60.588],[22.38,60.562],[22.372,60.547],[22.372,60.541],[22.374,60.53],[22.382,60.524],[22.372,60.512],[22.362,60.504],[22.363,60.501],[22.353,60.493],[22.364,60.488],[22.373,60.486],[22.365,60.478],[22.372,60.475],[22.372,60.472],[22.398,60.447],[22.423,60.452],[22.437,60.453],[22.438,60.45],[22.457,60.452],[22.455,60.454],[22.461,60.458],[22.472,60.459],[22.505,60.47],[22.521,60.478],[22.529,60.471],[22.535,60.474],[22.523,60.478],[22.53,60.481],[22.534,60.481],[22.541,60.485],[22.567,60.495],[22.576,60.493],[22.579,60.495],[22.576,60.496],[22.576,60.498],[22.597,60.506],[22.613,60.51],[22.616,60.513],[22.643,60.524],[22.645,60.527],[22.656,60.531],[22.662,60.532],[22.676,60.54],[22.676,60.543],[22.681,60.544],[22.693,60.544],[22.691,60.547],[22.707,60.544],[22.719,60.541],[22.729,60.537],[22.732,60.537],[22.772,60.526],[22.78,60.526],[22.797,60.526],[22.822,60.525],[22.82,60.522],[22.827,60.521],[22.829,60.524],[22.831,60.526],[22.824,60.53],[22.803,60.556],[22.8,60.569],[22.8,60.583],[22.799,60.594],[22.809,60.596],[22.823,60.603],[22.836,60.611],[22.844,60.62],[22.855,60.629]],[[22.588,60.579],[22.582,60.585],[22.575,60.59],[22.58,60.592],[22.587,60.587],[22.592,60.584],[22.588,60.579]]]}},{"type":"Feature","properties":{"id":4446212,"maakond_id":316,"name":"Pori","bbox":[20.875,61.384,22.725,61.749]},"geometry":{"type":"Polygon","coordinates":[[[20.875,61.53],[21.4,61.5],[21.431,61.475],[21.528,61.451],[21.521,61.432],[21.541,61.427],[21.547,61.428],[21.552,61.425],[21.582,61.417],[21.65,61.425],[21.658,61.424],[21.713,61.39],[21.804,61.384],[21.804,61.385],[21.805,61.395],[21.811,61.397],[21.81,61.404],[21.811,61.413],[21.806,61.416],[21.807,61.425],[21.803,61.43],[21.812,61.433],[21.814,61.435],[21.827,61.437],[21.87,61.443],[21.867,61.445],[21.873,61.462],[21.877,61.465],[21.877,61.47],[21.872,61.476],[21.873,61.479],[21.885,61.478],[21.885,61.49],[21.88,61.495],[21.884,61.504],[21.936,61.535],[21.961,61.543],[21.968,61.541],[21.97,61.539],[21.978,61.54],[21.984,61.537],[21.987,61.539],[21.973,61.545],[21.983,61.547],[22.005,61.538],[22.015,61.543],[22.021,61.544],[22.025,61.548],[22.034,61.541],[22.044,61.542],[22.032,61.558],[22.039,61.56],[22.059,61.551],[22.063,61.558],[22.06,61.561],[22.097,61.573],[22.194,61.572],[22.242,61.572],[22.318,61.539],[22.391,61.508],[22.434,61.489],[22.582,61.548],[22.603,61.542],[22.613,61.548],[22.641,61.561],[22.645,61.565],[22.647,61.572],[22.645,61.573],[22.646,61.579],[22.646,61.584],[22.667,61.591],[22.696,61.6],[22.661,61.642],[22.704,61.624],[22.725,61.645],[22.719,61.651],[22.714,61.654],[22.712,61.67],[22.703,61.671],[22.7,61.676],[22.689,61.675],[22.685,61.661],[22.655,61.654],[22.648,61.668],[22.679,61.671],[22.654,61.682],[22.647,61.697],[22.635,61.696],[22.556,61.686],[22.547,61.688],[22.477,61.697],[22.383,61.709],[22.35,61.716],[22.332,61.717],[22.333,61.713],[22.34,61.709],[22.335,61.705],[22.287,61.7],[22.237,61.696],[22.233,61.694],[22.23,61.664],[22.182,61.639],[22.17,61.639],[22.165,61.635],[22.154,61.636],[22.139,61.633],[22.136,61.634],[22.127,61.639],[22.122,61.622],[22.08,61.622],[22.064,61.62],[22.057,61.617],[22.036,61.617],[22.034,61.615],[21.983,61.629],[21.936,61.648],[21.859,61.679],[21.847,61.684],[21.841,61.69],[21.831,61.69],[21.728,61.748],[21.701,61.738],[21.63,61.744],[21.622,61.747],[21.613,61.745],[21.605,61.746],[21.577,61.748],[21.57,61.746],[21.563,61.749],[21.553,61.749],[21.549,61.741],[21.459,61.725],[21.446,61.723],[21.423,61.722],[21.365,61.728],[20.889,61.7],[20.903,61.646],[20.884,61.567],[20.875,61.53]]]}}]}