{"type":"FeatureCollection","features":[{"type":"Feature","properties":{"id":57886,"maakond_id":416,"name":"Ludvika kommun","bbox":[14.144,59.997,15.245,60.42]},"geometry":{"type":"Polygon","coordinates":[[[14.149,60.231],[14.157,60.217],[14.159,60.206],[14.163,60.204],[14.167,60.197],[14.174,60.191],[14.182,60.186],[14.189,60.177],[14.187,60.175],[14.191,60.166],[14.197,60.164],[14.197,60.155],[14.195,60.153],[14.198,60.149],[14.198,60.141],[14.202,60.137],[14.203,60.131],[14.209,60.126],[14.205,60.119],[14.211,60.11],[14.21,60.099],[14.213,60.096],[14.314,60.062],[14.437,60.026],[14.61,60.01],[14.754,59.997],[14.751,60.006],[14.752,60.008],[14.737,60.082],[14.77,60.095],[14.808,60.111],[14.85,60.105],[14.842,60.102],[14.842,60.098],[14.838,60.094],[14.838,60.088],[14.846,60.083],[14.859,60.082],[14.887,60.064],[14.891,60.057],[14.905,60.051],[14.917,60.053],[14.939,60.049],[15.013,60.057],[15.034,60.039],[15.046,60.043],[15.048,60.049],[15.078,60.041],[15.125,60.008],[15.136,60.044],[15.153,60.057],[15.166,60.069],[15.174,60.069],[15.177,60.071],[15.177,60.077],[15.195,60.087],[15.204,60.098],[15.209,60.101],[15.217,60.097],[15.226,60.102],[15.222,60.105],[15.221,60.118],[15.225,60.123],[15.24,60.132],[15.222,60.143],[15.23,60.147],[15.221,60.154],[15.224,60.157],[15.225,60.161],[15.238,60.163],[15.245,60.189],[15.245,60.206],[15.244,60.22],[15.236,60.248],[15.234,60.253],[15.227,60.258],[15.229,60.263],[15.233,60.263],[15.231,60.272],[15.236,60.28],[15.239,60.287],[15.233,60.291],[15.22,60.292],[15.21,60.3],[15.209,60.305],[15.207,60.311],[15.2,60.315],[15.202,60.32],[15.212,60.329],[15.201,60.329],[15.2,60.332],[15.193,60.336],[15.186,60.334],[15.179,60.329],[15.174,60.331],[15.147,60.324],[15.152,60.334],[15.144,60.341],[15.137,60.353],[15.139,60.353],[15.122,60.366],[15.112,60.386],[15.096,60.42],[15.095,60.415],[15.012,60.362],[14.953,60.373],[14.949,60.372],[14.939,60.373],[14.939,60.375],[14.88,60.375],[14.826,60.373],[14.81,60.372],[14.783,60.352],[14.779,60.344],[14.761,60.329],[14.774,60.324],[14.782,60.328],[14.795,60.313],[14.798,60.31],[14.796,60.305],[14.784,60.308],[14.776,60.308],[14.773,60.303],[14.766,60.3],[14.753,60.302],[14.75,60.314],[14.745,60.317],[14.714,60.293],[14.684,60.283],[14.633,60.275],[14.627,60.268],[14.584,60.256],[14.549,60.239],[14.519,60.234],[14.495,60.234],[14.373,60.256],[14.329,60.253],[14.243,60.248],[14.144,60.242],[14.146,60.237],[14.145,60.234],[14.149,60.231]],[[15.066,60.382],[15.067,60.386],[15.083,60.384],[15.07,60.378],[15.066,60.379],[15.066,60.382]]]}},{"type":"Feature","properties":{"id":57891,"maakond_id":416,"name":"Vansbro kommun","bbox":[13.899,60.229,14.634,60.693]},"geometry":{"type":"Polygon","coordinates":[[[14.149,60.231],[14.145,60.234],[14.146,60.237],[14.144,60.242],[14.243,60.248],[14.329,60.253],[14.373,60.256],[14.495,60.234],[14.519,60.234],[14.549,60.239],[14.584,60.256],[14.627,60.268],[14.633,60.275],[14.634,60.289],[14.61,60.324],[14.634,60.378],[14.627,60.403],[14.619,60.435],[14.613,60.471],[14.602,60.485],[14.55,60.556],[14.536,60.572],[14.435,60.625],[14.386,60.651],[14.363,60.693],[14.28,60.688],[14.227,60.685],[14.199,60.683],[14.078,60.674],[14.011,60.664],[14.02,60.622],[13.992,60.588],[13.954,60.584],[13.93,60.576],[13.899,60.562],[13.904,60.551],[13.903,60.541],[13.904,60.506],[13.907,60.501],[13.91,60.492],[13.912,60.49],[13.905,60.457],[13.914,60.431],[13.93,60.392],[13.942,60.358],[13.945,60.318],[13.948,60.29],[13.942,60.267],[13.938,60.265],[13.944,60.256],[13.951,60.251],[13.991,60.252],[13.991,60.248],[14.023,60.242],[14.024,60.229],[14.149,60.231]]]}},{"type":"Feature","properties":{"id":278620,"maakond_id":417,"name":"Gävle kommun","bbox":[16.773,60.259,17.957,61.09]},"geometry":{"type":"Polygon","coordinates":[[[16.859,60.777],[16.849,60.754],[16.84,60.728],[16.847,60.712],[16.847,60.708],[16.859,60.708],[16.853,60.701],[16.861,60.699],[16.86,60.695],[16.864,60.694],[16.86,60.69],[16.846,60.689],[16.854,60.686],[16.877,60.666],[16.878,60.653],[16.87,60.633],[16.873,60.631],[16.877,60.615],[16.84,60.609],[16.837,60.593],[16.875,60.562],[16.891,60.556],[16.899,60.554],[16.928,60.532],[16.933,60.533],[16.938,60.53],[16.942,60.525],[16.943,60.519],[16.936,60.502],[16.935,60.496],[16.93,60.496],[16.91,60.492],[16.897,60.466],[16.896,60.448],[16.891,60.442],[16.895,60.43],[16.884,60.43],[16.865,60.438],[16.857,60.439],[16.847,60.447],[16.837,60.444],[16.817,60.442],[16.811,60.44],[16.802,60.434],[16.774,60.424],[16.773,60.418],[16.781,60.417],[16.783,60.415],[16.779,60.412],[16.786,60.393],[16.778,60.39],[16.784,60.385],[16.78,60.383],[16.784,60.381],[16.793,60.387],[16.82,60.372],[16.832,60.368],[16.831,60.364],[16.839,60.36],[16.844,60.365],[16.888,60.353],[16.901,60.339],[16.903,60.331],[16.891,60.305],[16.901,60.287],[16.909,60.281],[16.929,60.287],[16.962,60.287],[16.961,60.292],[16.969,60.295],[16.981,60.295],[16.992,60.288],[17.001,60.276],[17.015,60.273],[17.022,60.273],[17.042,60.275],[17.058,60.273],[17.082,60.259],[17.113,60.269],[17.11,60.271],[17.103,60.281],[17.12,60.286],[17.13,60.288],[17.158,60.287],[17.181,60.299],[17.194,60.301],[17.199,60.308],[17.197,60.345],[17.213,60.364],[17.2,60.366],[17.199,60.379],[17.189,60.382],[17.194,60.391],[17.191,60.394],[17.194,60.401],[17.192,60.404],[17.196,60.41],[17.202,60.413],[17.207,60.417],[17.217,60.42],[17.217,60.427],[17.218,60.434],[17.236,60.432],[17.254,60.435],[17.257,60.432],[17.255,60.427],[17.258,60.425],[17.288,60.447],[17.289,60.454],[17.298,60.465],[17.301,60.494],[17.303,60.509],[17.322,60.537],[17.349,60.586],[17.366,60.626],[17.369,60.638],[17.374,60.651],[17.369,60.653],[17.371,60.657],[17.376,60.657],[17.382,60.677],[17.396,60.686],[17.709,60.708],[17.957,60.907],[17.884,60.935],[17.847,61.008],[17.809,61.086],[17.319,61.09],[17.292,61.083],[17.257,61.076],[17.234,61.06],[17.194,61.058],[17.175,61.059],[17.161,61.055],[16.962,61.045],[16.9,61.043],[16.889,61.011],[16.888,61.005],[16.873,60.991],[16.878,60.983],[16.897,60.965],[16.886,60.95],[16.882,60.93],[16.886,60.907],[16.892,60.897],[16.896,60.882],[16.931,60.855],[16.954,60.825],[16.933,60.785],[16.859,60.777]]]}},{"type":"Feature","properties":{"id":278632,"maakond_id":417,"name":"Ockelbo kommun","bbox":[16.131,60.752,16.954,61.091]},"geometry":{"type":"MultiPolygon","coordinates":[[[[16.386,60.787],[16.433,60.788],[16.524,60.791],[16.584,60.788],[16.632,60.785],[16.685,60.772],[16.71,60.768],[16.713,60.765],[16.724,60.764],[16.723,60.76],[16.714,60.761],[16.713,60.758],[16.724,60.758],[16.732,60.761],[16.738,60.761],[16.74,60.757],[16.738,60.753],[16.751,60.752],[16.744,60.756],[16.743,60.761],[16.745,60.763],[16.754,60.763],[16.764,60.764],[16.859,60.777],[16.933,60.785],[16.954,60.825],[16.931,60.855],[16.896,60.882],[16.892,60.897],[16.886,60.907],[16.882,60.93],[16.886,60.95],[16.897,60.965],[16.878,60.983],[16.873,60.991],[16.888,61.005],[16.889,61.011],[16.9,61.043],[16.819,61.039],[16.769,61.065],[16.76,61.07],[16.741,61.077],[16.713,61.078],[16.712,61.083],[16.7,61.084],[16.698,61.081],[16.663,61.083],[16.643,61.084],[16.607,61.091],[16.551,61.089],[16.519,61.076],[16.521,61.048],[16.465,61.053],[16.398,61.052],[16.306,61.05],[16.264,61.037],[16.198,61.015],[16.131,60.992],[16.175,60.947],[16.222,60.898],[16.222,60.896],[16.229,60.891],[16.255,60.864],[16.322,60.825],[16.386,60.787]]],[[[16.535,60.785],[16.54,60.78],[16.544,60.782],[16.535,60.785]]]]}},{"type":"Feature","properties":{"id":278633,"maakond_id":417,"name":"Sandvikens kommun","bbox":[16.198,60.189,16.943,60.791]},"geometry":{"type":"Polygon","coordinates":[[[16.517,60.355],[16.543,60.34],[16.552,60.331],[16.561,60.318],[16.573,60.306],[16.579,60.298],[16.588,60.294],[16.61,60.283],[16.615,60.279],[16.618,60.273],[16.62,60.265],[16.629,60.239],[16.646,60.232],[16.663,60.227],[16.685,60.217],[16.691,60.215],[16.699,60.209],[16.699,60.205],[16.705,60.195],[16.712,60.196],[16.734,60.195],[16.75,60.189],[16.779,60.19],[16.786,60.196],[16.797,60.198],[16.799,60.2],[16.798,60.204],[16.8,60.206],[16.803,60.212],[16.823,60.217],[16.842,60.217],[16.85,60.224],[16.865,60.225],[16.871,60.227],[16.876,60.231],[16.905,60.239],[16.897,60.245],[16.888,60.245],[16.886,60.254],[16.891,60.26],[16.903,60.266],[16.912,60.269],[16.913,60.272],[16.909,60.281],[16.901,60.287],[16.891,60.305],[16.903,60.331],[16.901,60.339],[16.888,60.353],[16.844,60.365],[16.839,60.36],[16.831,60.364],[16.832,60.368],[16.82,60.372],[16.793,60.387],[16.784,60.381],[16.78,60.383],[16.784,60.385],[16.778,60.39],[16.786,60.393],[16.779,60.412],[16.783,60.415],[16.781,60.417],[16.773,60.418],[16.774,60.424],[16.802,60.434],[16.811,60.44],[16.817,60.442],[16.837,60.444],[16.847,60.447],[16.857,60.439],[16.865,60.438],[16.884,60.43],[16.895,60.43],[16.891,60.442],[16.896,60.448],[16.897,60.466],[16.91,60.492],[16.93,60.496],[16.935,60.496],[16.936,60.502],[16.943,60.519],[16.942,60.525],[16.938,60.53],[16.933,60.533],[16.928,60.532],[16.899,60.554],[16.891,60.556],[16.875,60.562],[16.837,60.593],[16.84,60.609],[16.877,60.615],[16.873,60.631],[16.87,60.633],[16.878,60.653],[16.877,60.666],[16.854,60.686],[16.846,60.689],[16.86,60.69],[16.864,60.694],[16.86,60.695],[16.861,60.699],[16.853,60.701],[16.859,60.708],[16.847,60.708],[16.847,60.712],[16.84,60.728],[16.849,60.754],[16.859,60.777],[16.764,60.764],[16.754,60.763],[16.745,60.763],[16.743,60.761],[16.744,60.756],[16.751,60.752],[16.738,60.753],[16.74,60.757],[16.738,60.761],[16.732,60.761],[16.724,60.758],[16.713,60.758],[16.714,60.761],[16.723,60.76],[16.724,60.764],[16.713,60.765],[16.71,60.768],[16.685,60.772],[16.632,60.785],[16.584,60.788],[16.524,60.791],[16.433,60.788],[16.386,60.787],[16.384,60.779],[16.386,60.76],[16.377,60.744],[16.343,60.725],[16.335,60.729],[16.308,60.706],[16.308,60.703],[16.315,60.698],[16.314,60.695],[16.318,60.694],[16.318,60.689],[16.262,60.644],[16.238,60.623],[16.198,60.614],[16.246,60.608],[16.321,60.605],[16.419,60.586],[16.436,60.581],[16.468,60.568],[16.488,60.565],[16.493,60.563],[16.501,60.556],[16.514,60.554],[16.527,60.55],[16.534,60.549],[16.555,60.535],[16.563,60.532],[16.571,60.522],[16.574,60.513],[16.585,60.509],[16.614,60.495],[16.651,60.47],[16.667,60.467],[16.662,60.456],[16.669,60.443],[16.668,60.441],[16.643,60.423],[16.636,60.418],[16.649,60.415],[16.648,60.412],[16.636,60.411],[16.627,60.412],[16.615,60.402],[16.609,60.394],[16.595,60.386],[16.583,60.381],[16.57,60.377],[16.541,60.373],[16.53,60.371],[16.517,60.355]],[[16.535,60.785],[16.544,60.782],[16.54,60.78],[16.535,60.785]]]}},{"type":"Feature","properties":{"id":289344,"maakond_id":402,"name":"Älvkarleby kommun","bbox":[17.288,60.447,18.102,60.907]},"geometry":{"type":"Polygon","coordinates":[[[17.957,60.907],[17.709,60.708],[17.396,60.686],[17.382,60.677],[17.376,60.657],[17.371,60.657],[17.369,60.653],[17.374,60.651],[17.369,60.638],[17.366,60.626],[17.349,60.586],[17.322,60.537],[17.303,60.509],[17.301,60.494],[17.298,60.465],[17.289,60.454],[17.288,60.447],[17.323,60.448],[17.321,60.47],[17.332,60.469],[17.34,60.471],[17.342,60.468],[17.35,60.468],[17.353,60.473],[17.357,60.471],[17.362,60.472],[17.368,60.466],[17.377,60.467],[17.383,60.465],[17.395,60.467],[17.394,60.462],[17.408,60.46],[17.414,60.46],[17.434,60.463],[17.478,60.49],[17.477,60.498],[17.487,60.497],[17.492,60.507],[17.5,60.508],[17.501,60.511],[17.494,60.513],[17.501,60.519],[17.504,60.519],[17.513,60.527],[17.511,60.534],[17.5,60.534],[17.48,60.539],[17.515,60.562],[17.546,60.564],[17.564,60.573],[17.574,60.576],[17.66,60.6],[17.716,60.604],[17.854,60.693],[18.102,60.852],[17.957,60.907]]]}},{"type":"Feature","properties":{"id":289354,"maakond_id":417,"name":"Hofors kommun","bbox":[16.136,60.355,16.669,60.614]},"geometry":{"type":"Polygon","coordinates":[[[16.198,60.614],[16.136,60.61],[16.166,60.577],[16.171,60.561],[16.18,60.555],[16.195,60.535],[16.209,60.527],[16.246,60.504],[16.259,60.493],[16.264,60.495],[16.271,60.492],[16.267,60.49],[16.253,60.489],[16.271,60.486],[16.279,60.484],[16.283,60.472],[16.335,60.428],[16.337,60.422],[16.353,60.41],[16.363,60.403],[16.393,60.379],[16.406,60.377],[16.423,60.379],[16.448,60.372],[16.475,60.366],[16.517,60.355],[16.53,60.371],[16.541,60.373],[16.57,60.377],[16.583,60.381],[16.595,60.386],[16.609,60.394],[16.615,60.402],[16.627,60.412],[16.636,60.411],[16.648,60.412],[16.649,60.415],[16.636,60.418],[16.643,60.423],[16.668,60.441],[16.669,60.443],[16.662,60.456],[16.667,60.467],[16.651,60.47],[16.614,60.495],[16.585,60.509],[16.574,60.513],[16.571,60.522],[16.563,60.532],[16.555,60.535],[16.534,60.549],[16.527,60.55],[16.514,60.554],[16.501,60.556],[16.493,60.563],[16.488,60.565],[16.468,60.568],[16.436,60.581],[16.419,60.586],[16.321,60.605],[16.246,60.608],[16.198,60.614]]]}},{"type":"Feature","properties":{"id":290048,"maakond_id":416,"name":"Orsa kommun","bbox":[14.304,61.05,15.093,61.595]},"geometry":{"type":"Polygon","coordinates":[[[15.093,61.484],[14.978,61.491],[14.969,61.494],[14.953,61.492],[14.948,61.489],[14.924,61.494],[14.913,61.493],[14.901,61.497],[14.893,61.495],[14.887,61.495],[14.871,61.495],[14.864,61.495],[14.858,61.494],[14.848,61.496],[14.843,61.494],[14.824,61.492],[14.815,61.492],[14.807,61.495],[14.797,61.495],[14.786,61.493],[14.759,61.493],[14.757,61.495],[14.739,61.493],[14.731,61.497],[14.723,61.495],[14.716,61.489],[14.707,61.489],[14.701,61.491],[14.691,61.49],[14.69,61.488],[14.684,61.486],[14.675,61.488],[14.668,61.492],[14.667,61.497],[14.656,61.501],[14.659,61.51],[14.665,61.514],[14.673,61.523],[14.675,61.527],[14.67,61.538],[14.668,61.539],[14.669,61.545],[14.668,61.547],[14.658,61.551],[14.655,61.563],[14.667,61.565],[14.665,61.57],[14.676,61.575],[14.675,61.58],[14.68,61.584],[14.677,61.591],[14.568,61.593],[14.446,61.595],[14.395,61.564],[14.326,61.534],[14.304,61.5],[14.307,61.471],[14.321,61.428],[14.363,61.392],[14.371,61.369],[14.398,61.3],[14.401,61.296],[14.453,61.251],[14.483,61.216],[14.511,61.182],[14.539,61.13],[14.572,61.06],[14.592,61.062],[14.658,61.052],[14.717,61.05],[14.811,61.054],[14.945,61.054],[15.04,61.059],[15.044,61.065],[15.069,61.124],[15.081,61.155],[15.061,61.176],[15.015,61.188],[15.038,61.273],[15.056,61.338],[15.065,61.372],[15.093,61.484]]]}},{"type":"Feature","properties":{"id":296291,"maakond_id":417,"name":"Bollnäs kommun","bbox":[15.921,60.992,16.747,61.644]},"geometry":{"type":"MultiPolygon","coordinates":[[[[15.921,61.008],[16.131,60.992],[16.198,61.015],[16.264,61.037],[16.306,61.05],[16.398,61.052],[16.465,61.053],[16.521,61.048],[16.519,61.076],[16.551,61.089],[16.627,61.119],[16.652,61.13],[16.67,61.144],[16.687,61.146],[16.684,61.155],[16.688,61.16],[16.687,61.163],[16.694,61.164],[16.712,61.178],[16.731,61.203],[16.715,61.213],[16.73,61.219],[16.732,61.221],[16.733,61.231],[16.747,61.242],[16.743,61.245],[16.732,61.261],[16.723,61.278],[16.7,61.286],[16.677,61.297],[16.63,61.317],[16.652,61.32],[16.678,61.325],[16.696,61.323],[16.7,61.325],[16.725,61.361],[16.726,61.372],[16.731,61.377],[16.735,61.385],[16.727,61.396],[16.714,61.419],[16.706,61.433],[16.703,61.437],[16.714,61.451],[16.706,61.46],[16.702,61.46],[16.701,61.465],[16.697,61.468],[16.698,61.473],[16.697,61.488],[16.703,61.501],[16.708,61.523],[16.676,61.521],[16.657,61.513],[16.648,61.491],[16.611,61.505],[16.608,61.518],[16.606,61.567],[16.605,61.592],[16.595,61.591],[16.585,61.593],[16.57,61.587],[16.558,61.593],[16.556,61.597],[16.562,61.598],[16.633,61.624],[16.583,61.64],[16.549,61.631],[16.518,61.629],[16.44,61.637],[16.418,61.639],[16.324,61.644],[16.321,61.639],[16.299,61.641],[16.28,61.644],[16.273,61.641],[16.277,61.638],[16.267,61.635],[16.241,61.615],[16.229,61.611],[16.236,61.608],[16.221,61.603],[16.21,61.598],[16.202,61.596],[16.186,61.591],[16.175,61.596],[16.158,61.591],[16.14,61.584],[16.087,61.566],[16.059,61.556],[16.066,61.552],[16.056,61.55],[16.052,61.541],[16.045,61.54],[16.042,61.537],[16.041,61.533],[16.038,61.531],[16.085,61.516],[16.137,61.499],[16.192,61.5],[16.206,61.489],[16.22,61.485],[16.215,61.469],[16.211,61.461],[16.253,61.44],[16.228,61.408],[16.219,61.395],[16.212,61.399],[16.21,61.396],[16.217,61.393],[16.206,61.378],[16.191,61.359],[16.187,61.359],[16.186,61.352],[16.179,61.353],[16.174,61.345],[16.175,61.342],[16.172,61.337],[16.157,61.319],[16.112,61.265],[16.131,61.261],[16.127,61.258],[16.132,61.257],[16.123,61.252],[16.112,61.257],[16.108,61.256],[16.089,61.233],[16.091,61.232],[16.088,61.227],[16.067,61.239],[16.052,61.224],[16.067,61.221],[16.074,61.223],[16.077,61.219],[16.058,61.19],[16.067,61.188],[16.058,61.173],[16.049,61.173],[16.046,61.169],[16.059,61.165],[16.046,61.15],[16.034,61.152],[15.996,61.101],[15.985,61.084],[15.98,61.074],[15.998,61.067],[15.978,61.056],[15.97,61.057],[15.959,61.046],[15.968,61.041],[15.959,61.036],[15.953,61.039],[15.932,61.018],[15.921,61.008]]],[[[16.628,61.571],[16.637,61.574],[16.628,61.58],[16.62,61.577],[16.628,61.571]]],[[[16.658,61.614],[16.656,61.617],[16.651,61.617],[16.653,61.613],[16.658,61.614]]]]}},{"type":"Feature","properties":{"id":296292,"maakond_id":417,"name":"Söderhamns kommun","bbox":[16.551,61.039,17.842,61.536]},"geometry":{"type":"Polygon","coordinates":[[[17.809,61.086],[17.766,61.171],[17.797,61.224],[17.802,61.234],[17.808,61.25],[17.842,61.372],[17.139,61.395],[17.114,61.403],[17.091,61.42],[17.072,61.432],[17.042,61.449],[16.946,61.456],[16.906,61.457],[16.875,61.468],[16.838,61.482],[16.816,61.491],[16.779,61.508],[16.717,61.536],[16.707,61.535],[16.676,61.521],[16.708,61.523],[16.703,61.501],[16.697,61.488],[16.698,61.473],[16.697,61.468],[16.701,61.465],[16.702,61.46],[16.706,61.46],[16.714,61.451],[16.703,61.437],[16.706,61.433],[16.714,61.419],[16.727,61.396],[16.735,61.385],[16.731,61.377],[16.726,61.372],[16.725,61.361],[16.7,61.325],[16.696,61.323],[16.678,61.325],[16.652,61.32],[16.63,61.317],[16.677,61.297],[16.7,61.286],[16.723,61.278],[16.732,61.261],[16.743,61.245],[16.747,61.242],[16.733,61.231],[16.732,61.221],[16.73,61.219],[16.715,61.213],[16.731,61.203],[16.712,61.178],[16.694,61.164],[16.687,61.163],[16.688,61.16],[16.684,61.155],[16.687,61.146],[16.67,61.144],[16.652,61.13],[16.627,61.119],[16.551,61.089],[16.607,61.091],[16.643,61.084],[16.663,61.083],[16.698,61.081],[16.7,61.084],[16.712,61.083],[16.713,61.078],[16.741,61.077],[16.76,61.07],[16.769,61.065],[16.819,61.039],[16.9,61.043],[16.962,61.045],[17.161,61.055],[17.175,61.059],[17.194,61.058],[17.234,61.06],[17.257,61.076],[17.292,61.083],[17.319,61.09],[17.809,61.086]]]}},{"type":"Feature","properties":{"id":300938,"maakond_id":416,"name":"Säters kommun","bbox":[15.209,60.219,16.136,60.61]},"geometry":{"type":"Polygon","coordinates":[[[15.236,60.28],[15.258,60.287],[15.262,60.286],[15.287,60.283],[15.293,60.277],[15.3,60.279],[15.304,60.277],[15.33,60.277],[15.339,60.278],[15.348,60.276],[15.357,60.278],[15.364,60.276],[15.377,60.276],[15.402,60.286],[15.403,60.291],[15.413,60.29],[15.427,60.292],[15.429,60.269],[15.445,60.267],[15.478,60.27],[15.485,60.271],[15.497,60.264],[15.493,60.256],[15.495,60.254],[15.515,60.247],[15.526,60.245],[15.528,60.248],[15.564,60.241],[15.598,60.232],[15.622,60.227],[15.657,60.219],[15.687,60.234],[15.729,60.239],[15.739,60.241],[15.747,60.255],[15.759,60.269],[15.779,60.277],[15.773,60.287],[15.779,60.295],[15.784,60.3],[15.788,60.301],[15.794,60.315],[15.798,60.316],[15.8,60.32],[15.82,60.322],[15.827,60.323],[15.831,60.322],[15.84,60.33],[15.843,60.329],[15.844,60.336],[15.836,60.344],[15.823,60.353],[15.846,60.355],[15.866,60.355],[15.881,60.356],[15.889,60.36],[15.906,60.366],[15.919,60.368],[15.92,60.371],[15.938,60.384],[15.943,60.386],[15.949,60.391],[15.951,60.4],[15.937,60.414],[15.929,60.414],[15.925,60.411],[15.921,60.418],[15.919,60.425],[15.921,60.43],[15.916,60.433],[15.919,60.436],[15.924,60.435],[15.931,60.456],[15.943,60.47],[15.949,60.479],[15.956,60.492],[16.004,60.522],[16.032,60.54],[16.062,60.561],[16.095,60.583],[16.106,60.589],[16.136,60.61],[16.097,60.604],[16.059,60.598],[16.003,60.589],[15.98,60.585],[15.972,60.587],[15.967,60.584],[15.971,60.58],[15.945,60.555],[15.92,60.533],[15.911,60.529],[15.88,60.515],[15.865,60.5],[15.861,60.497],[15.841,60.488],[15.847,60.488],[15.849,60.484],[15.84,60.483],[15.837,60.487],[15.816,60.476],[15.811,60.474],[15.811,60.469],[15.805,60.468],[15.786,60.464],[15.784,60.463],[15.767,60.461],[15.768,60.457],[15.752,60.456],[15.742,60.453],[15.733,60.452],[15.729,60.456],[15.706,60.453],[15.704,60.454],[15.663,60.445],[15.642,60.44],[15.634,60.439],[15.63,60.441],[15.629,60.444],[15.621,60.449],[15.616,60.453],[15.608,60.448],[15.585,60.439],[15.579,60.44],[15.57,60.438],[15.557,60.436],[15.559,60.433],[15.555,60.429],[15.561,60.422],[15.554,60.419],[15.548,60.409],[15.554,60.403],[15.554,60.398],[15.561,60.397],[15.561,60.385],[15.552,60.378],[15.534,60.381],[15.528,60.386],[15.495,60.372],[15.478,60.367],[15.467,60.361],[15.42,60.358],[15.419,60.356],[15.43,60.342],[15.407,60.347],[15.4,60.351],[15.391,60.349],[15.393,60.336],[15.352,60.337],[15.335,60.331],[15.344,60.31],[15.312,60.302],[15.248,60.301],[15.239,60.301],[15.231,60.302],[15.22,60.301],[15.219,60.302],[15.209,60.305],[15.21,60.3],[15.22,60.292],[15.233,60.291],[15.239,60.287],[15.236,60.28]],[[15.481,60.322],[15.477,60.327],[15.479,60.331],[15.489,60.336],[15.507,60.325],[15.486,60.318],[15.481,60.322]],[[15.459,60.337],[15.452,60.335],[15.443,60.337],[15.453,60.341],[15.461,60.347],[15.467,60.347],[15.481,60.337],[15.475,60.335],[15.468,60.34],[15.459,60.337]]]}},{"type":"Feature","properties":{"id":300939,"maakond_id":416,"name":"Hedemora kommun","bbox":[15.657,60.166,16.393,60.61]},"geometry":{"type":"Polygon","coordinates":[[[16.136,60.61],[16.106,60.589],[16.095,60.583],[16.062,60.561],[16.032,60.54],[16.004,60.522],[15.956,60.492],[15.949,60.479],[15.943,60.47],[15.931,60.456],[15.924,60.435],[15.919,60.436],[15.916,60.433],[15.921,60.43],[15.919,60.425],[15.921,60.418],[15.925,60.411],[15.929,60.414],[15.937,60.414],[15.951,60.4],[15.949,60.391],[15.943,60.386],[15.938,60.384],[15.92,60.371],[15.919,60.368],[15.906,60.366],[15.889,60.36],[15.881,60.356],[15.866,60.355],[15.846,60.355],[15.823,60.353],[15.836,60.344],[15.844,60.336],[15.843,60.329],[15.84,60.33],[15.831,60.322],[15.827,60.323],[15.82,60.322],[15.8,60.32],[15.798,60.316],[15.794,60.315],[15.788,60.301],[15.784,60.3],[15.779,60.295],[15.773,60.287],[15.779,60.277],[15.759,60.269],[15.747,60.255],[15.739,60.241],[15.729,60.239],[15.687,60.234],[15.657,60.219],[15.729,60.199],[15.801,60.177],[15.836,60.172],[15.882,60.166],[15.907,60.169],[15.927,60.172],[15.946,60.185],[15.966,60.183],[15.969,60.187],[15.985,60.185],[15.998,60.186],[16.017,60.181],[16.029,60.186],[16.028,60.19],[16.033,60.192],[16.045,60.189],[16.052,60.194],[16.059,60.194],[16.052,60.199],[16.065,60.205],[16.085,60.227],[16.088,60.237],[16.098,60.246],[16.097,60.248],[16.109,60.252],[16.124,60.247],[16.146,60.246],[16.152,60.246],[16.166,60.235],[16.18,60.233],[16.191,60.23],[16.196,60.23],[16.2,60.227],[16.205,60.23],[16.212,60.243],[16.22,60.246],[16.236,60.249],[16.23,60.251],[16.235,60.258],[16.24,60.254],[16.24,60.248],[16.245,60.247],[16.25,60.249],[16.258,60.268],[16.282,60.272],[16.296,60.275],[16.301,60.275],[16.307,60.278],[16.317,60.278],[16.334,60.281],[16.326,60.294],[16.305,60.306],[16.299,60.313],[16.308,60.322],[16.314,60.329],[16.315,60.335],[16.313,60.34],[16.316,60.346],[16.393,60.379],[16.363,60.403],[16.353,60.41],[16.337,60.422],[16.335,60.428],[16.283,60.472],[16.279,60.484],[16.271,60.486],[16.253,60.489],[16.267,60.49],[16.271,60.492],[16.264,60.495],[16.259,60.493],[16.246,60.504],[16.209,60.527],[16.195,60.535],[16.18,60.555],[16.171,60.561],[16.166,60.577],[16.136,60.61]]]}},{"type":"Feature","properties":{"id":300963,"maakond_id":416,"name":"Falu kommun","bbox":[15.215,60.452,16.386,61.054]},"geometry":{"type":"MultiPolygon","coordinates":[[[[15.921,61.008],[15.762,61.05],[15.705,61.054],[15.703,61.053],[15.691,61.05],[15.688,61.047],[15.679,61.044],[15.677,60.984],[15.671,60.976],[15.629,60.926],[15.632,60.881],[15.66,60.859],[15.637,60.85],[15.623,60.844],[15.625,60.842],[15.555,60.822],[15.545,60.819],[15.541,60.839],[15.522,60.839],[15.527,60.835],[15.521,60.833],[15.523,60.831],[15.53,60.831],[15.537,60.823],[15.528,60.821],[15.533,60.816],[15.459,60.795],[15.447,60.802],[15.433,60.796],[15.426,60.798],[15.425,60.794],[15.39,60.797],[15.38,60.795],[15.38,60.791],[15.373,60.789],[15.366,60.78],[15.36,60.781],[15.356,60.779],[15.339,60.765],[15.336,60.758],[15.328,60.76],[15.325,60.756],[15.328,60.752],[15.358,60.74],[15.332,60.739],[15.334,60.743],[15.328,60.744],[15.323,60.738],[15.29,60.737],[15.285,60.731],[15.288,60.729],[15.278,60.726],[15.271,60.721],[15.264,60.715],[15.266,60.711],[15.275,60.712],[15.277,60.707],[15.285,60.706],[15.286,60.698],[15.297,60.7],[15.318,60.702],[15.319,60.704],[15.329,60.706],[15.328,60.708],[15.35,60.712],[15.355,60.716],[15.36,60.717],[15.371,60.713],[15.381,60.712],[15.389,60.709],[15.397,60.708],[15.395,60.705],[15.398,60.696],[15.409,60.689],[15.417,60.69],[15.426,60.687],[15.416,60.672],[15.402,60.662],[15.333,60.639],[15.338,60.634],[15.339,60.628],[15.344,60.623],[15.347,60.617],[15.36,60.612],[15.37,60.606],[15.381,60.602],[15.385,60.599],[15.389,60.599],[15.401,60.594],[15.405,60.59],[15.385,60.582],[15.38,60.583],[15.368,60.589],[15.364,60.593],[15.338,60.602],[15.333,60.6],[15.347,60.592],[15.353,60.591],[15.347,60.581],[15.357,60.574],[15.372,60.576],[15.383,60.571],[15.403,60.557],[15.412,60.559],[15.415,60.557],[15.409,60.553],[15.418,60.551],[15.42,60.553],[15.428,60.551],[15.431,60.556],[15.439,60.563],[15.443,60.559],[15.45,60.552],[15.448,60.55],[15.456,60.54],[15.467,60.538],[15.479,60.534],[15.489,60.535],[15.495,60.532],[15.5,60.534],[15.513,60.526],[15.509,60.522],[15.517,60.522],[15.524,60.524],[15.53,60.523],[15.541,60.526],[15.55,60.533],[15.556,60.539],[15.565,60.54],[15.579,60.541],[15.583,60.543],[15.598,60.538],[15.588,60.532],[15.602,60.529],[15.61,60.527],[15.614,60.53],[15.627,60.527],[15.635,60.527],[15.636,60.533],[15.653,60.539],[15.667,60.535],[15.65,60.515],[15.65,60.508],[15.653,60.501],[15.656,60.488],[15.661,60.478],[15.662,60.473],[15.694,60.46],[15.704,60.456],[15.704,60.454],[15.706,60.453],[15.729,60.456],[15.733,60.452],[15.742,60.453],[15.752,60.456],[15.768,60.457],[15.767,60.461],[15.784,60.463],[15.786,60.464],[15.805,60.468],[15.811,60.469],[15.811,60.474],[15.816,60.476],[15.837,60.487],[15.84,60.483],[15.849,60.484],[15.847,60.488],[15.841,60.488],[15.861,60.497],[15.865,60.5],[15.88,60.515],[15.911,60.529],[15.92,60.533],[15.945,60.555],[15.971,60.58],[15.967,60.584],[15.972,60.587],[15.98,60.585],[16.003,60.589],[16.059,60.598],[16.097,60.604],[16.136,60.61],[16.198,60.614],[16.238,60.623],[16.262,60.644],[16.318,60.689],[16.318,60.694],[16.314,60.695],[16.315,60.698],[16.308,60.703],[16.308,60.706],[16.335,60.729],[16.343,60.725],[16.377,60.744],[16.386,60.76],[16.384,60.779],[16.386,60.787],[16.322,60.825],[16.255,60.864],[16.229,60.891],[16.222,60.896],[16.222,60.898],[16.175,60.947],[16.131,60.992],[15.921,61.008]]],[[[15.379,60.803],[15.393,60.804],[15.39,60.81],[15.396,60.811],[15.411,60.808],[15.42,60.809],[15.411,60.815],[15.418,60.824],[15.407,60.827],[15.406,60.82],[15.402,60.82],[15.403,60.829],[15.397,60.829],[15.38,60.831],[15.368,60.831],[15.356,60.832],[15.352,60.817],[15.359,60.816],[15.362,60.812],[15.368,60.81],[15.372,60.811],[15.379,60.803]],[[15.393,60.813],[15.387,60.812],[15.383,60.816],[15.396,60.82],[15.401,60.816],[15.393,60.813]]],[[[15.489,60.876],[15.463,60.869],[15.463,60.864],[15.471,60.859],[15.466,60.847],[15.466,60.841],[15.446,60.83],[15.444,60.827],[15.437,60.827],[15.435,60.823],[15.452,60.817],[15.455,60.818],[15.475,60.839],[15.484,60.856],[15.504,60.865],[15.489,60.876]],[[15.472,60.859],[15.476,60.857],[15.473,60.849],[15.468,60.849],[15.472,60.859]]],[[[15.593,60.866],[15.59,60.862],[15.562,60.877],[15.556,60.875],[15.562,60.855],[15.595,60.855],[15.62,60.862],[15.63,60.865],[15.628,60.87],[15.619,60.875],[15.611,60.876],[15.601,60.878],[15.597,60.881],[15.593,60.88],[15.596,60.87],[15.593,60.866]]],[[[15.286,60.763],[15.298,60.763],[15.315,60.758],[15.313,60.768],[15.314,60.774],[15.291,60.782],[15.276,60.779],[15.276,60.775],[15.259,60.774],[15.256,60.771],[15.274,60.773],[15.278,60.766],[15.277,60.764],[15.286,60.763]]],[[[15.501,60.828],[15.512,60.824],[15.522,60.827],[15.516,60.832],[15.515,60.836],[15.51,60.839],[15.502,60.838],[15.499,60.831],[15.484,60.83],[15.487,60.824],[15.502,60.82],[15.505,60.821],[15.501,60.828]]],[[[15.457,60.859],[15.448,60.858],[15.451,60.851],[15.457,60.843],[15.46,60.85],[15.464,60.85],[15.467,60.86],[15.457,60.859]]],[[[15.335,60.85],[15.337,60.848],[15.345,60.848],[15.363,60.85],[15.365,60.855],[15.339,60.852],[15.335,60.85]]],[[[15.262,60.734],[15.265,60.73],[15.27,60.728],[15.278,60.733],[15.268,60.738],[15.262,60.734]]],[[[15.483,60.83],[15.492,60.831],[15.487,60.837],[15.479,60.837],[15.483,60.83]]],[[[15.367,60.712],[15.372,60.708],[15.38,60.71],[15.375,60.712],[15.367,60.712]]],[[[15.219,60.742],[15.215,60.738],[15.218,60.737],[15.226,60.743],[15.219,60.742]]]]}},{"type":"Feature","properties":{"id":300964,"maakond_id":416,"name":"Rättviks kommun","bbox":[14.835,60.812,15.762,61.596]},"geometry":{"type":"MultiPolygon","coordinates":[[[[15.762,61.05],[15.707,61.093],[15.68,61.113],[15.675,61.139],[15.662,61.196],[15.657,61.216],[15.543,61.281],[15.44,61.333],[15.343,61.398],[15.301,61.426],[15.242,61.473],[15.216,61.495],[15.205,61.504],[15.179,61.55],[15.153,61.596],[15.095,61.493],[15.093,61.484],[15.065,61.372],[15.056,61.338],[15.038,61.273],[15.015,61.188],[15.061,61.176],[15.081,61.155],[15.069,61.124],[15.044,61.065],[15.04,61.059],[15.028,61.055],[14.949,61.029],[14.921,61.027],[14.9,61.002],[14.882,60.978],[14.871,60.963],[14.873,60.961],[14.88,60.959],[14.887,60.954],[14.896,60.952],[14.899,60.948],[14.906,60.944],[14.913,60.943],[14.924,60.939],[14.933,60.933],[14.938,60.926],[14.946,60.918],[14.941,60.902],[14.95,60.901],[14.959,60.905],[14.963,60.904],[14.969,60.899],[14.976,60.896],[14.966,60.893],[14.955,60.893],[14.93,60.891],[14.904,60.911],[14.897,60.914],[14.889,60.915],[14.887,60.913],[14.891,60.909],[14.9,60.91],[14.903,60.905],[14.894,60.901],[14.896,60.897],[14.888,60.896],[14.889,60.896],[14.892,60.894],[14.908,60.891],[14.906,60.886],[14.913,60.887],[14.917,60.883],[14.906,60.88],[14.895,60.88],[14.894,60.877],[14.88,60.876],[14.883,60.873],[14.893,60.875],[14.899,60.872],[14.902,60.874],[14.922,60.874],[14.927,60.87],[14.944,60.871],[14.959,60.853],[15.01,60.864],[15.031,60.845],[15.06,60.845],[15.066,60.844],[15.073,60.844],[15.079,60.839],[15.085,60.838],[15.088,60.834],[15.09,60.83],[15.109,60.825],[15.118,60.825],[15.13,60.827],[15.138,60.827],[15.149,60.823],[15.152,60.823],[15.162,60.82],[15.168,60.82],[15.193,60.812],[15.204,60.817],[15.21,60.813],[15.216,60.815],[15.224,60.815],[15.228,60.819],[15.233,60.821],[15.244,60.821],[15.335,60.85],[15.339,60.852],[15.365,60.855],[15.463,60.869],[15.489,60.876],[15.516,60.883],[15.572,60.898],[15.574,60.897],[15.581,60.89],[15.597,60.881],[15.601,60.878],[15.611,60.876],[15.619,60.875],[15.628,60.87],[15.63,60.865],[15.62,60.862],[15.637,60.85],[15.66,60.859],[15.632,60.881],[15.629,60.926],[15.671,60.976],[15.677,60.984],[15.679,61.044],[15.688,61.047],[15.691,61.05],[15.703,61.053],[15.705,61.054],[15.762,61.05]]],[[[14.905,60.864],[14.91,60.864],[14.922,60.843],[14.936,60.842],[14.948,60.848],[14.922,60.863],[14.92,60.866],[14.913,60.864],[14.905,60.864]]],[[[14.884,60.868],[14.882,60.867],[14.835,60.852],[14.852,60.851],[14.884,60.866],[14.884,60.868]]],[[[14.909,60.843],[14.906,60.861],[14.904,60.864],[14.902,60.861],[14.904,60.843],[14.909,60.843]]]]}},{"type":"Feature","properties":{"id":304100,"maakond_id":416,"name":"Mora kommun","bbox":[13.543,60.664,15.04,61.621]},"geometry":{"type":"MultiPolygon","coordinates":[[[[14.395,61.564],[14.336,61.599],[14.285,61.608],[14.182,61.618],[14.052,61.619],[13.977,61.621],[14.046,61.558],[14.066,61.484],[14.136,61.408],[14.16,61.382],[14.167,61.359],[14.192,61.274],[14.193,61.269],[14.176,61.242],[14.173,61.221],[14.225,61.201],[14.248,61.184],[14.355,61.104],[14.258,61.103],[14.253,61.109],[14.254,61.112],[14.241,61.114],[14.229,61.113],[14.205,61.114],[14.193,61.117],[14.183,61.117],[14.179,61.119],[14.186,61.123],[14.185,61.128],[14.179,61.131],[14.17,61.133],[14.163,61.138],[14.15,61.144],[14.077,61.13],[13.991,61.078],[13.946,61.051],[13.87,61.058],[13.761,61.061],[13.676,61.05],[13.543,61.032],[13.559,60.998],[13.589,60.947],[13.595,60.934],[13.588,60.934],[13.593,60.922],[13.602,60.923],[13.613,60.902],[13.611,60.861],[13.631,60.862],[13.675,60.864],[13.735,60.864],[13.744,60.863],[13.779,60.864],[13.793,60.863],[13.81,60.865],[13.836,60.865],[13.859,60.866],[13.907,60.867],[13.949,60.854],[13.979,60.843],[14.016,60.804],[13.978,60.764],[13.959,60.743],[13.943,60.735],[13.96,60.719],[14.006,60.688],[14.011,60.664],[14.078,60.674],[14.199,60.683],[14.227,60.685],[14.28,60.688],[14.363,60.693],[14.413,60.694],[14.448,60.717],[14.467,60.729],[14.51,60.744],[14.545,60.757],[14.614,60.794],[14.645,60.811],[14.662,60.82],[14.694,60.828],[14.858,60.88],[14.87,60.888],[14.867,60.896],[14.88,60.907],[14.888,60.905],[14.886,60.899],[14.888,60.896],[14.896,60.897],[14.894,60.901],[14.903,60.905],[14.9,60.91],[14.891,60.909],[14.887,60.913],[14.889,60.915],[14.909,60.93],[14.911,60.94],[14.924,60.939],[14.913,60.943],[14.906,60.944],[14.899,60.948],[14.896,60.952],[14.887,60.954],[14.88,60.959],[14.873,60.961],[14.871,60.963],[14.882,60.978],[14.9,61.002],[14.921,61.027],[14.949,61.029],[15.028,61.055],[15.04,61.059],[14.945,61.054],[14.811,61.054],[14.717,61.05],[14.658,61.052],[14.592,61.062],[14.572,61.06],[14.539,61.13],[14.511,61.182],[14.483,61.216],[14.453,61.251],[14.401,61.296],[14.398,61.3],[14.371,61.369],[14.363,61.392],[14.321,61.428],[14.307,61.471],[14.304,61.5],[14.326,61.534],[14.395,61.564]]],[[[14.909,60.843],[14.922,60.843],[14.91,60.864],[14.905,60.864],[14.904,60.864],[14.906,60.861],[14.909,60.843]]]]}},{"type":"Feature","properties":{"id":305452,"maakond_id":402,"name":"Heby kommun","bbox":[16.692,59.828,17.375,60.303]},"geometry":{"type":"Polygon","coordinates":[[[16.909,60.281],[16.913,60.272],[16.912,60.269],[16.903,60.266],[16.891,60.26],[16.886,60.254],[16.888,60.245],[16.897,60.245],[16.905,60.239],[16.876,60.231],[16.871,60.227],[16.865,60.225],[16.85,60.224],[16.842,60.217],[16.823,60.217],[16.803,60.212],[16.8,60.206],[16.798,60.204],[16.799,60.2],[16.797,60.198],[16.786,60.196],[16.779,60.19],[16.75,60.189],[16.734,60.195],[16.712,60.196],[16.705,60.195],[16.711,60.187],[16.716,60.185],[16.734,60.166],[16.733,60.162],[16.735,60.156],[16.739,60.153],[16.738,60.148],[16.747,60.136],[16.727,60.121],[16.735,60.118],[16.732,60.113],[16.729,60.111],[16.705,60.109],[16.714,60.089],[16.692,60.083],[16.707,60.072],[16.718,60.057],[16.712,60.056],[16.727,60.043],[16.727,60.032],[16.721,60.016],[16.716,60.011],[16.723,60.005],[16.724,60.001],[16.734,60.002],[16.735,59.993],[16.734,59.989],[16.738,59.983],[16.75,59.977],[16.762,59.975],[16.774,59.974],[16.789,59.966],[16.784,59.962],[16.772,59.964],[16.769,59.96],[16.761,59.953],[16.763,59.949],[16.776,59.955],[16.784,59.953],[16.787,59.948],[16.794,59.946],[16.8,59.915],[16.802,59.909],[16.787,59.905],[16.778,59.906],[16.773,59.894],[16.778,59.89],[16.799,59.882],[16.812,59.877],[16.822,59.876],[16.843,59.871],[16.858,59.866],[16.857,59.864],[16.883,59.867],[16.91,59.868],[16.916,59.866],[16.917,59.864],[16.933,59.867],[16.938,59.866],[16.961,59.862],[16.96,59.859],[16.964,59.855],[16.978,59.846],[16.988,59.842],[17.002,59.828],[17.012,59.828],[17.021,59.83],[17.024,59.833],[17.043,59.838],[17.038,59.842],[17.055,59.85],[17.061,59.854],[17.078,59.859],[17.091,59.87],[17.115,59.885],[17.119,59.883],[17.118,59.889],[17.128,59.888],[17.124,59.9],[17.126,59.906],[17.127,59.919],[17.124,59.919],[17.127,59.925],[17.129,59.946],[17.133,59.954],[17.128,59.967],[17.124,59.971],[17.113,59.969],[17.107,59.971],[17.085,59.971],[17.08,59.972],[17.084,59.978],[17.086,59.984],[17.085,59.991],[17.108,59.997],[17.127,60],[17.142,60],[17.147,60.001],[17.16,60.007],[17.17,60.02],[17.179,60.026],[17.193,60.033],[17.207,60.045],[17.231,60.041],[17.252,60.039],[17.279,60.044],[17.294,60.06],[17.303,60.065],[17.308,60.078],[17.309,60.086],[17.298,60.106],[17.303,60.109],[17.309,60.107],[17.316,60.113],[17.314,60.117],[17.323,60.126],[17.322,60.134],[17.336,60.157],[17.359,60.194],[17.363,60.196],[17.365,60.211],[17.369,60.211],[17.375,60.228],[17.346,60.246],[17.34,60.247],[17.335,60.246],[17.329,60.247],[17.314,60.254],[17.303,60.257],[17.285,60.259],[17.265,60.276],[17.248,60.286],[17.21,60.303],[17.194,60.301],[17.181,60.299],[17.158,60.287],[17.13,60.288],[17.12,60.286],[17.103,60.281],[17.11,60.271],[17.113,60.269],[17.082,60.259],[17.058,60.273],[17.042,60.275],[17.022,60.273],[17.015,60.273],[17.001,60.276],[16.992,60.288],[16.981,60.295],[16.969,60.295],[16.961,60.292],[16.962,60.287],[16.929,60.287],[16.909,60.281]]]}},{"type":"Feature","properties":{"id":305453,"maakond_id":402,"name":"Tierps kommun","bbox":[17.189,60.088,18.476,60.852]},"geometry":{"type":"Polygon","coordinates":[[[18.102,60.852],[17.854,60.693],[17.716,60.604],[17.66,60.6],[17.574,60.576],[17.564,60.573],[17.546,60.564],[17.515,60.562],[17.48,60.539],[17.5,60.534],[17.511,60.534],[17.513,60.527],[17.504,60.519],[17.501,60.519],[17.494,60.513],[17.501,60.511],[17.5,60.508],[17.492,60.507],[17.487,60.497],[17.477,60.498],[17.478,60.49],[17.434,60.463],[17.414,60.46],[17.408,60.46],[17.394,60.462],[17.395,60.467],[17.383,60.465],[17.377,60.467],[17.368,60.466],[17.362,60.472],[17.357,60.471],[17.353,60.473],[17.35,60.468],[17.342,60.468],[17.34,60.471],[17.332,60.469],[17.321,60.47],[17.323,60.448],[17.288,60.447],[17.258,60.425],[17.255,60.427],[17.257,60.432],[17.254,60.435],[17.236,60.432],[17.218,60.434],[17.217,60.427],[17.217,60.42],[17.207,60.417],[17.202,60.413],[17.196,60.41],[17.192,60.404],[17.194,60.401],[17.191,60.394],[17.194,60.391],[17.189,60.382],[17.199,60.379],[17.2,60.366],[17.213,60.364],[17.197,60.345],[17.199,60.308],[17.194,60.301],[17.21,60.303],[17.248,60.286],[17.265,60.276],[17.285,60.259],[17.303,60.257],[17.314,60.254],[17.329,60.247],[17.335,60.246],[17.34,60.247],[17.346,60.246],[17.375,60.228],[17.369,60.211],[17.365,60.211],[17.363,60.196],[17.359,60.194],[17.336,60.157],[17.322,60.134],[17.364,60.151],[17.373,60.145],[17.379,60.143],[17.392,60.144],[17.4,60.145],[17.411,60.155],[17.42,60.158],[17.436,60.155],[17.444,60.165],[17.449,60.167],[17.441,60.168],[17.464,60.179],[17.469,60.176],[17.473,60.178],[17.474,60.184],[17.479,60.186],[17.485,60.176],[17.492,60.17],[17.494,60.166],[17.499,60.15],[17.509,60.14],[17.514,60.134],[17.524,60.128],[17.544,60.114],[17.55,60.109],[17.558,60.096],[17.56,60.1],[17.567,60.097],[17.568,60.094],[17.573,60.089],[17.577,60.09],[17.583,60.088],[17.592,60.089],[17.593,60.094],[17.601,60.096],[17.617,60.097],[17.621,60.095],[17.627,60.097],[17.616,60.106],[17.611,60.107],[17.61,60.11],[17.639,60.119],[17.639,60.121],[17.668,60.126],[17.679,60.128],[17.716,60.134],[17.712,60.141],[17.707,60.151],[17.71,60.162],[17.718,60.166],[17.735,60.176],[17.734,60.185],[17.743,60.193],[17.751,60.197],[17.757,60.203],[17.758,60.22],[17.763,60.218],[17.774,60.218],[17.786,60.22],[17.771,60.223],[17.773,60.229],[17.777,60.231],[17.797,60.23],[17.798,60.251],[17.815,60.262],[17.82,60.28],[17.827,60.28],[17.823,60.289],[17.83,60.289],[17.833,60.292],[17.847,60.291],[17.859,60.296],[17.863,60.301],[17.872,60.305],[17.879,60.304],[17.902,60.308],[17.92,60.307],[17.921,60.309],[17.926,60.322],[17.931,60.33],[17.952,60.326],[17.966,60.329],[17.973,60.344],[17.973,60.351],[17.976,60.367],[17.975,60.392],[17.979,60.396],[17.987,60.399],[17.999,60.401],[18.011,60.4],[18.021,60.403],[18.025,60.4],[18.045,60.401],[18.066,60.409],[18.078,60.417],[18.091,60.426],[18.101,60.432],[18.113,60.431],[18.131,60.437],[18.156,60.443],[18.22,60.457],[18.319,60.578],[18.476,60.769],[18.303,60.798],[18.223,60.812],[18.198,60.819],[18.176,60.823],[18.102,60.852]],[[17.843,60.309],[17.836,60.302],[17.826,60.302],[17.821,60.309],[17.843,60.309]],[[17.863,60.308],[17.856,60.302],[17.844,60.309],[17.86,60.31],[17.863,60.308]]]}},{"type":"Feature","properties":{"id":305455,"maakond_id":402,"name":"Uppsala kommun","bbox":[17.08,59.731,18.473,60.186]},"geometry":{"type":"MultiPolygon","coordinates":[[[[17.119,59.883],[17.129,59.88],[17.138,59.881],[17.14,59.877],[17.145,59.873],[17.147,59.869],[17.17,59.863],[17.166,59.86],[17.155,59.852],[17.156,59.845],[17.161,59.845],[17.182,59.83],[17.191,59.831],[17.19,59.825],[17.197,59.827],[17.202,59.832],[17.213,59.833],[17.227,59.821],[17.233,59.82],[17.232,59.817],[17.242,59.807],[17.282,59.784],[17.29,59.789],[17.315,59.793],[17.34,59.785],[17.35,59.785],[17.355,59.783],[17.363,59.788],[17.371,59.789],[17.371,59.785],[17.381,59.78],[17.383,59.776],[17.389,59.772],[17.392,59.764],[17.393,59.759],[17.402,59.745],[17.408,59.739],[17.41,59.732],[17.432,59.731],[17.439,59.732],[17.481,59.734],[17.539,59.733],[17.565,59.734],[17.583,59.739],[17.61,59.745],[17.613,59.761],[17.622,59.773],[17.646,59.781],[17.654,59.787],[17.66,59.786],[17.67,59.795],[17.676,59.789],[17.675,59.78],[17.672,59.777],[17.696,59.767],[17.71,59.768],[17.728,59.77],[17.735,59.774],[17.757,59.778],[17.759,59.78],[17.764,59.782],[17.763,59.787],[17.771,59.801],[17.778,59.805],[17.781,59.806],[17.793,59.815],[17.794,59.817],[17.805,59.824],[17.809,59.823],[17.818,59.823],[17.833,59.821],[17.843,59.821],[17.862,59.815],[17.864,59.816],[17.879,59.814],[17.889,59.815],[17.901,59.819],[17.909,59.819],[17.914,59.816],[17.923,59.816],[17.935,59.812],[17.942,59.815],[17.961,59.807],[17.97,59.806],[17.981,59.809],[17.986,59.809],[18.001,59.81],[18.007,59.812],[18.025,59.823],[18.028,59.827],[18.033,59.826],[18.053,59.82],[18.058,59.811],[18.065,59.809],[18.085,59.812],[18.097,59.811],[18.108,59.815],[18.125,59.818],[18.132,59.82],[18.153,59.823],[18.175,59.827],[18.198,59.832],[18.206,59.829],[18.22,59.828],[18.238,59.833],[18.26,59.836],[18.264,59.846],[18.273,59.851],[18.298,59.854],[18.314,59.857],[18.312,59.859],[18.327,59.861],[18.337,59.863],[18.354,59.862],[18.365,59.865],[18.363,59.873],[18.381,59.879],[18.39,59.884],[18.393,59.89],[18.403,59.893],[18.404,59.899],[18.394,59.913],[18.394,59.919],[18.387,59.923],[18.378,59.931],[18.377,59.936],[18.382,59.941],[18.384,59.946],[18.389,59.95],[18.39,59.954],[18.403,59.957],[18.423,59.956],[18.429,59.965],[18.427,59.982],[18.445,59.99],[18.451,59.994],[18.459,59.995],[18.462,59.994],[18.471,59.999],[18.473,60.004],[18.468,60.007],[18.449,60.012],[18.448,60.016],[18.436,60.019],[18.418,60.025],[18.401,60.034],[18.399,60.035],[18.388,60.041],[18.397,60.046],[18.396,60.05],[18.39,60.054],[18.389,60.059],[18.376,60.062],[18.365,60.06],[18.364,60.063],[18.357,60.064],[18.35,60.066],[18.319,60.061],[18.327,60.054],[18.327,60.051],[18.333,60.044],[18.339,60.038],[18.312,60.036],[18.297,60.034],[18.273,60.034],[18.263,60.035],[18.249,60.033],[18.233,60.03],[18.236,60.027],[18.231,60.023],[18.219,60.025],[18.212,60.024],[18.206,60.025],[18.188,60.029],[18.175,60.031],[18.163,60.034],[18.146,60.035],[18.138,60.035],[18.128,60.039],[18.109,60.042],[18.079,60.048],[18.066,60.05],[18.049,60.043],[18.066,60.04],[18.063,60.035],[18.046,60.032],[18.038,60.033],[18.039,60.027],[18.037,60.023],[18.024,60.023],[18.022,60.026],[18.016,60.031],[18.004,60.04],[17.995,60.043],[17.991,60.048],[17.996,60.051],[17.985,60.059],[17.961,60.06],[17.947,60.062],[17.915,60.063],[17.907,60.059],[17.89,60.073],[17.904,60.087],[17.899,60.09],[17.898,60.096],[17.895,60.097],[17.895,60.109],[17.898,60.114],[17.891,60.115],[17.889,60.111],[17.885,60.108],[17.889,60.106],[17.888,60.103],[17.853,60.103],[17.845,60.103],[17.846,60.106],[17.852,60.106],[17.861,60.109],[17.855,60.111],[17.846,60.112],[17.847,60.124],[17.852,60.136],[17.839,60.142],[17.827,60.144],[17.824,60.146],[17.804,60.149],[17.794,60.139],[17.779,60.137],[17.757,60.126],[17.745,60.128],[17.745,60.132],[17.742,60.135],[17.735,60.136],[17.732,60.139],[17.712,60.141],[17.716,60.134],[17.679,60.128],[17.668,60.126],[17.639,60.121],[17.639,60.119],[17.61,60.11],[17.611,60.107],[17.616,60.106],[17.627,60.097],[17.621,60.095],[17.617,60.097],[17.601,60.096],[17.593,60.094],[17.592,60.089],[17.583,60.088],[17.577,60.09],[17.573,60.089],[17.568,60.094],[17.567,60.097],[17.56,60.1],[17.558,60.096],[17.55,60.109],[17.544,60.114],[17.524,60.128],[17.514,60.134],[17.509,60.14],[17.499,60.15],[17.494,60.166],[17.492,60.17],[17.485,60.176],[17.479,60.186],[17.474,60.184],[17.473,60.178],[17.469,60.176],[17.464,60.179],[17.441,60.168],[17.449,60.167],[17.444,60.165],[17.436,60.155],[17.42,60.158],[17.411,60.155],[17.4,60.145],[17.392,60.144],[17.379,60.143],[17.373,60.145],[17.364,60.151],[17.322,60.134],[17.323,60.126],[17.314,60.117],[17.316,60.113],[17.309,60.107],[17.303,60.109],[17.298,60.106],[17.309,60.086],[17.308,60.078],[17.303,60.065],[17.294,60.06],[17.279,60.044],[17.252,60.039],[17.231,60.041],[17.207,60.045],[17.193,60.033],[17.179,60.026],[17.17,60.02],[17.16,60.007],[17.147,60.001],[17.142,60],[17.127,60],[17.108,59.997],[17.085,59.991],[17.086,59.984],[17.084,59.978],[17.08,59.972],[17.085,59.971],[17.107,59.971],[17.113,59.969],[17.124,59.971],[17.128,59.967],[17.133,59.954],[17.129,59.946],[17.127,59.925],[17.124,59.919],[17.127,59.919],[17.126,59.906],[17.124,59.9],[17.128,59.888],[17.118,59.889],[17.119,59.883]]],[[[17.142,60],[17.149,60.006],[17.146,60.009],[17.135,60.011],[17.142,60]]],[[[17.874,60.106],[17.881,60.108],[17.878,60.112],[17.871,60.108],[17.874,60.106]]]]}},{"type":"Feature","properties":{"id":307848,"maakond_id":416,"name":"Leksands kommun","bbox":[14.363,60.542,15.637,60.94]},"geometry":{"type":"MultiPolygon","coordinates":[[[[15.335,60.85],[15.244,60.821],[15.233,60.821],[15.228,60.819],[15.224,60.815],[15.216,60.815],[15.21,60.813],[15.204,60.817],[15.193,60.812],[15.168,60.82],[15.162,60.82],[15.152,60.823],[15.149,60.823],[15.138,60.827],[15.13,60.827],[15.118,60.825],[15.109,60.825],[15.09,60.83],[15.088,60.834],[15.085,60.838],[15.079,60.839],[15.073,60.844],[15.066,60.844],[15.06,60.845],[15.031,60.845],[15.01,60.864],[14.959,60.853],[14.944,60.871],[14.927,60.87],[14.922,60.874],[14.902,60.874],[14.899,60.872],[14.893,60.875],[14.883,60.873],[14.88,60.876],[14.894,60.877],[14.895,60.88],[14.906,60.88],[14.917,60.883],[14.913,60.887],[14.906,60.886],[14.908,60.891],[14.892,60.894],[14.889,60.896],[14.888,60.896],[14.886,60.899],[14.888,60.905],[14.88,60.907],[14.867,60.896],[14.87,60.888],[14.858,60.88],[14.694,60.828],[14.662,60.82],[14.645,60.811],[14.614,60.794],[14.545,60.757],[14.51,60.744],[14.467,60.729],[14.448,60.717],[14.413,60.694],[14.363,60.693],[14.386,60.651],[14.435,60.625],[14.536,60.572],[14.575,60.567],[14.628,60.56],[14.708,60.561],[14.735,60.559],[14.79,60.556],[14.83,60.55],[14.892,60.542],[14.901,60.543],[14.953,60.567],[15.005,60.591],[15.01,60.595],[15.012,60.603],[15.025,60.607],[15.033,60.604],[15.038,60.609],[15.038,60.613],[15.043,60.619],[15.046,60.624],[15.056,60.623],[15.067,60.632],[15.07,60.638],[15.113,60.637],[15.134,60.631],[15.176,60.62],[15.187,60.619],[15.239,60.628],[15.303,60.627],[15.321,60.635],[15.333,60.639],[15.402,60.662],[15.416,60.672],[15.426,60.687],[15.417,60.69],[15.409,60.689],[15.398,60.696],[15.395,60.705],[15.397,60.708],[15.389,60.709],[15.381,60.712],[15.371,60.713],[15.36,60.717],[15.355,60.716],[15.35,60.712],[15.328,60.708],[15.329,60.706],[15.319,60.704],[15.318,60.702],[15.297,60.7],[15.286,60.698],[15.285,60.706],[15.277,60.707],[15.275,60.712],[15.266,60.711],[15.264,60.715],[15.271,60.721],[15.278,60.726],[15.288,60.729],[15.285,60.731],[15.29,60.737],[15.323,60.738],[15.328,60.744],[15.334,60.743],[15.332,60.739],[15.358,60.74],[15.328,60.752],[15.325,60.756],[15.328,60.76],[15.336,60.758],[15.339,60.765],[15.356,60.779],[15.36,60.781],[15.366,60.78],[15.373,60.789],[15.38,60.791],[15.38,60.795],[15.39,60.797],[15.425,60.794],[15.426,60.798],[15.433,60.796],[15.447,60.802],[15.459,60.795],[15.533,60.816],[15.528,60.821],[15.537,60.823],[15.53,60.831],[15.523,60.831],[15.521,60.833],[15.527,60.835],[15.522,60.839],[15.541,60.839],[15.545,60.819],[15.555,60.822],[15.625,60.842],[15.623,60.844],[15.637,60.85],[15.62,60.862],[15.595,60.855],[15.562,60.855],[15.556,60.875],[15.562,60.877],[15.59,60.862],[15.593,60.866],[15.596,60.87],[15.593,60.88],[15.597,60.881],[15.581,60.89],[15.574,60.897],[15.572,60.898],[15.516,60.883],[15.489,60.876],[15.504,60.865],[15.484,60.856],[15.475,60.839],[15.455,60.818],[15.452,60.817],[15.435,60.823],[15.437,60.827],[15.444,60.827],[15.446,60.83],[15.466,60.841],[15.466,60.847],[15.471,60.859],[15.463,60.864],[15.463,60.869],[15.365,60.855],[15.363,60.85],[15.345,60.848],[15.337,60.848],[15.335,60.85]],[[15.379,60.803],[15.372,60.811],[15.368,60.81],[15.362,60.812],[15.359,60.816],[15.352,60.817],[15.356,60.832],[15.368,60.831],[15.38,60.831],[15.397,60.829],[15.403,60.829],[15.402,60.82],[15.406,60.82],[15.407,60.827],[15.418,60.824],[15.411,60.815],[15.42,60.809],[15.411,60.808],[15.396,60.811],[15.39,60.81],[15.393,60.804],[15.379,60.803]],[[14.905,60.864],[14.913,60.864],[14.92,60.866],[14.922,60.863],[14.948,60.848],[14.936,60.842],[14.922,60.843],[14.909,60.843],[14.904,60.843],[14.902,60.861],[14.904,60.864],[14.905,60.864]],[[15.286,60.763],[15.277,60.764],[15.278,60.766],[15.274,60.773],[15.256,60.771],[15.259,60.774],[15.276,60.775],[15.276,60.779],[15.291,60.782],[15.314,60.774],[15.313,60.768],[15.315,60.758],[15.298,60.763],[15.286,60.763]],[[15.501,60.828],[15.505,60.821],[15.502,60.82],[15.487,60.824],[15.484,60.83],[15.499,60.831],[15.502,60.838],[15.51,60.839],[15.515,60.836],[15.516,60.832],[15.522,60.827],[15.512,60.824],[15.501,60.828]],[[14.884,60.868],[14.884,60.866],[14.852,60.851],[14.835,60.852],[14.882,60.867],[14.884,60.868]],[[15.457,60.859],[15.467,60.86],[15.464,60.85],[15.46,60.85],[15.457,60.843],[15.451,60.851],[15.448,60.858],[15.457,60.859]],[[14.842,60.561],[14.844,60.563],[14.858,60.561],[14.858,60.555],[14.839,60.557],[14.842,60.561]],[[14.839,60.556],[14.858,60.554],[14.857,60.547],[14.842,60.549],[14.845,60.551],[14.839,60.556]],[[15.262,60.734],[15.268,60.738],[15.278,60.733],[15.27,60.728],[15.265,60.73],[15.262,60.734]],[[15.483,60.83],[15.479,60.837],[15.487,60.837],[15.492,60.831],[15.483,60.83]],[[15.032,60.631],[15.038,60.631],[15.045,60.629],[15.044,60.626],[15.034,60.629],[15.032,60.631]],[[15.367,60.712],[15.375,60.712],[15.38,60.71],[15.372,60.708],[15.367,60.712]],[[15.219,60.742],[15.226,60.743],[15.218,60.737],[15.215,60.738],[15.219,60.742]]],[[[14.924,60.939],[14.911,60.94],[14.909,60.93],[14.889,60.915],[14.897,60.914],[14.904,60.911],[14.93,60.891],[14.955,60.893],[14.966,60.893],[14.976,60.896],[14.969,60.899],[14.963,60.904],[14.959,60.905],[14.95,60.901],[14.941,60.902],[14.946,60.918],[14.938,60.926],[14.933,60.933],[14.924,60.939]]],[[[15.393,60.813],[15.401,60.816],[15.396,60.82],[15.383,60.816],[15.387,60.812],[15.393,60.813]]],[[[15.472,60.859],[15.468,60.849],[15.473,60.849],[15.476,60.857],[15.472,60.859]]]]}},{"type":"Feature","properties":{"id":307849,"maakond_id":416,"name":"Gagnefs kommun","bbox":[14.536,60.275,15.303,60.638]},"geometry":{"type":"MultiPolygon","coordinates":[[[[15.303,60.627],[15.239,60.628],[15.187,60.619],[15.176,60.62],[15.134,60.631],[15.113,60.637],[15.07,60.638],[15.067,60.632],[15.056,60.623],[15.046,60.624],[15.043,60.619],[15.038,60.613],[15.038,60.609],[15.033,60.604],[15.025,60.607],[15.012,60.603],[15.01,60.595],[15.005,60.591],[14.953,60.567],[14.901,60.543],[14.892,60.542],[14.83,60.55],[14.79,60.556],[14.735,60.559],[14.708,60.561],[14.628,60.56],[14.575,60.567],[14.536,60.572],[14.55,60.556],[14.602,60.485],[14.613,60.471],[14.619,60.435],[14.627,60.403],[14.634,60.378],[14.61,60.324],[14.634,60.289],[14.633,60.275],[14.684,60.283],[14.714,60.293],[14.745,60.317],[14.75,60.314],[14.753,60.302],[14.766,60.3],[14.773,60.303],[14.776,60.308],[14.784,60.308],[14.796,60.305],[14.798,60.31],[14.795,60.313],[14.782,60.328],[14.774,60.324],[14.761,60.329],[14.779,60.344],[14.783,60.352],[14.81,60.372],[14.826,60.373],[14.88,60.375],[14.939,60.375],[14.939,60.373],[14.949,60.372],[14.953,60.373],[15.012,60.362],[15.095,60.415],[15.096,60.42],[15.096,60.433],[15.108,60.45],[15.13,60.464],[15.157,60.477],[15.176,60.467],[15.182,60.471],[15.166,60.482],[15.212,60.504],[15.224,60.512],[15.247,60.524],[15.263,60.546],[15.272,60.543],[15.272,60.547],[15.26,60.547],[15.256,60.551],[15.248,60.552],[15.242,60.552],[15.242,60.564],[15.25,60.581],[15.267,60.601],[15.279,60.605],[15.279,60.61],[15.284,60.618],[15.303,60.627]]],[[[14.842,60.561],[14.839,60.557],[14.858,60.555],[14.858,60.561],[14.844,60.563],[14.842,60.561]]],[[[14.839,60.556],[14.845,60.551],[14.842,60.549],[14.857,60.547],[14.858,60.554],[14.839,60.556]]],[[[15.066,60.382],[15.066,60.379],[15.07,60.378],[15.083,60.384],[15.067,60.386],[15.066,60.382]]],[[[15.032,60.631],[15.034,60.629],[15.044,60.626],[15.045,60.629],[15.038,60.631],[15.032,60.631]]]]}},{"type":"Feature","properties":{"id":307850,"maakond_id":416,"name":"Borlänge kommun","bbox":[15.096,60.269,15.704,60.639]},"geometry":{"type":"MultiPolygon","coordinates":[[[[15.704,60.454],[15.704,60.456],[15.694,60.46],[15.662,60.473],[15.661,60.478],[15.656,60.488],[15.653,60.501],[15.65,60.508],[15.65,60.515],[15.667,60.535],[15.653,60.539],[15.636,60.533],[15.635,60.527],[15.627,60.527],[15.614,60.53],[15.61,60.527],[15.602,60.529],[15.588,60.532],[15.598,60.538],[15.583,60.543],[15.579,60.541],[15.565,60.54],[15.556,60.539],[15.55,60.533],[15.541,60.526],[15.53,60.523],[15.524,60.524],[15.517,60.522],[15.509,60.522],[15.513,60.526],[15.5,60.534],[15.495,60.532],[15.489,60.535],[15.479,60.534],[15.467,60.538],[15.456,60.54],[15.448,60.55],[15.45,60.552],[15.443,60.559],[15.439,60.563],[15.431,60.556],[15.428,60.551],[15.42,60.553],[15.418,60.551],[15.409,60.553],[15.415,60.557],[15.412,60.559],[15.403,60.557],[15.383,60.571],[15.372,60.576],[15.357,60.574],[15.347,60.581],[15.353,60.591],[15.347,60.592],[15.333,60.6],[15.338,60.602],[15.364,60.593],[15.368,60.589],[15.38,60.583],[15.385,60.582],[15.405,60.59],[15.401,60.594],[15.389,60.599],[15.385,60.599],[15.381,60.602],[15.37,60.606],[15.36,60.612],[15.347,60.617],[15.344,60.623],[15.339,60.628],[15.338,60.634],[15.333,60.639],[15.321,60.635],[15.303,60.627],[15.284,60.618],[15.279,60.61],[15.279,60.605],[15.267,60.601],[15.25,60.581],[15.242,60.564],[15.242,60.552],[15.248,60.552],[15.256,60.551],[15.26,60.547],[15.272,60.547],[15.272,60.543],[15.263,60.546],[15.247,60.524],[15.224,60.512],[15.212,60.504],[15.166,60.482],[15.182,60.471],[15.176,60.467],[15.157,60.477],[15.13,60.464],[15.108,60.45],[15.096,60.433],[15.096,60.42],[15.112,60.386],[15.122,60.366],[15.139,60.353],[15.137,60.353],[15.144,60.341],[15.152,60.334],[15.147,60.324],[15.174,60.331],[15.179,60.329],[15.186,60.334],[15.193,60.336],[15.2,60.332],[15.201,60.329],[15.212,60.329],[15.202,60.32],[15.2,60.315],[15.207,60.311],[15.209,60.305],[15.219,60.302],[15.22,60.301],[15.231,60.302],[15.239,60.301],[15.248,60.301],[15.312,60.302],[15.344,60.31],[15.335,60.331],[15.352,60.337],[15.393,60.336],[15.391,60.349],[15.4,60.351],[15.407,60.347],[15.43,60.342],[15.419,60.356],[15.42,60.358],[15.467,60.361],[15.478,60.367],[15.495,60.372],[15.528,60.386],[15.534,60.381],[15.552,60.378],[15.561,60.385],[15.561,60.397],[15.554,60.398],[15.554,60.403],[15.548,60.409],[15.554,60.419],[15.561,60.422],[15.555,60.429],[15.559,60.433],[15.557,60.436],[15.57,60.438],[15.579,60.44],[15.585,60.439],[15.608,60.448],[15.616,60.453],[15.621,60.449],[15.629,60.444],[15.63,60.441],[15.634,60.439],[15.642,60.44],[15.663,60.445],[15.704,60.454]]],[[[15.429,60.269],[15.427,60.292],[15.413,60.29],[15.403,60.291],[15.402,60.286],[15.377,60.276],[15.384,60.276],[15.429,60.269]]],[[[15.481,60.322],[15.486,60.318],[15.507,60.325],[15.489,60.336],[15.479,60.331],[15.477,60.327],[15.481,60.322]]],[[[15.459,60.337],[15.468,60.34],[15.475,60.335],[15.481,60.337],[15.467,60.347],[15.461,60.347],[15.453,60.341],[15.443,60.337],[15.452,60.335],[15.459,60.337]]]]}},{"type":"Feature","properties":{"id":307884,"maakond_id":416,"name":"Smedjebackens kommun","bbox":[15.125,59.854,15.801,60.287]},"geometry":{"type":"Polygon","coordinates":[[[15.657,60.219],[15.622,60.227],[15.598,60.232],[15.564,60.241],[15.528,60.248],[15.526,60.245],[15.515,60.247],[15.495,60.254],[15.493,60.256],[15.497,60.264],[15.485,60.271],[15.478,60.27],[15.445,60.267],[15.429,60.269],[15.384,60.276],[15.377,60.276],[15.364,60.276],[15.357,60.278],[15.348,60.276],[15.339,60.278],[15.33,60.277],[15.304,60.277],[15.3,60.279],[15.293,60.277],[15.287,60.283],[15.262,60.286],[15.258,60.287],[15.236,60.28],[15.231,60.272],[15.233,60.263],[15.229,60.263],[15.227,60.258],[15.234,60.253],[15.236,60.248],[15.244,60.22],[15.245,60.206],[15.245,60.189],[15.238,60.163],[15.225,60.161],[15.224,60.157],[15.221,60.154],[15.23,60.147],[15.222,60.143],[15.24,60.132],[15.225,60.123],[15.221,60.118],[15.222,60.105],[15.226,60.102],[15.217,60.097],[15.209,60.101],[15.204,60.098],[15.195,60.087],[15.177,60.077],[15.177,60.071],[15.174,60.069],[15.166,60.069],[15.153,60.057],[15.136,60.044],[15.125,60.008],[15.178,60.004],[15.205,60.002],[15.228,59.976],[15.269,59.95],[15.331,59.909],[15.355,59.894],[15.355,59.89],[15.362,59.885],[15.36,59.881],[15.371,59.874],[15.379,59.878],[15.422,59.854],[15.46,59.895],[15.467,59.893],[15.487,59.898],[15.489,59.903],[15.484,59.903],[15.48,59.911],[15.479,59.914],[15.496,59.927],[15.501,59.928],[15.494,59.934],[15.493,59.936],[15.531,59.957],[15.602,59.948],[15.606,59.944],[15.616,59.938],[15.626,59.936],[15.659,59.939],[15.682,59.938],[15.678,59.941],[15.678,59.945],[15.686,59.948],[15.693,59.948],[15.705,59.96],[15.704,59.965],[15.711,59.965],[15.72,59.974],[15.715,59.976],[15.717,59.981],[15.714,59.984],[15.717,59.989],[15.714,59.996],[15.714,60],[15.706,60.007],[15.707,60.008],[15.699,60.015],[15.715,60.018],[15.731,60.023],[15.731,60.03],[15.725,60.031],[15.713,60.029],[15.708,60.03],[15.695,60.035],[15.682,60.052],[15.696,60.048],[15.699,60.045],[15.707,60.045],[15.709,60.05],[15.708,60.058],[15.722,60.063],[15.722,60.071],[15.724,60.074],[15.738,60.08],[15.733,60.082],[15.723,60.081],[15.712,60.082],[15.721,60.093],[15.727,60.093],[15.73,60.097],[15.735,60.099],[15.747,60.1],[15.748,60.111],[15.76,60.116],[15.765,60.131],[15.752,60.13],[15.739,60.13],[15.726,60.128],[15.726,60.138],[15.725,60.145],[15.749,60.147],[15.757,60.146],[15.767,60.148],[15.776,60.153],[15.793,60.165],[15.8,60.177],[15.801,60.177],[15.729,60.199],[15.657,60.219]]]}},{"type":"Feature","properties":{"id":307885,"maakond_id":415,"name":"Norbergs kommun","bbox":[15.682,59.937,16.206,60.187]},"geometry":{"type":"Polygon","coordinates":[[[15.801,60.177],[15.8,60.177],[15.793,60.165],[15.776,60.153],[15.767,60.148],[15.757,60.146],[15.749,60.147],[15.725,60.145],[15.726,60.138],[15.726,60.128],[15.739,60.13],[15.752,60.13],[15.765,60.131],[15.76,60.116],[15.748,60.111],[15.747,60.1],[15.735,60.099],[15.73,60.097],[15.727,60.093],[15.721,60.093],[15.712,60.082],[15.723,60.081],[15.733,60.082],[15.738,60.08],[15.724,60.074],[15.722,60.071],[15.722,60.063],[15.708,60.058],[15.709,60.05],[15.707,60.045],[15.699,60.045],[15.696,60.048],[15.682,60.052],[15.695,60.035],[15.708,60.03],[15.713,60.029],[15.725,60.031],[15.731,60.03],[15.731,60.023],[15.738,60.02],[15.748,60.023],[15.759,60.042],[15.769,60.041],[15.783,60.044],[15.788,60.04],[15.8,60.044],[15.819,60.029],[15.858,60.047],[15.87,60.035],[15.872,60.036],[15.878,60.026],[15.877,60.022],[15.882,60.019],[15.881,60.015],[15.913,60.008],[15.913,60.005],[15.919,60.002],[15.939,60.006],[15.949,60.003],[15.961,60.005],[15.97,60.004],[15.974,60.003],[15.991,59.986],[16.014,59.984],[16.022,59.985],[16.037,59.991],[16.051,59.992],[16.055,59.991],[16.06,59.985],[16.066,59.973],[16.075,59.96],[16.073,59.96],[16.092,59.937],[16.121,59.942],[16.131,59.949],[16.144,59.95],[16.163,59.961],[16.156,59.965],[16.148,59.967],[16.142,59.97],[16.149,59.982],[16.148,59.987],[16.145,59.991],[16.163,59.991],[16.172,59.99],[16.206,59.992],[16.197,59.995],[16.189,60.004],[16.189,60.008],[16.181,60.02],[16.187,60.017],[16.177,60.036],[16.185,60.034],[16.186,60.03],[16.197,60.029],[16.198,60.035],[16.195,60.037],[16.189,60.059],[16.192,60.06],[16.187,60.067],[16.184,60.076],[16.182,60.084],[16.142,60.092],[16.161,60.113],[16.16,60.116],[16.164,60.12],[16.132,60.139],[16.116,60.142],[16.097,60.143],[16.071,60.146],[16.057,60.147],[16.052,60.149],[16.046,60.154],[16.043,60.161],[16.038,60.164],[16.034,60.171],[16.029,60.174],[16.024,60.182],[16.017,60.181],[15.998,60.186],[15.985,60.185],[15.969,60.187],[15.966,60.183],[15.946,60.185],[15.927,60.172],[15.907,60.169],[15.882,60.166],[15.836,60.172],[15.801,60.177]]]}},{"type":"Feature","properties":{"id":308557,"maakond_id":402,"name":"Enköpings kommun","bbox":[16.729,59.383,17.542,59.885]},"geometry":{"type":"Polygon","coordinates":[[[17.465,59.507],[17.434,59.547],[17.41,59.56],[17.399,59.569],[17.396,59.575],[17.378,59.597],[17.38,59.608],[17.386,59.622],[17.383,59.626],[17.385,59.631],[17.391,59.635],[17.398,59.645],[17.398,59.649],[17.394,59.657],[17.384,59.662],[17.382,59.665],[17.393,59.663],[17.414,59.662],[17.422,59.66],[17.43,59.663],[17.439,59.664],[17.448,59.662],[17.467,59.664],[17.474,59.666],[17.478,59.674],[17.489,59.681],[17.509,59.684],[17.508,59.694],[17.519,59.698],[17.52,59.704],[17.525,59.71],[17.535,59.712],[17.542,59.716],[17.536,59.72],[17.536,59.726],[17.539,59.733],[17.481,59.734],[17.439,59.732],[17.432,59.731],[17.41,59.732],[17.408,59.739],[17.402,59.745],[17.393,59.759],[17.392,59.764],[17.389,59.772],[17.383,59.776],[17.381,59.78],[17.371,59.785],[17.371,59.789],[17.363,59.788],[17.355,59.783],[17.35,59.785],[17.34,59.785],[17.315,59.793],[17.29,59.789],[17.282,59.784],[17.242,59.807],[17.232,59.817],[17.233,59.82],[17.227,59.821],[17.213,59.833],[17.202,59.832],[17.197,59.827],[17.19,59.825],[17.191,59.831],[17.182,59.83],[17.161,59.845],[17.156,59.845],[17.155,59.852],[17.166,59.86],[17.17,59.863],[17.147,59.869],[17.145,59.873],[17.14,59.877],[17.138,59.881],[17.129,59.88],[17.119,59.883],[17.115,59.885],[17.091,59.87],[17.078,59.859],[17.061,59.854],[17.055,59.85],[17.038,59.842],[17.043,59.838],[17.024,59.833],[17.021,59.83],[17.012,59.828],[17.002,59.828],[16.988,59.842],[16.978,59.846],[16.964,59.855],[16.96,59.859],[16.961,59.862],[16.938,59.866],[16.933,59.867],[16.917,59.864],[16.916,59.866],[16.91,59.868],[16.883,59.867],[16.857,59.864],[16.858,59.866],[16.843,59.871],[16.822,59.876],[16.812,59.877],[16.799,59.882],[16.801,59.87],[16.815,59.867],[16.829,59.863],[16.837,59.86],[16.818,59.852],[16.813,59.852],[16.801,59.844],[16.814,59.838],[16.818,59.836],[16.81,59.833],[16.81,59.826],[16.8,59.825],[16.805,59.82],[16.81,59.819],[16.808,59.816],[16.804,59.814],[16.793,59.815],[16.787,59.811],[16.789,59.807],[16.774,59.805],[16.769,59.802],[16.765,59.802],[16.765,59.797],[16.754,59.791],[16.729,59.777],[16.743,59.768],[16.748,59.764],[16.753,59.762],[16.758,59.757],[16.764,59.755],[16.776,59.746],[16.782,59.739],[16.781,59.735],[16.784,59.732],[16.781,59.724],[16.784,59.718],[16.808,59.714],[16.816,59.71],[16.823,59.698],[16.82,59.694],[16.824,59.689],[16.841,59.681],[16.84,59.68],[16.849,59.671],[16.855,59.667],[16.854,59.663],[16.862,59.652],[16.862,59.647],[16.873,59.632],[16.874,59.626],[16.879,59.619],[16.888,59.603],[16.891,59.601],[16.902,59.584],[16.909,59.577],[16.911,59.573],[16.917,59.565],[16.921,59.548],[16.926,59.546],[16.966,59.52],[16.986,59.518],[16.996,59.513],[17.03,59.508],[17.038,59.511],[17.046,59.516],[17.064,59.511],[17.079,59.523],[17.084,59.531],[17.118,59.526],[17.13,59.52],[17.142,59.516],[17.144,59.512],[17.15,59.508],[17.153,59.5],[17.152,59.497],[17.155,59.49],[17.159,59.485],[17.182,59.479],[17.208,59.463],[17.291,59.446],[17.303,59.442],[17.311,59.438],[17.336,59.441],[17.354,59.438],[17.357,59.434],[17.365,59.417],[17.389,59.414],[17.383,59.397],[17.415,59.383],[17.433,59.396],[17.427,59.415],[17.429,59.419],[17.426,59.428],[17.436,59.442],[17.453,59.447],[17.48,59.444],[17.487,59.441],[17.504,59.441],[17.502,59.46],[17.497,59.466],[17.465,59.507]]]}},{"type":"Feature","properties":{"id":308558,"maakond_id":402,"name":"Håbo kommun","bbox":[17.378,59.507,17.653,59.745]},"geometry":{"type":"Polygon","coordinates":[[[17.63,59.694],[17.627,59.697],[17.633,59.704],[17.64,59.715],[17.652,59.724],[17.653,59.729],[17.641,59.731],[17.61,59.745],[17.583,59.739],[17.565,59.734],[17.539,59.733],[17.536,59.726],[17.536,59.72],[17.542,59.716],[17.535,59.712],[17.525,59.71],[17.52,59.704],[17.519,59.698],[17.508,59.694],[17.509,59.684],[17.489,59.681],[17.478,59.674],[17.474,59.666],[17.467,59.664],[17.448,59.662],[17.439,59.664],[17.43,59.663],[17.422,59.66],[17.414,59.662],[17.393,59.663],[17.382,59.665],[17.384,59.662],[17.394,59.657],[17.398,59.649],[17.398,59.645],[17.391,59.635],[17.385,59.631],[17.383,59.626],[17.386,59.622],[17.38,59.608],[17.378,59.597],[17.396,59.575],[17.399,59.569],[17.41,59.56],[17.434,59.547],[17.465,59.507],[17.488,59.513],[17.51,59.516],[17.516,59.518],[17.527,59.532],[17.541,59.537],[17.545,59.544],[17.564,59.542],[17.57,59.542],[17.581,59.55],[17.58,59.557],[17.578,59.559],[17.551,59.573],[17.543,59.58],[17.528,59.589],[17.525,59.595],[17.52,59.601],[17.522,59.606],[17.52,59.609],[17.514,59.612],[17.516,59.624],[17.527,59.628],[17.54,59.635],[17.545,59.635],[17.56,59.638],[17.572,59.638],[17.578,59.64],[17.588,59.647],[17.59,59.65],[17.584,59.651],[17.574,59.656],[17.576,59.662],[17.579,59.664],[17.594,59.664],[17.599,59.665],[17.61,59.671],[17.617,59.674],[17.627,59.675],[17.631,59.682],[17.63,59.694]]]}},{"type":"Feature","properties":{"id":312618,"maakond_id":416,"name":"Avesta kommun","bbox":[16.017,60.073,16.705,60.379]},"geometry":{"type":"Polygon","coordinates":[[[16.517,60.355],[16.475,60.366],[16.448,60.372],[16.423,60.379],[16.406,60.377],[16.393,60.379],[16.316,60.346],[16.313,60.34],[16.315,60.335],[16.314,60.329],[16.308,60.322],[16.299,60.313],[16.305,60.306],[16.326,60.294],[16.334,60.281],[16.317,60.278],[16.307,60.278],[16.301,60.275],[16.296,60.275],[16.282,60.272],[16.258,60.268],[16.25,60.249],[16.245,60.247],[16.24,60.248],[16.24,60.254],[16.235,60.258],[16.23,60.251],[16.236,60.249],[16.22,60.246],[16.212,60.243],[16.205,60.23],[16.2,60.227],[16.196,60.23],[16.191,60.23],[16.18,60.233],[16.166,60.235],[16.152,60.246],[16.146,60.246],[16.124,60.247],[16.109,60.252],[16.097,60.248],[16.098,60.246],[16.088,60.237],[16.085,60.227],[16.065,60.205],[16.052,60.199],[16.059,60.194],[16.052,60.194],[16.045,60.189],[16.033,60.192],[16.028,60.19],[16.029,60.186],[16.017,60.181],[16.024,60.182],[16.029,60.174],[16.034,60.171],[16.038,60.164],[16.043,60.161],[16.046,60.154],[16.052,60.149],[16.057,60.147],[16.071,60.146],[16.097,60.143],[16.116,60.142],[16.132,60.139],[16.164,60.12],[16.16,60.116],[16.161,60.113],[16.142,60.092],[16.182,60.084],[16.184,60.076],[16.201,60.076],[16.208,60.073],[16.22,60.076],[16.218,60.08],[16.223,60.083],[16.228,60.079],[16.246,60.079],[16.246,60.077],[16.265,60.073],[16.281,60.073],[16.318,60.074],[16.323,60.075],[16.321,60.079],[16.332,60.08],[16.339,60.078],[16.353,60.075],[16.353,60.081],[16.365,60.081],[16.375,60.08],[16.387,60.081],[16.389,60.085],[16.385,60.089],[16.389,60.091],[16.404,60.089],[16.408,60.092],[16.404,60.102],[16.438,60.125],[16.457,60.129],[16.463,60.131],[16.477,60.132],[16.493,60.135],[16.503,60.137],[16.539,60.137],[16.535,60.145],[16.535,60.148],[16.539,60.151],[16.533,60.153],[16.527,60.165],[16.537,60.171],[16.544,60.175],[16.554,60.173],[16.568,60.175],[16.582,60.18],[16.594,60.181],[16.6,60.18],[16.607,60.181],[16.632,60.185],[16.647,60.184],[16.653,60.189],[16.674,60.193],[16.705,60.195],[16.699,60.205],[16.699,60.209],[16.691,60.215],[16.685,60.217],[16.663,60.227],[16.646,60.232],[16.629,60.239],[16.62,60.265],[16.618,60.273],[16.615,60.279],[16.61,60.283],[16.588,60.294],[16.579,60.298],[16.573,60.306],[16.561,60.318],[16.552,60.331],[16.543,60.34],[16.517,60.355]]]}},{"type":"Feature","properties":{"id":368254,"maakond_id":417,"name":"Ovanåkers kommun","bbox":[15.216,61.008,16.253,61.624]},"geometry":{"type":"Polygon","coordinates":[[[15.216,61.495],[15.242,61.473],[15.301,61.426],[15.343,61.398],[15.44,61.333],[15.543,61.281],[15.657,61.216],[15.662,61.196],[15.675,61.139],[15.68,61.113],[15.707,61.093],[15.762,61.05],[15.921,61.008],[15.932,61.018],[15.953,61.039],[15.959,61.036],[15.968,61.041],[15.959,61.046],[15.97,61.057],[15.978,61.056],[15.998,61.067],[15.98,61.074],[15.985,61.084],[15.996,61.101],[16.034,61.152],[16.046,61.15],[16.059,61.165],[16.046,61.169],[16.049,61.173],[16.058,61.173],[16.067,61.188],[16.058,61.19],[16.077,61.219],[16.074,61.223],[16.067,61.221],[16.052,61.224],[16.067,61.239],[16.088,61.227],[16.091,61.232],[16.089,61.233],[16.108,61.256],[16.112,61.257],[16.123,61.252],[16.132,61.257],[16.127,61.258],[16.131,61.261],[16.112,61.265],[16.157,61.319],[16.172,61.337],[16.175,61.342],[16.174,61.345],[16.179,61.353],[16.186,61.352],[16.187,61.359],[16.191,61.359],[16.206,61.378],[16.217,61.393],[16.21,61.396],[16.212,61.399],[16.219,61.395],[16.228,61.408],[16.253,61.44],[16.211,61.461],[16.215,61.469],[16.22,61.485],[16.206,61.489],[16.192,61.5],[16.137,61.499],[16.085,61.516],[16.038,61.531],[15.847,61.57],[15.842,61.562],[15.833,61.564],[15.833,61.573],[15.774,61.585],[15.742,61.583],[15.659,61.624],[15.589,61.616],[15.514,61.607],[15.461,61.61],[15.403,61.613],[15.406,61.608],[15.401,61.604],[15.413,61.596],[15.41,61.594],[15.415,61.589],[15.419,61.588],[15.424,61.584],[15.432,61.581],[15.422,61.578],[15.436,61.568],[15.435,61.567],[15.399,61.571],[15.394,61.569],[15.376,61.567],[15.337,61.565],[15.298,61.552],[15.296,61.553],[15.266,61.547],[15.277,61.522],[15.27,61.519],[15.263,61.507],[15.254,61.512],[15.238,61.507],[15.244,61.502],[15.216,61.495]]]}},{"type":"Feature","properties":{"id":369474,"maakond_id":401,"name":"Upplands-Bro kommun","bbox":[17.465,59.418,17.836,59.65]},"geometry":{"type":"Polygon","coordinates":[[[17.59,59.65],[17.588,59.647],[17.578,59.64],[17.572,59.638],[17.56,59.638],[17.545,59.635],[17.54,59.635],[17.527,59.628],[17.516,59.624],[17.514,59.612],[17.52,59.609],[17.522,59.606],[17.52,59.601],[17.525,59.595],[17.528,59.589],[17.543,59.58],[17.551,59.573],[17.578,59.559],[17.58,59.557],[17.581,59.55],[17.57,59.542],[17.564,59.542],[17.545,59.544],[17.541,59.537],[17.527,59.532],[17.516,59.518],[17.51,59.516],[17.488,59.513],[17.465,59.507],[17.497,59.466],[17.502,59.46],[17.504,59.441],[17.532,59.44],[17.544,59.442],[17.555,59.439],[17.564,59.442],[17.572,59.434],[17.583,59.43],[17.597,59.43],[17.607,59.428],[17.614,59.436],[17.625,59.437],[17.631,59.447],[17.637,59.452],[17.656,59.446],[17.676,59.44],[17.682,59.433],[17.705,59.431],[17.714,59.422],[17.725,59.418],[17.732,59.421],[17.76,59.43],[17.764,59.44],[17.773,59.449],[17.797,59.467],[17.792,59.472],[17.796,59.487],[17.794,59.493],[17.796,59.496],[17.797,59.502],[17.799,59.509],[17.832,59.522],[17.836,59.527],[17.811,59.534],[17.809,59.568],[17.807,59.576],[17.797,59.584],[17.785,59.586],[17.773,59.592],[17.756,59.596],[17.732,59.6],[17.722,59.605],[17.706,59.606],[17.692,59.614],[17.687,59.613],[17.68,59.615],[17.671,59.616],[17.661,59.622],[17.648,59.629],[17.641,59.634],[17.629,59.634],[17.617,59.639],[17.612,59.641],[17.603,59.641],[17.593,59.649],[17.59,59.65]]]}},{"type":"Feature","properties":{"id":369508,"maakond_id":415,"name":"Sala kommun","bbox":[16.092,59.755,16.837,60.195]},"geometry":{"type":"Polygon","coordinates":[[[16.283,59.774],[16.291,59.78],[16.306,59.787],[16.341,59.793],[16.354,59.8],[16.357,59.808],[16.349,59.813],[16.347,59.821],[16.356,59.823],[16.377,59.814],[16.403,59.821],[16.411,59.824],[16.43,59.834],[16.45,59.839],[16.448,59.842],[16.451,59.845],[16.455,59.846],[16.469,59.839],[16.473,59.839],[16.507,59.823],[16.523,59.817],[16.53,59.82],[16.548,59.811],[16.563,59.798],[16.579,59.798],[16.589,59.798],[16.6,59.792],[16.593,59.789],[16.588,59.792],[16.575,59.789],[16.593,59.774],[16.588,59.771],[16.593,59.766],[16.6,59.766],[16.602,59.764],[16.608,59.763],[16.615,59.759],[16.637,59.759],[16.655,59.755],[16.647,59.763],[16.675,59.772],[16.682,59.772],[16.663,59.782],[16.664,59.787],[16.678,59.791],[16.694,59.789],[16.707,59.783],[16.722,59.782],[16.729,59.777],[16.754,59.791],[16.765,59.797],[16.765,59.802],[16.769,59.802],[16.774,59.805],[16.789,59.807],[16.787,59.811],[16.793,59.815],[16.804,59.814],[16.808,59.816],[16.81,59.819],[16.805,59.82],[16.8,59.825],[16.81,59.826],[16.81,59.833],[16.818,59.836],[16.814,59.838],[16.801,59.844],[16.813,59.852],[16.818,59.852],[16.837,59.86],[16.829,59.863],[16.815,59.867],[16.801,59.87],[16.799,59.882],[16.778,59.89],[16.773,59.894],[16.778,59.906],[16.787,59.905],[16.802,59.909],[16.8,59.915],[16.794,59.946],[16.787,59.948],[16.784,59.953],[16.776,59.955],[16.763,59.949],[16.761,59.953],[16.769,59.96],[16.772,59.964],[16.784,59.962],[16.789,59.966],[16.774,59.974],[16.762,59.975],[16.75,59.977],[16.738,59.983],[16.734,59.989],[16.735,59.993],[16.734,60.002],[16.724,60.001],[16.723,60.005],[16.716,60.011],[16.721,60.016],[16.727,60.032],[16.727,60.043],[16.712,60.056],[16.718,60.057],[16.707,60.072],[16.692,60.083],[16.714,60.089],[16.705,60.109],[16.729,60.111],[16.732,60.113],[16.735,60.118],[16.727,60.121],[16.747,60.136],[16.738,60.148],[16.739,60.153],[16.735,60.156],[16.733,60.162],[16.734,60.166],[16.716,60.185],[16.711,60.187],[16.705,60.195],[16.674,60.193],[16.653,60.189],[16.647,60.184],[16.632,60.185],[16.607,60.181],[16.6,60.18],[16.594,60.181],[16.582,60.18],[16.568,60.175],[16.554,60.173],[16.544,60.175],[16.537,60.171],[16.527,60.165],[16.533,60.153],[16.539,60.151],[16.535,60.148],[16.535,60.145],[16.539,60.137],[16.503,60.137],[16.493,60.135],[16.477,60.132],[16.463,60.131],[16.457,60.129],[16.438,60.125],[16.404,60.102],[16.408,60.092],[16.404,60.089],[16.389,60.091],[16.385,60.089],[16.389,60.085],[16.387,60.081],[16.375,60.08],[16.365,60.081],[16.353,60.081],[16.353,60.075],[16.339,60.078],[16.332,60.08],[16.321,60.079],[16.323,60.075],[16.318,60.074],[16.281,60.073],[16.265,60.073],[16.246,60.077],[16.246,60.079],[16.228,60.079],[16.223,60.083],[16.218,60.08],[16.22,60.076],[16.208,60.073],[16.201,60.076],[16.184,60.076],[16.187,60.067],[16.192,60.06],[16.189,60.059],[16.195,60.037],[16.198,60.035],[16.197,60.029],[16.186,60.03],[16.185,60.034],[16.177,60.036],[16.187,60.017],[16.181,60.02],[16.189,60.008],[16.189,60.004],[16.197,59.995],[16.206,59.992],[16.172,59.99],[16.163,59.991],[16.145,59.991],[16.148,59.987],[16.149,59.982],[16.142,59.97],[16.148,59.967],[16.156,59.965],[16.163,59.961],[16.144,59.95],[16.131,59.949],[16.121,59.942],[16.092,59.937],[16.114,59.91],[16.104,59.905],[16.115,59.891],[16.121,59.887],[16.122,59.882],[16.15,59.874],[16.164,59.865],[16.206,59.851],[16.215,59.839],[16.216,59.825],[16.217,59.817],[16.233,59.803],[16.242,59.802],[16.255,59.794],[16.269,59.782],[16.283,59.774]]]}},{"type":"Feature","properties":{"id":397127,"maakond_id":401,"name":"Sigtuna kommun","bbox":[17.574,59.549,18.153,59.744]},"geometry":{"type":"Polygon","coordinates":[[[17.59,59.65],[17.593,59.649],[17.603,59.641],[17.612,59.641],[17.617,59.639],[17.629,59.634],[17.641,59.634],[17.648,59.629],[17.661,59.622],[17.671,59.616],[17.68,59.615],[17.687,59.613],[17.692,59.614],[17.706,59.606],[17.722,59.605],[17.732,59.6],[17.756,59.596],[17.773,59.592],[17.785,59.586],[17.797,59.584],[17.807,59.576],[17.825,59.573],[17.831,59.57],[17.848,59.57],[17.854,59.566],[17.85,59.558],[17.86,59.556],[17.873,59.552],[17.882,59.555],[17.893,59.553],[17.907,59.557],[17.91,59.557],[17.92,59.564],[17.94,59.558],[17.944,59.556],[17.97,59.559],[17.968,59.554],[17.971,59.549],[17.973,59.556],[17.977,59.558],[17.976,59.562],[17.979,59.564],[17.985,59.566],[17.994,59.567],[17.996,59.566],[18.007,59.568],[18.013,59.571],[18.021,59.568],[18.029,59.568],[18.018,59.576],[18.014,59.575],[18.011,59.582],[18.017,59.593],[18.014,59.596],[18.016,59.6],[18.013,59.61],[18.015,59.616],[18.013,59.624],[18.02,59.626],[18.015,59.638],[18.03,59.636],[18.049,59.636],[18.066,59.637],[18.082,59.637],[18.092,59.635],[18.096,59.637],[18.092,59.644],[18.094,59.65],[18.089,59.656],[18.092,59.659],[18.107,59.663],[18.118,59.668],[18.13,59.67],[18.127,59.674],[18.128,59.677],[18.153,59.684],[18.144,59.688],[18.121,59.697],[18.126,59.703],[18.13,59.71],[18.138,59.712],[18.141,59.716],[18.128,59.722],[18.111,59.721],[18.099,59.725],[18.093,59.725],[18.093,59.729],[18.087,59.734],[18.085,59.739],[18.08,59.74],[18.051,59.744],[18.052,59.739],[18.046,59.737],[18.021,59.742],[18.013,59.743],[18.01,59.738],[18.006,59.738],[18,59.735],[18.003,59.732],[17.999,59.729],[17.992,59.73],[17.983,59.729],[17.976,59.722],[17.969,59.723],[17.963,59.72],[17.954,59.719],[17.947,59.713],[17.938,59.714],[17.93,59.712],[17.91,59.71],[17.895,59.711],[17.894,59.708],[17.868,59.7],[17.851,59.698],[17.833,59.69],[17.837,59.688],[17.833,59.682],[17.816,59.678],[17.813,59.681],[17.806,59.683],[17.8,59.683],[17.798,59.686],[17.788,59.688],[17.786,59.686],[17.778,59.691],[17.772,59.686],[17.769,59.679],[17.764,59.676],[17.764,59.673],[17.76,59.668],[17.76,59.665],[17.752,59.661],[17.741,59.666],[17.728,59.664],[17.726,59.67],[17.722,59.684],[17.704,59.684],[17.698,59.688],[17.678,59.692],[17.673,59.691],[17.659,59.694],[17.656,59.693],[17.63,59.694],[17.631,59.682],[17.627,59.675],[17.617,59.674],[17.61,59.671],[17.599,59.665],[17.594,59.664],[17.579,59.664],[17.576,59.662],[17.574,59.656],[17.584,59.651],[17.59,59.65]]]}},{"type":"Feature","properties":{"id":397128,"maakond_id":402,"name":"Knivsta kommun","bbox":[17.61,59.661,18.153,59.827]},"geometry":{"type":"Polygon","coordinates":[[[17.61,59.745],[17.641,59.731],[17.653,59.729],[17.652,59.724],[17.64,59.715],[17.633,59.704],[17.627,59.697],[17.63,59.694],[17.656,59.693],[17.659,59.694],[17.673,59.691],[17.678,59.692],[17.698,59.688],[17.704,59.684],[17.722,59.684],[17.726,59.67],[17.728,59.664],[17.741,59.666],[17.752,59.661],[17.76,59.665],[17.76,59.668],[17.764,59.673],[17.764,59.676],[17.769,59.679],[17.772,59.686],[17.778,59.691],[17.786,59.686],[17.788,59.688],[17.798,59.686],[17.8,59.683],[17.806,59.683],[17.813,59.681],[17.816,59.678],[17.833,59.682],[17.837,59.688],[17.833,59.69],[17.851,59.698],[17.868,59.7],[17.894,59.708],[17.895,59.711],[17.91,59.71],[17.93,59.712],[17.938,59.714],[17.947,59.713],[17.954,59.719],[17.963,59.72],[17.969,59.723],[17.976,59.722],[17.983,59.729],[17.992,59.73],[17.999,59.729],[18.003,59.732],[18,59.735],[18.006,59.738],[18.01,59.738],[18.013,59.743],[18.021,59.742],[18.046,59.737],[18.052,59.739],[18.051,59.744],[18.08,59.74],[18.085,59.739],[18.09,59.745],[18.091,59.75],[18.108,59.758],[18.105,59.762],[18.104,59.767],[18.11,59.773],[18.111,59.776],[18.117,59.782],[18.117,59.788],[18.115,59.791],[18.12,59.796],[18.118,59.797],[18.12,59.805],[18.131,59.819],[18.153,59.823],[18.132,59.82],[18.125,59.818],[18.108,59.815],[18.097,59.811],[18.085,59.812],[18.065,59.809],[18.058,59.811],[18.053,59.82],[18.033,59.826],[18.028,59.827],[18.025,59.823],[18.007,59.812],[18.001,59.81],[17.986,59.809],[17.981,59.809],[17.97,59.806],[17.961,59.807],[17.942,59.815],[17.935,59.812],[17.923,59.816],[17.914,59.816],[17.909,59.819],[17.901,59.819],[17.889,59.815],[17.879,59.814],[17.864,59.816],[17.862,59.815],[17.843,59.821],[17.833,59.821],[17.818,59.823],[17.809,59.823],[17.805,59.824],[17.794,59.817],[17.793,59.815],[17.781,59.806],[17.778,59.805],[17.771,59.801],[17.763,59.787],[17.764,59.782],[17.759,59.78],[17.757,59.778],[17.735,59.774],[17.728,59.77],[17.71,59.768],[17.696,59.767],[17.672,59.777],[17.675,59.78],[17.676,59.789],[17.67,59.795],[17.66,59.786],[17.654,59.787],[17.646,59.781],[17.622,59.773],[17.613,59.761],[17.61,59.745]]]}},{"type":"Feature","properties":{"id":397159,"maakond_id":401,"name":"Norrtälje kommun","bbox":[18.085,59.207,20.008,60.301]},"geometry":{"type":"Polygon","coordinates":[[[19.131,60.301],[18.906,60.278],[18.718,60.247],[18.684,60.239],[18.679,60.231],[18.683,60.226],[18.693,60.214],[18.697,60.207],[18.696,60.201],[18.673,60.195],[18.674,60.188],[18.682,60.182],[18.693,60.176],[18.693,60.166],[18.677,60.167],[18.677,60.155],[18.64,60.161],[18.593,60.163],[18.514,60.161],[18.511,60.156],[18.512,60.147],[18.503,60.143],[18.5,60.14],[18.493,60.138],[18.496,60.132],[18.497,60.127],[18.492,60.104],[18.476,60.092],[18.463,60.081],[18.451,60.077],[18.445,60.059],[18.431,60.056],[18.412,60.047],[18.388,60.041],[18.399,60.035],[18.401,60.034],[18.418,60.025],[18.436,60.019],[18.448,60.016],[18.449,60.012],[18.468,60.007],[18.473,60.004],[18.471,59.999],[18.462,59.994],[18.459,59.995],[18.451,59.994],[18.445,59.99],[18.427,59.982],[18.429,59.965],[18.423,59.956],[18.403,59.957],[18.39,59.954],[18.389,59.95],[18.384,59.946],[18.382,59.941],[18.377,59.936],[18.378,59.931],[18.387,59.923],[18.394,59.919],[18.394,59.913],[18.404,59.899],[18.403,59.893],[18.393,59.89],[18.39,59.884],[18.381,59.879],[18.363,59.873],[18.365,59.865],[18.354,59.862],[18.337,59.863],[18.327,59.861],[18.312,59.859],[18.314,59.857],[18.298,59.854],[18.273,59.851],[18.264,59.846],[18.26,59.836],[18.238,59.833],[18.22,59.828],[18.206,59.829],[18.198,59.832],[18.175,59.827],[18.153,59.823],[18.131,59.819],[18.12,59.805],[18.118,59.797],[18.12,59.796],[18.115,59.791],[18.117,59.788],[18.117,59.782],[18.111,59.776],[18.11,59.773],[18.104,59.767],[18.105,59.762],[18.108,59.758],[18.091,59.75],[18.09,59.745],[18.085,59.739],[18.087,59.734],[18.093,59.729],[18.093,59.725],[18.099,59.725],[18.111,59.721],[18.128,59.722],[18.141,59.716],[18.138,59.712],[18.13,59.71],[18.126,59.703],[18.121,59.697],[18.144,59.688],[18.153,59.684],[18.159,59.668],[18.172,59.67],[18.181,59.668],[18.196,59.67],[18.208,59.668],[18.213,59.67],[18.225,59.668],[18.238,59.67],[18.245,59.673],[18.252,59.674],[18.275,59.683],[18.286,59.686],[18.291,59.685],[18.293,59.679],[18.299,59.677],[18.305,59.681],[18.316,59.685],[18.321,59.689],[18.332,59.678],[18.335,59.674],[18.353,59.662],[18.365,59.656],[18.37,59.654],[18.38,59.655],[18.389,59.651],[18.384,59.64],[18.377,59.634],[18.375,59.629],[18.38,59.627],[18.392,59.62],[18.393,59.613],[18.391,59.611],[18.387,59.603],[18.401,59.601],[18.408,59.6],[18.414,59.599],[18.427,59.592],[18.437,59.566],[18.445,59.559],[18.466,59.564],[18.472,59.57],[18.479,59.574],[18.488,59.575],[18.487,59.577],[18.481,59.578],[18.48,59.586],[18.487,59.591],[18.489,59.595],[18.493,59.597],[18.5,59.59],[18.538,59.595],[18.549,59.595],[18.557,59.587],[18.569,59.596],[18.582,59.6],[18.587,59.591],[18.596,59.583],[18.608,59.587],[18.613,59.582],[18.628,59.581],[18.634,59.582],[18.643,59.59],[18.643,59.594],[18.654,59.584],[18.671,59.574],[18.679,59.575],[18.686,59.578],[18.7,59.579],[18.726,59.582],[18.734,59.577],[18.737,59.569],[18.732,59.552],[18.737,59.55],[18.747,59.551],[18.751,59.55],[18.768,59.552],[18.785,59.55],[18.811,59.555],[18.838,59.557],[18.847,59.548],[18.861,59.546],[18.916,59.545],[18.927,59.538],[18.967,59.539],[19.002,59.516],[19.027,59.514],[19.067,59.496],[19.206,59.469],[19.243,59.496],[19.265,59.503],[19.29,59.504],[19.359,59.485],[19.351,59.461],[19.318,59.445],[19.286,59.393],[19.371,59.371],[19.593,59.208],[19.593,59.207],[19.684,59.24],[19.713,59.248],[19.735,59.255],[19.757,59.264],[19.768,59.268],[19.788,59.277],[19.806,59.288],[19.815,59.293],[19.832,59.304],[19.846,59.316],[19.86,59.328],[19.871,59.34],[19.881,59.353],[19.889,59.367],[19.896,59.38],[19.901,59.398],[19.953,59.471],[20.008,59.547],[19.929,59.603],[19.813,59.684],[19.658,59.792],[19.607,59.828],[19.492,59.909],[19.424,59.956],[19.325,60.025],[19.181,60.124],[19.083,60.192],[19.132,60.301],[19.131,60.301]]]}},{"type":"Feature","properties":{"id":397187,"maakond_id":401,"name":"Upplands Väsby kommun","bbox":[17.799,59.457,18.015,59.576]},"geometry":{"type":"Polygon","coordinates":[[[17.807,59.576],[17.809,59.568],[17.811,59.534],[17.836,59.527],[17.832,59.522],[17.799,59.509],[17.81,59.509],[17.819,59.505],[17.828,59.495],[17.833,59.492],[17.841,59.49],[17.835,59.477],[17.833,59.476],[17.864,59.48],[17.867,59.483],[17.866,59.491],[17.887,59.491],[17.908,59.483],[17.922,59.497],[17.928,59.496],[17.938,59.49],[17.95,59.486],[17.959,59.477],[17.981,59.469],[17.979,59.465],[17.984,59.464],[17.989,59.464],[17.992,59.459],[17.996,59.457],[17.998,59.47],[18,59.478],[17.987,59.486],[17.987,59.492],[17.982,59.498],[17.991,59.5],[17.993,59.502],[18.002,59.509],[18.009,59.508],[18.009,59.51],[18.013,59.516],[18.015,59.523],[18.001,59.52],[18.001,59.528],[17.998,59.531],[17.991,59.534],[17.985,59.534],[17.981,59.538],[17.979,59.543],[17.968,59.545],[17.971,59.549],[17.968,59.554],[17.97,59.559],[17.944,59.556],[17.94,59.558],[17.92,59.564],[17.91,59.557],[17.907,59.557],[17.893,59.553],[17.882,59.555],[17.873,59.552],[17.86,59.556],[17.85,59.558],[17.854,59.566],[17.848,59.57],[17.831,59.57],[17.825,59.573],[17.807,59.576]]]}},{"type":"Feature","properties":{"id":397194,"maakond_id":401,"name":"Täby kommun","bbox":[17.982,59.412,18.154,59.511]},"geometry":{"type":"Polygon","coordinates":[[[17.996,59.457],[18.007,59.444],[18.007,59.441],[18.013,59.439],[18.025,59.437],[18.042,59.439],[18.053,59.437],[18.053,59.427],[18.054,59.424],[18.083,59.423],[18.094,59.415],[18.122,59.412],[18.144,59.433],[18.146,59.437],[18.14,59.44],[18.144,59.444],[18.138,59.45],[18.139,59.454],[18.143,59.457],[18.142,59.46],[18.154,59.468],[18.149,59.474],[18.142,59.478],[18.141,59.481],[18.147,59.486],[18.139,59.489],[18.139,59.492],[18.132,59.494],[18.124,59.493],[18.116,59.496],[18.114,59.502],[18.11,59.503],[18.101,59.502],[18.076,59.505],[18.066,59.505],[18.052,59.506],[18.028,59.511],[18.02,59.511],[18.016,59.507],[18.009,59.508],[18.002,59.509],[17.993,59.502],[17.991,59.5],[17.982,59.498],[17.987,59.492],[17.987,59.486],[18,59.478],[17.998,59.47],[17.996,59.457]]]}},{"type":"Feature","properties":{"id":398021,"maakond_id":401,"name":"Stockholms kommun","bbox":[17.761,59.227,18.197,59.44]},"geometry":{"type":"Polygon","coordinates":[[[18.059,59.375],[18.044,59.375],[18.043,59.372],[18.037,59.37],[18.044,59.366],[18.049,59.357],[18.045,59.352],[18.03,59.348],[18.025,59.344],[18.025,59.339],[18.005,59.342],[17.998,59.341],[17.981,59.345],[17.978,59.348],[17.966,59.354],[17.966,59.355],[17.96,59.361],[17.945,59.368],[17.942,59.37],[17.93,59.373],[17.929,59.378],[17.935,59.381],[17.94,59.387],[17.947,59.39],[17.955,59.398],[17.96,59.399],[17.973,59.4],[17.972,59.402],[17.953,59.41],[17.941,59.414],[17.922,59.422],[17.915,59.427],[17.92,59.434],[17.899,59.44],[17.894,59.437],[17.888,59.43],[17.891,59.425],[17.895,59.423],[17.899,59.416],[17.896,59.412],[17.889,59.407],[17.872,59.402],[17.877,59.399],[17.861,59.39],[17.855,59.389],[17.847,59.386],[17.84,59.381],[17.825,59.382],[17.827,59.392],[17.817,59.399],[17.81,59.395],[17.799,59.391],[17.779,59.398],[17.761,59.392],[17.762,59.389],[17.773,59.385],[17.788,59.371],[17.787,59.367],[17.796,59.355],[17.816,59.358],[17.825,59.355],[17.83,59.351],[17.839,59.353],[17.851,59.348],[17.87,59.339],[17.886,59.334],[17.896,59.333],[17.907,59.328],[17.92,59.324],[17.941,59.318],[17.955,59.311],[17.947,59.306],[17.938,59.306],[17.937,59.304],[17.928,59.303],[17.92,59.301],[17.909,59.299],[17.905,59.296],[17.893,59.293],[17.886,59.287],[17.865,59.286],[17.868,59.28],[17.863,59.275],[17.872,59.273],[17.875,59.269],[17.887,59.27],[17.894,59.267],[17.906,59.268],[17.911,59.272],[17.915,59.279],[17.927,59.283],[17.948,59.288],[17.95,59.285],[17.956,59.282],[17.955,59.274],[17.963,59.268],[17.971,59.267],[17.98,59.263],[17.988,59.262],[18.005,59.259],[18.019,59.254],[18.028,59.25],[18.05,59.245],[18.052,59.247],[18.074,59.234],[18.081,59.232],[18.087,59.232],[18.098,59.229],[18.108,59.227],[18.108,59.23],[18.12,59.232],[18.124,59.235],[18.122,59.238],[18.134,59.242],[18.147,59.239],[18.176,59.234],[18.177,59.232],[18.191,59.23],[18.195,59.232],[18.197,59.245],[18.19,59.247],[18.181,59.246],[18.175,59.251],[18.171,59.252],[18.17,59.257],[18.17,59.263],[18.15,59.266],[18.152,59.274],[18.143,59.28],[18.123,59.288],[18.119,59.294],[18.13,59.301],[18.116,59.301],[18.113,59.309],[18.105,59.314],[18.109,59.318],[18.139,59.32],[18.149,59.319],[18.16,59.321],[18.164,59.325],[18.16,59.328],[18.161,59.335],[18.138,59.344],[18.126,59.348],[18.113,59.358],[18.111,59.36],[18.103,59.365],[18.095,59.37],[18.078,59.372],[18.071,59.375],[18.059,59.375]]]}},{"type":"Feature","properties":{"id":398022,"maakond_id":401,"name":"Järfälla kommun","bbox":[17.732,59.381,17.899,59.509]},"geometry":{"type":"Polygon","coordinates":[[[17.732,59.421],[17.746,59.412],[17.761,59.392],[17.779,59.398],[17.799,59.391],[17.81,59.395],[17.817,59.399],[17.827,59.392],[17.825,59.382],[17.84,59.381],[17.847,59.386],[17.855,59.389],[17.861,59.39],[17.877,59.399],[17.872,59.402],[17.889,59.407],[17.896,59.412],[17.899,59.416],[17.895,59.423],[17.891,59.425],[17.878,59.428],[17.879,59.433],[17.875,59.438],[17.874,59.445],[17.876,59.448],[17.867,59.454],[17.85,59.454],[17.847,59.456],[17.846,59.462],[17.837,59.465],[17.833,59.468],[17.824,59.468],[17.825,59.471],[17.833,59.476],[17.835,59.477],[17.841,59.49],[17.833,59.492],[17.828,59.495],[17.819,59.505],[17.81,59.509],[17.799,59.509],[17.797,59.502],[17.796,59.496],[17.794,59.493],[17.796,59.487],[17.792,59.472],[17.797,59.467],[17.773,59.449],[17.764,59.44],[17.76,59.43],[17.732,59.421]]]}},{"type":"Feature","properties":{"id":398023,"maakond_id":401,"name":"Sollentuna kommun","bbox":[17.824,59.395,18.008,59.497]},"geometry":{"type":"Polygon","coordinates":[[[17.982,59.395],[17.987,59.398],[18.006,59.4],[18,59.404],[17.999,59.41],[17.994,59.413],[17.991,59.418],[17.997,59.421],[18.002,59.426],[18.008,59.429],[17.998,59.439],[18.007,59.441],[18.007,59.444],[17.996,59.457],[17.992,59.459],[17.989,59.464],[17.984,59.464],[17.979,59.465],[17.981,59.469],[17.959,59.477],[17.95,59.486],[17.938,59.49],[17.928,59.496],[17.922,59.497],[17.908,59.483],[17.887,59.491],[17.866,59.491],[17.867,59.483],[17.864,59.48],[17.833,59.476],[17.825,59.471],[17.824,59.468],[17.833,59.468],[17.837,59.465],[17.846,59.462],[17.847,59.456],[17.85,59.454],[17.867,59.454],[17.876,59.448],[17.874,59.445],[17.875,59.438],[17.879,59.433],[17.878,59.428],[17.891,59.425],[17.888,59.43],[17.894,59.437],[17.899,59.44],[17.92,59.434],[17.915,59.427],[17.922,59.422],[17.941,59.414],[17.953,59.41],[17.972,59.402],[17.973,59.4],[17.982,59.395]]]}},{"type":"Feature","properties":{"id":398034,"maakond_id":401,"name":"Danderyds kommun","bbox":[17.991,59.365,18.122,59.441]},"geometry":{"type":"Polygon","coordinates":[[[18.122,59.406],[18.122,59.412],[18.094,59.415],[18.083,59.423],[18.054,59.424],[18.053,59.427],[18.053,59.437],[18.042,59.439],[18.025,59.437],[18.013,59.439],[18.007,59.441],[17.998,59.439],[18.008,59.429],[18.002,59.426],[17.997,59.421],[17.991,59.418],[17.994,59.413],[17.999,59.41],[18,59.404],[18.006,59.4],[18.014,59.398],[18.021,59.391],[18.027,59.39],[18.033,59.386],[18.056,59.378],[18.059,59.375],[18.071,59.375],[18.078,59.372],[18.095,59.37],[18.103,59.365],[18.104,59.374],[18.093,59.379],[18.088,59.382],[18.094,59.389],[18.1,59.394],[18.119,59.394],[18.122,59.406]]]}},{"type":"Feature","properties":{"id":398035,"maakond_id":401,"name":"Lidingö kommun","bbox":[18.088,59.324,18.304,59.406]},"geometry":{"type":"Polygon","coordinates":[[[18.299,59.369],[18.304,59.372],[18.245,59.381],[18.208,59.384],[18.198,59.385],[18.196,59.387],[18.158,59.39],[18.155,59.396],[18.149,59.397],[18.143,59.404],[18.122,59.406],[18.119,59.394],[18.1,59.394],[18.094,59.389],[18.088,59.382],[18.093,59.379],[18.104,59.374],[18.103,59.365],[18.111,59.36],[18.113,59.358],[18.126,59.348],[18.138,59.344],[18.161,59.335],[18.16,59.328],[18.164,59.325],[18.173,59.324],[18.183,59.326],[18.187,59.329],[18.189,59.334],[18.205,59.336],[18.214,59.339],[18.262,59.361],[18.296,59.367],[18.299,59.369]]]}},{"type":"Feature","properties":{"id":398036,"maakond_id":401,"name":"Vaxholms kommun","bbox":[18.122,59.352,18.45,59.451]},"geometry":{"type":"Polygon","coordinates":[[[18.122,59.412],[18.122,59.406],[18.143,59.404],[18.149,59.397],[18.155,59.396],[18.158,59.39],[18.196,59.387],[18.198,59.385],[18.208,59.384],[18.245,59.381],[18.304,59.372],[18.299,59.369],[18.325,59.369],[18.337,59.367],[18.356,59.366],[18.359,59.363],[18.371,59.362],[18.377,59.365],[18.407,59.362],[18.416,59.36],[18.441,59.352],[18.446,59.359],[18.45,59.369],[18.439,59.386],[18.448,59.394],[18.43,59.404],[18.416,59.413],[18.397,59.421],[18.397,59.424],[18.389,59.427],[18.375,59.44],[18.361,59.437],[18.347,59.445],[18.319,59.451],[18.314,59.446],[18.314,59.444],[18.298,59.437],[18.294,59.43],[18.28,59.431],[18.254,59.433],[18.248,59.432],[18.23,59.433],[18.224,59.433],[18.221,59.428],[18.224,59.424],[18.217,59.418],[18.212,59.417],[18.21,59.414],[18.197,59.418],[18.191,59.421],[18.187,59.431],[18.184,59.433],[18.176,59.433],[18.169,59.435],[18.122,59.412]]]}},{"type":"Feature","properties":{"id":398037,"maakond_id":401,"name":"Österåkers kommun","bbox":[18.122,59.4,19.002,59.6]},"geometry":{"type":"Polygon","coordinates":[[[18.122,59.412],[18.169,59.435],[18.176,59.433],[18.184,59.433],[18.187,59.431],[18.191,59.421],[18.197,59.418],[18.21,59.414],[18.212,59.417],[18.217,59.418],[18.224,59.424],[18.221,59.428],[18.224,59.433],[18.23,59.433],[18.248,59.432],[18.254,59.433],[18.28,59.431],[18.294,59.43],[18.298,59.437],[18.314,59.444],[18.314,59.446],[18.319,59.451],[18.347,59.445],[18.361,59.437],[18.375,59.44],[18.412,59.444],[18.433,59.45],[18.436,59.458],[18.448,59.46],[18.467,59.457],[18.475,59.463],[18.493,59.467],[18.513,59.447],[18.533,59.42],[18.565,59.42],[18.576,59.411],[18.593,59.4],[18.597,59.402],[18.612,59.405],[18.619,59.404],[18.623,59.405],[18.62,59.41],[18.624,59.416],[18.622,59.427],[18.627,59.43],[18.631,59.437],[18.638,59.445],[18.636,59.454],[18.673,59.462],[18.687,59.471],[18.697,59.468],[18.703,59.468],[18.706,59.465],[18.712,59.463],[18.727,59.465],[18.732,59.464],[18.741,59.459],[18.744,59.455],[18.751,59.455],[18.767,59.451],[18.793,59.455],[18.829,59.464],[18.839,59.471],[18.868,59.474],[18.874,59.46],[18.887,59.459],[18.913,59.465],[18.937,59.483],[18.973,59.497],[19.002,59.516],[18.967,59.539],[18.927,59.538],[18.916,59.545],[18.861,59.546],[18.847,59.548],[18.838,59.557],[18.811,59.555],[18.785,59.55],[18.768,59.552],[18.751,59.55],[18.747,59.551],[18.737,59.55],[18.732,59.552],[18.737,59.569],[18.734,59.577],[18.726,59.582],[18.7,59.579],[18.686,59.578],[18.679,59.575],[18.671,59.574],[18.654,59.584],[18.643,59.594],[18.643,59.59],[18.634,59.582],[18.628,59.581],[18.613,59.582],[18.608,59.587],[18.596,59.583],[18.587,59.591],[18.582,59.6],[18.569,59.596],[18.557,59.587],[18.549,59.595],[18.538,59.595],[18.5,59.59],[18.493,59.597],[18.489,59.595],[18.487,59.591],[18.48,59.586],[18.481,59.578],[18.487,59.577],[18.488,59.575],[18.479,59.574],[18.472,59.57],[18.466,59.564],[18.445,59.559],[18.437,59.566],[18.421,59.562],[18.417,59.558],[18.403,59.563],[18.374,59.557],[18.381,59.553],[18.378,59.544],[18.367,59.542],[18.366,59.545],[18.352,59.546],[18.338,59.544],[18.328,59.544],[18.32,59.536],[18.318,59.533],[18.309,59.531],[18.299,59.531],[18.288,59.528],[18.263,59.524],[18.26,59.523],[18.264,59.515],[18.258,59.511],[18.258,59.507],[18.245,59.505],[18.232,59.506],[18.22,59.504],[18.215,59.5],[18.202,59.492],[18.197,59.498],[18.172,59.503],[18.167,59.503],[18.149,59.498],[18.142,59.492],[18.147,59.486],[18.141,59.481],[18.142,59.478],[18.149,59.474],[18.154,59.468],[18.142,59.46],[18.143,59.457],[18.139,59.454],[18.138,59.45],[18.144,59.444],[18.14,59.44],[18.146,59.437],[18.144,59.433],[18.122,59.412]]]}},{"type":"Feature","properties":{"id":398038,"maakond_id":401,"name":"Nacka kommun","bbox":[18.105,59.231,18.389,59.369]},"geometry":{"type":"Polygon","coordinates":[[[18.299,59.369],[18.296,59.367],[18.262,59.361],[18.214,59.339],[18.205,59.336],[18.189,59.334],[18.187,59.329],[18.183,59.326],[18.173,59.324],[18.164,59.325],[18.16,59.321],[18.149,59.319],[18.139,59.32],[18.109,59.318],[18.105,59.314],[18.113,59.309],[18.116,59.301],[18.13,59.301],[18.119,59.294],[18.123,59.288],[18.143,59.28],[18.152,59.274],[18.15,59.266],[18.17,59.263],[18.17,59.257],[18.171,59.252],[18.175,59.251],[18.181,59.246],[18.19,59.247],[18.198,59.25],[18.206,59.252],[18.215,59.248],[18.223,59.25],[18.224,59.253],[18.237,59.252],[18.249,59.255],[18.264,59.253],[18.266,59.257],[18.28,59.263],[18.297,59.255],[18.309,59.252],[18.331,59.25],[18.385,59.231],[18.389,59.264],[18.375,59.266],[18.349,59.273],[18.334,59.278],[18.326,59.279],[18.321,59.286],[18.324,59.29],[18.322,59.298],[18.322,59.307],[18.326,59.313],[18.319,59.32],[18.333,59.328],[18.341,59.329],[18.363,59.336],[18.374,59.338],[18.36,59.344],[18.351,59.347],[18.346,59.359],[18.338,59.362],[18.337,59.367],[18.325,59.369],[18.299,59.369]]]}},{"type":"Feature","properties":{"id":398039,"maakond_id":401,"name":"Sundbybergs kommun","bbox":[17.929,59.355,17.985,59.4]},"geometry":{"type":"Polygon","coordinates":[[[17.966,59.355],[17.976,59.357],[17.976,59.361],[17.982,59.37],[17.981,59.372],[17.985,59.379],[17.979,59.38],[17.98,59.385],[17.962,59.39],[17.963,59.392],[17.982,59.395],[17.973,59.4],[17.96,59.399],[17.955,59.398],[17.947,59.39],[17.94,59.387],[17.935,59.381],[17.929,59.378],[17.93,59.373],[17.942,59.37],[17.945,59.368],[17.96,59.361],[17.966,59.355]]]}},{"type":"Feature","properties":{"id":398040,"maakond_id":401,"name":"Solna kommun","bbox":[17.962,59.339,18.059,59.4]},"geometry":{"type":"Polygon","coordinates":[[[17.982,59.395],[17.963,59.392],[17.962,59.39],[17.98,59.385],[17.979,59.38],[17.985,59.379],[17.981,59.372],[17.982,59.37],[17.976,59.361],[17.976,59.357],[17.966,59.355],[17.966,59.354],[17.978,59.348],[17.981,59.345],[17.998,59.341],[18.005,59.342],[18.025,59.339],[18.025,59.344],[18.03,59.348],[18.045,59.352],[18.049,59.357],[18.044,59.366],[18.037,59.37],[18.043,59.372],[18.044,59.375],[18.059,59.375],[18.056,59.378],[18.033,59.386],[18.027,59.39],[18.021,59.391],[18.014,59.398],[18.006,59.4],[17.987,59.398],[17.982,59.395]]]}},{"type":"Feature","properties":{"id":398567,"maakond_id":401,"name":"Huddinge kommun","bbox":[17.856,59.141,18.183,59.288]},"geometry":{"type":"Polygon","coordinates":[[[18.183,59.211],[18.174,59.219],[18.175,59.227],[18.177,59.232],[18.176,59.234],[18.147,59.239],[18.134,59.242],[18.122,59.238],[18.124,59.235],[18.12,59.232],[18.108,59.23],[18.108,59.227],[18.098,59.229],[18.087,59.232],[18.081,59.232],[18.074,59.234],[18.052,59.247],[18.05,59.245],[18.028,59.25],[18.019,59.254],[18.005,59.259],[17.988,59.262],[17.98,59.263],[17.971,59.267],[17.963,59.268],[17.955,59.274],[17.956,59.282],[17.95,59.285],[17.948,59.288],[17.927,59.283],[17.915,59.279],[17.911,59.272],[17.906,59.268],[17.894,59.267],[17.887,59.27],[17.875,59.269],[17.872,59.273],[17.863,59.275],[17.856,59.267],[17.864,59.262],[17.872,59.26],[17.871,59.251],[17.875,59.249],[17.873,59.247],[17.874,59.237],[17.879,59.233],[17.876,59.23],[17.884,59.224],[17.902,59.228],[17.919,59.227],[17.928,59.223],[17.927,59.212],[17.928,59.203],[17.935,59.193],[17.938,59.191],[17.947,59.191],[17.964,59.188],[17.97,59.178],[17.972,59.168],[17.983,59.157],[17.985,59.157],[17.994,59.155],[18.025,59.141],[18.042,59.145],[18.068,59.15],[18.087,59.149],[18.094,59.152],[18.089,59.156],[18.108,59.167],[18.103,59.179],[18.099,59.184],[18.104,59.186],[18.109,59.184],[18.117,59.187],[18.118,59.192],[18.133,59.196],[18.141,59.195],[18.143,59.198],[18.155,59.201],[18.167,59.206],[18.183,59.211]]]}},{"type":"Feature","properties":{"id":398575,"maakond_id":401,"name":"Tyresö kommun","bbox":[18.174,59.158,18.468,59.264]},"geometry":{"type":"Polygon","coordinates":[[[18.389,59.264],[18.385,59.231],[18.331,59.25],[18.309,59.252],[18.297,59.255],[18.28,59.263],[18.266,59.257],[18.264,59.253],[18.249,59.255],[18.237,59.252],[18.224,59.253],[18.223,59.25],[18.215,59.248],[18.206,59.252],[18.198,59.25],[18.19,59.247],[18.197,59.245],[18.195,59.232],[18.191,59.23],[18.177,59.232],[18.175,59.227],[18.174,59.219],[18.183,59.211],[18.19,59.212],[18.193,59.21],[18.202,59.209],[18.207,59.211],[18.223,59.214],[18.232,59.215],[18.237,59.218],[18.243,59.218],[18.25,59.209],[18.262,59.204],[18.268,59.2],[18.283,59.197],[18.287,59.192],[18.296,59.187],[18.305,59.183],[18.321,59.165],[18.334,59.158],[18.373,59.165],[18.406,59.169],[18.404,59.173],[18.41,59.179],[18.416,59.18],[18.426,59.185],[18.426,59.194],[18.423,59.203],[18.437,59.21],[18.437,59.214],[18.468,59.22],[18.433,59.236],[18.418,59.241],[18.406,59.255],[18.389,59.264]]]}},{"type":"Feature","properties":{"id":398625,"maakond_id":401,"name":"Haninge kommun","bbox":[17.914,58.618,18.941,59.22]},"geometry":{"type":"Polygon","coordinates":[[[17.922,59.12],[17.935,59.116],[17.94,59.117],[17.944,59.121],[17.953,59.12],[17.963,59.117],[17.971,59.106],[17.987,59.097],[17.971,59.086],[17.961,59.084],[17.953,59.069],[17.949,59.061],[17.957,59.06],[17.955,59.051],[17.958,59.05],[17.976,59.052],[17.978,59.047],[17.997,59.048],[18.002,59.044],[18.004,59.036],[18.013,59.024],[18.02,59.022],[18.022,59.019],[18.033,59.01],[18.036,59.004],[18.042,59.003],[18.048,58.998],[18.054,58.996],[18.048,58.986],[18.053,58.984],[18.054,58.975],[18.048,58.969],[18.045,58.96],[18.042,58.958],[18.042,58.954],[18.061,58.946],[18.074,58.947],[18.077,58.943],[18.075,58.932],[18.078,58.923],[18.028,58.882],[18.001,58.864],[17.993,58.844],[18.112,58.769],[18.365,58.618],[18.48,58.665],[18.593,58.71],[18.771,58.78],[18.802,58.79],[18.824,58.799],[18.844,58.808],[18.871,58.822],[18.883,58.828],[18.941,58.857],[18.94,58.858],[18.674,59.001],[18.615,59.042],[18.591,59.058],[18.577,59.059],[18.547,59.081],[18.561,59.08],[18.591,59.103],[18.548,59.141],[18.568,59.144],[18.57,59.15],[18.573,59.168],[18.586,59.193],[18.52,59.201],[18.494,59.207],[18.468,59.22],[18.437,59.214],[18.437,59.21],[18.423,59.203],[18.426,59.194],[18.426,59.185],[18.416,59.18],[18.41,59.179],[18.404,59.173],[18.406,59.169],[18.373,59.165],[18.334,59.158],[18.321,59.165],[18.305,59.183],[18.296,59.187],[18.287,59.192],[18.283,59.197],[18.268,59.2],[18.262,59.204],[18.25,59.209],[18.243,59.218],[18.237,59.218],[18.232,59.215],[18.223,59.214],[18.207,59.211],[18.202,59.209],[18.193,59.21],[18.19,59.212],[18.183,59.211],[18.167,59.206],[18.155,59.201],[18.143,59.198],[18.141,59.195],[18.133,59.196],[18.118,59.192],[18.117,59.187],[18.109,59.184],[18.104,59.186],[18.099,59.184],[18.103,59.179],[18.108,59.167],[18.089,59.156],[18.094,59.152],[18.087,59.149],[18.068,59.15],[18.042,59.145],[18.025,59.141],[17.994,59.155],[17.985,59.157],[17.966,59.152],[17.943,59.144],[17.932,59.142],[17.914,59.128],[17.922,59.12]]]}},{"type":"Feature","properties":{"id":398626,"maakond_id":401,"name":"Botkyrka kommun","bbox":[17.663,59.044,17.985,59.269]},"geometry":{"type":"Polygon","coordinates":[[[17.714,59.045],[17.718,59.051],[17.736,59.057],[17.746,59.063],[17.743,59.081],[17.74,59.083],[17.752,59.092],[17.761,59.097],[17.777,59.095],[17.788,59.09],[17.822,59.094],[17.83,59.089],[17.857,59.084],[17.87,59.085],[17.889,59.094],[17.904,59.1],[17.914,59.103],[17.916,59.107],[17.912,59.118],[17.922,59.12],[17.914,59.128],[17.932,59.142],[17.943,59.144],[17.966,59.152],[17.985,59.157],[17.983,59.157],[17.972,59.168],[17.97,59.178],[17.964,59.188],[17.947,59.191],[17.938,59.191],[17.935,59.193],[17.928,59.203],[17.927,59.212],[17.928,59.223],[17.919,59.227],[17.902,59.228],[17.884,59.224],[17.876,59.23],[17.879,59.233],[17.874,59.237],[17.873,59.247],[17.875,59.249],[17.871,59.251],[17.872,59.26],[17.864,59.262],[17.856,59.267],[17.848,59.267],[17.841,59.264],[17.832,59.262],[17.809,59.262],[17.792,59.263],[17.785,59.26],[17.778,59.259],[17.769,59.262],[17.764,59.267],[17.754,59.267],[17.738,59.269],[17.731,59.266],[17.736,59.25],[17.747,59.247],[17.749,59.244],[17.757,59.241],[17.763,59.241],[17.773,59.239],[17.774,59.235],[17.772,59.229],[17.77,59.227],[17.784,59.221],[17.789,59.211],[17.793,59.202],[17.793,59.199],[17.798,59.195],[17.793,59.192],[17.78,59.19],[17.774,59.188],[17.751,59.184],[17.746,59.182],[17.738,59.181],[17.736,59.176],[17.743,59.172],[17.731,59.167],[17.741,59.166],[17.737,59.157],[17.729,59.155],[17.727,59.147],[17.709,59.144],[17.699,59.137],[17.682,59.133],[17.686,59.127],[17.689,59.114],[17.695,59.102],[17.674,59.099],[17.663,59.088],[17.683,59.069],[17.675,59.066],[17.7,59.044],[17.714,59.045]]]}},{"type":"Feature","properties":{"id":398627,"maakond_id":401,"name":"Nynäshamns kommun","bbox":[17.709,58.489,18.365,59.121]},"geometry":{"type":"Polygon","coordinates":[[[17.951,58.489],[18.078,58.518],[18.096,58.521],[18.12,58.527],[18.144,58.533],[18.156,58.536],[18.179,58.543],[18.2,58.552],[18.218,58.559],[18.256,58.574],[18.272,58.581],[18.365,58.618],[18.112,58.769],[17.993,58.844],[18.001,58.864],[18.028,58.882],[18.078,58.923],[18.075,58.932],[18.077,58.943],[18.074,58.947],[18.061,58.946],[18.042,58.954],[18.042,58.958],[18.045,58.96],[18.048,58.969],[18.054,58.975],[18.053,58.984],[18.048,58.986],[18.054,58.996],[18.048,58.998],[18.042,59.003],[18.036,59.004],[18.033,59.01],[18.022,59.019],[18.02,59.022],[18.013,59.024],[18.004,59.036],[18.002,59.044],[17.997,59.048],[17.978,59.047],[17.976,59.052],[17.958,59.05],[17.955,59.051],[17.957,59.06],[17.949,59.061],[17.953,59.069],[17.961,59.084],[17.971,59.086],[17.987,59.097],[17.971,59.106],[17.963,59.117],[17.953,59.12],[17.944,59.121],[17.94,59.117],[17.935,59.116],[17.922,59.12],[17.912,59.118],[17.916,59.107],[17.914,59.103],[17.904,59.1],[17.889,59.094],[17.87,59.085],[17.857,59.084],[17.83,59.089],[17.822,59.094],[17.788,59.09],[17.777,59.095],[17.761,59.097],[17.752,59.092],[17.74,59.083],[17.743,59.081],[17.746,59.063],[17.736,59.057],[17.718,59.051],[17.714,59.045],[17.728,59.023],[17.729,59.015],[17.727,58.984],[17.724,58.97],[17.717,58.96],[17.725,58.943],[17.711,58.918],[17.717,58.906],[17.709,58.884],[17.727,58.843],[17.718,58.815],[17.725,58.798],[17.787,58.778],[17.795,58.671],[17.95,58.49],[17.951,58.489]]]}},{"type":"Feature","properties":{"id":398649,"maakond_id":401,"name":"Värmdö kommun","bbox":[18.319,58.857,19.593,59.516]},"geometry":{"type":"Polygon","coordinates":[[[18.337,59.367],[18.338,59.362],[18.346,59.359],[18.351,59.347],[18.36,59.344],[18.374,59.338],[18.363,59.336],[18.341,59.329],[18.333,59.328],[18.319,59.32],[18.326,59.313],[18.322,59.307],[18.322,59.298],[18.324,59.29],[18.321,59.286],[18.326,59.279],[18.334,59.278],[18.349,59.273],[18.375,59.266],[18.389,59.264],[18.406,59.255],[18.418,59.241],[18.433,59.236],[18.468,59.22],[18.494,59.207],[18.52,59.201],[18.586,59.193],[18.573,59.168],[18.57,59.15],[18.568,59.144],[18.548,59.141],[18.591,59.103],[18.561,59.08],[18.547,59.081],[18.577,59.059],[18.591,59.058],[18.615,59.042],[18.674,59.001],[18.94,58.858],[18.941,58.857],[19.07,58.922],[19.095,58.935],[19.18,58.988],[19.333,59.082],[19.455,59.158],[19.593,59.207],[19.593,59.208],[19.371,59.371],[19.286,59.393],[19.318,59.445],[19.351,59.461],[19.359,59.485],[19.29,59.504],[19.265,59.503],[19.243,59.496],[19.206,59.469],[19.067,59.496],[19.027,59.514],[19.002,59.516],[18.973,59.497],[18.937,59.483],[18.913,59.465],[18.887,59.459],[18.874,59.46],[18.868,59.474],[18.839,59.471],[18.829,59.464],[18.793,59.455],[18.767,59.451],[18.751,59.455],[18.744,59.455],[18.741,59.459],[18.732,59.464],[18.727,59.465],[18.712,59.463],[18.706,59.465],[18.703,59.468],[18.697,59.468],[18.687,59.471],[18.673,59.462],[18.636,59.454],[18.638,59.445],[18.631,59.437],[18.627,59.43],[18.622,59.427],[18.624,59.416],[18.62,59.41],[18.623,59.405],[18.619,59.404],[18.612,59.405],[18.597,59.402],[18.593,59.4],[18.576,59.411],[18.565,59.42],[18.533,59.42],[18.513,59.447],[18.493,59.467],[18.475,59.463],[18.467,59.457],[18.448,59.46],[18.436,59.458],[18.433,59.45],[18.412,59.444],[18.375,59.44],[18.389,59.427],[18.397,59.424],[18.397,59.421],[18.416,59.413],[18.43,59.404],[18.448,59.394],[18.439,59.386],[18.45,59.369],[18.446,59.359],[18.441,59.352],[18.416,59.36],[18.407,59.362],[18.377,59.365],[18.371,59.362],[18.359,59.363],[18.356,59.366],[18.337,59.367]]]}},{"type":"Feature","properties":{"id":398892,"maakond_id":402,"name":"Östhammars kommun","bbox":[17.707,60.023,19.208,60.769]},"geometry":{"type":"MultiPolygon","coordinates":[[[[19.131,60.301],[19.132,60.301],[19.16,60.407],[19.178,60.477],[19.208,60.589],[19.197,60.598],[19.182,60.61],[19.165,60.621],[19.156,60.627],[19.137,60.637],[19.116,60.646],[19.094,60.655],[19.071,60.663],[19.059,60.667],[19.034,60.674],[19.009,60.68],[18.982,60.685],[18.476,60.769],[18.319,60.578],[18.22,60.457],[18.156,60.443],[18.131,60.437],[18.113,60.431],[18.101,60.432],[18.091,60.426],[18.078,60.417],[18.066,60.409],[18.045,60.401],[18.025,60.4],[18.021,60.403],[18.011,60.4],[17.999,60.401],[17.987,60.399],[17.979,60.396],[17.975,60.392],[17.976,60.367],[17.973,60.351],[17.973,60.344],[17.966,60.329],[17.952,60.326],[17.931,60.33],[17.926,60.322],[17.921,60.309],[17.92,60.307],[17.902,60.308],[17.879,60.304],[17.872,60.305],[17.863,60.301],[17.859,60.296],[17.847,60.291],[17.833,60.292],[17.83,60.289],[17.823,60.289],[17.827,60.28],[17.82,60.28],[17.815,60.262],[17.798,60.251],[17.797,60.23],[17.777,60.231],[17.773,60.229],[17.771,60.223],[17.786,60.22],[17.774,60.218],[17.763,60.218],[17.758,60.22],[17.757,60.203],[17.751,60.197],[17.743,60.193],[17.734,60.185],[17.735,60.176],[17.718,60.166],[17.71,60.162],[17.707,60.151],[17.712,60.141],[17.732,60.139],[17.735,60.136],[17.742,60.135],[17.745,60.132],[17.745,60.128],[17.757,60.126],[17.779,60.137],[17.794,60.139],[17.804,60.149],[17.824,60.146],[17.827,60.144],[17.839,60.142],[17.852,60.136],[17.847,60.124],[17.846,60.112],[17.855,60.111],[17.861,60.109],[17.852,60.106],[17.846,60.106],[17.845,60.103],[17.853,60.103],[17.888,60.103],[17.889,60.106],[17.885,60.108],[17.889,60.111],[17.891,60.115],[17.898,60.114],[17.895,60.109],[17.895,60.097],[17.898,60.096],[17.899,60.09],[17.904,60.087],[17.89,60.073],[17.907,60.059],[17.915,60.063],[17.947,60.062],[17.961,60.06],[17.985,60.059],[17.996,60.051],[17.991,60.048],[17.995,60.043],[18.004,60.04],[18.016,60.031],[18.022,60.026],[18.024,60.023],[18.037,60.023],[18.039,60.027],[18.038,60.033],[18.046,60.032],[18.063,60.035],[18.066,60.04],[18.049,60.043],[18.066,60.05],[18.079,60.048],[18.109,60.042],[18.128,60.039],[18.138,60.035],[18.146,60.035],[18.163,60.034],[18.175,60.031],[18.188,60.029],[18.206,60.025],[18.212,60.024],[18.219,60.025],[18.231,60.023],[18.236,60.027],[18.233,60.03],[18.249,60.033],[18.263,60.035],[18.273,60.034],[18.297,60.034],[18.312,60.036],[18.339,60.038],[18.333,60.044],[18.327,60.051],[18.327,60.054],[18.319,60.061],[18.35,60.066],[18.357,60.064],[18.364,60.063],[18.365,60.06],[18.376,60.062],[18.389,60.059],[18.39,60.054],[18.396,60.05],[18.397,60.046],[18.388,60.041],[18.412,60.047],[18.431,60.056],[18.445,60.059],[18.451,60.077],[18.463,60.081],[18.476,60.092],[18.492,60.104],[18.497,60.127],[18.496,60.132],[18.493,60.138],[18.5,60.14],[18.503,60.143],[18.512,60.147],[18.511,60.156],[18.514,60.161],[18.593,60.163],[18.64,60.161],[18.677,60.155],[18.677,60.167],[18.693,60.166],[18.693,60.176],[18.682,60.182],[18.674,60.188],[18.673,60.195],[18.696,60.201],[18.697,60.207],[18.693,60.214],[18.683,60.226],[18.679,60.231],[18.684,60.239],[18.718,60.247],[18.906,60.278],[19.131,60.301]],[[17.874,60.106],[17.871,60.108],[17.878,60.112],[17.881,60.108],[17.874,60.106]]],[[[17.843,60.309],[17.821,60.309],[17.826,60.302],[17.836,60.302],[17.843,60.309]]],[[[17.863,60.308],[17.86,60.31],[17.844,60.309],[17.856,60.302],[17.863,60.308]]]]}},{"type":"Feature","properties":{"id":398917,"maakond_id":403,"name":"Strängnäs kommun","bbox":[16.698,59.17,17.426,59.531]},"geometry":{"type":"MultiPolygon","coordinates":[[[[17.277,59.17],[17.279,59.171],[17.259,59.182],[17.266,59.182],[17.267,59.188],[17.264,59.192],[17.263,59.197],[17.248,59.199],[17.244,59.204],[17.249,59.204],[17.252,59.208],[17.244,59.215],[17.246,59.219],[17.252,59.22],[17.258,59.223],[17.262,59.223],[17.265,59.227],[17.272,59.235],[17.275,59.246],[17.281,59.245],[17.293,59.247],[17.294,59.25],[17.302,59.25],[17.309,59.252],[17.304,59.257],[17.31,59.266],[17.342,59.274],[17.348,59.279],[17.349,59.285],[17.348,59.306],[17.344,59.311],[17.351,59.32],[17.346,59.326],[17.346,59.331],[17.348,59.334],[17.335,59.352],[17.426,59.351],[17.411,59.366],[17.415,59.383],[17.383,59.397],[17.389,59.414],[17.365,59.417],[17.357,59.434],[17.354,59.438],[17.336,59.441],[17.311,59.438],[17.303,59.442],[17.291,59.446],[17.208,59.463],[17.182,59.479],[17.159,59.485],[17.155,59.49],[17.152,59.497],[17.153,59.5],[17.15,59.508],[17.144,59.512],[17.142,59.516],[17.13,59.52],[17.118,59.526],[17.084,59.531],[17.079,59.523],[17.064,59.511],[17.046,59.516],[17.038,59.511],[17.03,59.508],[16.996,59.513],[16.986,59.518],[16.966,59.52],[16.951,59.494],[16.935,59.485],[16.915,59.483],[16.906,59.48],[16.885,59.48],[16.883,59.481],[16.834,59.498],[16.757,59.502],[16.721,59.49],[16.711,59.488],[16.702,59.488],[16.698,59.47],[16.7,59.466],[16.707,59.464],[16.717,59.457],[16.724,59.455],[16.734,59.45],[16.737,59.447],[16.748,59.443],[16.754,59.439],[16.784,59.427],[16.789,59.421],[16.83,59.404],[16.819,59.395],[16.835,59.392],[16.828,59.37],[16.825,59.357],[16.826,59.348],[16.831,59.339],[16.829,59.33],[16.831,59.324],[16.836,59.323],[16.832,59.318],[16.832,59.313],[16.834,59.308],[16.823,59.305],[16.846,59.303],[16.844,59.298],[16.838,59.297],[16.834,59.294],[16.838,59.285],[16.834,59.275],[16.837,59.264],[16.841,59.258],[16.837,59.246],[16.84,59.238],[16.84,59.235],[16.843,59.226],[16.867,59.222],[16.887,59.214],[16.892,59.213],[16.911,59.212],[16.929,59.212],[16.935,59.213],[16.929,59.206],[16.937,59.205],[17.02,59.202],[17.115,59.197],[17.128,59.2],[17.146,59.195],[17.164,59.194],[17.176,59.196],[17.184,59.194],[17.192,59.194],[17.218,59.18],[17.224,59.176],[17.245,59.172],[17.26,59.172],[17.277,59.17]]],[[[16.815,59.301],[16.821,59.297],[16.829,59.295],[16.83,59.299],[16.825,59.3],[16.821,59.303],[16.815,59.301]]]]}},{"type":"Feature","properties":{"id":398918,"maakond_id":401,"name":"Salems kommun","bbox":[17.562,59.179,17.798,59.298]},"geometry":{"type":"Polygon","coordinates":[[[17.738,59.181],[17.746,59.182],[17.751,59.184],[17.774,59.188],[17.78,59.19],[17.793,59.192],[17.798,59.195],[17.793,59.199],[17.793,59.202],[17.789,59.211],[17.784,59.221],[17.77,59.227],[17.772,59.229],[17.774,59.235],[17.773,59.239],[17.763,59.241],[17.757,59.241],[17.749,59.244],[17.747,59.247],[17.736,59.25],[17.731,59.266],[17.727,59.264],[17.722,59.265],[17.699,59.271],[17.668,59.274],[17.641,59.282],[17.626,59.286],[17.598,59.298],[17.568,59.292],[17.569,59.281],[17.562,59.27],[17.568,59.266],[17.59,59.255],[17.595,59.254],[17.598,59.251],[17.604,59.249],[17.607,59.251],[17.614,59.251],[17.618,59.256],[17.63,59.257],[17.646,59.253],[17.654,59.253],[17.659,59.256],[17.665,59.251],[17.661,59.247],[17.663,59.244],[17.681,59.239],[17.672,59.234],[17.66,59.238],[17.653,59.236],[17.65,59.239],[17.639,59.239],[17.639,59.236],[17.636,59.235],[17.637,59.227],[17.657,59.22],[17.662,59.216],[17.667,59.219],[17.676,59.221],[17.684,59.221],[17.703,59.204],[17.708,59.192],[17.709,59.18],[17.717,59.179],[17.738,59.181]]]}},{"type":"Feature","properties":{"id":398919,"maakond_id":401,"name":"Södertälje kommun","bbox":[17.312,58.815,17.743,59.352]},"geometry":{"type":"Polygon","coordinates":[[[17.718,58.815],[17.727,58.843],[17.709,58.884],[17.717,58.906],[17.711,58.918],[17.725,58.943],[17.717,58.96],[17.724,58.97],[17.727,58.984],[17.729,59.015],[17.728,59.023],[17.714,59.045],[17.7,59.044],[17.675,59.066],[17.683,59.069],[17.663,59.088],[17.674,59.099],[17.695,59.102],[17.689,59.114],[17.686,59.127],[17.682,59.133],[17.699,59.137],[17.709,59.144],[17.727,59.147],[17.729,59.155],[17.737,59.157],[17.741,59.166],[17.731,59.167],[17.743,59.172],[17.736,59.176],[17.738,59.181],[17.717,59.179],[17.709,59.18],[17.708,59.192],[17.703,59.204],[17.684,59.221],[17.676,59.221],[17.667,59.219],[17.662,59.216],[17.657,59.22],[17.637,59.227],[17.636,59.235],[17.639,59.236],[17.639,59.239],[17.65,59.239],[17.653,59.236],[17.66,59.238],[17.672,59.234],[17.681,59.239],[17.663,59.244],[17.661,59.247],[17.665,59.251],[17.659,59.256],[17.654,59.253],[17.646,59.253],[17.63,59.257],[17.618,59.256],[17.614,59.251],[17.607,59.251],[17.604,59.249],[17.598,59.251],[17.595,59.254],[17.59,59.255],[17.568,59.266],[17.562,59.27],[17.569,59.281],[17.568,59.292],[17.56,59.293],[17.515,59.295],[17.498,59.305],[17.476,59.305],[17.468,59.308],[17.473,59.324],[17.469,59.327],[17.469,59.33],[17.463,59.338],[17.438,59.339],[17.426,59.351],[17.335,59.352],[17.348,59.334],[17.346,59.331],[17.346,59.326],[17.351,59.32],[17.344,59.311],[17.348,59.306],[17.349,59.285],[17.348,59.279],[17.342,59.274],[17.35,59.268],[17.353,59.259],[17.345,59.254],[17.366,59.249],[17.372,59.247],[17.382,59.248],[17.398,59.242],[17.411,59.246],[17.41,59.249],[17.419,59.25],[17.427,59.243],[17.423,59.24],[17.447,59.23],[17.475,59.229],[17.483,59.224],[17.502,59.229],[17.519,59.231],[17.523,59.233],[17.538,59.229],[17.541,59.219],[17.551,59.219],[17.557,59.217],[17.56,59.209],[17.562,59.206],[17.556,59.197],[17.549,59.195],[17.548,59.19],[17.544,59.189],[17.549,59.184],[17.547,59.18],[17.535,59.18],[17.515,59.176],[17.506,59.176],[17.498,59.159],[17.494,59.156],[17.486,59.154],[17.483,59.152],[17.482,59.143],[17.485,59.139],[17.495,59.136],[17.475,59.129],[17.475,59.125],[17.468,59.125],[17.463,59.126],[17.466,59.129],[17.461,59.137],[17.453,59.135],[17.463,59.124],[17.46,59.123],[17.446,59.124],[17.438,59.123],[17.426,59.124],[17.418,59.125],[17.401,59.131],[17.355,59.134],[17.344,59.138],[17.337,59.141],[17.323,59.142],[17.317,59.145],[17.322,59.137],[17.322,59.124],[17.319,59.115],[17.318,59.098],[17.316,59.086],[17.312,59.079],[17.321,59.076],[17.326,59.07],[17.32,59.062],[17.319,59.049],[17.326,59.044],[17.332,59.042],[17.331,59.036],[17.333,59.033],[17.347,59.029],[17.343,59.025],[17.352,59.017],[17.355,59.009],[17.36,59.007],[17.365,59.001],[17.365,58.996],[17.371,58.991],[17.375,58.982],[17.383,58.985],[17.394,58.982],[17.412,58.983],[17.42,58.982],[17.424,58.982],[17.43,58.98],[17.439,58.981],[17.443,58.985],[17.447,58.99],[17.443,58.995],[17.476,58.987],[17.481,58.989],[17.49,58.987],[17.5,58.986],[17.512,58.981],[17.517,58.983],[17.537,58.982],[17.554,58.983],[17.543,58.971],[17.543,58.968],[17.548,58.967],[17.55,58.963],[17.558,58.958],[17.557,58.954],[17.562,58.951],[17.57,58.952],[17.578,58.948],[17.59,58.944],[17.597,58.944],[17.625,58.935],[17.623,58.933],[17.626,58.925],[17.636,58.908],[17.632,58.903],[17.64,58.899],[17.655,58.893],[17.651,58.875],[17.661,58.867],[17.652,58.86],[17.67,58.826],[17.718,58.815]]]}},{"type":"Feature","properties":{"id":398920,"maakond_id":401,"name":"Ekerö kommun","bbox":[17.411,59.259,17.955,59.452]},"geometry":{"type":"Polygon","coordinates":[[[17.732,59.421],[17.725,59.418],[17.714,59.422],[17.705,59.431],[17.682,59.433],[17.676,59.44],[17.656,59.446],[17.637,59.452],[17.631,59.447],[17.625,59.437],[17.614,59.436],[17.607,59.428],[17.597,59.43],[17.583,59.43],[17.572,59.434],[17.564,59.442],[17.555,59.439],[17.544,59.442],[17.532,59.44],[17.504,59.441],[17.487,59.441],[17.48,59.444],[17.453,59.447],[17.436,59.442],[17.426,59.428],[17.429,59.419],[17.427,59.415],[17.433,59.396],[17.415,59.383],[17.411,59.366],[17.426,59.351],[17.438,59.339],[17.463,59.338],[17.469,59.33],[17.469,59.327],[17.473,59.324],[17.468,59.308],[17.476,59.305],[17.498,59.305],[17.515,59.295],[17.56,59.293],[17.568,59.292],[17.598,59.298],[17.626,59.286],[17.641,59.282],[17.668,59.274],[17.699,59.271],[17.722,59.265],[17.727,59.264],[17.731,59.266],[17.738,59.269],[17.754,59.267],[17.764,59.267],[17.769,59.262],[17.778,59.259],[17.785,59.26],[17.792,59.263],[17.809,59.262],[17.832,59.262],[17.841,59.264],[17.848,59.267],[17.856,59.267],[17.863,59.275],[17.868,59.28],[17.865,59.286],[17.886,59.287],[17.893,59.293],[17.905,59.296],[17.909,59.299],[17.92,59.301],[17.928,59.303],[17.937,59.304],[17.938,59.306],[17.947,59.306],[17.955,59.311],[17.941,59.318],[17.92,59.324],[17.907,59.328],[17.896,59.333],[17.886,59.334],[17.87,59.339],[17.851,59.348],[17.839,59.353],[17.83,59.351],[17.825,59.355],[17.816,59.358],[17.796,59.355],[17.787,59.367],[17.788,59.371],[17.773,59.385],[17.762,59.389],[17.761,59.392],[17.746,59.412],[17.732,59.421]]]}},{"type":"Feature","properties":{"id":935398,"maakond_id":416,"name":"Malung-Sälens kommun","bbox":[12.67,60.175,14.02,61.522]},"geometry":{"type":"Polygon","coordinates":[[[12.871,61.356],[12.853,61.308],[12.834,61.258],[12.79,61.197],[12.707,61.143],[12.695,61.101],[12.683,61.061],[12.681,61.06],[12.67,61.056],[12.699,60.998],[12.836,60.927],[12.865,60.912],[12.961,60.863],[13,60.844],[13.082,60.806],[13.159,60.756],[13.166,60.745],[13.199,60.696],[13.201,60.689],[13.194,60.685],[13.249,60.686],[13.276,60.644],[13.324,60.608],[13.331,60.6],[13.349,60.585],[13.429,60.516],[13.441,60.5],[13.468,60.459],[13.542,60.422],[13.622,60.414],[13.671,60.403],[13.721,60.362],[13.728,60.356],[13.751,60.33],[13.793,60.285],[13.828,60.255],[13.92,60.201],[13.966,60.175],[14.012,60.191],[14.006,60.198],[14.002,60.204],[13.996,60.211],[13.974,60.23],[13.966,60.237],[13.96,60.244],[13.951,60.251],[13.944,60.256],[13.938,60.265],[13.942,60.267],[13.948,60.29],[13.945,60.318],[13.942,60.358],[13.93,60.392],[13.914,60.431],[13.905,60.457],[13.912,60.49],[13.91,60.492],[13.907,60.501],[13.904,60.506],[13.903,60.541],[13.904,60.551],[13.899,60.562],[13.93,60.576],[13.954,60.584],[13.992,60.588],[14.02,60.622],[14.011,60.664],[14.006,60.688],[13.96,60.719],[13.943,60.735],[13.959,60.743],[13.978,60.764],[14.016,60.804],[13.979,60.843],[13.949,60.854],[13.907,60.867],[13.859,60.866],[13.836,60.865],[13.81,60.865],[13.793,60.863],[13.779,60.864],[13.744,60.863],[13.735,60.864],[13.675,60.864],[13.631,60.862],[13.611,60.861],[13.613,60.902],[13.602,60.923],[13.593,60.922],[13.588,60.934],[13.595,60.934],[13.589,60.947],[13.559,60.998],[13.543,61.032],[13.513,61.092],[13.44,61.148],[13.394,61.21],[13.387,61.227],[13.364,61.27],[13.353,61.287],[13.252,61.364],[13.245,61.371],[13.239,61.378],[13.24,61.386],[13.232,61.39],[13.227,61.395],[13.219,61.405],[13.215,61.405],[13.198,61.417],[13.181,61.434],[13.148,61.469],[13.098,61.522],[13.074,61.502],[12.999,61.447],[12.936,61.403],[12.871,61.356]]]}},{"type":"Feature","properties":{"id":935399,"maakond_id":410,"name":"Båstads kommun","bbox":[12.184,56.308,12.969,56.557]},"geometry":{"type":"Polygon","coordinates":[[[12.184,56.477],[12.491,56.366],[12.649,56.308],[12.751,56.321],[12.759,56.322],[12.768,56.32],[12.776,56.321],[12.782,56.319],[12.784,56.328],[12.81,56.328],[12.811,56.325],[12.826,56.322],[12.833,56.323],[12.836,56.334],[12.839,56.336],[12.855,56.337],[12.859,56.336],[12.862,56.346],[12.869,56.351],[12.87,56.356],[12.879,56.357],[12.888,56.361],[12.894,56.368],[12.88,56.375],[12.88,56.377],[12.888,56.378],[12.895,56.374],[12.902,56.373],[12.905,56.37],[12.92,56.363],[12.927,56.363],[12.929,56.365],[12.94,56.367],[12.945,56.366],[12.95,56.369],[12.952,56.374],[12.962,56.383],[12.968,56.389],[12.963,56.393],[12.959,56.394],[12.953,56.392],[12.96,56.401],[12.965,56.403],[12.961,56.405],[12.969,56.411],[12.958,56.413],[12.963,56.418],[12.963,56.422],[12.966,56.428],[12.952,56.431],[12.953,56.436],[12.958,56.44],[12.951,56.442],[12.941,56.44],[12.896,56.449],[12.892,56.452],[12.797,56.552],[12.241,56.557],[12.184,56.477]]]}},{"type":"Feature","properties":{"id":935400,"maakond_id":403,"name":"Katrineholms kommun","bbox":[15.762,58.769,16.626,59.263]},"geometry":{"type":"Polygon","coordinates":[[[15.762,59.198],[15.769,59.184],[15.897,59.168],[15.934,59.163],[15.943,59.163],[15.951,59.159],[15.963,59.16],[16.013,59.149],[16.037,59.129],[16.046,59.103],[16.061,59.091],[16.073,59.085],[16.078,59.083],[16.088,59.076],[16.095,59.073],[16.109,59.064],[16.109,59.055],[16.122,59.053],[16.127,59.047],[16.139,59.043],[16.144,59.04],[16.158,59.021],[16.132,59.022],[16.119,59.023],[16.109,59.021],[16.098,59.011],[16.09,59.009],[16.091,59.005],[16.083,59.007],[16.064,58.998],[16.059,58.998],[16.049,58.993],[16.032,58.987],[16.034,58.985],[16.024,58.982],[16.016,58.982],[16.007,58.979],[15.996,58.961],[15.987,58.953],[15.974,58.953],[15.967,58.947],[15.994,58.937],[16.036,58.928],[16.054,58.927],[16.063,58.924],[16.082,58.92],[16.081,58.917],[16.085,58.914],[16.091,58.912],[16.089,58.908],[16.094,58.906],[16.092,58.902],[16.099,58.899],[16.103,58.892],[16.102,58.886],[16.112,58.885],[16.119,58.882],[16.127,58.88],[16.131,58.878],[16.144,58.875],[16.149,58.871],[16.166,58.863],[16.173,58.862],[16.18,58.858],[16.182,58.854],[16.185,58.85],[16.191,58.846],[16.192,58.839],[16.197,58.839],[16.201,58.836],[16.211,58.835],[16.22,58.838],[16.264,58.832],[16.269,58.826],[16.293,58.817],[16.291,58.815],[16.301,58.812],[16.306,58.811],[16.316,58.806],[16.323,58.806],[16.326,58.803],[16.337,58.801],[16.347,58.796],[16.364,58.793],[16.371,58.793],[16.377,58.791],[16.398,58.788],[16.404,58.784],[16.411,58.784],[16.432,58.782],[16.44,58.778],[16.456,58.776],[16.464,58.77],[16.499,58.77],[16.503,58.769],[16.515,58.774],[16.561,58.78],[16.567,58.783],[16.579,58.787],[16.591,58.784],[16.593,58.787],[16.589,58.788],[16.597,58.799],[16.599,58.808],[16.603,58.811],[16.604,58.817],[16.618,58.821],[16.626,58.825],[16.621,58.835],[16.611,58.845],[16.606,58.848],[16.555,58.873],[16.54,58.875],[16.527,58.885],[16.514,58.89],[16.491,58.898],[16.471,58.896],[16.463,58.9],[16.442,58.909],[16.432,58.911],[16.426,58.915],[16.418,58.918],[16.429,58.923],[16.438,58.927],[16.454,58.921],[16.459,58.922],[16.463,58.92],[16.47,58.92],[16.472,58.919],[16.484,58.918],[16.492,58.92],[16.496,58.924],[16.496,58.929],[16.506,58.935],[16.519,58.932],[16.522,58.936],[16.53,58.94],[16.528,58.947],[16.503,58.955],[16.493,58.961],[16.491,58.963],[16.499,58.97],[16.502,58.977],[16.512,58.977],[16.515,58.976],[16.522,58.977],[16.521,58.981],[16.531,58.982],[16.527,58.985],[16.515,58.989],[16.504,58.998],[16.519,59.005],[16.526,59.003],[16.544,58.995],[16.551,58.998],[16.561,58.999],[16.568,59.001],[16.57,59.004],[16.555,59.011],[16.558,59.016],[16.558,59.019],[16.55,59.019],[16.553,59.023],[16.562,59.025],[16.567,59.029],[16.541,59.031],[16.537,59.035],[16.528,59.037],[16.53,59.043],[16.537,59.044],[16.532,59.048],[16.516,59.048],[16.512,59.05],[16.519,59.055],[16.513,59.056],[16.511,59.061],[16.514,59.065],[16.52,59.07],[16.524,59.08],[16.51,59.084],[16.491,59.09],[16.481,59.09],[16.473,59.094],[16.473,59.099],[16.463,59.101],[16.464,59.106],[16.461,59.113],[16.459,59.122],[16.458,59.131],[16.462,59.137],[16.464,59.153],[16.461,59.169],[16.463,59.172],[16.464,59.188],[16.458,59.197],[16.416,59.194],[16.392,59.193],[16.381,59.191],[16.371,59.184],[16.36,59.173],[16.349,59.165],[16.335,59.161],[16.315,59.16],[16.294,59.161],[16.278,59.16],[16.27,59.16],[16.233,59.157],[16.226,59.152],[16.213,59.145],[16.205,59.16],[16.209,59.165],[16.202,59.166],[16.197,59.169],[16.2,59.171],[16.195,59.183],[16.186,59.187],[16.182,59.193],[16.175,59.198],[16.17,59.199],[16.152,59.202],[16.147,59.204],[16.141,59.202],[16.102,59.203],[16.103,59.209],[16.099,59.215],[16.101,59.221],[16.091,59.22],[16.074,59.246],[16.069,59.245],[16.059,59.247],[16.024,59.263],[15.987,59.254],[15.893,59.23],[15.762,59.198]]]}},{"type":"Feature","properties":{"id":935402,"maakond_id":420,"name":"Vindelns kommun","bbox":[18.973,64.014,20.142,64.778]},"geometry":{"type":"Polygon","coordinates":[[[19.418,64.019],[19.431,64.036],[19.466,64.043],[19.492,64.04],[19.521,64.036],[19.542,64.037],[19.554,64.029],[19.555,64.022],[19.568,64.015],[19.575,64.014],[19.57,64.027],[19.617,64.039],[19.623,64.051],[19.657,64.048],[19.66,64.049],[19.642,64.065],[19.66,64.072],[19.667,64.07],[19.667,64.064],[19.678,64.055],[19.768,64.059],[19.793,64.085],[19.824,64.118],[19.818,64.129],[19.823,64.129],[19.844,64.124],[19.861,64.132],[19.893,64.129],[19.926,64.132],[19.942,64.113],[19.982,64.115],[19.986,64.119],[19.993,64.117],[20.006,64.116],[20.018,64.117],[20.027,64.13],[20.028,64.154],[20.02,64.166],[20.047,64.185],[20.054,64.194],[20.06,64.195],[20.071,64.206],[20.058,64.218],[20.082,64.239],[20.099,64.241],[20.101,64.264],[20.102,64.269],[20.09,64.268],[20.084,64.274],[20.08,64.273],[20.082,64.267],[20.025,64.272],[20.03,64.299],[20.04,64.316],[20.038,64.322],[20.033,64.323],[20.032,64.326],[20.059,64.325],[20.069,64.323],[20.042,64.336],[20.05,64.339],[20.064,64.336],[20.077,64.349],[20.116,64.34],[20.117,64.346],[20.141,64.342],[20.142,64.348],[20.116,64.354],[20.101,64.361],[20.112,64.373],[20.133,64.372],[20.133,64.374],[20.103,64.391],[20.106,64.392],[20.089,64.402],[20.084,64.407],[20.07,64.414],[20.083,64.415],[20.082,64.421],[20.073,64.423],[20.07,64.44],[20.04,64.455],[20.017,64.442],[19.997,64.452],[19.992,64.449],[19.941,64.475],[19.946,64.478],[19.879,64.512],[19.859,64.504],[19.791,64.533],[19.808,64.544],[19.789,64.553],[19.776,64.562],[19.788,64.569],[19.751,64.583],[19.748,64.587],[19.711,64.598],[19.662,64.622],[19.57,64.631],[19.505,64.638],[19.396,64.689],[19.408,64.694],[19.392,64.7],[19.386,64.717],[19.383,64.727],[19.347,64.746],[19.288,64.778],[19.263,64.751],[19.205,64.685],[19.179,64.655],[19.134,64.606],[19.114,64.585],[19.046,64.51],[18.973,64.428],[18.976,64.419],[19.003,64.332],[19.019,64.28],[19.037,64.222],[19.077,64.229],[19.117,64.22],[19.176,64.187],[19.17,64.184],[19.164,64.185],[19.127,64.181],[19.13,64.172],[19.135,64.168],[19.13,64.167],[19.161,64.133],[19.183,64.129],[19.229,64.095],[19.245,64.099],[19.307,64.07],[19.322,64.078],[19.344,64.071],[19.354,64.049],[19.418,64.019]],[[19.868,64.479],[19.856,64.482],[19.866,64.494],[19.895,64.492],[19.907,64.482],[19.933,64.467],[19.909,64.465],[19.868,64.479]],[[19.998,64.147],[20.01,64.137],[20,64.129],[19.99,64.132],[19.998,64.147]]]}},{"type":"Feature","properties":{"id":935403,"maakond_id":410,"name":"Svalövs kommun","bbox":[12.944,55.828,13.34,56.089]},"geometry":{"type":"MultiPolygon","coordinates":[[[[12.987,55.98],[12.989,55.977],[12.986,55.964],[12.981,55.964],[12.981,55.957],[12.975,55.959],[12.97,55.952],[12.956,55.951],[12.952,55.943],[12.951,55.937],[12.952,55.928],[12.945,55.928],[12.944,55.922],[12.951,55.923],[12.951,55.921],[12.97,55.919],[12.971,55.908],[12.98,55.907],[12.979,55.904],[12.985,55.904],[12.988,55.908],[12.998,55.907],[13,55.903],[12.998,55.896],[12.988,55.899],[12.983,55.896],[12.995,55.893],[12.993,55.889],[12.981,55.891],[12.979,55.884],[12.982,55.883],[12.98,55.879],[12.973,55.876],[12.962,55.875],[12.964,55.87],[12.959,55.862],[12.972,55.852],[12.973,55.848],[12.995,55.852],[13.016,55.859],[13.016,55.863],[13.043,55.859],[13.048,55.856],[13.054,55.847],[13.059,55.841],[13.073,55.846],[13.073,55.843],[13.081,55.841],[13.08,55.838],[13.11,55.831],[13.113,55.828],[13.119,55.831],[13.146,55.83],[13.147,55.839],[13.152,55.844],[13.158,55.846],[13.159,55.85],[13.156,55.859],[13.148,55.859],[13.142,55.863],[13.134,55.862],[13.131,55.864],[13.134,55.868],[13.132,55.871],[13.121,55.871],[13.117,55.875],[13.132,55.875],[13.128,55.881],[13.127,55.887],[13.13,55.89],[13.136,55.892],[13.15,55.895],[13.149,55.899],[13.152,55.901],[13.172,55.894],[13.182,55.89],[13.187,55.891],[13.193,55.894],[13.2,55.895],[13.201,55.903],[13.208,55.902],[13.215,55.908],[13.226,55.913],[13.24,55.917],[13.249,55.911],[13.252,55.907],[13.248,55.902],[13.253,55.899],[13.268,55.894],[13.286,55.892],[13.29,55.903],[13.298,55.9],[13.298,55.904],[13.292,55.905],[13.288,55.913],[13.277,55.92],[13.276,55.923],[13.296,55.938],[13.299,55.942],[13.269,55.946],[13.268,55.953],[13.277,55.959],[13.274,55.963],[13.276,55.965],[13.283,55.963],[13.291,55.965],[13.294,55.972],[13.304,55.976],[13.31,55.975],[13.311,55.978],[13.329,55.997],[13.336,56.007],[13.335,56.01],[13.34,56.014],[13.324,56.022],[13.312,56.03],[13.307,56.027],[13.299,56.024],[13.292,56.024],[13.283,56.026],[13.272,56.025],[13.266,56.027],[13.245,56.026],[13.238,56.014],[13.23,56.017],[13.23,56.02],[13.226,56.024],[13.201,56.028],[13.182,56.034],[13.188,56.039],[13.19,56.041],[13.179,56.049],[13.178,56.051],[13.169,56.055],[13.173,56.056],[13.169,56.062],[13.164,56.066],[13.156,56.069],[13.155,56.071],[13.142,56.072],[13.132,56.076],[13.127,56.079],[13.115,56.08],[13.112,56.084],[13.107,56.084],[13.098,56.088],[13.089,56.086],[13.08,56.087],[13.076,56.086],[13.07,56.089],[13.065,56.086],[13.072,56.084],[13.073,56.077],[13.07,56.075],[13.068,56.072],[13.073,56.068],[13.069,56.067],[13.061,56.069],[13.054,56.066],[13.058,56.063],[13.05,56.06],[13.05,56.058],[13.043,56.054],[13.043,56.051],[13.039,56.047],[13.035,56.049],[13.025,56.048],[13.018,56.042],[13.008,56.039],[13.02,56.037],[13.025,56.032],[13.021,56.026],[13.023,56.018],[13.013,56.013],[13.023,56.009],[13.026,56.011],[13.033,56.009],[13.034,56.005],[13.03,56],[13.025,56.002],[13.009,56.003],[13.002,56.005],[13.004,55.997],[13.011,55.992],[13.01,55.99],[12.994,55.987],[12.994,55.985],[12.987,55.98]]],[[[13.055,56.081],[13.049,56.081],[13.056,56.075],[13.059,56.079],[13.055,56.081]]]]}},{"type":"Feature","properties":{"id":935404,"maakond_id":412,"name":"Dals-Eds kommun","bbox":[11.652,58.749,12.149,59.238]},"geometry":{"type":"Polygon","coordinates":[[[11.826,59.238],[11.812,59.232],[11.799,59.224],[11.794,59.218],[11.783,59.206],[11.782,59.2],[11.784,59.196],[11.776,59.178],[11.775,59.171],[11.777,59.165],[11.777,59.156],[11.776,59.146],[11.778,59.136],[11.769,59.127],[11.764,59.115],[11.768,59.113],[11.774,59.108],[11.777,59.102],[11.781,59.099],[11.777,59.098],[11.776,59.087],[11.757,59.074],[11.749,59.067],[11.743,59.058],[11.735,59.05],[11.722,59.039],[11.711,59.034],[11.705,59.015],[11.698,59],[11.689,58.991],[11.684,58.99],[11.686,58.987],[11.692,58.985],[11.693,58.977],[11.684,58.974],[11.689,58.972],[11.687,58.97],[11.689,58.957],[11.683,58.953],[11.682,58.947],[11.677,58.945],[11.673,58.941],[11.676,58.935],[11.664,58.935],[11.658,58.931],[11.662,58.928],[11.657,58.926],[11.657,58.922],[11.652,58.906],[11.661,58.907],[11.669,58.899],[11.673,58.899],[11.678,58.896],[11.676,58.891],[11.67,58.886],[11.679,58.881],[11.682,58.875],[11.689,58.874],[11.695,58.876],[11.707,58.87],[11.702,58.867],[11.702,58.864],[11.71,58.859],[11.708,58.856],[11.713,58.855],[11.715,58.849],[11.703,58.844],[11.703,58.841],[11.711,58.836],[11.721,58.827],[11.715,58.815],[11.736,58.814],[11.751,58.817],[11.756,58.819],[11.774,58.811],[11.778,58.808],[11.786,58.799],[11.787,58.796],[11.792,58.795],[11.791,58.788],[11.794,58.785],[11.795,58.78],[11.794,58.765],[11.799,58.763],[11.799,58.756],[11.803,58.753],[11.813,58.753],[11.821,58.749],[11.841,58.754],[11.847,58.761],[11.856,58.768],[11.874,58.77],[11.88,58.774],[11.864,58.778],[11.864,58.783],[11.877,58.788],[11.88,58.792],[11.891,58.794],[11.914,58.792],[11.921,58.79],[11.925,58.791],[11.942,58.798],[11.942,58.799],[11.962,58.799],[11.975,58.798],[11.983,58.796],[11.997,58.795],[12.001,58.803],[12.01,58.802],[12.017,58.806],[12.023,58.807],[12.023,58.81],[12.033,58.822],[12.043,58.829],[12.053,58.825],[12.06,58.825],[12.068,58.832],[12.052,58.835],[12.051,58.841],[12.053,58.845],[12.058,58.847],[12.063,58.845],[12.067,58.846],[12.079,58.84],[12.081,58.838],[12.089,58.834],[12.089,58.839],[12.091,58.847],[12.096,58.849],[12.102,58.859],[12.101,58.861],[12.088,58.872],[12.084,58.874],[12.086,58.881],[12.097,58.893],[12.094,58.895],[12.101,58.906],[12.087,58.908],[12.084,58.911],[12.077,58.914],[12.083,58.917],[12.085,58.928],[12.085,58.935],[12.089,58.939],[12.088,58.942],[12.094,58.943],[12.097,58.948],[12.109,58.951],[12.113,58.948],[12.119,58.946],[12.126,58.945],[12.126,58.953],[12.136,58.955],[12.144,58.959],[12.149,58.958],[12.149,58.97],[12.148,58.974],[12.141,58.978],[12.136,58.976],[12.124,58.975],[12.113,58.977],[12.111,58.98],[12.11,58.988],[12.105,58.992],[12.117,58.999],[12.12,59.007],[12.109,59.009],[12.097,59.02],[12.099,59.024],[12.097,59.027],[12.092,59.029],[12.089,59.032],[12.081,59.035],[12.078,59.038],[12.07,59.039],[12.067,59.038],[12.056,59.038],[12.048,59.034],[12.037,59.038],[12.03,59.044],[12.023,59.048],[12.014,59.049],[12.017,59.061],[12.009,59.063],[12.009,59.066],[12.016,59.073],[12.007,59.078],[11.995,59.081],[11.987,59.085],[11.971,59.096],[11.98,59.102],[11.978,59.106],[11.986,59.11],[11.997,59.12],[11.971,59.123],[11.968,59.129],[11.963,59.132],[11.956,59.143],[11.95,59.147],[11.95,59.154],[11.939,59.153],[11.932,59.158],[11.924,59.159],[11.911,59.16],[11.881,59.157],[11.872,59.169],[11.858,59.172],[11.854,59.175],[11.854,59.182],[11.836,59.191],[11.83,59.205],[11.836,59.214],[11.836,59.236],[11.826,59.238]]]}},{"type":"Feature","properties":{"id":935405,"maakond_id":405,"name":"Habo kommun","bbox":[13.856,57.804,14.314,58.146]},"geometry":{"type":"Polygon","coordinates":[[[13.864,57.851],[13.867,57.85],[13.888,57.838],[13.89,57.839],[13.901,57.841],[13.905,57.847],[13.921,57.856],[13.931,57.852],[13.945,57.845],[13.942,57.838],[13.951,57.835],[13.96,57.833],[13.959,57.828],[13.953,57.825],[13.966,57.822],[13.964,57.82],[13.967,57.814],[13.97,57.812],[13.976,57.811],[13.994,57.807],[13.998,57.804],[14.011,57.805],[14.015,57.821],[14.017,57.825],[14.013,57.831],[14.013,57.85],[14.022,57.851],[14.03,57.86],[14.036,57.858],[14.043,57.859],[14.043,57.863],[14.049,57.864],[14.057,57.862],[14.059,57.859],[14.068,57.858],[14.069,57.856],[14.077,57.854],[14.08,57.857],[14.097,57.858],[14.102,57.862],[14.101,57.868],[14.105,57.869],[14.109,57.873],[14.114,57.873],[14.117,57.877],[14.136,57.887],[14.205,57.901],[14.237,58.028],[14.314,58.132],[14.225,58.136],[14.215,58.135],[14.206,58.135],[14.19,58.131],[14.184,58.131],[14.177,58.129],[14.172,58.13],[14.156,58.13],[14.147,58.134],[14.148,58.137],[14.143,58.14],[14.14,58.139],[14.129,58.146],[14.119,58.121],[14.122,58.1],[14.117,58.089],[14.111,58.087],[14.108,58.082],[14.111,58.079],[14.117,58.078],[14.107,58.064],[14.065,58.039],[14.07,58.025],[14.065,58.029],[14.059,58.025],[14.064,58.024],[14.007,58.013],[13.993,58.01],[13.963,58.008],[13.945,58.007],[13.93,58.009],[13.927,58.003],[13.929,58.001],[13.927,57.995],[13.923,57.99],[13.917,57.985],[13.918,57.98],[13.913,57.978],[13.912,57.974],[13.906,57.968],[13.906,57.963],[13.91,57.957],[13.9,57.955],[13.9,57.952],[13.911,57.943],[13.903,57.936],[13.904,57.933],[13.91,57.933],[13.922,57.927],[13.922,57.925],[13.914,57.922],[13.909,57.922],[13.907,57.916],[13.901,57.916],[13.9,57.912],[13.902,57.909],[13.893,57.904],[13.892,57.9],[13.897,57.895],[13.892,57.893],[13.885,57.895],[13.875,57.9],[13.867,57.901],[13.856,57.894],[13.861,57.887],[13.865,57.884],[13.864,57.88],[13.861,57.877],[13.864,57.868],[13.87,57.867],[13.871,57.864],[13.866,57.86],[13.867,57.857],[13.864,57.851]]]}},{"type":"Feature","properties":{"id":935406,"maakond_id":407,"name":"Borgholms kommun","bbox":[16.504,56.591,17.52,57.494]},"geometry":{"type":"Polygon","coordinates":[[[16.556,56.877],[16.521,56.801],[16.516,56.78],[16.504,56.764],[16.521,56.758],[16.523,56.755],[16.533,56.755],[16.531,56.751],[16.542,56.752],[16.557,56.751],[16.563,56.746],[16.586,56.747],[16.587,56.746],[16.598,56.744],[16.593,56.74],[16.6,56.739],[16.608,56.745],[16.629,56.742],[16.627,56.729],[16.637,56.728],[16.634,56.718],[16.625,56.718],[16.623,56.711],[16.62,56.709],[16.614,56.7],[16.612,56.692],[16.609,56.688],[16.607,56.682],[16.617,56.68],[16.617,56.677],[16.634,56.674],[16.64,56.673],[16.644,56.671],[16.664,56.666],[16.678,56.669],[16.682,56.668],[16.696,56.669],[16.7,56.666],[16.704,56.666],[16.713,56.663],[16.72,56.662],[17.071,56.591],[17.071,56.594],[17.074,56.604],[17.091,56.632],[17.097,56.646],[17.101,56.657],[17.142,56.699],[17.154,56.708],[17.166,56.72],[17.178,56.733],[17.19,56.75],[17.203,56.766],[17.215,56.782],[17.256,56.848],[17.339,56.981],[17.409,57.093],[17.42,57.107],[17.428,57.12],[17.432,57.127],[17.437,57.141],[17.441,57.154],[17.443,57.176],[17.486,57.226],[17.495,57.237],[17.503,57.25],[17.51,57.264],[17.515,57.277],[17.517,57.284],[17.519,57.298],[17.52,57.305],[17.519,57.319],[17.519,57.326],[17.516,57.34],[17.511,57.354],[17.504,57.367],[17.493,57.384],[17.486,57.401],[17.476,57.42],[17.467,57.433],[17.459,57.443],[17.447,57.455],[17.435,57.466],[17.405,57.49],[17.023,57.494],[16.819,57.353],[16.879,57.241],[16.764,57.166],[16.762,57.112],[16.705,57.021],[16.6,56.923],[16.556,56.877]]]}},{"type":"Feature","properties":{"id":935407,"maakond_id":411,"name":"Hylte kommun","bbox":[12.821,56.824,13.694,57.114]},"geometry":{"type":"Polygon","coordinates":[[[13.079,57.099],[13.063,57.094],[13.066,57.091],[13.059,57.087],[13.049,57.086],[13.046,57.085],[13.039,57.088],[13.024,57.082],[13.025,57.08],[13.014,57.056],[13.01,57.051],[13.017,57.047],[13.003,57.041],[13.004,57.037],[13.001,57.036],[12.998,57.042],[12.981,57.048],[12.972,57.047],[12.972,57.051],[12.955,57.045],[12.946,57.047],[12.942,57.047],[12.938,57.051],[12.944,57.057],[12.937,57.058],[12.919,57.054],[12.92,57.05],[12.908,57.043],[12.913,57.042],[12.915,57.037],[12.905,57.029],[12.9,57.027],[12.902,57.024],[12.899,57.021],[12.892,57.021],[12.883,57.018],[12.87,57.023],[12.86,57.023],[12.845,57.015],[12.851,57.004],[12.846,57.002],[12.835,57.003],[12.833,57.001],[12.833,56.995],[12.825,56.991],[12.826,56.986],[12.821,56.983],[12.823,56.975],[12.839,56.966],[12.848,56.969],[12.858,56.967],[12.859,56.969],[12.864,56.971],[12.87,56.969],[12.873,56.964],[12.869,56.96],[12.869,56.956],[12.883,56.958],[12.887,56.955],[12.895,56.955],[12.912,56.958],[12.914,56.955],[12.916,56.949],[12.912,56.943],[12.92,56.941],[12.935,56.944],[12.936,56.935],[12.939,56.934],[12.943,56.927],[12.942,56.922],[12.949,56.92],[12.952,56.923],[12.973,56.924],[12.976,56.918],[12.982,56.916],[12.992,56.915],[12.995,56.918],[13.003,56.915],[13.006,56.912],[13.003,56.909],[13.001,56.899],[13.007,56.898],[13.007,56.895],[13.004,56.888],[13,56.888],[13.001,56.875],[12.999,56.873],[13.001,56.865],[13.015,56.861],[13.033,56.854],[13.035,56.851],[13.035,56.844],[13.043,56.841],[13.048,56.842],[13.054,56.842],[13.067,56.844],[13.074,56.851],[13.076,56.858],[13.088,56.866],[13.096,56.868],[13.104,56.865],[13.113,56.868],[13.118,56.874],[13.117,56.879],[13.121,56.88],[13.118,56.884],[13.121,56.888],[13.131,56.891],[13.137,56.892],[13.146,56.889],[13.156,56.884],[13.164,56.883],[13.172,56.881],[13.177,56.878],[13.179,56.874],[13.166,56.856],[13.162,56.85],[13.156,56.84],[13.163,56.827],[13.181,56.826],[13.185,56.83],[13.193,56.83],[13.202,56.836],[13.213,56.832],[13.24,56.841],[13.243,56.848],[13.255,56.847],[13.262,56.853],[13.267,56.853],[13.275,56.847],[13.281,56.843],[13.286,56.837],[13.297,56.831],[13.298,56.824],[13.325,56.833],[13.338,56.838],[13.335,56.844],[13.338,56.844],[13.34,56.85],[13.334,56.852],[13.337,56.856],[13.332,56.862],[13.335,56.865],[13.335,56.87],[13.339,56.872],[13.344,56.873],[13.346,56.864],[13.352,56.864],[13.355,56.858],[13.359,56.857],[13.373,56.863],[13.39,56.867],[13.396,56.867],[13.406,56.871],[13.414,56.871],[13.418,56.87],[13.432,56.869],[13.437,56.872],[13.438,56.876],[13.444,56.88],[13.453,56.879],[13.472,56.876],[13.469,56.874],[13.473,56.871],[13.482,56.872],[13.487,56.871],[13.505,56.878],[13.514,56.882],[13.522,56.888],[13.53,56.891],[13.536,56.891],[13.539,56.887],[13.544,56.887],[13.555,56.893],[13.56,56.894],[13.564,56.891],[13.577,56.889],[13.59,56.892],[13.604,56.897],[13.618,56.909],[13.623,56.908],[13.662,56.914],[13.666,56.921],[13.687,56.927],[13.685,56.932],[13.689,56.937],[13.682,56.94],[13.684,56.945],[13.689,56.946],[13.694,56.964],[13.681,56.972],[13.667,56.98],[13.664,56.985],[13.656,56.984],[13.648,56.986],[13.648,56.988],[13.63,56.986],[13.627,56.991],[13.629,56.994],[13.616,57],[13.613,57.003],[13.603,57.008],[13.595,57.015],[13.603,57.024],[13.593,57.03],[13.586,57.033],[13.599,57.037],[13.608,57.042],[13.602,57.046],[13.606,57.051],[13.604,57.06],[13.599,57.063],[13.582,57.065],[13.58,57.063],[13.574,57.063],[13.569,57.066],[13.574,57.07],[13.546,57.079],[13.535,57.081],[13.527,57.087],[13.505,57.085],[13.506,57.078],[13.505,57.074],[13.501,57.074],[13.49,57.086],[13.501,57.09],[13.496,57.095],[13.497,57.109],[13.489,57.114],[13.473,57.108],[13.469,57.103],[13.455,57.097],[13.452,57.1],[13.455,57.103],[13.449,57.105],[13.442,57.107],[13.44,57.11],[13.424,57.113],[13.411,57.114],[13.387,57.114],[13.386,57.111],[13.379,57.111],[13.366,57.114],[13.351,57.113],[13.346,57.11],[13.325,57.105],[13.321,57.102],[13.307,57.102],[13.3,57.104],[13.296,57.102],[13.289,57.103],[13.286,57.1],[13.277,57.096],[13.275,57.093],[13.254,57.089],[13.232,57.098],[13.227,57.095],[13.233,57.09],[13.229,57.086],[13.224,57.084],[13.234,57.079],[13.229,57.077],[13.218,57.076],[13.212,57.074],[13.206,57.071],[13.201,57.072],[13.196,57.068],[13.187,57.064],[13.18,57.067],[13.172,57.055],[13.162,57.052],[13.168,57.048],[13.176,57.052],[13.19,57.058],[13.193,57.055],[13.198,57.054],[13.196,57.051],[13.19,57.049],[13.179,57.048],[13.166,57.041],[13.156,57.037],[13.145,57.038],[13.137,57.035],[13.134,57.032],[13.133,57.027],[13.122,57.027],[13.118,57.033],[13.122,57.036],[13.113,57.041],[13.114,57.047],[13.122,57.054],[13.12,57.059],[13.115,57.06],[13.116,57.063],[13.107,57.066],[13.099,57.07],[13.094,57.076],[13.087,57.078],[13.081,57.084],[13.09,57.086],[13.085,57.094],[13.079,57.099]],[[13.194,57.056],[13.202,57.058],[13.205,57.055],[13.199,57.054],[13.194,57.056]]]}},{"type":"Feature","properties":{"id":935408,"maakond_id":407,"name":"Västerviks kommun","bbox":[15.988,57.516,17.353,58.142]},"geometry":{"type":"Polygon","coordinates":[[[17.256,57.612],[17.252,57.615],[17.262,57.633],[17.268,57.646],[17.271,57.653],[17.274,57.667],[17.276,57.681],[17.275,57.695],[17.273,57.709],[17.27,57.721],[17.235,57.826],[17.264,57.869],[17.353,58],[16.896,58.004],[16.821,58.027],[16.818,58.011],[16.812,58.006],[16.812,58],[16.806,58],[16.802,57.998],[16.792,58],[16.789,58.004],[16.778,58.003],[16.772,58.004],[16.756,58.001],[16.747,57.994],[16.743,58],[16.731,57.995],[16.734,57.986],[16.727,57.985],[16.714,57.992],[16.703,57.994],[16.697,57.997],[16.691,57.996],[16.682,57.999],[16.673,58],[16.665,57.997],[16.658,57.993],[16.627,58.003],[16.624,58.008],[16.631,58.012],[16.615,58.021],[16.609,58.03],[16.609,58.031],[16.599,58.037],[16.601,58.042],[16.601,58.048],[16.596,58.048],[16.593,58.051],[16.607,58.053],[16.6,58.06],[16.568,58.084],[16.562,58.089],[16.569,58.095],[16.57,58.098],[16.555,58.105],[16.551,58.109],[16.543,58.111],[16.533,58.116],[16.515,58.104],[16.502,58.096],[16.491,58.089],[16.485,58.09],[16.465,58.099],[16.458,58.107],[16.457,58.112],[16.429,58.113],[16.422,58.122],[16.417,58.122],[16.414,58.129],[16.411,58.131],[16.398,58.129],[16.392,58.129],[16.386,58.134],[16.363,58.13],[16.355,58.127],[16.333,58.117],[16.318,58.121],[16.303,58.125],[16.295,58.132],[16.284,58.137],[16.265,58.142],[16.241,58.136],[16.239,58.132],[16.213,58.117],[16.212,58.108],[16.204,58.105],[16.191,58.104],[16.177,58.11],[16.167,58.099],[16.163,58.09],[16.178,58.064],[16.158,58.062],[16.149,58.062],[16.129,58.086],[16.12,58.086],[16.108,58.082],[16.099,58.079],[16.082,58.072],[16.07,58.07],[16.037,58.073],[16.027,58.074],[16.022,58.08],[16.015,58.086],[16.007,58.088],[15.995,58.082],[15.988,58.076],[15.988,58.074],[16.002,58.066],[16.009,58.064],[16.016,58.061],[16.017,58.052],[15.997,58.036],[15.995,58.022],[16.025,58.011],[16.043,57.996],[16.05,57.988],[16.069,57.984],[16.093,57.978],[16.075,57.975],[16.053,57.961],[16.046,57.965],[16.039,57.96],[16.028,57.955],[16.019,57.944],[16.029,57.928],[16.029,57.921],[16.042,57.918],[16.052,57.912],[16.064,57.899],[16.058,57.899],[16.055,57.894],[16.061,57.887],[16.058,57.883],[16.063,57.88],[16.062,57.873],[16.069,57.876],[16.083,57.876],[16.091,57.859],[16.093,57.848],[16.088,57.843],[16.098,57.84],[16.122,57.835],[16.113,57.819],[16.117,57.809],[16.132,57.795],[16.131,57.787],[16.133,57.784],[16.143,57.784],[16.143,57.773],[16.136,57.776],[16.133,57.772],[16.128,57.77],[16.137,57.766],[16.147,57.757],[16.169,57.759],[16.177,57.763],[16.183,57.762],[16.182,57.759],[16.172,57.755],[16.171,57.758],[16.164,57.757],[16.167,57.747],[16.165,57.742],[16.17,57.727],[16.174,57.726],[16.172,57.721],[16.172,57.715],[16.176,57.707],[16.18,57.703],[16.183,57.693],[16.178,57.692],[16.153,57.686],[16.141,57.687],[16.13,57.681],[16.117,57.68],[16.119,57.661],[16.124,57.652],[16.13,57.644],[16.127,57.638],[16.128,57.634],[16.135,57.626],[16.136,57.622],[16.145,57.614],[16.166,57.619],[16.178,57.62],[16.201,57.626],[16.2,57.628],[16.206,57.631],[16.212,57.63],[16.228,57.621],[16.222,57.618],[16.223,57.616],[16.233,57.617],[16.239,57.612],[16.209,57.605],[16.218,57.594],[16.227,57.589],[16.23,57.59],[16.242,57.584],[16.259,57.57],[16.261,57.564],[16.264,57.562],[16.275,57.545],[16.285,57.535],[16.31,57.527],[16.314,57.524],[16.322,57.521],[16.343,57.517],[16.36,57.516],[16.37,57.517],[16.388,57.516],[16.391,57.517],[16.412,57.518],[16.428,57.52],[16.456,57.517],[16.459,57.525],[16.465,57.531],[16.47,57.531],[16.47,57.537],[16.469,57.543],[16.473,57.549],[16.483,57.552],[16.484,57.556],[16.498,57.569],[16.502,57.57],[16.506,57.574],[16.523,57.582],[16.532,57.583],[16.536,57.587],[16.543,57.584],[16.551,57.579],[16.564,57.573],[16.61,57.571],[16.627,57.568],[16.629,57.565],[16.635,57.562],[16.643,57.552],[16.655,57.553],[16.658,57.547],[16.665,57.548],[16.665,57.551],[16.676,57.558],[16.658,57.569],[16.673,57.576],[16.685,57.576],[16.695,57.574],[16.7,57.572],[16.71,57.575],[16.716,57.587],[16.725,57.593],[16.744,57.6],[16.766,57.611],[16.821,57.616],[17.256,57.612]]]}},{"type":"Feature","properties":{"id":935409,"maakond_id":415,"name":"Köpings kommun","bbox":[15.513,59.448,16.236,59.713]},"geometry":{"type":"Polygon","coordinates":[[[15.997,59.713],[15.973,59.694],[15.972,59.686],[15.965,59.666],[15.964,59.661],[15.958,59.66],[15.95,59.665],[15.938,59.663],[15.934,59.668],[15.906,59.669],[15.866,59.654],[15.865,59.648],[15.863,59.642],[15.855,59.642],[15.845,59.642],[15.837,59.634],[15.821,59.632],[15.818,59.635],[15.815,59.642],[15.807,59.648],[15.774,59.648],[15.77,59.653],[15.767,59.655],[15.76,59.663],[15.763,59.666],[15.754,59.674],[15.754,59.677],[15.749,59.683],[15.741,59.685],[15.738,59.684],[15.727,59.686],[15.68,59.685],[15.682,59.681],[15.675,59.68],[15.662,59.683],[15.647,59.683],[15.607,59.698],[15.55,59.699],[15.538,59.691],[15.529,59.69],[15.533,59.687],[15.525,59.677],[15.527,59.666],[15.513,59.653],[15.515,59.642],[15.521,59.633],[15.546,59.629],[15.565,59.627],[15.585,59.628],[15.604,59.631],[15.616,59.63],[15.619,59.626],[15.621,59.617],[15.623,59.598],[15.634,59.596],[15.637,59.591],[15.635,59.58],[15.632,59.571],[15.626,59.574],[15.626,59.55],[15.63,59.529],[15.628,59.52],[15.65,59.523],[15.663,59.525],[15.672,59.529],[15.673,59.535],[15.682,59.537],[15.683,59.534],[15.705,59.539],[15.709,59.53],[15.713,59.526],[15.738,59.525],[15.733,59.545],[15.751,59.532],[15.762,59.517],[15.768,59.511],[15.78,59.506],[15.788,59.501],[15.783,59.497],[15.792,59.49],[15.794,59.486],[15.805,59.478],[15.821,59.468],[15.832,59.448],[15.854,59.453],[15.868,59.458],[15.883,59.461],[15.899,59.465],[15.905,59.474],[15.909,59.473],[15.915,59.468],[15.925,59.472],[15.929,59.477],[15.926,59.479],[15.927,59.483],[15.932,59.485],[15.932,59.49],[15.94,59.49],[15.937,59.484],[15.939,59.48],[15.948,59.478],[15.956,59.471],[15.964,59.469],[15.972,59.474],[15.981,59.477],[15.984,59.476],[15.994,59.478],[15.999,59.478],[16.004,59.479],[16.02,59.477],[16.032,59.478],[16.043,59.476],[16.056,59.471],[16.068,59.469],[16.071,59.471],[16.084,59.472],[16.108,59.459],[16.129,59.459],[16.167,59.451],[16.192,59.451],[16.206,59.455],[16.218,59.46],[16.227,59.467],[16.223,59.468],[16.21,59.467],[16.2,59.469],[16.203,59.478],[16.209,59.483],[16.213,59.491],[16.211,59.494],[16.214,59.498],[16.218,59.5],[16.229,59.512],[16.236,59.517],[16.226,59.528],[16.224,59.527],[16.208,59.538],[16.177,59.535],[16.177,59.542],[16.171,59.544],[16.168,59.551],[16.152,59.562],[16.146,59.569],[16.133,59.578],[16.119,59.58],[16.128,59.587],[16.127,59.59],[16.118,59.597],[16.107,59.6],[16.107,59.602],[16.082,59.604],[16.081,59.61],[16.077,59.611],[16.075,59.615],[16.074,59.628],[16.077,59.63],[16.081,59.639],[16.083,59.641],[16.092,59.643],[16.096,59.64],[16.11,59.645],[16.113,59.655],[16.11,59.655],[16.028,59.66],[16.024,59.664],[16.011,59.672],[15.997,59.713]]]}},{"type":"Feature","properties":{"id":935410,"maakond_id":410,"name":"Lomma kommun","bbox":[12.972,55.641,13.137,55.757]},"geometry":{"type":"Polygon","coordinates":[[[13.112,55.702],[13.111,55.709],[13.115,55.714],[13.13,55.719],[13.127,55.733],[13.137,55.734],[13.135,55.738],[13.136,55.743],[13.123,55.742],[13.118,55.747],[13.111,55.748],[13.087,55.744],[13.077,55.739],[13.074,55.742],[13.069,55.741],[13.067,55.744],[13.061,55.75],[13.049,55.757],[13.044,55.756],[13.037,55.753],[13.027,55.753],[13.025,55.757],[13.016,55.755],[13.017,55.751],[13.011,55.742],[13.006,55.741],[13.004,55.735],[12.993,55.729],[12.991,55.726],[12.985,55.706],[12.972,55.68],[13.017,55.641],[13.053,55.641],[13.062,55.642],[13.066,55.644],[13.076,55.647],[13.091,55.65],[13.099,55.653],[13.098,55.659],[13.1,55.664],[13.112,55.666],[13.11,55.667],[13.114,55.676],[13.109,55.676],[13.112,55.691],[13.106,55.691],[13.104,55.693],[13.106,55.698],[13.112,55.699],[13.112,55.702]]]}},{"type":"Feature","properties":{"id":935411,"maakond_id":411,"name":"Falkenbergs kommun","bbox":[12.014,56.678,13.1,57.301]},"geometry":{"type":"Polygon","coordinates":[[[12.261,56.678],[12.563,56.777],[12.612,56.777],[12.615,56.778],[12.627,56.785],[12.632,56.785],[12.643,56.794],[12.637,56.795],[12.632,56.798],[12.63,56.803],[12.642,56.802],[12.646,56.806],[12.652,56.801],[12.66,56.811],[12.666,56.815],[12.681,56.816],[12.695,56.827],[12.703,56.829],[12.712,56.834],[12.719,56.832],[12.72,56.834],[12.718,56.838],[12.727,56.842],[12.73,56.846],[12.736,56.845],[12.744,56.845],[12.742,56.851],[12.747,56.852],[12.753,56.858],[12.758,56.86],[12.771,56.856],[12.788,56.856],[12.807,56.855],[12.813,56.853],[12.832,56.854],[12.842,56.856],[12.851,56.862],[12.847,56.865],[12.841,56.867],[12.823,56.866],[12.811,56.862],[12.782,56.858],[12.782,56.86],[12.802,56.864],[12.828,56.873],[12.851,56.869],[12.849,56.872],[12.859,56.874],[12.865,56.877],[12.872,56.874],[12.874,56.881],[12.868,56.885],[12.866,56.889],[12.867,56.892],[12.873,56.895],[12.871,56.904],[12.878,56.91],[12.879,56.914],[12.886,56.916],[12.894,56.925],[12.892,56.929],[12.895,56.934],[12.902,56.937],[12.912,56.943],[12.916,56.949],[12.914,56.955],[12.912,56.958],[12.895,56.955],[12.887,56.955],[12.883,56.958],[12.869,56.956],[12.869,56.96],[12.873,56.964],[12.87,56.969],[12.864,56.971],[12.859,56.969],[12.858,56.967],[12.848,56.969],[12.839,56.966],[12.823,56.975],[12.821,56.983],[12.826,56.986],[12.825,56.991],[12.833,56.995],[12.833,57.001],[12.835,57.003],[12.846,57.002],[12.851,57.004],[12.845,57.015],[12.86,57.023],[12.87,57.023],[12.883,57.018],[12.892,57.021],[12.899,57.021],[12.902,57.024],[12.9,57.027],[12.905,57.029],[12.915,57.037],[12.913,57.042],[12.908,57.043],[12.92,57.05],[12.919,57.054],[12.937,57.058],[12.944,57.057],[12.938,57.051],[12.942,57.047],[12.946,57.047],[12.955,57.045],[12.972,57.051],[12.972,57.047],[12.981,57.048],[12.998,57.042],[13.001,57.036],[13.004,57.037],[13.003,57.041],[13.017,57.047],[13.01,57.051],[13.014,57.056],[13.025,57.08],[13.024,57.082],[13.039,57.088],[13.046,57.085],[13.049,57.086],[13.059,57.087],[13.066,57.091],[13.063,57.094],[13.079,57.099],[13.09,57.106],[13.088,57.111],[13.085,57.113],[13.094,57.12],[13.091,57.123],[13.097,57.126],[13.099,57.128],[13.091,57.129],[13.082,57.125],[13.081,57.132],[13.1,57.146],[13.094,57.152],[13.097,57.158],[13.09,57.158],[13.085,57.156],[13.075,57.156],[13.072,57.151],[13.065,57.148],[13.06,57.147],[13.051,57.149],[13.045,57.155],[13.038,57.154],[13.027,57.155],[13.021,57.157],[13.023,57.161],[13.023,57.167],[13.028,57.17],[13.032,57.175],[13.039,57.178],[13.022,57.181],[13.008,57.181],[13,57.177],[12.989,57.181],[12.986,57.179],[12.974,57.183],[12.969,57.179],[12.96,57.177],[12.947,57.178],[12.94,57.177],[12.935,57.174],[12.921,57.176],[12.912,57.181],[12.911,57.184],[12.915,57.187],[12.916,57.194],[12.92,57.197],[12.92,57.202],[12.917,57.213],[12.914,57.22],[12.921,57.224],[12.925,57.228],[12.935,57.228],[12.939,57.231],[12.95,57.237],[12.954,57.241],[12.95,57.248],[12.945,57.247],[12.931,57.252],[12.928,57.258],[12.934,57.261],[12.93,57.264],[12.921,57.265],[12.907,57.27],[12.902,57.268],[12.894,57.27],[12.882,57.272],[12.88,57.27],[12.87,57.268],[12.862,57.269],[12.861,57.266],[12.851,57.268],[12.836,57.27],[12.827,57.278],[12.817,57.293],[12.808,57.301],[12.782,57.286],[12.779,57.284],[12.78,57.281],[12.776,57.276],[12.773,57.277],[12.763,57.273],[12.764,57.27],[12.754,57.268],[12.74,57.267],[12.734,57.263],[12.719,57.254],[12.708,57.247],[12.686,57.236],[12.683,57.233],[12.673,57.229],[12.667,57.232],[12.662,57.231],[12.656,57.225],[12.651,57.226],[12.641,57.226],[12.641,57.223],[12.633,57.218],[12.634,57.214],[12.628,57.212],[12.623,57.21],[12.625,57.203],[12.623,57.199],[12.625,57.193],[12.634,57.19],[12.628,57.186],[12.637,57.186],[12.639,57.183],[12.63,57.183],[12.63,57.179],[12.644,57.172],[12.649,57.166],[12.643,57.164],[12.641,57.161],[12.635,57.159],[12.631,57.161],[12.623,57.157],[12.614,57.154],[12.619,57.137],[12.613,57.13],[12.579,57.113],[12.576,57.109],[12.577,57.104],[12.576,57.089],[12.58,57.078],[12.6,57.066],[12.591,57.063],[12.573,57.054],[12.577,57.049],[12.588,57.045],[12.602,57.041],[12.604,57.032],[12.609,57.029],[12.609,57.024],[12.604,57.023],[12.589,57.021],[12.578,57.019],[12.574,57.015],[12.559,57.018],[12.55,57.018],[12.55,57.013],[12.543,57.001],[12.534,56.999],[12.527,56.993],[12.51,56.997],[12.517,57.001],[12.487,57.006],[12.484,57.01],[12.489,57.015],[12.483,57.016],[12.473,57.015],[12.461,57.014],[12.453,57.007],[12.438,57.01],[12.435,57.012],[12.427,57.012],[12.426,57.01],[12.396,56.998],[12.381,56.996],[12.372,56.995],[12.356,56.991],[12.26,56.986],[12.014,56.963],[12.071,56.898],[12.137,56.823],[12.215,56.733],[12.261,56.678]]]}},{"type":"Feature","properties":{"id":935413,"maakond_id":419,"name":"Strömsunds kommun","bbox":[13.654,63.347,16.719,65.119]},"geometry":{"type":"MultiPolygon","coordinates":[[[[14.326,65.119],[14.227,65.049],[14.13,64.979],[14.077,64.939],[14.015,64.89],[13.978,64.86],[13.931,64.822],[13.873,64.776],[13.795,64.712],[13.705,64.64],[13.654,64.58],[13.751,64.55],[13.891,64.507],[14.055,64.483],[14.085,64.478],[14.114,64.462],[14.127,64.387],[14.171,64.398],[14.216,64.368],[14.226,64.362],[14.257,64.34],[14.308,64.335],[14.456,64.319],[14.488,64.315],[14.515,64.313],[14.662,64.29],[14.685,64.288],[14.774,64.277],[14.82,64.205],[14.846,64.164],[14.877,64.107],[14.916,64.107],[14.928,64.094],[14.976,64.045],[14.908,64.027],[14.964,63.953],[14.978,63.934],[14.99,63.93],[15.045,63.907],[15.056,63.894],[15.069,63.893],[15.065,63.89],[15.079,63.883],[15.08,63.879],[15.085,63.878],[15.087,63.875],[15.096,63.869],[15.102,63.868],[15.105,63.865],[15.091,63.861],[15.091,63.857],[15.099,63.856],[15.106,63.85],[15.02,63.822],[14.95,63.783],[14.916,63.722],[14.903,63.721],[14.908,63.718],[14.939,63.71],[14.938,63.707],[14.926,63.704],[14.936,63.65],[14.859,63.65],[14.897,63.614],[14.938,63.598],[14.944,63.595],[14.982,63.58],[14.987,63.579],[15,63.571],[15.025,63.554],[15.021,63.554],[15.021,63.549],[15.028,63.546],[15.029,63.543],[15.04,63.539],[15.039,63.538],[15.05,63.534],[15.055,63.527],[15.073,63.521],[15.087,63.518],[15.086,63.516],[15.039,63.487],[15.078,63.468],[15.121,63.479],[15.154,63.467],[15.171,63.461],[15.176,63.459],[15.239,63.444],[15.285,63.424],[15.342,63.399],[15.356,63.386],[15.391,63.363],[15.437,63.347],[15.495,63.363],[15.521,63.383],[15.555,63.417],[15.561,63.438],[15.58,63.425],[15.666,63.444],[15.693,63.473],[15.748,63.494],[15.792,63.515],[15.818,63.51],[15.879,63.506],[15.986,63.515],[15.997,63.551],[15.983,63.56],[15.927,63.594],[15.86,63.626],[15.851,63.627],[15.845,63.63],[15.845,63.633],[15.792,63.658],[15.899,63.683],[15.91,63.675],[15.907,63.67],[15.903,63.666],[15.906,63.664],[15.933,63.657],[15.954,63.657],[15.972,63.654],[15.983,63.654],[16.087,63.704],[16.203,63.669],[16.228,63.661],[16.271,63.66],[16.289,63.675],[16.319,63.698],[16.334,63.695],[16.341,63.691],[16.348,63.697],[16.419,63.699],[16.528,63.705],[16.614,63.714],[16.606,63.734],[16.597,63.754],[16.575,63.783],[16.571,63.796],[16.564,63.823],[16.578,63.865],[16.581,63.873],[16.631,63.928],[16.673,63.977],[16.719,64.027],[16.667,64.052],[16.668,64.053],[16.625,64.073],[16.58,64.095],[16.424,64.168],[16.416,64.172],[16.331,64.212],[16.219,64.264],[16.165,64.261],[16.145,64.268],[16.131,64.263],[16.12,64.261],[16.109,64.263],[16.043,64.249],[16.02,64.269],[16.023,64.27],[16.022,64.276],[16.022,64.333],[15.898,64.365],[15.854,64.376],[15.869,64.382],[15.795,64.398],[15.754,64.407],[15.74,64.404],[15.727,64.455],[15.704,64.538],[15.636,64.52],[15.647,64.448],[15.58,64.443],[15.577,64.445],[15.58,64.449],[15.578,64.453],[15.576,64.462],[15.571,64.465],[15.566,64.471],[15.564,64.478],[15.556,64.482],[15.553,64.486],[15.553,64.494],[15.557,64.496],[15.544,64.501],[15.538,64.507],[15.544,64.517],[15.543,64.519],[15.532,64.524],[15.521,64.532],[15.509,64.536],[15.498,64.538],[15.494,64.54],[15.475,64.545],[15.476,64.547],[15.463,64.549],[15.462,64.551],[15.449,64.556],[15.439,64.559],[15.438,64.569],[15.435,64.571],[15.43,64.582],[15.426,64.584],[15.417,64.579],[15.408,64.582],[15.401,64.581],[15.387,64.582],[15.38,64.584],[15.375,64.583],[15.363,64.587],[15.364,64.59],[15.347,64.597],[15.337,64.605],[15.328,64.614],[15.316,64.621],[15.301,64.625],[15.288,64.625],[15.264,64.628],[15.248,64.631],[15.248,64.634],[15.242,64.636],[15.283,64.64],[15.341,64.647],[15.336,64.65],[15.334,64.659],[15.334,64.669],[15.323,64.674],[15.309,64.678],[15.291,64.677],[15.281,64.686],[15.281,64.689],[15.272,64.692],[15.265,64.7],[15.232,64.716],[15.225,64.723],[15.198,64.733],[15.186,64.74],[15.175,64.74],[15.147,64.744],[15.137,64.747],[15.136,64.75],[15.118,64.753],[15.098,64.753],[15.088,64.752],[15.062,64.752],[15.059,64.754],[15.047,64.755],[15.042,64.759],[15.034,64.76],[15.028,64.766],[15.028,64.769],[15.033,64.771],[15.028,64.781],[15.034,64.784],[15.035,64.791],[15.026,64.797],[15.024,64.804],[14.974,64.846],[14.936,64.857],[14.88,64.865],[14.864,64.869],[14.855,64.875],[14.841,64.877],[14.839,64.88],[14.845,64.882],[14.845,64.89],[14.841,64.893],[14.828,64.898],[14.81,64.906],[14.802,64.908],[14.786,64.909],[14.78,64.913],[14.772,64.914],[14.779,64.918],[14.781,64.922],[14.777,64.926],[14.776,64.931],[14.78,64.938],[14.766,64.947],[14.756,64.949],[14.754,64.954],[14.75,64.955],[14.732,64.954],[14.723,64.956],[14.714,64.963],[14.714,64.969],[14.703,64.979],[14.705,64.981],[14.706,64.982],[14.698,64.99],[14.613,65.002],[14.531,65.036],[14.326,65.119]]],[[[14.466,64.284],[14.429,64.3],[14.326,64.29],[14.411,64.235],[14.507,64.229],[14.568,64.276],[14.466,64.284]]]]}},{"type":"Feature","properties":{"id":935414,"maakond_id":410,"name":"Landskrona kommun","bbox":[12.646,55.78,13.059,55.964]},"geometry":{"type":"Polygon","coordinates":[[[12.65,55.963],[12.646,55.926],[12.663,55.907],[12.678,55.893],[12.69,55.87],[12.692,55.858],[12.699,55.836],[12.707,55.827],[12.758,55.78],[12.854,55.815],[12.93,55.825],[12.951,55.827],[12.978,55.825],[12.981,55.827],[12.992,55.825],[13.002,55.826],[13.007,55.824],[13.012,55.825],[13.019,55.822],[13.028,55.822],[13.028,55.826],[13.031,55.828],[13.031,55.831],[13.035,55.832],[13.059,55.841],[13.054,55.847],[13.048,55.856],[13.043,55.859],[13.016,55.863],[13.016,55.859],[12.995,55.852],[12.973,55.848],[12.972,55.852],[12.959,55.862],[12.964,55.87],[12.962,55.875],[12.973,55.876],[12.98,55.879],[12.982,55.883],[12.979,55.884],[12.981,55.891],[12.993,55.889],[12.995,55.893],[12.983,55.896],[12.988,55.899],[12.998,55.896],[13,55.903],[12.998,55.907],[12.988,55.908],[12.985,55.904],[12.979,55.904],[12.98,55.907],[12.971,55.908],[12.97,55.919],[12.951,55.921],[12.951,55.923],[12.944,55.922],[12.933,55.92],[12.931,55.917],[12.921,55.922],[12.916,55.925],[12.92,55.94],[12.891,55.956],[12.888,55.953],[12.888,55.946],[12.869,55.95],[12.867,55.952],[12.86,55.951],[12.852,55.939],[12.846,55.935],[12.829,55.937],[12.826,55.943],[12.829,55.943],[12.836,55.951],[12.827,55.955],[12.819,55.955],[12.813,55.958],[12.811,55.963],[12.8,55.964],[12.797,55.96],[12.793,55.958],[12.693,55.957],[12.65,55.963]]]}},{"type":"Feature","properties":{"id":935415,"maakond_id":412,"name":"Grästorps kommun","bbox":[12.441,58.219,12.854,58.435]},"geometry":{"type":"Polygon","coordinates":[[[12.528,58.313],[12.534,58.311],[12.535,58.305],[12.547,58.3],[12.561,58.293],[12.575,58.284],[12.58,58.283],[12.573,58.279],[12.562,58.271],[12.552,58.255],[12.546,58.25],[12.539,58.242],[12.528,58.235],[12.546,58.236],[12.551,58.232],[12.571,58.223],[12.578,58.219],[12.588,58.225],[12.596,58.223],[12.598,58.228],[12.602,58.232],[12.609,58.231],[12.611,58.234],[12.618,58.235],[12.622,58.234],[12.628,58.237],[12.667,58.25],[12.677,58.259],[12.68,58.263],[12.67,58.274],[12.684,58.275],[12.682,58.279],[12.688,58.283],[12.698,58.284],[12.701,58.274],[12.711,58.274],[12.718,58.273],[12.73,58.27],[12.745,58.268],[12.747,58.273],[12.753,58.276],[12.772,58.278],[12.777,58.279],[12.79,58.277],[12.795,58.274],[12.815,58.271],[12.82,58.281],[12.831,58.281],[12.832,58.29],[12.826,58.292],[12.825,58.295],[12.831,58.299],[12.827,58.301],[12.816,58.301],[12.808,58.306],[12.799,58.308],[12.802,58.311],[12.796,58.315],[12.792,58.336],[12.796,58.338],[12.792,58.341],[12.791,58.35],[12.795,58.351],[12.8,58.36],[12.82,58.378],[12.826,58.383],[12.836,58.385],[12.845,58.387],[12.842,58.392],[12.841,58.398],[12.842,58.401],[12.839,58.405],[12.839,58.409],[12.844,58.411],[12.841,58.413],[12.854,58.435],[12.846,58.433],[12.843,58.427],[12.839,58.425],[12.833,58.427],[12.821,58.421],[12.804,58.415],[12.794,58.414],[12.781,58.409],[12.767,58.409],[12.763,58.407],[12.747,58.409],[12.749,58.411],[12.737,58.413],[12.726,58.405],[12.706,58.399],[12.694,58.39],[12.688,58.391],[12.67,58.396],[12.664,58.401],[12.65,58.408],[12.646,58.413],[12.629,58.406],[12.613,58.395],[12.588,58.383],[12.575,58.375],[12.554,58.372],[12.542,58.373],[12.526,58.376],[12.52,58.375],[12.515,58.376],[12.492,58.367],[12.457,58.358],[12.454,58.351],[12.441,58.343],[12.444,58.34],[12.459,58.339],[12.473,58.343],[12.481,58.344],[12.484,58.34],[12.482,58.337],[12.476,58.335],[12.466,58.337],[12.479,58.316],[12.479,58.306],[12.494,58.303],[12.508,58.307],[12.524,58.313],[12.528,58.313]]]}},{"type":"Feature","properties":{"id":935416,"maakond_id":410,"name":"Malmö kommun","bbox":[12.717,55.481,13.152,55.68]},"geometry":{"type":"Polygon","coordinates":[[[12.876,55.664],[12.894,55.644],[12.88,55.614],[12.728,55.54],[12.717,55.5],[12.879,55.481],[12.903,55.491],[12.906,55.491],[12.941,55.506],[12.944,55.507],[12.957,55.505],[12.976,55.507],[12.976,55.508],[12.991,55.508],[13.009,55.506],[13.018,55.508],[13.034,55.511],[13.033,55.512],[13.048,55.515],[13.053,55.522],[13.065,55.522],[13.083,55.523],[13.097,55.523],[13.107,55.524],[13.107,55.532],[13.118,55.534],[13.127,55.537],[13.135,55.541],[13.122,55.547],[13.121,55.55],[13.115,55.555],[13.116,55.557],[13.129,55.56],[13.138,55.56],[13.147,55.565],[13.148,55.568],[13.14,55.572],[13.147,55.577],[13.147,55.579],[13.152,55.582],[13.146,55.585],[13.14,55.592],[13.143,55.594],[13.139,55.597],[13.14,55.6],[13.142,55.604],[13.14,55.606],[13.125,55.608],[13.115,55.608],[13.108,55.604],[13.096,55.605],[13.092,55.61],[13.084,55.611],[13.082,55.614],[13.076,55.613],[13.069,55.611],[13.068,55.617],[13.069,55.619],[13.066,55.624],[13.068,55.628],[13.067,55.631],[13.052,55.636],[13.041,55.638],[13.017,55.641],[12.972,55.68],[12.876,55.664]]]}},{"type":"Feature","properties":{"id":935417,"maakond_id":412,"name":"Essunga kommun","bbox":[12.522,58.096,13.024,58.284]},"geometry":{"type":"MultiPolygon","coordinates":[[[[12.528,58.235],[12.522,58.233],[12.526,58.23],[12.523,58.225],[12.522,58.218],[12.536,58.212],[12.532,58.209],[12.539,58.201],[12.54,58.197],[12.55,58.198],[12.553,58.196],[12.567,58.195],[12.573,58.195],[12.576,58.198],[12.587,58.195],[12.586,58.192],[12.614,58.189],[12.66,58.184],[12.671,58.189],[12.677,58.186],[12.677,58.183],[12.688,58.181],[12.69,58.176],[12.688,58.175],[12.709,58.158],[12.683,58.13],[12.709,58.109],[12.711,58.097],[12.744,58.099],[12.747,58.096],[12.756,58.096],[12.756,58.099],[12.785,58.101],[12.808,58.105],[12.818,58.103],[12.825,58.105],[12.831,58.107],[12.828,58.111],[12.828,58.117],[12.833,58.118],[12.847,58.116],[12.841,58.11],[12.903,58.112],[12.935,58.112],[12.923,58.118],[12.914,58.12],[12.915,58.126],[12.918,58.126],[12.92,58.137],[12.923,58.144],[12.904,58.148],[12.891,58.155],[12.889,58.158],[12.878,58.156],[12.878,58.171],[12.871,58.168],[12.87,58.166],[12.86,58.165],[12.847,58.174],[12.836,58.178],[12.839,58.18],[12.861,58.179],[12.868,58.18],[12.871,58.186],[12.892,58.189],[12.898,58.191],[12.897,58.194],[12.877,58.197],[12.855,58.198],[12.848,58.195],[12.843,58.195],[12.826,58.206],[12.831,58.209],[12.834,58.214],[12.829,58.217],[12.822,58.218],[12.819,58.222],[12.808,58.217],[12.8,58.215],[12.792,58.219],[12.793,58.228],[12.789,58.228],[12.802,58.235],[12.804,58.239],[12.812,58.241],[12.816,58.246],[12.821,58.247],[12.819,58.251],[12.83,58.261],[12.817,58.261],[12.818,58.268],[12.815,58.271],[12.795,58.274],[12.79,58.277],[12.777,58.279],[12.772,58.278],[12.753,58.276],[12.747,58.273],[12.745,58.268],[12.73,58.27],[12.718,58.273],[12.711,58.274],[12.701,58.274],[12.698,58.284],[12.688,58.283],[12.682,58.279],[12.684,58.275],[12.67,58.274],[12.68,58.263],[12.677,58.259],[12.667,58.25],[12.628,58.237],[12.622,58.234],[12.618,58.235],[12.611,58.234],[12.609,58.231],[12.602,58.232],[12.598,58.228],[12.596,58.223],[12.588,58.225],[12.578,58.219],[12.571,58.223],[12.551,58.232],[12.546,58.236],[12.528,58.235]]],[[[13.023,58.112],[13.024,58.117],[13.013,58.123],[13.004,58.122],[13.003,58.116],[12.987,58.116],[12.987,58.109],[12.997,58.11],[12.998,58.11],[13.023,58.112]]]]}},{"type":"Feature","properties":{"id":935418,"maakond_id":418,"name":"Härnösands kommun","bbox":[17.177,62.412,18.589,62.91]},"geometry":{"type":"Polygon","coordinates":[[[18.589,62.596],[18.582,62.599],[18.23,62.725],[18.183,62.741],[18.172,62.756],[18.154,62.758],[18.124,62.757],[18.101,62.759],[18.087,62.766],[18.078,62.769],[18.055,62.773],[18.045,62.78],[18.03,62.786],[18.006,62.794],[17.981,62.795],[17.961,62.793],[17.94,62.796],[17.924,62.807],[17.904,62.811],[17.895,62.818],[17.894,62.822],[17.881,62.828],[17.885,62.829],[17.865,62.84],[17.85,62.845],[17.833,62.846],[17.778,62.861],[17.722,62.871],[17.687,62.87],[17.616,62.868],[17.614,62.866],[17.571,62.864],[17.567,62.865],[17.494,62.861],[17.472,62.879],[17.452,62.868],[17.442,62.884],[17.416,62.886],[17.326,62.91],[17.262,62.899],[17.237,62.903],[17.187,62.886],[17.177,62.862],[17.23,62.834],[17.287,62.805],[17.26,62.8],[17.304,62.772],[17.34,62.751],[17.412,62.71],[17.422,62.71],[17.432,62.699],[17.473,62.678],[17.483,62.674],[17.517,62.657],[17.521,62.656],[17.533,62.645],[17.525,62.645],[17.529,62.639],[17.539,62.639],[17.547,62.633],[17.541,62.631],[17.574,62.611],[17.608,62.594],[17.623,62.592],[17.669,62.581],[17.679,62.574],[17.682,62.57],[17.682,62.566],[17.672,62.563],[17.672,62.56],[17.679,62.55],[17.688,62.545],[17.686,62.542],[17.692,62.541],[17.694,62.536],[17.708,62.53],[17.717,62.531],[17.718,62.527],[17.741,62.511],[17.747,62.507],[17.742,62.497],[17.8,62.471],[18.276,62.413],[18.285,62.412],[18.288,62.417],[18.383,62.468],[18.404,62.48],[18.486,62.531],[18.589,62.596]]]}},{"type":"Feature","properties":{"id":935419,"maakond_id":412,"name":"Götene kommun","bbox":[13.219,58.432,13.676,58.757]},"geometry":{"type":"Polygon","coordinates":[[[13.621,58.48],[13.623,58.485],[13.633,58.49],[13.638,58.496],[13.642,58.514],[13.654,58.518],[13.662,58.523],[13.676,58.545],[13.668,58.544],[13.664,58.562],[13.657,58.57],[13.654,58.572],[13.626,58.575],[13.598,58.592],[13.598,58.595],[13.59,58.598],[13.593,58.603],[13.6,58.605],[13.605,58.609],[13.613,58.612],[13.621,58.614],[13.623,58.616],[13.631,58.622],[13.617,58.623],[13.617,58.621],[13.605,58.623],[13.606,58.625],[13.612,58.627],[13.609,58.63],[13.615,58.632],[13.611,58.638],[13.602,58.642],[13.594,58.641],[13.596,58.645],[13.585,58.645],[13.583,58.647],[13.588,58.65],[13.588,58.653],[13.598,58.656],[13.605,58.656],[13.619,58.67],[13.621,58.677],[13.625,58.679],[13.635,58.691],[13.628,58.723],[13.523,58.757],[13.425,58.746],[13.272,58.61],[13.219,58.534],[13.264,58.505],[13.267,58.494],[13.264,58.493],[13.27,58.487],[13.275,58.487],[13.282,58.484],[13.291,58.486],[13.294,58.484],[13.29,58.481],[13.31,58.478],[13.311,58.476],[13.305,58.472],[13.306,58.469],[13.302,58.464],[13.307,58.459],[13.306,58.457],[13.319,58.45],[13.32,58.448],[13.33,58.443],[13.34,58.436],[13.346,58.44],[13.354,58.441],[13.367,58.439],[13.373,58.436],[13.378,58.436],[13.39,58.433],[13.403,58.432],[13.417,58.434],[13.429,58.434],[13.437,58.433],[13.436,58.442],[13.441,58.445],[13.436,58.447],[13.438,58.45],[13.447,58.449],[13.461,58.452],[13.473,58.451],[13.484,58.452],[13.487,58.456],[13.496,58.452],[13.512,58.457],[13.519,58.457],[13.527,58.455],[13.54,58.456],[13.549,58.46],[13.549,58.463],[13.557,58.464],[13.563,58.463],[13.566,58.466],[13.562,58.468],[13.568,58.473],[13.584,58.475],[13.596,58.475],[13.6,58.474],[13.612,58.472],[13.613,58.477],[13.621,58.48]],[[13.573,58.612],[13.579,58.611],[13.576,58.606],[13.585,58.605],[13.579,58.601],[13.575,58.6],[13.573,58.612]]]}},{"type":"Feature","properties":{"id":935421,"maakond_id":421,"name":"Bodens kommun","bbox":[20.362,65.663,22.146,66.432]},"geometry":{"type":"Polygon","coordinates":[[[21.336,65.672],[21.464,65.691],[21.469,65.685],[21.479,65.679],[21.471,65.677],[21.468,65.674],[21.475,65.666],[21.482,65.663],[21.513,65.689],[21.53,65.699],[21.523,65.7],[21.545,65.713],[21.551,65.712],[21.555,65.71],[21.563,65.709],[21.57,65.702],[21.582,65.696],[21.595,65.684],[21.603,65.68],[21.646,65.668],[21.746,65.688],[21.747,65.687],[21.8,65.697],[21.798,65.698],[21.785,65.712],[21.789,65.713],[21.797,65.712],[21.832,65.728],[21.859,65.737],[21.929,65.753],[21.893,65.783],[21.889,65.783],[21.89,65.801],[21.894,65.801],[21.975,65.817],[21.97,65.821],[21.957,65.825],[21.961,65.826],[21.982,65.818],[21.988,65.819],[21.994,65.824],[22.001,65.826],[22.027,65.825],[22.03,65.829],[22.037,65.829],[22.041,65.834],[22.037,65.838],[22.042,65.842],[22.033,65.854],[22.019,65.864],[22.014,65.873],[22.108,65.845],[22.115,65.849],[22.049,65.879],[22.007,65.919],[21.968,65.944],[21.878,65.956],[21.868,65.957],[21.851,65.979],[21.856,65.99],[21.882,65.991],[21.891,66.002],[21.904,65.998],[21.909,66.001],[21.94,66.037],[21.977,66.056],[22.014,66.061],[22.008,66.073],[22.036,66.07],[22.031,66.085],[22.075,66.087],[22.071,66.111],[22.023,66.108],[22.02,66.122],[21.99,66.15],[21.969,66.155],[21.978,66.16],[21.991,66.155],[22.019,66.157],[22.026,66.174],[22.061,66.183],[22.032,66.203],[22.032,66.209],[22.027,66.24],[22.082,66.255],[22.069,66.267],[22.146,66.283],[22.101,66.318],[22.069,66.341],[21.991,66.399],[21.947,66.432],[21.846,66.417],[21.758,66.403],[21.734,66.399],[21.639,66.384],[21.578,66.365],[21.548,66.357],[21.452,66.325],[21.379,66.3],[21.307,66.286],[21.274,66.279],[21.233,66.296],[21.183,66.317],[21.144,66.332],[21.088,66.355],[20.998,66.393],[20.971,66.389],[20.894,66.377],[20.772,66.358],[20.718,66.313],[20.703,66.316],[20.704,66.309],[20.713,66.309],[20.67,66.275],[20.602,66.219],[20.514,66.144],[20.447,66.087],[20.404,66.05],[20.362,66.015],[20.449,65.992],[20.566,65.96],[20.668,65.931],[20.702,65.922],[20.767,65.902],[20.83,65.882],[20.9,65.86],[20.99,65.827],[21.044,65.806],[21.135,65.767],[21.207,65.736],[21.323,65.679],[21.336,65.672]]]}},{"type":"Feature","properties":{"id":935422,"maakond_id":412,"name":"Mariestads kommun","bbox":[13.339,58.525,14.143,59.059]},"geometry":{"type":"MultiPolygon","coordinates":[[[[13.589,59.059],[13.424,58.959],[13.339,58.812],[13.425,58.746],[13.523,58.757],[13.628,58.723],[13.635,58.691],[13.625,58.679],[13.621,58.677],[13.619,58.67],[13.605,58.656],[13.598,58.656],[13.588,58.653],[13.588,58.65],[13.583,58.647],[13.585,58.645],[13.596,58.645],[13.594,58.641],[13.602,58.642],[13.611,58.638],[13.615,58.632],[13.609,58.63],[13.612,58.627],[13.606,58.625],[13.605,58.623],[13.617,58.621],[13.617,58.623],[13.631,58.622],[13.623,58.616],[13.621,58.614],[13.613,58.612],[13.605,58.609],[13.6,58.605],[13.593,58.603],[13.59,58.598],[13.598,58.595],[13.598,58.592],[13.626,58.575],[13.654,58.572],[13.657,58.57],[13.664,58.562],[13.668,58.544],[13.676,58.545],[13.689,58.553],[13.698,58.547],[13.702,58.549],[13.712,58.544],[13.706,58.543],[13.716,58.538],[13.729,58.547],[13.722,58.549],[13.724,58.552],[13.735,58.551],[13.735,58.557],[13.729,58.561],[13.721,58.559],[13.706,58.556],[13.7,58.559],[13.702,58.562],[13.727,58.57],[13.731,58.578],[13.75,58.57],[13.752,58.569],[13.77,58.563],[13.774,58.564],[13.778,58.568],[13.772,58.572],[13.78,58.575],[13.794,58.575],[13.793,58.568],[13.788,58.563],[13.787,58.559],[13.777,58.547],[13.764,58.542],[13.766,58.539],[13.779,58.536],[13.785,58.532],[13.793,58.533],[13.804,58.533],[13.808,58.531],[13.808,58.527],[13.815,58.527],[13.817,58.53],[13.822,58.53],[13.83,58.528],[13.852,58.525],[13.86,58.525],[13.865,58.527],[13.874,58.529],[13.878,58.533],[13.898,58.542],[13.912,58.549],[13.913,58.557],[13.915,58.56],[13.929,58.57],[13.919,58.575],[13.928,58.579],[13.919,58.581],[13.915,58.592],[13.904,58.594],[13.907,58.598],[13.917,58.604],[13.926,58.612],[13.941,58.623],[13.96,58.652],[13.97,58.672],[13.953,58.679],[13.938,58.68],[13.924,58.684],[13.927,58.687],[13.928,58.691],[13.921,58.693],[13.928,58.695],[13.936,58.694],[13.943,58.7],[13.967,58.705],[13.99,58.707],[13.991,58.708],[14.005,58.708],[14.019,58.714],[14.049,58.748],[14.043,58.75],[14.043,58.753],[14.036,58.753],[14.019,58.763],[14.019,58.776],[14.04,58.778],[14.062,58.776],[14.076,58.773],[14.081,58.767],[14.084,58.772],[14.086,58.78],[14.094,58.787],[14.104,58.786],[14.138,58.79],[14.141,58.791],[14.141,58.792],[14.125,58.811],[14.125,58.815],[14.133,58.831],[14.143,58.849],[14.139,58.85],[14.14,58.854],[14.136,58.858],[14.139,58.861],[14.136,58.867],[14.135,58.877],[14.133,58.879],[14.134,58.889],[14.126,58.887],[14.122,58.889],[14.06,58.891],[14.033,58.892],[14.033,58.888],[14.027,58.887],[14.027,58.892],[13.958,58.894],[13.941,58.916],[13.949,58.935],[13.908,58.96],[13.589,59.059]],[[13.769,58.581],[13.763,58.576],[13.752,58.577],[13.756,58.584],[13.761,58.582],[13.769,58.586],[13.769,58.581]]],[[[13.573,58.612],[13.575,58.6],[13.579,58.601],[13.585,58.605],[13.576,58.606],[13.579,58.611],[13.573,58.612]]]]}},{"type":"Feature","properties":{"id":935423,"maakond_id":415,"name":"Skinnskattebergs kommun","bbox":[15.422,59.632,15.997,59.957]},"geometry":{"type":"MultiPolygon","coordinates":[[[[15.682,59.938],[15.659,59.939],[15.626,59.936],[15.616,59.938],[15.606,59.944],[15.602,59.948],[15.531,59.957],[15.493,59.936],[15.494,59.934],[15.501,59.928],[15.496,59.927],[15.479,59.914],[15.48,59.911],[15.484,59.903],[15.489,59.903],[15.487,59.898],[15.467,59.893],[15.46,59.895],[15.422,59.854],[15.431,59.849],[15.442,59.849],[15.441,59.844],[15.457,59.835],[15.448,59.831],[15.448,59.824],[15.456,59.821],[15.439,59.809],[15.438,59.805],[15.433,59.804],[15.427,59.8],[15.426,59.796],[15.505,59.796],[15.512,59.788],[15.512,59.777],[15.515,59.777],[15.522,59.769],[15.531,59.761],[15.526,59.754],[15.539,59.739],[15.553,59.726],[15.554,59.724],[15.545,59.718],[15.55,59.699],[15.607,59.698],[15.647,59.683],[15.662,59.683],[15.675,59.68],[15.682,59.681],[15.68,59.685],[15.727,59.686],[15.738,59.684],[15.741,59.685],[15.749,59.683],[15.754,59.677],[15.754,59.674],[15.763,59.666],[15.76,59.663],[15.767,59.655],[15.77,59.653],[15.774,59.648],[15.807,59.648],[15.815,59.642],[15.818,59.635],[15.821,59.632],[15.837,59.634],[15.845,59.642],[15.855,59.642],[15.863,59.642],[15.865,59.648],[15.866,59.654],[15.906,59.669],[15.934,59.668],[15.938,59.663],[15.95,59.665],[15.958,59.66],[15.964,59.661],[15.965,59.666],[15.972,59.686],[15.973,59.694],[15.997,59.713],[15.997,59.728],[15.992,59.763],[15.983,59.793],[15.979,59.806],[15.97,59.815],[15.964,59.822],[15.945,59.838],[15.943,59.843],[15.941,59.85],[15.938,59.854],[15.929,59.852],[15.921,59.855],[15.894,59.874],[15.864,59.895],[15.82,59.892],[15.807,59.89],[15.772,59.881],[15.763,59.885],[15.766,59.892],[15.76,59.898],[15.769,59.9],[15.766,59.906],[15.761,59.909],[15.753,59.906],[15.746,59.905],[15.745,59.912],[15.735,59.911],[15.722,59.905],[15.703,59.91],[15.701,59.913],[15.704,59.916],[15.7,59.92],[15.682,59.938]]],[[[15.443,59.839],[15.436,59.837],[15.437,59.834],[15.447,59.834],[15.443,59.839]]]]}},{"type":"Feature","properties":{"id":935425,"maakond_id":421,"name":"Arjeplogs kommun","bbox":[15.377,65.574,19.032,67.19]},"geometry":{"type":"Polygon","coordinates":[[[16.402,67.19],[16.398,67.158],[16.394,67.11],[16.391,67.084],[16.388,67.045],[16.306,67.019],[16.194,66.983],[16.129,66.953],[16.039,66.912],[15.994,66.873],[15.907,66.808],[15.808,66.735],[15.716,66.667],[15.621,66.594],[15.533,66.558],[15.451,66.524],[15.377,66.484],[15.43,66.392],[15.454,66.345],[15.559,66.328],[15.771,66.291],[16.232,66.141],[16.529,66.054],[16.607,66.044],[16.772,66.032],[16.931,65.97],[17.001,65.945],[17.106,65.9],[17.133,65.888],[17.244,65.841],[17.358,65.793],[17.471,65.745],[17.547,65.712],[17.676,65.656],[17.727,65.647],[17.851,65.624],[18.031,65.603],[18.034,65.588],[18.072,65.577],[18.102,65.594],[18.147,65.589],[18.144,65.577],[18.159,65.574],[18.178,65.577],[18.176,65.581],[18.179,65.585],[18.294,65.586],[18.278,65.601],[18.255,65.623],[18.258,65.677],[18.378,65.669],[18.395,65.665],[18.422,65.69],[18.504,65.766],[18.493,65.77],[18.5,65.777],[18.513,65.775],[18.525,65.785],[18.521,65.788],[18.513,65.79],[18.465,65.795],[18.487,65.804],[18.455,65.852],[18.431,65.891],[18.462,65.897],[18.442,65.916],[18.451,65.927],[18.5,65.985],[18.534,66.002],[18.619,66.045],[18.837,66.01],[18.959,66.114],[19.032,66.175],[18.864,66.248],[18.739,66.301],[18.783,66.393],[18.691,66.514],[18.633,66.528],[18.312,66.604],[18.219,66.63],[18.138,66.651],[18.067,66.662],[17.926,66.683],[17.64,66.725],[17.511,66.797],[17.405,66.855],[17.262,66.915],[17.064,66.999],[16.953,67.027],[16.713,67.089],[16.546,67.144],[16.402,67.19]],[[18.483,65.77],[18.475,65.77],[18.486,65.78],[18.492,65.779],[18.483,65.77]]]}},{"type":"Feature","properties":{"id":935426,"maakond_id":415,"name":"Surahammars kommun","bbox":[15.941,59.655,16.311,59.91]},"geometry":{"type":"Polygon","coordinates":[[[16.112,59.91],[16.095,59.91],[16.073,59.9],[16.068,59.898],[16.054,59.897],[16.047,59.892],[16.036,59.883],[16.033,59.876],[16.029,59.876],[16.024,59.871],[16.018,59.869],[16.004,59.862],[15.986,59.862],[15.976,59.86],[15.96,59.852],[15.941,59.85],[15.943,59.843],[15.945,59.838],[15.964,59.822],[15.97,59.815],[15.979,59.806],[15.983,59.793],[15.992,59.763],[15.997,59.728],[15.997,59.713],[16.011,59.672],[16.024,59.664],[16.028,59.66],[16.11,59.655],[16.113,59.655],[16.113,59.657],[16.123,59.657],[16.123,59.661],[16.134,59.662],[16.136,59.66],[16.155,59.664],[16.161,59.662],[16.166,59.664],[16.178,59.66],[16.184,59.661],[16.185,59.658],[16.192,59.66],[16.201,59.661],[16.214,59.66],[16.231,59.662],[16.246,59.662],[16.257,59.667],[16.264,59.679],[16.27,59.677],[16.277,59.681],[16.281,59.694],[16.29,59.695],[16.311,59.701],[16.304,59.704],[16.294,59.711],[16.295,59.721],[16.298,59.724],[16.291,59.727],[16.29,59.732],[16.286,59.734],[16.289,59.746],[16.281,59.75],[16.285,59.752],[16.293,59.764],[16.288,59.766],[16.283,59.774],[16.269,59.782],[16.255,59.794],[16.242,59.802],[16.233,59.803],[16.217,59.817],[16.216,59.825],[16.215,59.839],[16.206,59.851],[16.164,59.865],[16.15,59.874],[16.122,59.882],[16.121,59.887],[16.115,59.891],[16.104,59.905],[16.114,59.91],[16.113,59.91],[16.112,59.91]]]}},{"type":"Feature","properties":{"id":935428,"maakond_id":420,"name":"Lycksele kommun","bbox":[17.505,64.061,19.312,65.243]},"geometry":{"type":"Polygon","coordinates":[[[18.168,65.243],[18.099,65.18],[18.051,65.135],[17.974,65.065],[18.016,65.064],[18.048,65.05],[17.982,65.036],[17.952,65.044],[17.899,64.994],[17.913,64.919],[17.743,64.836],[17.762,64.823],[17.675,64.785],[17.558,64.733],[17.505,64.709],[17.548,64.669],[17.568,64.672],[17.588,64.679],[17.654,64.668],[17.654,64.638],[17.682,64.625],[17.62,64.602],[17.708,64.52],[17.72,64.509],[17.724,64.508],[17.718,64.5],[17.74,64.499],[17.804,64.522],[17.843,64.503],[17.788,64.483],[17.97,64.415],[17.969,64.404],[18.025,64.381],[18.038,64.389],[18.051,64.384],[18.196,64.398],[18.204,64.393],[18.214,64.391],[18.221,64.392],[18.241,64.39],[18.251,64.389],[18.254,64.384],[18.252,64.379],[18.256,64.377],[18.257,64.372],[18.261,64.37],[18.264,64.364],[18.263,64.361],[18.269,64.358],[18.184,64.344],[18.257,64.313],[18.291,64.299],[18.338,64.276],[18.412,64.238],[18.482,64.208],[18.579,64.168],[18.652,64.137],[18.789,64.061],[18.815,64.065],[18.891,64.078],[18.899,64.074],[18.913,64.08],[18.909,64.081],[19.008,64.098],[19.009,64.095],[19.02,64.097],[19.025,64.097],[19.027,64.101],[19.071,64.109],[19.062,64.141],[19.103,64.13],[19.112,64.121],[19.121,64.121],[19.161,64.133],[19.13,64.167],[19.135,64.168],[19.13,64.172],[19.127,64.181],[19.164,64.185],[19.17,64.184],[19.176,64.187],[19.117,64.22],[19.077,64.229],[19.037,64.222],[19.019,64.28],[19.003,64.332],[18.976,64.419],[18.973,64.428],[19.046,64.51],[19.114,64.585],[19.134,64.606],[19.179,64.655],[19.205,64.685],[19.263,64.751],[19.288,64.778],[19.312,64.805],[19.18,64.847],[19.11,64.87],[18.975,64.913],[18.878,64.945],[18.802,64.97],[18.757,64.984],[18.637,65.044],[18.597,65.064],[18.595,65.068],[18.616,65.074],[18.614,65.078],[18.599,65.08],[18.589,65.083],[18.561,65.085],[18.556,65.083],[18.476,65.121],[18.428,65.145],[18.366,65.174],[18.303,65.203],[18.168,65.243]],[[17.879,64.844],[17.875,64.841],[17.868,64.844],[17.875,64.846],[17.879,64.844]]]}},{"type":"Feature","properties":{"id":935429,"maakond_id":419,"name":"Åre kommun","bbox":[11.975,62.903,14.406,64.095]},"geometry":{"type":"Polygon","coordinates":[[[13.278,64.089],[13.211,64.095],[13.085,64.079],[12.927,64.058],[12.834,64.026],[12.684,63.974],[12.652,63.949],[12.538,63.862],[12.48,63.819],[12.441,63.791],[12.331,63.715],[12.299,63.672],[12.227,63.631],[12.15,63.594],[12.182,63.534],[12.213,63.479],[12.14,63.411],[12.084,63.356],[12.034,63.316],[11.975,63.269],[11.998,63.243],[12.024,63.215],[12.073,63.161],[12.141,63.086],[12.218,63],[12.17,62.967],[12.075,62.903],[12.163,62.914],[12.65,62.972],[12.66,62.973],[12.847,62.973],[13.095,62.972],[13.172,63.007],[13.176,63.015],[13.195,63.018],[13.201,63.021],[13.215,63.026],[13.217,63.034],[13.23,63.035],[13.237,63.034],[13.243,63.035],[13.248,63.032],[13.264,63.034],[13.277,63.031],[13.283,63.028],[13.289,63.028],[13.293,63.025],[13.302,63.023],[13.321,63.024],[13.329,63.023],[13.337,63.026],[13.349,63.025],[13.352,63.027],[13.366,63.032],[13.386,63.035],[13.391,63.039],[13.399,63.044],[13.405,63.045],[13.412,63.048],[13.414,63.052],[13.423,63.059],[13.428,63.058],[13.441,63.063],[13.466,63.06],[13.468,63.058],[13.48,63.057],[13.48,63.06],[13.497,63.065],[13.517,63.068],[13.513,63.07],[13.505,63.07],[13.5,63.071],[13.501,63.075],[13.505,63.077],[13.517,63.079],[13.527,63.082],[13.535,63.088],[13.546,63.088],[13.568,63.093],[13.583,63.092],[13.586,63.09],[13.606,63.092],[13.615,63.091],[13.642,63.092],[13.657,63.091],[13.671,63.093],[13.678,63.097],[13.687,63.098],[13.7,63.096],[13.703,63.094],[13.722,63.091],[13.736,63.07],[13.743,63.071],[13.751,63.07],[13.758,63.074],[13.768,63.075],[13.775,63.078],[13.783,63.079],[13.794,63.086],[13.793,63.093],[13.801,63.095],[13.812,63.097],[13.815,63.099],[13.825,63.098],[13.845,63.095],[13.855,63.09],[13.858,63.077],[13.85,63.077],[13.836,63.074],[13.826,63.075],[13.821,63.071],[13.824,63.069],[13.82,63.065],[13.827,63.059],[13.841,63.057],[13.852,63.058],[13.857,63.06],[13.874,63.056],[13.878,63.057],[13.889,63.056],[13.9,63.057],[13.919,63.061],[13.929,63.059],[13.937,63.046],[14.014,63.052],[14.044,63.055],[14.123,63.059],[14.134,63.039],[14.171,63.046],[14.181,63.043],[14.188,63.039],[14.198,63.038],[14.206,63.03],[14.227,63.037],[14.23,63.035],[14.252,63.041],[14.247,63.044],[14.263,63.049],[14.287,63.056],[14.317,63.05],[14.325,63.051],[14.337,63.05],[14.354,63.055],[14.364,63.063],[14.382,63.065],[14.393,63.069],[14.405,63.069],[14.406,63.078],[14.406,63.09],[14.397,63.103],[14.396,63.112],[14.378,63.119],[14.357,63.121],[14.343,63.125],[14.328,63.13],[14.318,63.138],[14.31,63.142],[14.302,63.144],[14.287,63.149],[14.265,63.164],[14.3,63.212],[14.272,63.225],[14.24,63.235],[14.179,63.272],[14.112,63.283],[14.08,63.29],[14.073,63.298],[14.063,63.302],[14.059,63.307],[14.051,63.31],[14.047,63.313],[14.033,63.319],[14.019,63.323],[14.006,63.327],[13.994,63.329],[13.982,63.331],[13.902,63.348],[13.872,63.349],[13.864,63.349],[13.858,63.347],[13.858,63.342],[13.839,63.338],[13.832,63.343],[13.837,63.35],[13.835,63.357],[13.766,63.343],[13.758,63.345],[13.77,63.35],[13.728,63.359],[13.696,63.368],[13.703,63.376],[13.677,63.384],[13.641,63.4],[13.647,63.403],[13.612,63.417],[13.58,63.401],[13.572,63.411],[13.559,63.417],[13.55,63.42],[13.541,63.426],[13.543,63.43],[13.54,63.433],[13.517,63.435],[13.5,63.436],[13.489,63.431],[13.483,63.431],[13.472,63.433],[13.491,63.471],[13.528,63.49],[13.495,63.53],[13.484,63.543],[13.493,63.558],[13.498,63.568],[13.516,63.574],[13.505,63.573],[13.422,63.607],[13.408,63.603],[13.396,63.613],[13.312,63.622],[13.281,63.653],[13.289,63.654],[13.293,63.662],[13.286,63.67],[13.297,63.672],[13.302,63.67],[13.38,63.662],[13.402,63.647],[13.451,63.617],[13.507,63.603],[13.499,63.63],[13.488,63.673],[13.48,63.667],[13.469,63.665],[13.456,63.667],[13.439,63.672],[13.441,63.673],[13.47,63.685],[13.471,63.719],[13.472,63.771],[13.418,63.769],[13.415,63.771],[13.415,63.777],[13.409,63.777],[13.412,63.782],[13.408,63.785],[13.41,63.788],[13.406,63.794],[13.395,63.797],[13.388,63.797],[13.376,63.8],[13.381,63.813],[13.384,63.815],[13.384,63.821],[13.372,63.836],[13.366,63.838],[13.364,63.841],[13.37,63.844],[13.374,63.849],[13.378,63.851],[13.383,63.858],[13.326,63.916],[13.341,63.945],[13.34,63.948],[13.335,63.949],[13.332,63.955],[13.334,63.956],[13.337,63.986],[13.31,64.033],[13.318,64.068],[13.278,64.089]],[[13.494,63.234],[13.532,63.247],[13.52,63.266],[13.586,63.273],[13.572,63.226],[13.558,63.223],[13.553,63.215],[13.537,63.213],[13.527,63.214],[13.514,63.22],[13.515,63.224],[13.506,63.227],[13.494,63.234]]]}},{"type":"Feature","properties":{"id":935430,"maakond_id":412,"name":"Sotenäs kommun","bbox":[10.679,58.292,11.466,58.5]},"geometry":{"type":"Polygon","coordinates":[[[10.817,58.292],[11.227,58.293],[11.308,58.293],[11.322,58.302],[11.354,58.317],[11.354,58.351],[11.357,58.358],[11.367,58.364],[11.371,58.371],[11.381,58.379],[11.388,58.384],[11.388,58.389],[11.397,58.395],[11.408,58.405],[11.416,58.416],[11.428,58.423],[11.433,58.434],[11.441,58.441],[11.443,58.444],[11.456,58.454],[11.456,58.458],[11.461,58.464],[11.461,58.467],[11.466,58.471],[11.461,58.472],[11.455,58.478],[11.449,58.481],[11.447,58.486],[11.457,58.494],[11.454,58.498],[11.438,58.498],[11.437,58.5],[11.414,58.499],[11.384,58.492],[11.364,58.49],[11.342,58.485],[11.337,58.486],[11.321,58.48],[11.316,58.479],[11.306,58.476],[11.296,58.475],[11.292,58.471],[11.282,58.47],[11.274,58.467],[11.262,58.466],[11.247,58.458],[11.24,58.456],[11.236,58.449],[11.219,58.449],[11.214,58.448],[11.138,58.448],[10.679,58.447],[10.749,58.368],[10.817,58.292]]]}},{"type":"Feature","properties":{"id":935431,"maakond_id":412,"name":"Färgelanda kommun","bbox":[11.84,58.432,12.225,58.799]},"geometry":{"type":"Polygon","coordinates":[[[12.071,58.439],[12.075,58.448],[12.077,58.458],[12.08,58.471],[12.077,58.475],[12.08,58.48],[12.089,58.48],[12.092,58.496],[12.093,58.499],[12.117,58.504],[12.12,58.515],[12.121,58.527],[12.124,58.534],[12.122,58.537],[12.121,58.547],[12.124,58.562],[12.128,58.567],[12.131,58.577],[12.134,58.6],[12.165,58.624],[12.17,58.636],[12.176,58.636],[12.192,58.653],[12.215,58.679],[12.221,58.689],[12.225,58.701],[12.224,58.705],[12.217,58.705],[12.212,58.727],[12.205,58.728],[12.205,58.731],[12.194,58.743],[12.19,58.75],[12.186,58.75],[12.184,58.759],[12.167,58.771],[12.164,58.775],[12.13,58.795],[12.103,58.798],[12.101,58.793],[12.111,58.79],[12.113,58.787],[12.099,58.784],[12.083,58.787],[12.06,58.787],[12.056,58.782],[12.061,58.779],[12.046,58.772],[12.041,58.777],[12.022,58.776],[12.015,58.779],[12.015,58.785],[12.007,58.782],[11.998,58.787],[11.995,58.793],[11.997,58.795],[11.983,58.796],[11.975,58.798],[11.962,58.799],[11.942,58.799],[11.942,58.798],[11.925,58.791],[11.921,58.79],[11.914,58.792],[11.891,58.794],[11.88,58.792],[11.877,58.788],[11.864,58.783],[11.864,58.778],[11.88,58.774],[11.874,58.77],[11.856,58.768],[11.847,58.761],[11.841,58.754],[11.847,58.742],[11.844,58.729],[11.845,58.727],[11.852,58.723],[11.87,58.718],[11.881,58.713],[11.9,58.711],[11.906,58.706],[11.906,58.702],[11.909,58.698],[11.914,58.695],[11.922,58.676],[11.909,58.672],[11.907,58.665],[11.913,58.659],[11.911,58.655],[11.909,58.645],[11.906,58.64],[11.892,58.635],[11.891,58.632],[11.884,58.63],[11.881,58.624],[11.872,58.624],[11.868,58.622],[11.861,58.616],[11.859,58.611],[11.844,58.604],[11.848,58.593],[11.856,58.591],[11.859,58.582],[11.856,58.579],[11.849,58.574],[11.852,58.573],[11.855,58.559],[11.846,58.553],[11.843,58.543],[11.84,58.54],[11.844,58.538],[11.843,58.533],[11.851,58.528],[11.863,58.524],[11.861,58.517],[11.871,58.518],[11.875,58.52],[11.884,58.517],[11.882,58.514],[11.884,58.509],[11.88,58.508],[11.874,58.508],[11.86,58.507],[11.872,58.502],[11.875,58.499],[11.874,58.492],[11.884,58.491],[11.886,58.488],[11.879,58.481],[11.88,58.476],[11.878,58.469],[11.88,58.465],[11.895,58.465],[11.895,58.458],[11.902,58.451],[11.897,58.449],[11.897,58.445],[11.888,58.438],[11.884,58.439],[11.879,58.436],[11.885,58.432],[11.893,58.433],[11.904,58.435],[11.905,58.438],[11.914,58.435],[11.922,58.439],[11.925,58.443],[11.931,58.445],[11.94,58.443],[11.976,58.453],[11.984,58.451],[12.012,58.449],[12.025,58.448],[12.037,58.443],[12.049,58.443],[12.057,58.444],[12.066,58.442],[12.071,58.439]],[[12.122,58.768],[12.12,58.765],[12.11,58.765],[12.1,58.772],[12.101,58.775],[12.108,58.775],[12.122,58.768]]]}},{"type":"Feature","properties":{"id":935432,"maakond_id":420,"name":"Åsele kommun","bbox":[16.656,63.88,18.789,64.522]},"geometry":{"type":"Polygon","coordinates":[[[17.261,63.914],[17.342,63.907],[17.437,63.9],[17.532,63.893],[17.631,63.887],[17.733,63.88],[17.798,63.892],[17.833,63.899],[17.874,63.907],[17.914,63.914],[17.956,63.922],[17.993,63.928],[18.059,63.939],[18.23,63.967],[18.315,63.981],[18.406,63.996],[18.408,63.995],[18.407,63.996],[18.466,64.006],[18.603,64.029],[18.789,64.061],[18.652,64.137],[18.579,64.168],[18.482,64.208],[18.412,64.238],[18.338,64.276],[18.291,64.299],[18.257,64.313],[18.184,64.344],[18.269,64.358],[18.263,64.361],[18.264,64.364],[18.261,64.37],[18.257,64.372],[18.256,64.377],[18.252,64.379],[18.254,64.384],[18.251,64.389],[18.241,64.39],[18.221,64.392],[18.214,64.391],[18.204,64.393],[18.196,64.398],[18.051,64.384],[18.038,64.389],[18.025,64.381],[17.969,64.404],[17.97,64.415],[17.788,64.483],[17.843,64.503],[17.804,64.522],[17.74,64.499],[17.718,64.5],[17.724,64.508],[17.72,64.509],[17.708,64.52],[17.685,64.511],[17.695,64.501],[17.657,64.487],[17.579,64.477],[17.454,64.462],[17.378,64.453],[17.357,64.458],[17.325,64.454],[17.329,64.447],[17.094,64.417],[16.95,64.399],[16.921,64.356],[16.752,64.354],[16.727,64.354],[16.668,64.336],[16.656,64.297],[16.698,64.247],[16.744,64.234],[16.755,64.229],[16.715,64.226],[16.741,64.196],[16.766,64.175],[16.762,64.171],[16.801,64.125],[16.875,64.037],[16.945,64.003],[16.878,63.951],[16.993,63.939],[17.067,63.932],[17.188,63.92],[17.261,63.914]]]}},{"type":"Feature","properties":{"id":935434,"maakond_id":404,"name":"Ödeshögs kommun","bbox":[14.418,58.083,14.933,58.356]},"geometry":{"type":"Polygon","coordinates":[[[14.835,58.355],[14.818,58.347],[14.77,58.347],[14.755,58.338],[14.715,58.331],[14.708,58.335],[14.694,58.333],[14.69,58.329],[14.664,58.337],[14.67,58.346],[14.67,58.349],[14.52,58.356],[14.418,58.191],[14.468,58.131],[14.543,58.111],[14.55,58.105],[14.557,58.105],[14.565,58.107],[14.587,58.104],[14.593,58.099],[14.602,58.099],[14.612,58.098],[14.617,58.096],[14.629,58.097],[14.634,58.096],[14.643,58.097],[14.652,58.096],[14.658,58.097],[14.658,58.101],[14.671,58.099],[14.675,58.1],[14.701,58.098],[14.705,58.099],[14.712,58.098],[14.717,58.1],[14.723,58.098],[14.734,58.101],[14.74,58.1],[14.759,58.104],[14.762,58.098],[14.766,58.095],[14.766,58.086],[14.778,58.086],[14.791,58.085],[14.802,58.086],[14.809,58.083],[14.837,58.086],[14.846,58.087],[14.85,58.088],[14.854,58.086],[14.869,58.088],[14.883,58.091],[14.89,58.085],[14.897,58.086],[14.893,58.092],[14.888,58.094],[14.887,58.099],[14.897,58.107],[14.899,58.113],[14.912,58.111],[14.912,58.116],[14.917,58.12],[14.91,58.124],[14.908,58.122],[14.9,58.12],[14.892,58.124],[14.889,58.129],[14.894,58.133],[14.892,58.138],[14.899,58.138],[14.897,58.143],[14.905,58.14],[14.924,58.142],[14.927,58.137],[14.933,58.14],[14.921,58.143],[14.915,58.151],[14.915,58.16],[14.914,58.164],[14.915,58.169],[14.899,58.166],[14.899,58.163],[14.891,58.162],[14.889,58.165],[14.885,58.166],[14.878,58.165],[14.877,58.171],[14.879,58.177],[14.879,58.182],[14.869,58.185],[14.872,58.192],[14.865,58.204],[14.864,58.211],[14.866,58.216],[14.874,58.225],[14.884,58.23],[14.872,58.234],[14.876,58.239],[14.885,58.243],[14.887,58.252],[14.884,58.256],[14.886,58.26],[14.89,58.263],[14.87,58.26],[14.857,58.27],[14.864,58.273],[14.871,58.282],[14.881,58.287],[14.875,58.289],[14.87,58.284],[14.865,58.283],[14.863,58.288],[14.859,58.288],[14.853,58.306],[14.855,58.312],[14.853,58.316],[14.868,58.318],[14.872,58.324],[14.858,58.325],[14.85,58.339],[14.835,58.355]]]}},{"type":"Feature","properties":{"id":935435,"maakond_id":406,"name":"Alvesta kommun","bbox":[14.278,56.534,14.694,57.163]},"geometry":{"type":"Polygon","coordinates":[[[14.287,56.759],[14.295,56.761],[14.305,56.76],[14.308,56.758],[14.319,56.757],[14.334,56.752],[14.337,56.745],[14.345,56.744],[14.354,56.741],[14.359,56.738],[14.365,56.738],[14.369,56.73],[14.378,56.728],[14.387,56.724],[14.388,56.719],[14.392,56.717],[14.391,56.712],[14.402,56.703],[14.401,56.699],[14.397,56.694],[14.402,56.686],[14.406,56.676],[14.401,56.654],[14.403,56.651],[14.411,56.652],[14.424,56.651],[14.435,56.649],[14.44,56.651],[14.445,56.658],[14.458,56.657],[14.458,56.652],[14.437,56.648],[14.427,56.637],[14.429,56.633],[14.441,56.629],[14.438,56.622],[14.43,56.618],[14.43,56.615],[14.432,56.602],[14.436,56.602],[14.432,56.594],[14.431,56.59],[14.427,56.586],[14.432,56.582],[14.431,56.571],[14.427,56.564],[14.43,56.555],[14.439,56.566],[14.447,56.579],[14.455,56.581],[14.478,56.58],[14.49,56.581],[14.497,56.577],[14.503,56.57],[14.493,56.567],[14.49,56.564],[14.495,56.562],[14.499,56.565],[14.507,56.561],[14.53,56.57],[14.551,56.568],[14.549,56.565],[14.562,56.563],[14.566,56.559],[14.563,56.554],[14.565,56.55],[14.574,56.545],[14.567,56.543],[14.579,56.539],[14.622,56.537],[14.628,56.534],[14.634,56.537],[14.637,56.541],[14.638,56.552],[14.642,56.556],[14.652,56.563],[14.657,56.577],[14.657,56.588],[14.662,56.59],[14.66,56.601],[14.654,56.608],[14.648,56.613],[14.636,56.625],[14.647,56.628],[14.664,56.627],[14.669,56.625],[14.675,56.629],[14.675,56.638],[14.686,56.644],[14.684,56.647],[14.687,56.649],[14.694,56.649],[14.688,56.66],[14.688,56.668],[14.693,56.673],[14.69,56.676],[14.678,56.67],[14.665,56.672],[14.666,56.676],[14.672,56.678],[14.666,56.683],[14.659,56.696],[14.661,56.712],[14.652,56.721],[14.658,56.728],[14.667,56.741],[14.666,56.75],[14.66,56.751],[14.66,56.757],[14.664,56.761],[14.662,56.768],[14.655,56.772],[14.658,56.778],[14.656,56.782],[14.649,56.781],[14.646,56.782],[14.644,56.789],[14.638,56.798],[14.637,56.808],[14.615,56.803],[14.611,56.804],[14.594,56.805],[14.587,56.808],[14.571,56.806],[14.564,56.818],[14.556,56.841],[14.572,56.844],[14.591,56.844],[14.595,56.852],[14.596,56.86],[14.594,56.863],[14.596,56.868],[14.594,56.873],[14.605,56.877],[14.608,56.877],[14.625,56.873],[14.629,56.874],[14.627,56.883],[14.628,56.889],[14.623,56.892],[14.616,56.901],[14.625,56.904],[14.635,56.911],[14.636,56.915],[14.646,56.915],[14.656,56.922],[14.657,56.929],[14.653,56.93],[14.649,56.938],[14.65,56.94],[14.658,56.943],[14.662,56.943],[14.672,56.948],[14.681,56.954],[14.682,56.959],[14.68,56.963],[14.656,56.971],[14.653,56.981],[14.65,56.98],[14.643,56.982],[14.637,56.981],[14.634,56.983],[14.63,56.996],[14.634,57.017],[14.631,57.02],[14.632,57.026],[14.639,57.026],[14.638,57.034],[14.633,57.037],[14.635,57.045],[14.63,57.052],[14.624,57.056],[14.623,57.062],[14.629,57.066],[14.631,57.07],[14.629,57.072],[14.63,57.079],[14.627,57.083],[14.627,57.087],[14.616,57.085],[14.611,57.087],[14.602,57.088],[14.6,57.092],[14.558,57.097],[14.545,57.099],[14.53,57.106],[14.518,57.109],[14.516,57.115],[14.506,57.115],[14.493,57.119],[14.492,57.131],[14.486,57.137],[14.472,57.14],[14.489,57.15],[14.489,57.152],[14.485,57.158],[14.461,57.158],[14.461,57.163],[14.45,57.163],[14.447,57.157],[14.441,57.15],[14.437,57.152],[14.433,57.152],[14.427,57.146],[14.421,57.149],[14.419,57.152],[14.413,57.155],[14.408,57.152],[14.398,57.151],[14.384,57.154],[14.376,57.148],[14.366,57.152],[14.348,57.145],[14.359,57.132],[14.361,57.12],[14.349,57.118],[14.344,57.113],[14.337,57.113],[14.347,57.106],[14.345,57.103],[14.348,57.1],[14.354,57.099],[14.358,57.096],[14.359,57.088],[14.356,57.085],[14.362,57.08],[14.357,57.074],[14.36,57.064],[14.36,57.058],[14.338,57.056],[14.336,57.046],[14.337,57.044],[14.332,57.04],[14.333,57.036],[14.331,57.023],[14.333,57.022],[14.336,57.016],[14.347,57.011],[14.352,57.012],[14.349,57.003],[14.36,57.005],[14.372,57.005],[14.379,57],[14.368,56.993],[14.367,56.988],[14.368,56.986],[14.367,56.981],[14.377,56.981],[14.379,56.975],[14.394,56.965],[14.387,56.954],[14.387,56.948],[14.385,56.944],[14.377,56.939],[14.378,56.936],[14.375,56.931],[14.37,56.93],[14.361,56.92],[14.346,56.913],[14.332,56.896],[14.326,56.891],[14.327,56.887],[14.325,56.883],[14.316,56.884],[14.309,56.883],[14.299,56.879],[14.298,56.876],[14.3,56.869],[14.294,56.869],[14.292,56.864],[14.294,56.859],[14.29,56.85],[14.286,56.844],[14.278,56.843],[14.281,56.841],[14.28,56.837],[14.287,56.833],[14.288,56.825],[14.295,56.821],[14.296,56.817],[14.303,56.813],[14.302,56.806],[14.298,56.805],[14.295,56.801],[14.295,56.794],[14.289,56.78],[14.286,56.768],[14.287,56.759]]]}},{"type":"Feature","properties":{"id":935437,"maakond_id":410,"name":"Skurups kommun","bbox":[13.444,55.166,13.841,55.584]},"geometry":{"type":"Polygon","coordinates":[[[13.841,55.218],[13.72,55.327],[13.659,55.384],[13.656,55.425],[13.645,55.424],[13.643,55.427],[13.638,55.428],[13.638,55.43],[13.627,55.433],[13.625,55.438],[13.627,55.439],[13.619,55.446],[13.634,55.453],[13.635,55.462],[13.643,55.465],[13.64,55.474],[13.646,55.474],[13.646,55.484],[13.657,55.482],[13.662,55.496],[13.664,55.5],[13.654,55.503],[13.651,55.498],[13.646,55.5],[13.648,55.504],[13.652,55.502],[13.655,55.505],[13.646,55.508],[13.653,55.509],[13.655,55.512],[13.652,55.515],[13.661,55.517],[13.661,55.521],[13.657,55.524],[13.651,55.524],[13.648,55.527],[13.637,55.526],[13.641,55.53],[13.64,55.534],[13.63,55.538],[13.626,55.536],[13.616,55.539],[13.613,55.535],[13.598,55.536],[13.595,55.535],[13.579,55.538],[13.575,55.536],[13.567,55.536],[13.569,55.539],[13.566,55.541],[13.565,55.545],[13.56,55.546],[13.559,55.541],[13.549,55.545],[13.542,55.545],[13.541,55.547],[13.545,55.55],[13.538,55.554],[13.535,55.561],[13.531,55.563],[13.53,55.566],[13.519,55.563],[13.517,55.57],[13.526,55.57],[13.529,55.572],[13.53,55.577],[13.528,55.582],[13.523,55.584],[13.517,55.58],[13.517,55.575],[13.512,55.575],[13.505,55.573],[13.499,55.574],[13.499,55.569],[13.507,55.568],[13.504,55.562],[13.508,55.556],[13.505,55.551],[13.502,55.551],[13.498,55.545],[13.494,55.543],[13.485,55.543],[13.483,55.537],[13.479,55.534],[13.487,55.529],[13.482,55.527],[13.474,55.525],[13.468,55.526],[13.455,55.524],[13.452,55.519],[13.455,55.515],[13.448,55.511],[13.45,55.508],[13.446,55.503],[13.447,55.501],[13.444,55.496],[13.446,55.479],[13.471,55.471],[13.463,55.469],[13.471,55.461],[13.474,55.451],[13.474,55.446],[13.463,55.445],[13.452,55.447],[13.454,55.442],[13.46,55.439],[13.454,55.433],[13.458,55.432],[13.452,55.425],[13.449,55.424],[13.445,55.421],[13.465,55.417],[13.473,55.414],[13.475,55.407],[13.48,55.401],[13.491,55.394],[13.487,55.388],[13.487,55.384],[13.483,55.383],[13.481,55.379],[13.483,55.377],[13.537,55.324],[13.545,55.166],[13.56,55.17],[13.582,55.175],[13.613,55.186],[13.63,55.187],[13.665,55.191],[13.687,55.194],[13.711,55.198],[13.733,55.203],[13.755,55.209],[13.783,55.218],[13.806,55.217],[13.841,55.218]]]}},{"type":"Feature","properties":{"id":935438,"maakond_id":420,"name":"Dorotea kommun","bbox":[14.703,63.951,16.945,64.981]},"geometry":{"type":"Polygon","coordinates":[[[14.705,64.981],[14.703,64.979],[14.714,64.969],[14.714,64.963],[14.723,64.956],[14.732,64.954],[14.75,64.955],[14.754,64.954],[14.756,64.949],[14.766,64.947],[14.78,64.938],[14.776,64.931],[14.777,64.926],[14.781,64.922],[14.779,64.918],[14.772,64.914],[14.78,64.913],[14.786,64.909],[14.802,64.908],[14.81,64.906],[14.828,64.898],[14.841,64.893],[14.845,64.89],[14.845,64.882],[14.839,64.88],[14.841,64.877],[14.855,64.875],[14.864,64.869],[14.88,64.865],[14.936,64.857],[14.974,64.846],[15.024,64.804],[15.026,64.797],[15.035,64.791],[15.034,64.784],[15.028,64.781],[15.033,64.771],[15.028,64.769],[15.028,64.766],[15.034,64.76],[15.042,64.759],[15.047,64.755],[15.059,64.754],[15.062,64.752],[15.088,64.752],[15.098,64.753],[15.118,64.753],[15.136,64.75],[15.137,64.747],[15.147,64.744],[15.175,64.74],[15.186,64.74],[15.198,64.733],[15.225,64.723],[15.232,64.716],[15.265,64.7],[15.272,64.692],[15.281,64.689],[15.281,64.686],[15.291,64.677],[15.309,64.678],[15.323,64.674],[15.334,64.669],[15.334,64.659],[15.336,64.65],[15.341,64.647],[15.283,64.64],[15.242,64.636],[15.248,64.634],[15.248,64.631],[15.264,64.628],[15.288,64.625],[15.301,64.625],[15.316,64.621],[15.328,64.614],[15.337,64.605],[15.347,64.597],[15.364,64.59],[15.363,64.587],[15.375,64.583],[15.38,64.584],[15.387,64.582],[15.401,64.581],[15.408,64.582],[15.417,64.579],[15.426,64.584],[15.43,64.582],[15.435,64.571],[15.438,64.569],[15.439,64.559],[15.449,64.556],[15.462,64.551],[15.463,64.549],[15.476,64.547],[15.475,64.545],[15.494,64.54],[15.498,64.538],[15.509,64.536],[15.521,64.532],[15.532,64.524],[15.543,64.519],[15.544,64.517],[15.538,64.507],[15.544,64.501],[15.557,64.496],[15.553,64.494],[15.553,64.486],[15.556,64.482],[15.564,64.478],[15.566,64.471],[15.571,64.465],[15.576,64.462],[15.578,64.453],[15.58,64.449],[15.577,64.445],[15.58,64.443],[15.647,64.448],[15.636,64.52],[15.704,64.538],[15.727,64.455],[15.74,64.404],[15.754,64.407],[15.795,64.398],[15.869,64.382],[15.854,64.376],[15.898,64.365],[16.022,64.333],[16.022,64.276],[16.023,64.27],[16.02,64.269],[16.043,64.249],[16.109,64.263],[16.12,64.261],[16.131,64.263],[16.145,64.268],[16.165,64.261],[16.219,64.264],[16.331,64.212],[16.416,64.172],[16.424,64.168],[16.58,64.095],[16.625,64.073],[16.668,64.053],[16.667,64.052],[16.719,64.027],[16.734,64.02],[16.878,63.951],[16.945,64.003],[16.875,64.037],[16.801,64.125],[16.762,64.171],[16.766,64.175],[16.741,64.196],[16.715,64.226],[16.755,64.229],[16.744,64.234],[16.698,64.247],[16.656,64.297],[16.668,64.336],[16.727,64.354],[16.715,64.373],[16.604,64.433],[16.489,64.454],[16.372,64.475],[16.263,64.512],[16.138,64.554],[16.011,64.653],[15.945,64.704],[15.784,64.763],[15.666,64.806],[15.645,64.814],[15.481,64.872],[15.122,64.929],[14.705,64.981]]]}},{"type":"Feature","properties":{"id":935439,"maakond_id":405,"name":"Värnamo kommun","bbox":[13.641,56.879,14.444,57.382]},"geometry":{"type":"Polygon","coordinates":[[[14.06,57.309],[14.05,57.29],[14.046,57.286],[14.048,57.284],[14.043,57.277],[14.035,57.278],[14.019,57.283],[14.008,57.285],[14.004,57.283],[13.998,57.275],[13.994,57.265],[13.979,57.252],[13.96,57.259],[13.912,57.269],[13.899,57.289],[13.871,57.273],[13.844,57.264],[13.844,57.259],[13.838,57.256],[13.828,57.255],[13.834,57.251],[13.834,57.248],[13.838,57.246],[13.838,57.241],[13.841,57.237],[13.833,57.236],[13.792,57.235],[13.779,57.235],[13.755,57.24],[13.74,57.238],[13.729,57.24],[13.718,57.243],[13.711,57.244],[13.71,57.246],[13.689,57.245],[13.686,57.248],[13.671,57.249],[13.667,57.247],[13.662,57.242],[13.662,57.231],[13.667,57.23],[13.657,57.217],[13.657,57.211],[13.659,57.207],[13.658,57.201],[13.656,57.198],[13.663,57.195],[13.676,57.193],[13.67,57.189],[13.667,57.184],[13.661,57.178],[13.647,57.177],[13.642,57.174],[13.641,57.171],[13.65,57.159],[13.664,57.147],[13.676,57.138],[13.683,57.14],[13.682,57.145],[13.689,57.147],[13.696,57.156],[13.696,57.159],[13.701,57.165],[13.708,57.167],[13.722,57.16],[13.697,57.149],[13.704,57.14],[13.72,57.139],[13.744,57.14],[13.738,57.134],[13.733,57.121],[13.7,57.111],[13.702,57.104],[13.709,57.101],[13.716,57.097],[13.717,57.092],[13.729,57.093],[13.732,57.092],[13.732,57.089],[13.735,57.086],[13.733,57.083],[13.74,57.074],[13.747,57.071],[13.747,57.039],[13.747,57.037],[13.76,57.036],[13.755,57.029],[13.762,57.026],[13.776,57.024],[13.798,57.026],[13.802,57.029],[13.822,57.008],[13.84,57.004],[13.843,57.002],[13.84,56.999],[13.858,56.999],[13.868,57.012],[13.871,57.012],[13.874,57.018],[13.891,57.017],[13.91,57.018],[13.924,57.029],[13.925,57.041],[13.976,57.041],[13.99,57.029],[14.009,57.044],[14.012,57.048],[14.017,57.052],[14.024,57.052],[14.036,57.05],[14.045,57.051],[14.07,57.046],[14.091,57.041],[14.1,57.035],[14.095,57.03],[14.095,57.021],[14.106,57.021],[14.109,57.022],[14.132,57.023],[14.152,57.029],[14.158,57.013],[14.153,57.009],[14.155,57.006],[14.153,56.998],[14.16,56.999],[14.169,56.996],[14.17,56.992],[14.18,56.989],[14.192,56.958],[14.216,56.955],[14.212,56.951],[14.215,56.944],[14.213,56.938],[14.221,56.936],[14.219,56.932],[14.225,56.911],[14.243,56.896],[14.256,56.887],[14.27,56.883],[14.299,56.879],[14.309,56.883],[14.316,56.884],[14.325,56.883],[14.327,56.887],[14.326,56.891],[14.332,56.896],[14.346,56.913],[14.361,56.92],[14.37,56.93],[14.375,56.931],[14.378,56.936],[14.377,56.939],[14.385,56.944],[14.387,56.948],[14.387,56.954],[14.394,56.965],[14.379,56.975],[14.377,56.981],[14.367,56.981],[14.368,56.986],[14.367,56.988],[14.368,56.993],[14.379,57],[14.372,57.005],[14.36,57.005],[14.349,57.003],[14.352,57.012],[14.347,57.011],[14.336,57.016],[14.333,57.022],[14.331,57.023],[14.333,57.036],[14.332,57.04],[14.337,57.044],[14.336,57.046],[14.338,57.056],[14.36,57.058],[14.36,57.064],[14.357,57.074],[14.362,57.08],[14.356,57.085],[14.359,57.088],[14.358,57.096],[14.354,57.099],[14.348,57.1],[14.345,57.103],[14.347,57.106],[14.337,57.113],[14.344,57.113],[14.349,57.118],[14.361,57.12],[14.359,57.132],[14.348,57.145],[14.366,57.152],[14.376,57.148],[14.384,57.154],[14.398,57.151],[14.397,57.155],[14.399,57.161],[14.393,57.163],[14.396,57.167],[14.395,57.172],[14.391,57.174],[14.39,57.185],[14.402,57.187],[14.411,57.21],[14.418,57.212],[14.42,57.216],[14.42,57.222],[14.422,57.233],[14.427,57.246],[14.43,57.26],[14.433,57.26],[14.444,57.273],[14.442,57.288],[14.441,57.296],[14.433,57.297],[14.43,57.301],[14.426,57.302],[14.422,57.296],[14.417,57.293],[14.417,57.289],[14.413,57.289],[14.407,57.295],[14.411,57.299],[14.413,57.304],[14.411,57.308],[14.406,57.309],[14.397,57.316],[14.394,57.319],[14.396,57.323],[14.395,57.327],[14.389,57.329],[14.381,57.328],[14.379,57.329],[14.383,57.334],[14.383,57.345],[14.382,57.349],[14.377,57.349],[14.379,57.355],[14.378,57.362],[14.373,57.372],[14.364,57.382],[14.353,57.38],[14.343,57.377],[14.333,57.375],[14.333,57.369],[14.327,57.369],[14.314,57.365],[14.309,57.366],[14.302,57.361],[14.289,57.349],[14.274,57.347],[14.274,57.308],[14.257,57.309],[14.242,57.307],[14.232,57.321],[14.225,57.328],[14.219,57.329],[14.216,57.322],[14.211,57.322],[14.207,57.316],[14.194,57.315],[14.169,57.319],[14.149,57.315],[14.128,57.309],[14.092,57.301],[14.093,57.307],[14.091,57.31],[14.093,57.316],[14.097,57.319],[14.097,57.322],[14.084,57.325],[14.073,57.324],[14.06,57.309]],[[13.744,57.128],[13.745,57.132],[13.757,57.135],[13.763,57.132],[13.761,57.13],[13.743,57.124],[13.744,57.128]]]}},{"type":"Feature","properties":{"id":935441,"maakond_id":412,"name":"Vårgårda kommun","bbox":[12.539,57.856,12.986,58.118]},"geometry":{"type":"Polygon","coordinates":[[[12.66,57.856],[12.67,57.86],[12.681,57.861],[12.714,57.863],[12.742,57.863],[12.757,57.865],[12.762,57.867],[12.77,57.865],[12.772,57.867],[12.779,57.869],[12.808,57.87],[12.824,57.872],[12.825,57.875],[12.837,57.883],[12.849,57.889],[12.848,57.881],[12.852,57.881],[12.853,57.887],[12.851,57.889],[12.854,57.893],[12.865,57.893],[12.876,57.896],[12.864,57.898],[12.861,57.901],[12.867,57.914],[12.876,57.923],[12.881,57.926],[12.899,57.926],[12.907,57.931],[12.913,57.934],[12.907,57.938],[12.907,57.942],[12.928,57.937],[12.925,57.93],[12.93,57.929],[12.933,57.932],[12.933,57.937],[12.944,57.949],[12.948,57.947],[12.955,57.953],[12.961,57.955],[12.962,57.959],[12.971,57.966],[12.974,57.975],[12.965,57.991],[12.968,57.999],[12.976,58.002],[12.985,58.007],[12.986,58.01],[12.977,58.009],[12.968,58.012],[12.957,58.014],[12.949,58.017],[12.944,58.025],[12.964,58.037],[12.946,58.034],[12.93,58.033],[12.916,58.041],[12.895,58.04],[12.869,58.04],[12.865,58.043],[12.868,58.046],[12.87,58.059],[12.844,58.065],[12.838,58.067],[12.838,58.077],[12.856,58.08],[12.86,58.084],[12.863,58.092],[12.863,58.097],[12.9,58.093],[12.903,58.093],[12.903,58.112],[12.841,58.11],[12.847,58.116],[12.833,58.118],[12.828,58.117],[12.828,58.111],[12.831,58.107],[12.825,58.105],[12.818,58.103],[12.808,58.105],[12.785,58.101],[12.756,58.099],[12.756,58.096],[12.747,58.096],[12.744,58.099],[12.711,58.097],[12.7,58.088],[12.676,58.086],[12.667,58.083],[12.658,58.077],[12.636,58.073],[12.638,58.068],[12.627,58.063],[12.612,58.06],[12.593,58.053],[12.581,58.047],[12.58,58.041],[12.57,58.027],[12.551,58.006],[12.539,57.998],[12.568,57.974],[12.582,57.971],[12.592,57.971],[12.604,57.975],[12.607,57.973],[12.614,57.975],[12.62,57.966],[12.62,57.962],[12.628,57.96],[12.649,57.95],[12.653,57.941],[12.652,57.931],[12.656,57.921],[12.657,57.916],[12.665,57.909],[12.663,57.902],[12.659,57.897],[12.663,57.891],[12.661,57.886],[12.653,57.882],[12.655,57.878],[12.662,57.875],[12.656,57.868],[12.657,57.86],[12.66,57.856]]]}},{"type":"Feature","properties":{"id":935442,"maakond_id":411,"name":"Halmstads kommun","bbox":[12.241,56.543,13.325,56.944]},"geometry":{"type":"Polygon","coordinates":[[[12.261,56.678],[12.276,56.661],[12.286,56.652],[12.299,56.637],[12.293,56.63],[12.241,56.557],[12.797,56.552],[12.918,56.552],[12.945,56.554],[12.968,56.548],[12.972,56.543],[12.975,56.543],[12.988,56.557],[12.996,56.559],[13.007,56.568],[13.01,56.574],[13.016,56.573],[13.021,56.575],[13.017,56.581],[13.016,56.585],[13.025,56.591],[13.028,56.595],[13.033,56.596],[13.041,56.597],[13.056,56.602],[13.057,56.601],[13.075,56.608],[13.093,56.613],[13.101,56.615],[13.113,56.622],[13.13,56.631],[13.134,56.625],[13.142,56.625],[13.148,56.629],[13.158,56.63],[13.164,56.634],[13.166,56.646],[13.164,56.65],[13.189,56.651],[13.196,56.654],[13.189,56.663],[13.181,56.664],[13.175,56.667],[13.173,56.673],[13.177,56.674],[13.188,56.676],[13.19,56.677],[13.202,56.675],[13.205,56.676],[13.225,56.676],[13.23,56.675],[13.249,56.675],[13.26,56.676],[13.278,56.68],[13.288,56.679],[13.291,56.684],[13.298,56.688],[13.308,56.685],[13.316,56.692],[13.317,56.701],[13.325,56.709],[13.317,56.72],[13.317,56.73],[13.318,56.74],[13.32,56.759],[13.319,56.782],[13.315,56.794],[13.305,56.804],[13.298,56.824],[13.297,56.831],[13.286,56.837],[13.281,56.843],[13.275,56.847],[13.267,56.853],[13.262,56.853],[13.255,56.847],[13.243,56.848],[13.24,56.841],[13.213,56.832],[13.202,56.836],[13.193,56.83],[13.185,56.83],[13.181,56.826],[13.163,56.827],[13.156,56.84],[13.162,56.85],[13.166,56.856],[13.179,56.874],[13.177,56.878],[13.172,56.881],[13.164,56.883],[13.156,56.884],[13.146,56.889],[13.137,56.892],[13.131,56.891],[13.121,56.888],[13.118,56.884],[13.121,56.88],[13.117,56.879],[13.118,56.874],[13.113,56.868],[13.104,56.865],[13.096,56.868],[13.088,56.866],[13.076,56.858],[13.074,56.851],[13.067,56.844],[13.054,56.842],[13.048,56.842],[13.043,56.841],[13.035,56.844],[13.035,56.851],[13.033,56.854],[13.015,56.861],[13.001,56.865],[12.999,56.873],[13.001,56.875],[13,56.888],[13.004,56.888],[13.007,56.895],[13.007,56.898],[13.001,56.899],[13.003,56.909],[13.006,56.912],[13.003,56.915],[12.995,56.918],[12.992,56.915],[12.982,56.916],[12.976,56.918],[12.973,56.924],[12.952,56.923],[12.949,56.92],[12.942,56.922],[12.943,56.927],[12.939,56.934],[12.936,56.935],[12.935,56.944],[12.92,56.941],[12.912,56.943],[12.902,56.937],[12.895,56.934],[12.892,56.929],[12.894,56.925],[12.886,56.916],[12.879,56.914],[12.878,56.91],[12.871,56.904],[12.873,56.895],[12.867,56.892],[12.866,56.889],[12.868,56.885],[12.874,56.881],[12.872,56.874],[12.865,56.877],[12.859,56.874],[12.849,56.872],[12.851,56.869],[12.828,56.873],[12.802,56.864],[12.782,56.86],[12.782,56.858],[12.811,56.862],[12.823,56.866],[12.841,56.867],[12.847,56.865],[12.851,56.862],[12.842,56.856],[12.832,56.854],[12.813,56.853],[12.807,56.855],[12.788,56.856],[12.771,56.856],[12.758,56.86],[12.753,56.858],[12.747,56.852],[12.742,56.851],[12.744,56.845],[12.736,56.845],[12.73,56.846],[12.727,56.842],[12.718,56.838],[12.72,56.834],[12.719,56.832],[12.712,56.834],[12.703,56.829],[12.695,56.827],[12.681,56.816],[12.666,56.815],[12.66,56.811],[12.652,56.801],[12.646,56.806],[12.642,56.802],[12.63,56.803],[12.632,56.798],[12.637,56.795],[12.643,56.794],[12.632,56.785],[12.627,56.785],[12.615,56.778],[12.612,56.777],[12.563,56.777],[12.261,56.678]]]}},{"type":"Feature","properties":{"id":935443,"maakond_id":404,"name":"Valdemarsviks kommun","bbox":[16.251,57.985,17.547,58.395]},"geometry":{"type":"Polygon","coordinates":[[[17.547,58.31],[17.164,58.31],[17.083,58.31],[17.031,58.297],[17.01,58.301],[16.987,58.3],[16.977,58.293],[16.942,58.292],[16.927,58.294],[16.899,58.292],[16.88,58.286],[16.852,58.282],[16.843,58.281],[16.839,58.286],[16.826,58.285],[16.821,58.283],[16.824,58.276],[16.819,58.272],[16.818,58.269],[16.811,58.266],[16.807,58.269],[16.8,58.27],[16.797,58.273],[16.792,58.272],[16.78,58.274],[16.777,58.267],[16.765,58.268],[16.759,58.271],[16.754,58.269],[16.762,58.263],[16.758,58.262],[16.748,58.262],[16.742,58.257],[16.727,58.259],[16.708,58.265],[16.697,58.268],[16.684,58.273],[16.672,58.276],[16.659,58.283],[16.651,58.29],[16.65,58.292],[16.642,58.295],[16.635,58.3],[16.623,58.308],[16.626,58.315],[16.621,58.316],[16.602,58.32],[16.59,58.323],[16.584,58.319],[16.564,58.325],[16.568,58.331],[16.56,58.341],[16.555,58.346],[16.547,58.351],[16.539,58.341],[16.526,58.346],[16.511,58.357],[16.5,58.367],[16.49,58.364],[16.467,58.357],[16.462,58.367],[16.457,58.371],[16.449,58.371],[16.445,58.377],[16.44,58.376],[16.434,58.37],[16.422,58.364],[16.419,58.369],[16.406,58.37],[16.389,58.376],[16.382,58.374],[16.377,58.381],[16.368,58.379],[16.363,58.377],[16.353,58.381],[16.351,58.383],[16.345,58.386],[16.348,58.388],[16.341,58.392],[16.324,58.385],[16.299,58.387],[16.287,58.393],[16.265,58.395],[16.257,58.394],[16.261,58.381],[16.267,58.371],[16.274,58.37],[16.282,58.36],[16.29,58.355],[16.288,58.342],[16.283,58.338],[16.277,58.331],[16.251,58.316],[16.268,58.314],[16.278,58.31],[16.301,58.306],[16.302,58.301],[16.313,58.293],[16.311,58.285],[16.312,58.266],[16.321,58.265],[16.327,58.272],[16.354,58.262],[16.365,58.259],[16.387,58.253],[16.397,58.247],[16.409,58.242],[16.424,58.238],[16.432,58.235],[16.44,58.228],[16.448,58.224],[16.45,58.216],[16.447,58.216],[16.433,58.21],[16.444,58.2],[16.444,58.197],[16.437,58.195],[16.444,58.192],[16.433,58.179],[16.428,58.182],[16.437,58.19],[16.424,58.192],[16.418,58.191],[16.409,58.185],[16.398,58.179],[16.399,58.174],[16.406,58.171],[16.41,58.161],[16.405,58.161],[16.413,58.155],[16.411,58.147],[16.395,58.148],[16.398,58.141],[16.398,58.129],[16.411,58.131],[16.414,58.129],[16.417,58.122],[16.422,58.122],[16.429,58.113],[16.457,58.112],[16.458,58.107],[16.465,58.099],[16.485,58.09],[16.491,58.089],[16.502,58.096],[16.515,58.104],[16.533,58.116],[16.543,58.111],[16.551,58.109],[16.555,58.105],[16.57,58.098],[16.569,58.095],[16.562,58.089],[16.568,58.084],[16.6,58.06],[16.607,58.053],[16.593,58.051],[16.596,58.048],[16.601,58.048],[16.601,58.042],[16.599,58.037],[16.609,58.031],[16.609,58.03],[16.615,58.021],[16.631,58.012],[16.624,58.008],[16.627,58.003],[16.658,57.993],[16.665,57.997],[16.673,58],[16.682,57.999],[16.691,57.996],[16.697,57.997],[16.703,57.994],[16.714,57.992],[16.727,57.985],[16.734,57.986],[16.731,57.995],[16.743,58],[16.747,57.994],[16.756,58.001],[16.772,58.004],[16.778,58.003],[16.789,58.004],[16.792,58],[16.802,57.998],[16.806,58],[16.812,58],[16.812,58.006],[16.818,58.011],[16.821,58.027],[16.896,58.004],[17.353,58],[17.424,58.102],[17.507,58.223],[17.516,58.234],[17.526,58.247],[17.53,58.253],[17.537,58.267],[17.542,58.28],[17.544,58.287],[17.547,58.301],[17.547,58.31]]]}},{"type":"Feature","properties":{"id":935444,"maakond_id":404,"name":"Finspångs kommun","bbox":[15.411,58.6,16.182,59.019]},"geometry":{"type":"Polygon","coordinates":[[[15.414,58.807],[15.411,58.806],[15.421,58.799],[15.423,58.79],[15.445,58.787],[15.438,58.784],[15.446,58.78],[15.449,58.777],[15.445,58.774],[15.448,58.767],[15.446,58.765],[15.455,58.758],[15.47,58.753],[15.473,58.748],[15.478,58.735],[15.49,58.735],[15.499,58.732],[15.495,58.719],[15.496,58.709],[15.492,58.706],[15.495,58.701],[15.485,58.7],[15.479,58.697],[15.483,58.691],[15.489,58.686],[15.492,58.681],[15.479,58.678],[15.475,58.672],[15.476,58.661],[15.471,58.656],[15.464,58.651],[15.47,58.643],[15.477,58.647],[15.484,58.643],[15.488,58.635],[15.504,58.637],[15.519,58.64],[15.54,58.64],[15.541,58.633],[15.535,58.628],[15.532,58.622],[15.535,58.619],[15.532,58.613],[15.536,58.606],[15.526,58.6],[15.567,58.613],[15.573,58.622],[15.58,58.636],[15.589,58.634],[15.599,58.633],[15.607,58.627],[15.618,58.615],[15.627,58.614],[15.625,58.635],[15.618,58.644],[15.632,58.641],[15.659,58.64],[15.662,58.647],[15.675,58.655],[15.681,58.658],[15.699,58.654],[15.719,58.655],[15.732,58.657],[15.744,58.653],[15.753,58.654],[15.768,58.651],[15.776,58.648],[15.791,58.639],[15.792,58.632],[15.801,58.634],[15.811,58.632],[15.822,58.634],[15.844,58.629],[15.855,58.632],[15.88,58.629],[15.898,58.616],[15.977,58.623],[15.951,58.652],[15.947,58.663],[15.958,58.665],[15.977,58.671],[15.986,58.676],[15.992,58.675],[15.997,58.677],[16.002,58.676],[16.013,58.679],[16.008,58.681],[16,58.683],[15.998,58.686],[15.993,58.688],[15.993,58.691],[15.983,58.694],[15.985,58.697],[16.001,58.707],[16.014,58.714],[16.022,58.73],[16.026,58.735],[16.016,58.746],[16.03,58.753],[16.052,58.766],[16.075,58.772],[16.082,58.773],[16.078,58.79],[16.073,58.797],[16.093,58.802],[16.099,58.803],[16.093,58.817],[16.103,58.825],[16.119,58.82],[16.131,58.825],[16.14,58.827],[16.179,58.845],[16.182,58.854],[16.18,58.858],[16.173,58.862],[16.166,58.863],[16.149,58.871],[16.144,58.875],[16.131,58.878],[16.127,58.88],[16.119,58.882],[16.112,58.885],[16.102,58.886],[16.103,58.892],[16.099,58.899],[16.092,58.902],[16.094,58.906],[16.089,58.908],[16.091,58.912],[16.085,58.914],[16.081,58.917],[16.082,58.92],[16.063,58.924],[16.054,58.927],[16.036,58.928],[15.994,58.937],[15.967,58.947],[15.95,58.953],[15.938,58.956],[15.93,58.961],[15.912,58.962],[15.9,58.971],[15.897,58.974],[15.889,58.978],[15.882,58.979],[15.883,58.988],[15.865,58.991],[15.872,59],[15.843,59.015],[15.821,59.018],[15.815,59.019],[15.807,59.012],[15.807,59.003],[15.797,58.995],[15.792,58.99],[15.782,58.985],[15.78,58.976],[15.781,58.97],[15.779,58.968],[15.767,58.967],[15.762,58.964],[15.764,58.957],[15.741,58.951],[15.743,58.956],[15.736,58.966],[15.733,58.974],[15.726,58.98],[15.728,58.984],[15.721,58.99],[15.701,58.985],[15.691,58.987],[15.688,58.982],[15.682,58.975],[15.678,58.974],[15.658,58.975],[15.642,58.974],[15.638,58.976],[15.633,58.981],[15.629,58.983],[15.603,58.968],[15.59,58.96],[15.581,58.96],[15.555,58.956],[15.558,58.941],[15.572,58.927],[15.584,58.919],[15.592,58.912],[15.594,58.906],[15.586,58.897],[15.578,58.895],[15.563,58.894],[15.56,58.887],[15.554,58.87],[15.545,58.872],[15.539,58.869],[15.537,58.867],[15.531,58.865],[15.508,58.864],[15.492,58.866],[15.475,58.862],[15.469,58.864],[15.441,58.864],[15.446,58.854],[15.445,58.85],[15.451,58.84],[15.451,58.833],[15.454,58.825],[15.454,58.821],[15.431,58.823],[15.425,58.822],[15.425,58.818],[15.429,58.815],[15.414,58.807]]]}},{"type":"Feature","properties":{"id":935445,"maakond_id":418,"name":"Kramfors kommun","bbox":[17.181,62.596,18.986,63.205]},"geometry":{"type":"MultiPolygon","coordinates":[[[[18.589,62.596],[18.692,62.659],[18.814,62.734],[18.961,62.82],[18.986,62.834],[18.977,62.837],[18.656,62.949],[18.584,62.974],[18.575,63.001],[18.601,63.031],[18.575,63.064],[18.552,63.068],[18.52,63.086],[18.514,63.084],[18.495,63.084],[18.398,63.113],[18.303,63.134],[18.226,63.15],[18.171,63.162],[18.103,63.176],[18.055,63.186],[18.052,63.185],[18.047,63.186],[17.977,63.172],[17.989,63.158],[17.896,63.142],[17.88,63.161],[17.773,63.119],[17.764,63.116],[17.761,63.113],[17.749,63.109],[17.738,63.114],[17.724,63.118],[17.716,63.123],[17.703,63.125],[17.695,63.129],[17.687,63.128],[17.597,63.111],[17.57,63.11],[17.547,63.114],[17.505,63.105],[17.463,63.096],[17.425,63.088],[17.402,63.083],[17.338,63.066],[17.298,63.056],[17.315,63.035],[17.251,63.015],[17.208,63.031],[17.181,63.021],[17.251,62.995],[17.237,62.988],[17.211,62.972],[17.271,62.93],[17.331,62.941],[17.353,62.914],[17.326,62.91],[17.416,62.886],[17.442,62.884],[17.452,62.868],[17.472,62.879],[17.494,62.861],[17.567,62.865],[17.571,62.864],[17.614,62.866],[17.616,62.868],[17.687,62.87],[17.722,62.871],[17.778,62.861],[17.833,62.846],[17.85,62.845],[17.865,62.84],[17.885,62.829],[17.881,62.828],[17.894,62.822],[17.895,62.818],[17.904,62.811],[17.924,62.807],[17.94,62.796],[17.961,62.793],[17.981,62.795],[18.006,62.794],[18.03,62.786],[18.045,62.78],[18.055,62.773],[18.078,62.769],[18.087,62.766],[18.101,62.759],[18.124,62.757],[18.154,62.758],[18.172,62.756],[18.183,62.741],[18.23,62.725],[18.582,62.599],[18.589,62.596]]],[[[18.055,63.186],[18.054,63.19],[18.007,63.202],[17.993,63.205],[17.973,63.197],[18.051,63.185],[18.055,63.186]]]]}},{"type":"Feature","properties":{"id":935446,"maakond_id":421,"name":"Gällivare kommun","bbox":[16.733,66.279,22.199,68.119]},"geometry":{"type":"MultiPolygon","coordinates":[[[[17.9,67.969],[17.665,68.038],[17.495,68.075],[17.352,68.104],[17.282,68.119],[17.253,68.102],[17.181,68.05],[17.047,68.012],[16.93,67.977],[16.833,67.945],[16.738,67.914],[16.733,67.906],[16.742,67.905],[16.745,67.902],[16.752,67.901],[16.759,67.902],[16.774,67.898],[16.786,67.899],[16.812,67.89],[16.837,67.887],[16.837,67.884],[16.848,67.882],[16.862,67.88],[16.872,67.876],[16.89,67.87],[16.902,67.864],[16.913,67.862],[16.934,67.855],[16.95,67.852],[16.961,67.849],[16.966,67.845],[16.978,67.845],[16.984,67.841],[16.991,67.84],[16.994,67.836],[17.014,67.824],[17.024,67.823],[17.025,67.82],[17.054,67.813],[17.076,67.813],[17.086,67.808],[17.091,67.803],[17.106,67.805],[17.128,67.804],[17.154,67.806],[17.252,67.774],[17.29,67.749],[17.299,67.739],[17.3,67.733],[17.309,67.731],[17.33,67.729],[17.365,67.718],[17.406,67.716],[17.433,67.714],[17.434,67.694],[17.451,67.676],[17.547,67.663],[17.558,67.659],[17.578,67.657],[17.594,67.651],[17.629,67.643],[17.708,67.635],[17.749,67.635],[17.824,67.622],[17.862,67.612],[17.901,67.587],[17.958,67.584],[17.97,67.586],[18.041,67.579],[18.105,67.573],[18.146,67.561],[18.154,67.557],[18.175,67.543],[18.196,67.533],[18.201,67.532],[18.209,67.522],[18.254,67.499],[18.31,67.483],[18.311,67.479],[18.325,67.476],[18.328,67.48],[18.34,67.48],[18.36,67.458],[18.389,67.442],[18.417,67.433],[18.438,67.419],[18.488,67.403],[18.506,67.401],[18.573,67.41],[18.618,67.405],[18.634,67.397],[18.671,67.399],[18.688,67.401],[18.704,67.405],[18.783,67.386],[18.878,67.352],[18.894,67.328],[18.925,67.307],[18.946,67.306],[18.954,67.307],[18.974,67.304],[18.99,67.304],[19.028,67.294],[19.053,67.291],[19.09,67.279],[19.27,67.178],[19.313,67.154],[19.51,67.146],[19.662,67.095],[19.784,67.044],[19.806,67.013],[19.831,66.975],[19.925,66.945],[19.948,66.938],[20.189,66.861],[20.29,66.829],[20.464,66.781],[20.574,66.751],[20.633,66.736],[20.664,66.725],[20.769,66.688],[20.856,66.658],[20.962,66.623],[21.012,66.567],[21.054,66.52],[21.105,66.464],[21.178,66.384],[21.246,66.31],[21.274,66.279],[21.307,66.286],[21.379,66.3],[21.452,66.325],[21.548,66.357],[21.578,66.365],[21.639,66.384],[21.734,66.399],[21.758,66.403],[21.846,66.417],[21.947,66.432],[22.11,66.457],[22.112,66.49],[22.117,66.55],[22.122,66.6],[22.112,66.6],[22.115,66.605],[22.122,66.606],[21.971,66.669],[22.044,66.732],[22.107,66.81],[22.13,66.806],[22.133,66.804],[22.145,66.81],[22.151,66.81],[22.164,66.812],[22.154,66.816],[22.142,66.828],[22.137,66.827],[22.127,66.834],[22.134,66.843],[22.178,66.895],[22.199,66.919],[22.144,66.974],[22.067,67.052],[22.035,67.084],[21.984,67.135],[21.912,67.205],[21.845,67.271],[21.859,67.281],[21.962,67.356],[21.954,67.358],[21.937,67.367],[21.931,67.367],[21.917,67.377],[21.91,67.38],[21.898,67.381],[21.886,67.389],[21.888,67.392],[21.898,67.394],[21.915,67.396],[21.919,67.399],[21.909,67.405],[21.91,67.411],[21.9,67.415],[21.891,67.42],[21.865,67.429],[21.86,67.429],[21.843,67.43],[21.838,67.432],[21.833,67.437],[21.822,67.442],[21.802,67.448],[21.785,67.45],[21.673,67.456],[21.542,67.463],[21.529,67.464],[21.503,67.47],[21.477,67.47],[21.475,67.473],[21.466,67.475],[21.46,67.471],[21.454,67.473],[21.441,67.474],[21.422,67.472],[21.419,67.469],[21.388,67.475],[21.355,67.485],[21.327,67.482],[21.317,67.477],[21.306,67.476],[21.295,67.474],[21.262,67.473],[21.237,67.477],[21.217,67.481],[21.204,67.481],[21.186,67.481],[21.168,67.484],[21.155,67.484],[21.139,67.485],[21.127,67.488],[21.11,67.489],[21.091,67.49],[21.068,67.495],[21.068,67.502],[21.064,67.505],[21.054,67.507],[21.043,67.512],[21.037,67.512],[21.018,67.517],[21.015,67.522],[20.995,67.526],[20.979,67.531],[20.97,67.533],[20.968,67.536],[20.957,67.539],[20.936,67.55],[20.922,67.553],[20.916,67.555],[20.917,67.56],[20.906,67.566],[20.895,67.567],[20.88,67.571],[20.877,67.573],[20.858,67.579],[20.855,67.582],[20.824,67.59],[20.819,67.594],[20.784,67.604],[20.774,67.608],[20.773,67.614],[20.763,67.617],[20.753,67.619],[20.729,67.627],[20.716,67.63],[20.715,67.634],[20.709,67.638],[20.692,67.643],[20.679,67.645],[20.671,67.648],[20.64,67.655],[20.624,67.659],[20.611,67.663],[20.596,67.664],[20.587,67.665],[20.583,67.669],[20.573,67.672],[20.56,67.673],[20.55,67.677],[20.533,67.678],[20.531,67.68],[20.496,67.688],[20.488,67.687],[20.471,67.689],[20.465,67.691],[20.449,67.693],[20.433,67.698],[20.409,67.702],[20.401,67.704],[20.378,67.714],[20.371,67.72],[20.354,67.728],[20.352,67.729],[20.331,67.735],[20.316,67.731],[20.289,67.73],[20.281,67.731],[20.273,67.726],[20.258,67.723],[20.223,67.722],[20.189,67.73],[20.179,67.732],[20.165,67.731],[20.152,67.736],[20.129,67.743],[20.118,67.748],[20.096,67.75],[20.083,67.75],[20.055,67.746],[20.042,67.743],[20.033,67.745],[20.027,67.744],[20.009,67.746],[19.977,67.763],[19.964,67.767],[19.952,67.774],[19.924,67.781],[19.873,67.787],[19.852,67.794],[19.836,67.796],[19.813,67.801],[19.809,67.806],[19.801,67.807],[19.794,67.811],[19.781,67.815],[19.702,67.813],[19.664,67.819],[19.653,67.822],[19.642,67.821],[19.634,67.825],[19.636,67.828],[19.604,67.83],[19.561,67.831],[19.538,67.832],[19.506,67.836],[19.484,67.838],[19.482,67.839],[19.466,67.844],[19.451,67.846],[19.408,67.852],[19.322,67.856],[19.249,67.848],[19.237,67.848],[19.181,67.851],[19.13,67.85],[19.082,67.851],[19.005,67.857],[18.853,67.844],[18.839,67.849],[18.829,67.85],[18.821,67.849],[18.812,67.851],[18.783,67.852],[18.352,67.854],[18.187,67.895],[17.9,67.969]],[[21.57,67.455],[21.588,67.453],[21.594,67.449],[21.583,67.447],[21.571,67.452],[21.57,67.455]],[[20.128,67.71],[20.121,67.71],[20.121,67.716],[20.131,67.715],[20.128,67.71]],[[21.552,67.456],[21.558,67.452],[21.55,67.452],[21.552,67.456]]],[[[22.182,66.95],[22.19,66.942],[22.195,66.944],[22.182,66.95]]]]}},{"type":"Feature","properties":{"id":935447,"maakond_id":404,"name":"Norrköpings kommun","bbox":[15.618,58.399,17.569,58.854]},"geometry":{"type":"Polygon","coordinates":[[[16.269,58.826],[16.264,58.832],[16.22,58.838],[16.211,58.835],[16.201,58.836],[16.197,58.839],[16.192,58.839],[16.191,58.846],[16.185,58.85],[16.182,58.854],[16.179,58.845],[16.14,58.827],[16.131,58.825],[16.119,58.82],[16.103,58.825],[16.093,58.817],[16.099,58.803],[16.093,58.802],[16.073,58.797],[16.078,58.79],[16.082,58.773],[16.075,58.772],[16.052,58.766],[16.03,58.753],[16.016,58.746],[16.026,58.735],[16.022,58.73],[16.014,58.714],[16.001,58.707],[15.985,58.697],[15.983,58.694],[15.993,58.691],[15.993,58.688],[15.998,58.686],[16,58.683],[16.008,58.681],[16.013,58.679],[16.002,58.676],[15.997,58.677],[15.992,58.675],[15.986,58.676],[15.977,58.671],[15.958,58.665],[15.947,58.663],[15.951,58.652],[15.977,58.623],[15.898,58.616],[15.88,58.629],[15.855,58.632],[15.844,58.629],[15.822,58.634],[15.811,58.632],[15.801,58.634],[15.792,58.632],[15.791,58.639],[15.776,58.648],[15.768,58.651],[15.753,58.654],[15.744,58.653],[15.732,58.657],[15.719,58.655],[15.699,58.654],[15.681,58.658],[15.675,58.655],[15.662,58.647],[15.659,58.64],[15.632,58.641],[15.618,58.644],[15.625,58.635],[15.627,58.614],[15.642,58.607],[15.649,58.598],[15.656,58.594],[15.661,58.588],[15.663,58.579],[15.684,58.578],[15.687,58.575],[15.687,58.573],[15.693,58.565],[15.691,58.559],[15.719,58.556],[15.723,58.552],[15.744,58.551],[15.757,58.552],[15.754,58.542],[15.762,58.522],[15.759,58.512],[15.783,58.514],[15.805,58.514],[15.817,58.519],[15.831,58.517],[15.834,58.515],[15.849,58.518],[15.856,58.512],[15.875,58.516],[15.886,58.514],[15.893,58.512],[15.902,58.513],[15.918,58.512],[15.921,58.504],[15.934,58.497],[15.929,58.493],[15.906,58.489],[15.897,58.489],[15.9,58.486],[15.908,58.485],[15.912,58.481],[15.915,58.476],[15.921,58.474],[15.931,58.475],[15.932,58.473],[15.946,58.471],[15.95,58.468],[15.955,58.467],[15.963,58.467],[15.963,58.465],[15.956,58.465],[15.97,58.451],[15.976,58.448],[15.976,58.444],[15.97,58.443],[15.962,58.441],[15.958,58.441],[15.951,58.436],[15.952,58.427],[15.971,58.424],[15.978,58.424],[15.989,58.426],[15.997,58.423],[16.009,58.42],[16.016,58.418],[16.025,58.418],[16.025,58.42],[16.034,58.421],[16.038,58.419],[16.043,58.423],[16.043,58.427],[16.039,58.43],[16.033,58.437],[16.036,58.439],[16.036,58.444],[16.041,58.452],[16.046,58.459],[16.056,58.46],[16.064,58.459],[16.073,58.461],[16.084,58.462],[16.082,58.468],[16.083,58.474],[16.089,58.479],[16.09,58.487],[16.082,58.494],[16.085,58.496],[16.082,58.503],[16.088,58.503],[16.111,58.503],[16.108,58.509],[16.107,58.513],[16.122,58.512],[16.132,58.514],[16.138,58.518],[16.14,58.522],[16.154,58.521],[16.162,58.526],[16.178,58.527],[16.182,58.524],[16.184,58.52],[16.208,58.521],[16.213,58.519],[16.226,58.519],[16.229,58.521],[16.246,58.519],[16.246,58.524],[16.255,58.523],[16.263,58.521],[16.267,58.522],[16.276,58.516],[16.286,58.517],[16.292,58.512],[16.311,58.514],[16.318,58.513],[16.332,58.511],[16.34,58.508],[16.339,58.506],[16.343,58.501],[16.344,58.491],[16.34,58.486],[16.355,58.483],[16.358,58.48],[16.375,58.48],[16.382,58.48],[16.394,58.476],[16.406,58.475],[16.417,58.475],[16.43,58.479],[16.449,58.478],[16.455,58.474],[16.469,58.474],[16.471,58.471],[16.488,58.471],[16.504,58.465],[16.531,58.459],[16.545,58.454],[16.559,58.452],[16.566,58.447],[16.59,58.443],[16.614,58.443],[16.626,58.441],[16.635,58.435],[16.641,58.436],[16.651,58.435],[16.656,58.433],[16.667,58.433],[16.674,58.431],[16.684,58.427],[16.691,58.428],[16.698,58.425],[16.702,58.422],[16.702,58.417],[16.723,58.419],[16.746,58.416],[16.757,58.417],[16.769,58.414],[16.784,58.414],[16.785,58.417],[16.792,58.42],[16.782,58.427],[16.79,58.43],[16.795,58.431],[16.799,58.437],[16.803,58.437],[16.819,58.435],[16.859,58.443],[16.871,58.468],[16.935,58.467],[16.953,58.462],[16.968,58.459],[16.978,58.459],[16.995,58.459],[16.994,58.464],[16.998,58.468],[17.103,58.441],[17.516,58.403],[17.569,58.399],[17.516,58.411],[17.149,58.503],[17.147,58.533],[17.131,58.55],[17.07,58.591],[17.016,58.59],[16.972,58.581],[16.943,58.584],[16.919,58.596],[16.89,58.601],[16.827,58.594],[16.797,58.608],[16.75,58.627],[16.75,58.63],[16.758,58.63],[16.734,58.644],[16.721,58.653],[16.71,58.66],[16.709,58.665],[16.702,58.67],[16.696,58.672],[16.69,58.676],[16.649,58.682],[16.643,58.676],[16.636,58.679],[16.637,58.685],[16.63,58.686],[16.628,58.69],[16.617,58.691],[16.607,58.694],[16.585,58.698],[16.559,58.697],[16.558,58.697],[16.542,58.701],[16.511,58.698],[16.475,58.696],[16.466,58.698],[16.452,58.698],[16.427,58.697],[16.418,58.703],[16.406,58.704],[16.399,58.702],[16.386,58.704],[16.377,58.708],[16.378,58.71],[16.371,58.734],[16.375,58.74],[16.37,58.741],[16.369,58.753],[16.348,58.766],[16.338,58.77],[16.338,58.772],[16.327,58.78],[16.322,58.776],[16.315,58.773],[16.302,58.771],[16.296,58.776],[16.309,58.785],[16.31,58.792],[16.305,58.795],[16.289,58.801],[16.269,58.826]]]}},{"type":"Feature","properties":{"id":935448,"maakond_id":410,"name":"Kristianstads kommun","bbox":[13.748,55.755,14.595,56.304]},"geometry":{"type":"Polygon","coordinates":[[[14.441,56.229],[14.438,56.232],[14.435,56.238],[14.427,56.248],[14.427,56.25],[14.434,56.25],[14.435,56.253],[14.428,56.254],[14.426,56.26],[14.429,56.275],[14.426,56.291],[14.412,56.292],[14.405,56.294],[14.409,56.304],[14.401,56.302],[14.39,56.301],[14.375,56.3],[14.362,56.299],[14.352,56.295],[14.345,56.291],[14.34,56.279],[14.332,56.273],[14.327,56.275],[14.321,56.272],[14.322,56.267],[14.312,56.266],[14.301,56.26],[14.288,56.248],[14.284,56.247],[14.277,56.232],[14.271,56.228],[14.268,56.219],[14.265,56.217],[14.279,56.205],[14.274,56.201],[14.258,56.197],[14.256,56.193],[14.251,56.188],[14.247,56.183],[14.246,56.174],[14.228,56.171],[14.22,56.172],[14.217,56.17],[14.219,56.166],[14.21,56.162],[14.205,56.159],[14.207,56.157],[14.203,56.151],[14.195,56.151],[14.191,56.153],[14.176,56.154],[14.175,56.152],[14.169,56.149],[14.152,56.155],[14.147,56.15],[14.148,56.146],[14.155,56.146],[14.155,56.143],[14.159,56.14],[14.153,56.132],[14.15,56.13],[14.144,56.129],[14.139,56.125],[14.126,56.128],[14.123,56.126],[14.113,56.128],[14.084,56.133],[14.067,56.133],[14.055,56.139],[14.047,56.142],[14.027,56.151],[14.014,56.156],[14.013,56.153],[14.003,56.137],[13.998,56.123],[13.997,56.107],[13.995,56.096],[13.992,56.092],[13.981,56.09],[13.978,56.086],[13.97,56.09],[13.969,56.082],[13.97,56.079],[13.95,56.063],[13.93,56.05],[13.92,56.039],[13.913,56.038],[13.887,56.021],[13.883,56.023],[13.859,56.027],[13.86,56.024],[13.856,56.015],[13.836,56.016],[13.83,56.027],[13.823,56.03],[13.811,56.027],[13.805,56.018],[13.803,56.012],[13.789,56.006],[13.783,55.998],[13.774,55.994],[13.774,55.987],[13.765,55.982],[13.763,55.977],[13.758,55.974],[13.78,55.965],[13.777,55.96],[13.764,55.954],[13.757,55.946],[13.75,55.942],[13.748,55.932],[13.771,55.913],[13.781,55.908],[13.777,55.901],[13.77,55.897],[13.783,55.897],[13.804,55.89],[13.807,55.887],[13.815,55.886],[13.814,55.891],[13.824,55.902],[13.838,55.905],[13.859,55.905],[13.862,55.913],[13.868,55.919],[13.877,55.922],[13.884,55.915],[13.897,55.909],[13.907,55.911],[13.908,55.909],[13.905,55.905],[13.908,55.9],[13.897,55.891],[13.897,55.89],[13.889,55.885],[13.887,55.881],[13.914,55.878],[13.918,55.874],[13.919,55.865],[13.909,55.859],[13.905,55.857],[13.91,55.851],[13.893,55.844],[13.883,55.837],[13.892,55.823],[13.914,55.819],[13.915,55.81],[13.919,55.802],[13.928,55.802],[13.94,55.803],[13.952,55.801],[13.958,55.797],[13.958,55.795],[13.951,55.79],[13.963,55.781],[13.961,55.777],[13.97,55.775],[13.974,55.772],[13.978,55.773],[13.986,55.769],[13.991,55.769],[13.996,55.772],[14.002,55.768],[14.01,55.77],[14.012,55.769],[14.011,55.761],[14.028,55.761],[14.051,55.767],[14.055,55.769],[14.058,55.774],[14.055,55.78],[14.052,55.783],[14.054,55.785],[14.075,55.784],[14.085,55.779],[14.095,55.778],[14.094,55.774],[14.087,55.77],[14.092,55.764],[14.087,55.757],[14.095,55.758],[14.103,55.756],[14.106,55.757],[14.108,55.761],[14.112,55.762],[14.114,55.766],[14.12,55.766],[14.128,55.763],[14.134,55.759],[14.15,55.762],[14.161,55.76],[14.161,55.763],[14.17,55.767],[14.185,55.763],[14.192,55.766],[14.203,55.765],[14.595,55.755],[14.554,55.922],[14.54,55.983],[14.51,56.015],[14.472,56.021],[14.466,56.023],[14.464,56.025],[14.445,56.03],[14.439,56.029],[14.438,56.023],[14.424,56.025],[14.417,56.031],[14.396,56.036],[14.39,56.035],[14.381,56.037],[14.383,56.041],[14.386,56.053],[14.403,56.07],[14.415,56.071],[14.445,56.075],[14.451,56.093],[14.446,56.105],[14.462,56.11],[14.463,56.12],[14.47,56.131],[14.469,56.137],[14.476,56.146],[14.475,56.15],[14.464,56.149],[14.438,56.124],[14.421,56.14],[14.422,56.151],[14.421,56.159],[14.422,56.167],[14.421,56.169],[14.428,56.176],[14.425,56.179],[14.422,56.186],[14.412,56.193],[14.412,56.198],[14.422,56.201],[14.423,56.204],[14.428,56.205],[14.435,56.209],[14.434,56.214],[14.439,56.217],[14.441,56.229]]]}},{"type":"Feature","properties":{"id":935449,"maakond_id":410,"name":"Örkelljunga kommun","bbox":[13.118,56.194,13.581,56.428]},"geometry":{"type":"Polygon","coordinates":[[[13.461,56.428],[13.455,56.424],[13.439,56.419],[13.405,56.416],[13.396,56.414],[13.386,56.415],[13.375,56.409],[13.347,56.391],[13.339,56.389],[13.317,56.388],[13.305,56.385],[13.297,56.381],[13.293,56.38],[13.251,56.358],[13.255,56.353],[13.253,56.349],[13.229,56.332],[13.216,56.327],[13.196,56.324],[13.198,56.316],[13.196,56.313],[13.199,56.31],[13.196,56.308],[13.189,56.3],[13.179,56.291],[13.172,56.283],[13.146,56.267],[13.135,56.262],[13.125,56.264],[13.118,56.259],[13.129,56.258],[13.136,56.256],[13.147,56.253],[13.143,56.25],[13.122,56.244],[13.128,56.239],[13.123,56.235],[13.121,56.232],[13.131,56.227],[13.146,56.222],[13.162,56.213],[13.162,56.209],[13.168,56.208],[13.181,56.211],[13.184,56.209],[13.179,56.206],[13.178,56.198],[13.183,56.198],[13.199,56.194],[13.207,56.195],[13.208,56.198],[13.221,56.2],[13.223,56.206],[13.22,56.211],[13.233,56.218],[13.258,56.215],[13.272,56.215],[13.278,56.219],[13.276,56.222],[13.279,56.226],[13.288,56.23],[13.293,56.231],[13.3,56.236],[13.308,56.24],[13.316,56.246],[13.321,56.246],[13.329,56.252],[13.324,56.255],[13.333,56.256],[13.347,56.269],[13.385,56.268],[13.418,56.266],[13.423,56.266],[13.432,56.278],[13.432,56.291],[13.445,56.292],[13.453,56.3],[13.455,56.305],[13.46,56.307],[13.467,56.305],[13.483,56.304],[13.49,56.298],[13.493,56.292],[13.503,56.294],[13.497,56.302],[13.515,56.307],[13.512,56.313],[13.506,56.331],[13.496,56.347],[13.501,56.347],[13.509,56.35],[13.51,56.354],[13.521,56.375],[13.523,56.376],[13.579,56.395],[13.578,56.406],[13.581,56.409],[13.571,56.41],[13.55,56.404],[13.543,56.404],[13.532,56.407],[13.529,56.409],[13.521,56.412],[13.512,56.411],[13.511,56.41],[13.501,56.406],[13.487,56.415],[13.472,56.422],[13.472,56.425],[13.461,56.428]]]}},{"type":"Feature","properties":{"id":935450,"maakond_id":410,"name":"Höörs kommun","bbox":[13.374,55.778,13.67,56.089]},"geometry":{"type":"Polygon","coordinates":[[[13.381,56.001],[13.389,55.991],[13.376,55.975],[13.387,55.969],[13.389,55.965],[13.385,55.963],[13.376,55.95],[13.374,55.949],[13.381,55.941],[13.378,55.941],[13.376,55.936],[13.386,55.938],[13.389,55.941],[13.4,55.943],[13.401,55.938],[13.398,55.934],[13.408,55.93],[13.41,55.931],[13.427,55.928],[13.431,55.925],[13.439,55.923],[13.442,55.919],[13.441,55.914],[13.442,55.912],[13.46,55.897],[13.435,55.891],[13.428,55.889],[13.43,55.883],[13.422,55.881],[13.426,55.873],[13.443,55.868],[13.436,55.858],[13.437,55.835],[13.441,55.834],[13.437,55.828],[13.437,55.825],[13.425,55.828],[13.422,55.826],[13.428,55.819],[13.444,55.823],[13.445,55.817],[13.448,55.814],[13.449,55.807],[13.46,55.806],[13.459,55.804],[13.462,55.799],[13.462,55.795],[13.478,55.794],[13.477,55.783],[13.486,55.783],[13.489,55.786],[13.506,55.778],[13.511,55.778],[13.523,55.784],[13.52,55.787],[13.527,55.791],[13.514,55.79],[13.509,55.794],[13.516,55.803],[13.525,55.808],[13.52,55.811],[13.545,55.82],[13.555,55.821],[13.553,55.823],[13.553,55.829],[13.556,55.83],[13.558,55.839],[13.556,55.844],[13.545,55.868],[13.56,55.879],[13.548,55.893],[13.563,55.902],[13.568,55.901],[13.575,55.901],[13.575,55.904],[13.579,55.906],[13.579,55.91],[13.593,55.918],[13.615,55.928],[13.611,55.931],[13.611,55.934],[13.617,55.942],[13.617,55.95],[13.62,55.956],[13.622,55.973],[13.626,55.977],[13.643,55.977],[13.645,55.98],[13.659,55.983],[13.658,55.987],[13.654,55.992],[13.652,55.996],[13.664,56.002],[13.67,56.004],[13.661,56.012],[13.658,56.017],[13.649,56.021],[13.656,56.027],[13.659,56.028],[13.664,56.034],[13.658,56.034],[13.642,56.031],[13.64,56.032],[13.649,56.038],[13.641,56.045],[13.634,56.039],[13.601,56.044],[13.595,56.047],[13.588,56.046],[13.584,56.048],[13.585,56.054],[13.562,56.062],[13.569,56.071],[13.559,56.086],[13.542,56.089],[13.536,56.088],[13.523,56.089],[13.513,56.069],[13.509,56.064],[13.5,56.061],[13.496,56.055],[13.485,56.057],[13.475,56.06],[13.464,56.056],[13.465,56.049],[13.462,56.043],[13.455,56.037],[13.456,56.036],[13.446,56.033],[13.444,56.028],[13.445,56.021],[13.434,56.013],[13.433,56.008],[13.426,56.009],[13.41,56.008],[13.403,56.009],[13.391,56.011],[13.381,56.001]]]}},{"type":"Feature","properties":{"id":935451,"maakond_id":410,"name":"Vellinge kommun","bbox":[12.609,55.148,13.18,55.524]},"geometry":{"type":"Polygon","coordinates":[[[12.981,55.163],[12.968,55.341],[13.014,55.384],[13.026,55.394],[13.018,55.397],[13.023,55.402],[13.032,55.4],[13.032,55.404],[13.043,55.404],[13.045,55.408],[13.046,55.418],[13.065,55.421],[13.063,55.426],[13.052,55.431],[13.053,55.44],[13.055,55.445],[13.054,55.452],[13.051,55.459],[13.06,55.461],[13.064,55.463],[13.068,55.461],[13.106,55.463],[13.109,55.458],[13.113,55.458],[13.118,55.455],[13.119,55.451],[13.122,55.451],[13.137,55.452],[13.137,55.455],[13.142,55.46],[13.143,55.462],[13.15,55.468],[13.157,55.472],[13.166,55.473],[13.172,55.476],[13.176,55.475],[13.17,55.479],[13.18,55.483],[13.176,55.487],[13.161,55.486],[13.148,55.488],[13.14,55.49],[13.137,55.492],[13.131,55.503],[13.132,55.507],[13.125,55.509],[13.114,55.512],[13.106,55.521],[13.107,55.524],[13.097,55.523],[13.083,55.523],[13.065,55.522],[13.053,55.522],[13.048,55.515],[13.033,55.512],[13.034,55.511],[13.018,55.508],[13.009,55.506],[12.991,55.508],[12.976,55.508],[12.976,55.507],[12.957,55.505],[12.944,55.507],[12.941,55.506],[12.906,55.491],[12.903,55.491],[12.879,55.481],[12.717,55.5],[12.714,55.489],[12.609,55.431],[12.641,55.337],[12.694,55.35],[12.695,55.348],[12.694,55.335],[12.695,55.328],[12.697,55.321],[12.703,55.311],[12.712,55.302],[12.719,55.296],[12.791,55.244],[12.923,55.148],[12.941,55.152],[12.963,55.158],[12.981,55.163]]]}},{"type":"Feature","properties":{"id":935453,"maakond_id":412,"name":"Vänersborgs kommun","bbox":[12.071,58.257,12.743,58.636]},"geometry":{"type":"Polygon","coordinates":[[[12.071,58.439],[12.08,58.433],[12.086,58.429],[12.091,58.425],[12.103,58.418],[12.104,58.418],[12.129,58.41],[12.138,58.406],[12.147,58.404],[12.155,58.397],[12.155,58.39],[12.15,58.389],[12.15,58.386],[12.131,58.37],[12.13,58.367],[12.123,58.368],[12.117,58.365],[12.116,58.358],[12.11,58.356],[12.106,58.351],[12.106,58.344],[12.109,58.342],[12.109,58.339],[12.113,58.336],[12.114,58.331],[12.122,58.325],[12.117,58.323],[12.118,58.32],[12.112,58.316],[12.111,58.313],[12.105,58.314],[12.103,58.311],[12.112,58.306],[12.118,58.305],[12.127,58.307],[12.136,58.308],[12.145,58.314],[12.15,58.314],[12.155,58.317],[12.162,58.317],[12.168,58.311],[12.173,58.312],[12.184,58.309],[12.186,58.307],[12.199,58.308],[12.199,58.311],[12.218,58.319],[12.224,58.324],[12.235,58.323],[12.239,58.324],[12.243,58.327],[12.254,58.33],[12.263,58.329],[12.264,58.331],[12.273,58.325],[12.277,58.324],[12.291,58.34],[12.3,58.341],[12.309,58.334],[12.308,58.327],[12.315,58.322],[12.323,58.319],[12.325,58.324],[12.333,58.324],[12.344,58.32],[12.347,58.318],[12.347,58.309],[12.341,58.305],[12.347,58.302],[12.352,58.298],[12.368,58.293],[12.374,58.29],[12.376,58.272],[12.367,58.261],[12.381,58.258],[12.383,58.257],[12.409,58.267],[12.418,58.269],[12.419,58.274],[12.423,58.278],[12.43,58.28],[12.437,58.282],[12.445,58.289],[12.462,58.29],[12.465,58.291],[12.484,58.297],[12.498,58.298],[12.509,58.302],[12.525,58.31],[12.528,58.313],[12.524,58.313],[12.508,58.307],[12.494,58.303],[12.479,58.306],[12.479,58.316],[12.466,58.337],[12.476,58.335],[12.482,58.337],[12.484,58.34],[12.481,58.344],[12.473,58.343],[12.459,58.339],[12.444,58.34],[12.441,58.343],[12.454,58.351],[12.457,58.358],[12.492,58.367],[12.515,58.376],[12.52,58.375],[12.526,58.376],[12.542,58.373],[12.554,58.372],[12.575,58.375],[12.588,58.383],[12.613,58.395],[12.629,58.406],[12.646,58.413],[12.656,58.422],[12.648,58.442],[12.644,58.449],[12.665,58.462],[12.717,58.494],[12.743,58.568],[12.627,58.538],[12.569,58.505],[12.532,58.525],[12.514,58.536],[12.514,58.54],[12.504,58.542],[12.494,58.548],[12.496,58.55],[12.487,58.555],[12.474,58.557],[12.477,58.562],[12.468,58.565],[12.465,58.568],[12.459,58.566],[12.456,58.568],[12.449,58.569],[12.441,58.573],[12.435,58.574],[12.432,58.576],[12.42,58.576],[12.417,58.573],[12.406,58.572],[12.392,58.574],[12.395,58.579],[12.364,58.589],[12.358,58.589],[12.345,58.595],[12.327,58.599],[12.327,58.601],[12.301,58.609],[12.283,58.613],[12.261,58.616],[12.248,58.62],[12.224,58.625],[12.193,58.633],[12.176,58.636],[12.17,58.636],[12.165,58.624],[12.134,58.6],[12.131,58.577],[12.128,58.567],[12.124,58.562],[12.121,58.547],[12.122,58.537],[12.124,58.534],[12.121,58.527],[12.12,58.515],[12.117,58.504],[12.093,58.499],[12.092,58.496],[12.089,58.48],[12.08,58.48],[12.077,58.475],[12.08,58.471],[12.077,58.458],[12.075,58.448],[12.071,58.439]]]}},{"type":"Feature","properties":{"id":935454,"maakond_id":405,"name":"Vetlanda kommun","bbox":[14.774,57.133,15.655,57.597]},"geometry":{"type":"Polygon","coordinates":[[[15.064,57.181],[15.068,57.186],[15.076,57.188],[15.077,57.194],[15.081,57.196],[15.088,57.195],[15.101,57.195],[15.106,57.191],[15.115,57.19],[15.119,57.191],[15.127,57.19],[15.129,57.186],[15.135,57.183],[15.146,57.175],[15.15,57.179],[15.154,57.181],[15.155,57.196],[15.153,57.198],[15.152,57.204],[15.15,57.207],[15.151,57.211],[15.147,57.215],[15.145,57.219],[15.142,57.219],[15.14,57.225],[15.133,57.227],[15.127,57.227],[15.121,57.23],[15.128,57.233],[15.13,57.238],[15.139,57.237],[15.154,57.231],[15.156,57.227],[15.162,57.225],[15.167,57.23],[15.181,57.225],[15.177,57.221],[15.183,57.217],[15.185,57.212],[15.196,57.208],[15.211,57.212],[15.215,57.216],[15.222,57.219],[15.234,57.23],[15.241,57.221],[15.247,57.222],[15.251,57.226],[15.264,57.22],[15.279,57.221],[15.281,57.224],[15.291,57.222],[15.302,57.224],[15.305,57.222],[15.311,57.223],[15.317,57.221],[15.318,57.225],[15.327,57.224],[15.33,57.227],[15.335,57.228],[15.342,57.226],[15.358,57.226],[15.367,57.227],[15.38,57.227],[15.393,57.225],[15.402,57.226],[15.403,57.223],[15.41,57.221],[15.412,57.22],[15.427,57.219],[15.436,57.215],[15.443,57.214],[15.445,57.217],[15.457,57.214],[15.464,57.215],[15.467,57.213],[15.482,57.212],[15.493,57.208],[15.499,57.204],[15.51,57.201],[15.515,57.202],[15.513,57.206],[15.52,57.211],[15.524,57.22],[15.526,57.222],[15.526,57.226],[15.523,57.231],[15.523,57.235],[15.516,57.242],[15.517,57.244],[15.506,57.248],[15.499,57.25],[15.489,57.249],[15.473,57.261],[15.46,57.267],[15.458,57.27],[15.473,57.271],[15.473,57.276],[15.474,57.279],[15.482,57.279],[15.477,57.284],[15.476,57.287],[15.47,57.291],[15.468,57.301],[15.47,57.307],[15.477,57.309],[15.481,57.308],[15.489,57.312],[15.496,57.309],[15.505,57.31],[15.513,57.307],[15.513,57.315],[15.512,57.32],[15.515,57.324],[15.513,57.328],[15.515,57.334],[15.522,57.34],[15.517,57.343],[15.51,57.351],[15.514,57.355],[15.512,57.361],[15.516,57.364],[15.508,57.368],[15.499,57.371],[15.498,57.374],[15.507,57.38],[15.517,57.382],[15.524,57.384],[15.521,57.391],[15.52,57.401],[15.524,57.406],[15.521,57.41],[15.509,57.412],[15.499,57.411],[15.497,57.416],[15.496,57.43],[15.502,57.441],[15.504,57.45],[15.505,57.457],[15.514,57.456],[15.525,57.457],[15.527,57.459],[15.535,57.461],[15.548,57.465],[15.549,57.468],[15.562,57.463],[15.561,57.457],[15.57,57.455],[15.574,57.449],[15.583,57.448],[15.594,57.443],[15.597,57.435],[15.605,57.436],[15.61,57.44],[15.614,57.441],[15.62,57.454],[15.616,57.462],[15.619,57.465],[15.618,57.47],[15.62,57.475],[15.619,57.48],[15.622,57.486],[15.627,57.491],[15.632,57.492],[15.651,57.499],[15.655,57.501],[15.652,57.505],[15.647,57.506],[15.638,57.513],[15.635,57.521],[15.635,57.527],[15.616,57.538],[15.617,57.542],[15.609,57.543],[15.604,57.543],[15.593,57.548],[15.586,57.547],[15.577,57.548],[15.562,57.548],[15.555,57.553],[15.544,57.553],[15.526,57.56],[15.516,57.562],[15.509,57.559],[15.495,57.557],[15.495,57.551],[15.494,57.548],[15.503,57.545],[15.507,57.542],[15.512,57.534],[15.507,57.532],[15.501,57.526],[15.481,57.537],[15.477,57.538],[15.469,57.535],[15.456,57.527],[15.451,57.524],[15.444,57.519],[15.448,57.517],[15.447,57.514],[15.449,57.509],[15.443,57.508],[15.423,57.512],[15.404,57.511],[15.403,57.506],[15.39,57.505],[15.386,57.508],[15.366,57.498],[15.365,57.493],[15.352,57.5],[15.338,57.503],[15.331,57.508],[15.321,57.509],[15.31,57.515],[15.303,57.516],[15.298,57.514],[15.286,57.513],[15.271,57.508],[15.264,57.512],[15.259,57.511],[15.254,57.514],[15.251,57.518],[15.243,57.517],[15.232,57.521],[15.228,57.521],[15.226,57.524],[15.23,57.527],[15.227,57.532],[15.221,57.529],[15.22,57.526],[15.212,57.522],[15.203,57.524],[15.189,57.521],[15.19,57.52],[15.181,57.516],[15.167,57.515],[15.156,57.512],[15.151,57.509],[15.145,57.508],[15.137,57.509],[15.118,57.508],[15.104,57.512],[15.083,57.516],[15.07,57.517],[15.061,57.526],[15.049,57.531],[15.033,57.539],[15.023,57.544],[15.013,57.541],[14.992,57.536],[14.985,57.535],[14.965,57.535],[14.959,57.542],[14.95,57.548],[14.955,57.556],[14.956,57.566],[14.954,57.571],[14.941,57.574],[14.935,57.576],[14.931,57.582],[14.926,57.582],[14.916,57.585],[14.908,57.584],[14.9,57.587],[14.894,57.587],[14.88,57.59],[14.87,57.591],[14.866,57.597],[14.86,57.593],[14.867,57.587],[14.862,57.582],[14.863,57.576],[14.859,57.574],[14.852,57.574],[14.845,57.579],[14.843,57.571],[14.844,57.562],[14.847,57.551],[14.858,57.533],[14.86,57.531],[14.857,57.52],[14.861,57.519],[14.861,57.512],[14.847,57.511],[14.855,57.506],[14.851,57.5],[14.853,57.496],[14.841,57.495],[14.84,57.493],[14.84,57.485],[14.836,57.483],[14.835,57.475],[14.824,57.475],[14.829,57.472],[14.831,57.469],[14.843,57.472],[14.847,57.467],[14.838,57.465],[14.835,57.452],[14.834,57.444],[14.83,57.438],[14.827,57.436],[14.83,57.424],[14.826,57.421],[14.828,57.418],[14.824,57.412],[14.816,57.41],[14.819,57.404],[14.817,57.397],[14.822,57.379],[14.825,57.366],[14.828,57.358],[14.828,57.352],[14.821,57.344],[14.82,57.339],[14.814,57.334],[14.813,57.33],[14.806,57.325],[14.802,57.324],[14.808,57.319],[14.816,57.317],[14.812,57.312],[14.808,57.31],[14.807,57.303],[14.801,57.3],[14.809,57.288],[14.803,57.278],[14.805,57.276],[14.802,57.273],[14.789,57.27],[14.784,57.265],[14.78,57.262],[14.782,57.257],[14.779,57.254],[14.774,57.251],[14.78,57.248],[14.786,57.239],[14.778,57.232],[14.781,57.23],[14.79,57.227],[14.79,57.225],[14.811,57.22],[14.824,57.214],[14.831,57.208],[14.834,57.208],[14.836,57.202],[14.841,57.203],[14.849,57.2],[14.854,57.2],[14.861,57.199],[14.87,57.198],[14.876,57.194],[14.879,57.187],[14.891,57.177],[14.887,57.174],[14.884,57.167],[14.892,57.164],[14.89,57.162],[14.899,57.142],[14.903,57.139],[14.902,57.136],[14.912,57.134],[14.922,57.135],[14.924,57.133],[14.936,57.136],[14.949,57.136],[14.951,57.137],[14.96,57.135],[14.967,57.135],[14.969,57.136],[14.98,57.136],[14.999,57.142],[14.997,57.145],[15.009,57.156],[15.011,57.164],[15.021,57.165],[15.025,57.167],[15.038,57.163],[15.04,57.168],[15.044,57.171],[15.045,57.174],[15.053,57.175],[15.056,57.178],[15.064,57.181]]]}},{"type":"Feature","properties":{"id":935455,"maakond_id":418,"name":"Örnsköldsviks kommun","bbox":[17.177,62.834,19.608,63.996]},"geometry":{"type":"Polygon","coordinates":[[[17.993,63.205],[18.007,63.202],[18.054,63.19],[18.055,63.186],[18.103,63.176],[18.171,63.162],[18.226,63.15],[18.303,63.134],[18.398,63.113],[18.495,63.084],[18.514,63.084],[18.52,63.086],[18.552,63.068],[18.575,63.064],[18.601,63.031],[18.575,63.001],[18.584,62.974],[18.656,62.949],[18.977,62.837],[18.986,62.834],[19.098,62.896],[19.191,62.948],[19.332,63.025],[19.41,63.068],[19.428,63.076],[19.608,63.102],[19.406,63.333],[19.312,63.435],[19.286,63.463],[19.293,63.468],[19.287,63.47],[19.223,63.538],[19.191,63.572],[19.182,63.598],[19.134,63.631],[19.098,63.655],[19.078,63.67],[19.044,63.689],[19.016,63.716],[18.997,63.731],[18.971,63.734],[18.951,63.729],[18.962,63.76],[18.941,63.769],[18.901,63.783],[18.82,63.773],[18.801,63.781],[18.807,63.788],[18.757,63.81],[18.722,63.806],[18.703,63.81],[18.702,63.816],[18.685,63.819],[18.684,63.82],[18.638,63.826],[18.594,63.823],[18.485,63.843],[18.482,63.856],[18.473,63.863],[18.479,63.866],[18.454,63.886],[18.44,63.893],[18.426,63.909],[18.43,63.915],[18.426,63.92],[18.408,63.922],[18.406,63.927],[18.418,63.93],[18.42,63.934],[18.432,63.933],[18.439,63.935],[18.456,63.932],[18.465,63.932],[18.463,63.944],[18.468,63.951],[18.474,63.953],[18.476,63.96],[18.474,63.965],[18.462,63.976],[18.454,63.978],[18.455,63.98],[18.446,63.983],[18.427,63.991],[18.408,63.995],[18.406,63.996],[18.315,63.981],[18.23,63.967],[18.059,63.939],[17.993,63.928],[17.956,63.922],[17.914,63.914],[17.874,63.907],[17.833,63.899],[17.798,63.892],[17.733,63.88],[17.631,63.887],[17.532,63.893],[17.437,63.9],[17.342,63.907],[17.261,63.914],[17.255,63.895],[17.336,63.889],[17.328,63.87],[17.325,63.869],[17.193,63.885],[17.182,63.879],[17.181,63.871],[17.177,63.869],[17.193,63.851],[17.181,63.827],[17.21,63.82],[17.202,63.815],[17.247,63.81],[17.276,63.802],[17.271,63.795],[17.212,63.772],[17.215,63.761],[17.22,63.734],[17.224,63.707],[17.306,63.74],[17.336,63.694],[17.264,63.644],[17.289,63.623],[17.269,63.613],[17.268,63.61],[17.28,63.608],[17.301,63.613],[17.344,63.576],[17.326,63.574],[17.27,63.564],[17.259,63.559],[17.255,63.558],[17.251,63.554],[17.293,63.53],[17.28,63.503],[17.28,63.48],[17.335,63.491],[17.417,63.509],[17.418,63.501],[17.42,63.462],[17.428,63.44],[17.433,63.425],[17.453,63.386],[17.45,63.385],[17.458,63.381],[17.474,63.384],[17.475,63.364],[17.476,63.34],[17.546,63.326],[17.535,63.296],[17.594,63.287],[17.692,63.273],[17.755,63.264],[17.803,63.258],[17.836,63.275],[17.838,63.275],[17.89,63.253],[17.971,63.22],[18,63.208],[17.993,63.205]]]}},{"type":"Feature","properties":{"id":935457,"maakond_id":419,"name":"Bräcke kommun","bbox":[14.769,62.559,16.494,63.148]},"geometry":{"type":"Polygon","coordinates":[[[14.79,62.74],[14.858,62.713],[14.866,62.704],[14.861,62.681],[14.872,62.662],[14.885,62.638],[14.917,62.598],[14.967,62.601],[15.094,62.584],[15.105,62.577],[15.128,62.559],[15.245,62.6],[15.413,62.611],[15.517,62.617],[15.61,62.631],[15.64,62.635],[15.707,62.651],[15.767,62.664],[15.883,62.694],[15.965,62.713],[16.075,62.7],[16.113,62.695],[16.13,62.691],[16.246,62.71],[16.37,62.696],[16.405,62.749],[16.419,62.771],[16.494,62.808],[16.447,62.887],[16.437,62.904],[16.395,62.932],[16.421,62.944],[16.446,62.999],[16.42,63.02],[16.397,63.036],[16.326,63.058],[16.289,63.06],[16.165,63.076],[16.157,63.081],[16.13,63.085],[16.077,63.069],[16.032,63.09],[16.008,63.082],[15.997,63.049],[15.965,63.052],[15.934,63.085],[15.905,63.083],[15.898,63.082],[15.813,63.063],[15.806,63.065],[15.792,63.072],[15.79,63.074],[15.725,63.063],[15.707,63.041],[15.692,63.043],[15.61,63.077],[15.547,63.071],[15.501,63.068],[15.46,63.098],[15.425,63.123],[15.387,63.13],[15.318,63.144],[15.301,63.132],[15.259,63.098],[15.247,63.101],[15.227,63.117],[15.184,63.135],[15.172,63.146],[15.154,63.148],[15.149,63.147],[15.147,63.142],[15.14,63.142],[15.123,63.147],[15.105,63.147],[15.1,63.148],[15.129,63.091],[15.131,63.085],[15.116,63.057],[15.082,63.062],[15.043,63.064],[15.035,63.058],[15.009,63.042],[15.017,63.032],[15.031,63.017],[15.038,63.013],[15.05,62.997],[15.053,62.989],[15.046,62.985],[15.039,62.976],[15.031,62.97],[15.02,62.967],[15.012,62.962],[15.005,62.964],[15.003,62.967],[14.993,62.969],[14.985,62.971],[14.981,62.964],[14.972,62.959],[14.971,62.956],[14.963,62.952],[14.972,62.946],[14.983,62.941],[15.001,62.94],[14.998,62.936],[14.988,62.931],[14.969,62.92],[14.922,62.905],[14.89,62.923],[14.855,62.926],[14.794,62.933],[14.773,62.913],[14.781,62.892],[14.793,62.858],[14.808,62.827],[14.814,62.811],[14.769,62.81],[14.787,62.792],[14.817,62.764],[14.781,62.758],[14.769,62.748],[14.79,62.74]]]}},{"type":"Feature","properties":{"id":935460,"maakond_id":403,"name":"Trosa kommun","bbox":[17.356,58.471,17.951,58.995]},"geometry":{"type":"MultiPolygon","coordinates":[[[[17.875,58.471],[17.951,58.489],[17.95,58.49],[17.795,58.671],[17.787,58.778],[17.725,58.798],[17.718,58.815],[17.67,58.826],[17.652,58.86],[17.661,58.867],[17.651,58.875],[17.655,58.893],[17.64,58.899],[17.632,58.903],[17.636,58.908],[17.626,58.925],[17.623,58.933],[17.625,58.935],[17.597,58.944],[17.59,58.944],[17.578,58.948],[17.57,58.952],[17.562,58.951],[17.557,58.954],[17.558,58.958],[17.55,58.963],[17.548,58.967],[17.543,58.968],[17.543,58.971],[17.554,58.983],[17.537,58.982],[17.517,58.983],[17.512,58.981],[17.5,58.986],[17.49,58.987],[17.481,58.989],[17.476,58.987],[17.443,58.995],[17.447,58.99],[17.443,58.985],[17.439,58.981],[17.43,58.98],[17.424,58.982],[17.42,58.982],[17.412,58.983],[17.394,58.982],[17.383,58.985],[17.375,58.982],[17.386,58.975],[17.386,58.972],[17.391,58.966],[17.4,58.961],[17.399,58.957],[17.409,58.949],[17.411,58.945],[17.404,58.945],[17.385,58.934],[17.386,58.93],[17.38,58.914],[17.388,58.907],[17.392,58.893],[17.388,58.89],[17.389,58.883],[17.373,58.875],[17.358,58.871],[17.358,58.847],[17.356,58.841],[17.364,58.83],[17.382,58.829],[17.382,58.826],[17.388,58.822],[17.398,58.828],[17.399,58.822],[17.41,58.819],[17.416,58.816],[17.42,58.812],[17.424,58.811],[17.429,58.807],[17.426,58.806],[17.43,58.794],[17.428,58.775],[17.435,58.773],[17.465,58.78],[17.468,58.784],[17.484,58.775],[17.484,58.772],[17.523,58.76],[17.571,58.741],[17.574,58.692],[17.615,58.676],[17.875,58.471]]],[[[17.365,58.817],[17.374,58.815],[17.374,58.819],[17.377,58.824],[17.373,58.824],[17.363,58.821],[17.358,58.816],[17.365,58.817]]]]}},{"type":"Feature","properties":{"id":935461,"maakond_id":413,"name":"Kristinehamns kommun","bbox":[13.589,59.012,14.34,59.489]},"geometry":{"type":"Polygon","coordinates":[[[14.018,59.488],[14.012,59.481],[14.016,59.476],[14.012,59.472],[14.017,59.471],[14.01,59.466],[14.01,59.458],[14.009,59.455],[14.001,59.453],[14.006,59.45],[13.997,59.445],[13.989,59.444],[13.984,59.438],[13.98,59.44],[13.971,59.439],[13.967,59.436],[13.965,59.427],[13.955,59.423],[13.944,59.424],[13.931,59.424],[13.915,59.407],[13.917,59.406],[13.893,59.389],[13.89,59.386],[13.878,59.381],[13.871,59.38],[13.869,59.374],[13.871,59.368],[13.869,59.363],[13.873,59.356],[13.874,59.35],[13.88,59.347],[13.885,59.341],[13.839,59.311],[13.831,59.308],[13.816,59.296],[13.797,59.305],[13.788,59.302],[13.792,59.284],[13.735,59.255],[13.589,59.059],[13.958,59.032],[14.044,59.029],[14.033,59.037],[14.038,59.043],[14.048,59.045],[14.063,59.045],[14.075,59.05],[14.082,59.048],[14.099,59.048],[14.119,59.05],[14.13,59.049],[14.142,59.052],[14.153,59.049],[14.164,59.047],[14.172,59.042],[14.18,59.041],[14.224,59.045],[14.232,59.029],[14.265,59.016],[14.298,59.012],[14.323,59.063],[14.337,59.073],[14.336,59.078],[14.34,59.084],[14.34,59.092],[14.338,59.097],[14.296,59.127],[14.301,59.136],[14.298,59.147],[14.293,59.151],[14.29,59.159],[14.291,59.173],[14.291,59.183],[14.296,59.196],[14.295,59.205],[14.289,59.214],[14.289,59.227],[14.291,59.231],[14.308,59.249],[14.306,59.258],[14.308,59.272],[14.312,59.28],[14.306,59.284],[14.307,59.288],[14.319,59.303],[14.318,59.304],[14.325,59.318],[14.315,59.32],[14.265,59.332],[14.261,59.34],[14.25,59.348],[14.244,59.35],[14.245,59.354],[14.242,59.358],[14.23,59.357],[14.229,59.356],[14.211,59.361],[14.215,59.369],[14.231,59.399],[14.232,59.404],[14.244,59.411],[14.252,59.412],[14.263,59.421],[14.257,59.427],[14.25,59.43],[14.246,59.439],[14.24,59.442],[14.231,59.442],[14.228,59.437],[14.227,59.428],[14.218,59.423],[14.177,59.439],[14.162,59.446],[14.156,59.44],[14.148,59.436],[14.137,59.451],[14.138,59.455],[14.136,59.458],[14.142,59.461],[14.134,59.463],[14.129,59.46],[14.108,59.465],[14.079,59.478],[14.035,59.481],[14.019,59.489],[14.018,59.488]]]}},{"type":"Feature","properties":{"id":935463,"maakond_id":412,"name":"Mölndals kommun","bbox":[11.949,57.546,12.277,57.678]},"geometry":{"type":"Polygon","coordinates":[[[12.057,57.678],[12.049,57.676],[12.042,57.676],[12.037,57.675],[12.023,57.676],[12.017,57.677],[11.998,57.678],[11.972,57.677],[11.966,57.673],[11.969,57.671],[11.96,57.667],[11.949,57.664],[11.956,57.655],[11.954,57.652],[11.96,57.649],[11.961,57.642],[11.963,57.638],[11.963,57.634],[11.976,57.622],[11.989,57.606],[11.992,57.604],[12.002,57.599],[11.999,57.596],[11.999,57.585],[12.009,57.57],[12.004,57.567],[11.997,57.568],[11.988,57.565],[11.991,57.562],[11.999,57.559],[12.007,57.552],[12.013,57.546],[12.029,57.55],[12.046,57.552],[12.051,57.55],[12.078,57.552],[12.085,57.553],[12.095,57.556],[12.087,57.559],[12.1,57.562],[12.103,57.56],[12.16,57.566],[12.176,57.567],[12.208,57.574],[12.227,57.581],[12.247,57.587],[12.277,57.598],[12.273,57.606],[12.271,57.61],[12.246,57.619],[12.225,57.627],[12.173,57.629],[12.167,57.634],[12.16,57.633],[12.149,57.633],[12.142,57.634],[12.136,57.633],[12.132,57.629],[12.124,57.629],[12.114,57.626],[12.113,57.623],[12.1,57.623],[12.097,57.626],[12.099,57.632],[12.075,57.636],[12.08,57.645],[12.072,57.648],[12.074,57.651],[12.082,57.658],[12.077,57.66],[12.07,57.666],[12.073,57.667],[12.07,57.672],[12.057,57.678]]]}},{"type":"Feature","properties":{"id":935464,"maakond_id":404,"name":"Åtvidabergs kommun","bbox":[15.797,58.062,16.45,58.374]},"geometry":{"type":"Polygon","coordinates":[[[16.398,58.129],[16.398,58.141],[16.395,58.148],[16.411,58.147],[16.413,58.155],[16.405,58.161],[16.41,58.161],[16.406,58.171],[16.399,58.174],[16.398,58.179],[16.409,58.185],[16.418,58.191],[16.424,58.192],[16.437,58.19],[16.428,58.182],[16.433,58.179],[16.444,58.192],[16.437,58.195],[16.444,58.197],[16.444,58.2],[16.433,58.21],[16.447,58.216],[16.45,58.216],[16.448,58.224],[16.44,58.228],[16.432,58.235],[16.424,58.238],[16.409,58.242],[16.397,58.247],[16.387,58.253],[16.365,58.259],[16.354,58.262],[16.327,58.272],[16.321,58.265],[16.312,58.266],[16.311,58.285],[16.313,58.293],[16.302,58.301],[16.301,58.306],[16.278,58.31],[16.268,58.314],[16.251,58.316],[16.23,58.317],[16.214,58.312],[16.202,58.318],[16.189,58.318],[16.192,58.325],[16.178,58.331],[16.165,58.334],[16.158,58.338],[16.15,58.339],[16.142,58.344],[16.132,58.346],[16.122,58.351],[16.115,58.352],[16.105,58.356],[16.098,58.356],[16.085,58.353],[16.076,58.364],[16.075,58.372],[16.057,58.374],[16.05,58.372],[16.035,58.37],[16.02,58.365],[16.013,58.366],[15.997,58.365],[15.997,58.361],[15.976,58.354],[15.968,58.35],[15.959,58.35],[15.953,58.348],[15.951,58.345],[15.963,58.343],[15.963,58.341],[15.943,58.339],[15.934,58.335],[15.929,58.336],[15.913,58.343],[15.908,58.346],[15.902,58.346],[15.895,58.342],[15.886,58.333],[15.881,58.334],[15.865,58.329],[15.851,58.329],[15.843,58.326],[15.842,58.324],[15.83,58.319],[15.821,58.317],[15.82,58.312],[15.81,58.316],[15.807,58.311],[15.802,58.308],[15.81,58.302],[15.814,58.301],[15.816,58.293],[15.813,58.291],[15.797,58.286],[15.807,58.281],[15.808,58.278],[15.817,58.278],[15.832,58.27],[15.835,58.263],[15.827,58.259],[15.823,58.259],[15.82,58.25],[15.828,58.245],[15.838,58.229],[15.833,58.222],[15.828,58.212],[15.828,58.21],[15.815,58.206],[15.819,58.197],[15.837,58.199],[15.846,58.195],[15.862,58.197],[15.88,58.189],[15.889,58.179],[15.895,58.171],[15.898,58.164],[15.919,58.163],[15.944,58.153],[15.951,58.147],[15.969,58.14],[15.973,58.134],[15.975,58.126],[15.98,58.122],[15.978,58.117],[15.98,58.115],[15.995,58.118],[16.008,58.106],[16.024,58.105],[16.031,58.102],[16.039,58.101],[16.015,58.086],[16.022,58.08],[16.027,58.074],[16.037,58.073],[16.07,58.07],[16.082,58.072],[16.099,58.079],[16.108,58.082],[16.12,58.086],[16.129,58.086],[16.149,58.062],[16.158,58.062],[16.178,58.064],[16.163,58.09],[16.167,58.099],[16.177,58.11],[16.191,58.104],[16.204,58.105],[16.212,58.108],[16.213,58.117],[16.239,58.132],[16.241,58.136],[16.265,58.142],[16.284,58.137],[16.295,58.132],[16.303,58.125],[16.318,58.121],[16.333,58.117],[16.355,58.127],[16.363,58.13],[16.386,58.134],[16.392,58.129],[16.398,58.129]]]}},{"type":"Feature","properties":{"id":935465,"maakond_id":413,"name":"Arvika kommun","bbox":[12.276,59.385,13.093,60.137]},"geometry":{"type":"Polygon","coordinates":[[[12.45,60.04],[12.454,60.038],[12.451,60.032],[12.462,60.025],[12.459,60.02],[12.462,60.015],[12.468,60.009],[12.464,60.007],[12.472,59.988],[12.475,59.987],[12.481,59.98],[12.479,59.969],[12.478,59.961],[12.474,59.952],[12.476,59.95],[12.465,59.94],[12.458,59.937],[12.466,59.935],[12.472,59.929],[12.425,59.914],[12.442,59.891],[12.452,59.862],[12.454,59.853],[12.458,59.846],[12.479,59.83],[12.493,59.817],[12.489,59.81],[12.463,59.805],[12.455,59.803],[12.449,59.804],[12.442,59.803],[12.433,59.799],[12.42,59.797],[12.416,59.795],[12.399,59.785],[12.379,59.78],[12.377,59.778],[12.382,59.769],[12.374,59.764],[12.376,59.76],[12.375,59.756],[12.369,59.756],[12.364,59.753],[12.354,59.753],[12.35,59.75],[12.353,59.745],[12.345,59.74],[12.336,59.737],[12.33,59.725],[12.329,59.72],[12.342,59.716],[12.344,59.712],[12.345,59.705],[12.335,59.701],[12.327,59.699],[12.319,59.686],[12.319,59.676],[12.305,59.662],[12.31,59.657],[12.309,59.649],[12.298,59.645],[12.277,59.645],[12.285,59.63],[12.294,59.61],[12.3,59.611],[12.305,59.607],[12.295,59.597],[12.288,59.584],[12.286,59.575],[12.293,59.575],[12.298,59.572],[12.308,59.562],[12.323,59.56],[12.32,59.553],[12.324,59.544],[12.327,59.533],[12.317,59.528],[12.312,59.522],[12.318,59.512],[12.318,59.507],[12.312,59.5],[12.309,59.49],[12.311,59.488],[12.303,59.484],[12.296,59.477],[12.297,59.472],[12.288,59.468],[12.288,59.461],[12.278,59.453],[12.276,59.449],[12.282,59.446],[12.334,59.447],[12.358,59.447],[12.388,59.45],[12.41,59.45],[12.428,59.444],[12.442,59.438],[12.464,59.431],[12.5,59.432],[12.508,59.422],[12.513,59.42],[12.509,59.415],[12.513,59.413],[12.519,59.403],[12.555,59.389],[12.559,59.387],[12.6,59.385],[12.61,59.388],[12.619,59.393],[12.625,59.4],[12.636,59.393],[12.645,59.39],[12.664,59.394],[12.675,59.393],[12.692,59.393],[12.704,59.39],[12.727,59.393],[12.75,59.399],[12.772,59.402],[12.792,59.41],[12.8,59.405],[12.805,59.41],[12.814,59.412],[12.832,59.425],[12.84,59.43],[12.843,59.435],[12.84,59.442],[12.828,59.463],[12.824,59.476],[12.83,59.493],[12.841,59.498],[12.873,59.51],[12.878,59.51],[12.879,59.521],[12.876,59.524],[12.876,59.528],[12.88,59.532],[12.878,59.547],[12.881,59.553],[12.885,59.569],[12.896,59.567],[12.905,59.557],[12.92,59.56],[12.928,59.56],[12.933,59.566],[12.943,59.573],[12.952,59.575],[12.957,59.577],[12.973,59.589],[12.993,59.608],[13.015,59.601],[13.017,59.596],[13.027,59.592],[13.034,59.592],[13.046,59.604],[13.043,59.612],[13.036,59.621],[13.029,59.626],[13.032,59.631],[13.041,59.631],[13.045,59.636],[13.046,59.638],[13.042,59.644],[13.036,59.649],[13.04,59.652],[13.036,59.656],[13.041,59.658],[13.045,59.655],[13.053,59.657],[13.066,59.659],[13.074,59.654],[13.083,59.654],[13.084,59.652],[13.093,59.651],[13.065,59.691],[13.053,59.69],[13.026,59.699],[13.014,59.703],[13.008,59.706],[13.003,59.711],[12.998,59.72],[12.993,59.724],[12.988,59.723],[12.983,59.728],[12.971,59.731],[12.957,59.734],[12.956,59.741],[12.944,59.744],[12.94,59.75],[12.934,59.751],[12.925,59.757],[12.917,59.763],[12.909,59.774],[12.899,59.78],[12.894,59.791],[12.879,59.813],[12.85,59.825],[12.835,59.836],[12.816,59.845],[12.813,59.848],[12.791,59.857],[12.774,59.861],[12.762,59.866],[12.73,59.872],[12.721,59.875],[12.721,59.887],[12.709,59.892],[12.688,59.899],[12.686,59.904],[12.692,59.913],[12.693,59.92],[12.696,59.93],[12.705,59.942],[12.734,59.95],[12.735,59.954],[12.739,59.959],[12.744,59.961],[12.749,59.965],[12.751,59.973],[12.747,59.978],[12.736,59.981],[12.733,59.984],[12.729,59.992],[12.719,59.997],[12.708,59.997],[12.702,59.999],[12.7,60.002],[12.691,60.003],[12.676,60.006],[12.671,60.008],[12.662,60.009],[12.647,60.015],[12.639,60.016],[12.632,60.019],[12.627,60.023],[12.622,60.023],[12.616,60.026],[12.615,60.029],[12.608,60.036],[12.585,60.078],[12.566,60.121],[12.568,60.128],[12.557,60.137],[12.543,60.135],[12.516,60.128],[12.501,60.099],[12.481,60.073],[12.45,60.04]]]}},{"type":"Feature","properties":{"id":935466,"maakond_id":407,"name":"Kalmar kommun","bbox":[15.742,56.426,16.556,56.932]},"geometry":{"type":"Polygon","coordinates":[[[16.237,56.932],[16.226,56.927],[16.226,56.92],[16.199,56.912],[16.158,56.897],[16.164,56.895],[16.174,56.878],[16.184,56.871],[16.18,56.871],[16.164,56.86],[16.154,56.854],[16.141,56.856],[16.134,56.856],[16.137,56.849],[16.14,56.847],[16.135,56.839],[16.141,56.834],[16.13,56.832],[16.119,56.839],[16.102,56.846],[16.096,56.836],[16.102,56.831],[16.106,56.83],[16.098,56.823],[16.1,56.815],[16.103,56.815],[16.107,56.808],[16.106,56.792],[16.122,56.786],[16.113,56.783],[16.119,56.774],[16.131,56.752],[16.124,56.748],[16.119,56.741],[16.107,56.737],[16.105,56.742],[16.101,56.745],[16.097,56.743],[16.087,56.74],[16.074,56.74],[16.062,56.739],[16.048,56.735],[16.02,56.733],[16.026,56.726],[16.032,56.728],[16.042,56.726],[16.051,56.721],[16.058,56.717],[16.066,56.714],[16.06,56.708],[16.062,56.706],[16.062,56.701],[16.048,56.697],[16.047,56.691],[16.07,56.69],[16.075,56.687],[16.073,56.681],[16.068,56.67],[16.069,56.669],[16.053,56.661],[16.046,56.666],[16.037,56.67],[16.016,56.665],[16.005,56.667],[16.001,56.677],[16.008,56.674],[16.016,56.674],[16.016,56.677],[16.01,56.679],[15.998,56.678],[15.997,56.675],[15.986,56.679],[15.98,56.68],[15.971,56.686],[15.96,56.689],[15.942,56.692],[15.918,56.682],[15.913,56.665],[15.919,56.652],[15.926,56.646],[15.939,56.639],[15.933,56.636],[15.927,56.632],[15.927,56.628],[15.91,56.625],[15.882,56.616],[15.883,56.596],[15.872,56.593],[15.862,56.592],[15.851,56.589],[15.837,56.591],[15.835,56.594],[15.823,56.595],[15.811,56.597],[15.8,56.59],[15.781,56.586],[15.775,56.585],[15.772,56.581],[15.771,56.571],[15.761,56.567],[15.757,56.564],[15.745,56.564],[15.742,56.561],[15.745,56.551],[15.742,56.548],[15.75,56.543],[15.756,56.53],[15.78,56.517],[15.791,56.516],[15.794,56.518],[15.81,56.521],[15.818,56.518],[15.826,56.518],[15.837,56.514],[15.862,56.519],[15.892,56.52],[15.917,56.513],[15.935,56.513],[15.942,56.512],[15.956,56.514],[15.959,56.522],[15.992,56.527],[16.005,56.522],[16.005,56.512],[16.007,56.509],[16.004,56.505],[16.006,56.499],[16.01,56.499],[16.026,56.489],[16.035,56.485],[16.044,56.48],[16.062,56.479],[16.067,56.477],[16.067,56.471],[16.062,56.468],[16.068,56.467],[16.079,56.469],[16.088,56.468],[16.095,56.469],[16.108,56.466],[16.126,56.461],[16.132,56.461],[16.136,56.458],[16.156,56.453],[16.251,56.426],[16.319,56.591],[16.359,56.618],[16.417,56.643],[16.426,56.673],[16.436,56.718],[16.504,56.764],[16.516,56.78],[16.521,56.801],[16.556,56.877],[16.465,56.888],[16.451,56.891],[16.443,56.891],[16.433,56.888],[16.431,56.886],[16.421,56.887],[16.416,56.883],[16.404,56.886],[16.402,56.891],[16.397,56.894],[16.389,56.893],[16.386,56.891],[16.375,56.893],[16.364,56.892],[16.361,56.89],[16.352,56.888],[16.35,56.894],[16.335,56.901],[16.33,56.905],[16.323,56.907],[16.318,56.905],[16.31,56.908],[16.288,56.912],[16.28,56.915],[16.275,56.919],[16.255,56.927],[16.237,56.932]]]}},{"type":"Feature","properties":{"id":935467,"maakond_id":404,"name":"Linköpings kommun","bbox":[15.256,58.063,16.075,58.652]},"geometry":{"type":"Polygon","coordinates":[[[16.075,58.372],[16.062,58.378],[16.053,58.381],[16.054,58.383],[16.043,58.393],[16.036,58.398],[16.045,58.406],[16.032,58.405],[16.025,58.405],[16.013,58.409],[16.01,58.412],[16.009,58.42],[15.997,58.423],[15.989,58.426],[15.978,58.424],[15.971,58.424],[15.952,58.427],[15.951,58.436],[15.958,58.441],[15.962,58.441],[15.97,58.443],[15.976,58.444],[15.976,58.448],[15.97,58.451],[15.956,58.465],[15.963,58.465],[15.963,58.467],[15.955,58.467],[15.95,58.468],[15.946,58.471],[15.932,58.473],[15.931,58.475],[15.921,58.474],[15.915,58.476],[15.912,58.481],[15.908,58.485],[15.9,58.486],[15.897,58.489],[15.906,58.489],[15.929,58.493],[15.934,58.497],[15.921,58.504],[15.918,58.512],[15.902,58.513],[15.893,58.512],[15.886,58.514],[15.875,58.516],[15.856,58.512],[15.849,58.518],[15.834,58.515],[15.831,58.517],[15.817,58.519],[15.805,58.514],[15.783,58.514],[15.759,58.512],[15.762,58.522],[15.754,58.542],[15.757,58.552],[15.744,58.551],[15.723,58.552],[15.719,58.556],[15.691,58.559],[15.693,58.565],[15.687,58.573],[15.687,58.575],[15.684,58.578],[15.663,58.579],[15.661,58.588],[15.656,58.594],[15.649,58.598],[15.642,58.607],[15.627,58.614],[15.618,58.615],[15.607,58.627],[15.599,58.633],[15.589,58.634],[15.58,58.636],[15.573,58.622],[15.567,58.613],[15.526,58.6],[15.536,58.606],[15.532,58.613],[15.535,58.619],[15.532,58.622],[15.535,58.628],[15.541,58.633],[15.54,58.64],[15.519,58.64],[15.504,58.637],[15.488,58.635],[15.47,58.632],[15.469,58.629],[15.436,58.64],[15.43,58.645],[15.417,58.652],[15.407,58.648],[15.398,58.646],[15.4,58.642],[15.391,58.637],[15.381,58.635],[15.372,58.629],[15.374,58.626],[15.371,58.618],[15.385,58.612],[15.391,58.609],[15.384,58.604],[15.381,58.597],[15.38,58.591],[15.374,58.59],[15.378,58.584],[15.382,58.58],[15.375,58.568],[15.379,58.566],[15.375,58.553],[15.372,58.548],[15.384,58.547],[15.379,58.541],[15.378,58.537],[15.38,58.522],[15.378,58.521],[15.377,58.511],[15.37,58.511],[15.374,58.506],[15.375,58.5],[15.369,58.5],[15.367,58.494],[15.364,58.49],[15.365,58.483],[15.379,58.484],[15.387,58.477],[15.38,58.476],[15.366,58.477],[15.367,58.474],[15.357,58.473],[15.359,58.471],[15.372,58.472],[15.376,58.471],[15.39,58.471],[15.393,58.465],[15.387,58.467],[15.374,58.465],[15.359,58.46],[15.357,58.455],[15.354,58.453],[15.338,58.45],[15.332,58.451],[15.322,58.449],[15.322,58.446],[15.318,58.438],[15.311,58.435],[15.308,58.43],[15.297,58.424],[15.297,58.417],[15.295,58.415],[15.285,58.41],[15.285,58.415],[15.28,58.415],[15.267,58.411],[15.268,58.405],[15.263,58.404],[15.256,58.399],[15.264,58.399],[15.284,58.394],[15.288,58.391],[15.313,58.397],[15.322,58.398],[15.327,58.396],[15.342,58.397],[15.352,58.389],[15.344,58.374],[15.336,58.375],[15.335,58.369],[15.342,58.366],[15.342,58.357],[15.338,58.352],[15.341,58.35],[15.35,58.351],[15.367,58.344],[15.369,58.338],[15.363,58.331],[15.358,58.32],[15.347,58.315],[15.345,58.302],[15.342,58.298],[15.341,58.292],[15.338,58.29],[15.343,58.288],[15.348,58.282],[15.349,58.275],[15.354,58.272],[15.362,58.263],[15.368,58.258],[15.371,58.254],[15.368,58.237],[15.361,58.231],[15.369,58.229],[15.367,58.224],[15.372,58.22],[15.372,58.215],[15.376,58.207],[15.371,58.197],[15.375,58.193],[15.372,58.191],[15.375,58.187],[15.366,58.182],[15.373,58.178],[15.376,58.167],[15.371,58.163],[15.358,58.162],[15.352,58.159],[15.344,58.157],[15.34,58.153],[15.336,58.147],[15.327,58.143],[15.31,58.141],[15.296,58.138],[15.277,58.135],[15.28,58.131],[15.28,58.125],[15.285,58.117],[15.286,58.113],[15.295,58.103],[15.311,58.104],[15.33,58.1],[15.349,58.103],[15.351,58.098],[15.346,58.095],[15.345,58.084],[15.356,58.083],[15.379,58.079],[15.378,58.072],[15.379,58.063],[15.388,58.063],[15.414,58.066],[15.417,58.07],[15.429,58.076],[15.435,58.077],[15.433,58.083],[15.435,58.088],[15.442,58.087],[15.454,58.089],[15.452,58.073],[15.466,58.071],[15.476,58.075],[15.495,58.08],[15.503,58.087],[15.513,58.09],[15.511,58.093],[15.515,58.104],[15.515,58.107],[15.511,58.109],[15.51,58.113],[15.511,58.119],[15.516,58.12],[15.537,58.138],[15.548,58.143],[15.553,58.143],[15.558,58.163],[15.556,58.175],[15.555,58.192],[15.558,58.198],[15.563,58.204],[15.566,58.198],[15.576,58.194],[15.579,58.19],[15.593,58.188],[15.597,58.189],[15.612,58.189],[15.621,58.185],[15.652,58.179],[15.65,58.171],[15.65,58.159],[15.661,58.159],[15.668,58.165],[15.677,58.164],[15.685,58.166],[15.689,58.166],[15.709,58.173],[15.714,58.172],[15.714,58.177],[15.709,58.186],[15.701,58.192],[15.709,58.192],[15.712,58.194],[15.729,58.191],[15.743,58.187],[15.763,58.195],[15.763,58.202],[15.767,58.205],[15.775,58.205],[15.784,58.203],[15.791,58.207],[15.804,58.209],[15.815,58.206],[15.828,58.21],[15.828,58.212],[15.833,58.222],[15.838,58.229],[15.828,58.245],[15.82,58.25],[15.823,58.259],[15.827,58.259],[15.835,58.263],[15.832,58.27],[15.817,58.278],[15.808,58.278],[15.807,58.281],[15.797,58.286],[15.813,58.291],[15.816,58.293],[15.814,58.301],[15.81,58.302],[15.802,58.308],[15.807,58.311],[15.81,58.316],[15.82,58.312],[15.821,58.317],[15.83,58.319],[15.842,58.324],[15.843,58.326],[15.851,58.329],[15.865,58.329],[15.881,58.334],[15.886,58.333],[15.895,58.342],[15.902,58.346],[15.908,58.346],[15.913,58.343],[15.929,58.336],[15.934,58.335],[15.943,58.339],[15.963,58.341],[15.963,58.343],[15.951,58.345],[15.953,58.348],[15.959,58.35],[15.968,58.35],[15.976,58.354],[15.997,58.361],[15.997,58.365],[16.013,58.366],[16.02,58.365],[16.035,58.37],[16.05,58.372],[16.057,58.374],[16.075,58.372]]]}},{"type":"Feature","properties":{"id":935469,"maakond_id":412,"name":"Lidköpings kommun","bbox":[12.644,58.316,13.425,58.814]},"geometry":{"type":"Polygon","coordinates":[[[12.9,58.814],[12.872,58.747],[12.842,58.675],[12.743,58.568],[12.717,58.494],[12.665,58.462],[12.644,58.449],[12.648,58.442],[12.656,58.422],[12.646,58.413],[12.65,58.408],[12.664,58.401],[12.67,58.396],[12.688,58.391],[12.694,58.39],[12.706,58.399],[12.726,58.405],[12.737,58.413],[12.749,58.411],[12.747,58.409],[12.763,58.407],[12.767,58.409],[12.781,58.409],[12.794,58.414],[12.804,58.415],[12.821,58.421],[12.833,58.427],[12.839,58.425],[12.843,58.427],[12.846,58.433],[12.854,58.435],[12.841,58.413],[12.844,58.411],[12.839,58.409],[12.839,58.405],[12.842,58.401],[12.841,58.398],[12.842,58.392],[12.845,58.387],[12.857,58.385],[12.882,58.385],[12.896,58.387],[12.9,58.389],[12.906,58.386],[12.907,58.384],[12.922,58.386],[12.923,58.383],[12.919,58.38],[12.929,58.378],[12.943,58.37],[12.956,58.358],[12.962,58.349],[12.967,58.346],[12.975,58.348],[12.978,58.344],[12.967,58.338],[12.951,58.332],[12.952,58.327],[12.959,58.323],[12.967,58.322],[12.975,58.316],[12.987,58.317],[12.991,58.322],[13.004,58.325],[13.009,58.332],[13.017,58.332],[13.022,58.335],[13.025,58.339],[13.028,58.34],[13.034,58.349],[13.046,58.347],[13.042,58.342],[13.057,58.338],[13.073,58.345],[13.083,58.339],[13.092,58.342],[13.098,58.338],[13.102,58.339],[13.117,58.344],[13.127,58.341],[13.134,58.338],[13.141,58.339],[13.145,58.332],[13.149,58.331],[13.168,58.329],[13.174,58.336],[13.168,58.341],[13.17,58.35],[13.175,58.35],[13.186,58.354],[13.196,58.352],[13.197,58.35],[13.208,58.358],[13.198,58.362],[13.199,58.364],[13.194,58.368],[13.184,58.372],[13.186,58.377],[13.182,58.378],[13.184,58.388],[13.174,58.392],[13.175,58.395],[13.185,58.394],[13.19,58.398],[13.197,58.398],[13.201,58.406],[13.214,58.405],[13.212,58.416],[13.223,58.413],[13.23,58.413],[13.23,58.409],[13.236,58.409],[13.236,58.403],[13.24,58.403],[13.247,58.406],[13.253,58.403],[13.27,58.405],[13.274,58.403],[13.288,58.404],[13.301,58.406],[13.302,58.409],[13.311,58.412],[13.316,58.412],[13.321,58.414],[13.327,58.413],[13.335,58.416],[13.338,58.419],[13.344,58.42],[13.349,58.426],[13.348,58.429],[13.33,58.435],[13.322,58.434],[13.318,58.437],[13.328,58.44],[13.319,58.446],[13.32,58.448],[13.319,58.45],[13.306,58.457],[13.307,58.459],[13.302,58.464],[13.306,58.469],[13.305,58.472],[13.311,58.476],[13.31,58.478],[13.29,58.481],[13.294,58.484],[13.291,58.486],[13.282,58.484],[13.275,58.487],[13.27,58.487],[13.264,58.493],[13.267,58.494],[13.264,58.505],[13.219,58.534],[13.272,58.61],[13.425,58.746],[13.253,58.725],[13.179,58.756],[13.151,58.755],[12.9,58.814]]]}},{"type":"Feature","properties":{"id":935470,"maakond_id":412,"name":"Gullspångs kommun","bbox":[13.589,58.788,14.421,59.059]},"geometry":{"type":"Polygon","coordinates":[[[14.292,58.982],[14.298,59.012],[14.265,59.016],[14.232,59.029],[14.224,59.045],[14.18,59.041],[14.172,59.042],[14.164,59.047],[14.153,59.049],[14.142,59.052],[14.13,59.049],[14.119,59.05],[14.099,59.048],[14.082,59.048],[14.075,59.05],[14.063,59.045],[14.048,59.045],[14.038,59.043],[14.033,59.037],[14.044,59.029],[13.958,59.032],[13.589,59.059],[13.908,58.96],[13.949,58.935],[13.941,58.916],[13.958,58.894],[14.027,58.892],[14.027,58.887],[14.033,58.888],[14.033,58.892],[14.06,58.891],[14.122,58.889],[14.126,58.887],[14.134,58.889],[14.133,58.879],[14.135,58.877],[14.136,58.867],[14.139,58.861],[14.136,58.858],[14.14,58.854],[14.139,58.85],[14.143,58.849],[14.133,58.831],[14.125,58.815],[14.125,58.811],[14.141,58.792],[14.141,58.791],[14.15,58.788],[14.151,58.792],[14.156,58.793],[14.164,58.79],[14.17,58.791],[14.17,58.796],[14.185,58.795],[14.214,58.803],[14.208,58.804],[14.213,58.807],[14.216,58.813],[14.22,58.816],[14.219,58.819],[14.222,58.823],[14.229,58.825],[14.247,58.822],[14.253,58.823],[14.295,58.822],[14.294,58.827],[14.305,58.83],[14.311,58.83],[14.307,58.835],[14.307,58.838],[14.351,58.828],[14.353,58.817],[14.357,58.815],[14.359,58.812],[14.381,58.802],[14.421,58.795],[14.389,58.826],[14.386,58.83],[14.383,58.83],[14.39,58.846],[14.379,58.843],[14.366,58.844],[14.37,58.848],[14.36,58.85],[14.36,58.853],[14.364,58.858],[14.372,58.859],[14.379,58.866],[14.384,58.865],[14.389,58.861],[14.394,58.861],[14.397,58.868],[14.393,58.868],[14.387,58.874],[14.386,58.879],[14.394,58.879],[14.395,58.884],[14.385,58.885],[14.381,58.883],[14.374,58.883],[14.372,58.888],[14.365,58.892],[14.361,58.898],[14.355,58.899],[14.337,58.896],[14.337,58.899],[14.33,58.903],[14.324,58.904],[14.325,58.91],[14.324,58.914],[14.32,58.916],[14.324,58.922],[14.317,58.928],[14.285,58.948],[14.292,58.982]]]}},{"type":"Feature","properties":{"id":935472,"maakond_id":414,"name":"Nora kommun","bbox":[14.624,59.358,15.172,59.728]},"geometry":{"type":"Polygon","coordinates":[[[14.71,59.476],[14.721,59.463],[14.722,59.457],[14.719,59.452],[14.711,59.438],[14.702,59.433],[14.702,59.431],[14.689,59.421],[14.681,59.421],[14.72,59.387],[14.733,59.375],[14.77,59.358],[14.764,59.364],[14.763,59.376],[14.761,59.385],[14.765,59.386],[14.792,59.387],[14.81,59.381],[14.832,59.373],[14.846,59.374],[14.869,59.375],[14.896,59.377],[14.916,59.381],[14.931,59.383],[14.939,59.399],[14.95,59.407],[14.96,59.414],[14.969,59.414],[14.989,59.422],[14.999,59.422],[14.999,59.429],[14.996,59.435],[15,59.452],[14.994,59.453],[15,59.458],[15.004,59.464],[15.012,59.466],[15.041,59.473],[15.049,59.472],[15.06,59.47],[15.066,59.469],[15.066,59.466],[15.073,59.454],[15.073,59.446],[15.069,59.432],[15.076,59.434],[15.089,59.432],[15.108,59.435],[15.109,59.44],[15.128,59.445],[15.151,59.446],[15.149,59.449],[15.149,59.456],[15.145,59.459],[15.142,59.467],[15.145,59.476],[15.149,59.481],[15.151,59.487],[15.148,59.488],[15.152,59.493],[15.148,59.495],[15.151,59.501],[15.147,59.505],[15.15,59.509],[15.158,59.51],[15.156,59.514],[15.162,59.517],[15.152,59.521],[15.15,59.525],[15.152,59.528],[15.146,59.536],[15.15,59.542],[15.155,59.545],[15.164,59.547],[15.172,59.555],[15.161,59.561],[15.14,59.57],[15.125,59.58],[15.106,59.58],[15.1,59.581],[15.103,59.59],[15.09,59.59],[15.063,59.591],[15.033,59.589],[15.001,59.584],[15.002,59.607],[15.006,59.61],[15.003,59.614],[15.001,59.62],[14.996,59.634],[14.977,59.637],[14.975,59.646],[14.971,59.654],[14.966,59.662],[14.964,59.678],[14.963,59.681],[14.963,59.691],[14.961,59.695],[14.96,59.703],[14.953,59.712],[14.949,59.71],[14.936,59.71],[14.933,59.718],[14.91,59.719],[14.901,59.722],[14.89,59.728],[14.875,59.712],[14.869,59.714],[14.858,59.711],[14.851,59.707],[14.845,59.707],[14.84,59.705],[14.828,59.698],[14.817,59.694],[14.777,59.701],[14.771,59.698],[14.759,59.698],[14.723,59.706],[14.725,59.697],[14.746,59.675],[14.75,59.672],[14.759,59.668],[14.772,59.656],[14.773,59.649],[14.774,59.637],[14.756,59.62],[14.739,59.616],[14.736,59.613],[14.714,59.602],[14.708,59.601],[14.687,59.592],[14.662,59.573],[14.624,59.558],[14.63,59.537],[14.633,59.537],[14.64,59.534],[14.652,59.532],[14.656,59.534],[14.66,59.529],[14.67,59.527],[14.694,59.53],[14.715,59.527],[14.724,59.521],[14.735,59.518],[14.74,59.509],[14.737,59.51],[14.727,59.507],[14.731,59.505],[14.729,59.502],[14.721,59.5],[14.714,59.495],[14.711,59.489],[14.714,59.485],[14.71,59.482],[14.71,59.476]]]}},{"type":"Feature","properties":{"id":935473,"maakond_id":401,"name":"Nykvarns kommun","bbox":[17.244,59.123,17.562,59.274]},"geometry":{"type":"Polygon","coordinates":[[[17.317,59.145],[17.323,59.142],[17.337,59.141],[17.344,59.138],[17.355,59.134],[17.401,59.131],[17.418,59.125],[17.426,59.124],[17.438,59.123],[17.446,59.124],[17.46,59.123],[17.463,59.124],[17.453,59.135],[17.461,59.137],[17.466,59.129],[17.463,59.126],[17.468,59.125],[17.475,59.125],[17.475,59.129],[17.495,59.136],[17.485,59.139],[17.482,59.143],[17.483,59.152],[17.486,59.154],[17.494,59.156],[17.498,59.159],[17.506,59.176],[17.515,59.176],[17.535,59.18],[17.547,59.18],[17.549,59.184],[17.544,59.189],[17.548,59.19],[17.549,59.195],[17.556,59.197],[17.562,59.206],[17.56,59.209],[17.557,59.217],[17.551,59.219],[17.541,59.219],[17.538,59.229],[17.523,59.233],[17.519,59.231],[17.502,59.229],[17.483,59.224],[17.475,59.229],[17.447,59.23],[17.423,59.24],[17.427,59.243],[17.419,59.25],[17.41,59.249],[17.411,59.246],[17.398,59.242],[17.382,59.248],[17.372,59.247],[17.366,59.249],[17.345,59.254],[17.353,59.259],[17.35,59.268],[17.342,59.274],[17.31,59.266],[17.304,59.257],[17.309,59.252],[17.302,59.25],[17.294,59.25],[17.293,59.247],[17.281,59.245],[17.275,59.246],[17.272,59.235],[17.265,59.227],[17.262,59.223],[17.258,59.223],[17.252,59.22],[17.246,59.219],[17.244,59.215],[17.252,59.208],[17.249,59.204],[17.244,59.204],[17.248,59.199],[17.263,59.197],[17.264,59.192],[17.267,59.188],[17.266,59.182],[17.259,59.182],[17.279,59.171],[17.277,59.17],[17.284,59.169],[17.297,59.164],[17.302,59.16],[17.309,59.15],[17.317,59.145]]]}},{"type":"Feature","properties":{"id":935474,"maakond_id":421,"name":"Kalix kommun","bbox":[22.338,65.288,23.858,66.239]},"geometry":{"type":"MultiPolygon","coordinates":[[[[23.858,65.356],[23.727,65.48],[23.679,65.525],[23.579,65.621],[23.609,65.646],[23.622,65.691],[23.617,65.734],[23.609,65.772],[23.587,65.78],[23.583,65.782],[23.57,65.783],[23.574,65.796],[23.599,65.868],[23.524,65.921],[23.473,65.956],[23.4,66.015],[23.332,66.047],[23.359,66.053],[23.299,66.071],[23.276,66.072],[23.265,66.079],[23.251,66.084],[23.204,66.106],[23.226,66.159],[23.226,66.16],[23.218,66.16],[23.214,66.164],[23.13,66.165],[22.975,66.167],[22.975,66.164],[22.981,66.146],[22.956,66.136],[22.902,66.152],[22.919,66.168],[22.813,66.17],[22.787,66.176],[22.631,66.215],[22.535,66.239],[22.409,66.173],[22.387,66.17],[22.367,66.158],[22.374,66.154],[22.338,66.136],[22.412,66.076],[22.418,66.069],[22.428,66.062],[22.469,66.015],[22.489,65.992],[22.542,65.956],[22.539,65.942],[22.538,65.934],[22.558,65.907],[22.577,65.875],[22.595,65.845],[22.605,65.829],[22.631,65.79],[22.64,65.787],[22.645,65.782],[22.658,65.776],[22.647,65.768],[22.63,65.761],[22.604,65.749],[22.637,65.738],[22.652,65.726],[22.692,65.734],[22.711,65.731],[22.717,65.71],[22.735,65.711],[22.745,65.709],[22.747,65.707],[22.748,65.698],[22.802,65.698],[22.835,65.691],[23.044,65.417],[23.138,65.288],[23.401,65.307],[23.607,65.322],[23.652,65.325],[23.685,65.328],[23.717,65.331],[23.748,65.336],[23.788,65.344],[23.815,65.348],[23.858,65.356]]],[[[23.227,66.162],[23.228,66.164],[23.218,66.164],[23.219,66.161],[23.227,66.162]]]]}},{"type":"Feature","properties":{"id":935475,"maakond_id":407,"name":"Nybro kommun","bbox":[15.519,56.585,16.237,57.089]},"geometry":{"type":"Polygon","coordinates":[[[15.775,56.585],[15.781,56.586],[15.8,56.59],[15.811,56.597],[15.823,56.595],[15.835,56.594],[15.837,56.591],[15.851,56.589],[15.862,56.592],[15.872,56.593],[15.883,56.596],[15.882,56.616],[15.91,56.625],[15.927,56.628],[15.927,56.632],[15.933,56.636],[15.939,56.639],[15.926,56.646],[15.919,56.652],[15.913,56.665],[15.918,56.682],[15.942,56.692],[15.96,56.689],[15.971,56.686],[15.98,56.68],[15.986,56.679],[15.997,56.675],[15.998,56.678],[16.01,56.679],[16.016,56.677],[16.016,56.674],[16.008,56.674],[16.001,56.677],[16.005,56.667],[16.016,56.665],[16.037,56.67],[16.046,56.666],[16.053,56.661],[16.069,56.669],[16.068,56.67],[16.073,56.681],[16.075,56.687],[16.07,56.69],[16.047,56.691],[16.048,56.697],[16.062,56.701],[16.062,56.706],[16.06,56.708],[16.066,56.714],[16.058,56.717],[16.051,56.721],[16.042,56.726],[16.032,56.728],[16.026,56.726],[16.02,56.733],[16.048,56.735],[16.062,56.739],[16.074,56.74],[16.087,56.74],[16.097,56.743],[16.101,56.745],[16.105,56.742],[16.107,56.737],[16.119,56.741],[16.124,56.748],[16.131,56.752],[16.119,56.774],[16.113,56.783],[16.122,56.786],[16.106,56.792],[16.107,56.808],[16.103,56.815],[16.1,56.815],[16.098,56.823],[16.106,56.83],[16.102,56.831],[16.096,56.836],[16.102,56.846],[16.119,56.839],[16.13,56.832],[16.141,56.834],[16.135,56.839],[16.14,56.847],[16.137,56.849],[16.134,56.856],[16.141,56.856],[16.154,56.854],[16.164,56.86],[16.18,56.871],[16.184,56.871],[16.174,56.878],[16.164,56.895],[16.158,56.897],[16.199,56.912],[16.226,56.92],[16.226,56.927],[16.237,56.932],[16.232,56.932],[16.225,56.937],[16.221,56.942],[16.222,56.951],[16.22,56.956],[16.212,56.965],[16.191,56.969],[16.179,56.979],[16.16,56.978],[16.12,56.983],[16.092,56.986],[16.089,56.983],[16.082,56.98],[16.081,56.975],[16.073,56.971],[16.065,56.968],[16.06,56.965],[16.045,56.969],[16.039,56.975],[16.038,56.981],[16.031,56.977],[16.018,56.975],[16.01,56.977],[16.002,56.973],[16.003,56.978],[16.007,56.982],[16,56.986],[16.002,56.991],[16,57],[16.001,57.006],[15.999,57.01],[16.002,57.011],[16,57.015],[15.99,57.02],[15.991,57.023],[15.987,57.029],[15.998,57.034],[15.993,57.036],[15.992,57.04],[15.987,57.043],[15.99,57.048],[15.985,57.051],[15.976,57.051],[15.962,57.058],[15.953,57.066],[15.941,57.069],[15.94,57.073],[15.935,57.075],[15.931,57.082],[15.918,57.082],[15.907,57.083],[15.902,57.081],[15.894,57.08],[15.887,57.083],[15.888,57.089],[15.863,57.089],[15.848,57.085],[15.84,57.087],[15.833,57.087],[15.814,57.074],[15.815,57.07],[15.808,57.072],[15.794,57.07],[15.782,57.066],[15.772,57.063],[15.754,57.064],[15.743,57.067],[15.734,57.065],[15.73,57.061],[15.734,57.056],[15.774,57.035],[15.779,57.032],[15.784,57.024],[15.796,57.016],[15.8,57.015],[15.811,57.008],[15.816,57.003],[15.815,57.001],[15.824,56.997],[15.83,56.991],[15.83,56.988],[15.836,56.974],[15.835,56.965],[15.835,56.956],[15.832,56.945],[15.834,56.944],[15.822,56.933],[15.82,56.929],[15.812,56.925],[15.803,56.917],[15.8,56.915],[15.799,56.911],[15.777,56.917],[15.755,56.914],[15.738,56.911],[15.712,56.913],[15.701,56.915],[15.693,56.914],[15.667,56.903],[15.636,56.911],[15.596,56.926],[15.584,56.921],[15.572,56.924],[15.555,56.93],[15.542,56.927],[15.535,56.924],[15.534,56.922],[15.52,56.914],[15.521,56.913],[15.519,56.901],[15.529,56.9],[15.534,56.895],[15.546,56.891],[15.556,56.874],[15.538,56.862],[15.548,56.849],[15.553,56.838],[15.571,56.835],[15.587,56.833],[15.615,56.828],[15.641,56.826],[15.648,56.827],[15.656,56.816],[15.663,56.8],[15.666,56.782],[15.669,56.782],[15.678,56.788],[15.687,56.791],[15.691,56.794],[15.698,56.794],[15.7,56.8],[15.705,56.804],[15.714,56.796],[15.736,56.784],[15.712,56.768],[15.709,56.755],[15.706,56.747],[15.695,56.743],[15.687,56.742],[15.689,56.736],[15.689,56.73],[15.686,56.729],[15.682,56.725],[15.677,56.711],[15.683,56.701],[15.682,56.696],[15.675,56.7],[15.668,56.701],[15.659,56.698],[15.652,56.694],[15.645,56.68],[15.638,56.674],[15.635,56.666],[15.636,56.66],[15.643,56.66],[15.657,56.664],[15.665,56.665],[15.681,56.664],[15.683,56.66],[15.677,56.654],[15.67,56.649],[15.672,56.639],[15.675,56.638],[15.673,56.631],[15.685,56.631],[15.694,56.632],[15.704,56.626],[15.725,56.62],[15.744,56.605],[15.76,56.603],[15.76,56.591],[15.769,56.591],[15.777,56.589],[15.775,56.585]]]}},{"type":"Feature","properties":{"id":935476,"maakond_id":412,"name":"Vara kommun","bbox":[12.789,58.109,13.405,58.389]},"geometry":{"type":"Polygon","coordinates":[[[12.935,58.112],[12.963,58.112],[12.979,58.109],[12.987,58.109],[12.987,58.116],[13.003,58.116],[13.004,58.122],[13.013,58.123],[13.024,58.117],[13.023,58.112],[13.026,58.112],[13.036,58.115],[13.046,58.114],[13.065,58.115],[13.079,58.117],[13.1,58.116],[13.105,58.116],[13.127,58.113],[13.142,58.114],[13.176,58.121],[13.189,58.129],[13.211,58.143],[13.226,58.136],[13.229,58.145],[13.231,58.147],[13.227,58.154],[13.236,58.168],[13.236,58.17],[13.243,58.174],[13.241,58.177],[13.247,58.186],[13.245,58.19],[13.257,58.189],[13.286,58.191],[13.303,58.2],[13.32,58.204],[13.316,58.207],[13.346,58.226],[13.338,58.232],[13.344,58.235],[13.352,58.236],[13.357,58.233],[13.37,58.241],[13.382,58.25],[13.379,58.252],[13.378,58.258],[13.383,58.259],[13.389,58.255],[13.405,58.276],[13.382,58.286],[13.366,58.294],[13.333,58.296],[13.335,58.301],[13.31,58.304],[13.306,58.306],[13.293,58.303],[13.283,58.305],[13.279,58.303],[13.262,58.303],[13.255,58.312],[13.248,58.314],[13.253,58.318],[13.239,58.326],[13.241,58.33],[13.251,58.338],[13.24,58.345],[13.226,58.348],[13.222,58.349],[13.207,58.351],[13.197,58.35],[13.196,58.352],[13.186,58.354],[13.175,58.35],[13.17,58.35],[13.168,58.341],[13.174,58.336],[13.168,58.329],[13.149,58.331],[13.145,58.332],[13.141,58.339],[13.134,58.338],[13.127,58.341],[13.117,58.344],[13.102,58.339],[13.098,58.338],[13.092,58.342],[13.083,58.339],[13.073,58.345],[13.057,58.338],[13.042,58.342],[13.046,58.347],[13.034,58.349],[13.028,58.34],[13.025,58.339],[13.022,58.335],[13.017,58.332],[13.009,58.332],[13.004,58.325],[12.991,58.322],[12.987,58.317],[12.975,58.316],[12.967,58.322],[12.959,58.323],[12.952,58.327],[12.951,58.332],[12.967,58.338],[12.978,58.344],[12.975,58.348],[12.967,58.346],[12.962,58.349],[12.956,58.358],[12.943,58.37],[12.929,58.378],[12.919,58.38],[12.923,58.383],[12.922,58.386],[12.907,58.384],[12.906,58.386],[12.9,58.389],[12.896,58.387],[12.882,58.385],[12.857,58.385],[12.845,58.387],[12.836,58.385],[12.826,58.383],[12.82,58.378],[12.8,58.36],[12.795,58.351],[12.791,58.35],[12.792,58.341],[12.796,58.338],[12.792,58.336],[12.796,58.315],[12.802,58.311],[12.799,58.308],[12.808,58.306],[12.816,58.301],[12.827,58.301],[12.831,58.299],[12.825,58.295],[12.826,58.292],[12.832,58.29],[12.831,58.281],[12.82,58.281],[12.815,58.271],[12.818,58.268],[12.817,58.261],[12.83,58.261],[12.819,58.251],[12.821,58.247],[12.816,58.246],[12.812,58.241],[12.804,58.239],[12.802,58.235],[12.789,58.228],[12.793,58.228],[12.792,58.219],[12.8,58.215],[12.808,58.217],[12.819,58.222],[12.822,58.218],[12.829,58.217],[12.834,58.214],[12.831,58.209],[12.826,58.206],[12.843,58.195],[12.848,58.195],[12.855,58.198],[12.877,58.197],[12.897,58.194],[12.898,58.191],[12.892,58.189],[12.871,58.186],[12.868,58.18],[12.861,58.179],[12.839,58.18],[12.836,58.178],[12.847,58.174],[12.86,58.165],[12.87,58.166],[12.871,58.168],[12.878,58.171],[12.878,58.156],[12.889,58.158],[12.891,58.155],[12.904,58.148],[12.923,58.144],[12.92,58.137],[12.918,58.126],[12.915,58.126],[12.914,58.12],[12.923,58.118],[12.935,58.112]]]}},{"type":"Feature","properties":{"id":935477,"maakond_id":418,"name":"Ånge kommun","bbox":[14.781,62.234,16.571,62.713]},"geometry":{"type":"Polygon","coordinates":[[[16.251,62.235],[16.315,62.269],[16.377,62.304],[16.387,62.31],[16.395,62.31],[16.427,62.35],[16.415,62.368],[16.473,62.421],[16.456,62.425],[16.454,62.428],[16.461,62.431],[16.458,62.433],[16.448,62.439],[16.44,62.442],[16.438,62.446],[16.428,62.449],[16.428,62.452],[16.458,62.5],[16.511,62.539],[16.551,62.575],[16.534,62.578],[16.565,62.592],[16.571,62.59],[16.517,62.615],[16.468,62.637],[16.414,62.66],[16.383,62.674],[16.37,62.696],[16.246,62.71],[16.13,62.691],[16.113,62.695],[16.075,62.7],[15.965,62.713],[15.883,62.694],[15.767,62.664],[15.707,62.651],[15.64,62.635],[15.61,62.631],[15.517,62.617],[15.413,62.611],[15.245,62.6],[15.128,62.559],[15.105,62.577],[15.094,62.584],[14.967,62.601],[14.917,62.598],[14.781,62.591],[14.799,62.575],[14.798,62.573],[14.806,62.568],[14.809,62.563],[14.805,62.558],[14.809,62.545],[14.809,62.542],[14.803,62.538],[14.801,62.53],[14.802,62.527],[14.809,62.524],[14.813,62.523],[14.825,62.513],[14.83,62.507],[14.828,62.504],[14.83,62.498],[14.836,62.492],[14.842,62.488],[14.842,62.484],[14.843,62.478],[14.84,62.475],[14.85,62.467],[14.843,62.464],[14.841,62.46],[14.832,62.462],[14.819,62.46],[14.805,62.464],[14.796,62.463],[14.798,62.439],[14.801,62.404],[14.804,62.404],[14.875,62.402],[14.874,62.4],[14.865,62.391],[14.897,62.357],[14.94,62.32],[15.001,62.3],[15.069,62.278],[15.153,62.25],[15.254,62.283],[15.285,62.293],[15.326,62.272],[15.379,62.297],[15.439,62.319],[15.505,62.339],[15.613,62.343],[15.626,62.341],[15.848,62.294],[15.854,62.293],[16.013,62.259],[16.134,62.246],[16.231,62.234],[16.251,62.235]],[[16.416,62.657],[16.417,62.655],[16.411,62.652],[16.405,62.654],[16.416,62.657]]]}},{"type":"Feature","properties":{"id":935478,"maakond_id":410,"name":"Bjuvs kommun","bbox":[12.875,55.974,13.073,56.122]},"geometry":{"type":"Polygon","coordinates":[[[12.877,56.087],[12.877,56.084],[12.891,56.072],[12.905,56.065],[12.906,56.063],[12.916,56.063],[12.917,56.056],[12.912,56.049],[12.902,56.044],[12.913,56.043],[12.92,56.031],[12.926,56.029],[12.926,56.023],[12.934,56.021],[12.929,56.016],[12.913,56.019],[12.907,56.018],[12.899,56.02],[12.894,56.016],[12.903,56.009],[12.914,56.011],[12.918,56.002],[12.913,56.002],[12.912,55.995],[12.915,55.988],[12.911,55.985],[12.911,55.982],[12.921,55.982],[12.928,55.98],[12.93,55.982],[12.949,55.974],[12.953,55.974],[12.956,55.979],[12.969,55.976],[12.978,55.981],[12.987,55.98],[12.994,55.985],[12.994,55.987],[13.01,55.99],[13.011,55.992],[13.004,55.997],[13.002,56.005],[13.009,56.003],[13.025,56.002],[13.03,56],[13.034,56.005],[13.033,56.009],[13.026,56.011],[13.023,56.009],[13.013,56.013],[13.023,56.018],[13.021,56.026],[13.025,56.032],[13.02,56.037],[13.008,56.039],[13.018,56.042],[13.025,56.048],[13.035,56.049],[13.039,56.047],[13.043,56.051],[13.043,56.054],[13.05,56.058],[13.05,56.06],[13.058,56.063],[13.054,56.066],[13.061,56.069],[13.069,56.067],[13.073,56.068],[13.068,56.072],[13.07,56.075],[13.059,56.079],[13.056,56.075],[13.049,56.081],[13.055,56.081],[13.046,56.086],[13.038,56.094],[13.025,56.1],[13.014,56.103],[13.004,56.113],[12.99,56.109],[12.987,56.111],[12.977,56.114],[12.969,56.114],[12.955,56.121],[12.949,56.122],[12.917,56.119],[12.917,56.117],[12.925,56.116],[12.924,56.113],[12.91,56.113],[12.9,56.103],[12.889,56.105],[12.884,56.107],[12.88,56.1],[12.875,56.094],[12.877,56.087]]]}},{"type":"Feature","properties":{"id":935479,"maakond_id":420,"name":"Storumans kommun","bbox":[14.499,64.733,17.957,66.15]},"geometry":{"type":"MultiPolygon","coordinates":[[[[14.951,66.15],[14.864,66.146],[14.684,66.139],[14.516,66.133],[14.529,66.096],[14.546,66.042],[14.551,66.022],[14.573,65.958],[14.584,65.901],[14.625,65.812],[14.601,65.779],[14.541,65.701],[14.521,65.613],[14.499,65.521],[14.501,65.445],[14.515,65.444],[14.531,65.442],[14.541,65.437],[14.555,65.437],[14.57,65.436],[14.581,65.431],[14.599,65.426],[14.604,65.423],[14.611,65.422],[14.639,65.422],[14.65,65.425],[14.67,65.419],[14.685,65.415],[14.789,65.415],[14.813,65.42],[14.82,65.422],[14.841,65.424],[14.843,65.422],[14.86,65.423],[14.903,65.428],[14.93,65.418],[14.931,65.416],[14.943,65.413],[14.948,65.408],[14.978,65.402],[14.986,65.403],[14.994,65.406],[15.126,65.405],[15.209,65.422],[15.274,65.411],[15.705,65.401],[15.805,65.379],[15.975,65.343],[16.121,65.312],[16.233,65.245],[16.354,65.172],[16.451,65.113],[16.503,65.082],[16.595,65.025],[16.735,64.98],[16.862,64.938],[17.051,64.877],[17.179,64.834],[17.249,64.811],[17.261,64.814],[17.272,64.807],[17.274,64.803],[17.34,64.781],[17.339,64.757],[17.484,64.753],[17.511,64.752],[17.558,64.733],[17.675,64.785],[17.762,64.823],[17.743,64.836],[17.913,64.919],[17.899,64.994],[17.952,65.044],[17.957,65.049],[17.83,65.103],[17.846,65.105],[17.853,65.109],[17.85,65.112],[17.836,65.117],[17.818,65.126],[17.807,65.132],[17.794,65.136],[17.772,65.128],[17.713,65.153],[17.673,65.17],[17.511,65.211],[17.451,65.226],[17.399,65.239],[17.3,65.264],[17.092,65.307],[17.017,65.323],[16.938,65.348],[16.828,65.384],[16.709,65.439],[16.668,65.459],[16.628,65.477],[16.648,65.484],[16.642,65.489],[16.62,65.481],[16.606,65.487],[16.587,65.502],[16.528,65.546],[16.502,65.566],[16.023,65.694],[15.957,65.711],[15.805,65.751],[15.531,65.823],[14.951,66.15]]],[[[17.879,64.844],[17.875,64.846],[17.868,64.844],[17.875,64.841],[17.879,64.844]]]]}},{"type":"Feature","properties":{"id":935481,"maakond_id":405,"name":"Sävsjö kommun","bbox":[14.364,57.146,14.828,57.491]},"geometry":{"type":"Polygon","coordinates":[[[14.452,57.489],[14.445,57.486],[14.45,57.482],[14.453,57.476],[14.45,57.473],[14.438,57.473],[14.436,57.468],[14.425,57.466],[14.421,57.464],[14.416,57.465],[14.409,57.461],[14.381,57.464],[14.377,57.454],[14.376,57.448],[14.369,57.438],[14.369,57.426],[14.365,57.408],[14.368,57.4],[14.368,57.387],[14.364,57.382],[14.373,57.372],[14.378,57.362],[14.379,57.355],[14.377,57.349],[14.382,57.349],[14.383,57.345],[14.383,57.334],[14.379,57.329],[14.381,57.328],[14.389,57.329],[14.395,57.327],[14.396,57.323],[14.394,57.319],[14.397,57.316],[14.406,57.309],[14.411,57.308],[14.413,57.304],[14.411,57.299],[14.407,57.295],[14.413,57.289],[14.417,57.289],[14.417,57.293],[14.422,57.296],[14.426,57.302],[14.43,57.301],[14.433,57.297],[14.441,57.296],[14.442,57.288],[14.444,57.273],[14.433,57.26],[14.43,57.26],[14.427,57.246],[14.422,57.233],[14.42,57.222],[14.42,57.216],[14.418,57.212],[14.411,57.21],[14.402,57.187],[14.39,57.185],[14.391,57.174],[14.395,57.172],[14.396,57.167],[14.393,57.163],[14.399,57.161],[14.397,57.155],[14.398,57.151],[14.408,57.152],[14.413,57.155],[14.419,57.152],[14.421,57.149],[14.427,57.146],[14.433,57.152],[14.437,57.152],[14.441,57.15],[14.447,57.157],[14.45,57.163],[14.461,57.163],[14.461,57.158],[14.485,57.158],[14.489,57.152],[14.496,57.154],[14.499,57.159],[14.51,57.163],[14.512,57.161],[14.52,57.16],[14.539,57.161],[14.544,57.171],[14.548,57.171],[14.553,57.18],[14.556,57.187],[14.571,57.19],[14.584,57.187],[14.596,57.178],[14.603,57.18],[14.611,57.181],[14.612,57.183],[14.607,57.204],[14.616,57.203],[14.629,57.205],[14.639,57.205],[14.656,57.203],[14.654,57.208],[14.663,57.207],[14.674,57.208],[14.682,57.209],[14.713,57.22],[14.714,57.222],[14.726,57.225],[14.742,57.225],[14.75,57.228],[14.777,57.225],[14.79,57.225],[14.79,57.227],[14.781,57.23],[14.778,57.232],[14.786,57.239],[14.78,57.248],[14.774,57.251],[14.779,57.254],[14.782,57.257],[14.78,57.262],[14.784,57.265],[14.789,57.27],[14.802,57.273],[14.805,57.276],[14.803,57.278],[14.809,57.288],[14.801,57.3],[14.807,57.303],[14.808,57.31],[14.812,57.312],[14.816,57.317],[14.808,57.319],[14.802,57.324],[14.806,57.325],[14.813,57.33],[14.814,57.334],[14.82,57.339],[14.821,57.344],[14.828,57.352],[14.828,57.358],[14.825,57.366],[14.822,57.379],[14.817,57.397],[14.819,57.404],[14.811,57.404],[14.798,57.407],[14.785,57.406],[14.776,57.403],[14.761,57.404],[14.761,57.413],[14.757,57.42],[14.76,57.422],[14.748,57.427],[14.751,57.43],[14.741,57.438],[14.741,57.441],[14.748,57.444],[14.748,57.449],[14.739,57.452],[14.738,57.458],[14.732,57.463],[14.727,57.465],[14.714,57.463],[14.699,57.465],[14.693,57.47],[14.692,57.473],[14.686,57.473],[14.681,57.469],[14.67,57.465],[14.668,57.462],[14.662,57.459],[14.659,57.455],[14.651,57.453],[14.647,57.451],[14.638,57.449],[14.631,57.446],[14.63,57.443],[14.621,57.441],[14.617,57.435],[14.61,57.438],[14.603,57.434],[14.589,57.434],[14.591,57.437],[14.578,57.439],[14.577,57.452],[14.57,57.454],[14.568,57.457],[14.561,57.46],[14.561,57.465],[14.545,57.463],[14.549,57.467],[14.547,57.474],[14.535,57.475],[14.536,57.471],[14.533,57.467],[14.521,57.475],[14.517,57.477],[14.52,57.484],[14.517,57.487],[14.512,57.487],[14.508,57.489],[14.502,57.487],[14.492,57.491],[14.481,57.488],[14.473,57.487],[14.455,57.488],[14.452,57.489]]]}},{"type":"Feature","properties":{"id":935482,"maakond_id":421,"name":"Luleå kommun","bbox":[21.336,65.07,23.138,66.283]},"geometry":{"type":"Polygon","coordinates":[[[23.138,65.288],[23.044,65.417],[22.835,65.691],[22.802,65.698],[22.748,65.698],[22.747,65.707],[22.745,65.709],[22.735,65.711],[22.717,65.71],[22.711,65.731],[22.692,65.734],[22.652,65.726],[22.637,65.738],[22.604,65.749],[22.63,65.761],[22.647,65.768],[22.658,65.776],[22.645,65.782],[22.64,65.787],[22.631,65.79],[22.605,65.829],[22.595,65.845],[22.577,65.875],[22.558,65.907],[22.538,65.934],[22.539,65.942],[22.542,65.956],[22.489,65.992],[22.469,66.015],[22.428,66.062],[22.418,66.069],[22.412,66.076],[22.338,66.136],[22.322,66.148],[22.195,66.247],[22.146,66.283],[22.069,66.267],[22.082,66.255],[22.027,66.24],[22.032,66.209],[22.032,66.203],[22.061,66.183],[22.026,66.174],[22.019,66.157],[21.991,66.155],[21.978,66.16],[21.969,66.155],[21.99,66.15],[22.02,66.122],[22.023,66.108],[22.071,66.111],[22.075,66.087],[22.031,66.085],[22.036,66.07],[22.008,66.073],[22.014,66.061],[21.977,66.056],[21.94,66.037],[21.909,66.001],[21.904,65.998],[21.891,66.002],[21.882,65.991],[21.856,65.99],[21.851,65.979],[21.868,65.957],[21.878,65.956],[21.968,65.944],[22.007,65.919],[22.049,65.879],[22.115,65.849],[22.108,65.845],[22.014,65.873],[22.019,65.864],[22.033,65.854],[22.042,65.842],[22.037,65.838],[22.041,65.834],[22.037,65.829],[22.03,65.829],[22.027,65.825],[22.001,65.826],[21.994,65.824],[21.988,65.819],[21.982,65.818],[21.961,65.826],[21.957,65.825],[21.97,65.821],[21.975,65.817],[21.894,65.801],[21.89,65.801],[21.889,65.783],[21.893,65.783],[21.929,65.753],[21.859,65.737],[21.832,65.728],[21.797,65.712],[21.789,65.713],[21.785,65.712],[21.798,65.698],[21.8,65.697],[21.747,65.687],[21.746,65.688],[21.646,65.668],[21.603,65.68],[21.595,65.684],[21.582,65.696],[21.57,65.702],[21.563,65.709],[21.555,65.71],[21.551,65.712],[21.545,65.713],[21.523,65.7],[21.53,65.699],[21.513,65.689],[21.482,65.663],[21.475,65.666],[21.468,65.674],[21.471,65.677],[21.479,65.679],[21.469,65.685],[21.464,65.691],[21.336,65.672],[21.358,65.658],[21.38,65.646],[21.386,65.618],[21.396,65.619],[21.49,65.591],[21.505,65.584],[21.563,65.557],[21.646,65.52],[21.735,65.48],[21.826,65.455],[21.915,65.398],[21.937,65.362],[22.32,65.147],[22.451,65.07],[22.499,65.086],[22.54,65.083],[22.573,65.081],[22.606,65.081],[22.622,65.081],[22.655,65.081],[22.688,65.083],[22.736,65.087],[22.768,65.091],[22.799,65.096],[22.843,65.105],[22.871,65.112],[22.899,65.12],[22.924,65.129],[22.96,65.143],[22.982,65.154],[23.002,65.165],[23.011,65.171],[23.037,65.189],[23.057,65.208],[23.068,65.221],[23.077,65.234],[23.083,65.248],[23.089,65.269],[23.09,65.284],[23.138,65.288]]]}},{"type":"Feature","properties":{"id":935485,"maakond_id":412,"name":"Skövde kommun","bbox":[13.621,58.247,14.151,58.596]},"geometry":{"type":"MultiPolygon","coordinates":[[[[13.745,58.436],[13.75,58.436],[13.76,58.44],[13.772,58.438],[13.775,58.438],[13.786,58.425],[13.789,58.422],[13.776,58.42],[13.766,58.422],[13.763,58.419],[13.765,58.417],[13.772,58.415],[13.763,58.394],[13.764,58.394],[13.802,58.38],[13.803,58.377],[13.782,58.367],[13.77,58.367],[13.767,58.363],[13.742,58.358],[13.74,58.348],[13.716,58.349],[13.693,58.348],[13.667,58.334],[13.664,58.325],[13.671,58.323],[13.671,58.318],[13.674,58.316],[13.669,58.311],[13.659,58.312],[13.656,58.307],[13.668,58.307],[13.676,58.305],[13.68,58.31],[13.7,58.299],[13.712,58.298],[13.733,58.307],[13.747,58.312],[13.751,58.308],[13.769,58.309],[13.776,58.313],[13.79,58.31],[13.785,58.304],[13.792,58.302],[13.794,58.305],[13.805,58.31],[13.825,58.308],[13.834,58.308],[13.859,58.309],[13.857,58.306],[13.856,58.295],[13.851,58.285],[13.854,58.282],[13.855,58.274],[13.854,58.27],[13.866,58.269],[13.892,58.261],[13.886,58.259],[13.86,58.268],[13.857,58.266],[13.851,58.267],[13.862,58.254],[13.87,58.253],[13.87,58.248],[13.895,58.248],[13.907,58.247],[13.931,58.256],[13.934,58.262],[13.941,58.263],[13.938,58.255],[13.943,58.254],[13.954,58.256],[13.956,58.261],[13.951,58.264],[13.983,58.279],[13.994,58.286],[13.995,58.29],[14.001,58.298],[14.004,58.298],[14.012,58.302],[14.018,58.301],[14.027,58.306],[14.027,58.31],[14.024,58.312],[14.036,58.314],[14.039,58.318],[14.053,58.313],[14.054,58.31],[14.061,58.311],[14.066,58.313],[14.071,58.313],[14.077,58.316],[14.086,58.317],[14.087,58.324],[14.093,58.326],[14.088,58.328],[14.091,58.339],[14.098,58.338],[14.106,58.34],[14.108,58.336],[14.113,58.335],[14.116,58.339],[14.122,58.342],[14.122,58.346],[14.117,58.347],[14.122,58.356],[14.131,58.358],[14.128,58.36],[14.131,58.364],[14.137,58.366],[14.146,58.371],[14.151,58.374],[14.146,58.374],[14.137,58.372],[14.116,58.38],[14.082,58.394],[14.068,58.402],[14.081,58.417],[14.079,58.422],[14.067,58.421],[14.063,58.427],[14.076,58.433],[14.072,58.439],[14.067,58.44],[14.071,58.444],[14.075,58.449],[14.091,58.452],[14.114,58.452],[14.117,58.458],[14.116,58.462],[14.121,58.464],[14.137,58.492],[14.142,58.509],[14.145,58.512],[14.092,58.509],[14.087,58.523],[14.078,58.531],[14.079,58.533],[14.074,58.546],[14.065,58.556],[14.061,58.559],[14.058,58.564],[14.052,58.571],[14.047,58.582],[14.039,58.584],[14.03,58.584],[14.033,58.588],[14.031,58.592],[14.011,58.596],[13.998,58.594],[13.986,58.593],[13.987,58.59],[13.982,58.587],[13.973,58.585],[13.959,58.588],[13.948,58.587],[13.94,58.582],[13.929,58.57],[13.915,58.56],[13.913,58.557],[13.912,58.549],[13.898,58.542],[13.878,58.533],[13.874,58.529],[13.865,58.527],[13.86,58.525],[13.852,58.525],[13.83,58.528],[13.822,58.53],[13.817,58.53],[13.815,58.527],[13.808,58.527],[13.808,58.531],[13.804,58.533],[13.793,58.533],[13.785,58.532],[13.779,58.536],[13.766,58.539],[13.764,58.542],[13.777,58.547],[13.787,58.559],[13.788,58.563],[13.793,58.568],[13.794,58.575],[13.78,58.575],[13.772,58.572],[13.778,58.568],[13.774,58.564],[13.77,58.563],[13.752,58.569],[13.75,58.57],[13.731,58.578],[13.727,58.57],[13.702,58.562],[13.7,58.559],[13.706,58.556],[13.721,58.559],[13.729,58.561],[13.735,58.557],[13.735,58.551],[13.724,58.552],[13.722,58.549],[13.729,58.547],[13.716,58.538],[13.706,58.543],[13.712,58.544],[13.702,58.549],[13.698,58.547],[13.689,58.553],[13.676,58.545],[13.662,58.523],[13.654,58.518],[13.642,58.514],[13.638,58.496],[13.633,58.49],[13.623,58.485],[13.621,58.48],[13.627,58.483],[13.635,58.483],[13.64,58.481],[13.636,58.478],[13.635,58.472],[13.648,58.471],[13.649,58.468],[13.658,58.47],[13.668,58.466],[13.672,58.462],[13.676,58.463],[13.686,58.461],[13.705,58.461],[13.709,58.464],[13.718,58.463],[13.727,58.46],[13.737,58.451],[13.746,58.451],[13.752,58.446],[13.748,58.442],[13.745,58.436]]],[[[13.738,58.397],[13.745,58.395],[13.754,58.395],[13.758,58.401],[13.75,58.405],[13.745,58.405],[13.738,58.397]]],[[[13.769,58.581],[13.769,58.586],[13.761,58.582],[13.756,58.584],[13.752,58.577],[13.763,58.576],[13.769,58.581]]],[[[13.746,58.39],[13.754,58.392],[13.749,58.394],[13.738,58.394],[13.746,58.39]]]]}},{"type":"Feature","properties":{"id":935486,"maakond_id":414,"name":"Hällefors kommun","bbox":[14.332,59.468,14.953,60.026]},"geometry":{"type":"MultiPolygon","coordinates":[[[[14.437,60.026],[14.457,59.973],[14.373,59.959],[14.332,59.952],[14.335,59.947],[14.348,59.94],[14.348,59.937],[14.355,59.937],[14.361,59.932],[14.361,59.926],[14.357,59.92],[14.361,59.918],[14.366,59.912],[14.376,59.909],[14.39,59.908],[14.394,59.913],[14.398,59.913],[14.408,59.909],[14.413,59.906],[14.421,59.904],[14.423,59.901],[14.416,59.893],[14.417,59.888],[14.421,59.885],[14.42,59.872],[14.421,59.86],[14.421,59.844],[14.415,59.822],[14.416,59.814],[14.421,59.807],[14.435,59.771],[14.405,59.756],[14.402,59.741],[14.404,59.735],[14.408,59.731],[14.409,59.722],[14.421,59.702],[14.435,59.684],[14.428,59.67],[14.429,59.665],[14.427,59.662],[14.43,59.66],[14.437,59.637],[14.44,59.634],[14.461,59.598],[14.465,59.58],[14.476,59.529],[14.501,59.525],[14.527,59.514],[14.559,59.51],[14.56,59.505],[14.592,59.5],[14.593,59.499],[14.631,59.494],[14.656,59.472],[14.667,59.472],[14.672,59.468],[14.678,59.47],[14.694,59.472],[14.695,59.475],[14.703,59.477],[14.71,59.476],[14.71,59.482],[14.714,59.485],[14.711,59.489],[14.714,59.495],[14.721,59.5],[14.729,59.502],[14.731,59.505],[14.727,59.507],[14.737,59.51],[14.74,59.509],[14.735,59.518],[14.724,59.521],[14.715,59.527],[14.694,59.53],[14.67,59.527],[14.66,59.529],[14.656,59.534],[14.652,59.532],[14.64,59.534],[14.633,59.537],[14.63,59.537],[14.624,59.558],[14.662,59.573],[14.687,59.592],[14.708,59.601],[14.714,59.602],[14.736,59.613],[14.739,59.616],[14.756,59.62],[14.774,59.637],[14.773,59.649],[14.772,59.656],[14.759,59.668],[14.75,59.672],[14.746,59.675],[14.725,59.697],[14.723,59.706],[14.759,59.698],[14.771,59.698],[14.777,59.701],[14.817,59.694],[14.828,59.698],[14.84,59.705],[14.845,59.707],[14.851,59.707],[14.858,59.711],[14.869,59.714],[14.875,59.712],[14.89,59.728],[14.901,59.722],[14.91,59.719],[14.933,59.718],[14.936,59.71],[14.949,59.71],[14.953,59.712],[14.946,59.722],[14.93,59.739],[14.911,59.747],[14.909,59.755],[14.908,59.765],[14.905,59.768],[14.9,59.771],[14.901,59.774],[14.875,59.811],[14.86,59.85],[14.853,59.864],[14.85,59.866],[14.838,59.865],[14.835,59.868],[14.806,59.895],[14.809,59.897],[14.801,59.9],[14.789,59.91],[14.774,59.922],[14.771,59.94],[14.756,59.977],[14.754,59.997],[14.61,60.01],[14.437,60.026]]],[[[14.799,59.929],[14.794,59.932],[14.789,59.932],[14.791,59.928],[14.799,59.929]]]]}},{"type":"Feature","properties":{"id":935487,"maakond_id":407,"name":"Högsby kommun","bbox":[15.528,56.965,16.275,57.265]},"geometry":{"type":"Polygon","coordinates":[[[16.047,57.265],[16.037,57.262],[16.033,57.26],[16.021,57.263],[16.013,57.259],[15.992,57.25],[15.977,57.246],[15.956,57.251],[15.935,57.243],[15.932,57.247],[15.926,57.251],[15.913,57.254],[15.911,57.257],[15.884,57.252],[15.878,57.249],[15.855,57.245],[15.802,57.239],[15.787,57.233],[15.784,57.228],[15.79,57.221],[15.785,57.216],[15.784,57.208],[15.772,57.204],[15.768,57.202],[15.765,57.204],[15.757,57.213],[15.742,57.221],[15.747,57.223],[15.741,57.225],[15.737,57.229],[15.732,57.23],[15.715,57.233],[15.699,57.234],[15.676,57.227],[15.674,57.231],[15.669,57.233],[15.659,57.233],[15.658,57.236],[15.649,57.237],[15.643,57.24],[15.639,57.249],[15.62,57.24],[15.601,57.228],[15.593,57.217],[15.581,57.215],[15.576,57.213],[15.552,57.217],[15.55,57.215],[15.55,57.21],[15.536,57.2],[15.528,57.192],[15.529,57.192],[15.543,57.188],[15.547,57.185],[15.555,57.189],[15.56,57.179],[15.562,57.165],[15.551,57.147],[15.566,57.146],[15.572,57.149],[15.576,57.149],[15.587,57.146],[15.596,57.143],[15.596,57.137],[15.614,57.13],[15.621,57.129],[15.64,57.129],[15.642,57.125],[15.643,57.117],[15.641,57.111],[15.65,57.107],[15.654,57.102],[15.66,57.1],[15.661,57.097],[15.672,57.095],[15.682,57.083],[15.69,57.084],[15.689,57.08],[15.699,57.076],[15.704,57.078],[15.707,57.076],[15.719,57.076],[15.722,57.075],[15.726,57.07],[15.73,57.061],[15.734,57.065],[15.743,57.067],[15.754,57.064],[15.772,57.063],[15.782,57.066],[15.794,57.07],[15.808,57.072],[15.815,57.07],[15.814,57.074],[15.833,57.087],[15.84,57.087],[15.848,57.085],[15.863,57.089],[15.888,57.089],[15.887,57.083],[15.894,57.08],[15.902,57.081],[15.907,57.083],[15.918,57.082],[15.931,57.082],[15.935,57.075],[15.94,57.073],[15.941,57.069],[15.953,57.066],[15.962,57.058],[15.976,57.051],[15.985,57.051],[15.99,57.048],[15.987,57.043],[15.992,57.04],[15.993,57.036],[15.998,57.034],[15.987,57.029],[15.991,57.023],[15.99,57.02],[16,57.015],[16.002,57.011],[15.999,57.01],[16.001,57.006],[16,57],[16.002,56.991],[16,56.986],[16.007,56.982],[16.003,56.978],[16.002,56.973],[16.01,56.977],[16.018,56.975],[16.031,56.977],[16.038,56.981],[16.039,56.975],[16.045,56.969],[16.06,56.965],[16.065,56.968],[16.073,56.971],[16.081,56.975],[16.082,56.98],[16.089,56.983],[16.092,56.986],[16.12,56.983],[16.16,56.978],[16.179,56.979],[16.22,56.977],[16.223,56.978],[16.237,56.977],[16.242,56.975],[16.24,56.971],[16.246,56.97],[16.251,56.973],[16.256,56.98],[16.236,56.984],[16.24,56.985],[16.257,56.983],[16.262,56.987],[16.255,56.988],[16.249,56.99],[16.25,57.001],[16.257,57.014],[16.247,57.028],[16.258,57.035],[16.256,57.036],[16.258,57.041],[16.265,57.036],[16.275,57.039],[16.264,57.04],[16.259,57.044],[16.254,57.044],[16.25,57.04],[16.243,57.045],[16.249,57.048],[16.237,57.05],[16.23,57.053],[16.224,57.064],[16.214,57.069],[16.19,57.085],[16.176,57.091],[16.175,57.094],[16.17,57.095],[16.168,57.102],[16.16,57.107],[16.15,57.105],[16.142,57.106],[16.136,57.113],[16.12,57.115],[16.126,57.122],[16.139,57.123],[16.148,57.123],[16.152,57.13],[16.146,57.13],[16.142,57.127],[16.13,57.128],[16.137,57.133],[16.133,57.138],[16.148,57.141],[16.156,57.16],[16.167,57.168],[16.157,57.172],[16.149,57.176],[16.152,57.177],[16.149,57.182],[16.15,57.196],[16.165,57.217],[16.161,57.222],[16.166,57.233],[16.16,57.245],[16.203,57.26],[16.174,57.257],[16.156,57.26],[16.119,57.257],[16.099,57.258],[16.073,57.246],[16.068,57.245],[16.064,57.247],[16.055,57.258],[16.047,57.258],[16.047,57.265]]]}},{"type":"Feature","properties":{"id":935488,"maakond_id":406,"name":"Uppvidinge kommun","bbox":[15.064,56.831,15.836,57.238]},"geometry":{"type":"Polygon","coordinates":[[[15.064,57.181],[15.072,57.179],[15.083,57.171],[15.086,57.168],[15.078,57.165],[15.078,57.155],[15.081,57.153],[15.085,57.147],[15.106,57.141],[15.119,57.142],[15.127,57.136],[15.126,57.132],[15.133,57.133],[15.134,57.126],[15.14,57.11],[15.143,57.101],[15.127,57.099],[15.107,57.09],[15.109,57.084],[15.141,57.077],[15.144,57.07],[15.142,57.067],[15.144,57.062],[15.142,57.055],[15.147,57.053],[15.155,57.052],[15.139,57.035],[15.139,57.027],[15.148,57.026],[15.145,57.03],[15.149,57.032],[15.155,57.031],[15.165,57.031],[15.172,57.04],[15.185,57.04],[15.211,57.032],[15.223,57.026],[15.23,57.021],[15.237,57.012],[15.227,57.01],[15.225,57.007],[15.225,56.998],[15.228,56.99],[15.234,56.986],[15.234,56.966],[15.23,56.965],[15.215,56.958],[15.201,56.95],[15.198,56.951],[15.194,56.936],[15.184,56.932],[15.174,56.94],[15.163,56.944],[15.151,56.943],[15.133,56.932],[15.135,56.927],[15.16,56.928],[15.163,56.924],[15.168,56.921],[15.171,56.911],[15.159,56.904],[15.157,56.901],[15.159,56.891],[15.158,56.889],[15.172,56.88],[15.17,56.875],[15.172,56.871],[15.17,56.866],[15.183,56.864],[15.188,56.858],[15.181,56.856],[15.179,56.853],[15.171,56.85],[15.172,56.848],[15.179,56.845],[15.186,56.837],[15.187,56.835],[15.193,56.831],[15.222,56.836],[15.225,56.831],[15.232,56.832],[15.256,56.834],[15.285,56.832],[15.275,56.856],[15.276,56.875],[15.293,56.877],[15.305,56.867],[15.342,56.853],[15.336,56.873],[15.374,56.889],[15.422,56.902],[15.433,56.897],[15.447,56.877],[15.519,56.901],[15.521,56.913],[15.52,56.914],[15.534,56.922],[15.535,56.924],[15.542,56.927],[15.555,56.93],[15.572,56.924],[15.584,56.921],[15.596,56.926],[15.636,56.911],[15.667,56.903],[15.693,56.914],[15.701,56.915],[15.712,56.913],[15.738,56.911],[15.755,56.914],[15.777,56.917],[15.799,56.911],[15.8,56.915],[15.803,56.917],[15.812,56.925],[15.82,56.929],[15.822,56.933],[15.834,56.944],[15.832,56.945],[15.835,56.956],[15.835,56.965],[15.836,56.974],[15.83,56.988],[15.83,56.991],[15.824,56.997],[15.815,57.001],[15.816,57.003],[15.811,57.008],[15.8,57.015],[15.796,57.016],[15.784,57.024],[15.779,57.032],[15.774,57.035],[15.734,57.056],[15.73,57.061],[15.726,57.07],[15.722,57.075],[15.719,57.076],[15.707,57.076],[15.704,57.078],[15.699,57.076],[15.689,57.08],[15.69,57.084],[15.682,57.083],[15.672,57.095],[15.661,57.097],[15.66,57.1],[15.654,57.102],[15.65,57.107],[15.641,57.111],[15.643,57.117],[15.642,57.125],[15.64,57.129],[15.621,57.129],[15.614,57.13],[15.596,57.137],[15.596,57.143],[15.587,57.146],[15.576,57.149],[15.572,57.149],[15.566,57.146],[15.551,57.147],[15.562,57.165],[15.56,57.179],[15.555,57.189],[15.547,57.185],[15.543,57.188],[15.529,57.192],[15.527,57.192],[15.519,57.201],[15.515,57.202],[15.51,57.201],[15.499,57.204],[15.493,57.208],[15.482,57.212],[15.467,57.213],[15.464,57.215],[15.457,57.214],[15.445,57.217],[15.443,57.214],[15.436,57.215],[15.427,57.219],[15.412,57.22],[15.41,57.221],[15.403,57.223],[15.402,57.226],[15.393,57.225],[15.38,57.227],[15.367,57.227],[15.358,57.226],[15.342,57.226],[15.335,57.228],[15.33,57.227],[15.327,57.224],[15.318,57.225],[15.317,57.221],[15.311,57.223],[15.305,57.222],[15.302,57.224],[15.291,57.222],[15.281,57.224],[15.279,57.221],[15.264,57.22],[15.251,57.226],[15.247,57.222],[15.241,57.221],[15.234,57.23],[15.222,57.219],[15.215,57.216],[15.211,57.212],[15.196,57.208],[15.185,57.212],[15.183,57.217],[15.177,57.221],[15.181,57.225],[15.167,57.23],[15.162,57.225],[15.156,57.227],[15.154,57.231],[15.139,57.237],[15.13,57.238],[15.128,57.233],[15.121,57.23],[15.127,57.227],[15.133,57.227],[15.14,57.225],[15.142,57.219],[15.145,57.219],[15.147,57.215],[15.151,57.211],[15.15,57.207],[15.152,57.204],[15.153,57.198],[15.155,57.196],[15.154,57.181],[15.15,57.179],[15.146,57.175],[15.135,57.183],[15.129,57.186],[15.127,57.19],[15.119,57.191],[15.115,57.19],[15.106,57.191],[15.101,57.195],[15.088,57.195],[15.081,57.196],[15.077,57.194],[15.076,57.188],[15.068,57.186],[15.064,57.181]]]}},{"type":"Feature","properties":{"id":935489,"maakond_id":412,"name":"Strömstads kommun","bbox":[10.606,58.795,11.465,59.115]},"geometry":{"type":"Polygon","coordinates":[[[11.457,58.888],[11.456,58.895],[11.456,58.917],[11.464,58.933],[11.46,58.952],[11.462,58.973],[11.454,58.985],[11.465,58.991],[11.443,59.014],[11.431,59.028],[11.414,59.04],[11.389,59.077],[11.368,59.098],[11.34,59.115],[11.303,59.106],[11.289,59.1],[11.258,59.096],[11.225,59.088],[11.154,59.079],[11.117,59.015],[11.092,58.992],[11.066,58.977],[10.983,58.96],[10.918,58.942],[10.756,58.913],[10.639,58.892],[10.606,58.797],[10.699,58.798],[10.959,58.799],[11.026,58.799],[11.061,58.795],[11.105,58.818],[11.131,58.81],[11.143,58.811],[11.153,58.815],[11.16,58.816],[11.169,58.818],[11.18,58.824],[11.187,58.826],[11.196,58.825],[11.205,58.828],[11.209,58.832],[11.209,58.836],[11.214,58.838],[11.223,58.838],[11.222,58.841],[11.257,58.849],[11.268,58.846],[11.257,58.845],[11.247,58.842],[11.237,58.839],[11.235,58.836],[11.225,58.837],[11.227,58.834],[11.232,58.83],[11.242,58.832],[11.255,58.837],[11.267,58.836],[11.265,58.841],[11.274,58.843],[11.286,58.843],[11.298,58.852],[11.304,58.851],[11.315,58.847],[11.327,58.846],[11.332,58.845],[11.349,58.864],[11.366,58.861],[11.374,58.851],[11.38,58.849],[11.375,58.844],[11.373,58.84],[11.387,58.842],[11.39,58.84],[11.396,58.842],[11.397,58.846],[11.443,58.865],[11.456,58.869],[11.458,58.871],[11.454,58.877],[11.457,58.888]]]}},{"type":"Feature","properties":{"id":935490,"maakond_id":421,"name":"Piteå kommun","bbox":[19.629,64.902,22.451,65.658]},"geometry":{"type":"Polygon","coordinates":[[[21.358,65.658],[21.232,65.624],[21.144,65.6],[21.189,65.569],[21.177,65.566],[21.188,65.558],[21.184,65.557],[21.161,65.562],[21.124,65.55],[21.121,65.536],[21.096,65.553],[21.078,65.536],[21.053,65.529],[21.059,65.524],[21.011,65.516],[20.995,65.51],[20.986,65.518],[20.986,65.523],[20.979,65.524],[20.969,65.532],[20.945,65.511],[20.937,65.515],[20.911,65.521],[20.879,65.533],[20.883,65.535],[20.765,65.553],[20.758,65.56],[20.74,65.554],[20.693,65.57],[20.704,65.576],[20.659,65.583],[20.639,65.584],[20.619,65.591],[20.609,65.599],[20.525,65.628],[20.49,65.6],[20.459,65.612],[20.403,65.597],[20.393,65.592],[20.377,65.596],[20.351,65.596],[20.352,65.599],[20.335,65.601],[20.322,65.604],[20.3,65.622],[20.299,65.625],[20.292,65.626],[20.288,65.603],[20.256,65.597],[20.249,65.596],[20.206,65.594],[20.217,65.565],[20.189,65.557],[20.025,65.503],[19.913,65.517],[19.757,65.536],[19.698,65.526],[19.629,65.452],[19.747,65.421],[19.832,65.398],[19.895,65.381],[20.088,65.349],[20.11,65.346],[20.209,65.326],[20.344,65.3],[20.421,65.284],[20.599,65.248],[20.726,65.224],[20.806,65.209],[20.959,65.195],[21.107,65.181],[21.199,65.172],[21.23,65.169],[21.266,65.163],[21.319,65.136],[21.488,65.086],[21.544,65.063],[21.556,65.06],[21.944,64.903],[21.945,64.902],[22.161,64.967],[22.191,64.978],[22.291,65.013],[22.451,65.07],[22.32,65.147],[21.937,65.362],[21.915,65.398],[21.826,65.455],[21.735,65.48],[21.646,65.52],[21.563,65.557],[21.505,65.584],[21.49,65.591],[21.396,65.619],[21.386,65.618],[21.38,65.646],[21.358,65.658]],[[20.01,65.368],[19.997,65.37],[20,65.373],[20.037,65.368],[20.028,65.361],[20.01,65.368]]]}},{"type":"Feature","properties":{"id":935491,"maakond_id":412,"name":"Bengtsfors kommun","bbox":[11.83,58.75,12.468,59.264]},"geometry":{"type":"MultiPolygon","coordinates":[[[[12.422,59.193],[12.415,59.191],[12.408,59.187],[12.386,59.181],[12.367,59.177],[12.347,59.174],[12.336,59.175],[12.335,59.179],[12.328,59.18],[12.315,59.189],[12.315,59.193],[12.313,59.197],[12.304,59.198],[12.297,59.196],[12.282,59.188],[12.274,59.189],[12.266,59.193],[12.261,59.194],[12.258,59.203],[12.256,59.205],[12.255,59.217],[12.249,59.22],[12.244,59.229],[12.245,59.231],[12.238,59.242],[12.239,59.252],[12.236,59.257],[12.229,59.257],[12.228,59.26],[12.215,59.264],[12.208,59.257],[12.212,59.253],[12.185,59.25],[12.136,59.253],[12.123,59.25],[12.112,59.254],[12.103,59.252],[12.082,59.257],[12.084,59.246],[12.083,59.241],[12.084,59.225],[12.088,59.223],[12.091,59.216],[12.094,59.2],[12.106,59.194],[12.095,59.189],[12.095,59.185],[12.09,59.184],[12.085,59.176],[12.053,59.188],[12.048,59.193],[12.033,59.201],[12.029,59.212],[12.019,59.213],[12.014,59.212],[12,59.22],[11.988,59.224],[11.963,59.239],[11.948,59.25],[11.943,59.24],[11.945,59.235],[11.929,59.226],[11.924,59.225],[11.905,59.223],[11.883,59.226],[11.869,59.231],[11.848,59.233],[11.836,59.236],[11.836,59.214],[11.83,59.205],[11.836,59.191],[11.854,59.182],[11.854,59.175],[11.858,59.172],[11.872,59.169],[11.881,59.157],[11.911,59.16],[11.924,59.159],[11.932,59.158],[11.939,59.153],[11.95,59.154],[11.95,59.147],[11.956,59.143],[11.963,59.132],[11.968,59.129],[11.971,59.123],[11.997,59.12],[11.986,59.11],[11.978,59.106],[11.98,59.102],[11.971,59.096],[11.987,59.085],[11.995,59.081],[12.007,59.078],[12.016,59.073],[12.009,59.066],[12.009,59.063],[12.017,59.061],[12.014,59.049],[12.023,59.048],[12.03,59.044],[12.037,59.038],[12.048,59.034],[12.056,59.038],[12.067,59.038],[12.07,59.039],[12.078,59.038],[12.081,59.035],[12.089,59.032],[12.092,59.029],[12.097,59.027],[12.099,59.024],[12.097,59.02],[12.109,59.009],[12.12,59.007],[12.117,58.999],[12.105,58.992],[12.11,58.988],[12.111,58.98],[12.113,58.977],[12.124,58.975],[12.136,58.976],[12.141,58.978],[12.148,58.974],[12.149,58.97],[12.149,58.958],[12.144,58.959],[12.136,58.955],[12.126,58.953],[12.126,58.945],[12.119,58.946],[12.113,58.948],[12.109,58.951],[12.097,58.948],[12.094,58.943],[12.088,58.942],[12.089,58.939],[12.085,58.935],[12.085,58.928],[12.083,58.917],[12.077,58.914],[12.084,58.911],[12.087,58.908],[12.101,58.906],[12.094,58.895],[12.097,58.893],[12.086,58.881],[12.084,58.874],[12.088,58.872],[12.101,58.861],[12.102,58.859],[12.096,58.849],[12.091,58.847],[12.089,58.839],[12.089,58.834],[12.081,58.838],[12.079,58.84],[12.067,58.846],[12.063,58.845],[12.058,58.847],[12.053,58.845],[12.051,58.841],[12.052,58.835],[12.068,58.832],[12.06,58.825],[12.053,58.825],[12.043,58.829],[12.033,58.822],[12.023,58.81],[12.023,58.807],[12.017,58.806],[12.01,58.802],[12.001,58.803],[11.997,58.795],[11.995,58.793],[11.998,58.787],[12.007,58.782],[12.015,58.785],[12.015,58.779],[12.022,58.776],[12.041,58.777],[12.046,58.772],[12.061,58.779],[12.056,58.782],[12.06,58.787],[12.083,58.787],[12.099,58.784],[12.113,58.787],[12.111,58.79],[12.101,58.793],[12.103,58.798],[12.13,58.795],[12.164,58.775],[12.167,58.771],[12.184,58.759],[12.186,58.75],[12.19,58.75],[12.204,58.759],[12.218,58.765],[12.221,58.769],[12.23,58.767],[12.236,58.764],[12.245,58.769],[12.254,58.772],[12.263,58.777],[12.261,58.781],[12.262,58.788],[12.259,58.797],[12.245,58.808],[12.238,58.809],[12.24,58.814],[12.237,58.817],[12.232,58.819],[12.233,58.838],[12.243,58.841],[12.245,58.848],[12.25,58.849],[12.255,58.852],[12.263,58.854],[12.277,58.854],[12.307,58.852],[12.318,58.847],[12.325,58.847],[12.335,58.851],[12.359,58.854],[12.358,58.84],[12.372,58.84],[12.381,58.84],[12.392,58.842],[12.403,58.842],[12.399,58.852],[12.41,58.855],[12.424,58.86],[12.433,58.867],[12.433,58.873],[12.435,58.878],[12.438,58.879],[12.441,58.888],[12.442,58.897],[12.451,58.901],[12.446,58.911],[12.451,58.912],[12.46,58.917],[12.457,58.919],[12.451,58.913],[12.446,58.912],[12.446,58.917],[12.45,58.923],[12.451,58.927],[12.456,58.926],[12.456,58.933],[12.449,58.936],[12.443,58.944],[12.427,58.941],[12.418,58.945],[12.413,58.953],[12.414,58.956],[12.418,58.958],[12.41,58.963],[12.413,58.971],[12.418,58.973],[12.414,58.98],[12.41,58.981],[12.411,58.984],[12.423,58.993],[12.426,58.998],[12.425,59.003],[12.402,59.005],[12.412,59.018],[12.426,59.025],[12.429,59.03],[12.424,59.031],[12.415,59.035],[12.414,59.038],[12.416,59.044],[12.412,59.052],[12.419,59.06],[12.425,59.061],[12.43,59.067],[12.421,59.073],[12.428,59.078],[12.425,59.08],[12.427,59.085],[12.432,59.089],[12.436,59.093],[12.441,59.101],[12.443,59.103],[12.441,59.11],[12.444,59.113],[12.446,59.122],[12.452,59.129],[12.457,59.132],[12.468,59.14],[12.458,59.145],[12.461,59.153],[12.451,59.158],[12.447,59.159],[12.423,59.163],[12.415,59.169],[12.42,59.175],[12.434,59.175],[12.442,59.174],[12.455,59.174],[12.462,59.182],[12.459,59.193],[12.454,59.194],[12.44,59.194],[12.438,59.193],[12.422,59.193]]],[[[12.122,58.768],[12.108,58.775],[12.101,58.775],[12.1,58.772],[12.11,58.765],[12.12,58.765],[12.122,58.768]]]]}},{"type":"Feature","properties":{"id":935492,"maakond_id":410,"name":"Osby kommun","bbox":[13.696,56.287,14.515,56.533]},"geometry":{"type":"Polygon","coordinates":[[[13.696,56.425],[13.703,56.423],[13.706,56.417],[13.71,56.41],[13.716,56.405],[13.724,56.407],[13.746,56.402],[13.753,56.386],[13.762,56.39],[13.773,56.393],[13.782,56.393],[13.791,56.394],[13.799,56.392],[13.817,56.382],[13.829,56.389],[13.843,56.396],[13.846,56.389],[13.861,56.392],[13.885,56.403],[13.893,56.401],[13.9,56.39],[13.898,56.387],[13.902,56.382],[13.906,56.381],[13.903,56.377],[13.892,56.372],[13.892,56.361],[13.897,56.358],[13.903,56.363],[13.911,56.366],[13.924,56.36],[13.928,56.36],[13.934,56.363],[13.931,56.353],[13.932,56.347],[13.916,56.319],[13.934,56.328],[13.94,56.326],[13.959,56.323],[13.964,56.326],[13.971,56.324],[13.989,56.317],[13.989,56.314],[13.999,56.322],[14.006,56.326],[14.015,56.334],[14.016,56.336],[14.022,56.339],[14.051,56.334],[14.064,56.333],[14.069,56.333],[14.074,56.336],[14.075,56.339],[14.073,56.344],[14.077,56.355],[14.084,56.359],[14.092,56.362],[14.099,56.36],[14.105,56.364],[14.12,56.366],[14.124,56.363],[14.13,56.364],[14.133,56.372],[14.131,56.373],[14.136,56.383],[14.139,56.385],[14.15,56.388],[14.159,56.389],[14.165,56.395],[14.165,56.404],[14.168,56.411],[14.18,56.428],[14.19,56.426],[14.199,56.433],[14.21,56.438],[14.224,56.453],[14.239,56.453],[14.244,56.451],[14.247,56.445],[14.243,56.436],[14.24,56.431],[14.237,56.43],[14.236,56.425],[14.226,56.412],[14.222,56.402],[14.215,56.395],[14.213,56.388],[14.217,56.387],[14.214,56.381],[14.209,56.366],[14.205,56.365],[14.207,56.36],[14.222,56.356],[14.217,56.346],[14.223,56.343],[14.237,56.34],[14.244,56.338],[14.248,56.338],[14.251,56.344],[14.251,56.351],[14.255,56.359],[14.253,56.36],[14.254,56.366],[14.258,56.37],[14.265,56.37],[14.278,56.37],[14.294,56.372],[14.295,56.365],[14.3,56.362],[14.306,56.36],[14.309,56.352],[14.306,56.344],[14.31,56.342],[14.314,56.336],[14.311,56.335],[14.307,56.33],[14.301,56.326],[14.29,56.329],[14.286,56.328],[14.284,56.324],[14.282,56.315],[14.28,56.311],[14.274,56.309],[14.274,56.302],[14.28,56.3],[14.288,56.287],[14.3,56.292],[14.302,56.296],[14.31,56.294],[14.315,56.295],[14.32,56.301],[14.326,56.297],[14.324,56.293],[14.328,56.292],[14.33,56.288],[14.345,56.291],[14.352,56.295],[14.362,56.299],[14.375,56.3],[14.39,56.301],[14.401,56.327],[14.4,56.331],[14.406,56.335],[14.405,56.343],[14.411,56.353],[14.411,56.358],[14.413,56.367],[14.419,56.367],[14.419,56.376],[14.421,56.384],[14.415,56.393],[14.413,56.393],[14.414,56.4],[14.427,56.401],[14.443,56.405],[14.455,56.408],[14.472,56.408],[14.474,56.411],[14.482,56.417],[14.488,56.424],[14.49,56.43],[14.494,56.434],[14.493,56.438],[14.498,56.439],[14.499,56.445],[14.506,56.444],[14.511,56.458],[14.515,56.46],[14.505,56.461],[14.496,56.464],[14.482,56.463],[14.471,56.464],[14.459,56.473],[14.451,56.47],[14.439,56.47],[14.433,56.47],[14.425,56.473],[14.417,56.473],[14.41,56.476],[14.387,56.48],[14.378,56.48],[14.366,56.481],[14.352,56.484],[14.344,56.484],[14.332,56.488],[14.318,56.494],[14.287,56.499],[14.276,56.498],[14.278,56.501],[14.278,56.506],[14.267,56.507],[14.241,56.494],[14.233,56.491],[14.231,56.493],[14.199,56.497],[14.193,56.496],[14.189,56.494],[14.18,56.494],[14.165,56.497],[14.164,56.5],[14.143,56.508],[14.136,56.507],[14.126,56.507],[14.121,56.511],[14.117,56.518],[14.12,56.522],[14.106,56.53],[14.091,56.533],[14.072,56.529],[14.065,56.529],[14.062,56.526],[14.063,56.52],[14.062,56.514],[14.056,56.51],[14.056,56.501],[14.048,56.495],[14.044,56.49],[14.043,56.486],[14.031,56.477],[14.025,56.468],[14.017,56.47],[14.005,56.469],[14.004,56.467],[13.983,56.467],[13.974,56.469],[13.971,56.467],[13.952,56.467],[13.926,56.458],[13.921,56.459],[13.912,56.457],[13.901,56.457],[13.89,56.452],[13.89,56.45],[13.878,56.441],[13.877,56.437],[13.825,56.442],[13.794,56.448],[13.76,56.444],[13.733,56.435],[13.716,56.431],[13.7,56.427],[13.696,56.425]]]}},{"type":"Feature","properties":{"id":935493,"maakond_id":413,"name":"Storfors kommun","bbox":[14.006,59.318,14.476,59.608]},"geometry":{"type":"MultiPolygon","coordinates":[[[[14.018,59.488],[14.019,59.489],[14.035,59.481],[14.079,59.478],[14.108,59.465],[14.129,59.46],[14.134,59.463],[14.142,59.461],[14.136,59.458],[14.138,59.455],[14.137,59.451],[14.148,59.436],[14.156,59.44],[14.162,59.446],[14.177,59.439],[14.218,59.423],[14.227,59.428],[14.228,59.437],[14.231,59.442],[14.24,59.442],[14.246,59.439],[14.25,59.43],[14.257,59.427],[14.263,59.421],[14.252,59.412],[14.244,59.411],[14.232,59.404],[14.231,59.399],[14.215,59.369],[14.211,59.361],[14.229,59.356],[14.23,59.357],[14.242,59.358],[14.245,59.354],[14.244,59.35],[14.25,59.348],[14.261,59.34],[14.265,59.332],[14.315,59.32],[14.325,59.318],[14.326,59.318],[14.328,59.324],[14.334,59.33],[14.341,59.334],[14.352,59.33],[14.355,59.332],[14.363,59.349],[14.367,59.369],[14.377,59.369],[14.374,59.376],[14.379,59.384],[14.39,59.39],[14.393,59.395],[14.41,59.414],[14.417,59.413],[14.432,59.422],[14.458,59.436],[14.465,59.437],[14.469,59.441],[14.462,59.446],[14.457,59.448],[14.451,59.453],[14.441,59.459],[14.436,59.467],[14.425,59.479],[14.423,59.485],[14.42,59.485],[14.4,59.501],[14.395,59.509],[14.395,59.513],[14.391,59.514],[14.401,59.519],[14.431,59.537],[14.436,59.542],[14.476,59.529],[14.465,59.58],[14.446,59.578],[14.434,59.574],[14.429,59.576],[14.419,59.57],[14.416,59.57],[14.416,59.561],[14.408,59.561],[14.399,59.564],[14.397,59.56],[14.392,59.56],[14.393,59.567],[14.39,59.569],[14.386,59.578],[14.387,59.581],[14.382,59.582],[14.379,59.585],[14.37,59.584],[14.369,59.588],[14.361,59.593],[14.353,59.591],[14.356,59.588],[14.344,59.587],[14.3,59.598],[14.296,59.606],[14.287,59.608],[14.271,59.601],[14.273,59.591],[14.272,59.589],[14.235,59.59],[14.234,59.596],[14.214,59.594],[14.183,59.605],[14.174,59.607],[14.169,59.601],[14.16,59.6],[14.162,59.593],[14.146,59.591],[14.133,59.591],[14.097,59.591],[14.063,59.591],[14.036,59.561],[14.031,59.554],[14.031,59.543],[14.016,59.53],[14.022,59.499],[14.019,59.495],[14.008,59.495],[14.006,59.49],[14.018,59.488]]],[[[14.011,59.499],[14.008,59.495],[14.016,59.495],[14.018,59.502],[14.011,59.499]]]]}},{"type":"Feature","properties":{"id":935494,"maakond_id":414,"name":"Kumla kommun","bbox":[14.918,59.047,15.359,59.189]},"geometry":{"type":"Polygon","coordinates":[[[14.923,59.085],[14.918,59.075],[14.928,59.075],[14.937,59.073],[14.946,59.076],[14.963,59.078],[14.969,59.077],[14.979,59.078],[14.991,59.072],[14.984,59.068],[14.984,59.063],[14.988,59.057],[14.995,59.056],[14.998,59.054],[15.004,59.053],[15.006,59.051],[15.017,59.048],[15.018,59.047],[15.04,59.052],[15.04,59.056],[15.032,59.054],[15.029,59.056],[15.029,59.061],[15.034,59.065],[15.048,59.068],[15.061,59.068],[15.064,59.077],[15.07,59.076],[15.075,59.082],[15.075,59.084],[15.081,59.085],[15.098,59.083],[15.097,59.081],[15.104,59.079],[15.122,59.084],[15.126,59.083],[15.123,59.075],[15.137,59.072],[15.155,59.081],[15.161,59.088],[15.181,59.088],[15.185,59.09],[15.225,59.09],[15.246,59.087],[15.251,59.082],[15.258,59.065],[15.262,59.063],[15.268,59.067],[15.268,59.071],[15.272,59.073],[15.276,59.08],[15.275,59.083],[15.278,59.086],[15.268,59.103],[15.28,59.104],[15.286,59.103],[15.286,59.109],[15.3,59.109],[15.3,59.113],[15.297,59.124],[15.298,59.131],[15.285,59.134],[15.303,59.137],[15.308,59.14],[15.309,59.143],[15.319,59.144],[15.323,59.149],[15.32,59.153],[15.35,59.168],[15.345,59.17],[15.356,59.175],[15.359,59.179],[15.357,59.183],[15.331,59.185],[15.326,59.184],[15.318,59.181],[15.308,59.181],[15.298,59.188],[15.29,59.187],[15.284,59.189],[15.279,59.189],[15.277,59.185],[15.258,59.181],[15.249,59.177],[15.238,59.175],[15.23,59.172],[15.2,59.182],[15.184,59.182],[15.161,59.17],[15.156,59.17],[15.143,59.17],[15.153,59.178],[15.158,59.178],[15.158,59.182],[15.145,59.181],[15.145,59.179],[15.136,59.177],[15.125,59.177],[15.111,59.177],[15.097,59.181],[15.084,59.175],[15.067,59.172],[15.055,59.173],[15.055,59.17],[15.05,59.167],[15.05,59.161],[15.046,59.157],[15.053,59.157],[15.055,59.152],[15.043,59.136],[15.031,59.132],[14.993,59.126],[14.99,59.128],[14.98,59.129],[14.961,59.128],[14.951,59.12],[14.946,59.119],[14.943,59.116],[14.938,59.115],[14.935,59.11],[14.934,59.106],[14.93,59.102],[14.928,59.095],[14.929,59.092],[14.925,59.089],[14.923,59.085]]]}},{"type":"Feature","properties":{"id":935495,"maakond_id":405,"name":"Jönköpings kommun","bbox":[13.637,57.54,14.654,58.191]},"geometry":{"type":"MultiPolygon","coordinates":[[[[14.314,58.132],[14.237,58.028],[14.205,57.901],[14.136,57.887],[14.117,57.877],[14.114,57.873],[14.109,57.873],[14.105,57.869],[14.101,57.868],[14.102,57.862],[14.097,57.858],[14.08,57.857],[14.077,57.854],[14.069,57.856],[14.068,57.858],[14.059,57.859],[14.057,57.862],[14.049,57.864],[14.043,57.863],[14.043,57.859],[14.036,57.858],[14.03,57.86],[14.022,57.851],[14.013,57.85],[14.013,57.831],[14.017,57.825],[14.015,57.821],[14.011,57.805],[13.998,57.804],[13.994,57.807],[13.976,57.811],[13.97,57.812],[13.967,57.814],[13.964,57.82],[13.966,57.822],[13.953,57.825],[13.959,57.828],[13.96,57.833],[13.951,57.835],[13.942,57.838],[13.945,57.845],[13.931,57.852],[13.921,57.856],[13.905,57.847],[13.901,57.841],[13.89,57.839],[13.888,57.838],[13.867,57.85],[13.864,57.851],[13.863,57.841],[13.859,57.837],[13.861,57.833],[13.858,57.83],[13.845,57.83],[13.83,57.832],[13.829,57.834],[13.811,57.835],[13.803,57.829],[13.798,57.831],[13.793,57.835],[13.788,57.837],[13.783,57.846],[13.77,57.846],[13.766,57.844],[13.761,57.844],[13.732,57.845],[13.737,57.843],[13.738,57.818],[13.744,57.816],[13.746,57.81],[13.742,57.807],[13.744,57.805],[13.744,57.798],[13.746,57.784],[13.75,57.781],[13.749,57.778],[13.754,57.773],[13.742,57.757],[13.732,57.753],[13.723,57.742],[13.714,57.731],[13.717,57.723],[13.73,57.718],[13.727,57.716],[13.694,57.706],[13.722,57.692],[13.723,57.682],[13.725,57.669],[13.716,57.655],[13.708,57.638],[13.686,57.632],[13.682,57.626],[13.672,57.628],[13.671,57.62],[13.664,57.615],[13.668,57.609],[13.67,57.602],[13.669,57.594],[13.679,57.595],[13.677,57.59],[13.672,57.587],[13.679,57.584],[13.68,57.577],[13.687,57.576],[13.686,57.569],[13.689,57.558],[13.719,57.56],[13.72,57.563],[13.726,57.569],[13.735,57.568],[13.742,57.569],[13.75,57.567],[13.749,57.565],[13.754,57.561],[13.757,57.562],[13.776,57.555],[13.781,57.561],[13.783,57.566],[13.79,57.574],[13.806,57.581],[13.813,57.583],[13.815,57.588],[13.801,57.589],[13.801,57.593],[13.805,57.598],[13.805,57.602],[13.8,57.608],[13.807,57.612],[13.819,57.614],[13.826,57.613],[13.842,57.616],[13.847,57.618],[13.853,57.623],[13.87,57.621],[13.904,57.614],[13.917,57.61],[13.919,57.617],[13.926,57.62],[13.938,57.62],[13.947,57.624],[13.953,57.624],[13.952,57.628],[13.955,57.631],[13.958,57.641],[13.965,57.654],[13.97,57.658],[13.983,57.647],[13.996,57.639],[13.997,57.636],[14.008,57.631],[14.017,57.63],[14.022,57.625],[14.022,57.623],[14.027,57.622],[14.029,57.618],[14.045,57.629],[14.063,57.63],[14.079,57.622],[14.093,57.617],[14.113,57.612],[14.126,57.612],[14.14,57.616],[14.145,57.626],[14.161,57.631],[14.184,57.639],[14.193,57.644],[14.197,57.644],[14.204,57.637],[14.204,57.63],[14.206,57.617],[14.21,57.611],[14.209,57.61],[14.216,57.606],[14.215,57.602],[14.208,57.6],[14.217,57.59],[14.214,57.584],[14.217,57.58],[14.218,57.573],[14.226,57.569],[14.229,57.566],[14.225,57.554],[14.229,57.552],[14.228,57.549],[14.237,57.547],[14.238,57.55],[14.248,57.552],[14.249,57.555],[14.256,57.559],[14.256,57.563],[14.266,57.561],[14.275,57.563],[14.283,57.56],[14.284,57.553],[14.291,57.558],[14.294,57.554],[14.301,57.552],[14.311,57.543],[14.332,57.54],[14.343,57.54],[14.348,57.543],[14.346,57.546],[14.348,57.552],[14.345,57.554],[14.342,57.561],[14.341,57.567],[14.338,57.573],[14.336,57.583],[14.337,57.587],[14.336,57.591],[14.332,57.596],[14.354,57.598],[14.361,57.599],[14.37,57.604],[14.38,57.613],[14.368,57.615],[14.364,57.622],[14.36,57.626],[14.36,57.631],[14.364,57.634],[14.379,57.636],[14.387,57.64],[14.383,57.649],[14.385,57.651],[14.391,57.65],[14.393,57.654],[14.391,57.656],[14.396,57.66],[14.396,57.665],[14.403,57.665],[14.415,57.663],[14.425,57.664],[14.427,57.668],[14.422,57.669],[14.419,57.677],[14.423,57.684],[14.432,57.683],[14.442,57.688],[14.438,57.692],[14.444,57.694],[14.449,57.694],[14.452,57.697],[14.441,57.705],[14.449,57.71],[14.447,57.713],[14.434,57.717],[14.436,57.721],[14.455,57.723],[14.456,57.731],[14.459,57.731],[14.473,57.727],[14.487,57.726],[14.499,57.723],[14.502,57.726],[14.508,57.727],[14.509,57.731],[14.515,57.741],[14.525,57.745],[14.53,57.742],[14.54,57.745],[14.545,57.743],[14.55,57.744],[14.558,57.741],[14.561,57.745],[14.57,57.744],[14.569,57.737],[14.578,57.734],[14.584,57.739],[14.606,57.739],[14.603,57.744],[14.618,57.749],[14.625,57.748],[14.63,57.751],[14.64,57.749],[14.647,57.75],[14.654,57.753],[14.651,57.759],[14.636,57.766],[14.637,57.77],[14.64,57.776],[14.637,57.78],[14.629,57.782],[14.631,57.788],[14.621,57.802],[14.621,57.812],[14.616,57.814],[14.616,57.819],[14.614,57.821],[14.614,57.826],[14.619,57.831],[14.604,57.83],[14.599,57.835],[14.603,57.844],[14.604,57.854],[14.599,57.856],[14.591,57.856],[14.586,57.862],[14.591,57.869],[14.574,57.868],[14.568,57.872],[14.544,57.873],[14.538,57.87],[14.534,57.865],[14.527,57.864],[14.524,57.859],[14.519,57.858],[14.513,57.859],[14.506,57.854],[14.495,57.856],[14.496,57.863],[14.489,57.866],[14.48,57.874],[14.478,57.877],[14.481,57.881],[14.478,57.884],[14.482,57.891],[14.483,57.9],[14.482,57.902],[14.481,57.916],[14.485,57.92],[14.485,57.925],[14.496,57.93],[14.496,57.933],[14.504,57.939],[14.511,57.939],[14.513,57.942],[14.522,57.939],[14.527,57.941],[14.535,57.939],[14.545,57.943],[14.549,57.947],[14.555,57.949],[14.571,57.947],[14.579,57.942],[14.585,57.945],[14.582,57.951],[14.579,57.952],[14.577,57.959],[14.582,57.965],[14.577,57.972],[14.58,57.981],[14.577,57.988],[14.587,57.992],[14.599,57.999],[14.613,58.001],[14.616,58.006],[14.615,58.011],[14.62,58.017],[14.618,58.022],[14.62,58.024],[14.615,58.029],[14.614,58.035],[14.608,58.038],[14.606,58.046],[14.609,58.05],[14.619,58.051],[14.62,58.054],[14.617,58.058],[14.612,58.061],[14.604,58.069],[14.606,58.075],[14.604,58.081],[14.602,58.086],[14.597,58.09],[14.593,58.099],[14.587,58.104],[14.565,58.107],[14.557,58.105],[14.55,58.105],[14.543,58.111],[14.468,58.131],[14.418,58.191],[14.314,58.132]]],[[[13.651,57.607],[13.649,57.604],[13.637,57.594],[13.639,57.593],[13.649,57.594],[13.657,57.603],[13.65,57.605],[13.651,57.607]]]]}},{"type":"Feature","properties":{"id":935497,"maakond_id":418,"name":"Sundsvalls kommun","bbox":[16.251,62.087,18.231,62.947]},"geometry":{"type":"MultiPolygon","coordinates":[[[[16.494,62.808],[16.419,62.771],[16.405,62.749],[16.37,62.696],[16.383,62.674],[16.414,62.66],[16.468,62.637],[16.517,62.615],[16.571,62.59],[16.565,62.592],[16.534,62.578],[16.551,62.575],[16.511,62.539],[16.458,62.5],[16.428,62.452],[16.428,62.449],[16.438,62.446],[16.44,62.442],[16.448,62.439],[16.458,62.433],[16.461,62.431],[16.454,62.428],[16.456,62.425],[16.473,62.421],[16.415,62.368],[16.427,62.35],[16.395,62.31],[16.387,62.31],[16.377,62.304],[16.315,62.269],[16.251,62.235],[16.435,62.236],[16.521,62.233],[16.633,62.214],[16.672,62.211],[16.717,62.208],[16.801,62.203],[16.892,62.176],[16.934,62.168],[16.942,62.172],[16.946,62.17],[16.945,62.166],[16.962,62.163],[16.975,62.165],[17.033,62.16],[17.07,62.164],[17.085,62.162],[17.098,62.157],[17.109,62.157],[17.119,62.156],[17.131,62.158],[17.138,62.157],[17.146,62.157],[17.149,62.16],[17.159,62.163],[17.164,62.163],[17.207,62.161],[17.212,62.154],[17.216,62.15],[17.245,62.151],[17.32,62.157],[17.435,62.144],[17.528,62.133],[17.726,62.117],[18.116,62.087],[18.161,62.172],[18.191,62.231],[18.231,62.308],[17.658,62.377],[17.6,62.42],[17.563,62.414],[17.527,62.42],[17.51,62.431],[17.501,62.44],[17.519,62.447],[17.495,62.472],[17.494,62.478],[17.479,62.489],[17.462,62.491],[17.41,62.494],[17.394,62.493],[17.392,62.485],[17.381,62.485],[17.365,62.483],[17.353,62.48],[17.356,62.473],[17.342,62.471],[17.313,62.472],[17.309,62.47],[17.296,62.471],[17.291,62.469],[17.289,62.458],[17.262,62.449],[17.239,62.445],[17.216,62.445],[17.212,62.461],[17.202,62.467],[17.201,62.473],[17.201,62.481],[17.211,62.504],[17.224,62.521],[17.228,62.519],[17.235,62.519],[17.251,62.525],[17.258,62.538],[17.269,62.562],[17.273,62.588],[17.232,62.598],[17.15,62.625],[17.121,62.642],[17.124,62.644],[17.103,62.654],[17.1,62.654],[17.066,62.674],[17.012,62.698],[16.97,62.716],[16.947,62.745],[16.975,62.758],[17.006,62.774],[17.048,62.794],[17.112,62.827],[17.164,62.856],[17.093,62.897],[17.07,62.909],[16.999,62.947],[16.881,62.932],[16.863,62.931],[16.81,62.927],[16.748,62.923],[16.72,62.922],[16.709,62.913],[16.708,62.921],[16.692,62.92],[16.692,62.917],[16.68,62.912],[16.671,62.912],[16.67,62.917],[16.633,62.894],[16.623,62.888],[16.624,62.887],[16.543,62.839],[16.494,62.808]]],[[[16.416,62.657],[16.405,62.654],[16.411,62.652],[16.417,62.655],[16.416,62.657]]]]}},{"type":"Feature","properties":{"id":935498,"maakond_id":414,"name":"Degerfors kommun","bbox":[14.289,58.982,14.615,59.318]},"geometry":{"type":"Polygon","coordinates":[[[14.326,59.318],[14.325,59.318],[14.318,59.304],[14.319,59.303],[14.307,59.288],[14.306,59.284],[14.312,59.28],[14.308,59.272],[14.306,59.258],[14.308,59.249],[14.291,59.231],[14.289,59.227],[14.289,59.214],[14.295,59.205],[14.296,59.196],[14.291,59.183],[14.291,59.173],[14.29,59.159],[14.293,59.151],[14.298,59.147],[14.301,59.136],[14.296,59.127],[14.338,59.097],[14.34,59.092],[14.34,59.084],[14.336,59.078],[14.337,59.073],[14.323,59.063],[14.298,59.012],[14.292,58.982],[14.365,58.994],[14.37,59.001],[14.368,59.004],[14.39,59.006],[14.398,59.006],[14.413,59.009],[14.439,59.009],[14.439,59.013],[14.447,59.015],[14.451,59.013],[14.45,59.009],[14.465,59.009],[14.492,59.004],[14.465,59.029],[14.453,59.028],[14.452,59.035],[14.457,59.035],[14.451,59.041],[14.459,59.047],[14.457,59.051],[14.463,59.054],[14.485,59.086],[14.505,59.089],[14.505,59.093],[14.509,59.093],[14.512,59.09],[14.545,59.095],[14.57,59.099],[14.576,59.101],[14.573,59.102],[14.572,59.114],[14.591,59.115],[14.593,59.121],[14.576,59.121],[14.58,59.125],[14.586,59.126],[14.587,59.136],[14.581,59.137],[14.578,59.141],[14.579,59.145],[14.568,59.147],[14.565,59.159],[14.562,59.16],[14.558,59.166],[14.564,59.166],[14.56,59.196],[14.556,59.227],[14.598,59.23],[14.615,59.246],[14.581,59.255],[14.563,59.265],[14.547,59.272],[14.543,59.273],[14.547,59.282],[14.542,59.283],[14.53,59.283],[14.519,59.29],[14.516,59.293],[14.507,59.291],[14.495,59.286],[14.482,59.279],[14.472,59.279],[14.468,59.285],[14.465,59.287],[14.455,59.29],[14.434,59.297],[14.41,59.3],[14.404,59.302],[14.374,59.299],[14.35,59.303],[14.341,59.304],[14.333,59.314],[14.326,59.318]]]}},{"type":"Feature","properties":{"id":935500,"maakond_id":420,"name":"Malå kommun","bbox":[18.167,64.984,19.39,65.525]},"geometry":{"type":"Polygon","coordinates":[[[19.39,65.143],[19.388,65.15],[19.378,65.155],[19.371,65.16],[19.367,65.165],[19.35,65.172],[19.338,65.18],[19.344,65.182],[19.339,65.187],[19.322,65.193],[19.301,65.197],[19.287,65.201],[19.282,65.204],[19.265,65.207],[19.256,65.21],[19.244,65.219],[19.242,65.223],[19.246,65.23],[19.25,65.24],[19.253,65.242],[19.261,65.24],[19.273,65.241],[19.26,65.255],[19.238,65.262],[19.232,65.266],[19.22,65.269],[19.202,65.272],[19.175,65.282],[19.168,65.286],[19.149,65.29],[19.138,65.29],[19.124,65.296],[19.097,65.305],[19.087,65.307],[19.077,65.306],[19.072,65.308],[19.061,65.306],[19.05,65.308],[19.044,65.306],[19.033,65.307],[19.022,65.311],[19.019,65.314],[19.022,65.318],[19.016,65.327],[19.015,65.331],[18.987,65.337],[18.976,65.342],[18.95,65.345],[18.932,65.347],[18.93,65.351],[18.924,65.352],[18.917,65.356],[18.895,65.362],[18.869,65.373],[18.86,65.37],[18.851,65.37],[18.834,65.371],[18.823,65.377],[18.82,65.382],[18.81,65.388],[18.798,65.388],[18.774,65.395],[18.753,65.404],[18.747,65.409],[18.744,65.414],[18.748,65.423],[18.73,65.434],[18.72,65.437],[18.712,65.438],[18.701,65.438],[18.669,65.437],[18.655,65.435],[18.644,65.436],[18.627,65.434],[18.58,65.44],[18.57,65.445],[18.543,65.446],[18.522,65.452],[18.518,65.459],[18.512,65.463],[18.503,65.475],[18.426,65.497],[18.342,65.494],[18.268,65.525],[18.285,65.485],[18.297,65.419],[18.214,65.317],[18.167,65.244],[18.168,65.243],[18.303,65.203],[18.366,65.174],[18.428,65.145],[18.476,65.121],[18.556,65.083],[18.561,65.085],[18.589,65.083],[18.599,65.08],[18.614,65.078],[18.616,65.074],[18.595,65.068],[18.597,65.064],[18.637,65.044],[18.757,64.984],[18.982,65.037],[19.008,65.043],[19.21,65.096],[19.39,65.143]]]}},{"type":"Feature","properties":{"id":935501,"maakond_id":413,"name":"Munkfors kommun","bbox":[13.36,59.745,13.64,59.882]},"geometry":{"type":"Polygon","coordinates":[[[13.629,59.815],[13.618,59.819],[13.635,59.861],[13.64,59.874],[13.595,59.855],[13.587,59.853],[13.569,59.852],[13.566,59.855],[13.557,59.855],[13.557,59.859],[13.55,59.864],[13.551,59.866],[13.558,59.87],[13.556,59.873],[13.537,59.874],[13.527,59.876],[13.518,59.872],[13.514,59.872],[13.511,59.876],[13.508,59.878],[13.507,59.882],[13.432,59.871],[13.41,59.868],[13.394,59.874],[13.39,59.87],[13.383,59.866],[13.376,59.869],[13.368,59.861],[13.361,59.859],[13.36,59.852],[13.365,59.843],[13.364,59.838],[13.364,59.833],[13.37,59.826],[13.367,59.823],[13.367,59.816],[13.371,59.812],[13.37,59.81],[13.373,59.782],[13.378,59.78],[13.377,59.767],[13.379,59.765],[13.39,59.757],[13.413,59.75],[13.437,59.747],[13.44,59.748],[13.449,59.745],[13.451,59.754],[13.448,59.76],[13.455,59.765],[13.461,59.762],[13.465,59.763],[13.471,59.771],[13.479,59.768],[13.482,59.765],[13.492,59.768],[13.497,59.766],[13.548,59.795],[13.551,59.794],[13.556,59.798],[13.566,59.801],[13.57,59.799],[13.595,59.813],[13.607,59.807],[13.629,59.815]]]}},{"type":"Feature","properties":{"id":935502,"maakond_id":410,"name":"Staffanstorps kommun","bbox":[13.104,55.595,13.354,55.705]},"geometry":{"type":"Polygon","coordinates":[[[13.125,55.608],[13.14,55.606],[13.142,55.604],[13.14,55.6],[13.177,55.595],[13.182,55.595],[13.189,55.606],[13.19,55.613],[13.196,55.612],[13.2,55.613],[13.205,55.612],[13.216,55.617],[13.223,55.615],[13.232,55.616],[13.24,55.614],[13.242,55.618],[13.248,55.62],[13.254,55.618],[13.267,55.617],[13.296,55.604],[13.296,55.603],[13.304,55.606],[13.308,55.614],[13.313,55.616],[13.322,55.612],[13.331,55.61],[13.342,55.61],[13.346,55.617],[13.354,55.615],[13.354,55.62],[13.352,55.623],[13.352,55.63],[13.343,55.631],[13.333,55.637],[13.315,55.639],[13.319,55.648],[13.314,55.648],[13.298,55.658],[13.294,55.657],[13.29,55.66],[13.29,55.664],[13.293,55.667],[13.293,55.672],[13.29,55.677],[13.287,55.678],[13.277,55.679],[13.279,55.681],[13.268,55.685],[13.259,55.682],[13.258,55.68],[13.251,55.68],[13.237,55.678],[13.235,55.677],[13.223,55.677],[13.217,55.676],[13.207,55.679],[13.207,55.683],[13.197,55.682],[13.191,55.683],[13.183,55.678],[13.18,55.678],[13.168,55.681],[13.171,55.687],[13.161,55.692],[13.156,55.698],[13.137,55.705],[13.124,55.705],[13.115,55.702],[13.112,55.702],[13.112,55.699],[13.106,55.698],[13.104,55.693],[13.106,55.691],[13.112,55.691],[13.109,55.676],[13.114,55.676],[13.11,55.667],[13.112,55.666],[13.117,55.662],[13.118,55.658],[13.131,55.658],[13.137,55.656],[13.127,55.648],[13.123,55.65],[13.122,55.644],[13.115,55.634],[13.109,55.632],[13.112,55.621],[13.116,55.62],[13.124,55.621],[13.131,55.62],[13.13,55.618],[13.125,55.608]]]}},{"type":"Feature","properties":{"id":935503,"maakond_id":412,"name":"Stenungsunds kommun","bbox":[11.737,57.953,12.047,58.16]},"geometry":{"type":"MultiPolygon","coordinates":[[[[11.748,58.106],[11.754,58.103],[11.754,58.1],[11.758,58.095],[11.76,58.083],[11.758,58.078],[11.768,58.072],[11.778,58.071],[11.784,58.064],[11.78,58.057],[11.78,58.054],[11.79,58.052],[11.792,58.049],[11.787,58.043],[11.786,58.039],[11.795,58.035],[11.789,58.03],[11.776,58.008],[11.752,57.985],[11.737,57.979],[11.75,57.973],[11.79,57.972],[11.79,57.966],[11.812,57.969],[11.831,57.967],[11.83,57.964],[11.838,57.96],[11.846,57.962],[11.853,57.96],[11.859,57.96],[11.893,57.966],[11.897,57.959],[11.915,57.958],[11.923,57.963],[11.932,57.963],[11.939,57.96],[11.946,57.96],[11.953,57.961],[11.958,57.959],[11.958,57.957],[11.966,57.956],[11.971,57.956],[11.972,57.96],[11.983,57.96],[11.983,57.962],[11.993,57.961],[11.995,57.967],[11.992,57.988],[12.011,58.004],[12.025,58.006],[12.031,58.011],[12.042,58.031],[12.039,58.04],[12.044,58.05],[12.047,58.059],[12.042,58.063],[12.04,58.072],[12.042,58.079],[12.034,58.086],[12.041,58.089],[12.045,58.093],[12.042,58.096],[12.037,58.108],[12.036,58.121],[12.034,58.122],[12.02,58.121],[11.992,58.135],[11.992,58.139],[11.987,58.143],[11.983,58.15],[11.976,58.151],[11.925,58.152],[11.925,58.158],[11.913,58.157],[11.874,58.159],[11.864,58.159],[11.853,58.16],[11.852,58.156],[11.838,58.146],[11.832,58.128],[11.835,58.123],[11.824,58.115],[11.805,58.117],[11.787,58.12],[11.769,58.11],[11.763,58.111],[11.757,58.109],[11.748,58.106]]],[[[11.952,57.956],[11.948,57.958],[11.939,57.956],[11.932,57.958],[11.93,57.954],[11.952,57.953],[11.952,57.956]]]]}},{"type":"Feature","properties":{"id":935504,"maakond_id":415,"name":"Fagersta kommun","bbox":[15.678,59.85,16.114,60.047]},"geometry":{"type":"Polygon","coordinates":[[[15.682,59.938],[15.7,59.92],[15.704,59.916],[15.701,59.913],[15.703,59.91],[15.722,59.905],[15.735,59.911],[15.745,59.912],[15.746,59.905],[15.753,59.906],[15.761,59.909],[15.766,59.906],[15.769,59.9],[15.76,59.898],[15.766,59.892],[15.763,59.885],[15.772,59.881],[15.807,59.89],[15.82,59.892],[15.864,59.895],[15.894,59.874],[15.921,59.855],[15.929,59.852],[15.938,59.854],[15.941,59.85],[15.96,59.852],[15.976,59.86],[15.986,59.862],[16.004,59.862],[16.018,59.869],[16.024,59.871],[16.029,59.876],[16.033,59.876],[16.036,59.883],[16.047,59.892],[16.054,59.897],[16.068,59.898],[16.073,59.9],[16.095,59.91],[16.112,59.91],[16.113,59.91],[16.114,59.91],[16.092,59.937],[16.073,59.96],[16.075,59.96],[16.066,59.973],[16.06,59.985],[16.055,59.991],[16.051,59.992],[16.037,59.991],[16.022,59.985],[16.014,59.984],[15.991,59.986],[15.974,60.003],[15.97,60.004],[15.961,60.005],[15.949,60.003],[15.939,60.006],[15.919,60.002],[15.913,60.005],[15.913,60.008],[15.881,60.015],[15.882,60.019],[15.877,60.022],[15.878,60.026],[15.872,60.036],[15.87,60.035],[15.858,60.047],[15.819,60.029],[15.8,60.044],[15.788,60.04],[15.783,60.044],[15.769,60.041],[15.759,60.042],[15.748,60.023],[15.738,60.02],[15.731,60.023],[15.715,60.018],[15.699,60.015],[15.707,60.008],[15.706,60.007],[15.714,60],[15.714,59.996],[15.717,59.989],[15.714,59.984],[15.717,59.981],[15.715,59.976],[15.72,59.974],[15.711,59.965],[15.704,59.965],[15.705,59.96],[15.693,59.948],[15.686,59.948],[15.678,59.945],[15.678,59.941],[15.682,59.938]]]}},{"type":"Feature","properties":{"id":935505,"maakond_id":412,"name":"Kungälvs kommun","bbox":[11.119,57.771,12.133,58.031]},"geometry":{"type":"Polygon","coordinates":[[[11.119,57.863],[11.148,57.835],[11.158,57.804],[11.515,57.804],[11.56,57.804],[11.584,57.809],[11.614,57.808],[11.648,57.791],[11.682,57.787],[11.732,57.771],[11.809,57.79],[11.822,57.791],[11.834,57.794],[11.845,57.796],[11.856,57.804],[11.869,57.811],[11.89,57.826],[11.899,57.831],[11.903,57.837],[11.904,57.843],[11.911,57.846],[11.922,57.844],[11.933,57.845],[11.938,57.847],[11.945,57.848],[11.953,57.848],[11.956,57.853],[11.965,57.86],[11.966,57.863],[11.974,57.865],[11.984,57.863],[11.99,57.863],[11.997,57.86],[12.014,57.861],[12.017,57.866],[12.027,57.878],[12.033,57.883],[12.043,57.903],[12.051,57.911],[12.066,57.931],[12.075,57.941],[12.082,57.947],[12.089,57.948],[12.096,57.952],[12.118,57.962],[12.126,57.966],[12.129,57.972],[12.126,57.978],[12.126,57.986],[12.128,57.993],[12.127,58],[12.132,58.008],[12.133,58.011],[12.118,58.013],[12.087,58.018],[12.068,58.022],[12.061,58.023],[12.042,58.031],[12.031,58.011],[12.025,58.006],[12.011,58.004],[11.992,57.988],[11.995,57.967],[11.993,57.961],[11.983,57.962],[11.983,57.96],[11.972,57.96],[11.971,57.956],[11.966,57.956],[11.958,57.957],[11.958,57.959],[11.953,57.961],[11.946,57.96],[11.939,57.96],[11.932,57.963],[11.923,57.963],[11.915,57.958],[11.897,57.959],[11.893,57.966],[11.859,57.96],[11.853,57.96],[11.846,57.962],[11.838,57.96],[11.83,57.964],[11.831,57.967],[11.812,57.969],[11.79,57.966],[11.79,57.972],[11.75,57.973],[11.737,57.979],[11.722,57.972],[11.71,57.959],[11.669,57.951],[11.681,57.944],[11.694,57.939],[11.678,57.932],[11.639,57.919],[11.534,57.917],[11.535,57.908],[11.487,57.882],[11.459,57.863],[11.119,57.863]],[[11.952,57.956],[11.952,57.953],[11.93,57.954],[11.932,57.958],[11.939,57.956],[11.948,57.958],[11.952,57.956]]]}},{"type":"Feature","properties":{"id":935506,"maakond_id":412,"name":"Ale kommun","bbox":[12.007,57.812,12.434,58.117]},"geometry":{"type":"Polygon","coordinates":[[[12.42,58.057],[12.418,58.062],[12.419,58.065],[12.426,58.074],[12.431,58.079],[12.433,58.085],[12.434,58.095],[12.43,58.1],[12.427,58.109],[12.403,58.116],[12.394,58.117],[12.393,58.114],[12.385,58.111],[12.376,58.117],[12.366,58.114],[12.363,58.111],[12.353,58.109],[12.349,58.105],[12.35,58.101],[12.344,58.095],[12.341,58.09],[12.335,58.085],[12.331,58.085],[12.315,58.08],[12.285,58.065],[12.255,58.051],[12.238,58.038],[12.238,58.035],[12.245,58.034],[12.236,58.027],[12.23,58.024],[12.218,58.022],[12.185,58.015],[12.171,58.016],[12.171,58.014],[12.163,58.012],[12.161,58.008],[12.151,58.008],[12.152,58.011],[12.137,58.013],[12.132,58.008],[12.127,58],[12.128,57.993],[12.126,57.986],[12.126,57.978],[12.129,57.972],[12.126,57.966],[12.118,57.962],[12.096,57.952],[12.089,57.948],[12.082,57.947],[12.075,57.941],[12.066,57.931],[12.051,57.911],[12.043,57.903],[12.033,57.883],[12.027,57.878],[12.017,57.866],[12.014,57.861],[12.007,57.853],[12.01,57.843],[12.009,57.828],[12.014,57.813],[12.019,57.812],[12.028,57.813],[12.03,57.818],[12.036,57.826],[12.043,57.822],[12.048,57.821],[12.052,57.827],[12.048,57.829],[12.044,57.835],[12.053,57.839],[12.08,57.846],[12.093,57.851],[12.125,57.862],[12.127,57.864],[12.138,57.866],[12.146,57.865],[12.146,57.866],[12.195,57.875],[12.247,57.884],[12.292,57.893],[12.3,57.896],[12.304,57.901],[12.301,57.902],[12.299,57.913],[12.294,57.916],[12.291,57.922],[12.297,57.924],[12.313,57.966],[12.332,57.971],[12.352,57.979],[12.37,57.987],[12.374,57.993],[12.386,57.992],[12.392,57.99],[12.413,57.987],[12.41,57.992],[12.413,57.998],[12.419,58.002],[12.415,58.003],[12.413,58.007],[12.413,58.012],[12.419,58.017],[12.416,58.023],[12.412,58.026],[12.417,58.029],[12.42,58.035],[12.413,58.037],[12.408,58.036],[12.399,58.036],[12.39,58.038],[12.393,58.043],[12.388,58.043],[12.383,58.046],[12.387,58.047],[12.398,58.055],[12.41,58.047],[12.407,58.042],[12.411,58.04],[12.419,58.041],[12.427,58.049],[12.421,58.052],[12.42,58.055],[12.42,58.057]]]}},{"type":"Feature","properties":{"id":935507,"maakond_id":404,"name":"Mjölby kommun","bbox":[14.835,58.135,15.376,58.473]},"geometry":{"type":"Polygon","coordinates":[[[14.835,58.355],[14.85,58.339],[14.858,58.325],[14.872,58.324],[14.868,58.318],[14.853,58.316],[14.855,58.312],[14.853,58.306],[14.859,58.288],[14.863,58.288],[14.865,58.283],[14.87,58.284],[14.875,58.289],[14.881,58.287],[14.871,58.282],[14.864,58.273],[14.857,58.27],[14.87,58.26],[14.89,58.263],[14.89,58.271],[14.894,58.274],[14.894,58.28],[14.896,58.283],[14.902,58.282],[14.908,58.285],[14.909,58.288],[14.932,58.287],[14.945,58.288],[14.947,58.292],[14.944,58.294],[14.946,58.301],[14.954,58.302],[14.956,58.295],[14.954,58.291],[14.967,58.292],[14.976,58.291],[14.977,58.302],[14.98,58.301],[14.989,58.303],[14.997,58.306],[15.004,58.308],[15.01,58.303],[15.017,58.295],[15.022,58.29],[15.025,58.286],[15.022,58.281],[15.034,58.281],[15.044,58.283],[15.05,58.287],[15.056,58.284],[15.064,58.286],[15.083,58.283],[15.099,58.279],[15.115,58.277],[15.123,58.275],[15.128,58.269],[15.138,58.269],[15.139,58.267],[15.148,58.264],[15.165,58.262],[15.168,58.259],[15.172,58.252],[15.186,58.253],[15.187,58.249],[15.191,58.248],[15.201,58.25],[15.206,58.248],[15.212,58.241],[15.216,58.237],[15.221,58.236],[15.224,58.232],[15.224,58.224],[15.232,58.212],[15.235,58.2],[15.24,58.194],[15.243,58.192],[15.246,58.186],[15.245,58.184],[15.25,58.176],[15.253,58.166],[15.25,58.155],[15.25,58.144],[15.277,58.135],[15.296,58.138],[15.31,58.141],[15.327,58.143],[15.336,58.147],[15.34,58.153],[15.344,58.157],[15.352,58.159],[15.358,58.162],[15.371,58.163],[15.376,58.167],[15.373,58.178],[15.366,58.182],[15.375,58.187],[15.372,58.191],[15.375,58.193],[15.371,58.197],[15.376,58.207],[15.372,58.215],[15.372,58.22],[15.367,58.224],[15.369,58.229],[15.361,58.231],[15.368,58.237],[15.371,58.254],[15.368,58.258],[15.362,58.263],[15.354,58.272],[15.349,58.275],[15.348,58.282],[15.343,58.288],[15.338,58.29],[15.341,58.292],[15.342,58.298],[15.345,58.302],[15.347,58.315],[15.358,58.32],[15.363,58.331],[15.369,58.338],[15.367,58.344],[15.35,58.351],[15.341,58.35],[15.338,58.352],[15.342,58.357],[15.342,58.366],[15.335,58.369],[15.336,58.375],[15.344,58.374],[15.352,58.389],[15.342,58.397],[15.327,58.396],[15.322,58.398],[15.313,58.397],[15.288,58.391],[15.284,58.394],[15.264,58.399],[15.256,58.399],[15.263,58.404],[15.268,58.405],[15.267,58.411],[15.28,58.415],[15.285,58.415],[15.285,58.41],[15.295,58.415],[15.297,58.417],[15.297,58.424],[15.308,58.43],[15.311,58.435],[15.297,58.436],[15.288,58.438],[15.281,58.438],[15.271,58.442],[15.265,58.438],[15.257,58.441],[15.261,58.448],[15.266,58.448],[15.265,58.454],[15.258,58.456],[15.253,58.462],[15.247,58.462],[15.245,58.469],[15.228,58.467],[15.217,58.463],[15.219,58.458],[15.212,58.456],[15.203,58.456],[15.202,58.462],[15.197,58.464],[15.16,58.467],[15.156,58.473],[15.152,58.473],[15.153,58.468],[15.142,58.463],[15.134,58.452],[15.133,58.446],[15.128,58.442],[15.118,58.435],[15.116,58.432],[15.103,58.428],[15.099,58.428],[15.094,58.431],[15.078,58.426],[15.072,58.428],[15.064,58.433],[15.053,58.432],[15.048,58.429],[15.055,58.423],[15.039,58.426],[15.031,58.421],[15.003,58.418],[15.001,58.421],[14.995,58.418],[14.997,58.412],[15.001,58.413],[15.006,58.405],[15.006,58.402],[14.986,58.399],[14.986,58.404],[14.973,58.406],[14.971,58.404],[14.969,58.398],[14.969,58.39],[14.978,58.382],[14.97,58.373],[14.965,58.366],[14.958,58.368],[14.954,58.367],[14.948,58.367],[14.946,58.36],[14.947,58.354],[14.931,58.349],[14.928,58.345],[14.924,58.344],[14.919,58.347],[14.912,58.347],[14.88,58.36],[14.872,58.358],[14.842,58.359],[14.835,58.355]]]}},{"type":"Feature","properties":{"id":935508,"maakond_id":412,"name":"Skara kommun","bbox":[13.174,58.274,13.786,58.483]},"geometry":{"type":"MultiPolygon","coordinates":[[[[13.621,58.48],[13.613,58.477],[13.612,58.472],[13.6,58.474],[13.596,58.475],[13.584,58.475],[13.568,58.473],[13.562,58.468],[13.566,58.466],[13.563,58.463],[13.557,58.464],[13.549,58.463],[13.549,58.46],[13.54,58.456],[13.527,58.455],[13.519,58.457],[13.512,58.457],[13.496,58.452],[13.487,58.456],[13.484,58.452],[13.473,58.451],[13.461,58.452],[13.447,58.449],[13.438,58.45],[13.436,58.447],[13.441,58.445],[13.436,58.442],[13.437,58.433],[13.429,58.434],[13.417,58.434],[13.403,58.432],[13.39,58.433],[13.378,58.436],[13.373,58.436],[13.367,58.439],[13.354,58.441],[13.346,58.44],[13.34,58.436],[13.33,58.443],[13.32,58.448],[13.319,58.446],[13.328,58.44],[13.318,58.437],[13.322,58.434],[13.33,58.435],[13.348,58.429],[13.349,58.426],[13.344,58.42],[13.338,58.419],[13.335,58.416],[13.327,58.413],[13.321,58.414],[13.316,58.412],[13.311,58.412],[13.302,58.409],[13.301,58.406],[13.288,58.404],[13.274,58.403],[13.27,58.405],[13.253,58.403],[13.247,58.406],[13.24,58.403],[13.236,58.403],[13.236,58.409],[13.23,58.409],[13.23,58.413],[13.223,58.413],[13.212,58.416],[13.214,58.405],[13.201,58.406],[13.197,58.398],[13.19,58.398],[13.185,58.394],[13.175,58.395],[13.174,58.392],[13.184,58.388],[13.182,58.378],[13.186,58.377],[13.184,58.372],[13.194,58.368],[13.199,58.364],[13.198,58.362],[13.208,58.358],[13.197,58.35],[13.207,58.351],[13.222,58.349],[13.226,58.348],[13.24,58.345],[13.251,58.338],[13.241,58.33],[13.239,58.326],[13.253,58.318],[13.248,58.314],[13.255,58.312],[13.262,58.303],[13.279,58.303],[13.283,58.305],[13.293,58.303],[13.306,58.306],[13.31,58.304],[13.335,58.301],[13.333,58.296],[13.366,58.294],[13.382,58.286],[13.405,58.276],[13.436,58.28],[13.441,58.281],[13.465,58.279],[13.474,58.28],[13.486,58.274],[13.493,58.276],[13.519,58.287],[13.532,58.292],[13.532,58.298],[13.539,58.305],[13.545,58.318],[13.561,58.324],[13.56,58.339],[13.572,58.344],[13.598,58.352],[13.604,58.352],[13.621,58.351],[13.631,58.348],[13.723,58.353],[13.734,58.363],[13.667,58.37],[13.696,58.377],[13.723,58.377],[13.727,58.378],[13.738,58.385],[13.746,58.39],[13.738,58.394],[13.738,58.397],[13.745,58.405],[13.757,58.419],[13.763,58.419],[13.766,58.422],[13.766,58.424],[13.749,58.426],[13.752,58.43],[13.75,58.433],[13.743,58.434],[13.745,58.436],[13.748,58.442],[13.752,58.446],[13.746,58.451],[13.737,58.451],[13.727,58.46],[13.718,58.463],[13.709,58.464],[13.705,58.461],[13.686,58.461],[13.676,58.463],[13.672,58.462],[13.668,58.466],[13.658,58.47],[13.649,58.468],[13.648,58.471],[13.635,58.472],[13.636,58.478],[13.64,58.481],[13.635,58.483],[13.627,58.483],[13.621,58.48]]],[[[13.772,58.438],[13.774,58.435],[13.772,58.428],[13.767,58.424],[13.782,58.422],[13.786,58.425],[13.775,58.438],[13.772,58.438]]]]}},{"type":"Feature","properties":{"id":935510,"maakond_id":410,"name":"Svedala kommun","bbox":[13.106,55.468,13.482,55.62]},"geometry":{"type":"Polygon","coordinates":[[[13.482,55.527],[13.479,55.53],[13.468,55.529],[13.463,55.526],[13.449,55.531],[13.443,55.529],[13.436,55.529],[13.43,55.525],[13.426,55.527],[13.416,55.529],[13.402,55.525],[13.397,55.533],[13.393,55.535],[13.391,55.539],[13.381,55.541],[13.377,55.558],[13.367,55.56],[13.361,55.555],[13.349,55.558],[13.345,55.551],[13.341,55.55],[13.343,55.557],[13.337,55.559],[13.343,55.561],[13.336,55.564],[13.331,55.562],[13.316,55.562],[13.314,55.565],[13.323,55.572],[13.32,55.573],[13.317,55.581],[13.314,55.584],[13.315,55.587],[13.309,55.588],[13.301,55.593],[13.297,55.598],[13.296,55.603],[13.296,55.604],[13.267,55.617],[13.254,55.618],[13.248,55.62],[13.242,55.618],[13.24,55.614],[13.232,55.616],[13.223,55.615],[13.216,55.617],[13.205,55.612],[13.2,55.613],[13.196,55.612],[13.19,55.613],[13.189,55.606],[13.182,55.595],[13.177,55.595],[13.14,55.6],[13.139,55.597],[13.143,55.594],[13.14,55.592],[13.146,55.585],[13.152,55.582],[13.147,55.579],[13.147,55.577],[13.14,55.572],[13.148,55.568],[13.147,55.565],[13.138,55.56],[13.129,55.56],[13.116,55.557],[13.115,55.555],[13.121,55.55],[13.122,55.547],[13.135,55.541],[13.127,55.537],[13.118,55.534],[13.107,55.532],[13.107,55.524],[13.106,55.521],[13.114,55.512],[13.125,55.509],[13.132,55.507],[13.131,55.503],[13.137,55.492],[13.14,55.49],[13.148,55.488],[13.161,55.486],[13.176,55.487],[13.18,55.483],[13.17,55.479],[13.176,55.475],[13.182,55.47],[13.19,55.468],[13.201,55.469],[13.211,55.475],[13.216,55.478],[13.226,55.484],[13.231,55.481],[13.239,55.481],[13.24,55.476],[13.244,55.474],[13.241,55.471],[13.251,55.469],[13.261,55.473],[13.267,55.473],[13.274,55.477],[13.275,55.481],[13.281,55.483],[13.297,55.477],[13.319,55.475],[13.322,55.471],[13.329,55.471],[13.337,55.473],[13.34,55.475],[13.376,55.469],[13.382,55.468],[13.381,55.473],[13.387,55.473],[13.402,55.481],[13.403,55.483],[13.411,55.482],[13.425,55.494],[13.43,55.504],[13.436,55.509],[13.448,55.511],[13.455,55.515],[13.452,55.519],[13.455,55.524],[13.468,55.526],[13.474,55.525],[13.482,55.527]]]}},{"type":"Feature","properties":{"id":935512,"maakond_id":407,"name":"Torsås kommun","bbox":[15.669,56.298,16.251,56.53]},"geometry":{"type":"Polygon","coordinates":[[[16.224,56.305],[16.251,56.426],[16.156,56.453],[16.136,56.458],[16.132,56.461],[16.126,56.461],[16.108,56.466],[16.095,56.469],[16.088,56.468],[16.079,56.469],[16.068,56.467],[16.062,56.468],[16.067,56.471],[16.067,56.477],[16.062,56.479],[16.044,56.48],[16.035,56.485],[16.026,56.489],[16.01,56.499],[16.006,56.499],[16.004,56.505],[16.007,56.509],[16.005,56.512],[16.005,56.522],[15.992,56.527],[15.959,56.522],[15.956,56.514],[15.942,56.512],[15.935,56.513],[15.917,56.513],[15.892,56.52],[15.862,56.519],[15.837,56.514],[15.826,56.518],[15.818,56.518],[15.81,56.521],[15.794,56.518],[15.791,56.516],[15.78,56.517],[15.756,56.53],[15.747,56.523],[15.743,56.52],[15.738,56.518],[15.735,56.513],[15.713,56.504],[15.704,56.502],[15.691,56.494],[15.698,56.487],[15.702,56.488],[15.712,56.484],[15.716,56.477],[15.714,56.47],[15.71,56.47],[15.703,56.48],[15.694,56.48],[15.69,56.477],[15.691,56.473],[15.691,56.463],[15.683,56.461],[15.676,56.447],[15.669,56.442],[15.677,56.425],[15.697,56.423],[15.717,56.418],[15.732,56.416],[15.736,56.415],[15.745,56.404],[15.753,56.398],[15.756,56.391],[15.763,56.385],[15.772,56.382],[15.776,56.378],[15.778,56.373],[15.777,56.369],[15.799,56.352],[15.8,56.348],[15.807,56.342],[15.821,56.331],[15.842,56.323],[15.867,56.318],[15.883,56.317],[15.889,56.316],[15.895,56.317],[15.904,56.317],[15.907,56.315],[15.933,56.317],[15.94,56.316],[15.942,56.319],[15.949,56.317],[15.957,56.316],[15.96,56.313],[15.966,56.312],[15.968,56.314],[15.975,56.309],[15.973,56.307],[15.98,56.304],[15.979,56.301],[15.991,56.299],[15.995,56.301],[16.014,56.298],[16.019,56.303],[16.017,56.307],[16.014,56.308],[16.018,56.313],[16.027,56.316],[16.031,56.32],[16.039,56.322],[16.049,56.323],[16.052,56.321],[16.076,56.322],[16.224,56.305]]]}},{"type":"Feature","properties":{"id":935513,"maakond_id":414,"name":"Askersunds kommun","bbox":[14.627,58.646,15.348,59.026]},"geometry":{"type":"Polygon","coordinates":[[[14.726,58.975],[14.736,58.967],[14.733,58.966],[14.739,58.962],[14.741,58.958],[14.745,58.955],[14.751,58.956],[14.765,58.951],[14.769,58.942],[14.775,58.945],[14.786,58.94],[14.735,58.911],[14.733,58.906],[14.726,58.907],[14.719,58.903],[14.702,58.897],[14.694,58.893],[14.692,58.889],[14.681,58.888],[14.651,58.891],[14.646,58.889],[14.648,58.88],[14.653,58.875],[14.649,58.869],[14.649,58.865],[14.646,58.863],[14.645,58.852],[14.647,58.849],[14.638,58.838],[14.631,58.836],[14.627,58.833],[14.63,58.831],[14.634,58.82],[14.639,58.815],[14.641,58.808],[14.647,58.801],[14.654,58.799],[14.667,58.791],[14.677,58.786],[14.683,58.773],[14.68,58.766],[14.685,58.75],[14.691,58.742],[14.691,58.74],[14.692,58.727],[14.696,58.721],[14.69,58.718],[14.692,58.711],[14.699,58.7],[14.699,58.696],[14.719,58.685],[14.779,58.646],[14.807,58.665],[14.813,58.667],[14.929,58.697],[14.936,58.695],[14.955,58.693],[14.964,58.689],[14.969,58.683],[14.975,58.687],[14.992,58.692],[14.995,58.694],[15.004,58.696],[15.012,58.706],[15.019,58.705],[15.029,58.705],[15.035,58.704],[15.041,58.713],[15.049,58.722],[15.049,58.724],[15.054,58.738],[15.065,58.749],[15.067,58.754],[15.084,58.767],[15.088,58.766],[15.093,58.762],[15.098,58.766],[15.098,58.769],[15.107,58.768],[15.109,58.771],[15.115,58.77],[15.117,58.776],[15.125,58.786],[15.12,58.793],[15.128,58.796],[15.136,58.811],[15.138,58.821],[15.167,58.811],[15.188,58.813],[15.198,58.815],[15.204,58.817],[15.218,58.827],[15.222,58.835],[15.219,58.843],[15.241,58.841],[15.247,58.848],[15.253,58.848],[15.256,58.85],[15.257,58.858],[15.263,58.865],[15.275,58.863],[15.288,58.855],[15.289,58.852],[15.296,58.85],[15.307,58.854],[15.325,58.859],[15.326,58.85],[15.34,58.835],[15.348,58.829],[15.344,58.841],[15.34,58.866],[15.344,58.869],[15.339,58.872],[15.336,58.885],[15.323,58.895],[15.325,58.903],[15.332,58.904],[15.335,58.914],[15.333,58.918],[15.324,58.919],[15.315,58.924],[15.312,58.929],[15.307,58.93],[15.292,58.94],[15.287,58.949],[15.285,58.95],[15.262,58.947],[15.258,58.957],[15.252,58.957],[15.233,58.969],[15.218,58.979],[15.203,58.979],[15.186,58.974],[15.174,58.974],[15.163,58.976],[15.168,58.983],[15.168,58.993],[15.164,59],[15.093,59.003],[15.096,59.015],[15.092,59.022],[15.05,59.025],[15.043,59.026],[15.035,59.024],[15.003,59.016],[14.997,59.018],[14.971,59.011],[14.96,59.01],[14.959,59.002],[14.956,59.002],[14.94,59.003],[14.924,59.006],[14.913,59.006],[14.904,59.01],[14.895,59.011],[14.89,59.009],[14.886,59.011],[14.873,59.006],[14.872,59.001],[14.861,58.991],[14.85,58.988],[14.848,58.99],[14.833,58.987],[14.814,58.984],[14.809,58.983],[14.8,58.983],[14.777,58.981],[14.774,58.98],[14.767,58.984],[14.762,58.984],[14.759,58.979],[14.726,58.975]]]}},{"type":"Feature","properties":{"id":935514,"maakond_id":413,"name":"Karlstads kommun","bbox":[13.11,59.166,14.031,59.774]},"geometry":{"type":"MultiPolygon","coordinates":[[[[13.687,59.773],[13.685,59.771],[13.681,59.757],[13.678,59.754],[13.662,59.754],[13.657,59.751],[13.647,59.735],[13.634,59.722],[13.626,59.712],[13.611,59.695],[13.598,59.681],[13.594,59.68],[13.593,59.675],[13.598,59.673],[13.601,59.667],[13.612,59.663],[13.615,59.66],[13.607,59.657],[13.596,59.655],[13.586,59.65],[13.625,59.615],[13.626,59.609],[13.624,59.604],[13.619,59.601],[13.621,59.591],[13.617,59.583],[13.628,59.579],[13.628,59.574],[13.637,59.569],[13.635,59.561],[13.62,59.552],[13.614,59.546],[13.605,59.555],[13.598,59.556],[13.591,59.55],[13.584,59.547],[13.577,59.548],[13.561,59.542],[13.558,59.535],[13.553,59.537],[13.545,59.535],[13.549,59.532],[13.548,59.527],[13.543,59.524],[13.547,59.499],[13.547,59.497],[13.5,59.477],[13.492,59.484],[13.444,59.505],[13.438,59.506],[13.435,59.498],[13.428,59.491],[13.419,59.485],[13.394,59.489],[13.373,59.492],[13.338,59.493],[13.325,59.49],[13.318,59.486],[13.312,59.489],[13.301,59.492],[13.293,59.492],[13.29,59.494],[13.278,59.494],[13.269,59.492],[13.26,59.486],[13.25,59.486],[13.247,59.491],[13.25,59.495],[13.242,59.496],[13.244,59.5],[13.228,59.501],[13.227,59.497],[13.214,59.49],[13.206,59.492],[13.204,59.488],[13.199,59.486],[13.198,59.482],[13.192,59.483],[13.191,59.487],[13.186,59.491],[13.179,59.488],[13.176,59.485],[13.177,59.482],[13.17,59.477],[13.154,59.476],[13.152,59.472],[13.163,59.47],[13.16,59.447],[13.158,59.438],[13.157,59.427],[13.154,59.411],[13.149,59.404],[13.148,59.397],[13.156,59.383],[13.16,59.382],[13.16,59.376],[13.163,59.369],[13.162,59.363],[13.163,59.352],[13.175,59.35],[13.177,59.34],[13.165,59.325],[13.177,59.255],[13.364,59.166],[13.412,59.309],[13.412,59.319],[13.392,59.332],[13.431,59.343],[13.443,59.345],[13.449,59.348],[13.459,59.347],[13.467,59.347],[13.476,59.352],[13.483,59.356],[13.49,59.355],[13.496,59.357],[13.512,59.353],[13.515,59.357],[13.522,59.363],[13.548,59.356],[13.596,59.37],[13.601,59.357],[13.607,59.354],[13.696,59.316],[13.704,59.31],[13.735,59.255],[13.792,59.284],[13.788,59.302],[13.797,59.305],[13.816,59.296],[13.831,59.308],[13.839,59.311],[13.885,59.341],[13.88,59.347],[13.874,59.35],[13.873,59.356],[13.869,59.363],[13.871,59.368],[13.869,59.374],[13.871,59.38],[13.878,59.381],[13.89,59.386],[13.893,59.389],[13.917,59.406],[13.915,59.407],[13.931,59.424],[13.944,59.424],[13.955,59.423],[13.965,59.427],[13.967,59.436],[13.971,59.439],[13.98,59.44],[13.984,59.438],[13.989,59.444],[13.997,59.445],[14.006,59.45],[14.001,59.453],[14.009,59.455],[14.01,59.458],[14.01,59.466],[14.017,59.471],[14.012,59.472],[14.016,59.476],[14.012,59.481],[14.018,59.488],[14.006,59.49],[14.008,59.495],[14.019,59.495],[14.022,59.499],[14.016,59.53],[14.031,59.543],[14.031,59.554],[13.963,59.584],[13.953,59.586],[13.949,59.589],[13.952,59.592],[13.944,59.6],[13.936,59.617],[13.924,59.634],[13.888,59.673],[13.882,59.681],[13.845,59.719],[13.826,59.736],[13.827,59.75],[13.831,59.754],[13.787,59.769],[13.78,59.774],[13.732,59.767],[13.697,59.768],[13.687,59.773]],[[14.011,59.499],[14.018,59.502],[14.016,59.495],[14.008,59.495],[14.011,59.499]]],[[[13.127,59.483],[13.13,59.485],[13.142,59.488],[13.129,59.491],[13.11,59.488],[13.116,59.483],[13.127,59.483]]],[[[13.222,59.504],[13.231,59.505],[13.229,59.508],[13.221,59.507],[13.222,59.504]]]]}},{"type":"Feature","properties":{"id":935516,"maakond_id":403,"name":"Nyköpings kommun","bbox":[16.269,58.456,17.875,59.031]},"geometry":{"type":"Polygon","coordinates":[[[17.875,58.471],[17.615,58.676],[17.574,58.692],[17.571,58.741],[17.523,58.76],[17.484,58.772],[17.484,58.775],[17.468,58.784],[17.465,58.78],[17.435,58.773],[17.428,58.775],[17.43,58.794],[17.426,58.806],[17.429,58.807],[17.424,58.811],[17.42,58.812],[17.416,58.816],[17.41,58.819],[17.399,58.822],[17.398,58.828],[17.388,58.822],[17.382,58.826],[17.382,58.829],[17.364,58.83],[17.356,58.841],[17.358,58.847],[17.358,58.871],[17.373,58.875],[17.389,58.883],[17.388,58.89],[17.392,58.893],[17.388,58.907],[17.38,58.914],[17.386,58.93],[17.385,58.934],[17.367,58.934],[17.361,58.931],[17.352,58.925],[17.348,58.926],[17.341,58.92],[17.336,58.92],[17.335,58.916],[17.325,58.919],[17.323,58.922],[17.314,58.937],[17.301,58.938],[17.284,58.943],[17.276,58.95],[17.272,58.955],[17.244,58.952],[17.22,58.951],[17.217,58.953],[17.21,58.965],[17.207,58.969],[17.175,58.977],[17.173,58.982],[17.164,58.981],[17.154,58.975],[17.147,58.978],[17.128,58.982],[17.12,58.982],[17.113,58.985],[17.105,58.991],[17.094,58.995],[17.092,58.998],[17.086,59.002],[17.077,59.005],[17.082,59.008],[17.076,59.013],[17.063,59.017],[17.058,59.018],[17.057,59.021],[17.041,59.018],[16.981,59.031],[16.978,59.03],[16.944,59.017],[16.925,59.005],[16.89,58.993],[16.883,58.989],[16.875,58.974],[16.878,58.968],[16.871,58.965],[16.87,58.962],[16.881,58.957],[16.884,58.952],[16.882,58.951],[16.886,58.945],[16.877,58.946],[16.863,58.944],[16.845,58.943],[16.836,58.944],[16.82,58.949],[16.815,58.948],[16.803,58.949],[16.774,58.937],[16.767,58.934],[16.733,58.93],[16.736,58.927],[16.734,58.922],[16.736,58.917],[16.732,58.91],[16.728,58.909],[16.723,58.902],[16.727,58.9],[16.725,58.894],[16.713,58.893],[16.693,58.895],[16.686,58.897],[16.674,58.896],[16.669,58.899],[16.659,58.906],[16.653,58.904],[16.658,58.901],[16.665,58.892],[16.669,58.889],[16.657,58.885],[16.638,58.882],[16.632,58.879],[16.619,58.883],[16.611,58.888],[16.596,58.89],[16.586,58.893],[16.571,58.885],[16.568,58.881],[16.555,58.873],[16.606,58.848],[16.611,58.845],[16.621,58.835],[16.626,58.825],[16.618,58.821],[16.604,58.817],[16.603,58.811],[16.599,58.808],[16.597,58.799],[16.589,58.788],[16.593,58.787],[16.591,58.784],[16.579,58.787],[16.567,58.783],[16.561,58.78],[16.515,58.774],[16.503,58.769],[16.499,58.77],[16.464,58.77],[16.456,58.776],[16.44,58.778],[16.432,58.782],[16.411,58.784],[16.404,58.784],[16.398,58.788],[16.377,58.791],[16.371,58.793],[16.364,58.793],[16.347,58.796],[16.337,58.801],[16.326,58.803],[16.323,58.806],[16.316,58.806],[16.306,58.811],[16.301,58.812],[16.291,58.815],[16.293,58.817],[16.269,58.826],[16.289,58.801],[16.305,58.795],[16.31,58.792],[16.309,58.785],[16.296,58.776],[16.302,58.771],[16.315,58.773],[16.322,58.776],[16.327,58.78],[16.338,58.772],[16.338,58.77],[16.348,58.766],[16.369,58.753],[16.37,58.741],[16.375,58.74],[16.371,58.734],[16.378,58.71],[16.377,58.708],[16.386,58.704],[16.399,58.702],[16.406,58.704],[16.418,58.703],[16.427,58.697],[16.452,58.698],[16.466,58.698],[16.475,58.696],[16.511,58.698],[16.542,58.701],[16.558,58.697],[16.559,58.697],[16.585,58.698],[16.607,58.694],[16.617,58.691],[16.628,58.69],[16.63,58.686],[16.637,58.685],[16.636,58.679],[16.643,58.676],[16.649,58.682],[16.69,58.676],[16.696,58.672],[16.702,58.67],[16.709,58.665],[16.71,58.66],[16.721,58.653],[16.734,58.644],[16.758,58.63],[16.75,58.63],[16.75,58.627],[16.797,58.608],[16.827,58.594],[16.89,58.601],[16.919,58.596],[16.943,58.584],[16.972,58.581],[17.016,58.59],[17.07,58.591],[17.079,58.611],[17.087,58.635],[17.058,58.648],[17.048,58.655],[17.045,58.66],[17.032,58.665],[17.018,58.669],[17.005,58.671],[16.987,58.672],[16.989,58.677],[16.997,58.679],[16.992,58.687],[16.993,58.692],[17.002,58.693],[16.997,58.697],[17,58.702],[17.005,58.707],[17.016,58.706],[17.019,58.706],[17.024,58.7],[17.03,58.699],[17.033,58.697],[17.043,58.698],[17.056,58.696],[17.062,58.693],[17.07,58.693],[17.077,58.692],[17.096,58.695],[17.106,58.696],[17.113,58.702],[17.126,58.703],[17.178,58.701],[17.228,58.695],[17.271,58.682],[17.339,58.665],[17.458,58.612],[17.525,58.582],[17.812,58.456],[17.875,58.471]],[[17.365,58.817],[17.358,58.816],[17.363,58.821],[17.373,58.824],[17.377,58.824],[17.374,58.819],[17.374,58.815],[17.365,58.817]]]}},{"type":"Feature","properties":{"id":935517,"maakond_id":410,"name":"Åstorps kommun","bbox":[12.837,56.075,13.106,56.187]},"geometry":{"type":"Polygon","coordinates":[[[13.059,56.079],[13.07,56.075],[13.073,56.077],[13.072,56.084],[13.065,56.086],[13.07,56.089],[13.076,56.086],[13.08,56.087],[13.089,56.086],[13.098,56.088],[13.102,56.09],[13.106,56.094],[13.105,56.096],[13.086,56.104],[13.093,56.116],[13.102,56.119],[13.105,56.125],[13.102,56.128],[13.092,56.127],[13.096,56.132],[13.09,56.135],[13.084,56.137],[13.077,56.143],[13.075,56.153],[13.07,56.157],[13.064,56.158],[13.066,56.163],[13.063,56.167],[13.054,56.163],[13.05,56.165],[13.045,56.163],[13.036,56.162],[13.032,56.172],[13.018,56.181],[13.018,56.185],[13.013,56.187],[12.993,56.18],[12.982,56.179],[12.963,56.178],[12.963,56.174],[12.956,56.172],[12.956,56.165],[12.949,56.16],[12.95,56.154],[12.949,56.149],[12.942,56.149],[12.939,56.145],[12.932,56.141],[12.928,56.141],[12.914,56.138],[12.908,56.139],[12.896,56.136],[12.897,56.143],[12.882,56.142],[12.882,56.139],[12.873,56.138],[12.873,56.133],[12.861,56.134],[12.854,56.135],[12.846,56.132],[12.848,56.129],[12.839,56.129],[12.837,56.125],[12.844,56.119],[12.849,56.113],[12.845,56.109],[12.847,56.106],[12.841,56.105],[12.843,56.102],[12.851,56.099],[12.866,56.093],[12.877,56.087],[12.875,56.094],[12.88,56.1],[12.884,56.107],[12.889,56.105],[12.9,56.103],[12.91,56.113],[12.924,56.113],[12.925,56.116],[12.917,56.117],[12.917,56.119],[12.949,56.122],[12.955,56.121],[12.969,56.114],[12.977,56.114],[12.987,56.111],[12.99,56.109],[13.004,56.113],[13.014,56.103],[13.025,56.1],[13.038,56.094],[13.046,56.086],[13.055,56.081],[13.059,56.079]]]}},{"type":"Feature","properties":{"id":935518,"maakond_id":407,"name":"Mörbylånga kommun","bbox":[16.219,55.914,17.071,56.764]},"geometry":{"type":"Polygon","coordinates":[[[16.224,56.305],[16.219,55.914],[16.324,55.945],[16.496,55.996],[16.53,56.003],[16.553,56.009],[16.599,56.024],[16.62,56.032],[16.64,56.04],[16.659,56.049],[16.677,56.059],[16.694,56.067],[16.713,56.076],[16.73,56.086],[16.746,56.097],[16.761,56.108],[16.788,56.131],[16.801,56.143],[16.806,56.15],[16.816,56.163],[16.824,56.176],[16.831,56.19],[16.842,56.201],[16.852,56.214],[16.859,56.224],[16.872,56.24],[16.885,56.259],[16.895,56.277],[16.905,56.29],[16.913,56.303],[16.921,56.319],[16.924,56.326],[16.928,56.34],[16.931,56.354],[16.932,56.364],[16.94,56.374],[16.95,56.387],[16.954,56.395],[16.961,56.408],[16.965,56.419],[16.972,56.435],[16.978,56.444],[16.984,56.455],[16.993,56.469],[17.012,56.485],[17.024,56.497],[17.029,56.503],[17.044,56.523],[17.053,56.536],[17.056,56.543],[17.063,56.556],[17.067,56.57],[17.07,56.584],[17.071,56.591],[16.72,56.662],[16.713,56.663],[16.704,56.666],[16.7,56.666],[16.696,56.669],[16.682,56.668],[16.678,56.669],[16.664,56.666],[16.644,56.671],[16.64,56.673],[16.634,56.674],[16.617,56.677],[16.617,56.68],[16.607,56.682],[16.609,56.688],[16.612,56.692],[16.614,56.7],[16.62,56.709],[16.623,56.711],[16.625,56.718],[16.634,56.718],[16.637,56.728],[16.627,56.729],[16.629,56.742],[16.608,56.745],[16.6,56.739],[16.593,56.74],[16.598,56.744],[16.587,56.746],[16.586,56.747],[16.563,56.746],[16.557,56.751],[16.542,56.752],[16.531,56.751],[16.533,56.755],[16.523,56.755],[16.521,56.758],[16.504,56.764],[16.436,56.718],[16.426,56.673],[16.417,56.643],[16.359,56.618],[16.319,56.591],[16.251,56.426],[16.224,56.305]]]}},{"type":"Feature","properties":{"id":935519,"maakond_id":410,"name":"Hässleholms kommun","bbox":[13.418,55.942,14.019,56.425]},"geometry":{"type":"Polygon","coordinates":[[[13.696,56.425],[13.689,56.425],[13.661,56.42],[13.65,56.42],[13.648,56.418],[13.628,56.418],[13.602,56.412],[13.597,56.416],[13.581,56.409],[13.578,56.406],[13.579,56.395],[13.523,56.376],[13.521,56.375],[13.51,56.354],[13.509,56.35],[13.501,56.347],[13.496,56.347],[13.506,56.331],[13.512,56.313],[13.515,56.307],[13.497,56.302],[13.503,56.294],[13.493,56.292],[13.49,56.298],[13.483,56.304],[13.467,56.305],[13.46,56.307],[13.455,56.305],[13.453,56.3],[13.445,56.292],[13.432,56.291],[13.432,56.278],[13.423,56.266],[13.418,56.266],[13.428,56.25],[13.44,56.239],[13.443,56.239],[13.444,56.235],[13.46,56.217],[13.461,56.215],[13.466,56.211],[13.451,56.192],[13.453,56.185],[13.454,56.174],[13.469,56.164],[13.462,56.16],[13.463,56.142],[13.461,56.137],[13.457,56.137],[13.457,56.133],[13.446,56.132],[13.446,56.125],[13.443,56.121],[13.439,56.119],[13.438,56.113],[13.427,56.103],[13.428,56.1],[13.436,56.098],[13.435,56.096],[13.447,56.093],[13.449,56.089],[13.459,56.092],[13.469,56.086],[13.489,56.081],[13.497,56.083],[13.505,56.089],[13.518,56.093],[13.523,56.089],[13.536,56.088],[13.542,56.089],[13.559,56.086],[13.569,56.071],[13.562,56.062],[13.585,56.054],[13.584,56.048],[13.588,56.046],[13.595,56.047],[13.601,56.044],[13.634,56.039],[13.641,56.045],[13.649,56.038],[13.64,56.032],[13.642,56.031],[13.658,56.034],[13.664,56.034],[13.659,56.028],[13.656,56.027],[13.649,56.021],[13.658,56.017],[13.661,56.012],[13.67,56.004],[13.664,56.002],[13.652,55.996],[13.654,55.992],[13.658,55.987],[13.659,55.983],[13.645,55.98],[13.643,55.977],[13.626,55.977],[13.622,55.973],[13.62,55.956],[13.626,55.954],[13.644,55.953],[13.657,55.96],[13.667,55.961],[13.685,55.957],[13.7,55.957],[13.711,55.961],[13.713,55.957],[13.723,55.949],[13.75,55.942],[13.757,55.946],[13.764,55.954],[13.777,55.96],[13.78,55.965],[13.758,55.974],[13.763,55.977],[13.765,55.982],[13.774,55.987],[13.774,55.994],[13.783,55.998],[13.789,56.006],[13.803,56.012],[13.805,56.018],[13.811,56.027],[13.823,56.03],[13.83,56.027],[13.836,56.016],[13.856,56.015],[13.86,56.024],[13.859,56.027],[13.883,56.023],[13.887,56.021],[13.913,56.038],[13.92,56.039],[13.93,56.05],[13.95,56.063],[13.97,56.079],[13.969,56.082],[13.97,56.09],[13.978,56.086],[13.981,56.09],[13.992,56.092],[13.995,56.096],[13.997,56.107],[13.998,56.123],[14.003,56.137],[14.013,56.153],[14.014,56.156],[14.007,56.159],[14.019,56.165],[14.017,56.167],[14.014,56.176],[13.994,56.175],[13.989,56.176],[13.988,56.18],[13.993,56.183],[13.993,56.187],[13.983,56.192],[13.978,56.193],[13.976,56.196],[13.981,56.2],[13.981,56.21],[13.977,56.214],[13.978,56.224],[13.969,56.237],[13.982,56.248],[13.986,56.253],[13.973,56.254],[13.999,56.264],[14.004,56.268],[14,56.275],[14.002,56.278],[14.009,56.278],[14.013,56.279],[14.009,56.283],[14,56.284],[13.991,56.278],[13.985,56.28],[13.984,56.287],[13.993,56.294],[13.991,56.306],[13.989,56.314],[13.989,56.317],[13.971,56.324],[13.964,56.326],[13.959,56.323],[13.94,56.326],[13.934,56.328],[13.916,56.319],[13.932,56.347],[13.931,56.353],[13.934,56.363],[13.928,56.36],[13.924,56.36],[13.911,56.366],[13.903,56.363],[13.897,56.358],[13.892,56.361],[13.892,56.372],[13.903,56.377],[13.906,56.381],[13.902,56.382],[13.898,56.387],[13.9,56.39],[13.893,56.401],[13.885,56.403],[13.861,56.392],[13.846,56.389],[13.843,56.396],[13.829,56.389],[13.817,56.382],[13.799,56.392],[13.791,56.394],[13.782,56.393],[13.773,56.393],[13.762,56.39],[13.753,56.386],[13.746,56.402],[13.724,56.407],[13.716,56.405],[13.71,56.41],[13.706,56.417],[13.703,56.423],[13.696,56.425]]]}},{"type":"Feature","properties":{"id":935520,"maakond_id":414,"name":"Karlskoga kommun","bbox":[14.326,59.233,14.79,59.542]},"geometry":{"type":"Polygon","coordinates":[[[14.77,59.358],[14.733,59.375],[14.72,59.387],[14.681,59.421],[14.689,59.421],[14.702,59.431],[14.702,59.433],[14.711,59.438],[14.719,59.452],[14.722,59.457],[14.721,59.463],[14.71,59.476],[14.703,59.477],[14.695,59.475],[14.694,59.472],[14.678,59.47],[14.672,59.468],[14.667,59.472],[14.656,59.472],[14.631,59.494],[14.593,59.499],[14.592,59.5],[14.56,59.505],[14.559,59.51],[14.527,59.514],[14.501,59.525],[14.476,59.529],[14.436,59.542],[14.431,59.537],[14.401,59.519],[14.391,59.514],[14.395,59.513],[14.395,59.509],[14.4,59.501],[14.42,59.485],[14.423,59.485],[14.425,59.479],[14.436,59.467],[14.441,59.459],[14.451,59.453],[14.457,59.448],[14.462,59.446],[14.469,59.441],[14.465,59.437],[14.458,59.436],[14.432,59.422],[14.417,59.413],[14.41,59.414],[14.393,59.395],[14.39,59.39],[14.379,59.384],[14.374,59.376],[14.377,59.369],[14.367,59.369],[14.363,59.349],[14.355,59.332],[14.352,59.33],[14.341,59.334],[14.334,59.33],[14.328,59.324],[14.326,59.318],[14.333,59.314],[14.341,59.304],[14.35,59.303],[14.374,59.299],[14.404,59.302],[14.41,59.3],[14.434,59.297],[14.455,59.29],[14.465,59.287],[14.468,59.285],[14.472,59.279],[14.482,59.279],[14.495,59.286],[14.507,59.291],[14.516,59.293],[14.519,59.29],[14.53,59.283],[14.542,59.283],[14.547,59.282],[14.543,59.273],[14.547,59.272],[14.563,59.265],[14.581,59.255],[14.615,59.246],[14.625,59.256],[14.644,59.261],[14.669,59.242],[14.683,59.238],[14.71,59.233],[14.711,59.257],[14.723,59.261],[14.726,59.258],[14.766,59.259],[14.76,59.273],[14.765,59.28],[14.773,59.279],[14.775,59.281],[14.771,59.285],[14.769,59.291],[14.763,59.299],[14.764,59.302],[14.755,59.309],[14.748,59.315],[14.757,59.32],[14.761,59.321],[14.766,59.318],[14.77,59.319],[14.772,59.323],[14.781,59.325],[14.785,59.331],[14.79,59.333],[14.788,59.336],[14.781,59.344],[14.783,59.35],[14.777,59.354],[14.772,59.354],[14.77,59.358]]]}},{"type":"Feature","properties":{"id":935521,"maakond_id":406,"name":"Lessebo kommun","bbox":[15.065,56.602,15.556,56.902]},"geometry":{"type":"Polygon","coordinates":[[[15.367,56.602],[15.372,56.604],[15.374,56.61],[15.385,56.611],[15.388,56.614],[15.391,56.624],[15.394,56.627],[15.403,56.631],[15.419,56.639],[15.418,56.645],[15.412,56.646],[15.406,56.649],[15.408,56.654],[15.4,56.656],[15.405,56.662],[15.422,56.669],[15.424,56.674],[15.412,56.679],[15.41,56.682],[15.413,56.688],[15.414,56.693],[15.419,56.696],[15.421,56.701],[15.418,56.708],[15.418,56.71],[15.425,56.71],[15.425,56.713],[15.416,56.717],[15.402,56.717],[15.394,56.721],[15.389,56.726],[15.393,56.732],[15.384,56.746],[15.379,56.747],[15.378,56.751],[15.361,56.758],[15.368,56.781],[15.383,56.782],[15.415,56.78],[15.428,56.782],[15.432,56.78],[15.445,56.779],[15.449,56.785],[15.445,56.796],[15.457,56.796],[15.487,56.796],[15.49,56.795],[15.523,56.803],[15.538,56.806],[15.553,56.823],[15.553,56.838],[15.548,56.849],[15.538,56.862],[15.556,56.874],[15.546,56.891],[15.534,56.895],[15.529,56.9],[15.519,56.901],[15.447,56.877],[15.433,56.897],[15.422,56.902],[15.374,56.889],[15.336,56.873],[15.342,56.853],[15.305,56.867],[15.293,56.877],[15.276,56.875],[15.275,56.856],[15.285,56.832],[15.256,56.834],[15.232,56.832],[15.225,56.831],[15.222,56.836],[15.193,56.831],[15.187,56.835],[15.181,56.831],[15.181,56.825],[15.136,56.815],[15.129,56.815],[15.113,56.812],[15.11,56.81],[15.094,56.808],[15.066,56.807],[15.065,56.803],[15.074,56.798],[15.075,56.796],[15.089,56.786],[15.089,56.782],[15.085,56.782],[15.083,56.776],[15.077,56.771],[15.066,56.765],[15.077,56.743],[15.121,56.728],[15.132,56.72],[15.141,56.704],[15.144,56.701],[15.16,56.699],[15.165,56.701],[15.172,56.7],[15.182,56.697],[15.187,56.698],[15.194,56.712],[15.196,56.718],[15.213,56.721],[15.22,56.715],[15.228,56.71],[15.23,56.703],[15.241,56.691],[15.25,56.688],[15.266,56.68],[15.284,56.678],[15.294,56.675],[15.297,56.671],[15.301,56.671],[15.309,56.667],[15.311,56.664],[15.32,56.661],[15.321,56.656],[15.326,56.655],[15.33,56.648],[15.337,56.645],[15.32,56.639],[15.319,56.641],[15.307,56.637],[15.305,56.635],[15.312,56.629],[15.313,56.626],[15.323,56.622],[15.339,56.611],[15.342,56.605],[15.349,56.603],[15.356,56.604],[15.362,56.602],[15.367,56.602]]]}},{"type":"Feature","properties":{"id":935522,"maakond_id":409,"name":"Karlshamns kommun","bbox":[14.649,55.894,15.231,56.39]},"geometry":{"type":"Polygon","coordinates":[[[14.651,56.208],[14.649,56.191],[14.662,56.192],[14.656,56.173],[14.666,56.168],[14.664,56.164],[14.668,56.162],[14.685,56.16],[14.684,56.157],[14.686,56.152],[14.69,56.151],[14.789,56.104],[15.231,55.894],[15.048,56.138],[15.049,56.151],[15.055,56.157],[15.058,56.164],[15.066,56.167],[15.067,56.176],[15.063,56.177],[15.062,56.183],[15.06,56.188],[15.067,56.201],[15.071,56.205],[15.069,56.211],[15.06,56.221],[15.052,56.227],[15.053,56.229],[15.049,56.241],[15.04,56.25],[15.039,56.254],[15.033,56.262],[15.025,56.268],[15.012,56.272],[15.014,56.281],[15.017,56.287],[15.02,56.291],[15.024,56.301],[15.026,56.304],[15.025,56.307],[15.035,56.319],[15.031,56.329],[15.027,56.333],[15.027,56.338],[15.024,56.345],[15.021,56.355],[15.017,56.358],[15.015,56.363],[15.005,56.367],[14.99,56.368],[14.967,56.371],[14.957,56.37],[14.95,56.372],[14.94,56.377],[14.931,56.38],[14.931,56.384],[14.911,56.366],[14.904,56.361],[14.899,56.363],[14.89,56.363],[14.871,56.361],[14.86,56.359],[14.856,56.363],[14.836,56.367],[14.815,56.373],[14.801,56.373],[14.8,56.376],[14.788,56.379],[14.779,56.382],[14.758,56.383],[14.755,56.38],[14.734,56.384],[14.718,56.382],[14.716,56.384],[14.703,56.385],[14.679,56.387],[14.673,56.39],[14.676,56.387],[14.679,56.378],[14.679,56.376],[14.684,56.368],[14.684,56.363],[14.689,56.361],[14.692,56.355],[14.695,56.345],[14.696,56.34],[14.699,56.339],[14.704,56.331],[14.715,56.328],[14.715,56.324],[14.723,56.317],[14.732,56.314],[14.741,56.298],[14.735,56.294],[14.735,56.285],[14.732,56.282],[14.732,56.276],[14.74,56.272],[14.741,56.266],[14.747,56.263],[14.746,56.259],[14.735,56.259],[14.725,56.256],[14.712,56.261],[14.711,56.254],[14.704,56.25],[14.699,56.232],[14.693,56.229],[14.689,56.23],[14.673,56.23],[14.67,56.228],[14.666,56.221],[14.662,56.223],[14.656,56.222],[14.661,56.217],[14.66,56.21],[14.651,56.208]]]}},{"type":"Feature","properties":{"id":935524,"maakond_id":403,"name":"Oxelösunds kommun","bbox":[16.987,58.399,17.812,58.707]},"geometry":{"type":"Polygon","coordinates":[[[17.569,58.399],[17.812,58.456],[17.525,58.582],[17.458,58.612],[17.339,58.665],[17.271,58.682],[17.228,58.695],[17.178,58.701],[17.126,58.703],[17.113,58.702],[17.106,58.696],[17.096,58.695],[17.077,58.692],[17.07,58.693],[17.062,58.693],[17.056,58.696],[17.043,58.698],[17.033,58.697],[17.03,58.699],[17.024,58.7],[17.019,58.706],[17.016,58.706],[17.005,58.707],[17,58.702],[16.997,58.697],[17.002,58.693],[16.993,58.692],[16.992,58.687],[16.997,58.679],[16.989,58.677],[16.987,58.672],[17.005,58.671],[17.018,58.669],[17.032,58.665],[17.045,58.66],[17.048,58.655],[17.058,58.648],[17.087,58.635],[17.079,58.611],[17.07,58.591],[17.131,58.55],[17.147,58.533],[17.149,58.503],[17.516,58.411],[17.569,58.399]]]}},{"type":"Feature","properties":{"id":935525,"maakond_id":410,"name":"Sjöbo kommun","bbox":[13.517,55.51,13.986,55.776]},"geometry":{"type":"Polygon","coordinates":[[[13.921,55.749],[13.915,55.751],[13.913,55.759],[13.899,55.759],[13.886,55.753],[13.879,55.753],[13.858,55.756],[13.846,55.758],[13.844,55.765],[13.818,55.766],[13.807,55.768],[13.803,55.776],[13.796,55.775],[13.787,55.775],[13.78,55.774],[13.771,55.769],[13.773,55.767],[13.761,55.763],[13.759,55.759],[13.76,55.757],[13.756,55.753],[13.759,55.747],[13.757,55.743],[13.722,55.743],[13.719,55.744],[13.71,55.742],[13.696,55.738],[13.691,55.741],[13.666,55.738],[13.666,55.732],[13.664,55.728],[13.66,55.726],[13.658,55.722],[13.653,55.722],[13.65,55.727],[13.628,55.724],[13.62,55.725],[13.614,55.723],[13.612,55.728],[13.614,55.73],[13.604,55.731],[13.596,55.73],[13.59,55.728],[13.592,55.721],[13.596,55.719],[13.6,55.714],[13.594,55.712],[13.583,55.703],[13.582,55.698],[13.571,55.689],[13.573,55.687],[13.587,55.685],[13.599,55.678],[13.602,55.674],[13.614,55.668],[13.617,55.661],[13.61,55.652],[13.608,55.647],[13.608,55.641],[13.603,55.631],[13.591,55.632],[13.58,55.634],[13.571,55.633],[13.561,55.633],[13.556,55.636],[13.552,55.634],[13.547,55.636],[13.542,55.63],[13.534,55.626],[13.53,55.62],[13.533,55.608],[13.529,55.596],[13.52,55.589],[13.525,55.586],[13.523,55.584],[13.528,55.582],[13.53,55.577],[13.529,55.572],[13.526,55.57],[13.517,55.57],[13.519,55.563],[13.53,55.566],[13.531,55.563],[13.535,55.561],[13.538,55.554],[13.545,55.55],[13.541,55.547],[13.542,55.545],[13.549,55.545],[13.559,55.541],[13.56,55.546],[13.565,55.545],[13.566,55.541],[13.569,55.539],[13.567,55.536],[13.575,55.536],[13.579,55.538],[13.595,55.535],[13.598,55.536],[13.613,55.535],[13.616,55.539],[13.626,55.536],[13.63,55.538],[13.64,55.534],[13.641,55.53],[13.637,55.526],[13.648,55.527],[13.651,55.524],[13.657,55.524],[13.665,55.527],[13.667,55.533],[13.679,55.529],[13.677,55.527],[13.669,55.527],[13.672,55.523],[13.671,55.511],[13.679,55.51],[13.681,55.512],[13.678,55.517],[13.677,55.521],[13.68,55.523],[13.685,55.521],[13.684,55.515],[13.686,55.511],[13.692,55.51],[13.706,55.512],[13.712,55.517],[13.716,55.522],[13.712,55.528],[13.712,55.532],[13.737,55.532],[13.743,55.534],[13.746,55.54],[13.754,55.538],[13.761,55.534],[13.781,55.542],[13.78,55.548],[13.776,55.551],[13.781,55.558],[13.791,55.56],[13.795,55.561],[13.812,55.561],[13.818,55.564],[13.822,55.569],[13.825,55.575],[13.833,55.572],[13.844,55.569],[13.85,55.566],[13.85,55.57],[13.859,55.575],[13.86,55.583],[13.867,55.59],[13.873,55.589],[13.877,55.593],[13.882,55.593],[13.887,55.59],[13.896,55.589],[13.901,55.591],[13.911,55.591],[13.913,55.593],[13.921,55.598],[13.932,55.598],[13.933,55.603],[13.937,55.608],[13.928,55.611],[13.924,55.616],[13.918,55.615],[13.915,55.617],[13.916,55.621],[13.921,55.622],[13.92,55.626],[13.937,55.62],[13.948,55.62],[13.944,55.626],[13.957,55.631],[13.954,55.634],[13.948,55.636],[13.954,55.639],[13.961,55.636],[13.975,55.635],[13.98,55.637],[13.982,55.642],[13.986,55.649],[13.982,55.655],[13.978,55.655],[13.975,55.659],[13.953,55.669],[13.947,55.675],[13.949,55.681],[13.933,55.687],[13.927,55.688],[13.925,55.692],[13.928,55.696],[13.923,55.699],[13.916,55.699],[13.911,55.702],[13.908,55.708],[13.905,55.713],[13.892,55.715],[13.897,55.726],[13.897,55.731],[13.909,55.733],[13.911,55.739],[13.919,55.744],[13.926,55.744],[13.921,55.749]]]}},{"type":"Feature","properties":{"id":935526,"maakond_id":412,"name":"Lilla Edets kommun","bbox":[11.983,58.008,12.419,58.308]},"geometry":{"type":"MultiPolygon","coordinates":[[[[12.136,58.308],[12.127,58.307],[12.118,58.305],[12.109,58.297],[12.099,58.293],[12.095,58.286],[12.091,58.284],[12.087,58.268],[12.082,58.266],[12.083,58.264],[12.094,58.26],[12.093,58.256],[12.076,58.248],[12.072,58.241],[12.065,58.241],[12.062,58.238],[12.063,58.234],[12.057,58.232],[12.043,58.227],[12.035,58.218],[12.022,58.208],[12.025,58.197],[12.019,58.196],[12.011,58.187],[12.01,58.183],[12.003,58.18],[12.001,58.181],[11.986,58.175],[11.992,58.167],[11.987,58.157],[11.983,58.155],[11.983,58.15],[11.987,58.143],[11.992,58.139],[11.992,58.135],[12.02,58.121],[12.034,58.122],[12.036,58.121],[12.037,58.108],[12.042,58.096],[12.045,58.093],[12.041,58.089],[12.034,58.086],[12.042,58.079],[12.04,58.072],[12.042,58.063],[12.047,58.059],[12.044,58.05],[12.039,58.04],[12.042,58.031],[12.061,58.023],[12.068,58.022],[12.087,58.018],[12.118,58.013],[12.133,58.011],[12.132,58.008],[12.137,58.013],[12.152,58.011],[12.151,58.008],[12.161,58.008],[12.163,58.012],[12.171,58.014],[12.171,58.016],[12.185,58.015],[12.218,58.022],[12.23,58.024],[12.236,58.027],[12.245,58.034],[12.238,58.035],[12.238,58.038],[12.255,58.051],[12.285,58.065],[12.315,58.08],[12.331,58.085],[12.335,58.085],[12.341,58.09],[12.344,58.095],[12.35,58.101],[12.349,58.105],[12.353,58.109],[12.363,58.111],[12.366,58.114],[12.376,58.117],[12.374,58.123],[12.37,58.126],[12.356,58.124],[12.34,58.125],[12.324,58.124],[12.327,58.12],[12.305,58.12],[12.305,58.123],[12.278,58.122],[12.264,58.12],[12.254,58.115],[12.248,58.119],[12.243,58.116],[12.236,58.119],[12.229,58.122],[12.222,58.123],[12.204,58.129],[12.199,58.132],[12.188,58.135],[12.19,58.138],[12.182,58.147],[12.18,58.153],[12.166,58.16],[12.16,58.166],[12.162,58.169],[12.168,58.172],[12.176,58.178],[12.18,58.18],[12.178,58.184],[12.183,58.19],[12.17,58.2],[12.162,58.203],[12.156,58.2],[12.148,58.201],[12.154,58.208],[12.154,58.214],[12.158,58.217],[12.18,58.228],[12.189,58.235],[12.208,58.246],[12.214,58.248],[12.221,58.251],[12.229,58.257],[12.217,58.266],[12.204,58.267],[12.187,58.275],[12.176,58.273],[12.168,58.271],[12.156,58.269],[12.147,58.268],[12.142,58.273],[12.135,58.274],[12.137,58.281],[12.142,58.287],[12.155,58.295],[12.145,58.308],[12.136,58.308]]],[[[12.413,58.037],[12.419,58.038],[12.419,58.041],[12.411,58.04],[12.407,58.042],[12.41,58.047],[12.398,58.055],[12.387,58.047],[12.383,58.046],[12.388,58.043],[12.393,58.043],[12.39,58.038],[12.399,58.036],[12.408,58.036],[12.413,58.037]]]]}},{"type":"Feature","properties":{"id":935527,"maakond_id":409,"name":"Ronneby kommun","bbox":[14.931,55.894,15.524,56.501]},"geometry":{"type":"MultiPolygon","coordinates":[[[[15.481,56.48],[15.478,56.484],[15.468,56.487],[15.463,56.485],[15.447,56.482],[15.444,56.488],[15.439,56.494],[15.433,56.495],[15.432,56.491],[15.418,56.493],[15.41,56.497],[15.398,56.498],[15.386,56.501],[15.381,56.5],[15.367,56.493],[15.366,56.484],[15.365,56.482],[15.341,56.469],[15.325,56.46],[15.325,56.457],[15.317,56.456],[15.314,56.458],[15.307,56.458],[15.299,56.456],[15.293,56.457],[15.287,56.457],[15.281,56.46],[15.282,56.464],[15.267,56.467],[15.264,56.471],[15.257,56.468],[15.251,56.467],[15.249,56.464],[15.233,56.463],[15.209,56.459],[15.208,56.457],[15.217,56.454],[15.22,56.451],[15.214,56.446],[15.214,56.44],[15.207,56.435],[15.205,56.436],[15.194,56.429],[15.18,56.428],[15.159,56.434],[15.147,56.436],[15.135,56.445],[15.131,56.454],[15.123,56.455],[15.11,56.453],[15.1,56.453],[15.097,56.455],[15.086,56.454],[15.086,56.452],[15.069,56.452],[15.061,56.453],[15.05,56.452],[15.053,56.441],[15.05,56.438],[15.033,56.451],[15.024,56.451],[15.014,56.449],[15.009,56.446],[15.001,56.446],[14.994,56.442],[14.989,56.441],[14.989,56.437],[14.979,56.434],[14.978,56.428],[14.972,56.409],[14.951,56.393],[14.943,56.391],[14.94,56.387],[14.931,56.384],[14.931,56.38],[14.94,56.377],[14.95,56.372],[14.957,56.37],[14.967,56.371],[14.99,56.368],[15.005,56.367],[15.015,56.363],[15.017,56.358],[15.021,56.355],[15.024,56.345],[15.027,56.338],[15.027,56.333],[15.031,56.329],[15.035,56.319],[15.025,56.307],[15.026,56.304],[15.024,56.301],[15.02,56.291],[15.017,56.287],[15.014,56.281],[15.012,56.272],[15.025,56.268],[15.033,56.262],[15.039,56.254],[15.04,56.25],[15.049,56.241],[15.053,56.229],[15.052,56.227],[15.06,56.221],[15.069,56.211],[15.071,56.205],[15.067,56.201],[15.06,56.188],[15.062,56.183],[15.063,56.177],[15.067,56.176],[15.066,56.167],[15.058,56.164],[15.055,56.157],[15.049,56.151],[15.048,56.138],[15.231,55.894],[15.338,56.022],[15.407,56.108],[15.412,56.11],[15.415,56.116],[15.427,56.121],[15.442,56.123],[15.446,56.127],[15.453,56.129],[15.466,56.126],[15.478,56.134],[15.489,56.134],[15.506,56.131],[15.524,56.141],[15.519,56.149],[15.521,56.153],[15.519,56.158],[15.512,56.162],[15.507,56.162],[15.502,56.164],[15.5,56.17],[15.494,56.172],[15.489,56.18],[15.49,56.189],[15.479,56.199],[15.473,56.207],[15.473,56.215],[15.479,56.218],[15.484,56.227],[15.484,56.231],[15.491,56.238],[15.478,56.242],[15.465,56.242],[15.471,56.248],[15.472,56.255],[15.488,56.261],[15.483,56.27],[15.484,56.278],[15.475,56.275],[15.468,56.276],[15.462,56.278],[15.449,56.274],[15.444,56.275],[15.438,56.284],[15.434,56.285],[15.407,56.278],[15.405,56.281],[15.393,56.279],[15.387,56.285],[15.389,56.289],[15.385,56.293],[15.383,56.302],[15.373,56.306],[15.377,56.312],[15.371,56.319],[15.382,56.319],[15.38,56.325],[15.381,56.332],[15.378,56.336],[15.379,56.341],[15.375,56.343],[15.359,56.343],[15.35,56.345],[15.336,56.351],[15.329,56.355],[15.322,56.356],[15.314,56.361],[15.314,56.363],[15.305,56.361],[15.305,56.364],[15.302,56.369],[15.3,56.38],[15.302,56.383],[15.307,56.385],[15.32,56.383],[15.326,56.383],[15.348,56.381],[15.349,56.39],[15.341,56.397],[15.343,56.399],[15.34,56.404],[15.336,56.408],[15.339,56.411],[15.345,56.412],[15.349,56.411],[15.363,56.411],[15.367,56.415],[15.377,56.413],[15.376,56.416],[15.388,56.415],[15.397,56.409],[15.398,56.406],[15.413,56.403],[15.418,56.405],[15.421,56.412],[15.419,56.413],[15.427,56.422],[15.436,56.425],[15.434,56.428],[15.432,56.433],[15.437,56.447],[15.448,56.446],[15.448,56.449],[15.456,56.452],[15.468,56.446],[15.474,56.449],[15.488,56.446],[15.5,56.436],[15.502,56.444],[15.507,56.448],[15.507,56.452],[15.496,56.459],[15.492,56.459],[15.472,56.467],[15.469,56.469],[15.477,56.471],[15.481,56.48]]],[[[15.386,56.368],[15.388,56.363],[15.397,56.36],[15.408,56.361],[15.4,56.374],[15.401,56.379],[15.395,56.383],[15.399,56.387],[15.39,56.393],[15.385,56.395],[15.372,56.396],[15.369,56.389],[15.375,56.383],[15.369,56.379],[15.386,56.368]]]]}},{"type":"Feature","properties":{"id":935528,"maakond_id":420,"name":"Vilhelmina kommun","bbox":[14.326,64.354,17.708,65.445]},"geometry":{"type":"Polygon","coordinates":[[[14.501,65.445],[14.502,65.374],[14.507,65.31],[14.379,65.248],[14.356,65.194],[14.326,65.119],[14.531,65.036],[14.613,65.002],[14.698,64.99],[14.706,64.982],[14.705,64.981],[15.122,64.929],[15.481,64.872],[15.645,64.814],[15.666,64.806],[15.784,64.763],[15.945,64.704],[16.011,64.653],[16.138,64.554],[16.263,64.512],[16.372,64.475],[16.489,64.454],[16.604,64.433],[16.715,64.373],[16.727,64.354],[16.752,64.354],[16.921,64.356],[16.95,64.399],[17.094,64.417],[17.329,64.447],[17.325,64.454],[17.357,64.458],[17.378,64.453],[17.454,64.462],[17.579,64.477],[17.657,64.487],[17.695,64.501],[17.685,64.511],[17.708,64.52],[17.62,64.602],[17.682,64.625],[17.654,64.638],[17.654,64.668],[17.588,64.679],[17.568,64.672],[17.548,64.669],[17.505,64.709],[17.558,64.733],[17.511,64.752],[17.484,64.753],[17.339,64.757],[17.34,64.781],[17.274,64.803],[17.272,64.807],[17.261,64.814],[17.249,64.811],[17.179,64.834],[17.051,64.877],[16.862,64.938],[16.735,64.98],[16.595,65.025],[16.503,65.082],[16.451,65.113],[16.354,65.172],[16.233,65.245],[16.121,65.312],[15.975,65.343],[15.805,65.379],[15.705,65.401],[15.274,65.411],[15.209,65.422],[15.126,65.405],[14.994,65.406],[14.986,65.403],[14.978,65.402],[14.948,65.408],[14.943,65.413],[14.931,65.416],[14.93,65.418],[14.903,65.428],[14.86,65.423],[14.843,65.422],[14.841,65.424],[14.82,65.422],[14.813,65.42],[14.789,65.415],[14.685,65.415],[14.67,65.419],[14.65,65.425],[14.639,65.422],[14.611,65.422],[14.604,65.423],[14.599,65.426],[14.581,65.431],[14.57,65.436],[14.555,65.437],[14.541,65.437],[14.531,65.442],[14.515,65.444],[14.501,65.445]]]}},{"type":"Feature","properties":{"id":935529,"maakond_id":410,"name":"Simrishamns kommun","bbox":[14.061,55.352,14.702,55.767]},"geometry":{"type":"Polygon","coordinates":[[[14.134,55.759],[14.123,55.753],[14.122,55.756],[14.115,55.756],[14.109,55.755],[14.106,55.757],[14.103,55.756],[14.103,55.752],[14.1,55.75],[14.093,55.75],[14.1,55.742],[14.102,55.745],[14.11,55.749],[14.115,55.739],[14.108,55.737],[14.105,55.74],[14.096,55.74],[14.089,55.741],[14.089,55.736],[14.103,55.736],[14.109,55.734],[14.114,55.734],[14.127,55.732],[14.13,55.728],[14.139,55.724],[14.145,55.724],[14.142,55.719],[14.13,55.718],[14.121,55.716],[14.105,55.715],[14.105,55.712],[14.098,55.711],[14.1,55.707],[14.092,55.703],[14.09,55.7],[14.082,55.698],[14.073,55.691],[14.069,55.69],[14.066,55.683],[14.074,55.679],[14.077,55.675],[14.068,55.675],[14.061,55.662],[14.061,55.658],[14.07,55.657],[14.069,55.651],[14.072,55.643],[14.068,55.636],[14.073,55.635],[14.079,55.63],[14.088,55.625],[14.105,55.618],[14.117,55.617],[14.123,55.615],[14.123,55.613],[14.135,55.609],[14.139,55.612],[14.163,55.606],[14.162,55.602],[14.159,55.598],[14.165,55.588],[14.167,55.584],[14.155,55.579],[14.152,55.58],[14.14,55.574],[14.138,55.571],[14.142,55.564],[14.149,55.559],[14.151,55.555],[14.137,55.547],[14.136,55.543],[14.138,55.541],[14.13,55.539],[14.13,55.531],[14.137,55.516],[14.125,55.512],[14.111,55.505],[14.098,55.503],[14.091,55.499],[14.089,55.495],[14.073,55.483],[14.074,55.48],[14.079,55.473],[14.083,55.472],[14.087,55.469],[14.096,55.473],[14.106,55.476],[14.112,55.48],[14.122,55.48],[14.128,55.477],[14.139,55.478],[14.139,55.473],[14.146,55.469],[14.129,55.465],[14.135,55.455],[14.133,55.451],[14.139,55.449],[14.141,55.445],[14.147,55.437],[14.164,55.43],[14.17,55.426],[14.175,55.425],[14.182,55.422],[14.187,55.418],[14.193,55.415],[14.203,55.415],[14.205,55.414],[14.212,55.4],[14.216,55.398],[14.384,55.352],[14.59,55.517],[14.702,55.606],[14.691,55.626],[14.682,55.639],[14.672,55.651],[14.658,55.665],[14.65,55.674],[14.637,55.688],[14.627,55.697],[14.623,55.709],[14.616,55.724],[14.608,55.737],[14.595,55.755],[14.203,55.765],[14.192,55.766],[14.185,55.763],[14.17,55.767],[14.161,55.763],[14.161,55.76],[14.15,55.762],[14.134,55.759]]]}},{"type":"Feature","properties":{"id":935530,"maakond_id":410,"name":"Perstorps kommun","bbox":[13.265,56.095,13.469,56.269]},"geometry":{"type":"Polygon","coordinates":[[[13.272,56.215],[13.278,56.195],[13.265,56.184],[13.28,56.175],[13.303,56.171],[13.307,56.169],[13.309,56.159],[13.306,56.158],[13.29,56.147],[13.301,56.141],[13.307,56.138],[13.306,56.136],[13.298,56.132],[13.298,56.127],[13.31,56.129],[13.332,56.122],[13.343,56.123],[13.366,56.119],[13.373,56.121],[13.374,56.117],[13.373,56.112],[13.386,56.11],[13.393,56.107],[13.401,56.095],[13.409,56.1],[13.421,56.103],[13.428,56.1],[13.427,56.103],[13.438,56.113],[13.439,56.119],[13.443,56.121],[13.446,56.125],[13.446,56.132],[13.457,56.133],[13.457,56.137],[13.461,56.137],[13.463,56.142],[13.462,56.16],[13.469,56.164],[13.454,56.174],[13.453,56.185],[13.451,56.192],[13.466,56.211],[13.461,56.215],[13.46,56.217],[13.444,56.235],[13.443,56.239],[13.44,56.239],[13.428,56.25],[13.418,56.266],[13.385,56.268],[13.347,56.269],[13.333,56.256],[13.324,56.255],[13.329,56.252],[13.321,56.246],[13.316,56.246],[13.308,56.24],[13.3,56.236],[13.293,56.231],[13.288,56.23],[13.279,56.226],[13.276,56.222],[13.278,56.219],[13.272,56.215]]]}},{"type":"Feature","properties":{"id":935531,"maakond_id":410,"name":"Trelleborgs kommun","bbox":[12.968,55.137,13.545,55.511]},"geometry":{"type":"Polygon","coordinates":[[[12.981,55.163],[12.997,55.168],[13.027,55.165],[13.051,55.164],[13.08,55.164],[13.102,55.162],[13.133,55.16],[13.151,55.156],[13.172,55.152],[13.196,55.149],[13.228,55.144],[13.24,55.143],[13.264,55.142],[13.278,55.141],[13.312,55.138],[13.352,55.137],[13.364,55.137],[13.389,55.138],[13.413,55.14],[13.437,55.142],[13.457,55.145],[13.48,55.149],[13.503,55.154],[13.525,55.16],[13.545,55.166],[13.537,55.324],[13.483,55.377],[13.481,55.379],[13.483,55.383],[13.487,55.384],[13.487,55.388],[13.491,55.394],[13.48,55.401],[13.475,55.407],[13.473,55.414],[13.465,55.417],[13.445,55.421],[13.449,55.424],[13.452,55.425],[13.458,55.432],[13.454,55.433],[13.46,55.439],[13.454,55.442],[13.452,55.447],[13.463,55.445],[13.474,55.446],[13.474,55.451],[13.471,55.461],[13.463,55.469],[13.471,55.471],[13.446,55.479],[13.444,55.496],[13.447,55.501],[13.446,55.503],[13.45,55.508],[13.448,55.511],[13.436,55.509],[13.43,55.504],[13.425,55.494],[13.411,55.482],[13.403,55.483],[13.402,55.481],[13.387,55.473],[13.381,55.473],[13.382,55.468],[13.376,55.469],[13.34,55.475],[13.337,55.473],[13.329,55.471],[13.322,55.471],[13.319,55.475],[13.297,55.477],[13.281,55.483],[13.275,55.481],[13.274,55.477],[13.267,55.473],[13.261,55.473],[13.251,55.469],[13.241,55.471],[13.244,55.474],[13.24,55.476],[13.239,55.481],[13.231,55.481],[13.226,55.484],[13.216,55.478],[13.211,55.475],[13.201,55.469],[13.19,55.468],[13.182,55.47],[13.176,55.475],[13.172,55.476],[13.166,55.473],[13.157,55.472],[13.15,55.468],[13.143,55.462],[13.142,55.46],[13.137,55.455],[13.137,55.452],[13.122,55.451],[13.119,55.451],[13.118,55.455],[13.113,55.458],[13.109,55.458],[13.106,55.463],[13.068,55.461],[13.064,55.463],[13.06,55.461],[13.051,55.459],[13.054,55.452],[13.055,55.445],[13.053,55.44],[13.052,55.431],[13.063,55.426],[13.065,55.421],[13.046,55.418],[13.045,55.408],[13.043,55.404],[13.032,55.404],[13.032,55.4],[13.023,55.402],[13.018,55.397],[13.026,55.394],[13.014,55.384],[12.968,55.341],[12.981,55.163]]]}},{"type":"Feature","properties":{"id":935532,"maakond_id":412,"name":"Orust kommun","bbox":[10.892,58.048,11.868,58.309]},"geometry":{"type":"Polygon","coordinates":[[[10.959,58.048],[11.321,58.05],[11.4,58.049],[11.461,58.049],[11.505,58.053],[11.511,58.058],[11.521,58.059],[11.529,58.059],[11.546,58.067],[11.548,58.071],[11.556,58.073],[11.551,58.076],[11.556,58.078],[11.559,58.084],[11.586,58.078],[11.598,58.07],[11.622,58.083],[11.624,58.087],[11.632,58.091],[11.647,58.094],[11.651,58.1],[11.658,58.099],[11.665,58.102],[11.671,58.099],[11.674,58.096],[11.682,58.098],[11.688,58.097],[11.694,58.099],[11.701,58.094],[11.711,58.087],[11.715,58.084],[11.723,58.087],[11.724,58.092],[11.728,58.097],[11.733,58.099],[11.742,58.106],[11.748,58.106],[11.757,58.109],[11.763,58.111],[11.769,58.11],[11.787,58.12],[11.805,58.117],[11.824,58.115],[11.835,58.123],[11.832,58.128],[11.838,58.146],[11.852,58.156],[11.853,58.16],[11.856,58.167],[11.852,58.173],[11.85,58.179],[11.851,58.195],[11.854,58.207],[11.865,58.207],[11.868,58.214],[11.851,58.216],[11.849,58.225],[11.852,58.228],[11.848,58.235],[11.844,58.239],[11.842,58.243],[11.837,58.247],[11.837,58.253],[11.832,58.258],[11.831,58.263],[11.82,58.268],[11.824,58.275],[11.819,58.279],[11.808,58.274],[11.804,58.269],[11.787,58.27],[11.777,58.276],[11.776,58.281],[11.767,58.29],[11.761,58.298],[11.762,58.301],[11.757,58.307],[11.747,58.309],[11.723,58.302],[11.716,58.309],[11.71,58.306],[11.694,58.306],[11.691,58.303],[11.678,58.301],[11.674,58.298],[11.673,58.294],[11.676,58.287],[11.669,58.281],[11.675,58.277],[11.677,58.269],[11.673,58.262],[11.669,58.256],[11.661,58.257],[11.656,58.26],[11.648,58.262],[11.646,58.258],[11.638,58.255],[11.631,58.256],[11.61,58.247],[11.609,58.245],[11.588,58.239],[11.582,58.24],[11.575,58.233],[11.559,58.227],[11.554,58.231],[11.555,58.234],[11.542,58.24],[11.538,58.239],[11.531,58.239],[11.52,58.241],[11.495,58.233],[11.481,58.23],[11.478,58.224],[11.48,58.214],[11.466,58.201],[11.464,58.192],[11.458,58.189],[11.452,58.182],[11.442,58.181],[11.435,58.183],[11.429,58.183],[11.402,58.193],[11.39,58.187],[11.353,58.174],[11.3,58.174],[10.892,58.176],[10.926,58.111],[10.959,58.048]]]}},{"type":"Feature","properties":{"id":935533,"maakond_id":412,"name":"Herrljunga kommun","bbox":[12.838,57.889,13.374,58.129]},"geometry":{"type":"Polygon","coordinates":[[[12.998,58.11],[12.997,58.11],[12.987,58.109],[12.979,58.109],[12.963,58.112],[12.935,58.112],[12.903,58.112],[12.903,58.093],[12.9,58.093],[12.863,58.097],[12.863,58.092],[12.86,58.084],[12.856,58.08],[12.838,58.077],[12.838,58.067],[12.844,58.065],[12.87,58.059],[12.868,58.046],[12.865,58.043],[12.869,58.04],[12.895,58.04],[12.916,58.041],[12.93,58.033],[12.946,58.034],[12.964,58.037],[12.944,58.025],[12.949,58.017],[12.957,58.014],[12.968,58.012],[12.977,58.009],[12.986,58.01],[12.985,58.007],[12.976,58.002],[12.968,57.999],[12.965,57.991],[12.974,57.975],[12.971,57.966],[12.962,57.959],[12.961,57.955],[12.955,57.953],[12.948,57.947],[12.944,57.949],[12.933,57.937],[12.933,57.932],[12.93,57.929],[12.926,57.928],[12.941,57.925],[12.948,57.922],[12.96,57.913],[12.963,57.914],[12.995,57.899],[13.003,57.9],[13.006,57.896],[13.011,57.897],[13.022,57.895],[13.027,57.899],[13.031,57.898],[13.077,57.905],[13.091,57.903],[13.101,57.908],[13.106,57.908],[13.117,57.899],[13.117,57.889],[13.131,57.889],[13.129,57.891],[13.143,57.897],[13.161,57.897],[13.171,57.899],[13.188,57.904],[13.211,57.909],[13.224,57.915],[13.227,57.919],[13.231,57.92],[13.232,57.928],[13.235,57.931],[13.242,57.933],[13.247,57.937],[13.263,57.944],[13.274,57.953],[13.288,57.952],[13.299,57.953],[13.303,57.955],[13.31,57.955],[13.325,57.953],[13.328,57.952],[13.335,57.957],[13.35,57.975],[13.35,57.978],[13.357,57.98],[13.357,57.982],[13.361,57.988],[13.374,58.002],[13.37,58.004],[13.352,58.006],[13.348,58.008],[13.337,58.003],[13.331,58.004],[13.328,58.009],[13.334,58.012],[13.335,58.016],[13.322,58.023],[13.321,58.019],[13.309,58.038],[13.309,58.047],[13.313,58.05],[13.312,58.053],[13.305,58.055],[13.304,58.058],[13.306,58.062],[13.296,58.065],[13.308,58.074],[13.308,58.078],[13.314,58.082],[13.304,58.085],[13.299,58.082],[13.295,58.085],[13.284,58.087],[13.284,58.083],[13.269,58.087],[13.259,58.093],[13.252,58.091],[13.228,58.089],[13.219,58.075],[13.208,58.074],[13.202,58.076],[13.209,58.081],[13.199,58.085],[13.198,58.089],[13.207,58.097],[13.199,58.1],[13.203,58.102],[13.211,58.101],[13.212,58.106],[13.202,58.108],[13.208,58.113],[13.217,58.117],[13.21,58.121],[13.214,58.126],[13.203,58.129],[13.196,58.128],[13.189,58.129],[13.176,58.121],[13.142,58.114],[13.127,58.113],[13.105,58.116],[13.1,58.116],[13.079,58.117],[13.065,58.115],[13.046,58.114],[13.036,58.115],[13.026,58.112],[13.023,58.112],[12.998,58.11]]]}},{"type":"Feature","properties":{"id":935534,"maakond_id":419,"name":"Härjedalens kommun","bbox":[12.056,61.564,15.429,62.765]},"geometry":{"type":"MultiPolygon","coordinates":[[[[13.977,61.621],[14.052,61.619],[14.182,61.618],[14.285,61.608],[14.336,61.599],[14.395,61.564],[14.446,61.595],[14.499,61.626],[14.503,61.644],[14.511,61.7],[14.515,61.727],[14.521,61.727],[14.522,61.734],[14.517,61.734],[14.525,61.784],[14.53,61.784],[14.579,61.822],[14.673,61.897],[14.686,61.902],[14.691,61.898],[14.691,61.894],[14.7,61.885],[14.699,61.879],[14.705,61.876],[14.712,61.87],[14.718,61.863],[14.734,61.85],[14.738,61.843],[14.743,61.841],[14.746,61.838],[14.764,61.823],[14.763,61.821],[14.772,61.815],[14.785,61.805],[14.803,61.796],[14.842,61.787],[14.856,61.784],[14.842,61.804],[14.809,61.818],[14.761,61.864],[14.806,61.886],[14.843,61.848],[14.863,61.827],[14.865,61.809],[14.928,61.821],[14.922,61.842],[14.905,61.879],[14.909,61.881],[14.928,61.877],[15.045,61.868],[15.048,61.824],[15.092,61.819],[15.109,61.844],[15.088,61.893],[15.085,61.896],[15.116,61.894],[15.112,61.935],[15.141,61.952],[15.111,61.957],[15.11,61.966],[15.092,61.997],[15.208,62.038],[15.233,62.046],[15.262,62.057],[15.34,62.091],[15.417,62.111],[15.429,62.145],[15.401,62.183],[15.399,62.195],[15.357,62.214],[15.349,62.225],[15.326,62.272],[15.285,62.293],[15.254,62.283],[15.153,62.25],[15.069,62.278],[15.001,62.3],[14.94,62.32],[14.897,62.357],[14.865,62.391],[14.874,62.4],[14.864,62.401],[14.853,62.398],[14.848,62.394],[14.833,62.394],[14.823,62.4],[14.812,62.4],[14.804,62.404],[14.801,62.404],[14.781,62.393],[14.738,62.37],[14.727,62.359],[14.699,62.347],[14.666,62.331],[14.648,62.323],[14.556,62.281],[14.464,62.305],[14.45,62.292],[14.446,62.297],[14.436,62.303],[14.391,62.302],[14.34,62.303],[14.297,62.332],[14.216,62.359],[14.169,62.388],[14.143,62.407],[14.084,62.447],[14.062,62.467],[14.05,62.48],[14.065,62.475],[14.07,62.476],[14.068,62.488],[14.048,62.494],[14.035,62.492],[14.021,62.506],[14.008,62.556],[14.002,62.577],[13.99,62.571],[13.971,62.576],[13.973,62.586],[13.98,62.586],[13.975,62.603],[13.992,62.619],[13.964,62.621],[13.871,62.627],[13.876,62.671],[13.852,62.688],[13.813,62.716],[13.812,62.713],[13.804,62.711],[13.687,62.677],[13.632,62.673],[13.581,62.693],[13.497,62.713],[13.457,62.739],[13.426,62.76],[13.384,62.751],[13.377,62.709],[13.367,62.678],[13.379,62.672],[13.432,62.643],[13.483,62.632],[13.417,62.624],[13.387,62.62],[13.367,62.609],[13.272,62.617],[13.285,62.629],[13.263,62.634],[13.268,62.639],[13.267,62.641],[13.275,62.648],[13.278,62.664],[13.19,62.676],[13.148,62.707],[13.047,62.711],[12.973,62.744],[12.897,62.713],[12.897,62.677],[12.859,62.695],[12.781,62.706],[12.678,62.707],[12.637,62.707],[12.591,62.733],[12.59,62.735],[12.516,62.754],[12.492,62.765],[12.445,62.762],[12.281,62.754],[12.136,62.748],[12.091,62.672],[12.056,62.612],[12.106,62.541],[12.141,62.491],[12.165,62.458],[12.182,62.434],[12.205,62.401],[12.263,62.32],[12.299,62.267],[12.351,62.257],[12.535,62.227],[12.608,62.215],[12.729,62.218],[12.807,62.22],[12.84,62.194],[12.844,62.19],[12.903,62.142],[12.951,62.133],[12.981,62.093],[13.003,62.066],[13.039,62.071],[13.045,62.062],[13.116,62.042],[13.159,62.02],[13.219,62.041],[13.286,62.058],[13.294,62.012],[13.392,62.001],[13.325,61.975],[13.238,61.942],[13.2,61.929],[13.261,61.913],[13.335,61.866],[13.383,61.834],[13.413,61.796],[13.443,61.774],[13.496,61.73],[13.498,61.726],[13.498,61.718],[13.512,61.71],[13.506,61.707],[13.502,61.702],[13.497,61.702],[13.496,61.713],[13.49,61.69],[13.559,61.644],[13.599,61.656],[13.73,61.644],[13.753,61.642],[13.816,61.642],[13.898,61.635],[13.977,61.621]]],[[[15.381,62.031],[15.365,62.025],[15.366,62.022],[15.395,62.009],[15.417,62.011],[15.381,62.031]]],[[[14.002,62.577],[13.999,62.592],[13.978,62.602],[13.984,62.586],[14.002,62.577]]],[[[15.33,62.065],[15.319,62.071],[15.317,62.069],[15.326,62.063],[15.33,62.065]]]]}},{"type":"Feature","properties":{"id":935535,"maakond_id":410,"name":"Östra Göinge kommun","bbox":[13.969,56.125,14.345,56.453]},"geometry":{"type":"Polygon","coordinates":[[[14.345,56.291],[14.33,56.288],[14.328,56.292],[14.324,56.293],[14.326,56.297],[14.32,56.301],[14.315,56.295],[14.31,56.294],[14.302,56.296],[14.3,56.292],[14.288,56.287],[14.28,56.3],[14.274,56.302],[14.274,56.309],[14.28,56.311],[14.282,56.315],[14.284,56.324],[14.286,56.328],[14.29,56.329],[14.301,56.326],[14.307,56.33],[14.311,56.335],[14.314,56.336],[14.31,56.342],[14.306,56.344],[14.309,56.352],[14.306,56.36],[14.3,56.362],[14.295,56.365],[14.294,56.372],[14.278,56.37],[14.265,56.37],[14.258,56.37],[14.254,56.366],[14.253,56.36],[14.255,56.359],[14.251,56.351],[14.251,56.344],[14.248,56.338],[14.244,56.338],[14.237,56.34],[14.223,56.343],[14.217,56.346],[14.222,56.356],[14.207,56.36],[14.205,56.365],[14.209,56.366],[14.214,56.381],[14.217,56.387],[14.213,56.388],[14.215,56.395],[14.222,56.402],[14.226,56.412],[14.236,56.425],[14.237,56.43],[14.24,56.431],[14.243,56.436],[14.247,56.445],[14.244,56.451],[14.239,56.453],[14.224,56.453],[14.21,56.438],[14.199,56.433],[14.19,56.426],[14.18,56.428],[14.168,56.411],[14.165,56.404],[14.165,56.395],[14.159,56.389],[14.15,56.388],[14.139,56.385],[14.136,56.383],[14.131,56.373],[14.133,56.372],[14.13,56.364],[14.124,56.363],[14.12,56.366],[14.105,56.364],[14.099,56.36],[14.092,56.362],[14.084,56.359],[14.077,56.355],[14.073,56.344],[14.075,56.339],[14.074,56.336],[14.069,56.333],[14.064,56.333],[14.051,56.334],[14.022,56.339],[14.016,56.336],[14.015,56.334],[14.006,56.326],[13.999,56.322],[13.989,56.314],[13.991,56.306],[13.993,56.294],[13.984,56.287],[13.985,56.28],[13.991,56.278],[14,56.284],[14.009,56.283],[14.013,56.279],[14.009,56.278],[14.002,56.278],[14,56.275],[14.004,56.268],[13.999,56.264],[13.973,56.254],[13.986,56.253],[13.982,56.248],[13.969,56.237],[13.978,56.224],[13.977,56.214],[13.981,56.21],[13.981,56.2],[13.976,56.196],[13.978,56.193],[13.983,56.192],[13.993,56.187],[13.993,56.183],[13.988,56.18],[13.989,56.176],[13.994,56.175],[14.014,56.176],[14.017,56.167],[14.019,56.165],[14.007,56.159],[14.014,56.156],[14.027,56.151],[14.047,56.142],[14.055,56.139],[14.067,56.133],[14.084,56.133],[14.113,56.128],[14.123,56.126],[14.126,56.128],[14.139,56.125],[14.144,56.129],[14.15,56.13],[14.153,56.132],[14.159,56.14],[14.155,56.143],[14.155,56.146],[14.148,56.146],[14.147,56.15],[14.152,56.155],[14.169,56.149],[14.175,56.152],[14.176,56.154],[14.191,56.153],[14.195,56.151],[14.203,56.151],[14.207,56.157],[14.205,56.159],[14.21,56.162],[14.219,56.166],[14.217,56.17],[14.22,56.172],[14.228,56.171],[14.246,56.174],[14.247,56.183],[14.251,56.188],[14.256,56.193],[14.258,56.197],[14.274,56.201],[14.279,56.205],[14.265,56.217],[14.268,56.219],[14.271,56.228],[14.277,56.232],[14.284,56.247],[14.288,56.248],[14.301,56.26],[14.312,56.266],[14.322,56.267],[14.321,56.272],[14.327,56.275],[14.332,56.273],[14.34,56.279],[14.345,56.291]]]}},{"type":"Feature","properties":{"id":935537,"maakond_id":415,"name":"Kungsörs kommun","bbox":[15.868,59.346,16.3,59.49]},"geometry":{"type":"Polygon","coordinates":[[[16.227,59.467],[16.218,59.46],[16.206,59.455],[16.192,59.451],[16.167,59.451],[16.129,59.459],[16.108,59.459],[16.084,59.472],[16.071,59.471],[16.068,59.469],[16.056,59.471],[16.043,59.476],[16.032,59.478],[16.02,59.477],[16.004,59.479],[15.999,59.478],[15.994,59.478],[15.984,59.476],[15.981,59.477],[15.972,59.474],[15.964,59.469],[15.956,59.471],[15.948,59.478],[15.939,59.48],[15.937,59.484],[15.94,59.49],[15.932,59.49],[15.932,59.485],[15.927,59.483],[15.926,59.479],[15.929,59.477],[15.925,59.472],[15.915,59.468],[15.909,59.473],[15.905,59.474],[15.899,59.465],[15.883,59.461],[15.868,59.458],[15.871,59.446],[15.881,59.435],[15.878,59.43],[15.886,59.425],[15.899,59.421],[15.904,59.422],[15.926,59.418],[15.925,59.413],[15.927,59.408],[15.931,59.404],[15.953,59.41],[15.96,59.41],[15.963,59.405],[15.968,59.403],[15.975,59.395],[15.978,59.395],[15.997,59.368],[15.993,59.365],[15.996,59.36],[16.035,59.369],[16.047,59.364],[16.049,59.364],[16.062,59.36],[16.059,59.358],[16.072,59.352],[16.121,59.35],[16.135,59.348],[16.142,59.348],[16.146,59.347],[16.157,59.346],[16.176,59.352],[16.185,59.352],[16.196,59.355],[16.202,59.358],[16.21,59.36],[16.222,59.361],[16.236,59.36],[16.266,59.362],[16.271,59.368],[16.273,59.376],[16.274,59.389],[16.278,59.389],[16.28,59.393],[16.284,59.395],[16.3,59.398],[16.291,59.399],[16.27,59.406],[16.263,59.409],[16.259,59.408],[16.249,59.412],[16.245,59.416],[16.248,59.422],[16.248,59.426],[16.249,59.44],[16.254,59.452],[16.243,59.457],[16.228,59.455],[16.228,59.461],[16.227,59.467]]]}},{"type":"Feature","properties":{"id":935538,"maakond_id":406,"name":"Älmhults kommun","bbox":[13.712,56.431,14.606,56.761]},"geometry":{"type":"Polygon","coordinates":[[[14.515,56.46],[14.531,56.456],[14.543,56.454],[14.553,56.45],[14.565,56.448],[14.569,56.447],[14.58,56.444],[14.586,56.457],[14.589,56.46],[14.595,56.471],[14.603,56.482],[14.603,56.487],[14.606,56.491],[14.595,56.495],[14.578,56.504],[14.597,56.513],[14.59,56.521],[14.59,56.53],[14.583,56.532],[14.579,56.539],[14.567,56.543],[14.574,56.545],[14.565,56.55],[14.563,56.554],[14.566,56.559],[14.562,56.563],[14.549,56.565],[14.551,56.568],[14.53,56.57],[14.507,56.561],[14.499,56.565],[14.495,56.562],[14.49,56.564],[14.493,56.567],[14.503,56.57],[14.497,56.577],[14.49,56.581],[14.478,56.58],[14.455,56.581],[14.447,56.579],[14.439,56.566],[14.43,56.555],[14.427,56.564],[14.431,56.571],[14.432,56.582],[14.427,56.586],[14.431,56.59],[14.432,56.594],[14.436,56.602],[14.432,56.602],[14.43,56.615],[14.43,56.618],[14.438,56.622],[14.441,56.629],[14.429,56.633],[14.427,56.637],[14.437,56.648],[14.458,56.652],[14.458,56.657],[14.445,56.658],[14.44,56.651],[14.435,56.649],[14.424,56.651],[14.411,56.652],[14.403,56.651],[14.401,56.654],[14.406,56.676],[14.402,56.686],[14.397,56.694],[14.401,56.699],[14.402,56.703],[14.391,56.712],[14.392,56.717],[14.388,56.719],[14.387,56.724],[14.378,56.728],[14.369,56.73],[14.365,56.738],[14.359,56.738],[14.354,56.741],[14.345,56.744],[14.337,56.745],[14.334,56.752],[14.319,56.757],[14.308,56.758],[14.305,56.76],[14.295,56.761],[14.287,56.759],[14.289,56.752],[14.288,56.743],[14.277,56.735],[14.276,56.733],[14.266,56.726],[14.26,56.723],[14.248,56.721],[14.242,56.718],[14.236,56.703],[14.206,56.69],[14.198,56.674],[14.144,56.665],[14.13,56.662],[14.123,56.663],[14.123,56.668],[14.118,56.669],[14.109,56.669],[14.11,56.674],[14.108,56.685],[14.098,56.684],[14.09,56.678],[14.093,56.692],[14.088,56.692],[14.085,56.696],[14.087,56.7],[14.084,56.705],[14.066,56.714],[14.058,56.715],[14.048,56.715],[14.047,56.709],[14.04,56.699],[14.032,56.696],[14.019,56.686],[13.991,56.677],[13.973,56.672],[13.99,56.666],[13.968,56.627],[13.955,56.629],[13.941,56.63],[13.937,56.63],[13.932,56.634],[13.911,56.639],[13.904,56.633],[13.893,56.624],[13.888,56.623],[13.884,56.619],[13.876,56.619],[13.874,56.617],[13.861,56.612],[13.852,56.61],[13.842,56.605],[13.835,56.605],[13.799,56.608],[13.793,56.606],[13.803,56.577],[13.797,56.575],[13.796,56.57],[13.802,56.568],[13.809,56.558],[13.807,56.546],[13.817,56.539],[13.818,56.535],[13.826,56.527],[13.822,56.518],[13.814,56.513],[13.82,56.512],[13.823,56.508],[13.818,56.505],[13.822,56.503],[13.818,56.499],[13.817,56.495],[13.812,56.491],[13.795,56.493],[13.8,56.498],[13.79,56.501],[13.784,56.506],[13.779,56.501],[13.766,56.5],[13.762,56.502],[13.759,56.493],[13.771,56.495],[13.767,56.49],[13.769,56.483],[13.768,56.479],[13.761,56.47],[13.757,56.47],[13.725,56.464],[13.72,56.464],[13.712,56.451],[13.714,56.449],[13.716,56.431],[13.733,56.435],[13.76,56.444],[13.794,56.448],[13.825,56.442],[13.877,56.437],[13.878,56.441],[13.89,56.45],[13.89,56.452],[13.901,56.457],[13.912,56.457],[13.921,56.459],[13.926,56.458],[13.952,56.467],[13.971,56.467],[13.974,56.469],[13.983,56.467],[14.004,56.467],[14.005,56.469],[14.017,56.47],[14.025,56.468],[14.031,56.477],[14.043,56.486],[14.044,56.49],[14.048,56.495],[14.056,56.501],[14.056,56.51],[14.062,56.514],[14.063,56.52],[14.062,56.526],[14.065,56.529],[14.072,56.529],[14.091,56.533],[14.106,56.53],[14.12,56.522],[14.117,56.518],[14.121,56.511],[14.126,56.507],[14.136,56.507],[14.143,56.508],[14.164,56.5],[14.165,56.497],[14.18,56.494],[14.189,56.494],[14.193,56.496],[14.199,56.497],[14.231,56.493],[14.233,56.491],[14.241,56.494],[14.267,56.507],[14.278,56.506],[14.278,56.501],[14.276,56.498],[14.287,56.499],[14.318,56.494],[14.332,56.488],[14.344,56.484],[14.352,56.484],[14.366,56.481],[14.378,56.48],[14.387,56.48],[14.41,56.476],[14.417,56.473],[14.425,56.473],[14.433,56.47],[14.439,56.47],[14.451,56.47],[14.459,56.473],[14.471,56.464],[14.482,56.463],[14.496,56.464],[14.505,56.461],[14.515,56.46]]]}},{"type":"Feature","properties":{"id":935539,"maakond_id":413,"name":"Forshaga kommun","bbox":[13.344,59.477,13.687,59.815]},"geometry":{"type":"Polygon","coordinates":[[[13.687,59.773],[13.683,59.776],[13.663,59.777],[13.656,59.777],[13.651,59.779],[13.643,59.779],[13.636,59.783],[13.62,59.78],[13.623,59.791],[13.622,59.799],[13.629,59.815],[13.607,59.807],[13.595,59.813],[13.57,59.799],[13.566,59.801],[13.556,59.798],[13.551,59.794],[13.548,59.795],[13.497,59.766],[13.492,59.768],[13.482,59.765],[13.479,59.768],[13.471,59.771],[13.465,59.763],[13.461,59.762],[13.455,59.765],[13.448,59.76],[13.451,59.754],[13.449,59.745],[13.44,59.748],[13.437,59.747],[13.413,59.75],[13.39,59.757],[13.379,59.765],[13.381,59.764],[13.379,59.755],[13.381,59.752],[13.381,59.748],[13.377,59.745],[13.376,59.739],[13.376,59.729],[13.371,59.728],[13.374,59.722],[13.383,59.711],[13.386,59.704],[13.382,59.698],[13.369,59.686],[13.366,59.685],[13.369,59.677],[13.365,59.67],[13.366,59.662],[13.344,59.662],[13.352,59.657],[13.367,59.652],[13.379,59.643],[13.392,59.625],[13.372,59.62],[13.368,59.611],[13.378,59.598],[13.384,59.594],[13.39,59.59],[13.393,59.583],[13.405,59.576],[13.415,59.574],[13.428,59.569],[13.43,59.564],[13.426,59.559],[13.431,59.548],[13.431,59.538],[13.427,59.53],[13.431,59.526],[13.427,59.523],[13.416,59.52],[13.405,59.519],[13.398,59.511],[13.4,59.506],[13.396,59.504],[13.394,59.498],[13.394,59.489],[13.419,59.485],[13.428,59.491],[13.435,59.498],[13.438,59.506],[13.444,59.505],[13.492,59.484],[13.5,59.477],[13.547,59.497],[13.547,59.499],[13.543,59.524],[13.548,59.527],[13.549,59.532],[13.545,59.535],[13.553,59.537],[13.558,59.535],[13.561,59.542],[13.577,59.548],[13.584,59.547],[13.591,59.55],[13.598,59.556],[13.605,59.555],[13.614,59.546],[13.62,59.552],[13.635,59.561],[13.637,59.569],[13.628,59.574],[13.628,59.579],[13.617,59.583],[13.621,59.591],[13.619,59.601],[13.624,59.604],[13.626,59.609],[13.625,59.615],[13.586,59.65],[13.596,59.655],[13.607,59.657],[13.615,59.66],[13.612,59.663],[13.601,59.667],[13.598,59.673],[13.593,59.675],[13.594,59.68],[13.598,59.681],[13.611,59.695],[13.626,59.712],[13.634,59.722],[13.647,59.735],[13.657,59.751],[13.662,59.754],[13.678,59.754],[13.681,59.757],[13.685,59.771],[13.687,59.773]]]}},{"type":"Feature","properties":{"id":935540,"maakond_id":416,"name":"Älvdalens kommun","bbox":[12.138,61.032,14.355,62.267]},"geometry":{"type":"Polygon","coordinates":[[[12.299,62.267],[12.278,62.196],[12.261,62.136],[12.245,62.087],[12.221,62.003],[12.205,61.947],[12.185,61.878],[12.161,61.799],[12.138,61.724],[12.276,61.64],[12.341,61.615],[12.42,61.563],[12.447,61.567],[12.569,61.569],[12.655,61.509],[12.723,61.461],[12.805,61.404],[12.871,61.356],[12.936,61.403],[12.999,61.447],[13.074,61.502],[13.098,61.522],[13.148,61.469],[13.181,61.434],[13.198,61.417],[13.215,61.405],[13.219,61.405],[13.227,61.395],[13.232,61.39],[13.24,61.386],[13.239,61.378],[13.245,61.371],[13.252,61.364],[13.353,61.287],[13.364,61.27],[13.387,61.227],[13.394,61.21],[13.44,61.148],[13.513,61.092],[13.543,61.032],[13.676,61.05],[13.761,61.061],[13.87,61.058],[13.946,61.051],[13.991,61.078],[14.077,61.13],[14.15,61.144],[14.163,61.138],[14.17,61.133],[14.179,61.131],[14.185,61.128],[14.186,61.123],[14.179,61.119],[14.183,61.117],[14.193,61.117],[14.205,61.114],[14.229,61.113],[14.241,61.114],[14.254,61.112],[14.253,61.109],[14.258,61.103],[14.355,61.104],[14.248,61.184],[14.225,61.201],[14.173,61.221],[14.176,61.242],[14.193,61.269],[14.192,61.274],[14.167,61.359],[14.16,61.382],[14.136,61.408],[14.066,61.484],[14.046,61.558],[13.977,61.621],[13.898,61.635],[13.816,61.642],[13.753,61.642],[13.73,61.644],[13.599,61.656],[13.559,61.644],[13.49,61.69],[13.496,61.713],[13.497,61.702],[13.502,61.702],[13.506,61.707],[13.512,61.71],[13.498,61.718],[13.498,61.726],[13.496,61.73],[13.443,61.774],[13.413,61.796],[13.383,61.834],[13.335,61.866],[13.261,61.913],[13.2,61.929],[13.238,61.942],[13.325,61.975],[13.392,62.001],[13.294,62.012],[13.286,62.058],[13.219,62.041],[13.159,62.02],[13.116,62.042],[13.045,62.062],[13.039,62.071],[13.003,62.066],[12.981,62.093],[12.951,62.133],[12.903,62.142],[12.844,62.19],[12.84,62.194],[12.807,62.22],[12.729,62.218],[12.608,62.215],[12.535,62.227],[12.351,62.257],[12.299,62.267]]]}},{"type":"Feature","properties":{"id":935541,"maakond_id":421,"name":"Kiruna kommun","bbox":[17.9,67.356,23.286,69.06]},"geometry":{"type":"MultiPolygon","coordinates":[[[[23.286,68.154],[23.278,68.157],[23.26,68.157],[23.256,68.152],[23.251,68.149],[23.234,68.149],[23.208,68.145],[23.203,68.141],[23.195,68.138],[23.183,68.137],[23.17,68.133],[23.162,68.134],[23.152,68.138],[23.152,68.139],[23.14,68.155],[23.147,68.172],[23.142,68.177],[23.142,68.181],[23.146,68.184],[23.151,68.191],[23.162,68.195],[23.159,68.2],[23.147,68.201],[23.142,68.204],[23.141,68.208],[23.145,68.211],[23.142,68.219],[23.152,68.23],[23.152,68.234],[23.147,68.239],[23.144,68.246],[23.138,68.249],[23.131,68.248],[23.111,68.252],[23.099,68.259],[23.088,68.262],[23.077,68.267],[23.072,68.275],[23.065,68.279],[23.064,68.286],[23.07,68.293],[23.07,68.301],[23.066,68.301],[23.057,68.307],[23.037,68.307],[23.014,68.313],[22.994,68.319],[22.988,68.32],[22.977,68.325],[22.974,68.332],[22.969,68.333],[22.917,68.334],[22.911,68.336],[22.906,68.342],[22.897,68.345],[22.894,68.348],[22.876,68.352],[22.857,68.36],[22.846,68.361],[22.835,68.367],[22.836,68.373],[22.846,68.381],[22.844,68.384],[22.83,68.387],[22.808,68.39],[22.801,68.394],[22.78,68.391],[22.771,68.387],[22.757,68.385],[22.737,68.385],[22.73,68.387],[22.727,68.394],[22.713,68.397],[22.694,68.399],[22.685,68.401],[22.691,68.404],[22.69,68.407],[22.675,68.412],[22.669,68.412],[22.646,68.417],[22.639,68.421],[22.644,68.432],[22.638,68.435],[22.625,68.435],[22.619,68.431],[22.617,68.428],[22.601,68.426],[22.591,68.425],[22.575,68.422],[22.569,68.424],[22.559,68.432],[22.55,68.435],[22.54,68.434],[22.532,68.435],[22.524,68.439],[22.506,68.442],[22.482,68.443],[22.471,68.441],[22.466,68.442],[22.459,68.448],[22.437,68.46],[22.437,68.464],[22.422,68.463],[22.409,68.467],[22.401,68.466],[22.378,68.454],[22.367,68.45],[22.356,68.445],[22.344,68.445],[22.341,68.446],[22.345,68.453],[22.343,68.455],[22.344,68.461],[22.349,68.464],[22.341,68.47],[22.347,68.473],[22.35,68.482],[22.339,68.482],[22.332,68.481],[22.323,68.481],[22.3,68.484],[22.292,68.483],[22.282,68.479],[22.271,68.48],[22.267,68.479],[22.256,68.482],[22.247,68.482],[22.224,68.473],[22.219,68.474],[22.204,68.48],[22.193,68.48],[22.178,68.478],[22.167,68.474],[22.152,68.47],[22.132,68.471],[22.126,68.472],[22.122,68.481],[22.115,68.482],[22.103,68.479],[22.091,68.482],[22.073,68.481],[22.056,68.479],[22.046,68.479],[22.031,68.486],[22.027,68.49],[22.011,68.5],[22.01,68.509],[22.004,68.516],[21.996,68.522],[22.007,68.531],[22,68.535],[21.992,68.534],[21.985,68.537],[21.98,68.542],[21.97,68.546],[21.969,68.55],[21.946,68.556],[21.936,68.561],[21.93,68.566],[21.92,68.569],[21.906,68.576],[21.906,68.578],[21.887,68.585],[21.874,68.585],[21.865,68.584],[21.862,68.589],[21.839,68.591],[21.823,68.589],[21.816,68.59],[21.803,68.589],[21.799,68.587],[21.771,68.586],[21.763,68.587],[21.748,68.588],[21.721,68.591],[21.714,68.593],[21.702,68.596],[21.699,68.609],[21.699,68.614],[21.712,68.617],[21.71,68.625],[21.697,68.632],[21.663,68.641],[21.662,68.643],[21.653,68.647],[21.651,68.651],[21.642,68.651],[21.634,68.654],[21.628,68.654],[21.623,68.659],[21.624,68.662],[21.606,68.667],[21.598,68.666],[21.584,68.668],[21.567,68.672],[21.564,68.675],[21.55,68.676],[21.53,68.675],[21.525,68.677],[21.512,68.676],[21.498,68.677],[21.491,68.679],[21.472,68.682],[21.466,68.682],[21.457,68.687],[21.446,68.689],[21.436,68.69],[21.422,68.695],[21.418,68.698],[21.423,68.702],[21.421,68.706],[21.413,68.712],[21.422,68.715],[21.41,68.726],[21.415,68.73],[21.405,68.736],[21.407,68.743],[21.412,68.748],[21.407,68.751],[21.402,68.758],[21.384,68.765],[21.362,68.767],[21.343,68.763],[21.337,68.763],[21.325,68.759],[21.308,68.76],[21.296,68.764],[21.293,68.768],[21.284,68.774],[21.27,68.78],[21.262,68.787],[21.262,68.792],[21.253,68.798],[21.254,68.802],[21.24,68.809],[21.237,68.813],[21.226,68.816],[21.212,68.818],[21.196,68.823],[21.189,68.824],[21.185,68.828],[21.171,68.834],[21.151,68.839],[21.145,68.84],[21.141,68.847],[21.132,68.848],[21.129,68.854],[21.107,68.86],[21.094,68.861],[21.078,68.865],[21.075,68.872],[21.052,68.879],[21.045,68.882],[21.026,68.883],[21.03,68.885],[21.019,68.89],[21.005,68.893],[20.997,68.897],[20.987,68.892],[20.975,68.893],[20.966,68.891],[20.959,68.892],[20.958,68.897],[20.945,68.896],[20.933,68.899],[20.916,68.897],[20.902,68.891],[20.888,68.892],[20.877,68.894],[20.883,68.897],[20.892,68.897],[20.903,68.9],[20.89,68.908],[20.881,68.918],[20.863,68.923],[20.852,68.924],[20.844,68.937],[20.867,68.944],[20.89,68.941],[20.895,68.947],[20.906,68.953],[20.914,68.96],[20.912,68.969],[20.906,68.973],[20.884,68.983],[20.88,68.987],[20.867,68.987],[20.86,68.99],[20.849,68.991],[20.835,68.996],[20.82,69.006],[20.813,69.017],[20.808,69.02],[20.788,69.027],[20.775,69.033],[20.736,69.037],[20.719,69.04],[20.703,69.044],[20.689,69.043],[20.662,69.043],[20.639,69.045],[20.616,69.047],[20.607,69.05],[20.595,69.051],[20.591,69.053],[20.578,69.053],[20.569,69.057],[20.559,69.057],[20.549,69.06],[20.303,69.053],[20.06,69.046],[20.108,69.022],[20.238,68.956],[20.263,68.945],[20.307,68.926],[20.322,68.856],[20.336,68.802],[20.274,68.74],[20.203,68.666],[20.052,68.591],[19.938,68.558],[20.026,68.531],[20.227,68.491],[20.111,68.444],[19.978,68.388],[19.921,68.356],[19.708,68.394],[19.501,68.429],[19.232,68.475],[18.984,68.517],[18.74,68.51],[18.685,68.509],[18.621,68.507],[18.553,68.533],[18.486,68.556],[18.406,68.582],[18.3,68.565],[18.126,68.537],[18.118,68.49],[18.101,68.406],[18.115,68.341],[18.139,68.249],[18.151,68.199],[18.096,68.146],[18.052,68.108],[17.974,68.037],[17.9,67.969],[18.187,67.895],[18.352,67.854],[18.783,67.852],[18.812,67.851],[18.821,67.849],[18.829,67.85],[18.839,67.849],[18.853,67.844],[19.005,67.857],[19.082,67.851],[19.13,67.85],[19.181,67.851],[19.237,67.848],[19.249,67.848],[19.322,67.856],[19.408,67.852],[19.451,67.846],[19.466,67.844],[19.482,67.839],[19.484,67.838],[19.506,67.836],[19.538,67.832],[19.561,67.831],[19.604,67.83],[19.636,67.828],[19.634,67.825],[19.642,67.821],[19.653,67.822],[19.664,67.819],[19.702,67.813],[19.781,67.815],[19.794,67.811],[19.801,67.807],[19.809,67.806],[19.813,67.801],[19.836,67.796],[19.852,67.794],[19.873,67.787],[19.924,67.781],[19.952,67.774],[19.964,67.767],[19.977,67.763],[20.009,67.746],[20.027,67.744],[20.033,67.745],[20.042,67.743],[20.055,67.746],[20.083,67.75],[20.096,67.75],[20.118,67.748],[20.129,67.743],[20.152,67.736],[20.165,67.731],[20.179,67.732],[20.189,67.73],[20.223,67.722],[20.258,67.723],[20.273,67.726],[20.281,67.731],[20.289,67.73],[20.316,67.731],[20.331,67.735],[20.352,67.729],[20.354,67.728],[20.371,67.72],[20.378,67.714],[20.401,67.704],[20.409,67.702],[20.433,67.698],[20.449,67.693],[20.465,67.691],[20.471,67.689],[20.488,67.687],[20.496,67.688],[20.531,67.68],[20.533,67.678],[20.55,67.677],[20.56,67.673],[20.573,67.672],[20.583,67.669],[20.587,67.665],[20.596,67.664],[20.611,67.663],[20.624,67.659],[20.64,67.655],[20.671,67.648],[20.679,67.645],[20.692,67.643],[20.709,67.638],[20.715,67.634],[20.716,67.63],[20.729,67.627],[20.753,67.619],[20.763,67.617],[20.773,67.614],[20.774,67.608],[20.784,67.604],[20.819,67.594],[20.824,67.59],[20.855,67.582],[20.858,67.579],[20.877,67.573],[20.88,67.571],[20.895,67.567],[20.906,67.566],[20.917,67.56],[20.916,67.555],[20.922,67.553],[20.936,67.55],[20.957,67.539],[20.968,67.536],[20.97,67.533],[20.979,67.531],[20.995,67.526],[21.015,67.522],[21.018,67.517],[21.037,67.512],[21.043,67.512],[21.054,67.507],[21.064,67.505],[21.068,67.502],[21.068,67.495],[21.091,67.49],[21.11,67.489],[21.127,67.488],[21.139,67.485],[21.155,67.484],[21.168,67.484],[21.186,67.481],[21.204,67.481],[21.217,67.481],[21.237,67.477],[21.262,67.473],[21.295,67.474],[21.306,67.476],[21.317,67.477],[21.327,67.482],[21.355,67.485],[21.388,67.475],[21.419,67.469],[21.422,67.472],[21.441,67.474],[21.454,67.473],[21.46,67.471],[21.466,67.475],[21.475,67.473],[21.477,67.47],[21.503,67.47],[21.529,67.464],[21.542,67.463],[21.673,67.456],[21.785,67.45],[21.802,67.448],[21.822,67.442],[21.833,67.437],[21.838,67.432],[21.843,67.43],[21.86,67.429],[21.865,67.429],[21.891,67.42],[21.9,67.415],[21.91,67.411],[21.909,67.405],[21.919,67.399],[21.915,67.396],[21.898,67.394],[21.888,67.392],[21.886,67.389],[21.898,67.381],[21.91,67.38],[21.917,67.377],[21.931,67.367],[21.937,67.367],[21.954,67.358],[21.962,67.356],[21.992,67.378],[21.993,67.374],[22,67.375],[21.994,67.379],[22.059,67.426],[22.135,67.498],[22.195,67.554],[22.221,67.572],[22.21,67.574],[22.215,67.578],[22.226,67.575],[22.316,67.64],[22.333,67.637],[22.342,67.643],[22.325,67.647],[22.391,67.694],[22.465,67.746],[22.593,67.78],[22.813,67.839],[22.888,67.889],[22.975,67.948],[23.116,68.042],[23.191,68.092],[23.286,68.154]]],[[[21.57,67.455],[21.571,67.452],[21.583,67.447],[21.594,67.449],[21.588,67.453],[21.57,67.455]]],[[[20.128,67.71],[20.131,67.715],[20.121,67.716],[20.121,67.71],[20.128,67.71]]],[[[22.146,67.45],[22.147,67.448],[22.164,67.449],[22.164,67.451],[22.146,67.45]]],[[[21.552,67.456],[21.55,67.452],[21.558,67.452],[21.552,67.456]]]]}},{"type":"Feature","properties":{"id":935542,"maakond_id":406,"name":"Ljungby kommun","bbox":[13.298,56.604,14.303,57.052]},"geometry":{"type":"Polygon","coordinates":[[[13.681,56.972],[13.694,56.964],[13.689,56.946],[13.684,56.945],[13.682,56.94],[13.689,56.937],[13.685,56.932],[13.687,56.927],[13.666,56.921],[13.662,56.914],[13.623,56.908],[13.618,56.909],[13.604,56.897],[13.59,56.892],[13.577,56.889],[13.564,56.891],[13.56,56.894],[13.555,56.893],[13.544,56.887],[13.539,56.887],[13.536,56.891],[13.53,56.891],[13.522,56.888],[13.514,56.882],[13.505,56.878],[13.487,56.871],[13.482,56.872],[13.473,56.871],[13.469,56.874],[13.472,56.876],[13.453,56.879],[13.444,56.88],[13.438,56.876],[13.437,56.872],[13.432,56.869],[13.418,56.87],[13.414,56.871],[13.406,56.871],[13.396,56.867],[13.39,56.867],[13.373,56.863],[13.359,56.857],[13.355,56.858],[13.352,56.864],[13.346,56.864],[13.344,56.873],[13.339,56.872],[13.335,56.87],[13.335,56.865],[13.332,56.862],[13.337,56.856],[13.334,56.852],[13.34,56.85],[13.338,56.844],[13.335,56.844],[13.338,56.838],[13.325,56.833],[13.298,56.824],[13.305,56.804],[13.315,56.794],[13.319,56.782],[13.32,56.759],[13.318,56.74],[13.317,56.73],[13.317,56.72],[13.325,56.709],[13.317,56.701],[13.316,56.692],[13.308,56.685],[13.313,56.688],[13.323,56.686],[13.328,56.688],[13.364,56.665],[13.371,56.652],[13.376,56.646],[13.379,56.637],[13.381,56.636],[13.397,56.616],[13.398,56.609],[13.408,56.609],[13.434,56.613],[13.451,56.618],[13.452,56.62],[13.479,56.627],[13.478,56.63],[13.481,56.635],[13.484,56.636],[13.487,56.642],[13.495,56.645],[13.504,56.655],[13.507,56.661],[13.522,56.666],[13.53,56.667],[13.547,56.669],[13.577,56.668],[13.582,56.665],[13.591,56.663],[13.602,56.658],[13.606,56.655],[13.606,56.65],[13.616,56.648],[13.622,56.65],[13.639,56.649],[13.704,56.647],[13.707,56.647],[13.715,56.652],[13.716,56.654],[13.749,56.676],[13.756,56.677],[13.759,56.673],[13.756,56.667],[13.763,56.664],[13.767,56.659],[13.77,56.658],[13.768,56.651],[13.767,56.644],[13.761,56.643],[13.764,56.637],[13.76,56.634],[13.763,56.626],[13.76,56.62],[13.765,56.616],[13.769,56.61],[13.775,56.605],[13.78,56.604],[13.793,56.606],[13.799,56.608],[13.835,56.605],[13.842,56.605],[13.852,56.61],[13.861,56.612],[13.874,56.617],[13.876,56.619],[13.884,56.619],[13.888,56.623],[13.893,56.624],[13.904,56.633],[13.911,56.639],[13.932,56.634],[13.937,56.63],[13.941,56.63],[13.955,56.629],[13.968,56.627],[13.99,56.666],[13.973,56.672],[13.991,56.677],[14.019,56.686],[14.032,56.696],[14.04,56.699],[14.047,56.709],[14.048,56.715],[14.058,56.715],[14.066,56.714],[14.084,56.705],[14.087,56.7],[14.085,56.696],[14.088,56.692],[14.093,56.692],[14.09,56.678],[14.098,56.684],[14.108,56.685],[14.11,56.674],[14.109,56.669],[14.118,56.669],[14.123,56.668],[14.123,56.663],[14.13,56.662],[14.144,56.665],[14.198,56.674],[14.206,56.69],[14.236,56.703],[14.242,56.718],[14.248,56.721],[14.26,56.723],[14.266,56.726],[14.276,56.733],[14.277,56.735],[14.288,56.743],[14.289,56.752],[14.287,56.759],[14.286,56.768],[14.289,56.78],[14.295,56.794],[14.295,56.801],[14.298,56.805],[14.302,56.806],[14.303,56.813],[14.296,56.817],[14.295,56.821],[14.288,56.825],[14.287,56.833],[14.28,56.837],[14.281,56.841],[14.278,56.843],[14.286,56.844],[14.29,56.85],[14.294,56.859],[14.292,56.864],[14.294,56.869],[14.3,56.869],[14.298,56.876],[14.299,56.879],[14.27,56.883],[14.256,56.887],[14.243,56.896],[14.225,56.911],[14.219,56.932],[14.221,56.936],[14.213,56.938],[14.215,56.944],[14.212,56.951],[14.216,56.955],[14.192,56.958],[14.18,56.989],[14.17,56.992],[14.169,56.996],[14.16,56.999],[14.153,56.998],[14.155,57.006],[14.153,57.009],[14.158,57.013],[14.152,57.029],[14.132,57.023],[14.109,57.022],[14.106,57.021],[14.095,57.021],[14.095,57.03],[14.1,57.035],[14.091,57.041],[14.07,57.046],[14.045,57.051],[14.036,57.05],[14.024,57.052],[14.017,57.052],[14.012,57.048],[14.009,57.044],[13.99,57.029],[13.976,57.041],[13.925,57.041],[13.924,57.029],[13.91,57.018],[13.891,57.017],[13.874,57.018],[13.871,57.012],[13.868,57.012],[13.858,56.999],[13.84,56.999],[13.843,57.002],[13.84,57.004],[13.822,57.008],[13.802,57.029],[13.798,57.026],[13.776,57.024],[13.762,57.026],[13.755,57.029],[13.76,57.036],[13.747,57.037],[13.747,57.039],[13.733,57.036],[13.713,57.018],[13.71,57.005],[13.693,56.989],[13.691,56.976],[13.681,56.972]]]}},{"type":"Feature","properties":{"id":935543,"maakond_id":405,"name":"Gnosjö kommun","bbox":[13.57,57.235,14.06,57.483]},"geometry":{"type":"Polygon","coordinates":[[[13.71,57.246],[13.711,57.244],[13.718,57.243],[13.729,57.24],[13.74,57.238],[13.755,57.24],[13.779,57.235],[13.792,57.235],[13.833,57.236],[13.841,57.237],[13.838,57.241],[13.838,57.246],[13.834,57.248],[13.834,57.251],[13.828,57.255],[13.838,57.256],[13.844,57.259],[13.844,57.264],[13.871,57.273],[13.899,57.289],[13.912,57.269],[13.96,57.259],[13.979,57.252],[13.994,57.265],[13.998,57.275],[14.004,57.283],[14.008,57.285],[14.019,57.283],[14.035,57.278],[14.043,57.277],[14.048,57.284],[14.046,57.286],[14.05,57.29],[14.06,57.309],[14.037,57.312],[14.047,57.303],[14.044,57.297],[14.006,57.297],[13.999,57.305],[13.998,57.309],[14.003,57.315],[14.013,57.32],[14.03,57.323],[14.023,57.334],[14.006,57.353],[13.998,57.356],[13.989,57.355],[13.987,57.357],[13.986,57.367],[13.982,57.369],[13.981,57.373],[13.974,57.376],[13.968,57.374],[13.961,57.379],[13.95,57.373],[13.943,57.372],[13.939,57.369],[13.921,57.381],[13.92,57.384],[13.911,57.396],[13.907,57.397],[13.907,57.402],[13.898,57.408],[13.889,57.408],[13.885,57.41],[13.896,57.426],[13.897,57.43],[13.901,57.434],[13.898,57.44],[13.894,57.444],[13.897,57.458],[13.895,57.465],[13.886,57.465],[13.88,57.47],[13.872,57.471],[13.851,57.47],[13.839,57.477],[13.832,57.478],[13.83,57.481],[13.825,57.479],[13.823,57.474],[13.818,57.476],[13.814,57.474],[13.804,57.472],[13.804,57.469],[13.801,57.464],[13.806,57.462],[13.8,57.459],[13.797,57.46],[13.793,57.464],[13.789,57.463],[13.783,57.468],[13.777,57.471],[13.772,57.469],[13.767,57.473],[13.765,57.477],[13.758,57.483],[13.751,57.477],[13.75,57.474],[13.741,57.47],[13.74,57.474],[13.728,57.467],[13.725,57.461],[13.716,57.459],[13.708,57.454],[13.703,57.454],[13.707,57.458],[13.703,57.461],[13.697,57.458],[13.692,57.46],[13.688,57.464],[13.688,57.466],[13.681,57.466],[13.679,57.469],[13.67,57.472],[13.662,57.468],[13.659,57.461],[13.659,57.457],[13.652,57.449],[13.658,57.446],[13.657,57.443],[13.648,57.436],[13.637,57.437],[13.633,57.432],[13.626,57.432],[13.625,57.429],[13.632,57.425],[13.627,57.418],[13.616,57.408],[13.61,57.404],[13.604,57.403],[13.602,57.397],[13.599,57.394],[13.6,57.391],[13.599,57.383],[13.595,57.379],[13.578,57.377],[13.577,57.368],[13.576,57.365],[13.577,57.359],[13.57,57.354],[13.572,57.351],[13.571,57.346],[13.584,57.343],[13.627,57.352],[13.65,57.351],[13.647,57.345],[13.664,57.342],[13.674,57.342],[13.683,57.328],[13.678,57.32],[13.684,57.314],[13.681,57.311],[13.68,57.308],[13.683,57.305],[13.69,57.304],[13.694,57.294],[13.702,57.286],[13.708,57.286],[13.708,57.273],[13.707,57.269],[13.708,57.263],[13.716,57.26],[13.72,57.253],[13.713,57.25],[13.71,57.246]]]}},{"type":"Feature","properties":{"id":935544,"maakond_id":412,"name":"Borås kommun","bbox":[12.633,57.555,13.309,57.942]},"geometry":{"type":"Polygon","coordinates":[[[13.117,57.889],[13.117,57.899],[13.106,57.908],[13.101,57.908],[13.091,57.903],[13.077,57.905],[13.031,57.898],[13.027,57.899],[13.022,57.895],[13.011,57.897],[13.006,57.896],[13.003,57.9],[12.995,57.899],[12.963,57.914],[12.96,57.913],[12.948,57.922],[12.941,57.925],[12.926,57.928],[12.93,57.929],[12.925,57.93],[12.928,57.937],[12.907,57.942],[12.907,57.938],[12.913,57.934],[12.907,57.931],[12.899,57.926],[12.881,57.926],[12.876,57.923],[12.867,57.914],[12.861,57.901],[12.864,57.898],[12.876,57.896],[12.865,57.893],[12.854,57.893],[12.851,57.889],[12.853,57.887],[12.852,57.881],[12.848,57.881],[12.849,57.889],[12.837,57.883],[12.825,57.875],[12.824,57.872],[12.808,57.87],[12.779,57.869],[12.772,57.867],[12.77,57.865],[12.762,57.867],[12.757,57.865],[12.762,57.859],[12.764,57.844],[12.744,57.835],[12.756,57.832],[12.749,57.827],[12.736,57.821],[12.721,57.819],[12.72,57.818],[12.707,57.817],[12.701,57.808],[12.699,57.802],[12.71,57.797],[12.724,57.793],[12.736,57.787],[12.728,57.782],[12.722,57.775],[12.719,57.764],[12.719,57.756],[12.711,57.741],[12.714,57.738],[12.698,57.731],[12.702,57.725],[12.707,57.723],[12.72,57.726],[12.722,57.724],[12.717,57.719],[12.721,57.717],[12.735,57.714],[12.761,57.699],[12.754,57.696],[12.755,57.691],[12.751,57.689],[12.763,57.686],[12.708,57.668],[12.703,57.669],[12.691,57.664],[12.683,57.663],[12.674,57.659],[12.673,57.655],[12.633,57.642],[12.642,57.635],[12.645,57.639],[12.653,57.634],[12.651,57.629],[12.657,57.624],[12.654,57.615],[12.657,57.611],[12.654,57.603],[12.645,57.6],[12.643,57.596],[12.634,57.595],[12.637,57.587],[12.635,57.579],[12.652,57.568],[12.661,57.566],[12.68,57.569],[12.689,57.568],[12.694,57.565],[12.706,57.564],[12.709,57.566],[12.734,57.56],[12.743,57.568],[12.787,57.585],[12.79,57.589],[12.798,57.589],[12.801,57.591],[12.812,57.588],[12.84,57.575],[12.845,57.572],[12.852,57.57],[12.854,57.567],[12.87,57.557],[12.878,57.555],[12.883,57.558],[12.9,57.565],[12.904,57.566],[12.917,57.575],[12.92,57.573],[12.919,57.563],[12.929,57.563],[12.943,57.571],[12.948,57.573],[12.959,57.575],[12.957,57.567],[12.986,57.572],[12.998,57.577],[13.002,57.583],[13.007,57.587],[13.023,57.595],[13.017,57.597],[13.026,57.599],[13.033,57.603],[13.043,57.605],[13.056,57.606],[13.077,57.613],[13.075,57.616],[13.081,57.619],[13.09,57.619],[13.087,57.624],[13.11,57.642],[13.118,57.657],[13.108,57.658],[13.114,57.667],[13.121,57.667],[13.131,57.668],[13.135,57.671],[13.139,57.669],[13.152,57.67],[13.162,57.674],[13.186,57.674],[13.189,57.676],[13.195,57.67],[13.198,57.672],[13.203,57.668],[13.209,57.666],[13.205,57.66],[13.203,57.656],[13.212,57.653],[13.217,57.645],[13.227,57.649],[13.238,57.659],[13.242,57.66],[13.25,57.664],[13.259,57.666],[13.261,57.668],[13.276,57.671],[13.28,57.671],[13.29,57.674],[13.292,57.668],[13.309,57.668],[13.277,57.694],[13.259,57.699],[13.254,57.705],[13.239,57.707],[13.231,57.71],[13.213,57.711],[13.206,57.713],[13.237,57.73],[13.223,57.737],[13.227,57.739],[13.232,57.738],[13.233,57.742],[13.241,57.747],[13.25,57.749],[13.244,57.752],[13.248,57.773],[13.231,57.774],[13.227,57.779],[13.223,57.78],[13.215,57.779],[13.178,57.781],[13.182,57.785],[13.188,57.788],[13.187,57.794],[13.181,57.794],[13.17,57.802],[13.16,57.804],[13.146,57.81],[13.137,57.813],[13.141,57.817],[13.135,57.819],[13.135,57.826],[13.133,57.833],[13.121,57.842],[13.127,57.845],[13.118,57.851],[13.106,57.856],[13.108,57.865],[13.115,57.879],[13.117,57.889]]]}},{"type":"Feature","properties":{"id":935546,"maakond_id":407,"name":"Vimmerby kommun","bbox":[15.421,57.48,16.314,57.876]},"geometry":{"type":"Polygon","coordinates":[[[15.542,57.79],[15.544,57.787],[15.543,57.785],[15.547,57.782],[15.548,57.778],[15.554,57.773],[15.547,57.771],[15.538,57.771],[15.525,57.763],[15.514,57.768],[15.505,57.764],[15.501,57.758],[15.496,57.759],[15.492,57.762],[15.488,57.762],[15.481,57.759],[15.481,57.756],[15.468,57.754],[15.457,57.75],[15.444,57.747],[15.435,57.746],[15.431,57.744],[15.438,57.742],[15.441,57.738],[15.447,57.737],[15.452,57.732],[15.441,57.727],[15.446,57.719],[15.437,57.712],[15.426,57.706],[15.421,57.705],[15.421,57.702],[15.43,57.698],[15.44,57.685],[15.447,57.684],[15.474,57.675],[15.479,57.675],[15.481,57.672],[15.489,57.674],[15.496,57.669],[15.505,57.661],[15.514,57.662],[15.52,57.66],[15.53,57.654],[15.537,57.653],[15.538,57.65],[15.561,57.643],[15.567,57.641],[15.576,57.637],[15.583,57.637],[15.594,57.63],[15.593,57.625],[15.603,57.621],[15.608,57.618],[15.616,57.614],[15.621,57.609],[15.632,57.604],[15.643,57.603],[15.651,57.6],[15.654,57.599],[15.666,57.599],[15.68,57.595],[15.685,57.592],[15.692,57.587],[15.695,57.577],[15.701,57.574],[15.725,57.578],[15.729,57.581],[15.736,57.58],[15.749,57.583],[15.765,57.572],[15.773,57.572],[15.773,57.57],[15.781,57.562],[15.783,57.554],[15.788,57.548],[15.794,57.547],[15.799,57.545],[15.803,57.539],[15.81,57.537],[15.816,57.532],[15.83,57.533],[15.835,57.53],[15.841,57.53],[15.843,57.535],[15.838,57.536],[15.838,57.54],[15.844,57.543],[15.854,57.559],[15.865,57.561],[15.882,57.556],[15.884,57.553],[15.89,57.552],[15.893,57.555],[15.91,57.565],[15.92,57.564],[15.934,57.569],[15.968,57.577],[15.968,57.583],[15.995,57.588],[16.01,57.576],[16.03,57.555],[16.034,57.548],[16.064,57.528],[16.074,57.526],[16.096,57.525],[16.105,57.523],[16.125,57.515],[16.134,57.511],[16.144,57.502],[16.155,57.501],[16.156,57.503],[16.178,57.505],[16.183,57.504],[16.194,57.496],[16.201,57.494],[16.205,57.487],[16.209,57.483],[16.217,57.48],[16.219,57.482],[16.216,57.488],[16.22,57.489],[16.222,57.494],[16.243,57.496],[16.239,57.499],[16.244,57.5],[16.251,57.505],[16.265,57.505],[16.273,57.507],[16.281,57.506],[16.299,57.511],[16.313,57.513],[16.311,57.517],[16.314,57.524],[16.31,57.527],[16.285,57.535],[16.275,57.545],[16.264,57.562],[16.261,57.564],[16.259,57.57],[16.242,57.584],[16.23,57.59],[16.227,57.589],[16.218,57.594],[16.209,57.605],[16.239,57.612],[16.233,57.617],[16.223,57.616],[16.222,57.618],[16.228,57.621],[16.212,57.63],[16.206,57.631],[16.2,57.628],[16.201,57.626],[16.178,57.62],[16.166,57.619],[16.145,57.614],[16.136,57.622],[16.135,57.626],[16.128,57.634],[16.127,57.638],[16.13,57.644],[16.124,57.652],[16.119,57.661],[16.117,57.68],[16.13,57.681],[16.141,57.687],[16.153,57.686],[16.178,57.692],[16.183,57.693],[16.18,57.703],[16.176,57.707],[16.172,57.715],[16.172,57.721],[16.174,57.726],[16.17,57.727],[16.165,57.742],[16.167,57.747],[16.164,57.757],[16.171,57.758],[16.172,57.755],[16.182,57.759],[16.183,57.762],[16.177,57.763],[16.169,57.759],[16.147,57.757],[16.137,57.766],[16.128,57.77],[16.133,57.772],[16.136,57.776],[16.143,57.773],[16.143,57.784],[16.133,57.784],[16.131,57.787],[16.132,57.795],[16.117,57.809],[16.113,57.819],[16.122,57.835],[16.098,57.84],[16.088,57.843],[16.093,57.848],[16.091,57.859],[16.083,57.876],[16.069,57.876],[16.062,57.873],[16.032,57.861],[16.021,57.854],[16.005,57.846],[15.991,57.836],[15.965,57.823],[15.951,57.813],[15.944,57.803],[15.927,57.809],[15.922,57.813],[15.912,57.817],[15.899,57.827],[15.896,57.83],[15.887,57.83],[15.868,57.829],[15.854,57.829],[15.845,57.824],[15.829,57.818],[15.822,57.817],[15.816,57.823],[15.805,57.832],[15.79,57.84],[15.785,57.841],[15.782,57.844],[15.771,57.848],[15.768,57.852],[15.735,57.85],[15.713,57.856],[15.704,57.857],[15.679,57.858],[15.677,57.86],[15.659,57.857],[15.646,57.853],[15.64,57.849],[15.629,57.853],[15.619,57.855],[15.599,57.854],[15.602,57.838],[15.606,57.832],[15.602,57.827],[15.599,57.825],[15.597,57.818],[15.595,57.818],[15.57,57.805],[15.555,57.797],[15.552,57.793],[15.542,57.79]]]}},{"type":"Feature","properties":{"id":935547,"maakond_id":412,"name":"Alingsås kommun","bbox":[12.35,57.762,12.711,58.198]},"geometry":{"type":"Polygon","coordinates":[[[12.42,58.055],[12.421,58.052],[12.427,58.049],[12.419,58.041],[12.419,58.038],[12.413,58.037],[12.42,58.035],[12.417,58.029],[12.412,58.026],[12.416,58.023],[12.419,58.017],[12.413,58.012],[12.413,58.007],[12.415,58.003],[12.419,58.002],[12.413,57.998],[12.41,57.992],[12.413,57.987],[12.392,57.99],[12.386,57.992],[12.374,57.993],[12.37,57.987],[12.352,57.979],[12.358,57.975],[12.367,57.975],[12.364,57.97],[12.37,57.969],[12.375,57.97],[12.385,57.971],[12.375,57.966],[12.364,57.962],[12.355,57.957],[12.358,57.952],[12.35,57.949],[12.355,57.947],[12.356,57.942],[12.362,57.941],[12.369,57.939],[12.375,57.941],[12.385,57.936],[12.388,57.936],[12.398,57.934],[12.399,57.931],[12.412,57.929],[12.409,57.92],[12.399,57.913],[12.396,57.906],[12.405,57.895],[12.388,57.896],[12.397,57.877],[12.433,57.885],[12.443,57.89],[12.446,57.885],[12.443,57.881],[12.442,57.876],[12.445,57.87],[12.443,57.863],[12.434,57.855],[12.434,57.853],[12.442,57.845],[12.431,57.839],[12.426,57.83],[12.429,57.828],[12.447,57.815],[12.443,57.808],[12.446,57.804],[12.456,57.799],[12.473,57.786],[12.478,57.793],[12.484,57.792],[12.489,57.789],[12.484,57.777],[12.498,57.767],[12.515,57.762],[12.521,57.765],[12.544,57.779],[12.558,57.785],[12.576,57.791],[12.586,57.797],[12.593,57.805],[12.6,57.81],[12.593,57.822],[12.608,57.831],[12.62,57.833],[12.63,57.836],[12.644,57.843],[12.645,57.846],[12.656,57.85],[12.66,57.856],[12.657,57.86],[12.656,57.868],[12.662,57.875],[12.655,57.878],[12.653,57.882],[12.661,57.886],[12.663,57.891],[12.659,57.897],[12.663,57.902],[12.665,57.909],[12.657,57.916],[12.656,57.921],[12.652,57.931],[12.653,57.941],[12.649,57.95],[12.628,57.96],[12.62,57.962],[12.62,57.966],[12.614,57.975],[12.607,57.973],[12.604,57.975],[12.592,57.971],[12.582,57.971],[12.568,57.974],[12.539,57.998],[12.551,58.006],[12.57,58.027],[12.58,58.041],[12.581,58.047],[12.593,58.053],[12.612,58.06],[12.627,58.063],[12.638,58.068],[12.636,58.073],[12.658,58.077],[12.667,58.083],[12.676,58.086],[12.7,58.088],[12.711,58.097],[12.709,58.109],[12.683,58.13],[12.709,58.158],[12.688,58.175],[12.69,58.176],[12.688,58.181],[12.677,58.183],[12.677,58.186],[12.671,58.189],[12.66,58.184],[12.614,58.189],[12.586,58.192],[12.587,58.195],[12.576,58.198],[12.573,58.195],[12.567,58.195],[12.553,58.196],[12.55,58.198],[12.54,58.197],[12.541,58.19],[12.545,58.184],[12.543,58.181],[12.529,58.175],[12.525,58.172],[12.523,58.165],[12.505,58.167],[12.497,58.165],[12.492,58.167],[12.491,58.162],[12.479,58.166],[12.474,58.148],[12.47,58.145],[12.48,58.145],[12.486,58.143],[12.494,58.142],[12.499,58.141],[12.494,58.134],[12.481,58.132],[12.478,58.126],[12.471,58.126],[12.465,58.123],[12.461,58.115],[12.458,58.111],[12.462,58.103],[12.451,58.1],[12.44,58.096],[12.434,58.095],[12.433,58.085],[12.431,58.079],[12.426,58.074],[12.419,58.065],[12.418,58.062],[12.42,58.057],[12.42,58.055]]]}},{"type":"Feature","properties":{"id":935548,"maakond_id":409,"name":"Karlskrona kommun","bbox":[15.231,55.747,16.224,56.504]},"geometry":{"type":"Polygon","coordinates":[[[15.481,56.48],[15.477,56.471],[15.469,56.469],[15.472,56.467],[15.492,56.459],[15.496,56.459],[15.507,56.452],[15.507,56.448],[15.502,56.444],[15.5,56.436],[15.488,56.446],[15.474,56.449],[15.468,56.446],[15.456,56.452],[15.448,56.449],[15.448,56.446],[15.437,56.447],[15.432,56.433],[15.434,56.428],[15.436,56.425],[15.427,56.422],[15.419,56.413],[15.421,56.412],[15.418,56.405],[15.413,56.403],[15.398,56.406],[15.397,56.409],[15.388,56.415],[15.376,56.416],[15.377,56.413],[15.367,56.415],[15.363,56.411],[15.349,56.411],[15.345,56.412],[15.339,56.411],[15.336,56.408],[15.34,56.404],[15.343,56.399],[15.341,56.397],[15.349,56.39],[15.348,56.381],[15.326,56.383],[15.32,56.383],[15.307,56.385],[15.302,56.383],[15.3,56.38],[15.302,56.369],[15.305,56.364],[15.305,56.361],[15.314,56.363],[15.314,56.361],[15.322,56.356],[15.329,56.355],[15.336,56.351],[15.35,56.345],[15.359,56.343],[15.375,56.343],[15.379,56.341],[15.378,56.336],[15.381,56.332],[15.38,56.325],[15.382,56.319],[15.371,56.319],[15.377,56.312],[15.373,56.306],[15.383,56.302],[15.385,56.293],[15.389,56.289],[15.387,56.285],[15.393,56.279],[15.405,56.281],[15.407,56.278],[15.434,56.285],[15.438,56.284],[15.444,56.275],[15.449,56.274],[15.462,56.278],[15.468,56.276],[15.475,56.275],[15.484,56.278],[15.483,56.27],[15.488,56.261],[15.472,56.255],[15.471,56.248],[15.465,56.242],[15.478,56.242],[15.491,56.238],[15.484,56.231],[15.484,56.227],[15.479,56.218],[15.473,56.215],[15.473,56.207],[15.479,56.199],[15.49,56.189],[15.489,56.18],[15.494,56.172],[15.5,56.17],[15.502,56.164],[15.507,56.162],[15.512,56.162],[15.519,56.158],[15.521,56.153],[15.519,56.149],[15.524,56.141],[15.506,56.131],[15.489,56.134],[15.478,56.134],[15.466,56.126],[15.453,56.129],[15.446,56.127],[15.442,56.123],[15.427,56.121],[15.415,56.116],[15.412,56.11],[15.407,56.108],[15.338,56.022],[15.231,55.894],[15.307,55.89],[15.44,55.81],[15.462,55.798],[15.481,55.789],[15.491,55.785],[15.512,55.777],[15.522,55.773],[15.544,55.767],[15.567,55.761],[15.578,55.759],[15.602,55.754],[15.626,55.751],[15.65,55.749],[15.675,55.747],[15.699,55.747],[15.724,55.747],[15.749,55.749],[15.773,55.751],[15.785,55.753],[15.809,55.756],[15.832,55.761],[15.855,55.767],[15.877,55.773],[15.904,55.783],[15.924,55.791],[15.949,55.804],[15.97,55.817],[15.985,55.827],[16.026,55.856],[16.219,55.914],[16.224,56.305],[16.076,56.322],[16.052,56.321],[16.049,56.323],[16.039,56.322],[16.031,56.32],[16.027,56.316],[16.018,56.313],[16.014,56.308],[16.017,56.307],[16.019,56.303],[16.014,56.298],[15.995,56.301],[15.991,56.299],[15.979,56.301],[15.98,56.304],[15.973,56.307],[15.975,56.309],[15.968,56.314],[15.966,56.312],[15.96,56.313],[15.957,56.316],[15.949,56.317],[15.942,56.319],[15.94,56.316],[15.933,56.317],[15.907,56.315],[15.904,56.317],[15.895,56.317],[15.889,56.316],[15.883,56.317],[15.867,56.318],[15.842,56.323],[15.821,56.331],[15.807,56.342],[15.8,56.348],[15.799,56.352],[15.777,56.369],[15.778,56.373],[15.776,56.378],[15.772,56.382],[15.763,56.385],[15.756,56.391],[15.753,56.398],[15.745,56.404],[15.736,56.415],[15.732,56.416],[15.717,56.418],[15.697,56.423],[15.677,56.425],[15.669,56.442],[15.667,56.447],[15.663,56.455],[15.658,56.458],[15.654,56.463],[15.645,56.458],[15.64,56.457],[15.631,56.46],[15.628,56.463],[15.623,56.465],[15.611,56.471],[15.605,56.471],[15.599,56.474],[15.592,56.48],[15.586,56.485],[15.588,56.491],[15.586,56.495],[15.582,56.496],[15.575,56.495],[15.568,56.498],[15.553,56.501],[15.543,56.504],[15.524,56.502],[15.517,56.495],[15.511,56.491],[15.514,56.482],[15.512,56.476],[15.505,56.474],[15.494,56.476],[15.481,56.48]],[[15.386,56.368],[15.369,56.379],[15.375,56.383],[15.369,56.389],[15.372,56.396],[15.385,56.395],[15.39,56.393],[15.399,56.387],[15.395,56.383],[15.401,56.379],[15.4,56.374],[15.408,56.361],[15.397,56.36],[15.388,56.363],[15.386,56.368]]]}},{"type":"Feature","properties":{"id":935549,"maakond_id":412,"name":"Lysekils kommun","bbox":[10.817,58.174,11.602,58.496]},"geometry":{"type":"Polygon","coordinates":[[[10.817,58.292],[10.848,58.258],[10.892,58.176],[11.3,58.174],[11.353,58.174],[11.39,58.187],[11.402,58.193],[11.429,58.183],[11.435,58.183],[11.442,58.181],[11.452,58.182],[11.458,58.189],[11.464,58.192],[11.466,58.201],[11.48,58.214],[11.478,58.224],[11.481,58.23],[11.495,58.233],[11.489,58.236],[11.492,58.242],[11.504,58.258],[11.505,58.263],[11.493,58.262],[11.489,58.265],[11.483,58.266],[11.473,58.269],[11.486,58.276],[11.505,58.286],[11.51,58.29],[11.509,58.293],[11.516,58.298],[11.522,58.301],[11.53,58.31],[11.531,58.313],[11.538,58.315],[11.553,58.328],[11.556,58.333],[11.559,58.335],[11.575,58.347],[11.581,58.354],[11.598,58.367],[11.602,58.372],[11.595,58.376],[11.599,58.382],[11.596,58.387],[11.599,58.401],[11.593,58.404],[11.592,58.414],[11.593,58.419],[11.589,58.423],[11.588,58.429],[11.585,58.433],[11.584,58.442],[11.581,58.446],[11.582,58.454],[11.578,58.467],[11.579,58.468],[11.572,58.478],[11.575,58.48],[11.568,58.486],[11.564,58.486],[11.562,58.482],[11.553,58.483],[11.556,58.487],[11.545,58.491],[11.545,58.493],[11.52,58.496],[11.512,58.489],[11.51,58.482],[11.488,58.483],[11.478,58.482],[11.472,58.478],[11.476,58.477],[11.466,58.471],[11.461,58.467],[11.461,58.464],[11.456,58.458],[11.456,58.454],[11.443,58.444],[11.441,58.441],[11.433,58.434],[11.428,58.423],[11.416,58.416],[11.408,58.405],[11.397,58.395],[11.388,58.389],[11.388,58.384],[11.381,58.379],[11.371,58.371],[11.367,58.364],[11.357,58.358],[11.354,58.351],[11.354,58.317],[11.322,58.302],[11.308,58.293],[11.227,58.293],[10.817,58.292]]]}},{"type":"Feature","properties":{"id":935550,"maakond_id":412,"name":"Lerums kommun","bbox":[12.146,57.724,12.489,57.979]},"geometry":{"type":"Polygon","coordinates":[[[12.146,57.865],[12.151,57.862],[12.17,57.856],[12.192,57.834],[12.194,57.826],[12.199,57.825],[12.205,57.82],[12.205,57.816],[12.21,57.813],[12.214,57.814],[12.224,57.811],[12.242,57.796],[12.223,57.793],[12.204,57.789],[12.201,57.785],[12.183,57.78],[12.174,57.776],[12.183,57.768],[12.195,57.758],[12.195,57.753],[12.185,57.75],[12.18,57.75],[12.185,57.735],[12.225,57.728],[12.257,57.729],[12.258,57.727],[12.266,57.729],[12.276,57.725],[12.283,57.724],[12.281,57.73],[12.291,57.73],[12.295,57.727],[12.303,57.724],[12.303,57.73],[12.305,57.732],[12.335,57.733],[12.382,57.734],[12.401,57.732],[12.416,57.73],[12.42,57.732],[12.428,57.731],[12.433,57.734],[12.428,57.736],[12.435,57.74],[12.441,57.741],[12.447,57.746],[12.46,57.749],[12.458,57.755],[12.474,57.768],[12.475,57.772],[12.48,57.773],[12.484,57.777],[12.489,57.789],[12.484,57.792],[12.478,57.793],[12.473,57.786],[12.456,57.799],[12.446,57.804],[12.443,57.808],[12.447,57.815],[12.429,57.828],[12.426,57.83],[12.431,57.839],[12.442,57.845],[12.434,57.853],[12.434,57.855],[12.443,57.863],[12.445,57.87],[12.442,57.876],[12.443,57.881],[12.446,57.885],[12.443,57.89],[12.433,57.885],[12.397,57.877],[12.388,57.896],[12.405,57.895],[12.396,57.906],[12.399,57.913],[12.409,57.92],[12.412,57.929],[12.399,57.931],[12.398,57.934],[12.388,57.936],[12.385,57.936],[12.375,57.941],[12.369,57.939],[12.362,57.941],[12.356,57.942],[12.355,57.947],[12.35,57.949],[12.358,57.952],[12.355,57.957],[12.364,57.962],[12.375,57.966],[12.385,57.971],[12.375,57.97],[12.37,57.969],[12.364,57.97],[12.367,57.975],[12.358,57.975],[12.352,57.979],[12.332,57.971],[12.313,57.966],[12.297,57.924],[12.291,57.922],[12.294,57.916],[12.299,57.913],[12.301,57.902],[12.304,57.901],[12.3,57.896],[12.292,57.893],[12.247,57.884],[12.195,57.875],[12.146,57.866],[12.146,57.865]]]}},{"type":"Feature","properties":{"id":935552,"maakond_id":410,"name":"Höganäs kommun","bbox":[12.117,56.116,12.772,56.477]},"geometry":{"type":"Polygon","coordinates":[[[12.184,56.477],[12.117,56.383],[12.191,56.355],[12.326,56.303],[12.327,56.293],[12.331,56.283],[12.338,56.274],[12.351,56.26],[12.359,56.255],[12.378,56.244],[12.388,56.24],[12.365,56.215],[12.368,56.214],[12.404,56.188],[12.433,56.17],[12.441,56.162],[12.459,56.151],[12.48,56.142],[12.503,56.13],[12.54,56.116],[12.583,56.136],[12.591,56.137],[12.595,56.142],[12.629,56.15],[12.639,56.149],[12.643,56.157],[12.655,56.153],[12.653,56.146],[12.68,56.147],[12.678,56.149],[12.679,56.156],[12.678,56.163],[12.679,56.17],[12.688,56.171],[12.698,56.173],[12.7,56.18],[12.716,56.185],[12.725,56.184],[12.729,56.186],[12.733,56.194],[12.732,56.197],[12.735,56.2],[12.742,56.199],[12.743,56.196],[12.75,56.195],[12.747,56.204],[12.743,56.21],[12.752,56.209],[12.759,56.216],[12.766,56.215],[12.767,56.219],[12.764,56.233],[12.772,56.262],[12.649,56.308],[12.491,56.366],[12.184,56.477]]]}},{"type":"Feature","properties":{"id":935553,"maakond_id":404,"name":"Vadstena kommun","bbox":[14.52,58.329,15.016,58.536]},"geometry":{"type":"Polygon","coordinates":[[[14.543,58.38],[14.52,58.356],[14.67,58.349],[14.67,58.346],[14.664,58.337],[14.69,58.329],[14.694,58.333],[14.708,58.335],[14.715,58.331],[14.755,58.338],[14.77,58.347],[14.818,58.347],[14.835,58.355],[14.842,58.359],[14.872,58.358],[14.88,58.36],[14.912,58.347],[14.919,58.347],[14.924,58.344],[14.928,58.345],[14.931,58.349],[14.947,58.354],[14.946,58.36],[14.948,58.367],[14.954,58.367],[14.958,58.368],[14.965,58.366],[14.97,58.373],[14.978,58.382],[14.969,58.39],[14.969,58.398],[14.971,58.404],[14.973,58.406],[14.986,58.404],[14.986,58.399],[15.006,58.402],[15.006,58.405],[15.001,58.413],[14.997,58.412],[14.995,58.418],[15.001,58.421],[14.997,58.425],[14.981,58.428],[14.962,58.434],[14.974,58.44],[14.988,58.442],[14.999,58.449],[14.994,58.454],[14.982,58.455],[14.99,58.46],[15.004,58.464],[15.014,58.47],[15.016,58.474],[15.008,58.48],[14.995,58.478],[14.983,58.476],[14.977,58.477],[14.975,58.481],[14.982,58.484],[14.989,58.485],[14.993,58.489],[15,58.491],[15.003,58.494],[14.996,58.496],[14.988,58.494],[14.987,58.5],[14.982,58.503],[14.981,58.506],[14.973,58.513],[14.971,58.518],[14.939,58.536],[14.753,58.493],[14.673,58.51],[14.543,58.38]]]}},{"type":"Feature","properties":{"id":935554,"maakond_id":412,"name":"Ulricehamns kommun","bbox":[13.106,57.611,13.792,58.011]},"geometry":{"type":"Polygon","coordinates":[[[13.357,57.982],[13.357,57.98],[13.35,57.978],[13.35,57.975],[13.335,57.957],[13.328,57.952],[13.325,57.953],[13.31,57.955],[13.303,57.955],[13.299,57.953],[13.288,57.952],[13.274,57.953],[13.263,57.944],[13.247,57.937],[13.242,57.933],[13.235,57.931],[13.232,57.928],[13.231,57.92],[13.227,57.919],[13.224,57.915],[13.211,57.909],[13.188,57.904],[13.171,57.899],[13.161,57.897],[13.143,57.897],[13.129,57.891],[13.131,57.889],[13.117,57.889],[13.115,57.879],[13.108,57.865],[13.106,57.856],[13.118,57.851],[13.127,57.845],[13.121,57.842],[13.133,57.833],[13.135,57.826],[13.135,57.819],[13.141,57.817],[13.137,57.813],[13.146,57.81],[13.16,57.804],[13.17,57.802],[13.181,57.794],[13.187,57.794],[13.188,57.788],[13.182,57.785],[13.178,57.781],[13.215,57.779],[13.223,57.78],[13.227,57.779],[13.231,57.774],[13.248,57.773],[13.244,57.752],[13.25,57.749],[13.241,57.747],[13.233,57.742],[13.232,57.738],[13.227,57.739],[13.223,57.737],[13.237,57.73],[13.206,57.713],[13.213,57.711],[13.231,57.71],[13.239,57.707],[13.254,57.705],[13.259,57.699],[13.277,57.694],[13.309,57.668],[13.313,57.638],[13.327,57.636],[13.329,57.634],[13.322,57.631],[13.321,57.624],[13.319,57.619],[13.333,57.613],[13.343,57.613],[13.35,57.622],[13.361,57.628],[13.372,57.626],[13.381,57.621],[13.409,57.612],[13.413,57.616],[13.423,57.616],[13.439,57.611],[13.454,57.615],[13.457,57.614],[13.468,57.62],[13.475,57.621],[13.48,57.626],[13.491,57.641],[13.504,57.648],[13.515,57.656],[13.535,57.673],[13.539,57.67],[13.577,57.654],[13.577,57.648],[13.588,57.645],[13.598,57.645],[13.617,57.646],[13.628,57.651],[13.644,57.66],[13.658,57.666],[13.671,57.676],[13.685,57.675],[13.695,57.672],[13.706,57.673],[13.708,57.675],[13.704,57.679],[13.723,57.682],[13.722,57.692],[13.694,57.706],[13.727,57.716],[13.73,57.718],[13.717,57.723],[13.714,57.731],[13.723,57.742],[13.732,57.753],[13.742,57.757],[13.754,57.773],[13.749,57.778],[13.75,57.781],[13.746,57.784],[13.744,57.798],[13.744,57.805],[13.742,57.807],[13.746,57.81],[13.744,57.816],[13.738,57.818],[13.737,57.843],[13.732,57.845],[13.736,57.849],[13.736,57.855],[13.74,57.855],[13.742,57.865],[13.757,57.873],[13.766,57.878],[13.766,57.882],[13.763,57.885],[13.766,57.888],[13.76,57.891],[13.764,57.896],[13.777,57.903],[13.791,57.906],[13.792,57.909],[13.789,57.922],[13.786,57.926],[13.775,57.925],[13.771,57.926],[13.767,57.932],[13.766,57.938],[13.756,57.941],[13.741,57.94],[13.734,57.938],[13.729,57.931],[13.714,57.93],[13.695,57.932],[13.677,57.931],[13.67,57.93],[13.658,57.927],[13.649,57.928],[13.648,57.925],[13.642,57.924],[13.641,57.919],[13.634,57.918],[13.618,57.919],[13.61,57.916],[13.605,57.912],[13.6,57.91],[13.595,57.914],[13.587,57.916],[13.599,57.927],[13.605,57.929],[13.614,57.93],[13.612,57.933],[13.614,57.939],[13.611,57.941],[13.609,57.949],[13.596,57.951],[13.588,57.964],[13.58,57.974],[13.581,57.979],[13.59,57.987],[13.592,57.99],[13.583,57.991],[13.579,57.995],[13.572,58.001],[13.564,58.004],[13.559,58.007],[13.547,58.004],[13.543,58.009],[13.536,58.006],[13.528,58.008],[13.525,58.011],[13.516,58.009],[13.514,58.004],[13.506,57.998],[13.487,57.984],[13.48,57.983],[13.483,57.979],[13.487,57.979],[13.489,57.971],[13.486,57.967],[13.478,57.968],[13.473,57.966],[13.463,57.966],[13.457,57.964],[13.449,57.958],[13.441,57.959],[13.443,57.964],[13.435,57.973],[13.43,57.98],[13.419,57.984],[13.417,57.978],[13.391,57.979],[13.375,57.978],[13.357,57.982]]]}},{"type":"Feature","properties":{"id":935556,"maakond_id":404,"name":"Söderköpings kommun","bbox":[16.009,58.257,17.569,58.527]},"geometry":{"type":"Polygon","coordinates":[[[17.547,58.31],[17.547,58.313],[17.569,58.399],[17.516,58.403],[17.103,58.441],[16.998,58.468],[16.994,58.464],[16.995,58.459],[16.978,58.459],[16.968,58.459],[16.953,58.462],[16.935,58.467],[16.871,58.468],[16.859,58.443],[16.819,58.435],[16.803,58.437],[16.799,58.437],[16.795,58.431],[16.79,58.43],[16.782,58.427],[16.792,58.42],[16.785,58.417],[16.784,58.414],[16.769,58.414],[16.757,58.417],[16.746,58.416],[16.723,58.419],[16.702,58.417],[16.702,58.422],[16.698,58.425],[16.691,58.428],[16.684,58.427],[16.674,58.431],[16.667,58.433],[16.656,58.433],[16.651,58.435],[16.641,58.436],[16.635,58.435],[16.626,58.441],[16.614,58.443],[16.59,58.443],[16.566,58.447],[16.559,58.452],[16.545,58.454],[16.531,58.459],[16.504,58.465],[16.488,58.471],[16.471,58.471],[16.469,58.474],[16.455,58.474],[16.449,58.478],[16.43,58.479],[16.417,58.475],[16.406,58.475],[16.394,58.476],[16.382,58.48],[16.375,58.48],[16.358,58.48],[16.355,58.483],[16.34,58.486],[16.344,58.491],[16.343,58.501],[16.339,58.506],[16.34,58.508],[16.332,58.511],[16.318,58.513],[16.311,58.514],[16.292,58.512],[16.286,58.517],[16.276,58.516],[16.267,58.522],[16.263,58.521],[16.255,58.523],[16.246,58.524],[16.246,58.519],[16.229,58.521],[16.226,58.519],[16.213,58.519],[16.208,58.521],[16.184,58.52],[16.182,58.524],[16.178,58.527],[16.162,58.526],[16.154,58.521],[16.14,58.522],[16.138,58.518],[16.132,58.514],[16.122,58.512],[16.107,58.513],[16.108,58.509],[16.111,58.503],[16.088,58.503],[16.082,58.503],[16.085,58.496],[16.082,58.494],[16.09,58.487],[16.089,58.479],[16.083,58.474],[16.082,58.468],[16.084,58.462],[16.073,58.461],[16.064,58.459],[16.056,58.46],[16.046,58.459],[16.041,58.452],[16.036,58.444],[16.036,58.439],[16.033,58.437],[16.039,58.43],[16.043,58.427],[16.043,58.423],[16.038,58.419],[16.034,58.421],[16.025,58.42],[16.025,58.418],[16.016,58.418],[16.009,58.42],[16.01,58.412],[16.013,58.409],[16.025,58.405],[16.032,58.405],[16.045,58.406],[16.036,58.398],[16.043,58.393],[16.054,58.383],[16.053,58.381],[16.062,58.378],[16.075,58.372],[16.076,58.364],[16.085,58.353],[16.098,58.356],[16.105,58.356],[16.115,58.352],[16.122,58.351],[16.132,58.346],[16.142,58.344],[16.15,58.339],[16.158,58.338],[16.165,58.334],[16.178,58.331],[16.192,58.325],[16.189,58.318],[16.202,58.318],[16.214,58.312],[16.23,58.317],[16.251,58.316],[16.277,58.331],[16.283,58.338],[16.288,58.342],[16.29,58.355],[16.282,58.36],[16.274,58.37],[16.267,58.371],[16.261,58.381],[16.257,58.394],[16.265,58.395],[16.287,58.393],[16.299,58.387],[16.324,58.385],[16.341,58.392],[16.348,58.388],[16.345,58.386],[16.351,58.383],[16.353,58.381],[16.363,58.377],[16.368,58.379],[16.377,58.381],[16.382,58.374],[16.389,58.376],[16.406,58.37],[16.419,58.369],[16.422,58.364],[16.434,58.37],[16.44,58.376],[16.445,58.377],[16.449,58.371],[16.457,58.371],[16.462,58.367],[16.467,58.357],[16.49,58.364],[16.5,58.367],[16.511,58.357],[16.526,58.346],[16.539,58.341],[16.547,58.351],[16.555,58.346],[16.56,58.341],[16.568,58.331],[16.564,58.325],[16.584,58.319],[16.59,58.323],[16.602,58.32],[16.621,58.316],[16.626,58.315],[16.623,58.308],[16.635,58.3],[16.642,58.295],[16.65,58.292],[16.651,58.29],[16.659,58.283],[16.672,58.276],[16.684,58.273],[16.697,58.268],[16.708,58.265],[16.727,58.259],[16.742,58.257],[16.748,58.262],[16.758,58.262],[16.762,58.263],[16.754,58.269],[16.759,58.271],[16.765,58.268],[16.777,58.267],[16.78,58.274],[16.792,58.272],[16.797,58.273],[16.8,58.27],[16.807,58.269],[16.811,58.266],[16.818,58.269],[16.819,58.272],[16.824,58.276],[16.821,58.283],[16.826,58.285],[16.839,58.286],[16.843,58.281],[16.852,58.282],[16.88,58.286],[16.899,58.292],[16.927,58.294],[16.942,58.292],[16.977,58.293],[16.987,58.3],[17.01,58.301],[17.031,58.297],[17.083,58.31],[17.164,58.31],[17.547,58.31]]]}},{"type":"Feature","properties":{"id":935557,"maakond_id":414,"name":"Lindesbergs kommun","bbox":[14.905,59.368,15.731,59.976]},"geometry":{"type":"Polygon","coordinates":[[[14.905,59.768],[14.908,59.765],[14.909,59.755],[14.911,59.747],[14.93,59.739],[14.946,59.722],[14.953,59.712],[14.96,59.703],[14.961,59.695],[14.963,59.691],[14.963,59.681],[14.964,59.678],[14.966,59.662],[14.971,59.654],[14.975,59.646],[14.977,59.637],[14.996,59.634],[15.001,59.62],[15.003,59.614],[15.006,59.61],[15.002,59.607],[15.001,59.584],[15.033,59.589],[15.063,59.591],[15.09,59.59],[15.103,59.59],[15.1,59.581],[15.106,59.58],[15.125,59.58],[15.14,59.57],[15.161,59.561],[15.172,59.555],[15.164,59.547],[15.155,59.545],[15.15,59.542],[15.146,59.536],[15.152,59.528],[15.15,59.525],[15.152,59.521],[15.162,59.517],[15.156,59.514],[15.158,59.51],[15.15,59.509],[15.159,59.507],[15.165,59.508],[15.175,59.514],[15.175,59.517],[15.184,59.52],[15.19,59.52],[15.201,59.524],[15.215,59.515],[15.222,59.516],[15.222,59.519],[15.229,59.518],[15.231,59.508],[15.276,59.505],[15.279,59.502],[15.276,59.492],[15.273,59.485],[15.28,59.446],[15.291,59.449],[15.299,59.449],[15.319,59.437],[15.319,59.433],[15.364,59.428],[15.393,59.431],[15.407,59.424],[15.42,59.421],[15.426,59.425],[15.435,59.425],[15.438,59.427],[15.449,59.428],[15.459,59.426],[15.458,59.431],[15.464,59.434],[15.473,59.432],[15.475,59.429],[15.482,59.426],[15.485,59.421],[15.496,59.419],[15.501,59.419],[15.516,59.406],[15.501,59.404],[15.474,59.398],[15.476,59.389],[15.489,59.389],[15.499,59.387],[15.521,59.384],[15.535,59.377],[15.564,59.372],[15.568,59.368],[15.583,59.37],[15.6,59.375],[15.604,59.397],[15.624,59.397],[15.627,59.404],[15.637,59.405],[15.649,59.403],[15.664,59.404],[15.67,59.406],[15.685,59.407],[15.698,59.409],[15.705,59.41],[15.714,59.409],[15.721,59.41],[15.73,59.409],[15.731,59.418],[15.73,59.422],[15.73,59.432],[15.727,59.438],[15.716,59.45],[15.713,59.476],[15.685,59.477],[15.69,59.485],[15.688,59.489],[15.691,59.496],[15.701,59.499],[15.704,59.503],[15.72,59.508],[15.717,59.519],[15.713,59.526],[15.709,59.53],[15.705,59.539],[15.683,59.534],[15.682,59.537],[15.673,59.535],[15.672,59.529],[15.663,59.525],[15.65,59.523],[15.628,59.52],[15.63,59.529],[15.626,59.55],[15.626,59.574],[15.632,59.571],[15.635,59.58],[15.637,59.591],[15.634,59.596],[15.623,59.598],[15.621,59.617],[15.619,59.626],[15.616,59.63],[15.604,59.631],[15.585,59.628],[15.565,59.627],[15.546,59.629],[15.521,59.633],[15.515,59.642],[15.513,59.653],[15.527,59.666],[15.525,59.677],[15.533,59.687],[15.529,59.69],[15.538,59.691],[15.55,59.699],[15.545,59.718],[15.554,59.724],[15.553,59.726],[15.539,59.739],[15.526,59.754],[15.531,59.761],[15.522,59.769],[15.515,59.777],[15.512,59.777],[15.512,59.788],[15.505,59.796],[15.426,59.796],[15.427,59.8],[15.433,59.804],[15.438,59.805],[15.439,59.809],[15.456,59.821],[15.448,59.824],[15.448,59.831],[15.457,59.835],[15.441,59.844],[15.442,59.849],[15.431,59.849],[15.422,59.854],[15.379,59.878],[15.371,59.874],[15.36,59.881],[15.362,59.885],[15.355,59.89],[15.355,59.894],[15.331,59.909],[15.269,59.95],[15.228,59.976],[15.213,59.955],[15.206,59.942],[15.194,59.946],[15.189,59.941],[15.192,59.938],[15.202,59.935],[15.194,59.923],[15.187,59.92],[15.19,59.915],[15.166,59.878],[15.164,59.872],[15.159,59.866],[15.141,59.835],[15.114,59.828],[15.106,59.823],[15.1,59.826],[15.096,59.824],[15.093,59.815],[15.082,59.809],[15.085,59.803],[15.09,59.804],[15.095,59.802],[15.096,59.798],[15.095,59.793],[15.097,59.788],[15.071,59.781],[15.057,59.78],[15.03,59.78],[14.987,59.776],[14.941,59.772],[14.905,59.768]],[[15.443,59.839],[15.447,59.834],[15.437,59.834],[15.436,59.837],[15.443,59.839]],[[15.045,59.777],[15.046,59.775],[15.04,59.773],[15.037,59.775],[15.038,59.78],[15.045,59.777]]]}},{"type":"Feature","properties":{"id":935558,"maakond_id":419,"name":"Ragunda kommun","bbox":[15.221,62.808,16.999,63.515]},"geometry":{"type":"Polygon","coordinates":[[[15.495,63.363],[15.504,63.326],[15.556,63.309],[15.47,63.259],[15.463,63.258],[15.456,63.259],[15.446,63.268],[15.438,63.277],[15.432,63.282],[15.427,63.285],[15.399,63.293],[15.389,63.3],[15.383,63.301],[15.368,63.298],[15.365,63.303],[15.306,63.264],[15.314,63.262],[15.271,63.237],[15.259,63.237],[15.255,63.236],[15.235,63.241],[15.222,63.243],[15.221,63.241],[15.232,63.187],[15.303,63.191],[15.309,63.187],[15.304,63.183],[15.293,63.18],[15.294,63.174],[15.302,63.172],[15.318,63.144],[15.387,63.13],[15.425,63.123],[15.46,63.098],[15.501,63.068],[15.547,63.071],[15.61,63.077],[15.692,63.043],[15.707,63.041],[15.725,63.063],[15.79,63.074],[15.792,63.072],[15.806,63.065],[15.813,63.063],[15.898,63.082],[15.905,63.083],[15.934,63.085],[15.965,63.052],[15.997,63.049],[16.008,63.082],[16.032,63.09],[16.077,63.069],[16.13,63.085],[16.157,63.081],[16.165,63.076],[16.289,63.06],[16.326,63.058],[16.397,63.036],[16.42,63.02],[16.446,62.999],[16.421,62.944],[16.395,62.932],[16.437,62.904],[16.447,62.887],[16.494,62.808],[16.543,62.839],[16.624,62.887],[16.623,62.888],[16.633,62.894],[16.67,62.917],[16.671,62.912],[16.68,62.912],[16.692,62.917],[16.692,62.92],[16.708,62.921],[16.709,62.913],[16.72,62.922],[16.748,62.923],[16.81,62.927],[16.863,62.931],[16.881,62.932],[16.999,62.947],[16.961,62.971],[16.904,63.007],[16.888,63.016],[16.855,63.034],[16.782,63.074],[16.673,63.134],[16.676,63.135],[16.602,63.173],[16.599,63.173],[16.54,63.197],[16.389,63.257],[16.362,63.268],[16.323,63.282],[16.275,63.301],[16.287,63.311],[16.248,63.312],[16.197,63.332],[16.204,63.337],[16.145,63.356],[16.139,63.353],[16.096,63.369],[16.132,63.383],[16.14,63.421],[16.054,63.447],[16.046,63.448],[16.017,63.431],[15.966,63.444],[15.972,63.461],[15.986,63.515],[15.879,63.506],[15.818,63.51],[15.792,63.515],[15.748,63.494],[15.693,63.473],[15.666,63.444],[15.58,63.425],[15.561,63.438],[15.555,63.417],[15.521,63.383],[15.495,63.363]]]}},{"type":"Feature","properties":{"id":935560,"maakond_id":410,"name":"Helsingborgs kommun","bbox":[12.54,55.917,12.989,56.262]},"geometry":{"type":"Polygon","coordinates":[[[12.54,56.116],[12.56,56.106],[12.591,56.088],[12.599,56.082],[12.632,56.062],[12.647,56.055],[12.652,56.048],[12.656,56.04],[12.657,56.023],[12.654,56.013],[12.652,55.999],[12.652,55.978],[12.65,55.963],[12.693,55.957],[12.793,55.958],[12.797,55.96],[12.8,55.964],[12.811,55.963],[12.813,55.958],[12.819,55.955],[12.827,55.955],[12.836,55.951],[12.829,55.943],[12.826,55.943],[12.829,55.937],[12.846,55.935],[12.852,55.939],[12.86,55.951],[12.867,55.952],[12.869,55.95],[12.888,55.946],[12.888,55.953],[12.891,55.956],[12.92,55.94],[12.916,55.925],[12.921,55.922],[12.931,55.917],[12.933,55.92],[12.944,55.922],[12.945,55.928],[12.952,55.928],[12.951,55.937],[12.952,55.943],[12.956,55.951],[12.97,55.952],[12.975,55.959],[12.981,55.957],[12.981,55.964],[12.986,55.964],[12.989,55.977],[12.987,55.98],[12.978,55.981],[12.969,55.976],[12.956,55.979],[12.953,55.974],[12.949,55.974],[12.93,55.982],[12.928,55.98],[12.921,55.982],[12.911,55.982],[12.911,55.985],[12.915,55.988],[12.912,55.995],[12.913,56.002],[12.918,56.002],[12.914,56.011],[12.903,56.009],[12.894,56.016],[12.899,56.02],[12.907,56.018],[12.913,56.019],[12.929,56.016],[12.934,56.021],[12.926,56.023],[12.926,56.029],[12.92,56.031],[12.913,56.043],[12.902,56.044],[12.912,56.049],[12.917,56.056],[12.916,56.063],[12.906,56.063],[12.905,56.065],[12.891,56.072],[12.877,56.084],[12.877,56.087],[12.866,56.093],[12.851,56.099],[12.843,56.102],[12.841,56.105],[12.847,56.106],[12.845,56.109],[12.849,56.113],[12.844,56.119],[12.837,56.125],[12.839,56.129],[12.831,56.129],[12.825,56.127],[12.82,56.133],[12.82,56.139],[12.81,56.144],[12.806,56.145],[12.803,56.151],[12.805,56.157],[12.801,56.161],[12.793,56.167],[12.803,56.173],[12.809,56.172],[12.81,56.175],[12.823,56.179],[12.827,56.182],[12.828,56.186],[12.832,56.186],[12.829,56.192],[12.816,56.194],[12.814,56.195],[12.807,56.189],[12.793,56.189],[12.777,56.192],[12.788,56.203],[12.792,56.201],[12.797,56.204],[12.8,56.209],[12.796,56.214],[12.789,56.215],[12.786,56.218],[12.785,56.227],[12.772,56.262],[12.764,56.233],[12.767,56.219],[12.766,56.215],[12.759,56.216],[12.752,56.209],[12.743,56.21],[12.747,56.204],[12.75,56.195],[12.743,56.196],[12.742,56.199],[12.735,56.2],[12.732,56.197],[12.733,56.194],[12.729,56.186],[12.725,56.184],[12.716,56.185],[12.7,56.18],[12.698,56.173],[12.688,56.171],[12.679,56.17],[12.678,56.163],[12.679,56.156],[12.678,56.149],[12.68,56.147],[12.653,56.146],[12.655,56.153],[12.643,56.157],[12.639,56.149],[12.629,56.15],[12.595,56.142],[12.591,56.137],[12.583,56.136],[12.54,56.116]]]}},{"type":"Feature","properties":{"id":935563,"maakond_id":414,"name":"Ljusnarsbergs kommun","bbox":[14.737,59.768,15.228,60.111]},"geometry":{"type":"MultiPolygon","coordinates":[[[[15.125,60.008],[15.078,60.041],[15.048,60.049],[15.046,60.043],[15.034,60.039],[15.013,60.057],[14.939,60.049],[14.917,60.053],[14.905,60.051],[14.891,60.057],[14.887,60.064],[14.859,60.082],[14.846,60.083],[14.838,60.088],[14.838,60.094],[14.842,60.098],[14.842,60.102],[14.85,60.105],[14.808,60.111],[14.77,60.095],[14.737,60.082],[14.752,60.008],[14.751,60.006],[14.754,59.997],[14.756,59.977],[14.771,59.94],[14.774,59.922],[14.789,59.91],[14.801,59.9],[14.809,59.897],[14.806,59.895],[14.835,59.868],[14.838,59.865],[14.85,59.866],[14.853,59.864],[14.86,59.85],[14.875,59.811],[14.901,59.774],[14.9,59.771],[14.905,59.768],[14.941,59.772],[14.987,59.776],[15.03,59.78],[15.057,59.78],[15.071,59.781],[15.097,59.788],[15.095,59.793],[15.096,59.798],[15.095,59.802],[15.09,59.804],[15.085,59.803],[15.082,59.809],[15.093,59.815],[15.096,59.824],[15.1,59.826],[15.106,59.823],[15.114,59.828],[15.141,59.835],[15.159,59.866],[15.164,59.872],[15.166,59.878],[15.19,59.915],[15.187,59.92],[15.194,59.923],[15.202,59.935],[15.192,59.938],[15.189,59.941],[15.194,59.946],[15.206,59.942],[15.213,59.955],[15.228,59.976],[15.205,60.002],[15.178,60.004],[15.125,60.008]],[[14.799,59.929],[14.791,59.928],[14.789,59.932],[14.794,59.932],[14.799,59.929]]],[[[15.045,59.777],[15.038,59.78],[15.037,59.775],[15.04,59.773],[15.046,59.775],[15.045,59.777]]]]}},{"type":"Feature","properties":{"id":935564,"maakond_id":420,"name":"Vännäs kommun","bbox":[19.418,63.788,19.983,64.086]},"geometry":{"type":"Polygon","coordinates":[[[19.681,63.81],[19.732,63.815],[19.736,63.788],[19.766,63.789],[19.763,63.809],[19.772,63.818],[19.819,63.823],[19.834,63.832],[19.855,63.845],[19.86,63.845],[19.878,63.853],[19.914,63.861],[19.97,63.866],[19.983,63.887],[19.98,63.888],[19.961,63.886],[19.95,63.889],[19.937,63.887],[19.931,63.883],[19.928,63.882],[19.908,63.886],[19.898,63.89],[19.883,63.898],[19.865,63.914],[19.858,63.918],[19.861,63.919],[19.855,63.927],[19.874,63.931],[19.881,63.932],[19.9,63.937],[19.934,63.95],[19.94,63.946],[19.958,63.947],[19.968,63.961],[19.955,63.962],[19.952,63.956],[19.944,63.953],[19.922,63.966],[19.929,63.968],[19.926,63.975],[19.909,63.974],[19.912,63.978],[19.923,64.003],[19.927,64.003],[19.936,64.015],[19.946,64.012],[19.954,64.018],[19.948,64.019],[19.958,64.028],[19.951,64.029],[19.956,64.04],[19.962,64.043],[19.94,64.077],[19.89,64.072],[19.866,64.086],[19.793,64.085],[19.768,64.059],[19.678,64.055],[19.667,64.064],[19.667,64.07],[19.66,64.072],[19.642,64.065],[19.66,64.049],[19.657,64.048],[19.623,64.051],[19.617,64.039],[19.57,64.027],[19.575,64.014],[19.568,64.015],[19.555,64.022],[19.554,64.029],[19.542,64.037],[19.521,64.036],[19.492,64.04],[19.466,64.043],[19.431,64.036],[19.418,64.019],[19.458,64],[19.464,63.989],[19.471,63.99],[19.494,63.943],[19.528,63.872],[19.509,63.868],[19.516,63.865],[19.559,63.833],[19.614,63.811],[19.631,63.811],[19.647,63.809],[19.681,63.81]]]}},{"type":"Feature","properties":{"id":935565,"maakond_id":412,"name":"Bollebygds kommun","bbox":[12.428,57.619,12.764,57.865]},"geometry":{"type":"Polygon","coordinates":[[[12.484,57.777],[12.48,57.773],[12.475,57.772],[12.474,57.768],[12.458,57.755],[12.46,57.749],[12.447,57.746],[12.441,57.741],[12.435,57.74],[12.428,57.736],[12.433,57.734],[12.428,57.731],[12.443,57.724],[12.452,57.723],[12.458,57.718],[12.463,57.722],[12.476,57.723],[12.483,57.722],[12.485,57.718],[12.48,57.715],[12.487,57.707],[12.491,57.707],[12.511,57.699],[12.501,57.689],[12.526,57.662],[12.531,57.659],[12.522,57.657],[12.526,57.652],[12.525,57.645],[12.531,57.645],[12.536,57.647],[12.545,57.636],[12.556,57.636],[12.559,57.634],[12.562,57.62],[12.575,57.619],[12.596,57.622],[12.608,57.627],[12.633,57.642],[12.673,57.655],[12.674,57.659],[12.683,57.663],[12.691,57.664],[12.703,57.669],[12.708,57.668],[12.763,57.686],[12.751,57.689],[12.755,57.691],[12.754,57.696],[12.761,57.699],[12.735,57.714],[12.721,57.717],[12.717,57.719],[12.722,57.724],[12.72,57.726],[12.707,57.723],[12.702,57.725],[12.698,57.731],[12.714,57.738],[12.711,57.741],[12.719,57.756],[12.719,57.764],[12.722,57.775],[12.728,57.782],[12.736,57.787],[12.724,57.793],[12.71,57.797],[12.699,57.802],[12.701,57.808],[12.707,57.817],[12.72,57.818],[12.721,57.819],[12.736,57.821],[12.749,57.827],[12.756,57.832],[12.744,57.835],[12.764,57.844],[12.762,57.859],[12.757,57.865],[12.742,57.863],[12.714,57.863],[12.681,57.861],[12.67,57.86],[12.66,57.856],[12.656,57.85],[12.645,57.846],[12.644,57.843],[12.63,57.836],[12.62,57.833],[12.608,57.831],[12.593,57.822],[12.6,57.81],[12.593,57.805],[12.586,57.797],[12.576,57.791],[12.558,57.785],[12.544,57.779],[12.521,57.765],[12.515,57.762],[12.498,57.767],[12.484,57.777]]]}},{"type":"Feature","properties":{"id":935567,"maakond_id":412,"name":"Tidaholms kommun","bbox":[13.719,58.008,14.151,58.28]},"geometry":{"type":"Polygon","coordinates":[[[13.79,58.056],[13.796,58.054],[13.792,58.049],[13.802,58.049],[13.805,58.056],[13.823,58.05],[13.841,58.045],[13.86,58.042],[13.865,58.041],[13.868,58.047],[13.876,58.047],[13.889,58.045],[13.898,58.044],[13.905,58.042],[13.919,58.042],[13.94,58.035],[13.943,58.035],[13.953,58.03],[13.953,58.027],[13.961,58.01],[13.963,58.008],[13.993,58.01],[14.007,58.013],[14.064,58.024],[14.059,58.025],[14.065,58.029],[14.07,58.025],[14.065,58.039],[14.107,58.064],[14.117,58.078],[14.111,58.079],[14.108,58.082],[14.111,58.087],[14.117,58.089],[14.122,58.1],[14.119,58.121],[14.129,58.146],[14.115,58.157],[14.114,58.165],[14.121,58.182],[14.114,58.2],[14.115,58.206],[14.122,58.203],[14.128,58.204],[14.133,58.208],[14.136,58.209],[14.133,58.213],[14.124,58.218],[14.125,58.224],[14.13,58.224],[14.135,58.232],[14.144,58.233],[14.139,58.237],[14.138,58.24],[14.143,58.242],[14.147,58.241],[14.151,58.245],[14.147,58.253],[14.149,58.256],[14.136,58.26],[14.136,58.258],[14.122,58.259],[14.106,58.259],[14.107,58.255],[14.104,58.251],[14.09,58.249],[14.085,58.251],[14.088,58.254],[14.083,58.256],[14.077,58.251],[14.073,58.255],[14.064,58.256],[14.063,58.259],[14.052,58.264],[14.047,58.262],[14.047,58.258],[14.027,58.259],[14.016,58.267],[14.016,58.27],[14.021,58.273],[14.024,58.277],[13.987,58.28],[13.983,58.279],[13.951,58.264],[13.956,58.261],[13.954,58.256],[13.943,58.254],[13.938,58.255],[13.941,58.263],[13.934,58.262],[13.931,58.256],[13.907,58.247],[13.895,58.248],[13.87,58.248],[13.87,58.253],[13.862,58.254],[13.862,58.252],[13.817,58.242],[13.808,58.242],[13.802,58.244],[13.783,58.24],[13.773,58.238],[13.771,58.235],[13.766,58.234],[13.762,58.231],[13.754,58.23],[13.756,58.226],[13.753,58.218],[13.757,58.217],[13.761,58.213],[13.755,58.205],[13.764,58.204],[13.78,58.207],[13.774,58.186],[13.766,58.185],[13.753,58.18],[13.746,58.178],[13.746,58.175],[13.753,58.171],[13.757,58.166],[13.726,58.149],[13.719,58.144],[13.722,58.142],[13.72,58.138],[13.736,58.131],[13.757,58.125],[13.764,58.124],[13.743,58.113],[13.749,58.109],[13.742,58.107],[13.748,58.103],[13.752,58.099],[13.755,58.098],[13.76,58.101],[13.764,58.098],[13.745,58.088],[13.755,58.085],[13.755,58.079],[13.75,58.076],[13.75,58.071],[13.767,58.066],[13.79,58.056]]]}},{"type":"Feature","properties":{"id":935568,"maakond_id":418,"name":"Timrå kommun","bbox":[16.947,62.308,18.285,62.862]},"geometry":{"type":"Polygon","coordinates":[[[18.285,62.412],[18.276,62.413],[17.8,62.471],[17.742,62.497],[17.747,62.507],[17.741,62.511],[17.718,62.527],[17.717,62.531],[17.708,62.53],[17.694,62.536],[17.692,62.541],[17.686,62.542],[17.688,62.545],[17.679,62.55],[17.672,62.56],[17.672,62.563],[17.682,62.566],[17.682,62.57],[17.679,62.574],[17.669,62.581],[17.623,62.592],[17.608,62.594],[17.574,62.611],[17.541,62.631],[17.547,62.633],[17.539,62.639],[17.529,62.639],[17.525,62.645],[17.533,62.645],[17.521,62.656],[17.517,62.657],[17.483,62.674],[17.473,62.678],[17.432,62.699],[17.422,62.71],[17.412,62.71],[17.34,62.751],[17.304,62.772],[17.26,62.8],[17.287,62.805],[17.23,62.834],[17.177,62.862],[17.164,62.856],[17.112,62.827],[17.048,62.794],[17.006,62.774],[16.975,62.758],[16.947,62.745],[16.97,62.716],[17.012,62.698],[17.066,62.674],[17.1,62.654],[17.103,62.654],[17.124,62.644],[17.121,62.642],[17.15,62.625],[17.232,62.598],[17.273,62.588],[17.269,62.562],[17.258,62.538],[17.251,62.525],[17.235,62.519],[17.228,62.519],[17.224,62.521],[17.211,62.504],[17.201,62.481],[17.201,62.473],[17.202,62.467],[17.212,62.461],[17.216,62.445],[17.239,62.445],[17.262,62.449],[17.289,62.458],[17.291,62.469],[17.296,62.471],[17.309,62.47],[17.313,62.472],[17.342,62.471],[17.356,62.473],[17.353,62.48],[17.365,62.483],[17.381,62.485],[17.392,62.485],[17.394,62.493],[17.41,62.494],[17.462,62.491],[17.479,62.489],[17.494,62.478],[17.495,62.472],[17.519,62.447],[17.501,62.44],[17.51,62.431],[17.527,62.42],[17.563,62.414],[17.6,62.42],[17.658,62.377],[18.231,62.308],[18.285,62.412]]]}},{"type":"Feature","properties":{"id":935569,"maakond_id":403,"name":"Eskilstuna kommun","bbox":[15.865,59.145,16.846,59.492]},"geometry":{"type":"Polygon","coordinates":[[[15.893,59.23],[15.987,59.254],[16.024,59.263],[16.059,59.247],[16.069,59.245],[16.074,59.246],[16.091,59.22],[16.101,59.221],[16.099,59.215],[16.103,59.209],[16.102,59.203],[16.141,59.202],[16.147,59.204],[16.152,59.202],[16.17,59.199],[16.175,59.198],[16.182,59.193],[16.186,59.187],[16.195,59.183],[16.2,59.171],[16.197,59.169],[16.202,59.166],[16.209,59.165],[16.205,59.16],[16.213,59.145],[16.226,59.152],[16.233,59.157],[16.27,59.16],[16.278,59.16],[16.294,59.161],[16.315,59.16],[16.335,59.161],[16.349,59.165],[16.36,59.173],[16.371,59.184],[16.381,59.191],[16.392,59.193],[16.416,59.194],[16.458,59.197],[16.48,59.199],[16.484,59.195],[16.49,59.2],[16.498,59.201],[16.506,59.2],[16.549,59.201],[16.595,59.202],[16.598,59.204],[16.61,59.206],[16.615,59.21],[16.622,59.211],[16.628,59.21],[16.662,59.217],[16.679,59.218],[16.707,59.218],[16.755,59.221],[16.746,59.23],[16.774,59.23],[16.794,59.232],[16.815,59.234],[16.811,59.239],[16.822,59.239],[16.828,59.237],[16.84,59.238],[16.837,59.246],[16.841,59.258],[16.837,59.264],[16.834,59.275],[16.838,59.285],[16.834,59.294],[16.838,59.297],[16.844,59.298],[16.846,59.303],[16.823,59.305],[16.834,59.308],[16.832,59.313],[16.832,59.318],[16.836,59.323],[16.831,59.324],[16.829,59.33],[16.831,59.339],[16.826,59.348],[16.825,59.357],[16.828,59.37],[16.835,59.392],[16.819,59.395],[16.83,59.404],[16.789,59.421],[16.784,59.427],[16.754,59.439],[16.748,59.443],[16.737,59.447],[16.734,59.45],[16.724,59.455],[16.717,59.457],[16.707,59.464],[16.7,59.466],[16.698,59.47],[16.702,59.488],[16.666,59.492],[16.649,59.486],[16.62,59.482],[16.589,59.479],[16.511,59.47],[16.411,59.46],[16.402,59.46],[16.386,59.467],[16.372,59.467],[16.349,59.46],[16.323,59.453],[16.316,59.452],[16.301,59.458],[16.268,59.452],[16.263,59.452],[16.254,59.452],[16.249,59.44],[16.248,59.426],[16.248,59.422],[16.245,59.416],[16.249,59.412],[16.259,59.408],[16.263,59.409],[16.27,59.406],[16.291,59.399],[16.3,59.398],[16.284,59.395],[16.28,59.393],[16.278,59.389],[16.274,59.389],[16.273,59.376],[16.271,59.368],[16.266,59.362],[16.236,59.36],[16.222,59.361],[16.21,59.36],[16.202,59.358],[16.196,59.355],[16.185,59.352],[16.176,59.352],[16.157,59.346],[16.146,59.347],[16.142,59.348],[16.135,59.348],[16.121,59.35],[16.072,59.352],[16.059,59.358],[16.062,59.36],[16.049,59.364],[16.047,59.364],[16.035,59.369],[15.996,59.36],[15.991,59.357],[15.979,59.353],[15.965,59.352],[15.954,59.349],[15.938,59.341],[15.939,59.33],[15.942,59.323],[15.939,59.322],[15.918,59.317],[15.911,59.316],[15.912,59.305],[15.903,59.296],[15.886,59.3],[15.881,59.303],[15.877,59.292],[15.878,59.284],[15.877,59.28],[15.87,59.285],[15.865,59.284],[15.867,59.279],[15.893,59.23]],[[16.815,59.301],[16.821,59.303],[16.825,59.3],[16.83,59.299],[16.829,59.295],[16.821,59.297],[16.815,59.301]]]}},{"type":"Feature","properties":{"id":935570,"maakond_id":405,"name":"Tranås kommun","bbox":[14.593,57.928,15.081,58.152]},"geometry":{"type":"Polygon","coordinates":[[[14.613,58.001],[14.623,58.001],[14.625,58],[14.622,57.992],[14.616,57.992],[14.617,57.986],[14.624,57.986],[14.63,57.984],[14.63,57.977],[14.637,57.976],[14.645,57.978],[14.648,57.976],[14.647,57.965],[14.644,57.964],[14.641,57.958],[14.647,57.953],[14.654,57.952],[14.672,57.952],[14.679,57.949],[14.686,57.948],[14.686,57.942],[14.697,57.944],[14.715,57.939],[14.715,57.941],[14.712,57.953],[14.719,57.958],[14.73,57.959],[14.731,57.956],[14.735,57.951],[14.75,57.954],[14.758,57.953],[14.759,57.948],[14.77,57.94],[14.77,57.937],[14.778,57.936],[14.779,57.932],[14.784,57.93],[14.792,57.931],[14.795,57.938],[14.794,57.944],[14.805,57.945],[14.808,57.938],[14.815,57.939],[14.82,57.942],[14.822,57.946],[14.825,57.948],[14.836,57.946],[14.841,57.942],[14.85,57.943],[14.855,57.952],[14.862,57.953],[14.87,57.952],[14.871,57.949],[14.877,57.948],[14.887,57.945],[14.903,57.946],[14.909,57.945],[14.912,57.949],[14.918,57.948],[14.927,57.95],[14.936,57.95],[14.939,57.948],[14.939,57.944],[14.944,57.937],[14.952,57.933],[14.957,57.928],[14.981,57.928],[15.005,57.933],[14.998,57.935],[14.992,57.942],[14.999,57.944],[14.998,57.948],[15.005,57.948],[15.016,57.954],[15.019,57.961],[15.014,57.972],[15.015,57.978],[15.009,57.987],[15.02,57.991],[15.036,57.988],[15.053,57.989],[15.059,57.988],[15.063,57.985],[15.071,57.987],[15.074,57.993],[15.081,57.999],[15.076,58.006],[15.073,58.016],[15.064,58.025],[15.028,58.05],[15.031,58.055],[15.039,58.057],[15.029,58.072],[15.016,58.09],[15.013,58.093],[15.011,58.098],[15.006,58.102],[15.007,58.107],[15.004,58.113],[14.995,58.122],[14.988,58.123],[14.98,58.128],[14.976,58.134],[14.984,58.142],[14.981,58.144],[14.985,58.148],[14.978,58.152],[14.955,58.145],[14.951,58.139],[14.927,58.134],[14.899,58.138],[14.892,58.138],[14.894,58.133],[14.889,58.129],[14.892,58.124],[14.9,58.12],[14.908,58.122],[14.91,58.124],[14.917,58.12],[14.912,58.116],[14.912,58.111],[14.899,58.113],[14.897,58.107],[14.887,58.099],[14.888,58.094],[14.893,58.092],[14.897,58.086],[14.89,58.085],[14.883,58.091],[14.869,58.088],[14.854,58.086],[14.85,58.088],[14.846,58.087],[14.837,58.086],[14.809,58.083],[14.802,58.086],[14.791,58.085],[14.778,58.086],[14.766,58.086],[14.766,58.095],[14.762,58.098],[14.759,58.104],[14.74,58.1],[14.734,58.101],[14.723,58.098],[14.717,58.1],[14.712,58.098],[14.705,58.099],[14.701,58.098],[14.675,58.1],[14.671,58.099],[14.658,58.101],[14.658,58.097],[14.652,58.096],[14.643,58.097],[14.634,58.096],[14.629,58.097],[14.617,58.096],[14.612,58.098],[14.602,58.099],[14.593,58.099],[14.597,58.09],[14.602,58.086],[14.604,58.081],[14.606,58.075],[14.604,58.069],[14.612,58.061],[14.617,58.058],[14.62,58.054],[14.619,58.051],[14.609,58.05],[14.606,58.046],[14.608,58.038],[14.614,58.035],[14.615,58.029],[14.62,58.024],[14.618,58.022],[14.62,58.017],[14.615,58.011],[14.616,58.006],[14.613,58.001]]]}},{"type":"Feature","properties":{"id":935571,"maakond_id":410,"name":"Eslövs kommun","bbox":[13.117,55.689,13.64,56.007]},"geometry":{"type":"Polygon","coordinates":[[[13.381,56.001],[13.366,56.003],[13.336,56.007],[13.329,55.997],[13.311,55.978],[13.31,55.975],[13.304,55.976],[13.294,55.972],[13.291,55.965],[13.283,55.963],[13.276,55.965],[13.274,55.963],[13.277,55.959],[13.268,55.953],[13.269,55.946],[13.299,55.942],[13.296,55.938],[13.276,55.923],[13.277,55.92],[13.288,55.913],[13.292,55.905],[13.298,55.904],[13.298,55.9],[13.29,55.903],[13.286,55.892],[13.268,55.894],[13.253,55.899],[13.248,55.902],[13.252,55.907],[13.249,55.911],[13.24,55.917],[13.226,55.913],[13.215,55.908],[13.208,55.902],[13.201,55.903],[13.2,55.895],[13.193,55.894],[13.187,55.891],[13.182,55.89],[13.172,55.894],[13.152,55.901],[13.149,55.899],[13.15,55.895],[13.136,55.892],[13.13,55.89],[13.127,55.887],[13.128,55.881],[13.132,55.875],[13.117,55.875],[13.121,55.871],[13.132,55.871],[13.134,55.868],[13.131,55.864],[13.134,55.862],[13.142,55.863],[13.148,55.859],[13.156,55.859],[13.159,55.85],[13.158,55.846],[13.152,55.844],[13.147,55.839],[13.146,55.83],[13.162,55.831],[13.163,55.834],[13.168,55.834],[13.175,55.839],[13.201,55.843],[13.211,55.845],[13.215,55.841],[13.211,55.833],[13.21,55.828],[13.212,55.825],[13.219,55.823],[13.218,55.815],[13.213,55.81],[13.215,55.795],[13.219,55.789],[13.215,55.786],[13.206,55.786],[13.216,55.782],[13.223,55.784],[13.23,55.781],[13.232,55.778],[13.239,55.778],[13.243,55.776],[13.252,55.778],[13.26,55.778],[13.263,55.779],[13.273,55.778],[13.285,55.778],[13.299,55.77],[13.306,55.768],[13.301,55.766],[13.287,55.751],[13.295,55.751],[13.302,55.748],[13.305,55.749],[13.316,55.753],[13.331,55.754],[13.338,55.751],[13.35,55.75],[13.354,55.751],[13.359,55.749],[13.362,55.745],[13.386,55.742],[13.393,55.744],[13.399,55.744],[13.405,55.742],[13.419,55.739],[13.419,55.737],[13.438,55.732],[13.443,55.729],[13.457,55.73],[13.462,55.729],[13.467,55.73],[13.475,55.725],[13.487,55.722],[13.49,55.723],[13.499,55.722],[13.506,55.719],[13.505,55.716],[13.512,55.712],[13.521,55.71],[13.526,55.706],[13.541,55.7],[13.565,55.696],[13.571,55.689],[13.582,55.698],[13.583,55.703],[13.594,55.712],[13.6,55.714],[13.596,55.719],[13.592,55.721],[13.59,55.728],[13.596,55.73],[13.604,55.731],[13.614,55.73],[13.611,55.735],[13.598,55.738],[13.591,55.739],[13.587,55.737],[13.565,55.738],[13.566,55.743],[13.576,55.745],[13.569,55.749],[13.568,55.752],[13.57,55.756],[13.577,55.76],[13.583,55.781],[13.598,55.783],[13.612,55.791],[13.618,55.793],[13.631,55.792],[13.638,55.794],[13.64,55.8],[13.625,55.8],[13.619,55.804],[13.611,55.804],[13.593,55.801],[13.592,55.803],[13.575,55.806],[13.561,55.808],[13.56,55.811],[13.561,55.815],[13.555,55.821],[13.545,55.82],[13.52,55.811],[13.525,55.808],[13.516,55.803],[13.509,55.794],[13.514,55.79],[13.527,55.791],[13.52,55.787],[13.523,55.784],[13.511,55.778],[13.506,55.778],[13.489,55.786],[13.486,55.783],[13.477,55.783],[13.478,55.794],[13.462,55.795],[13.462,55.799],[13.459,55.804],[13.46,55.806],[13.449,55.807],[13.448,55.814],[13.445,55.817],[13.444,55.823],[13.428,55.819],[13.422,55.826],[13.425,55.828],[13.437,55.825],[13.437,55.828],[13.441,55.834],[13.437,55.835],[13.436,55.858],[13.443,55.868],[13.426,55.873],[13.422,55.881],[13.43,55.883],[13.428,55.889],[13.435,55.891],[13.46,55.897],[13.442,55.912],[13.441,55.914],[13.442,55.919],[13.439,55.923],[13.431,55.925],[13.427,55.928],[13.41,55.931],[13.408,55.93],[13.398,55.934],[13.401,55.938],[13.4,55.943],[13.389,55.941],[13.386,55.938],[13.376,55.936],[13.378,55.941],[13.381,55.941],[13.374,55.949],[13.376,55.95],[13.385,55.963],[13.389,55.965],[13.387,55.969],[13.376,55.975],[13.389,55.991],[13.381,56.001]]]}},{"type":"Feature","properties":{"id":935572,"maakond_id":414,"name":"Hallsbergs kommun","bbox":[14.705,58.807,15.594,59.179]},"geometry":{"type":"Polygon","coordinates":[[[15.359,59.179],[15.356,59.175],[15.345,59.17],[15.35,59.168],[15.32,59.153],[15.323,59.149],[15.319,59.144],[15.309,59.143],[15.308,59.14],[15.303,59.137],[15.285,59.134],[15.298,59.131],[15.297,59.124],[15.3,59.113],[15.3,59.109],[15.286,59.109],[15.286,59.103],[15.28,59.104],[15.268,59.103],[15.278,59.086],[15.275,59.083],[15.276,59.08],[15.272,59.073],[15.268,59.071],[15.268,59.067],[15.262,59.063],[15.258,59.065],[15.251,59.082],[15.246,59.087],[15.225,59.09],[15.185,59.09],[15.181,59.088],[15.161,59.088],[15.155,59.081],[15.137,59.072],[15.123,59.075],[15.126,59.083],[15.122,59.084],[15.104,59.079],[15.097,59.081],[15.098,59.083],[15.081,59.085],[15.075,59.084],[15.075,59.082],[15.07,59.076],[15.064,59.077],[15.061,59.068],[15.048,59.068],[15.034,59.065],[15.029,59.061],[15.029,59.056],[15.032,59.054],[15.04,59.056],[15.04,59.052],[15.018,59.047],[15.017,59.048],[15.006,59.051],[15.004,59.053],[14.998,59.054],[14.995,59.056],[14.988,59.057],[14.984,59.063],[14.984,59.068],[14.991,59.072],[14.979,59.078],[14.969,59.077],[14.963,59.078],[14.946,59.076],[14.937,59.073],[14.928,59.075],[14.918,59.075],[14.923,59.085],[14.906,59.088],[14.894,59.086],[14.881,59.085],[14.87,59.085],[14.854,59.081],[14.848,59.082],[14.836,59.083],[14.831,59.08],[14.823,59.08],[14.823,59.077],[14.809,59.077],[14.808,59.074],[14.802,59.074],[14.803,59.071],[14.802,59.065],[14.79,59.064],[14.783,59.061],[14.779,59.053],[14.73,59.034],[14.713,59.029],[14.725,59.023],[14.722,59.014],[14.727,59.01],[14.74,59.011],[14.742,59.014],[14.749,59.012],[14.744,59.009],[14.742,59.004],[14.749,58.997],[14.717,58.993],[14.712,58.985],[14.705,58.981],[14.717,58.975],[14.726,58.975],[14.759,58.979],[14.762,58.984],[14.767,58.984],[14.774,58.98],[14.777,58.981],[14.8,58.983],[14.809,58.983],[14.814,58.984],[14.833,58.987],[14.848,58.99],[14.85,58.988],[14.861,58.991],[14.872,59.001],[14.873,59.006],[14.886,59.011],[14.89,59.009],[14.895,59.011],[14.904,59.01],[14.913,59.006],[14.924,59.006],[14.94,59.003],[14.956,59.002],[14.959,59.002],[14.96,59.01],[14.971,59.011],[14.997,59.018],[15.003,59.016],[15.035,59.024],[15.043,59.026],[15.05,59.025],[15.092,59.022],[15.096,59.015],[15.093,59.003],[15.164,59],[15.168,58.993],[15.168,58.983],[15.163,58.976],[15.174,58.974],[15.186,58.974],[15.203,58.979],[15.218,58.979],[15.233,58.969],[15.252,58.957],[15.258,58.957],[15.262,58.947],[15.285,58.95],[15.287,58.949],[15.292,58.94],[15.307,58.93],[15.312,58.929],[15.315,58.924],[15.324,58.919],[15.333,58.918],[15.335,58.914],[15.332,58.904],[15.325,58.903],[15.323,58.895],[15.336,58.885],[15.339,58.872],[15.344,58.869],[15.34,58.866],[15.344,58.841],[15.348,58.829],[15.381,58.847],[15.403,58.842],[15.405,58.838],[15.411,58.832],[15.406,58.828],[15.414,58.822],[15.414,58.814],[15.414,58.807],[15.429,58.815],[15.425,58.818],[15.425,58.822],[15.431,58.823],[15.454,58.821],[15.454,58.825],[15.451,58.833],[15.451,58.84],[15.445,58.85],[15.446,58.854],[15.441,58.864],[15.469,58.864],[15.475,58.862],[15.492,58.866],[15.508,58.864],[15.531,58.865],[15.537,58.867],[15.539,58.869],[15.545,58.872],[15.554,58.87],[15.56,58.887],[15.563,58.894],[15.578,58.895],[15.586,58.897],[15.594,58.906],[15.592,58.912],[15.584,58.919],[15.572,58.927],[15.558,58.941],[15.555,58.956],[15.547,58.97],[15.543,58.973],[15.518,58.983],[15.499,58.988],[15.49,58.992],[15.479,58.998],[15.476,59.002],[15.46,59.002],[15.436,59.017],[15.464,59.018],[15.471,59.03],[15.471,59.035],[15.463,59.042],[15.459,59.061],[15.467,59.064],[15.469,59.067],[15.461,59.074],[15.467,59.08],[15.452,59.089],[15.45,59.094],[15.432,59.101],[15.424,59.104],[15.426,59.109],[15.416,59.115],[15.405,59.127],[15.407,59.134],[15.403,59.138],[15.406,59.139],[15.405,59.146],[15.398,59.147],[15.389,59.149],[15.379,59.155],[15.373,59.154],[15.361,59.172],[15.359,59.179]]]}},{"type":"Feature","properties":{"id":935573,"maakond_id":421,"name":"Pajala kommun","bbox":[21.845,66.658,23.889,68.154]},"geometry":{"type":"MultiPolygon","coordinates":[[[[21.962,67.356],[21.859,67.281],[21.845,67.271],[21.912,67.205],[21.984,67.135],[22.035,67.084],[22.067,67.052],[22.144,66.974],[22.199,66.919],[22.178,66.895],[22.134,66.843],[22.389,66.792],[22.417,66.794],[22.42,66.808],[22.427,66.809],[22.47,66.776],[22.662,66.736],[22.714,66.724],[22.786,66.708],[22.77,66.718],[22.787,66.722],[22.81,66.703],[22.918,66.678],[22.933,66.66],[22.946,66.662],[22.936,66.674],[23,66.659],[23.028,66.661],[23.032,66.658],[23.046,66.662],[23.168,66.67],[23.167,66.673],[23.175,66.674],[23.176,66.671],[23.205,66.673],[23.181,66.699],[23.188,66.7],[23.218,66.674],[23.42,66.686],[23.384,66.748],[23.334,66.834],[23.313,66.869],[23.286,66.916],[23.253,66.974],[23.373,66.961],[23.463,66.952],[23.474,66.936],[23.485,66.936],[23.474,66.951],[23.691,66.929],[23.889,66.907],[23.864,66.919],[23.863,66.928],[23.868,66.936],[23.864,66.937],[23.86,66.946],[23.863,66.949],[23.862,66.954],[23.845,66.96],[23.834,66.96],[23.827,66.963],[23.826,66.968],[23.818,66.973],[23.818,66.979],[23.809,66.979],[23.8,66.983],[23.801,66.989],[23.793,66.994],[23.786,66.997],[23.769,67.001],[23.758,67.007],[23.754,67.01],[23.737,67.019],[23.728,67.03],[23.716,67.037],[23.711,67.045],[23.704,67.045],[23.697,67.053],[23.685,67.058],[23.671,67.067],[23.663,67.078],[23.667,67.084],[23.658,67.1],[23.654,67.104],[23.637,67.11],[23.629,67.115],[23.624,67.12],[23.621,67.126],[23.609,67.131],[23.605,67.135],[23.596,67.139],[23.583,67.151],[23.579,67.152],[23.569,67.159],[23.557,67.166],[23.551,67.171],[23.556,67.176],[23.559,67.181],[23.571,67.186],[23.58,67.188],[23.588,67.191],[23.585,67.199],[23.595,67.206],[23.593,67.21],[23.583,67.213],[23.571,67.22],[23.561,67.224],[23.548,67.224],[23.548,67.228],[23.561,67.235],[23.562,67.238],[23.556,67.243],[23.553,67.249],[23.564,67.25],[23.569,67.253],[23.561,67.261],[23.578,67.269],[23.591,67.271],[23.611,67.274],[23.619,67.272],[23.633,67.273],[23.646,67.278],[23.671,67.28],[23.676,67.282],[23.693,67.284],[23.716,67.282],[23.723,67.283],[23.724,67.286],[23.73,67.289],[23.735,67.294],[23.737,67.299],[23.749,67.316],[23.749,67.321],[23.757,67.324],[23.755,67.328],[23.772,67.335],[23.775,67.339],[23.764,67.345],[23.757,67.349],[23.741,67.349],[23.738,67.353],[23.741,67.356],[23.734,67.362],[23.73,67.369],[23.734,67.379],[23.717,67.385],[23.719,67.391],[23.731,67.395],[23.735,67.398],[23.753,67.409],[23.751,67.418],[23.756,67.424],[23.765,67.428],[23.759,67.434],[23.754,67.436],[23.738,67.438],[23.722,67.443],[23.71,67.446],[23.697,67.445],[23.682,67.442],[23.666,67.443],[23.657,67.447],[23.645,67.447],[23.618,67.452],[23.603,67.454],[23.591,67.453],[23.579,67.454],[23.563,67.459],[23.543,67.461],[23.534,67.46],[23.518,67.453],[23.516,67.449],[23.51,67.446],[23.498,67.446],[23.484,67.45],[23.464,67.453],[23.456,67.455],[23.446,67.459],[23.441,67.46],[23.43,67.464],[23.413,67.466],[23.407,67.47],[23.404,67.479],[23.394,67.485],[23.398,67.492],[23.406,67.496],[23.404,67.5],[23.409,67.502],[23.423,67.504],[23.436,67.51],[23.435,67.517],[23.454,67.525],[23.476,67.53],[23.477,67.535],[23.484,67.538],[23.484,67.541],[23.477,67.546],[23.465,67.55],[23.456,67.562],[23.468,67.566],[23.492,67.566],[23.503,67.563],[23.509,67.564],[23.526,67.573],[23.528,67.576],[23.539,67.579],[23.544,67.583],[23.542,67.598],[23.538,67.603],[23.546,67.613],[23.559,67.621],[23.553,67.623],[23.542,67.623],[23.539,67.626],[23.541,67.63],[23.533,67.638],[23.514,67.647],[23.507,67.653],[23.492,67.664],[23.492,67.669],[23.497,67.673],[23.498,67.68],[23.496,67.685],[23.49,67.688],[23.492,67.696],[23.479,67.7],[23.477,67.703],[23.483,67.706],[23.484,67.712],[23.477,67.717],[23.479,67.724],[23.487,67.73],[23.475,67.739],[23.477,67.741],[23.486,67.746],[23.492,67.755],[23.489,67.761],[23.492,67.764],[23.484,67.773],[23.484,67.778],[23.493,67.784],[23.493,67.793],[23.483,67.798],[23.479,67.801],[23.472,67.818],[23.473,67.82],[23.482,67.826],[23.48,67.838],[23.478,67.842],[23.486,67.845],[23.49,67.849],[23.491,67.857],[23.494,67.864],[23.506,67.871],[23.507,67.879],[23.521,67.886],[23.54,67.89],[23.554,67.898],[23.572,67.893],[23.578,67.893],[23.587,67.895],[23.592,67.901],[23.596,67.903],[23.609,67.907],[23.621,67.908],[23.643,67.917],[23.646,67.921],[23.645,67.927],[23.656,67.937],[23.665,67.941],[23.659,67.948],[23.65,67.952],[23.652,67.959],[23.648,67.962],[23.637,67.966],[23.604,67.972],[23.591,67.972],[23.582,67.971],[23.573,67.973],[23.55,67.984],[23.54,67.991],[23.535,67.999],[23.537,68.004],[23.534,68.006],[23.506,68.011],[23.5,68.013],[23.479,68.016],[23.466,68.021],[23.463,68.026],[23.466,68.03],[23.444,68.037],[23.43,68.038],[23.418,68.041],[23.411,68.041],[23.398,68.044],[23.389,68.048],[23.385,68.051],[23.387,68.056],[23.373,68.06],[23.37,68.063],[23.373,68.068],[23.367,68.072],[23.361,68.08],[23.361,68.085],[23.354,68.09],[23.337,68.1],[23.336,68.108],[23.332,68.113],[23.325,68.117],[23.33,68.123],[23.321,68.129],[23.32,68.137],[23.313,68.143],[23.305,68.146],[23.308,68.148],[23.302,68.15],[23.291,68.15],[23.286,68.154],[23.191,68.092],[23.116,68.042],[22.975,67.948],[22.888,67.889],[22.813,67.839],[22.593,67.78],[22.465,67.746],[22.391,67.694],[22.325,67.647],[22.342,67.643],[22.333,67.637],[22.316,67.64],[22.226,67.575],[22.215,67.578],[22.21,67.574],[22.221,67.572],[22.195,67.554],[22.135,67.498],[22.059,67.426],[21.994,67.379],[22,67.375],[21.993,67.374],[21.992,67.378],[21.962,67.356]],[[22.739,66.732],[22.751,66.734],[22.758,66.721],[22.751,66.72],[22.739,66.732]],[[22.95,66.68],[22.944,66.686],[22.954,66.687],[22.96,66.681],[22.95,66.68]],[[22.941,66.689],[22.935,66.695],[22.946,66.696],[22.95,66.691],[22.941,66.689]],[[22.182,66.95],[22.195,66.944],[22.19,66.942],[22.182,66.95]],[[22.146,67.45],[22.164,67.451],[22.164,67.449],[22.147,67.448],[22.146,67.45]]],[[[23.864,66.876],[23.843,66.905],[23.81,66.909],[23.806,66.907],[23.839,66.894],[23.844,66.875],[23.864,66.876]]],[[[23.428,66.807],[23.446,66.798],[23.455,66.799],[23.447,66.804],[23.431,66.808],[23.428,66.807]]],[[[23.396,66.943],[23.374,66.943],[23.393,66.934],[23.396,66.943]]],[[[23.366,66.927],[23.371,66.919],[23.38,66.919],[23.374,66.927],[23.366,66.927]]],[[[23.462,66.916],[23.47,66.918],[23.454,66.922],[23.449,66.919],[23.462,66.916]]],[[[23.413,66.926],[23.425,66.924],[23.428,66.926],[23.415,66.928],[23.413,66.926]]]]}},{"type":"Feature","properties":{"id":935574,"maakond_id":421,"name":"Älvsbyns kommun","bbox":[20.108,65.51,21.358,66.015]},"geometry":{"type":"Polygon","coordinates":[[[20.362,66.015],[20.33,65.992],[20.297,65.97],[20.228,65.924],[20.205,65.909],[20.159,65.88],[20.108,65.847],[20.134,65.781],[20.154,65.729],[20.185,65.649],[20.206,65.594],[20.249,65.596],[20.256,65.597],[20.288,65.603],[20.292,65.626],[20.299,65.625],[20.3,65.622],[20.322,65.604],[20.335,65.601],[20.352,65.599],[20.351,65.596],[20.377,65.596],[20.393,65.592],[20.403,65.597],[20.459,65.612],[20.49,65.6],[20.525,65.628],[20.609,65.599],[20.619,65.591],[20.639,65.584],[20.659,65.583],[20.704,65.576],[20.693,65.57],[20.74,65.554],[20.758,65.56],[20.765,65.553],[20.883,65.535],[20.879,65.533],[20.911,65.521],[20.937,65.515],[20.945,65.511],[20.969,65.532],[20.979,65.524],[20.986,65.523],[20.986,65.518],[20.995,65.51],[21.011,65.516],[21.059,65.524],[21.053,65.529],[21.078,65.536],[21.096,65.553],[21.121,65.536],[21.124,65.55],[21.161,65.562],[21.184,65.557],[21.188,65.558],[21.177,65.566],[21.189,65.569],[21.144,65.6],[21.232,65.624],[21.358,65.658],[21.336,65.672],[21.323,65.679],[21.207,65.736],[21.135,65.767],[21.044,65.806],[20.99,65.827],[20.9,65.86],[20.83,65.882],[20.767,65.902],[20.702,65.922],[20.668,65.931],[20.566,65.96],[20.449,65.992],[20.362,66.015]]]}},{"type":"Feature","properties":{"id":935575,"maakond_id":407,"name":"Mönsterås kommun","bbox":[16.12,56.877,16.764,57.245]},"geometry":{"type":"Polygon","coordinates":[[[16.764,57.166],[16.579,57.151],[16.572,57.147],[16.539,57.131],[16.505,57.13],[16.499,57.13],[16.494,57.128],[16.485,57.127],[16.482,57.126],[16.474,57.125],[16.466,57.13],[16.465,57.135],[16.458,57.142],[16.453,57.141],[16.447,57.145],[16.446,57.148],[16.441,57.15],[16.434,57.159],[16.436,57.164],[16.43,57.164],[16.429,57.168],[16.425,57.171],[16.416,57.173],[16.411,57.173],[16.404,57.182],[16.403,57.185],[16.396,57.184],[16.376,57.185],[16.367,57.186],[16.346,57.191],[16.359,57.197],[16.348,57.204],[16.348,57.212],[16.342,57.221],[16.328,57.223],[16.328,57.225],[16.319,57.231],[16.326,57.235],[16.323,57.24],[16.303,57.245],[16.282,57.245],[16.265,57.24],[16.26,57.231],[16.235,57.232],[16.196,57.225],[16.166,57.233],[16.161,57.222],[16.165,57.217],[16.15,57.196],[16.149,57.182],[16.152,57.177],[16.149,57.176],[16.157,57.172],[16.167,57.168],[16.156,57.16],[16.148,57.141],[16.133,57.138],[16.137,57.133],[16.13,57.128],[16.142,57.127],[16.146,57.13],[16.152,57.13],[16.148,57.123],[16.139,57.123],[16.126,57.122],[16.12,57.115],[16.136,57.113],[16.142,57.106],[16.15,57.105],[16.16,57.107],[16.168,57.102],[16.17,57.095],[16.175,57.094],[16.176,57.091],[16.19,57.085],[16.214,57.069],[16.224,57.064],[16.23,57.053],[16.237,57.05],[16.249,57.048],[16.243,57.045],[16.25,57.04],[16.254,57.044],[16.259,57.044],[16.264,57.04],[16.275,57.039],[16.265,57.036],[16.258,57.041],[16.256,57.036],[16.258,57.035],[16.247,57.028],[16.257,57.014],[16.25,57.001],[16.249,56.99],[16.255,56.988],[16.262,56.987],[16.257,56.983],[16.24,56.985],[16.236,56.984],[16.256,56.98],[16.251,56.973],[16.246,56.97],[16.24,56.971],[16.242,56.975],[16.237,56.977],[16.223,56.978],[16.22,56.977],[16.179,56.979],[16.191,56.969],[16.212,56.965],[16.22,56.956],[16.222,56.951],[16.221,56.942],[16.225,56.937],[16.232,56.932],[16.237,56.932],[16.255,56.927],[16.275,56.919],[16.28,56.915],[16.288,56.912],[16.31,56.908],[16.318,56.905],[16.323,56.907],[16.33,56.905],[16.335,56.901],[16.35,56.894],[16.352,56.888],[16.361,56.89],[16.364,56.892],[16.375,56.893],[16.386,56.891],[16.389,56.893],[16.397,56.894],[16.402,56.891],[16.404,56.886],[16.416,56.883],[16.421,56.887],[16.431,56.886],[16.433,56.888],[16.443,56.891],[16.451,56.891],[16.465,56.888],[16.556,56.877],[16.6,56.923],[16.705,57.021],[16.762,57.112],[16.764,57.166]]]}},{"type":"Feature","properties":{"id":935576,"maakond_id":420,"name":"Skellefteå kommun","bbox":[19.347,64.11,22.081,65.381]},"geometry":{"type":"MultiPolygon","coordinates":[[[[19.347,64.746],[19.383,64.727],[19.386,64.717],[19.392,64.7],[19.408,64.694],[19.396,64.689],[19.505,64.638],[19.57,64.631],[19.662,64.622],[19.711,64.598],[19.748,64.587],[19.751,64.583],[19.788,64.569],[19.776,64.562],[19.789,64.553],[19.808,64.544],[19.791,64.533],[19.859,64.504],[19.879,64.512],[19.946,64.478],[19.941,64.475],[19.992,64.449],[19.997,64.452],[20.017,64.442],[20.04,64.455],[20.07,64.44],[20.073,64.423],[20.082,64.421],[20.083,64.415],[20.07,64.414],[20.084,64.407],[20.089,64.402],[20.106,64.392],[20.109,64.394],[20.193,64.372],[20.189,64.369],[20.201,64.364],[20.209,64.354],[20.23,64.341],[20.246,64.337],[20.309,64.318],[20.308,64.328],[20.357,64.326],[20.432,64.321],[20.438,64.314],[20.467,64.312],[20.488,64.319],[20.492,64.312],[20.502,64.31],[20.514,64.305],[20.517,64.301],[20.529,64.299],[20.489,64.319],[20.49,64.322],[20.537,64.318],[20.535,64.316],[20.574,64.312],[20.593,64.299],[20.6,64.301],[20.57,64.318],[20.615,64.33],[20.606,64.333],[20.61,64.335],[20.621,64.332],[20.655,64.341],[20.667,64.345],[20.675,64.34],[20.704,64.348],[20.679,64.361],[20.712,64.39],[20.748,64.392],[20.75,64.419],[20.776,64.415],[20.789,64.416],[20.794,64.429],[20.825,64.424],[20.854,64.439],[20.882,64.44],[20.916,64.43],[20.991,64.394],[21.004,64.382],[21.02,64.36],[21.057,64.348],[21.065,64.335],[21.149,64.359],[21.17,64.339],[21.182,64.327],[21.188,64.318],[21.185,64.3],[21.214,64.275],[21.223,64.268],[21.28,64.269],[21.653,64.11],[21.845,64.196],[21.861,64.204],[21.882,64.215],[21.891,64.22],[21.909,64.232],[21.924,64.244],[21.935,64.254],[22.035,64.35],[22.047,64.363],[22.057,64.376],[22.065,64.389],[22.071,64.403],[22.074,64.413],[22.079,64.436],[22.081,64.457],[22.079,64.471],[22.075,64.485],[22.069,64.499],[22.061,64.512],[22.024,64.56],[21.96,64.643],[21.949,64.658],[21.94,64.669],[21.87,64.765],[21.817,64.836],[21.906,64.89],[21.945,64.902],[21.944,64.903],[21.556,65.06],[21.544,65.063],[21.488,65.086],[21.319,65.136],[21.266,65.163],[21.23,65.169],[21.199,65.172],[21.107,65.181],[20.959,65.195],[20.806,65.209],[20.726,65.224],[20.599,65.248],[20.421,65.284],[20.344,65.3],[20.209,65.326],[20.11,65.346],[20.088,65.349],[19.895,65.381],[19.774,65.303],[19.704,65.26],[19.712,65.257],[19.703,65.252],[19.696,65.255],[19.608,65.199],[19.59,65.194],[19.657,65.151],[19.671,65.153],[19.682,65.148],[19.684,65.146],[19.693,65.142],[19.702,65.133],[19.699,65.131],[19.683,65.128],[19.688,65.127],[19.785,65.067],[19.823,65.031],[19.887,65.015],[19.98,64.991],[20.045,64.965],[20.099,64.942],[20.062,64.924],[20.084,64.916],[20.096,64.91],[20.111,64.907],[20.125,64.897],[20.136,64.892],[20.148,64.891],[20.15,64.885],[20.157,64.881],[20.153,64.876],[20.156,64.873],[20.216,64.858],[20.2,64.851],[20.202,64.843],[20.218,64.834],[20.217,64.833],[20.173,64.84],[20.144,64.828],[20.13,64.837],[20.107,64.828],[20.106,64.825],[20.124,64.823],[20.145,64.819],[20.13,64.79],[20.101,64.794],[20.076,64.767],[20.036,64.75],[20.034,64.739],[20.059,64.728],[20.043,64.723],[20.106,64.689],[20.115,64.672],[19.984,64.667],[19.956,64.683],[19.959,64.684],[19.951,64.692],[19.941,64.69],[19.897,64.714],[19.815,64.759],[19.675,64.756],[19.631,64.755],[19.501,64.776],[19.473,64.78],[19.438,64.751],[19.423,64.754],[19.413,64.753],[19.412,64.751],[19.347,64.746]]],[[[19.868,64.479],[19.909,64.465],[19.933,64.467],[19.907,64.482],[19.895,64.492],[19.866,64.494],[19.856,64.482],[19.868,64.479]]],[[[20.01,65.368],[20.028,65.361],[20.037,65.368],[20,65.373],[19.997,65.37],[20.01,65.368]]]]}},{"type":"Feature","properties":{"id":935577,"maakond_id":419,"name":"Östersunds kommun","bbox":[14.265,62.667,15.556,63.595]},"geometry":{"type":"MultiPolygon","coordinates":[[[[15.318,63.144],[15.302,63.172],[15.294,63.174],[15.293,63.18],[15.304,63.183],[15.309,63.187],[15.303,63.191],[15.232,63.187],[15.221,63.241],[15.222,63.243],[15.235,63.241],[15.255,63.236],[15.259,63.237],[15.271,63.237],[15.314,63.262],[15.306,63.264],[15.365,63.303],[15.368,63.298],[15.383,63.301],[15.389,63.3],[15.399,63.293],[15.427,63.285],[15.432,63.282],[15.438,63.277],[15.446,63.268],[15.456,63.259],[15.463,63.258],[15.47,63.259],[15.556,63.309],[15.504,63.326],[15.495,63.363],[15.437,63.347],[15.391,63.363],[15.356,63.386],[15.342,63.399],[15.285,63.424],[15.239,63.444],[15.176,63.459],[15.171,63.461],[15.154,63.467],[15.121,63.479],[15.078,63.468],[15.039,63.487],[15.086,63.516],[15.087,63.518],[15.073,63.521],[15.055,63.527],[15.05,63.534],[15.039,63.538],[15.04,63.539],[15.029,63.543],[15.028,63.546],[15.021,63.549],[15.021,63.554],[15.025,63.554],[15,63.571],[14.987,63.579],[14.982,63.58],[14.944,63.595],[14.864,63.571],[14.783,63.593],[14.764,63.557],[14.773,63.558],[14.763,63.539],[14.75,63.545],[14.746,63.544],[14.741,63.55],[14.712,63.538],[14.69,63.568],[14.595,63.565],[14.538,63.589],[14.531,63.585],[14.545,63.558],[14.578,63.549],[14.572,63.543],[14.58,63.54],[14.579,63.521],[14.592,63.509],[14.557,63.504],[14.548,63.499],[14.569,63.492],[14.586,63.488],[14.579,63.484],[14.529,63.463],[14.498,63.45],[14.509,63.444],[14.523,63.44],[14.526,63.436],[14.536,63.432],[14.545,63.425],[14.547,63.421],[14.566,63.413],[14.574,63.406],[14.579,63.405],[14.585,63.4],[14.587,63.391],[14.598,63.388],[14.615,63.382],[14.621,63.375],[14.627,63.373],[14.634,63.366],[14.649,63.359],[14.643,63.343],[14.638,63.321],[14.632,63.317],[14.641,63.313],[14.657,63.311],[14.665,63.312],[14.674,63.309],[14.691,63.306],[14.693,63.305],[14.715,63.306],[14.719,63.306],[14.733,63.312],[14.736,63.311],[14.736,63.293],[14.729,63.29],[14.722,63.283],[14.729,63.28],[14.727,63.278],[14.731,63.266],[14.717,63.253],[14.728,63.245],[14.728,63.241],[14.736,63.235],[14.735,63.232],[14.748,63.225],[14.709,63.222],[14.678,63.223],[14.667,63.221],[14.665,63.223],[14.655,63.221],[14.652,63.226],[14.622,63.223],[14.6,63.209],[14.584,63.215],[14.57,63.218],[14.549,63.222],[14.523,63.228],[14.515,63.232],[14.489,63.228],[14.477,63.222],[14.464,63.221],[14.431,63.219],[14.406,63.216],[14.388,63.222],[14.313,63.231],[14.272,63.225],[14.3,63.212],[14.265,63.164],[14.287,63.149],[14.302,63.144],[14.31,63.142],[14.318,63.138],[14.328,63.13],[14.343,63.125],[14.357,63.121],[14.378,63.119],[14.396,63.112],[14.397,63.103],[14.406,63.09],[14.406,63.078],[14.405,63.069],[14.413,63.056],[14.438,63.03],[14.448,63.015],[14.463,63.017],[14.478,63.016],[14.488,63.018],[14.497,63.012],[14.497,63.011],[14.519,63.008],[14.52,63.011],[14.542,63.01],[14.533,62.968],[14.538,62.954],[14.549,62.954],[14.557,62.951],[14.595,62.944],[14.603,62.919],[14.597,62.916],[14.598,62.911],[14.602,62.908],[14.609,62.906],[14.637,62.907],[14.668,62.909],[14.687,62.908],[14.694,62.896],[14.781,62.892],[14.773,62.913],[14.794,62.933],[14.855,62.926],[14.89,62.923],[14.922,62.905],[14.969,62.92],[14.988,62.931],[14.998,62.936],[15.001,62.94],[14.983,62.941],[14.972,62.946],[14.963,62.952],[14.971,62.956],[14.972,62.959],[14.981,62.964],[14.985,62.971],[14.993,62.969],[15.003,62.967],[15.005,62.964],[15.012,62.962],[15.02,62.967],[15.031,62.97],[15.039,62.976],[15.046,62.985],[15.053,62.989],[15.05,62.997],[15.038,63.013],[15.031,63.017],[15.017,63.032],[15.009,63.042],[15.035,63.058],[15.043,63.064],[15.082,63.062],[15.116,63.057],[15.131,63.085],[15.129,63.091],[15.1,63.148],[15.105,63.147],[15.123,63.147],[15.14,63.142],[15.147,63.142],[15.149,63.147],[15.154,63.148],[15.172,63.146],[15.184,63.135],[15.227,63.117],[15.247,63.101],[15.259,63.098],[15.301,63.132],[15.318,63.144]]],[[[14.79,62.74],[14.769,62.748],[14.764,62.745],[14.753,62.747],[14.738,62.763],[14.674,62.765],[14.669,62.769],[14.66,62.772],[14.649,62.764],[14.636,62.761],[14.638,62.753],[14.649,62.726],[14.665,62.728],[14.703,62.738],[14.751,62.728],[14.767,62.736],[14.79,62.74]]],[[[14.76,62.691],[14.757,62.696],[14.74,62.704],[14.736,62.708],[14.71,62.703],[14.696,62.702],[14.71,62.693],[14.732,62.671],[14.736,62.667],[14.747,62.669],[14.756,62.667],[14.759,62.69],[14.76,62.691]]],[[[14.709,62.885],[14.729,62.886],[14.729,62.889],[14.708,62.887],[14.709,62.885]]]]}},{"type":"Feature","properties":{"id":935578,"maakond_id":406,"name":"Tingsryds kommun","bbox":[14.578,56.359,15.392,56.721]},"geometry":{"type":"Polygon","coordinates":[[[15.365,56.482],[15.342,56.484],[15.337,56.489],[15.342,56.494],[15.341,56.499],[15.349,56.504],[15.346,56.506],[15.348,56.514],[15.354,56.515],[15.353,56.522],[15.357,56.526],[15.35,56.533],[15.357,56.535],[15.36,56.54],[15.356,56.548],[15.36,56.549],[15.357,56.553],[15.365,56.555],[15.357,56.56],[15.359,56.566],[15.367,56.567],[15.371,56.554],[15.382,56.552],[15.379,56.561],[15.381,56.565],[15.387,56.57],[15.388,56.578],[15.392,56.583],[15.385,56.59],[15.375,56.592],[15.367,56.602],[15.362,56.602],[15.356,56.604],[15.349,56.603],[15.342,56.605],[15.339,56.611],[15.323,56.622],[15.313,56.626],[15.312,56.629],[15.305,56.635],[15.307,56.637],[15.319,56.641],[15.32,56.639],[15.337,56.645],[15.33,56.648],[15.326,56.655],[15.321,56.656],[15.32,56.661],[15.311,56.664],[15.309,56.667],[15.301,56.671],[15.297,56.671],[15.294,56.675],[15.284,56.678],[15.266,56.68],[15.25,56.688],[15.241,56.691],[15.23,56.703],[15.228,56.71],[15.22,56.715],[15.213,56.721],[15.196,56.718],[15.194,56.712],[15.187,56.698],[15.182,56.697],[15.172,56.7],[15.165,56.701],[15.16,56.699],[15.144,56.701],[15.141,56.704],[15.132,56.702],[15.118,56.696],[15.118,56.694],[15.092,56.688],[15.096,56.685],[15.099,56.678],[15.106,56.678],[15.109,56.672],[15.106,56.669],[15.105,56.658],[15.103,56.656],[15.094,56.655],[15.094,56.65],[15.101,56.648],[15.101,56.641],[15.104,56.64],[15.1,56.634],[15.101,56.631],[15.097,56.628],[15.102,56.614],[15.097,56.612],[15.086,56.612],[15.074,56.611],[15.069,56.611],[15.058,56.608],[15.056,56.616],[15.057,56.62],[15.045,56.626],[15.044,56.631],[15.036,56.632],[15.03,56.636],[15.03,56.641],[15.022,56.641],[15.015,56.641],[15.014,56.643],[15.005,56.643],[14.995,56.648],[14.993,56.651],[14.996,56.652],[14.991,56.66],[14.988,56.66],[14.981,56.667],[14.977,56.675],[14.971,56.677],[14.965,56.69],[14.95,56.686],[14.923,56.675],[14.907,56.67],[14.902,56.673],[14.891,56.676],[14.879,56.677],[14.879,56.673],[14.872,56.671],[14.86,56.663],[14.857,56.662],[14.855,56.656],[14.856,56.649],[14.843,56.644],[14.816,56.629],[14.801,56.629],[14.77,56.634],[14.75,56.64],[14.726,56.63],[14.72,56.631],[14.717,56.633],[14.712,56.633],[14.71,56.638],[14.704,56.642],[14.695,56.645],[14.694,56.649],[14.687,56.649],[14.684,56.647],[14.686,56.644],[14.675,56.638],[14.675,56.629],[14.669,56.625],[14.664,56.627],[14.647,56.628],[14.636,56.625],[14.648,56.613],[14.654,56.608],[14.66,56.601],[14.662,56.59],[14.657,56.588],[14.657,56.577],[14.652,56.563],[14.642,56.556],[14.638,56.552],[14.637,56.541],[14.634,56.537],[14.628,56.534],[14.622,56.537],[14.579,56.539],[14.583,56.532],[14.59,56.53],[14.59,56.521],[14.597,56.513],[14.578,56.504],[14.595,56.495],[14.606,56.491],[14.603,56.487],[14.603,56.482],[14.595,56.471],[14.589,56.46],[14.586,56.457],[14.58,56.444],[14.597,56.444],[14.615,56.438],[14.619,56.429],[14.625,56.42],[14.629,56.42],[14.634,56.417],[14.638,56.413],[14.65,56.407],[14.649,56.404],[14.664,56.401],[14.668,56.399],[14.673,56.39],[14.679,56.387],[14.703,56.385],[14.716,56.384],[14.718,56.382],[14.734,56.384],[14.755,56.38],[14.758,56.383],[14.779,56.382],[14.788,56.379],[14.8,56.376],[14.801,56.373],[14.815,56.373],[14.836,56.367],[14.856,56.363],[14.86,56.359],[14.871,56.361],[14.89,56.363],[14.899,56.363],[14.904,56.361],[14.911,56.366],[14.931,56.384],[14.94,56.387],[14.943,56.391],[14.951,56.393],[14.972,56.409],[14.978,56.428],[14.979,56.434],[14.989,56.437],[14.989,56.441],[14.994,56.442],[15.001,56.446],[15.009,56.446],[15.014,56.449],[15.024,56.451],[15.033,56.451],[15.05,56.438],[15.053,56.441],[15.05,56.452],[15.061,56.453],[15.069,56.452],[15.086,56.452],[15.086,56.454],[15.097,56.455],[15.1,56.453],[15.11,56.453],[15.123,56.455],[15.131,56.454],[15.135,56.445],[15.147,56.436],[15.159,56.434],[15.18,56.428],[15.194,56.429],[15.205,56.436],[15.207,56.435],[15.214,56.44],[15.214,56.446],[15.22,56.451],[15.217,56.454],[15.208,56.457],[15.209,56.459],[15.233,56.463],[15.249,56.464],[15.251,56.467],[15.257,56.468],[15.264,56.471],[15.267,56.467],[15.282,56.464],[15.281,56.46],[15.287,56.457],[15.293,56.457],[15.299,56.456],[15.307,56.458],[15.314,56.458],[15.317,56.456],[15.325,56.457],[15.325,56.46],[15.341,56.469],[15.365,56.482]]]}},{"type":"Feature","properties":{"id":935579,"maakond_id":421,"name":"Haparanda kommun","bbox":[23.332,65.356,24.178,66.168]},"geometry":{"type":"Polygon","coordinates":[[[23.858,65.356],[23.912,65.365],[23.977,65.409],[24.061,65.467],[24.133,65.515],[24.136,65.53],[24.162,65.619],[24.178,65.66],[24.165,65.695],[24.172,65.725],[24.132,65.772],[24.128,65.778],[24.128,65.785],[24.134,65.797],[24.143,65.803],[24.155,65.816],[24.149,65.832],[24.145,65.841],[24.139,65.846],[24.125,65.851],[24.126,65.858],[24.132,65.863],[24.144,65.862],[24.153,65.863],[24.139,65.877],[24.133,65.888],[24.118,65.895],[24.115,65.9],[24.115,65.905],[24.11,65.913],[24.115,65.918],[24.118,65.926],[24.112,65.931],[24.106,65.931],[24.098,65.93],[24.088,65.931],[24.081,65.936],[24.074,65.944],[24.065,65.947],[24.061,65.95],[24.054,65.951],[24.05,65.957],[24.043,65.962],[24.043,65.971],[24.053,65.975],[24.049,65.98],[24.049,65.995],[24.045,66.002],[24.036,66.01],[24.014,66.023],[23.995,66.037],[23.985,66.047],[23.984,66.05],[23.976,66.057],[23.964,66.063],[23.956,66.07],[23.947,66.072],[23.938,66.077],[23.937,66.08],[23.936,66.09],[23.94,66.099],[23.945,66.103],[23.945,66.108],[23.936,66.113],[23.942,66.12],[23.934,66.126],[23.914,66.136],[23.916,66.14],[23.927,66.145],[23.93,66.149],[23.922,66.159],[23.916,66.162],[23.904,66.164],[23.889,66.168],[23.879,66.166],[23.858,66.162],[23.75,66.139],[23.775,66.113],[23.683,66.098],[23.666,66.116],[23.66,66.12],[23.572,66.1],[23.578,66.096],[23.56,66.092],[23.554,66.096],[23.546,66.095],[23.551,66.09],[23.549,66.087],[23.533,66.084],[23.527,66.09],[23.359,66.053],[23.332,66.047],[23.4,66.015],[23.473,65.956],[23.524,65.921],[23.599,65.868],[23.574,65.796],[23.57,65.783],[23.583,65.782],[23.587,65.78],[23.609,65.772],[23.617,65.734],[23.622,65.691],[23.609,65.646],[23.579,65.621],[23.679,65.525],[23.727,65.48],[23.858,65.356]],[[23.811,66.133],[23.815,66.129],[23.796,66.126],[23.791,66.137],[23.796,66.139],[23.801,66.135],[23.808,66.136],[23.811,66.133]],[[23.569,66.092],[23.571,66.088],[23.579,66.081],[23.572,66.08],[23.561,66.086],[23.561,66.089],[23.569,66.092]],[[23.645,66.071],[23.65,66.067],[23.645,66.063],[23.64,66.065],[23.641,66.071],[23.645,66.071]],[[23.79,66.082],[23.771,66.09],[23.778,66.091],[23.781,66.087],[23.79,66.082]],[[23.698,66.072],[23.692,66.079],[23.693,66.084],[23.698,66.085],[23.698,66.072]],[[23.579,66.092],[23.586,66.096],[23.59,66.095],[23.593,66.09],[23.579,66.092]],[[23.675,66.078],[23.681,66.073],[23.674,66.072],[23.675,66.078]],[[23.514,66.066],[23.517,66.067],[23.523,66.061],[23.517,66.06],[23.511,66.066],[23.514,66.066]]]}},{"type":"Feature","properties":{"id":935581,"maakond_id":405,"name":"Vaggeryds kommun","bbox":[13.825,57.297,14.453,57.658]},"geometry":{"type":"MultiPolygon","coordinates":[[[[14.332,57.54],[14.311,57.543],[14.301,57.552],[14.294,57.554],[14.291,57.558],[14.284,57.553],[14.283,57.56],[14.275,57.563],[14.266,57.561],[14.256,57.563],[14.256,57.559],[14.249,57.555],[14.248,57.552],[14.238,57.55],[14.237,57.547],[14.228,57.549],[14.229,57.552],[14.225,57.554],[14.229,57.566],[14.226,57.569],[14.218,57.573],[14.217,57.58],[14.214,57.584],[14.217,57.59],[14.208,57.6],[14.215,57.602],[14.216,57.606],[14.209,57.61],[14.21,57.611],[14.206,57.617],[14.204,57.63],[14.204,57.637],[14.197,57.644],[14.193,57.644],[14.184,57.639],[14.161,57.631],[14.145,57.626],[14.14,57.616],[14.126,57.612],[14.113,57.612],[14.093,57.617],[14.079,57.622],[14.063,57.63],[14.045,57.629],[14.029,57.618],[14.027,57.622],[14.022,57.623],[14.022,57.625],[14.017,57.63],[14.008,57.631],[13.997,57.636],[13.996,57.639],[13.983,57.647],[13.97,57.658],[13.965,57.654],[13.958,57.641],[13.955,57.631],[13.952,57.628],[13.953,57.624],[13.947,57.624],[13.938,57.62],[13.926,57.62],[13.919,57.617],[13.917,57.61],[13.904,57.614],[13.87,57.621],[13.853,57.623],[13.847,57.618],[13.842,57.616],[13.826,57.613],[13.825,57.608],[13.829,57.606],[13.836,57.607],[13.843,57.603],[13.849,57.595],[13.867,57.593],[13.859,57.581],[13.876,57.578],[13.901,57.576],[13.895,57.568],[13.886,57.566],[13.881,57.562],[13.884,57.554],[13.893,57.55],[13.893,57.542],[13.898,57.539],[13.905,57.532],[13.902,57.526],[13.906,57.517],[13.907,57.507],[13.907,57.497],[13.909,57.493],[13.897,57.492],[13.901,57.48],[13.899,57.476],[13.9,57.47],[13.895,57.465],[13.897,57.458],[13.894,57.444],[13.898,57.44],[13.901,57.434],[13.897,57.43],[13.896,57.426],[13.885,57.41],[13.889,57.408],[13.898,57.408],[13.907,57.402],[13.907,57.397],[13.911,57.396],[13.92,57.384],[13.921,57.381],[13.939,57.369],[13.943,57.372],[13.95,57.373],[13.961,57.379],[13.968,57.374],[13.974,57.376],[13.981,57.373],[13.982,57.369],[13.986,57.367],[13.987,57.357],[13.989,57.355],[13.998,57.356],[14.006,57.353],[14.023,57.334],[14.03,57.323],[14.013,57.32],[14.003,57.315],[13.998,57.309],[13.999,57.305],[14.006,57.297],[14.044,57.297],[14.047,57.303],[14.037,57.312],[14.06,57.309],[14.073,57.324],[14.084,57.325],[14.097,57.322],[14.097,57.319],[14.093,57.316],[14.091,57.31],[14.093,57.307],[14.092,57.301],[14.128,57.309],[14.149,57.315],[14.169,57.319],[14.194,57.315],[14.207,57.316],[14.211,57.322],[14.216,57.322],[14.219,57.329],[14.225,57.328],[14.232,57.321],[14.242,57.307],[14.257,57.309],[14.274,57.308],[14.274,57.347],[14.289,57.349],[14.302,57.361],[14.309,57.366],[14.314,57.365],[14.327,57.369],[14.333,57.369],[14.333,57.375],[14.343,57.377],[14.353,57.38],[14.364,57.382],[14.368,57.387],[14.368,57.4],[14.365,57.408],[14.369,57.426],[14.369,57.438],[14.376,57.448],[14.377,57.454],[14.381,57.464],[14.409,57.461],[14.416,57.465],[14.421,57.464],[14.425,57.466],[14.436,57.468],[14.438,57.473],[14.45,57.473],[14.453,57.476],[14.45,57.482],[14.445,57.486],[14.452,57.489],[14.437,57.492],[14.435,57.498],[14.441,57.505],[14.438,57.507],[14.427,57.506],[14.424,57.51],[14.396,57.511],[14.393,57.515],[14.377,57.517],[14.364,57.516],[14.347,57.518],[14.34,57.521],[14.338,57.525],[14.327,57.526],[14.314,57.532],[14.332,57.54]]],[[[14.412,57.516],[14.407,57.512],[14.414,57.512],[14.412,57.516]]]]}},{"type":"Feature","properties":{"id":935584,"maakond_id":412,"name":"Tranemo kommun","bbox":[13.137,57.294,13.725,57.682]},"geometry":{"type":"Polygon","coordinates":[[[13.203,57.656],[13.199,57.651],[13.205,57.641],[13.195,57.637],[13.204,57.627],[13.199,57.621],[13.199,57.612],[13.175,57.595],[13.171,57.593],[13.175,57.589],[13.142,57.553],[13.137,57.548],[13.147,57.541],[13.174,57.537],[13.191,57.534],[13.215,57.541],[13.232,57.542],[13.245,57.537],[13.253,57.542],[13.259,57.529],[13.272,57.524],[13.274,57.513],[13.275,57.51],[13.268,57.506],[13.256,57.502],[13.26,57.495],[13.255,57.487],[13.251,57.485],[13.238,57.486],[13.239,57.482],[13.244,57.481],[13.247,57.474],[13.242,57.471],[13.236,57.469],[13.227,57.465],[13.227,57.461],[13.22,57.451],[13.215,57.452],[13.206,57.45],[13.202,57.446],[13.206,57.44],[13.205,57.435],[13.221,57.434],[13.224,57.433],[13.234,57.436],[13.231,57.429],[13.238,57.426],[13.24,57.424],[13.233,57.417],[13.23,57.407],[13.222,57.403],[13.213,57.399],[13.215,57.393],[13.216,57.382],[13.224,57.377],[13.241,57.374],[13.26,57.374],[13.248,57.357],[13.249,57.354],[13.262,57.348],[13.255,57.339],[13.254,57.335],[13.263,57.333],[13.256,57.329],[13.247,57.327],[13.244,57.325],[13.227,57.318],[13.226,57.308],[13.239,57.304],[13.242,57.3],[13.249,57.297],[13.249,57.294],[13.259,57.294],[13.264,57.299],[13.273,57.3],[13.276,57.305],[13.282,57.307],[13.3,57.312],[13.338,57.317],[13.347,57.318],[13.352,57.321],[13.363,57.323],[13.369,57.322],[13.372,57.325],[13.377,57.328],[13.382,57.335],[13.386,57.337],[13.386,57.34],[13.395,57.342],[13.397,57.34],[13.406,57.342],[13.433,57.349],[13.436,57.353],[13.435,57.356],[13.43,57.358],[13.433,57.362],[13.433,57.366],[13.436,57.369],[13.448,57.371],[13.456,57.371],[13.463,57.372],[13.468,57.371],[13.467,57.377],[13.472,57.381],[13.474,57.386],[13.48,57.39],[13.482,57.393],[13.488,57.396],[13.51,57.397],[13.515,57.404],[13.515,57.41],[13.504,57.414],[13.514,57.428],[13.531,57.43],[13.546,57.444],[13.564,57.463],[13.57,57.469],[13.582,57.475],[13.588,57.482],[13.587,57.484],[13.593,57.491],[13.595,57.497],[13.605,57.508],[13.61,57.512],[13.615,57.513],[13.624,57.52],[13.637,57.524],[13.642,57.524],[13.649,57.529],[13.669,57.538],[13.668,57.541],[13.683,57.554],[13.689,57.558],[13.686,57.569],[13.687,57.576],[13.68,57.577],[13.679,57.584],[13.672,57.587],[13.677,57.59],[13.679,57.595],[13.669,57.594],[13.67,57.602],[13.668,57.609],[13.664,57.615],[13.671,57.62],[13.672,57.628],[13.682,57.626],[13.686,57.632],[13.708,57.638],[13.716,57.655],[13.725,57.669],[13.723,57.682],[13.704,57.679],[13.708,57.675],[13.706,57.673],[13.695,57.672],[13.685,57.675],[13.671,57.676],[13.658,57.666],[13.644,57.66],[13.628,57.651],[13.617,57.646],[13.598,57.645],[13.588,57.645],[13.577,57.648],[13.577,57.654],[13.539,57.67],[13.535,57.673],[13.515,57.656],[13.504,57.648],[13.491,57.641],[13.48,57.626],[13.475,57.621],[13.468,57.62],[13.457,57.614],[13.454,57.615],[13.439,57.611],[13.423,57.616],[13.413,57.616],[13.409,57.612],[13.381,57.621],[13.372,57.626],[13.361,57.628],[13.35,57.622],[13.343,57.613],[13.333,57.613],[13.319,57.619],[13.321,57.624],[13.322,57.631],[13.329,57.634],[13.327,57.636],[13.313,57.638],[13.309,57.668],[13.292,57.668],[13.29,57.674],[13.28,57.671],[13.276,57.671],[13.261,57.668],[13.259,57.666],[13.25,57.664],[13.242,57.66],[13.238,57.659],[13.227,57.649],[13.217,57.645],[13.212,57.653],[13.203,57.656]],[[13.651,57.607],[13.65,57.605],[13.657,57.603],[13.649,57.594],[13.639,57.593],[13.637,57.594],[13.649,57.604],[13.651,57.607]]]}},{"type":"Feature","properties":{"id":935585,"maakond_id":411,"name":"Varbergs kommun","bbox":[11.732,56.963,12.764,57.352]},"geometry":{"type":"Polygon","coordinates":[[[11.732,57.143],[11.886,57.048],[12.006,56.973],[12.014,56.963],[12.26,56.986],[12.356,56.991],[12.372,56.995],[12.381,56.996],[12.396,56.998],[12.426,57.01],[12.427,57.012],[12.435,57.012],[12.438,57.01],[12.453,57.007],[12.461,57.014],[12.473,57.015],[12.483,57.016],[12.489,57.015],[12.484,57.01],[12.487,57.006],[12.517,57.001],[12.51,56.997],[12.527,56.993],[12.534,56.999],[12.543,57.001],[12.55,57.013],[12.55,57.018],[12.559,57.018],[12.574,57.015],[12.578,57.019],[12.589,57.021],[12.604,57.023],[12.609,57.024],[12.609,57.029],[12.604,57.032],[12.602,57.041],[12.588,57.045],[12.577,57.049],[12.573,57.054],[12.591,57.063],[12.6,57.066],[12.58,57.078],[12.576,57.089],[12.577,57.104],[12.576,57.109],[12.579,57.113],[12.613,57.13],[12.619,57.137],[12.614,57.154],[12.623,57.157],[12.631,57.161],[12.635,57.159],[12.641,57.161],[12.643,57.164],[12.649,57.166],[12.644,57.172],[12.63,57.179],[12.63,57.183],[12.639,57.183],[12.637,57.186],[12.628,57.186],[12.634,57.19],[12.625,57.193],[12.623,57.199],[12.625,57.203],[12.623,57.21],[12.628,57.212],[12.634,57.214],[12.633,57.218],[12.641,57.223],[12.641,57.226],[12.651,57.226],[12.656,57.225],[12.662,57.231],[12.667,57.232],[12.673,57.229],[12.683,57.233],[12.686,57.236],[12.708,57.247],[12.719,57.254],[12.734,57.263],[12.74,57.267],[12.754,57.268],[12.764,57.27],[12.763,57.273],[12.759,57.273],[12.752,57.277],[12.744,57.286],[12.741,57.292],[12.742,57.296],[12.738,57.302],[12.733,57.303],[12.71,57.312],[12.703,57.314],[12.706,57.319],[12.706,57.324],[12.698,57.328],[12.693,57.329],[12.692,57.335],[12.684,57.331],[12.675,57.33],[12.67,57.335],[12.669,57.339],[12.662,57.341],[12.655,57.341],[12.652,57.336],[12.646,57.334],[12.644,57.33],[12.639,57.332],[12.623,57.332],[12.625,57.342],[12.609,57.347],[12.605,57.347],[12.603,57.344],[12.599,57.342],[12.592,57.343],[12.59,57.339],[12.58,57.334],[12.566,57.331],[12.56,57.33],[12.559,57.321],[12.553,57.321],[12.537,57.319],[12.534,57.314],[12.532,57.307],[12.53,57.303],[12.519,57.297],[12.512,57.288],[12.505,57.281],[12.498,57.282],[12.496,57.287],[12.487,57.285],[12.488,57.283],[12.482,57.279],[12.462,57.275],[12.456,57.28],[12.451,57.273],[12.43,57.269],[12.429,57.277],[12.43,57.283],[12.426,57.287],[12.424,57.297],[12.426,57.305],[12.421,57.307],[12.432,57.315],[12.426,57.322],[12.422,57.323],[12.418,57.32],[12.397,57.329],[12.39,57.337],[12.393,57.34],[12.385,57.344],[12.384,57.347],[12.387,57.352],[12.352,57.335],[12.346,57.334],[12.339,57.33],[12.333,57.322],[12.32,57.314],[12.314,57.309],[12.288,57.303],[12.275,57.3],[12.261,57.305],[12.239,57.313],[12.227,57.316],[12.218,57.315],[12.219,57.319],[12.216,57.322],[12.206,57.322],[12.205,57.318],[12.198,57.318],[12.192,57.315],[12.179,57.311],[12.172,57.312],[12.162,57.307],[12.154,57.304],[12.145,57.303],[12.141,57.312],[12.135,57.321],[12.121,57.324],[12.106,57.329],[12.087,57.327],[12.066,57.326],[12.039,57.318],[11.828,57.215],[11.732,57.143]]]}},{"type":"Feature","properties":{"id":935586,"maakond_id":412,"name":"Svenljunga kommun","bbox":[12.808,57.146,13.289,57.676]},"geometry":{"type":"Polygon","coordinates":[[[12.957,57.567],[12.942,57.553],[12.934,57.539],[12.921,57.529],[12.921,57.525],[12.914,57.524],[12.901,57.513],[12.891,57.513],[12.892,57.509],[12.884,57.498],[12.882,57.494],[12.874,57.487],[12.853,57.471],[12.845,57.468],[12.84,57.46],[12.848,57.459],[12.849,57.456],[12.866,57.452],[12.874,57.456],[12.886,57.459],[12.891,57.456],[12.892,57.452],[12.885,57.443],[12.888,57.442],[12.874,57.429],[12.874,57.426],[12.879,57.422],[12.88,57.416],[12.889,57.412],[12.893,57.405],[12.893,57.403],[12.886,57.396],[12.878,57.391],[12.872,57.389],[12.87,57.384],[12.876,57.381],[12.87,57.373],[12.869,57.367],[12.875,57.36],[12.875,57.357],[12.874,57.35],[12.864,57.346],[12.847,57.33],[12.825,57.327],[12.813,57.322],[12.814,57.309],[12.808,57.301],[12.817,57.293],[12.827,57.278],[12.836,57.27],[12.851,57.268],[12.861,57.266],[12.862,57.269],[12.87,57.268],[12.88,57.27],[12.882,57.272],[12.894,57.27],[12.902,57.268],[12.907,57.27],[12.921,57.265],[12.93,57.264],[12.934,57.261],[12.928,57.258],[12.931,57.252],[12.945,57.247],[12.95,57.248],[12.954,57.241],[12.95,57.237],[12.939,57.231],[12.935,57.228],[12.925,57.228],[12.921,57.224],[12.914,57.22],[12.917,57.213],[12.92,57.202],[12.92,57.197],[12.916,57.194],[12.915,57.187],[12.911,57.184],[12.912,57.181],[12.921,57.176],[12.935,57.174],[12.94,57.177],[12.947,57.178],[12.96,57.177],[12.969,57.179],[12.974,57.183],[12.986,57.179],[12.989,57.181],[13,57.177],[13.008,57.181],[13.022,57.181],[13.039,57.178],[13.032,57.175],[13.028,57.17],[13.023,57.167],[13.023,57.161],[13.021,57.157],[13.027,57.155],[13.038,57.154],[13.045,57.155],[13.051,57.149],[13.06,57.147],[13.065,57.148],[13.072,57.151],[13.075,57.156],[13.085,57.156],[13.09,57.158],[13.097,57.158],[13.094,57.152],[13.1,57.146],[13.111,57.147],[13.117,57.149],[13.12,57.155],[13.126,57.157],[13.131,57.164],[13.138,57.168],[13.136,57.169],[13.138,57.174],[13.151,57.178],[13.159,57.19],[13.166,57.194],[13.166,57.199],[13.176,57.209],[13.175,57.211],[13.194,57.227],[13.19,57.23],[13.189,57.238],[13.196,57.243],[13.199,57.25],[13.211,57.251],[13.224,57.255],[13.229,57.259],[13.243,57.26],[13.253,57.255],[13.262,57.249],[13.266,57.255],[13.265,57.258],[13.273,57.263],[13.273,57.268],[13.282,57.27],[13.285,57.276],[13.285,57.28],[13.287,57.283],[13.289,57.289],[13.287,57.302],[13.282,57.307],[13.276,57.305],[13.273,57.3],[13.264,57.299],[13.259,57.294],[13.249,57.294],[13.249,57.297],[13.242,57.3],[13.239,57.304],[13.226,57.308],[13.227,57.318],[13.244,57.325],[13.247,57.327],[13.256,57.329],[13.263,57.333],[13.254,57.335],[13.255,57.339],[13.262,57.348],[13.249,57.354],[13.248,57.357],[13.26,57.374],[13.241,57.374],[13.224,57.377],[13.216,57.382],[13.215,57.393],[13.213,57.399],[13.222,57.403],[13.23,57.407],[13.233,57.417],[13.24,57.424],[13.238,57.426],[13.231,57.429],[13.234,57.436],[13.224,57.433],[13.221,57.434],[13.205,57.435],[13.206,57.44],[13.202,57.446],[13.206,57.45],[13.215,57.452],[13.22,57.451],[13.227,57.461],[13.227,57.465],[13.236,57.469],[13.242,57.471],[13.247,57.474],[13.244,57.481],[13.239,57.482],[13.238,57.486],[13.251,57.485],[13.255,57.487],[13.26,57.495],[13.256,57.502],[13.268,57.506],[13.275,57.51],[13.274,57.513],[13.272,57.524],[13.259,57.529],[13.253,57.542],[13.245,57.537],[13.232,57.542],[13.215,57.541],[13.191,57.534],[13.174,57.537],[13.147,57.541],[13.137,57.548],[13.142,57.553],[13.175,57.589],[13.171,57.593],[13.175,57.595],[13.199,57.612],[13.199,57.621],[13.204,57.627],[13.195,57.637],[13.205,57.641],[13.199,57.651],[13.203,57.656],[13.205,57.66],[13.209,57.666],[13.203,57.668],[13.198,57.672],[13.195,57.67],[13.189,57.676],[13.186,57.674],[13.162,57.674],[13.152,57.67],[13.139,57.669],[13.135,57.671],[13.131,57.668],[13.121,57.667],[13.114,57.667],[13.108,57.658],[13.118,57.657],[13.11,57.642],[13.087,57.624],[13.09,57.619],[13.081,57.619],[13.075,57.616],[13.077,57.613],[13.056,57.606],[13.043,57.605],[13.033,57.603],[13.026,57.599],[13.017,57.597],[13.023,57.595],[13.007,57.587],[13.002,57.583],[12.998,57.577],[12.986,57.572],[12.957,57.567]]]}},{"type":"Feature","properties":{"id":935588,"maakond_id":415,"name":"Västerås kommun","bbox":[16.236,59.452,16.966,59.846]},"geometry":{"type":"Polygon","coordinates":[[[16.283,59.774],[16.288,59.766],[16.293,59.764],[16.285,59.752],[16.281,59.75],[16.289,59.746],[16.286,59.734],[16.29,59.732],[16.291,59.727],[16.298,59.724],[16.295,59.721],[16.294,59.711],[16.304,59.704],[16.311,59.701],[16.29,59.695],[16.281,59.694],[16.277,59.681],[16.27,59.677],[16.264,59.679],[16.27,59.668],[16.277,59.661],[16.293,59.654],[16.307,59.654],[16.308,59.65],[16.302,59.642],[16.309,59.638],[16.313,59.627],[16.309,59.62],[16.308,59.615],[16.312,59.614],[16.315,59.611],[16.321,59.61],[16.324,59.603],[16.325,59.598],[16.319,59.598],[16.313,59.592],[16.315,59.588],[16.311,59.587],[16.313,59.579],[16.317,59.576],[16.33,59.576],[16.336,59.571],[16.331,59.568],[16.332,59.565],[16.323,59.565],[16.324,59.559],[16.327,59.556],[16.331,59.546],[16.326,59.544],[16.316,59.538],[16.308,59.535],[16.305,59.53],[16.291,59.523],[16.283,59.517],[16.264,59.507],[16.254,59.507],[16.241,59.504],[16.236,59.498],[16.236,59.492],[16.267,59.482],[16.263,59.452],[16.268,59.452],[16.301,59.458],[16.316,59.452],[16.323,59.453],[16.349,59.46],[16.372,59.467],[16.386,59.467],[16.402,59.46],[16.411,59.46],[16.511,59.47],[16.589,59.479],[16.62,59.482],[16.649,59.486],[16.666,59.492],[16.702,59.488],[16.711,59.488],[16.721,59.49],[16.757,59.502],[16.834,59.498],[16.883,59.481],[16.885,59.48],[16.906,59.48],[16.915,59.483],[16.935,59.485],[16.951,59.494],[16.966,59.52],[16.926,59.546],[16.921,59.548],[16.917,59.565],[16.911,59.573],[16.909,59.577],[16.902,59.584],[16.891,59.601],[16.888,59.603],[16.879,59.619],[16.874,59.626],[16.873,59.632],[16.862,59.647],[16.862,59.652],[16.854,59.663],[16.855,59.667],[16.849,59.671],[16.84,59.68],[16.841,59.681],[16.824,59.689],[16.82,59.694],[16.823,59.698],[16.816,59.71],[16.808,59.714],[16.784,59.718],[16.781,59.724],[16.784,59.732],[16.781,59.735],[16.782,59.739],[16.776,59.746],[16.764,59.755],[16.758,59.757],[16.753,59.762],[16.748,59.764],[16.743,59.768],[16.729,59.777],[16.722,59.782],[16.707,59.783],[16.694,59.789],[16.678,59.791],[16.664,59.787],[16.663,59.782],[16.682,59.772],[16.675,59.772],[16.647,59.763],[16.655,59.755],[16.637,59.759],[16.615,59.759],[16.608,59.763],[16.602,59.764],[16.6,59.766],[16.593,59.766],[16.588,59.771],[16.593,59.774],[16.575,59.789],[16.588,59.792],[16.593,59.789],[16.6,59.792],[16.589,59.798],[16.579,59.798],[16.563,59.798],[16.548,59.811],[16.53,59.82],[16.523,59.817],[16.507,59.823],[16.473,59.839],[16.469,59.839],[16.455,59.846],[16.451,59.845],[16.448,59.842],[16.45,59.839],[16.43,59.834],[16.411,59.824],[16.403,59.821],[16.377,59.814],[16.356,59.823],[16.347,59.821],[16.349,59.813],[16.357,59.808],[16.354,59.8],[16.341,59.793],[16.306,59.787],[16.291,59.78],[16.283,59.774]]]}},{"type":"Feature","properties":{"id":935590,"maakond_id":415,"name":"Hallstahammars kommun","bbox":[16.074,59.452,16.336,59.679]},"geometry":{"type":"Polygon","coordinates":[[[16.113,59.655],[16.11,59.645],[16.096,59.64],[16.092,59.643],[16.083,59.641],[16.081,59.639],[16.077,59.63],[16.074,59.628],[16.075,59.615],[16.077,59.611],[16.081,59.61],[16.082,59.604],[16.107,59.602],[16.107,59.6],[16.118,59.597],[16.127,59.59],[16.128,59.587],[16.119,59.58],[16.133,59.578],[16.146,59.569],[16.152,59.562],[16.168,59.551],[16.171,59.544],[16.177,59.542],[16.177,59.535],[16.208,59.538],[16.224,59.527],[16.226,59.528],[16.236,59.517],[16.229,59.512],[16.218,59.5],[16.214,59.498],[16.211,59.494],[16.213,59.491],[16.209,59.483],[16.203,59.478],[16.2,59.469],[16.21,59.467],[16.223,59.468],[16.227,59.467],[16.228,59.461],[16.228,59.455],[16.243,59.457],[16.254,59.452],[16.263,59.452],[16.267,59.482],[16.236,59.492],[16.236,59.498],[16.241,59.504],[16.254,59.507],[16.264,59.507],[16.283,59.517],[16.291,59.523],[16.305,59.53],[16.308,59.535],[16.316,59.538],[16.326,59.544],[16.331,59.546],[16.327,59.556],[16.324,59.559],[16.323,59.565],[16.332,59.565],[16.331,59.568],[16.336,59.571],[16.33,59.576],[16.317,59.576],[16.313,59.579],[16.311,59.587],[16.315,59.588],[16.313,59.592],[16.319,59.598],[16.325,59.598],[16.324,59.603],[16.321,59.61],[16.315,59.611],[16.312,59.614],[16.308,59.615],[16.309,59.62],[16.313,59.627],[16.309,59.638],[16.302,59.642],[16.308,59.65],[16.307,59.654],[16.293,59.654],[16.277,59.661],[16.27,59.668],[16.264,59.679],[16.257,59.667],[16.246,59.662],[16.231,59.662],[16.214,59.66],[16.201,59.661],[16.192,59.66],[16.185,59.658],[16.184,59.661],[16.178,59.66],[16.166,59.664],[16.161,59.662],[16.155,59.664],[16.136,59.66],[16.134,59.662],[16.123,59.661],[16.123,59.657],[16.113,59.657],[16.113,59.655]]]}},{"type":"Feature","properties":{"id":935592,"maakond_id":417,"name":"Ljusdals kommun","bbox":[14.446,61.484,16.633,62.343]},"geometry":{"type":"Polygon","coordinates":[[[15.326,62.272],[15.349,62.225],[15.357,62.214],[15.399,62.195],[15.401,62.183],[15.429,62.145],[15.417,62.111],[15.34,62.091],[15.262,62.057],[15.233,62.046],[15.208,62.038],[15.092,61.997],[15.11,61.966],[15.111,61.957],[15.141,61.952],[15.112,61.935],[15.116,61.894],[15.085,61.896],[15.088,61.893],[15.109,61.844],[15.092,61.819],[15.048,61.824],[15.045,61.868],[14.928,61.877],[14.909,61.881],[14.905,61.879],[14.922,61.842],[14.928,61.821],[14.865,61.809],[14.863,61.827],[14.843,61.848],[14.806,61.886],[14.761,61.864],[14.809,61.818],[14.842,61.804],[14.856,61.784],[14.842,61.787],[14.803,61.796],[14.785,61.805],[14.772,61.815],[14.763,61.821],[14.764,61.823],[14.746,61.838],[14.743,61.841],[14.738,61.843],[14.734,61.85],[14.718,61.863],[14.712,61.87],[14.705,61.876],[14.699,61.879],[14.7,61.885],[14.691,61.894],[14.691,61.898],[14.686,61.902],[14.673,61.897],[14.579,61.822],[14.53,61.784],[14.525,61.784],[14.517,61.734],[14.522,61.734],[14.521,61.727],[14.515,61.727],[14.511,61.7],[14.503,61.644],[14.499,61.626],[14.446,61.595],[14.568,61.593],[14.677,61.591],[14.68,61.584],[14.675,61.58],[14.676,61.575],[14.665,61.57],[14.667,61.565],[14.655,61.563],[14.658,61.551],[14.668,61.547],[14.669,61.545],[14.668,61.539],[14.67,61.538],[14.675,61.527],[14.673,61.523],[14.665,61.514],[14.659,61.51],[14.656,61.501],[14.667,61.497],[14.668,61.492],[14.675,61.488],[14.684,61.486],[14.69,61.488],[14.691,61.49],[14.701,61.491],[14.707,61.489],[14.716,61.489],[14.723,61.495],[14.731,61.497],[14.739,61.493],[14.757,61.495],[14.759,61.493],[14.786,61.493],[14.797,61.495],[14.807,61.495],[14.815,61.492],[14.824,61.492],[14.843,61.494],[14.848,61.496],[14.858,61.494],[14.864,61.495],[14.871,61.495],[14.887,61.495],[14.893,61.495],[14.901,61.497],[14.913,61.493],[14.924,61.494],[14.948,61.489],[14.953,61.492],[14.969,61.494],[14.978,61.491],[15.093,61.484],[15.095,61.493],[15.153,61.596],[15.179,61.55],[15.205,61.504],[15.216,61.495],[15.244,61.502],[15.238,61.507],[15.254,61.512],[15.263,61.507],[15.27,61.519],[15.277,61.522],[15.266,61.547],[15.296,61.553],[15.298,61.552],[15.337,61.565],[15.376,61.567],[15.394,61.569],[15.399,61.571],[15.435,61.567],[15.436,61.568],[15.422,61.578],[15.432,61.581],[15.424,61.584],[15.419,61.588],[15.415,61.589],[15.41,61.594],[15.413,61.596],[15.401,61.604],[15.406,61.608],[15.403,61.613],[15.461,61.61],[15.514,61.607],[15.589,61.616],[15.659,61.624],[15.742,61.583],[15.774,61.585],[15.833,61.573],[15.833,61.564],[15.842,61.562],[15.847,61.57],[16.038,61.531],[16.041,61.533],[16.042,61.537],[16.045,61.54],[16.052,61.541],[16.056,61.55],[16.066,61.552],[16.059,61.556],[16.087,61.566],[16.14,61.584],[16.158,61.591],[16.175,61.596],[16.186,61.591],[16.202,61.596],[16.21,61.598],[16.221,61.603],[16.236,61.608],[16.229,61.611],[16.241,61.615],[16.267,61.635],[16.277,61.638],[16.273,61.641],[16.28,61.644],[16.299,61.641],[16.321,61.639],[16.324,61.644],[16.418,61.639],[16.44,61.637],[16.518,61.629],[16.549,61.631],[16.583,61.64],[16.633,61.624],[16.591,61.646],[16.548,61.659],[16.513,61.679],[16.476,61.697],[16.384,61.741],[16.325,61.77],[16.275,61.794],[16.279,61.798],[16.292,61.8],[16.295,61.803],[16.293,61.805],[16.299,61.817],[16.306,61.824],[16.323,61.845],[16.328,61.861],[16.335,61.87],[16.337,61.874],[16.307,61.88],[16.299,61.886],[16.277,61.887],[16.258,61.904],[16.252,61.932],[16.235,61.947],[16.203,62.038],[16.198,62.053],[16.165,62.085],[16.163,62.094],[16.175,62.095],[16.155,62.134],[16.074,62.206],[16.076,62.207],[16.065,62.213],[16.065,62.217],[16.069,62.22],[16.08,62.224],[16.122,62.204],[16.174,62.214],[16.096,62.236],[16.092,62.237],[16.013,62.259],[15.854,62.293],[15.848,62.294],[15.626,62.341],[15.613,62.343],[15.505,62.339],[15.439,62.319],[15.379,62.297],[15.326,62.272]],[[15.381,62.031],[15.417,62.011],[15.395,62.009],[15.366,62.022],[15.365,62.025],[15.381,62.031]],[[15.33,62.065],[15.326,62.063],[15.317,62.069],[15.319,62.071],[15.33,62.065]]]}},{"type":"Feature","properties":{"id":935593,"maakond_id":420,"name":"Norsjö kommun","bbox":[18.757,64.667,20.218,65.194]},"geometry":{"type":"Polygon","coordinates":[[[18.757,64.984],[18.802,64.97],[18.878,64.945],[18.975,64.913],[19.11,64.87],[19.18,64.847],[19.312,64.805],[19.288,64.778],[19.347,64.746],[19.412,64.751],[19.413,64.753],[19.423,64.754],[19.438,64.751],[19.473,64.78],[19.501,64.776],[19.631,64.755],[19.675,64.756],[19.815,64.759],[19.897,64.714],[19.941,64.69],[19.951,64.692],[19.959,64.684],[19.956,64.683],[19.984,64.667],[20.115,64.672],[20.106,64.689],[20.043,64.723],[20.059,64.728],[20.034,64.739],[20.036,64.75],[20.076,64.767],[20.101,64.794],[20.13,64.79],[20.145,64.819],[20.124,64.823],[20.106,64.825],[20.107,64.828],[20.13,64.837],[20.144,64.828],[20.173,64.84],[20.217,64.833],[20.218,64.834],[20.202,64.843],[20.2,64.851],[20.216,64.858],[20.156,64.873],[20.153,64.876],[20.157,64.881],[20.15,64.885],[20.148,64.891],[20.136,64.892],[20.125,64.897],[20.111,64.907],[20.096,64.91],[20.084,64.916],[20.062,64.924],[20.099,64.942],[20.045,64.965],[19.98,64.991],[19.887,65.015],[19.823,65.031],[19.785,65.067],[19.688,65.127],[19.683,65.128],[19.699,65.131],[19.702,65.133],[19.693,65.142],[19.684,65.146],[19.682,65.148],[19.671,65.153],[19.657,65.151],[19.59,65.194],[19.479,65.166],[19.484,65.162],[19.435,65.149],[19.431,65.153],[19.39,65.143],[19.21,65.096],[19.008,65.043],[18.982,65.037],[18.757,64.984]]]}},{"type":"Feature","properties":{"id":935594,"maakond_id":404,"name":"Boxholms kommun","bbox":[14.864,57.954,15.379,58.308]},"geometry":{"type":"Polygon","coordinates":[[[15.277,58.135],[15.25,58.144],[15.25,58.155],[15.253,58.166],[15.25,58.176],[15.245,58.184],[15.246,58.186],[15.243,58.192],[15.24,58.194],[15.235,58.2],[15.232,58.212],[15.224,58.224],[15.224,58.232],[15.221,58.236],[15.216,58.237],[15.212,58.241],[15.206,58.248],[15.201,58.25],[15.191,58.248],[15.187,58.249],[15.186,58.253],[15.172,58.252],[15.168,58.259],[15.165,58.262],[15.148,58.264],[15.139,58.267],[15.138,58.269],[15.128,58.269],[15.123,58.275],[15.115,58.277],[15.099,58.279],[15.083,58.283],[15.064,58.286],[15.056,58.284],[15.05,58.287],[15.044,58.283],[15.034,58.281],[15.022,58.281],[15.025,58.286],[15.022,58.29],[15.017,58.295],[15.01,58.303],[15.004,58.308],[14.997,58.306],[14.989,58.303],[14.98,58.301],[14.977,58.302],[14.976,58.291],[14.967,58.292],[14.954,58.291],[14.956,58.295],[14.954,58.302],[14.946,58.301],[14.944,58.294],[14.947,58.292],[14.945,58.288],[14.932,58.287],[14.909,58.288],[14.908,58.285],[14.902,58.282],[14.896,58.283],[14.894,58.28],[14.894,58.274],[14.89,58.271],[14.89,58.263],[14.886,58.26],[14.884,58.256],[14.887,58.252],[14.885,58.243],[14.876,58.239],[14.872,58.234],[14.884,58.23],[14.874,58.225],[14.866,58.216],[14.864,58.211],[14.865,58.204],[14.872,58.192],[14.869,58.185],[14.879,58.182],[14.879,58.177],[14.877,58.171],[14.878,58.165],[14.885,58.166],[14.889,58.165],[14.891,58.162],[14.899,58.163],[14.899,58.166],[14.915,58.169],[14.914,58.164],[14.915,58.16],[14.915,58.151],[14.921,58.143],[14.933,58.14],[14.927,58.137],[14.924,58.142],[14.905,58.14],[14.897,58.143],[14.899,58.138],[14.927,58.134],[14.951,58.139],[14.955,58.145],[14.978,58.152],[14.985,58.148],[14.981,58.144],[14.984,58.142],[14.976,58.134],[14.98,58.128],[14.988,58.123],[14.995,58.122],[15.004,58.113],[15.007,58.107],[15.006,58.102],[15.011,58.098],[15.013,58.093],[15.016,58.09],[15.029,58.072],[15.039,58.057],[15.031,58.055],[15.028,58.05],[15.064,58.025],[15.08,58.032],[15.103,58.029],[15.12,58.028],[15.127,58.029],[15.129,58.025],[15.128,58.021],[15.139,58.021],[15.143,58.018],[15.15,58.016],[15.174,58.02],[15.208,58.011],[15.213,58.012],[15.269,58],[15.283,57.98],[15.298,57.965],[15.309,57.966],[15.326,57.966],[15.335,57.964],[15.359,57.956],[15.367,57.954],[15.372,57.954],[15.369,57.96],[15.368,57.971],[15.368,57.985],[15.371,57.986],[15.37,57.995],[15.368,57.997],[15.36,57.998],[15.359,58.001],[15.364,58.004],[15.363,58.007],[15.369,58.01],[15.375,58.015],[15.371,58.025],[15.371,58.034],[15.367,58.039],[15.369,58.044],[15.367,58.046],[15.373,58.05],[15.376,58.054],[15.379,58.063],[15.378,58.072],[15.379,58.079],[15.356,58.083],[15.345,58.084],[15.346,58.095],[15.351,58.098],[15.349,58.103],[15.33,58.1],[15.311,58.104],[15.295,58.103],[15.286,58.113],[15.285,58.117],[15.28,58.125],[15.28,58.131],[15.277,58.135]]]}},{"type":"Feature","properties":{"id":935596,"maakond_id":404,"name":"Kinda kommun","bbox":[15.359,57.79,16.093,58.209]},"geometry":{"type":"Polygon","coordinates":[[[15.379,58.063],[15.376,58.054],[15.373,58.05],[15.367,58.046],[15.369,58.044],[15.367,58.039],[15.371,58.034],[15.371,58.025],[15.375,58.015],[15.369,58.01],[15.363,58.007],[15.364,58.004],[15.359,58.001],[15.36,57.998],[15.368,57.997],[15.37,57.995],[15.371,57.986],[15.368,57.985],[15.368,57.971],[15.383,57.97],[15.397,57.965],[15.41,57.963],[15.414,57.964],[15.423,57.958],[15.423,57.952],[15.421,57.941],[15.419,57.936],[15.413,57.931],[15.416,57.924],[15.412,57.916],[15.418,57.911],[15.422,57.905],[15.424,57.898],[15.416,57.891],[15.419,57.886],[15.432,57.887],[15.436,57.886],[15.443,57.888],[15.449,57.885],[15.459,57.885],[15.46,57.87],[15.485,57.866],[15.512,57.856],[15.519,57.857],[15.522,57.854],[15.53,57.852],[15.535,57.847],[15.531,57.84],[15.526,57.836],[15.523,57.83],[15.514,57.819],[15.534,57.803],[15.538,57.793],[15.542,57.79],[15.552,57.793],[15.555,57.797],[15.57,57.805],[15.595,57.818],[15.597,57.818],[15.599,57.825],[15.602,57.827],[15.606,57.832],[15.602,57.838],[15.599,57.854],[15.619,57.855],[15.629,57.853],[15.64,57.849],[15.646,57.853],[15.659,57.857],[15.677,57.86],[15.679,57.858],[15.704,57.857],[15.713,57.856],[15.735,57.85],[15.768,57.852],[15.771,57.848],[15.782,57.844],[15.785,57.841],[15.79,57.84],[15.805,57.832],[15.816,57.823],[15.822,57.817],[15.829,57.818],[15.845,57.824],[15.854,57.829],[15.868,57.829],[15.887,57.83],[15.896,57.83],[15.899,57.827],[15.912,57.817],[15.922,57.813],[15.927,57.809],[15.944,57.803],[15.951,57.813],[15.965,57.823],[15.991,57.836],[16.005,57.846],[16.021,57.854],[16.032,57.861],[16.062,57.873],[16.063,57.88],[16.058,57.883],[16.061,57.887],[16.055,57.894],[16.058,57.899],[16.064,57.899],[16.052,57.912],[16.042,57.918],[16.029,57.921],[16.029,57.928],[16.019,57.944],[16.028,57.955],[16.039,57.96],[16.046,57.965],[16.053,57.961],[16.075,57.975],[16.093,57.978],[16.069,57.984],[16.05,57.988],[16.043,57.996],[16.025,58.011],[15.995,58.022],[15.997,58.036],[16.017,58.052],[16.016,58.061],[16.009,58.064],[16.002,58.066],[15.988,58.074],[15.988,58.076],[15.995,58.082],[16.007,58.088],[16.015,58.086],[16.039,58.101],[16.031,58.102],[16.024,58.105],[16.008,58.106],[15.995,58.118],[15.98,58.115],[15.978,58.117],[15.98,58.122],[15.975,58.126],[15.973,58.134],[15.969,58.14],[15.951,58.147],[15.944,58.153],[15.919,58.163],[15.898,58.164],[15.895,58.171],[15.889,58.179],[15.88,58.189],[15.862,58.197],[15.846,58.195],[15.837,58.199],[15.819,58.197],[15.815,58.206],[15.804,58.209],[15.791,58.207],[15.784,58.203],[15.775,58.205],[15.767,58.205],[15.763,58.202],[15.763,58.195],[15.743,58.187],[15.729,58.191],[15.712,58.194],[15.709,58.192],[15.701,58.192],[15.709,58.186],[15.714,58.177],[15.714,58.172],[15.709,58.173],[15.689,58.166],[15.685,58.166],[15.677,58.164],[15.668,58.165],[15.661,58.159],[15.65,58.159],[15.65,58.171],[15.652,58.179],[15.621,58.185],[15.612,58.189],[15.597,58.189],[15.593,58.188],[15.579,58.19],[15.576,58.194],[15.566,58.198],[15.563,58.204],[15.558,58.198],[15.555,58.192],[15.556,58.175],[15.558,58.163],[15.553,58.143],[15.548,58.143],[15.537,58.138],[15.516,58.12],[15.511,58.119],[15.51,58.113],[15.511,58.109],[15.515,58.107],[15.515,58.104],[15.511,58.093],[15.513,58.09],[15.503,58.087],[15.495,58.08],[15.476,58.075],[15.466,58.071],[15.452,58.073],[15.454,58.089],[15.442,58.087],[15.435,58.088],[15.433,58.083],[15.435,58.077],[15.429,58.076],[15.417,58.07],[15.414,58.066],[15.388,58.063],[15.379,58.063]]]}},{"type":"Feature","properties":{"id":935597,"maakond_id":413,"name":"Säffle kommun","bbox":[12.415,58.725,13.589,59.448]},"geometry":{"type":"Polygon","coordinates":[[[12.422,59.193],[12.438,59.193],[12.44,59.194],[12.454,59.194],[12.459,59.193],[12.462,59.182],[12.455,59.174],[12.442,59.174],[12.434,59.175],[12.42,59.175],[12.415,59.169],[12.423,59.163],[12.447,59.159],[12.451,59.158],[12.461,59.153],[12.458,59.145],[12.468,59.14],[12.457,59.132],[12.462,59.13],[12.478,59.128],[12.493,59.126],[12.517,59.131],[12.539,59.125],[12.547,59.126],[12.551,59.123],[12.558,59.121],[12.563,59.115],[12.573,59.114],[12.575,59.112],[12.582,59.113],[12.584,59.118],[12.59,59.121],[12.592,59.124],[12.589,59.129],[12.598,59.13],[12.603,59.133],[12.619,59.142],[12.618,59.154],[12.625,59.161],[12.63,59.164],[12.625,59.167],[12.624,59.172],[12.635,59.181],[12.65,59.186],[12.655,59.186],[12.654,59.176],[12.66,59.176],[12.67,59.178],[12.69,59.171],[12.695,59.171],[12.711,59.154],[12.714,59.151],[12.725,59.146],[12.738,59.141],[12.755,59.131],[12.755,59.126],[12.754,59.117],[12.756,59.113],[12.763,59.108],[12.763,59.097],[12.769,59.064],[12.773,59.058],[12.77,59.044],[12.773,59.04],[12.9,58.814],[13.151,58.755],[13.179,58.756],[13.253,58.725],[13.425,58.746],[13.339,58.812],[13.424,58.959],[13.589,59.059],[13.364,59.166],[13.177,59.255],[13.114,59.253],[13.072,59.237],[13.066,59.236],[13.046,59.239],[13.039,59.244],[13.003,59.237],[12.994,59.237],[12.944,59.245],[12.936,59.248],[12.917,59.251],[12.915,59.261],[12.92,59.264],[12.918,59.27],[12.915,59.274],[12.923,59.278],[12.921,59.283],[12.915,59.283],[12.914,59.28],[12.907,59.28],[12.91,59.288],[12.913,59.299],[12.915,59.314],[12.911,59.341],[12.902,59.348],[12.901,59.355],[12.901,59.372],[12.91,59.374],[12.913,59.376],[12.912,59.38],[12.907,59.386],[12.919,59.395],[12.928,59.399],[12.915,59.413],[12.898,59.419],[12.894,59.423],[12.903,59.431],[12.906,59.443],[12.899,59.445],[12.891,59.448],[12.878,59.436],[12.87,59.434],[12.868,59.432],[12.86,59.432],[12.84,59.43],[12.832,59.425],[12.814,59.412],[12.805,59.41],[12.8,59.405],[12.792,59.41],[12.772,59.402],[12.75,59.399],[12.727,59.393],[12.704,59.39],[12.692,59.393],[12.675,59.393],[12.664,59.394],[12.645,59.39],[12.636,59.393],[12.625,59.4],[12.619,59.393],[12.61,59.388],[12.6,59.385],[12.559,59.387],[12.555,59.389],[12.519,59.403],[12.513,59.413],[12.509,59.415],[12.504,59.411],[12.485,59.399],[12.47,59.392],[12.464,59.384],[12.45,59.385],[12.45,59.382],[12.469,59.374],[12.481,59.372],[12.478,59.361],[12.473,59.36],[12.47,59.355],[12.466,59.343],[12.458,59.336],[12.465,59.327],[12.466,59.319],[12.463,59.313],[12.466,59.306],[12.471,59.3],[12.468,59.298],[12.469,59.295],[12.465,59.293],[12.463,59.284],[12.461,59.278],[12.463,59.274],[12.474,59.267],[12.474,59.261],[12.475,59.25],[12.474,59.248],[12.451,59.248],[12.441,59.251],[12.445,59.229],[12.437,59.223],[12.428,59.223],[12.428,59.219],[12.423,59.21],[12.424,59.2],[12.422,59.193]]]}},{"type":"Feature","properties":{"id":935598,"maakond_id":407,"name":"Emmaboda kommun","bbox":[15.337,56.442,15.777,56.838]},"geometry":{"type":"Polygon","coordinates":[[[15.481,56.48],[15.494,56.476],[15.505,56.474],[15.512,56.476],[15.514,56.482],[15.511,56.491],[15.517,56.495],[15.524,56.502],[15.543,56.504],[15.553,56.501],[15.568,56.498],[15.575,56.495],[15.582,56.496],[15.586,56.495],[15.588,56.491],[15.586,56.485],[15.592,56.48],[15.599,56.474],[15.605,56.471],[15.611,56.471],[15.623,56.465],[15.628,56.463],[15.631,56.46],[15.64,56.457],[15.645,56.458],[15.654,56.463],[15.658,56.458],[15.663,56.455],[15.667,56.447],[15.669,56.442],[15.676,56.447],[15.683,56.461],[15.691,56.463],[15.691,56.473],[15.69,56.477],[15.694,56.48],[15.703,56.48],[15.71,56.47],[15.714,56.47],[15.716,56.477],[15.712,56.484],[15.702,56.488],[15.698,56.487],[15.691,56.494],[15.704,56.502],[15.713,56.504],[15.735,56.513],[15.738,56.518],[15.743,56.52],[15.747,56.523],[15.756,56.53],[15.75,56.543],[15.742,56.548],[15.745,56.551],[15.742,56.561],[15.745,56.564],[15.757,56.564],[15.761,56.567],[15.771,56.571],[15.772,56.581],[15.775,56.585],[15.777,56.589],[15.769,56.591],[15.76,56.591],[15.76,56.603],[15.744,56.605],[15.725,56.62],[15.704,56.626],[15.694,56.632],[15.685,56.631],[15.673,56.631],[15.675,56.638],[15.672,56.639],[15.67,56.649],[15.677,56.654],[15.683,56.66],[15.681,56.664],[15.665,56.665],[15.657,56.664],[15.643,56.66],[15.636,56.66],[15.635,56.666],[15.638,56.674],[15.645,56.68],[15.652,56.694],[15.659,56.698],[15.668,56.701],[15.675,56.7],[15.682,56.696],[15.683,56.701],[15.677,56.711],[15.682,56.725],[15.686,56.729],[15.689,56.73],[15.689,56.736],[15.687,56.742],[15.695,56.743],[15.706,56.747],[15.709,56.755],[15.712,56.768],[15.736,56.784],[15.714,56.796],[15.705,56.804],[15.7,56.8],[15.698,56.794],[15.691,56.794],[15.687,56.791],[15.678,56.788],[15.669,56.782],[15.666,56.782],[15.663,56.8],[15.656,56.816],[15.648,56.827],[15.641,56.826],[15.615,56.828],[15.587,56.833],[15.571,56.835],[15.553,56.838],[15.553,56.823],[15.538,56.806],[15.523,56.803],[15.49,56.795],[15.487,56.796],[15.457,56.796],[15.445,56.796],[15.449,56.785],[15.445,56.779],[15.432,56.78],[15.428,56.782],[15.415,56.78],[15.383,56.782],[15.368,56.781],[15.361,56.758],[15.378,56.751],[15.379,56.747],[15.384,56.746],[15.393,56.732],[15.389,56.726],[15.394,56.721],[15.402,56.717],[15.416,56.717],[15.425,56.713],[15.425,56.71],[15.418,56.71],[15.418,56.708],[15.421,56.701],[15.419,56.696],[15.414,56.693],[15.413,56.688],[15.41,56.682],[15.412,56.679],[15.424,56.674],[15.422,56.669],[15.405,56.662],[15.4,56.656],[15.408,56.654],[15.406,56.649],[15.412,56.646],[15.418,56.645],[15.419,56.639],[15.403,56.631],[15.394,56.627],[15.391,56.624],[15.388,56.614],[15.385,56.611],[15.374,56.61],[15.372,56.604],[15.367,56.602],[15.375,56.592],[15.385,56.59],[15.392,56.583],[15.388,56.578],[15.387,56.57],[15.381,56.565],[15.379,56.561],[15.382,56.552],[15.371,56.554],[15.367,56.567],[15.359,56.566],[15.357,56.56],[15.365,56.555],[15.357,56.553],[15.36,56.549],[15.356,56.548],[15.36,56.54],[15.357,56.535],[15.35,56.533],[15.357,56.526],[15.353,56.522],[15.354,56.515],[15.348,56.514],[15.346,56.506],[15.349,56.504],[15.341,56.499],[15.342,56.494],[15.337,56.489],[15.342,56.484],[15.365,56.482],[15.366,56.484],[15.367,56.493],[15.381,56.5],[15.386,56.501],[15.398,56.498],[15.41,56.497],[15.418,56.493],[15.432,56.491],[15.433,56.495],[15.439,56.494],[15.444,56.488],[15.447,56.482],[15.463,56.485],[15.468,56.487],[15.478,56.484],[15.481,56.48]]]}},{"type":"Feature","properties":{"id":935599,"maakond_id":410,"name":"Ystads kommun","bbox":[13.619,55.177,14.384,55.575]},"geometry":{"type":"Polygon","coordinates":[[[14.074,55.48],[14.057,55.477],[14.054,55.477],[14.039,55.474],[14.035,55.473],[14.03,55.474],[14.023,55.478],[14.005,55.475],[14.005,55.473],[13.99,55.467],[13.976,55.471],[13.959,55.481],[13.945,55.485],[13.937,55.485],[13.939,55.492],[13.935,55.496],[13.922,55.495],[13.915,55.497],[13.905,55.505],[13.9,55.509],[13.9,55.514],[13.896,55.519],[13.898,55.521],[13.891,55.528],[13.88,55.533],[13.875,55.54],[13.87,55.546],[13.864,55.549],[13.86,55.555],[13.857,55.562],[13.85,55.566],[13.844,55.569],[13.833,55.572],[13.825,55.575],[13.822,55.569],[13.818,55.564],[13.812,55.561],[13.795,55.561],[13.791,55.56],[13.781,55.558],[13.776,55.551],[13.78,55.548],[13.781,55.542],[13.761,55.534],[13.754,55.538],[13.746,55.54],[13.743,55.534],[13.737,55.532],[13.712,55.532],[13.712,55.528],[13.716,55.522],[13.712,55.517],[13.706,55.512],[13.692,55.51],[13.686,55.511],[13.684,55.515],[13.685,55.521],[13.68,55.523],[13.677,55.521],[13.678,55.517],[13.681,55.512],[13.679,55.51],[13.671,55.511],[13.672,55.523],[13.669,55.527],[13.677,55.527],[13.679,55.529],[13.667,55.533],[13.665,55.527],[13.657,55.524],[13.661,55.521],[13.661,55.517],[13.652,55.515],[13.655,55.512],[13.653,55.509],[13.646,55.508],[13.655,55.505],[13.652,55.502],[13.648,55.504],[13.646,55.5],[13.651,55.498],[13.654,55.503],[13.664,55.5],[13.662,55.496],[13.657,55.482],[13.646,55.484],[13.646,55.474],[13.64,55.474],[13.643,55.465],[13.635,55.462],[13.634,55.453],[13.619,55.446],[13.627,55.439],[13.625,55.438],[13.627,55.433],[13.638,55.43],[13.638,55.428],[13.643,55.427],[13.645,55.424],[13.656,55.425],[13.659,55.384],[13.72,55.327],[13.841,55.218],[13.853,55.218],[13.867,55.213],[13.887,55.206],[13.909,55.2],[13.931,55.194],[13.954,55.19],[13.978,55.186],[13.99,55.185],[14.014,55.182],[14.038,55.181],[14.062,55.181],[14.081,55.181],[14.102,55.179],[14.126,55.178],[14.15,55.177],[14.169,55.178],[14.384,55.352],[14.216,55.398],[14.212,55.4],[14.205,55.414],[14.203,55.415],[14.193,55.415],[14.187,55.418],[14.182,55.422],[14.175,55.425],[14.17,55.426],[14.164,55.43],[14.147,55.437],[14.141,55.445],[14.139,55.449],[14.133,55.451],[14.135,55.455],[14.129,55.465],[14.146,55.469],[14.139,55.473],[14.139,55.478],[14.128,55.477],[14.122,55.48],[14.112,55.48],[14.106,55.476],[14.096,55.473],[14.087,55.469],[14.083,55.472],[14.079,55.473],[14.074,55.48]]]}},{"type":"Feature","properties":{"id":935600,"maakond_id":412,"name":"Falköpings kommun","bbox":[13.189,57.91,13.892,58.44]},"geometry":{"type":"MultiPolygon","coordinates":[[[[13.862,58.254],[13.851,58.267],[13.857,58.266],[13.86,58.268],[13.886,58.259],[13.892,58.261],[13.866,58.269],[13.854,58.27],[13.855,58.274],[13.854,58.282],[13.851,58.285],[13.856,58.295],[13.857,58.306],[13.859,58.309],[13.834,58.308],[13.825,58.308],[13.805,58.31],[13.794,58.305],[13.792,58.302],[13.785,58.304],[13.79,58.31],[13.776,58.313],[13.769,58.309],[13.751,58.308],[13.747,58.312],[13.733,58.307],[13.712,58.298],[13.7,58.299],[13.68,58.31],[13.676,58.305],[13.668,58.307],[13.656,58.307],[13.659,58.312],[13.669,58.311],[13.674,58.316],[13.671,58.318],[13.671,58.323],[13.664,58.325],[13.667,58.334],[13.693,58.348],[13.716,58.349],[13.74,58.348],[13.742,58.358],[13.767,58.363],[13.77,58.367],[13.782,58.367],[13.803,58.377],[13.802,58.38],[13.764,58.394],[13.763,58.394],[13.772,58.415],[13.765,58.417],[13.763,58.419],[13.757,58.419],[13.745,58.405],[13.75,58.405],[13.758,58.401],[13.754,58.395],[13.745,58.395],[13.738,58.397],[13.738,58.394],[13.749,58.394],[13.754,58.392],[13.746,58.39],[13.738,58.385],[13.727,58.378],[13.723,58.377],[13.696,58.377],[13.667,58.37],[13.734,58.363],[13.723,58.353],[13.631,58.348],[13.621,58.351],[13.604,58.352],[13.598,58.352],[13.572,58.344],[13.56,58.339],[13.561,58.324],[13.545,58.318],[13.539,58.305],[13.532,58.298],[13.532,58.292],[13.519,58.287],[13.493,58.276],[13.486,58.274],[13.474,58.28],[13.465,58.279],[13.441,58.281],[13.436,58.28],[13.405,58.276],[13.389,58.255],[13.383,58.259],[13.378,58.258],[13.379,58.252],[13.382,58.25],[13.37,58.241],[13.357,58.233],[13.352,58.236],[13.344,58.235],[13.338,58.232],[13.346,58.226],[13.316,58.207],[13.32,58.204],[13.303,58.2],[13.286,58.191],[13.257,58.189],[13.245,58.19],[13.247,58.186],[13.241,58.177],[13.243,58.174],[13.236,58.17],[13.236,58.168],[13.227,58.154],[13.231,58.147],[13.229,58.145],[13.226,58.136],[13.211,58.143],[13.189,58.129],[13.196,58.128],[13.203,58.129],[13.214,58.126],[13.21,58.121],[13.217,58.117],[13.208,58.113],[13.202,58.108],[13.212,58.106],[13.211,58.101],[13.203,58.102],[13.199,58.1],[13.207,58.097],[13.198,58.089],[13.199,58.085],[13.209,58.081],[13.202,58.076],[13.208,58.074],[13.219,58.075],[13.228,58.089],[13.252,58.091],[13.259,58.093],[13.269,58.087],[13.284,58.083],[13.284,58.087],[13.295,58.085],[13.299,58.082],[13.304,58.085],[13.314,58.082],[13.308,58.078],[13.308,58.074],[13.296,58.065],[13.306,58.062],[13.304,58.058],[13.305,58.055],[13.312,58.053],[13.313,58.05],[13.309,58.047],[13.309,58.038],[13.321,58.019],[13.322,58.023],[13.335,58.016],[13.334,58.012],[13.328,58.009],[13.331,58.004],[13.337,58.003],[13.348,58.008],[13.352,58.006],[13.37,58.004],[13.374,58.002],[13.361,57.988],[13.357,57.982],[13.375,57.978],[13.391,57.979],[13.417,57.978],[13.419,57.984],[13.43,57.98],[13.435,57.973],[13.443,57.964],[13.441,57.959],[13.449,57.958],[13.457,57.964],[13.463,57.966],[13.473,57.966],[13.478,57.968],[13.486,57.967],[13.489,57.971],[13.487,57.979],[13.483,57.979],[13.48,57.983],[13.487,57.984],[13.506,57.998],[13.514,58.004],[13.516,58.009],[13.525,58.011],[13.528,58.008],[13.536,58.006],[13.543,58.009],[13.547,58.004],[13.559,58.007],[13.564,58.004],[13.572,58.001],[13.579,57.995],[13.583,57.991],[13.592,57.99],[13.59,57.987],[13.581,57.979],[13.58,57.974],[13.588,57.964],[13.596,57.951],[13.609,57.949],[13.611,57.941],[13.614,57.939],[13.612,57.933],[13.614,57.93],[13.605,57.929],[13.599,57.927],[13.587,57.916],[13.595,57.914],[13.6,57.91],[13.605,57.912],[13.61,57.916],[13.618,57.919],[13.634,57.918],[13.641,57.919],[13.642,57.924],[13.648,57.925],[13.649,57.928],[13.658,57.927],[13.67,57.93],[13.677,57.931],[13.695,57.932],[13.714,57.93],[13.729,57.931],[13.726,57.939],[13.712,57.966],[13.687,57.974],[13.688,57.977],[13.719,57.976],[13.72,57.98],[13.723,57.986],[13.728,57.989],[13.725,57.991],[13.732,57.995],[13.733,57.998],[13.744,57.997],[13.749,57.994],[13.758,58.001],[13.75,58.005],[13.755,58.008],[13.774,58.006],[13.776,58.011],[13.772,58.02],[13.753,58.025],[13.759,58.026],[13.772,58.024],[13.766,58.036],[13.771,58.04],[13.773,58.048],[13.79,58.056],[13.767,58.066],[13.75,58.071],[13.75,58.076],[13.755,58.079],[13.755,58.085],[13.745,58.088],[13.764,58.098],[13.76,58.101],[13.755,58.098],[13.752,58.099],[13.748,58.103],[13.742,58.107],[13.749,58.109],[13.743,58.113],[13.764,58.124],[13.757,58.125],[13.736,58.131],[13.72,58.138],[13.722,58.142],[13.719,58.144],[13.726,58.149],[13.757,58.166],[13.753,58.171],[13.746,58.175],[13.746,58.178],[13.753,58.18],[13.766,58.185],[13.774,58.186],[13.78,58.207],[13.764,58.204],[13.755,58.205],[13.761,58.213],[13.757,58.217],[13.753,58.218],[13.756,58.226],[13.754,58.23],[13.762,58.231],[13.766,58.234],[13.771,58.235],[13.773,58.238],[13.783,58.24],[13.802,58.244],[13.808,58.242],[13.817,58.242],[13.862,58.252],[13.862,58.254]]],[[[13.766,58.422],[13.776,58.42],[13.789,58.422],[13.786,58.425],[13.782,58.422],[13.767,58.424],[13.772,58.428],[13.774,58.435],[13.772,58.438],[13.76,58.44],[13.75,58.436],[13.745,58.436],[13.743,58.434],[13.75,58.433],[13.752,58.43],[13.749,58.426],[13.766,58.424],[13.766,58.422]]]]}},{"type":"Feature","properties":{"id":935601,"maakond_id":412,"name":"Åmåls kommun","bbox":[12.402,58.747,12.9,59.186]},"geometry":{"type":"Polygon","coordinates":[[[12.9,58.814],[12.773,59.04],[12.77,59.044],[12.773,59.058],[12.769,59.064],[12.763,59.097],[12.763,59.108],[12.756,59.113],[12.754,59.117],[12.755,59.126],[12.755,59.131],[12.738,59.141],[12.725,59.146],[12.714,59.151],[12.711,59.154],[12.695,59.171],[12.69,59.171],[12.67,59.178],[12.66,59.176],[12.654,59.176],[12.655,59.186],[12.65,59.186],[12.635,59.181],[12.624,59.172],[12.625,59.167],[12.63,59.164],[12.625,59.161],[12.618,59.154],[12.619,59.142],[12.603,59.133],[12.598,59.13],[12.589,59.129],[12.592,59.124],[12.59,59.121],[12.584,59.118],[12.582,59.113],[12.575,59.112],[12.573,59.114],[12.563,59.115],[12.558,59.121],[12.551,59.123],[12.547,59.126],[12.539,59.125],[12.517,59.131],[12.493,59.126],[12.478,59.128],[12.462,59.13],[12.457,59.132],[12.452,59.129],[12.446,59.122],[12.444,59.113],[12.441,59.11],[12.443,59.103],[12.441,59.101],[12.436,59.093],[12.432,59.089],[12.427,59.085],[12.425,59.08],[12.428,59.078],[12.421,59.073],[12.43,59.067],[12.425,59.061],[12.419,59.06],[12.412,59.052],[12.416,59.044],[12.414,59.038],[12.415,59.035],[12.424,59.031],[12.429,59.03],[12.426,59.025],[12.412,59.018],[12.402,59.005],[12.425,59.003],[12.426,58.998],[12.423,58.993],[12.411,58.984],[12.41,58.981],[12.414,58.98],[12.418,58.973],[12.413,58.971],[12.41,58.963],[12.418,58.958],[12.414,58.956],[12.413,58.953],[12.418,58.945],[12.427,58.941],[12.443,58.944],[12.449,58.936],[12.456,58.933],[12.456,58.926],[12.451,58.927],[12.45,58.923],[12.446,58.917],[12.446,58.912],[12.451,58.913],[12.457,58.919],[12.46,58.917],[12.451,58.912],[12.446,58.911],[12.451,58.901],[12.442,58.897],[12.441,58.888],[12.438,58.879],[12.435,58.878],[12.433,58.873],[12.433,58.867],[12.435,58.863],[12.433,58.859],[12.436,58.851],[12.444,58.847],[12.455,58.85],[12.462,58.841],[12.463,58.835],[12.46,58.832],[12.463,58.824],[12.47,58.814],[12.476,58.814],[12.477,58.822],[12.487,58.827],[12.492,58.832],[12.498,58.832],[12.509,58.828],[12.515,58.823],[12.525,58.824],[12.527,58.816],[12.532,58.814],[12.534,58.811],[12.541,58.806],[12.559,58.799],[12.563,58.784],[12.606,58.785],[12.872,58.747],[12.9,58.814]]]}},{"type":"Feature","properties":{"id":935602,"maakond_id":403,"name":"Gnesta kommun","bbox":[16.881,58.916,17.411,59.205]},"geometry":{"type":"Polygon","coordinates":[[[17.385,58.934],[17.404,58.945],[17.411,58.945],[17.409,58.949],[17.399,58.957],[17.4,58.961],[17.391,58.966],[17.386,58.972],[17.386,58.975],[17.375,58.982],[17.371,58.991],[17.365,58.996],[17.365,59.001],[17.36,59.007],[17.355,59.009],[17.352,59.017],[17.343,59.025],[17.347,59.029],[17.333,59.033],[17.331,59.036],[17.332,59.042],[17.326,59.044],[17.319,59.049],[17.32,59.062],[17.326,59.07],[17.321,59.076],[17.312,59.079],[17.316,59.086],[17.318,59.098],[17.319,59.115],[17.322,59.124],[17.322,59.137],[17.317,59.145],[17.309,59.15],[17.302,59.16],[17.297,59.164],[17.284,59.169],[17.277,59.17],[17.26,59.172],[17.245,59.172],[17.224,59.176],[17.218,59.18],[17.192,59.194],[17.184,59.194],[17.176,59.196],[17.164,59.194],[17.146,59.195],[17.128,59.2],[17.115,59.197],[17.02,59.202],[16.937,59.205],[16.925,59.186],[16.908,59.177],[16.9,59.169],[16.896,59.165],[16.882,59.151],[16.907,59.139],[16.908,59.134],[16.881,59.112],[16.893,59.107],[16.904,59.102],[16.91,59.095],[16.921,59.09],[16.926,59.087],[16.934,59.086],[16.945,59.082],[16.95,59.078],[16.955,59.076],[16.957,59.073],[16.972,59.066],[16.98,59.067],[16.981,59.062],[16.986,59.057],[16.99,59.056],[16.996,59.048],[17.002,59.045],[16.995,59.038],[17.002,59.034],[17.004,59.04],[17.011,59.037],[17.029,59.041],[17.03,59.038],[17.024,59.037],[17.01,59.03],[17.041,59.018],[17.057,59.021],[17.058,59.018],[17.063,59.017],[17.076,59.013],[17.082,59.008],[17.077,59.005],[17.086,59.002],[17.092,58.998],[17.094,58.995],[17.105,58.991],[17.113,58.985],[17.12,58.982],[17.128,58.982],[17.147,58.978],[17.154,58.975],[17.164,58.981],[17.173,58.982],[17.175,58.977],[17.207,58.969],[17.21,58.965],[17.217,58.953],[17.22,58.951],[17.244,58.952],[17.272,58.955],[17.276,58.95],[17.284,58.943],[17.301,58.938],[17.314,58.937],[17.323,58.922],[17.325,58.919],[17.335,58.916],[17.336,58.92],[17.341,58.92],[17.348,58.926],[17.352,58.925],[17.361,58.931],[17.367,58.934],[17.385,58.934]]]}},{"type":"Feature","properties":{"id":935603,"maakond_id":409,"name":"Olofströms kommun","bbox":[14.39,56.191,14.747,56.46]},"geometry":{"type":"Polygon","coordinates":[[[14.39,56.301],[14.401,56.302],[14.409,56.304],[14.405,56.294],[14.412,56.292],[14.426,56.291],[14.429,56.275],[14.426,56.26],[14.428,56.254],[14.435,56.253],[14.434,56.25],[14.427,56.25],[14.427,56.248],[14.435,56.238],[14.438,56.232],[14.441,56.229],[14.466,56.225],[14.467,56.229],[14.463,56.237],[14.468,56.239],[14.477,56.233],[14.492,56.226],[14.507,56.222],[14.516,56.217],[14.527,56.219],[14.531,56.223],[14.537,56.223],[14.538,56.221],[14.567,56.224],[14.565,56.213],[14.568,56.209],[14.575,56.193],[14.575,56.191],[14.591,56.198],[14.591,56.202],[14.599,56.202],[14.6,56.201],[14.62,56.201],[14.627,56.203],[14.643,56.207],[14.651,56.208],[14.66,56.21],[14.661,56.217],[14.656,56.222],[14.662,56.223],[14.666,56.221],[14.67,56.228],[14.673,56.23],[14.689,56.23],[14.693,56.229],[14.699,56.232],[14.704,56.25],[14.711,56.254],[14.712,56.261],[14.725,56.256],[14.735,56.259],[14.746,56.259],[14.747,56.263],[14.741,56.266],[14.74,56.272],[14.732,56.276],[14.732,56.282],[14.735,56.285],[14.735,56.294],[14.741,56.298],[14.732,56.314],[14.723,56.317],[14.715,56.324],[14.715,56.328],[14.704,56.331],[14.699,56.339],[14.696,56.34],[14.695,56.345],[14.692,56.355],[14.689,56.361],[14.684,56.363],[14.684,56.368],[14.679,56.376],[14.679,56.378],[14.676,56.387],[14.673,56.39],[14.668,56.399],[14.664,56.401],[14.649,56.404],[14.65,56.407],[14.638,56.413],[14.634,56.417],[14.629,56.42],[14.625,56.42],[14.619,56.429],[14.615,56.438],[14.597,56.444],[14.58,56.444],[14.569,56.447],[14.565,56.448],[14.553,56.45],[14.543,56.454],[14.531,56.456],[14.515,56.46],[14.511,56.458],[14.506,56.444],[14.499,56.445],[14.498,56.439],[14.493,56.438],[14.494,56.434],[14.49,56.43],[14.488,56.424],[14.482,56.417],[14.474,56.411],[14.472,56.408],[14.455,56.408],[14.443,56.405],[14.427,56.401],[14.414,56.4],[14.413,56.393],[14.415,56.393],[14.421,56.384],[14.419,56.376],[14.419,56.367],[14.413,56.367],[14.411,56.358],[14.411,56.353],[14.405,56.343],[14.406,56.335],[14.4,56.331],[14.401,56.327],[14.39,56.301]]]}},{"type":"Feature","properties":{"id":935604,"maakond_id":405,"name":"Gislaveds kommun","bbox":[13.079,56.972,13.909,57.614]},"geometry":{"type":"MultiPolygon","coordinates":[[[[13.747,57.039],[13.747,57.071],[13.74,57.074],[13.733,57.083],[13.735,57.086],[13.732,57.089],[13.732,57.092],[13.729,57.093],[13.717,57.092],[13.716,57.097],[13.709,57.101],[13.702,57.104],[13.7,57.111],[13.733,57.121],[13.738,57.134],[13.744,57.14],[13.72,57.139],[13.704,57.14],[13.697,57.149],[13.722,57.16],[13.708,57.167],[13.701,57.165],[13.696,57.159],[13.696,57.156],[13.689,57.147],[13.682,57.145],[13.683,57.14],[13.676,57.138],[13.664,57.147],[13.65,57.159],[13.641,57.171],[13.642,57.174],[13.647,57.177],[13.661,57.178],[13.667,57.184],[13.67,57.189],[13.676,57.193],[13.663,57.195],[13.656,57.198],[13.658,57.201],[13.659,57.207],[13.657,57.211],[13.657,57.217],[13.667,57.23],[13.662,57.231],[13.662,57.242],[13.667,57.247],[13.671,57.249],[13.686,57.248],[13.689,57.245],[13.71,57.246],[13.713,57.25],[13.72,57.253],[13.716,57.26],[13.708,57.263],[13.707,57.269],[13.708,57.273],[13.708,57.286],[13.702,57.286],[13.694,57.294],[13.69,57.304],[13.683,57.305],[13.68,57.308],[13.681,57.311],[13.684,57.314],[13.678,57.32],[13.683,57.328],[13.674,57.342],[13.664,57.342],[13.647,57.345],[13.65,57.351],[13.627,57.352],[13.584,57.343],[13.571,57.346],[13.572,57.351],[13.57,57.354],[13.577,57.359],[13.576,57.365],[13.577,57.368],[13.578,57.377],[13.595,57.379],[13.599,57.383],[13.6,57.391],[13.599,57.394],[13.602,57.397],[13.604,57.403],[13.61,57.404],[13.616,57.408],[13.627,57.418],[13.632,57.425],[13.625,57.429],[13.626,57.432],[13.633,57.432],[13.637,57.437],[13.648,57.436],[13.657,57.443],[13.658,57.446],[13.652,57.449],[13.659,57.457],[13.659,57.461],[13.662,57.468],[13.67,57.472],[13.679,57.469],[13.681,57.466],[13.688,57.466],[13.688,57.464],[13.692,57.46],[13.697,57.458],[13.703,57.461],[13.707,57.458],[13.703,57.454],[13.708,57.454],[13.716,57.459],[13.725,57.461],[13.728,57.467],[13.74,57.474],[13.741,57.47],[13.75,57.474],[13.751,57.477],[13.758,57.483],[13.765,57.477],[13.767,57.473],[13.772,57.469],[13.777,57.471],[13.783,57.468],[13.789,57.463],[13.793,57.464],[13.797,57.46],[13.8,57.459],[13.806,57.462],[13.801,57.464],[13.804,57.469],[13.804,57.472],[13.814,57.474],[13.818,57.476],[13.823,57.474],[13.825,57.479],[13.83,57.481],[13.832,57.478],[13.839,57.477],[13.851,57.47],[13.872,57.471],[13.88,57.47],[13.886,57.465],[13.895,57.465],[13.9,57.47],[13.899,57.476],[13.901,57.48],[13.897,57.492],[13.909,57.493],[13.907,57.497],[13.907,57.507],[13.906,57.517],[13.902,57.526],[13.905,57.532],[13.898,57.539],[13.893,57.542],[13.893,57.55],[13.884,57.554],[13.881,57.562],[13.886,57.566],[13.895,57.568],[13.901,57.576],[13.876,57.578],[13.859,57.581],[13.867,57.593],[13.849,57.595],[13.843,57.603],[13.836,57.607],[13.829,57.606],[13.825,57.608],[13.826,57.613],[13.819,57.614],[13.807,57.612],[13.8,57.608],[13.805,57.602],[13.805,57.598],[13.801,57.593],[13.801,57.589],[13.815,57.588],[13.813,57.583],[13.806,57.581],[13.79,57.574],[13.783,57.566],[13.781,57.561],[13.776,57.555],[13.757,57.562],[13.754,57.561],[13.749,57.565],[13.75,57.567],[13.742,57.569],[13.735,57.568],[13.726,57.569],[13.72,57.563],[13.719,57.56],[13.689,57.558],[13.683,57.554],[13.668,57.541],[13.669,57.538],[13.649,57.529],[13.642,57.524],[13.637,57.524],[13.624,57.52],[13.615,57.513],[13.61,57.512],[13.605,57.508],[13.595,57.497],[13.593,57.491],[13.587,57.484],[13.588,57.482],[13.582,57.475],[13.57,57.469],[13.564,57.463],[13.546,57.444],[13.531,57.43],[13.514,57.428],[13.504,57.414],[13.515,57.41],[13.515,57.404],[13.51,57.397],[13.488,57.396],[13.482,57.393],[13.48,57.39],[13.474,57.386],[13.472,57.381],[13.467,57.377],[13.468,57.371],[13.463,57.372],[13.456,57.371],[13.448,57.371],[13.436,57.369],[13.433,57.366],[13.433,57.362],[13.43,57.358],[13.435,57.356],[13.436,57.353],[13.433,57.349],[13.406,57.342],[13.397,57.34],[13.395,57.342],[13.386,57.34],[13.386,57.337],[13.382,57.335],[13.377,57.328],[13.372,57.325],[13.369,57.322],[13.363,57.323],[13.352,57.321],[13.347,57.318],[13.338,57.317],[13.3,57.312],[13.282,57.307],[13.287,57.302],[13.289,57.289],[13.287,57.283],[13.285,57.28],[13.285,57.276],[13.282,57.27],[13.273,57.268],[13.273,57.263],[13.265,57.258],[13.266,57.255],[13.262,57.249],[13.253,57.255],[13.243,57.26],[13.229,57.259],[13.224,57.255],[13.211,57.251],[13.199,57.25],[13.196,57.243],[13.189,57.238],[13.19,57.23],[13.194,57.227],[13.175,57.211],[13.176,57.209],[13.166,57.199],[13.166,57.194],[13.159,57.19],[13.151,57.178],[13.138,57.174],[13.136,57.169],[13.138,57.168],[13.131,57.164],[13.126,57.157],[13.12,57.155],[13.117,57.149],[13.111,57.147],[13.1,57.146],[13.081,57.132],[13.082,57.125],[13.091,57.129],[13.099,57.128],[13.097,57.126],[13.091,57.123],[13.094,57.12],[13.085,57.113],[13.088,57.111],[13.09,57.106],[13.079,57.099],[13.085,57.094],[13.09,57.086],[13.081,57.084],[13.087,57.078],[13.094,57.076],[13.099,57.07],[13.107,57.066],[13.116,57.063],[13.115,57.06],[13.12,57.059],[13.122,57.054],[13.114,57.047],[13.113,57.041],[13.122,57.036],[13.118,57.033],[13.122,57.027],[13.133,57.027],[13.134,57.032],[13.137,57.035],[13.145,57.038],[13.156,57.037],[13.166,57.041],[13.179,57.048],[13.19,57.049],[13.196,57.051],[13.198,57.054],[13.193,57.055],[13.19,57.058],[13.176,57.052],[13.168,57.048],[13.162,57.052],[13.172,57.055],[13.18,57.067],[13.187,57.064],[13.196,57.068],[13.201,57.072],[13.206,57.071],[13.212,57.074],[13.218,57.076],[13.229,57.077],[13.234,57.079],[13.224,57.084],[13.229,57.086],[13.233,57.09],[13.227,57.095],[13.232,57.098],[13.254,57.089],[13.275,57.093],[13.277,57.096],[13.286,57.1],[13.289,57.103],[13.296,57.102],[13.3,57.104],[13.307,57.102],[13.321,57.102],[13.325,57.105],[13.346,57.11],[13.351,57.113],[13.366,57.114],[13.379,57.111],[13.386,57.111],[13.387,57.114],[13.411,57.114],[13.424,57.113],[13.44,57.11],[13.442,57.107],[13.449,57.105],[13.455,57.103],[13.452,57.1],[13.455,57.097],[13.469,57.103],[13.473,57.108],[13.489,57.114],[13.497,57.109],[13.496,57.095],[13.501,57.09],[13.49,57.086],[13.501,57.074],[13.505,57.074],[13.506,57.078],[13.505,57.085],[13.527,57.087],[13.535,57.081],[13.546,57.079],[13.574,57.07],[13.569,57.066],[13.574,57.063],[13.58,57.063],[13.582,57.065],[13.599,57.063],[13.604,57.06],[13.606,57.051],[13.602,57.046],[13.608,57.042],[13.599,57.037],[13.586,57.033],[13.593,57.03],[13.603,57.024],[13.595,57.015],[13.603,57.008],[13.613,57.003],[13.616,57],[13.629,56.994],[13.627,56.991],[13.63,56.986],[13.648,56.988],[13.648,56.986],[13.656,56.984],[13.664,56.985],[13.667,56.98],[13.681,56.972],[13.691,56.976],[13.693,56.989],[13.71,57.005],[13.713,57.018],[13.733,57.036],[13.747,57.039]]],[[[13.744,57.128],[13.743,57.124],[13.761,57.13],[13.763,57.132],[13.757,57.135],[13.745,57.132],[13.744,57.128]]],[[[13.194,57.056],[13.199,57.054],[13.205,57.055],[13.202,57.058],[13.194,57.056]]]]}},{"type":"Feature","properties":{"id":935605,"maakond_id":414,"name":"Laxå kommun","bbox":[14.285,58.677,14.786,59.129]},"geometry":{"type":"MultiPolygon","coordinates":[[[[14.726,58.975],[14.717,58.975],[14.705,58.981],[14.712,58.985],[14.717,58.993],[14.749,58.997],[14.742,59.004],[14.744,59.009],[14.749,59.012],[14.742,59.014],[14.74,59.011],[14.727,59.01],[14.722,59.014],[14.725,59.023],[14.713,59.029],[14.704,59.026],[14.698,59.025],[14.71,59.042],[14.712,59.049],[14.719,59.059],[14.72,59.078],[14.727,59.099],[14.742,59.127],[14.695,59.115],[14.684,59.115],[14.681,59.119],[14.667,59.119],[14.664,59.11],[14.651,59.11],[14.638,59.107],[14.624,59.106],[14.578,59.1],[14.576,59.101],[14.57,59.099],[14.545,59.095],[14.512,59.09],[14.509,59.093],[14.505,59.093],[14.505,59.089],[14.485,59.086],[14.463,59.054],[14.457,59.051],[14.459,59.047],[14.451,59.041],[14.457,59.035],[14.452,59.035],[14.453,59.028],[14.465,59.029],[14.492,59.004],[14.465,59.009],[14.45,59.009],[14.451,59.013],[14.447,59.015],[14.439,59.013],[14.439,59.009],[14.413,59.009],[14.398,59.006],[14.39,59.006],[14.368,59.004],[14.37,59.001],[14.365,58.994],[14.292,58.982],[14.285,58.948],[14.317,58.928],[14.324,58.922],[14.32,58.916],[14.324,58.914],[14.325,58.91],[14.324,58.904],[14.33,58.903],[14.337,58.899],[14.337,58.896],[14.355,58.899],[14.361,58.898],[14.365,58.892],[14.372,58.888],[14.374,58.883],[14.381,58.883],[14.385,58.885],[14.395,58.884],[14.394,58.879],[14.386,58.879],[14.387,58.874],[14.393,58.868],[14.397,58.868],[14.394,58.861],[14.389,58.861],[14.384,58.865],[14.379,58.866],[14.372,58.859],[14.364,58.858],[14.36,58.853],[14.36,58.85],[14.37,58.848],[14.366,58.844],[14.379,58.843],[14.39,58.846],[14.383,58.83],[14.386,58.83],[14.389,58.826],[14.421,58.795],[14.438,58.794],[14.471,58.781],[14.475,58.737],[14.47,58.721],[14.477,58.713],[14.493,58.712],[14.506,58.714],[14.508,58.717],[14.515,58.719],[14.516,58.724],[14.521,58.722],[14.527,58.724],[14.531,58.72],[14.534,58.713],[14.546,58.719],[14.553,58.71],[14.555,58.705],[14.546,58.688],[14.542,58.685],[14.537,58.678],[14.54,58.677],[14.548,58.679],[14.562,58.681],[14.579,58.682],[14.612,58.691],[14.615,58.694],[14.626,58.694],[14.622,58.737],[14.691,58.74],[14.691,58.742],[14.685,58.75],[14.68,58.766],[14.683,58.773],[14.677,58.786],[14.667,58.791],[14.654,58.799],[14.647,58.801],[14.641,58.808],[14.639,58.815],[14.634,58.82],[14.63,58.831],[14.627,58.833],[14.631,58.836],[14.638,58.838],[14.647,58.849],[14.645,58.852],[14.646,58.863],[14.649,58.865],[14.649,58.869],[14.653,58.875],[14.648,58.88],[14.646,58.889],[14.651,58.891],[14.681,58.888],[14.692,58.889],[14.694,58.893],[14.702,58.897],[14.719,58.903],[14.726,58.907],[14.733,58.906],[14.735,58.911],[14.786,58.94],[14.775,58.945],[14.769,58.942],[14.765,58.951],[14.751,58.956],[14.745,58.955],[14.741,58.958],[14.739,58.962],[14.733,58.966],[14.736,58.967],[14.726,58.975]]],[[[14.69,59.129],[14.683,59.129],[14.685,59.125],[14.689,59.125],[14.69,59.129]]]]}},{"type":"Feature","properties":{"id":935606,"maakond_id":413,"name":"Kils kommun","bbox":[12.928,59.472,13.431,59.666]},"geometry":{"type":"Polygon","coordinates":[[[13.09,59.497],[13.098,59.496],[13.104,59.494],[13.104,59.491],[13.11,59.488],[13.129,59.491],[13.142,59.488],[13.13,59.485],[13.127,59.483],[13.139,59.477],[13.143,59.474],[13.152,59.472],[13.154,59.476],[13.17,59.477],[13.177,59.482],[13.176,59.485],[13.179,59.488],[13.186,59.491],[13.191,59.487],[13.192,59.483],[13.198,59.482],[13.199,59.486],[13.204,59.488],[13.206,59.492],[13.214,59.49],[13.227,59.497],[13.228,59.501],[13.244,59.5],[13.242,59.496],[13.25,59.495],[13.247,59.491],[13.25,59.486],[13.26,59.486],[13.269,59.492],[13.278,59.494],[13.29,59.494],[13.293,59.492],[13.301,59.492],[13.312,59.489],[13.318,59.486],[13.325,59.49],[13.338,59.493],[13.373,59.492],[13.394,59.489],[13.394,59.498],[13.396,59.504],[13.4,59.506],[13.398,59.511],[13.405,59.519],[13.416,59.52],[13.427,59.523],[13.431,59.526],[13.427,59.53],[13.431,59.538],[13.431,59.548],[13.426,59.559],[13.43,59.564],[13.428,59.569],[13.415,59.574],[13.405,59.576],[13.393,59.583],[13.39,59.59],[13.384,59.594],[13.378,59.598],[13.368,59.611],[13.372,59.62],[13.392,59.625],[13.379,59.643],[13.367,59.652],[13.352,59.657],[13.344,59.662],[13.332,59.666],[13.321,59.664],[13.289,59.664],[13.238,59.656],[13.22,59.652],[13.196,59.653],[13.153,59.653],[13.131,59.652],[13.093,59.651],[13.084,59.652],[13.083,59.654],[13.074,59.654],[13.066,59.659],[13.053,59.657],[13.045,59.655],[13.041,59.658],[13.036,59.656],[13.04,59.652],[13.036,59.649],[13.042,59.644],[13.046,59.638],[13.045,59.636],[13.041,59.631],[13.032,59.631],[13.029,59.626],[13.036,59.621],[13.043,59.612],[13.046,59.604],[13.034,59.592],[13.027,59.592],[13.017,59.596],[13.015,59.601],[12.993,59.608],[12.973,59.589],[12.957,59.577],[12.952,59.575],[12.943,59.573],[12.933,59.566],[12.928,59.56],[12.931,59.556],[12.934,59.549],[12.934,59.54],[12.941,59.534],[12.963,59.536],[13.001,59.53],[13.007,59.532],[13.013,59.531],[13.021,59.533],[13.031,59.539],[13.037,59.54],[13.041,59.536],[13.042,59.525],[13.055,59.522],[13.061,59.519],[13.064,59.515],[13.067,59.505],[13.074,59.504],[13.077,59.498],[13.09,59.497]],[[13.222,59.504],[13.221,59.507],[13.229,59.508],[13.231,59.505],[13.222,59.504]]]}},{"type":"Feature","properties":{"id":935607,"maakond_id":420,"name":"Bjurholms kommun","bbox":[18.406,63.788,19.528,64.141]},"geometry":{"type":"Polygon","coordinates":[[[18.789,64.061],[18.603,64.029],[18.466,64.006],[18.407,63.996],[18.408,63.995],[18.427,63.991],[18.446,63.983],[18.455,63.98],[18.454,63.978],[18.462,63.976],[18.474,63.965],[18.476,63.96],[18.474,63.953],[18.468,63.951],[18.463,63.944],[18.465,63.932],[18.456,63.932],[18.439,63.935],[18.432,63.933],[18.42,63.934],[18.418,63.93],[18.406,63.927],[18.408,63.922],[18.426,63.92],[18.43,63.915],[18.426,63.909],[18.44,63.893],[18.454,63.886],[18.479,63.866],[18.473,63.863],[18.482,63.856],[18.485,63.843],[18.594,63.823],[18.638,63.826],[18.684,63.82],[18.685,63.819],[18.702,63.816],[18.703,63.81],[18.722,63.806],[18.757,63.81],[18.807,63.788],[18.83,63.817],[18.833,63.824],[18.841,63.825],[18.84,63.83],[18.852,63.831],[18.847,63.848],[18.894,63.853],[18.906,63.851],[18.909,63.848],[18.928,63.852],[18.998,63.812],[19.017,63.822],[19.021,63.822],[19.025,63.826],[19.022,63.831],[19.057,63.837],[19.069,63.831],[19.113,63.812],[19.134,63.82],[19.146,63.813],[19.167,63.823],[19.217,63.814],[19.235,63.801],[19.245,63.798],[19.256,63.788],[19.29,63.794],[19.293,63.79],[19.303,63.792],[19.3,63.795],[19.324,63.8],[19.305,63.805],[19.299,63.808],[19.34,63.818],[19.345,63.816],[19.344,63.813],[19.351,63.81],[19.361,63.812],[19.37,63.818],[19.361,63.824],[19.36,63.828],[19.356,63.833],[19.369,63.837],[19.422,63.815],[19.451,63.819],[19.45,63.848],[19.455,63.861],[19.483,63.863],[19.509,63.868],[19.528,63.872],[19.494,63.943],[19.471,63.99],[19.464,63.989],[19.458,64],[19.418,64.019],[19.354,64.049],[19.344,64.071],[19.322,64.078],[19.307,64.07],[19.245,64.099],[19.229,64.095],[19.183,64.129],[19.161,64.133],[19.121,64.121],[19.112,64.121],[19.103,64.13],[19.062,64.141],[19.071,64.109],[19.027,64.101],[19.025,64.097],[19.02,64.097],[19.009,64.095],[19.008,64.098],[18.909,64.081],[18.913,64.08],[18.899,64.074],[18.891,64.078],[18.815,64.065],[18.789,64.061]],[[19.012,63.826],[19.01,63.823],[18.999,63.826],[19.006,63.829],[19.012,63.826]]]}},{"type":"Feature","properties":{"id":935608,"maakond_id":409,"name":"Sölvesborgs kommun","bbox":[14.532,55.755,15.231,56.208]},"geometry":{"type":"Polygon","coordinates":[[[14.54,55.983],[14.554,55.922],[14.595,55.755],[14.799,55.797],[14.88,55.801],[14.892,55.802],[14.917,55.804],[14.941,55.808],[14.964,55.812],[14.98,55.815],[15.003,55.821],[15.025,55.828],[15.053,55.837],[15.073,55.845],[15.092,55.854],[15.11,55.864],[15.129,55.876],[15.144,55.887],[15.158,55.898],[15.231,55.894],[14.789,56.104],[14.69,56.151],[14.686,56.152],[14.684,56.157],[14.685,56.16],[14.668,56.162],[14.664,56.164],[14.666,56.168],[14.656,56.173],[14.662,56.192],[14.649,56.191],[14.651,56.208],[14.643,56.207],[14.627,56.203],[14.62,56.201],[14.6,56.201],[14.599,56.202],[14.591,56.202],[14.591,56.198],[14.575,56.191],[14.582,56.173],[14.577,56.163],[14.578,56.157],[14.582,56.149],[14.579,56.145],[14.581,56.137],[14.586,56.129],[14.581,56.121],[14.582,56.117],[14.578,56.112],[14.578,56.097],[14.561,56.084],[14.556,56.083],[14.555,56.079],[14.552,56.076],[14.554,56.069],[14.542,56.056],[14.542,56.044],[14.532,56.037],[14.533,56.012],[14.54,55.983]]]}},{"type":"Feature","properties":{"id":935609,"maakond_id":412,"name":"Trollhättans kommun","bbox":[12.135,58.095,12.58,58.341]},"geometry":{"type":"Polygon","coordinates":[[[12.528,58.313],[12.525,58.31],[12.509,58.302],[12.498,58.298],[12.484,58.297],[12.465,58.291],[12.462,58.29],[12.445,58.289],[12.437,58.282],[12.43,58.28],[12.423,58.278],[12.419,58.274],[12.418,58.269],[12.409,58.267],[12.383,58.257],[12.381,58.258],[12.367,58.261],[12.376,58.272],[12.374,58.29],[12.368,58.293],[12.352,58.298],[12.347,58.302],[12.341,58.305],[12.347,58.309],[12.347,58.318],[12.344,58.32],[12.333,58.324],[12.325,58.324],[12.323,58.319],[12.315,58.322],[12.308,58.327],[12.309,58.334],[12.3,58.341],[12.291,58.34],[12.277,58.324],[12.273,58.325],[12.264,58.331],[12.263,58.329],[12.254,58.33],[12.243,58.327],[12.239,58.324],[12.235,58.323],[12.224,58.324],[12.218,58.319],[12.199,58.311],[12.199,58.308],[12.186,58.307],[12.184,58.309],[12.173,58.312],[12.168,58.311],[12.162,58.317],[12.155,58.317],[12.15,58.314],[12.145,58.314],[12.136,58.308],[12.145,58.308],[12.155,58.295],[12.142,58.287],[12.137,58.281],[12.135,58.274],[12.142,58.273],[12.147,58.268],[12.156,58.269],[12.168,58.271],[12.176,58.273],[12.187,58.275],[12.204,58.267],[12.217,58.266],[12.229,58.257],[12.221,58.251],[12.214,58.248],[12.208,58.246],[12.189,58.235],[12.18,58.228],[12.158,58.217],[12.154,58.214],[12.154,58.208],[12.148,58.201],[12.156,58.2],[12.162,58.203],[12.17,58.2],[12.183,58.19],[12.178,58.184],[12.18,58.18],[12.176,58.178],[12.168,58.172],[12.162,58.169],[12.16,58.166],[12.166,58.16],[12.18,58.153],[12.182,58.147],[12.19,58.138],[12.188,58.135],[12.199,58.132],[12.204,58.129],[12.222,58.123],[12.229,58.122],[12.236,58.119],[12.243,58.116],[12.248,58.119],[12.254,58.115],[12.264,58.12],[12.278,58.122],[12.305,58.123],[12.305,58.12],[12.327,58.12],[12.324,58.124],[12.34,58.125],[12.356,58.124],[12.37,58.126],[12.374,58.123],[12.376,58.117],[12.385,58.111],[12.393,58.114],[12.394,58.117],[12.403,58.116],[12.427,58.109],[12.43,58.1],[12.434,58.095],[12.44,58.096],[12.451,58.1],[12.462,58.103],[12.458,58.111],[12.461,58.115],[12.465,58.123],[12.471,58.126],[12.478,58.126],[12.481,58.132],[12.494,58.134],[12.499,58.141],[12.494,58.142],[12.486,58.143],[12.48,58.145],[12.47,58.145],[12.474,58.148],[12.479,58.166],[12.491,58.162],[12.492,58.167],[12.497,58.165],[12.505,58.167],[12.523,58.165],[12.525,58.172],[12.529,58.175],[12.543,58.181],[12.545,58.184],[12.541,58.19],[12.54,58.197],[12.539,58.201],[12.532,58.209],[12.536,58.212],[12.522,58.218],[12.523,58.225],[12.526,58.23],[12.522,58.233],[12.528,58.235],[12.539,58.242],[12.546,58.25],[12.552,58.255],[12.562,58.271],[12.573,58.279],[12.58,58.283],[12.575,58.284],[12.561,58.293],[12.547,58.3],[12.535,58.305],[12.534,58.311],[12.528,58.313]]]}},{"type":"Feature","properties":{"id":935611,"maakond_id":412,"name":"Göteborgs Stad","bbox":[11.232,57.5,12.242,57.866]},"geometry":{"type":"Polygon","coordinates":[[[11.232,57.655],[11.354,57.569],[11.454,57.5],[11.779,57.5],[11.818,57.556],[11.878,57.559],[11.89,57.562],[11.898,57.561],[11.909,57.563],[11.922,57.564],[11.925,57.563],[11.944,57.561],[11.958,57.564],[11.964,57.562],[11.968,57.564],[11.975,57.563],[11.988,57.565],[11.997,57.568],[12.004,57.567],[12.009,57.57],[11.999,57.585],[11.999,57.596],[12.002,57.599],[11.992,57.604],[11.989,57.606],[11.976,57.622],[11.963,57.634],[11.963,57.638],[11.961,57.642],[11.96,57.649],[11.954,57.652],[11.956,57.655],[11.949,57.664],[11.96,57.667],[11.969,57.671],[11.966,57.673],[11.972,57.677],[11.998,57.678],[12.017,57.677],[12.023,57.676],[12.037,57.675],[12.042,57.676],[12.049,57.676],[12.057,57.678],[12.076,57.684],[12.089,57.682],[12.074,57.702],[12.056,57.729],[12.054,57.734],[12.067,57.735],[12.077,57.735],[12.081,57.736],[12.079,57.741],[12.079,57.754],[12.083,57.756],[12.078,57.762],[12.097,57.766],[12.114,57.772],[12.134,57.774],[12.164,57.775],[12.174,57.776],[12.183,57.78],[12.201,57.785],[12.204,57.789],[12.223,57.793],[12.242,57.796],[12.224,57.811],[12.214,57.814],[12.21,57.813],[12.205,57.816],[12.205,57.82],[12.199,57.825],[12.194,57.826],[12.192,57.834],[12.17,57.856],[12.151,57.862],[12.146,57.865],[12.138,57.866],[12.127,57.864],[12.125,57.862],[12.093,57.851],[12.08,57.846],[12.053,57.839],[12.044,57.835],[12.048,57.829],[12.052,57.827],[12.048,57.821],[12.043,57.822],[12.036,57.826],[12.03,57.818],[12.028,57.813],[12.019,57.812],[12.014,57.813],[12.009,57.828],[12.01,57.843],[12.007,57.853],[12.014,57.861],[11.997,57.86],[11.99,57.863],[11.984,57.863],[11.974,57.865],[11.966,57.863],[11.965,57.86],[11.956,57.853],[11.953,57.848],[11.945,57.848],[11.938,57.847],[11.933,57.845],[11.922,57.844],[11.911,57.846],[11.904,57.843],[11.903,57.837],[11.899,57.831],[11.89,57.826],[11.869,57.811],[11.856,57.804],[11.845,57.796],[11.834,57.794],[11.822,57.791],[11.809,57.79],[11.732,57.771],[11.72,57.748],[11.707,57.733],[11.698,57.722],[11.699,57.716],[11.694,57.707],[11.691,57.703],[11.696,57.69],[11.698,57.674],[11.704,57.665],[11.696,57.655],[11.664,57.647],[11.644,57.652],[11.631,57.648],[11.625,57.648],[11.616,57.652],[11.5,57.655],[11.232,57.655]]]}},{"type":"Feature","properties":{"id":935612,"maakond_id":413,"name":"Grums kommun","bbox":[12.824,59.236,13.177,59.569]},"geometry":{"type":"Polygon","coordinates":[[[13.127,59.483],[13.116,59.483],[13.11,59.488],[13.104,59.491],[13.104,59.494],[13.098,59.496],[13.09,59.497],[13.077,59.498],[13.074,59.504],[13.067,59.505],[13.064,59.515],[13.061,59.519],[13.055,59.522],[13.042,59.525],[13.041,59.536],[13.037,59.54],[13.031,59.539],[13.021,59.533],[13.013,59.531],[13.007,59.532],[13.001,59.53],[12.963,59.536],[12.941,59.534],[12.934,59.54],[12.934,59.549],[12.931,59.556],[12.928,59.56],[12.92,59.56],[12.905,59.557],[12.896,59.567],[12.885,59.569],[12.881,59.553],[12.878,59.547],[12.88,59.532],[12.876,59.528],[12.876,59.524],[12.879,59.521],[12.878,59.51],[12.873,59.51],[12.841,59.498],[12.83,59.493],[12.824,59.476],[12.828,59.463],[12.84,59.442],[12.843,59.435],[12.84,59.43],[12.86,59.432],[12.868,59.432],[12.87,59.434],[12.878,59.436],[12.891,59.448],[12.899,59.445],[12.906,59.443],[12.903,59.431],[12.894,59.423],[12.898,59.419],[12.915,59.413],[12.928,59.399],[12.919,59.395],[12.907,59.386],[12.912,59.38],[12.913,59.376],[12.91,59.374],[12.901,59.372],[12.901,59.355],[12.902,59.348],[12.911,59.341],[12.915,59.314],[12.913,59.299],[12.91,59.288],[12.907,59.28],[12.914,59.28],[12.915,59.283],[12.921,59.283],[12.923,59.278],[12.915,59.274],[12.918,59.27],[12.92,59.264],[12.915,59.261],[12.917,59.251],[12.936,59.248],[12.944,59.245],[12.994,59.237],[13.003,59.237],[13.039,59.244],[13.046,59.239],[13.066,59.236],[13.072,59.237],[13.114,59.253],[13.177,59.255],[13.165,59.325],[13.177,59.34],[13.175,59.35],[13.163,59.352],[13.162,59.363],[13.163,59.369],[13.16,59.376],[13.16,59.382],[13.156,59.383],[13.148,59.397],[13.149,59.404],[13.154,59.411],[13.157,59.427],[13.158,59.438],[13.16,59.447],[13.163,59.47],[13.152,59.472],[13.143,59.474],[13.139,59.477],[13.127,59.483]]]}},{"type":"Feature","properties":{"id":935615,"maakond_id":419,"name":"Krokoms kommun","bbox":[13.278,63.209,15.106,64.398]},"geometry":{"type":"MultiPolygon","coordinates":[[[[14.127,64.387],[14.145,64.284],[14.157,64.195],[14.071,64.108],[14.012,64.05],[13.968,64.008],[13.889,64.02],[13.715,64.046],[13.538,64.066],[13.378,64.08],[13.278,64.089],[13.318,64.068],[13.31,64.033],[13.337,63.986],[13.334,63.956],[13.332,63.955],[13.335,63.949],[13.34,63.948],[13.341,63.945],[13.326,63.916],[13.383,63.858],[13.378,63.851],[13.374,63.849],[13.37,63.844],[13.364,63.841],[13.366,63.838],[13.372,63.836],[13.384,63.821],[13.384,63.815],[13.381,63.813],[13.376,63.8],[13.388,63.797],[13.395,63.797],[13.406,63.794],[13.41,63.788],[13.408,63.785],[13.412,63.782],[13.409,63.777],[13.415,63.777],[13.415,63.771],[13.418,63.769],[13.472,63.771],[13.471,63.719],[13.47,63.685],[13.441,63.673],[13.439,63.672],[13.456,63.667],[13.469,63.665],[13.48,63.667],[13.488,63.673],[13.499,63.63],[13.507,63.603],[13.451,63.617],[13.402,63.647],[13.38,63.662],[13.302,63.67],[13.297,63.672],[13.286,63.67],[13.293,63.662],[13.289,63.654],[13.281,63.653],[13.312,63.622],[13.396,63.613],[13.408,63.603],[13.422,63.607],[13.505,63.573],[13.516,63.574],[13.498,63.568],[13.493,63.558],[13.484,63.543],[13.495,63.53],[13.528,63.49],[13.491,63.471],[13.472,63.433],[13.483,63.431],[13.489,63.431],[13.5,63.436],[13.517,63.435],[13.54,63.433],[13.543,63.43],[13.541,63.426],[13.55,63.42],[13.559,63.417],[13.572,63.411],[13.58,63.401],[13.612,63.417],[13.647,63.403],[13.641,63.4],[13.677,63.384],[13.703,63.376],[13.696,63.368],[13.728,63.359],[13.77,63.35],[13.758,63.345],[13.766,63.343],[13.835,63.357],[13.837,63.35],[13.832,63.343],[13.839,63.338],[13.858,63.342],[13.858,63.347],[13.864,63.349],[13.872,63.349],[13.902,63.348],[13.982,63.331],[13.994,63.329],[14.006,63.327],[14.019,63.323],[14.033,63.319],[14.047,63.313],[14.051,63.31],[14.059,63.307],[14.063,63.302],[14.073,63.298],[14.08,63.29],[14.112,63.283],[14.179,63.272],[14.24,63.235],[14.272,63.225],[14.313,63.231],[14.388,63.222],[14.406,63.216],[14.431,63.219],[14.464,63.221],[14.477,63.222],[14.489,63.228],[14.515,63.232],[14.523,63.228],[14.549,63.222],[14.57,63.218],[14.584,63.215],[14.6,63.209],[14.622,63.223],[14.652,63.226],[14.655,63.221],[14.665,63.223],[14.667,63.221],[14.678,63.223],[14.709,63.222],[14.748,63.225],[14.735,63.232],[14.736,63.235],[14.728,63.241],[14.728,63.245],[14.717,63.253],[14.731,63.266],[14.727,63.278],[14.729,63.28],[14.722,63.283],[14.729,63.29],[14.736,63.293],[14.736,63.311],[14.733,63.312],[14.719,63.306],[14.715,63.306],[14.693,63.305],[14.691,63.306],[14.674,63.309],[14.665,63.312],[14.657,63.311],[14.641,63.313],[14.632,63.317],[14.638,63.321],[14.643,63.343],[14.649,63.359],[14.634,63.366],[14.627,63.373],[14.621,63.375],[14.615,63.382],[14.598,63.388],[14.587,63.391],[14.585,63.4],[14.579,63.405],[14.574,63.406],[14.566,63.413],[14.547,63.421],[14.545,63.425],[14.536,63.432],[14.526,63.436],[14.523,63.44],[14.509,63.444],[14.498,63.45],[14.529,63.463],[14.579,63.484],[14.586,63.488],[14.569,63.492],[14.548,63.499],[14.557,63.504],[14.592,63.509],[14.579,63.521],[14.58,63.54],[14.572,63.543],[14.578,63.549],[14.545,63.558],[14.531,63.585],[14.538,63.589],[14.595,63.565],[14.69,63.568],[14.712,63.538],[14.741,63.55],[14.746,63.544],[14.75,63.545],[14.763,63.539],[14.773,63.558],[14.764,63.557],[14.783,63.593],[14.864,63.571],[14.944,63.595],[14.938,63.598],[14.897,63.614],[14.859,63.65],[14.936,63.65],[14.926,63.704],[14.938,63.707],[14.939,63.71],[14.908,63.718],[14.903,63.721],[14.916,63.722],[14.95,63.783],[15.02,63.822],[15.106,63.85],[15.099,63.856],[15.091,63.857],[15.091,63.861],[15.105,63.865],[15.102,63.868],[15.096,63.869],[15.087,63.875],[15.085,63.878],[15.08,63.879],[15.079,63.883],[15.065,63.89],[15.069,63.893],[15.056,63.894],[15.045,63.907],[14.99,63.93],[14.978,63.934],[14.964,63.953],[14.908,64.027],[14.976,64.045],[14.928,64.094],[14.916,64.107],[14.877,64.107],[14.846,64.164],[14.82,64.205],[14.774,64.277],[14.685,64.288],[14.662,64.29],[14.515,64.313],[14.488,64.315],[14.456,64.319],[14.308,64.335],[14.257,64.34],[14.226,64.362],[14.216,64.368],[14.171,64.398],[14.127,64.387]],[[14.466,64.284],[14.568,64.276],[14.507,64.229],[14.411,64.235],[14.326,64.29],[14.429,64.3],[14.466,64.284]]],[[[13.494,63.234],[13.506,63.227],[13.515,63.224],[13.514,63.22],[13.527,63.214],[13.537,63.213],[13.553,63.215],[13.558,63.223],[13.572,63.226],[13.586,63.273],[13.52,63.266],[13.532,63.247],[13.494,63.234]]]]}},{"type":"Feature","properties":{"id":935617,"maakond_id":412,"name":"Karlsborgs kommun","bbox":[14.251,58.38,14.779,58.795]},"geometry":{"type":"Polygon","coordinates":[[[14.691,58.74],[14.622,58.737],[14.626,58.694],[14.615,58.694],[14.612,58.691],[14.579,58.682],[14.562,58.681],[14.548,58.679],[14.54,58.677],[14.537,58.678],[14.542,58.685],[14.546,58.688],[14.555,58.705],[14.553,58.71],[14.546,58.719],[14.534,58.713],[14.531,58.72],[14.527,58.724],[14.521,58.722],[14.516,58.724],[14.515,58.719],[14.508,58.717],[14.506,58.714],[14.493,58.712],[14.477,58.713],[14.47,58.721],[14.475,58.737],[14.471,58.781],[14.438,58.794],[14.421,58.795],[14.387,58.758],[14.386,58.747],[14.38,58.74],[14.376,58.737],[14.375,58.733],[14.368,58.73],[14.363,58.726],[14.349,58.725],[14.314,58.723],[14.296,58.721],[14.253,58.698],[14.258,58.696],[14.261,58.688],[14.277,58.691],[14.28,58.692],[14.292,58.654],[14.259,58.632],[14.251,58.624],[14.272,58.616],[14.279,58.616],[14.294,58.615],[14.295,58.613],[14.313,58.616],[14.317,58.619],[14.323,58.618],[14.324,58.614],[14.331,58.614],[14.33,58.608],[14.337,58.609],[14.341,58.596],[14.339,58.593],[14.343,58.591],[14.344,58.586],[14.338,58.561],[14.337,58.543],[14.345,58.532],[14.35,58.531],[14.354,58.527],[14.351,58.523],[14.355,58.513],[14.364,58.5],[14.366,58.494],[14.369,58.493],[14.388,58.491],[14.378,58.487],[14.369,58.47],[14.313,58.439],[14.299,58.427],[14.296,58.421],[14.292,58.418],[14.294,58.413],[14.307,58.41],[14.305,58.405],[14.312,58.407],[14.317,58.407],[14.33,58.408],[14.331,58.403],[14.335,58.401],[14.344,58.406],[14.367,58.405],[14.37,58.404],[14.381,58.405],[14.4,58.406],[14.408,58.404],[14.543,58.38],[14.673,58.51],[14.779,58.646],[14.719,58.685],[14.699,58.696],[14.699,58.7],[14.692,58.711],[14.69,58.718],[14.696,58.721],[14.692,58.727],[14.691,58.74]]]}},{"type":"Feature","properties":{"id":935618,"maakond_id":404,"name":"Ydre kommun","bbox":[14.992,57.7,15.554,58.032]},"geometry":{"type":"Polygon","coordinates":[[[15.542,57.79],[15.538,57.793],[15.534,57.803],[15.514,57.819],[15.523,57.83],[15.526,57.836],[15.531,57.84],[15.535,57.847],[15.53,57.852],[15.522,57.854],[15.519,57.857],[15.512,57.856],[15.485,57.866],[15.46,57.87],[15.459,57.885],[15.449,57.885],[15.443,57.888],[15.436,57.886],[15.432,57.887],[15.419,57.886],[15.416,57.891],[15.424,57.898],[15.422,57.905],[15.418,57.911],[15.412,57.916],[15.416,57.924],[15.413,57.931],[15.419,57.936],[15.421,57.941],[15.423,57.952],[15.423,57.958],[15.414,57.964],[15.41,57.963],[15.397,57.965],[15.383,57.97],[15.368,57.971],[15.369,57.96],[15.372,57.954],[15.367,57.954],[15.359,57.956],[15.335,57.964],[15.326,57.966],[15.309,57.966],[15.298,57.965],[15.283,57.98],[15.269,58],[15.213,58.012],[15.208,58.011],[15.174,58.02],[15.15,58.016],[15.143,58.018],[15.139,58.021],[15.128,58.021],[15.129,58.025],[15.127,58.029],[15.12,58.028],[15.103,58.029],[15.08,58.032],[15.064,58.025],[15.073,58.016],[15.076,58.006],[15.081,57.999],[15.074,57.993],[15.071,57.987],[15.063,57.985],[15.059,57.988],[15.053,57.989],[15.036,57.988],[15.02,57.991],[15.009,57.987],[15.015,57.978],[15.014,57.972],[15.019,57.961],[15.016,57.954],[15.005,57.948],[14.998,57.948],[14.999,57.944],[14.992,57.942],[14.998,57.935],[15.005,57.933],[15.01,57.929],[15.012,57.923],[15.001,57.917],[14.994,57.909],[14.997,57.903],[15.009,57.896],[15.011,57.891],[15.019,57.891],[15.023,57.889],[15.021,57.885],[15.031,57.876],[15.028,57.872],[15.035,57.865],[15.04,57.863],[15.038,57.859],[15.045,57.859],[15.047,57.857],[15.055,57.854],[15.064,57.85],[15.07,57.847],[15.071,57.843],[15.078,57.839],[15.078,57.836],[15.071,57.831],[15.068,57.822],[15.071,57.818],[15.074,57.806],[15.082,57.796],[15.086,57.783],[15.088,57.779],[15.089,57.773],[15.099,57.762],[15.104,57.757],[15.112,57.753],[15.12,57.744],[15.12,57.74],[15.125,57.73],[15.13,57.725],[15.128,57.72],[15.128,57.717],[15.135,57.717],[15.141,57.712],[15.154,57.71],[15.155,57.706],[15.177,57.705],[15.178,57.709],[15.198,57.709],[15.204,57.71],[15.225,57.71],[15.235,57.708],[15.257,57.706],[15.266,57.708],[15.282,57.71],[15.282,57.715],[15.296,57.711],[15.303,57.71],[15.326,57.701],[15.331,57.7],[15.336,57.703],[15.345,57.704],[15.356,57.707],[15.377,57.706],[15.401,57.708],[15.412,57.708],[15.421,57.705],[15.426,57.706],[15.437,57.712],[15.446,57.719],[15.441,57.727],[15.452,57.732],[15.447,57.737],[15.441,57.738],[15.438,57.742],[15.431,57.744],[15.435,57.746],[15.444,57.747],[15.457,57.75],[15.468,57.754],[15.481,57.756],[15.481,57.759],[15.488,57.762],[15.492,57.762],[15.496,57.759],[15.501,57.758],[15.505,57.764],[15.514,57.768],[15.525,57.763],[15.538,57.771],[15.547,57.771],[15.554,57.773],[15.548,57.778],[15.547,57.782],[15.543,57.785],[15.544,57.787],[15.542,57.79]]]}},{"type":"Feature","properties":{"id":935619,"maakond_id":413,"name":"Filipstads kommun","bbox":[13.78,59.554,14.465,60.252]},"geometry":{"type":"Polygon","coordinates":[[[13.966,60.175],[13.997,60.157],[14.01,60.11],[14.018,60.081],[14.01,60.044],[14,59.989],[13.993,59.956],[13.908,59.935],[13.908,59.892],[13.903,59.89],[13.907,59.887],[13.905,59.884],[13.906,59.881],[13.901,59.877],[13.897,59.87],[13.894,59.869],[13.866,59.869],[13.856,59.867],[13.858,59.858],[13.866,59.845],[13.861,59.842],[13.861,59.836],[13.864,59.829],[13.861,59.827],[13.861,59.821],[13.864,59.815],[13.875,59.815],[13.881,59.812],[13.885,59.814],[13.89,59.812],[13.894,59.807],[13.903,59.806],[13.906,59.8],[13.91,59.797],[13.829,59.781],[13.78,59.774],[13.787,59.769],[13.831,59.754],[13.827,59.75],[13.826,59.736],[13.845,59.719],[13.882,59.681],[13.888,59.673],[13.924,59.634],[13.936,59.617],[13.944,59.6],[13.952,59.592],[13.949,59.589],[13.953,59.586],[13.963,59.584],[14.031,59.554],[14.036,59.561],[14.063,59.591],[14.097,59.591],[14.133,59.591],[14.146,59.591],[14.162,59.593],[14.16,59.6],[14.169,59.601],[14.174,59.607],[14.183,59.605],[14.214,59.594],[14.234,59.596],[14.235,59.59],[14.272,59.589],[14.273,59.591],[14.271,59.601],[14.287,59.608],[14.296,59.606],[14.3,59.598],[14.344,59.587],[14.356,59.588],[14.353,59.591],[14.361,59.593],[14.369,59.588],[14.37,59.584],[14.379,59.585],[14.382,59.582],[14.387,59.581],[14.386,59.578],[14.39,59.569],[14.393,59.567],[14.392,59.56],[14.397,59.56],[14.399,59.564],[14.408,59.561],[14.416,59.561],[14.416,59.57],[14.419,59.57],[14.429,59.576],[14.434,59.574],[14.446,59.578],[14.465,59.58],[14.461,59.598],[14.44,59.634],[14.437,59.637],[14.43,59.66],[14.427,59.662],[14.429,59.665],[14.428,59.67],[14.435,59.684],[14.421,59.702],[14.409,59.722],[14.408,59.731],[14.404,59.735],[14.402,59.741],[14.405,59.756],[14.435,59.771],[14.421,59.807],[14.416,59.814],[14.415,59.822],[14.421,59.844],[14.421,59.86],[14.42,59.872],[14.421,59.885],[14.417,59.888],[14.416,59.893],[14.423,59.901],[14.421,59.904],[14.413,59.906],[14.408,59.909],[14.398,59.913],[14.394,59.913],[14.39,59.908],[14.376,59.909],[14.366,59.912],[14.361,59.918],[14.357,59.92],[14.361,59.926],[14.361,59.932],[14.355,59.937],[14.348,59.937],[14.348,59.94],[14.335,59.947],[14.332,59.952],[14.373,59.959],[14.457,59.973],[14.437,60.026],[14.314,60.062],[14.213,60.096],[14.21,60.099],[14.211,60.11],[14.205,60.119],[14.209,60.126],[14.203,60.131],[14.202,60.137],[14.198,60.141],[14.198,60.149],[14.195,60.153],[14.197,60.155],[14.197,60.164],[14.191,60.166],[14.187,60.175],[14.189,60.177],[14.182,60.186],[14.174,60.191],[14.167,60.197],[14.163,60.204],[14.159,60.206],[14.157,60.217],[14.149,60.231],[14.024,60.229],[14.023,60.242],[13.991,60.248],[13.991,60.252],[13.951,60.251],[13.96,60.244],[13.966,60.237],[13.974,60.23],[13.996,60.211],[14.002,60.204],[14.006,60.198],[14.012,60.191],[13.966,60.175]]]}},{"type":"Feature","properties":{"id":935620,"maakond_id":421,"name":"Övertorneå kommun","bbox":[23.032,66.053,23.995,66.974]},"geometry":{"type":"MultiPolygon","coordinates":[[[[23.879,66.166],[23.865,66.166],[23.859,66.171],[23.852,66.171],[23.831,66.17],[23.822,66.173],[23.817,66.176],[23.803,66.18],[23.783,66.187],[23.758,66.191],[23.732,66.194],[23.726,66.199],[23.734,66.204],[23.73,66.209],[23.724,66.215],[23.707,66.218],[23.701,66.221],[23.694,66.229],[23.695,66.235],[23.701,66.243],[23.691,66.25],[23.676,66.254],[23.667,66.261],[23.67,66.264],[23.673,66.273],[23.667,66.279],[23.664,66.286],[23.656,66.293],[23.649,66.298],[23.646,66.302],[23.648,66.306],[23.656,66.315],[23.66,66.335],[23.656,66.351],[23.668,66.361],[23.676,66.37],[23.686,66.377],[23.689,66.387],[23.684,66.393],[23.667,66.398],[23.659,66.411],[23.653,66.418],[23.644,66.424],[23.643,66.426],[23.644,66.436],[23.648,66.44],[23.65,66.454],[23.656,66.46],[23.675,66.466],[23.688,66.473],[23.7,66.475],[23.71,66.474],[23.72,66.478],[23.715,66.485],[23.714,66.493],[23.725,66.497],[23.728,66.507],[23.734,66.509],[23.739,66.504],[23.752,66.505],[23.762,66.511],[23.78,66.515],[23.795,66.517],[23.797,66.523],[23.791,66.526],[23.785,66.532],[23.785,66.536],[23.795,66.538],[23.816,66.546],[23.827,66.549],[23.839,66.555],[23.85,66.555],[23.858,66.558],[23.863,66.569],[23.874,66.575],[23.878,66.583],[23.875,66.587],[23.877,66.597],[23.877,66.604],[23.882,66.609],[23.885,66.616],[23.877,66.621],[23.87,66.629],[23.869,66.633],[23.872,66.642],[23.866,66.65],[23.865,66.655],[23.872,66.663],[23.875,66.671],[23.885,66.674],[23.888,66.689],[23.889,66.695],[23.898,66.706],[23.895,66.711],[23.908,66.721],[23.892,66.736],[23.888,66.741],[23.888,66.747],[23.886,66.75],[23.877,66.753],[23.88,66.759],[23.881,66.765],[23.889,66.769],[23.899,66.771],[23.908,66.77],[23.916,66.772],[23.916,66.779],[23.908,66.794],[23.916,66.796],[23.93,66.794],[23.936,66.79],[23.945,66.787],[23.954,66.783],[23.959,66.782],[23.974,66.783],[23.982,66.786],[23.983,66.79],[23.976,66.797],[23.977,66.799],[23.988,66.802],[23.989,66.809],[23.988,66.811],[23.995,66.819],[23.995,66.822],[23.982,66.835],[23.972,66.84],[23.969,66.85],[23.953,66.863],[23.953,66.867],[23.943,66.872],[23.944,66.875],[23.936,66.884],[23.932,66.885],[23.919,66.886],[23.913,66.889],[23.911,66.894],[23.902,66.901],[23.889,66.907],[23.691,66.929],[23.474,66.951],[23.485,66.936],[23.474,66.936],[23.463,66.952],[23.373,66.961],[23.253,66.974],[23.286,66.916],[23.313,66.869],[23.334,66.834],[23.384,66.748],[23.42,66.686],[23.218,66.674],[23.188,66.7],[23.181,66.699],[23.205,66.673],[23.176,66.671],[23.175,66.674],[23.167,66.673],[23.168,66.67],[23.046,66.662],[23.032,66.658],[23.04,66.653],[23.054,66.654],[23.063,66.62],[23.083,66.541],[23.093,66.502],[23.103,66.472],[23.105,66.465],[23.114,66.449],[23.112,66.44],[23.118,66.431],[23.116,66.426],[23.12,66.42],[23.112,66.415],[23.115,66.409],[23.111,66.404],[23.161,66.363],[23.193,66.369],[23.217,66.347],[23.2,66.344],[23.138,66.333],[23.176,66.289],[23.187,66.286],[23.2,66.285],[23.197,66.279],[23.204,66.275],[23.199,66.273],[23.217,66.253],[23.216,66.245],[23.223,66.241],[23.234,66.24],[23.243,66.23],[23.24,66.226],[23.238,66.188],[23.228,66.164],[23.227,66.162],[23.226,66.16],[23.226,66.159],[23.204,66.106],[23.251,66.084],[23.265,66.079],[23.276,66.072],[23.299,66.071],[23.359,66.053],[23.527,66.09],[23.533,66.084],[23.549,66.087],[23.551,66.09],[23.546,66.095],[23.554,66.096],[23.56,66.092],[23.578,66.096],[23.572,66.1],[23.66,66.12],[23.666,66.116],[23.683,66.098],[23.775,66.113],[23.75,66.139],[23.858,66.162],[23.879,66.166]],[[23.864,66.876],[23.844,66.875],[23.839,66.894],[23.806,66.907],[23.81,66.909],[23.843,66.905],[23.864,66.876]],[[23.143,66.417],[23.168,66.416],[23.171,66.409],[23.162,66.394],[23.152,66.394],[23.143,66.417]],[[23.428,66.807],[23.431,66.808],[23.447,66.804],[23.455,66.799],[23.446,66.798],[23.428,66.807]],[[23.396,66.943],[23.393,66.934],[23.374,66.943],[23.396,66.943]],[[23.366,66.927],[23.374,66.927],[23.38,66.919],[23.371,66.919],[23.366,66.927]],[[23.462,66.916],[23.449,66.919],[23.454,66.922],[23.47,66.918],[23.462,66.916]],[[23.413,66.926],[23.415,66.928],[23.428,66.926],[23.425,66.924],[23.413,66.926]]],[[[23.811,66.133],[23.808,66.136],[23.801,66.135],[23.796,66.139],[23.791,66.137],[23.796,66.126],[23.815,66.129],[23.811,66.133]]],[[[23.569,66.092],[23.561,66.089],[23.561,66.086],[23.572,66.08],[23.579,66.081],[23.571,66.088],[23.569,66.092]]],[[[23.645,66.071],[23.641,66.071],[23.64,66.065],[23.645,66.063],[23.65,66.067],[23.645,66.071]]],[[[23.79,66.082],[23.781,66.087],[23.778,66.091],[23.771,66.09],[23.79,66.082]]],[[[23.698,66.072],[23.698,66.085],[23.693,66.084],[23.692,66.079],[23.698,66.072]]],[[[23.579,66.092],[23.593,66.09],[23.59,66.095],[23.586,66.096],[23.579,66.092]]],[[[23.675,66.078],[23.674,66.072],[23.681,66.073],[23.675,66.078]]],[[[23.514,66.066],[23.511,66.066],[23.517,66.06],[23.523,66.061],[23.517,66.067],[23.514,66.066]]]]}},{"type":"Feature","properties":{"id":935621,"maakond_id":406,"name":"Markaryds kommun","bbox":[13.398,56.404,13.826,56.677]},"geometry":{"type":"Polygon","coordinates":[[[13.461,56.428],[13.472,56.425],[13.472,56.422],[13.487,56.415],[13.501,56.406],[13.511,56.41],[13.512,56.411],[13.521,56.412],[13.529,56.409],[13.532,56.407],[13.543,56.404],[13.55,56.404],[13.571,56.41],[13.581,56.409],[13.597,56.416],[13.602,56.412],[13.628,56.418],[13.648,56.418],[13.65,56.42],[13.661,56.42],[13.689,56.425],[13.696,56.425],[13.7,56.427],[13.716,56.431],[13.714,56.449],[13.712,56.451],[13.72,56.464],[13.725,56.464],[13.757,56.47],[13.761,56.47],[13.768,56.479],[13.769,56.483],[13.767,56.49],[13.771,56.495],[13.759,56.493],[13.762,56.502],[13.766,56.5],[13.779,56.501],[13.784,56.506],[13.79,56.501],[13.8,56.498],[13.795,56.493],[13.812,56.491],[13.817,56.495],[13.818,56.499],[13.822,56.503],[13.818,56.505],[13.823,56.508],[13.82,56.512],[13.814,56.513],[13.822,56.518],[13.826,56.527],[13.818,56.535],[13.817,56.539],[13.807,56.546],[13.809,56.558],[13.802,56.568],[13.796,56.57],[13.797,56.575],[13.803,56.577],[13.793,56.606],[13.78,56.604],[13.775,56.605],[13.769,56.61],[13.765,56.616],[13.76,56.62],[13.763,56.626],[13.76,56.634],[13.764,56.637],[13.761,56.643],[13.767,56.644],[13.768,56.651],[13.77,56.658],[13.767,56.659],[13.763,56.664],[13.756,56.667],[13.759,56.673],[13.756,56.677],[13.749,56.676],[13.716,56.654],[13.715,56.652],[13.707,56.647],[13.704,56.647],[13.639,56.649],[13.622,56.65],[13.616,56.648],[13.606,56.65],[13.606,56.655],[13.602,56.658],[13.591,56.663],[13.582,56.665],[13.577,56.668],[13.547,56.669],[13.53,56.667],[13.522,56.666],[13.507,56.661],[13.504,56.655],[13.495,56.645],[13.487,56.642],[13.484,56.636],[13.481,56.635],[13.478,56.63],[13.479,56.627],[13.452,56.62],[13.451,56.618],[13.434,56.613],[13.408,56.609],[13.398,56.609],[13.404,56.595],[13.403,56.592],[13.409,56.588],[13.418,56.578],[13.427,56.574],[13.429,56.574],[13.44,56.571],[13.44,56.554],[13.452,56.541],[13.46,56.528],[13.463,56.515],[13.465,56.514],[13.455,56.497],[13.454,56.488],[13.45,56.472],[13.45,56.468],[13.465,56.448],[13.463,56.446],[13.467,56.432],[13.461,56.428]]]}},{"type":"Feature","properties":{"id":935622,"maakond_id":412,"name":"Melleruds kommun","bbox":[12.176,58.505,12.872,58.867]},"geometry":{"type":"Polygon","coordinates":[[[12.433,58.867],[12.424,58.86],[12.41,58.855],[12.399,58.852],[12.403,58.842],[12.392,58.842],[12.381,58.84],[12.372,58.84],[12.358,58.84],[12.359,58.854],[12.335,58.851],[12.325,58.847],[12.318,58.847],[12.307,58.852],[12.277,58.854],[12.263,58.854],[12.255,58.852],[12.25,58.849],[12.245,58.848],[12.243,58.841],[12.233,58.838],[12.232,58.819],[12.237,58.817],[12.24,58.814],[12.238,58.809],[12.245,58.808],[12.259,58.797],[12.262,58.788],[12.261,58.781],[12.263,58.777],[12.254,58.772],[12.245,58.769],[12.236,58.764],[12.23,58.767],[12.221,58.769],[12.218,58.765],[12.204,58.759],[12.19,58.75],[12.194,58.743],[12.205,58.731],[12.205,58.728],[12.212,58.727],[12.217,58.705],[12.224,58.705],[12.225,58.701],[12.221,58.689],[12.215,58.679],[12.192,58.653],[12.176,58.636],[12.193,58.633],[12.224,58.625],[12.248,58.62],[12.261,58.616],[12.283,58.613],[12.301,58.609],[12.327,58.601],[12.327,58.599],[12.345,58.595],[12.358,58.589],[12.364,58.589],[12.395,58.579],[12.392,58.574],[12.406,58.572],[12.417,58.573],[12.42,58.576],[12.432,58.576],[12.435,58.574],[12.441,58.573],[12.449,58.569],[12.456,58.568],[12.459,58.566],[12.465,58.568],[12.468,58.565],[12.477,58.562],[12.474,58.557],[12.487,58.555],[12.496,58.55],[12.494,58.548],[12.504,58.542],[12.514,58.54],[12.514,58.536],[12.532,58.525],[12.569,58.505],[12.627,58.538],[12.743,58.568],[12.842,58.675],[12.872,58.747],[12.606,58.785],[12.563,58.784],[12.559,58.799],[12.541,58.806],[12.534,58.811],[12.532,58.814],[12.527,58.816],[12.525,58.824],[12.515,58.823],[12.509,58.828],[12.498,58.832],[12.492,58.832],[12.487,58.827],[12.477,58.822],[12.476,58.814],[12.47,58.814],[12.463,58.824],[12.46,58.832],[12.463,58.835],[12.462,58.841],[12.455,58.85],[12.444,58.847],[12.436,58.851],[12.433,58.859],[12.435,58.863],[12.433,58.867]]]}},{"type":"Feature","properties":{"id":935623,"maakond_id":410,"name":"Hörby kommun","bbox":[13.545,55.722,13.963,55.961]},"geometry":{"type":"Polygon","coordinates":[[[13.555,55.821],[13.561,55.815],[13.56,55.811],[13.561,55.808],[13.575,55.806],[13.592,55.803],[13.593,55.801],[13.611,55.804],[13.619,55.804],[13.625,55.8],[13.64,55.8],[13.638,55.794],[13.631,55.792],[13.618,55.793],[13.612,55.791],[13.598,55.783],[13.583,55.781],[13.577,55.76],[13.57,55.756],[13.568,55.752],[13.569,55.749],[13.576,55.745],[13.566,55.743],[13.565,55.738],[13.587,55.737],[13.591,55.739],[13.598,55.738],[13.611,55.735],[13.614,55.73],[13.612,55.728],[13.614,55.723],[13.62,55.725],[13.628,55.724],[13.65,55.727],[13.653,55.722],[13.658,55.722],[13.66,55.726],[13.664,55.728],[13.666,55.732],[13.666,55.738],[13.691,55.741],[13.696,55.738],[13.71,55.742],[13.719,55.744],[13.722,55.743],[13.757,55.743],[13.759,55.747],[13.756,55.753],[13.76,55.757],[13.759,55.759],[13.761,55.763],[13.773,55.767],[13.771,55.769],[13.78,55.774],[13.787,55.775],[13.796,55.775],[13.803,55.776],[13.807,55.768],[13.818,55.766],[13.844,55.765],[13.846,55.758],[13.858,55.756],[13.879,55.753],[13.886,55.753],[13.899,55.759],[13.913,55.759],[13.915,55.751],[13.921,55.749],[13.948,55.762],[13.956,55.77],[13.961,55.777],[13.963,55.781],[13.951,55.79],[13.958,55.795],[13.958,55.797],[13.952,55.801],[13.94,55.803],[13.928,55.802],[13.919,55.802],[13.915,55.81],[13.914,55.819],[13.892,55.823],[13.883,55.837],[13.893,55.844],[13.91,55.851],[13.905,55.857],[13.909,55.859],[13.919,55.865],[13.918,55.874],[13.914,55.878],[13.887,55.881],[13.889,55.885],[13.897,55.89],[13.897,55.891],[13.908,55.9],[13.905,55.905],[13.908,55.909],[13.907,55.911],[13.897,55.909],[13.884,55.915],[13.877,55.922],[13.868,55.919],[13.862,55.913],[13.859,55.905],[13.838,55.905],[13.824,55.902],[13.814,55.891],[13.815,55.886],[13.807,55.887],[13.804,55.89],[13.783,55.897],[13.77,55.897],[13.777,55.901],[13.781,55.908],[13.771,55.913],[13.748,55.932],[13.75,55.942],[13.723,55.949],[13.713,55.957],[13.711,55.961],[13.7,55.957],[13.685,55.957],[13.667,55.961],[13.657,55.96],[13.644,55.953],[13.626,55.954],[13.62,55.956],[13.617,55.95],[13.617,55.942],[13.611,55.934],[13.611,55.931],[13.615,55.928],[13.593,55.918],[13.579,55.91],[13.579,55.906],[13.575,55.904],[13.575,55.901],[13.568,55.901],[13.563,55.902],[13.548,55.893],[13.56,55.879],[13.545,55.868],[13.556,55.844],[13.558,55.839],[13.556,55.83],[13.553,55.829],[13.553,55.823],[13.555,55.821]]]}},{"type":"Feature","properties":{"id":935624,"maakond_id":418,"name":"Sollefteå kommun","bbox":[15.792,62.856,18.055,64.027]},"geometry":{"type":"Polygon","coordinates":[[[17.993,63.205],[18,63.208],[17.971,63.22],[17.89,63.253],[17.838,63.275],[17.836,63.275],[17.803,63.258],[17.755,63.264],[17.692,63.273],[17.594,63.287],[17.535,63.296],[17.546,63.326],[17.476,63.34],[17.475,63.364],[17.474,63.384],[17.458,63.381],[17.45,63.385],[17.453,63.386],[17.433,63.425],[17.428,63.44],[17.42,63.462],[17.418,63.501],[17.417,63.509],[17.335,63.491],[17.28,63.48],[17.28,63.503],[17.293,63.53],[17.251,63.554],[17.255,63.558],[17.259,63.559],[17.27,63.564],[17.326,63.574],[17.344,63.576],[17.301,63.613],[17.28,63.608],[17.268,63.61],[17.269,63.613],[17.289,63.623],[17.264,63.644],[17.336,63.694],[17.306,63.74],[17.224,63.707],[17.22,63.734],[17.215,63.761],[17.212,63.772],[17.271,63.795],[17.276,63.802],[17.247,63.81],[17.202,63.815],[17.21,63.82],[17.181,63.827],[17.193,63.851],[17.177,63.869],[17.181,63.871],[17.182,63.879],[17.193,63.885],[17.325,63.869],[17.328,63.87],[17.336,63.889],[17.255,63.895],[17.261,63.914],[17.188,63.92],[17.067,63.932],[16.993,63.939],[16.878,63.951],[16.734,64.02],[16.719,64.027],[16.673,63.977],[16.631,63.928],[16.581,63.873],[16.578,63.865],[16.564,63.823],[16.571,63.796],[16.575,63.783],[16.597,63.754],[16.606,63.734],[16.614,63.714],[16.528,63.705],[16.419,63.699],[16.348,63.697],[16.341,63.691],[16.334,63.695],[16.319,63.698],[16.289,63.675],[16.271,63.66],[16.228,63.661],[16.203,63.669],[16.087,63.704],[15.983,63.654],[15.972,63.654],[15.954,63.657],[15.933,63.657],[15.906,63.664],[15.903,63.666],[15.907,63.67],[15.91,63.675],[15.899,63.683],[15.792,63.658],[15.845,63.633],[15.845,63.63],[15.851,63.627],[15.86,63.626],[15.927,63.594],[15.983,63.56],[15.997,63.551],[15.986,63.515],[15.972,63.461],[15.966,63.444],[16.017,63.431],[16.046,63.448],[16.054,63.447],[16.14,63.421],[16.132,63.383],[16.096,63.369],[16.139,63.353],[16.145,63.356],[16.204,63.337],[16.197,63.332],[16.248,63.312],[16.287,63.311],[16.275,63.301],[16.323,63.282],[16.362,63.268],[16.389,63.257],[16.54,63.197],[16.599,63.173],[16.602,63.173],[16.676,63.135],[16.673,63.134],[16.782,63.074],[16.855,63.034],[16.888,63.016],[16.904,63.007],[16.961,62.971],[16.999,62.947],[17.07,62.909],[17.093,62.897],[17.164,62.856],[17.177,62.862],[17.187,62.886],[17.237,62.903],[17.262,62.899],[17.326,62.91],[17.353,62.914],[17.331,62.941],[17.271,62.93],[17.211,62.972],[17.237,62.988],[17.251,62.995],[17.181,63.021],[17.208,63.031],[17.251,63.015],[17.315,63.035],[17.298,63.056],[17.338,63.066],[17.402,63.083],[17.425,63.088],[17.463,63.096],[17.505,63.105],[17.547,63.114],[17.57,63.11],[17.597,63.111],[17.687,63.128],[17.695,63.129],[17.703,63.125],[17.716,63.123],[17.724,63.118],[17.738,63.114],[17.749,63.109],[17.761,63.113],[17.764,63.116],[17.773,63.119],[17.88,63.161],[17.896,63.142],[17.989,63.158],[17.977,63.172],[18.047,63.186],[18.052,63.185],[18.055,63.186],[18.051,63.185],[17.973,63.197],[17.993,63.205]]]}},{"type":"Feature","properties":{"id":935625,"maakond_id":410,"name":"Kävlinge kommun","bbox":[12.758,55.664,13.219,55.846]},"geometry":{"type":"Polygon","coordinates":[[[12.972,55.68],[12.985,55.706],[12.991,55.726],[12.993,55.729],[13.004,55.735],[13.006,55.741],[13.011,55.742],[13.017,55.751],[13.016,55.755],[13.025,55.757],[13.027,55.753],[13.037,55.753],[13.044,55.756],[13.049,55.757],[13.061,55.75],[13.067,55.744],[13.069,55.741],[13.074,55.742],[13.077,55.739],[13.087,55.744],[13.111,55.748],[13.118,55.747],[13.126,55.748],[13.139,55.749],[13.142,55.752],[13.135,55.758],[13.142,55.765],[13.142,55.768],[13.135,55.77],[13.143,55.781],[13.137,55.789],[13.145,55.792],[13.153,55.789],[13.16,55.791],[13.169,55.79],[13.183,55.794],[13.189,55.791],[13.194,55.791],[13.203,55.787],[13.206,55.786],[13.215,55.786],[13.219,55.789],[13.215,55.795],[13.213,55.81],[13.218,55.815],[13.219,55.823],[13.212,55.825],[13.21,55.828],[13.211,55.833],[13.215,55.841],[13.211,55.845],[13.201,55.843],[13.175,55.839],[13.168,55.834],[13.163,55.834],[13.162,55.831],[13.146,55.83],[13.119,55.831],[13.113,55.828],[13.11,55.831],[13.08,55.838],[13.081,55.841],[13.073,55.843],[13.073,55.846],[13.059,55.841],[13.035,55.832],[13.031,55.831],[13.031,55.828],[13.028,55.826],[13.028,55.822],[13.019,55.822],[13.012,55.825],[13.007,55.824],[13.002,55.826],[12.992,55.825],[12.981,55.827],[12.978,55.825],[12.951,55.827],[12.93,55.825],[12.854,55.815],[12.758,55.78],[12.846,55.699],[12.876,55.664],[12.972,55.68]]]}},{"type":"Feature","properties":{"id":935626,"maakond_id":411,"name":"Kungsbacka kommun","bbox":[11.454,57.143,12.42,57.598]},"geometry":{"type":"Polygon","coordinates":[[[11.454,57.5],[11.521,57.453],[11.586,57.383],[11.624,57.302],[11.684,57.173],[11.732,57.143],[11.828,57.215],[12.039,57.318],[12.066,57.326],[12.087,57.327],[12.106,57.329],[12.121,57.324],[12.135,57.321],[12.141,57.312],[12.145,57.303],[12.154,57.304],[12.162,57.307],[12.172,57.312],[12.179,57.311],[12.192,57.315],[12.198,57.318],[12.205,57.318],[12.206,57.322],[12.216,57.322],[12.219,57.319],[12.218,57.315],[12.227,57.316],[12.239,57.313],[12.261,57.305],[12.275,57.3],[12.288,57.303],[12.314,57.309],[12.32,57.314],[12.333,57.322],[12.339,57.33],[12.346,57.334],[12.352,57.335],[12.387,57.352],[12.391,57.361],[12.396,57.381],[12.409,57.393],[12.411,57.398],[12.418,57.399],[12.42,57.401],[12.417,57.406],[12.407,57.411],[12.405,57.415],[12.412,57.417],[12.408,57.421],[12.407,57.429],[12.402,57.436],[12.39,57.44],[12.39,57.443],[12.38,57.446],[12.376,57.449],[12.366,57.449],[12.358,57.453],[12.346,57.451],[12.338,57.451],[12.335,57.455],[12.331,57.455],[12.324,57.463],[12.344,57.486],[12.341,57.493],[12.325,57.508],[12.313,57.516],[12.315,57.519],[12.312,57.521],[12.326,57.548],[12.341,57.562],[12.332,57.566],[12.33,57.567],[12.32,57.574],[12.303,57.584],[12.283,57.591],[12.277,57.598],[12.247,57.587],[12.227,57.581],[12.208,57.574],[12.176,57.567],[12.16,57.566],[12.103,57.56],[12.1,57.562],[12.087,57.559],[12.095,57.556],[12.085,57.553],[12.078,57.552],[12.051,57.55],[12.046,57.552],[12.029,57.55],[12.013,57.546],[12.007,57.552],[11.999,57.559],[11.991,57.562],[11.988,57.565],[11.975,57.563],[11.968,57.564],[11.964,57.562],[11.958,57.564],[11.944,57.561],[11.925,57.563],[11.922,57.564],[11.909,57.563],[11.898,57.561],[11.89,57.562],[11.878,57.559],[11.818,57.556],[11.779,57.5],[11.454,57.5]]]}},{"type":"Feature","properties":{"id":935627,"maakond_id":413,"name":"Sunne kommun","bbox":[12.585,59.651,13.387,60.123]},"geometry":{"type":"Polygon","coordinates":[[[12.585,60.078],[12.608,60.036],[12.615,60.029],[12.616,60.026],[12.622,60.023],[12.627,60.023],[12.632,60.019],[12.639,60.016],[12.647,60.015],[12.662,60.009],[12.671,60.008],[12.676,60.006],[12.691,60.003],[12.7,60.002],[12.702,59.999],[12.708,59.997],[12.719,59.997],[12.729,59.992],[12.733,59.984],[12.736,59.981],[12.747,59.978],[12.751,59.973],[12.749,59.965],[12.744,59.961],[12.739,59.959],[12.735,59.954],[12.734,59.95],[12.705,59.942],[12.696,59.93],[12.693,59.92],[12.692,59.913],[12.686,59.904],[12.688,59.899],[12.709,59.892],[12.721,59.887],[12.721,59.875],[12.73,59.872],[12.762,59.866],[12.774,59.861],[12.791,59.857],[12.813,59.848],[12.816,59.845],[12.835,59.836],[12.85,59.825],[12.879,59.813],[12.894,59.791],[12.899,59.78],[12.909,59.774],[12.917,59.763],[12.925,59.757],[12.934,59.751],[12.94,59.75],[12.944,59.744],[12.956,59.741],[12.957,59.734],[12.971,59.731],[12.983,59.728],[12.988,59.723],[12.993,59.724],[12.998,59.72],[13.003,59.711],[13.008,59.706],[13.014,59.703],[13.026,59.699],[13.053,59.69],[13.065,59.691],[13.093,59.651],[13.131,59.652],[13.153,59.653],[13.196,59.653],[13.22,59.652],[13.238,59.656],[13.289,59.664],[13.321,59.664],[13.332,59.666],[13.344,59.662],[13.366,59.662],[13.365,59.67],[13.369,59.677],[13.366,59.685],[13.369,59.686],[13.382,59.698],[13.386,59.704],[13.383,59.711],[13.374,59.722],[13.371,59.728],[13.376,59.729],[13.376,59.739],[13.377,59.745],[13.381,59.748],[13.381,59.752],[13.379,59.755],[13.381,59.764],[13.379,59.765],[13.377,59.767],[13.378,59.78],[13.373,59.782],[13.37,59.81],[13.371,59.812],[13.367,59.816],[13.367,59.823],[13.37,59.826],[13.364,59.833],[13.364,59.838],[13.365,59.843],[13.36,59.852],[13.361,59.859],[13.368,59.861],[13.376,59.869],[13.383,59.866],[13.385,59.881],[13.385,59.888],[13.387,59.892],[13.385,59.911],[13.383,59.926],[13.348,59.939],[13.342,59.945],[13.338,59.958],[13.333,59.974],[13.331,59.978],[13.331,59.986],[13.328,59.991],[13.32,59.994],[13.318,59.998],[13.319,60.01],[13.316,60.014],[13.318,60.024],[13.313,60.034],[13.31,60.033],[13.301,60.03],[13.298,60.033],[13.286,60.036],[13.286,60.079],[13.257,60.123],[13.223,60.116],[13.214,60.116],[13.199,60.108],[13.183,60.107],[13.148,60.086],[13.135,60.074],[13.12,60.065],[13.101,60.059],[13.098,60.055],[13.088,60.052],[13.08,60.056],[13.067,60.068],[13.061,60.074],[13.051,60.082],[13.044,60.075],[13.03,60.067],[13.01,60.059],[12.983,60.05],[12.945,60.041],[12.939,60.039],[12.94,60.034],[12.934,60.034],[12.93,60.037],[12.919,60.042],[12.909,60.041],[12.906,60.045],[12.896,60.048],[12.892,60.052],[12.882,60.058],[12.876,60.062],[12.868,60.071],[12.867,60.074],[12.86,60.078],[12.857,60.082],[12.854,60.084],[12.841,60.087],[12.833,60.091],[12.832,60.095],[12.82,60.099],[12.809,60.109],[12.758,60.096],[12.753,60.102],[12.75,60.104],[12.739,60.101],[12.732,60.101],[12.726,60.099],[12.718,60.104],[12.712,60.098],[12.702,60.096],[12.697,60.098],[12.686,60.096],[12.683,60.097],[12.638,60.095],[12.611,60.082],[12.595,60.084],[12.585,60.078]]]}},{"type":"Feature","properties":{"id":935628,"maakond_id":414,"name":"Örebro kommun","bbox":[14.761,58.956,15.798,59.524]},"geometry":{"type":"MultiPolygon","coordinates":[[[[15.688,58.982],[15.665,58.982],[15.65,58.996],[15.654,59],[15.655,59.005],[15.652,59.008],[15.656,59.01],[15.645,59.013],[15.631,59.011],[15.621,59.016],[15.621,59.02],[15.617,59.023],[15.62,59.025],[15.628,59.025],[15.633,59.031],[15.639,59.033],[15.632,59.037],[15.638,59.043],[15.637,59.047],[15.643,59.05],[15.64,59.054],[15.672,59.064],[15.684,59.065],[15.701,59.072],[15.704,59.077],[15.711,59.077],[15.716,59.085],[15.713,59.088],[15.708,59.089],[15.701,59.096],[15.707,59.101],[15.717,59.102],[15.729,59.105],[15.756,59.106],[15.76,59.105],[15.77,59.106],[15.776,59.104],[15.794,59.11],[15.79,59.113],[15.792,59.117],[15.791,59.121],[15.798,59.123],[15.788,59.133],[15.788,59.137],[15.798,59.137],[15.769,59.184],[15.762,59.198],[15.798,59.231],[15.727,59.223],[15.706,59.251],[15.692,59.271],[15.651,59.277],[15.608,59.289],[15.626,59.31],[15.632,59.317],[15.631,59.32],[15.635,59.322],[15.635,59.334],[15.615,59.348],[15.619,59.353],[15.613,59.363],[15.6,59.367],[15.604,59.37],[15.6,59.375],[15.583,59.37],[15.568,59.368],[15.564,59.372],[15.535,59.377],[15.521,59.384],[15.499,59.387],[15.489,59.389],[15.476,59.389],[15.474,59.398],[15.501,59.404],[15.516,59.406],[15.501,59.419],[15.496,59.419],[15.485,59.421],[15.482,59.426],[15.475,59.429],[15.473,59.432],[15.464,59.434],[15.458,59.431],[15.459,59.426],[15.449,59.428],[15.438,59.427],[15.435,59.425],[15.426,59.425],[15.42,59.421],[15.407,59.424],[15.393,59.431],[15.364,59.428],[15.319,59.433],[15.319,59.437],[15.299,59.449],[15.291,59.449],[15.28,59.446],[15.273,59.485],[15.276,59.492],[15.279,59.502],[15.276,59.505],[15.231,59.508],[15.229,59.518],[15.222,59.519],[15.222,59.516],[15.215,59.515],[15.201,59.524],[15.19,59.52],[15.184,59.52],[15.175,59.517],[15.175,59.514],[15.165,59.508],[15.159,59.507],[15.15,59.509],[15.147,59.505],[15.151,59.501],[15.148,59.495],[15.152,59.493],[15.148,59.488],[15.151,59.487],[15.149,59.481],[15.145,59.476],[15.142,59.467],[15.145,59.459],[15.149,59.456],[15.149,59.449],[15.151,59.446],[15.128,59.445],[15.109,59.44],[15.108,59.435],[15.089,59.432],[15.076,59.434],[15.069,59.432],[15.073,59.446],[15.073,59.454],[15.066,59.466],[15.066,59.469],[15.06,59.47],[15.049,59.472],[15.041,59.473],[15.012,59.466],[15.004,59.464],[15,59.458],[14.994,59.453],[15,59.452],[14.996,59.435],[14.999,59.429],[14.999,59.422],[14.989,59.422],[14.969,59.414],[14.96,59.414],[14.95,59.407],[14.939,59.399],[14.931,59.383],[14.916,59.381],[14.896,59.377],[14.869,59.375],[14.846,59.374],[14.832,59.373],[14.81,59.381],[14.792,59.387],[14.765,59.386],[14.761,59.385],[14.763,59.376],[14.764,59.364],[14.77,59.358],[14.772,59.354],[14.777,59.354],[14.783,59.35],[14.781,59.344],[14.788,59.336],[14.79,59.333],[14.796,59.328],[14.8,59.322],[14.809,59.322],[14.82,59.317],[14.835,59.311],[14.841,59.314],[14.849,59.313],[14.866,59.302],[14.874,59.299],[14.881,59.3],[14.892,59.294],[14.901,59.282],[14.901,59.275],[14.903,59.273],[14.91,59.275],[14.913,59.271],[14.92,59.27],[14.919,59.267],[14.924,59.26],[14.927,59.259],[14.929,59.246],[14.928,59.239],[14.938,59.232],[14.945,59.228],[14.953,59.215],[14.949,59.214],[14.941,59.209],[14.933,59.205],[14.928,59.205],[14.945,59.191],[14.952,59.19],[14.958,59.193],[14.989,59.196],[14.989,59.199],[15.002,59.2],[15.029,59.198],[15.025,59.195],[15.04,59.188],[15.041,59.186],[15.044,59.173],[15.05,59.167],[15.055,59.17],[15.055,59.173],[15.067,59.172],[15.084,59.175],[15.097,59.181],[15.111,59.177],[15.125,59.177],[15.136,59.177],[15.145,59.179],[15.145,59.181],[15.158,59.182],[15.158,59.178],[15.153,59.178],[15.143,59.17],[15.156,59.17],[15.161,59.17],[15.184,59.182],[15.2,59.182],[15.23,59.172],[15.238,59.175],[15.249,59.177],[15.258,59.181],[15.277,59.185],[15.279,59.189],[15.284,59.189],[15.29,59.187],[15.298,59.188],[15.308,59.181],[15.318,59.181],[15.326,59.184],[15.331,59.185],[15.357,59.183],[15.359,59.179],[15.361,59.172],[15.373,59.154],[15.379,59.155],[15.389,59.149],[15.398,59.147],[15.405,59.146],[15.406,59.139],[15.403,59.138],[15.407,59.134],[15.405,59.127],[15.416,59.115],[15.426,59.109],[15.424,59.104],[15.432,59.101],[15.45,59.094],[15.452,59.089],[15.467,59.08],[15.461,59.074],[15.469,59.067],[15.467,59.064],[15.459,59.061],[15.463,59.042],[15.471,59.035],[15.471,59.03],[15.464,59.018],[15.436,59.017],[15.46,59.002],[15.476,59.002],[15.479,58.998],[15.49,58.992],[15.499,58.988],[15.518,58.983],[15.543,58.973],[15.547,58.97],[15.555,58.956],[15.581,58.96],[15.59,58.96],[15.603,58.968],[15.629,58.983],[15.633,58.981],[15.638,58.976],[15.642,58.974],[15.658,58.975],[15.678,58.974],[15.682,58.975],[15.688,58.982]],[[15.009,59.206],[15.017,59.211],[15.019,59.21],[15.017,59.203],[15.021,59.2],[15.004,59.202],[15.009,59.206]]],[[[14.843,59.301],[14.841,59.299],[14.841,59.293],[14.853,59.286],[14.86,59.293],[14.843,59.301]]]]}},{"type":"Feature","properties":{"id":935629,"maakond_id":421,"name":"Överkalix kommun","bbox":[21.947,66.136,23.243,66.843]},"geometry":{"type":"MultiPolygon","coordinates":[[[[23.228,66.164],[23.238,66.188],[23.24,66.226],[23.243,66.23],[23.234,66.24],[23.223,66.241],[23.216,66.245],[23.217,66.253],[23.199,66.273],[23.204,66.275],[23.197,66.279],[23.2,66.285],[23.187,66.286],[23.176,66.289],[23.138,66.333],[23.2,66.344],[23.217,66.347],[23.193,66.369],[23.161,66.363],[23.111,66.404],[23.115,66.409],[23.112,66.415],[23.12,66.42],[23.116,66.426],[23.118,66.431],[23.112,66.44],[23.114,66.449],[23.105,66.465],[23.103,66.472],[23.093,66.502],[23.083,66.541],[23.063,66.62],[23.054,66.654],[23.04,66.653],[23.032,66.658],[23.028,66.661],[23,66.659],[22.936,66.674],[22.946,66.662],[22.933,66.66],[22.918,66.678],[22.81,66.703],[22.787,66.722],[22.77,66.718],[22.786,66.708],[22.714,66.724],[22.662,66.736],[22.47,66.776],[22.427,66.809],[22.42,66.808],[22.417,66.794],[22.389,66.792],[22.134,66.843],[22.127,66.834],[22.137,66.827],[22.142,66.828],[22.154,66.816],[22.164,66.812],[22.151,66.81],[22.145,66.81],[22.133,66.804],[22.13,66.806],[22.107,66.81],[22.044,66.732],[21.971,66.669],[22.122,66.606],[22.115,66.605],[22.112,66.6],[22.122,66.6],[22.117,66.55],[22.112,66.49],[22.11,66.457],[21.947,66.432],[21.991,66.399],[22.069,66.341],[22.101,66.318],[22.146,66.283],[22.195,66.247],[22.322,66.148],[22.338,66.136],[22.374,66.154],[22.367,66.158],[22.387,66.17],[22.409,66.173],[22.535,66.239],[22.631,66.215],[22.787,66.176],[22.813,66.17],[22.919,66.168],[22.902,66.152],[22.956,66.136],[22.981,66.146],[22.975,66.164],[22.975,66.167],[23.13,66.165],[23.214,66.164],[23.218,66.16],[23.226,66.16],[23.227,66.162],[23.219,66.161],[23.218,66.164],[23.228,66.164]]],[[[23.143,66.417],[23.152,66.394],[23.162,66.394],[23.171,66.409],[23.168,66.416],[23.143,66.417]]],[[[22.739,66.732],[22.751,66.72],[22.758,66.721],[22.751,66.734],[22.739,66.732]]],[[[22.95,66.68],[22.96,66.681],[22.954,66.687],[22.944,66.686],[22.95,66.68]]],[[[22.941,66.689],[22.95,66.691],[22.946,66.696],[22.935,66.695],[22.941,66.689]]]]}},{"type":"Feature","properties":{"id":935630,"maakond_id":421,"name":"Jokkmokks kommun","bbox":[16.09,65.909,21.274,67.906]},"geometry":{"type":"Polygon","coordinates":[[[16.733,67.906],[16.679,67.824],[16.638,67.767],[16.581,67.68],[16.556,67.647],[16.495,67.594],[16.408,67.534],[16.286,67.528],[16.158,67.519],[16.09,67.435],[16.18,67.371],[16.33,67.262],[16.404,67.205],[16.402,67.19],[16.546,67.144],[16.713,67.089],[16.953,67.027],[17.064,66.999],[17.262,66.915],[17.405,66.855],[17.511,66.797],[17.64,66.725],[17.926,66.683],[18.067,66.662],[18.138,66.651],[18.219,66.63],[18.312,66.604],[18.633,66.528],[18.691,66.514],[18.783,66.393],[18.739,66.301],[18.864,66.248],[19.032,66.175],[19.077,66.145],[19.116,66.13],[19.107,66.123],[19.113,66.119],[19.129,66.113],[19.135,66.11],[19.155,66.105],[19.167,66.102],[19.17,66.099],[19.182,66.101],[19.19,66.1],[19.195,66.097],[19.21,66.095],[19.225,66.096],[19.232,66.093],[19.239,66.095],[19.248,66.094],[19.259,66.095],[19.275,66.096],[19.28,66.093],[19.313,66.088],[19.327,66.086],[19.342,66.082],[19.356,66.07],[19.374,66.068],[19.378,66.064],[19.378,66.059],[19.383,66.057],[19.399,66.055],[19.415,66.048],[19.428,66.046],[19.446,66.045],[19.455,66.043],[19.464,66.043],[19.467,66.04],[19.483,66.035],[19.501,66.042],[19.527,66.041],[19.573,66.044],[19.585,66.04],[19.59,66.041],[19.608,66.042],[19.636,66.045],[19.654,66.045],[19.676,66.043],[19.688,66.039],[19.705,66.035],[19.715,66.034],[19.734,66.03],[19.745,66.029],[19.756,66.025],[19.773,66.025],[19.797,66.017],[19.803,66.017],[19.812,66.013],[19.822,66.012],[19.84,66.013],[19.853,66.015],[19.861,66.014],[19.88,66.015],[19.889,66.017],[19.904,66.015],[19.906,66.013],[19.915,66.012],[19.932,66.006],[19.937,66.002],[19.961,65.994],[19.972,65.992],[19.98,65.986],[19.992,65.98],[19.996,65.98],[20.01,65.974],[20.023,65.97],[20.032,65.963],[20.032,65.956],[20.037,65.95],[20.041,65.947],[20.051,65.947],[20.055,65.942],[20.064,65.941],[20.074,65.942],[20.09,65.939],[20.098,65.936],[20.116,65.934],[20.124,65.931],[20.136,65.928],[20.143,65.931],[20.154,65.927],[20.169,65.928],[20.179,65.92],[20.192,65.919],[20.198,65.915],[20.197,65.91],[20.205,65.909],[20.228,65.924],[20.297,65.97],[20.33,65.992],[20.362,66.015],[20.404,66.05],[20.447,66.087],[20.514,66.144],[20.602,66.219],[20.67,66.275],[20.713,66.309],[20.704,66.309],[20.703,66.316],[20.718,66.313],[20.772,66.358],[20.894,66.377],[20.971,66.389],[20.998,66.393],[21.088,66.355],[21.144,66.332],[21.183,66.317],[21.233,66.296],[21.274,66.279],[21.246,66.31],[21.178,66.384],[21.105,66.464],[21.054,66.52],[21.012,66.567],[20.962,66.623],[20.856,66.658],[20.769,66.688],[20.664,66.725],[20.633,66.736],[20.574,66.751],[20.464,66.781],[20.29,66.829],[20.189,66.861],[19.948,66.938],[19.925,66.945],[19.831,66.975],[19.806,67.013],[19.784,67.044],[19.662,67.095],[19.51,67.146],[19.313,67.154],[19.27,67.178],[19.09,67.279],[19.053,67.291],[19.028,67.294],[18.99,67.304],[18.974,67.304],[18.954,67.307],[18.946,67.306],[18.925,67.307],[18.894,67.328],[18.878,67.352],[18.783,67.386],[18.704,67.405],[18.688,67.401],[18.671,67.399],[18.634,67.397],[18.618,67.405],[18.573,67.41],[18.506,67.401],[18.488,67.403],[18.438,67.419],[18.417,67.433],[18.389,67.442],[18.36,67.458],[18.34,67.48],[18.328,67.48],[18.325,67.476],[18.311,67.479],[18.31,67.483],[18.254,67.499],[18.209,67.522],[18.201,67.532],[18.196,67.533],[18.175,67.543],[18.154,67.557],[18.146,67.561],[18.105,67.573],[18.041,67.579],[17.97,67.586],[17.958,67.584],[17.901,67.587],[17.862,67.612],[17.824,67.622],[17.749,67.635],[17.708,67.635],[17.629,67.643],[17.594,67.651],[17.578,67.657],[17.558,67.659],[17.547,67.663],[17.451,67.676],[17.434,67.694],[17.433,67.714],[17.406,67.716],[17.365,67.718],[17.33,67.729],[17.309,67.731],[17.3,67.733],[17.299,67.739],[17.29,67.749],[17.252,67.774],[17.154,67.806],[17.128,67.804],[17.106,67.805],[17.091,67.803],[17.086,67.808],[17.076,67.813],[17.054,67.813],[17.025,67.82],[17.024,67.823],[17.014,67.824],[16.994,67.836],[16.991,67.84],[16.984,67.841],[16.978,67.845],[16.966,67.845],[16.961,67.849],[16.95,67.852],[16.934,67.855],[16.913,67.862],[16.902,67.864],[16.89,67.87],[16.872,67.876],[16.862,67.88],[16.848,67.882],[16.837,67.884],[16.837,67.887],[16.812,67.89],[16.786,67.899],[16.774,67.898],[16.759,67.902],[16.752,67.901],[16.745,67.902],[16.742,67.905],[16.733,67.906]]]}},{"type":"Feature","properties":{"id":935633,"maakond_id":419,"name":"Bergs kommun","bbox":[12.075,62.281,14.917,63.099]},"geometry":{"type":"MultiPolygon","coordinates":[[[[12.075,62.903],[12.104,62.83],[12.136,62.748],[12.281,62.754],[12.445,62.762],[12.492,62.765],[12.516,62.754],[12.59,62.735],[12.591,62.733],[12.637,62.707],[12.678,62.707],[12.781,62.706],[12.859,62.695],[12.897,62.677],[12.897,62.713],[12.973,62.744],[13.047,62.711],[13.148,62.707],[13.19,62.676],[13.278,62.664],[13.275,62.648],[13.267,62.641],[13.268,62.639],[13.263,62.634],[13.285,62.629],[13.272,62.617],[13.367,62.609],[13.387,62.62],[13.417,62.624],[13.483,62.632],[13.432,62.643],[13.379,62.672],[13.367,62.678],[13.377,62.709],[13.384,62.751],[13.426,62.76],[13.457,62.739],[13.497,62.713],[13.581,62.693],[13.632,62.673],[13.687,62.677],[13.804,62.711],[13.812,62.713],[13.813,62.716],[13.852,62.688],[13.876,62.671],[13.871,62.627],[13.964,62.621],[13.992,62.619],[13.975,62.603],[13.98,62.586],[13.973,62.586],[13.971,62.576],[13.99,62.571],[14.002,62.577],[14.008,62.556],[14.021,62.506],[14.035,62.492],[14.048,62.494],[14.068,62.488],[14.07,62.476],[14.065,62.475],[14.05,62.48],[14.062,62.467],[14.084,62.447],[14.143,62.407],[14.169,62.388],[14.216,62.359],[14.297,62.332],[14.34,62.303],[14.391,62.302],[14.436,62.303],[14.446,62.297],[14.45,62.292],[14.464,62.305],[14.556,62.281],[14.648,62.323],[14.666,62.331],[14.699,62.347],[14.727,62.359],[14.738,62.37],[14.781,62.393],[14.801,62.404],[14.798,62.439],[14.796,62.463],[14.805,62.464],[14.819,62.46],[14.832,62.462],[14.841,62.46],[14.843,62.464],[14.85,62.467],[14.84,62.475],[14.843,62.478],[14.842,62.484],[14.842,62.488],[14.836,62.492],[14.83,62.498],[14.828,62.504],[14.83,62.507],[14.825,62.513],[14.813,62.523],[14.809,62.524],[14.802,62.527],[14.801,62.53],[14.803,62.538],[14.809,62.542],[14.809,62.545],[14.805,62.558],[14.809,62.563],[14.806,62.568],[14.798,62.573],[14.799,62.575],[14.781,62.591],[14.917,62.598],[14.885,62.638],[14.872,62.662],[14.861,62.681],[14.866,62.704],[14.858,62.713],[14.79,62.74],[14.767,62.736],[14.751,62.728],[14.703,62.738],[14.665,62.728],[14.649,62.726],[14.638,62.753],[14.636,62.761],[14.649,62.764],[14.66,62.772],[14.669,62.769],[14.674,62.765],[14.738,62.763],[14.753,62.747],[14.764,62.745],[14.769,62.748],[14.781,62.758],[14.817,62.764],[14.787,62.792],[14.769,62.81],[14.814,62.811],[14.808,62.827],[14.793,62.858],[14.781,62.892],[14.694,62.896],[14.687,62.908],[14.668,62.909],[14.637,62.907],[14.609,62.906],[14.602,62.908],[14.598,62.911],[14.597,62.916],[14.603,62.919],[14.595,62.944],[14.557,62.951],[14.549,62.954],[14.538,62.954],[14.533,62.968],[14.542,63.01],[14.52,63.011],[14.519,63.008],[14.497,63.011],[14.497,63.012],[14.488,63.018],[14.478,63.016],[14.463,63.017],[14.448,63.015],[14.438,63.03],[14.413,63.056],[14.405,63.069],[14.393,63.069],[14.382,63.065],[14.364,63.063],[14.354,63.055],[14.337,63.05],[14.325,63.051],[14.317,63.05],[14.287,63.056],[14.263,63.049],[14.247,63.044],[14.252,63.041],[14.23,63.035],[14.227,63.037],[14.206,63.03],[14.198,63.038],[14.188,63.039],[14.181,63.043],[14.171,63.046],[14.134,63.039],[14.123,63.059],[14.044,63.055],[14.014,63.052],[13.937,63.046],[13.929,63.059],[13.919,63.061],[13.9,63.057],[13.889,63.056],[13.878,63.057],[13.874,63.056],[13.857,63.06],[13.852,63.058],[13.841,63.057],[13.827,63.059],[13.82,63.065],[13.824,63.069],[13.821,63.071],[13.826,63.075],[13.836,63.074],[13.85,63.077],[13.858,63.077],[13.855,63.09],[13.845,63.095],[13.825,63.098],[13.815,63.099],[13.812,63.097],[13.801,63.095],[13.793,63.093],[13.794,63.086],[13.783,63.079],[13.775,63.078],[13.768,63.075],[13.758,63.074],[13.751,63.07],[13.743,63.071],[13.736,63.07],[13.722,63.091],[13.703,63.094],[13.7,63.096],[13.687,63.098],[13.678,63.097],[13.671,63.093],[13.657,63.091],[13.642,63.092],[13.615,63.091],[13.606,63.092],[13.586,63.09],[13.583,63.092],[13.568,63.093],[13.546,63.088],[13.535,63.088],[13.527,63.082],[13.517,63.079],[13.505,63.077],[13.501,63.075],[13.5,63.071],[13.505,63.07],[13.513,63.07],[13.517,63.068],[13.497,63.065],[13.48,63.06],[13.48,63.057],[13.468,63.058],[13.466,63.06],[13.441,63.063],[13.428,63.058],[13.423,63.059],[13.414,63.052],[13.412,63.048],[13.405,63.045],[13.399,63.044],[13.391,63.039],[13.386,63.035],[13.366,63.032],[13.352,63.027],[13.349,63.025],[13.337,63.026],[13.329,63.023],[13.321,63.024],[13.302,63.023],[13.293,63.025],[13.289,63.028],[13.283,63.028],[13.277,63.031],[13.264,63.034],[13.248,63.032],[13.243,63.035],[13.237,63.034],[13.23,63.035],[13.217,63.034],[13.215,63.026],[13.201,63.021],[13.195,63.018],[13.176,63.015],[13.172,63.007],[13.095,62.972],[12.847,62.973],[12.66,62.973],[12.65,62.972],[12.163,62.914],[12.075,62.903]],[[14.76,62.691],[14.759,62.69],[14.756,62.667],[14.747,62.669],[14.736,62.667],[14.732,62.671],[14.71,62.693],[14.696,62.702],[14.71,62.703],[14.736,62.708],[14.74,62.704],[14.757,62.696],[14.76,62.691]],[[14.002,62.577],[13.984,62.586],[13.978,62.602],[13.999,62.592],[14.002,62.577]],[[14.709,62.885],[14.708,62.887],[14.729,62.889],[14.729,62.886],[14.709,62.885]]],[[[14.804,62.404],[14.812,62.4],[14.823,62.4],[14.833,62.394],[14.848,62.394],[14.853,62.398],[14.864,62.401],[14.874,62.4],[14.875,62.402],[14.804,62.404]]]]}},{"type":"Feature","properties":{"id":935634,"maakond_id":405,"name":"Mullsjö kommun","bbox":[13.687,57.829,13.963,58.056]},"geometry":{"type":"Polygon","coordinates":[[[13.864,57.851],[13.867,57.857],[13.866,57.86],[13.871,57.864],[13.87,57.867],[13.864,57.868],[13.861,57.877],[13.864,57.88],[13.865,57.884],[13.861,57.887],[13.856,57.894],[13.867,57.901],[13.875,57.9],[13.885,57.895],[13.892,57.893],[13.897,57.895],[13.892,57.9],[13.893,57.904],[13.902,57.909],[13.9,57.912],[13.901,57.916],[13.907,57.916],[13.909,57.922],[13.914,57.922],[13.922,57.925],[13.922,57.927],[13.91,57.933],[13.904,57.933],[13.903,57.936],[13.911,57.943],[13.9,57.952],[13.9,57.955],[13.91,57.957],[13.906,57.963],[13.906,57.968],[13.912,57.974],[13.913,57.978],[13.918,57.98],[13.917,57.985],[13.923,57.99],[13.927,57.995],[13.929,58.001],[13.927,58.003],[13.93,58.009],[13.945,58.007],[13.963,58.008],[13.961,58.01],[13.953,58.027],[13.953,58.03],[13.943,58.035],[13.94,58.035],[13.919,58.042],[13.905,58.042],[13.898,58.044],[13.889,58.045],[13.876,58.047],[13.868,58.047],[13.865,58.041],[13.86,58.042],[13.841,58.045],[13.823,58.05],[13.805,58.056],[13.802,58.049],[13.792,58.049],[13.796,58.054],[13.79,58.056],[13.773,58.048],[13.771,58.04],[13.766,58.036],[13.772,58.024],[13.759,58.026],[13.753,58.025],[13.772,58.02],[13.776,58.011],[13.774,58.006],[13.755,58.008],[13.75,58.005],[13.758,58.001],[13.749,57.994],[13.744,57.997],[13.733,57.998],[13.732,57.995],[13.725,57.991],[13.728,57.989],[13.723,57.986],[13.72,57.98],[13.719,57.976],[13.688,57.977],[13.687,57.974],[13.712,57.966],[13.726,57.939],[13.729,57.931],[13.734,57.938],[13.741,57.94],[13.756,57.941],[13.766,57.938],[13.767,57.932],[13.771,57.926],[13.775,57.925],[13.786,57.926],[13.789,57.922],[13.792,57.909],[13.791,57.906],[13.777,57.903],[13.764,57.896],[13.76,57.891],[13.766,57.888],[13.763,57.885],[13.766,57.882],[13.766,57.878],[13.757,57.873],[13.742,57.865],[13.74,57.855],[13.736,57.855],[13.736,57.849],[13.732,57.845],[13.761,57.844],[13.766,57.844],[13.77,57.846],[13.783,57.846],[13.788,57.837],[13.793,57.835],[13.798,57.831],[13.803,57.829],[13.811,57.835],[13.829,57.834],[13.83,57.832],[13.845,57.83],[13.858,57.83],[13.861,57.833],[13.859,57.837],[13.863,57.841],[13.864,57.851]]]}},{"type":"Feature","properties":{"id":935636,"maakond_id":405,"name":"Eksjö kommun","bbox":[14.788,57.493,15.666,57.752]},"geometry":{"type":"Polygon","coordinates":[[[15.651,57.6],[15.643,57.603],[15.632,57.604],[15.621,57.609],[15.616,57.614],[15.608,57.618],[15.603,57.621],[15.593,57.625],[15.594,57.63],[15.583,57.637],[15.576,57.637],[15.567,57.641],[15.561,57.643],[15.538,57.65],[15.537,57.653],[15.53,57.654],[15.52,57.66],[15.514,57.662],[15.505,57.661],[15.496,57.669],[15.489,57.674],[15.481,57.672],[15.479,57.675],[15.474,57.675],[15.447,57.684],[15.44,57.685],[15.43,57.698],[15.421,57.702],[15.421,57.705],[15.412,57.708],[15.401,57.708],[15.377,57.706],[15.356,57.707],[15.345,57.704],[15.336,57.703],[15.331,57.7],[15.326,57.701],[15.303,57.71],[15.296,57.711],[15.282,57.715],[15.282,57.71],[15.266,57.708],[15.257,57.706],[15.235,57.708],[15.225,57.71],[15.204,57.71],[15.198,57.709],[15.178,57.709],[15.177,57.705],[15.155,57.706],[15.154,57.71],[15.141,57.712],[15.135,57.717],[15.128,57.717],[15.128,57.72],[15.125,57.715],[15.119,57.715],[15.114,57.72],[15.113,57.723],[15.108,57.725],[15.111,57.728],[15.09,57.739],[15.094,57.742],[15.087,57.752],[15.082,57.752],[15.074,57.75],[15.07,57.746],[15.065,57.746],[15.057,57.743],[15.032,57.746],[15.022,57.743],[15.013,57.743],[15.01,57.741],[15.004,57.747],[14.991,57.749],[14.982,57.75],[14.976,57.748],[14.969,57.752],[14.965,57.752],[14.961,57.745],[14.95,57.743],[14.936,57.741],[14.925,57.739],[14.926,57.734],[14.933,57.734],[14.934,57.731],[14.93,57.725],[14.916,57.725],[14.91,57.723],[14.911,57.718],[14.917,57.712],[14.918,57.707],[14.907,57.705],[14.903,57.701],[14.896,57.699],[14.889,57.694],[14.891,57.689],[14.879,57.683],[14.883,57.679],[14.877,57.673],[14.874,57.674],[14.862,57.67],[14.861,57.663],[14.845,57.66],[14.844,57.658],[14.847,57.647],[14.839,57.643],[14.833,57.637],[14.829,57.631],[14.834,57.63],[14.832,57.624],[14.826,57.623],[14.823,57.62],[14.816,57.618],[14.804,57.62],[14.791,57.617],[14.791,57.612],[14.788,57.607],[14.811,57.599],[14.816,57.597],[14.826,57.596],[14.829,57.595],[14.841,57.592],[14.845,57.59],[14.857,57.591],[14.86,57.593],[14.866,57.597],[14.87,57.591],[14.88,57.59],[14.894,57.587],[14.9,57.587],[14.908,57.584],[14.916,57.585],[14.926,57.582],[14.931,57.582],[14.935,57.576],[14.941,57.574],[14.954,57.571],[14.956,57.566],[14.955,57.556],[14.95,57.548],[14.959,57.542],[14.965,57.535],[14.985,57.535],[14.992,57.536],[15.013,57.541],[15.023,57.544],[15.033,57.539],[15.049,57.531],[15.061,57.526],[15.07,57.517],[15.083,57.516],[15.104,57.512],[15.118,57.508],[15.137,57.509],[15.145,57.508],[15.151,57.509],[15.156,57.512],[15.167,57.515],[15.181,57.516],[15.19,57.52],[15.189,57.521],[15.203,57.524],[15.212,57.522],[15.22,57.526],[15.221,57.529],[15.227,57.532],[15.23,57.527],[15.226,57.524],[15.228,57.521],[15.232,57.521],[15.243,57.517],[15.251,57.518],[15.254,57.514],[15.259,57.511],[15.264,57.512],[15.271,57.508],[15.286,57.513],[15.298,57.514],[15.303,57.516],[15.31,57.515],[15.321,57.509],[15.331,57.508],[15.338,57.503],[15.352,57.5],[15.365,57.493],[15.366,57.498],[15.386,57.508],[15.39,57.505],[15.403,57.506],[15.404,57.511],[15.423,57.512],[15.443,57.508],[15.449,57.509],[15.447,57.514],[15.448,57.517],[15.444,57.519],[15.451,57.524],[15.456,57.527],[15.469,57.535],[15.477,57.538],[15.481,57.537],[15.501,57.526],[15.507,57.532],[15.512,57.534],[15.507,57.542],[15.503,57.545],[15.494,57.548],[15.495,57.551],[15.495,57.557],[15.509,57.559],[15.516,57.562],[15.526,57.56],[15.544,57.553],[15.555,57.553],[15.562,57.548],[15.577,57.548],[15.583,57.552],[15.587,57.557],[15.604,57.566],[15.612,57.575],[15.631,57.588],[15.631,57.593],[15.642,57.59],[15.646,57.591],[15.666,57.599],[15.654,57.599],[15.651,57.6]]]}},{"type":"Feature","properties":{"id":935637,"maakond_id":412,"name":"Töreboda kommun","bbox":[13.904,58.509,14.421,58.838]},"geometry":{"type":"Polygon","coordinates":[[[14.338,58.561],[14.344,58.586],[14.343,58.591],[14.339,58.593],[14.341,58.596],[14.337,58.609],[14.33,58.608],[14.331,58.614],[14.324,58.614],[14.323,58.618],[14.317,58.619],[14.313,58.616],[14.295,58.613],[14.294,58.615],[14.279,58.616],[14.272,58.616],[14.251,58.624],[14.259,58.632],[14.292,58.654],[14.28,58.692],[14.277,58.691],[14.261,58.688],[14.258,58.696],[14.253,58.698],[14.296,58.721],[14.314,58.723],[14.349,58.725],[14.363,58.726],[14.368,58.73],[14.375,58.733],[14.376,58.737],[14.38,58.74],[14.386,58.747],[14.387,58.758],[14.421,58.795],[14.381,58.802],[14.359,58.812],[14.357,58.815],[14.353,58.817],[14.351,58.828],[14.307,58.838],[14.307,58.835],[14.311,58.83],[14.305,58.83],[14.294,58.827],[14.295,58.822],[14.253,58.823],[14.247,58.822],[14.229,58.825],[14.222,58.823],[14.219,58.819],[14.22,58.816],[14.216,58.813],[14.213,58.807],[14.208,58.804],[14.214,58.803],[14.185,58.795],[14.17,58.796],[14.17,58.791],[14.164,58.79],[14.156,58.793],[14.151,58.792],[14.15,58.788],[14.141,58.791],[14.138,58.79],[14.104,58.786],[14.094,58.787],[14.086,58.78],[14.084,58.772],[14.081,58.767],[14.076,58.773],[14.062,58.776],[14.04,58.778],[14.019,58.776],[14.019,58.763],[14.036,58.753],[14.043,58.753],[14.043,58.75],[14.049,58.748],[14.019,58.714],[14.005,58.708],[13.991,58.708],[13.99,58.707],[13.967,58.705],[13.943,58.7],[13.936,58.694],[13.928,58.695],[13.921,58.693],[13.928,58.691],[13.927,58.687],[13.924,58.684],[13.938,58.68],[13.953,58.679],[13.97,58.672],[13.96,58.652],[13.941,58.623],[13.926,58.612],[13.917,58.604],[13.907,58.598],[13.904,58.594],[13.915,58.592],[13.919,58.581],[13.928,58.579],[13.919,58.575],[13.929,58.57],[13.94,58.582],[13.948,58.587],[13.959,58.588],[13.973,58.585],[13.982,58.587],[13.987,58.59],[13.986,58.593],[13.998,58.594],[14.011,58.596],[14.031,58.592],[14.033,58.588],[14.03,58.584],[14.039,58.584],[14.047,58.582],[14.052,58.571],[14.058,58.564],[14.061,58.559],[14.065,58.556],[14.074,58.546],[14.079,58.533],[14.078,58.531],[14.087,58.523],[14.092,58.509],[14.145,58.512],[14.159,58.512],[14.172,58.514],[14.189,58.515],[14.222,58.524],[14.224,58.528],[14.222,58.531],[14.248,58.533],[14.25,58.53],[14.261,58.535],[14.288,58.54],[14.315,58.551],[14.338,58.561]]]}},{"type":"Feature","properties":{"id":935638,"maakond_id":413,"name":"Hagfors kommun","bbox":[13.164,59.767,14.018,60.414]},"geometry":{"type":"Polygon","coordinates":[[[13.622,60.414],[13.529,60.382],[13.487,60.335],[13.478,60.325],[13.426,60.296],[13.416,60.291],[13.42,60.289],[13.427,60.289],[13.433,60.286],[13.431,60.283],[13.421,60.279],[13.409,60.28],[13.407,60.277],[13.376,60.251],[13.373,60.251],[13.328,60.244],[13.262,60.22],[13.257,60.212],[13.25,60.214],[13.24,60.225],[13.223,60.231],[13.216,60.237],[13.206,60.24],[13.197,60.244],[13.186,60.241],[13.172,60.241],[13.165,60.237],[13.167,60.23],[13.164,60.229],[13.171,60.192],[13.177,60.169],[13.19,60.161],[13.193,60.162],[13.202,60.157],[13.215,60.147],[13.257,60.123],[13.286,60.079],[13.286,60.036],[13.298,60.033],[13.301,60.03],[13.31,60.033],[13.313,60.034],[13.318,60.024],[13.316,60.014],[13.319,60.01],[13.318,59.998],[13.32,59.994],[13.328,59.991],[13.331,59.986],[13.331,59.978],[13.333,59.974],[13.338,59.958],[13.342,59.945],[13.348,59.939],[13.383,59.926],[13.385,59.911],[13.387,59.892],[13.385,59.888],[13.385,59.881],[13.383,59.866],[13.39,59.87],[13.394,59.874],[13.41,59.868],[13.432,59.871],[13.507,59.882],[13.508,59.878],[13.511,59.876],[13.514,59.872],[13.518,59.872],[13.527,59.876],[13.537,59.874],[13.556,59.873],[13.558,59.87],[13.551,59.866],[13.55,59.864],[13.557,59.859],[13.557,59.855],[13.566,59.855],[13.569,59.852],[13.587,59.853],[13.595,59.855],[13.64,59.874],[13.635,59.861],[13.618,59.819],[13.629,59.815],[13.622,59.799],[13.623,59.791],[13.62,59.78],[13.636,59.783],[13.643,59.779],[13.651,59.779],[13.656,59.777],[13.663,59.777],[13.683,59.776],[13.687,59.773],[13.697,59.768],[13.732,59.767],[13.78,59.774],[13.829,59.781],[13.91,59.797],[13.906,59.8],[13.903,59.806],[13.894,59.807],[13.89,59.812],[13.885,59.814],[13.881,59.812],[13.875,59.815],[13.864,59.815],[13.861,59.821],[13.861,59.827],[13.864,59.829],[13.861,59.836],[13.861,59.842],[13.866,59.845],[13.858,59.858],[13.856,59.867],[13.866,59.869],[13.894,59.869],[13.897,59.87],[13.901,59.877],[13.906,59.881],[13.905,59.884],[13.907,59.887],[13.903,59.89],[13.908,59.892],[13.908,59.935],[13.993,59.956],[14,59.989],[14.01,60.044],[14.018,60.081],[14.01,60.11],[13.997,60.157],[13.966,60.175],[13.92,60.201],[13.828,60.255],[13.793,60.285],[13.751,60.33],[13.728,60.356],[13.721,60.362],[13.671,60.403],[13.622,60.414]]]}},{"type":"Feature","properties":{"id":935639,"maakond_id":412,"name":"Marks kommun","bbox":[12.273,57.269,12.959,57.642]},"geometry":{"type":"Polygon","coordinates":[[[12.273,57.606],[12.277,57.598],[12.283,57.591],[12.303,57.584],[12.32,57.574],[12.33,57.567],[12.332,57.566],[12.341,57.562],[12.326,57.548],[12.312,57.521],[12.315,57.519],[12.313,57.516],[12.325,57.508],[12.341,57.493],[12.344,57.486],[12.324,57.463],[12.331,57.455],[12.335,57.455],[12.338,57.451],[12.346,57.451],[12.358,57.453],[12.366,57.449],[12.376,57.449],[12.38,57.446],[12.39,57.443],[12.39,57.44],[12.402,57.436],[12.407,57.429],[12.408,57.421],[12.412,57.417],[12.405,57.415],[12.407,57.411],[12.417,57.406],[12.42,57.401],[12.418,57.399],[12.411,57.398],[12.409,57.393],[12.396,57.381],[12.391,57.361],[12.387,57.352],[12.384,57.347],[12.385,57.344],[12.393,57.34],[12.39,57.337],[12.397,57.329],[12.418,57.32],[12.422,57.323],[12.426,57.322],[12.432,57.315],[12.421,57.307],[12.426,57.305],[12.424,57.297],[12.426,57.287],[12.43,57.283],[12.429,57.277],[12.43,57.269],[12.451,57.273],[12.456,57.28],[12.462,57.275],[12.482,57.279],[12.488,57.283],[12.487,57.285],[12.496,57.287],[12.498,57.282],[12.505,57.281],[12.512,57.288],[12.519,57.297],[12.53,57.303],[12.532,57.307],[12.534,57.314],[12.537,57.319],[12.553,57.321],[12.559,57.321],[12.56,57.33],[12.566,57.331],[12.58,57.334],[12.59,57.339],[12.592,57.343],[12.599,57.342],[12.603,57.344],[12.605,57.347],[12.609,57.347],[12.625,57.342],[12.623,57.332],[12.639,57.332],[12.644,57.33],[12.646,57.334],[12.652,57.336],[12.655,57.341],[12.662,57.341],[12.669,57.339],[12.67,57.335],[12.675,57.33],[12.684,57.331],[12.692,57.335],[12.693,57.329],[12.698,57.328],[12.706,57.324],[12.706,57.319],[12.703,57.314],[12.71,57.312],[12.733,57.303],[12.738,57.302],[12.742,57.296],[12.741,57.292],[12.744,57.286],[12.752,57.277],[12.759,57.273],[12.763,57.273],[12.773,57.277],[12.776,57.276],[12.78,57.281],[12.779,57.284],[12.782,57.286],[12.808,57.301],[12.814,57.309],[12.813,57.322],[12.825,57.327],[12.847,57.33],[12.864,57.346],[12.874,57.35],[12.875,57.357],[12.875,57.36],[12.869,57.367],[12.87,57.373],[12.876,57.381],[12.87,57.384],[12.872,57.389],[12.878,57.391],[12.886,57.396],[12.893,57.403],[12.893,57.405],[12.889,57.412],[12.88,57.416],[12.879,57.422],[12.874,57.426],[12.874,57.429],[12.888,57.442],[12.885,57.443],[12.892,57.452],[12.891,57.456],[12.886,57.459],[12.874,57.456],[12.866,57.452],[12.849,57.456],[12.848,57.459],[12.84,57.46],[12.845,57.468],[12.853,57.471],[12.874,57.487],[12.882,57.494],[12.884,57.498],[12.892,57.509],[12.891,57.513],[12.901,57.513],[12.914,57.524],[12.921,57.525],[12.921,57.529],[12.934,57.539],[12.942,57.553],[12.957,57.567],[12.959,57.575],[12.948,57.573],[12.943,57.571],[12.929,57.563],[12.919,57.563],[12.92,57.573],[12.917,57.575],[12.904,57.566],[12.9,57.565],[12.883,57.558],[12.878,57.555],[12.87,57.557],[12.854,57.567],[12.852,57.57],[12.845,57.572],[12.84,57.575],[12.812,57.588],[12.801,57.591],[12.798,57.589],[12.79,57.589],[12.787,57.585],[12.743,57.568],[12.734,57.56],[12.709,57.566],[12.706,57.564],[12.694,57.565],[12.689,57.568],[12.68,57.569],[12.661,57.566],[12.652,57.568],[12.635,57.579],[12.637,57.587],[12.634,57.595],[12.643,57.596],[12.645,57.6],[12.654,57.603],[12.657,57.611],[12.654,57.615],[12.657,57.624],[12.651,57.629],[12.653,57.634],[12.645,57.639],[12.642,57.635],[12.633,57.642],[12.608,57.627],[12.596,57.622],[12.575,57.619],[12.562,57.62],[12.551,57.618],[12.522,57.621],[12.511,57.615],[12.5,57.615],[12.492,57.616],[12.485,57.615],[12.479,57.611],[12.46,57.605],[12.46,57.6],[12.451,57.604],[12.446,57.608],[12.441,57.609],[12.432,57.614],[12.421,57.618],[12.407,57.619],[12.401,57.616],[12.387,57.615],[12.381,57.613],[12.375,57.613],[12.376,57.617],[12.372,57.621],[12.369,57.627],[12.363,57.628],[12.355,57.635],[12.35,57.632],[12.343,57.631],[12.313,57.616],[12.308,57.616],[12.306,57.612],[12.273,57.606]]]}},{"type":"Feature","properties":{"id":935640,"maakond_id":412,"name":"Tanums kommun","bbox":[10.594,58.447,11.725,58.908]},"geometry":{"type":"Polygon","coordinates":[[[10.606,58.797],[10.594,58.762],[10.612,58.662],[10.626,58.59],[10.64,58.516],[10.643,58.502],[10.649,58.488],[10.656,58.475],[10.666,58.462],[10.679,58.447],[11.138,58.448],[11.214,58.448],[11.219,58.449],[11.236,58.449],[11.24,58.456],[11.247,58.458],[11.262,58.466],[11.274,58.467],[11.282,58.47],[11.292,58.471],[11.296,58.475],[11.306,58.476],[11.316,58.479],[11.321,58.48],[11.337,58.486],[11.342,58.485],[11.364,58.49],[11.384,58.492],[11.414,58.499],[11.437,58.5],[11.442,58.501],[11.444,58.507],[11.439,58.518],[11.442,58.521],[11.447,58.523],[11.447,58.526],[11.452,58.532],[11.465,58.531],[11.467,58.536],[11.48,58.539],[11.488,58.537],[11.494,58.541],[11.503,58.544],[11.506,58.552],[11.499,58.554],[11.503,58.564],[11.499,58.566],[11.495,58.572],[11.5,58.578],[11.494,58.58],[11.489,58.585],[11.496,58.591],[11.505,58.602],[11.515,58.606],[11.518,58.606],[11.527,58.62],[11.523,58.62],[11.52,58.625],[11.516,58.639],[11.523,58.645],[11.524,58.649],[11.53,58.653],[11.529,58.656],[11.542,58.656],[11.544,58.659],[11.541,58.663],[11.545,58.666],[11.55,58.664],[11.555,58.664],[11.559,58.667],[11.565,58.665],[11.566,58.661],[11.576,58.657],[11.586,58.656],[11.598,58.65],[11.616,58.647],[11.622,58.647],[11.624,58.644],[11.635,58.637],[11.643,58.638],[11.661,58.635],[11.666,58.638],[11.671,58.632],[11.681,58.639],[11.682,58.647],[11.693,58.652],[11.696,58.654],[11.691,58.659],[11.685,58.671],[11.679,58.672],[11.681,58.69],[11.682,58.692],[11.694,58.697],[11.694,58.699],[11.685,58.698],[11.683,58.7],[11.687,58.703],[11.701,58.71],[11.698,58.718],[11.698,58.723],[11.701,58.727],[11.704,58.729],[11.709,58.742],[11.71,58.758],[11.719,58.76],[11.723,58.771],[11.721,58.776],[11.724,58.782],[11.722,58.786],[11.725,58.8],[11.711,58.811],[11.715,58.815],[11.721,58.827],[11.711,58.836],[11.703,58.841],[11.703,58.844],[11.715,58.849],[11.713,58.855],[11.708,58.856],[11.71,58.859],[11.702,58.864],[11.702,58.867],[11.707,58.87],[11.695,58.876],[11.689,58.874],[11.682,58.875],[11.679,58.881],[11.67,58.886],[11.676,58.891],[11.678,58.896],[11.673,58.899],[11.669,58.899],[11.661,58.907],[11.652,58.906],[11.63,58.908],[11.626,58.905],[11.607,58.898],[11.591,58.891],[11.585,58.895],[11.577,58.897],[11.575,58.891],[11.57,58.889],[11.561,58.896],[11.554,58.899],[11.545,58.894],[11.542,58.888],[11.534,58.885],[11.539,58.88],[11.526,58.877],[11.517,58.88],[11.516,58.882],[11.5,58.889],[11.492,58.889],[11.483,58.891],[11.461,58.89],[11.457,58.888],[11.454,58.877],[11.458,58.871],[11.456,58.869],[11.443,58.865],[11.397,58.846],[11.396,58.842],[11.39,58.84],[11.387,58.842],[11.373,58.84],[11.375,58.844],[11.38,58.849],[11.374,58.851],[11.366,58.861],[11.349,58.864],[11.332,58.845],[11.327,58.846],[11.315,58.847],[11.304,58.851],[11.298,58.852],[11.286,58.843],[11.274,58.843],[11.265,58.841],[11.267,58.836],[11.255,58.837],[11.242,58.832],[11.232,58.83],[11.227,58.834],[11.225,58.837],[11.235,58.836],[11.237,58.839],[11.247,58.842],[11.257,58.845],[11.268,58.846],[11.257,58.849],[11.222,58.841],[11.223,58.838],[11.214,58.838],[11.209,58.836],[11.209,58.832],[11.205,58.828],[11.196,58.825],[11.187,58.826],[11.18,58.824],[11.169,58.818],[11.16,58.816],[11.153,58.815],[11.143,58.811],[11.131,58.81],[11.105,58.818],[11.061,58.795],[11.026,58.799],[10.959,58.799],[10.699,58.798],[10.606,58.797]]]}},{"type":"Feature","properties":{"id":935642,"maakond_id":410,"name":"Burlövs kommun","bbox":[13.017,55.604,13.137,55.666]},"geometry":{"type":"Polygon","coordinates":[[[13.017,55.641],[13.041,55.638],[13.052,55.636],[13.067,55.631],[13.068,55.628],[13.066,55.624],[13.069,55.619],[13.068,55.617],[13.069,55.611],[13.076,55.613],[13.082,55.614],[13.084,55.611],[13.092,55.61],[13.096,55.605],[13.108,55.604],[13.115,55.608],[13.125,55.608],[13.13,55.618],[13.131,55.62],[13.124,55.621],[13.116,55.62],[13.112,55.621],[13.109,55.632],[13.115,55.634],[13.122,55.644],[13.123,55.65],[13.127,55.648],[13.137,55.656],[13.131,55.658],[13.118,55.658],[13.117,55.662],[13.112,55.666],[13.1,55.664],[13.098,55.659],[13.099,55.653],[13.091,55.65],[13.076,55.647],[13.066,55.644],[13.062,55.642],[13.053,55.641],[13.017,55.641]]]}},{"type":"Feature","properties":{"id":935644,"maakond_id":412,"name":"Uddevalla kommun","bbox":[11.473,58.15,12.155,58.453]},"geometry":{"type":"Polygon","coordinates":[[[11.495,58.233],[11.52,58.241],[11.531,58.239],[11.538,58.239],[11.542,58.24],[11.555,58.234],[11.554,58.231],[11.559,58.227],[11.575,58.233],[11.582,58.24],[11.588,58.239],[11.609,58.245],[11.61,58.247],[11.631,58.256],[11.638,58.255],[11.646,58.258],[11.648,58.262],[11.656,58.26],[11.661,58.257],[11.669,58.256],[11.673,58.262],[11.677,58.269],[11.675,58.277],[11.669,58.281],[11.676,58.287],[11.673,58.294],[11.674,58.298],[11.678,58.301],[11.691,58.303],[11.694,58.306],[11.71,58.306],[11.716,58.309],[11.723,58.302],[11.747,58.309],[11.757,58.307],[11.762,58.301],[11.761,58.298],[11.767,58.29],[11.776,58.281],[11.777,58.276],[11.787,58.27],[11.804,58.269],[11.808,58.274],[11.819,58.279],[11.824,58.275],[11.82,58.268],[11.831,58.263],[11.832,58.258],[11.837,58.253],[11.837,58.247],[11.842,58.243],[11.844,58.239],[11.848,58.235],[11.852,58.228],[11.849,58.225],[11.851,58.216],[11.868,58.214],[11.865,58.207],[11.854,58.207],[11.851,58.195],[11.85,58.179],[11.852,58.173],[11.856,58.167],[11.853,58.16],[11.864,58.159],[11.874,58.159],[11.913,58.157],[11.925,58.158],[11.925,58.152],[11.976,58.151],[11.983,58.15],[11.983,58.155],[11.987,58.157],[11.992,58.167],[11.986,58.175],[12.001,58.181],[12.003,58.18],[12.01,58.183],[12.011,58.187],[12.019,58.196],[12.025,58.197],[12.022,58.208],[12.035,58.218],[12.043,58.227],[12.057,58.232],[12.063,58.234],[12.062,58.238],[12.065,58.241],[12.072,58.241],[12.076,58.248],[12.093,58.256],[12.094,58.26],[12.083,58.264],[12.082,58.266],[12.087,58.268],[12.091,58.284],[12.095,58.286],[12.099,58.293],[12.109,58.297],[12.118,58.305],[12.112,58.306],[12.103,58.311],[12.105,58.314],[12.111,58.313],[12.112,58.316],[12.118,58.32],[12.117,58.323],[12.122,58.325],[12.114,58.331],[12.113,58.336],[12.109,58.339],[12.109,58.342],[12.106,58.344],[12.106,58.351],[12.11,58.356],[12.116,58.358],[12.117,58.365],[12.123,58.368],[12.13,58.367],[12.131,58.37],[12.15,58.386],[12.15,58.389],[12.155,58.39],[12.155,58.397],[12.147,58.404],[12.138,58.406],[12.129,58.41],[12.104,58.418],[12.103,58.418],[12.091,58.425],[12.086,58.429],[12.08,58.433],[12.071,58.439],[12.066,58.442],[12.057,58.444],[12.049,58.443],[12.037,58.443],[12.025,58.448],[12.012,58.449],[11.984,58.451],[11.976,58.453],[11.94,58.443],[11.931,58.445],[11.925,58.443],[11.922,58.439],[11.914,58.435],[11.905,58.438],[11.904,58.435],[11.893,58.433],[11.885,58.432],[11.879,58.436],[11.872,58.43],[11.841,58.426],[11.824,58.435],[11.818,58.438],[11.815,58.442],[11.8,58.445],[11.794,58.442],[11.783,58.439],[11.777,58.435],[11.77,58.435],[11.766,58.432],[11.77,58.429],[11.762,58.428],[11.75,58.425],[11.749,58.427],[11.727,58.423],[11.717,58.42],[11.705,58.419],[11.702,58.42],[11.702,58.424],[11.696,58.432],[11.678,58.432],[11.665,58.427],[11.661,58.424],[11.647,58.418],[11.628,58.403],[11.619,58.395],[11.61,58.398],[11.599,58.401],[11.596,58.387],[11.599,58.382],[11.595,58.376],[11.602,58.372],[11.598,58.367],[11.581,58.354],[11.575,58.347],[11.559,58.335],[11.556,58.333],[11.553,58.328],[11.538,58.315],[11.531,58.313],[11.53,58.31],[11.522,58.301],[11.516,58.298],[11.509,58.293],[11.51,58.29],[11.505,58.286],[11.486,58.276],[11.473,58.269],[11.483,58.266],[11.489,58.265],[11.493,58.262],[11.505,58.263],[11.504,58.258],[11.492,58.242],[11.489,58.236],[11.495,58.233]]]}},{"type":"Feature","properties":{"id":935645,"maakond_id":417,"name":"Nordanstigs kommun","bbox":[16.013,61.812,18.116,62.259]},"geometry":{"type":"Polygon","coordinates":[[[18.116,62.087],[17.726,62.117],[17.528,62.133],[17.435,62.144],[17.32,62.157],[17.245,62.151],[17.216,62.15],[17.212,62.154],[17.207,62.161],[17.164,62.163],[17.159,62.163],[17.149,62.16],[17.146,62.157],[17.138,62.157],[17.131,62.158],[17.119,62.156],[17.109,62.157],[17.098,62.157],[17.085,62.162],[17.07,62.164],[17.033,62.16],[16.975,62.165],[16.962,62.163],[16.945,62.166],[16.946,62.17],[16.942,62.172],[16.934,62.168],[16.892,62.176],[16.801,62.203],[16.717,62.208],[16.672,62.211],[16.633,62.214],[16.521,62.233],[16.435,62.236],[16.251,62.235],[16.231,62.234],[16.134,62.246],[16.013,62.259],[16.092,62.237],[16.096,62.236],[16.174,62.214],[16.189,62.209],[16.379,62.152],[16.428,62.137],[16.556,62.096],[16.639,62.07],[16.711,62.049],[16.719,62.044],[16.74,62.019],[16.793,61.977],[16.793,61.976],[16.822,61.968],[16.855,61.96],[16.881,61.951],[16.856,61.938],[16.895,61.912],[16.934,61.889],[16.949,61.882],[16.958,61.865],[16.968,61.852],[16.973,61.844],[16.984,61.845],[16.991,61.843],[17,61.846],[17.029,61.833],[17.057,61.831],[17.075,61.833],[17.101,61.842],[17.123,61.861],[17.139,61.857],[17.177,61.859],[17.209,61.863],[17.208,61.871],[17.254,61.865],[17.301,61.856],[17.295,61.855],[17.295,61.85],[17.305,61.851],[17.314,61.849],[17.317,61.851],[17.325,61.851],[17.335,61.849],[17.35,61.852],[17.443,61.85],[18.009,61.812],[18.058,61.975],[18.066,61.986],[18.074,61.999],[18.08,62.013],[18.083,62.024],[18.116,62.087]]]}},{"type":"Feature","properties":{"id":935646,"maakond_id":420,"name":"Umeå kommun","bbox":[19.681,63.234,21.471,64.394]},"geometry":{"type":"MultiPolygon","coordinates":[[[[20.258,63.234],[20.396,63.333],[20.484,63.379],[20.597,63.436],[20.693,63.485],[20.829,63.506],[20.936,63.522],[21.091,63.562],[21.215,63.594],[21.367,63.634],[21.377,63.646],[21.395,63.657],[21.41,63.669],[21.431,63.688],[21.441,63.701],[21.446,63.708],[21.454,63.721],[21.46,63.735],[21.463,63.749],[21.464,63.763],[21.464,63.773],[21.469,63.79],[21.471,63.804],[21.471,63.818],[21.468,63.832],[21.464,63.846],[21.456,63.861],[21.416,63.927],[21.041,63.884],[20.944,63.868],[20.848,63.852],[20.812,63.846],[20.788,63.851],[20.75,63.858],[20.742,63.861],[20.734,63.861],[20.726,63.863],[20.723,63.868],[20.73,63.875],[20.677,63.885],[20.635,63.879],[20.646,63.897],[20.661,63.921],[20.688,63.973],[20.666,63.986],[20.646,64.006],[20.615,64.035],[20.565,64.082],[20.552,64.08],[20.56,64.071],[20.548,64.07],[20.522,64.098],[20.52,64.113],[20.456,64.14],[20.427,64.175],[20.357,64.258],[20.338,64.257],[20.332,64.271],[20.305,64.313],[20.313,64.314],[20.309,64.318],[20.246,64.337],[20.23,64.341],[20.209,64.354],[20.201,64.364],[20.189,64.369],[20.193,64.372],[20.109,64.394],[20.106,64.392],[20.103,64.391],[20.133,64.374],[20.133,64.372],[20.112,64.373],[20.101,64.361],[20.116,64.354],[20.142,64.348],[20.141,64.342],[20.117,64.346],[20.116,64.34],[20.077,64.349],[20.064,64.336],[20.05,64.339],[20.042,64.336],[20.069,64.323],[20.059,64.325],[20.032,64.326],[20.033,64.323],[20.038,64.322],[20.04,64.316],[20.03,64.299],[20.025,64.272],[20.082,64.267],[20.08,64.273],[20.084,64.274],[20.09,64.268],[20.102,64.269],[20.101,64.264],[20.099,64.241],[20.082,64.239],[20.058,64.218],[20.071,64.206],[20.06,64.195],[20.054,64.194],[20.047,64.185],[20.02,64.166],[20.028,64.154],[20.027,64.13],[20.018,64.117],[20.006,64.116],[19.993,64.117],[19.986,64.119],[19.982,64.115],[19.942,64.113],[19.926,64.132],[19.893,64.129],[19.861,64.132],[19.844,64.124],[19.823,64.129],[19.818,64.129],[19.824,64.118],[19.793,64.085],[19.866,64.086],[19.89,64.072],[19.94,64.077],[19.962,64.043],[19.956,64.04],[19.951,64.029],[19.958,64.028],[19.948,64.019],[19.954,64.018],[19.946,64.012],[19.936,64.015],[19.927,64.003],[19.923,64.003],[19.912,63.978],[19.909,63.974],[19.926,63.975],[19.929,63.968],[19.922,63.966],[19.944,63.953],[19.952,63.956],[19.955,63.962],[19.968,63.961],[19.958,63.947],[19.94,63.946],[19.934,63.95],[19.9,63.937],[19.881,63.932],[19.874,63.931],[19.855,63.927],[19.861,63.919],[19.858,63.918],[19.865,63.914],[19.883,63.898],[19.898,63.89],[19.908,63.886],[19.928,63.882],[19.931,63.883],[19.937,63.887],[19.95,63.889],[19.961,63.886],[19.98,63.888],[19.983,63.887],[19.97,63.866],[19.914,63.861],[19.878,63.853],[19.86,63.845],[19.855,63.845],[19.834,63.832],[19.819,63.823],[19.772,63.818],[19.763,63.809],[19.766,63.789],[19.736,63.788],[19.732,63.815],[19.681,63.81],[19.745,63.75],[19.752,63.75],[19.763,63.743],[19.775,63.739],[19.779,63.73],[19.764,63.704],[19.761,63.684],[19.761,63.674],[19.727,63.648],[19.723,63.641],[19.748,63.603],[19.753,63.598],[19.757,63.593],[19.759,63.585],[19.75,63.583],[19.72,63.585],[19.721,63.579],[19.717,63.577],[19.719,63.572],[19.724,63.572],[19.73,63.568],[19.736,63.558],[19.733,63.551],[19.737,63.544],[19.741,63.543],[19.743,63.537],[19.747,63.537],[19.75,63.527],[19.787,63.503],[19.845,63.467],[20.258,63.234]]],[[[19.998,64.147],[19.99,64.132],[20,64.129],[20.01,64.137],[19.998,64.147]]]]}},{"type":"Feature","properties":{"id":935647,"maakond_id":420,"name":"Nordmalings kommun","bbox":[18.801,63.102,20.258,63.868]},"geometry":{"type":"MultiPolygon","coordinates":[[[[19.681,63.81],[19.647,63.809],[19.631,63.811],[19.614,63.811],[19.559,63.833],[19.516,63.865],[19.509,63.868],[19.483,63.863],[19.455,63.861],[19.45,63.848],[19.451,63.819],[19.422,63.815],[19.369,63.837],[19.356,63.833],[19.36,63.828],[19.361,63.824],[19.37,63.818],[19.361,63.812],[19.351,63.81],[19.344,63.813],[19.345,63.816],[19.34,63.818],[19.299,63.808],[19.305,63.805],[19.324,63.8],[19.3,63.795],[19.303,63.792],[19.293,63.79],[19.29,63.794],[19.256,63.788],[19.245,63.798],[19.235,63.801],[19.217,63.814],[19.167,63.823],[19.146,63.813],[19.134,63.82],[19.113,63.812],[19.069,63.831],[19.057,63.837],[19.022,63.831],[19.025,63.826],[19.021,63.822],[19.017,63.822],[18.998,63.812],[18.928,63.852],[18.909,63.848],[18.906,63.851],[18.894,63.853],[18.847,63.848],[18.852,63.831],[18.84,63.83],[18.841,63.825],[18.833,63.824],[18.83,63.817],[18.807,63.788],[18.801,63.781],[18.82,63.773],[18.901,63.783],[18.941,63.769],[18.962,63.76],[18.951,63.729],[18.971,63.734],[18.997,63.731],[19.016,63.716],[19.044,63.689],[19.078,63.67],[19.098,63.655],[19.134,63.631],[19.182,63.598],[19.191,63.572],[19.223,63.538],[19.287,63.47],[19.293,63.468],[19.286,63.463],[19.312,63.435],[19.406,63.333],[19.608,63.102],[19.772,63.125],[19.814,63.131],[19.857,63.138],[19.885,63.144],[19.912,63.151],[19.935,63.158],[19.973,63.168],[20,63.166],[20.03,63.164],[20.061,63.163],[20.092,63.163],[20.123,63.164],[20.164,63.166],[20.258,63.234],[19.845,63.467],[19.787,63.503],[19.75,63.527],[19.747,63.537],[19.743,63.537],[19.741,63.543],[19.737,63.544],[19.733,63.551],[19.736,63.558],[19.73,63.568],[19.724,63.572],[19.719,63.572],[19.717,63.577],[19.721,63.579],[19.72,63.585],[19.75,63.583],[19.759,63.585],[19.757,63.593],[19.753,63.598],[19.748,63.603],[19.723,63.641],[19.727,63.648],[19.761,63.674],[19.761,63.684],[19.764,63.704],[19.779,63.73],[19.775,63.739],[19.763,63.743],[19.752,63.75],[19.745,63.75],[19.681,63.81]]],[[[19.012,63.826],[19.006,63.829],[18.999,63.826],[19.01,63.823],[19.012,63.826]]]]}},{"type":"Feature","properties":{"id":935648,"maakond_id":417,"name":"Hudiksvalls kommun","bbox":[16.065,61.372,18.009,62.224]},"geometry":{"type":"Polygon","coordinates":[[[17.842,61.372],[17.879,61.505],[17.929,61.603],[17.961,61.665],[17.971,61.684],[17.975,61.697],[17.977,61.706],[18.009,61.812],[17.443,61.85],[17.35,61.852],[17.335,61.849],[17.325,61.851],[17.317,61.851],[17.314,61.849],[17.305,61.851],[17.295,61.85],[17.295,61.855],[17.301,61.856],[17.254,61.865],[17.208,61.871],[17.209,61.863],[17.177,61.859],[17.139,61.857],[17.123,61.861],[17.101,61.842],[17.075,61.833],[17.057,61.831],[17.029,61.833],[17,61.846],[16.991,61.843],[16.984,61.845],[16.973,61.844],[16.968,61.852],[16.958,61.865],[16.949,61.882],[16.934,61.889],[16.895,61.912],[16.856,61.938],[16.881,61.951],[16.855,61.96],[16.822,61.968],[16.793,61.976],[16.793,61.977],[16.74,62.019],[16.719,62.044],[16.711,62.049],[16.639,62.07],[16.556,62.096],[16.428,62.137],[16.379,62.152],[16.189,62.209],[16.174,62.214],[16.122,62.204],[16.08,62.224],[16.069,62.22],[16.065,62.217],[16.065,62.213],[16.076,62.207],[16.074,62.206],[16.155,62.134],[16.175,62.095],[16.163,62.094],[16.165,62.085],[16.198,62.053],[16.203,62.038],[16.235,61.947],[16.252,61.932],[16.258,61.904],[16.277,61.887],[16.299,61.886],[16.307,61.88],[16.337,61.874],[16.335,61.87],[16.328,61.861],[16.323,61.845],[16.306,61.824],[16.299,61.817],[16.293,61.805],[16.295,61.803],[16.292,61.8],[16.279,61.798],[16.275,61.794],[16.325,61.77],[16.384,61.741],[16.476,61.697],[16.513,61.679],[16.548,61.659],[16.591,61.646],[16.633,61.624],[16.562,61.598],[16.556,61.597],[16.558,61.593],[16.57,61.587],[16.585,61.593],[16.595,61.591],[16.605,61.592],[16.606,61.567],[16.608,61.518],[16.611,61.505],[16.648,61.491],[16.657,61.513],[16.676,61.521],[16.707,61.535],[16.717,61.536],[16.779,61.508],[16.816,61.491],[16.838,61.482],[16.875,61.468],[16.906,61.457],[16.946,61.456],[17.042,61.449],[17.072,61.432],[17.091,61.42],[17.114,61.403],[17.139,61.395],[17.842,61.372]],[[16.628,61.571],[16.62,61.577],[16.628,61.58],[16.637,61.574],[16.628,61.571]],[[16.658,61.614],[16.653,61.613],[16.651,61.617],[16.656,61.617],[16.658,61.614]]]}},{"type":"Feature","properties":{"id":935649,"maakond_id":412,"name":"Härryda kommun","bbox":[12.057,57.6,12.562,57.734]},"geometry":{"type":"Polygon","coordinates":[[[12.057,57.678],[12.07,57.672],[12.073,57.667],[12.07,57.666],[12.077,57.66],[12.082,57.658],[12.074,57.651],[12.072,57.648],[12.08,57.645],[12.075,57.636],[12.099,57.632],[12.097,57.626],[12.1,57.623],[12.113,57.623],[12.114,57.626],[12.124,57.629],[12.132,57.629],[12.136,57.633],[12.142,57.634],[12.149,57.633],[12.16,57.633],[12.167,57.634],[12.173,57.629],[12.225,57.627],[12.246,57.619],[12.271,57.61],[12.273,57.606],[12.306,57.612],[12.308,57.616],[12.313,57.616],[12.343,57.631],[12.35,57.632],[12.355,57.635],[12.363,57.628],[12.369,57.627],[12.372,57.621],[12.376,57.617],[12.375,57.613],[12.381,57.613],[12.387,57.615],[12.401,57.616],[12.407,57.619],[12.421,57.618],[12.432,57.614],[12.441,57.609],[12.446,57.608],[12.451,57.604],[12.46,57.6],[12.46,57.605],[12.479,57.611],[12.485,57.615],[12.492,57.616],[12.5,57.615],[12.511,57.615],[12.522,57.621],[12.551,57.618],[12.562,57.62],[12.559,57.634],[12.556,57.636],[12.545,57.636],[12.536,57.647],[12.531,57.645],[12.525,57.645],[12.526,57.652],[12.522,57.657],[12.531,57.659],[12.526,57.662],[12.501,57.689],[12.511,57.699],[12.491,57.707],[12.487,57.707],[12.48,57.715],[12.485,57.718],[12.483,57.722],[12.476,57.723],[12.463,57.722],[12.458,57.718],[12.452,57.723],[12.443,57.724],[12.428,57.731],[12.42,57.732],[12.416,57.73],[12.401,57.732],[12.382,57.734],[12.335,57.733],[12.305,57.732],[12.303,57.73],[12.303,57.724],[12.295,57.727],[12.291,57.73],[12.281,57.73],[12.283,57.724],[12.276,57.725],[12.266,57.729],[12.258,57.727],[12.257,57.729],[12.225,57.728],[12.209,57.726],[12.199,57.725],[12.186,57.721],[12.171,57.714],[12.162,57.705],[12.138,57.688],[12.129,57.691],[12.104,57.683],[12.089,57.682],[12.076,57.684],[12.057,57.678]]]}},{"type":"Feature","properties":{"id":935650,"maakond_id":412,"name":"Tibro kommun","bbox":[14.063,58.351,14.388,58.561]},"geometry":{"type":"Polygon","coordinates":[[[14.151,58.374],[14.146,58.371],[14.137,58.366],[14.137,58.36],[14.142,58.36],[14.148,58.363],[14.152,58.36],[14.148,58.357],[14.158,58.355],[14.162,58.353],[14.166,58.358],[14.18,58.357],[14.187,58.351],[14.194,58.355],[14.199,58.355],[14.199,58.362],[14.204,58.364],[14.241,58.364],[14.261,58.37],[14.265,58.375],[14.265,58.381],[14.267,58.385],[14.262,58.394],[14.268,58.398],[14.293,58.397],[14.301,58.398],[14.3,58.401],[14.305,58.405],[14.307,58.41],[14.294,58.413],[14.292,58.418],[14.296,58.421],[14.299,58.427],[14.313,58.439],[14.369,58.47],[14.378,58.487],[14.388,58.491],[14.369,58.493],[14.366,58.494],[14.364,58.5],[14.355,58.513],[14.351,58.523],[14.354,58.527],[14.35,58.531],[14.345,58.532],[14.337,58.543],[14.338,58.561],[14.315,58.551],[14.288,58.54],[14.261,58.535],[14.25,58.53],[14.248,58.533],[14.222,58.531],[14.224,58.528],[14.222,58.524],[14.189,58.515],[14.172,58.514],[14.159,58.512],[14.145,58.512],[14.142,58.509],[14.137,58.492],[14.121,58.464],[14.116,58.462],[14.117,58.458],[14.114,58.452],[14.091,58.452],[14.075,58.449],[14.071,58.444],[14.067,58.44],[14.072,58.439],[14.076,58.433],[14.063,58.427],[14.067,58.421],[14.079,58.422],[14.081,58.417],[14.068,58.402],[14.082,58.394],[14.116,58.38],[14.137,58.372],[14.146,58.374],[14.151,58.374]]]}},{"type":"Feature","properties":{"id":935652,"maakond_id":415,"name":"Arboga kommun","bbox":[15.6,59.198,15.997,59.545]},"geometry":{"type":"Polygon","coordinates":[[[15.762,59.198],[15.893,59.23],[15.867,59.279],[15.865,59.284],[15.87,59.285],[15.877,59.28],[15.878,59.284],[15.877,59.292],[15.881,59.303],[15.886,59.3],[15.903,59.296],[15.912,59.305],[15.911,59.316],[15.918,59.317],[15.939,59.322],[15.942,59.323],[15.939,59.33],[15.938,59.341],[15.954,59.349],[15.965,59.352],[15.979,59.353],[15.991,59.357],[15.996,59.36],[15.993,59.365],[15.997,59.368],[15.978,59.395],[15.975,59.395],[15.968,59.403],[15.963,59.405],[15.96,59.41],[15.953,59.41],[15.931,59.404],[15.927,59.408],[15.925,59.413],[15.926,59.418],[15.904,59.422],[15.899,59.421],[15.886,59.425],[15.878,59.43],[15.881,59.435],[15.871,59.446],[15.868,59.458],[15.854,59.453],[15.832,59.448],[15.821,59.468],[15.805,59.478],[15.794,59.486],[15.792,59.49],[15.783,59.497],[15.788,59.501],[15.78,59.506],[15.768,59.511],[15.762,59.517],[15.751,59.532],[15.733,59.545],[15.738,59.525],[15.713,59.526],[15.717,59.519],[15.72,59.508],[15.704,59.503],[15.701,59.499],[15.691,59.496],[15.688,59.489],[15.69,59.485],[15.685,59.477],[15.713,59.476],[15.716,59.45],[15.727,59.438],[15.73,59.432],[15.73,59.422],[15.731,59.418],[15.73,59.409],[15.721,59.41],[15.714,59.409],[15.705,59.41],[15.698,59.409],[15.685,59.407],[15.67,59.406],[15.664,59.404],[15.649,59.403],[15.637,59.405],[15.627,59.404],[15.624,59.397],[15.604,59.397],[15.6,59.375],[15.604,59.37],[15.6,59.367],[15.613,59.363],[15.619,59.353],[15.615,59.348],[15.635,59.334],[15.635,59.322],[15.631,59.32],[15.632,59.317],[15.626,59.31],[15.608,59.289],[15.651,59.277],[15.692,59.271],[15.706,59.251],[15.727,59.223],[15.798,59.231],[15.762,59.198]]]}},{"type":"Feature","properties":{"id":935653,"maakond_id":407,"name":"Oskarshamns kommun","bbox":[15.986,57.125,17.405,57.616]},"geometry":{"type":"Polygon","coordinates":[[[16.314,57.524],[16.311,57.517],[16.313,57.513],[16.299,57.511],[16.281,57.506],[16.273,57.507],[16.265,57.505],[16.251,57.505],[16.244,57.5],[16.239,57.499],[16.243,57.496],[16.222,57.494],[16.22,57.489],[16.216,57.488],[16.219,57.482],[16.217,57.48],[16.209,57.483],[16.203,57.479],[16.194,57.475],[16.188,57.474],[16.177,57.45],[16.152,57.461],[16.147,57.46],[16.156,57.455],[16.139,57.449],[16.138,57.442],[16.132,57.434],[16.134,57.431],[16.124,57.424],[16.116,57.42],[16.109,57.419],[16.107,57.417],[16.114,57.409],[16.108,57.405],[16.096,57.404],[16.09,57.403],[16.086,57.406],[16.073,57.412],[16.06,57.42],[16.044,57.434],[16.037,57.433],[16.017,57.432],[15.993,57.433],[15.986,57.413],[15.992,57.408],[16.003,57.406],[16.011,57.404],[16.019,57.403],[16.026,57.399],[16.022,57.397],[16.043,57.381],[16.053,57.356],[16.043,57.353],[16.038,57.35],[16.042,57.344],[16.04,57.339],[16.045,57.317],[16.043,57.306],[16.046,57.299],[16.041,57.297],[16.04,57.292],[16.044,57.272],[16.051,57.266],[16.047,57.265],[16.047,57.258],[16.055,57.258],[16.064,57.247],[16.068,57.245],[16.073,57.246],[16.099,57.258],[16.119,57.257],[16.156,57.26],[16.174,57.257],[16.203,57.26],[16.16,57.245],[16.166,57.233],[16.196,57.225],[16.235,57.232],[16.26,57.231],[16.265,57.24],[16.282,57.245],[16.303,57.245],[16.323,57.24],[16.326,57.235],[16.319,57.231],[16.328,57.225],[16.328,57.223],[16.342,57.221],[16.348,57.212],[16.348,57.204],[16.359,57.197],[16.346,57.191],[16.367,57.186],[16.376,57.185],[16.396,57.184],[16.403,57.185],[16.404,57.182],[16.411,57.173],[16.416,57.173],[16.425,57.171],[16.429,57.168],[16.43,57.164],[16.436,57.164],[16.434,57.159],[16.441,57.15],[16.446,57.148],[16.447,57.145],[16.453,57.141],[16.458,57.142],[16.465,57.135],[16.466,57.13],[16.474,57.125],[16.482,57.126],[16.485,57.127],[16.494,57.128],[16.499,57.13],[16.505,57.13],[16.539,57.131],[16.572,57.147],[16.579,57.151],[16.764,57.166],[16.879,57.241],[16.819,57.353],[17.023,57.494],[17.405,57.49],[17.347,57.538],[17.256,57.612],[16.821,57.616],[16.766,57.611],[16.744,57.6],[16.725,57.593],[16.716,57.587],[16.71,57.575],[16.7,57.572],[16.695,57.574],[16.685,57.576],[16.673,57.576],[16.658,57.569],[16.676,57.558],[16.665,57.551],[16.665,57.548],[16.658,57.547],[16.655,57.553],[16.643,57.552],[16.635,57.562],[16.629,57.565],[16.627,57.568],[16.61,57.571],[16.564,57.573],[16.551,57.579],[16.543,57.584],[16.536,57.587],[16.532,57.583],[16.523,57.582],[16.506,57.574],[16.502,57.57],[16.498,57.569],[16.484,57.556],[16.483,57.552],[16.473,57.549],[16.469,57.543],[16.47,57.537],[16.47,57.531],[16.465,57.531],[16.459,57.525],[16.456,57.517],[16.428,57.52],[16.412,57.518],[16.391,57.517],[16.388,57.516],[16.37,57.517],[16.36,57.516],[16.343,57.517],[16.322,57.521],[16.314,57.524]]]}},{"type":"Feature","properties":{"id":935654,"maakond_id":406,"name":"Växjö kommun","bbox":[14.472,56.608,15.237,57.228]},"geometry":{"type":"Polygon","coordinates":[[[15.187,56.835],[15.186,56.837],[15.179,56.845],[15.172,56.848],[15.171,56.85],[15.179,56.853],[15.181,56.856],[15.188,56.858],[15.183,56.864],[15.17,56.866],[15.172,56.871],[15.17,56.875],[15.172,56.88],[15.158,56.889],[15.159,56.891],[15.157,56.901],[15.159,56.904],[15.171,56.911],[15.168,56.921],[15.163,56.924],[15.16,56.928],[15.135,56.927],[15.133,56.932],[15.151,56.943],[15.163,56.944],[15.174,56.94],[15.184,56.932],[15.194,56.936],[15.198,56.951],[15.201,56.95],[15.215,56.958],[15.23,56.965],[15.234,56.966],[15.234,56.986],[15.228,56.99],[15.225,56.998],[15.225,57.007],[15.227,57.01],[15.237,57.012],[15.23,57.021],[15.223,57.026],[15.211,57.032],[15.185,57.04],[15.172,57.04],[15.165,57.031],[15.155,57.031],[15.149,57.032],[15.145,57.03],[15.148,57.026],[15.139,57.027],[15.139,57.035],[15.155,57.052],[15.147,57.053],[15.142,57.055],[15.144,57.062],[15.142,57.067],[15.144,57.07],[15.141,57.077],[15.109,57.084],[15.107,57.09],[15.127,57.099],[15.143,57.101],[15.14,57.11],[15.134,57.126],[15.133,57.133],[15.126,57.132],[15.127,57.136],[15.119,57.142],[15.106,57.141],[15.085,57.147],[15.081,57.153],[15.078,57.155],[15.078,57.165],[15.086,57.168],[15.083,57.171],[15.072,57.179],[15.064,57.181],[15.056,57.178],[15.053,57.175],[15.045,57.174],[15.044,57.171],[15.04,57.168],[15.038,57.163],[15.025,57.167],[15.021,57.165],[15.011,57.164],[15.009,57.156],[14.997,57.145],[14.999,57.142],[14.98,57.136],[14.969,57.136],[14.967,57.135],[14.96,57.135],[14.951,57.137],[14.949,57.136],[14.936,57.136],[14.924,57.133],[14.922,57.135],[14.912,57.134],[14.902,57.136],[14.903,57.139],[14.899,57.142],[14.89,57.162],[14.892,57.164],[14.884,57.167],[14.887,57.174],[14.891,57.177],[14.879,57.187],[14.876,57.194],[14.87,57.198],[14.861,57.199],[14.854,57.2],[14.849,57.2],[14.841,57.203],[14.836,57.202],[14.834,57.208],[14.831,57.208],[14.824,57.214],[14.811,57.22],[14.79,57.225],[14.777,57.225],[14.75,57.228],[14.742,57.225],[14.726,57.225],[14.714,57.222],[14.713,57.22],[14.682,57.209],[14.674,57.208],[14.663,57.207],[14.654,57.208],[14.656,57.203],[14.639,57.205],[14.629,57.205],[14.616,57.203],[14.607,57.204],[14.612,57.183],[14.611,57.181],[14.603,57.18],[14.596,57.178],[14.584,57.187],[14.571,57.19],[14.556,57.187],[14.553,57.18],[14.548,57.171],[14.544,57.171],[14.539,57.161],[14.52,57.16],[14.512,57.161],[14.51,57.163],[14.499,57.159],[14.496,57.154],[14.489,57.152],[14.489,57.15],[14.472,57.14],[14.486,57.137],[14.492,57.131],[14.493,57.119],[14.506,57.115],[14.516,57.115],[14.518,57.109],[14.53,57.106],[14.545,57.099],[14.558,57.097],[14.6,57.092],[14.602,57.088],[14.611,57.087],[14.616,57.085],[14.627,57.087],[14.627,57.083],[14.63,57.079],[14.629,57.072],[14.631,57.07],[14.629,57.066],[14.623,57.062],[14.624,57.056],[14.63,57.052],[14.635,57.045],[14.633,57.037],[14.638,57.034],[14.639,57.026],[14.632,57.026],[14.631,57.02],[14.634,57.017],[14.63,56.996],[14.634,56.983],[14.637,56.981],[14.643,56.982],[14.65,56.98],[14.653,56.981],[14.656,56.971],[14.68,56.963],[14.682,56.959],[14.681,56.954],[14.672,56.948],[14.662,56.943],[14.658,56.943],[14.65,56.94],[14.649,56.938],[14.653,56.93],[14.657,56.929],[14.656,56.922],[14.646,56.915],[14.636,56.915],[14.635,56.911],[14.625,56.904],[14.616,56.901],[14.623,56.892],[14.628,56.889],[14.627,56.883],[14.629,56.874],[14.625,56.873],[14.608,56.877],[14.605,56.877],[14.594,56.873],[14.596,56.868],[14.594,56.863],[14.596,56.86],[14.595,56.852],[14.591,56.844],[14.572,56.844],[14.556,56.841],[14.564,56.818],[14.571,56.806],[14.587,56.808],[14.594,56.805],[14.611,56.804],[14.615,56.803],[14.637,56.808],[14.638,56.798],[14.644,56.789],[14.646,56.782],[14.649,56.781],[14.656,56.782],[14.658,56.778],[14.655,56.772],[14.662,56.768],[14.664,56.761],[14.66,56.757],[14.66,56.751],[14.666,56.75],[14.667,56.741],[14.658,56.728],[14.652,56.721],[14.661,56.712],[14.659,56.696],[14.666,56.683],[14.672,56.678],[14.666,56.676],[14.665,56.672],[14.678,56.67],[14.69,56.676],[14.693,56.673],[14.688,56.668],[14.688,56.66],[14.694,56.649],[14.695,56.645],[14.704,56.642],[14.71,56.638],[14.712,56.633],[14.717,56.633],[14.72,56.631],[14.726,56.63],[14.75,56.64],[14.77,56.634],[14.801,56.629],[14.816,56.629],[14.843,56.644],[14.856,56.649],[14.855,56.656],[14.857,56.662],[14.86,56.663],[14.872,56.671],[14.879,56.673],[14.879,56.677],[14.891,56.676],[14.902,56.673],[14.907,56.67],[14.923,56.675],[14.95,56.686],[14.965,56.69],[14.971,56.677],[14.977,56.675],[14.981,56.667],[14.988,56.66],[14.991,56.66],[14.996,56.652],[14.993,56.651],[14.995,56.648],[15.005,56.643],[15.014,56.643],[15.015,56.641],[15.022,56.641],[15.03,56.641],[15.03,56.636],[15.036,56.632],[15.044,56.631],[15.045,56.626],[15.057,56.62],[15.056,56.616],[15.058,56.608],[15.069,56.611],[15.074,56.611],[15.086,56.612],[15.097,56.612],[15.102,56.614],[15.097,56.628],[15.101,56.631],[15.1,56.634],[15.104,56.64],[15.101,56.641],[15.101,56.648],[15.094,56.65],[15.094,56.655],[15.103,56.656],[15.105,56.658],[15.106,56.669],[15.109,56.672],[15.106,56.678],[15.099,56.678],[15.096,56.685],[15.092,56.688],[15.118,56.694],[15.118,56.696],[15.132,56.702],[15.141,56.704],[15.132,56.72],[15.121,56.728],[15.077,56.743],[15.066,56.765],[15.077,56.771],[15.083,56.776],[15.085,56.782],[15.089,56.782],[15.089,56.786],[15.075,56.796],[15.074,56.798],[15.065,56.803],[15.066,56.807],[15.094,56.808],[15.11,56.81],[15.113,56.812],[15.129,56.815],[15.136,56.815],[15.181,56.825],[15.181,56.831],[15.187,56.835]]]}},{"type":"Feature","properties":{"id":935655,"maakond_id":420,"name":"Sorsele kommun","bbox":[14.951,65.036,18.297,66.345]},"geometry":{"type":"Polygon","coordinates":[[[15.454,66.345],[15.485,66.282],[15.306,66.233],[15.195,66.2],[15.036,66.154],[14.951,66.15],[15.531,65.823],[15.805,65.751],[15.957,65.711],[16.023,65.694],[16.502,65.566],[16.528,65.546],[16.587,65.502],[16.606,65.487],[16.62,65.481],[16.642,65.489],[16.648,65.484],[16.628,65.477],[16.668,65.459],[16.709,65.439],[16.828,65.384],[16.938,65.348],[17.017,65.323],[17.092,65.307],[17.3,65.264],[17.399,65.239],[17.451,65.226],[17.511,65.211],[17.673,65.17],[17.713,65.153],[17.772,65.128],[17.794,65.136],[17.807,65.132],[17.818,65.126],[17.836,65.117],[17.85,65.112],[17.853,65.109],[17.846,65.105],[17.83,65.103],[17.957,65.049],[17.952,65.044],[17.982,65.036],[18.048,65.05],[18.016,65.064],[17.974,65.065],[18.051,65.135],[18.099,65.18],[18.168,65.243],[18.167,65.244],[18.214,65.317],[18.297,65.419],[18.285,65.485],[18.268,65.525],[18.249,65.533],[18.231,65.543],[18.195,65.555],[18.178,65.566],[18.181,65.573],[18.178,65.577],[18.159,65.574],[18.144,65.577],[18.147,65.589],[18.102,65.594],[18.072,65.577],[18.034,65.588],[18.031,65.603],[17.851,65.624],[17.727,65.647],[17.676,65.656],[17.547,65.712],[17.471,65.745],[17.358,65.793],[17.244,65.841],[17.133,65.888],[17.106,65.9],[17.001,65.945],[16.931,65.97],[16.772,66.032],[16.607,66.044],[16.529,66.054],[16.232,66.141],[15.771,66.291],[15.559,66.328],[15.454,66.345]]]}},{"type":"Feature","properties":{"id":935656,"maakond_id":412,"name":"Partille kommun","bbox":[12.054,57.682,12.225,57.776]},"geometry":{"type":"Polygon","coordinates":[[[12.174,57.776],[12.164,57.775],[12.134,57.774],[12.114,57.772],[12.097,57.766],[12.078,57.762],[12.083,57.756],[12.079,57.754],[12.079,57.741],[12.081,57.736],[12.077,57.735],[12.067,57.735],[12.054,57.734],[12.056,57.729],[12.074,57.702],[12.089,57.682],[12.104,57.683],[12.129,57.691],[12.138,57.688],[12.162,57.705],[12.171,57.714],[12.186,57.721],[12.199,57.725],[12.209,57.726],[12.225,57.728],[12.185,57.735],[12.18,57.75],[12.185,57.75],[12.195,57.753],[12.195,57.758],[12.183,57.768],[12.174,57.776]]]}},{"type":"Feature","properties":{"id":935657,"maakond_id":413,"name":"Eda kommun","bbox":[11.84,59.575,12.493,60.04]},"geometry":{"type":"Polygon","coordinates":[[[12.286,59.575],[12.288,59.584],[12.295,59.597],[12.305,59.607],[12.3,59.611],[12.294,59.61],[12.285,59.63],[12.277,59.645],[12.298,59.645],[12.309,59.649],[12.31,59.657],[12.305,59.662],[12.319,59.676],[12.319,59.686],[12.327,59.699],[12.335,59.701],[12.345,59.705],[12.344,59.712],[12.342,59.716],[12.329,59.72],[12.33,59.725],[12.336,59.737],[12.345,59.74],[12.353,59.745],[12.35,59.75],[12.354,59.753],[12.364,59.753],[12.369,59.756],[12.375,59.756],[12.376,59.76],[12.374,59.764],[12.382,59.769],[12.377,59.778],[12.379,59.78],[12.399,59.785],[12.416,59.795],[12.42,59.797],[12.433,59.799],[12.442,59.803],[12.449,59.804],[12.455,59.803],[12.463,59.805],[12.489,59.81],[12.493,59.817],[12.479,59.83],[12.458,59.846],[12.454,59.853],[12.452,59.862],[12.442,59.891],[12.425,59.914],[12.472,59.929],[12.466,59.935],[12.458,59.937],[12.465,59.94],[12.476,59.95],[12.474,59.952],[12.478,59.961],[12.479,59.969],[12.481,59.98],[12.475,59.987],[12.472,59.988],[12.464,60.007],[12.468,60.009],[12.462,60.015],[12.459,60.02],[12.462,60.025],[12.451,60.032],[12.454,60.038],[12.45,60.04],[12.449,60.039],[12.425,60.027],[12.396,60.016],[12.341,59.966],[12.231,59.928],[12.191,59.901],[12.174,59.89],[12.155,59.887],[12.126,59.894],[12.1,59.891],[12.053,59.886],[12.033,59.889],[11.987,59.899],[11.985,59.901],[11.942,59.89],[11.928,59.885],[11.922,59.881],[11.923,59.877],[11.915,59.872],[11.897,59.871],[11.887,59.872],[11.882,59.87],[11.883,59.863],[11.888,59.859],[11.883,59.855],[11.87,59.85],[11.849,59.844],[11.84,59.841],[11.841,59.838],[11.853,59.83],[11.87,59.829],[11.875,59.829],[11.888,59.822],[11.894,59.816],[11.904,59.811],[11.909,59.803],[11.916,59.798],[11.926,59.794],[11.926,59.787],[11.933,59.768],[11.932,59.763],[11.933,59.758],[11.923,59.751],[11.925,59.746],[11.933,59.74],[11.934,59.731],[11.938,59.728],[11.94,59.728],[11.954,59.719],[11.956,59.716],[11.963,59.717],[11.978,59.718],[11.976,59.714],[11.972,59.713],[11.963,59.708],[11.952,59.705],[11.956,59.7],[11.962,59.696],[11.979,59.68],[11.991,59.673],[12.01,59.676],[12.015,59.67],[12.009,59.665],[12.001,59.66],[12.002,59.657],[12.007,59.655],[12.009,59.651],[12.004,59.649],[12.01,59.637],[12.013,59.638],[12.019,59.634],[12.025,59.633],[12.035,59.627],[12.057,59.615],[12.066,59.616],[12.072,59.611],[12.083,59.611],[12.106,59.608],[12.118,59.606],[12.132,59.606],[12.149,59.609],[12.15,59.611],[12.164,59.615],[12.184,59.615],[12.226,59.611],[12.239,59.608],[12.24,59.605],[12.255,59.604],[12.267,59.605],[12.271,59.602],[12.272,59.599],[12.276,59.593],[12.275,59.592],[12.275,59.584],[12.28,59.577],[12.286,59.575]]]}},{"type":"Feature","properties":{"id":935658,"maakond_id":410,"name":"Klippans kommun","bbox":[12.982,56.001,13.523,56.232]},"geometry":{"type":"Polygon","coordinates":[[[13.336,56.007],[13.366,56.003],[13.381,56.001],[13.391,56.011],[13.403,56.009],[13.41,56.008],[13.426,56.009],[13.433,56.008],[13.434,56.013],[13.445,56.021],[13.444,56.028],[13.446,56.033],[13.456,56.036],[13.455,56.037],[13.462,56.043],[13.465,56.049],[13.464,56.056],[13.475,56.06],[13.485,56.057],[13.496,56.055],[13.5,56.061],[13.509,56.064],[13.513,56.069],[13.523,56.089],[13.518,56.093],[13.505,56.089],[13.497,56.083],[13.489,56.081],[13.469,56.086],[13.459,56.092],[13.449,56.089],[13.447,56.093],[13.435,56.096],[13.436,56.098],[13.428,56.1],[13.421,56.103],[13.409,56.1],[13.401,56.095],[13.393,56.107],[13.386,56.11],[13.373,56.112],[13.374,56.117],[13.373,56.121],[13.366,56.119],[13.343,56.123],[13.332,56.122],[13.31,56.129],[13.298,56.127],[13.298,56.132],[13.306,56.136],[13.307,56.138],[13.301,56.141],[13.29,56.147],[13.306,56.158],[13.309,56.159],[13.307,56.169],[13.303,56.171],[13.28,56.175],[13.265,56.184],[13.278,56.195],[13.272,56.215],[13.258,56.215],[13.233,56.218],[13.22,56.211],[13.223,56.206],[13.221,56.2],[13.208,56.198],[13.207,56.195],[13.199,56.194],[13.183,56.198],[13.178,56.198],[13.179,56.206],[13.184,56.209],[13.181,56.211],[13.168,56.208],[13.162,56.209],[13.162,56.213],[13.146,56.222],[13.131,56.227],[13.121,56.232],[13.111,56.228],[13.11,56.226],[13.1,56.223],[13.099,56.222],[13.088,56.219],[13.08,56.213],[13.072,56.213],[13.066,56.208],[13.059,56.21],[13.056,56.207],[13.042,56.212],[13.032,56.212],[13.03,56.211],[13.018,56.21],[13.016,56.206],[13.008,56.21],[13.003,56.208],[12.998,56.211],[12.993,56.21],[12.984,56.205],[12.982,56.2],[12.983,56.198],[12.989,56.197],[12.998,56.198],[13.006,56.197],[13.006,56.193],[13.011,56.19],[13.013,56.187],[13.018,56.185],[13.018,56.181],[13.032,56.172],[13.036,56.162],[13.045,56.163],[13.05,56.165],[13.054,56.163],[13.063,56.167],[13.066,56.163],[13.064,56.158],[13.07,56.157],[13.075,56.153],[13.077,56.143],[13.084,56.137],[13.09,56.135],[13.096,56.132],[13.092,56.127],[13.102,56.128],[13.105,56.125],[13.102,56.119],[13.093,56.116],[13.086,56.104],[13.105,56.096],[13.106,56.094],[13.102,56.09],[13.098,56.088],[13.107,56.084],[13.112,56.084],[13.115,56.08],[13.127,56.079],[13.132,56.076],[13.142,56.072],[13.155,56.071],[13.156,56.069],[13.164,56.066],[13.169,56.062],[13.173,56.056],[13.169,56.055],[13.178,56.051],[13.179,56.049],[13.19,56.041],[13.188,56.039],[13.182,56.034],[13.201,56.028],[13.226,56.024],[13.23,56.02],[13.23,56.017],[13.238,56.014],[13.245,56.026],[13.266,56.027],[13.272,56.025],[13.283,56.026],[13.292,56.024],[13.299,56.024],[13.307,56.027],[13.312,56.03],[13.324,56.022],[13.34,56.014],[13.335,56.01],[13.336,56.007]]]}},{"type":"Feature","properties":{"id":935659,"maakond_id":410,"name":"Bromölla kommun","bbox":[14.381,55.983,14.586,56.239]},"geometry":{"type":"Polygon","coordinates":[[[14.54,55.983],[14.533,56.012],[14.532,56.037],[14.542,56.044],[14.542,56.056],[14.554,56.069],[14.552,56.076],[14.555,56.079],[14.556,56.083],[14.561,56.084],[14.578,56.097],[14.578,56.112],[14.582,56.117],[14.581,56.121],[14.586,56.129],[14.581,56.137],[14.579,56.145],[14.582,56.149],[14.578,56.157],[14.577,56.163],[14.582,56.173],[14.575,56.191],[14.575,56.193],[14.568,56.209],[14.565,56.213],[14.567,56.224],[14.538,56.221],[14.537,56.223],[14.531,56.223],[14.527,56.219],[14.516,56.217],[14.507,56.222],[14.492,56.226],[14.477,56.233],[14.468,56.239],[14.463,56.237],[14.467,56.229],[14.466,56.225],[14.441,56.229],[14.439,56.217],[14.434,56.214],[14.435,56.209],[14.428,56.205],[14.423,56.204],[14.422,56.201],[14.412,56.198],[14.412,56.193],[14.422,56.186],[14.425,56.179],[14.428,56.176],[14.421,56.169],[14.422,56.167],[14.421,56.159],[14.422,56.151],[14.421,56.14],[14.438,56.124],[14.464,56.149],[14.475,56.15],[14.476,56.146],[14.469,56.137],[14.47,56.131],[14.463,56.12],[14.462,56.11],[14.446,56.105],[14.451,56.093],[14.445,56.075],[14.415,56.071],[14.403,56.07],[14.386,56.053],[14.383,56.041],[14.381,56.037],[14.39,56.035],[14.396,56.036],[14.417,56.031],[14.424,56.025],[14.438,56.023],[14.439,56.029],[14.445,56.03],[14.464,56.025],[14.466,56.023],[14.472,56.021],[14.51,56.015],[14.54,55.983]]]}},{"type":"Feature","properties":{"id":935662,"maakond_id":411,"name":"Laholms kommun","bbox":[12.797,56.324,13.467,56.688]},"geometry":{"type":"Polygon","coordinates":[[[13.308,56.685],[13.298,56.688],[13.291,56.684],[13.288,56.679],[13.278,56.68],[13.26,56.676],[13.249,56.675],[13.23,56.675],[13.225,56.676],[13.205,56.676],[13.202,56.675],[13.19,56.677],[13.188,56.676],[13.177,56.674],[13.173,56.673],[13.175,56.667],[13.181,56.664],[13.189,56.663],[13.196,56.654],[13.189,56.651],[13.164,56.65],[13.166,56.646],[13.164,56.634],[13.158,56.63],[13.148,56.629],[13.142,56.625],[13.134,56.625],[13.13,56.631],[13.113,56.622],[13.101,56.615],[13.093,56.613],[13.075,56.608],[13.057,56.601],[13.056,56.602],[13.041,56.597],[13.033,56.596],[13.028,56.595],[13.025,56.591],[13.016,56.585],[13.017,56.581],[13.021,56.575],[13.016,56.573],[13.01,56.574],[13.007,56.568],[12.996,56.559],[12.988,56.557],[12.975,56.543],[12.972,56.543],[12.968,56.548],[12.945,56.554],[12.918,56.552],[12.797,56.552],[12.892,56.452],[12.896,56.449],[12.941,56.44],[12.951,56.442],[12.958,56.44],[12.953,56.436],[12.952,56.431],[12.966,56.428],[12.963,56.422],[12.963,56.418],[12.958,56.413],[12.969,56.411],[12.961,56.405],[12.965,56.403],[12.96,56.401],[12.953,56.392],[12.959,56.394],[12.963,56.393],[12.968,56.389],[12.962,56.383],[12.952,56.374],[12.95,56.369],[12.967,56.368],[12.974,56.367],[12.981,56.358],[12.992,56.357],[13.037,56.355],[13.049,56.355],[13.075,56.352],[13.109,56.354],[13.114,56.353],[13.119,56.355],[13.131,56.356],[13.149,56.353],[13.159,56.349],[13.172,56.343],[13.181,56.34],[13.186,56.333],[13.188,56.326],[13.196,56.324],[13.216,56.327],[13.229,56.332],[13.253,56.349],[13.255,56.353],[13.251,56.358],[13.293,56.38],[13.297,56.381],[13.305,56.385],[13.317,56.388],[13.339,56.389],[13.347,56.391],[13.375,56.409],[13.386,56.415],[13.396,56.414],[13.405,56.416],[13.439,56.419],[13.455,56.424],[13.461,56.428],[13.467,56.432],[13.463,56.446],[13.465,56.448],[13.45,56.468],[13.45,56.472],[13.454,56.488],[13.455,56.497],[13.465,56.514],[13.463,56.515],[13.46,56.528],[13.452,56.541],[13.44,56.554],[13.44,56.571],[13.429,56.574],[13.427,56.574],[13.418,56.578],[13.409,56.588],[13.403,56.592],[13.404,56.595],[13.398,56.609],[13.397,56.616],[13.381,56.636],[13.379,56.637],[13.376,56.646],[13.371,56.652],[13.364,56.665],[13.328,56.688],[13.323,56.686],[13.313,56.688],[13.308,56.685]]]}},{"type":"Feature","properties":{"id":935665,"maakond_id":413,"name":"Årjängs kommun","bbox":[11.691,59.174,12.513,59.728]},"geometry":{"type":"Polygon","coordinates":[[[11.826,59.238],[11.836,59.236],[11.848,59.233],[11.869,59.231],[11.883,59.226],[11.905,59.223],[11.924,59.225],[11.929,59.226],[11.945,59.235],[11.943,59.24],[11.948,59.25],[11.963,59.239],[11.988,59.224],[12,59.22],[12.014,59.212],[12.019,59.213],[12.029,59.212],[12.033,59.201],[12.048,59.193],[12.053,59.188],[12.085,59.176],[12.09,59.184],[12.095,59.185],[12.095,59.189],[12.106,59.194],[12.094,59.2],[12.091,59.216],[12.088,59.223],[12.084,59.225],[12.083,59.241],[12.084,59.246],[12.082,59.257],[12.103,59.252],[12.112,59.254],[12.123,59.25],[12.136,59.253],[12.185,59.25],[12.212,59.253],[12.208,59.257],[12.215,59.264],[12.228,59.26],[12.229,59.257],[12.236,59.257],[12.239,59.252],[12.238,59.242],[12.245,59.231],[12.244,59.229],[12.249,59.22],[12.255,59.217],[12.256,59.205],[12.258,59.203],[12.261,59.194],[12.266,59.193],[12.274,59.189],[12.282,59.188],[12.297,59.196],[12.304,59.198],[12.313,59.197],[12.315,59.193],[12.315,59.189],[12.328,59.18],[12.335,59.179],[12.336,59.175],[12.347,59.174],[12.367,59.177],[12.386,59.181],[12.408,59.187],[12.415,59.191],[12.422,59.193],[12.424,59.2],[12.423,59.21],[12.428,59.219],[12.428,59.223],[12.437,59.223],[12.445,59.229],[12.441,59.251],[12.451,59.248],[12.474,59.248],[12.475,59.25],[12.474,59.261],[12.474,59.267],[12.463,59.274],[12.461,59.278],[12.463,59.284],[12.465,59.293],[12.469,59.295],[12.468,59.298],[12.471,59.3],[12.466,59.306],[12.463,59.313],[12.466,59.319],[12.465,59.327],[12.458,59.336],[12.466,59.343],[12.47,59.355],[12.473,59.36],[12.478,59.361],[12.481,59.372],[12.469,59.374],[12.45,59.382],[12.45,59.385],[12.464,59.384],[12.47,59.392],[12.485,59.399],[12.504,59.411],[12.509,59.415],[12.513,59.42],[12.508,59.422],[12.5,59.432],[12.464,59.431],[12.442,59.438],[12.428,59.444],[12.41,59.45],[12.388,59.45],[12.358,59.447],[12.334,59.447],[12.282,59.446],[12.276,59.449],[12.278,59.453],[12.288,59.461],[12.288,59.468],[12.297,59.472],[12.296,59.477],[12.303,59.484],[12.311,59.488],[12.309,59.49],[12.312,59.5],[12.318,59.507],[12.318,59.512],[12.312,59.522],[12.317,59.528],[12.327,59.533],[12.324,59.544],[12.32,59.553],[12.323,59.56],[12.308,59.562],[12.298,59.572],[12.293,59.575],[12.286,59.575],[12.28,59.577],[12.275,59.584],[12.275,59.592],[12.276,59.593],[12.272,59.599],[12.271,59.602],[12.267,59.605],[12.255,59.604],[12.24,59.605],[12.239,59.608],[12.226,59.611],[12.184,59.615],[12.164,59.615],[12.15,59.611],[12.149,59.609],[12.132,59.606],[12.118,59.606],[12.106,59.608],[12.083,59.611],[12.072,59.611],[12.066,59.616],[12.057,59.615],[12.035,59.627],[12.025,59.633],[12.019,59.634],[12.013,59.638],[12.01,59.637],[12.004,59.649],[12.009,59.651],[12.007,59.655],[12.002,59.657],[12.001,59.66],[12.009,59.665],[12.015,59.67],[12.01,59.676],[11.991,59.673],[11.979,59.68],[11.962,59.696],[11.956,59.7],[11.952,59.705],[11.963,59.708],[11.972,59.713],[11.976,59.714],[11.978,59.718],[11.963,59.717],[11.956,59.716],[11.954,59.719],[11.94,59.728],[11.938,59.728],[11.936,59.727],[11.936,59.713],[11.934,59.71],[11.937,59.709],[11.938,59.7],[11.946,59.701],[11.94,59.695],[11.889,59.693],[11.878,59.683],[11.875,59.672],[11.87,59.663],[11.862,59.653],[11.856,59.648],[11.779,59.643],[11.761,59.637],[11.721,59.625],[11.698,59.609],[11.691,59.59],[11.729,59.511],[11.747,59.491],[11.753,59.479],[11.76,59.458],[11.761,59.429],[11.774,59.414],[11.78,59.386],[11.792,59.374],[11.79,59.371],[11.808,59.354],[11.816,59.345],[11.822,59.312],[11.82,59.305],[11.826,59.265],[11.83,59.242],[11.826,59.238]]]}},{"type":"Feature","properties":{"id":935666,"maakond_id":410,"name":"Lunds kommun","bbox":[13.111,55.525,13.617,55.794]},"geometry":{"type":"Polygon","coordinates":[[[13.206,55.786],[13.203,55.787],[13.194,55.791],[13.189,55.791],[13.183,55.794],[13.169,55.79],[13.16,55.791],[13.153,55.789],[13.145,55.792],[13.137,55.789],[13.143,55.781],[13.135,55.77],[13.142,55.768],[13.142,55.765],[13.135,55.758],[13.142,55.752],[13.139,55.749],[13.126,55.748],[13.118,55.747],[13.123,55.742],[13.136,55.743],[13.135,55.738],[13.137,55.734],[13.127,55.733],[13.13,55.719],[13.115,55.714],[13.111,55.709],[13.112,55.702],[13.115,55.702],[13.124,55.705],[13.137,55.705],[13.156,55.698],[13.161,55.692],[13.171,55.687],[13.168,55.681],[13.18,55.678],[13.183,55.678],[13.191,55.683],[13.197,55.682],[13.207,55.683],[13.207,55.679],[13.217,55.676],[13.223,55.677],[13.235,55.677],[13.237,55.678],[13.251,55.68],[13.258,55.68],[13.259,55.682],[13.268,55.685],[13.279,55.681],[13.277,55.679],[13.287,55.678],[13.29,55.677],[13.293,55.672],[13.293,55.667],[13.29,55.664],[13.29,55.66],[13.294,55.657],[13.298,55.658],[13.314,55.648],[13.319,55.648],[13.315,55.639],[13.333,55.637],[13.343,55.631],[13.352,55.63],[13.352,55.623],[13.354,55.62],[13.354,55.615],[13.346,55.617],[13.342,55.61],[13.331,55.61],[13.322,55.612],[13.313,55.616],[13.308,55.614],[13.304,55.606],[13.296,55.603],[13.297,55.598],[13.301,55.593],[13.309,55.588],[13.315,55.587],[13.314,55.584],[13.317,55.581],[13.32,55.573],[13.323,55.572],[13.314,55.565],[13.316,55.562],[13.331,55.562],[13.336,55.564],[13.343,55.561],[13.337,55.559],[13.343,55.557],[13.341,55.55],[13.345,55.551],[13.349,55.558],[13.361,55.555],[13.367,55.56],[13.377,55.558],[13.381,55.541],[13.391,55.539],[13.393,55.535],[13.397,55.533],[13.402,55.525],[13.416,55.529],[13.426,55.527],[13.43,55.525],[13.436,55.529],[13.443,55.529],[13.449,55.531],[13.463,55.526],[13.468,55.529],[13.479,55.53],[13.482,55.527],[13.487,55.529],[13.479,55.534],[13.483,55.537],[13.485,55.543],[13.494,55.543],[13.498,55.545],[13.502,55.551],[13.505,55.551],[13.508,55.556],[13.504,55.562],[13.507,55.568],[13.499,55.569],[13.499,55.574],[13.505,55.573],[13.512,55.575],[13.517,55.575],[13.517,55.58],[13.523,55.584],[13.525,55.586],[13.52,55.589],[13.529,55.596],[13.533,55.608],[13.53,55.62],[13.534,55.626],[13.542,55.63],[13.547,55.636],[13.552,55.634],[13.556,55.636],[13.561,55.633],[13.571,55.633],[13.58,55.634],[13.591,55.632],[13.603,55.631],[13.608,55.641],[13.608,55.647],[13.61,55.652],[13.617,55.661],[13.614,55.668],[13.602,55.674],[13.599,55.678],[13.587,55.685],[13.573,55.687],[13.571,55.689],[13.565,55.696],[13.541,55.7],[13.526,55.706],[13.521,55.71],[13.512,55.712],[13.505,55.716],[13.506,55.719],[13.499,55.722],[13.49,55.723],[13.487,55.722],[13.475,55.725],[13.467,55.73],[13.462,55.729],[13.457,55.73],[13.443,55.729],[13.438,55.732],[13.419,55.737],[13.419,55.739],[13.405,55.742],[13.399,55.744],[13.393,55.744],[13.386,55.742],[13.362,55.745],[13.359,55.749],[13.354,55.751],[13.35,55.75],[13.338,55.751],[13.331,55.754],[13.316,55.753],[13.305,55.749],[13.302,55.748],[13.295,55.751],[13.287,55.751],[13.301,55.766],[13.306,55.768],[13.299,55.77],[13.285,55.778],[13.273,55.778],[13.263,55.779],[13.26,55.778],[13.252,55.778],[13.243,55.776],[13.239,55.778],[13.232,55.778],[13.23,55.781],[13.223,55.784],[13.216,55.782],[13.206,55.786]]]}},{"type":"Feature","properties":{"id":935667,"maakond_id":421,"name":"Arvidsjaurs kommun","bbox":[18.176,65.143,20.217,66.175]},"geometry":{"type":"MultiPolygon","coordinates":[[[[19.032,66.175],[18.959,66.114],[18.837,66.01],[18.619,66.045],[18.534,66.002],[18.5,65.985],[18.451,65.927],[18.442,65.916],[18.462,65.897],[18.431,65.891],[18.455,65.852],[18.487,65.804],[18.465,65.795],[18.513,65.79],[18.521,65.788],[18.525,65.785],[18.513,65.775],[18.5,65.777],[18.493,65.77],[18.504,65.766],[18.422,65.69],[18.395,65.665],[18.378,65.669],[18.258,65.677],[18.255,65.623],[18.278,65.601],[18.294,65.586],[18.179,65.585],[18.176,65.581],[18.178,65.577],[18.181,65.573],[18.178,65.566],[18.195,65.555],[18.231,65.543],[18.249,65.533],[18.268,65.525],[18.342,65.494],[18.426,65.497],[18.503,65.475],[18.512,65.463],[18.518,65.459],[18.522,65.452],[18.543,65.446],[18.57,65.445],[18.58,65.44],[18.627,65.434],[18.644,65.436],[18.655,65.435],[18.669,65.437],[18.701,65.438],[18.712,65.438],[18.72,65.437],[18.73,65.434],[18.748,65.423],[18.744,65.414],[18.747,65.409],[18.753,65.404],[18.774,65.395],[18.798,65.388],[18.81,65.388],[18.82,65.382],[18.823,65.377],[18.834,65.371],[18.851,65.37],[18.86,65.37],[18.869,65.373],[18.895,65.362],[18.917,65.356],[18.924,65.352],[18.93,65.351],[18.932,65.347],[18.95,65.345],[18.976,65.342],[18.987,65.337],[19.015,65.331],[19.016,65.327],[19.022,65.318],[19.019,65.314],[19.022,65.311],[19.033,65.307],[19.044,65.306],[19.05,65.308],[19.061,65.306],[19.072,65.308],[19.077,65.306],[19.087,65.307],[19.097,65.305],[19.124,65.296],[19.138,65.29],[19.149,65.29],[19.168,65.286],[19.175,65.282],[19.202,65.272],[19.22,65.269],[19.232,65.266],[19.238,65.262],[19.26,65.255],[19.273,65.241],[19.261,65.24],[19.253,65.242],[19.25,65.24],[19.246,65.23],[19.242,65.223],[19.244,65.219],[19.256,65.21],[19.265,65.207],[19.282,65.204],[19.287,65.201],[19.301,65.197],[19.322,65.193],[19.339,65.187],[19.344,65.182],[19.338,65.18],[19.35,65.172],[19.367,65.165],[19.371,65.16],[19.378,65.155],[19.388,65.15],[19.39,65.143],[19.431,65.153],[19.435,65.149],[19.484,65.162],[19.479,65.166],[19.59,65.194],[19.608,65.199],[19.696,65.255],[19.703,65.252],[19.712,65.257],[19.704,65.26],[19.774,65.303],[19.895,65.381],[19.832,65.398],[19.747,65.421],[19.629,65.452],[19.698,65.526],[19.757,65.536],[19.913,65.517],[20.025,65.503],[20.189,65.557],[20.217,65.565],[20.206,65.594],[20.185,65.649],[20.154,65.729],[20.134,65.781],[20.108,65.847],[20.159,65.88],[20.205,65.909],[20.197,65.91],[20.198,65.915],[20.192,65.919],[20.179,65.92],[20.169,65.928],[20.154,65.927],[20.143,65.931],[20.136,65.928],[20.124,65.931],[20.116,65.934],[20.098,65.936],[20.09,65.939],[20.074,65.942],[20.064,65.941],[20.055,65.942],[20.051,65.947],[20.041,65.947],[20.037,65.95],[20.032,65.956],[20.032,65.963],[20.023,65.97],[20.01,65.974],[19.996,65.98],[19.992,65.98],[19.98,65.986],[19.972,65.992],[19.961,65.994],[19.937,66.002],[19.932,66.006],[19.915,66.012],[19.906,66.013],[19.904,66.015],[19.889,66.017],[19.88,66.015],[19.861,66.014],[19.853,66.015],[19.84,66.013],[19.822,66.012],[19.812,66.013],[19.803,66.017],[19.797,66.017],[19.773,66.025],[19.756,66.025],[19.745,66.029],[19.734,66.03],[19.715,66.034],[19.705,66.035],[19.688,66.039],[19.676,66.043],[19.654,66.045],[19.636,66.045],[19.608,66.042],[19.59,66.041],[19.585,66.04],[19.573,66.044],[19.527,66.041],[19.501,66.042],[19.483,66.035],[19.467,66.04],[19.464,66.043],[19.455,66.043],[19.446,66.045],[19.428,66.046],[19.415,66.048],[19.399,66.055],[19.383,66.057],[19.378,66.059],[19.378,66.064],[19.374,66.068],[19.356,66.07],[19.342,66.082],[19.327,66.086],[19.313,66.088],[19.28,66.093],[19.275,66.096],[19.259,66.095],[19.248,66.094],[19.239,66.095],[19.232,66.093],[19.225,66.096],[19.21,66.095],[19.195,66.097],[19.19,66.1],[19.182,66.101],[19.17,66.099],[19.167,66.102],[19.155,66.105],[19.135,66.11],[19.129,66.113],[19.113,66.119],[19.107,66.123],[19.116,66.13],[19.077,66.145],[19.032,66.175]]],[[[18.483,65.77],[18.492,65.779],[18.486,65.78],[18.475,65.77],[18.483,65.77]]]]}},{"type":"Feature","properties":{"id":935668,"maakond_id":404,"name":"Motala kommun","bbox":[14.673,58.418,15.499,58.865]},"geometry":{"type":"Polygon","coordinates":[[[15.348,58.829],[15.34,58.835],[15.326,58.85],[15.325,58.859],[15.307,58.854],[15.296,58.85],[15.289,58.852],[15.288,58.855],[15.275,58.863],[15.263,58.865],[15.257,58.858],[15.256,58.85],[15.253,58.848],[15.247,58.848],[15.241,58.841],[15.219,58.843],[15.222,58.835],[15.218,58.827],[15.204,58.817],[15.198,58.815],[15.188,58.813],[15.167,58.811],[15.138,58.821],[15.136,58.811],[15.128,58.796],[15.12,58.793],[15.125,58.786],[15.117,58.776],[15.115,58.77],[15.109,58.771],[15.107,58.768],[15.098,58.769],[15.098,58.766],[15.093,58.762],[15.088,58.766],[15.084,58.767],[15.067,58.754],[15.065,58.749],[15.054,58.738],[15.049,58.724],[15.049,58.722],[15.041,58.713],[15.035,58.704],[15.029,58.705],[15.019,58.705],[15.012,58.706],[15.004,58.696],[14.995,58.694],[14.992,58.692],[14.975,58.687],[14.969,58.683],[14.964,58.689],[14.955,58.693],[14.936,58.695],[14.929,58.697],[14.813,58.667],[14.807,58.665],[14.779,58.646],[14.673,58.51],[14.753,58.493],[14.939,58.536],[14.971,58.518],[14.973,58.513],[14.981,58.506],[14.982,58.503],[14.987,58.5],[14.988,58.494],[14.996,58.496],[15.003,58.494],[15,58.491],[14.993,58.489],[14.989,58.485],[14.982,58.484],[14.975,58.481],[14.977,58.477],[14.983,58.476],[14.995,58.478],[15.008,58.48],[15.016,58.474],[15.014,58.47],[15.004,58.464],[14.99,58.46],[14.982,58.455],[14.994,58.454],[14.999,58.449],[14.988,58.442],[14.974,58.44],[14.962,58.434],[14.981,58.428],[14.997,58.425],[15.001,58.421],[15.003,58.418],[15.031,58.421],[15.039,58.426],[15.055,58.423],[15.048,58.429],[15.053,58.432],[15.064,58.433],[15.072,58.428],[15.078,58.426],[15.094,58.431],[15.099,58.428],[15.103,58.428],[15.116,58.432],[15.118,58.435],[15.128,58.442],[15.133,58.446],[15.134,58.452],[15.142,58.463],[15.153,58.468],[15.152,58.473],[15.156,58.473],[15.16,58.467],[15.197,58.464],[15.202,58.462],[15.203,58.456],[15.212,58.456],[15.219,58.458],[15.217,58.463],[15.228,58.467],[15.245,58.469],[15.247,58.462],[15.253,58.462],[15.258,58.456],[15.265,58.454],[15.266,58.448],[15.261,58.448],[15.257,58.441],[15.265,58.438],[15.271,58.442],[15.281,58.438],[15.288,58.438],[15.297,58.436],[15.311,58.435],[15.318,58.438],[15.322,58.446],[15.322,58.449],[15.332,58.451],[15.338,58.45],[15.354,58.453],[15.357,58.455],[15.359,58.46],[15.374,58.465],[15.387,58.467],[15.393,58.465],[15.39,58.471],[15.376,58.471],[15.372,58.472],[15.359,58.471],[15.357,58.473],[15.367,58.474],[15.366,58.477],[15.38,58.476],[15.387,58.477],[15.379,58.484],[15.365,58.483],[15.364,58.49],[15.367,58.494],[15.369,58.5],[15.375,58.5],[15.374,58.506],[15.37,58.511],[15.377,58.511],[15.378,58.521],[15.38,58.522],[15.378,58.537],[15.379,58.541],[15.384,58.547],[15.372,58.548],[15.375,58.553],[15.379,58.566],[15.375,58.568],[15.382,58.58],[15.378,58.584],[15.374,58.59],[15.38,58.591],[15.381,58.597],[15.384,58.604],[15.391,58.609],[15.385,58.612],[15.371,58.618],[15.374,58.626],[15.372,58.629],[15.381,58.635],[15.391,58.637],[15.4,58.642],[15.398,58.646],[15.407,58.648],[15.417,58.652],[15.43,58.645],[15.436,58.64],[15.469,58.629],[15.47,58.632],[15.488,58.635],[15.484,58.643],[15.477,58.647],[15.47,58.643],[15.464,58.651],[15.471,58.656],[15.476,58.661],[15.475,58.672],[15.479,58.678],[15.492,58.681],[15.489,58.686],[15.483,58.691],[15.479,58.697],[15.485,58.7],[15.495,58.701],[15.492,58.706],[15.496,58.709],[15.495,58.719],[15.499,58.732],[15.49,58.735],[15.478,58.735],[15.473,58.748],[15.47,58.753],[15.455,58.758],[15.446,58.765],[15.448,58.767],[15.445,58.774],[15.449,58.777],[15.446,58.78],[15.438,58.784],[15.445,58.787],[15.423,58.79],[15.421,58.799],[15.411,58.806],[15.414,58.807],[15.414,58.814],[15.414,58.822],[15.406,58.828],[15.411,58.832],[15.405,58.838],[15.403,58.842],[15.381,58.847],[15.348,58.829]]]}},{"type":"Feature","properties":{"id":935670,"maakond_id":405,"name":"Nässjö kommun","bbox":[14.314,57.403,14.969,57.812]},"geometry":{"type":"Polygon","coordinates":[[[14.452,57.489],[14.455,57.488],[14.473,57.487],[14.481,57.488],[14.492,57.491],[14.502,57.487],[14.508,57.489],[14.512,57.487],[14.517,57.487],[14.52,57.484],[14.517,57.477],[14.521,57.475],[14.533,57.467],[14.536,57.471],[14.535,57.475],[14.547,57.474],[14.549,57.467],[14.545,57.463],[14.561,57.465],[14.561,57.46],[14.568,57.457],[14.57,57.454],[14.577,57.452],[14.578,57.439],[14.591,57.437],[14.589,57.434],[14.603,57.434],[14.61,57.438],[14.617,57.435],[14.621,57.441],[14.63,57.443],[14.631,57.446],[14.638,57.449],[14.647,57.451],[14.651,57.453],[14.659,57.455],[14.662,57.459],[14.668,57.462],[14.67,57.465],[14.681,57.469],[14.686,57.473],[14.692,57.473],[14.693,57.47],[14.699,57.465],[14.714,57.463],[14.727,57.465],[14.732,57.463],[14.738,57.458],[14.739,57.452],[14.748,57.449],[14.748,57.444],[14.741,57.441],[14.741,57.438],[14.751,57.43],[14.748,57.427],[14.76,57.422],[14.757,57.42],[14.761,57.413],[14.761,57.404],[14.776,57.403],[14.785,57.406],[14.798,57.407],[14.811,57.404],[14.819,57.404],[14.816,57.41],[14.824,57.412],[14.828,57.418],[14.826,57.421],[14.83,57.424],[14.827,57.436],[14.83,57.438],[14.834,57.444],[14.835,57.452],[14.838,57.465],[14.847,57.467],[14.843,57.472],[14.831,57.469],[14.829,57.472],[14.824,57.475],[14.835,57.475],[14.836,57.483],[14.84,57.485],[14.84,57.493],[14.841,57.495],[14.853,57.496],[14.851,57.5],[14.855,57.506],[14.847,57.511],[14.861,57.512],[14.861,57.519],[14.857,57.52],[14.86,57.531],[14.858,57.533],[14.847,57.551],[14.844,57.562],[14.843,57.571],[14.845,57.579],[14.852,57.574],[14.859,57.574],[14.863,57.576],[14.862,57.582],[14.867,57.587],[14.86,57.593],[14.857,57.591],[14.845,57.59],[14.841,57.592],[14.829,57.595],[14.826,57.596],[14.816,57.597],[14.811,57.599],[14.788,57.607],[14.791,57.612],[14.791,57.617],[14.804,57.62],[14.816,57.618],[14.823,57.62],[14.826,57.623],[14.832,57.624],[14.834,57.63],[14.829,57.631],[14.833,57.637],[14.839,57.643],[14.847,57.647],[14.844,57.658],[14.845,57.66],[14.861,57.663],[14.862,57.67],[14.874,57.674],[14.877,57.673],[14.883,57.679],[14.879,57.683],[14.891,57.689],[14.889,57.694],[14.896,57.699],[14.903,57.701],[14.907,57.705],[14.918,57.707],[14.917,57.712],[14.911,57.718],[14.91,57.723],[14.916,57.725],[14.93,57.725],[14.934,57.731],[14.933,57.734],[14.926,57.734],[14.925,57.739],[14.936,57.741],[14.95,57.743],[14.961,57.745],[14.965,57.752],[14.969,57.752],[14.966,57.756],[14.969,57.76],[14.967,57.764],[14.963,57.765],[14.956,57.769],[14.952,57.772],[14.955,57.776],[14.953,57.778],[14.952,57.786],[14.951,57.799],[14.943,57.802],[14.931,57.805],[14.931,57.809],[14.922,57.81],[14.893,57.812],[14.885,57.809],[14.873,57.808],[14.871,57.806],[14.86,57.806],[14.855,57.798],[14.839,57.796],[14.836,57.799],[14.816,57.797],[14.813,57.804],[14.795,57.804],[14.791,57.805],[14.77,57.802],[14.755,57.802],[14.757,57.799],[14.738,57.796],[14.741,57.794],[14.74,57.788],[14.737,57.786],[14.729,57.784],[14.722,57.784],[14.711,57.788],[14.702,57.785],[14.707,57.777],[14.703,57.775],[14.691,57.775],[14.683,57.773],[14.674,57.769],[14.657,57.764],[14.656,57.761],[14.651,57.759],[14.654,57.753],[14.647,57.75],[14.64,57.749],[14.63,57.751],[14.625,57.748],[14.618,57.749],[14.603,57.744],[14.606,57.739],[14.584,57.739],[14.578,57.734],[14.569,57.737],[14.57,57.744],[14.561,57.745],[14.558,57.741],[14.55,57.744],[14.545,57.743],[14.54,57.745],[14.53,57.742],[14.525,57.745],[14.515,57.741],[14.509,57.731],[14.508,57.727],[14.502,57.726],[14.499,57.723],[14.487,57.726],[14.473,57.727],[14.459,57.731],[14.456,57.731],[14.455,57.723],[14.436,57.721],[14.434,57.717],[14.447,57.713],[14.449,57.71],[14.441,57.705],[14.452,57.697],[14.449,57.694],[14.444,57.694],[14.438,57.692],[14.442,57.688],[14.432,57.683],[14.423,57.684],[14.419,57.677],[14.422,57.669],[14.427,57.668],[14.425,57.664],[14.415,57.663],[14.403,57.665],[14.396,57.665],[14.396,57.66],[14.391,57.656],[14.393,57.654],[14.391,57.65],[14.385,57.651],[14.383,57.649],[14.387,57.64],[14.379,57.636],[14.364,57.634],[14.36,57.631],[14.36,57.626],[14.364,57.622],[14.368,57.615],[14.38,57.613],[14.37,57.604],[14.361,57.599],[14.354,57.598],[14.332,57.596],[14.336,57.591],[14.337,57.587],[14.336,57.583],[14.338,57.573],[14.341,57.567],[14.342,57.561],[14.345,57.554],[14.348,57.552],[14.346,57.546],[14.348,57.543],[14.343,57.54],[14.332,57.54],[14.314,57.532],[14.327,57.526],[14.338,57.525],[14.34,57.521],[14.347,57.518],[14.364,57.516],[14.377,57.517],[14.393,57.515],[14.396,57.511],[14.424,57.51],[14.427,57.506],[14.438,57.507],[14.441,57.505],[14.435,57.498],[14.437,57.492],[14.452,57.489]],[[14.412,57.516],[14.414,57.512],[14.407,57.512],[14.412,57.516]]]}},{"type":"Feature","properties":{"id":935671,"maakond_id":410,"name":"Tomelilla kommun","bbox":[13.85,55.467,14.167,55.785]},"geometry":{"type":"MultiPolygon","coordinates":[[[[13.961,55.777],[13.956,55.77],[13.948,55.762],[13.921,55.749],[13.926,55.744],[13.919,55.744],[13.911,55.739],[13.909,55.733],[13.897,55.731],[13.897,55.726],[13.892,55.715],[13.905,55.713],[13.908,55.708],[13.911,55.702],[13.916,55.699],[13.923,55.699],[13.928,55.696],[13.925,55.692],[13.927,55.688],[13.933,55.687],[13.949,55.681],[13.947,55.675],[13.953,55.669],[13.975,55.659],[13.978,55.655],[13.982,55.655],[13.986,55.649],[13.982,55.642],[13.98,55.637],[13.975,55.635],[13.961,55.636],[13.954,55.639],[13.948,55.636],[13.954,55.634],[13.957,55.631],[13.944,55.626],[13.948,55.62],[13.937,55.62],[13.92,55.626],[13.921,55.622],[13.916,55.621],[13.915,55.617],[13.918,55.615],[13.924,55.616],[13.928,55.611],[13.937,55.608],[13.933,55.603],[13.932,55.598],[13.921,55.598],[13.913,55.593],[13.911,55.591],[13.901,55.591],[13.896,55.589],[13.887,55.59],[13.882,55.593],[13.877,55.593],[13.873,55.589],[13.867,55.59],[13.86,55.583],[13.859,55.575],[13.85,55.57],[13.85,55.566],[13.857,55.562],[13.86,55.555],[13.864,55.549],[13.87,55.546],[13.875,55.54],[13.88,55.533],[13.891,55.528],[13.898,55.521],[13.896,55.519],[13.9,55.514],[13.9,55.509],[13.905,55.505],[13.915,55.497],[13.922,55.495],[13.935,55.496],[13.939,55.492],[13.937,55.485],[13.945,55.485],[13.959,55.481],[13.976,55.471],[13.99,55.467],[14.005,55.473],[14.005,55.475],[14.023,55.478],[14.03,55.474],[14.035,55.473],[14.039,55.474],[14.054,55.477],[14.057,55.477],[14.074,55.48],[14.073,55.483],[14.089,55.495],[14.091,55.499],[14.098,55.503],[14.111,55.505],[14.125,55.512],[14.137,55.516],[14.13,55.531],[14.13,55.539],[14.138,55.541],[14.136,55.543],[14.137,55.547],[14.151,55.555],[14.149,55.559],[14.142,55.564],[14.138,55.571],[14.14,55.574],[14.152,55.58],[14.155,55.579],[14.167,55.584],[14.165,55.588],[14.159,55.598],[14.162,55.602],[14.163,55.606],[14.139,55.612],[14.135,55.609],[14.123,55.613],[14.123,55.615],[14.117,55.617],[14.105,55.618],[14.088,55.625],[14.079,55.63],[14.073,55.635],[14.068,55.636],[14.072,55.643],[14.069,55.651],[14.07,55.657],[14.061,55.658],[14.061,55.662],[14.068,55.675],[14.077,55.675],[14.074,55.679],[14.066,55.683],[14.069,55.69],[14.073,55.691],[14.082,55.698],[14.09,55.7],[14.092,55.703],[14.1,55.707],[14.098,55.711],[14.105,55.712],[14.105,55.715],[14.121,55.716],[14.13,55.718],[14.142,55.719],[14.145,55.724],[14.139,55.724],[14.13,55.728],[14.127,55.732],[14.114,55.734],[14.109,55.734],[14.103,55.736],[14.089,55.736],[14.089,55.741],[14.096,55.74],[14.105,55.74],[14.108,55.737],[14.115,55.739],[14.11,55.749],[14.102,55.745],[14.1,55.742],[14.093,55.75],[14.1,55.75],[14.103,55.752],[14.103,55.756],[14.095,55.758],[14.087,55.757],[14.092,55.764],[14.087,55.77],[14.094,55.774],[14.095,55.778],[14.085,55.779],[14.075,55.784],[14.054,55.785],[14.052,55.783],[14.055,55.78],[14.058,55.774],[14.055,55.769],[14.051,55.767],[14.028,55.761],[14.011,55.761],[14.012,55.769],[14.01,55.77],[14.002,55.768],[13.996,55.772],[13.991,55.769],[13.986,55.769],[13.978,55.773],[13.974,55.772],[13.97,55.775],[13.961,55.777]]],[[[14.106,55.757],[14.109,55.755],[14.115,55.756],[14.122,55.756],[14.123,55.753],[14.134,55.759],[14.128,55.763],[14.12,55.766],[14.114,55.766],[14.112,55.762],[14.108,55.761],[14.106,55.757]]]]}},{"type":"Feature","properties":{"id":935672,"maakond_id":412,"name":"Hjo kommun","bbox":[13.983,58.129,14.543,58.408]},"geometry":{"type":"Polygon","coordinates":[[[14.129,58.146],[14.14,58.139],[14.143,58.14],[14.148,58.137],[14.147,58.134],[14.156,58.13],[14.172,58.13],[14.177,58.129],[14.184,58.131],[14.19,58.131],[14.206,58.135],[14.215,58.135],[14.225,58.136],[14.314,58.132],[14.418,58.191],[14.52,58.356],[14.543,58.38],[14.408,58.404],[14.4,58.406],[14.381,58.405],[14.37,58.404],[14.367,58.405],[14.344,58.406],[14.335,58.401],[14.331,58.403],[14.33,58.408],[14.317,58.407],[14.312,58.407],[14.305,58.405],[14.3,58.401],[14.301,58.398],[14.293,58.397],[14.268,58.398],[14.262,58.394],[14.267,58.385],[14.265,58.381],[14.265,58.375],[14.261,58.37],[14.241,58.364],[14.204,58.364],[14.199,58.362],[14.199,58.355],[14.194,58.355],[14.187,58.351],[14.18,58.357],[14.166,58.358],[14.162,58.353],[14.158,58.355],[14.148,58.357],[14.152,58.36],[14.148,58.363],[14.142,58.36],[14.137,58.36],[14.137,58.366],[14.131,58.364],[14.128,58.36],[14.131,58.358],[14.122,58.356],[14.117,58.347],[14.122,58.346],[14.122,58.342],[14.116,58.339],[14.113,58.335],[14.108,58.336],[14.106,58.34],[14.098,58.338],[14.091,58.339],[14.088,58.328],[14.093,58.326],[14.087,58.324],[14.086,58.317],[14.077,58.316],[14.071,58.313],[14.066,58.313],[14.061,58.311],[14.054,58.31],[14.053,58.313],[14.039,58.318],[14.036,58.314],[14.024,58.312],[14.027,58.31],[14.027,58.306],[14.018,58.301],[14.012,58.302],[14.004,58.298],[14.001,58.298],[13.995,58.29],[13.994,58.286],[13.983,58.279],[13.987,58.28],[14.024,58.277],[14.021,58.273],[14.016,58.27],[14.016,58.267],[14.027,58.259],[14.047,58.258],[14.047,58.262],[14.052,58.264],[14.063,58.259],[14.064,58.256],[14.073,58.255],[14.077,58.251],[14.083,58.256],[14.088,58.254],[14.085,58.251],[14.09,58.249],[14.104,58.251],[14.107,58.255],[14.106,58.259],[14.122,58.259],[14.136,58.258],[14.136,58.26],[14.149,58.256],[14.147,58.253],[14.151,58.245],[14.147,58.241],[14.143,58.242],[14.138,58.24],[14.139,58.237],[14.144,58.233],[14.135,58.232],[14.13,58.224],[14.125,58.224],[14.124,58.218],[14.133,58.213],[14.136,58.209],[14.133,58.208],[14.128,58.204],[14.122,58.203],[14.115,58.206],[14.114,58.2],[14.121,58.182],[14.114,58.165],[14.115,58.157],[14.129,58.146]]]}},{"type":"Feature","properties":{"id":935673,"maakond_id":414,"name":"Lekebergs kommun","bbox":[14.556,59.025,15.055,59.333]},"geometry":{"type":"MultiPolygon","coordinates":[[[[14.713,59.029],[14.73,59.034],[14.779,59.053],[14.783,59.061],[14.79,59.064],[14.802,59.065],[14.803,59.071],[14.802,59.074],[14.808,59.074],[14.809,59.077],[14.823,59.077],[14.823,59.08],[14.831,59.08],[14.836,59.083],[14.848,59.082],[14.854,59.081],[14.87,59.085],[14.881,59.085],[14.894,59.086],[14.906,59.088],[14.923,59.085],[14.925,59.089],[14.929,59.092],[14.928,59.095],[14.93,59.102],[14.934,59.106],[14.935,59.11],[14.938,59.115],[14.943,59.116],[14.946,59.119],[14.951,59.12],[14.961,59.128],[14.98,59.129],[14.99,59.128],[14.993,59.126],[15.031,59.132],[15.043,59.136],[15.055,59.152],[15.053,59.157],[15.046,59.157],[15.05,59.161],[15.05,59.167],[15.044,59.173],[15.041,59.186],[15.04,59.188],[15.025,59.195],[15.029,59.198],[15.002,59.2],[14.989,59.199],[14.989,59.196],[14.958,59.193],[14.952,59.19],[14.945,59.191],[14.928,59.205],[14.933,59.205],[14.941,59.209],[14.949,59.214],[14.953,59.215],[14.945,59.228],[14.938,59.232],[14.928,59.239],[14.929,59.246],[14.927,59.259],[14.924,59.26],[14.919,59.267],[14.92,59.27],[14.913,59.271],[14.91,59.275],[14.903,59.273],[14.901,59.275],[14.901,59.282],[14.892,59.294],[14.881,59.3],[14.874,59.299],[14.866,59.302],[14.849,59.313],[14.841,59.314],[14.835,59.311],[14.82,59.317],[14.809,59.322],[14.8,59.322],[14.796,59.328],[14.79,59.333],[14.785,59.331],[14.781,59.325],[14.772,59.323],[14.77,59.319],[14.766,59.318],[14.761,59.321],[14.757,59.32],[14.748,59.315],[14.755,59.309],[14.764,59.302],[14.763,59.299],[14.769,59.291],[14.771,59.285],[14.775,59.281],[14.773,59.279],[14.765,59.28],[14.76,59.273],[14.766,59.259],[14.726,59.258],[14.723,59.261],[14.711,59.257],[14.71,59.233],[14.683,59.238],[14.669,59.242],[14.644,59.261],[14.625,59.256],[14.615,59.246],[14.598,59.23],[14.556,59.227],[14.56,59.196],[14.564,59.166],[14.558,59.166],[14.562,59.16],[14.565,59.159],[14.568,59.147],[14.579,59.145],[14.578,59.141],[14.581,59.137],[14.587,59.136],[14.586,59.126],[14.58,59.125],[14.576,59.121],[14.593,59.121],[14.591,59.115],[14.572,59.114],[14.573,59.102],[14.576,59.101],[14.578,59.1],[14.624,59.106],[14.638,59.107],[14.651,59.11],[14.664,59.11],[14.667,59.119],[14.681,59.119],[14.684,59.115],[14.695,59.115],[14.742,59.127],[14.727,59.099],[14.72,59.078],[14.719,59.059],[14.712,59.049],[14.71,59.042],[14.698,59.025],[14.704,59.026],[14.713,59.029]],[[14.843,59.301],[14.86,59.293],[14.853,59.286],[14.841,59.293],[14.841,59.299],[14.843,59.301]],[[14.69,59.129],[14.689,59.125],[14.685,59.125],[14.683,59.129],[14.69,59.129]]],[[[15.009,59.206],[15.004,59.202],[15.021,59.2],[15.017,59.203],[15.019,59.21],[15.017,59.211],[15.009,59.206]]]]}},{"type":"Feature","properties":{"id":935676,"maakond_id":403,"name":"Vingåkers kommun","bbox":[15.617,58.947,16.158,59.184]},"geometry":{"type":"Polygon","coordinates":[[[15.967,58.947],[15.974,58.953],[15.987,58.953],[15.996,58.961],[16.007,58.979],[16.016,58.982],[16.024,58.982],[16.034,58.985],[16.032,58.987],[16.049,58.993],[16.059,58.998],[16.064,58.998],[16.083,59.007],[16.091,59.005],[16.09,59.009],[16.098,59.011],[16.109,59.021],[16.119,59.023],[16.132,59.022],[16.158,59.021],[16.144,59.04],[16.139,59.043],[16.127,59.047],[16.122,59.053],[16.109,59.055],[16.109,59.064],[16.095,59.073],[16.088,59.076],[16.078,59.083],[16.073,59.085],[16.061,59.091],[16.046,59.103],[16.037,59.129],[16.013,59.149],[15.963,59.16],[15.951,59.159],[15.943,59.163],[15.934,59.163],[15.897,59.168],[15.769,59.184],[15.798,59.137],[15.788,59.137],[15.788,59.133],[15.798,59.123],[15.791,59.121],[15.792,59.117],[15.79,59.113],[15.794,59.11],[15.776,59.104],[15.77,59.106],[15.76,59.105],[15.756,59.106],[15.729,59.105],[15.717,59.102],[15.707,59.101],[15.701,59.096],[15.708,59.089],[15.713,59.088],[15.716,59.085],[15.711,59.077],[15.704,59.077],[15.701,59.072],[15.684,59.065],[15.672,59.064],[15.64,59.054],[15.643,59.05],[15.637,59.047],[15.638,59.043],[15.632,59.037],[15.639,59.033],[15.633,59.031],[15.628,59.025],[15.62,59.025],[15.617,59.023],[15.621,59.02],[15.621,59.016],[15.631,59.011],[15.645,59.013],[15.656,59.01],[15.652,59.008],[15.655,59.005],[15.654,59],[15.65,58.996],[15.665,58.982],[15.688,58.982],[15.691,58.987],[15.701,58.985],[15.721,58.99],[15.728,58.984],[15.726,58.98],[15.733,58.974],[15.736,58.966],[15.743,58.956],[15.741,58.951],[15.764,58.957],[15.762,58.964],[15.767,58.967],[15.779,58.968],[15.781,58.97],[15.78,58.976],[15.782,58.985],[15.792,58.99],[15.797,58.995],[15.807,59.003],[15.807,59.012],[15.815,59.019],[15.821,59.018],[15.843,59.015],[15.872,59],[15.865,58.991],[15.883,58.988],[15.882,58.979],[15.889,58.978],[15.897,58.974],[15.9,58.971],[15.912,58.962],[15.93,58.961],[15.938,58.956],[15.95,58.953],[15.967,58.947]]]}},{"type":"Feature","properties":{"id":935677,"maakond_id":407,"name":"Hultsfreds kommun","bbox":[15.458,57.192,16.209,57.599]},"geometry":{"type":"Polygon","coordinates":[[[15.577,57.548],[15.586,57.547],[15.593,57.548],[15.604,57.543],[15.609,57.543],[15.617,57.542],[15.616,57.538],[15.635,57.527],[15.635,57.521],[15.638,57.513],[15.647,57.506],[15.652,57.505],[15.655,57.501],[15.651,57.499],[15.632,57.492],[15.627,57.491],[15.622,57.486],[15.619,57.48],[15.62,57.475],[15.618,57.47],[15.619,57.465],[15.616,57.462],[15.62,57.454],[15.614,57.441],[15.61,57.44],[15.605,57.436],[15.597,57.435],[15.594,57.443],[15.583,57.448],[15.574,57.449],[15.57,57.455],[15.561,57.457],[15.562,57.463],[15.549,57.468],[15.548,57.465],[15.535,57.461],[15.527,57.459],[15.525,57.457],[15.514,57.456],[15.505,57.457],[15.504,57.45],[15.502,57.441],[15.496,57.43],[15.497,57.416],[15.499,57.411],[15.509,57.412],[15.521,57.41],[15.524,57.406],[15.52,57.401],[15.521,57.391],[15.524,57.384],[15.517,57.382],[15.507,57.38],[15.498,57.374],[15.499,57.371],[15.508,57.368],[15.516,57.364],[15.512,57.361],[15.514,57.355],[15.51,57.351],[15.517,57.343],[15.522,57.34],[15.515,57.334],[15.513,57.328],[15.515,57.324],[15.512,57.32],[15.513,57.315],[15.513,57.307],[15.505,57.31],[15.496,57.309],[15.489,57.312],[15.481,57.308],[15.477,57.309],[15.47,57.307],[15.468,57.301],[15.47,57.291],[15.476,57.287],[15.477,57.284],[15.482,57.279],[15.474,57.279],[15.473,57.276],[15.473,57.271],[15.458,57.27],[15.46,57.267],[15.473,57.261],[15.489,57.249],[15.499,57.25],[15.506,57.248],[15.517,57.244],[15.516,57.242],[15.523,57.235],[15.523,57.231],[15.526,57.226],[15.526,57.222],[15.524,57.22],[15.52,57.211],[15.513,57.206],[15.515,57.202],[15.519,57.201],[15.527,57.192],[15.529,57.192],[15.528,57.192],[15.536,57.2],[15.55,57.21],[15.55,57.215],[15.552,57.217],[15.576,57.213],[15.581,57.215],[15.593,57.217],[15.601,57.228],[15.62,57.24],[15.639,57.249],[15.643,57.24],[15.649,57.237],[15.658,57.236],[15.659,57.233],[15.669,57.233],[15.674,57.231],[15.676,57.227],[15.699,57.234],[15.715,57.233],[15.732,57.23],[15.737,57.229],[15.741,57.225],[15.747,57.223],[15.742,57.221],[15.757,57.213],[15.765,57.204],[15.768,57.202],[15.772,57.204],[15.784,57.208],[15.785,57.216],[15.79,57.221],[15.784,57.228],[15.787,57.233],[15.802,57.239],[15.855,57.245],[15.878,57.249],[15.884,57.252],[15.911,57.257],[15.913,57.254],[15.926,57.251],[15.932,57.247],[15.935,57.243],[15.956,57.251],[15.977,57.246],[15.992,57.25],[16.013,57.259],[16.021,57.263],[16.033,57.26],[16.037,57.262],[16.047,57.265],[16.051,57.266],[16.044,57.272],[16.04,57.292],[16.041,57.297],[16.046,57.299],[16.043,57.306],[16.045,57.317],[16.04,57.339],[16.042,57.344],[16.038,57.35],[16.043,57.353],[16.053,57.356],[16.043,57.381],[16.022,57.397],[16.026,57.399],[16.019,57.403],[16.011,57.404],[16.003,57.406],[15.992,57.408],[15.986,57.413],[15.993,57.433],[16.017,57.432],[16.037,57.433],[16.044,57.434],[16.06,57.42],[16.073,57.412],[16.086,57.406],[16.09,57.403],[16.096,57.404],[16.108,57.405],[16.114,57.409],[16.107,57.417],[16.109,57.419],[16.116,57.42],[16.124,57.424],[16.134,57.431],[16.132,57.434],[16.138,57.442],[16.139,57.449],[16.156,57.455],[16.147,57.46],[16.152,57.461],[16.177,57.45],[16.188,57.474],[16.194,57.475],[16.203,57.479],[16.209,57.483],[16.205,57.487],[16.201,57.494],[16.194,57.496],[16.183,57.504],[16.178,57.505],[16.156,57.503],[16.155,57.501],[16.144,57.502],[16.134,57.511],[16.125,57.515],[16.105,57.523],[16.096,57.525],[16.074,57.526],[16.064,57.528],[16.034,57.548],[16.03,57.555],[16.01,57.576],[15.995,57.588],[15.968,57.583],[15.968,57.577],[15.934,57.569],[15.92,57.564],[15.91,57.565],[15.893,57.555],[15.89,57.552],[15.884,57.553],[15.882,57.556],[15.865,57.561],[15.854,57.559],[15.844,57.543],[15.838,57.54],[15.838,57.536],[15.843,57.535],[15.841,57.53],[15.835,57.53],[15.83,57.533],[15.816,57.532],[15.81,57.537],[15.803,57.539],[15.799,57.545],[15.794,57.547],[15.788,57.548],[15.783,57.554],[15.781,57.562],[15.773,57.57],[15.773,57.572],[15.765,57.572],[15.749,57.583],[15.736,57.58],[15.729,57.581],[15.725,57.578],[15.701,57.574],[15.695,57.577],[15.692,57.587],[15.685,57.592],[15.68,57.595],[15.666,57.599],[15.646,57.591],[15.642,57.59],[15.631,57.593],[15.631,57.588],[15.612,57.575],[15.604,57.566],[15.587,57.557],[15.583,57.552],[15.577,57.548]]]}},{"type":"Feature","properties":{"id":935678,"maakond_id":412,"name":"Munkedals kommun","bbox":[11.437,58.395,11.922,58.819]},"geometry":{"type":"Polygon","coordinates":[[[11.715,58.815],[11.711,58.811],[11.725,58.8],[11.722,58.786],[11.724,58.782],[11.721,58.776],[11.723,58.771],[11.719,58.76],[11.71,58.758],[11.709,58.742],[11.704,58.729],[11.701,58.727],[11.698,58.723],[11.698,58.718],[11.701,58.71],[11.687,58.703],[11.683,58.7],[11.685,58.698],[11.694,58.699],[11.694,58.697],[11.682,58.692],[11.681,58.69],[11.679,58.672],[11.685,58.671],[11.691,58.659],[11.696,58.654],[11.693,58.652],[11.682,58.647],[11.681,58.639],[11.671,58.632],[11.666,58.638],[11.661,58.635],[11.643,58.638],[11.635,58.637],[11.624,58.644],[11.622,58.647],[11.616,58.647],[11.598,58.65],[11.586,58.656],[11.576,58.657],[11.566,58.661],[11.565,58.665],[11.559,58.667],[11.555,58.664],[11.55,58.664],[11.545,58.666],[11.541,58.663],[11.544,58.659],[11.542,58.656],[11.529,58.656],[11.53,58.653],[11.524,58.649],[11.523,58.645],[11.516,58.639],[11.52,58.625],[11.523,58.62],[11.527,58.62],[11.518,58.606],[11.515,58.606],[11.505,58.602],[11.496,58.591],[11.489,58.585],[11.494,58.58],[11.5,58.578],[11.495,58.572],[11.499,58.566],[11.503,58.564],[11.499,58.554],[11.506,58.552],[11.503,58.544],[11.494,58.541],[11.488,58.537],[11.48,58.539],[11.467,58.536],[11.465,58.531],[11.452,58.532],[11.447,58.526],[11.447,58.523],[11.442,58.521],[11.439,58.518],[11.444,58.507],[11.442,58.501],[11.437,58.5],[11.438,58.498],[11.454,58.498],[11.457,58.494],[11.447,58.486],[11.449,58.481],[11.455,58.478],[11.461,58.472],[11.466,58.471],[11.476,58.477],[11.472,58.478],[11.478,58.482],[11.488,58.483],[11.51,58.482],[11.512,58.489],[11.52,58.496],[11.545,58.493],[11.545,58.491],[11.556,58.487],[11.553,58.483],[11.562,58.482],[11.564,58.486],[11.568,58.486],[11.575,58.48],[11.572,58.478],[11.579,58.468],[11.578,58.467],[11.582,58.454],[11.581,58.446],[11.584,58.442],[11.585,58.433],[11.588,58.429],[11.589,58.423],[11.593,58.419],[11.592,58.414],[11.593,58.404],[11.599,58.401],[11.61,58.398],[11.619,58.395],[11.628,58.403],[11.647,58.418],[11.661,58.424],[11.665,58.427],[11.678,58.432],[11.696,58.432],[11.702,58.424],[11.702,58.42],[11.705,58.419],[11.717,58.42],[11.727,58.423],[11.749,58.427],[11.75,58.425],[11.762,58.428],[11.77,58.429],[11.766,58.432],[11.77,58.435],[11.777,58.435],[11.783,58.439],[11.794,58.442],[11.8,58.445],[11.815,58.442],[11.818,58.438],[11.824,58.435],[11.841,58.426],[11.872,58.43],[11.879,58.436],[11.884,58.439],[11.888,58.438],[11.897,58.445],[11.897,58.449],[11.902,58.451],[11.895,58.458],[11.895,58.465],[11.88,58.465],[11.878,58.469],[11.88,58.476],[11.879,58.481],[11.886,58.488],[11.884,58.491],[11.874,58.492],[11.875,58.499],[11.872,58.502],[11.86,58.507],[11.874,58.508],[11.88,58.508],[11.884,58.509],[11.882,58.514],[11.884,58.517],[11.875,58.52],[11.871,58.518],[11.861,58.517],[11.863,58.524],[11.851,58.528],[11.843,58.533],[11.844,58.538],[11.84,58.54],[11.843,58.543],[11.846,58.553],[11.855,58.559],[11.852,58.573],[11.849,58.574],[11.856,58.579],[11.859,58.582],[11.856,58.591],[11.848,58.593],[11.844,58.604],[11.859,58.611],[11.861,58.616],[11.868,58.622],[11.872,58.624],[11.881,58.624],[11.884,58.63],[11.891,58.632],[11.892,58.635],[11.906,58.64],[11.909,58.645],[11.911,58.655],[11.913,58.659],[11.907,58.665],[11.909,58.672],[11.922,58.676],[11.914,58.695],[11.909,58.698],[11.906,58.702],[11.906,58.706],[11.9,58.711],[11.881,58.713],[11.87,58.718],[11.852,58.723],[11.845,58.727],[11.844,58.729],[11.847,58.742],[11.841,58.754],[11.821,58.749],[11.813,58.753],[11.803,58.753],[11.799,58.756],[11.799,58.763],[11.794,58.765],[11.795,58.78],[11.794,58.785],[11.791,58.788],[11.792,58.795],[11.787,58.796],[11.786,58.799],[11.778,58.808],[11.774,58.811],[11.756,58.819],[11.751,58.817],[11.736,58.814],[11.715,58.815]]]}},{"type":"Feature","properties":{"id":935679,"maakond_id":410,"name":"Ängelholms kommun","bbox":[12.649,56.127,13.199,56.378]},"geometry":{"type":"Polygon","coordinates":[[[13.196,56.324],[13.188,56.326],[13.186,56.333],[13.181,56.34],[13.172,56.343],[13.159,56.349],[13.149,56.353],[13.131,56.356],[13.119,56.355],[13.114,56.353],[13.109,56.354],[13.075,56.352],[13.049,56.355],[13.037,56.355],[12.992,56.357],[12.981,56.358],[12.974,56.367],[12.967,56.368],[12.95,56.369],[12.945,56.366],[12.94,56.367],[12.929,56.365],[12.927,56.363],[12.92,56.363],[12.905,56.37],[12.902,56.373],[12.895,56.374],[12.888,56.378],[12.88,56.377],[12.88,56.375],[12.894,56.368],[12.888,56.361],[12.879,56.357],[12.87,56.356],[12.869,56.351],[12.862,56.346],[12.859,56.336],[12.855,56.337],[12.839,56.336],[12.836,56.334],[12.833,56.323],[12.826,56.322],[12.811,56.325],[12.81,56.328],[12.784,56.328],[12.782,56.319],[12.776,56.321],[12.768,56.32],[12.759,56.322],[12.751,56.321],[12.649,56.308],[12.772,56.262],[12.785,56.227],[12.786,56.218],[12.789,56.215],[12.796,56.214],[12.8,56.209],[12.797,56.204],[12.792,56.201],[12.788,56.203],[12.777,56.192],[12.793,56.189],[12.807,56.189],[12.814,56.195],[12.816,56.194],[12.829,56.192],[12.832,56.186],[12.828,56.186],[12.827,56.182],[12.823,56.179],[12.81,56.175],[12.809,56.172],[12.803,56.173],[12.793,56.167],[12.801,56.161],[12.805,56.157],[12.803,56.151],[12.806,56.145],[12.81,56.144],[12.82,56.139],[12.82,56.133],[12.825,56.127],[12.831,56.129],[12.839,56.129],[12.848,56.129],[12.846,56.132],[12.854,56.135],[12.861,56.134],[12.873,56.133],[12.873,56.138],[12.882,56.139],[12.882,56.142],[12.897,56.143],[12.896,56.136],[12.908,56.139],[12.914,56.138],[12.928,56.141],[12.932,56.141],[12.939,56.145],[12.942,56.149],[12.949,56.149],[12.95,56.154],[12.949,56.16],[12.956,56.165],[12.956,56.172],[12.963,56.174],[12.963,56.178],[12.982,56.179],[12.993,56.18],[13.013,56.187],[13.011,56.19],[13.006,56.193],[13.006,56.197],[12.998,56.198],[12.989,56.197],[12.983,56.198],[12.982,56.2],[12.984,56.205],[12.993,56.21],[12.998,56.211],[13.003,56.208],[13.008,56.21],[13.016,56.206],[13.018,56.21],[13.03,56.211],[13.032,56.212],[13.042,56.212],[13.056,56.207],[13.059,56.21],[13.066,56.208],[13.072,56.213],[13.08,56.213],[13.088,56.219],[13.099,56.222],[13.1,56.223],[13.11,56.226],[13.111,56.228],[13.121,56.232],[13.123,56.235],[13.128,56.239],[13.122,56.244],[13.143,56.25],[13.147,56.253],[13.136,56.256],[13.129,56.258],[13.118,56.259],[13.125,56.264],[13.135,56.262],[13.146,56.267],[13.172,56.283],[13.179,56.291],[13.189,56.3],[13.196,56.308],[13.199,56.31],[13.196,56.313],[13.198,56.316],[13.196,56.324]]]}},{"type":"Feature","properties":{"id":935681,"maakond_id":420,"name":"Robertsfors kommun","bbox":[20.305,63.846,21.653,64.44]},"geometry":{"type":"Polygon","coordinates":[[[21.653,64.11],[21.28,64.269],[21.223,64.268],[21.214,64.275],[21.185,64.3],[21.188,64.318],[21.182,64.327],[21.17,64.339],[21.149,64.359],[21.065,64.335],[21.057,64.348],[21.02,64.36],[21.004,64.382],[20.991,64.394],[20.916,64.43],[20.882,64.44],[20.854,64.439],[20.825,64.424],[20.794,64.429],[20.789,64.416],[20.776,64.415],[20.75,64.419],[20.748,64.392],[20.712,64.39],[20.679,64.361],[20.704,64.348],[20.675,64.34],[20.667,64.345],[20.655,64.341],[20.621,64.332],[20.61,64.335],[20.606,64.333],[20.615,64.33],[20.57,64.318],[20.6,64.301],[20.593,64.299],[20.574,64.312],[20.535,64.316],[20.537,64.318],[20.49,64.322],[20.489,64.319],[20.529,64.299],[20.517,64.301],[20.514,64.305],[20.502,64.31],[20.492,64.312],[20.488,64.319],[20.467,64.312],[20.438,64.314],[20.432,64.321],[20.357,64.326],[20.308,64.328],[20.309,64.318],[20.313,64.314],[20.305,64.313],[20.332,64.271],[20.338,64.257],[20.357,64.258],[20.427,64.175],[20.456,64.14],[20.52,64.113],[20.522,64.098],[20.548,64.07],[20.56,64.071],[20.552,64.08],[20.565,64.082],[20.615,64.035],[20.646,64.006],[20.666,63.986],[20.688,63.973],[20.661,63.921],[20.646,63.897],[20.635,63.879],[20.677,63.885],[20.73,63.875],[20.723,63.868],[20.726,63.863],[20.734,63.861],[20.742,63.861],[20.75,63.858],[20.788,63.851],[20.812,63.846],[20.848,63.852],[20.944,63.868],[21.041,63.884],[21.416,63.927],[21.397,63.957],[21.502,64.042],[21.653,64.11]]]}},{"type":"Feature","properties":{"id":935682,"maakond_id":413,"name":"Torsby kommun","bbox":[12.224,60.034,13.622,61.056]},"geometry":{"type":"Polygon","coordinates":[[[12.501,60.099],[12.516,60.128],[12.543,60.135],[12.557,60.137],[12.568,60.128],[12.566,60.121],[12.585,60.078],[12.595,60.084],[12.611,60.082],[12.638,60.095],[12.683,60.097],[12.686,60.096],[12.697,60.098],[12.702,60.096],[12.712,60.098],[12.718,60.104],[12.726,60.099],[12.732,60.101],[12.739,60.101],[12.75,60.104],[12.753,60.102],[12.758,60.096],[12.809,60.109],[12.82,60.099],[12.832,60.095],[12.833,60.091],[12.841,60.087],[12.854,60.084],[12.857,60.082],[12.86,60.078],[12.867,60.074],[12.868,60.071],[12.876,60.062],[12.882,60.058],[12.892,60.052],[12.896,60.048],[12.906,60.045],[12.909,60.041],[12.919,60.042],[12.93,60.037],[12.934,60.034],[12.94,60.034],[12.939,60.039],[12.945,60.041],[12.983,60.05],[13.01,60.059],[13.03,60.067],[13.044,60.075],[13.051,60.082],[13.061,60.074],[13.067,60.068],[13.08,60.056],[13.088,60.052],[13.098,60.055],[13.101,60.059],[13.12,60.065],[13.135,60.074],[13.148,60.086],[13.183,60.107],[13.199,60.108],[13.214,60.116],[13.223,60.116],[13.257,60.123],[13.215,60.147],[13.202,60.157],[13.193,60.162],[13.19,60.161],[13.177,60.169],[13.171,60.192],[13.164,60.229],[13.167,60.23],[13.165,60.237],[13.172,60.241],[13.186,60.241],[13.197,60.244],[13.206,60.24],[13.216,60.237],[13.223,60.231],[13.24,60.225],[13.25,60.214],[13.257,60.212],[13.262,60.22],[13.328,60.244],[13.373,60.251],[13.376,60.251],[13.407,60.277],[13.409,60.28],[13.421,60.279],[13.431,60.283],[13.433,60.286],[13.427,60.289],[13.42,60.289],[13.416,60.291],[13.426,60.296],[13.478,60.325],[13.487,60.335],[13.529,60.382],[13.622,60.414],[13.542,60.422],[13.468,60.459],[13.441,60.5],[13.429,60.516],[13.349,60.585],[13.331,60.6],[13.324,60.608],[13.276,60.644],[13.249,60.686],[13.194,60.685],[13.201,60.689],[13.199,60.696],[13.166,60.745],[13.159,60.756],[13.082,60.806],[13,60.844],[12.961,60.863],[12.865,60.912],[12.836,60.927],[12.699,60.998],[12.67,61.056],[12.658,61.053],[12.652,61.052],[12.61,61.047],[12.541,61.049],[12.488,61.052],[12.448,61.051],[12.379,61.04],[12.295,61.027],[12.242,61.02],[12.224,61.013],[12.285,60.944],[12.333,60.89],[12.334,60.852],[12.349,60.818],[12.365,60.791],[12.395,60.734],[12.461,60.685],[12.511,60.642],[12.516,60.6],[12.549,60.575],[12.582,60.551],[12.607,60.513],[12.606,60.477],[12.606,60.406],[12.57,60.371],[12.545,60.347],[12.499,60.324],[12.504,60.281],[12.525,60.224],[12.542,60.193],[12.517,60.136],[12.501,60.099]]]}},{"type":"Feature","properties":{"id":935683,"maakond_id":403,"name":"Flens kommun","bbox":[16.418,58.873,17.041,59.239]},"geometry":{"type":"Polygon","coordinates":[[[16.458,59.197],[16.464,59.188],[16.463,59.172],[16.461,59.169],[16.464,59.153],[16.462,59.137],[16.458,59.131],[16.459,59.122],[16.461,59.113],[16.464,59.106],[16.463,59.101],[16.473,59.099],[16.473,59.094],[16.481,59.09],[16.491,59.09],[16.51,59.084],[16.524,59.08],[16.52,59.07],[16.514,59.065],[16.511,59.061],[16.513,59.056],[16.519,59.055],[16.512,59.05],[16.516,59.048],[16.532,59.048],[16.537,59.044],[16.53,59.043],[16.528,59.037],[16.537,59.035],[16.541,59.031],[16.567,59.029],[16.562,59.025],[16.553,59.023],[16.55,59.019],[16.558,59.019],[16.558,59.016],[16.555,59.011],[16.57,59.004],[16.568,59.001],[16.561,58.999],[16.551,58.998],[16.544,58.995],[16.526,59.003],[16.519,59.005],[16.504,58.998],[16.515,58.989],[16.527,58.985],[16.531,58.982],[16.521,58.981],[16.522,58.977],[16.515,58.976],[16.512,58.977],[16.502,58.977],[16.499,58.97],[16.491,58.963],[16.493,58.961],[16.503,58.955],[16.528,58.947],[16.53,58.94],[16.522,58.936],[16.519,58.932],[16.506,58.935],[16.496,58.929],[16.496,58.924],[16.492,58.92],[16.484,58.918],[16.472,58.919],[16.47,58.92],[16.463,58.92],[16.459,58.922],[16.454,58.921],[16.438,58.927],[16.429,58.923],[16.418,58.918],[16.426,58.915],[16.432,58.911],[16.442,58.909],[16.463,58.9],[16.471,58.896],[16.491,58.898],[16.514,58.89],[16.527,58.885],[16.54,58.875],[16.555,58.873],[16.568,58.881],[16.571,58.885],[16.586,58.893],[16.596,58.89],[16.611,58.888],[16.619,58.883],[16.632,58.879],[16.638,58.882],[16.657,58.885],[16.669,58.889],[16.665,58.892],[16.658,58.901],[16.653,58.904],[16.659,58.906],[16.669,58.899],[16.674,58.896],[16.686,58.897],[16.693,58.895],[16.713,58.893],[16.725,58.894],[16.727,58.9],[16.723,58.902],[16.728,58.909],[16.732,58.91],[16.736,58.917],[16.734,58.922],[16.736,58.927],[16.733,58.93],[16.767,58.934],[16.774,58.937],[16.803,58.949],[16.815,58.948],[16.82,58.949],[16.836,58.944],[16.845,58.943],[16.863,58.944],[16.877,58.946],[16.886,58.945],[16.882,58.951],[16.884,58.952],[16.881,58.957],[16.87,58.962],[16.871,58.965],[16.878,58.968],[16.875,58.974],[16.883,58.989],[16.89,58.993],[16.925,59.005],[16.944,59.017],[16.978,59.03],[16.981,59.031],[17.041,59.018],[17.01,59.03],[17.024,59.037],[17.03,59.038],[17.029,59.041],[17.011,59.037],[17.004,59.04],[17.002,59.034],[16.995,59.038],[17.002,59.045],[16.996,59.048],[16.99,59.056],[16.986,59.057],[16.981,59.062],[16.98,59.067],[16.972,59.066],[16.957,59.073],[16.955,59.076],[16.95,59.078],[16.945,59.082],[16.934,59.086],[16.926,59.087],[16.921,59.09],[16.91,59.095],[16.904,59.102],[16.893,59.107],[16.881,59.112],[16.908,59.134],[16.907,59.139],[16.882,59.151],[16.896,59.165],[16.9,59.169],[16.908,59.177],[16.925,59.186],[16.937,59.205],[16.929,59.206],[16.935,59.213],[16.929,59.212],[16.911,59.212],[16.892,59.213],[16.887,59.214],[16.867,59.222],[16.843,59.226],[16.84,59.235],[16.84,59.238],[16.828,59.237],[16.822,59.239],[16.811,59.239],[16.815,59.234],[16.794,59.232],[16.774,59.23],[16.746,59.23],[16.755,59.221],[16.707,59.218],[16.679,59.218],[16.662,59.217],[16.628,59.21],[16.622,59.211],[16.615,59.21],[16.61,59.206],[16.598,59.204],[16.595,59.202],[16.549,59.201],[16.506,59.2],[16.498,59.201],[16.49,59.2],[16.484,59.195],[16.48,59.199],[16.458,59.197]]]}},{"type":"Feature","properties":{"id":935684,"maakond_id":405,"name":"Aneby kommun","bbox":[14.478,57.715,15.13,58.001]},"geometry":{"type":"Polygon","coordinates":[[[15.005,57.933],[14.981,57.928],[14.957,57.928],[14.952,57.933],[14.944,57.937],[14.939,57.944],[14.939,57.948],[14.936,57.95],[14.927,57.95],[14.918,57.948],[14.912,57.949],[14.909,57.945],[14.903,57.946],[14.887,57.945],[14.877,57.948],[14.871,57.949],[14.87,57.952],[14.862,57.953],[14.855,57.952],[14.85,57.943],[14.841,57.942],[14.836,57.946],[14.825,57.948],[14.822,57.946],[14.82,57.942],[14.815,57.939],[14.808,57.938],[14.805,57.945],[14.794,57.944],[14.795,57.938],[14.792,57.931],[14.784,57.93],[14.779,57.932],[14.778,57.936],[14.77,57.937],[14.77,57.94],[14.759,57.948],[14.758,57.953],[14.75,57.954],[14.735,57.951],[14.731,57.956],[14.73,57.959],[14.719,57.958],[14.712,57.953],[14.715,57.941],[14.715,57.939],[14.697,57.944],[14.686,57.942],[14.686,57.948],[14.679,57.949],[14.672,57.952],[14.654,57.952],[14.647,57.953],[14.641,57.958],[14.644,57.964],[14.647,57.965],[14.648,57.976],[14.645,57.978],[14.637,57.976],[14.63,57.977],[14.63,57.984],[14.624,57.986],[14.617,57.986],[14.616,57.992],[14.622,57.992],[14.625,58],[14.623,58.001],[14.613,58.001],[14.599,57.999],[14.587,57.992],[14.577,57.988],[14.58,57.981],[14.577,57.972],[14.582,57.965],[14.577,57.959],[14.579,57.952],[14.582,57.951],[14.585,57.945],[14.579,57.942],[14.571,57.947],[14.555,57.949],[14.549,57.947],[14.545,57.943],[14.535,57.939],[14.527,57.941],[14.522,57.939],[14.513,57.942],[14.511,57.939],[14.504,57.939],[14.496,57.933],[14.496,57.93],[14.485,57.925],[14.485,57.92],[14.481,57.916],[14.482,57.902],[14.483,57.9],[14.482,57.891],[14.478,57.884],[14.481,57.881],[14.478,57.877],[14.48,57.874],[14.489,57.866],[14.496,57.863],[14.495,57.856],[14.506,57.854],[14.513,57.859],[14.519,57.858],[14.524,57.859],[14.527,57.864],[14.534,57.865],[14.538,57.87],[14.544,57.873],[14.568,57.872],[14.574,57.868],[14.591,57.869],[14.586,57.862],[14.591,57.856],[14.599,57.856],[14.604,57.854],[14.603,57.844],[14.599,57.835],[14.604,57.83],[14.619,57.831],[14.614,57.826],[14.614,57.821],[14.616,57.819],[14.616,57.814],[14.621,57.812],[14.621,57.802],[14.631,57.788],[14.629,57.782],[14.637,57.78],[14.64,57.776],[14.637,57.77],[14.636,57.766],[14.651,57.759],[14.656,57.761],[14.657,57.764],[14.674,57.769],[14.683,57.773],[14.691,57.775],[14.703,57.775],[14.707,57.777],[14.702,57.785],[14.711,57.788],[14.722,57.784],[14.729,57.784],[14.737,57.786],[14.74,57.788],[14.741,57.794],[14.738,57.796],[14.757,57.799],[14.755,57.802],[14.77,57.802],[14.791,57.805],[14.795,57.804],[14.813,57.804],[14.816,57.797],[14.836,57.799],[14.839,57.796],[14.855,57.798],[14.86,57.806],[14.871,57.806],[14.873,57.808],[14.885,57.809],[14.893,57.812],[14.922,57.81],[14.931,57.809],[14.931,57.805],[14.943,57.802],[14.951,57.799],[14.952,57.786],[14.953,57.778],[14.955,57.776],[14.952,57.772],[14.956,57.769],[14.963,57.765],[14.967,57.764],[14.969,57.76],[14.966,57.756],[14.969,57.752],[14.976,57.748],[14.982,57.75],[14.991,57.749],[15.004,57.747],[15.01,57.741],[15.013,57.743],[15.022,57.743],[15.032,57.746],[15.057,57.743],[15.065,57.746],[15.07,57.746],[15.074,57.75],[15.082,57.752],[15.087,57.752],[15.094,57.742],[15.09,57.739],[15.111,57.728],[15.108,57.725],[15.113,57.723],[15.114,57.72],[15.119,57.715],[15.125,57.715],[15.128,57.72],[15.13,57.725],[15.125,57.73],[15.12,57.74],[15.12,57.744],[15.112,57.753],[15.104,57.757],[15.099,57.762],[15.089,57.773],[15.088,57.779],[15.086,57.783],[15.082,57.796],[15.074,57.806],[15.071,57.818],[15.068,57.822],[15.071,57.831],[15.078,57.836],[15.078,57.839],[15.071,57.843],[15.07,57.847],[15.064,57.85],[15.055,57.854],[15.047,57.857],[15.045,57.859],[15.038,57.859],[15.04,57.863],[15.035,57.865],[15.028,57.872],[15.031,57.876],[15.021,57.885],[15.023,57.889],[15.019,57.891],[15.011,57.891],[15.009,57.896],[14.997,57.903],[14.994,57.909],[15.001,57.917],[15.012,57.923],[15.01,57.929],[15.005,57.933]]]}},{"type":"Feature","properties":{"id":959462,"maakond_id":401,"name":"Vallentuna kommun","bbox":[17.968,59.486,18.437,59.689]},"geometry":{"type":"Polygon","coordinates":[[[18.147,59.486],[18.142,59.492],[18.149,59.498],[18.167,59.503],[18.172,59.503],[18.197,59.498],[18.202,59.492],[18.215,59.5],[18.22,59.504],[18.232,59.506],[18.245,59.505],[18.258,59.507],[18.258,59.511],[18.264,59.515],[18.26,59.523],[18.263,59.524],[18.288,59.528],[18.299,59.531],[18.309,59.531],[18.318,59.533],[18.32,59.536],[18.328,59.544],[18.338,59.544],[18.352,59.546],[18.366,59.545],[18.367,59.542],[18.378,59.544],[18.381,59.553],[18.374,59.557],[18.403,59.563],[18.417,59.558],[18.421,59.562],[18.437,59.566],[18.427,59.592],[18.414,59.599],[18.408,59.6],[18.401,59.601],[18.387,59.603],[18.391,59.611],[18.393,59.613],[18.392,59.62],[18.38,59.627],[18.375,59.629],[18.377,59.634],[18.384,59.64],[18.389,59.651],[18.38,59.655],[18.37,59.654],[18.365,59.656],[18.353,59.662],[18.335,59.674],[18.332,59.678],[18.321,59.689],[18.316,59.685],[18.305,59.681],[18.299,59.677],[18.293,59.679],[18.291,59.685],[18.286,59.686],[18.275,59.683],[18.252,59.674],[18.245,59.673],[18.238,59.67],[18.225,59.668],[18.213,59.67],[18.208,59.668],[18.196,59.67],[18.181,59.668],[18.172,59.67],[18.159,59.668],[18.153,59.684],[18.128,59.677],[18.127,59.674],[18.13,59.67],[18.118,59.668],[18.107,59.663],[18.092,59.659],[18.089,59.656],[18.094,59.65],[18.092,59.644],[18.096,59.637],[18.092,59.635],[18.082,59.637],[18.066,59.637],[18.049,59.636],[18.03,59.636],[18.015,59.638],[18.02,59.626],[18.013,59.624],[18.015,59.616],[18.013,59.61],[18.016,59.6],[18.014,59.596],[18.017,59.593],[18.011,59.582],[18.014,59.575],[18.018,59.576],[18.029,59.568],[18.021,59.568],[18.013,59.571],[18.007,59.568],[17.996,59.566],[17.994,59.567],[17.985,59.566],[17.979,59.564],[17.976,59.562],[17.977,59.558],[17.973,59.556],[17.971,59.549],[17.968,59.545],[17.979,59.543],[17.981,59.538],[17.985,59.534],[17.991,59.534],[17.998,59.531],[18.001,59.528],[18.001,59.52],[18.015,59.523],[18.013,59.516],[18.009,59.51],[18.009,59.508],[18.016,59.507],[18.02,59.511],[18.028,59.511],[18.052,59.506],[18.066,59.505],[18.076,59.505],[18.101,59.502],[18.11,59.503],[18.114,59.502],[18.116,59.496],[18.124,59.493],[18.132,59.494],[18.139,59.492],[18.139,59.489],[18.147,59.486]]]}},{"type":"Feature","properties":{"id":1076755,"maakond_id":413,"name":"Hammarö kommun","bbox":[13.364,59.059,13.735,59.37]},"geometry":{"type":"Polygon","coordinates":[[[13.589,59.059],[13.735,59.255],[13.704,59.31],[13.696,59.316],[13.607,59.354],[13.601,59.357],[13.596,59.37],[13.548,59.356],[13.522,59.363],[13.515,59.357],[13.512,59.353],[13.496,59.357],[13.49,59.355],[13.483,59.356],[13.476,59.352],[13.467,59.347],[13.459,59.347],[13.449,59.348],[13.443,59.345],[13.431,59.343],[13.392,59.332],[13.412,59.319],[13.412,59.309],[13.364,59.166],[13.589,59.059]]]}},{"type":"Feature","properties":{"id":1120170,"maakond_id":412,"name":"Öckerö kommun","bbox":[11.158,57.647,11.732,57.809]},"geometry":{"type":"Polygon","coordinates":[[[11.232,57.655],[11.5,57.655],[11.616,57.652],[11.625,57.648],[11.631,57.648],[11.644,57.652],[11.664,57.647],[11.696,57.655],[11.704,57.665],[11.698,57.674],[11.696,57.69],[11.691,57.703],[11.694,57.707],[11.699,57.716],[11.698,57.722],[11.707,57.733],[11.72,57.748],[11.732,57.771],[11.682,57.787],[11.648,57.791],[11.614,57.808],[11.584,57.809],[11.56,57.804],[11.515,57.804],[11.158,57.804],[11.203,57.675],[11.232,57.655]]]}},{"type":"Feature","properties":{"id":1120171,"maakond_id":412,"name":"Tjörns kommun","bbox":[10.959,57.863,11.795,58.106]},"geometry":{"type":"Polygon","coordinates":[[[10.959,58.048],[10.974,58.02],[10.979,58.013],[10.997,57.98],[11.055,57.925],[11.119,57.863],[11.459,57.863],[11.487,57.882],[11.535,57.908],[11.534,57.917],[11.639,57.919],[11.678,57.932],[11.694,57.939],[11.681,57.944],[11.669,57.951],[11.71,57.959],[11.722,57.972],[11.737,57.979],[11.752,57.985],[11.776,58.008],[11.789,58.03],[11.795,58.035],[11.786,58.039],[11.787,58.043],[11.792,58.049],[11.79,58.052],[11.78,58.054],[11.78,58.057],[11.784,58.064],[11.778,58.071],[11.768,58.072],[11.758,58.078],[11.76,58.083],[11.758,58.095],[11.754,58.1],[11.754,58.103],[11.748,58.106],[11.742,58.106],[11.733,58.099],[11.728,58.097],[11.724,58.092],[11.723,58.087],[11.715,58.084],[11.711,58.087],[11.701,58.094],[11.694,58.099],[11.688,58.097],[11.682,58.098],[11.674,58.096],[11.671,58.099],[11.665,58.102],[11.658,58.099],[11.651,58.1],[11.647,58.094],[11.632,58.091],[11.624,58.087],[11.622,58.083],[11.598,58.07],[11.586,58.078],[11.559,58.084],[11.556,58.078],[11.551,58.076],[11.556,58.073],[11.548,58.071],[11.546,58.067],[11.529,58.059],[11.521,58.059],[11.511,58.058],[11.505,58.053],[11.461,58.049],[11.4,58.049],[11.321,58.05],[10.959,58.048]]]}},{"type":"Feature","properties":{"id":1125739,"maakond_id":408,"name":"Gotlands kommun","bbox":[17.588,56.701,19.726,58.598]},"geometry":{"type":"Polygon","coordinates":[[[19.669,58.116],[19.655,58.127],[19.639,58.138],[19.622,58.149],[19.613,58.154],[19.593,58.164],[19.583,58.168],[19.562,58.176],[19.533,58.186],[19.545,58.192],[19.564,58.202],[19.582,58.212],[19.599,58.223],[19.618,58.239],[19.634,58.249],[19.655,58.267],[19.667,58.279],[19.678,58.292],[19.686,58.305],[19.696,58.324],[19.701,58.338],[19.703,58.352],[19.705,58.366],[19.704,58.379],[19.701,58.393],[19.697,58.407],[19.69,58.421],[19.682,58.434],[19.678,58.44],[19.667,58.453],[19.655,58.465],[19.648,58.471],[19.633,58.483],[19.617,58.494],[19.599,58.504],[19.58,58.514],[19.566,58.52],[19.538,58.535],[19.517,58.544],[19.495,58.552],[19.473,58.559],[19.461,58.562],[19.437,58.568],[19.405,58.574],[19.383,58.579],[19.358,58.584],[19.332,58.587],[19.306,58.59],[19.281,58.592],[19.256,58.594],[19.23,58.596],[19.191,58.598],[19.164,58.598],[19.138,58.597],[19.111,58.595],[19.094,58.593],[19.069,58.59],[19.043,58.585],[19.019,58.58],[19.006,58.577],[18.983,58.571],[18.972,58.567],[18.95,58.559],[18.929,58.551],[18.909,58.541],[18.89,58.531],[18.882,58.526],[18.865,58.515],[18.858,58.509],[18.844,58.497],[18.831,58.485],[18.826,58.479],[18.816,58.466],[18.808,58.452],[18.802,58.439],[18.797,58.425],[18.794,58.41],[18.794,58.403],[18.794,58.389],[18.796,58.375],[18.8,58.361],[18.805,58.347],[18.813,58.334],[18.822,58.32],[18.838,58.299],[18.848,58.287],[18.855,58.276],[18.864,58.263],[18.869,58.257],[18.881,58.244],[18.894,58.232],[18.909,58.221],[18.925,58.21],[18.943,58.199],[18.952,58.195],[18.972,58.185],[18.989,58.178],[18.851,58.158],[18.622,58.123],[18.588,58.117],[18.564,58.112],[18.53,58.103],[18.507,58.096],[18.489,58.09],[18.468,58.082],[18.448,58.073],[18.426,58.061],[18.406,58.053],[18.385,58.044],[18.365,58.034],[18.337,58.018],[18.326,58.01],[18.294,58.001],[18.258,57.989],[18.237,57.981],[18.217,57.972],[18.198,57.963],[18.176,57.95],[18.16,57.939],[18.142,57.926],[18.121,57.908],[18.11,57.896],[18.098,57.881],[18.083,57.863],[18.075,57.852],[18.061,57.831],[18.057,57.824],[18.046,57.814],[18.034,57.802],[18.025,57.791],[18.015,57.782],[18.007,57.777],[17.984,57.763],[17.966,57.756],[17.946,57.746],[17.931,57.739],[17.916,57.731],[17.898,57.721],[17.873,57.706],[17.848,57.689],[17.836,57.681],[17.822,57.669],[17.811,57.658],[17.794,57.645],[17.781,57.633],[17.77,57.622],[17.76,57.609],[17.751,57.596],[17.744,57.582],[17.741,57.575],[17.737,57.561],[17.73,57.529],[17.724,57.516],[17.718,57.502],[17.715,57.488],[17.713,57.474],[17.713,57.461],[17.715,57.45],[17.712,57.44],[17.689,57.427],[17.666,57.413],[17.651,57.402],[17.637,57.39],[17.625,57.377],[17.615,57.365],[17.606,57.352],[17.599,57.338],[17.593,57.322],[17.59,57.308],[17.588,57.291],[17.588,57.28],[17.589,57.266],[17.59,57.259],[17.595,57.245],[17.597,57.238],[17.608,57.218],[17.617,57.205],[17.628,57.192],[17.64,57.18],[17.646,57.174],[17.662,57.162],[17.677,57.151],[17.695,57.14],[17.713,57.131],[17.723,57.126],[17.743,57.118],[17.764,57.11],[17.784,57.05],[17.76,56.944],[17.759,56.936],[17.757,56.922],[17.758,56.907],[17.761,56.886],[17.764,56.876],[17.77,56.86],[17.773,56.853],[17.78,56.84],[17.79,56.827],[17.795,56.821],[17.807,56.808],[17.82,56.796],[17.834,56.785],[17.842,56.78],[17.859,56.769],[17.868,56.764],[17.886,56.755],[17.903,56.747],[17.924,56.739],[17.945,56.732],[17.956,56.728],[17.979,56.722],[18.003,56.717],[18.027,56.713],[18.051,56.709],[18.076,56.707],[18.102,56.705],[18.122,56.705],[18.154,56.702],[18.179,56.701],[18.192,56.701],[18.217,56.702],[18.243,56.703],[18.268,56.706],[18.292,56.709],[18.316,56.713],[18.328,56.716],[18.351,56.721],[18.373,56.728],[18.403,56.733],[18.427,56.738],[18.438,56.741],[18.461,56.747],[18.483,56.754],[18.51,56.765],[18.53,56.774],[18.552,56.786],[18.617,56.824],[18.637,56.836],[18.685,56.869],[18.698,56.878],[18.787,56.946],[18.876,57.014],[18.993,57.103],[19.077,57.164],[19.164,57.226],[19.281,57.31],[19.292,57.318],[19.306,57.33],[19.312,57.336],[19.323,57.348],[19.333,57.361],[19.342,57.376],[19.346,57.383],[19.352,57.396],[19.357,57.414],[19.36,57.428],[19.361,57.441],[19.361,57.455],[19.358,57.469],[19.355,57.483],[19.349,57.496],[19.341,57.509],[19.332,57.522],[19.321,57.535],[19.314,57.542],[19.301,57.554],[19.284,57.567],[19.381,57.639],[19.391,57.646],[19.404,57.656],[19.523,57.745],[19.655,57.842],[19.664,57.85],[19.678,57.862],[19.69,57.874],[19.695,57.88],[19.705,57.893],[19.713,57.907],[19.719,57.92],[19.723,57.934],[19.725,57.942],[19.726,57.956],[19.726,57.974],[19.723,57.987],[19.72,57.998],[19.721,58.009],[19.721,58.023],[19.719,58.037],[19.717,58.044],[19.712,58.058],[19.706,58.071],[19.702,58.078],[19.692,58.091],[19.687,58.097],[19.675,58.109],[19.669,58.116]]]}}]}