{"type":"FeatureCollection","features":[{"type":"Feature","properties":{"id":801,"name":"województwo dolnośląskie","bbox":[14.817,50.097,17.795,51.805]},"geometry":{"type":"Polygon","coordinates":[[[15.168,51.019],[15.172,51.02],[15.175,51.011],[15.175,50.999],[15.176,50.995],[15.175,50.989],[15.172,50.987],[15.179,50.985],[15.189,50.98],[15.2,50.984],[15.197,50.988],[15.204,50.993],[15.213,50.992],[15.219,50.995],[15.23,50.996],[15.237,50.999],[15.241,50.996],[15.237,50.994],[15.243,50.988],[15.239,50.986],[15.248,50.98],[15.252,50.981],[15.259,50.981],[15.268,50.979],[15.274,50.98],[15.277,50.972],[15.274,50.963],[15.278,50.961],[15.285,50.96],[15.288,50.958],[15.292,50.954],[15.29,50.947],[15.278,50.941],[15.277,50.939],[15.27,50.936],[15.268,50.932],[15.27,50.926],[15.268,50.923],[15.268,50.918],[15.271,50.916],[15.27,50.911],[15.273,50.908],[15.277,50.899],[15.277,50.894],[15.277,50.891],[15.29,50.882],[15.292,50.876],[15.31,50.861],[15.315,50.86],[15.319,50.86],[15.331,50.856],[15.339,50.856],[15.346,50.854],[15.348,50.852],[15.353,50.851],[15.359,50.847],[15.36,50.842],[15.368,50.838],[15.368,50.836],[15.375,50.821],[15.372,50.819],[15.37,50.814],[15.373,50.813],[15.372,50.809],[15.366,50.803],[15.372,50.796],[15.372,50.793],[15.374,50.789],[15.373,50.785],[15.37,50.781],[15.374,50.778],[15.379,50.778],[15.384,50.776],[15.392,50.776],[15.402,50.781],[15.409,50.787],[15.415,50.793],[15.419,50.798],[15.421,50.803],[15.425,50.806],[15.439,50.809],[15.45,50.807],[15.451,50.804],[15.455,50.802],[15.464,50.801],[15.475,50.796],[15.481,50.791],[15.488,50.79],[15.494,50.788],[15.511,50.791],[15.512,50.788],[15.524,50.777],[15.539,50.78],[15.546,50.78],[15.554,50.779],[15.558,50.777],[15.564,50.776],[15.578,50.779],[15.585,50.779],[15.591,50.777],[15.602,50.777],[15.616,50.772],[15.62,50.768],[15.622,50.765],[15.627,50.765],[15.642,50.761],[15.649,50.76],[15.659,50.76],[15.668,50.757],[15.68,50.755],[15.684,50.753],[15.689,50.744],[15.689,50.743],[15.695,50.74],[15.706,50.737],[15.715,50.737],[15.723,50.74],[15.729,50.739],[15.734,50.736],[15.74,50.736],[15.743,50.738],[15.759,50.743],[15.767,50.744],[15.773,50.742],[15.779,50.742],[15.789,50.747],[15.791,50.753],[15.799,50.752],[15.81,50.755],[15.816,50.755],[15.82,50.75],[15.823,50.747],[15.832,50.743],[15.83,50.737],[15.832,50.73],[15.83,50.724],[15.839,50.718],[15.84,50.715],[15.846,50.71],[15.85,50.709],[15.853,50.701],[15.858,50.696],[15.86,50.687],[15.863,50.68],[15.861,50.674],[15.868,50.674],[15.875,50.672],[15.885,50.671],[15.885,50.675],[15.892,50.676],[15.907,50.68],[15.92,50.685],[15.926,50.681],[15.929,50.682],[15.932,50.686],[15.943,50.687],[15.95,50.69],[15.955,50.691],[15.967,50.692],[15.989,50.685],[15.991,50.683],[15.99,50.679],[15.994,50.673],[15.998,50.673],[15.998,50.668],[16,50.663],[16.004,50.658],[16.004,50.651],[16.005,50.649],[16.001,50.645],[16.005,50.642],[16.009,50.634],[16.016,50.633],[16.022,50.63],[16.015,50.629],[16.008,50.625],[15.998,50.623],[15.986,50.615],[15.992,50.61],[16.006,50.606],[16.016,50.606],[16.017,50.602],[16.02,50.6],[16.025,50.599],[16.029,50.604],[16.043,50.614],[16.052,50.612],[16.056,50.61],[16.058,50.613],[16.057,50.617],[16.059,50.621],[16.06,50.625],[16.062,50.632],[16.067,50.637],[16.068,50.64],[16.077,50.643],[16.086,50.648],[16.088,50.652],[16.095,50.653],[16.1,50.659],[16.101,50.662],[16.107,50.662],[16.113,50.66],[16.116,50.66],[16.126,50.661],[16.128,50.658],[16.134,50.656],[16.139,50.651],[16.148,50.653],[16.165,50.646],[16.169,50.646],[16.177,50.64],[16.177,50.636],[16.18,50.634],[16.179,50.629],[16.188,50.627],[16.194,50.63],[16.201,50.632],[16.214,50.632],[16.221,50.636],[16.221,50.652],[16.225,50.656],[16.227,50.662],[16.231,50.668],[16.235,50.672],[16.242,50.67],[16.246,50.67],[16.258,50.667],[16.265,50.668],[16.269,50.667],[16.279,50.668],[16.282,50.661],[16.294,50.66],[16.3,50.661],[16.305,50.659],[16.313,50.662],[16.314,50.664],[16.322,50.667],[16.334,50.663],[16.343,50.662],[16.344,50.657],[16.349,50.652],[16.351,50.648],[16.356,50.647],[16.362,50.648],[16.365,50.645],[16.374,50.637],[16.378,50.637],[16.379,50.632],[16.386,50.625],[16.394,50.619],[16.406,50.617],[16.413,50.61],[16.422,50.607],[16.428,50.601],[16.432,50.599],[16.435,50.595],[16.443,50.587],[16.445,50.58],[16.435,50.575],[16.426,50.571],[16.419,50.569],[16.405,50.569],[16.404,50.565],[16.408,50.561],[16.411,50.556],[16.411,50.548],[16.402,50.547],[16.397,50.544],[16.387,50.542],[16.398,50.535],[16.397,50.533],[16.402,50.53],[16.4,50.527],[16.395,50.526],[16.387,50.52],[16.374,50.516],[16.365,50.505],[16.36,50.501],[16.357,50.501],[16.348,50.497],[16.344,50.496],[16.332,50.504],[16.326,50.505],[16.319,50.508],[16.311,50.506],[16.309,50.499],[16.312,50.497],[16.312,50.494],[16.302,50.49],[16.3,50.485],[16.295,50.48],[16.269,50.483],[16.27,50.48],[16.259,50.48],[16.255,50.477],[16.249,50.474],[16.249,50.472],[16.256,50.468],[16.246,50.465],[16.243,50.463],[16.238,50.466],[16.234,50.467],[16.235,50.46],[16.224,50.461],[16.22,50.458],[16.23,50.454],[16.231,50.451],[16.234,50.449],[16.234,50.446],[16.23,50.443],[16.225,50.442],[16.221,50.446],[16.222,50.449],[16.22,50.452],[16.213,50.452],[16.21,50.449],[16.205,50.449],[16.204,50.446],[16.199,50.442],[16.199,50.435],[16.196,50.432],[16.198,50.429],[16.204,50.43],[16.21,50.427],[16.214,50.415],[16.21,50.411],[16.221,50.407],[16.23,50.412],[16.238,50.414],[16.242,50.41],[16.253,50.406],[16.252,50.4],[16.247,50.398],[16.251,50.393],[16.26,50.394],[16.263,50.394],[16.267,50.387],[16.266,50.383],[16.268,50.379],[16.277,50.376],[16.279,50.367],[16.286,50.367],[16.292,50.37],[16.293,50.374],[16.302,50.382],[16.309,50.383],[16.317,50.38],[16.323,50.382],[16.337,50.378],[16.342,50.378],[16.349,50.381],[16.353,50.379],[16.361,50.379],[16.365,50.374],[16.364,50.371],[16.368,50.367],[16.366,50.363],[16.366,50.357],[16.361,50.354],[16.365,50.347],[16.375,50.342],[16.383,50.329],[16.391,50.323],[16.397,50.321],[16.399,50.319],[16.405,50.32],[16.41,50.324],[16.416,50.324],[16.426,50.325],[16.43,50.325],[16.437,50.321],[16.437,50.317],[16.446,50.31],[16.448,50.305],[16.455,50.302],[16.457,50.3],[16.465,50.296],[16.468,50.29],[16.466,50.288],[16.473,50.284],[16.481,50.276],[16.481,50.272],[16.487,50.271],[16.489,50.269],[16.49,50.264],[16.493,50.264],[16.498,50.26],[16.504,50.261],[16.507,50.26],[16.507,50.256],[16.508,50.253],[16.514,50.252],[16.513,50.247],[16.517,50.243],[16.529,50.238],[16.538,50.239],[16.541,50.234],[16.548,50.23],[16.551,50.223],[16.557,50.22],[16.557,50.217],[16.558,50.21],[16.562,50.208],[16.561,50.205],[16.556,50.203],[16.557,50.199],[16.555,50.197],[16.558,50.192],[16.559,50.187],[16.564,50.18],[16.561,50.176],[16.558,50.174],[16.558,50.171],[16.561,50.165],[16.569,50.16],[16.576,50.158],[16.578,50.156],[16.584,50.153],[16.581,50.148],[16.585,50.146],[16.58,50.144],[16.59,50.14],[16.595,50.14],[16.599,50.139],[16.605,50.134],[16.613,50.132],[16.614,50.125],[16.62,50.122],[16.626,50.121],[16.628,50.117],[16.632,50.115],[16.633,50.111],[16.641,50.112],[16.661,50.108],[16.665,50.106],[16.678,50.104],[16.682,50.101],[16.689,50.098],[16.706,50.097],[16.711,50.1],[16.72,50.103],[16.724,50.105],[16.724,50.107],[16.727,50.11],[16.729,50.117],[16.734,50.12],[16.737,50.126],[16.741,50.128],[16.745,50.135],[16.751,50.135],[16.755,50.134],[16.761,50.136],[16.768,50.14],[16.783,50.146],[16.782,50.151],[16.786,50.153],[16.79,50.157],[16.797,50.166],[16.799,50.171],[16.799,50.175],[16.801,50.18],[16.805,50.183],[16.81,50.189],[16.816,50.192],[16.823,50.189],[16.826,50.195],[16.834,50.197],[16.836,50.199],[16.835,50.202],[16.847,50.207],[16.851,50.205],[16.862,50.201],[16.862,50.199],[16.872,50.197],[16.883,50.2],[16.885,50.204],[16.884,50.208],[16.885,50.213],[16.889,50.216],[16.897,50.218],[16.898,50.222],[16.905,50.223],[16.917,50.226],[16.923,50.225],[16.927,50.223],[16.935,50.224],[16.939,50.222],[16.945,50.223],[16.95,50.221],[16.956,50.223],[16.958,50.226],[16.966,50.23],[16.961,50.235],[16.963,50.239],[16.968,50.242],[16.978,50.244],[16.98,50.242],[16.981,50.236],[16.983,50.233],[16.986,50.232],[16.992,50.227],[16.997,50.217],[16.999,50.216],[17.015,50.22],[17.021,50.226],[17.028,50.23],[17.015,50.24],[17.011,50.243],[17.011,50.249],[17.003,50.253],[17.002,50.256],[17.01,50.26],[17.017,50.267],[17.018,50.274],[17.02,50.279],[17.018,50.28],[17.015,50.288],[17.008,50.296],[17.004,50.299],[17.001,50.303],[16.993,50.302],[16.983,50.306],[16.973,50.308],[16.968,50.316],[16.962,50.314],[16.961,50.313],[16.956,50.312],[16.946,50.315],[16.946,50.318],[16.941,50.32],[16.934,50.331],[16.938,50.333],[16.936,50.343],[16.93,50.346],[16.922,50.355],[16.919,50.36],[16.916,50.363],[16.919,50.369],[16.917,50.377],[16.914,50.38],[16.915,50.382],[16.91,50.385],[16.911,50.389],[16.908,50.391],[16.899,50.39],[16.895,50.391],[16.893,50.395],[16.889,50.397],[16.882,50.399],[16.872,50.403],[16.867,50.407],[16.86,50.408],[16.861,50.411],[16.868,50.416],[16.869,50.423],[16.876,50.428],[16.876,50.433],[16.881,50.436],[16.881,50.442],[16.887,50.444],[16.893,50.443],[16.897,50.447],[16.908,50.449],[16.914,50.45],[16.919,50.453],[16.932,50.458],[16.94,50.461],[16.945,50.468],[16.942,50.468],[16.945,50.477],[16.948,50.481],[16.957,50.487],[16.965,50.488],[16.975,50.489],[16.975,50.486],[16.98,50.482],[16.976,50.476],[16.981,50.474],[16.986,50.477],[16.993,50.475],[16.996,50.478],[17.004,50.474],[17.007,50.475],[17.007,50.479],[17.013,50.479],[17.02,50.48],[17.017,50.474],[17.025,50.471],[17.017,50.469],[17.018,50.466],[17.026,50.466],[17.031,50.465],[17.042,50.463],[17.049,50.464],[17.052,50.466],[17.055,50.476],[17.062,50.476],[17.063,50.48],[17.062,50.483],[17.064,50.489],[17.059,50.492],[17.063,50.497],[17.058,50.5],[17.057,50.505],[17.067,50.513],[17.075,50.517],[17.074,50.522],[17.067,50.526],[17.062,50.531],[17.061,50.537],[17.065,50.543],[17.069,50.544],[17.076,50.556],[17.083,50.559],[17.094,50.564],[17.1,50.573],[17.099,50.576],[17.105,50.581],[17.115,50.587],[17.116,50.595],[17.118,50.599],[17.121,50.602],[17.122,50.608],[17.124,50.608],[17.134,50.609],[17.139,50.61],[17.152,50.611],[17.155,50.612],[17.165,50.613],[17.175,50.614],[17.186,50.616],[17.211,50.616],[17.221,50.616],[17.223,50.615],[17.232,50.614],[17.236,50.613],[17.241,50.616],[17.245,50.62],[17.242,50.624],[17.243,50.628],[17.234,50.632],[17.232,50.635],[17.23,50.641],[17.235,50.645],[17.235,50.65],[17.239,50.651],[17.236,50.654],[17.239,50.661],[17.238,50.667],[17.239,50.673],[17.235,50.681],[17.247,50.682],[17.252,50.686],[17.256,50.687],[17.259,50.69],[17.256,50.692],[17.22,50.701],[17.222,50.707],[17.221,50.714],[17.226,50.716],[17.232,50.716],[17.239,50.715],[17.24,50.718],[17.248,50.719],[17.252,50.718],[17.257,50.724],[17.259,50.725],[17.264,50.734],[17.263,50.739],[17.27,50.74],[17.276,50.745],[17.286,50.743],[17.294,50.738],[17.301,50.743],[17.291,50.746],[17.298,50.753],[17.294,50.754],[17.288,50.757],[17.28,50.761],[17.277,50.763],[17.268,50.768],[17.27,50.771],[17.262,50.772],[17.254,50.772],[17.256,50.775],[17.264,50.777],[17.271,50.781],[17.271,50.785],[17.273,50.788],[17.277,50.788],[17.285,50.792],[17.291,50.793],[17.306,50.788],[17.325,50.786],[17.333,50.787],[17.343,50.785],[17.346,50.788],[17.349,50.788],[17.355,50.794],[17.35,50.8],[17.349,50.805],[17.35,50.808],[17.344,50.807],[17.339,50.808],[17.332,50.815],[17.324,50.82],[17.318,50.821],[17.334,50.825],[17.343,50.828],[17.343,50.832],[17.339,50.837],[17.331,50.843],[17.328,50.851],[17.334,50.852],[17.345,50.852],[17.354,50.855],[17.358,50.858],[17.367,50.86],[17.376,50.86],[17.384,50.862],[17.385,50.876],[17.395,50.876],[17.396,50.88],[17.394,50.884],[17.394,50.888],[17.398,50.889],[17.368,50.898],[17.352,50.901],[17.36,50.906],[17.358,50.907],[17.367,50.914],[17.37,50.918],[17.369,50.921],[17.369,50.926],[17.382,50.925],[17.39,50.922],[17.399,50.921],[17.403,50.919],[17.403,50.915],[17.407,50.911],[17.421,50.913],[17.427,50.911],[17.429,50.915],[17.432,50.916],[17.43,50.926],[17.435,50.928],[17.438,50.936],[17.44,50.937],[17.435,50.943],[17.431,50.946],[17.434,50.954],[17.431,50.967],[17.45,50.972],[17.464,50.978],[17.469,50.972],[17.481,50.974],[17.502,50.976],[17.505,50.973],[17.505,50.97],[17.509,50.969],[17.513,50.972],[17.515,50.98],[17.505,50.985],[17.495,50.985],[17.491,50.988],[17.499,50.993],[17.504,50.989],[17.518,50.987],[17.535,50.99],[17.538,50.989],[17.541,50.992],[17.544,51],[17.541,51.003],[17.529,51.002],[17.521,51.006],[17.522,51.009],[17.514,51.012],[17.519,51.017],[17.519,51.025],[17.527,51.031],[17.534,51.043],[17.526,51.049],[17.521,51.048],[17.518,51.052],[17.524,51.053],[17.524,51.059],[17.519,51.059],[17.524,51.065],[17.534,51.069],[17.552,51.067],[17.558,51.068],[17.564,51.073],[17.582,51.082],[17.577,51.086],[17.568,51.089],[17.562,51.093],[17.568,51.099],[17.572,51.106],[17.578,51.111],[17.571,51.118],[17.576,51.124],[17.576,51.129],[17.566,51.133],[17.568,51.138],[17.557,51.141],[17.546,51.144],[17.545,51.154],[17.554,51.157],[17.559,51.157],[17.562,51.16],[17.566,51.162],[17.568,51.166],[17.578,51.162],[17.587,51.169],[17.589,51.171],[17.595,51.169],[17.603,51.176],[17.597,51.179],[17.607,51.189],[17.612,51.191],[17.613,51.187],[17.619,51.184],[17.619,51.181],[17.621,51.175],[17.633,51.175],[17.64,51.173],[17.639,51.168],[17.651,51.168],[17.656,51.167],[17.659,51.163],[17.669,51.161],[17.674,51.164],[17.683,51.166],[17.699,51.165],[17.698,51.171],[17.704,51.174],[17.706,51.173],[17.716,51.175],[17.725,51.174],[17.729,51.175],[17.738,51.174],[17.75,51.18],[17.754,51.187],[17.771,51.185],[17.78,51.183],[17.783,51.188],[17.789,51.188],[17.795,51.19],[17.795,51.194],[17.778,51.198],[17.767,51.204],[17.763,51.21],[17.757,51.216],[17.755,51.221],[17.758,51.227],[17.755,51.23],[17.754,51.235],[17.745,51.242],[17.744,51.247],[17.746,51.25],[17.743,51.255],[17.743,51.257],[17.746,51.264],[17.749,51.267],[17.749,51.27],[17.738,51.276],[17.74,51.277],[17.752,51.281],[17.752,51.284],[17.747,51.286],[17.75,51.291],[17.757,51.294],[17.766,51.301],[17.76,51.302],[17.764,51.306],[17.76,51.31],[17.756,51.311],[17.761,51.315],[17.765,51.316],[17.763,51.32],[17.758,51.323],[17.752,51.324],[17.744,51.329],[17.744,51.336],[17.741,51.339],[17.744,51.347],[17.737,51.348],[17.729,51.352],[17.729,51.354],[17.723,51.359],[17.711,51.359],[17.71,51.364],[17.706,51.364],[17.704,51.367],[17.706,51.372],[17.715,51.371],[17.72,51.386],[17.73,51.386],[17.732,51.391],[17.729,51.396],[17.738,51.395],[17.737,51.4],[17.747,51.398],[17.752,51.398],[17.755,51.403],[17.755,51.407],[17.75,51.411],[17.748,51.415],[17.738,51.416],[17.738,51.419],[17.731,51.421],[17.726,51.421],[17.723,51.423],[17.714,51.419],[17.716,51.414],[17.715,51.412],[17.719,51.408],[17.72,51.405],[17.716,51.402],[17.703,51.399],[17.7,51.402],[17.687,51.405],[17.688,51.408],[17.682,51.409],[17.682,51.411],[17.674,51.415],[17.669,51.416],[17.662,51.412],[17.661,51.41],[17.653,51.413],[17.649,51.418],[17.644,51.419],[17.64,51.421],[17.64,51.424],[17.631,51.423],[17.631,51.422],[17.625,51.419],[17.613,51.423],[17.612,51.42],[17.604,51.409],[17.585,51.41],[17.571,51.405],[17.563,51.406],[17.554,51.411],[17.554,51.413],[17.549,51.417],[17.549,51.419],[17.541,51.421],[17.545,51.428],[17.552,51.435],[17.548,51.443],[17.537,51.45],[17.532,51.452],[17.527,51.457],[17.521,51.462],[17.529,51.47],[17.522,51.473],[17.52,51.476],[17.523,51.485],[17.518,51.486],[17.516,51.488],[17.52,51.492],[17.524,51.494],[17.526,51.5],[17.514,51.502],[17.512,51.506],[17.515,51.511],[17.52,51.511],[17.522,51.515],[17.529,51.513],[17.535,51.514],[17.535,51.516],[17.545,51.516],[17.551,51.518],[17.554,51.517],[17.562,51.522],[17.564,51.524],[17.573,51.53],[17.573,51.537],[17.576,51.54],[17.575,51.549],[17.572,51.555],[17.572,51.567],[17.56,51.57],[17.56,51.575],[17.557,51.576],[17.555,51.579],[17.556,51.584],[17.545,51.586],[17.536,51.589],[17.522,51.59],[17.521,51.596],[17.519,51.602],[17.521,51.606],[17.51,51.609],[17.504,51.609],[17.499,51.616],[17.488,51.616],[17.484,51.618],[17.47,51.626],[17.46,51.626],[17.46,51.628],[17.438,51.633],[17.423,51.632],[17.419,51.631],[17.412,51.631],[17.404,51.633],[17.399,51.634],[17.389,51.636],[17.386,51.635],[17.38,51.636],[17.371,51.639],[17.365,51.64],[17.359,51.643],[17.346,51.645],[17.34,51.645],[17.33,51.648],[17.324,51.648],[17.317,51.646],[17.306,51.646],[17.291,51.644],[17.278,51.644],[17.272,51.643],[17.257,51.643],[17.256,51.64],[17.249,51.64],[17.242,51.637],[17.241,51.634],[17.229,51.634],[17.218,51.631],[17.215,51.63],[17.212,51.62],[17.212,51.615],[17.208,51.611],[17.21,51.603],[17.215,51.599],[17.215,51.594],[17.211,51.59],[17.214,51.586],[17.214,51.581],[17.215,51.574],[17.207,51.567],[17.203,51.568],[17.199,51.575],[17.188,51.576],[17.179,51.574],[17.171,51.57],[17.149,51.567],[17.125,51.565],[17.109,51.576],[17.092,51.572],[17.084,51.569],[17.081,51.571],[17.065,51.566],[17.07,51.555],[17.069,51.552],[17.059,51.552],[17.06,51.546],[17.054,51.545],[17.046,51.556],[17.02,51.553],[17.02,51.555],[17.012,51.554],[17.011,51.55],[17.007,51.549],[16.991,51.55],[16.982,51.551],[16.979,51.545],[16.975,51.548],[16.972,51.544],[16.962,51.545],[16.965,51.549],[16.958,51.553],[16.949,51.553],[16.943,51.552],[16.928,51.552],[16.925,51.555],[16.917,51.558],[16.911,51.563],[16.907,51.569],[16.902,51.574],[16.896,51.578],[16.887,51.581],[16.868,51.579],[16.859,51.58],[16.851,51.58],[16.844,51.577],[16.832,51.576],[16.828,51.572],[16.82,51.577],[16.815,51.584],[16.811,51.587],[16.804,51.586],[16.793,51.591],[16.795,51.592],[16.795,51.6],[16.803,51.601],[16.8,51.604],[16.784,51.611],[16.772,51.614],[16.766,51.628],[16.769,51.629],[16.776,51.631],[16.78,51.635],[16.782,51.641],[16.769,51.645],[16.743,51.645],[16.734,51.642],[16.728,51.643],[16.728,51.647],[16.714,51.649],[16.709,51.647],[16.695,51.648],[16.681,51.647],[16.685,51.656],[16.677,51.658],[16.672,51.657],[16.664,51.656],[16.653,51.658],[16.65,51.658],[16.643,51.661],[16.639,51.666],[16.64,51.672],[16.639,51.678],[16.643,51.682],[16.642,51.683],[16.664,51.689],[16.658,51.689],[16.662,51.694],[16.659,51.697],[16.666,51.697],[16.673,51.693],[16.677,51.699],[16.68,51.699],[16.682,51.705],[16.682,51.708],[16.675,51.71],[16.667,51.711],[16.66,51.713],[16.65,51.72],[16.645,51.722],[16.644,51.725],[16.646,51.729],[16.64,51.732],[16.64,51.735],[16.647,51.741],[16.648,51.744],[16.64,51.747],[16.635,51.749],[16.633,51.748],[16.623,51.747],[16.619,51.745],[16.612,51.745],[16.6,51.746],[16.595,51.751],[16.586,51.751],[16.581,51.752],[16.58,51.766],[16.577,51.769],[16.544,51.766],[16.54,51.767],[16.541,51.771],[16.544,51.774],[16.542,51.776],[16.545,51.78],[16.54,51.781],[16.531,51.781],[16.495,51.781],[16.485,51.782],[16.477,51.786],[16.47,51.786],[16.464,51.784],[16.449,51.788],[16.438,51.786],[16.43,51.785],[16.425,51.785],[16.416,51.785],[16.417,51.783],[16.409,51.78],[16.411,51.779],[16.407,51.772],[16.398,51.771],[16.395,51.767],[16.383,51.77],[16.38,51.768],[16.376,51.762],[16.376,51.756],[16.378,51.753],[16.373,51.75],[16.371,51.745],[16.363,51.742],[16.362,51.736],[16.364,51.735],[16.369,51.729],[16.359,51.721],[16.356,51.716],[16.348,51.713],[16.348,51.709],[16.34,51.709],[16.338,51.706],[16.327,51.702],[16.317,51.703],[16.304,51.699],[16.302,51.695],[16.298,51.694],[16.3,51.69],[16.289,51.69],[16.276,51.688],[16.269,51.684],[16.268,51.678],[16.276,51.672],[16.271,51.668],[16.27,51.664],[16.268,51.666],[16.266,51.671],[16.263,51.675],[16.255,51.679],[16.252,51.686],[16.239,51.688],[16.232,51.691],[16.224,51.697],[16.228,51.699],[16.221,51.707],[16.218,51.715],[16.202,51.714],[16.199,51.718],[16.189,51.715],[16.186,51.716],[16.181,51.711],[16.173,51.712],[16.172,51.709],[16.167,51.71],[16.16,51.712],[16.161,51.716],[16.159,51.718],[16.162,51.72],[16.178,51.764],[16.173,51.764],[16.165,51.76],[16.158,51.759],[16.152,51.76],[16.133,51.759],[16.134,51.765],[16.118,51.766],[16.116,51.764],[16.101,51.767],[16.1,51.766],[16.091,51.768],[16.092,51.77],[16.08,51.773],[16.078,51.777],[16.073,51.778],[16.07,51.783],[16.058,51.782],[16.043,51.784],[16.04,51.781],[16.035,51.782],[16.034,51.785],[16.035,51.795],[16.029,51.802],[16.022,51.803],[16.018,51.801],[16.01,51.801],[16.004,51.801],[16.001,51.804],[15.996,51.801],[15.995,51.805],[15.979,51.802],[15.982,51.801],[15.977,51.796],[15.969,51.795],[15.966,51.791],[15.968,51.788],[15.972,51.783],[15.977,51.782],[15.982,51.779],[15.995,51.778],[15.998,51.777],[16.003,51.778],[16.009,51.776],[16.006,51.773],[15.989,51.769],[15.98,51.774],[15.977,51.769],[15.969,51.768],[15.977,51.748],[15.973,51.744],[15.968,51.745],[15.961,51.744],[15.964,51.737],[15.963,51.734],[15.955,51.736],[15.952,51.734],[15.947,51.736],[15.93,51.738],[15.926,51.729],[15.922,51.73],[15.913,51.726],[15.901,51.73],[15.897,51.731],[15.892,51.729],[15.885,51.721],[15.878,51.719],[15.872,51.721],[15.868,51.716],[15.868,51.708],[15.865,51.707],[15.866,51.702],[15.865,51.699],[15.866,51.693],[15.869,51.691],[15.855,51.689],[15.853,51.684],[15.847,51.682],[15.842,51.682],[15.845,51.675],[15.834,51.672],[15.841,51.667],[15.85,51.665],[15.845,51.664],[15.843,51.661],[15.852,51.66],[15.856,51.657],[15.856,51.652],[15.853,51.65],[15.838,51.645],[15.83,51.637],[15.834,51.622],[15.827,51.616],[15.823,51.613],[15.823,51.609],[15.816,51.602],[15.824,51.574],[15.824,51.573],[15.811,51.573],[15.808,51.573],[15.769,51.57],[15.742,51.556],[15.724,51.552],[15.716,51.554],[15.707,51.556],[15.706,51.553],[15.703,51.552],[15.703,51.546],[15.712,51.547],[15.713,51.543],[15.711,51.53],[15.712,51.526],[15.711,51.524],[15.714,51.522],[15.714,51.517],[15.701,51.517],[15.701,51.512],[15.679,51.512],[15.679,51.506],[15.673,51.506],[15.673,51.499],[15.668,51.499],[15.667,51.489],[15.661,51.488],[15.664,51.485],[15.66,51.477],[15.655,51.472],[15.647,51.476],[15.645,51.479],[15.635,51.479],[15.635,51.472],[15.624,51.472],[15.623,51.464],[15.616,51.459],[15.601,51.448],[15.593,51.452],[15.591,51.449],[15.586,51.452],[15.581,51.453],[15.583,51.456],[15.587,51.457],[15.592,51.463],[15.596,51.47],[15.592,51.471],[15.488,51.528],[15.488,51.522],[15.484,51.521],[15.486,51.514],[15.482,51.513],[15.469,51.515],[15.471,51.518],[15.462,51.522],[15.458,51.521],[15.452,51.525],[15.437,51.527],[15.435,51.525],[15.418,51.523],[15.407,51.52],[15.404,51.522],[15.401,51.527],[15.397,51.531],[15.394,51.529],[15.385,51.528],[15.385,51.518],[15.38,51.514],[15.382,51.512],[15.378,51.509],[15.371,51.508],[15.369,51.501],[15.369,51.496],[15.367,51.493],[15.37,51.49],[15.369,51.486],[15.371,51.48],[15.38,51.48],[15.38,51.474],[15.379,51.47],[15.372,51.47],[15.362,51.471],[15.347,51.472],[15.339,51.474],[15.334,51.452],[15.343,51.447],[15.338,51.442],[15.335,51.437],[15.328,51.43],[15.328,51.422],[15.325,51.418],[15.328,51.414],[15.334,51.41],[15.326,51.408],[15.321,51.408],[15.321,51.411],[15.315,51.418],[15.298,51.42],[15.293,51.423],[15.292,51.426],[15.288,51.431],[15.276,51.43],[15.273,51.433],[15.273,51.437],[15.268,51.441],[15.262,51.444],[15.255,51.445],[15.252,51.448],[15.245,51.447],[15.235,51.446],[15.21,51.444],[15.201,51.446],[15.2,51.45],[15.203,51.453],[15.201,51.456],[15.204,51.459],[15.202,51.463],[15.197,51.462],[15.187,51.464],[15.178,51.46],[15.165,51.451],[15.158,51.449],[15.153,51.446],[15.151,51.442],[15.145,51.441],[15.139,51.44],[15.13,51.438],[15.128,51.436],[15.121,51.434],[15.118,51.432],[15.112,51.428],[15.095,51.425],[15.093,51.429],[15.086,51.425],[15.085,51.421],[15.083,51.419],[15.083,51.409],[15.079,51.403],[15.071,51.397],[15.058,51.397],[15.032,51.394],[15.018,51.393],[15.018,51.387],[15.013,51.384],[15.012,51.38],[15.009,51.374],[15.013,51.367],[15.012,51.363],[15.007,51.364],[14.99,51.364],[14.983,51.363],[14.974,51.364],[14.965,51.362],[14.966,51.359],[14.972,51.36],[14.976,51.356],[14.976,51.354],[14.979,51.348],[14.977,51.346],[14.978,51.342],[14.981,51.34],[14.981,51.335],[14.985,51.333],[14.987,51.329],[14.992,51.329],[14.994,51.327],[14.992,51.324],[14.998,51.32],[15.002,51.32],[15.005,51.318],[15.009,51.317],[15.007,51.312],[15.008,51.31],[15.013,51.309],[15.014,51.305],[15.013,51.301],[15.022,51.301],[15.033,51.294],[15.032,51.285],[15.035,51.284],[15.034,51.278],[15.042,51.274],[15.041,51.272],[15.037,51.271],[15.038,51.267],[15.036,51.265],[15.037,51.258],[15.032,51.257],[15.031,51.255],[15.025,51.254],[15.023,51.25],[15.031,51.248],[15.038,51.244],[15.032,51.241],[15.027,51.234],[15.021,51.229],[15.016,51.227],[15.018,51.221],[15.016,51.214],[15.011,51.214],[15.013,51.208],[15.008,51.205],[15.008,51.199],[15.013,51.199],[15.014,51.196],[15.01,51.193],[15.005,51.191],[15.009,51.182],[15.005,51.178],[15.005,51.176],[15.001,51.172],[15.005,51.168],[14.993,51.162],[14.994,51.157],[15,51.152],[15.001,51.149],[14.996,51.144],[14.992,51.144],[14.991,51.141],[14.995,51.138],[14.997,51.132],[14.995,51.124],[14.998,51.123],[14.988,51.116],[14.982,51.117],[14.983,51.113],[14.981,51.109],[14.978,51.107],[14.982,51.105],[14.984,51.101],[14.981,51.095],[14.984,51.092],[14.98,51.09],[14.979,51.087],[14.976,51.084],[14.979,51.077],[14.971,51.072],[14.971,51.066],[14.968,51.064],[14.962,51.056],[14.965,51.05],[14.958,51.047],[14.954,51.047],[14.952,51.042],[14.948,51.039],[14.952,51.038],[14.947,51.032],[14.948,51.028],[14.941,51.025],[14.936,51.018],[14.939,51.017],[14.938,51.011],[14.934,51.008],[14.935,51.006],[14.931,51.002],[14.929,50.998],[14.925,50.997],[14.92,50.998],[14.917,50.994],[14.917,50.99],[14.92,50.988],[14.918,50.983],[14.92,50.976],[14.918,50.974],[14.904,50.972],[14.904,50.967],[14.898,50.959],[14.895,50.953],[14.893,50.95],[14.895,50.947],[14.897,50.941],[14.892,50.936],[14.879,50.933],[14.875,50.931],[14.872,50.926],[14.872,50.923],[14.867,50.917],[14.861,50.915],[14.857,50.912],[14.853,50.911],[14.847,50.905],[14.843,50.901],[14.835,50.895],[14.83,50.893],[14.822,50.888],[14.82,50.885],[14.817,50.88],[14.819,50.875],[14.823,50.871],[14.831,50.873],[14.843,50.869],[14.847,50.87],[14.853,50.869],[14.864,50.871],[14.867,50.877],[14.874,50.877],[14.881,50.875],[14.889,50.871],[14.897,50.867],[14.9,50.876],[14.905,50.876],[14.917,50.873],[14.937,50.869],[14.947,50.865],[14.958,50.862],[14.963,50.862],[14.97,50.864],[14.977,50.867],[14.982,50.868],[14.987,50.869],[14.996,50.87],[15.002,50.869],[15.002,50.875],[15,50.878],[14.998,50.89],[14.994,50.892],[14.997,50.895],[14.996,50.901],[15.007,50.907],[14.998,50.908],[14.999,50.912],[14.992,50.918],[14.989,50.922],[14.996,50.927],[15.002,50.929],[15.01,50.938],[15.014,50.94],[15.013,50.943],[15.015,50.95],[15.011,50.959],[15.011,50.962],[15.017,50.967],[15.022,50.967],[15.015,50.973],[15.01,50.983],[15.006,50.986],[15,50.984],[14.991,50.981],[14.989,50.978],[14.985,50.98],[14.974,50.988],[14.968,50.99],[14.974,50.996],[14.979,51.002],[14.984,51.007],[14.985,51.011],[14.991,51.011],[14.997,51.009],[15.004,51.012],[15.009,51.015],[15.015,51.016],[15.016,51.022],[15.026,51.023],[15.033,51.02],[15.035,51.013],[15.047,51.012],[15.058,51.013],[15.058,51.023],[15.061,51.023],[15.068,51.021],[15.069,51.018],[15.076,51.017],[15.077,51.014],[15.09,51.014],[15.094,51.012],[15.097,51.013],[15.106,51.011],[15.107,51.009],[15.104,51.006],[15.1,51.006],[15.097,51.002],[15.099,50.999],[15.101,50.994],[15.105,50.992],[15.11,50.992],[15.12,50.993],[15.128,50.99],[15.139,50.992],[15.133,50.994],[15.135,50.999],[15.142,51.008],[15.144,51.013],[15.152,51.014],[15.168,51.019]]]}},{"type":"Feature","properties":{"id":802,"name":"województwo kujawsko-pomorskie","bbox":[17.248,52.332,19.762,53.781]},"geometry":{"type":"Polygon","coordinates":[[[18.264,53.701],[18.255,53.71],[18.254,53.711],[18.274,53.717],[18.277,53.721],[18.276,53.723],[18.267,53.725],[18.268,53.728],[18.274,53.732],[18.27,53.735],[18.265,53.741],[18.26,53.743],[18.256,53.746],[18.251,53.743],[18.245,53.744],[18.219,53.74],[18.221,53.752],[18.214,53.751],[18.216,53.748],[18.209,53.744],[18.205,53.74],[18.198,53.738],[18.198,53.741],[18.201,53.746],[18.2,53.752],[18.202,53.756],[18.194,53.756],[18.181,53.753],[18.181,53.747],[18.171,53.745],[18.167,53.747],[18.158,53.752],[18.155,53.753],[18.154,53.761],[18.152,53.766],[18.144,53.768],[18.138,53.768],[18.131,53.769],[18.126,53.764],[18.118,53.763],[18.117,53.759],[18.111,53.758],[18.107,53.761],[18.11,53.764],[18.108,53.77],[18.099,53.767],[18.094,53.775],[18.072,53.781],[18.071,53.775],[18.066,53.768],[18.058,53.761],[18.05,53.741],[18.044,53.741],[18.042,53.737],[18.046,53.736],[18.036,53.727],[18.032,53.725],[18.028,53.729],[18.016,53.725],[18.015,53.724],[18.003,53.724],[17.999,53.726],[17.991,53.725],[17.986,53.729],[17.986,53.731],[17.969,53.738],[17.961,53.739],[17.954,53.738],[17.949,53.747],[17.942,53.747],[17.938,53.744],[17.933,53.745],[17.932,53.749],[17.923,53.75],[17.915,53.748],[17.901,53.748],[17.893,53.752],[17.881,53.756],[17.869,53.76],[17.864,53.758],[17.859,53.754],[17.867,53.746],[17.876,53.746],[17.884,53.735],[17.886,53.735],[17.889,53.728],[17.893,53.727],[17.904,53.722],[17.892,53.717],[17.896,53.712],[17.892,53.708],[17.882,53.706],[17.878,53.707],[17.863,53.696],[17.852,53.688],[17.848,53.69],[17.836,53.691],[17.833,53.693],[17.824,53.692],[17.823,53.689],[17.808,53.679],[17.798,53.679],[17.772,53.7],[17.764,53.695],[17.762,53.691],[17.767,53.689],[17.764,53.684],[17.758,53.682],[17.752,53.679],[17.748,53.681],[17.741,53.678],[17.74,53.674],[17.744,53.672],[17.744,53.668],[17.734,53.663],[17.734,53.662],[17.738,53.656],[17.733,53.655],[17.732,53.648],[17.724,53.643],[17.724,53.64],[17.714,53.638],[17.712,53.636],[17.712,53.63],[17.715,53.625],[17.719,53.624],[17.715,53.621],[17.719,53.617],[17.719,53.614],[17.711,53.611],[17.711,53.609],[17.726,53.61],[17.729,53.614],[17.735,53.614],[17.735,53.603],[17.73,53.597],[17.73,53.593],[17.724,53.594],[17.705,53.595],[17.701,53.592],[17.693,53.595],[17.687,53.593],[17.68,53.595],[17.675,53.6],[17.668,53.601],[17.657,53.594],[17.655,53.589],[17.658,53.586],[17.673,53.585],[17.674,53.584],[17.674,53.578],[17.675,53.572],[17.672,53.57],[17.657,53.571],[17.651,53.582],[17.632,53.586],[17.612,53.594],[17.604,53.597],[17.597,53.592],[17.584,53.584],[17.579,53.578],[17.565,53.578],[17.544,53.58],[17.536,53.588],[17.532,53.591],[17.528,53.595],[17.525,53.604],[17.523,53.606],[17.51,53.613],[17.515,53.616],[17.509,53.617],[17.506,53.614],[17.497,53.607],[17.484,53.604],[17.479,53.602],[17.474,53.603],[17.466,53.602],[17.458,53.6],[17.451,53.602],[17.441,53.599],[17.439,53.595],[17.428,53.589],[17.428,53.587],[17.422,53.584],[17.425,53.579],[17.42,53.574],[17.42,53.571],[17.417,53.568],[17.418,53.563],[17.413,53.561],[17.416,53.558],[17.419,53.557],[17.423,53.55],[17.42,53.542],[17.422,53.539],[17.422,53.536],[17.417,53.533],[17.412,53.534],[17.404,53.525],[17.401,53.517],[17.403,53.513],[17.394,53.508],[17.396,53.497],[17.394,53.493],[17.391,53.491],[17.392,53.489],[17.382,53.469],[17.373,53.467],[17.368,53.462],[17.363,53.459],[17.352,53.453],[17.345,53.453],[17.339,53.449],[17.338,53.446],[17.331,53.436],[17.324,53.433],[17.32,53.433],[17.314,53.431],[17.31,53.427],[17.301,53.423],[17.295,53.422],[17.295,53.419],[17.291,53.418],[17.296,53.406],[17.291,53.401],[17.289,53.397],[17.285,53.394],[17.277,53.393],[17.274,53.39],[17.27,53.389],[17.263,53.386],[17.259,53.381],[17.248,53.38],[17.248,53.376],[17.253,53.369],[17.258,53.366],[17.257,53.363],[17.261,53.364],[17.275,53.36],[17.291,53.354],[17.3,53.352],[17.311,53.352],[17.325,53.347],[17.332,53.349],[17.338,53.348],[17.341,53.345],[17.339,53.342],[17.342,53.337],[17.346,53.336],[17.354,53.334],[17.355,53.329],[17.358,53.327],[17.353,53.324],[17.355,53.321],[17.36,53.318],[17.366,53.318],[17.369,53.314],[17.375,53.313],[17.38,53.31],[17.381,53.306],[17.385,53.307],[17.389,53.297],[17.397,53.293],[17.392,53.291],[17.396,53.288],[17.407,53.282],[17.411,53.287],[17.42,53.283],[17.425,53.278],[17.439,53.268],[17.433,53.263],[17.431,53.26],[17.424,53.255],[17.422,53.252],[17.428,53.246],[17.413,53.241],[17.417,53.231],[17.409,53.227],[17.398,53.227],[17.39,53.228],[17.369,53.227],[17.363,53.223],[17.34,53.22],[17.332,53.218],[17.334,53.215],[17.329,53.214],[17.322,53.216],[17.321,53.212],[17.334,53.209],[17.347,53.2],[17.344,53.198],[17.347,53.196],[17.341,53.188],[17.337,53.184],[17.335,53.179],[17.337,53.171],[17.347,53.164],[17.339,53.155],[17.353,53.155],[17.353,53.151],[17.374,53.149],[17.39,53.144],[17.39,53.138],[17.387,53.138],[17.387,53.134],[17.384,53.133],[17.369,53.132],[17.364,53.133],[17.353,53.131],[17.357,53.124],[17.36,53.124],[17.361,53.117],[17.357,53.087],[17.35,53.085],[17.338,53.079],[17.332,53.077],[17.324,53.078],[17.324,53.075],[17.329,53.061],[17.331,53.051],[17.337,53.043],[17.335,53.026],[17.332,53.019],[17.329,53.018],[17.322,53.018],[17.318,53.021],[17.313,53.017],[17.314,53.013],[17.309,53.006],[17.306,53.004],[17.304,52.997],[17.302,52.995],[17.311,52.993],[17.317,52.99],[17.319,52.987],[17.317,52.974],[17.349,52.973],[17.36,52.975],[17.369,52.973],[17.395,52.982],[17.411,52.971],[17.421,52.969],[17.425,52.968],[17.434,52.962],[17.449,52.957],[17.456,52.952],[17.464,52.949],[17.475,52.948],[17.484,52.95],[17.491,52.946],[17.498,52.933],[17.507,52.93],[17.519,52.928],[17.515,52.922],[17.51,52.918],[17.513,52.909],[17.515,52.902],[17.519,52.897],[17.518,52.888],[17.518,52.886],[17.528,52.885],[17.526,52.878],[17.524,52.876],[17.525,52.871],[17.526,52.869],[17.525,52.864],[17.527,52.858],[17.521,52.855],[17.513,52.855],[17.514,52.845],[17.516,52.839],[17.512,52.832],[17.52,52.827],[17.521,52.822],[17.514,52.818],[17.514,52.812],[17.505,52.804],[17.507,52.801],[17.505,52.799],[17.51,52.796],[17.507,52.794],[17.503,52.787],[17.497,52.785],[17.484,52.786],[17.474,52.788],[17.46,52.787],[17.46,52.79],[17.453,52.797],[17.443,52.788],[17.432,52.784],[17.427,52.786],[17.416,52.784],[17.411,52.785],[17.413,52.778],[17.408,52.771],[17.411,52.769],[17.423,52.767],[17.421,52.765],[17.414,52.767],[17.414,52.762],[17.408,52.762],[17.41,52.757],[17.416,52.755],[17.419,52.751],[17.429,52.752],[17.44,52.75],[17.45,52.744],[17.456,52.742],[17.459,52.739],[17.471,52.737],[17.469,52.734],[17.479,52.732],[17.488,52.73],[17.488,52.722],[17.482,52.72],[17.479,52.715],[17.48,52.711],[17.5,52.711],[17.5,52.709],[17.495,52.704],[17.486,52.705],[17.478,52.707],[17.473,52.703],[17.475,52.696],[17.471,52.692],[17.472,52.686],[17.467,52.68],[17.474,52.681],[17.485,52.682],[17.482,52.688],[17.488,52.688],[17.49,52.684],[17.497,52.684],[17.501,52.685],[17.506,52.673],[17.513,52.673],[17.517,52.674],[17.524,52.673],[17.523,52.678],[17.529,52.682],[17.546,52.691],[17.558,52.689],[17.568,52.693],[17.573,52.692],[17.578,52.695],[17.577,52.698],[17.581,52.705],[17.594,52.705],[17.6,52.705],[17.615,52.703],[17.619,52.706],[17.628,52.708],[17.631,52.704],[17.632,52.702],[17.64,52.692],[17.647,52.689],[17.641,52.683],[17.631,52.679],[17.632,52.672],[17.636,52.671],[17.639,52.664],[17.636,52.661],[17.631,52.654],[17.638,52.649],[17.647,52.645],[17.666,52.647],[17.678,52.649],[17.682,52.647],[17.677,52.644],[17.675,52.64],[17.682,52.627],[17.682,52.624],[17.677,52.618],[17.677,52.615],[17.678,52.602],[17.691,52.603],[17.691,52.606],[17.696,52.609],[17.698,52.612],[17.704,52.604],[17.709,52.612],[17.719,52.617],[17.721,52.62],[17.738,52.627],[17.741,52.63],[17.749,52.633],[17.746,52.635],[17.745,52.642],[17.733,52.636],[17.726,52.636],[17.724,52.633],[17.716,52.64],[17.722,52.643],[17.727,52.644],[17.738,52.651],[17.745,52.65],[17.758,52.654],[17.761,52.657],[17.765,52.656],[17.76,52.649],[17.767,52.639],[17.763,52.64],[17.759,52.638],[17.762,52.635],[17.768,52.636],[17.777,52.636],[17.78,52.649],[17.787,52.652],[17.79,52.649],[17.794,52.65],[17.802,52.647],[17.812,52.645],[17.818,52.641],[17.827,52.643],[17.829,52.636],[17.825,52.635],[17.846,52.628],[17.852,52.629],[17.862,52.63],[17.87,52.631],[17.877,52.634],[17.876,52.629],[17.891,52.62],[17.9,52.614],[17.909,52.608],[17.91,52.604],[17.909,52.595],[17.901,52.586],[17.904,52.583],[17.912,52.583],[17.918,52.581],[17.916,52.576],[17.925,52.574],[17.925,52.572],[17.933,52.571],[17.931,52.576],[17.932,52.579],[17.929,52.58],[17.929,52.584],[17.934,52.588],[17.937,52.587],[17.933,52.583],[17.946,52.578],[17.946,52.569],[17.953,52.568],[17.955,52.57],[17.961,52.571],[17.96,52.575],[17.97,52.576],[17.971,52.57],[17.972,52.567],[17.965,52.567],[17.974,52.563],[17.976,52.568],[17.982,52.567],[17.986,52.568],[17.984,52.573],[17.988,52.576],[17.99,52.571],[17.992,52.564],[17.985,52.555],[17.987,52.553],[17.99,52.55],[17.987,52.543],[17.998,52.542],[17.998,52.55],[18.003,52.555],[18.023,52.555],[18.032,52.552],[18.034,52.55],[18.052,52.547],[18.051,52.545],[18.06,52.543],[18.059,52.548],[18.063,52.548],[18.064,52.552],[18.077,52.552],[18.082,52.553],[18.088,52.552],[18.095,52.553],[18.105,52.545],[18.107,52.539],[18.101,52.537],[18.1,52.533],[18.092,52.532],[18.093,52.524],[18.09,52.521],[18.106,52.514],[18.124,52.516],[18.123,52.511],[18.125,52.507],[18.133,52.506],[18.138,52.505],[18.147,52.508],[18.15,52.507],[18.155,52.509],[18.159,52.509],[18.167,52.507],[18.183,52.504],[18.199,52.505],[18.203,52.501],[18.2,52.493],[18.2,52.486],[18.205,52.483],[18.211,52.484],[18.22,52.483],[18.235,52.485],[18.241,52.488],[18.245,52.487],[18.26,52.481],[18.266,52.486],[18.272,52.487],[18.276,52.491],[18.295,52.5],[18.299,52.499],[18.301,52.502],[18.306,52.503],[18.317,52.508],[18.331,52.516],[18.342,52.521],[18.346,52.524],[18.343,52.528],[18.34,52.53],[18.34,52.537],[18.353,52.543],[18.373,52.538],[18.377,52.537],[18.377,52.536],[18.386,52.532],[18.385,52.53],[18.388,52.527],[18.387,52.524],[18.381,52.522],[18.378,52.518],[18.375,52.504],[18.384,52.492],[18.387,52.485],[18.384,52.475],[18.387,52.472],[18.392,52.47],[18.395,52.473],[18.4,52.474],[18.403,52.47],[18.409,52.473],[18.42,52.473],[18.423,52.48],[18.432,52.48],[18.437,52.479],[18.441,52.481],[18.449,52.478],[18.463,52.477],[18.467,52.481],[18.466,52.485],[18.462,52.49],[18.473,52.489],[18.473,52.492],[18.486,52.498],[18.486,52.503],[18.491,52.505],[18.498,52.502],[18.526,52.499],[18.532,52.497],[18.53,52.494],[18.533,52.491],[18.54,52.491],[18.539,52.487],[18.536,52.483],[18.539,52.483],[18.543,52.486],[18.548,52.484],[18.558,52.485],[18.56,52.484],[18.563,52.473],[18.56,52.463],[18.572,52.465],[18.574,52.464],[18.589,52.462],[18.59,52.468],[18.593,52.469],[18.596,52.467],[18.602,52.464],[18.608,52.456],[18.627,52.456],[18.632,52.454],[18.643,52.453],[18.65,52.45],[18.651,52.436],[18.654,52.433],[18.658,52.424],[18.658,52.422],[18.67,52.424],[18.67,52.422],[18.677,52.423],[18.685,52.428],[18.677,52.418],[18.682,52.412],[18.683,52.408],[18.68,52.403],[18.681,52.4],[18.696,52.4],[18.712,52.401],[18.715,52.399],[18.721,52.39],[18.725,52.389],[18.727,52.384],[18.732,52.38],[18.733,52.374],[18.74,52.374],[18.739,52.369],[18.747,52.364],[18.753,52.363],[18.753,52.359],[18.751,52.346],[18.753,52.345],[18.752,52.338],[18.755,52.333],[18.761,52.334],[18.76,52.336],[18.766,52.336],[18.771,52.334],[18.779,52.334],[18.78,52.342],[18.787,52.342],[18.814,52.352],[18.819,52.347],[18.824,52.348],[18.828,52.344],[18.83,52.345],[18.836,52.343],[18.851,52.349],[18.856,52.348],[18.87,52.36],[18.874,52.361],[18.88,52.364],[18.884,52.361],[18.889,52.361],[18.893,52.363],[18.901,52.364],[18.913,52.366],[18.911,52.378],[18.921,52.376],[18.929,52.378],[18.928,52.383],[18.924,52.388],[18.921,52.399],[18.924,52.4],[18.932,52.394],[18.941,52.392],[18.94,52.39],[18.947,52.383],[18.953,52.379],[18.965,52.377],[18.969,52.378],[18.975,52.375],[18.977,52.371],[18.974,52.37],[18.98,52.365],[18.967,52.361],[18.969,52.355],[18.982,52.357],[18.999,52.353],[19.008,52.349],[19.005,52.34],[19.013,52.339],[19.02,52.338],[19.029,52.332],[19.033,52.333],[19.047,52.333],[19.054,52.332],[19.06,52.332],[19.057,52.338],[19.069,52.338],[19.076,52.34],[19.083,52.343],[19.1,52.348],[19.115,52.344],[19.124,52.343],[19.136,52.344],[19.145,52.346],[19.151,52.347],[19.16,52.341],[19.167,52.343],[19.181,52.349],[19.183,52.347],[19.187,52.349],[19.193,52.353],[19.199,52.36],[19.206,52.356],[19.201,52.351],[19.209,52.346],[19.218,52.341],[19.225,52.344],[19.217,52.348],[19.209,52.353],[19.212,52.357],[19.207,52.358],[19.21,52.366],[19.219,52.365],[19.225,52.362],[19.23,52.363],[19.237,52.362],[19.236,52.369],[19.251,52.376],[19.264,52.384],[19.261,52.388],[19.268,52.389],[19.273,52.394],[19.28,52.394],[19.289,52.393],[19.287,52.402],[19.284,52.401],[19.28,52.406],[19.285,52.405],[19.293,52.411],[19.293,52.418],[19.298,52.418],[19.297,52.424],[19.287,52.433],[19.283,52.433],[19.278,52.435],[19.262,52.436],[19.259,52.443],[19.268,52.449],[19.278,52.449],[19.284,52.45],[19.292,52.448],[19.299,52.445],[19.303,52.448],[19.308,52.449],[19.317,52.448],[19.319,52.449],[19.323,52.455],[19.33,52.462],[19.333,52.467],[19.331,52.471],[19.339,52.48],[19.351,52.48],[19.358,52.481],[19.354,52.488],[19.355,52.49],[19.364,52.5],[19.363,52.503],[19.372,52.507],[19.389,52.51],[19.396,52.513],[19.392,52.514],[19.385,52.52],[19.371,52.522],[19.36,52.521],[19.35,52.523],[19.337,52.525],[19.333,52.525],[19.325,52.529],[19.322,52.529],[19.32,52.535],[19.331,52.533],[19.338,52.534],[19.344,52.528],[19.349,52.528],[19.351,52.535],[19.355,52.537],[19.35,52.54],[19.347,52.545],[19.349,52.545],[19.341,52.567],[19.351,52.569],[19.356,52.568],[19.364,52.569],[19.378,52.569],[19.391,52.573],[19.395,52.577],[19.394,52.583],[19.395,52.59],[19.398,52.593],[19.405,52.592],[19.407,52.594],[19.414,52.596],[19.419,52.599],[19.426,52.611],[19.401,52.62],[19.368,52.628],[19.373,52.634],[19.373,52.638],[19.379,52.638],[19.384,52.644],[19.393,52.644],[19.403,52.644],[19.404,52.649],[19.41,52.654],[19.412,52.661],[19.414,52.663],[19.413,52.665],[19.416,52.672],[19.43,52.672],[19.432,52.677],[19.44,52.677],[19.446,52.674],[19.451,52.672],[19.446,52.679],[19.444,52.683],[19.437,52.681],[19.437,52.693],[19.442,52.701],[19.447,52.706],[19.446,52.707],[19.439,52.712],[19.442,52.716],[19.44,52.719],[19.441,52.723],[19.447,52.723],[19.455,52.726],[19.46,52.725],[19.465,52.721],[19.48,52.717],[19.483,52.718],[19.493,52.715],[19.494,52.71],[19.492,52.708],[19.526,52.704],[19.526,52.708],[19.517,52.71],[19.508,52.711],[19.503,52.715],[19.503,52.722],[19.505,52.729],[19.499,52.732],[19.501,52.737],[19.506,52.736],[19.51,52.738],[19.513,52.742],[19.519,52.742],[19.519,52.748],[19.51,52.748],[19.498,52.749],[19.499,52.754],[19.502,52.757],[19.498,52.759],[19.5,52.761],[19.505,52.76],[19.506,52.762],[19.501,52.763],[19.504,52.768],[19.495,52.772],[19.491,52.774],[19.495,52.778],[19.49,52.779],[19.484,52.782],[19.482,52.783],[19.471,52.786],[19.468,52.786],[19.464,52.794],[19.466,52.804],[19.452,52.805],[19.447,52.807],[19.438,52.815],[19.432,52.816],[19.424,52.816],[19.431,52.824],[19.43,52.827],[19.424,52.828],[19.423,52.833],[19.427,52.838],[19.432,52.84],[19.437,52.838],[19.444,52.837],[19.455,52.845],[19.473,52.851],[19.463,52.856],[19.464,52.86],[19.474,52.865],[19.484,52.867],[19.489,52.867],[19.511,52.862],[19.509,52.868],[19.498,52.875],[19.492,52.878],[19.486,52.886],[19.477,52.893],[19.459,52.907],[19.464,52.914],[19.465,52.916],[19.471,52.918],[19.456,52.923],[19.451,52.925],[19.447,52.931],[19.447,52.935],[19.445,52.939],[19.445,52.947],[19.458,52.942],[19.485,52.944],[19.487,52.94],[19.501,52.939],[19.51,52.938],[19.522,52.938],[19.529,52.936],[19.532,52.94],[19.532,52.942],[19.541,52.948],[19.552,52.95],[19.573,52.956],[19.583,52.957],[19.586,52.963],[19.583,52.968],[19.576,52.97],[19.57,52.973],[19.566,52.976],[19.559,52.979],[19.555,52.99],[19.56,52.99],[19.568,52.986],[19.589,52.983],[19.612,52.977],[19.624,52.977],[19.636,52.97],[19.646,52.971],[19.649,52.97],[19.655,52.961],[19.659,52.96],[19.666,52.959],[19.669,52.956],[19.681,52.956],[19.685,52.963],[19.682,52.965],[19.681,52.97],[19.678,52.976],[19.68,52.978],[19.674,52.983],[19.669,52.983],[19.669,52.989],[19.672,52.991],[19.67,52.993],[19.677,53.001],[19.68,53.01],[19.678,53.014],[19.684,53.019],[19.681,53.027],[19.676,53.029],[19.678,53.032],[19.666,53.038],[19.666,53.04],[19.652,53.038],[19.653,53.041],[19.652,53.05],[19.654,53.054],[19.646,53.054],[19.647,53.06],[19.646,53.062],[19.647,53.066],[19.66,53.069],[19.656,53.074],[19.648,53.076],[19.646,53.078],[19.648,53.081],[19.645,53.086],[19.645,53.089],[19.638,53.093],[19.639,53.107],[19.634,53.112],[19.647,53.112],[19.651,53.112],[19.652,53.107],[19.667,53.106],[19.669,53.111],[19.673,53.113],[19.683,53.113],[19.685,53.123],[19.691,53.123],[19.695,53.12],[19.71,53.121],[19.712,53.135],[19.733,53.145],[19.762,53.152],[19.753,53.171],[19.751,53.178],[19.747,53.18],[19.751,53.184],[19.743,53.187],[19.742,53.189],[19.746,53.195],[19.742,53.198],[19.738,53.204],[19.742,53.204],[19.746,53.211],[19.752,53.212],[19.751,53.215],[19.746,53.218],[19.742,53.224],[19.743,53.228],[19.728,53.23],[19.726,53.232],[19.716,53.232],[19.711,53.235],[19.707,53.233],[19.7,53.237],[19.695,53.233],[19.69,53.234],[19.689,53.236],[19.692,53.252],[19.69,53.254],[19.685,53.254],[19.684,53.258],[19.691,53.26],[19.694,53.264],[19.703,53.267],[19.713,53.275],[19.718,53.272],[19.728,53.27],[19.725,53.276],[19.717,53.281],[19.722,53.287],[19.712,53.289],[19.718,53.302],[19.704,53.304],[19.689,53.308],[19.687,53.312],[19.69,53.336],[19.672,53.337],[19.656,53.342],[19.649,53.342],[19.642,53.345],[19.612,53.338],[19.61,53.342],[19.596,53.338],[19.597,53.334],[19.588,53.332],[19.564,53.331],[19.536,53.331],[19.52,53.33],[19.519,53.332],[19.523,53.337],[19.519,53.339],[19.524,53.343],[19.522,53.345],[19.528,53.349],[19.522,53.359],[19.518,53.359],[19.519,53.369],[19.518,53.37],[19.512,53.37],[19.496,53.363],[19.486,53.36],[19.479,53.362],[19.482,53.367],[19.482,53.371],[19.473,53.372],[19.466,53.369],[19.466,53.365],[19.463,53.365],[19.458,53.36],[19.447,53.361],[19.434,53.358],[19.427,53.36],[19.432,53.363],[19.436,53.368],[19.443,53.374],[19.447,53.376],[19.419,53.378],[19.413,53.387],[19.408,53.39],[19.408,53.392],[19.4,53.391],[19.395,53.395],[19.394,53.388],[19.389,53.391],[19.391,53.398],[19.386,53.403],[19.382,53.406],[19.381,53.411],[19.368,53.413],[19.359,53.409],[19.347,53.407],[19.343,53.408],[19.33,53.405],[19.32,53.41],[19.307,53.411],[19.308,53.407],[19.297,53.403],[19.303,53.402],[19.305,53.399],[19.296,53.394],[19.291,53.389],[19.271,53.395],[19.259,53.396],[19.256,53.403],[19.249,53.406],[19.244,53.411],[19.234,53.413],[19.236,53.416],[19.233,53.418],[19.233,53.422],[19.24,53.417],[19.25,53.423],[19.255,53.432],[19.246,53.435],[19.242,53.443],[19.246,53.444],[19.242,53.453],[19.246,53.455],[19.244,53.458],[19.238,53.457],[19.236,53.454],[19.226,53.453],[19.224,53.457],[19.226,53.461],[19.23,53.464],[19.236,53.468],[19.234,53.47],[19.231,53.477],[19.226,53.479],[19.223,53.481],[19.226,53.489],[19.223,53.491],[19.212,53.495],[19.205,53.497],[19.201,53.5],[19.202,53.503],[19.197,53.505],[19.189,53.512],[19.194,53.516],[19.202,53.519],[19.203,53.522],[19.211,53.525],[19.219,53.524],[19.219,53.528],[19.214,53.532],[19.214,53.539],[19.208,53.548],[19.195,53.544],[19.189,53.548],[19.197,53.559],[19.2,53.57],[19.196,53.572],[19.185,53.575],[19.182,53.579],[19.161,53.584],[19.158,53.581],[19.129,53.588],[19.109,53.593],[19.097,53.597],[19.087,53.597],[19.066,53.597],[19.063,53.597],[19.05,53.597],[19.04,53.594],[19.033,53.594],[19.019,53.591],[19.009,53.592],[18.995,53.595],[18.989,53.595],[18.987,53.59],[18.977,53.587],[18.974,53.589],[18.942,53.588],[18.927,53.592],[18.925,53.591],[18.919,53.585],[18.915,53.579],[18.908,53.578],[18.903,53.578],[18.905,53.583],[18.908,53.588],[18.909,53.592],[18.906,53.594],[18.895,53.596],[18.89,53.599],[18.876,53.6],[18.862,53.601],[18.843,53.602],[18.841,53.603],[18.826,53.605],[18.774,53.607],[18.768,53.606],[18.765,53.611],[18.762,53.61],[18.764,53.606],[18.762,53.605],[18.753,53.619],[18.743,53.629],[18.739,53.636],[18.741,53.646],[18.747,53.657],[18.756,53.666],[18.77,53.675],[18.777,53.685],[18.781,53.692],[18.785,53.698],[18.789,53.702],[18.782,53.704],[18.779,53.701],[18.773,53.7],[18.77,53.701],[18.761,53.696],[18.758,53.696],[18.751,53.693],[18.752,53.69],[18.747,53.686],[18.743,53.689],[18.744,53.692],[18.741,53.693],[18.736,53.687],[18.731,53.684],[18.725,53.685],[18.719,53.689],[18.711,53.686],[18.708,53.687],[18.695,53.693],[18.697,53.7],[18.688,53.699],[18.68,53.692],[18.677,53.691],[18.67,53.693],[18.663,53.697],[18.655,53.694],[18.631,53.675],[18.62,53.673],[18.609,53.671],[18.599,53.673],[18.592,53.672],[18.586,53.674],[18.579,53.677],[18.575,53.677],[18.567,53.673],[18.575,53.67],[18.582,53.666],[18.584,53.661],[18.58,53.658],[18.563,53.658],[18.558,53.656],[18.551,53.656],[18.544,53.662],[18.543,53.666],[18.54,53.666],[18.536,53.669],[18.534,53.667],[18.529,53.668],[18.532,53.675],[18.53,53.679],[18.525,53.679],[18.514,53.681],[18.512,53.688],[18.519,53.689],[18.523,53.691],[18.516,53.704],[18.508,53.7],[18.503,53.701],[18.494,53.699],[18.492,53.702],[18.481,53.702],[18.476,53.704],[18.472,53.701],[18.469,53.696],[18.468,53.69],[18.465,53.687],[18.455,53.687],[18.456,53.694],[18.419,53.687],[18.42,53.692],[18.38,53.689],[18.364,53.69],[18.361,53.688],[18.357,53.689],[18.354,53.687],[18.347,53.692],[18.343,53.692],[18.325,53.695],[18.316,53.697],[18.306,53.697],[18.292,53.699],[18.281,53.7],[18.269,53.701],[18.264,53.701]]]}},{"type":"Feature","properties":{"id":803,"name":"województwo lubelskie","bbox":[21.616,50.252,24.146,52.288]},"geometry":{"type":"Polygon","coordinates":[[[22.638,50.303],[22.644,50.306],[22.652,50.302],[22.659,50.301],[22.661,50.303],[22.673,50.301],[22.677,50.298],[22.686,50.299],[22.687,50.298],[22.702,50.295],[22.703,50.292],[22.708,50.291],[22.713,50.294],[22.726,50.298],[22.728,50.299],[22.737,50.302],[22.74,50.301],[22.746,50.303],[22.757,50.303],[22.762,50.302],[22.771,50.302],[22.776,50.301],[22.785,50.301],[22.792,50.302],[22.821,50.302],[22.841,50.298],[22.855,50.294],[22.867,50.298],[22.88,50.301],[22.891,50.301],[22.904,50.298],[22.923,50.295],[22.937,50.292],[22.944,50.292],[22.965,50.294],[22.973,50.295],[22.985,50.294],[23.008,50.29],[23.008,50.288],[23.017,50.287],[23.019,50.289],[23.028,50.289],[23.03,50.293],[23.054,50.306],[23.061,50.316],[23.067,50.32],[23.067,50.323],[23.075,50.327],[23.089,50.33],[23.141,50.367],[23.177,50.392],[23.179,50.395],[23.193,50.394],[23.194,50.391],[23.199,50.391],[23.208,50.389],[23.215,50.389],[23.22,50.388],[23.219,50.384],[23.223,50.381],[23.228,50.379],[23.229,50.377],[23.239,50.371],[23.244,50.369],[23.252,50.365],[23.251,50.359],[23.267,50.37],[23.279,50.376],[23.29,50.376],[23.305,50.38],[23.31,50.386],[23.318,50.393],[23.328,50.395],[23.339,50.399],[23.346,50.4],[23.354,50.402],[23.358,50.411],[23.375,50.407],[23.38,50.407],[23.388,50.405],[23.384,50.399],[23.377,50.402],[23.37,50.4],[23.37,50.396],[23.367,50.393],[23.366,50.389],[23.375,50.387],[23.378,50.384],[23.383,50.383],[23.377,50.378],[23.374,50.377],[23.375,50.373],[23.379,50.368],[23.391,50.367],[23.393,50.365],[23.398,50.366],[23.401,50.363],[23.405,50.364],[23.406,50.357],[23.414,50.351],[23.428,50.348],[23.435,50.348],[23.436,50.345],[23.432,50.339],[23.406,50.305],[23.413,50.308],[23.428,50.302],[23.451,50.303],[23.457,50.303],[23.47,50.294],[23.494,50.3],[23.5,50.299],[23.506,50.298],[23.51,50.295],[23.513,50.297],[23.52,50.295],[23.518,50.29],[23.505,50.287],[23.502,50.285],[23.504,50.28],[23.507,50.281],[23.514,50.279],[23.513,50.275],[23.515,50.271],[23.509,50.261],[23.513,50.261],[23.528,50.262],[23.532,50.259],[23.543,50.259],[23.544,50.253],[23.548,50.252],[23.559,50.257],[23.581,50.266],[23.612,50.299],[23.631,50.305],[23.639,50.321],[23.686,50.332],[23.691,50.347],[23.691,50.353],[23.697,50.366],[23.703,50.375],[23.709,50.379],[23.727,50.388],[23.761,50.397],[23.779,50.401],[23.803,50.405],[23.846,50.406],[23.88,50.409],[23.884,50.408],[23.941,50.414],[23.975,50.413],[23.998,50.412],[24.006,50.435],[24.035,50.445],[24.038,50.455],[24.043,50.461],[24.049,50.471],[24.07,50.503],[24.076,50.523],[24.077,50.525],[24.083,50.542],[24.086,50.551],[24.091,50.562],[24.09,50.578],[24.099,50.6],[24.097,50.611],[24.092,50.616],[24.092,50.623],[24.098,50.637],[24.094,50.635],[24.087,50.639],[24.088,50.644],[24.08,50.645],[24.085,50.65],[24.088,50.65],[24.09,50.653],[24.088,50.657],[24.09,50.662],[24.085,50.661],[24.085,50.668],[24.087,50.669],[24.081,50.673],[24.075,50.674],[24.068,50.678],[24.062,50.678],[24.063,50.684],[24.067,50.69],[24.069,50.695],[24.072,50.699],[24.07,50.701],[24.07,50.705],[24.075,50.71],[24.072,50.715],[24.073,50.718],[24.072,50.721],[24.063,50.719],[24.061,50.721],[24.053,50.718],[24.049,50.719],[24.044,50.717],[24.027,50.723],[24.024,50.725],[24.022,50.722],[24.017,50.723],[24.019,50.726],[24.021,50.738],[24.016,50.738],[24.021,50.747],[24.015,50.747],[24.018,50.754],[24.012,50.758],[24.021,50.762],[24.025,50.76],[24.024,50.766],[24.015,50.771],[24.01,50.772],[23.997,50.769],[23.987,50.77],[23.982,50.768],[23.977,50.769],[23.979,50.772],[23.968,50.776],[23.963,50.781],[23.968,50.785],[23.965,50.79],[23.961,50.791],[23.958,50.794],[23.963,50.798],[23.965,50.802],[23.967,50.81],[23.964,50.814],[23.972,50.819],[23.975,50.823],[23.975,50.826],[23.981,50.829],[23.983,50.833],[23.99,50.838],[23.997,50.839],[24.008,50.841],[24.009,50.839],[24.018,50.839],[24.02,50.842],[24.029,50.841],[24.029,50.838],[24.04,50.84],[24.04,50.836],[24.045,50.834],[24.048,50.836],[24.053,50.836],[24.056,50.834],[24.061,50.835],[24.064,50.834],[24.081,50.834],[24.085,50.835],[24.094,50.836],[24.1,50.838],[24.107,50.839],[24.109,50.84],[24.115,50.841],[24.118,50.845],[24.124,50.847],[24.131,50.849],[24.135,50.852],[24.142,50.857],[24.145,50.865],[24.146,50.869],[24.139,50.869],[24.137,50.867],[24.133,50.868],[24.126,50.868],[24.123,50.872],[24.116,50.87],[24.116,50.873],[24.111,50.875],[24.099,50.877],[24.094,50.883],[24.091,50.884],[24.087,50.889],[24.083,50.887],[24.08,50.89],[24.064,50.892],[24.052,50.892],[24.05,50.894],[24.051,50.897],[24.046,50.901],[24.039,50.903],[24.033,50.91],[24.023,50.917],[24.011,50.92],[24.007,50.925],[23.998,50.928],[23.996,50.931],[23.996,50.934],[23.991,50.941],[23.987,50.945],[23.981,50.947],[23.976,50.946],[23.974,50.95],[23.97,50.952],[23.968,50.958],[23.97,50.959],[23.968,50.966],[23.967,50.978],[23.96,50.986],[23.957,50.991],[23.951,50.995],[23.948,50.995],[23.939,51.003],[23.937,51.003],[23.93,51.006],[23.918,51.006],[23.915,51.007],[23.916,51.012],[23.926,51.013],[23.935,51.015],[23.93,51.017],[23.923,51.017],[23.927,51.021],[23.922,51.023],[23.916,51.028],[23.917,51.031],[23.923,51.034],[23.931,51.038],[23.921,51.039],[23.914,51.041],[23.92,51.046],[23.916,51.048],[23.913,51.064],[23.909,51.067],[23.913,51.07],[23.91,51.072],[23.908,51.078],[23.905,51.078],[23.904,51.074],[23.898,51.074],[23.897,51.076],[23.892,51.075],[23.885,51.082],[23.876,51.079],[23.873,51.082],[23.871,51.09],[23.871,51.095],[23.867,51.094],[23.868,51.098],[23.862,51.097],[23.857,51.1],[23.861,51.102],[23.855,51.114],[23.855,51.119],[23.852,51.118],[23.853,51.126],[23.86,51.131],[23.862,51.128],[23.869,51.129],[23.87,51.133],[23.869,51.136],[23.87,51.14],[23.868,51.142],[23.871,51.145],[23.867,51.147],[23.862,51.153],[23.861,51.157],[23.858,51.158],[23.852,51.155],[23.851,51.159],[23.849,51.161],[23.839,51.16],[23.836,51.161],[23.827,51.163],[23.824,51.162],[23.822,51.165],[23.823,51.169],[23.82,51.169],[23.814,51.171],[23.812,51.176],[23.814,51.179],[23.808,51.185],[23.803,51.185],[23.798,51.187],[23.785,51.19],[23.782,51.193],[23.784,51.195],[23.776,51.2],[23.769,51.2],[23.763,51.206],[23.76,51.205],[23.758,51.211],[23.755,51.212],[23.75,51.211],[23.747,51.213],[23.739,51.212],[23.739,51.215],[23.736,51.219],[23.742,51.221],[23.743,51.224],[23.74,51.231],[23.733,51.234],[23.728,51.235],[23.726,51.238],[23.726,51.243],[23.728,51.244],[23.724,51.247],[23.726,51.25],[23.724,51.257],[23.726,51.262],[23.717,51.265],[23.72,51.269],[23.713,51.27],[23.712,51.272],[23.706,51.275],[23.706,51.276],[23.703,51.282],[23.697,51.283],[23.695,51.287],[23.687,51.287],[23.68,51.292],[23.678,51.29],[23.669,51.29],[23.668,51.292],[23.662,51.292],[23.656,51.287],[23.647,51.291],[23.65,51.294],[23.649,51.297],[23.652,51.3],[23.646,51.304],[23.643,51.304],[23.64,51.31],[23.644,51.313],[23.636,51.319],[23.637,51.323],[23.642,51.325],[23.637,51.33],[23.645,51.334],[23.647,51.34],[23.656,51.339],[23.658,51.342],[23.654,51.347],[23.658,51.36],[23.663,51.358],[23.67,51.362],[23.665,51.366],[23.668,51.368],[23.673,51.367],[23.678,51.369],[23.685,51.368],[23.683,51.373],[23.684,51.378],[23.679,51.385],[23.685,51.384],[23.685,51.387],[23.677,51.394],[23.686,51.4],[23.69,51.399],[23.698,51.403],[23.696,51.408],[23.702,51.41],[23.693,51.413],[23.703,51.419],[23.701,51.421],[23.694,51.419],[23.688,51.42],[23.685,51.426],[23.679,51.428],[23.677,51.431],[23.679,51.433],[23.685,51.433],[23.685,51.435],[23.681,51.437],[23.686,51.442],[23.682,51.445],[23.678,51.442],[23.675,51.441],[23.668,51.445],[23.662,51.444],[23.65,51.446],[23.649,51.45],[23.651,51.454],[23.646,51.458],[23.647,51.459],[23.653,51.459],[23.659,51.462],[23.661,51.465],[23.665,51.467],[23.666,51.47],[23.669,51.471],[23.676,51.471],[23.671,51.475],[23.67,51.483],[23.663,51.486],[23.66,51.49],[23.655,51.49],[23.653,51.486],[23.643,51.485],[23.638,51.486],[23.636,51.49],[23.63,51.491],[23.626,51.495],[23.622,51.496],[23.624,51.501],[23.618,51.502],[23.616,51.503],[23.619,51.512],[23.624,51.513],[23.62,51.519],[23.614,51.523],[23.612,51.529],[23.603,51.529],[23.598,51.531],[23.595,51.535],[23.591,51.535],[23.588,51.53],[23.585,51.529],[23.576,51.533],[23.569,51.533],[23.565,51.535],[23.565,51.541],[23.562,51.544],[23.566,51.551],[23.57,51.554],[23.578,51.558],[23.575,51.56],[23.568,51.562],[23.568,51.568],[23.564,51.571],[23.568,51.575],[23.568,51.578],[23.563,51.582],[23.556,51.582],[23.553,51.584],[23.555,51.588],[23.551,51.591],[23.548,51.599],[23.541,51.601],[23.544,51.605],[23.542,51.608],[23.547,51.623],[23.543,51.626],[23.544,51.631],[23.539,51.634],[23.547,51.636],[23.549,51.641],[23.544,51.643],[23.539,51.647],[23.544,51.653],[23.54,51.655],[23.54,51.657],[23.544,51.659],[23.544,51.661],[23.548,51.664],[23.554,51.663],[23.558,51.666],[23.556,51.667],[23.552,51.675],[23.555,51.682],[23.551,51.682],[23.549,51.685],[23.55,51.688],[23.555,51.691],[23.556,51.697],[23.562,51.7],[23.558,51.702],[23.55,51.703],[23.557,51.708],[23.553,51.71],[23.547,51.711],[23.553,51.716],[23.549,51.718],[23.547,51.723],[23.535,51.723],[23.534,51.729],[23.527,51.73],[23.533,51.737],[23.531,51.743],[23.541,51.745],[23.546,51.748],[23.549,51.752],[23.55,51.755],[23.557,51.758],[23.562,51.761],[23.565,51.757],[23.575,51.757],[23.581,51.76],[23.588,51.76],[23.588,51.763],[23.595,51.767],[23.595,51.771],[23.603,51.773],[23.613,51.772],[23.616,51.773],[23.616,51.778],[23.623,51.778],[23.626,51.781],[23.631,51.78],[23.631,51.787],[23.628,51.79],[23.63,51.792],[23.635,51.791],[23.638,51.794],[23.634,51.796],[23.642,51.801],[23.64,51.806],[23.633,51.812],[23.628,51.819],[23.622,51.821],[23.624,51.827],[23.62,51.831],[23.617,51.832],[23.607,51.83],[23.602,51.831],[23.602,51.834],[23.609,51.837],[23.606,51.84],[23.603,51.839],[23.601,51.842],[23.608,51.843],[23.612,51.845],[23.612,51.851],[23.617,51.856],[23.617,51.858],[23.61,51.861],[23.609,51.863],[23.607,51.876],[23.613,51.878],[23.62,51.878],[23.628,51.873],[23.632,51.876],[23.629,51.88],[23.622,51.884],[23.624,51.887],[23.637,51.892],[23.638,51.894],[23.632,51.9],[23.618,51.903],[23.62,51.911],[23.612,51.917],[23.613,51.92],[23.62,51.925],[23.627,51.922],[23.631,51.922],[23.63,51.928],[23.632,51.931],[23.637,51.932],[23.644,51.932],[23.646,51.934],[23.646,51.938],[23.64,51.943],[23.642,51.948],[23.638,51.95],[23.629,51.948],[23.627,51.949],[23.629,51.952],[23.632,51.953],[23.639,51.953],[23.642,51.954],[23.651,51.963],[23.655,51.965],[23.663,51.964],[23.669,51.964],[23.67,51.968],[23.666,51.975],[23.666,51.979],[23.675,51.982],[23.677,51.984],[23.684,51.986],[23.688,51.989],[23.689,51.994],[23.684,51.997],[23.684,52],[23.676,52.003],[23.671,52.01],[23.664,52.016],[23.659,52.017],[23.657,52.019],[23.662,52.023],[23.663,52.026],[23.66,52.03],[23.663,52.04],[23.658,52.043],[23.656,52.048],[23.656,52.052],[23.654,52.055],[23.648,52.057],[23.643,52.058],[23.644,52.061],[23.656,52.059],[23.653,52.064],[23.645,52.063],[23.644,52.066],[23.649,52.068],[23.654,52.072],[23.644,52.077],[23.64,52.081],[23.64,52.086],[23.623,52.089],[23.617,52.092],[23.612,52.097],[23.61,52.1],[23.613,52.104],[23.619,52.105],[23.618,52.109],[23.61,52.108],[23.608,52.109],[23.603,52.115],[23.597,52.118],[23.588,52.117],[23.58,52.12],[23.57,52.116],[23.564,52.117],[23.56,52.12],[23.556,52.117],[23.557,52.112],[23.552,52.109],[23.548,52.111],[23.548,52.115],[23.544,52.119],[23.543,52.125],[23.542,52.128],[23.537,52.129],[23.534,52.133],[23.527,52.131],[23.521,52.133],[23.52,52.138],[23.515,52.14],[23.514,52.146],[23.51,52.15],[23.506,52.151],[23.502,52.147],[23.497,52.148],[23.489,52.151],[23.486,52.155],[23.489,52.16],[23.485,52.165],[23.49,52.168],[23.507,52.173],[23.507,52.176],[23.502,52.178],[23.497,52.18],[23.488,52.181],[23.482,52.181],[23.471,52.174],[23.467,52.174],[23.461,52.178],[23.463,52.183],[23.456,52.185],[23.45,52.182],[23.445,52.183],[23.439,52.177],[23.431,52.173],[23.424,52.172],[23.421,52.174],[23.418,52.18],[23.414,52.183],[23.41,52.182],[23.405,52.178],[23.401,52.177],[23.398,52.18],[23.398,52.188],[23.401,52.192],[23.399,52.195],[23.393,52.197],[23.397,52.199],[23.395,52.201],[23.39,52.2],[23.388,52.197],[23.38,52.195],[23.371,52.197],[23.37,52.198],[23.372,52.204],[23.365,52.208],[23.362,52.208],[23.354,52.204],[23.352,52.206],[23.355,52.209],[23.353,52.211],[23.345,52.21],[23.339,52.206],[23.333,52.207],[23.327,52.211],[23.317,52.208],[23.309,52.209],[23.305,52.211],[23.298,52.212],[23.305,52.215],[23.308,52.218],[23.305,52.222],[23.295,52.221],[23.273,52.215],[23.261,52.216],[23.255,52.218],[23.249,52.219],[23.241,52.219],[23.23,52.222],[23.219,52.225],[23.207,52.226],[23.204,52.227],[23.2,52.23],[23.194,52.24],[23.198,52.247],[23.202,52.25],[23.206,52.257],[23.201,52.264],[23.201,52.271],[23.205,52.275],[23.203,52.278],[23.183,52.283],[23.179,52.284],[23.156,52.28],[23.15,52.28],[23.144,52.283],[23.139,52.287],[23.133,52.285],[23.128,52.288],[23.126,52.286],[23.114,52.274],[23.104,52.265],[23.11,52.261],[23.102,52.254],[23.095,52.257],[23.078,52.235],[23.066,52.237],[23.054,52.23],[23.045,52.225],[23.033,52.219],[23.031,52.216],[23.03,52.208],[23.032,52.198],[23.035,52.192],[23.038,52.189],[23.04,52.184],[23.043,52.182],[23.056,52.178],[23.062,52.177],[23.069,52.175],[23.071,52.17],[23.053,52.174],[23.034,52.178],[23.029,52.178],[23.029,52.174],[22.995,52.175],[22.993,52.174],[22.977,52.172],[22.982,52.161],[22.986,52.159],[22.942,52.145],[22.933,52.137],[22.937,52.134],[22.947,52.126],[22.952,52.123],[22.956,52.12],[22.96,52.12],[22.968,52.117],[22.968,52.115],[22.95,52.102],[22.928,52.112],[22.923,52.107],[22.908,52.11],[22.903,52.11],[22.893,52.102],[22.898,52.101],[22.888,52.092],[22.894,52.091],[22.896,52.082],[22.902,52.078],[22.908,52.077],[22.902,52.064],[22.868,52.066],[22.869,52.069],[22.866,52.072],[22.85,52.066],[22.848,52.07],[22.843,52.074],[22.837,52.08],[22.83,52.081],[22.82,52.081],[22.815,52.08],[22.806,52.079],[22.805,52.078],[22.79,52.07],[22.784,52.069],[22.782,52.073],[22.769,52.079],[22.761,52.087],[22.763,52.09],[22.754,52.095],[22.747,52.095],[22.742,52.097],[22.731,52.096],[22.722,52.099],[22.721,52.101],[22.716,52.104],[22.701,52.107],[22.698,52.109],[22.699,52.118],[22.684,52.11],[22.678,52.109],[22.669,52.105],[22.667,52.103],[22.651,52.094],[22.648,52.091],[22.657,52.087],[22.666,52.081],[22.666,52.072],[22.664,52.071],[22.668,52.068],[22.666,52.065],[22.669,52.063],[22.666,52.06],[22.665,52.053],[22.663,52.051],[22.664,52.045],[22.66,52.04],[22.661,52.037],[22.655,52.035],[22.65,52.033],[22.638,52.032],[22.634,52.031],[22.63,52.028],[22.628,52.023],[22.623,52.019],[22.617,52.019],[22.609,52.027],[22.607,52.033],[22.608,52.037],[22.586,52.037],[22.586,52.042],[22.576,52.038],[22.571,52.038],[22.567,52.04],[22.561,52.041],[22.547,52.045],[22.548,52.051],[22.539,52.05],[22.528,52.051],[22.52,52.057],[22.522,52.064],[22.515,52.066],[22.516,52.068],[22.504,52.069],[22.496,52.069],[22.483,52.067],[22.481,52.06],[22.478,52.061],[22.47,52.054],[22.468,52.049],[22.464,52.045],[22.463,52.038],[22.458,52.037],[22.457,52.031],[22.455,52.029],[22.444,52.03],[22.442,52.026],[22.441,52.023],[22.435,52.019],[22.426,52.015],[22.412,52.015],[22.403,52.014],[22.384,52.016],[22.379,52.015],[22.372,52.007],[22.363,52.004],[22.36,52.002],[22.35,52],[22.345,51.997],[22.335,51.998],[22.322,52.007],[22.317,52.013],[22.317,52.016],[22.324,52.023],[22.323,52.037],[22.297,52.037],[22.295,52.028],[22.287,52.028],[22.289,52.025],[22.286,52.019],[22.282,52.017],[22.276,52.015],[22.258,52.006],[22.251,52.005],[22.242,52.01],[22.235,52.01],[22.222,52.013],[22.212,52.014],[22.152,52.028],[22.148,52.025],[22.146,52.015],[22.14,52.008],[22.131,52.004],[22.114,52.002],[22.085,52.005],[22.069,52.008],[22.064,52.01],[22.057,52.015],[22.051,52.021],[22.044,52.022],[22.03,52.022],[22.027,52.016],[22.014,52.011],[22.006,52.009],[21.999,52.012],[21.995,52.01],[21.993,52.007],[21.986,52],[21.971,51.993],[21.969,51.989],[21.958,51.992],[21.938,51.992],[21.934,51.993],[21.932,51.988],[21.921,51.982],[21.922,51.981],[21.91,51.978],[21.903,51.98],[21.893,51.974],[21.889,51.973],[21.88,51.971],[21.877,51.954],[21.87,51.954],[21.866,51.943],[21.876,51.94],[21.878,51.933],[21.882,51.931],[21.89,51.928],[21.888,51.915],[21.886,51.912],[21.896,51.907],[21.908,51.903],[21.903,51.897],[21.908,51.893],[21.913,51.887],[21.897,51.883],[21.9,51.876],[21.893,51.87],[21.886,51.86],[21.89,51.857],[21.867,51.854],[21.852,51.85],[21.848,51.851],[21.845,51.85],[21.845,51.841],[21.851,51.841],[21.857,51.84],[21.859,51.837],[21.856,51.834],[21.86,51.831],[21.866,51.829],[21.871,51.83],[21.871,51.836],[21.895,51.833],[21.895,51.836],[21.902,51.836],[21.907,51.835],[21.912,51.836],[21.917,51.84],[21.927,51.838],[21.926,51.834],[21.934,51.832],[21.935,51.829],[21.941,51.827],[21.943,51.824],[21.944,51.816],[21.947,51.809],[21.951,51.809],[21.953,51.805],[21.953,51.796],[21.956,51.794],[21.953,51.795],[21.948,51.791],[21.946,51.788],[21.935,51.785],[21.927,51.779],[21.922,51.778],[21.915,51.781],[21.9,51.778],[21.897,51.769],[21.89,51.77],[21.881,51.771],[21.867,51.769],[21.865,51.765],[21.86,51.762],[21.858,51.759],[21.844,51.758],[21.845,51.753],[21.841,51.749],[21.836,51.749],[21.836,51.744],[21.848,51.743],[21.848,51.737],[21.867,51.733],[21.871,51.732],[21.874,51.729],[21.873,51.724],[21.87,51.721],[21.874,51.718],[21.877,51.712],[21.884,51.711],[21.885,51.708],[21.901,51.707],[21.903,51.704],[21.898,51.702],[21.894,51.697],[21.889,51.697],[21.882,51.694],[21.88,51.688],[21.878,51.677],[21.86,51.677],[21.856,51.677],[21.858,51.673],[21.856,51.669],[21.852,51.669],[21.845,51.673],[21.846,51.668],[21.841,51.667],[21.839,51.652],[21.831,51.652],[21.831,51.648],[21.803,51.647],[21.802,51.649],[21.792,51.651],[21.788,51.649],[21.787,51.646],[21.782,51.644],[21.76,51.64],[21.758,51.638],[21.762,51.63],[21.757,51.628],[21.753,51.62],[21.749,51.612],[21.727,51.618],[21.722,51.637],[21.714,51.635],[21.708,51.638],[21.704,51.639],[21.698,51.642],[21.686,51.645],[21.667,51.652],[21.649,51.66],[21.639,51.657],[21.636,51.654],[21.64,51.645],[21.64,51.626],[21.637,51.627],[21.624,51.623],[21.616,51.618],[21.625,51.61],[21.63,51.608],[21.642,51.605],[21.649,51.602],[21.653,51.596],[21.654,51.586],[21.657,51.581],[21.662,51.579],[21.679,51.577],[21.692,51.571],[21.697,51.57],[21.715,51.568],[21.725,51.566],[21.738,51.564],[21.752,51.561],[21.759,51.56],[21.764,51.561],[21.777,51.567],[21.782,51.569],[21.788,51.569],[21.805,51.566],[21.816,51.564],[21.825,51.562],[21.831,51.556],[21.833,51.548],[21.832,51.54],[21.833,51.536],[21.84,51.53],[21.845,51.521],[21.852,51.515],[21.854,51.512],[21.856,51.506],[21.855,51.503],[21.849,51.496],[21.847,51.492],[21.847,51.487],[21.849,51.484],[21.856,51.478],[21.867,51.475],[21.873,51.475],[21.874,51.472],[21.868,51.463],[21.861,51.457],[21.858,51.452],[21.854,51.448],[21.856,51.445],[21.851,51.436],[21.851,51.431],[21.84,51.42],[21.84,51.418],[21.833,51.417],[21.835,51.42],[21.833,51.423],[21.822,51.427],[21.808,51.428],[21.801,51.428],[21.799,51.423],[21.794,51.421],[21.788,51.42],[21.786,51.415],[21.782,51.416],[21.78,51.412],[21.768,51.414],[21.761,51.406],[21.764,51.402],[21.761,51.401],[21.768,51.391],[21.78,51.394],[21.784,51.398],[21.79,51.395],[21.792,51.389],[21.797,51.383],[21.807,51.375],[21.812,51.378],[21.816,51.372],[21.825,51.376],[21.832,51.38],[21.835,51.378],[21.838,51.379],[21.848,51.365],[21.854,51.352],[21.846,51.354],[21.844,51.352],[21.835,51.346],[21.828,51.339],[21.835,51.338],[21.833,51.334],[21.834,51.331],[21.825,51.314],[21.823,51.303],[21.819,51.303],[21.82,51.3],[21.814,51.3],[21.81,51.302],[21.807,51.299],[21.789,51.293],[21.783,51.294],[21.787,51.285],[21.791,51.286],[21.796,51.288],[21.8,51.289],[21.803,51.291],[21.811,51.291],[21.817,51.289],[21.812,51.285],[21.817,51.282],[21.823,51.281],[21.83,51.285],[21.832,51.289],[21.838,51.288],[21.836,51.284],[21.86,51.275],[21.856,51.274],[21.849,51.27],[21.839,51.269],[21.83,51.267],[21.822,51.263],[21.812,51.258],[21.808,51.254],[21.808,51.245],[21.813,51.24],[21.814,51.236],[21.817,51.231],[21.808,51.227],[21.805,51.221],[21.801,51.221],[21.8,51.217],[21.795,51.208],[21.788,51.202],[21.787,51.193],[21.783,51.184],[21.783,51.179],[21.793,51.18],[21.79,51.175],[21.792,51.171],[21.789,51.166],[21.786,51.159],[21.785,51.151],[21.787,51.145],[21.791,51.141],[21.799,51.135],[21.8,51.127],[21.793,51.127],[21.79,51.116],[21.792,51.104],[21.793,51.1],[21.798,51.095],[21.8,51.087],[21.798,51.082],[21.8,51.076],[21.803,51.072],[21.822,51.059],[21.826,51.047],[21.826,51.044],[21.821,51.039],[21.806,51.033],[21.803,51.025],[21.803,51.022],[21.81,51.016],[21.819,51.009],[21.821,51.005],[21.82,50.995],[21.822,50.987],[21.817,50.978],[21.817,50.974],[21.82,50.97],[21.82,50.964],[21.813,50.955],[21.812,50.948],[21.813,50.935],[21.825,50.917],[21.831,50.905],[21.831,50.902],[21.829,50.896],[21.832,50.883],[21.836,50.878],[21.844,50.868],[21.847,50.862],[21.848,50.858],[21.842,50.845],[21.843,50.839],[21.846,50.837],[21.862,50.826],[21.866,50.822],[21.869,50.817],[21.869,50.812],[21.864,50.802],[21.875,50.798],[21.88,50.79],[21.876,50.784],[21.876,50.78],[21.883,50.778],[21.897,50.78],[21.921,50.775],[21.93,50.774],[21.94,50.772],[21.949,50.771],[21.956,50.778],[21.964,50.782],[21.969,50.786],[21.973,50.788],[21.982,50.785],[21.986,50.786],[21.99,50.784],[21.995,50.783],[22,50.787],[22.007,50.791],[22.012,50.793],[22.013,50.796],[22.02,50.798],[22.026,50.802],[22.04,50.809],[22.047,50.818],[22.052,50.821],[22.061,50.818],[22.071,50.816],[22.081,50.816],[22.098,50.813],[22.116,50.807],[22.136,50.801],[22.15,50.8],[22.163,50.797],[22.162,50.789],[22.157,50.777],[22.152,50.772],[22.177,50.766],[22.18,50.767],[22.186,50.766],[22.186,50.764],[22.192,50.762],[22.197,50.761],[22.201,50.756],[22.206,50.754],[22.201,50.752],[22.175,50.712],[22.17,50.706],[22.177,50.701],[22.172,50.697],[22.169,50.69],[22.169,50.688],[22.16,50.685],[22.159,50.682],[22.155,50.679],[22.147,50.678],[22.146,50.672],[22.147,50.669],[22.154,50.669],[22.167,50.667],[22.185,50.666],[22.189,50.664],[22.198,50.667],[22.206,50.666],[22.212,50.663],[22.223,50.66],[22.233,50.653],[22.234,50.647],[22.241,50.641],[22.247,50.634],[22.246,50.625],[22.247,50.622],[22.258,50.62],[22.265,50.622],[22.272,50.621],[22.282,50.623],[22.29,50.619],[22.299,50.617],[22.305,50.618],[22.309,50.617],[22.312,50.619],[22.322,50.618],[22.33,50.616],[22.339,50.615],[22.346,50.612],[22.349,50.614],[22.352,50.611],[22.356,50.609],[22.368,50.607],[22.374,50.604],[22.381,50.603],[22.383,50.598],[22.397,50.595],[22.401,50.593],[22.407,50.586],[22.42,50.581],[22.427,50.584],[22.455,50.589],[22.465,50.592],[22.469,50.585],[22.471,50.585],[22.483,50.581],[22.489,50.58],[22.487,50.577],[22.491,50.576],[22.492,50.583],[22.506,50.584],[22.506,50.576],[22.515,50.576],[22.515,50.578],[22.51,50.58],[22.52,50.583],[22.528,50.576],[22.536,50.572],[22.536,50.553],[22.538,50.55],[22.52,50.549],[22.52,50.543],[22.512,50.539],[22.52,50.534],[22.534,50.538],[22.534,50.526],[22.535,50.524],[22.528,50.522],[22.537,50.517],[22.529,50.513],[22.541,50.506],[22.548,50.508],[22.555,50.506],[22.571,50.51],[22.577,50.504],[22.567,50.498],[22.572,50.497],[22.569,50.495],[22.54,50.484],[22.533,50.483],[22.512,50.487],[22.511,50.482],[22.518,50.477],[22.524,50.477],[22.525,50.475],[22.567,50.483],[22.567,50.48],[22.577,50.481],[22.586,50.483],[22.586,50.477],[22.572,50.472],[22.558,50.468],[22.554,50.466],[22.557,50.461],[22.562,50.464],[22.568,50.462],[22.565,50.459],[22.556,50.46],[22.551,50.462],[22.549,50.46],[22.545,50.452],[22.53,50.447],[22.53,50.45],[22.521,50.455],[22.524,50.459],[22.52,50.462],[22.521,50.464],[22.507,50.468],[22.511,50.46],[22.51,50.456],[22.497,50.455],[22.466,50.46],[22.462,50.462],[22.463,50.466],[22.444,50.462],[22.447,50.456],[22.456,50.452],[22.457,50.449],[22.45,50.449],[22.447,50.445],[22.456,50.446],[22.457,50.444],[22.459,50.434],[22.45,50.433],[22.446,50.419],[22.412,50.423],[22.405,50.398],[22.405,50.394],[22.408,50.398],[22.419,50.397],[22.421,50.4],[22.437,50.4],[22.435,50.392],[22.445,50.391],[22.446,50.39],[22.453,50.389],[22.451,50.371],[22.455,50.367],[22.457,50.368],[22.482,50.355],[22.48,50.353],[22.502,50.353],[22.503,50.348],[22.502,50.346],[22.507,50.344],[22.515,50.346],[22.517,50.348],[22.53,50.352],[22.53,50.354],[22.538,50.355],[22.545,50.357],[22.555,50.357],[22.565,50.359],[22.583,50.356],[22.591,50.352],[22.595,50.349],[22.602,50.349],[22.608,50.352],[22.619,50.354],[22.624,50.357],[22.638,50.358],[22.65,50.358],[22.656,50.355],[22.668,50.354],[22.675,50.356],[22.688,50.357],[22.686,50.349],[22.687,50.346],[22.674,50.344],[22.668,50.339],[22.655,50.337],[22.641,50.336],[22.634,50.335],[22.62,50.333],[22.61,50.33],[22.607,50.325],[22.607,50.311],[22.613,50.31],[22.616,50.308],[22.624,50.308],[22.638,50.303]]]}},{"type":"Feature","properties":{"id":804,"name":"województwo lubuskie","bbox":[14.534,51.363,16.417,53.124]},"geometry":{"type":"Polygon","coordinates":[[[15.85,52.213],[15.861,52.227],[15.859,52.233],[15.859,52.238],[15.858,52.248],[15.851,52.256],[15.855,52.261],[15.852,52.262],[15.857,52.267],[15.859,52.267],[15.866,52.272],[15.871,52.277],[15.871,52.281],[15.881,52.284],[15.88,52.288],[15.881,52.29],[15.878,52.294],[15.879,52.298],[15.884,52.304],[15.882,52.307],[15.89,52.308],[15.89,52.318],[15.886,52.324],[15.882,52.327],[15.883,52.33],[15.888,52.334],[15.887,52.338],[15.881,52.343],[15.881,52.352],[15.889,52.352],[15.89,52.354],[15.888,52.367],[15.891,52.368],[15.888,52.372],[15.896,52.381],[15.9,52.383],[15.899,52.388],[15.9,52.391],[15.895,52.394],[15.884,52.394],[15.87,52.398],[15.861,52.403],[15.85,52.402],[15.844,52.403],[15.84,52.406],[15.835,52.415],[15.831,52.417],[15.827,52.422],[15.824,52.422],[15.817,52.427],[15.809,52.436],[15.806,52.437],[15.804,52.443],[15.81,52.444],[15.816,52.447],[15.828,52.451],[15.833,52.444],[15.831,52.435],[15.837,52.434],[15.841,52.434],[15.846,52.431],[15.856,52.433],[15.857,52.439],[15.862,52.44],[15.869,52.435],[15.879,52.437],[15.875,52.443],[15.896,52.447],[15.897,52.451],[15.893,52.457],[15.893,52.46],[15.888,52.461],[15.884,52.466],[15.88,52.465],[15.879,52.472],[15.886,52.465],[15.89,52.465],[15.893,52.468],[15.892,52.473],[15.889,52.475],[15.884,52.483],[15.885,52.488],[15.879,52.496],[15.874,52.495],[15.868,52.502],[15.871,52.505],[15.876,52.507],[15.877,52.511],[15.863,52.51],[15.856,52.515],[15.849,52.517],[15.843,52.525],[15.835,52.529],[15.849,52.537],[15.859,52.544],[15.856,52.549],[15.849,52.553],[15.844,52.554],[15.844,52.557],[15.832,52.566],[15.825,52.567],[15.824,52.571],[15.826,52.576],[15.83,52.578],[15.828,52.583],[15.833,52.586],[15.827,52.589],[15.821,52.589],[15.82,52.592],[15.814,52.593],[15.807,52.597],[15.806,52.604],[15.796,52.606],[15.796,52.608],[15.784,52.619],[15.786,52.622],[15.799,52.622],[15.794,52.627],[15.796,52.635],[15.793,52.637],[15.78,52.637],[15.776,52.638],[15.78,52.644],[15.778,52.65],[15.783,52.653],[15.782,52.662],[15.786,52.668],[15.793,52.665],[15.814,52.668],[15.813,52.68],[15.807,52.685],[15.804,52.694],[15.8,52.695],[15.796,52.704],[15.793,52.707],[15.795,52.709],[15.811,52.71],[15.818,52.709],[15.823,52.708],[15.828,52.708],[15.837,52.706],[15.846,52.709],[15.853,52.709],[15.866,52.71],[15.886,52.715],[15.899,52.714],[15.906,52.714],[15.92,52.723],[15.929,52.726],[15.937,52.727],[15.94,52.727],[15.945,52.729],[15.948,52.736],[15.947,52.749],[15.946,52.751],[15.947,52.755],[15.942,52.759],[15.936,52.766],[15.938,52.768],[15.933,52.774],[15.927,52.778],[15.926,52.784],[15.938,52.786],[15.935,52.793],[15.934,52.804],[15.927,52.802],[15.917,52.804],[15.912,52.804],[15.912,52.806],[15.903,52.806],[15.893,52.813],[15.896,52.815],[15.895,52.819],[15.897,52.821],[15.897,52.826],[15.905,52.827],[15.901,52.833],[15.902,52.835],[15.919,52.841],[15.923,52.831],[15.952,52.843],[15.946,52.854],[15.953,52.856],[15.96,52.854],[15.968,52.854],[15.966,52.856],[15.974,52.859],[15.972,52.867],[15.969,52.868],[15.961,52.869],[15.963,52.874],[15.976,52.873],[15.979,52.881],[15.976,52.884],[15.978,52.886],[15.974,52.888],[15.974,52.895],[15.968,52.899],[15.974,52.902],[15.973,52.904],[15.979,52.912],[15.978,52.922],[15.973,52.93],[15.979,52.933],[15.979,52.937],[15.97,52.945],[15.97,52.949],[15.967,52.95],[15.965,52.954],[15.961,52.957],[15.96,52.96],[15.962,52.963],[15.96,52.965],[15.962,52.969],[15.952,52.972],[15.955,52.975],[15.954,52.978],[15.955,52.989],[15.951,52.992],[15.95,52.998],[15.954,53.002],[15.953,53.007],[15.957,53.012],[15.955,53.017],[15.958,53.023],[15.957,53.031],[15.952,53.033],[15.955,53.036],[15.955,53.04],[15.962,53.041],[15.965,53.042],[15.975,53.051],[15.972,53.057],[15.989,53.055],[15.985,53.064],[15.987,53.069],[15.995,53.074],[15.992,53.081],[15.997,53.083],[15.998,53.086],[15.989,53.093],[15.986,53.096],[15.981,53.097],[15.984,53.1],[15.982,53.103],[15.982,53.107],[15.985,53.114],[15.982,53.116],[15.979,53.11],[15.918,53.119],[15.913,53.12],[15.912,53.124],[15.88,53.119],[15.875,53.121],[15.866,53.118],[15.859,53.117],[15.857,53.118],[15.848,53.115],[15.86,53.094],[15.811,53.084],[15.822,53.065],[15.792,53.059],[15.79,53.057],[15.794,53.054],[15.802,53.053],[15.803,53.048],[15.807,53.046],[15.788,53.043],[15.779,53.033],[15.778,53.03],[15.773,53.027],[15.763,53.027],[15.768,53.02],[15.77,53.02],[15.776,53.017],[15.778,53.015],[15.772,53.008],[15.772,53.003],[15.769,53],[15.765,52.999],[15.755,52.996],[15.743,52.991],[15.731,52.99],[15.721,52.987],[15.719,52.989],[15.714,52.989],[15.708,52.991],[15.706,52.995],[15.703,52.996],[15.699,52.993],[15.695,52.995],[15.682,52.997],[15.675,52.993],[15.661,52.99],[15.651,52.984],[15.638,52.977],[15.633,52.976],[15.629,52.978],[15.619,52.984],[15.615,52.984],[15.611,52.982],[15.606,52.985],[15.603,52.985],[15.588,52.981],[15.583,52.988],[15.58,52.989],[15.574,52.987],[15.562,52.999],[15.559,53.006],[15.557,53.007],[15.554,53.012],[15.547,53.014],[15.54,53.009],[15.54,53.008],[15.531,53.005],[15.525,53.006],[15.524,53.004],[15.488,52.997],[15.476,52.994],[15.465,52.989],[15.454,52.987],[15.444,52.99],[15.42,52.983],[15.412,52.98],[15.405,52.974],[15.389,52.972],[15.386,52.965],[15.391,52.963],[15.381,52.959],[15.373,52.952],[15.372,52.948],[15.362,52.948],[15.36,52.944],[15.352,52.942],[15.351,52.943],[15.337,52.947],[15.315,52.952],[15.306,52.953],[15.29,52.957],[15.287,52.957],[15.284,52.954],[15.283,52.946],[15.292,52.933],[15.302,52.927],[15.308,52.919],[15.32,52.909],[15.323,52.903],[15.332,52.904],[15.333,52.899],[15.327,52.895],[15.317,52.894],[15.286,52.886],[15.288,52.881],[15.284,52.882],[15.282,52.885],[15.274,52.882],[15.268,52.881],[15.168,52.856],[15.159,52.854],[15.158,52.853],[15.12,52.843],[15.072,52.831],[15.068,52.833],[15.068,52.837],[15.065,52.839],[15.055,52.843],[15.049,52.844],[15.045,52.85],[15.044,52.853],[15.039,52.861],[15.034,52.861],[15.028,52.858],[15.015,52.857],[15.007,52.854],[15.01,52.848],[15.002,52.847],[14.999,52.845],[14.991,52.843],[14.988,52.847],[14.988,52.851],[14.982,52.849],[14.979,52.854],[14.981,52.855],[14.98,52.86],[14.983,52.862],[14.978,52.866],[14.969,52.87],[14.964,52.868],[14.957,52.869],[14.956,52.871],[14.949,52.871],[14.955,52.874],[14.949,52.878],[14.945,52.876],[14.931,52.882],[14.925,52.89],[14.918,52.889],[14.909,52.887],[14.904,52.884],[14.902,52.876],[14.898,52.873],[14.895,52.869],[14.893,52.862],[14.89,52.861],[14.895,52.855],[14.903,52.856],[14.905,52.854],[14.91,52.855],[14.914,52.85],[14.918,52.849],[14.92,52.847],[14.914,52.84],[14.902,52.837],[14.899,52.835],[14.895,52.835],[14.895,52.84],[14.888,52.847],[14.872,52.846],[14.866,52.847],[14.863,52.843],[14.873,52.834],[14.859,52.829],[14.856,52.831],[14.851,52.828],[14.855,52.825],[14.854,52.819],[14.858,52.818],[14.855,52.812],[14.865,52.811],[14.864,52.806],[14.865,52.804],[14.862,52.801],[14.863,52.799],[14.865,52.792],[14.864,52.791],[14.854,52.792],[14.844,52.79],[14.848,52.786],[14.851,52.785],[14.849,52.777],[14.836,52.777],[14.835,52.775],[14.829,52.773],[14.819,52.775],[14.814,52.773],[14.809,52.768],[14.809,52.765],[14.802,52.76],[14.791,52.757],[14.792,52.754],[14.789,52.752],[14.8,52.737],[14.795,52.736],[14.798,52.727],[14.796,52.717],[14.791,52.705],[14.792,52.697],[14.787,52.692],[14.778,52.682],[14.768,52.675],[14.765,52.674],[14.764,52.67],[14.756,52.671],[14.753,52.67],[14.749,52.663],[14.748,52.647],[14.749,52.644],[14.742,52.643],[14.743,52.641],[14.733,52.64],[14.727,52.634],[14.722,52.633],[14.703,52.632],[14.699,52.634],[14.69,52.633],[14.69,52.636],[14.673,52.637],[14.658,52.642],[14.662,52.646],[14.661,52.649],[14.647,52.651],[14.65,52.653],[14.638,52.659],[14.629,52.66],[14.628,52.655],[14.583,52.633],[14.577,52.633],[14.569,52.63],[14.564,52.625],[14.572,52.622],[14.582,52.616],[14.596,52.611],[14.6,52.608],[14.609,52.598],[14.611,52.59],[14.617,52.584],[14.623,52.581],[14.637,52.575],[14.639,52.573],[14.639,52.568],[14.635,52.565],[14.619,52.557],[14.615,52.554],[14.614,52.545],[14.606,52.537],[14.604,52.531],[14.604,52.529],[14.61,52.519],[14.611,52.512],[14.617,52.507],[14.624,52.506],[14.63,52.503],[14.635,52.497],[14.635,52.494],[14.632,52.489],[14.623,52.481],[14.616,52.479],[14.612,52.476],[14.61,52.466],[14.609,52.464],[14.6,52.459],[14.594,52.453],[14.587,52.449],[14.579,52.442],[14.572,52.44],[14.559,52.439],[14.552,52.435],[14.545,52.428],[14.544,52.423],[14.546,52.417],[14.546,52.411],[14.538,52.404],[14.534,52.396],[14.537,52.391],[14.549,52.379],[14.553,52.371],[14.553,52.36],[14.552,52.354],[14.554,52.349],[14.559,52.345],[14.563,52.339],[14.563,52.336],[14.561,52.329],[14.564,52.326],[14.571,52.324],[14.575,52.323],[14.578,52.318],[14.578,52.313],[14.585,52.306],[14.583,52.302],[14.576,52.297],[14.574,52.293],[14.575,52.289],[14.579,52.287],[14.584,52.285],[14.589,52.282],[14.59,52.278],[14.594,52.274],[14.599,52.272],[14.614,52.272],[14.626,52.269],[14.641,52.264],[14.647,52.263],[14.663,52.262],[14.674,52.259],[14.689,52.257],[14.695,52.254],[14.701,52.251],[14.705,52.243],[14.715,52.237],[14.716,52.233],[14.713,52.228],[14.713,52.222],[14.708,52.212],[14.7,52.204],[14.691,52.199],[14.687,52.196],[14.686,52.192],[14.688,52.189],[14.698,52.184],[14.703,52.178],[14.705,52.173],[14.706,52.169],[14.704,52.165],[14.694,52.156],[14.687,52.151],[14.681,52.145],[14.679,52.14],[14.684,52.123],[14.681,52.117],[14.683,52.112],[14.693,52.103],[14.703,52.097],[14.721,52.095],[14.731,52.091],[14.741,52.085],[14.746,52.081],[14.752,52.072],[14.755,52.07],[14.759,52.066],[14.758,52.061],[14.749,52.057],[14.745,52.054],[14.747,52.05],[14.746,52.046],[14.749,52.044],[14.75,52.041],[14.748,52.037],[14.748,52.032],[14.741,52.03],[14.74,52.028],[14.741,52.023],[14.734,52.019],[14.727,52.014],[14.726,52.009],[14.723,52.007],[14.716,52.006],[14.714,52.003],[14.719,52],[14.721,51.996],[14.72,51.991],[14.718,51.989],[14.716,51.983],[14.711,51.98],[14.707,51.98],[14.705,51.976],[14.707,51.974],[14.707,51.966],[14.713,51.958],[14.717,51.956],[14.721,51.953],[14.719,51.946],[14.719,51.942],[14.714,51.937],[14.707,51.935],[14.703,51.931],[14.706,51.924],[14.702,51.921],[14.7,51.915],[14.694,51.911],[14.691,51.907],[14.694,51.904],[14.693,51.901],[14.685,51.899],[14.68,51.895],[14.673,51.893],[14.675,51.89],[14.665,51.891],[14.662,51.887],[14.656,51.885],[14.652,51.878],[14.652,51.874],[14.648,51.873],[14.642,51.866],[14.635,51.866],[14.631,51.862],[14.623,51.858],[14.611,51.857],[14.607,51.852],[14.613,51.846],[14.609,51.845],[14.606,51.848],[14.603,51.847],[14.606,51.843],[14.602,51.84],[14.595,51.842],[14.59,51.838],[14.591,51.833],[14.593,51.83],[14.59,51.826],[14.591,51.82],[14.597,51.818],[14.601,51.813],[14.601,51.809],[14.606,51.805],[14.615,51.804],[14.616,51.802],[14.624,51.8],[14.63,51.802],[14.634,51.801],[14.636,51.797],[14.644,51.796],[14.65,51.786],[14.654,51.784],[14.653,51.78],[14.655,51.773],[14.655,51.767],[14.65,51.763],[14.652,51.76],[14.662,51.759],[14.664,51.756],[14.657,51.753],[14.66,51.748],[14.656,51.742],[14.661,51.737],[14.668,51.726],[14.677,51.723],[14.679,51.718],[14.692,51.708],[14.701,51.705],[14.708,51.7],[14.718,51.696],[14.724,51.691],[14.731,51.688],[14.736,51.689],[14.739,51.684],[14.737,51.681],[14.739,51.678],[14.747,51.676],[14.749,51.671],[14.753,51.668],[14.754,51.664],[14.758,51.661],[14.755,51.656],[14.751,51.652],[14.756,51.646],[14.754,51.641],[14.756,51.631],[14.754,51.627],[14.762,51.621],[14.764,51.617],[14.766,51.611],[14.765,51.607],[14.762,51.603],[14.753,51.599],[14.751,51.595],[14.742,51.593],[14.74,51.59],[14.733,51.586],[14.73,51.584],[14.73,51.579],[14.727,51.575],[14.721,51.571],[14.716,51.565],[14.711,51.562],[14.716,51.555],[14.724,51.553],[14.729,51.55],[14.731,51.544],[14.726,51.539],[14.729,51.536],[14.729,51.532],[14.734,51.529],[14.737,51.526],[14.743,51.525],[14.753,51.522],[14.76,51.524],[14.765,51.519],[14.774,51.519],[14.779,51.518],[14.784,51.518],[14.789,51.517],[14.797,51.518],[14.801,51.515],[14.805,51.515],[14.81,51.51],[14.811,51.506],[14.818,51.508],[14.824,51.505],[14.832,51.504],[14.835,51.499],[14.838,51.499],[14.84,51.496],[14.845,51.495],[14.851,51.49],[14.859,51.491],[14.864,51.491],[14.871,51.485],[14.882,51.487],[14.887,51.488],[14.891,51.485],[14.897,51.482],[14.903,51.482],[14.908,51.484],[14.916,51.484],[14.922,51.482],[14.925,51.479],[14.925,51.475],[14.927,51.473],[14.947,51.472],[14.952,51.469],[14.957,51.463],[14.956,51.458],[14.965,51.451],[14.966,51.447],[14.974,51.442],[14.973,51.436],[14.971,51.432],[14.964,51.434],[14.959,51.432],[14.961,51.428],[14.966,51.427],[14.964,51.424],[14.967,51.417],[14.965,51.412],[14.96,51.411],[14.968,51.403],[14.969,51.398],[14.964,51.398],[14.958,51.396],[14.963,51.394],[14.966,51.392],[14.965,51.387],[14.969,51.382],[14.969,51.379],[14.974,51.378],[14.978,51.376],[14.984,51.373],[14.977,51.368],[14.978,51.366],[14.974,51.364],[14.983,51.363],[14.99,51.364],[15.007,51.364],[15.012,51.363],[15.013,51.367],[15.009,51.374],[15.012,51.38],[15.013,51.384],[15.018,51.387],[15.018,51.393],[15.032,51.394],[15.058,51.397],[15.071,51.397],[15.079,51.403],[15.083,51.409],[15.083,51.419],[15.085,51.421],[15.086,51.425],[15.093,51.429],[15.095,51.425],[15.112,51.428],[15.118,51.432],[15.121,51.434],[15.128,51.436],[15.13,51.438],[15.139,51.44],[15.145,51.441],[15.151,51.442],[15.153,51.446],[15.158,51.449],[15.165,51.451],[15.178,51.46],[15.187,51.464],[15.197,51.462],[15.202,51.463],[15.204,51.459],[15.201,51.456],[15.203,51.453],[15.2,51.45],[15.201,51.446],[15.21,51.444],[15.235,51.446],[15.245,51.447],[15.252,51.448],[15.255,51.445],[15.262,51.444],[15.268,51.441],[15.273,51.437],[15.273,51.433],[15.276,51.43],[15.288,51.431],[15.292,51.426],[15.293,51.423],[15.298,51.42],[15.315,51.418],[15.321,51.411],[15.321,51.408],[15.326,51.408],[15.334,51.41],[15.328,51.414],[15.325,51.418],[15.328,51.422],[15.328,51.43],[15.335,51.437],[15.338,51.442],[15.343,51.447],[15.334,51.452],[15.339,51.474],[15.347,51.472],[15.362,51.471],[15.372,51.47],[15.379,51.47],[15.38,51.474],[15.38,51.48],[15.371,51.48],[15.369,51.486],[15.37,51.49],[15.367,51.493],[15.369,51.496],[15.369,51.501],[15.371,51.508],[15.378,51.509],[15.382,51.512],[15.38,51.514],[15.385,51.518],[15.385,51.528],[15.394,51.529],[15.397,51.531],[15.401,51.527],[15.404,51.522],[15.407,51.52],[15.418,51.523],[15.435,51.525],[15.437,51.527],[15.452,51.525],[15.458,51.521],[15.462,51.522],[15.471,51.518],[15.469,51.515],[15.482,51.513],[15.486,51.514],[15.484,51.521],[15.488,51.522],[15.488,51.528],[15.592,51.471],[15.596,51.47],[15.592,51.463],[15.587,51.457],[15.583,51.456],[15.581,51.453],[15.586,51.452],[15.591,51.449],[15.593,51.452],[15.601,51.448],[15.616,51.459],[15.623,51.464],[15.624,51.472],[15.635,51.472],[15.635,51.479],[15.645,51.479],[15.647,51.476],[15.655,51.472],[15.66,51.477],[15.664,51.485],[15.661,51.488],[15.667,51.489],[15.668,51.499],[15.673,51.499],[15.673,51.506],[15.679,51.506],[15.679,51.512],[15.701,51.512],[15.701,51.517],[15.714,51.517],[15.714,51.522],[15.711,51.524],[15.712,51.526],[15.711,51.53],[15.713,51.543],[15.712,51.547],[15.703,51.546],[15.703,51.552],[15.706,51.553],[15.707,51.556],[15.716,51.554],[15.724,51.552],[15.742,51.556],[15.769,51.57],[15.808,51.573],[15.811,51.573],[15.824,51.573],[15.824,51.574],[15.816,51.602],[15.823,51.609],[15.823,51.613],[15.827,51.616],[15.834,51.622],[15.83,51.637],[15.838,51.645],[15.853,51.65],[15.856,51.652],[15.856,51.657],[15.852,51.66],[15.843,51.661],[15.845,51.664],[15.85,51.665],[15.841,51.667],[15.834,51.672],[15.845,51.675],[15.842,51.682],[15.847,51.682],[15.853,51.684],[15.855,51.689],[15.869,51.691],[15.866,51.693],[15.865,51.699],[15.866,51.702],[15.865,51.707],[15.868,51.708],[15.868,51.716],[15.872,51.721],[15.878,51.719],[15.885,51.721],[15.892,51.729],[15.897,51.731],[15.901,51.73],[15.913,51.726],[15.922,51.73],[15.926,51.729],[15.93,51.738],[15.947,51.736],[15.952,51.734],[15.955,51.736],[15.963,51.734],[15.964,51.737],[15.961,51.744],[15.968,51.745],[15.973,51.744],[15.977,51.748],[15.969,51.768],[15.977,51.769],[15.98,51.774],[15.989,51.769],[16.006,51.773],[16.009,51.776],[16.003,51.778],[15.998,51.777],[15.995,51.778],[15.982,51.779],[15.977,51.782],[15.972,51.783],[15.968,51.788],[15.966,51.791],[15.969,51.795],[15.977,51.796],[15.982,51.801],[15.979,51.802],[15.995,51.805],[15.996,51.801],[16.001,51.804],[16.004,51.801],[16.01,51.801],[16.018,51.801],[16.022,51.803],[16.029,51.802],[16.035,51.795],[16.034,51.785],[16.035,51.782],[16.04,51.781],[16.043,51.784],[16.058,51.782],[16.07,51.783],[16.073,51.778],[16.078,51.777],[16.08,51.773],[16.092,51.77],[16.091,51.768],[16.1,51.766],[16.101,51.767],[16.116,51.764],[16.118,51.766],[16.134,51.765],[16.133,51.759],[16.152,51.76],[16.158,51.759],[16.165,51.76],[16.173,51.764],[16.178,51.764],[16.162,51.72],[16.159,51.718],[16.161,51.716],[16.16,51.712],[16.167,51.71],[16.172,51.709],[16.173,51.712],[16.181,51.711],[16.186,51.716],[16.189,51.715],[16.199,51.718],[16.202,51.714],[16.218,51.715],[16.221,51.707],[16.228,51.699],[16.224,51.697],[16.232,51.691],[16.239,51.688],[16.252,51.686],[16.255,51.679],[16.263,51.675],[16.266,51.671],[16.268,51.666],[16.27,51.664],[16.271,51.668],[16.276,51.672],[16.268,51.678],[16.269,51.684],[16.276,51.688],[16.289,51.69],[16.3,51.69],[16.298,51.694],[16.302,51.695],[16.304,51.699],[16.317,51.703],[16.327,51.702],[16.338,51.706],[16.34,51.709],[16.348,51.709],[16.348,51.713],[16.356,51.716],[16.359,51.721],[16.369,51.729],[16.364,51.735],[16.362,51.736],[16.363,51.742],[16.371,51.745],[16.373,51.75],[16.378,51.753],[16.376,51.756],[16.376,51.762],[16.38,51.768],[16.383,51.77],[16.395,51.767],[16.398,51.771],[16.407,51.772],[16.411,51.779],[16.409,51.78],[16.417,51.783],[16.416,51.785],[16.411,51.784],[16.399,51.79],[16.393,51.787],[16.389,51.791],[16.39,51.795],[16.393,51.796],[16.401,51.804],[16.402,51.811],[16.401,51.814],[16.394,51.82],[16.395,51.823],[16.4,51.83],[16.399,51.836],[16.401,51.838],[16.379,51.839],[16.387,51.846],[16.381,51.85],[16.37,51.855],[16.358,51.857],[16.351,51.863],[16.341,51.869],[16.335,51.871],[16.337,51.875],[16.346,51.875],[16.352,51.881],[16.334,51.884],[16.321,51.887],[16.313,51.886],[16.308,51.888],[16.3,51.893],[16.293,51.895],[16.287,51.9],[16.278,51.9],[16.279,51.898],[16.273,51.895],[16.267,51.898],[16.248,51.901],[16.246,51.896],[16.246,51.891],[16.244,51.888],[16.234,51.881],[16.229,51.876],[16.224,51.875],[16.215,51.87],[16.2,51.872],[16.194,51.88],[16.193,51.885],[16.181,51.883],[16.172,51.883],[16.169,51.884],[16.162,51.89],[16.162,51.892],[16.153,51.892],[16.144,51.895],[16.14,51.894],[16.134,51.896],[16.123,51.896],[16.106,51.896],[16.103,51.893],[16.099,51.902],[16.103,51.905],[16.109,51.904],[16.118,51.912],[16.125,51.916],[16.133,51.917],[16.132,51.92],[16.138,51.925],[16.134,51.932],[16.127,51.932],[16.126,51.934],[16.129,51.939],[16.126,51.942],[16.131,51.944],[16.124,51.951],[16.137,51.954],[16.135,51.961],[16.135,51.967],[16.131,51.972],[16.133,51.972],[16.13,51.979],[16.124,51.985],[16.121,51.992],[16.123,51.993],[16.106,51.997],[16.093,51.99],[16.084,51.987],[16.079,51.983],[16.061,51.977],[16.049,51.978],[16.032,51.978],[16.011,51.981],[16.006,51.993],[16.003,51.996],[15.996,52],[15.985,52.004],[15.987,51.998],[15.984,51.998],[15.975,51.998],[15.969,52.003],[15.969,52.007],[15.968,52.014],[15.965,52.018],[15.966,52.027],[15.966,52.031],[15.964,52.034],[15.993,52.035],[15.989,52.043],[15.992,52.05],[16.001,52.054],[16.006,52.054],[16,52.06],[15.997,52.059],[15.989,52.061],[15.987,52.065],[15.988,52.067],[15.986,52.07],[15.983,52.07],[15.976,52.074],[15.97,52.075],[15.972,52.077],[15.967,52.082],[15.947,52.087],[15.941,52.088],[15.932,52.088],[15.933,52.084],[15.93,52.08],[15.927,52.077],[15.924,52.067],[15.921,52.069],[15.898,52.077],[15.898,52.078],[15.89,52.084],[15.886,52.084],[15.877,52.088],[15.865,52.086],[15.86,52.086],[15.853,52.095],[15.848,52.099],[15.845,52.098],[15.834,52.108],[15.833,52.111],[15.849,52.114],[15.854,52.118],[15.855,52.122],[15.862,52.125],[15.867,52.129],[15.875,52.13],[15.879,52.144],[15.881,52.147],[15.884,52.156],[15.881,52.156],[15.882,52.162],[15.869,52.166],[15.867,52.168],[15.858,52.169],[15.859,52.174],[15.862,52.177],[15.861,52.183],[15.858,52.188],[15.86,52.191],[15.86,52.195],[15.861,52.198],[15.853,52.21],[15.85,52.213]]]}},{"type":"Feature","properties":{"id":805,"name":"województwo łódzkie","bbox":[18.075,50.843,20.659,52.394]},"geometry":{"type":"Polygon","coordinates":[[[19.736,52.259],[19.729,52.268],[19.703,52.276],[19.699,52.279],[19.695,52.271],[19.684,52.263],[19.69,52.259],[19.67,52.256],[19.655,52.254],[19.648,52.254],[19.635,52.256],[19.632,52.262],[19.624,52.264],[19.634,52.274],[19.631,52.278],[19.626,52.278],[19.614,52.276],[19.616,52.288],[19.607,52.29],[19.603,52.289],[19.579,52.29],[19.577,52.292],[19.547,52.294],[19.546,52.297],[19.536,52.302],[19.538,52.305],[19.52,52.304],[19.517,52.305],[19.512,52.311],[19.505,52.315],[19.492,52.32],[19.497,52.325],[19.502,52.333],[19.496,52.335],[19.463,52.343],[19.455,52.35],[19.448,52.352],[19.444,52.345],[19.439,52.341],[19.426,52.337],[19.422,52.339],[19.407,52.339],[19.406,52.345],[19.397,52.344],[19.381,52.344],[19.377,52.341],[19.372,52.341],[19.358,52.342],[19.348,52.347],[19.338,52.348],[19.334,52.347],[19.332,52.349],[19.322,52.348],[19.326,52.354],[19.329,52.361],[19.323,52.369],[19.315,52.372],[19.305,52.369],[19.297,52.369],[19.291,52.373],[19.295,52.378],[19.301,52.381],[19.309,52.382],[19.308,52.387],[19.301,52.388],[19.302,52.392],[19.289,52.393],[19.28,52.394],[19.273,52.394],[19.268,52.389],[19.261,52.388],[19.264,52.384],[19.251,52.376],[19.236,52.369],[19.237,52.362],[19.23,52.363],[19.225,52.362],[19.219,52.365],[19.21,52.366],[19.207,52.358],[19.212,52.357],[19.209,52.353],[19.217,52.348],[19.225,52.344],[19.218,52.341],[19.209,52.346],[19.201,52.351],[19.206,52.356],[19.199,52.36],[19.193,52.353],[19.187,52.349],[19.183,52.347],[19.181,52.349],[19.167,52.343],[19.16,52.341],[19.151,52.347],[19.145,52.346],[19.136,52.344],[19.124,52.343],[19.115,52.344],[19.1,52.348],[19.083,52.343],[19.076,52.34],[19.069,52.338],[19.057,52.338],[19.06,52.332],[19.054,52.332],[19.047,52.333],[19.047,52.326],[19.045,52.318],[19.031,52.318],[19.036,52.315],[19.039,52.299],[19.046,52.296],[19.042,52.291],[19.038,52.28],[19.03,52.273],[19.031,52.27],[19.045,52.271],[19.048,52.273],[19.055,52.274],[19.06,52.272],[19.074,52.273],[19.075,52.271],[19.088,52.27],[19.095,52.271],[19.1,52.266],[19.102,52.254],[19.101,52.249],[19.104,52.246],[19.102,52.243],[19.096,52.24],[19.081,52.238],[19.08,52.231],[19.074,52.23],[19.071,52.228],[19.073,52.223],[19.082,52.223],[19.09,52.207],[19.078,52.2],[19.052,52.213],[19.02,52.215],[19,52.211],[18.992,52.214],[18.981,52.208],[18.97,52.206],[18.97,52.203],[18.964,52.202],[18.964,52.206],[18.951,52.195],[18.943,52.199],[18.94,52.197],[18.931,52.199],[18.928,52.196],[18.924,52.196],[18.918,52.186],[18.916,52.174],[18.916,52.161],[18.91,52.156],[18.909,52.153],[18.909,52.141],[18.911,52.133],[18.913,52.13],[18.919,52.129],[18.932,52.123],[18.943,52.128],[18.943,52.125],[18.947,52.125],[18.95,52.119],[18.944,52.106],[18.944,52.103],[18.94,52.101],[18.935,52.104],[18.931,52.104],[18.929,52.091],[18.925,52.079],[18.918,52.079],[18.914,52.08],[18.904,52.08],[18.902,52.084],[18.892,52.081],[18.884,52.081],[18.877,52.085],[18.872,52.085],[18.867,52.088],[18.861,52.086],[18.852,52.085],[18.853,52.081],[18.842,52.08],[18.84,52.072],[18.828,52.064],[18.819,52.065],[18.819,52.07],[18.814,52.068],[18.804,52.066],[18.797,52.063],[18.795,52.061],[18.787,52.061],[18.772,52.064],[18.764,52.067],[18.76,52.072],[18.754,52.074],[18.753,52.076],[18.724,52.065],[18.718,52.066],[18.72,52.063],[18.719,52.06],[18.722,52.056],[18.722,52.054],[18.718,52.048],[18.717,52.044],[18.719,52.04],[18.718,52.037],[18.715,52.034],[18.727,52.021],[18.73,52.014],[18.726,52.013],[18.73,52.007],[18.731,52.004],[18.735,52.003],[18.718,51.995],[18.717,51.993],[18.722,51.99],[18.721,51.988],[18.726,51.985],[18.731,51.985],[18.733,51.979],[18.732,51.977],[18.733,51.968],[18.716,51.97],[18.715,51.968],[18.724,51.958],[18.728,51.958],[18.73,51.955],[18.738,51.963],[18.741,51.951],[18.736,51.945],[18.741,51.945],[18.745,51.94],[18.743,51.937],[18.768,51.928],[18.766,51.925],[18.761,51.922],[18.757,51.917],[18.754,51.913],[18.751,51.911],[18.749,51.908],[18.736,51.901],[18.739,51.899],[18.735,51.895],[18.735,51.892],[18.732,51.888],[18.728,51.886],[18.721,51.877],[18.721,51.873],[18.718,51.871],[18.713,51.869],[18.709,51.871],[18.697,51.866],[18.699,51.857],[18.701,51.853],[18.7,51.85],[18.695,51.85],[18.696,51.847],[18.693,51.845],[18.691,51.834],[18.687,51.833],[18.69,51.828],[18.689,51.827],[18.689,51.822],[18.684,51.821],[18.677,51.824],[18.671,51.824],[18.665,51.826],[18.648,51.827],[18.642,51.834],[18.63,51.831],[18.613,51.835],[18.608,51.841],[18.6,51.846],[18.595,51.848],[18.589,51.846],[18.579,51.846],[18.569,51.844],[18.559,51.845],[18.549,51.845],[18.546,51.843],[18.54,51.843],[18.534,51.841],[18.534,51.836],[18.521,51.834],[18.515,51.835],[18.509,51.842],[18.51,51.85],[18.507,51.854],[18.494,51.852],[18.493,51.851],[18.484,51.85],[18.472,51.851],[18.469,51.845],[18.471,51.842],[18.469,51.839],[18.465,51.838],[18.464,51.835],[18.467,51.832],[18.468,51.825],[18.472,51.82],[18.464,51.821],[18.456,51.825],[18.447,51.827],[18.439,51.826],[18.443,51.817],[18.441,51.809],[18.444,51.806],[18.442,51.804],[18.444,51.798],[18.437,51.798],[18.437,51.794],[18.426,51.792],[18.426,51.795],[18.429,51.802],[18.425,51.801],[18.424,51.793],[18.409,51.792],[18.412,51.788],[18.417,51.785],[18.42,51.78],[18.425,51.778],[18.426,51.774],[18.429,51.773],[18.433,51.765],[18.43,51.757],[18.422,51.758],[18.42,51.757],[18.417,51.749],[18.405,51.75],[18.405,51.747],[18.416,51.745],[18.42,51.741],[18.423,51.736],[18.421,51.727],[18.416,51.726],[18.408,51.727],[18.407,51.724],[18.401,51.724],[18.404,51.72],[18.411,51.716],[18.411,51.71],[18.41,51.706],[18.414,51.705],[18.412,51.701],[18.403,51.7],[18.393,51.701],[18.396,51.698],[18.397,51.696],[18.388,51.695],[18.385,51.695],[18.379,51.689],[18.38,51.684],[18.364,51.682],[18.361,51.679],[18.358,51.672],[18.358,51.667],[18.356,51.661],[18.369,51.658],[18.381,51.652],[18.38,51.647],[18.375,51.638],[18.37,51.634],[18.362,51.634],[18.353,51.634],[18.354,51.63],[18.35,51.627],[18.358,51.626],[18.365,51.624],[18.365,51.621],[18.368,51.617],[18.353,51.607],[18.348,51.601],[18.352,51.601],[18.377,51.6],[18.378,51.592],[18.37,51.591],[18.372,51.587],[18.371,51.581],[18.373,51.577],[18.37,51.573],[18.37,51.57],[18.366,51.568],[18.365,51.564],[18.368,51.562],[18.369,51.556],[18.368,51.55],[18.373,51.547],[18.369,51.544],[18.363,51.542],[18.36,51.54],[18.359,51.536],[18.361,51.531],[18.372,51.523],[18.38,51.518],[18.383,51.477],[18.377,51.475],[18.377,51.473],[18.358,51.467],[18.356,51.464],[18.357,51.46],[18.356,51.457],[18.351,51.449],[18.346,51.447],[18.341,51.441],[18.34,51.43],[18.335,51.426],[18.326,51.42],[18.323,51.422],[18.313,51.425],[18.306,51.426],[18.296,51.43],[18.289,51.43],[18.279,51.433],[18.275,51.435],[18.262,51.438],[18.255,51.439],[18.246,51.444],[18.238,51.448],[18.228,51.452],[18.213,51.454],[18.211,51.452],[18.216,51.448],[18.203,51.444],[18.188,51.441],[18.194,51.437],[18.198,51.436],[18.206,51.433],[18.207,51.428],[18.211,51.423],[18.209,51.418],[18.206,51.417],[18.204,51.414],[18.207,51.41],[18.209,51.406],[18.207,51.402],[18.2,51.396],[18.197,51.395],[18.194,51.392],[18.195,51.39],[18.19,51.387],[18.184,51.388],[18.167,51.389],[18.149,51.391],[18.138,51.378],[18.135,51.361],[18.13,51.362],[18.127,51.358],[18.11,51.359],[18.099,51.362],[18.093,51.358],[18.085,51.354],[18.077,51.352],[18.075,51.35],[18.081,51.346],[18.093,51.341],[18.092,51.327],[18.093,51.326],[18.113,51.311],[18.111,51.305],[18.114,51.297],[18.11,51.293],[18.112,51.29],[18.12,51.287],[18.114,51.285],[18.105,51.286],[18.106,51.282],[18.117,51.277],[18.113,51.273],[18.11,51.273],[18.108,51.269],[18.103,51.268],[18.107,51.263],[18.11,51.26],[18.119,51.262],[18.118,51.265],[18.124,51.265],[18.128,51.269],[18.137,51.27],[18.138,51.264],[18.153,51.264],[18.151,51.273],[18.157,51.273],[18.16,51.274],[18.171,51.271],[18.171,51.261],[18.168,51.257],[18.167,51.251],[18.169,51.246],[18.167,51.243],[18.171,51.242],[18.176,51.236],[18.175,51.231],[18.178,51.224],[18.18,51.223],[18.178,51.219],[18.173,51.218],[18.17,51.212],[18.165,51.212],[18.164,51.206],[18.162,51.206],[18.163,51.192],[18.174,51.192],[18.167,51.181],[18.169,51.18],[18.164,51.173],[18.164,51.168],[18.168,51.164],[18.179,51.16],[18.182,51.161],[18.187,51.157],[18.196,51.158],[18.207,51.156],[18.21,51.156],[18.22,51.155],[18.224,51.157],[18.231,51.156],[18.234,51.158],[18.24,51.159],[18.246,51.156],[18.248,51.157],[18.254,51.156],[18.259,51.158],[18.265,51.156],[18.27,51.151],[18.278,51.148],[18.289,51.147],[18.299,51.14],[18.302,51.14],[18.305,51.135],[18.315,51.134],[18.317,51.136],[18.323,51.138],[18.333,51.139],[18.337,51.138],[18.347,51.138],[18.35,51.137],[18.367,51.137],[18.375,51.134],[18.375,51.132],[18.383,51.129],[18.389,51.129],[18.393,51.126],[18.399,51.126],[18.406,51.124],[18.419,51.126],[18.422,51.117],[18.429,51.118],[18.43,51.116],[18.437,51.114],[18.443,51.115],[18.453,51.115],[18.465,51.12],[18.468,51.112],[18.467,51.111],[18.47,51.104],[18.481,51.1],[18.478,51.092],[18.489,51.091],[18.494,51.093],[18.499,51.1],[18.504,51.1],[18.511,51.103],[18.515,51.104],[18.52,51.109],[18.517,51.111],[18.52,51.116],[18.516,51.121],[18.515,51.133],[18.517,51.136],[18.523,51.141],[18.533,51.138],[18.54,51.138],[18.544,51.141],[18.548,51.141],[18.554,51.139],[18.563,51.126],[18.568,51.119],[18.564,51.112],[18.561,51.111],[18.562,51.107],[18.568,51.102],[18.57,51.1],[18.579,51.094],[18.581,51.091],[18.577,51.084],[18.578,51.082],[18.592,51.081],[18.6,51.082],[18.608,51.082],[18.612,51.08],[18.623,51.077],[18.627,51.071],[18.637,51.063],[18.648,51.061],[18.661,51.055],[18.665,51.054],[18.673,51.057],[18.691,51.061],[18.695,51.061],[18.702,51.063],[18.703,51.064],[18.716,51.066],[18.721,51.065],[18.732,51.066],[18.739,51.063],[18.749,51.062],[18.762,51.063],[18.768,51.065],[18.777,51.066],[18.785,51.065],[18.793,51.064],[18.803,51.063],[18.801,51.071],[18.817,51.073],[18.818,51.068],[18.857,51.073],[18.863,51.073],[18.875,51.067],[18.883,51.061],[18.884,51.059],[18.894,51.06],[18.9,51.062],[18.896,51.067],[18.9,51.079],[18.907,51.085],[18.919,51.098],[18.923,51.099],[18.925,51.097],[18.932,51.093],[18.939,51.091],[18.946,51.092],[18.949,51.09],[18.956,51.09],[18.96,51.088],[18.962,51.085],[18.972,51.08],[18.975,51.081],[18.981,51.08],[18.985,51.077],[18.993,51.076],[19,51.071],[19.012,51.067],[19.009,51.06],[19.012,51.059],[19.016,51.053],[19.018,51.051],[19.028,51.05],[19.033,51.047],[19.043,51.045],[19.056,51.04],[19.053,51.032],[19.047,51.029],[19.05,51.026],[19.056,51.024],[19.073,51.036],[19.082,51.035],[19.089,51.033],[19.095,51.031],[19.104,51.026],[19.107,51.022],[19.108,51.016],[19.111,51.012],[19.115,51.009],[19.124,51],[19.133,51],[19.133,51.003],[19.128,51.003],[19.127,51.006],[19.133,51.011],[19.15,51.01],[19.145,51.002],[19.162,51.001],[19.165,50.995],[19.206,50.986],[19.214,50.986],[19.224,50.986],[19.231,50.988],[19.235,50.991],[19.241,50.99],[19.246,50.994],[19.246,50.997],[19.253,51.002],[19.257,51.003],[19.256,51.006],[19.249,51.019],[19.247,51.019],[19.243,51.024],[19.247,51.032],[19.243,51.037],[19.25,51.04],[19.256,51.036],[19.26,51.031],[19.266,51.032],[19.27,51.036],[19.282,51.04],[19.288,51.044],[19.292,51.045],[19.301,51.043],[19.31,51.046],[19.311,51.048],[19.323,51.046],[19.331,51.039],[19.33,51.036],[19.319,51.028],[19.32,51.025],[19.319,51.02],[19.324,51.019],[19.327,51.017],[19.329,51.013],[19.347,51.011],[19.362,51.004],[19.352,50.996],[19.356,50.993],[19.363,50.992],[19.368,50.995],[19.375,50.994],[19.381,50.996],[19.389,51.001],[19.392,51.001],[19.395,50.995],[19.398,50.996],[19.402,50.994],[19.401,50.992],[19.402,50.988],[19.407,50.985],[19.411,50.981],[19.403,50.975],[19.41,50.974],[19.413,50.975],[19.424,50.971],[19.429,50.966],[19.432,50.965],[19.433,50.955],[19.436,50.947],[19.438,50.944],[19.445,50.939],[19.446,50.935],[19.456,50.931],[19.465,50.927],[19.463,50.926],[19.466,50.921],[19.47,50.917],[19.467,50.909],[19.463,50.91],[19.464,50.896],[19.474,50.892],[19.467,50.889],[19.471,50.886],[19.483,50.884],[19.486,50.88],[19.498,50.88],[19.503,50.884],[19.509,50.881],[19.521,50.889],[19.525,50.894],[19.535,50.896],[19.542,50.899],[19.55,50.9],[19.555,50.901],[19.562,50.905],[19.564,50.908],[19.57,50.908],[19.578,50.907],[19.578,50.905],[19.588,50.905],[19.588,50.903],[19.594,50.9],[19.614,50.877],[19.618,50.881],[19.631,50.879],[19.642,50.879],[19.657,50.876],[19.661,50.875],[19.66,50.868],[19.658,50.863],[19.661,50.858],[19.661,50.855],[19.668,50.854],[19.67,50.849],[19.675,50.848],[19.68,50.849],[19.683,50.845],[19.695,50.844],[19.699,50.844],[19.728,50.843],[19.729,50.849],[19.741,50.852],[19.746,50.857],[19.744,50.86],[19.746,50.861],[19.747,50.866],[19.759,50.872],[19.775,50.878],[19.777,50.88],[19.776,50.885],[19.782,50.885],[19.787,50.887],[19.788,50.892],[19.791,50.898],[19.789,50.901],[19.796,50.909],[19.808,50.907],[19.814,50.91],[19.818,50.912],[19.823,50.915],[19.836,50.918],[19.841,50.923],[19.849,50.936],[19.845,50.941],[19.845,50.945],[19.842,50.948],[19.835,50.95],[19.832,50.958],[19.83,50.959],[19.831,50.965],[19.83,50.968],[19.833,50.977],[19.835,50.977],[19.847,50.993],[19.854,50.999],[19.863,51.005],[19.86,51.014],[19.861,51.019],[19.867,51.022],[19.864,51.023],[19.868,51.027],[19.869,51.032],[19.866,51.034],[19.869,51.038],[19.872,51.038],[19.874,51.043],[19.876,51.048],[19.886,51.048],[19.897,51.029],[19.9,51.028],[19.908,51.027],[19.921,51.026],[19.922,51.025],[19.937,51.025],[19.936,51.011],[19.94,51.009],[19.948,51.013],[19.956,51.006],[19.959,51.002],[19.956,50.992],[19.958,50.99],[19.967,50.986],[20.018,50.962],[20.021,50.965],[20.024,50.97],[20.03,50.972],[20.036,50.973],[20.039,50.983],[20.038,50.985],[20.039,50.99],[20.034,50.992],[20.033,50.995],[20.035,50.999],[20.04,51],[20.043,51.003],[20.045,51.007],[20.048,51.009],[20.049,51.016],[20.051,51.017],[20.048,51.022],[20.051,51.026],[20.049,51.029],[20.051,51.033],[20.048,51.054],[20.056,51.058],[20.049,51.062],[20.045,51.061],[20.045,51.069],[20.032,51.07],[20.017,51.07],[19.982,51.073],[19.986,51.078],[19.989,51.087],[19.989,51.093],[19.993,51.101],[19.99,51.111],[19.992,51.113],[19.988,51.119],[19.989,51.126],[19.988,51.131],[19.986,51.135],[19.994,51.134],[19.992,51.138],[19.988,51.139],[20.013,51.155],[20.017,51.152],[20.022,51.155],[20.023,51.16],[20.026,51.165],[19.994,51.184],[19.999,51.188],[20.01,51.191],[20.011,51.195],[20.025,51.199],[20.026,51.2],[20.053,51.203],[20.06,51.199],[20.06,51.196],[20.056,51.194],[20.058,51.191],[20.062,51.194],[20.064,51.197],[20.068,51.195],[20.08,51.193],[20.082,51.194],[20.095,51.191],[20.099,51.191],[20.11,51.194],[20.116,51.192],[20.119,51.189],[20.126,51.191],[20.135,51.191],[20.14,51.193],[20.147,51.191],[20.15,51.192],[20.159,51.194],[20.158,51.198],[20.177,51.196],[20.179,51.207],[20.192,51.204],[20.196,51.206],[20.201,51.204],[20.202,51.2],[20.206,51.199],[20.207,51.203],[20.215,51.209],[20.217,51.204],[20.217,51.199],[20.221,51.199],[20.226,51.201],[20.232,51.201],[20.238,51.208],[20.252,51.207],[20.255,51.212],[20.258,51.212],[20.26,51.216],[20.264,51.216],[20.265,51.22],[20.251,51.222],[20.254,51.23],[20.256,51.235],[20.253,51.241],[20.243,51.243],[20.243,51.246],[20.246,51.25],[20.246,51.257],[20.253,51.256],[20.26,51.259],[20.262,51.255],[20.26,51.251],[20.265,51.251],[20.273,51.246],[20.278,51.244],[20.298,51.244],[20.31,51.243],[20.33,51.254],[20.335,51.255],[20.354,51.25],[20.36,51.241],[20.371,51.237],[20.376,51.243],[20.38,51.246],[20.375,51.262],[20.386,51.263],[20.385,51.269],[20.39,51.272],[20.383,51.281],[20.365,51.308],[20.366,51.311],[20.379,51.314],[20.385,51.319],[20.403,51.319],[20.41,51.319],[20.414,51.321],[20.41,51.326],[20.42,51.326],[20.424,51.328],[20.424,51.333],[20.433,51.334],[20.433,51.339],[20.431,51.339],[20.431,51.347],[20.426,51.354],[20.423,51.354],[20.422,51.363],[20.426,51.366],[20.429,51.37],[20.43,51.375],[20.428,51.378],[20.434,51.383],[20.434,51.386],[20.443,51.395],[20.442,51.398],[20.447,51.41],[20.452,51.412],[20.459,51.409],[20.468,51.41],[20.472,51.409],[20.48,51.41],[20.484,51.413],[20.485,51.416],[20.49,51.421],[20.492,51.425],[20.486,51.432],[20.488,51.441],[20.498,51.442],[20.497,51.449],[20.512,51.451],[20.518,51.455],[20.524,51.456],[20.527,51.46],[20.526,51.462],[20.534,51.463],[20.527,51.468],[20.528,51.474],[20.526,51.482],[20.523,51.482],[20.52,51.51],[20.5,51.506],[20.501,51.503],[20.494,51.502],[20.495,51.5],[20.482,51.501],[20.473,51.501],[20.466,51.5],[20.456,51.502],[20.452,51.504],[20.45,51.509],[20.45,51.517],[20.452,51.526],[20.454,51.528],[20.458,51.541],[20.456,51.542],[20.459,51.549],[20.466,51.554],[20.468,51.558],[20.467,51.561],[20.462,51.566],[20.461,51.574],[20.441,51.571],[20.433,51.575],[20.438,51.582],[20.434,51.59],[20.433,51.593],[20.43,51.599],[20.422,51.601],[20.415,51.604],[20.417,51.607],[20.423,51.606],[20.422,51.61],[20.425,51.612],[20.419,51.62],[20.419,51.63],[20.413,51.631],[20.415,51.634],[20.406,51.635],[20.403,51.634],[20.391,51.636],[20.385,51.642],[20.393,51.647],[20.395,51.651],[20.391,51.656],[20.39,51.66],[20.395,51.663],[20.395,51.667],[20.4,51.673],[20.407,51.673],[20.409,51.675],[20.42,51.677],[20.423,51.676],[20.428,51.679],[20.439,51.681],[20.442,51.685],[20.437,51.688],[20.441,51.69],[20.451,51.686],[20.451,51.69],[20.458,51.692],[20.466,51.696],[20.467,51.693],[20.48,51.686],[20.486,51.685],[20.488,51.684],[20.497,51.686],[20.515,51.686],[20.515,51.674],[20.519,51.674],[20.523,51.677],[20.523,51.666],[20.535,51.669],[20.573,51.663],[20.584,51.663],[20.595,51.657],[20.597,51.659],[20.621,51.658],[20.623,51.662],[20.621,51.665],[20.624,51.669],[20.63,51.67],[20.634,51.67],[20.637,51.676],[20.641,51.677],[20.653,51.677],[20.657,51.694],[20.659,51.699],[20.659,51.703],[20.657,51.705],[20.657,51.709],[20.655,51.713],[20.655,51.717],[20.658,51.724],[20.654,51.726],[20.649,51.73],[20.641,51.731],[20.638,51.733],[20.639,51.738],[20.62,51.743],[20.614,51.743],[20.602,51.746],[20.583,51.748],[20.584,51.762],[20.592,51.766],[20.595,51.769],[20.593,51.777],[20.586,51.778],[20.584,51.782],[20.587,51.784],[20.582,51.792],[20.579,51.794],[20.582,51.805],[20.581,51.811],[20.561,51.812],[20.558,51.818],[20.562,51.821],[20.576,51.821],[20.608,51.816],[20.608,51.819],[20.619,51.82],[20.619,51.828],[20.615,51.827],[20.6,51.827],[20.596,51.84],[20.606,51.85],[20.591,51.849],[20.591,51.86],[20.59,51.862],[20.584,51.868],[20.584,51.871],[20.576,51.872],[20.575,51.873],[20.57,51.874],[20.567,51.877],[20.569,51.888],[20.563,51.888],[20.539,51.891],[20.519,51.892],[20.51,51.894],[20.498,51.89],[20.493,51.893],[20.489,51.894],[20.487,51.897],[20.479,51.9],[20.491,51.91],[20.486,51.92],[20.478,51.92],[20.479,51.927],[20.475,51.931],[20.457,51.933],[20.444,51.939],[20.446,51.941],[20.44,51.943],[20.433,51.937],[20.424,51.941],[20.419,51.934],[20.414,51.93],[20.398,51.931],[20.395,51.932],[20.393,51.938],[20.389,51.942],[20.382,51.942],[20.371,51.938],[20.372,51.934],[20.378,51.939],[20.384,51.937],[20.373,51.924],[20.366,51.927],[20.36,51.928],[20.354,51.92],[20.324,51.922],[20.319,51.913],[20.312,51.912],[20.308,51.916],[20.312,51.919],[20.312,51.929],[20.31,51.935],[20.304,51.936],[20.297,51.936],[20.292,51.94],[20.269,51.935],[20.266,51.931],[20.243,51.934],[20.241,51.951],[20.294,51.967],[20.293,51.968],[20.272,51.971],[20.272,51.982],[20.266,51.986],[20.26,51.991],[20.262,51.993],[20.255,51.996],[20.262,52],[20.25,52.006],[20.243,51.999],[20.233,52.002],[20.226,52.005],[20.222,52.009],[20.214,52.012],[20.211,52.018],[20.204,52.022],[20.202,52.025],[20.199,52.026],[20.201,52.03],[20.206,52.028],[20.253,52.055],[20.251,52.056],[20.248,52.061],[20.249,52.067],[20.243,52.073],[20.246,52.076],[20.258,52.077],[20.27,52.077],[20.268,52.083],[20.268,52.091],[20.271,52.094],[20.269,52.101],[20.257,52.106],[20.252,52.117],[20.241,52.118],[20.217,52.118],[20.213,52.119],[20.206,52.115],[20.202,52.115],[20.189,52.121],[20.184,52.125],[20.178,52.132],[20.165,52.139],[20.161,52.143],[20.164,52.147],[20.161,52.151],[20.153,52.151],[20.135,52.145],[20.125,52.144],[20.116,52.144],[20.117,52.146],[20.091,52.153],[20.087,52.158],[20.087,52.168],[20.081,52.175],[20.073,52.179],[20.068,52.184],[20.067,52.188],[20.062,52.188],[20.063,52.199],[20.071,52.214],[20.076,52.225],[20.08,52.233],[20.073,52.238],[20.058,52.242],[20.038,52.247],[20.042,52.258],[20.032,52.259],[20.018,52.262],[19.996,52.262],[19.986,52.262],[19.972,52.266],[19.965,52.268],[19.963,52.272],[19.958,52.278],[19.959,52.285],[19.954,52.283],[19.939,52.289],[19.936,52.296],[19.936,52.3],[19.928,52.299],[19.919,52.298],[19.911,52.3],[19.902,52.304],[19.903,52.309],[19.886,52.31],[19.869,52.299],[19.862,52.291],[19.867,52.289],[19.87,52.29],[19.878,52.289],[19.875,52.285],[19.867,52.282],[19.861,52.278],[19.851,52.274],[19.848,52.272],[19.84,52.272],[19.829,52.275],[19.822,52.282],[19.816,52.284],[19.806,52.279],[19.79,52.28],[19.789,52.276],[19.793,52.274],[19.773,52.265],[19.766,52.262],[19.759,52.263],[19.745,52.261],[19.742,52.261],[19.736,52.259]]]}},{"type":"Feature","properties":{"id":806,"name":"województwo małopolskie","bbox":[19.083,49.179,21.421,50.52]},"geometry":{"type":"Polygon","coordinates":[[[19.259,50.117],[19.255,50.129],[19.254,50.134],[19.249,50.131],[19.241,50.118],[19.239,50.111],[19.234,50.108],[19.231,50.102],[19.223,50.095],[19.223,50.088],[19.215,50.082],[19.212,50.076],[19.212,50.075],[19.218,50.073],[19.225,50.073],[19.231,50.07],[19.232,50.067],[19.224,50.068],[19.222,50.065],[19.217,50.062],[19.214,50.065],[19.21,50.064],[19.208,50.062],[19.202,50.064],[19.195,50.065],[19.182,50.06],[19.178,50.057],[19.171,50.059],[19.169,50.06],[19.163,50.057],[19.166,50.056],[19.161,50.053],[19.15,50.05],[19.148,50.047],[19.148,50.039],[19.144,50.039],[19.145,50.036],[19.142,50.032],[19.14,50.035],[19.136,50.034],[19.139,50.029],[19.143,50.028],[19.139,50.023],[19.129,50.018],[19.128,50.014],[19.124,50.011],[19.119,50.009],[19.122,50.006],[19.118,50.004],[19.117,50],[19.111,49.996],[19.12,49.992],[19.12,49.989],[19.118,49.982],[19.114,49.978],[19.113,49.972],[19.12,49.973],[19.118,49.968],[19.124,49.964],[19.116,49.958],[19.109,49.961],[19.103,49.957],[19.099,49.958],[19.093,49.957],[19.086,49.954],[19.083,49.95],[19.088,49.949],[19.091,49.951],[19.098,49.952],[19.098,49.95],[19.104,49.947],[19.105,49.943],[19.113,49.943],[19.114,49.941],[19.119,49.939],[19.126,49.938],[19.132,49.94],[19.141,49.94],[19.141,49.938],[19.152,49.94],[19.162,49.94],[19.16,49.942],[19.166,49.945],[19.166,49.947],[19.175,49.947],[19.185,49.95],[19.186,49.945],[19.184,49.944],[19.187,49.939],[19.185,49.937],[19.183,49.932],[19.186,49.932],[19.185,49.928],[19.186,49.919],[19.191,49.918],[19.194,49.913],[19.194,49.907],[19.197,49.901],[19.195,49.899],[19.194,49.891],[19.196,49.887],[19.194,49.886],[19.18,49.881],[19.173,49.88],[19.166,49.875],[19.167,49.872],[19.164,49.87],[19.157,49.866],[19.171,49.853],[19.182,49.856],[19.188,49.857],[19.196,49.86],[19.196,49.863],[19.193,49.866],[19.193,49.868],[19.198,49.869],[19.203,49.872],[19.206,49.872],[19.212,49.869],[19.221,49.869],[19.221,49.863],[19.237,49.862],[19.237,49.865],[19.251,49.864],[19.255,49.862],[19.264,49.863],[19.271,49.861],[19.281,49.854],[19.29,49.851],[19.295,49.85],[19.289,49.839],[19.288,49.824],[19.286,49.821],[19.287,49.816],[19.292,49.815],[19.297,49.809],[19.294,49.807],[19.298,49.803],[19.303,49.796],[19.308,49.793],[19.316,49.784],[19.317,49.778],[19.322,49.777],[19.339,49.773],[19.342,49.774],[19.35,49.771],[19.358,49.775],[19.366,49.778],[19.373,49.771],[19.38,49.769],[19.388,49.77],[19.395,49.766],[19.397,49.763],[19.4,49.762],[19.409,49.764],[19.411,49.772],[19.41,49.773],[19.415,49.775],[19.42,49.772],[19.426,49.764],[19.431,49.762],[19.436,49.757],[19.441,49.751],[19.446,49.742],[19.445,49.734],[19.441,49.733],[19.437,49.729],[19.428,49.727],[19.43,49.72],[19.419,49.715],[19.419,49.714],[19.411,49.71],[19.402,49.711],[19.395,49.706],[19.395,49.703],[19.391,49.698],[19.383,49.696],[19.379,49.695],[19.372,49.696],[19.371,49.693],[19.377,49.691],[19.383,49.686],[19.39,49.684],[19.392,49.677],[19.397,49.678],[19.407,49.679],[19.41,49.674],[19.414,49.673],[19.418,49.675],[19.423,49.674],[19.436,49.678],[19.441,49.681],[19.449,49.679],[19.454,49.677],[19.459,49.676],[19.465,49.668],[19.471,49.666],[19.478,49.661],[19.477,49.656],[19.469,49.648],[19.468,49.644],[19.471,49.641],[19.475,49.639],[19.48,49.632],[19.481,49.624],[19.475,49.621],[19.473,49.618],[19.467,49.614],[19.475,49.605],[19.474,49.602],[19.469,49.597],[19.476,49.592],[19.478,49.588],[19.485,49.585],[19.493,49.584],[19.497,49.582],[19.51,49.581],[19.518,49.573],[19.522,49.572],[19.529,49.573],[19.53,49.571],[19.527,49.561],[19.53,49.549],[19.529,49.541],[19.53,49.536],[19.536,49.53],[19.535,49.526],[19.54,49.525],[19.542,49.519],[19.548,49.513],[19.552,49.508],[19.554,49.499],[19.554,49.49],[19.558,49.488],[19.562,49.482],[19.566,49.481],[19.569,49.474],[19.567,49.471],[19.571,49.469],[19.576,49.464],[19.58,49.462],[19.582,49.458],[19.597,49.459],[19.606,49.453],[19.611,49.447],[19.625,49.45],[19.641,49.458],[19.643,49.455],[19.642,49.449],[19.638,49.448],[19.638,49.441],[19.644,49.437],[19.648,49.435],[19.644,49.431],[19.638,49.422],[19.635,49.413],[19.638,49.409],[19.643,49.411],[19.646,49.409],[19.651,49.41],[19.654,49.408],[19.659,49.408],[19.665,49.406],[19.681,49.402],[19.685,49.403],[19.693,49.4],[19.701,49.399],[19.703,49.395],[19.707,49.395],[19.714,49.392],[19.72,49.387],[19.73,49.392],[19.738,49.399],[19.742,49.405],[19.746,49.408],[19.768,49.413],[19.791,49.411],[19.789,49.401],[19.791,49.397],[19.791,49.384],[19.793,49.379],[19.802,49.37],[19.804,49.365],[19.801,49.359],[19.802,49.353],[19.799,49.352],[19.795,49.348],[19.795,49.345],[19.797,49.343],[19.799,49.334],[19.802,49.33],[19.805,49.323],[19.805,49.32],[19.8,49.315],[19.793,49.303],[19.795,49.296],[19.81,49.295],[19.816,49.287],[19.82,49.284],[19.823,49.277],[19.816,49.275],[19.806,49.274],[19.8,49.27],[19.792,49.268],[19.792,49.263],[19.789,49.262],[19.79,49.255],[19.785,49.247],[19.778,49.245],[19.773,49.239],[19.766,49.235],[19.769,49.231],[19.767,49.223],[19.758,49.216],[19.76,49.211],[19.763,49.208],[19.768,49.206],[19.779,49.205],[19.782,49.2],[19.784,49.199],[19.795,49.198],[19.804,49.205],[19.808,49.206],[19.816,49.202],[19.82,49.2],[19.823,49.201],[19.829,49.202],[19.835,49.197],[19.845,49.195],[19.851,49.196],[19.864,49.197],[19.869,49.196],[19.87,49.198],[19.881,49.204],[19.885,49.205],[19.887,49.208],[19.897,49.212],[19.902,49.213],[19.902,49.217],[19.905,49.22],[19.905,49.225],[19.903,49.231],[19.911,49.232],[19.919,49.236],[19.928,49.235],[19.932,49.236],[19.94,49.234],[19.943,49.234],[19.949,49.233],[19.957,49.232],[19.966,49.231],[19.971,49.23],[19.982,49.232],[19.987,49.229],[19.99,49.226],[20.009,49.22],[20.009,49.216],[20.007,49.213],[20.012,49.21],[20.013,49.207],[20.021,49.202],[20.033,49.199],[20.04,49.197],[20.043,49.193],[20.053,49.188],[20.06,49.187],[20.062,49.185],[20.067,49.183],[20.069,49.181],[20.076,49.179],[20.088,49.18],[20.087,49.188],[20.085,49.193],[20.084,49.196],[20.087,49.199],[20.086,49.204],[20.087,49.208],[20.096,49.219],[20.102,49.223],[20.102,49.226],[20.1,49.228],[20.1,49.232],[20.098,49.235],[20.098,49.238],[20.101,49.242],[20.102,49.247],[20.101,49.25],[20.102,49.253],[20.111,49.259],[20.114,49.263],[20.122,49.268],[20.128,49.276],[20.129,49.283],[20.128,49.287],[20.132,49.295],[20.13,49.296],[20.133,49.301],[20.136,49.304],[20.147,49.318],[20.152,49.318],[20.152,49.315],[20.156,49.312],[20.159,49.307],[20.158,49.303],[20.176,49.314],[20.17,49.32],[20.168,49.324],[20.174,49.325],[20.171,49.328],[20.184,49.328],[20.189,49.332],[20.19,49.338],[20.195,49.342],[20.203,49.342],[20.213,49.345],[20.214,49.348],[20.222,49.352],[20.227,49.349],[20.23,49.347],[20.241,49.349],[20.242,49.351],[20.253,49.349],[20.26,49.348],[20.266,49.347],[20.273,49.351],[20.284,49.351],[20.293,49.351],[20.295,49.35],[20.301,49.349],[20.308,49.344],[20.314,49.344],[20.32,49.347],[20.323,49.353],[20.325,49.363],[20.326,49.366],[20.326,49.371],[20.321,49.377],[20.321,49.378],[20.327,49.385],[20.33,49.391],[20.321,49.39],[20.318,49.393],[20.322,49.402],[20.325,49.403],[20.344,49.401],[20.35,49.402],[20.357,49.399],[20.362,49.398],[20.369,49.401],[20.37,49.406],[20.376,49.408],[20.381,49.403],[20.38,49.396],[20.383,49.391],[20.393,49.391],[20.408,49.393],[20.412,49.395],[20.415,49.398],[20.414,49.404],[20.42,49.406],[20.428,49.402],[20.43,49.397],[20.435,49.399],[20.434,49.402],[20.437,49.405],[20.434,49.408],[20.43,49.408],[20.429,49.415],[20.431,49.417],[20.437,49.418],[20.438,49.415],[20.446,49.412],[20.45,49.415],[20.461,49.415],[20.464,49.416],[20.472,49.415],[20.476,49.414],[20.481,49.41],[20.489,49.408],[20.49,49.406],[20.503,49.404],[20.507,49.402],[20.506,49.397],[20.51,49.393],[20.521,49.392],[20.532,49.388],[20.547,49.386],[20.555,49.381],[20.558,49.378],[20.563,49.379],[20.569,49.379],[20.574,49.376],[20.58,49.383],[20.585,49.385],[20.592,49.384],[20.601,49.389],[20.601,49.394],[20.605,49.398],[20.606,49.401],[20.614,49.402],[20.612,49.407],[20.611,49.414],[20.615,49.418],[20.62,49.418],[20.622,49.416],[20.622,49.413],[20.625,49.41],[20.638,49.408],[20.642,49.404],[20.643,49.401],[20.651,49.401],[20.66,49.403],[20.666,49.404],[20.666,49.406],[20.67,49.408],[20.676,49.412],[20.686,49.416],[20.688,49.418],[20.693,49.42],[20.699,49.421],[20.708,49.419],[20.711,49.419],[20.718,49.418],[20.723,49.42],[20.728,49.415],[20.732,49.415],[20.736,49.417],[20.745,49.414],[20.746,49.412],[20.743,49.408],[20.742,49.404],[20.748,49.402],[20.755,49.402],[20.758,49.399],[20.751,49.395],[20.748,49.392],[20.749,49.389],[20.762,49.383],[20.758,49.375],[20.763,49.371],[20.78,49.375],[20.786,49.374],[20.787,49.371],[20.782,49.366],[20.782,49.362],[20.789,49.361],[20.794,49.363],[20.8,49.363],[20.809,49.36],[20.811,49.356],[20.806,49.353],[20.806,49.358],[20.801,49.36],[20.798,49.358],[20.802,49.355],[20.801,49.35],[20.796,49.345],[20.799,49.343],[20.809,49.348],[20.814,49.347],[20.819,49.34],[20.826,49.334],[20.834,49.335],[20.84,49.335],[20.843,49.339],[20.847,49.341],[20.852,49.343],[20.855,49.347],[20.86,49.348],[20.866,49.347],[20.869,49.345],[20.87,49.342],[20.877,49.336],[20.882,49.333],[20.882,49.328],[20.88,49.323],[20.884,49.319],[20.887,49.32],[20.89,49.324],[20.898,49.325],[20.903,49.324],[20.907,49.322],[20.904,49.319],[20.904,49.315],[20.91,49.311],[20.91,49.307],[20.917,49.305],[20.924,49.299],[20.926,49.296],[20.937,49.298],[20.943,49.302],[20.949,49.302],[20.962,49.306],[20.963,49.308],[20.968,49.31],[20.976,49.309],[20.982,49.308],[20.987,49.308],[20.994,49.313],[20.994,49.316],[20.99,49.319],[20.988,49.323],[20.989,49.328],[20.997,49.333],[21.004,49.333],[21.008,49.335],[21.007,49.34],[21.011,49.348],[21.016,49.347],[21.02,49.351],[21.025,49.353],[21.027,49.357],[21.033,49.358],[21.036,49.361],[21.044,49.365],[21.049,49.366],[21.054,49.362],[21.066,49.366],[21.075,49.359],[21.079,49.364],[21.083,49.364],[21.087,49.366],[21.094,49.365],[21.104,49.376],[21.094,49.383],[21.089,49.384],[21.084,49.388],[21.079,49.39],[21.074,49.394],[21.067,49.396],[21.069,49.4],[21.066,49.402],[21.059,49.403],[21.055,49.404],[21.05,49.411],[21.05,49.413],[21.047,49.417],[21.049,49.419],[21.055,49.421],[21.061,49.422],[21.063,49.421],[21.073,49.425],[21.082,49.425],[21.084,49.426],[21.096,49.429],[21.102,49.426],[21.114,49.424],[21.115,49.428],[21.12,49.435],[21.124,49.437],[21.135,49.433],[21.14,49.431],[21.152,49.427],[21.155,49.424],[21.155,49.422],[21.158,49.42],[21.165,49.418],[21.17,49.413],[21.179,49.409],[21.181,49.404],[21.192,49.401],[21.194,49.403],[21.202,49.405],[21.208,49.403],[21.212,49.408],[21.227,49.417],[21.226,49.422],[21.224,49.427],[21.229,49.429],[21.232,49.433],[21.234,49.438],[21.241,49.434],[21.247,49.439],[21.252,49.442],[21.259,49.447],[21.266,49.447],[21.267,49.457],[21.272,49.46],[21.278,49.461],[21.285,49.458],[21.295,49.453],[21.301,49.451],[21.307,49.448],[21.312,49.449],[21.318,49.449],[21.326,49.45],[21.329,49.45],[21.337,49.451],[21.343,49.451],[21.347,49.449],[21.352,49.445],[21.357,49.443],[21.363,49.442],[21.368,49.439],[21.372,49.434],[21.374,49.433],[21.382,49.435],[21.399,49.434],[21.397,49.44],[21.393,49.446],[21.393,49.453],[21.392,49.456],[21.4,49.458],[21.406,49.464],[21.411,49.468],[21.408,49.47],[21.409,49.474],[21.402,49.477],[21.398,49.479],[21.394,49.481],[21.389,49.485],[21.391,49.489],[21.4,49.491],[21.421,49.493],[21.418,49.498],[21.415,49.498],[21.41,49.502],[21.408,49.51],[21.399,49.508],[21.393,49.511],[21.388,49.519],[21.389,49.521],[21.383,49.525],[21.388,49.529],[21.384,49.532],[21.383,49.537],[21.379,49.539],[21.368,49.542],[21.362,49.542],[21.358,49.545],[21.361,49.549],[21.369,49.549],[21.364,49.554],[21.368,49.558],[21.375,49.563],[21.376,49.566],[21.38,49.568],[21.379,49.57],[21.374,49.57],[21.364,49.577],[21.361,49.576],[21.348,49.579],[21.344,49.582],[21.332,49.587],[21.328,49.59],[21.327,49.594],[21.331,49.601],[21.341,49.607],[21.345,49.608],[21.344,49.612],[21.351,49.618],[21.356,49.626],[21.363,49.634],[21.363,49.635],[21.357,49.644],[21.356,49.646],[21.358,49.65],[21.344,49.657],[21.342,49.659],[21.343,49.664],[21.342,49.669],[21.344,49.674],[21.347,49.69],[21.343,49.693],[21.34,49.698],[21.335,49.698],[21.332,49.694],[21.329,49.696],[21.32,49.698],[21.328,49.71],[21.33,49.715],[21.331,49.72],[21.322,49.722],[21.322,49.727],[21.316,49.728],[21.316,49.732],[21.319,49.735],[21.318,49.74],[21.31,49.749],[21.302,49.75],[21.297,49.748],[21.291,49.749],[21.281,49.755],[21.273,49.753],[21.271,49.753],[21.258,49.752],[21.254,49.757],[21.253,49.764],[21.245,49.772],[21.242,49.776],[21.246,49.782],[21.246,49.785],[21.25,49.788],[21.251,49.792],[21.256,49.792],[21.269,49.794],[21.27,49.798],[21.276,49.804],[21.281,49.806],[21.284,49.802],[21.295,49.801],[21.3,49.797],[21.308,49.796],[21.32,49.8],[21.322,49.803],[21.33,49.804],[21.336,49.808],[21.332,49.811],[21.339,49.812],[21.349,49.815],[21.344,49.816],[21.34,49.82],[21.339,49.825],[21.337,49.827],[21.322,49.83],[21.317,49.835],[21.297,49.843],[21.283,49.846],[21.277,49.844],[21.27,49.843],[21.265,49.844],[21.265,49.84],[21.26,49.842],[21.252,49.841],[21.245,49.845],[21.241,49.846],[21.235,49.85],[21.227,49.852],[21.225,49.853],[21.228,49.863],[21.226,49.871],[21.228,49.877],[21.225,49.884],[21.231,49.884],[21.244,49.885],[21.249,49.885],[21.261,49.885],[21.266,49.887],[21.273,49.889],[21.279,49.892],[21.283,49.898],[21.288,49.909],[21.288,49.914],[21.285,49.924],[21.278,49.928],[21.271,49.927],[21.26,49.927],[21.258,49.929],[21.245,49.93],[21.231,49.929],[21.211,49.929],[21.193,49.932],[21.186,49.927],[21.18,49.928],[21.176,49.933],[21.172,49.937],[21.172,49.943],[21.166,49.945],[21.166,49.948],[21.161,49.951],[21.162,49.955],[21.161,49.958],[21.161,49.964],[21.158,49.97],[21.15,49.976],[21.151,49.988],[21.149,49.993],[21.153,49.996],[21.154,50.003],[21.162,50.007],[21.179,50.012],[21.181,50.016],[21.189,50.026],[21.193,50.029],[21.174,50.035],[21.173,50.039],[21.161,50.042],[21.151,50.045],[21.149,50.049],[21.145,50.049],[21.146,50.054],[21.159,50.057],[21.168,50.061],[21.168,50.066],[21.171,50.07],[21.18,50.076],[21.179,50.081],[21.169,50.079],[21.162,50.086],[21.16,50.09],[21.199,50.095],[21.196,50.097],[21.189,50.098],[21.185,50.1],[21.184,50.103],[21.187,50.106],[21.178,50.111],[21.178,50.115],[21.181,50.118],[21.186,50.119],[21.191,50.118],[21.195,50.12],[21.148,50.126],[21.151,50.13],[21.146,50.13],[21.146,50.134],[21.153,50.135],[21.156,50.137],[21.164,50.136],[21.173,50.141],[21.176,50.143],[21.152,50.148],[21.153,50.149],[21.171,50.177],[21.165,50.181],[21.168,50.189],[21.167,50.201],[21.17,50.205],[21.171,50.209],[21.165,50.213],[21.163,50.217],[21.163,50.222],[21.155,50.225],[21.154,50.228],[21.15,50.23],[21.142,50.238],[21.147,50.239],[21.155,50.238],[21.178,50.238],[21.178,50.242],[21.163,50.247],[21.155,50.253],[21.147,50.256],[21.152,50.259],[21.151,50.261],[21.156,50.263],[21.157,50.266],[21.178,50.28],[21.183,50.287],[21.184,50.298],[21.189,50.299],[21.194,50.304],[21.203,50.305],[21.214,50.309],[21.223,50.311],[21.22,50.315],[21.217,50.322],[21.213,50.331],[21.219,50.336],[21.218,50.338],[21.219,50.341],[21.215,50.343],[21.209,50.355],[21.194,50.354],[21.188,50.35],[21.187,50.348],[21.186,50.337],[21.183,50.332],[21.177,50.33],[21.169,50.332],[21.167,50.333],[21.166,50.342],[21.154,50.351],[21.147,50.354],[21.141,50.354],[21.13,50.354],[21.122,50.351],[21.119,50.348],[21.117,50.342],[21.111,50.338],[21.104,50.337],[21.092,50.339],[21.083,50.336],[21.08,50.333],[21.074,50.324],[21.065,50.318],[21.056,50.316],[21.049,50.315],[21.039,50.319],[21.03,50.319],[21.026,50.318],[21.014,50.313],[21.006,50.313],[20.991,50.315],[20.974,50.314],[20.962,50.316],[20.955,50.316],[20.947,50.314],[20.941,50.307],[20.939,50.301],[20.931,50.298],[20.922,50.3],[20.91,50.303],[20.903,50.305],[20.897,50.307],[20.891,50.305],[20.882,50.297],[20.876,50.295],[20.868,50.295],[20.86,50.296],[20.855,50.296],[20.851,50.293],[20.85,50.29],[20.85,50.284],[20.848,50.279],[20.845,50.276],[20.836,50.273],[20.83,50.274],[20.825,50.277],[20.818,50.284],[20.806,50.29],[20.793,50.29],[20.787,50.288],[20.78,50.285],[20.775,50.278],[20.773,50.273],[20.768,50.268],[20.763,50.267],[20.754,50.265],[20.741,50.257],[20.734,50.254],[20.728,50.25],[20.728,50.243],[20.731,50.235],[20.729,50.23],[20.725,50.23],[20.715,50.229],[20.71,50.228],[20.706,50.225],[20.704,50.218],[20.697,50.217],[20.688,50.218],[20.683,50.217],[20.679,50.212],[20.682,50.206],[20.674,50.203],[20.67,50.206],[20.665,50.206],[20.66,50.204],[20.652,50.204],[20.645,50.209],[20.639,50.205],[20.636,50.207],[20.637,50.21],[20.634,50.212],[20.628,50.205],[20.626,50.204],[20.624,50.201],[20.613,50.204],[20.607,50.205],[20.606,50.2],[20.593,50.202],[20.582,50.195],[20.583,50.189],[20.573,50.187],[20.565,50.192],[20.562,50.2],[20.557,50.202],[20.552,50.2],[20.539,50.197],[20.54,50.191],[20.532,50.191],[20.518,50.188],[20.513,50.186],[20.512,50.189],[20.5,50.191],[20.49,50.193],[20.477,50.199],[20.469,50.201],[20.47,50.197],[20.474,50.192],[20.466,50.192],[20.469,50.196],[20.458,50.197],[20.455,50.199],[20.452,50.193],[20.447,50.195],[20.442,50.193],[20.437,50.193],[20.436,50.197],[20.431,50.197],[20.431,50.194],[20.427,50.193],[20.416,50.191],[20.412,50.193],[20.412,50.197],[20.415,50.2],[20.41,50.212],[20.4,50.209],[20.397,50.211],[20.385,50.208],[20.378,50.213],[20.375,50.216],[20.377,50.22],[20.374,50.227],[20.376,50.229],[20.386,50.232],[20.392,50.236],[20.392,50.238],[20.399,50.238],[20.398,50.241],[20.386,50.243],[20.384,50.245],[20.376,50.243],[20.376,50.247],[20.368,50.249],[20.363,50.254],[20.358,50.256],[20.353,50.264],[20.347,50.263],[20.342,50.263],[20.333,50.267],[20.335,50.272],[20.343,50.273],[20.343,50.276],[20.355,50.28],[20.362,50.281],[20.362,50.285],[20.356,50.289],[20.349,50.291],[20.341,50.287],[20.338,50.292],[20.341,50.299],[20.349,50.299],[20.343,50.306],[20.336,50.303],[20.333,50.305],[20.329,50.313],[20.328,50.319],[20.319,50.32],[20.313,50.322],[20.302,50.323],[20.295,50.32],[20.293,50.322],[20.293,50.328],[20.298,50.33],[20.299,50.334],[20.305,50.336],[20.299,50.344],[20.292,50.346],[20.294,50.349],[20.298,50.352],[20.307,50.349],[20.313,50.349],[20.314,50.351],[20.327,50.352],[20.333,50.354],[20.332,50.357],[20.337,50.36],[20.337,50.362],[20.332,50.363],[20.332,50.365],[20.325,50.367],[20.326,50.369],[20.322,50.371],[20.322,50.378],[20.321,50.384],[20.306,50.389],[20.304,50.398],[20.298,50.403],[20.293,50.405],[20.289,50.414],[20.29,50.419],[20.276,50.422],[20.266,50.427],[20.262,50.435],[20.261,50.441],[20.266,50.45],[20.271,50.459],[20.273,50.465],[20.273,50.47],[20.265,50.467],[20.248,50.475],[20.25,50.479],[20.243,50.48],[20.239,50.479],[20.226,50.478],[20.223,50.485],[20.218,50.489],[20.214,50.489],[20.207,50.493],[20.205,50.496],[20.194,50.496],[20.186,50.493],[20.172,50.491],[20.167,50.484],[20.146,50.486],[20.131,50.49],[20.124,50.486],[20.118,50.485],[20.107,50.486],[20.095,50.49],[20.087,50.49],[20.097,50.496],[20.095,50.498],[20.084,50.499],[20.085,50.505],[20.078,50.506],[20.076,50.51],[20.054,50.512],[20.05,50.505],[20.043,50.506],[20.039,50.5],[20.028,50.501],[20.031,50.505],[20.027,50.509],[20.016,50.511],[20.008,50.515],[20.001,50.517],[19.988,50.52],[19.977,50.519],[19.971,50.52],[19.972,50.516],[19.965,50.513],[19.95,50.505],[19.952,50.496],[19.956,50.491],[19.964,50.489],[19.968,50.483],[19.968,50.48],[19.971,50.474],[19.961,50.477],[19.954,50.477],[19.939,50.479],[19.933,50.478],[19.928,50.475],[19.918,50.475],[19.909,50.475],[19.909,50.473],[19.901,50.474],[19.896,50.47],[19.897,50.468],[19.892,50.466],[19.895,50.461],[19.898,50.461],[19.903,50.457],[19.897,50.452],[19.877,50.449],[19.861,50.448],[19.853,50.447],[19.85,50.444],[19.854,50.435],[19.845,50.434],[19.839,50.439],[19.834,50.439],[19.832,50.436],[19.825,50.438],[19.824,50.436],[19.815,50.435],[19.807,50.436],[19.804,50.442],[19.8,50.444],[19.794,50.443],[19.791,50.441],[19.782,50.44],[19.774,50.441],[19.768,50.445],[19.755,50.444],[19.749,50.442],[19.742,50.444],[19.732,50.444],[19.725,50.441],[19.712,50.444],[19.708,50.444],[19.708,50.448],[19.702,50.448],[19.696,50.441],[19.694,50.435],[19.686,50.434],[19.679,50.435],[19.668,50.427],[19.665,50.427],[19.665,50.424],[19.67,50.42],[19.67,50.417],[19.667,50.416],[19.655,50.414],[19.647,50.411],[19.637,50.409],[19.634,50.412],[19.627,50.415],[19.625,50.412],[19.616,50.406],[19.606,50.404],[19.599,50.406],[19.595,50.409],[19.587,50.41],[19.586,50.408],[19.579,50.407],[19.571,50.409],[19.572,50.412],[19.554,50.412],[19.546,50.414],[19.545,50.419],[19.536,50.42],[19.519,50.417],[19.52,50.415],[19.513,50.41],[19.504,50.401],[19.5,50.399],[19.495,50.4],[19.488,50.397],[19.489,50.393],[19.488,50.39],[19.488,50.384],[19.491,50.382],[19.492,50.366],[19.46,50.373],[19.456,50.366],[19.459,50.363],[19.477,50.357],[19.482,50.357],[19.488,50.347],[19.481,50.334],[19.484,50.324],[19.474,50.325],[19.467,50.323],[19.458,50.323],[19.455,50.319],[19.451,50.319],[19.439,50.323],[19.432,50.328],[19.424,50.328],[19.422,50.33],[19.415,50.332],[19.414,50.328],[19.415,50.323],[19.407,50.317],[19.404,50.314],[19.399,50.313],[19.398,50.308],[19.403,50.308],[19.406,50.305],[19.411,50.303],[19.409,50.299],[19.401,50.297],[19.4,50.293],[19.395,50.29],[19.388,50.289],[19.384,50.282],[19.387,50.278],[19.383,50.274],[19.377,50.272],[19.376,50.27],[19.361,50.264],[19.363,50.261],[19.359,50.259],[19.353,50.265],[19.349,50.266],[19.334,50.262],[19.328,50.262],[19.323,50.259],[19.34,50.25],[19.39,50.234],[19.397,50.232],[19.407,50.232],[19.411,50.233],[19.422,50.229],[19.429,50.226],[19.442,50.227],[19.416,50.211],[19.416,50.202],[19.412,50.206],[19.405,50.207],[19.401,50.205],[19.398,50.201],[19.383,50.2],[19.383,50.198],[19.375,50.196],[19.373,50.192],[19.364,50.191],[19.354,50.191],[19.349,50.191],[19.345,50.19],[19.337,50.19],[19.334,50.186],[19.339,50.182],[19.351,50.177],[19.361,50.178],[19.362,50.18],[19.366,50.18],[19.367,50.173],[19.36,50.173],[19.349,50.173],[19.345,50.165],[19.35,50.165],[19.349,50.161],[19.353,50.156],[19.353,50.153],[19.35,50.151],[19.345,50.15],[19.332,50.144],[19.323,50.144],[19.313,50.142],[19.293,50.142],[19.288,50.14],[19.285,50.142],[19.278,50.144],[19.27,50.144],[19.275,50.137],[19.273,50.132],[19.278,50.12],[19.259,50.117]]]}},{"type":"Feature","properties":{"id":807,"name":"województwo mazowieckie","bbox":[19.259,51.013,23.128,53.482]},"geometry":{"type":"Polygon","coordinates":[[[19.396,52.513],[19.389,52.51],[19.372,52.507],[19.363,52.503],[19.364,52.5],[19.355,52.49],[19.354,52.488],[19.358,52.481],[19.351,52.48],[19.339,52.48],[19.331,52.471],[19.333,52.467],[19.33,52.462],[19.323,52.455],[19.319,52.449],[19.317,52.448],[19.308,52.449],[19.303,52.448],[19.299,52.445],[19.292,52.448],[19.284,52.45],[19.278,52.449],[19.268,52.449],[19.259,52.443],[19.262,52.436],[19.278,52.435],[19.283,52.433],[19.287,52.433],[19.297,52.424],[19.298,52.418],[19.293,52.418],[19.293,52.411],[19.285,52.405],[19.28,52.406],[19.284,52.401],[19.287,52.402],[19.289,52.393],[19.302,52.392],[19.301,52.388],[19.308,52.387],[19.309,52.382],[19.301,52.381],[19.295,52.378],[19.291,52.373],[19.297,52.369],[19.305,52.369],[19.315,52.372],[19.323,52.369],[19.329,52.361],[19.326,52.354],[19.322,52.348],[19.332,52.349],[19.334,52.347],[19.338,52.348],[19.348,52.347],[19.358,52.342],[19.372,52.341],[19.377,52.341],[19.381,52.344],[19.397,52.344],[19.406,52.345],[19.407,52.339],[19.422,52.339],[19.426,52.337],[19.439,52.341],[19.444,52.345],[19.448,52.352],[19.455,52.35],[19.463,52.343],[19.496,52.335],[19.502,52.333],[19.497,52.325],[19.492,52.32],[19.505,52.315],[19.512,52.311],[19.517,52.305],[19.52,52.304],[19.538,52.305],[19.536,52.302],[19.546,52.297],[19.547,52.294],[19.577,52.292],[19.579,52.29],[19.603,52.289],[19.607,52.29],[19.616,52.288],[19.614,52.276],[19.626,52.278],[19.631,52.278],[19.634,52.274],[19.624,52.264],[19.632,52.262],[19.635,52.256],[19.648,52.254],[19.655,52.254],[19.67,52.256],[19.69,52.259],[19.684,52.263],[19.695,52.271],[19.699,52.279],[19.703,52.276],[19.729,52.268],[19.736,52.259],[19.742,52.261],[19.745,52.261],[19.759,52.263],[19.766,52.262],[19.773,52.265],[19.793,52.274],[19.789,52.276],[19.79,52.28],[19.806,52.279],[19.816,52.284],[19.822,52.282],[19.829,52.275],[19.84,52.272],[19.848,52.272],[19.851,52.274],[19.861,52.278],[19.867,52.282],[19.875,52.285],[19.878,52.289],[19.87,52.29],[19.867,52.289],[19.862,52.291],[19.869,52.299],[19.886,52.31],[19.903,52.309],[19.902,52.304],[19.911,52.3],[19.919,52.298],[19.928,52.299],[19.936,52.3],[19.936,52.296],[19.939,52.289],[19.954,52.283],[19.959,52.285],[19.958,52.278],[19.963,52.272],[19.965,52.268],[19.972,52.266],[19.986,52.262],[19.996,52.262],[20.018,52.262],[20.032,52.259],[20.042,52.258],[20.038,52.247],[20.058,52.242],[20.073,52.238],[20.08,52.233],[20.076,52.225],[20.071,52.214],[20.063,52.199],[20.062,52.188],[20.067,52.188],[20.068,52.184],[20.073,52.179],[20.081,52.175],[20.087,52.168],[20.087,52.158],[20.091,52.153],[20.117,52.146],[20.116,52.144],[20.125,52.144],[20.135,52.145],[20.153,52.151],[20.161,52.151],[20.164,52.147],[20.161,52.143],[20.165,52.139],[20.178,52.132],[20.184,52.125],[20.189,52.121],[20.202,52.115],[20.206,52.115],[20.213,52.119],[20.217,52.118],[20.241,52.118],[20.252,52.117],[20.257,52.106],[20.269,52.101],[20.271,52.094],[20.268,52.091],[20.268,52.083],[20.27,52.077],[20.258,52.077],[20.246,52.076],[20.243,52.073],[20.249,52.067],[20.248,52.061],[20.251,52.056],[20.253,52.055],[20.206,52.028],[20.201,52.03],[20.199,52.026],[20.202,52.025],[20.204,52.022],[20.211,52.018],[20.214,52.012],[20.222,52.009],[20.226,52.005],[20.233,52.002],[20.243,51.999],[20.25,52.006],[20.262,52],[20.255,51.996],[20.262,51.993],[20.26,51.991],[20.266,51.986],[20.272,51.982],[20.272,51.971],[20.293,51.968],[20.294,51.967],[20.241,51.951],[20.243,51.934],[20.266,51.931],[20.269,51.935],[20.292,51.94],[20.297,51.936],[20.304,51.936],[20.31,51.935],[20.312,51.929],[20.312,51.919],[20.308,51.916],[20.312,51.912],[20.319,51.913],[20.324,51.922],[20.354,51.92],[20.36,51.928],[20.366,51.927],[20.373,51.924],[20.384,51.937],[20.378,51.939],[20.372,51.934],[20.371,51.938],[20.382,51.942],[20.389,51.942],[20.393,51.938],[20.395,51.932],[20.398,51.931],[20.414,51.93],[20.419,51.934],[20.424,51.941],[20.433,51.937],[20.44,51.943],[20.446,51.941],[20.444,51.939],[20.457,51.933],[20.475,51.931],[20.479,51.927],[20.478,51.92],[20.486,51.92],[20.491,51.91],[20.479,51.9],[20.487,51.897],[20.489,51.894],[20.493,51.893],[20.498,51.89],[20.51,51.894],[20.519,51.892],[20.539,51.891],[20.563,51.888],[20.569,51.888],[20.567,51.877],[20.57,51.874],[20.575,51.873],[20.576,51.872],[20.584,51.871],[20.584,51.868],[20.59,51.862],[20.591,51.86],[20.591,51.849],[20.606,51.85],[20.596,51.84],[20.6,51.827],[20.615,51.827],[20.619,51.828],[20.619,51.82],[20.608,51.819],[20.608,51.816],[20.576,51.821],[20.562,51.821],[20.558,51.818],[20.561,51.812],[20.581,51.811],[20.582,51.805],[20.579,51.794],[20.582,51.792],[20.587,51.784],[20.584,51.782],[20.586,51.778],[20.593,51.777],[20.595,51.769],[20.592,51.766],[20.584,51.762],[20.583,51.748],[20.602,51.746],[20.614,51.743],[20.62,51.743],[20.639,51.738],[20.638,51.733],[20.641,51.731],[20.649,51.73],[20.654,51.726],[20.658,51.724],[20.655,51.717],[20.655,51.713],[20.657,51.709],[20.657,51.705],[20.659,51.703],[20.659,51.699],[20.657,51.694],[20.653,51.677],[20.641,51.677],[20.637,51.676],[20.634,51.67],[20.63,51.67],[20.624,51.669],[20.621,51.665],[20.623,51.662],[20.621,51.658],[20.597,51.659],[20.595,51.657],[20.584,51.663],[20.573,51.663],[20.535,51.669],[20.523,51.666],[20.523,51.677],[20.519,51.674],[20.515,51.674],[20.515,51.686],[20.497,51.686],[20.488,51.684],[20.486,51.685],[20.48,51.686],[20.467,51.693],[20.466,51.696],[20.458,51.692],[20.451,51.69],[20.451,51.686],[20.441,51.69],[20.437,51.688],[20.442,51.685],[20.439,51.681],[20.428,51.679],[20.423,51.676],[20.42,51.677],[20.409,51.675],[20.407,51.673],[20.4,51.673],[20.395,51.667],[20.395,51.663],[20.39,51.66],[20.391,51.656],[20.395,51.651],[20.393,51.647],[20.385,51.642],[20.391,51.636],[20.403,51.634],[20.406,51.635],[20.415,51.634],[20.413,51.631],[20.419,51.63],[20.419,51.62],[20.425,51.612],[20.422,51.61],[20.423,51.606],[20.417,51.607],[20.415,51.604],[20.422,51.601],[20.43,51.599],[20.433,51.593],[20.434,51.59],[20.438,51.582],[20.433,51.575],[20.441,51.571],[20.461,51.574],[20.462,51.566],[20.467,51.561],[20.468,51.558],[20.466,51.554],[20.459,51.549],[20.456,51.542],[20.458,51.541],[20.454,51.528],[20.452,51.526],[20.45,51.517],[20.45,51.509],[20.452,51.504],[20.456,51.502],[20.466,51.5],[20.473,51.501],[20.482,51.501],[20.495,51.5],[20.494,51.502],[20.501,51.503],[20.5,51.506],[20.52,51.51],[20.523,51.482],[20.526,51.482],[20.528,51.474],[20.527,51.468],[20.534,51.463],[20.526,51.462],[20.527,51.46],[20.524,51.456],[20.518,51.455],[20.512,51.451],[20.497,51.449],[20.498,51.442],[20.488,51.441],[20.486,51.432],[20.492,51.425],[20.49,51.421],[20.485,51.416],[20.484,51.413],[20.48,51.41],[20.472,51.409],[20.468,51.41],[20.459,51.409],[20.452,51.412],[20.447,51.41],[20.442,51.398],[20.443,51.395],[20.434,51.386],[20.434,51.383],[20.428,51.378],[20.43,51.375],[20.429,51.37],[20.426,51.366],[20.422,51.363],[20.423,51.354],[20.426,51.354],[20.431,51.347],[20.431,51.339],[20.433,51.339],[20.433,51.342],[20.453,51.338],[20.456,51.336],[20.464,51.336],[20.464,51.332],[20.507,51.331],[20.517,51.319],[20.517,51.317],[20.513,51.316],[20.511,51.312],[20.513,51.309],[20.502,51.309],[20.497,51.31],[20.493,51.307],[20.495,51.299],[20.498,51.293],[20.509,51.296],[20.511,51.294],[20.502,51.287],[20.521,51.278],[20.525,51.281],[20.533,51.277],[20.529,51.274],[20.537,51.27],[20.525,51.261],[20.539,51.255],[20.535,51.252],[20.542,51.234],[20.546,51.23],[20.557,51.23],[20.566,51.231],[20.568,51.238],[20.572,51.241],[20.579,51.245],[20.6,51.245],[20.6,51.246],[20.607,51.247],[20.607,51.244],[20.61,51.242],[20.614,51.24],[20.614,51.237],[20.622,51.23],[20.632,51.226],[20.633,51.223],[20.642,51.221],[20.647,51.218],[20.656,51.217],[20.677,51.21],[20.678,51.207],[20.687,51.203],[20.691,51.199],[20.7,51.196],[20.703,51.185],[20.702,51.182],[20.685,51.174],[20.684,51.168],[20.688,51.16],[20.688,51.156],[20.685,51.155],[20.686,51.151],[20.695,51.152],[20.697,51.149],[20.707,51.162],[20.713,51.167],[20.713,51.168],[20.718,51.173],[20.723,51.171],[20.771,51.157],[20.766,51.15],[20.782,51.145],[20.788,51.153],[20.813,51.146],[20.822,51.158],[20.809,51.161],[20.822,51.178],[20.85,51.171],[20.854,51.173],[20.859,51.169],[20.859,51.166],[20.88,51.154],[20.905,51.179],[20.908,51.178],[20.911,51.189],[20.914,51.188],[20.921,51.195],[20.968,51.177],[20.965,51.174],[20.984,51.166],[21.001,51.16],[20.993,51.152],[20.998,51.15],[20.995,51.146],[20.999,51.144],[21.024,51.15],[21.019,51.155],[21.023,51.159],[21.035,51.158],[21.045,51.156],[21.057,51.157],[21.07,51.174],[21.073,51.185],[21.075,51.198],[21.068,51.207],[21.07,51.211],[21.111,51.201],[21.108,51.193],[21.118,51.192],[21.12,51.189],[21.116,51.179],[21.109,51.175],[21.103,51.169],[21.097,51.165],[21.09,51.156],[21.091,51.155],[21.128,51.141],[21.128,51.135],[21.134,51.135],[21.134,51.129],[21.142,51.129],[21.145,51.126],[21.148,51.129],[21.164,51.129],[21.161,51.125],[21.154,51.125],[21.156,51.115],[21.158,51.115],[21.16,51.102],[21.153,51.104],[21.151,51.1],[21.152,51.087],[21.156,51.086],[21.153,51.08],[21.201,51.081],[21.311,51.084],[21.347,51.085],[21.353,51.084],[21.356,51.082],[21.356,51.077],[21.354,51.069],[21.354,51.066],[21.366,51.065],[21.37,51.065],[21.372,51.059],[21.383,51.058],[21.382,51.041],[21.382,51.04],[21.405,51.035],[21.403,51.033],[21.411,51.032],[21.431,51.029],[21.429,51.026],[21.443,51.023],[21.464,51.013],[21.469,51.016],[21.479,51.018],[21.496,51.022],[21.486,51.024],[21.493,51.028],[21.5,51.029],[21.502,51.031],[21.498,51.033],[21.489,51.034],[21.486,51.036],[21.49,51.04],[21.517,51.036],[21.513,51.039],[21.5,51.045],[21.506,51.05],[21.513,51.053],[21.513,51.056],[21.529,51.059],[21.533,51.062],[21.535,51.056],[21.542,51.057],[21.545,51.047],[21.557,51.053],[21.562,51.056],[21.573,51.058],[21.582,51.061],[21.583,51.058],[21.59,51.058],[21.614,51.065],[21.619,51.06],[21.63,51.063],[21.624,51.071],[21.615,51.073],[21.612,51.076],[21.627,51.073],[21.64,51.076],[21.65,51.069],[21.676,51.078],[21.683,51.071],[21.687,51.07],[21.692,51.065],[21.696,51.057],[21.697,51.052],[21.702,51.048],[21.705,51.043],[21.712,51.041],[21.719,51.041],[21.728,51.045],[21.73,51.047],[21.735,51.045],[21.741,51.041],[21.743,51.041],[21.752,51.037],[21.759,51.037],[21.758,51.042],[21.761,51.043],[21.77,51.043],[21.777,51.042],[21.781,51.045],[21.772,51.049],[21.778,51.054],[21.784,51.054],[21.786,51.058],[21.789,51.06],[21.782,51.061],[21.785,51.069],[21.791,51.068],[21.797,51.072],[21.803,51.072],[21.8,51.076],[21.798,51.082],[21.8,51.087],[21.798,51.095],[21.793,51.1],[21.792,51.104],[21.79,51.116],[21.793,51.127],[21.8,51.127],[21.799,51.135],[21.791,51.141],[21.787,51.145],[21.785,51.151],[21.786,51.159],[21.789,51.166],[21.792,51.171],[21.79,51.175],[21.793,51.18],[21.783,51.179],[21.783,51.184],[21.787,51.193],[21.788,51.202],[21.795,51.208],[21.8,51.217],[21.801,51.221],[21.805,51.221],[21.808,51.227],[21.817,51.231],[21.814,51.236],[21.813,51.24],[21.808,51.245],[21.808,51.254],[21.812,51.258],[21.822,51.263],[21.83,51.267],[21.839,51.269],[21.849,51.27],[21.856,51.274],[21.86,51.275],[21.836,51.284],[21.838,51.288],[21.832,51.289],[21.83,51.285],[21.823,51.281],[21.817,51.282],[21.812,51.285],[21.817,51.289],[21.811,51.291],[21.803,51.291],[21.8,51.289],[21.796,51.288],[21.791,51.286],[21.787,51.285],[21.783,51.294],[21.789,51.293],[21.807,51.299],[21.81,51.302],[21.814,51.3],[21.82,51.3],[21.819,51.303],[21.823,51.303],[21.825,51.314],[21.834,51.331],[21.833,51.334],[21.835,51.338],[21.828,51.339],[21.835,51.346],[21.844,51.352],[21.846,51.354],[21.854,51.352],[21.848,51.365],[21.838,51.379],[21.835,51.378],[21.832,51.38],[21.825,51.376],[21.816,51.372],[21.812,51.378],[21.807,51.375],[21.797,51.383],[21.792,51.389],[21.79,51.395],[21.784,51.398],[21.78,51.394],[21.768,51.391],[21.761,51.401],[21.764,51.402],[21.761,51.406],[21.768,51.414],[21.78,51.412],[21.782,51.416],[21.786,51.415],[21.788,51.42],[21.794,51.421],[21.799,51.423],[21.801,51.428],[21.808,51.428],[21.822,51.427],[21.833,51.423],[21.835,51.42],[21.833,51.417],[21.84,51.418],[21.84,51.42],[21.851,51.431],[21.851,51.436],[21.856,51.445],[21.854,51.448],[21.858,51.452],[21.861,51.457],[21.868,51.463],[21.874,51.472],[21.873,51.475],[21.867,51.475],[21.856,51.478],[21.849,51.484],[21.847,51.487],[21.847,51.492],[21.849,51.496],[21.855,51.503],[21.856,51.506],[21.854,51.512],[21.852,51.515],[21.845,51.521],[21.84,51.53],[21.833,51.536],[21.832,51.54],[21.833,51.548],[21.831,51.556],[21.825,51.562],[21.816,51.564],[21.805,51.566],[21.788,51.569],[21.782,51.569],[21.777,51.567],[21.764,51.561],[21.759,51.56],[21.752,51.561],[21.738,51.564],[21.725,51.566],[21.715,51.568],[21.697,51.57],[21.692,51.571],[21.679,51.577],[21.662,51.579],[21.657,51.581],[21.654,51.586],[21.653,51.596],[21.649,51.602],[21.642,51.605],[21.63,51.608],[21.625,51.61],[21.616,51.618],[21.624,51.623],[21.637,51.627],[21.64,51.626],[21.64,51.645],[21.636,51.654],[21.639,51.657],[21.649,51.66],[21.667,51.652],[21.686,51.645],[21.698,51.642],[21.704,51.639],[21.708,51.638],[21.714,51.635],[21.722,51.637],[21.727,51.618],[21.749,51.612],[21.753,51.62],[21.757,51.628],[21.762,51.63],[21.758,51.638],[21.76,51.64],[21.782,51.644],[21.787,51.646],[21.788,51.649],[21.792,51.651],[21.802,51.649],[21.803,51.647],[21.831,51.648],[21.831,51.652],[21.839,51.652],[21.841,51.667],[21.846,51.668],[21.845,51.673],[21.852,51.669],[21.856,51.669],[21.858,51.673],[21.856,51.677],[21.86,51.677],[21.878,51.677],[21.88,51.688],[21.882,51.694],[21.889,51.697],[21.894,51.697],[21.898,51.702],[21.903,51.704],[21.901,51.707],[21.885,51.708],[21.884,51.711],[21.877,51.712],[21.874,51.718],[21.87,51.721],[21.873,51.724],[21.874,51.729],[21.871,51.732],[21.867,51.733],[21.848,51.737],[21.848,51.743],[21.836,51.744],[21.836,51.749],[21.841,51.749],[21.845,51.753],[21.844,51.758],[21.858,51.759],[21.86,51.762],[21.865,51.765],[21.867,51.769],[21.881,51.771],[21.89,51.77],[21.897,51.769],[21.9,51.778],[21.915,51.781],[21.922,51.778],[21.927,51.779],[21.935,51.785],[21.946,51.788],[21.948,51.791],[21.953,51.795],[21.956,51.794],[21.953,51.796],[21.953,51.805],[21.951,51.809],[21.947,51.809],[21.944,51.816],[21.943,51.824],[21.941,51.827],[21.935,51.829],[21.934,51.832],[21.926,51.834],[21.927,51.838],[21.917,51.84],[21.912,51.836],[21.907,51.835],[21.902,51.836],[21.895,51.836],[21.895,51.833],[21.871,51.836],[21.871,51.83],[21.866,51.829],[21.86,51.831],[21.856,51.834],[21.859,51.837],[21.857,51.84],[21.851,51.841],[21.845,51.841],[21.845,51.85],[21.848,51.851],[21.852,51.85],[21.867,51.854],[21.89,51.857],[21.886,51.86],[21.893,51.87],[21.9,51.876],[21.897,51.883],[21.913,51.887],[21.908,51.893],[21.903,51.897],[21.908,51.903],[21.896,51.907],[21.886,51.912],[21.888,51.915],[21.89,51.928],[21.882,51.931],[21.878,51.933],[21.876,51.94],[21.866,51.943],[21.87,51.954],[21.877,51.954],[21.88,51.971],[21.889,51.973],[21.893,51.974],[21.903,51.98],[21.91,51.978],[21.922,51.981],[21.921,51.982],[21.932,51.988],[21.934,51.993],[21.938,51.992],[21.958,51.992],[21.969,51.989],[21.971,51.993],[21.986,52],[21.993,52.007],[21.995,52.01],[21.999,52.012],[22.006,52.009],[22.014,52.011],[22.027,52.016],[22.03,52.022],[22.044,52.022],[22.051,52.021],[22.057,52.015],[22.064,52.01],[22.069,52.008],[22.085,52.005],[22.114,52.002],[22.131,52.004],[22.14,52.008],[22.146,52.015],[22.148,52.025],[22.152,52.028],[22.212,52.014],[22.222,52.013],[22.235,52.01],[22.242,52.01],[22.251,52.005],[22.258,52.006],[22.276,52.015],[22.282,52.017],[22.286,52.019],[22.289,52.025],[22.287,52.028],[22.295,52.028],[22.297,52.037],[22.323,52.037],[22.324,52.023],[22.317,52.016],[22.317,52.013],[22.322,52.007],[22.335,51.998],[22.345,51.997],[22.35,52],[22.36,52.002],[22.363,52.004],[22.372,52.007],[22.379,52.015],[22.384,52.016],[22.403,52.014],[22.412,52.015],[22.426,52.015],[22.435,52.019],[22.441,52.023],[22.442,52.026],[22.444,52.03],[22.455,52.029],[22.457,52.031],[22.458,52.037],[22.463,52.038],[22.464,52.045],[22.468,52.049],[22.47,52.054],[22.478,52.061],[22.481,52.06],[22.483,52.067],[22.496,52.069],[22.504,52.069],[22.516,52.068],[22.515,52.066],[22.522,52.064],[22.52,52.057],[22.528,52.051],[22.539,52.05],[22.548,52.051],[22.547,52.045],[22.561,52.041],[22.567,52.04],[22.571,52.038],[22.576,52.038],[22.586,52.042],[22.586,52.037],[22.608,52.037],[22.607,52.033],[22.609,52.027],[22.617,52.019],[22.623,52.019],[22.628,52.023],[22.63,52.028],[22.634,52.031],[22.638,52.032],[22.65,52.033],[22.655,52.035],[22.661,52.037],[22.66,52.04],[22.664,52.045],[22.663,52.051],[22.665,52.053],[22.666,52.06],[22.669,52.063],[22.666,52.065],[22.668,52.068],[22.664,52.071],[22.666,52.072],[22.666,52.081],[22.657,52.087],[22.648,52.091],[22.651,52.094],[22.667,52.103],[22.669,52.105],[22.678,52.109],[22.684,52.11],[22.699,52.118],[22.698,52.109],[22.701,52.107],[22.716,52.104],[22.721,52.101],[22.722,52.099],[22.731,52.096],[22.742,52.097],[22.747,52.095],[22.754,52.095],[22.763,52.09],[22.761,52.087],[22.769,52.079],[22.782,52.073],[22.784,52.069],[22.79,52.07],[22.805,52.078],[22.806,52.079],[22.815,52.08],[22.82,52.081],[22.83,52.081],[22.837,52.08],[22.843,52.074],[22.848,52.07],[22.85,52.066],[22.866,52.072],[22.869,52.069],[22.868,52.066],[22.902,52.064],[22.908,52.077],[22.902,52.078],[22.896,52.082],[22.894,52.091],[22.888,52.092],[22.898,52.101],[22.893,52.102],[22.903,52.11],[22.908,52.11],[22.923,52.107],[22.928,52.112],[22.95,52.102],[22.968,52.115],[22.968,52.117],[22.96,52.12],[22.956,52.12],[22.952,52.123],[22.947,52.126],[22.937,52.134],[22.933,52.137],[22.942,52.145],[22.986,52.159],[22.982,52.161],[22.977,52.172],[22.993,52.174],[22.995,52.175],[23.029,52.174],[23.029,52.178],[23.034,52.178],[23.053,52.174],[23.071,52.17],[23.069,52.175],[23.062,52.177],[23.056,52.178],[23.043,52.182],[23.04,52.184],[23.038,52.189],[23.035,52.192],[23.032,52.198],[23.03,52.208],[23.031,52.216],[23.033,52.219],[23.045,52.225],[23.054,52.23],[23.066,52.237],[23.078,52.235],[23.095,52.257],[23.102,52.254],[23.11,52.261],[23.104,52.265],[23.114,52.274],[23.126,52.286],[23.128,52.288],[23.122,52.294],[23.115,52.299],[23.107,52.299],[23.1,52.297],[23.095,52.293],[23.088,52.291],[23.08,52.284],[23.073,52.282],[23.059,52.283],[23.051,52.285],[23.048,52.29],[23.052,52.296],[23.058,52.3],[23.059,52.304],[23.053,52.311],[23.05,52.318],[23.045,52.325],[23.038,52.329],[23.024,52.332],[23.016,52.332],[23.006,52.336],[23.002,52.336],[22.996,52.332],[22.987,52.338],[22.987,52.341],[22.99,52.345],[22.985,52.346],[22.979,52.345],[22.977,52.347],[22.974,52.353],[22.971,52.358],[22.964,52.365],[22.957,52.368],[22.929,52.374],[22.92,52.374],[22.907,52.371],[22.892,52.365],[22.886,52.364],[22.871,52.362],[22.865,52.364],[22.858,52.364],[22.851,52.359],[22.839,52.361],[22.828,52.366],[22.816,52.367],[22.806,52.371],[22.793,52.374],[22.789,52.374],[22.778,52.371],[22.774,52.371],[22.768,52.372],[22.765,52.375],[22.763,52.381],[22.76,52.383],[22.753,52.384],[22.739,52.381],[22.733,52.375],[22.734,52.369],[22.729,52.366],[22.724,52.368],[22.723,52.372],[22.72,52.372],[22.721,52.375],[22.724,52.377],[22.72,52.384],[22.711,52.387],[22.706,52.392],[22.692,52.393],[22.683,52.392],[22.674,52.39],[22.667,52.386],[22.663,52.386],[22.659,52.388],[22.66,52.392],[22.656,52.393],[22.643,52.388],[22.633,52.392],[22.628,52.393],[22.622,52.392],[22.619,52.388],[22.612,52.389],[22.613,52.393],[22.607,52.398],[22.594,52.399],[22.589,52.397],[22.584,52.393],[22.579,52.394],[22.58,52.401],[22.578,52.403],[22.573,52.404],[22.568,52.403],[22.563,52.407],[22.563,52.41],[22.556,52.418],[22.546,52.421],[22.542,52.423],[22.543,52.43],[22.544,52.435],[22.541,52.438],[22.545,52.445],[22.547,52.455],[22.553,52.46],[22.554,52.463],[22.549,52.468],[22.537,52.465],[22.531,52.462],[22.528,52.463],[22.525,52.472],[22.515,52.478],[22.512,52.481],[22.51,52.49],[22.521,52.509],[22.52,52.515],[22.527,52.519],[22.525,52.523],[22.516,52.529],[22.513,52.533],[22.503,52.537],[22.496,52.544],[22.489,52.55],[22.487,52.554],[22.486,52.559],[22.477,52.563],[22.469,52.566],[22.462,52.572],[22.459,52.577],[22.46,52.58],[22.458,52.586],[22.448,52.587],[22.439,52.592],[22.417,52.6],[22.413,52.603],[22.407,52.61],[22.419,52.61],[22.421,52.615],[22.425,52.615],[22.432,52.617],[22.432,52.62],[22.44,52.621],[22.442,52.624],[22.447,52.623],[22.451,52.625],[22.449,52.632],[22.449,52.639],[22.45,52.64],[22.459,52.639],[22.465,52.641],[22.462,52.643],[22.466,52.646],[22.471,52.644],[22.474,52.646],[22.471,52.65],[22.468,52.649],[22.45,52.654],[22.443,52.663],[22.443,52.665],[22.444,52.672],[22.446,52.675],[22.445,52.682],[22.439,52.688],[22.435,52.696],[22.436,52.701],[22.439,52.709],[22.439,52.713],[22.442,52.719],[22.447,52.727],[22.448,52.734],[22.447,52.738],[22.444,52.742],[22.446,52.746],[22.451,52.751],[22.451,52.761],[22.455,52.769],[22.46,52.771],[22.46,52.773],[22.455,52.78],[22.453,52.784],[22.454,52.788],[22.44,52.791],[22.433,52.792],[22.422,52.792],[22.408,52.794],[22.398,52.793],[22.398,52.795],[22.39,52.795],[22.379,52.794],[22.388,52.785],[22.386,52.784],[22.383,52.778],[22.376,52.778],[22.354,52.775],[22.345,52.778],[22.342,52.77],[22.341,52.765],[22.347,52.757],[22.343,52.754],[22.337,52.754],[22.338,52.751],[22.334,52.74],[22.324,52.742],[22.324,52.748],[22.314,52.747],[22.304,52.748],[22.311,52.755],[22.3,52.754],[22.3,52.759],[22.304,52.77],[22.308,52.772],[22.308,52.774],[22.301,52.775],[22.301,52.783],[22.291,52.779],[22.284,52.778],[22.282,52.781],[22.277,52.784],[22.28,52.785],[22.278,52.79],[22.275,52.792],[22.269,52.802],[22.262,52.815],[22.258,52.817],[22.258,52.82],[22.253,52.823],[22.25,52.828],[22.252,52.831],[22.242,52.833],[22.244,52.834],[22.249,52.834],[22.263,52.836],[22.261,52.844],[22.266,52.844],[22.275,52.841],[22.272,52.839],[22.275,52.832],[22.288,52.835],[22.3,52.837],[22.301,52.84],[22.305,52.839],[22.309,52.849],[22.307,52.858],[22.303,52.856],[22.299,52.858],[22.293,52.854],[22.287,52.854],[22.284,52.847],[22.278,52.848],[22.279,52.855],[22.281,52.855],[22.285,52.864],[22.293,52.871],[22.292,52.871],[22.284,52.879],[22.279,52.886],[22.269,52.885],[22.264,52.882],[22.255,52.88],[22.256,52.877],[22.251,52.876],[22.243,52.88],[22.242,52.878],[22.232,52.881],[22.228,52.88],[22.219,52.885],[22.218,52.883],[22.207,52.883],[22.21,52.855],[22.174,52.858],[22.15,52.847],[22.142,52.851],[22.124,52.843],[22.113,52.849],[22.101,52.862],[22.084,52.846],[22.084,52.842],[22.059,52.85],[22.038,52.851],[22.039,52.86],[22.031,52.864],[22.029,52.866],[22.034,52.872],[22.035,52.878],[22.039,52.882],[22.035,52.885],[22.027,52.884],[22.025,52.886],[22.008,52.876],[22.004,52.878],[22.005,52.88],[22.004,52.885],[22.005,52.889],[22.005,52.893],[22.006,52.897],[22.01,52.9],[22.009,52.905],[22,52.91],[21.994,52.911],[21.992,52.92],[22.012,52.924],[22.011,52.928],[22.02,52.929],[22.028,52.934],[22.029,52.938],[22.011,52.942],[22.016,52.945],[22.016,52.95],[22.012,52.951],[22.005,52.957],[21.988,52.957],[21.99,52.963],[21.999,52.962],[22.002,52.972],[21.998,52.972],[21.99,52.973],[21.986,52.978],[21.976,52.979],[21.974,52.979],[21.963,52.979],[21.96,52.98],[21.958,52.984],[21.954,52.987],[21.941,52.985],[21.929,52.986],[21.928,52.987],[21.918,52.989],[21.917,52.992],[21.907,52.995],[21.91,52.998],[21.893,53],[21.884,53.007],[21.882,53.011],[21.878,53.016],[21.876,53.016],[21.877,53.022],[21.886,53.025],[21.891,53.026],[21.893,53.028],[21.898,53.046],[21.904,53.045],[21.907,53.041],[21.911,53.039],[21.923,53.038],[21.93,53.039],[21.941,53.038],[21.937,53.046],[21.928,53.044],[21.923,53.046],[21.922,53.05],[21.925,53.059],[21.941,53.072],[21.938,53.075],[21.92,53.079],[21.913,53.076],[21.915,53.072],[21.915,53.07],[21.91,53.067],[21.903,53.065],[21.898,53.06],[21.893,53.059],[21.878,53.06],[21.872,53.059],[21.862,53.062],[21.859,53.064],[21.86,53.072],[21.854,53.073],[21.843,53.078],[21.838,53.082],[21.837,53.088],[21.835,53.087],[21.83,53.092],[21.827,53.096],[21.818,53.102],[21.819,53.105],[21.813,53.109],[21.808,53.115],[21.804,53.113],[21.792,53.114],[21.784,53.112],[21.78,53.112],[21.775,53.109],[21.772,53.113],[21.753,53.114],[21.753,53.112],[21.736,53.109],[21.726,53.115],[21.694,53.138],[21.7,53.139],[21.697,53.146],[21.693,53.149],[21.7,53.152],[21.702,53.158],[21.707,53.162],[21.707,53.166],[21.697,53.17],[21.695,53.174],[21.691,53.174],[21.686,53.179],[21.687,53.182],[21.684,53.183],[21.679,53.19],[21.679,53.197],[21.676,53.199],[21.675,53.205],[21.669,53.208],[21.678,53.212],[21.681,53.209],[21.689,53.215],[21.685,53.216],[21.678,53.216],[21.663,53.229],[21.662,53.239],[21.659,53.243],[21.65,53.249],[21.645,53.246],[21.64,53.246],[21.639,53.25],[21.642,53.253],[21.634,53.257],[21.627,53.266],[21.644,53.263],[21.658,53.262],[21.66,53.278],[21.645,53.283],[21.647,53.284],[21.647,53.29],[21.649,53.292],[21.661,53.295],[21.657,53.299],[21.659,53.302],[21.664,53.304],[21.658,53.308],[21.657,53.314],[21.659,53.316],[21.669,53.316],[21.666,53.311],[21.678,53.312],[21.681,53.309],[21.681,53.306],[21.689,53.306],[21.691,53.308],[21.689,53.312],[21.693,53.314],[21.7,53.313],[21.701,53.308],[21.713,53.305],[21.716,53.307],[21.725,53.309],[21.734,53.308],[21.735,53.313],[21.728,53.315],[21.72,53.319],[21.709,53.32],[21.707,53.323],[21.702,53.327],[21.694,53.328],[21.689,53.327],[21.686,53.33],[21.692,53.331],[21.693,53.336],[21.684,53.337],[21.67,53.33],[21.652,53.331],[21.654,53.336],[21.669,53.336],[21.668,53.34],[21.662,53.342],[21.654,53.35],[21.656,53.353],[21.668,53.358],[21.672,53.358],[21.681,53.363],[21.684,53.365],[21.684,53.368],[21.672,53.371],[21.659,53.371],[21.654,53.372],[21.662,53.378],[21.658,53.383],[21.661,53.386],[21.658,53.387],[21.653,53.391],[21.652,53.397],[21.64,53.401],[21.636,53.403],[21.637,53.406],[21.625,53.408],[21.623,53.414],[21.628,53.414],[21.629,53.417],[21.625,53.421],[21.621,53.422],[21.625,53.429],[21.607,53.436],[21.607,53.445],[21.609,53.45],[21.604,53.453],[21.602,53.459],[21.603,53.463],[21.613,53.462],[21.615,53.465],[21.607,53.465],[21.601,53.47],[21.605,53.47],[21.606,53.476],[21.598,53.477],[21.598,53.48],[21.613,53.481],[21.598,53.482],[21.587,53.48],[21.572,53.48],[21.566,53.481],[21.552,53.478],[21.532,53.477],[21.516,53.477],[21.496,53.473],[21.483,53.471],[21.433,53.463],[21.436,53.46],[21.437,53.456],[21.446,53.446],[21.435,53.448],[21.426,53.45],[21.43,53.446],[21.435,53.445],[21.437,53.441],[21.443,53.44],[21.445,53.437],[21.436,53.439],[21.435,53.436],[21.423,53.431],[21.424,53.43],[21.411,53.428],[21.402,53.428],[21.399,53.429],[21.388,53.431],[21.385,53.428],[21.379,53.426],[21.376,53.422],[21.367,53.421],[21.363,53.422],[21.355,53.42],[21.352,53.414],[21.347,53.415],[21.339,53.419],[21.338,53.417],[21.326,53.42],[21.311,53.423],[21.303,53.424],[21.299,53.419],[21.294,53.415],[21.296,53.413],[21.291,53.41],[21.284,53.414],[21.289,53.421],[21.292,53.422],[21.281,53.427],[21.271,53.425],[21.25,53.42],[21.239,53.416],[21.234,53.413],[21.22,53.409],[21.204,53.403],[21.2,53.399],[21.176,53.394],[21.153,53.383],[21.141,53.377],[21.141,53.371],[21.136,53.366],[21.124,53.361],[21.114,53.354],[21.105,53.352],[21.092,53.35],[21.082,53.346],[21.082,53.344],[21.071,53.34],[21.054,53.334],[21.038,53.343],[21.036,53.347],[21.031,53.351],[21.012,53.356],[21.007,53.355],[21.001,53.357],[20.999,53.361],[20.992,53.361],[20.974,53.352],[20.974,53.354],[20.967,53.354],[20.966,53.352],[20.959,53.352],[20.961,53.354],[20.947,53.355],[20.95,53.358],[20.936,53.36],[20.933,53.358],[20.933,53.354],[20.93,53.352],[20.923,53.353],[20.923,53.35],[20.914,53.348],[20.91,53.343],[20.912,53.337],[20.921,53.335],[20.918,53.33],[20.92,53.326],[20.93,53.324],[20.927,53.32],[20.921,53.321],[20.919,53.316],[20.916,53.317],[20.917,53.322],[20.908,53.321],[20.907,53.318],[20.905,53.309],[20.9,53.311],[20.894,53.314],[20.891,53.317],[20.877,53.319],[20.872,53.321],[20.871,53.315],[20.873,53.312],[20.87,53.31],[20.865,53.304],[20.858,53.304],[20.853,53.299],[20.852,53.296],[20.847,53.293],[20.84,53.298],[20.825,53.304],[20.807,53.306],[20.805,53.307],[20.799,53.306],[20.792,53.31],[20.787,53.311],[20.783,53.309],[20.779,53.312],[20.77,53.311],[20.764,53.316],[20.755,53.313],[20.752,53.313],[20.747,53.316],[20.743,53.318],[20.74,53.315],[20.746,53.31],[20.747,53.308],[20.741,53.305],[20.737,53.305],[20.721,53.308],[20.719,53.312],[20.714,53.309],[20.714,53.3],[20.706,53.3],[20.692,53.303],[20.693,53.292],[20.691,53.287],[20.687,53.287],[20.684,53.28],[20.676,53.27],[20.667,53.266],[20.664,53.262],[20.662,53.257],[20.657,53.252],[20.612,53.252],[20.612,53.243],[20.609,53.239],[20.601,53.238],[20.598,53.235],[20.587,53.233],[20.582,53.233],[20.58,53.24],[20.575,53.24],[20.567,53.234],[20.562,53.226],[20.555,53.225],[20.544,53.227],[20.546,53.229],[20.532,53.232],[20.53,53.228],[20.536,53.227],[20.526,53.223],[20.507,53.229],[20.507,53.235],[20.495,53.234],[20.475,53.234],[20.468,53.237],[20.464,53.241],[20.464,53.243],[20.458,53.247],[20.454,53.243],[20.435,53.23],[20.424,53.222],[20.419,53.222],[20.411,53.214],[20.414,53.212],[20.405,53.204],[20.401,53.198],[20.393,53.193],[20.383,53.189],[20.383,53.186],[20.379,53.184],[20.376,53.177],[20.37,53.177],[20.341,53.167],[20.336,53.165],[20.325,53.16],[20.345,53.157],[20.349,53.157],[20.361,53.155],[20.353,53.15],[20.354,53.147],[20.336,53.146],[20.33,53.144],[20.318,53.143],[20.313,53.141],[20.305,53.14],[20.298,53.14],[20.29,53.139],[20.287,53.141],[20.281,53.14],[20.275,53.143],[20.268,53.14],[20.258,53.141],[20.247,53.145],[20.237,53.148],[20.215,53.151],[20.21,53.151],[20.199,53.151],[20.191,53.153],[20.173,53.154],[20.165,53.156],[20.164,53.15],[20.159,53.146],[20.154,53.143],[20.144,53.141],[20.135,53.142],[20.127,53.147],[20.125,53.153],[20.12,53.159],[20.119,53.162],[20.11,53.163],[20.104,53.168],[20.078,53.165],[20.076,53.163],[20.076,53.157],[20.056,53.157],[20.052,53.155],[20.039,53.159],[20.034,53.148],[20.026,53.145],[20.02,53.153],[19.991,53.146],[19.978,53.144],[19.974,53.148],[19.968,53.148],[19.958,53.155],[19.956,53.16],[19.941,53.165],[19.927,53.168],[19.928,53.171],[19.914,53.176],[19.907,53.177],[19.911,53.189],[19.914,53.189],[19.919,53.191],[19.916,53.193],[19.918,53.207],[19.914,53.206],[19.913,53.211],[19.896,53.21],[19.893,53.213],[19.883,53.209],[19.882,53.203],[19.871,53.201],[19.867,53.199],[19.847,53.192],[19.825,53.173],[19.839,53.163],[19.841,53.15],[19.841,53.141],[19.804,53.149],[19.778,53.155],[19.762,53.152],[19.733,53.145],[19.712,53.135],[19.71,53.121],[19.695,53.12],[19.691,53.123],[19.685,53.123],[19.683,53.113],[19.673,53.113],[19.669,53.111],[19.667,53.106],[19.652,53.107],[19.651,53.112],[19.647,53.112],[19.634,53.112],[19.639,53.107],[19.638,53.093],[19.645,53.089],[19.645,53.086],[19.648,53.081],[19.646,53.078],[19.648,53.076],[19.656,53.074],[19.66,53.069],[19.647,53.066],[19.646,53.062],[19.647,53.06],[19.646,53.054],[19.654,53.054],[19.652,53.05],[19.653,53.041],[19.652,53.038],[19.666,53.04],[19.666,53.038],[19.678,53.032],[19.676,53.029],[19.681,53.027],[19.684,53.019],[19.678,53.014],[19.68,53.01],[19.677,53.001],[19.67,52.993],[19.672,52.991],[19.669,52.989],[19.669,52.983],[19.674,52.983],[19.68,52.978],[19.678,52.976],[19.681,52.97],[19.682,52.965],[19.685,52.963],[19.681,52.956],[19.669,52.956],[19.666,52.959],[19.659,52.96],[19.655,52.961],[19.649,52.97],[19.646,52.971],[19.636,52.97],[19.624,52.977],[19.612,52.977],[19.589,52.983],[19.568,52.986],[19.56,52.99],[19.555,52.99],[19.559,52.979],[19.566,52.976],[19.57,52.973],[19.576,52.97],[19.583,52.968],[19.586,52.963],[19.583,52.957],[19.573,52.956],[19.552,52.95],[19.541,52.948],[19.532,52.942],[19.532,52.94],[19.529,52.936],[19.522,52.938],[19.51,52.938],[19.501,52.939],[19.487,52.94],[19.485,52.944],[19.458,52.942],[19.445,52.947],[19.445,52.939],[19.447,52.935],[19.447,52.931],[19.451,52.925],[19.456,52.923],[19.471,52.918],[19.465,52.916],[19.464,52.914],[19.459,52.907],[19.477,52.893],[19.486,52.886],[19.492,52.878],[19.498,52.875],[19.509,52.868],[19.511,52.862],[19.489,52.867],[19.484,52.867],[19.474,52.865],[19.464,52.86],[19.463,52.856],[19.473,52.851],[19.455,52.845],[19.444,52.837],[19.437,52.838],[19.432,52.84],[19.427,52.838],[19.423,52.833],[19.424,52.828],[19.43,52.827],[19.431,52.824],[19.424,52.816],[19.432,52.816],[19.438,52.815],[19.447,52.807],[19.452,52.805],[19.466,52.804],[19.464,52.794],[19.468,52.786],[19.471,52.786],[19.482,52.783],[19.484,52.782],[19.49,52.779],[19.495,52.778],[19.491,52.774],[19.495,52.772],[19.504,52.768],[19.501,52.763],[19.506,52.762],[19.505,52.76],[19.5,52.761],[19.498,52.759],[19.502,52.757],[19.499,52.754],[19.498,52.749],[19.51,52.748],[19.519,52.748],[19.519,52.742],[19.513,52.742],[19.51,52.738],[19.506,52.736],[19.501,52.737],[19.499,52.732],[19.505,52.729],[19.503,52.722],[19.503,52.715],[19.508,52.711],[19.517,52.71],[19.526,52.708],[19.526,52.704],[19.492,52.708],[19.494,52.71],[19.493,52.715],[19.483,52.718],[19.48,52.717],[19.465,52.721],[19.46,52.725],[19.455,52.726],[19.447,52.723],[19.441,52.723],[19.44,52.719],[19.442,52.716],[19.439,52.712],[19.446,52.707],[19.447,52.706],[19.442,52.701],[19.437,52.693],[19.437,52.681],[19.444,52.683],[19.446,52.679],[19.451,52.672],[19.446,52.674],[19.44,52.677],[19.432,52.677],[19.43,52.672],[19.416,52.672],[19.413,52.665],[19.414,52.663],[19.412,52.661],[19.41,52.654],[19.404,52.649],[19.403,52.644],[19.393,52.644],[19.384,52.644],[19.379,52.638],[19.373,52.638],[19.373,52.634],[19.368,52.628],[19.401,52.62],[19.426,52.611],[19.419,52.599],[19.414,52.596],[19.407,52.594],[19.405,52.592],[19.398,52.593],[19.395,52.59],[19.394,52.583],[19.395,52.577],[19.391,52.573],[19.378,52.569],[19.364,52.569],[19.356,52.568],[19.351,52.569],[19.341,52.567],[19.349,52.545],[19.347,52.545],[19.35,52.54],[19.355,52.537],[19.351,52.535],[19.349,52.528],[19.344,52.528],[19.338,52.534],[19.331,52.533],[19.32,52.535],[19.322,52.529],[19.325,52.529],[19.333,52.525],[19.337,52.525],[19.35,52.523],[19.36,52.521],[19.371,52.522],[19.385,52.52],[19.392,52.514],[19.396,52.513]]]}},{"type":"Feature","properties":{"id":808,"name":"województwo opolskie","bbox":[16.908,49.972,18.695,51.194]},"geometry":{"type":"Polygon","coordinates":[[[18.315,51.134],[18.305,51.135],[18.302,51.14],[18.299,51.14],[18.289,51.147],[18.278,51.148],[18.27,51.151],[18.265,51.156],[18.259,51.158],[18.254,51.156],[18.248,51.157],[18.246,51.156],[18.24,51.159],[18.234,51.158],[18.231,51.156],[18.224,51.157],[18.22,51.155],[18.21,51.156],[18.207,51.156],[18.196,51.158],[18.187,51.157],[18.182,51.161],[18.179,51.16],[18.168,51.164],[18.164,51.168],[18.164,51.173],[18.162,51.175],[18.146,51.171],[18.137,51.172],[18.124,51.169],[18.106,51.154],[18.102,51.159],[18.094,51.157],[18.089,51.159],[18.086,51.164],[18.082,51.166],[18.078,51.166],[18.07,51.156],[18.074,51.155],[18.077,51.157],[18.082,51.155],[18.079,51.153],[18.073,51.153],[18.068,51.15],[18.075,51.147],[18.073,51.145],[18.06,51.142],[18.055,51.139],[18.05,51.135],[18.039,51.131],[18.015,51.127],[18.004,51.122],[17.996,51.122],[17.954,51.113],[17.939,51.109],[17.932,51.113],[17.925,51.111],[17.922,51.114],[17.886,51.104],[17.88,51.105],[17.876,51.112],[17.867,51.111],[17.866,51.113],[17.861,51.115],[17.857,51.114],[17.852,51.112],[17.849,51.117],[17.839,51.116],[17.829,51.119],[17.823,51.118],[17.82,51.121],[17.817,51.132],[17.812,51.132],[17.813,51.138],[17.824,51.14],[17.831,51.137],[17.833,51.143],[17.851,51.172],[17.848,51.184],[17.843,51.189],[17.836,51.192],[17.828,51.193],[17.812,51.188],[17.811,51.19],[17.795,51.194],[17.795,51.19],[17.789,51.188],[17.783,51.188],[17.78,51.183],[17.771,51.185],[17.754,51.187],[17.75,51.18],[17.738,51.174],[17.729,51.175],[17.725,51.174],[17.716,51.175],[17.706,51.173],[17.704,51.174],[17.698,51.171],[17.699,51.165],[17.683,51.166],[17.674,51.164],[17.669,51.161],[17.659,51.163],[17.656,51.167],[17.651,51.168],[17.639,51.168],[17.64,51.173],[17.633,51.175],[17.621,51.175],[17.619,51.181],[17.619,51.184],[17.613,51.187],[17.612,51.191],[17.607,51.189],[17.597,51.179],[17.603,51.176],[17.595,51.169],[17.589,51.171],[17.587,51.169],[17.578,51.162],[17.568,51.166],[17.566,51.162],[17.562,51.16],[17.559,51.157],[17.554,51.157],[17.545,51.154],[17.546,51.144],[17.557,51.141],[17.568,51.138],[17.566,51.133],[17.576,51.129],[17.576,51.124],[17.571,51.118],[17.578,51.111],[17.572,51.106],[17.568,51.099],[17.562,51.093],[17.568,51.089],[17.577,51.086],[17.582,51.082],[17.564,51.073],[17.558,51.068],[17.552,51.067],[17.534,51.069],[17.524,51.065],[17.519,51.059],[17.524,51.059],[17.524,51.053],[17.518,51.052],[17.521,51.048],[17.526,51.049],[17.534,51.043],[17.527,51.031],[17.519,51.025],[17.519,51.017],[17.514,51.012],[17.522,51.009],[17.521,51.006],[17.529,51.002],[17.541,51.003],[17.544,51],[17.541,50.992],[17.538,50.989],[17.535,50.99],[17.518,50.987],[17.504,50.989],[17.499,50.993],[17.491,50.988],[17.495,50.985],[17.505,50.985],[17.515,50.98],[17.513,50.972],[17.509,50.969],[17.505,50.97],[17.505,50.973],[17.502,50.976],[17.481,50.974],[17.469,50.972],[17.464,50.978],[17.45,50.972],[17.431,50.967],[17.434,50.954],[17.431,50.946],[17.435,50.943],[17.44,50.937],[17.438,50.936],[17.435,50.928],[17.43,50.926],[17.432,50.916],[17.429,50.915],[17.427,50.911],[17.421,50.913],[17.407,50.911],[17.403,50.915],[17.403,50.919],[17.399,50.921],[17.39,50.922],[17.382,50.925],[17.369,50.926],[17.369,50.921],[17.37,50.918],[17.367,50.914],[17.358,50.907],[17.36,50.906],[17.352,50.901],[17.368,50.898],[17.398,50.889],[17.394,50.888],[17.394,50.884],[17.396,50.88],[17.395,50.876],[17.385,50.876],[17.384,50.862],[17.376,50.86],[17.367,50.86],[17.358,50.858],[17.354,50.855],[17.345,50.852],[17.334,50.852],[17.328,50.851],[17.331,50.843],[17.339,50.837],[17.343,50.832],[17.343,50.828],[17.334,50.825],[17.318,50.821],[17.324,50.82],[17.332,50.815],[17.339,50.808],[17.344,50.807],[17.35,50.808],[17.349,50.805],[17.35,50.8],[17.355,50.794],[17.349,50.788],[17.346,50.788],[17.343,50.785],[17.333,50.787],[17.325,50.786],[17.306,50.788],[17.291,50.793],[17.285,50.792],[17.277,50.788],[17.273,50.788],[17.271,50.785],[17.271,50.781],[17.264,50.777],[17.256,50.775],[17.254,50.772],[17.262,50.772],[17.27,50.771],[17.268,50.768],[17.277,50.763],[17.28,50.761],[17.288,50.757],[17.294,50.754],[17.298,50.753],[17.291,50.746],[17.301,50.743],[17.294,50.738],[17.286,50.743],[17.276,50.745],[17.27,50.74],[17.263,50.739],[17.264,50.734],[17.259,50.725],[17.257,50.724],[17.252,50.718],[17.248,50.719],[17.24,50.718],[17.239,50.715],[17.232,50.716],[17.226,50.716],[17.221,50.714],[17.222,50.707],[17.22,50.701],[17.256,50.692],[17.259,50.69],[17.256,50.687],[17.252,50.686],[17.247,50.682],[17.235,50.681],[17.239,50.673],[17.238,50.667],[17.239,50.661],[17.236,50.654],[17.239,50.651],[17.235,50.65],[17.235,50.645],[17.23,50.641],[17.232,50.635],[17.234,50.632],[17.243,50.628],[17.242,50.624],[17.245,50.62],[17.241,50.616],[17.236,50.613],[17.232,50.614],[17.223,50.615],[17.221,50.616],[17.211,50.616],[17.186,50.616],[17.175,50.614],[17.165,50.613],[17.155,50.612],[17.152,50.611],[17.139,50.61],[17.134,50.609],[17.124,50.608],[17.122,50.608],[17.121,50.602],[17.118,50.599],[17.116,50.595],[17.115,50.587],[17.105,50.581],[17.099,50.576],[17.1,50.573],[17.094,50.564],[17.083,50.559],[17.076,50.556],[17.069,50.544],[17.065,50.543],[17.061,50.537],[17.062,50.531],[17.067,50.526],[17.074,50.522],[17.075,50.517],[17.067,50.513],[17.057,50.505],[17.058,50.5],[17.063,50.497],[17.059,50.492],[17.064,50.489],[17.062,50.483],[17.063,50.48],[17.062,50.476],[17.055,50.476],[17.052,50.466],[17.049,50.464],[17.042,50.463],[17.031,50.465],[17.026,50.466],[17.018,50.466],[17.017,50.469],[17.025,50.471],[17.017,50.474],[17.02,50.48],[17.013,50.479],[17.007,50.479],[17.007,50.475],[17.004,50.474],[16.996,50.478],[16.993,50.475],[16.986,50.477],[16.981,50.474],[16.976,50.476],[16.98,50.482],[16.975,50.486],[16.975,50.489],[16.965,50.488],[16.957,50.487],[16.948,50.481],[16.945,50.477],[16.942,50.468],[16.945,50.468],[16.94,50.461],[16.932,50.458],[16.919,50.453],[16.914,50.45],[16.908,50.449],[16.918,50.445],[16.922,50.44],[16.938,50.435],[16.949,50.433],[16.956,50.429],[16.963,50.426],[16.97,50.422],[16.974,50.418],[16.983,50.42],[16.996,50.426],[16.998,50.428],[17.007,50.424],[17.014,50.419],[17.018,50.421],[17.024,50.421],[17.03,50.415],[17.037,50.415],[17.042,50.412],[17.053,50.407],[17.065,50.406],[17.076,50.404],[17.081,50.402],[17.085,50.406],[17.103,50.406],[17.111,50.405],[17.111,50.394],[17.123,50.394],[17.13,50.391],[17.134,50.387],[17.143,50.38],[17.153,50.382],[17.157,50.38],[17.163,50.384],[17.179,50.386],[17.184,50.39],[17.2,50.387],[17.204,50.386],[17.203,50.382],[17.199,50.375],[17.201,50.364],[17.213,50.358],[17.213,50.357],[17.223,50.346],[17.229,50.343],[17.235,50.341],[17.242,50.337],[17.247,50.332],[17.259,50.329],[17.264,50.328],[17.274,50.322],[17.282,50.319],[17.29,50.318],[17.303,50.32],[17.313,50.32],[17.328,50.327],[17.349,50.328],[17.35,50.325],[17.348,50.323],[17.34,50.323],[17.338,50.313],[17.343,50.312],[17.349,50.312],[17.354,50.308],[17.35,50.302],[17.346,50.298],[17.345,50.291],[17.348,50.287],[17.338,50.283],[17.343,50.281],[17.343,50.276],[17.345,50.274],[17.346,50.268],[17.351,50.264],[17.358,50.265],[17.363,50.265],[17.362,50.273],[17.363,50.28],[17.366,50.282],[17.373,50.283],[17.389,50.283],[17.401,50.28],[17.407,50.274],[17.421,50.277],[17.424,50.271],[17.428,50.268],[17.431,50.263],[17.428,50.259],[17.43,50.254],[17.44,50.252],[17.446,50.253],[17.455,50.257],[17.457,50.26],[17.456,50.262],[17.458,50.27],[17.463,50.267],[17.469,50.27],[17.48,50.271],[17.486,50.273],[17.496,50.275],[17.505,50.275],[17.52,50.274],[17.535,50.272],[17.542,50.27],[17.549,50.27],[17.56,50.271],[17.563,50.27],[17.572,50.275],[17.584,50.278],[17.591,50.279],[17.598,50.275],[17.598,50.271],[17.603,50.27],[17.604,50.268],[17.611,50.266],[17.617,50.267],[17.638,50.274],[17.642,50.276],[17.651,50.278],[17.659,50.285],[17.667,50.289],[17.668,50.291],[17.676,50.292],[17.681,50.297],[17.686,50.299],[17.689,50.302],[17.687,50.305],[17.689,50.316],[17.687,50.328],[17.71,50.323],[17.719,50.32],[17.722,50.318],[17.724,50.312],[17.729,50.303],[17.734,50.303],[17.739,50.301],[17.749,50.301],[17.752,50.3],[17.749,50.297],[17.748,50.293],[17.744,50.29],[17.737,50.283],[17.734,50.277],[17.727,50.274],[17.726,50.269],[17.726,50.259],[17.725,50.257],[17.733,50.253],[17.738,50.249],[17.765,50.236],[17.757,50.221],[17.76,50.217],[17.758,50.212],[17.758,50.207],[17.748,50.205],[17.745,50.203],[17.735,50.202],[17.724,50.207],[17.717,50.206],[17.716,50.202],[17.71,50.199],[17.712,50.196],[17.708,50.191],[17.704,50.189],[17.703,50.185],[17.695,50.183],[17.684,50.182],[17.68,50.183],[17.674,50.181],[17.669,50.179],[17.663,50.178],[17.642,50.176],[17.637,50.174],[17.629,50.173],[17.626,50.169],[17.62,50.171],[17.604,50.171],[17.601,50.169],[17.593,50.16],[17.597,50.155],[17.599,50.155],[17.609,50.145],[17.611,50.14],[17.617,50.139],[17.625,50.135],[17.64,50.131],[17.645,50.124],[17.644,50.123],[17.646,50.118],[17.649,50.112],[17.651,50.111],[17.662,50.109],[17.677,50.103],[17.683,50.117],[17.697,50.117],[17.705,50.114],[17.717,50.107],[17.731,50.097],[17.729,50.088],[17.74,50.081],[17.743,50.081],[17.75,50.078],[17.749,50.076],[17.752,50.07],[17.759,50.068],[17.755,50.063],[17.759,50.059],[17.761,50.059],[17.762,50.053],[17.765,50.053],[17.772,50.046],[17.773,50.042],[17.77,50.039],[17.77,50.036],[17.775,50.035],[17.777,50.031],[17.777,50.028],[17.771,50.026],[17.778,50.02],[17.787,50.02],[17.787,50.018],[17.795,50.018],[17.795,50.014],[17.804,50.012],[17.828,50.011],[17.837,50.004],[17.827,49.994],[17.833,49.992],[17.836,49.992],[17.843,49.987],[17.851,49.987],[17.852,49.982],[17.857,49.98],[17.862,49.981],[17.868,49.972],[17.885,49.979],[17.892,49.98],[17.898,49.978],[17.909,49.977],[17.912,49.978],[17.923,49.979],[17.925,49.982],[17.931,49.987],[17.938,49.992],[17.954,50.005],[17.962,50.005],[17.966,50.008],[17.973,50.009],[17.983,50.005],[17.986,50.007],[17.988,50.012],[17.993,50.015],[17.999,50.016],[18.005,50.018],[18.007,50.011],[18.019,50.01],[18.035,50.011],[18.04,50.007],[18.046,50.008],[18.041,50.014],[18.046,50.016],[18.046,50.019],[18.043,50.022],[18.048,50.025],[18.049,50.027],[18.044,50.037],[18.038,50.037],[18.029,50.039],[18.025,50.039],[18.018,50.032],[18.013,50.03],[18.009,50.031],[18.004,50.038],[18.007,50.045],[18.005,50.053],[18.012,50.055],[18.021,50.061],[18.034,50.066],[18.035,50.066],[18.041,50.07],[18.043,50.074],[18.052,50.084],[18.057,50.087],[18.059,50.096],[18.067,50.107],[18.072,50.11],[18.061,50.116],[18.062,50.119],[18.067,50.124],[18.068,50.13],[18.065,50.13],[18.055,50.134],[18.05,50.138],[18.053,50.146],[18.056,50.145],[18.066,50.157],[18.057,50.161],[18.064,50.168],[18.058,50.173],[18.06,50.175],[18.062,50.176],[18.071,50.171],[18.079,50.174],[18.101,50.178],[18.101,50.175],[18.106,50.169],[18.11,50.167],[18.118,50.173],[18.123,50.175],[18.12,50.179],[18.125,50.18],[18.134,50.184],[18.138,50.179],[18.148,50.182],[18.162,50.189],[18.169,50.188],[18.175,50.186],[18.183,50.181],[18.186,50.181],[18.185,50.187],[18.194,50.188],[18.205,50.19],[18.233,50.191],[18.247,50.192],[18.251,50.194],[18.249,50.198],[18.241,50.197],[18.236,50.2],[18.235,50.203],[18.238,50.209],[18.236,50.213],[18.239,50.215],[18.25,50.217],[18.251,50.223],[18.256,50.223],[18.267,50.222],[18.271,50.22],[18.275,50.225],[18.295,50.228],[18.296,50.23],[18.305,50.232],[18.308,50.231],[18.313,50.236],[18.313,50.241],[18.325,50.241],[18.331,50.244],[18.347,50.247],[18.359,50.248],[18.354,50.258],[18.362,50.257],[18.369,50.255],[18.377,50.254],[18.386,50.256],[18.399,50.254],[18.406,50.255],[18.412,50.252],[18.421,50.249],[18.426,50.249],[18.42,50.261],[18.426,50.262],[18.428,50.265],[18.427,50.269],[18.42,50.274],[18.406,50.277],[18.401,50.277],[18.394,50.276],[18.396,50.28],[18.4,50.284],[18.407,50.287],[18.408,50.29],[18.403,50.297],[18.4,50.299],[18.393,50.305],[18.394,50.309],[18.392,50.314],[18.409,50.317],[18.406,50.324],[18.398,50.323],[18.401,50.327],[18.4,50.331],[18.394,50.338],[18.387,50.342],[18.38,50.345],[18.373,50.346],[18.366,50.35],[18.358,50.357],[18.363,50.357],[18.373,50.361],[18.374,50.366],[18.372,50.372],[18.387,50.37],[18.388,50.375],[18.377,50.376],[18.374,50.378],[18.382,50.382],[18.385,50.385],[18.391,50.385],[18.394,50.391],[18.387,50.397],[18.385,50.401],[18.386,50.403],[18.382,50.407],[18.378,50.414],[18.371,50.415],[18.365,50.419],[18.367,50.42],[18.366,50.424],[18.376,50.426],[18.386,50.431],[18.389,50.439],[18.388,50.445],[18.382,50.449],[18.382,50.452],[18.386,50.455],[18.383,50.456],[18.387,50.459],[18.384,50.461],[18.383,50.47],[18.38,50.479],[18.384,50.484],[18.389,50.482],[18.405,50.475],[18.41,50.475],[18.435,50.478],[18.44,50.481],[18.453,50.477],[18.45,50.474],[18.453,50.471],[18.452,50.468],[18.452,50.463],[18.46,50.462],[18.469,50.462],[18.481,50.458],[18.483,50.467],[18.486,50.47],[18.475,50.473],[18.474,50.479],[18.47,50.48],[18.47,50.484],[18.467,50.489],[18.467,50.5],[18.448,50.499],[18.448,50.505],[18.446,50.511],[18.443,50.513],[18.44,50.519],[18.438,50.527],[18.43,50.532],[18.432,50.537],[18.435,50.541],[18.436,50.545],[18.438,50.547],[18.444,50.548],[18.459,50.549],[18.473,50.552],[18.478,50.553],[18.485,50.551],[18.506,50.549],[18.521,50.546],[18.525,50.545],[18.536,50.542],[18.55,50.541],[18.553,50.54],[18.559,50.54],[18.564,50.544],[18.573,50.548],[18.58,50.546],[18.581,50.548],[18.588,50.547],[18.598,50.551],[18.604,50.549],[18.607,50.55],[18.605,50.553],[18.616,50.569],[18.605,50.568],[18.598,50.569],[18.596,50.573],[18.592,50.574],[18.591,50.578],[18.602,50.604],[18.59,50.606],[18.587,50.614],[18.518,50.625],[18.513,50.631],[18.517,50.64],[18.506,50.641],[18.513,50.658],[18.523,50.659],[18.494,50.664],[18.497,50.671],[18.504,50.674],[18.5,50.676],[18.498,50.679],[18.489,50.678],[18.488,50.682],[18.484,50.686],[18.487,50.687],[18.493,50.687],[18.495,50.691],[18.499,50.689],[18.501,50.694],[18.493,50.697],[18.494,50.7],[18.484,50.703],[18.484,50.708],[18.49,50.709],[18.496,50.711],[18.501,50.711],[18.507,50.713],[18.507,50.721],[18.509,50.726],[18.519,50.726],[18.543,50.73],[18.548,50.732],[18.549,50.739],[18.548,50.742],[18.549,50.749],[18.555,50.749],[18.564,50.746],[18.57,50.745],[18.572,50.749],[18.577,50.748],[18.581,50.752],[18.572,50.756],[18.568,50.757],[18.557,50.757],[18.55,50.76],[18.535,50.771],[18.538,50.773],[18.534,50.779],[18.525,50.776],[18.527,50.78],[18.524,50.787],[18.516,50.789],[18.517,50.792],[18.522,50.792],[18.52,50.796],[18.512,50.798],[18.504,50.797],[18.505,50.801],[18.514,50.803],[18.522,50.802],[18.539,50.805],[18.55,50.807],[18.558,50.807],[18.562,50.809],[18.561,50.816],[18.563,50.82],[18.557,50.83],[18.558,50.834],[18.563,50.837],[18.57,50.84],[18.579,50.844],[18.588,50.852],[18.602,50.854],[18.616,50.854],[18.619,50.863],[18.623,50.865],[18.625,50.871],[18.628,50.874],[18.629,50.879],[18.634,50.883],[18.633,50.886],[18.637,50.893],[18.642,50.896],[18.642,50.9],[18.649,50.906],[18.655,50.917],[18.654,50.921],[18.649,50.927],[18.649,50.931],[18.641,50.932],[18.63,50.931],[18.612,50.955],[18.62,50.961],[18.622,50.966],[18.63,50.964],[18.643,50.965],[18.644,50.969],[18.658,50.971],[18.664,50.971],[18.663,50.978],[18.665,50.984],[18.668,50.989],[18.656,51.005],[18.667,51.008],[18.68,51.008],[18.686,51.01],[18.695,51.016],[18.687,51.026],[18.672,51.049],[18.675,51.053],[18.673,51.057],[18.665,51.054],[18.661,51.055],[18.648,51.061],[18.637,51.063],[18.627,51.071],[18.623,51.077],[18.612,51.08],[18.608,51.082],[18.6,51.082],[18.592,51.081],[18.578,51.082],[18.577,51.084],[18.581,51.091],[18.579,51.094],[18.57,51.1],[18.568,51.102],[18.562,51.107],[18.561,51.111],[18.564,51.112],[18.568,51.119],[18.563,51.126],[18.554,51.139],[18.548,51.141],[18.544,51.141],[18.54,51.138],[18.533,51.138],[18.523,51.141],[18.517,51.136],[18.515,51.133],[18.516,51.121],[18.52,51.116],[18.517,51.111],[18.52,51.109],[18.515,51.104],[18.511,51.103],[18.504,51.1],[18.499,51.1],[18.494,51.093],[18.489,51.091],[18.478,51.092],[18.481,51.1],[18.47,51.104],[18.467,51.111],[18.468,51.112],[18.465,51.12],[18.453,51.115],[18.443,51.115],[18.437,51.114],[18.43,51.116],[18.429,51.118],[18.422,51.117],[18.419,51.126],[18.406,51.124],[18.399,51.126],[18.393,51.126],[18.389,51.129],[18.383,51.129],[18.375,51.132],[18.375,51.134],[18.367,51.137],[18.35,51.137],[18.347,51.138],[18.337,51.138],[18.333,51.139],[18.323,51.138],[18.317,51.136],[18.315,51.134]]]}},{"type":"Feature","properties":{"id":809,"name":"województwo podkarpackie","bbox":[21.142,49.002,23.548,50.821]},"geometry":{"type":"Polygon","coordinates":[[[22.405,50.394],[22.405,50.398],[22.412,50.423],[22.446,50.419],[22.45,50.433],[22.459,50.434],[22.457,50.444],[22.456,50.446],[22.447,50.445],[22.45,50.449],[22.457,50.449],[22.456,50.452],[22.447,50.456],[22.444,50.462],[22.463,50.466],[22.462,50.462],[22.466,50.46],[22.497,50.455],[22.51,50.456],[22.511,50.46],[22.507,50.468],[22.521,50.464],[22.52,50.462],[22.524,50.459],[22.521,50.455],[22.53,50.45],[22.53,50.447],[22.545,50.452],[22.549,50.46],[22.551,50.462],[22.556,50.46],[22.565,50.459],[22.568,50.462],[22.562,50.464],[22.557,50.461],[22.554,50.466],[22.558,50.468],[22.572,50.472],[22.586,50.477],[22.586,50.483],[22.577,50.481],[22.567,50.48],[22.567,50.483],[22.525,50.475],[22.524,50.477],[22.518,50.477],[22.511,50.482],[22.512,50.487],[22.533,50.483],[22.54,50.484],[22.569,50.495],[22.572,50.497],[22.567,50.498],[22.577,50.504],[22.571,50.51],[22.555,50.506],[22.548,50.508],[22.541,50.506],[22.529,50.513],[22.537,50.517],[22.528,50.522],[22.535,50.524],[22.534,50.526],[22.534,50.538],[22.52,50.534],[22.512,50.539],[22.52,50.543],[22.52,50.549],[22.538,50.55],[22.536,50.553],[22.536,50.572],[22.528,50.576],[22.52,50.583],[22.51,50.58],[22.515,50.578],[22.515,50.576],[22.506,50.576],[22.506,50.584],[22.492,50.583],[22.491,50.576],[22.487,50.577],[22.489,50.58],[22.483,50.581],[22.471,50.585],[22.469,50.585],[22.465,50.592],[22.455,50.589],[22.427,50.584],[22.42,50.581],[22.407,50.586],[22.401,50.593],[22.397,50.595],[22.383,50.598],[22.381,50.603],[22.374,50.604],[22.368,50.607],[22.356,50.609],[22.352,50.611],[22.349,50.614],[22.346,50.612],[22.339,50.615],[22.33,50.616],[22.322,50.618],[22.312,50.619],[22.309,50.617],[22.305,50.618],[22.299,50.617],[22.29,50.619],[22.282,50.623],[22.272,50.621],[22.265,50.622],[22.258,50.62],[22.247,50.622],[22.246,50.625],[22.247,50.634],[22.241,50.641],[22.234,50.647],[22.233,50.653],[22.223,50.66],[22.212,50.663],[22.206,50.666],[22.198,50.667],[22.189,50.664],[22.185,50.666],[22.167,50.667],[22.154,50.669],[22.147,50.669],[22.146,50.672],[22.147,50.678],[22.155,50.679],[22.159,50.682],[22.16,50.685],[22.169,50.688],[22.169,50.69],[22.172,50.697],[22.177,50.701],[22.17,50.706],[22.175,50.712],[22.201,50.752],[22.206,50.754],[22.201,50.756],[22.197,50.761],[22.192,50.762],[22.186,50.764],[22.186,50.766],[22.18,50.767],[22.177,50.766],[22.152,50.772],[22.157,50.777],[22.162,50.789],[22.163,50.797],[22.15,50.8],[22.136,50.801],[22.116,50.807],[22.098,50.813],[22.081,50.816],[22.071,50.816],[22.061,50.818],[22.052,50.821],[22.047,50.818],[22.04,50.809],[22.026,50.802],[22.02,50.798],[22.013,50.796],[22.012,50.793],[22.007,50.791],[22,50.787],[21.995,50.783],[21.99,50.784],[21.986,50.786],[21.982,50.785],[21.973,50.788],[21.969,50.786],[21.964,50.782],[21.956,50.778],[21.949,50.771],[21.94,50.772],[21.93,50.774],[21.921,50.775],[21.897,50.78],[21.883,50.778],[21.876,50.78],[21.876,50.784],[21.88,50.79],[21.875,50.798],[21.864,50.802],[21.862,50.8],[21.862,50.789],[21.86,50.785],[21.854,50.775],[21.844,50.766],[21.84,50.759],[21.84,50.755],[21.843,50.739],[21.842,50.735],[21.832,50.723],[21.828,50.717],[21.826,50.7],[21.824,50.695],[21.819,50.69],[21.81,50.686],[21.796,50.682],[21.786,50.68],[21.791,50.676],[21.794,50.676],[21.782,50.664],[21.779,50.657],[21.781,50.65],[21.779,50.645],[21.768,50.646],[21.761,50.648],[21.76,50.655],[21.75,50.655],[21.743,50.649],[21.739,50.648],[21.739,50.644],[21.733,50.642],[21.723,50.645],[21.72,50.641],[21.716,50.634],[21.71,50.63],[21.699,50.622],[21.689,50.616],[21.675,50.609],[21.669,50.605],[21.667,50.601],[21.665,50.591],[21.662,50.583],[21.657,50.573],[21.652,50.566],[21.647,50.563],[21.632,50.552],[21.624,50.545],[21.618,50.539],[21.613,50.531],[21.604,50.521],[21.601,50.52],[21.59,50.517],[21.577,50.518],[21.566,50.52],[21.56,50.521],[21.553,50.52],[21.543,50.517],[21.527,50.514],[21.518,50.509],[21.507,50.505],[21.482,50.496],[21.478,50.496],[21.454,50.494],[21.446,50.491],[21.442,50.485],[21.452,50.466],[21.45,50.461],[21.447,50.459],[21.438,50.454],[21.415,50.445],[21.409,50.442],[21.397,50.439],[21.385,50.439],[21.372,50.441],[21.366,50.441],[21.352,50.436],[21.338,50.43],[21.32,50.425],[21.311,50.422],[21.299,50.413],[21.281,50.408],[21.279,50.405],[21.281,50.394],[21.275,50.391],[21.258,50.391],[21.253,50.388],[21.253,50.382],[21.251,50.379],[21.245,50.376],[21.236,50.376],[21.23,50.374],[21.227,50.37],[21.223,50.36],[21.22,50.357],[21.215,50.356],[21.209,50.355],[21.215,50.343],[21.219,50.341],[21.218,50.338],[21.219,50.336],[21.213,50.331],[21.217,50.322],[21.22,50.315],[21.223,50.311],[21.214,50.309],[21.203,50.305],[21.194,50.304],[21.189,50.299],[21.184,50.298],[21.183,50.287],[21.178,50.28],[21.157,50.266],[21.156,50.263],[21.151,50.261],[21.152,50.259],[21.147,50.256],[21.155,50.253],[21.163,50.247],[21.178,50.242],[21.178,50.238],[21.155,50.238],[21.147,50.239],[21.142,50.238],[21.15,50.23],[21.154,50.228],[21.155,50.225],[21.163,50.222],[21.163,50.217],[21.165,50.213],[21.171,50.209],[21.17,50.205],[21.167,50.201],[21.168,50.189],[21.165,50.181],[21.171,50.177],[21.153,50.149],[21.152,50.148],[21.176,50.143],[21.173,50.141],[21.164,50.136],[21.156,50.137],[21.153,50.135],[21.146,50.134],[21.146,50.13],[21.151,50.13],[21.148,50.126],[21.195,50.12],[21.191,50.118],[21.186,50.119],[21.181,50.118],[21.178,50.115],[21.178,50.111],[21.187,50.106],[21.184,50.103],[21.185,50.1],[21.189,50.098],[21.196,50.097],[21.199,50.095],[21.16,50.09],[21.162,50.086],[21.169,50.079],[21.179,50.081],[21.18,50.076],[21.171,50.07],[21.168,50.066],[21.168,50.061],[21.159,50.057],[21.146,50.054],[21.145,50.049],[21.149,50.049],[21.151,50.045],[21.161,50.042],[21.173,50.039],[21.174,50.035],[21.193,50.029],[21.189,50.026],[21.181,50.016],[21.179,50.012],[21.162,50.007],[21.154,50.003],[21.153,49.996],[21.149,49.993],[21.151,49.988],[21.15,49.976],[21.158,49.97],[21.161,49.964],[21.161,49.958],[21.162,49.955],[21.161,49.951],[21.166,49.948],[21.166,49.945],[21.172,49.943],[21.172,49.937],[21.176,49.933],[21.18,49.928],[21.186,49.927],[21.193,49.932],[21.211,49.929],[21.231,49.929],[21.245,49.93],[21.258,49.929],[21.26,49.927],[21.271,49.927],[21.278,49.928],[21.285,49.924],[21.288,49.914],[21.288,49.909],[21.283,49.898],[21.279,49.892],[21.273,49.889],[21.266,49.887],[21.261,49.885],[21.249,49.885],[21.244,49.885],[21.231,49.884],[21.225,49.884],[21.228,49.877],[21.226,49.871],[21.228,49.863],[21.225,49.853],[21.227,49.852],[21.235,49.85],[21.241,49.846],[21.245,49.845],[21.252,49.841],[21.26,49.842],[21.265,49.84],[21.265,49.844],[21.27,49.843],[21.277,49.844],[21.283,49.846],[21.297,49.843],[21.317,49.835],[21.322,49.83],[21.337,49.827],[21.339,49.825],[21.34,49.82],[21.344,49.816],[21.349,49.815],[21.339,49.812],[21.332,49.811],[21.336,49.808],[21.33,49.804],[21.322,49.803],[21.32,49.8],[21.308,49.796],[21.3,49.797],[21.295,49.801],[21.284,49.802],[21.281,49.806],[21.276,49.804],[21.27,49.798],[21.269,49.794],[21.256,49.792],[21.251,49.792],[21.25,49.788],[21.246,49.785],[21.246,49.782],[21.242,49.776],[21.245,49.772],[21.253,49.764],[21.254,49.757],[21.258,49.752],[21.271,49.753],[21.273,49.753],[21.281,49.755],[21.291,49.749],[21.297,49.748],[21.302,49.75],[21.31,49.749],[21.318,49.74],[21.319,49.735],[21.316,49.732],[21.316,49.728],[21.322,49.727],[21.322,49.722],[21.331,49.72],[21.33,49.715],[21.328,49.71],[21.32,49.698],[21.329,49.696],[21.332,49.694],[21.335,49.698],[21.34,49.698],[21.343,49.693],[21.347,49.69],[21.344,49.674],[21.342,49.669],[21.343,49.664],[21.342,49.659],[21.344,49.657],[21.358,49.65],[21.356,49.646],[21.357,49.644],[21.363,49.635],[21.363,49.634],[21.356,49.626],[21.351,49.618],[21.344,49.612],[21.345,49.608],[21.341,49.607],[21.331,49.601],[21.327,49.594],[21.328,49.59],[21.332,49.587],[21.344,49.582],[21.348,49.579],[21.361,49.576],[21.364,49.577],[21.374,49.57],[21.379,49.57],[21.38,49.568],[21.376,49.566],[21.375,49.563],[21.368,49.558],[21.364,49.554],[21.369,49.549],[21.361,49.549],[21.358,49.545],[21.362,49.542],[21.368,49.542],[21.379,49.539],[21.383,49.537],[21.384,49.532],[21.388,49.529],[21.383,49.525],[21.389,49.521],[21.388,49.519],[21.393,49.511],[21.399,49.508],[21.408,49.51],[21.41,49.502],[21.415,49.498],[21.418,49.498],[21.421,49.493],[21.4,49.491],[21.391,49.489],[21.389,49.485],[21.394,49.481],[21.398,49.479],[21.402,49.477],[21.409,49.474],[21.408,49.47],[21.411,49.468],[21.406,49.464],[21.4,49.458],[21.392,49.456],[21.393,49.453],[21.393,49.446],[21.397,49.44],[21.399,49.434],[21.405,49.432],[21.407,49.427],[21.415,49.423],[21.418,49.42],[21.428,49.416],[21.434,49.412],[21.44,49.413],[21.445,49.412],[21.456,49.416],[21.467,49.413],[21.474,49.414],[21.479,49.416],[21.483,49.422],[21.486,49.427],[21.489,49.429],[21.496,49.43],[21.511,49.42],[21.517,49.418],[21.524,49.42],[21.519,49.424],[21.523,49.429],[21.524,49.432],[21.53,49.435],[21.552,49.433],[21.556,49.438],[21.564,49.441],[21.57,49.439],[21.575,49.436],[21.58,49.435],[21.584,49.434],[21.592,49.434],[21.596,49.437],[21.602,49.435],[21.607,49.438],[21.607,49.44],[21.615,49.445],[21.631,49.447],[21.638,49.438],[21.641,49.436],[21.644,49.431],[21.649,49.43],[21.657,49.424],[21.657,49.419],[21.659,49.417],[21.674,49.414],[21.681,49.411],[21.685,49.411],[21.697,49.418],[21.701,49.418],[21.711,49.413],[21.715,49.414],[21.724,49.411],[21.726,49.399],[21.728,49.398],[21.733,49.399],[21.735,49.398],[21.739,49.393],[21.745,49.39],[21.75,49.389],[21.763,49.383],[21.765,49.378],[21.763,49.375],[21.766,49.37],[21.768,49.365],[21.772,49.363],[21.774,49.359],[21.778,49.356],[21.789,49.355],[21.791,49.359],[21.788,49.366],[21.789,49.369],[21.795,49.374],[21.797,49.378],[21.803,49.382],[21.81,49.382],[21.817,49.384],[21.822,49.389],[21.826,49.391],[21.84,49.392],[21.844,49.388],[21.847,49.387],[21.849,49.384],[21.848,49.379],[21.859,49.369],[21.87,49.372],[21.875,49.374],[21.887,49.369],[21.891,49.364],[21.889,49.362],[21.893,49.357],[21.906,49.352],[21.918,49.354],[21.923,49.352],[21.93,49.347],[21.937,49.346],[21.945,49.349],[21.95,49.348],[21.952,49.35],[21.961,49.349],[21.966,49.345],[21.965,49.342],[21.973,49.334],[21.978,49.326],[21.979,49.317],[21.982,49.315],[21.984,49.31],[21.989,49.309],[21.992,49.304],[22.001,49.299],[22.007,49.293],[22.013,49.289],[22.023,49.286],[22.029,49.283],[22.034,49.279],[22.035,49.276],[22.033,49.265],[22.03,49.263],[22.042,49.257],[22.038,49.25],[22.039,49.245],[22.033,49.242],[22.035,49.234],[22.03,49.225],[22.035,49.222],[22.041,49.221],[22.051,49.216],[22.06,49.214],[22.062,49.212],[22.068,49.212],[22.078,49.209],[22.088,49.208],[22.094,49.206],[22.098,49.206],[22.107,49.204],[22.113,49.203],[22.119,49.201],[22.124,49.202],[22.131,49.2],[22.144,49.201],[22.143,49.194],[22.146,49.192],[22.154,49.189],[22.16,49.188],[22.167,49.185],[22.176,49.183],[22.186,49.179],[22.187,49.175],[22.191,49.174],[22.2,49.178],[22.205,49.18],[22.21,49.182],[22.211,49.186],[22.217,49.184],[22.222,49.184],[22.231,49.181],[22.232,49.176],[22.235,49.175],[22.236,49.169],[22.228,49.163],[22.225,49.153],[22.227,49.153],[22.236,49.154],[22.24,49.152],[22.247,49.153],[22.253,49.151],[22.256,49.151],[22.262,49.148],[22.277,49.144],[22.282,49.142],[22.288,49.142],[22.297,49.142],[22.307,49.137],[22.314,49.137],[22.321,49.136],[22.33,49.144],[22.335,49.146],[22.339,49.146],[22.351,49.146],[22.355,49.145],[22.362,49.145],[22.366,49.147],[22.37,49.145],[22.374,49.14],[22.378,49.136],[22.377,49.134],[22.381,49.131],[22.39,49.127],[22.39,49.123],[22.392,49.118],[22.397,49.117],[22.398,49.115],[22.402,49.113],[22.409,49.105],[22.414,49.102],[22.428,49.098],[22.431,49.101],[22.445,49.103],[22.457,49.104],[22.462,49.101],[22.467,49.101],[22.476,49.094],[22.483,49.092],[22.485,49.089],[22.497,49.086],[22.5,49.086],[22.505,49.091],[22.511,49.092],[22.536,49.093],[22.539,49.095],[22.546,49.092],[22.548,49.09],[22.556,49.088],[22.564,49.088],[22.578,49.094],[22.579,49.096],[22.584,49.097],[22.592,49.095],[22.6,49.093],[22.605,49.085],[22.613,49.084],[22.618,49.081],[22.626,49.08],[22.631,49.076],[22.632,49.072],[22.638,49.061],[22.64,49.06],[22.646,49.058],[22.647,49.055],[22.66,49.047],[22.663,49.048],[22.669,49.048],[22.671,49.043],[22.683,49.039],[22.694,49.045],[22.699,49.05],[22.715,49.051],[22.718,49.053],[22.724,49.051],[22.727,49.048],[22.735,49.049],[22.744,49.045],[22.749,49.045],[22.755,49.043],[22.76,49.047],[22.762,49.052],[22.765,49.054],[22.773,49.052],[22.786,49.046],[22.795,49.039],[22.8,49.037],[22.81,49.035],[22.81,49.031],[22.813,49.025],[22.82,49.025],[22.824,49.023],[22.828,49.025],[22.834,49.026],[22.836,49.022],[22.838,49.021],[22.843,49.013],[22.844,49.011],[22.844,49.005],[22.847,49.003],[22.852,49.003],[22.86,49.002],[22.875,49.004],[22.883,49.007],[22.891,49.008],[22.89,49.015],[22.894,49.017],[22.889,49.02],[22.886,49.02],[22.879,49.025],[22.878,49.027],[22.874,49.031],[22.876,49.034],[22.881,49.038],[22.877,49.04],[22.873,49.039],[22.867,49.04],[22.87,49.047],[22.875,49.05],[22.875,49.055],[22.866,49.06],[22.869,49.062],[22.865,49.067],[22.872,49.072],[22.867,49.075],[22.868,49.078],[22.884,49.082],[22.884,49.085],[22.893,49.095],[22.889,49.097],[22.887,49.096],[22.88,49.099],[22.876,49.097],[22.867,49.101],[22.863,49.1],[22.86,49.103],[22.855,49.104],[22.855,49.106],[22.859,49.111],[22.854,49.111],[22.85,49.115],[22.842,49.11],[22.831,49.111],[22.829,49.115],[22.831,49.118],[22.818,49.126],[22.813,49.131],[22.808,49.129],[22.805,49.134],[22.794,49.138],[22.793,49.146],[22.789,49.149],[22.792,49.154],[22.789,49.158],[22.785,49.158],[22.778,49.155],[22.771,49.155],[22.768,49.154],[22.764,49.154],[22.76,49.153],[22.756,49.154],[22.751,49.153],[22.749,49.156],[22.744,49.158],[22.739,49.158],[22.742,49.169],[22.747,49.172],[22.751,49.178],[22.754,49.179],[22.75,49.184],[22.743,49.183],[22.733,49.182],[22.733,49.179],[22.73,49.176],[22.725,49.175],[22.724,49.173],[22.725,49.169],[22.72,49.165],[22.715,49.167],[22.714,49.171],[22.71,49.172],[22.707,49.175],[22.708,49.181],[22.716,49.184],[22.72,49.189],[22.72,49.192],[22.723,49.196],[22.729,49.197],[22.729,49.204],[22.734,49.206],[22.733,49.209],[22.735,49.212],[22.74,49.212],[22.747,49.217],[22.742,49.219],[22.737,49.218],[22.729,49.221],[22.72,49.221],[22.715,49.226],[22.717,49.236],[22.721,49.241],[22.74,49.247],[22.741,49.256],[22.74,49.263],[22.744,49.299],[22.751,49.317],[22.743,49.336],[22.747,49.36],[22.744,49.37],[22.732,49.399],[22.726,49.41],[22.717,49.43],[22.713,49.438],[22.71,49.446],[22.701,49.481],[22.7,49.488],[22.697,49.495],[22.67,49.498],[22.651,49.508],[22.645,49.524],[22.641,49.53],[22.663,49.539],[22.675,49.549],[22.678,49.561],[22.686,49.573],[22.707,49.593],[22.716,49.6],[22.725,49.609],[22.749,49.631],[22.756,49.635],[22.783,49.657],[22.784,49.666],[22.787,49.676],[22.806,49.693],[22.822,49.695],[22.848,49.71],[22.852,49.72],[22.86,49.728],[22.873,49.741],[22.885,49.745],[22.897,49.752],[22.898,49.764],[22.902,49.768],[22.91,49.774],[22.933,49.793],[22.942,49.797],[22.954,49.803],[22.962,49.805],[22.957,49.811],[22.971,49.839],[22.995,49.842],[23.007,49.855],[23.033,49.881],[23.065,49.908],[23.089,49.925],[23.093,49.929],[23.107,49.942],[23.115,49.957],[23.143,49.971],[23.154,49.981],[23.189,50.01],[23.213,50.031],[23.216,50.047],[23.239,50.054],[23.265,50.079],[23.279,50.086],[23.279,50.1],[23.284,50.099],[23.297,50.103],[23.299,50.107],[23.308,50.111],[23.314,50.112],[23.342,50.134],[23.38,50.159],[23.429,50.184],[23.47,50.218],[23.506,50.23],[23.53,50.243],[23.548,50.252],[23.544,50.253],[23.543,50.259],[23.532,50.259],[23.528,50.262],[23.513,50.261],[23.509,50.261],[23.515,50.271],[23.513,50.275],[23.514,50.279],[23.507,50.281],[23.504,50.28],[23.502,50.285],[23.505,50.287],[23.518,50.29],[23.52,50.295],[23.513,50.297],[23.51,50.295],[23.506,50.298],[23.5,50.299],[23.494,50.3],[23.47,50.294],[23.457,50.303],[23.451,50.303],[23.428,50.302],[23.413,50.308],[23.406,50.305],[23.432,50.339],[23.436,50.345],[23.435,50.348],[23.428,50.348],[23.414,50.351],[23.406,50.357],[23.405,50.364],[23.401,50.363],[23.398,50.366],[23.393,50.365],[23.391,50.367],[23.379,50.368],[23.375,50.373],[23.374,50.377],[23.377,50.378],[23.383,50.383],[23.378,50.384],[23.375,50.387],[23.366,50.389],[23.367,50.393],[23.37,50.396],[23.37,50.4],[23.377,50.402],[23.384,50.399],[23.388,50.405],[23.38,50.407],[23.375,50.407],[23.358,50.411],[23.354,50.402],[23.346,50.4],[23.339,50.399],[23.328,50.395],[23.318,50.393],[23.31,50.386],[23.305,50.38],[23.29,50.376],[23.279,50.376],[23.267,50.37],[23.251,50.359],[23.252,50.365],[23.244,50.369],[23.239,50.371],[23.229,50.377],[23.228,50.379],[23.223,50.381],[23.219,50.384],[23.22,50.388],[23.215,50.389],[23.208,50.389],[23.199,50.391],[23.194,50.391],[23.193,50.394],[23.179,50.395],[23.177,50.392],[23.141,50.367],[23.089,50.33],[23.075,50.327],[23.067,50.323],[23.067,50.32],[23.061,50.316],[23.054,50.306],[23.03,50.293],[23.028,50.289],[23.019,50.289],[23.017,50.287],[23.008,50.288],[23.008,50.29],[22.985,50.294],[22.973,50.295],[22.965,50.294],[22.944,50.292],[22.937,50.292],[22.923,50.295],[22.904,50.298],[22.891,50.301],[22.88,50.301],[22.867,50.298],[22.855,50.294],[22.841,50.298],[22.821,50.302],[22.792,50.302],[22.785,50.301],[22.776,50.301],[22.771,50.302],[22.762,50.302],[22.757,50.303],[22.746,50.303],[22.74,50.301],[22.737,50.302],[22.728,50.299],[22.726,50.298],[22.713,50.294],[22.708,50.291],[22.703,50.292],[22.702,50.295],[22.687,50.298],[22.686,50.299],[22.677,50.298],[22.673,50.301],[22.661,50.303],[22.659,50.301],[22.652,50.302],[22.644,50.306],[22.638,50.303],[22.624,50.308],[22.616,50.308],[22.613,50.31],[22.607,50.311],[22.607,50.325],[22.61,50.33],[22.62,50.333],[22.634,50.335],[22.641,50.336],[22.655,50.337],[22.668,50.339],[22.674,50.344],[22.687,50.346],[22.686,50.349],[22.688,50.357],[22.675,50.356],[22.668,50.354],[22.656,50.355],[22.65,50.358],[22.638,50.358],[22.624,50.357],[22.619,50.354],[22.608,50.352],[22.602,50.349],[22.595,50.349],[22.591,50.352],[22.583,50.356],[22.565,50.359],[22.555,50.357],[22.545,50.357],[22.538,50.355],[22.53,50.354],[22.53,50.352],[22.517,50.348],[22.515,50.346],[22.507,50.344],[22.502,50.346],[22.503,50.348],[22.502,50.353],[22.48,50.353],[22.482,50.355],[22.457,50.368],[22.455,50.367],[22.451,50.371],[22.453,50.389],[22.446,50.39],[22.445,50.391],[22.435,50.392],[22.437,50.4],[22.421,50.4],[22.419,50.397],[22.408,50.398],[22.405,50.394]]]}},{"type":"Feature","properties":{"id":810,"name":"województwo podlaskie","bbox":[21.598,52.28,23.946,54.41]},"geometry":{"type":"Polygon","coordinates":[[[22.778,53.923],[22.782,53.92],[22.783,53.915],[22.776,53.908],[22.776,53.903],[22.78,53.902],[22.78,53.899],[22.775,53.897],[22.777,53.892],[22.782,53.89],[22.781,53.886],[22.785,53.883],[22.783,53.878],[22.779,53.866],[22.775,53.863],[22.767,53.859],[22.758,53.852],[22.758,53.85],[22.746,53.842],[22.735,53.838],[22.727,53.833],[22.727,53.828],[22.725,53.825],[22.724,53.821],[22.725,53.812],[22.724,53.811],[22.726,53.803],[22.723,53.797],[22.72,53.795],[22.719,53.792],[22.709,53.78],[22.704,53.77],[22.704,53.767],[22.697,53.762],[22.687,53.758],[22.68,53.756],[22.677,53.757],[22.668,53.757],[22.659,53.754],[22.652,53.75],[22.644,53.749],[22.641,53.752],[22.641,53.755],[22.635,53.757],[22.629,53.757],[22.625,53.753],[22.624,53.75],[22.627,53.747],[22.622,53.745],[22.626,53.742],[22.621,53.738],[22.621,53.735],[22.616,53.732],[22.612,53.725],[22.611,53.719],[22.607,53.717],[22.597,53.718],[22.585,53.727],[22.585,53.734],[22.565,53.722],[22.566,53.721],[22.54,53.71],[22.514,53.699],[22.51,53.697],[22.504,53.696],[22.492,53.7],[22.479,53.7],[22.473,53.699],[22.475,53.693],[22.471,53.693],[22.465,53.69],[22.469,53.687],[22.468,53.683],[22.472,53.678],[22.467,53.674],[22.47,53.67],[22.469,53.667],[22.473,53.663],[22.459,53.665],[22.451,53.663],[22.441,53.665],[22.445,53.672],[22.441,53.673],[22.436,53.678],[22.433,53.676],[22.423,53.682],[22.416,53.678],[22.414,53.676],[22.401,53.667],[22.396,53.668],[22.386,53.664],[22.362,53.655],[22.36,53.656],[22.353,53.652],[22.35,53.648],[22.353,53.647],[22.327,53.632],[22.325,53.634],[22.306,53.627],[22.298,53.624],[22.285,53.623],[22.278,53.619],[22.272,53.611],[22.257,53.604],[22.233,53.592],[22.234,53.592],[22.228,53.586],[22.216,53.581],[22.21,53.578],[22.199,53.569],[22.194,53.566],[22.175,53.558],[22.162,53.555],[22.157,53.553],[22.139,53.546],[22.136,53.545],[22.128,53.541],[22.11,53.536],[22.096,53.532],[22.085,53.535],[22.076,53.536],[22.066,53.531],[22.058,53.529],[22.051,53.525],[22.051,53.523],[22.048,53.519],[22.048,53.516],[22.042,53.511],[22.042,53.508],[22.031,53.497],[22.025,53.496],[22.02,53.497],[22.016,53.501],[22.014,53.508],[22.01,53.514],[22.001,53.516],[21.99,53.522],[21.982,53.518],[21.978,53.518],[21.973,53.515],[21.966,53.515],[21.952,53.509],[21.934,53.511],[21.924,53.509],[21.92,53.503],[21.914,53.499],[21.908,53.497],[21.902,53.493],[21.901,53.489],[21.903,53.486],[21.902,53.483],[21.898,53.477],[21.898,53.474],[21.891,53.467],[21.882,53.461],[21.874,53.462],[21.864,53.459],[21.858,53.459],[21.841,53.461],[21.829,53.464],[21.821,53.467],[21.803,53.475],[21.791,53.479],[21.772,53.482],[21.752,53.483],[21.731,53.489],[21.714,53.489],[21.695,53.492],[21.687,53.493],[21.679,53.491],[21.666,53.486],[21.648,53.481],[21.64,53.481],[21.613,53.481],[21.598,53.48],[21.598,53.477],[21.606,53.476],[21.605,53.47],[21.601,53.47],[21.607,53.465],[21.615,53.465],[21.613,53.462],[21.603,53.463],[21.602,53.459],[21.604,53.453],[21.609,53.45],[21.607,53.445],[21.607,53.436],[21.625,53.429],[21.621,53.422],[21.625,53.421],[21.629,53.417],[21.628,53.414],[21.623,53.414],[21.625,53.408],[21.637,53.406],[21.636,53.403],[21.64,53.401],[21.652,53.397],[21.653,53.391],[21.658,53.387],[21.661,53.386],[21.658,53.383],[21.662,53.378],[21.654,53.372],[21.659,53.371],[21.672,53.371],[21.684,53.368],[21.684,53.365],[21.681,53.363],[21.672,53.358],[21.668,53.358],[21.656,53.353],[21.654,53.35],[21.662,53.342],[21.668,53.34],[21.669,53.336],[21.654,53.336],[21.652,53.331],[21.67,53.33],[21.684,53.337],[21.693,53.336],[21.692,53.331],[21.686,53.33],[21.689,53.327],[21.694,53.328],[21.702,53.327],[21.707,53.323],[21.709,53.32],[21.72,53.319],[21.728,53.315],[21.735,53.313],[21.734,53.308],[21.725,53.309],[21.716,53.307],[21.713,53.305],[21.701,53.308],[21.7,53.313],[21.693,53.314],[21.689,53.312],[21.691,53.308],[21.689,53.306],[21.681,53.306],[21.681,53.309],[21.678,53.312],[21.666,53.311],[21.669,53.316],[21.659,53.316],[21.657,53.314],[21.658,53.308],[21.664,53.304],[21.659,53.302],[21.657,53.299],[21.661,53.295],[21.649,53.292],[21.647,53.29],[21.647,53.284],[21.645,53.283],[21.66,53.278],[21.658,53.262],[21.644,53.263],[21.627,53.266],[21.634,53.257],[21.642,53.253],[21.639,53.25],[21.64,53.246],[21.645,53.246],[21.65,53.249],[21.659,53.243],[21.662,53.239],[21.663,53.229],[21.678,53.216],[21.685,53.216],[21.689,53.215],[21.681,53.209],[21.678,53.212],[21.669,53.208],[21.675,53.205],[21.676,53.199],[21.679,53.197],[21.679,53.19],[21.684,53.183],[21.687,53.182],[21.686,53.179],[21.691,53.174],[21.695,53.174],[21.697,53.17],[21.707,53.166],[21.707,53.162],[21.702,53.158],[21.7,53.152],[21.693,53.149],[21.697,53.146],[21.7,53.139],[21.694,53.138],[21.726,53.115],[21.736,53.109],[21.753,53.112],[21.753,53.114],[21.772,53.113],[21.775,53.109],[21.78,53.112],[21.784,53.112],[21.792,53.114],[21.804,53.113],[21.808,53.115],[21.813,53.109],[21.819,53.105],[21.818,53.102],[21.827,53.096],[21.83,53.092],[21.835,53.087],[21.837,53.088],[21.838,53.082],[21.843,53.078],[21.854,53.073],[21.86,53.072],[21.859,53.064],[21.862,53.062],[21.872,53.059],[21.878,53.06],[21.893,53.059],[21.898,53.06],[21.903,53.065],[21.91,53.067],[21.915,53.07],[21.915,53.072],[21.913,53.076],[21.92,53.079],[21.938,53.075],[21.941,53.072],[21.925,53.059],[21.922,53.05],[21.923,53.046],[21.928,53.044],[21.937,53.046],[21.941,53.038],[21.93,53.039],[21.923,53.038],[21.911,53.039],[21.907,53.041],[21.904,53.045],[21.898,53.046],[21.893,53.028],[21.891,53.026],[21.886,53.025],[21.877,53.022],[21.876,53.016],[21.878,53.016],[21.882,53.011],[21.884,53.007],[21.893,53],[21.91,52.998],[21.907,52.995],[21.917,52.992],[21.918,52.989],[21.928,52.987],[21.929,52.986],[21.941,52.985],[21.954,52.987],[21.958,52.984],[21.96,52.98],[21.963,52.979],[21.974,52.979],[21.976,52.979],[21.986,52.978],[21.99,52.973],[21.998,52.972],[22.002,52.972],[21.999,52.962],[21.99,52.963],[21.988,52.957],[22.005,52.957],[22.012,52.951],[22.016,52.95],[22.016,52.945],[22.011,52.942],[22.029,52.938],[22.028,52.934],[22.02,52.929],[22.011,52.928],[22.012,52.924],[21.992,52.92],[21.994,52.911],[22,52.91],[22.009,52.905],[22.01,52.9],[22.006,52.897],[22.005,52.893],[22.005,52.889],[22.004,52.885],[22.005,52.88],[22.004,52.878],[22.008,52.876],[22.025,52.886],[22.027,52.884],[22.035,52.885],[22.039,52.882],[22.035,52.878],[22.034,52.872],[22.029,52.866],[22.031,52.864],[22.039,52.86],[22.038,52.851],[22.059,52.85],[22.084,52.842],[22.084,52.846],[22.101,52.862],[22.113,52.849],[22.124,52.843],[22.142,52.851],[22.15,52.847],[22.174,52.858],[22.21,52.855],[22.207,52.883],[22.218,52.883],[22.219,52.885],[22.228,52.88],[22.232,52.881],[22.242,52.878],[22.243,52.88],[22.251,52.876],[22.256,52.877],[22.255,52.88],[22.264,52.882],[22.269,52.885],[22.279,52.886],[22.284,52.879],[22.292,52.871],[22.293,52.871],[22.285,52.864],[22.281,52.855],[22.279,52.855],[22.278,52.848],[22.284,52.847],[22.287,52.854],[22.293,52.854],[22.299,52.858],[22.303,52.856],[22.307,52.858],[22.309,52.849],[22.305,52.839],[22.301,52.84],[22.3,52.837],[22.288,52.835],[22.275,52.832],[22.272,52.839],[22.275,52.841],[22.266,52.844],[22.261,52.844],[22.263,52.836],[22.249,52.834],[22.244,52.834],[22.242,52.833],[22.252,52.831],[22.25,52.828],[22.253,52.823],[22.258,52.82],[22.258,52.817],[22.262,52.815],[22.269,52.802],[22.275,52.792],[22.278,52.79],[22.28,52.785],[22.277,52.784],[22.282,52.781],[22.284,52.778],[22.291,52.779],[22.301,52.783],[22.301,52.775],[22.308,52.774],[22.308,52.772],[22.304,52.77],[22.3,52.759],[22.3,52.754],[22.311,52.755],[22.304,52.748],[22.314,52.747],[22.324,52.748],[22.324,52.742],[22.334,52.74],[22.338,52.751],[22.337,52.754],[22.343,52.754],[22.347,52.757],[22.341,52.765],[22.342,52.77],[22.345,52.778],[22.354,52.775],[22.376,52.778],[22.383,52.778],[22.386,52.784],[22.388,52.785],[22.379,52.794],[22.39,52.795],[22.398,52.795],[22.398,52.793],[22.408,52.794],[22.422,52.792],[22.433,52.792],[22.44,52.791],[22.454,52.788],[22.453,52.784],[22.455,52.78],[22.46,52.773],[22.46,52.771],[22.455,52.769],[22.451,52.761],[22.451,52.751],[22.446,52.746],[22.444,52.742],[22.447,52.738],[22.448,52.734],[22.447,52.727],[22.442,52.719],[22.439,52.713],[22.439,52.709],[22.436,52.701],[22.435,52.696],[22.439,52.688],[22.445,52.682],[22.446,52.675],[22.444,52.672],[22.443,52.665],[22.443,52.663],[22.45,52.654],[22.468,52.649],[22.471,52.65],[22.474,52.646],[22.471,52.644],[22.466,52.646],[22.462,52.643],[22.465,52.641],[22.459,52.639],[22.45,52.64],[22.449,52.639],[22.449,52.632],[22.451,52.625],[22.447,52.623],[22.442,52.624],[22.44,52.621],[22.432,52.62],[22.432,52.617],[22.425,52.615],[22.421,52.615],[22.419,52.61],[22.407,52.61],[22.413,52.603],[22.417,52.6],[22.439,52.592],[22.448,52.587],[22.458,52.586],[22.46,52.58],[22.459,52.577],[22.462,52.572],[22.469,52.566],[22.477,52.563],[22.486,52.559],[22.487,52.554],[22.489,52.55],[22.496,52.544],[22.503,52.537],[22.513,52.533],[22.516,52.529],[22.525,52.523],[22.527,52.519],[22.52,52.515],[22.521,52.509],[22.51,52.49],[22.512,52.481],[22.515,52.478],[22.525,52.472],[22.528,52.463],[22.531,52.462],[22.537,52.465],[22.549,52.468],[22.554,52.463],[22.553,52.46],[22.547,52.455],[22.545,52.445],[22.541,52.438],[22.544,52.435],[22.543,52.43],[22.542,52.423],[22.546,52.421],[22.556,52.418],[22.563,52.41],[22.563,52.407],[22.568,52.403],[22.573,52.404],[22.578,52.403],[22.58,52.401],[22.579,52.394],[22.584,52.393],[22.589,52.397],[22.594,52.399],[22.607,52.398],[22.613,52.393],[22.612,52.389],[22.619,52.388],[22.622,52.392],[22.628,52.393],[22.633,52.392],[22.643,52.388],[22.656,52.393],[22.66,52.392],[22.659,52.388],[22.663,52.386],[22.667,52.386],[22.674,52.39],[22.683,52.392],[22.692,52.393],[22.706,52.392],[22.711,52.387],[22.72,52.384],[22.724,52.377],[22.721,52.375],[22.72,52.372],[22.723,52.372],[22.724,52.368],[22.729,52.366],[22.734,52.369],[22.733,52.375],[22.739,52.381],[22.753,52.384],[22.76,52.383],[22.763,52.381],[22.765,52.375],[22.768,52.372],[22.774,52.371],[22.778,52.371],[22.789,52.374],[22.793,52.374],[22.806,52.371],[22.816,52.367],[22.828,52.366],[22.839,52.361],[22.851,52.359],[22.858,52.364],[22.865,52.364],[22.871,52.362],[22.886,52.364],[22.892,52.365],[22.907,52.371],[22.92,52.374],[22.929,52.374],[22.957,52.368],[22.964,52.365],[22.971,52.358],[22.974,52.353],[22.977,52.347],[22.979,52.345],[22.985,52.346],[22.99,52.345],[22.987,52.341],[22.987,52.338],[22.996,52.332],[23.002,52.336],[23.006,52.336],[23.016,52.332],[23.024,52.332],[23.038,52.329],[23.045,52.325],[23.05,52.318],[23.053,52.311],[23.059,52.304],[23.058,52.3],[23.052,52.296],[23.048,52.29],[23.051,52.285],[23.059,52.283],[23.073,52.282],[23.08,52.284],[23.088,52.291],[23.095,52.293],[23.1,52.297],[23.107,52.299],[23.115,52.299],[23.122,52.294],[23.128,52.288],[23.133,52.285],[23.139,52.287],[23.144,52.283],[23.15,52.28],[23.156,52.28],[23.179,52.284],[23.195,52.304],[23.216,52.33],[23.241,52.357],[23.249,52.364],[23.278,52.393],[23.3,52.404],[23.31,52.414],[23.312,52.425],[23.314,52.427],[23.352,52.464],[23.357,52.469],[23.408,52.512],[23.436,52.53],[23.458,52.54],[23.467,52.549],[23.504,52.566],[23.54,52.58],[23.588,52.594],[23.605,52.598],[23.641,52.607],[23.694,52.613],[23.703,52.614],[23.719,52.615],[23.726,52.612],[23.733,52.608],[23.739,52.612],[23.745,52.612],[23.756,52.614],[23.759,52.616],[23.767,52.618],[23.773,52.623],[23.777,52.623],[23.781,52.627],[23.836,52.656],[23.879,52.68],[23.893,52.68],[23.9,52.691],[23.939,52.713],[23.939,52.764],[23.94,52.813],[23.925,52.831],[23.925,52.842],[23.924,52.855],[23.925,52.881],[23.926,52.899],[23.92,52.905],[23.916,52.905],[23.916,52.939],[23.946,52.959],[23.931,52.976],[23.929,52.983],[23.933,52.988],[23.932,52.995],[23.925,53.025],[23.913,53.029],[23.91,53.033],[23.917,53.039],[23.911,53.042],[23.911,53.044],[23.898,53.05],[23.9,53.055],[23.903,53.057],[23.9,53.06],[23.896,53.062],[23.888,53.063],[23.882,53.066],[23.882,53.07],[23.879,53.073],[23.879,53.078],[23.873,53.081],[23.876,53.089],[23.882,53.093],[23.881,53.097],[23.882,53.101],[23.888,53.104],[23.889,53.109],[23.886,53.113],[23.891,53.122],[23.898,53.128],[23.897,53.131],[23.909,53.137],[23.916,53.143],[23.911,53.149],[23.914,53.152],[23.915,53.162],[23.909,53.167],[23.908,53.172],[23.902,53.176],[23.896,53.176],[23.889,53.182],[23.883,53.185],[23.876,53.191],[23.865,53.195],[23.863,53.197],[23.862,53.205],[23.859,53.207],[23.857,53.21],[23.861,53.212],[23.861,53.221],[23.855,53.232],[23.819,53.244],[23.799,53.274],[23.79,53.292],[23.777,53.314],[23.763,53.338],[23.747,53.373],[23.737,53.392],[23.714,53.428],[23.707,53.437],[23.695,53.461],[23.691,53.469],[23.667,53.513],[23.66,53.521],[23.652,53.544],[23.636,53.577],[23.627,53.596],[23.619,53.616],[23.603,53.663],[23.591,53.689],[23.589,53.696],[23.585,53.706],[23.586,53.721],[23.586,53.728],[23.582,53.744],[23.549,53.768],[23.547,53.782],[23.545,53.796],[23.546,53.826],[23.549,53.83],[23.554,53.832],[23.548,53.835],[23.552,53.841],[23.545,53.845],[23.546,53.848],[23.552,53.851],[23.548,53.856],[23.539,53.858],[23.537,53.857],[23.524,53.863],[23.527,53.869],[23.524,53.872],[23.513,53.909],[23.512,53.916],[23.512,53.929],[23.513,53.931],[23.515,53.96],[23.512,53.961],[23.509,53.964],[23.498,53.969],[23.496,53.973],[23.491,53.974],[23.486,53.987],[23.483,53.991],[23.484,53.993],[23.482,54],[23.487,54],[23.492,54.004],[23.509,54.012],[23.513,54.018],[23.511,54.022],[23.516,54.026],[23.516,54.029],[23.525,54.031],[23.526,54.033],[23.523,54.038],[23.527,54.047],[23.528,54.054],[23.526,54.057],[23.529,54.066],[23.524,54.073],[23.521,54.074],[23.518,54.079],[23.518,54.09],[23.507,54.099],[23.502,54.113],[23.496,54.113],[23.493,54.117],[23.495,54.133],[23.491,54.136],[23.489,54.145],[23.486,54.153],[23.482,54.153],[23.473,54.158],[23.476,54.163],[23.47,54.164],[23.461,54.168],[23.459,54.176],[23.451,54.176],[23.439,54.178],[23.424,54.178],[23.422,54.183],[23.42,54.187],[23.419,54.191],[23.412,54.193],[23.406,54.196],[23.404,54.202],[23.398,54.207],[23.397,54.214],[23.394,54.217],[23.387,54.218],[23.387,54.225],[23.38,54.229],[23.374,54.23],[23.366,54.23],[23.362,54.231],[23.358,54.234],[23.353,54.241],[23.348,54.246],[23.338,54.252],[23.326,54.252],[23.315,54.255],[23.301,54.256],[23.297,54.256],[23.289,54.257],[23.282,54.261],[23.259,54.259],[23.249,54.257],[23.239,54.26],[23.234,54.261],[23.224,54.272],[23.211,54.278],[23.206,54.283],[23.202,54.289],[23.191,54.29],[23.187,54.29],[23.176,54.291],[23.17,54.295],[23.154,54.297],[23.16,54.31],[23.15,54.313],[23.149,54.314],[23.14,54.316],[23.128,54.311],[23.107,54.304],[23.1,54.299],[23.092,54.298],[23.061,54.31],[23.051,54.312],[23.042,54.316],[23.046,54.327],[23.051,54.334],[23.063,54.341],[23.058,54.345],[23.048,54.349],[23.027,54.352],[23.009,54.356],[22.994,54.362],[23.01,54.383],[22.996,54.384],[22.985,54.385],[22.984,54.39],[22.965,54.391],[22.949,54.393],[22.935,54.396],[22.902,54.399],[22.898,54.4],[22.887,54.4],[22.888,54.409],[22.883,54.41],[22.868,54.408],[22.855,54.41],[22.849,54.407],[22.836,54.406],[22.817,54.38],[22.811,54.371],[22.792,54.363],[22.801,54.352],[22.806,54.35],[22.803,54.341],[22.797,54.34],[22.782,54.333],[22.777,54.328],[22.786,54.328],[22.787,54.326],[22.793,54.326],[22.789,54.311],[22.785,54.311],[22.784,54.306],[22.79,54.3],[22.779,54.294],[22.777,54.295],[22.768,54.289],[22.761,54.295],[22.756,54.297],[22.751,54.298],[22.746,54.291],[22.728,54.284],[22.704,54.279],[22.694,54.275],[22.68,54.279],[22.672,54.28],[22.662,54.284],[22.652,54.286],[22.645,54.288],[22.641,54.286],[22.638,54.281],[22.635,54.28],[22.631,54.275],[22.624,54.269],[22.615,54.263],[22.611,54.26],[22.591,54.263],[22.58,54.265],[22.579,54.258],[22.569,54.258],[22.563,54.252],[22.566,54.25],[22.559,54.247],[22.553,54.251],[22.532,54.249],[22.527,54.231],[22.516,54.225],[22.517,54.219],[22.514,54.217],[22.51,54.22],[22.506,54.218],[22.492,54.214],[22.497,54.211],[22.488,54.207],[22.484,54.208],[22.482,54.202],[22.486,54.196],[22.489,54.194],[22.503,54.193],[22.506,54.19],[22.51,54.187],[22.501,54.186],[22.504,54.18],[22.508,54.176],[22.513,54.174],[22.519,54.168],[22.519,54.161],[22.527,54.162],[22.528,54.16],[22.537,54.16],[22.535,54.153],[22.539,54.148],[22.545,54.148],[22.545,54.144],[22.547,54.138],[22.581,54.142],[22.578,54.146],[22.591,54.151],[22.594,54.141],[22.602,54.137],[22.608,54.125],[22.613,54.12],[22.626,54.111],[22.636,54.108],[22.637,54.098],[22.635,54.093],[22.625,54.092],[22.625,54.088],[22.621,54.086],[22.611,54.086],[22.604,54.082],[22.605,54.074],[22.602,54.068],[22.597,54.067],[22.601,54.052],[22.61,54.05],[22.617,54.051],[22.623,54.048],[22.629,54.047],[22.637,54.044],[22.641,54.041],[22.656,54.036],[22.671,54.029],[22.672,54.023],[22.671,54.021],[22.675,54.012],[22.68,54.005],[22.685,54.004],[22.691,54],[22.691,53.996],[22.693,53.995],[22.696,53.984],[22.694,53.983],[22.694,53.977],[22.697,53.974],[22.704,53.971],[22.708,53.968],[22.71,53.962],[22.715,53.957],[22.724,53.953],[22.729,53.951],[22.737,53.95],[22.751,53.943],[22.753,53.94],[22.757,53.938],[22.767,53.93],[22.772,53.927],[22.775,53.924],[22.778,53.923]]]}},{"type":"Feature","properties":{"id":811,"name":"województwo pomorskie","bbox":[16.699,53.491,19.649,54.836]},"geometry":{"type":"Polygon","coordinates":[[[18.072,53.781],[18.094,53.775],[18.099,53.767],[18.108,53.77],[18.11,53.764],[18.107,53.761],[18.111,53.758],[18.117,53.759],[18.118,53.763],[18.126,53.764],[18.131,53.769],[18.138,53.768],[18.144,53.768],[18.152,53.766],[18.154,53.761],[18.155,53.753],[18.158,53.752],[18.167,53.747],[18.171,53.745],[18.181,53.747],[18.181,53.753],[18.194,53.756],[18.202,53.756],[18.2,53.752],[18.201,53.746],[18.198,53.741],[18.198,53.738],[18.205,53.74],[18.209,53.744],[18.216,53.748],[18.214,53.751],[18.221,53.752],[18.219,53.74],[18.245,53.744],[18.251,53.743],[18.256,53.746],[18.26,53.743],[18.265,53.741],[18.27,53.735],[18.274,53.732],[18.268,53.728],[18.267,53.725],[18.276,53.723],[18.277,53.721],[18.274,53.717],[18.254,53.711],[18.255,53.71],[18.264,53.701],[18.269,53.701],[18.281,53.7],[18.292,53.699],[18.306,53.697],[18.316,53.697],[18.325,53.695],[18.343,53.692],[18.347,53.692],[18.354,53.687],[18.357,53.689],[18.361,53.688],[18.364,53.69],[18.38,53.689],[18.42,53.692],[18.419,53.687],[18.456,53.694],[18.455,53.687],[18.465,53.687],[18.468,53.69],[18.469,53.696],[18.472,53.701],[18.476,53.704],[18.481,53.702],[18.492,53.702],[18.494,53.699],[18.503,53.701],[18.508,53.7],[18.516,53.704],[18.523,53.691],[18.519,53.689],[18.512,53.688],[18.514,53.681],[18.525,53.679],[18.53,53.679],[18.532,53.675],[18.529,53.668],[18.534,53.667],[18.536,53.669],[18.54,53.666],[18.543,53.666],[18.544,53.662],[18.551,53.656],[18.558,53.656],[18.563,53.658],[18.58,53.658],[18.584,53.661],[18.582,53.666],[18.575,53.67],[18.567,53.673],[18.575,53.677],[18.579,53.677],[18.586,53.674],[18.592,53.672],[18.599,53.673],[18.609,53.671],[18.62,53.673],[18.631,53.675],[18.655,53.694],[18.663,53.697],[18.67,53.693],[18.677,53.691],[18.68,53.692],[18.688,53.699],[18.697,53.7],[18.695,53.693],[18.708,53.687],[18.711,53.686],[18.719,53.689],[18.725,53.685],[18.731,53.684],[18.736,53.687],[18.741,53.693],[18.744,53.692],[18.743,53.689],[18.747,53.686],[18.752,53.69],[18.751,53.693],[18.758,53.696],[18.761,53.696],[18.77,53.701],[18.773,53.7],[18.779,53.701],[18.782,53.704],[18.789,53.702],[18.785,53.698],[18.781,53.692],[18.777,53.685],[18.77,53.675],[18.756,53.666],[18.747,53.657],[18.741,53.646],[18.739,53.636],[18.743,53.629],[18.753,53.619],[18.762,53.605],[18.764,53.606],[18.762,53.61],[18.765,53.611],[18.768,53.606],[18.774,53.607],[18.826,53.605],[18.841,53.603],[18.843,53.602],[18.862,53.601],[18.876,53.6],[18.89,53.599],[18.895,53.596],[18.906,53.594],[18.909,53.592],[18.908,53.588],[18.905,53.583],[18.903,53.578],[18.908,53.578],[18.915,53.579],[18.919,53.585],[18.925,53.591],[18.927,53.592],[18.942,53.588],[18.974,53.589],[18.977,53.587],[18.987,53.59],[18.989,53.595],[18.995,53.595],[19.009,53.592],[19.019,53.591],[19.033,53.594],[19.04,53.594],[19.05,53.597],[19.063,53.597],[19.066,53.597],[19.087,53.597],[19.097,53.597],[19.109,53.593],[19.129,53.588],[19.13,53.59],[19.13,53.6],[19.128,53.602],[19.13,53.608],[19.139,53.61],[19.152,53.62],[19.154,53.619],[19.163,53.624],[19.179,53.64],[19.184,53.637],[19.193,53.641],[19.201,53.638],[19.206,53.638],[19.212,53.643],[19.21,53.646],[19.215,53.649],[19.213,53.653],[19.215,53.669],[19.224,53.669],[19.218,53.681],[19.217,53.681],[19.213,53.691],[19.224,53.7],[19.224,53.704],[19.23,53.705],[19.237,53.708],[19.24,53.712],[19.25,53.719],[19.265,53.73],[19.271,53.731],[19.273,53.733],[19.278,53.732],[19.28,53.736],[19.286,53.74],[19.292,53.741],[19.302,53.754],[19.3,53.756],[19.301,53.761],[19.299,53.762],[19.304,53.767],[19.299,53.771],[19.303,53.778],[19.299,53.779],[19.3,53.782],[19.304,53.784],[19.305,53.788],[19.309,53.788],[19.309,53.795],[19.312,53.801],[19.311,53.804],[19.321,53.81],[19.323,53.814],[19.335,53.815],[19.343,53.814],[19.354,53.815],[19.357,53.813],[19.364,53.813],[19.371,53.814],[19.456,53.797],[19.455,53.79],[19.46,53.783],[19.47,53.78],[19.475,53.78],[19.476,53.777],[19.481,53.777],[19.483,53.78],[19.48,53.782],[19.475,53.783],[19.472,53.785],[19.5,53.807],[19.48,53.817],[19.505,53.836],[19.519,53.847],[19.514,53.846],[19.512,53.849],[19.514,53.857],[19.519,53.857],[19.52,53.861],[19.524,53.86],[19.527,53.867],[19.53,53.869],[19.531,53.874],[19.537,53.875],[19.538,53.878],[19.533,53.88],[19.54,53.885],[19.544,53.886],[19.545,53.889],[19.553,53.894],[19.557,53.903],[19.559,53.91],[19.557,53.91],[19.56,53.917],[19.561,53.919],[19.556,53.926],[19.566,53.926],[19.568,53.928],[19.581,53.928],[19.582,53.934],[19.582,53.94],[19.575,53.944],[19.576,53.948],[19.567,53.943],[19.558,53.944],[19.559,53.947],[19.555,53.948],[19.547,53.946],[19.544,53.946],[19.535,53.944],[19.525,53.946],[19.513,53.947],[19.506,53.945],[19.496,53.945],[19.489,53.947],[19.484,53.943],[19.476,53.944],[19.459,53.942],[19.453,53.939],[19.444,53.937],[19.444,53.935],[19.437,53.932],[19.424,53.929],[19.417,53.926],[19.415,53.927],[19.4,53.93],[19.402,53.934],[19.374,53.935],[19.369,53.938],[19.372,53.949],[19.371,53.954],[19.366,53.961],[19.376,53.979],[19.378,53.985],[19.384,53.99],[19.411,53.999],[19.405,54.002],[19.402,54.001],[19.396,54.003],[19.393,54.001],[19.372,54.002],[19.367,54.006],[19.36,54.005],[19.325,54.02],[19.32,54.027],[19.293,54.025],[19.289,54.017],[19.285,54.014],[19.279,54.013],[19.271,54.018],[19.271,54.024],[19.268,54.025],[19.262,54.029],[19.259,54.036],[19.267,54.037],[19.27,54.041],[19.273,54.042],[19.282,54.042],[19.279,54.049],[19.275,54.053],[19.267,54.051],[19.238,54.065],[19.233,54.064],[19.221,54.07],[19.225,54.077],[19.238,54.081],[19.254,54.084],[19.255,54.086],[19.245,54.096],[19.232,54.112],[19.227,54.115],[19.218,54.116],[19.223,54.12],[19.228,54.122],[19.238,54.127],[19.243,54.132],[19.247,54.141],[19.257,54.15],[19.258,54.155],[19.255,54.159],[19.247,54.161],[19.247,54.167],[19.254,54.17],[19.255,54.173],[19.261,54.176],[19.272,54.179],[19.285,54.186],[19.302,54.189],[19.314,54.189],[19.321,54.192],[19.326,54.199],[19.326,54.207],[19.324,54.211],[19.314,54.219],[19.317,54.226],[19.313,54.229],[19.304,54.236],[19.301,54.244],[19.298,54.248],[19.292,54.25],[19.288,54.255],[19.283,54.256],[19.276,54.259],[19.274,54.261],[19.265,54.265],[19.259,54.267],[19.253,54.27],[19.258,54.282],[19.291,54.299],[19.415,54.32],[19.583,54.375],[19.636,54.392],[19.649,54.453],[19.647,54.453],[19.638,54.459],[19.597,54.438],[19.546,54.419],[19.478,54.398],[19.407,54.381],[19.347,54.37],[19.215,54.434],[19.07,54.505],[18.91,54.583],[18.867,54.603],[18.826,54.623],[18.815,54.634],[18.794,54.648],[18.733,54.682],[18.662,54.711],[18.544,54.75],[18.434,54.789],[18.424,54.797],[18.421,54.798],[18.37,54.814],[18.351,54.824],[18.349,54.827],[18.336,54.834],[18.329,54.835],[18.3,54.836],[18.234,54.834],[18.173,54.835],[18.129,54.834],[18.08,54.835],[17.968,54.832],[17.915,54.827],[17.912,54.827],[17.827,54.812],[17.756,54.804],[17.721,54.795],[17.667,54.783],[17.649,54.782],[17.627,54.777],[17.593,54.774],[17.556,54.77],[17.551,54.77],[17.543,54.768],[17.513,54.765],[17.491,54.761],[17.476,54.758],[17.383,54.753],[17.352,54.75],[17.33,54.745],[17.316,54.742],[17.293,54.74],[17.248,54.732],[17.241,54.73],[17.181,54.709],[17.147,54.698],[17.118,54.691],[17.077,54.679],[17.05,54.67],[17.044,54.669],[17.035,54.662],[17.034,54.66],[17.001,54.64],[16.958,54.616],[16.939,54.609],[16.913,54.599],[16.898,54.594],[16.876,54.592],[16.864,54.591],[16.851,54.592],[16.833,54.587],[16.824,54.584],[16.794,54.578],[16.781,54.573],[16.765,54.57],[16.744,54.57],[16.699,54.571],[16.699,54.569],[16.708,54.56],[16.71,54.556],[16.722,54.548],[16.739,54.538],[16.747,54.53],[16.747,54.528],[16.741,54.525],[16.739,54.517],[16.753,54.497],[16.755,54.497],[16.764,54.486],[16.77,54.486],[16.779,54.485],[16.793,54.487],[16.793,54.484],[16.799,54.484],[16.801,54.481],[16.811,54.482],[16.812,54.474],[16.817,54.469],[16.82,54.473],[16.827,54.465],[16.824,54.464],[16.827,54.459],[16.821,54.456],[16.822,54.454],[16.827,54.449],[16.841,54.438],[16.84,54.432],[16.83,54.424],[16.824,54.416],[16.834,54.411],[16.84,54.405],[16.841,54.399],[16.85,54.39],[16.854,54.389],[16.852,54.386],[16.859,54.383],[16.857,54.378],[16.851,54.374],[16.844,54.372],[16.845,54.376],[16.838,54.377],[16.838,54.37],[16.822,54.368],[16.808,54.37],[16.81,54.359],[16.816,54.36],[16.828,54.346],[16.823,54.338],[16.824,54.331],[16.814,54.319],[16.826,54.316],[16.838,54.316],[16.838,54.314],[16.845,54.311],[16.854,54.308],[16.854,54.302],[16.862,54.29],[16.864,54.286],[16.864,54.27],[16.863,54.264],[16.865,54.261],[16.849,54.254],[16.844,54.251],[16.831,54.246],[16.826,54.247],[16.817,54.246],[16.809,54.243],[16.801,54.244],[16.782,54.239],[16.774,54.241],[16.767,54.239],[16.761,54.234],[16.755,54.236],[16.747,54.231],[16.741,54.23],[16.734,54.233],[16.732,54.232],[16.73,54.231],[16.729,54.225],[16.717,54.219],[16.716,54.216],[16.712,54.214],[16.717,54.212],[16.72,54.209],[16.72,54.202],[16.733,54.204],[16.734,54.195],[16.736,54.194],[16.735,54.185],[16.729,54.184],[16.73,54.18],[16.734,54.177],[16.746,54.174],[16.749,54.173],[16.757,54.161],[16.757,54.158],[16.764,54.155],[16.768,54.157],[16.774,54.155],[16.776,54.148],[16.776,54.138],[16.778,54.133],[16.784,54.131],[16.781,54.128],[16.777,54.126],[16.779,54.124],[16.779,54.119],[16.793,54.121],[16.797,54.121],[16.805,54.116],[16.803,54.115],[16.799,54.105],[16.799,54.101],[16.794,54.101],[16.795,54.09],[16.793,54.085],[16.792,54.079],[16.793,54.075],[16.805,54.076],[16.813,54.073],[16.809,54.071],[16.809,54.065],[16.812,54.061],[16.807,54.057],[16.798,54.055],[16.795,54.05],[16.794,54.045],[16.798,54.038],[16.798,54.035],[16.793,54.031],[16.786,54.028],[16.783,54.023],[16.787,54.018],[16.788,54.013],[16.791,54.008],[16.801,54.005],[16.801,54],[16.796,53.996],[16.797,53.988],[16.793,53.986],[16.79,53.981],[16.804,53.979],[16.813,53.979],[16.813,53.983],[16.807,53.987],[16.804,53.994],[16.813,53.995],[16.815,54.002],[16.818,54.004],[16.825,54.004],[16.829,53.995],[16.842,53.998],[16.842,53.994],[16.847,53.984],[16.855,53.984],[16.861,53.98],[16.874,53.977],[16.877,53.972],[16.875,53.969],[16.88,53.964],[16.878,53.961],[16.878,53.955],[16.876,53.952],[16.867,53.952],[16.863,53.951],[16.862,53.946],[16.868,53.948],[16.875,53.944],[16.876,53.94],[16.881,53.941],[16.909,53.925],[16.917,53.925],[16.922,53.925],[16.923,53.921],[16.935,53.914],[16.942,53.912],[16.951,53.912],[16.951,53.909],[16.955,53.907],[16.962,53.908],[16.965,53.905],[16.982,53.905],[16.976,53.88],[16.971,53.878],[16.96,53.879],[16.951,53.879],[16.955,53.875],[16.925,53.875],[16.915,53.876],[16.906,53.876],[16.902,53.877],[16.892,53.878],[16.896,53.873],[16.872,53.869],[16.871,53.858],[16.868,53.855],[16.862,53.852],[16.869,53.851],[16.873,53.842],[16.872,53.84],[16.874,53.832],[16.879,53.831],[16.887,53.828],[16.894,53.823],[16.9,53.823],[16.906,53.822],[16.912,53.817],[16.907,53.813],[16.91,53.808],[16.909,53.804],[16.918,53.798],[16.921,53.799],[16.936,53.802],[16.942,53.806],[16.948,53.805],[16.945,53.801],[16.94,53.79],[16.934,53.784],[16.933,53.779],[16.931,53.777],[16.921,53.775],[16.904,53.765],[16.901,53.761],[16.88,53.756],[16.858,53.747],[16.865,53.734],[16.876,53.72],[16.876,53.715],[16.879,53.701],[16.879,53.693],[16.88,53.688],[16.887,53.673],[16.891,53.662],[16.892,53.656],[16.9,53.641],[16.896,53.635],[16.899,53.634],[16.894,53.628],[16.901,53.628],[16.902,53.626],[16.897,53.621],[16.903,53.618],[16.906,53.613],[16.91,53.613],[16.912,53.608],[16.931,53.588],[16.941,53.584],[16.939,53.572],[16.95,53.557],[16.949,53.549],[16.952,53.543],[16.957,53.548],[16.97,53.548],[16.97,53.55],[16.976,53.553],[16.981,53.557],[16.994,53.552],[17.001,53.552],[17.006,53.535],[16.994,53.532],[16.991,53.529],[16.993,53.526],[17.001,53.525],[16.998,53.521],[17,53.518],[17.007,53.518],[17.012,53.52],[17.023,53.517],[17.026,53.518],[17.031,53.516],[17.038,53.517],[17.049,53.52],[17.059,53.52],[17.065,53.523],[17.073,53.532],[17.081,53.536],[17.09,53.543],[17.101,53.543],[17.106,53.541],[17.117,53.537],[17.132,53.536],[17.139,53.534],[17.143,53.531],[17.149,53.529],[17.161,53.528],[17.164,53.528],[17.174,53.533],[17.184,53.534],[17.189,53.534],[17.197,53.532],[17.208,53.536],[17.215,53.534],[17.226,53.533],[17.231,53.534],[17.245,53.531],[17.255,53.533],[17.26,53.535],[17.268,53.537],[17.272,53.535],[17.278,53.535],[17.282,53.534],[17.291,53.529],[17.296,53.525],[17.303,53.529],[17.31,53.525],[17.306,53.513],[17.324,53.513],[17.327,53.503],[17.335,53.503],[17.34,53.502],[17.337,53.498],[17.341,53.495],[17.349,53.496],[17.351,53.493],[17.363,53.497],[17.373,53.495],[17.379,53.497],[17.387,53.497],[17.387,53.491],[17.391,53.491],[17.394,53.493],[17.396,53.497],[17.394,53.508],[17.403,53.513],[17.401,53.517],[17.404,53.525],[17.412,53.534],[17.417,53.533],[17.422,53.536],[17.422,53.539],[17.42,53.542],[17.423,53.55],[17.419,53.557],[17.416,53.558],[17.413,53.561],[17.418,53.563],[17.417,53.568],[17.42,53.571],[17.42,53.574],[17.425,53.579],[17.422,53.584],[17.428,53.587],[17.428,53.589],[17.439,53.595],[17.441,53.599],[17.451,53.602],[17.458,53.6],[17.466,53.602],[17.474,53.603],[17.479,53.602],[17.484,53.604],[17.497,53.607],[17.506,53.614],[17.509,53.617],[17.515,53.616],[17.51,53.613],[17.523,53.606],[17.525,53.604],[17.528,53.595],[17.532,53.591],[17.536,53.588],[17.544,53.58],[17.565,53.578],[17.579,53.578],[17.584,53.584],[17.597,53.592],[17.604,53.597],[17.612,53.594],[17.632,53.586],[17.651,53.582],[17.657,53.571],[17.672,53.57],[17.675,53.572],[17.674,53.578],[17.674,53.584],[17.673,53.585],[17.658,53.586],[17.655,53.589],[17.657,53.594],[17.668,53.601],[17.675,53.6],[17.68,53.595],[17.687,53.593],[17.693,53.595],[17.701,53.592],[17.705,53.595],[17.724,53.594],[17.73,53.593],[17.73,53.597],[17.735,53.603],[17.735,53.614],[17.729,53.614],[17.726,53.61],[17.711,53.609],[17.711,53.611],[17.719,53.614],[17.719,53.617],[17.715,53.621],[17.719,53.624],[17.715,53.625],[17.712,53.63],[17.712,53.636],[17.714,53.638],[17.724,53.64],[17.724,53.643],[17.732,53.648],[17.733,53.655],[17.738,53.656],[17.734,53.662],[17.734,53.663],[17.744,53.668],[17.744,53.672],[17.74,53.674],[17.741,53.678],[17.748,53.681],[17.752,53.679],[17.758,53.682],[17.764,53.684],[17.767,53.689],[17.762,53.691],[17.764,53.695],[17.772,53.7],[17.798,53.679],[17.808,53.679],[17.823,53.689],[17.824,53.692],[17.833,53.693],[17.836,53.691],[17.848,53.69],[17.852,53.688],[17.863,53.696],[17.878,53.707],[17.882,53.706],[17.892,53.708],[17.896,53.712],[17.892,53.717],[17.904,53.722],[17.893,53.727],[17.889,53.728],[17.886,53.735],[17.884,53.735],[17.876,53.746],[17.867,53.746],[17.859,53.754],[17.864,53.758],[17.869,53.76],[17.881,53.756],[17.893,53.752],[17.901,53.748],[17.915,53.748],[17.923,53.75],[17.932,53.749],[17.933,53.745],[17.938,53.744],[17.942,53.747],[17.949,53.747],[17.954,53.738],[17.961,53.739],[17.969,53.738],[17.986,53.731],[17.986,53.729],[17.991,53.725],[17.999,53.726],[18.003,53.724],[18.015,53.724],[18.016,53.725],[18.028,53.729],[18.032,53.725],[18.036,53.727],[18.046,53.736],[18.042,53.737],[18.044,53.741],[18.05,53.741],[18.058,53.761],[18.066,53.768],[18.071,53.775],[18.072,53.781]]]}},{"type":"Feature","properties":{"id":812,"name":"województwo śląskie","bbox":[18.035,49.394,19.971,51.099]},"geometry":{"type":"Polygon","coordinates":[[[19.323,50.259],[19.328,50.262],[19.334,50.262],[19.349,50.266],[19.353,50.265],[19.359,50.259],[19.363,50.261],[19.361,50.264],[19.376,50.27],[19.377,50.272],[19.383,50.274],[19.387,50.278],[19.384,50.282],[19.388,50.289],[19.395,50.29],[19.4,50.293],[19.401,50.297],[19.409,50.299],[19.411,50.303],[19.406,50.305],[19.403,50.308],[19.398,50.308],[19.399,50.313],[19.404,50.314],[19.407,50.317],[19.415,50.323],[19.414,50.328],[19.415,50.332],[19.422,50.33],[19.424,50.328],[19.432,50.328],[19.439,50.323],[19.451,50.319],[19.455,50.319],[19.458,50.323],[19.467,50.323],[19.474,50.325],[19.484,50.324],[19.481,50.334],[19.488,50.347],[19.482,50.357],[19.477,50.357],[19.459,50.363],[19.456,50.366],[19.46,50.373],[19.492,50.366],[19.491,50.382],[19.488,50.384],[19.488,50.39],[19.489,50.393],[19.488,50.397],[19.495,50.4],[19.5,50.399],[19.504,50.401],[19.513,50.41],[19.52,50.415],[19.519,50.417],[19.536,50.42],[19.545,50.419],[19.546,50.414],[19.554,50.412],[19.572,50.412],[19.571,50.409],[19.579,50.407],[19.586,50.408],[19.587,50.41],[19.595,50.409],[19.599,50.406],[19.606,50.404],[19.616,50.406],[19.625,50.412],[19.627,50.415],[19.634,50.412],[19.637,50.409],[19.647,50.411],[19.655,50.414],[19.667,50.416],[19.67,50.417],[19.67,50.42],[19.665,50.424],[19.665,50.427],[19.668,50.427],[19.679,50.435],[19.686,50.434],[19.694,50.435],[19.696,50.441],[19.702,50.448],[19.708,50.448],[19.708,50.444],[19.712,50.444],[19.725,50.441],[19.732,50.444],[19.742,50.444],[19.749,50.442],[19.755,50.444],[19.768,50.445],[19.774,50.441],[19.782,50.44],[19.791,50.441],[19.794,50.443],[19.8,50.444],[19.804,50.442],[19.807,50.436],[19.815,50.435],[19.824,50.436],[19.825,50.438],[19.832,50.436],[19.834,50.439],[19.839,50.439],[19.845,50.434],[19.854,50.435],[19.85,50.444],[19.853,50.447],[19.861,50.448],[19.877,50.449],[19.897,50.452],[19.903,50.457],[19.898,50.461],[19.895,50.461],[19.892,50.466],[19.897,50.468],[19.896,50.47],[19.901,50.474],[19.909,50.473],[19.909,50.475],[19.918,50.475],[19.928,50.475],[19.933,50.478],[19.939,50.479],[19.954,50.477],[19.961,50.477],[19.971,50.474],[19.968,50.48],[19.968,50.483],[19.964,50.489],[19.956,50.491],[19.952,50.496],[19.95,50.505],[19.935,50.502],[19.933,50.504],[19.921,50.507],[19.911,50.512],[19.908,50.522],[19.906,50.524],[19.904,50.532],[19.903,50.533],[19.902,50.539],[19.884,50.542],[19.87,50.543],[19.868,50.542],[19.855,50.544],[19.854,50.546],[19.848,50.549],[19.845,50.553],[19.842,50.555],[19.815,50.554],[19.797,50.555],[19.789,50.555],[19.789,50.559],[19.788,50.562],[19.79,50.568],[19.8,50.566],[19.805,50.566],[19.817,50.573],[19.822,50.58],[19.825,50.583],[19.828,50.583],[19.836,50.59],[19.843,50.592],[19.841,50.595],[19.844,50.599],[19.848,50.604],[19.851,50.612],[19.855,50.614],[19.857,50.619],[19.862,50.622],[19.871,50.621],[19.874,50.619],[19.883,50.617],[19.889,50.617],[19.898,50.616],[19.899,50.621],[19.903,50.62],[19.909,50.63],[19.912,50.629],[19.915,50.636],[19.92,50.634],[19.922,50.639],[19.91,50.642],[19.889,50.636],[19.885,50.64],[19.886,50.643],[19.883,50.645],[19.876,50.647],[19.87,50.646],[19.858,50.646],[19.835,50.651],[19.835,50.655],[19.841,50.663],[19.833,50.667],[19.837,50.67],[19.844,50.667],[19.853,50.665],[19.854,50.666],[19.864,50.664],[19.865,50.666],[19.859,50.671],[19.859,50.675],[19.862,50.679],[19.873,50.683],[19.872,50.693],[19.857,50.69],[19.851,50.691],[19.848,50.696],[19.849,50.7],[19.843,50.706],[19.833,50.704],[19.82,50.706],[19.816,50.704],[19.808,50.706],[19.81,50.711],[19.806,50.712],[19.811,50.725],[19.804,50.725],[19.802,50.717],[19.793,50.718],[19.794,50.721],[19.785,50.721],[19.779,50.722],[19.764,50.716],[19.755,50.716],[19.713,50.729],[19.713,50.732],[19.719,50.733],[19.711,50.744],[19.708,50.744],[19.704,50.752],[19.711,50.754],[19.706,50.762],[19.715,50.762],[19.722,50.759],[19.721,50.763],[19.722,50.767],[19.727,50.771],[19.734,50.77],[19.738,50.765],[19.734,50.762],[19.74,50.758],[19.742,50.755],[19.766,50.772],[19.763,50.775],[19.765,50.778],[19.771,50.777],[19.781,50.78],[19.794,50.782],[19.794,50.784],[19.785,50.793],[19.778,50.796],[19.775,50.798],[19.782,50.805],[19.783,50.81],[19.779,50.809],[19.784,50.818],[19.794,50.819],[19.797,50.817],[19.798,50.812],[19.81,50.804],[19.815,50.803],[19.823,50.806],[19.82,50.808],[19.817,50.819],[19.819,50.821],[19.832,50.82],[19.83,50.824],[19.826,50.825],[19.825,50.832],[19.819,50.839],[19.809,50.844],[19.803,50.845],[19.802,50.847],[19.795,50.848],[19.786,50.853],[19.777,50.855],[19.771,50.858],[19.763,50.859],[19.754,50.864],[19.747,50.866],[19.746,50.861],[19.744,50.86],[19.746,50.857],[19.741,50.852],[19.729,50.849],[19.728,50.843],[19.699,50.844],[19.695,50.844],[19.683,50.845],[19.68,50.849],[19.675,50.848],[19.67,50.849],[19.668,50.854],[19.661,50.855],[19.661,50.858],[19.658,50.863],[19.66,50.868],[19.661,50.875],[19.657,50.876],[19.642,50.879],[19.631,50.879],[19.618,50.881],[19.614,50.877],[19.594,50.9],[19.588,50.903],[19.588,50.905],[19.578,50.905],[19.578,50.907],[19.57,50.908],[19.564,50.908],[19.562,50.905],[19.555,50.901],[19.55,50.9],[19.542,50.899],[19.535,50.896],[19.525,50.894],[19.521,50.889],[19.509,50.881],[19.503,50.884],[19.498,50.88],[19.486,50.88],[19.483,50.884],[19.471,50.886],[19.467,50.889],[19.474,50.892],[19.464,50.896],[19.463,50.91],[19.467,50.909],[19.47,50.917],[19.466,50.921],[19.463,50.926],[19.465,50.927],[19.456,50.931],[19.446,50.935],[19.445,50.939],[19.438,50.944],[19.436,50.947],[19.433,50.955],[19.432,50.965],[19.429,50.966],[19.424,50.971],[19.413,50.975],[19.41,50.974],[19.403,50.975],[19.411,50.981],[19.407,50.985],[19.402,50.988],[19.401,50.992],[19.402,50.994],[19.398,50.996],[19.395,50.995],[19.392,51.001],[19.389,51.001],[19.381,50.996],[19.375,50.994],[19.368,50.995],[19.363,50.992],[19.356,50.993],[19.352,50.996],[19.362,51.004],[19.347,51.011],[19.329,51.013],[19.327,51.017],[19.324,51.019],[19.319,51.02],[19.32,51.025],[19.319,51.028],[19.33,51.036],[19.331,51.039],[19.323,51.046],[19.311,51.048],[19.31,51.046],[19.301,51.043],[19.292,51.045],[19.288,51.044],[19.282,51.04],[19.27,51.036],[19.266,51.032],[19.26,51.031],[19.256,51.036],[19.25,51.04],[19.243,51.037],[19.247,51.032],[19.243,51.024],[19.247,51.019],[19.249,51.019],[19.256,51.006],[19.257,51.003],[19.253,51.002],[19.246,50.997],[19.246,50.994],[19.241,50.99],[19.235,50.991],[19.231,50.988],[19.224,50.986],[19.214,50.986],[19.206,50.986],[19.165,50.995],[19.162,51.001],[19.145,51.002],[19.15,51.01],[19.133,51.011],[19.127,51.006],[19.128,51.003],[19.133,51.003],[19.133,51],[19.124,51],[19.115,51.009],[19.111,51.012],[19.108,51.016],[19.107,51.022],[19.104,51.026],[19.095,51.031],[19.089,51.033],[19.082,51.035],[19.073,51.036],[19.056,51.024],[19.05,51.026],[19.047,51.029],[19.053,51.032],[19.056,51.04],[19.043,51.045],[19.033,51.047],[19.028,51.05],[19.018,51.051],[19.016,51.053],[19.012,51.059],[19.009,51.06],[19.012,51.067],[19,51.071],[18.993,51.076],[18.985,51.077],[18.981,51.08],[18.975,51.081],[18.972,51.08],[18.962,51.085],[18.96,51.088],[18.956,51.09],[18.949,51.09],[18.946,51.092],[18.939,51.091],[18.932,51.093],[18.925,51.097],[18.923,51.099],[18.919,51.098],[18.907,51.085],[18.9,51.079],[18.896,51.067],[18.9,51.062],[18.894,51.06],[18.884,51.059],[18.883,51.061],[18.875,51.067],[18.863,51.073],[18.857,51.073],[18.818,51.068],[18.817,51.073],[18.801,51.071],[18.803,51.063],[18.793,51.064],[18.785,51.065],[18.777,51.066],[18.768,51.065],[18.762,51.063],[18.749,51.062],[18.739,51.063],[18.732,51.066],[18.721,51.065],[18.716,51.066],[18.703,51.064],[18.702,51.063],[18.695,51.061],[18.691,51.061],[18.673,51.057],[18.675,51.053],[18.672,51.049],[18.687,51.026],[18.695,51.016],[18.686,51.01],[18.68,51.008],[18.667,51.008],[18.656,51.005],[18.668,50.989],[18.665,50.984],[18.663,50.978],[18.664,50.971],[18.658,50.971],[18.644,50.969],[18.643,50.965],[18.63,50.964],[18.622,50.966],[18.62,50.961],[18.612,50.955],[18.63,50.931],[18.641,50.932],[18.649,50.931],[18.649,50.927],[18.654,50.921],[18.655,50.917],[18.649,50.906],[18.642,50.9],[18.642,50.896],[18.637,50.893],[18.633,50.886],[18.634,50.883],[18.629,50.879],[18.628,50.874],[18.625,50.871],[18.623,50.865],[18.619,50.863],[18.616,50.854],[18.602,50.854],[18.588,50.852],[18.579,50.844],[18.57,50.84],[18.563,50.837],[18.558,50.834],[18.557,50.83],[18.563,50.82],[18.561,50.816],[18.562,50.809],[18.558,50.807],[18.55,50.807],[18.539,50.805],[18.522,50.802],[18.514,50.803],[18.505,50.801],[18.504,50.797],[18.512,50.798],[18.52,50.796],[18.522,50.792],[18.517,50.792],[18.516,50.789],[18.524,50.787],[18.527,50.78],[18.525,50.776],[18.534,50.779],[18.538,50.773],[18.535,50.771],[18.55,50.76],[18.557,50.757],[18.568,50.757],[18.572,50.756],[18.581,50.752],[18.577,50.748],[18.572,50.749],[18.57,50.745],[18.564,50.746],[18.555,50.749],[18.549,50.749],[18.548,50.742],[18.549,50.739],[18.548,50.732],[18.543,50.73],[18.519,50.726],[18.509,50.726],[18.507,50.721],[18.507,50.713],[18.501,50.711],[18.496,50.711],[18.49,50.709],[18.484,50.708],[18.484,50.703],[18.494,50.7],[18.493,50.697],[18.501,50.694],[18.499,50.689],[18.495,50.691],[18.493,50.687],[18.487,50.687],[18.484,50.686],[18.488,50.682],[18.489,50.678],[18.498,50.679],[18.5,50.676],[18.504,50.674],[18.497,50.671],[18.494,50.664],[18.523,50.659],[18.513,50.658],[18.506,50.641],[18.517,50.64],[18.513,50.631],[18.518,50.625],[18.587,50.614],[18.59,50.606],[18.602,50.604],[18.591,50.578],[18.592,50.574],[18.596,50.573],[18.598,50.569],[18.605,50.568],[18.616,50.569],[18.605,50.553],[18.607,50.55],[18.604,50.549],[18.598,50.551],[18.588,50.547],[18.581,50.548],[18.58,50.546],[18.573,50.548],[18.564,50.544],[18.559,50.54],[18.553,50.54],[18.55,50.541],[18.536,50.542],[18.525,50.545],[18.521,50.546],[18.506,50.549],[18.485,50.551],[18.478,50.553],[18.473,50.552],[18.459,50.549],[18.444,50.548],[18.438,50.547],[18.436,50.545],[18.435,50.541],[18.432,50.537],[18.43,50.532],[18.438,50.527],[18.44,50.519],[18.443,50.513],[18.446,50.511],[18.448,50.505],[18.448,50.499],[18.467,50.5],[18.467,50.489],[18.47,50.484],[18.47,50.48],[18.474,50.479],[18.475,50.473],[18.486,50.47],[18.483,50.467],[18.481,50.458],[18.469,50.462],[18.46,50.462],[18.452,50.463],[18.452,50.468],[18.453,50.471],[18.45,50.474],[18.453,50.477],[18.44,50.481],[18.435,50.478],[18.41,50.475],[18.405,50.475],[18.389,50.482],[18.384,50.484],[18.38,50.479],[18.383,50.47],[18.384,50.461],[18.387,50.459],[18.383,50.456],[18.386,50.455],[18.382,50.452],[18.382,50.449],[18.388,50.445],[18.389,50.439],[18.386,50.431],[18.376,50.426],[18.366,50.424],[18.367,50.42],[18.365,50.419],[18.371,50.415],[18.378,50.414],[18.382,50.407],[18.386,50.403],[18.385,50.401],[18.387,50.397],[18.394,50.391],[18.391,50.385],[18.385,50.385],[18.382,50.382],[18.374,50.378],[18.377,50.376],[18.388,50.375],[18.387,50.37],[18.372,50.372],[18.374,50.366],[18.373,50.361],[18.363,50.357],[18.358,50.357],[18.366,50.35],[18.373,50.346],[18.38,50.345],[18.387,50.342],[18.394,50.338],[18.4,50.331],[18.401,50.327],[18.398,50.323],[18.406,50.324],[18.409,50.317],[18.392,50.314],[18.394,50.309],[18.393,50.305],[18.4,50.299],[18.403,50.297],[18.408,50.29],[18.407,50.287],[18.4,50.284],[18.396,50.28],[18.394,50.276],[18.401,50.277],[18.406,50.277],[18.42,50.274],[18.427,50.269],[18.428,50.265],[18.426,50.262],[18.42,50.261],[18.426,50.249],[18.421,50.249],[18.412,50.252],[18.406,50.255],[18.399,50.254],[18.386,50.256],[18.377,50.254],[18.369,50.255],[18.362,50.257],[18.354,50.258],[18.359,50.248],[18.347,50.247],[18.331,50.244],[18.325,50.241],[18.313,50.241],[18.313,50.236],[18.308,50.231],[18.305,50.232],[18.296,50.23],[18.295,50.228],[18.275,50.225],[18.271,50.22],[18.267,50.222],[18.256,50.223],[18.251,50.223],[18.25,50.217],[18.239,50.215],[18.236,50.213],[18.238,50.209],[18.235,50.203],[18.236,50.2],[18.241,50.197],[18.249,50.198],[18.251,50.194],[18.247,50.192],[18.233,50.191],[18.205,50.19],[18.194,50.188],[18.185,50.187],[18.186,50.181],[18.183,50.181],[18.175,50.186],[18.169,50.188],[18.162,50.189],[18.148,50.182],[18.138,50.179],[18.134,50.184],[18.125,50.18],[18.12,50.179],[18.123,50.175],[18.118,50.173],[18.11,50.167],[18.106,50.169],[18.101,50.175],[18.101,50.178],[18.079,50.174],[18.071,50.171],[18.062,50.176],[18.06,50.175],[18.058,50.173],[18.064,50.168],[18.057,50.161],[18.066,50.157],[18.056,50.145],[18.053,50.146],[18.05,50.138],[18.055,50.134],[18.065,50.13],[18.068,50.13],[18.067,50.124],[18.062,50.119],[18.061,50.116],[18.072,50.11],[18.067,50.107],[18.059,50.096],[18.057,50.087],[18.052,50.084],[18.043,50.074],[18.041,50.07],[18.035,50.066],[18.041,50.063],[18.046,50.063],[18.05,50.058],[18.062,50.059],[18.064,50.053],[18.067,50.053],[18.066,50.048],[18.078,50.046],[18.086,50.046],[18.089,50.044],[18.088,50.038],[18.085,50.034],[18.097,50.026],[18.103,50.023],[18.098,50.018],[18.093,50.015],[18.098,50.007],[18.105,50.001],[18.113,49.998],[18.117,49.994],[18.121,49.995],[18.131,49.998],[18.134,49.997],[18.136,49.994],[18.147,49.992],[18.154,49.982],[18.158,49.983],[18.169,49.986],[18.172,49.99],[18.168,49.994],[18.168,49.999],[18.173,50],[18.183,50],[18.19,49.999],[18.193,49.995],[18.207,49.998],[18.211,49.992],[18.214,49.986],[18.215,49.976],[18.214,49.972],[18.221,49.969],[18.23,49.97],[18.234,49.971],[18.242,49.97],[18.248,49.969],[18.252,49.969],[18.263,49.966],[18.27,49.966],[18.278,49.963],[18.282,49.951],[18.279,49.94],[18.288,49.932],[18.29,49.929],[18.299,49.929],[18.299,49.924],[18.315,49.919],[18.318,49.916],[18.322,49.916],[18.326,49.919],[18.333,49.928],[18.341,49.926],[18.344,49.929],[18.341,49.933],[18.343,49.935],[18.349,49.934],[18.347,49.94],[18.344,49.94],[18.34,49.938],[18.334,49.941],[18.334,49.945],[18.333,49.949],[18.34,49.946],[18.355,49.944],[18.36,49.941],[18.364,49.941],[18.366,49.937],[18.374,49.937],[18.376,49.936],[18.386,49.935],[18.393,49.934],[18.401,49.936],[18.418,49.937],[18.421,49.939],[18.431,49.938],[18.433,49.928],[18.439,49.927],[18.444,49.924],[18.447,49.923],[18.463,49.922],[18.466,49.917],[18.469,49.915],[18.485,49.909],[18.485,49.906],[18.493,49.904],[18.506,49.902],[18.519,49.902],[18.532,49.899],[18.538,49.903],[18.547,49.909],[18.54,49.912],[18.543,49.922],[18.54,49.926],[18.545,49.926],[18.552,49.921],[18.561,49.918],[18.573,49.922],[18.575,49.919],[18.574,49.912],[18.576,49.91],[18.574,49.908],[18.58,49.906],[18.578,49.901],[18.573,49.895],[18.571,49.891],[18.573,49.887],[18.566,49.883],[18.566,49.881],[18.571,49.876],[18.57,49.874],[18.58,49.869],[18.58,49.867],[18.589,49.867],[18.6,49.866],[18.606,49.862],[18.604,49.857],[18.596,49.856],[18.584,49.852],[18.589,49.846],[18.583,49.841],[18.576,49.838],[18.569,49.834],[18.569,49.828],[18.575,49.824],[18.578,49.82],[18.583,49.818],[18.582,49.812],[18.585,49.805],[18.592,49.803],[18.593,49.798],[18.6,49.789],[18.597,49.784],[18.603,49.78],[18.605,49.775],[18.61,49.771],[18.611,49.766],[18.614,49.762],[18.613,49.758],[18.616,49.753],[18.626,49.75],[18.629,49.747],[18.628,49.734],[18.626,49.73],[18.629,49.726],[18.628,49.722],[18.632,49.719],[18.636,49.717],[18.636,49.715],[18.641,49.713],[18.652,49.711],[18.654,49.708],[18.659,49.711],[18.667,49.709],[18.668,49.703],[18.676,49.705],[18.681,49.704],[18.688,49.706],[18.694,49.707],[18.707,49.704],[18.711,49.7],[18.709,49.695],[18.713,49.696],[18.715,49.692],[18.718,49.69],[18.719,49.684],[18.723,49.683],[18.727,49.684],[18.735,49.682],[18.742,49.676],[18.746,49.678],[18.751,49.677],[18.764,49.685],[18.767,49.682],[18.774,49.683],[18.781,49.685],[18.783,49.685],[18.795,49.679],[18.805,49.679],[18.809,49.675],[18.81,49.671],[18.807,49.665],[18.809,49.658],[18.806,49.651],[18.809,49.648],[18.813,49.64],[18.813,49.634],[18.817,49.632],[18.821,49.623],[18.819,49.618],[18.824,49.614],[18.825,49.61],[18.823,49.604],[18.825,49.6],[18.829,49.595],[18.839,49.595],[18.836,49.59],[18.835,49.587],[18.832,49.585],[18.832,49.581],[18.835,49.577],[18.834,49.573],[18.838,49.569],[18.837,49.564],[18.839,49.561],[18.844,49.561],[18.849,49.558],[18.849,49.555],[18.853,49.552],[18.859,49.551],[18.857,49.538],[18.85,49.534],[18.844,49.534],[18.845,49.528],[18.837,49.524],[18.843,49.519],[18.852,49.518],[18.853,49.517],[18.868,49.519],[18.875,49.516],[18.887,49.517],[18.897,49.514],[18.913,49.518],[18.929,49.519],[18.942,49.519],[18.947,49.517],[18.949,49.513],[18.955,49.513],[18.963,49.509],[18.964,49.506],[18.968,49.506],[18.972,49.504],[18.973,49.497],[18.966,49.493],[18.963,49.485],[18.96,49.483],[18.97,49.477],[18.965,49.472],[18.966,49.468],[18.963,49.461],[18.963,49.457],[18.961,49.455],[18.974,49.452],[18.976,49.445],[18.979,49.443],[18.978,49.441],[18.984,49.433],[18.988,49.432],[18.986,49.422],[18.975,49.416],[18.969,49.413],[18.97,49.409],[18.973,49.407],[18.971,49.402],[18.979,49.397],[18.98,49.395],[18.99,49.398],[19,49.398],[19.005,49.396],[19.01,49.395],[19.015,49.396],[19.027,49.394],[19.039,49.397],[19.046,49.402],[19.044,49.405],[19.052,49.411],[19.054,49.415],[19.07,49.413],[19.073,49.418],[19.077,49.417],[19.092,49.416],[19.094,49.41],[19.1,49.411],[19.106,49.407],[19.107,49.404],[19.113,49.404],[19.12,49.403],[19.127,49.404],[19.132,49.406],[19.138,49.41],[19.145,49.408],[19.147,49.405],[19.153,49.404],[19.163,49.408],[19.17,49.412],[19.177,49.414],[19.187,49.41],[19.197,49.415],[19.192,49.42],[19.191,49.423],[19.193,49.426],[19.186,49.432],[19.188,49.436],[19.199,49.448],[19.209,49.452],[19.219,49.449],[19.22,49.451],[19.225,49.454],[19.228,49.464],[19.227,49.467],[19.22,49.469],[19.221,49.475],[19.225,49.479],[19.227,49.484],[19.232,49.488],[19.228,49.492],[19.235,49.495],[19.237,49.502],[19.234,49.504],[19.235,49.508],[19.234,49.511],[19.241,49.515],[19.243,49.518],[19.251,49.521],[19.255,49.525],[19.261,49.527],[19.261,49.531],[19.264,49.532],[19.275,49.532],[19.282,49.535],[19.285,49.535],[19.293,49.533],[19.3,49.534],[19.307,49.536],[19.316,49.537],[19.319,49.534],[19.319,49.531],[19.33,49.532],[19.333,49.534],[19.34,49.534],[19.347,49.536],[19.36,49.536],[19.366,49.539],[19.369,49.545],[19.367,49.554],[19.371,49.556],[19.374,49.559],[19.371,49.567],[19.378,49.571],[19.384,49.572],[19.392,49.572],[19.396,49.574],[19.4,49.574],[19.408,49.581],[19.407,49.586],[19.41,49.592],[19.423,49.596],[19.431,49.595],[19.442,49.599],[19.445,49.602],[19.442,49.604],[19.443,49.609],[19.446,49.613],[19.449,49.614],[19.455,49.611],[19.461,49.613],[19.467,49.614],[19.473,49.618],[19.475,49.621],[19.481,49.624],[19.48,49.632],[19.475,49.639],[19.471,49.641],[19.468,49.644],[19.469,49.648],[19.477,49.656],[19.478,49.661],[19.471,49.666],[19.465,49.668],[19.459,49.676],[19.454,49.677],[19.449,49.679],[19.441,49.681],[19.436,49.678],[19.423,49.674],[19.418,49.675],[19.414,49.673],[19.41,49.674],[19.407,49.679],[19.397,49.678],[19.392,49.677],[19.39,49.684],[19.383,49.686],[19.377,49.691],[19.371,49.693],[19.372,49.696],[19.379,49.695],[19.383,49.696],[19.391,49.698],[19.395,49.703],[19.395,49.706],[19.402,49.711],[19.411,49.71],[19.419,49.714],[19.419,49.715],[19.43,49.72],[19.428,49.727],[19.437,49.729],[19.441,49.733],[19.445,49.734],[19.446,49.742],[19.441,49.751],[19.436,49.757],[19.431,49.762],[19.426,49.764],[19.42,49.772],[19.415,49.775],[19.41,49.773],[19.411,49.772],[19.409,49.764],[19.4,49.762],[19.397,49.763],[19.395,49.766],[19.388,49.77],[19.38,49.769],[19.373,49.771],[19.366,49.778],[19.358,49.775],[19.35,49.771],[19.342,49.774],[19.339,49.773],[19.322,49.777],[19.317,49.778],[19.316,49.784],[19.308,49.793],[19.303,49.796],[19.298,49.803],[19.294,49.807],[19.297,49.809],[19.292,49.815],[19.287,49.816],[19.286,49.821],[19.288,49.824],[19.289,49.839],[19.295,49.85],[19.29,49.851],[19.281,49.854],[19.271,49.861],[19.264,49.863],[19.255,49.862],[19.251,49.864],[19.237,49.865],[19.237,49.862],[19.221,49.863],[19.221,49.869],[19.212,49.869],[19.206,49.872],[19.203,49.872],[19.198,49.869],[19.193,49.868],[19.193,49.866],[19.196,49.863],[19.196,49.86],[19.188,49.857],[19.182,49.856],[19.171,49.853],[19.157,49.866],[19.164,49.87],[19.167,49.872],[19.166,49.875],[19.173,49.88],[19.18,49.881],[19.194,49.886],[19.196,49.887],[19.194,49.891],[19.195,49.899],[19.197,49.901],[19.194,49.907],[19.194,49.913],[19.191,49.918],[19.186,49.919],[19.185,49.928],[19.186,49.932],[19.183,49.932],[19.185,49.937],[19.187,49.939],[19.184,49.944],[19.186,49.945],[19.185,49.95],[19.175,49.947],[19.166,49.947],[19.166,49.945],[19.16,49.942],[19.162,49.94],[19.152,49.94],[19.141,49.938],[19.141,49.94],[19.132,49.94],[19.126,49.938],[19.119,49.939],[19.114,49.941],[19.113,49.943],[19.105,49.943],[19.104,49.947],[19.098,49.95],[19.098,49.952],[19.091,49.951],[19.088,49.949],[19.083,49.95],[19.086,49.954],[19.093,49.957],[19.099,49.958],[19.103,49.957],[19.109,49.961],[19.116,49.958],[19.124,49.964],[19.118,49.968],[19.12,49.973],[19.113,49.972],[19.114,49.978],[19.118,49.982],[19.12,49.989],[19.12,49.992],[19.111,49.996],[19.117,50],[19.118,50.004],[19.122,50.006],[19.119,50.009],[19.124,50.011],[19.128,50.014],[19.129,50.018],[19.139,50.023],[19.143,50.028],[19.139,50.029],[19.136,50.034],[19.14,50.035],[19.142,50.032],[19.145,50.036],[19.144,50.039],[19.148,50.039],[19.148,50.047],[19.15,50.05],[19.161,50.053],[19.166,50.056],[19.163,50.057],[19.169,50.06],[19.171,50.059],[19.178,50.057],[19.182,50.06],[19.195,50.065],[19.202,50.064],[19.208,50.062],[19.21,50.064],[19.214,50.065],[19.217,50.062],[19.222,50.065],[19.224,50.068],[19.232,50.067],[19.231,50.07],[19.225,50.073],[19.218,50.073],[19.212,50.075],[19.212,50.076],[19.215,50.082],[19.223,50.088],[19.223,50.095],[19.231,50.102],[19.234,50.108],[19.239,50.111],[19.241,50.118],[19.249,50.131],[19.254,50.134],[19.255,50.129],[19.259,50.117],[19.278,50.12],[19.273,50.132],[19.275,50.137],[19.27,50.144],[19.278,50.144],[19.285,50.142],[19.288,50.14],[19.293,50.142],[19.313,50.142],[19.323,50.144],[19.332,50.144],[19.345,50.15],[19.35,50.151],[19.353,50.153],[19.353,50.156],[19.349,50.161],[19.35,50.165],[19.345,50.165],[19.349,50.173],[19.36,50.173],[19.367,50.173],[19.366,50.18],[19.362,50.18],[19.361,50.178],[19.351,50.177],[19.339,50.182],[19.334,50.186],[19.337,50.19],[19.345,50.19],[19.349,50.191],[19.354,50.191],[19.364,50.191],[19.373,50.192],[19.375,50.196],[19.383,50.198],[19.383,50.2],[19.398,50.201],[19.401,50.205],[19.405,50.207],[19.412,50.206],[19.416,50.202],[19.416,50.211],[19.442,50.227],[19.429,50.226],[19.422,50.229],[19.411,50.233],[19.407,50.232],[19.397,50.232],[19.39,50.234],[19.34,50.25],[19.323,50.259]]]}},{"type":"Feature","properties":{"id":813,"name":"województwo świętokrzyskie","bbox":[19.704,50.186,21.869,51.342]},"geometry":{"type":"Polygon","coordinates":[[[21.147,50.354],[21.154,50.351],[21.166,50.342],[21.167,50.333],[21.169,50.332],[21.177,50.33],[21.183,50.332],[21.186,50.337],[21.187,50.348],[21.188,50.35],[21.194,50.354],[21.209,50.355],[21.215,50.356],[21.22,50.357],[21.223,50.36],[21.227,50.37],[21.23,50.374],[21.236,50.376],[21.245,50.376],[21.251,50.379],[21.253,50.382],[21.253,50.388],[21.258,50.391],[21.275,50.391],[21.281,50.394],[21.279,50.405],[21.281,50.408],[21.299,50.413],[21.311,50.422],[21.32,50.425],[21.338,50.43],[21.352,50.436],[21.366,50.441],[21.372,50.441],[21.385,50.439],[21.397,50.439],[21.409,50.442],[21.415,50.445],[21.438,50.454],[21.447,50.459],[21.45,50.461],[21.452,50.466],[21.442,50.485],[21.446,50.491],[21.454,50.494],[21.478,50.496],[21.482,50.496],[21.507,50.505],[21.518,50.509],[21.527,50.514],[21.543,50.517],[21.553,50.52],[21.56,50.521],[21.566,50.52],[21.577,50.518],[21.59,50.517],[21.601,50.52],[21.604,50.521],[21.613,50.531],[21.618,50.539],[21.624,50.545],[21.632,50.552],[21.647,50.563],[21.652,50.566],[21.657,50.573],[21.662,50.583],[21.665,50.591],[21.667,50.601],[21.669,50.605],[21.675,50.609],[21.689,50.616],[21.699,50.622],[21.71,50.63],[21.716,50.634],[21.72,50.641],[21.723,50.645],[21.733,50.642],[21.739,50.644],[21.739,50.648],[21.743,50.649],[21.75,50.655],[21.76,50.655],[21.761,50.648],[21.768,50.646],[21.779,50.645],[21.781,50.65],[21.779,50.657],[21.782,50.664],[21.794,50.676],[21.791,50.676],[21.786,50.68],[21.796,50.682],[21.81,50.686],[21.819,50.69],[21.824,50.695],[21.826,50.7],[21.828,50.717],[21.832,50.723],[21.842,50.735],[21.843,50.739],[21.84,50.755],[21.84,50.759],[21.844,50.766],[21.854,50.775],[21.86,50.785],[21.862,50.789],[21.862,50.8],[21.864,50.802],[21.869,50.812],[21.869,50.817],[21.866,50.822],[21.862,50.826],[21.846,50.837],[21.843,50.839],[21.842,50.845],[21.848,50.858],[21.847,50.862],[21.844,50.868],[21.836,50.878],[21.832,50.883],[21.829,50.896],[21.831,50.902],[21.831,50.905],[21.825,50.917],[21.813,50.935],[21.812,50.948],[21.813,50.955],[21.82,50.964],[21.82,50.97],[21.817,50.974],[21.817,50.978],[21.822,50.987],[21.82,50.995],[21.821,51.005],[21.819,51.009],[21.81,51.016],[21.803,51.022],[21.803,51.025],[21.806,51.033],[21.821,51.039],[21.826,51.044],[21.826,51.047],[21.822,51.059],[21.803,51.072],[21.797,51.072],[21.791,51.068],[21.785,51.069],[21.782,51.061],[21.789,51.06],[21.786,51.058],[21.784,51.054],[21.778,51.054],[21.772,51.049],[21.781,51.045],[21.777,51.042],[21.77,51.043],[21.761,51.043],[21.758,51.042],[21.759,51.037],[21.752,51.037],[21.743,51.041],[21.741,51.041],[21.735,51.045],[21.73,51.047],[21.728,51.045],[21.719,51.041],[21.712,51.041],[21.705,51.043],[21.702,51.048],[21.697,51.052],[21.696,51.057],[21.692,51.065],[21.687,51.07],[21.683,51.071],[21.676,51.078],[21.65,51.069],[21.64,51.076],[21.627,51.073],[21.612,51.076],[21.615,51.073],[21.624,51.071],[21.63,51.063],[21.619,51.06],[21.614,51.065],[21.59,51.058],[21.583,51.058],[21.582,51.061],[21.573,51.058],[21.562,51.056],[21.557,51.053],[21.545,51.047],[21.542,51.057],[21.535,51.056],[21.533,51.062],[21.529,51.059],[21.513,51.056],[21.513,51.053],[21.506,51.05],[21.5,51.045],[21.513,51.039],[21.517,51.036],[21.49,51.04],[21.486,51.036],[21.489,51.034],[21.498,51.033],[21.502,51.031],[21.5,51.029],[21.493,51.028],[21.486,51.024],[21.496,51.022],[21.479,51.018],[21.469,51.016],[21.464,51.013],[21.443,51.023],[21.429,51.026],[21.431,51.029],[21.411,51.032],[21.403,51.033],[21.405,51.035],[21.382,51.04],[21.382,51.041],[21.383,51.058],[21.372,51.059],[21.37,51.065],[21.366,51.065],[21.354,51.066],[21.354,51.069],[21.356,51.077],[21.356,51.082],[21.353,51.084],[21.347,51.085],[21.311,51.084],[21.201,51.081],[21.153,51.08],[21.156,51.086],[21.152,51.087],[21.151,51.1],[21.153,51.104],[21.16,51.102],[21.158,51.115],[21.156,51.115],[21.154,51.125],[21.161,51.125],[21.164,51.129],[21.148,51.129],[21.145,51.126],[21.142,51.129],[21.134,51.129],[21.134,51.135],[21.128,51.135],[21.128,51.141],[21.091,51.155],[21.09,51.156],[21.097,51.165],[21.103,51.169],[21.109,51.175],[21.116,51.179],[21.12,51.189],[21.118,51.192],[21.108,51.193],[21.111,51.201],[21.07,51.211],[21.068,51.207],[21.075,51.198],[21.073,51.185],[21.07,51.174],[21.057,51.157],[21.045,51.156],[21.035,51.158],[21.023,51.159],[21.019,51.155],[21.024,51.15],[20.999,51.144],[20.995,51.146],[20.998,51.15],[20.993,51.152],[21.001,51.16],[20.984,51.166],[20.965,51.174],[20.968,51.177],[20.921,51.195],[20.914,51.188],[20.911,51.189],[20.908,51.178],[20.905,51.179],[20.88,51.154],[20.859,51.166],[20.859,51.169],[20.854,51.173],[20.85,51.171],[20.822,51.178],[20.809,51.161],[20.822,51.158],[20.813,51.146],[20.788,51.153],[20.782,51.145],[20.766,51.15],[20.771,51.157],[20.723,51.171],[20.718,51.173],[20.713,51.168],[20.713,51.167],[20.707,51.162],[20.697,51.149],[20.695,51.152],[20.686,51.151],[20.685,51.155],[20.688,51.156],[20.688,51.16],[20.684,51.168],[20.685,51.174],[20.702,51.182],[20.703,51.185],[20.7,51.196],[20.691,51.199],[20.687,51.203],[20.678,51.207],[20.677,51.21],[20.656,51.217],[20.647,51.218],[20.642,51.221],[20.633,51.223],[20.632,51.226],[20.622,51.23],[20.614,51.237],[20.614,51.24],[20.61,51.242],[20.607,51.244],[20.607,51.247],[20.6,51.246],[20.6,51.245],[20.579,51.245],[20.572,51.241],[20.568,51.238],[20.566,51.231],[20.557,51.23],[20.546,51.23],[20.542,51.234],[20.535,51.252],[20.539,51.255],[20.525,51.261],[20.537,51.27],[20.529,51.274],[20.533,51.277],[20.525,51.281],[20.521,51.278],[20.502,51.287],[20.511,51.294],[20.509,51.296],[20.498,51.293],[20.495,51.299],[20.493,51.307],[20.497,51.31],[20.502,51.309],[20.513,51.309],[20.511,51.312],[20.513,51.316],[20.517,51.317],[20.517,51.319],[20.507,51.331],[20.464,51.332],[20.464,51.336],[20.456,51.336],[20.453,51.338],[20.433,51.342],[20.433,51.339],[20.433,51.334],[20.424,51.333],[20.424,51.328],[20.42,51.326],[20.41,51.326],[20.414,51.321],[20.41,51.319],[20.403,51.319],[20.385,51.319],[20.379,51.314],[20.366,51.311],[20.365,51.308],[20.383,51.281],[20.39,51.272],[20.385,51.269],[20.386,51.263],[20.375,51.262],[20.38,51.246],[20.376,51.243],[20.371,51.237],[20.36,51.241],[20.354,51.25],[20.335,51.255],[20.33,51.254],[20.31,51.243],[20.298,51.244],[20.278,51.244],[20.273,51.246],[20.265,51.251],[20.26,51.251],[20.262,51.255],[20.26,51.259],[20.253,51.256],[20.246,51.257],[20.246,51.25],[20.243,51.246],[20.243,51.243],[20.253,51.241],[20.256,51.235],[20.254,51.23],[20.251,51.222],[20.265,51.22],[20.264,51.216],[20.26,51.216],[20.258,51.212],[20.255,51.212],[20.252,51.207],[20.238,51.208],[20.232,51.201],[20.226,51.201],[20.221,51.199],[20.217,51.199],[20.217,51.204],[20.215,51.209],[20.207,51.203],[20.206,51.199],[20.202,51.2],[20.201,51.204],[20.196,51.206],[20.192,51.204],[20.179,51.207],[20.177,51.196],[20.158,51.198],[20.159,51.194],[20.15,51.192],[20.147,51.191],[20.14,51.193],[20.135,51.191],[20.126,51.191],[20.119,51.189],[20.116,51.192],[20.11,51.194],[20.099,51.191],[20.095,51.191],[20.082,51.194],[20.08,51.193],[20.068,51.195],[20.064,51.197],[20.062,51.194],[20.058,51.191],[20.056,51.194],[20.06,51.196],[20.06,51.199],[20.053,51.203],[20.026,51.2],[20.025,51.199],[20.011,51.195],[20.01,51.191],[19.999,51.188],[19.994,51.184],[20.026,51.165],[20.023,51.16],[20.022,51.155],[20.017,51.152],[20.013,51.155],[19.988,51.139],[19.992,51.138],[19.994,51.134],[19.986,51.135],[19.988,51.131],[19.989,51.126],[19.988,51.119],[19.992,51.113],[19.99,51.111],[19.993,51.101],[19.989,51.093],[19.989,51.087],[19.986,51.078],[19.982,51.073],[20.017,51.07],[20.032,51.07],[20.045,51.069],[20.045,51.061],[20.049,51.062],[20.056,51.058],[20.048,51.054],[20.051,51.033],[20.049,51.029],[20.051,51.026],[20.048,51.022],[20.051,51.017],[20.049,51.016],[20.048,51.009],[20.045,51.007],[20.043,51.003],[20.04,51],[20.035,50.999],[20.033,50.995],[20.034,50.992],[20.039,50.99],[20.038,50.985],[20.039,50.983],[20.036,50.973],[20.03,50.972],[20.024,50.97],[20.021,50.965],[20.018,50.962],[19.967,50.986],[19.958,50.99],[19.956,50.992],[19.959,51.002],[19.956,51.006],[19.948,51.013],[19.94,51.009],[19.936,51.011],[19.937,51.025],[19.922,51.025],[19.921,51.026],[19.908,51.027],[19.9,51.028],[19.897,51.029],[19.886,51.048],[19.876,51.048],[19.874,51.043],[19.872,51.038],[19.869,51.038],[19.866,51.034],[19.869,51.032],[19.868,51.027],[19.864,51.023],[19.867,51.022],[19.861,51.019],[19.86,51.014],[19.863,51.005],[19.854,50.999],[19.847,50.993],[19.835,50.977],[19.833,50.977],[19.83,50.968],[19.831,50.965],[19.83,50.959],[19.832,50.958],[19.835,50.95],[19.842,50.948],[19.845,50.945],[19.845,50.941],[19.849,50.936],[19.841,50.923],[19.836,50.918],[19.823,50.915],[19.818,50.912],[19.814,50.91],[19.808,50.907],[19.796,50.909],[19.789,50.901],[19.791,50.898],[19.788,50.892],[19.787,50.887],[19.782,50.885],[19.776,50.885],[19.777,50.88],[19.775,50.878],[19.759,50.872],[19.747,50.866],[19.754,50.864],[19.763,50.859],[19.771,50.858],[19.777,50.855],[19.786,50.853],[19.795,50.848],[19.802,50.847],[19.803,50.845],[19.809,50.844],[19.819,50.839],[19.825,50.832],[19.826,50.825],[19.83,50.824],[19.832,50.82],[19.819,50.821],[19.817,50.819],[19.82,50.808],[19.823,50.806],[19.815,50.803],[19.81,50.804],[19.798,50.812],[19.797,50.817],[19.794,50.819],[19.784,50.818],[19.779,50.809],[19.783,50.81],[19.782,50.805],[19.775,50.798],[19.778,50.796],[19.785,50.793],[19.794,50.784],[19.794,50.782],[19.781,50.78],[19.771,50.777],[19.765,50.778],[19.763,50.775],[19.766,50.772],[19.742,50.755],[19.74,50.758],[19.734,50.762],[19.738,50.765],[19.734,50.77],[19.727,50.771],[19.722,50.767],[19.721,50.763],[19.722,50.759],[19.715,50.762],[19.706,50.762],[19.711,50.754],[19.704,50.752],[19.708,50.744],[19.711,50.744],[19.719,50.733],[19.713,50.732],[19.713,50.729],[19.755,50.716],[19.764,50.716],[19.779,50.722],[19.785,50.721],[19.794,50.721],[19.793,50.718],[19.802,50.717],[19.804,50.725],[19.811,50.725],[19.806,50.712],[19.81,50.711],[19.808,50.706],[19.816,50.704],[19.82,50.706],[19.833,50.704],[19.843,50.706],[19.849,50.7],[19.848,50.696],[19.851,50.691],[19.857,50.69],[19.872,50.693],[19.873,50.683],[19.862,50.679],[19.859,50.675],[19.859,50.671],[19.865,50.666],[19.864,50.664],[19.854,50.666],[19.853,50.665],[19.844,50.667],[19.837,50.67],[19.833,50.667],[19.841,50.663],[19.835,50.655],[19.835,50.651],[19.858,50.646],[19.87,50.646],[19.876,50.647],[19.883,50.645],[19.886,50.643],[19.885,50.64],[19.889,50.636],[19.91,50.642],[19.922,50.639],[19.92,50.634],[19.915,50.636],[19.912,50.629],[19.909,50.63],[19.903,50.62],[19.899,50.621],[19.898,50.616],[19.889,50.617],[19.883,50.617],[19.874,50.619],[19.871,50.621],[19.862,50.622],[19.857,50.619],[19.855,50.614],[19.851,50.612],[19.848,50.604],[19.844,50.599],[19.841,50.595],[19.843,50.592],[19.836,50.59],[19.828,50.583],[19.825,50.583],[19.822,50.58],[19.817,50.573],[19.805,50.566],[19.8,50.566],[19.79,50.568],[19.788,50.562],[19.789,50.559],[19.789,50.555],[19.797,50.555],[19.815,50.554],[19.842,50.555],[19.845,50.553],[19.848,50.549],[19.854,50.546],[19.855,50.544],[19.868,50.542],[19.87,50.543],[19.884,50.542],[19.902,50.539],[19.903,50.533],[19.904,50.532],[19.906,50.524],[19.908,50.522],[19.911,50.512],[19.921,50.507],[19.933,50.504],[19.935,50.502],[19.95,50.505],[19.965,50.513],[19.972,50.516],[19.971,50.52],[19.977,50.519],[19.988,50.52],[20.001,50.517],[20.008,50.515],[20.016,50.511],[20.027,50.509],[20.031,50.505],[20.028,50.501],[20.039,50.5],[20.043,50.506],[20.05,50.505],[20.054,50.512],[20.076,50.51],[20.078,50.506],[20.085,50.505],[20.084,50.499],[20.095,50.498],[20.097,50.496],[20.087,50.49],[20.095,50.49],[20.107,50.486],[20.118,50.485],[20.124,50.486],[20.131,50.49],[20.146,50.486],[20.167,50.484],[20.172,50.491],[20.186,50.493],[20.194,50.496],[20.205,50.496],[20.207,50.493],[20.214,50.489],[20.218,50.489],[20.223,50.485],[20.226,50.478],[20.239,50.479],[20.243,50.48],[20.25,50.479],[20.248,50.475],[20.265,50.467],[20.273,50.47],[20.273,50.465],[20.271,50.459],[20.266,50.45],[20.261,50.441],[20.262,50.435],[20.266,50.427],[20.276,50.422],[20.29,50.419],[20.289,50.414],[20.293,50.405],[20.298,50.403],[20.304,50.398],[20.306,50.389],[20.321,50.384],[20.322,50.378],[20.322,50.371],[20.326,50.369],[20.325,50.367],[20.332,50.365],[20.332,50.363],[20.337,50.362],[20.337,50.36],[20.332,50.357],[20.333,50.354],[20.327,50.352],[20.314,50.351],[20.313,50.349],[20.307,50.349],[20.298,50.352],[20.294,50.349],[20.292,50.346],[20.299,50.344],[20.305,50.336],[20.299,50.334],[20.298,50.33],[20.293,50.328],[20.293,50.322],[20.295,50.32],[20.302,50.323],[20.313,50.322],[20.319,50.32],[20.328,50.319],[20.329,50.313],[20.333,50.305],[20.336,50.303],[20.343,50.306],[20.349,50.299],[20.341,50.299],[20.338,50.292],[20.341,50.287],[20.349,50.291],[20.356,50.289],[20.362,50.285],[20.362,50.281],[20.355,50.28],[20.343,50.276],[20.343,50.273],[20.335,50.272],[20.333,50.267],[20.342,50.263],[20.347,50.263],[20.353,50.264],[20.358,50.256],[20.363,50.254],[20.368,50.249],[20.376,50.247],[20.376,50.243],[20.384,50.245],[20.386,50.243],[20.398,50.241],[20.399,50.238],[20.392,50.238],[20.392,50.236],[20.386,50.232],[20.376,50.229],[20.374,50.227],[20.377,50.22],[20.375,50.216],[20.378,50.213],[20.385,50.208],[20.397,50.211],[20.4,50.209],[20.41,50.212],[20.415,50.2],[20.412,50.197],[20.412,50.193],[20.416,50.191],[20.427,50.193],[20.431,50.194],[20.431,50.197],[20.436,50.197],[20.437,50.193],[20.442,50.193],[20.447,50.195],[20.452,50.193],[20.455,50.199],[20.458,50.197],[20.469,50.196],[20.466,50.192],[20.474,50.192],[20.47,50.197],[20.469,50.201],[20.477,50.199],[20.49,50.193],[20.5,50.191],[20.512,50.189],[20.513,50.186],[20.518,50.188],[20.532,50.191],[20.54,50.191],[20.539,50.197],[20.552,50.2],[20.557,50.202],[20.562,50.2],[20.565,50.192],[20.573,50.187],[20.583,50.189],[20.582,50.195],[20.593,50.202],[20.606,50.2],[20.607,50.205],[20.613,50.204],[20.624,50.201],[20.626,50.204],[20.628,50.205],[20.634,50.212],[20.637,50.21],[20.636,50.207],[20.639,50.205],[20.645,50.209],[20.652,50.204],[20.66,50.204],[20.665,50.206],[20.67,50.206],[20.674,50.203],[20.682,50.206],[20.679,50.212],[20.683,50.217],[20.688,50.218],[20.697,50.217],[20.704,50.218],[20.706,50.225],[20.71,50.228],[20.715,50.229],[20.725,50.23],[20.729,50.23],[20.731,50.235],[20.728,50.243],[20.728,50.25],[20.734,50.254],[20.741,50.257],[20.754,50.265],[20.763,50.267],[20.768,50.268],[20.773,50.273],[20.775,50.278],[20.78,50.285],[20.787,50.288],[20.793,50.29],[20.806,50.29],[20.818,50.284],[20.825,50.277],[20.83,50.274],[20.836,50.273],[20.845,50.276],[20.848,50.279],[20.85,50.284],[20.85,50.29],[20.851,50.293],[20.855,50.296],[20.86,50.296],[20.868,50.295],[20.876,50.295],[20.882,50.297],[20.891,50.305],[20.897,50.307],[20.903,50.305],[20.91,50.303],[20.922,50.3],[20.931,50.298],[20.939,50.301],[20.941,50.307],[20.947,50.314],[20.955,50.316],[20.962,50.316],[20.974,50.314],[20.991,50.315],[21.006,50.313],[21.014,50.313],[21.026,50.318],[21.03,50.319],[21.039,50.319],[21.049,50.315],[21.056,50.316],[21.065,50.318],[21.074,50.324],[21.08,50.333],[21.083,50.336],[21.092,50.339],[21.104,50.337],[21.111,50.338],[21.117,50.342],[21.119,50.348],[21.122,50.351],[21.13,50.354],[21.141,50.354],[21.147,50.354]]]}},{"type":"Feature","properties":{"id":814,"name":"województwo warmińsko-mazurskie","bbox":[19.128,53.139,22.806,54.453]},"geometry":{"type":"Polygon","coordinates":[[[19.576,53.948],[19.575,53.944],[19.582,53.94],[19.582,53.934],[19.581,53.928],[19.568,53.928],[19.566,53.926],[19.556,53.926],[19.561,53.919],[19.56,53.917],[19.557,53.91],[19.559,53.91],[19.557,53.903],[19.553,53.894],[19.545,53.889],[19.544,53.886],[19.54,53.885],[19.533,53.88],[19.538,53.878],[19.537,53.875],[19.531,53.874],[19.53,53.869],[19.527,53.867],[19.524,53.86],[19.52,53.861],[19.519,53.857],[19.514,53.857],[19.512,53.849],[19.514,53.846],[19.519,53.847],[19.505,53.836],[19.48,53.817],[19.5,53.807],[19.472,53.785],[19.475,53.783],[19.48,53.782],[19.483,53.78],[19.481,53.777],[19.476,53.777],[19.475,53.78],[19.47,53.78],[19.46,53.783],[19.455,53.79],[19.456,53.797],[19.371,53.814],[19.364,53.813],[19.357,53.813],[19.354,53.815],[19.343,53.814],[19.335,53.815],[19.323,53.814],[19.321,53.81],[19.311,53.804],[19.312,53.801],[19.309,53.795],[19.309,53.788],[19.305,53.788],[19.304,53.784],[19.3,53.782],[19.299,53.779],[19.303,53.778],[19.299,53.771],[19.304,53.767],[19.299,53.762],[19.301,53.761],[19.3,53.756],[19.302,53.754],[19.292,53.741],[19.286,53.74],[19.28,53.736],[19.278,53.732],[19.273,53.733],[19.271,53.731],[19.265,53.73],[19.25,53.719],[19.24,53.712],[19.237,53.708],[19.23,53.705],[19.224,53.704],[19.224,53.7],[19.213,53.691],[19.217,53.681],[19.218,53.681],[19.224,53.669],[19.215,53.669],[19.213,53.653],[19.215,53.649],[19.21,53.646],[19.212,53.643],[19.206,53.638],[19.201,53.638],[19.193,53.641],[19.184,53.637],[19.179,53.64],[19.163,53.624],[19.154,53.619],[19.152,53.62],[19.139,53.61],[19.13,53.608],[19.128,53.602],[19.13,53.6],[19.13,53.59],[19.129,53.588],[19.158,53.581],[19.161,53.584],[19.182,53.579],[19.185,53.575],[19.196,53.572],[19.2,53.57],[19.197,53.559],[19.189,53.548],[19.195,53.544],[19.208,53.548],[19.214,53.539],[19.214,53.532],[19.219,53.528],[19.219,53.524],[19.211,53.525],[19.203,53.522],[19.202,53.519],[19.194,53.516],[19.189,53.512],[19.197,53.505],[19.202,53.503],[19.201,53.5],[19.205,53.497],[19.212,53.495],[19.223,53.491],[19.226,53.489],[19.223,53.481],[19.226,53.479],[19.231,53.477],[19.234,53.47],[19.236,53.468],[19.23,53.464],[19.226,53.461],[19.224,53.457],[19.226,53.453],[19.236,53.454],[19.238,53.457],[19.244,53.458],[19.246,53.455],[19.242,53.453],[19.246,53.444],[19.242,53.443],[19.246,53.435],[19.255,53.432],[19.25,53.423],[19.24,53.417],[19.233,53.422],[19.233,53.418],[19.236,53.416],[19.234,53.413],[19.244,53.411],[19.249,53.406],[19.256,53.403],[19.259,53.396],[19.271,53.395],[19.291,53.389],[19.296,53.394],[19.305,53.399],[19.303,53.402],[19.297,53.403],[19.308,53.407],[19.307,53.411],[19.32,53.41],[19.33,53.405],[19.343,53.408],[19.347,53.407],[19.359,53.409],[19.368,53.413],[19.381,53.411],[19.382,53.406],[19.386,53.403],[19.391,53.398],[19.389,53.391],[19.394,53.388],[19.395,53.395],[19.4,53.391],[19.408,53.392],[19.408,53.39],[19.413,53.387],[19.419,53.378],[19.447,53.376],[19.443,53.374],[19.436,53.368],[19.432,53.363],[19.427,53.36],[19.434,53.358],[19.447,53.361],[19.458,53.36],[19.463,53.365],[19.466,53.365],[19.466,53.369],[19.473,53.372],[19.482,53.371],[19.482,53.367],[19.479,53.362],[19.486,53.36],[19.496,53.363],[19.512,53.37],[19.518,53.37],[19.519,53.369],[19.518,53.359],[19.522,53.359],[19.528,53.349],[19.522,53.345],[19.524,53.343],[19.519,53.339],[19.523,53.337],[19.519,53.332],[19.52,53.33],[19.536,53.331],[19.564,53.331],[19.588,53.332],[19.597,53.334],[19.596,53.338],[19.61,53.342],[19.612,53.338],[19.642,53.345],[19.649,53.342],[19.656,53.342],[19.672,53.337],[19.69,53.336],[19.687,53.312],[19.689,53.308],[19.704,53.304],[19.718,53.302],[19.712,53.289],[19.722,53.287],[19.717,53.281],[19.725,53.276],[19.728,53.27],[19.718,53.272],[19.713,53.275],[19.703,53.267],[19.694,53.264],[19.691,53.26],[19.684,53.258],[19.685,53.254],[19.69,53.254],[19.692,53.252],[19.689,53.236],[19.69,53.234],[19.695,53.233],[19.7,53.237],[19.707,53.233],[19.711,53.235],[19.716,53.232],[19.726,53.232],[19.728,53.23],[19.743,53.228],[19.742,53.224],[19.746,53.218],[19.751,53.215],[19.752,53.212],[19.746,53.211],[19.742,53.204],[19.738,53.204],[19.742,53.198],[19.746,53.195],[19.742,53.189],[19.743,53.187],[19.751,53.184],[19.747,53.18],[19.751,53.178],[19.753,53.171],[19.762,53.152],[19.778,53.155],[19.804,53.149],[19.841,53.141],[19.841,53.15],[19.839,53.163],[19.825,53.173],[19.847,53.192],[19.867,53.199],[19.871,53.201],[19.882,53.203],[19.883,53.209],[19.893,53.213],[19.896,53.21],[19.913,53.211],[19.914,53.206],[19.918,53.207],[19.916,53.193],[19.919,53.191],[19.914,53.189],[19.911,53.189],[19.907,53.177],[19.914,53.176],[19.928,53.171],[19.927,53.168],[19.941,53.165],[19.956,53.16],[19.958,53.155],[19.968,53.148],[19.974,53.148],[19.978,53.144],[19.991,53.146],[20.02,53.153],[20.026,53.145],[20.034,53.148],[20.039,53.159],[20.052,53.155],[20.056,53.157],[20.076,53.157],[20.076,53.163],[20.078,53.165],[20.104,53.168],[20.11,53.163],[20.119,53.162],[20.12,53.159],[20.125,53.153],[20.127,53.147],[20.135,53.142],[20.144,53.141],[20.154,53.143],[20.159,53.146],[20.164,53.15],[20.165,53.156],[20.173,53.154],[20.191,53.153],[20.199,53.151],[20.21,53.151],[20.215,53.151],[20.237,53.148],[20.247,53.145],[20.258,53.141],[20.268,53.14],[20.275,53.143],[20.281,53.14],[20.287,53.141],[20.29,53.139],[20.298,53.14],[20.305,53.14],[20.313,53.141],[20.318,53.143],[20.33,53.144],[20.336,53.146],[20.354,53.147],[20.353,53.15],[20.361,53.155],[20.349,53.157],[20.345,53.157],[20.325,53.16],[20.336,53.165],[20.341,53.167],[20.37,53.177],[20.376,53.177],[20.379,53.184],[20.383,53.186],[20.383,53.189],[20.393,53.193],[20.401,53.198],[20.405,53.204],[20.414,53.212],[20.411,53.214],[20.419,53.222],[20.424,53.222],[20.435,53.23],[20.454,53.243],[20.458,53.247],[20.464,53.243],[20.464,53.241],[20.468,53.237],[20.475,53.234],[20.495,53.234],[20.507,53.235],[20.507,53.229],[20.526,53.223],[20.536,53.227],[20.53,53.228],[20.532,53.232],[20.546,53.229],[20.544,53.227],[20.555,53.225],[20.562,53.226],[20.567,53.234],[20.575,53.24],[20.58,53.24],[20.582,53.233],[20.587,53.233],[20.598,53.235],[20.601,53.238],[20.609,53.239],[20.612,53.243],[20.612,53.252],[20.657,53.252],[20.662,53.257],[20.664,53.262],[20.667,53.266],[20.676,53.27],[20.684,53.28],[20.687,53.287],[20.691,53.287],[20.693,53.292],[20.692,53.303],[20.706,53.3],[20.714,53.3],[20.714,53.309],[20.719,53.312],[20.721,53.308],[20.737,53.305],[20.741,53.305],[20.747,53.308],[20.746,53.31],[20.74,53.315],[20.743,53.318],[20.747,53.316],[20.752,53.313],[20.755,53.313],[20.764,53.316],[20.77,53.311],[20.779,53.312],[20.783,53.309],[20.787,53.311],[20.792,53.31],[20.799,53.306],[20.805,53.307],[20.807,53.306],[20.825,53.304],[20.84,53.298],[20.847,53.293],[20.852,53.296],[20.853,53.299],[20.858,53.304],[20.865,53.304],[20.87,53.31],[20.873,53.312],[20.871,53.315],[20.872,53.321],[20.877,53.319],[20.891,53.317],[20.894,53.314],[20.9,53.311],[20.905,53.309],[20.907,53.318],[20.908,53.321],[20.917,53.322],[20.916,53.317],[20.919,53.316],[20.921,53.321],[20.927,53.32],[20.93,53.324],[20.92,53.326],[20.918,53.33],[20.921,53.335],[20.912,53.337],[20.91,53.343],[20.914,53.348],[20.923,53.35],[20.923,53.353],[20.93,53.352],[20.933,53.354],[20.933,53.358],[20.936,53.36],[20.95,53.358],[20.947,53.355],[20.961,53.354],[20.959,53.352],[20.966,53.352],[20.967,53.354],[20.974,53.354],[20.974,53.352],[20.992,53.361],[20.999,53.361],[21.001,53.357],[21.007,53.355],[21.012,53.356],[21.031,53.351],[21.036,53.347],[21.038,53.343],[21.054,53.334],[21.071,53.34],[21.082,53.344],[21.082,53.346],[21.092,53.35],[21.105,53.352],[21.114,53.354],[21.124,53.361],[21.136,53.366],[21.141,53.371],[21.141,53.377],[21.153,53.383],[21.176,53.394],[21.2,53.399],[21.204,53.403],[21.22,53.409],[21.234,53.413],[21.239,53.416],[21.25,53.42],[21.271,53.425],[21.281,53.427],[21.292,53.422],[21.289,53.421],[21.284,53.414],[21.291,53.41],[21.296,53.413],[21.294,53.415],[21.299,53.419],[21.303,53.424],[21.311,53.423],[21.326,53.42],[21.338,53.417],[21.339,53.419],[21.347,53.415],[21.352,53.414],[21.355,53.42],[21.363,53.422],[21.367,53.421],[21.376,53.422],[21.379,53.426],[21.385,53.428],[21.388,53.431],[21.399,53.429],[21.402,53.428],[21.411,53.428],[21.424,53.43],[21.423,53.431],[21.435,53.436],[21.436,53.439],[21.445,53.437],[21.443,53.44],[21.437,53.441],[21.435,53.445],[21.43,53.446],[21.426,53.45],[21.435,53.448],[21.446,53.446],[21.437,53.456],[21.436,53.46],[21.433,53.463],[21.483,53.471],[21.496,53.473],[21.516,53.477],[21.532,53.477],[21.552,53.478],[21.566,53.481],[21.572,53.48],[21.587,53.48],[21.598,53.482],[21.613,53.481],[21.64,53.481],[21.648,53.481],[21.666,53.486],[21.679,53.491],[21.687,53.493],[21.695,53.492],[21.714,53.489],[21.731,53.489],[21.752,53.483],[21.772,53.482],[21.791,53.479],[21.803,53.475],[21.821,53.467],[21.829,53.464],[21.841,53.461],[21.858,53.459],[21.864,53.459],[21.874,53.462],[21.882,53.461],[21.891,53.467],[21.898,53.474],[21.898,53.477],[21.902,53.483],[21.903,53.486],[21.901,53.489],[21.902,53.493],[21.908,53.497],[21.914,53.499],[21.92,53.503],[21.924,53.509],[21.934,53.511],[21.952,53.509],[21.966,53.515],[21.973,53.515],[21.978,53.518],[21.982,53.518],[21.99,53.522],[22.001,53.516],[22.01,53.514],[22.014,53.508],[22.016,53.501],[22.02,53.497],[22.025,53.496],[22.031,53.497],[22.042,53.508],[22.042,53.511],[22.048,53.516],[22.048,53.519],[22.051,53.523],[22.051,53.525],[22.058,53.529],[22.066,53.531],[22.076,53.536],[22.085,53.535],[22.096,53.532],[22.11,53.536],[22.128,53.541],[22.136,53.545],[22.139,53.546],[22.157,53.553],[22.162,53.555],[22.175,53.558],[22.194,53.566],[22.199,53.569],[22.21,53.578],[22.216,53.581],[22.228,53.586],[22.234,53.592],[22.233,53.592],[22.257,53.604],[22.272,53.611],[22.278,53.619],[22.285,53.623],[22.298,53.624],[22.306,53.627],[22.325,53.634],[22.327,53.632],[22.353,53.647],[22.35,53.648],[22.353,53.652],[22.36,53.656],[22.362,53.655],[22.386,53.664],[22.396,53.668],[22.401,53.667],[22.414,53.676],[22.416,53.678],[22.423,53.682],[22.433,53.676],[22.436,53.678],[22.441,53.673],[22.445,53.672],[22.441,53.665],[22.451,53.663],[22.459,53.665],[22.473,53.663],[22.469,53.667],[22.47,53.67],[22.467,53.674],[22.472,53.678],[22.468,53.683],[22.469,53.687],[22.465,53.69],[22.471,53.693],[22.475,53.693],[22.473,53.699],[22.479,53.7],[22.492,53.7],[22.504,53.696],[22.51,53.697],[22.514,53.699],[22.54,53.71],[22.566,53.721],[22.565,53.722],[22.585,53.734],[22.585,53.727],[22.597,53.718],[22.607,53.717],[22.611,53.719],[22.612,53.725],[22.616,53.732],[22.621,53.735],[22.621,53.738],[22.626,53.742],[22.622,53.745],[22.627,53.747],[22.624,53.75],[22.625,53.753],[22.629,53.757],[22.635,53.757],[22.641,53.755],[22.641,53.752],[22.644,53.749],[22.652,53.75],[22.659,53.754],[22.668,53.757],[22.677,53.757],[22.68,53.756],[22.687,53.758],[22.697,53.762],[22.704,53.767],[22.704,53.77],[22.709,53.78],[22.719,53.792],[22.72,53.795],[22.723,53.797],[22.726,53.803],[22.724,53.811],[22.725,53.812],[22.724,53.821],[22.725,53.825],[22.727,53.828],[22.727,53.833],[22.735,53.838],[22.746,53.842],[22.758,53.85],[22.758,53.852],[22.767,53.859],[22.775,53.863],[22.779,53.866],[22.783,53.878],[22.785,53.883],[22.781,53.886],[22.782,53.89],[22.777,53.892],[22.775,53.897],[22.78,53.899],[22.78,53.902],[22.776,53.903],[22.776,53.908],[22.783,53.915],[22.782,53.92],[22.778,53.923],[22.775,53.924],[22.772,53.927],[22.767,53.93],[22.757,53.938],[22.753,53.94],[22.751,53.943],[22.737,53.95],[22.729,53.951],[22.724,53.953],[22.715,53.957],[22.71,53.962],[22.708,53.968],[22.704,53.971],[22.697,53.974],[22.694,53.977],[22.694,53.983],[22.696,53.984],[22.693,53.995],[22.691,53.996],[22.691,54],[22.685,54.004],[22.68,54.005],[22.675,54.012],[22.671,54.021],[22.672,54.023],[22.671,54.029],[22.656,54.036],[22.641,54.041],[22.637,54.044],[22.629,54.047],[22.623,54.048],[22.617,54.051],[22.61,54.05],[22.601,54.052],[22.597,54.067],[22.602,54.068],[22.605,54.074],[22.604,54.082],[22.611,54.086],[22.621,54.086],[22.625,54.088],[22.625,54.092],[22.635,54.093],[22.637,54.098],[22.636,54.108],[22.626,54.111],[22.613,54.12],[22.608,54.125],[22.602,54.137],[22.594,54.141],[22.591,54.151],[22.578,54.146],[22.581,54.142],[22.547,54.138],[22.545,54.144],[22.545,54.148],[22.539,54.148],[22.535,54.153],[22.537,54.16],[22.528,54.16],[22.527,54.162],[22.519,54.161],[22.519,54.168],[22.513,54.174],[22.508,54.176],[22.504,54.18],[22.501,54.186],[22.51,54.187],[22.506,54.19],[22.503,54.193],[22.489,54.194],[22.486,54.196],[22.482,54.202],[22.484,54.208],[22.488,54.207],[22.497,54.211],[22.492,54.214],[22.506,54.218],[22.51,54.22],[22.514,54.217],[22.517,54.219],[22.516,54.225],[22.527,54.231],[22.532,54.249],[22.553,54.251],[22.559,54.247],[22.566,54.25],[22.563,54.252],[22.569,54.258],[22.579,54.258],[22.58,54.265],[22.591,54.263],[22.611,54.26],[22.615,54.263],[22.624,54.269],[22.631,54.275],[22.635,54.28],[22.638,54.281],[22.641,54.286],[22.645,54.288],[22.652,54.286],[22.662,54.284],[22.672,54.28],[22.68,54.279],[22.694,54.275],[22.704,54.279],[22.728,54.284],[22.746,54.291],[22.751,54.298],[22.756,54.297],[22.761,54.295],[22.768,54.289],[22.777,54.295],[22.779,54.294],[22.79,54.3],[22.784,54.306],[22.785,54.311],[22.789,54.311],[22.793,54.326],[22.787,54.326],[22.786,54.328],[22.777,54.328],[22.782,54.333],[22.797,54.34],[22.803,54.341],[22.806,54.35],[22.801,54.352],[22.792,54.363],[22.785,54.364],[22.756,54.362],[22.724,54.361],[22.71,54.362],[22.681,54.36],[22.669,54.358],[22.66,54.356],[22.65,54.354],[22.642,54.354],[22.617,54.356],[22.609,54.354],[22.596,54.354],[22.593,54.354],[22.571,54.354],[22.56,54.352],[22.537,54.351],[22.528,54.349],[22.491,54.349],[22.469,54.348],[22.464,54.349],[22.447,54.349],[22.438,54.348],[22.434,54.346],[22.422,54.348],[22.418,54.347],[22.405,54.346],[22.391,54.346],[22.383,54.345],[22.349,54.344],[22.331,54.343],[22.329,54.345],[22.32,54.343],[22.319,54.341],[22.309,54.341],[22.26,54.341],[22.243,54.341],[22.236,54.342],[22.229,54.34],[22.226,54.344],[22.188,54.339],[22.153,54.337],[22.121,54.336],[22.097,54.337],[22.061,54.336],[22.037,54.336],[22.022,54.336],[21.995,54.336],[21.97,54.333],[21.938,54.333],[21.913,54.334],[21.9,54.333],[21.856,54.332],[21.851,54.331],[21.843,54.332],[21.815,54.331],[21.8,54.332],[21.759,54.33],[21.743,54.33],[21.713,54.328],[21.677,54.327],[21.647,54.327],[21.635,54.327],[21.602,54.326],[21.574,54.325],[21.57,54.322],[21.559,54.323],[21.553,54.323],[21.553,54.325],[21.541,54.325],[21.529,54.325],[21.514,54.324],[21.496,54.324],[21.468,54.32],[21.446,54.318],[21.441,54.321],[21.437,54.326],[21.434,54.327],[21.414,54.326],[21.394,54.328],[21.379,54.331],[21.357,54.331],[21.351,54.33],[21.338,54.331],[21.324,54.329],[21.309,54.333],[21.303,54.334],[21.291,54.332],[21.274,54.328],[21.261,54.329],[21.24,54.332],[21.221,54.335],[21.197,54.338],[21.18,54.338],[21.164,54.337],[21.155,54.339],[21.143,54.343],[21.115,54.345],[21.099,54.347],[21.09,54.347],[21.083,54.346],[21.062,54.348],[21.038,54.349],[21.007,54.354],[20.967,54.354],[20.958,54.355],[20.951,54.357],[20.926,54.356],[20.899,54.358],[20.895,54.358],[20.887,54.358],[20.872,54.359],[20.856,54.359],[20.848,54.361],[20.818,54.36],[20.804,54.362],[20.778,54.365],[20.752,54.367],[20.741,54.369],[20.729,54.369],[20.717,54.369],[20.689,54.372],[20.676,54.371],[20.66,54.372],[20.648,54.371],[20.631,54.366],[20.622,54.371],[20.584,54.378],[20.551,54.38],[20.539,54.381],[20.515,54.381],[20.506,54.383],[20.488,54.384],[20.483,54.385],[20.472,54.385],[20.467,54.386],[20.438,54.388],[20.429,54.389],[20.403,54.393],[20.382,54.394],[20.366,54.396],[20.361,54.396],[20.332,54.401],[20.313,54.402],[20.286,54.404],[20.242,54.408],[20.232,54.408],[20.221,54.409],[20.162,54.415],[20.153,54.415],[20.101,54.419],[20.069,54.422],[20.061,54.422],[20.051,54.423],[20.007,54.425],[19.997,54.426],[19.948,54.43],[19.935,54.432],[19.897,54.434],[19.891,54.435],[19.879,54.436],[19.811,54.442],[19.81,54.442],[19.649,54.453],[19.636,54.392],[19.583,54.375],[19.415,54.32],[19.291,54.299],[19.258,54.282],[19.253,54.27],[19.259,54.267],[19.265,54.265],[19.274,54.261],[19.276,54.259],[19.283,54.256],[19.288,54.255],[19.292,54.25],[19.298,54.248],[19.301,54.244],[19.304,54.236],[19.313,54.229],[19.317,54.226],[19.314,54.219],[19.324,54.211],[19.326,54.207],[19.326,54.199],[19.321,54.192],[19.314,54.189],[19.302,54.189],[19.285,54.186],[19.272,54.179],[19.261,54.176],[19.255,54.173],[19.254,54.17],[19.247,54.167],[19.247,54.161],[19.255,54.159],[19.258,54.155],[19.257,54.15],[19.247,54.141],[19.243,54.132],[19.238,54.127],[19.228,54.122],[19.223,54.12],[19.218,54.116],[19.227,54.115],[19.232,54.112],[19.245,54.096],[19.255,54.086],[19.254,54.084],[19.238,54.081],[19.225,54.077],[19.221,54.07],[19.233,54.064],[19.238,54.065],[19.267,54.051],[19.275,54.053],[19.279,54.049],[19.282,54.042],[19.273,54.042],[19.27,54.041],[19.267,54.037],[19.259,54.036],[19.262,54.029],[19.268,54.025],[19.271,54.024],[19.271,54.018],[19.279,54.013],[19.285,54.014],[19.289,54.017],[19.293,54.025],[19.32,54.027],[19.325,54.02],[19.36,54.005],[19.367,54.006],[19.372,54.002],[19.393,54.001],[19.396,54.003],[19.402,54.001],[19.405,54.002],[19.411,53.999],[19.384,53.99],[19.378,53.985],[19.376,53.979],[19.366,53.961],[19.371,53.954],[19.372,53.949],[19.369,53.938],[19.374,53.935],[19.402,53.934],[19.4,53.93],[19.415,53.927],[19.417,53.926],[19.424,53.929],[19.437,53.932],[19.444,53.935],[19.444,53.937],[19.453,53.939],[19.459,53.942],[19.476,53.944],[19.484,53.943],[19.489,53.947],[19.496,53.945],[19.506,53.945],[19.513,53.947],[19.525,53.946],[19.535,53.944],[19.544,53.946],[19.547,53.946],[19.555,53.948],[19.559,53.947],[19.558,53.944],[19.567,53.943],[19.576,53.948]]]}},{"type":"Feature","properties":{"id":815,"name":"województwo wielkopolskie","bbox":[15.776,51.104,19.104,53.656]},"geometry":{"type":"Polygon","coordinates":[[[16.682,51.705],[16.68,51.699],[16.677,51.699],[16.673,51.693],[16.666,51.697],[16.659,51.697],[16.662,51.694],[16.658,51.689],[16.664,51.689],[16.642,51.683],[16.643,51.682],[16.639,51.678],[16.64,51.672],[16.639,51.666],[16.643,51.661],[16.65,51.658],[16.653,51.658],[16.664,51.656],[16.672,51.657],[16.677,51.658],[16.685,51.656],[16.681,51.647],[16.695,51.648],[16.709,51.647],[16.714,51.649],[16.728,51.647],[16.728,51.643],[16.734,51.642],[16.743,51.645],[16.769,51.645],[16.782,51.641],[16.78,51.635],[16.776,51.631],[16.769,51.629],[16.766,51.628],[16.772,51.614],[16.784,51.611],[16.8,51.604],[16.803,51.601],[16.795,51.6],[16.795,51.592],[16.793,51.591],[16.804,51.586],[16.811,51.587],[16.815,51.584],[16.82,51.577],[16.828,51.572],[16.832,51.576],[16.844,51.577],[16.851,51.58],[16.859,51.58],[16.868,51.579],[16.887,51.581],[16.896,51.578],[16.902,51.574],[16.907,51.569],[16.911,51.563],[16.917,51.558],[16.925,51.555],[16.928,51.552],[16.943,51.552],[16.949,51.553],[16.958,51.553],[16.965,51.549],[16.962,51.545],[16.972,51.544],[16.975,51.548],[16.979,51.545],[16.982,51.551],[16.991,51.55],[17.007,51.549],[17.011,51.55],[17.012,51.554],[17.02,51.555],[17.02,51.553],[17.046,51.556],[17.054,51.545],[17.06,51.546],[17.059,51.552],[17.069,51.552],[17.07,51.555],[17.065,51.566],[17.081,51.571],[17.084,51.569],[17.092,51.572],[17.109,51.576],[17.125,51.565],[17.149,51.567],[17.171,51.57],[17.179,51.574],[17.188,51.576],[17.199,51.575],[17.203,51.568],[17.207,51.567],[17.215,51.574],[17.214,51.581],[17.214,51.586],[17.211,51.59],[17.215,51.594],[17.215,51.599],[17.21,51.603],[17.208,51.611],[17.212,51.615],[17.212,51.62],[17.215,51.63],[17.218,51.631],[17.229,51.634],[17.241,51.634],[17.242,51.637],[17.249,51.64],[17.256,51.64],[17.257,51.643],[17.272,51.643],[17.278,51.644],[17.291,51.644],[17.306,51.646],[17.317,51.646],[17.324,51.648],[17.33,51.648],[17.34,51.645],[17.346,51.645],[17.359,51.643],[17.365,51.64],[17.371,51.639],[17.38,51.636],[17.386,51.635],[17.389,51.636],[17.399,51.634],[17.404,51.633],[17.412,51.631],[17.419,51.631],[17.423,51.632],[17.438,51.633],[17.46,51.628],[17.46,51.626],[17.47,51.626],[17.484,51.618],[17.488,51.616],[17.499,51.616],[17.504,51.609],[17.51,51.609],[17.521,51.606],[17.519,51.602],[17.521,51.596],[17.522,51.59],[17.536,51.589],[17.545,51.586],[17.556,51.584],[17.555,51.579],[17.557,51.576],[17.56,51.575],[17.56,51.57],[17.572,51.567],[17.572,51.555],[17.575,51.549],[17.576,51.54],[17.573,51.537],[17.573,51.53],[17.564,51.524],[17.562,51.522],[17.554,51.517],[17.551,51.518],[17.545,51.516],[17.535,51.516],[17.535,51.514],[17.529,51.513],[17.522,51.515],[17.52,51.511],[17.515,51.511],[17.512,51.506],[17.514,51.502],[17.526,51.5],[17.524,51.494],[17.52,51.492],[17.516,51.488],[17.518,51.486],[17.523,51.485],[17.52,51.476],[17.522,51.473],[17.529,51.47],[17.521,51.462],[17.527,51.457],[17.532,51.452],[17.537,51.45],[17.548,51.443],[17.552,51.435],[17.545,51.428],[17.541,51.421],[17.549,51.419],[17.549,51.417],[17.554,51.413],[17.554,51.411],[17.563,51.406],[17.571,51.405],[17.585,51.41],[17.604,51.409],[17.612,51.42],[17.613,51.423],[17.625,51.419],[17.631,51.422],[17.631,51.423],[17.64,51.424],[17.64,51.421],[17.644,51.419],[17.649,51.418],[17.653,51.413],[17.661,51.41],[17.662,51.412],[17.669,51.416],[17.674,51.415],[17.682,51.411],[17.682,51.409],[17.688,51.408],[17.687,51.405],[17.7,51.402],[17.703,51.399],[17.716,51.402],[17.72,51.405],[17.719,51.408],[17.715,51.412],[17.716,51.414],[17.714,51.419],[17.723,51.423],[17.726,51.421],[17.731,51.421],[17.738,51.419],[17.738,51.416],[17.748,51.415],[17.75,51.411],[17.755,51.407],[17.755,51.403],[17.752,51.398],[17.747,51.398],[17.737,51.4],[17.738,51.395],[17.729,51.396],[17.732,51.391],[17.73,51.386],[17.72,51.386],[17.715,51.371],[17.706,51.372],[17.704,51.367],[17.706,51.364],[17.71,51.364],[17.711,51.359],[17.723,51.359],[17.729,51.354],[17.729,51.352],[17.737,51.348],[17.744,51.347],[17.741,51.339],[17.744,51.336],[17.744,51.329],[17.752,51.324],[17.758,51.323],[17.763,51.32],[17.765,51.316],[17.761,51.315],[17.756,51.311],[17.76,51.31],[17.764,51.306],[17.76,51.302],[17.766,51.301],[17.757,51.294],[17.75,51.291],[17.747,51.286],[17.752,51.284],[17.752,51.281],[17.74,51.277],[17.738,51.276],[17.749,51.27],[17.749,51.267],[17.746,51.264],[17.743,51.257],[17.743,51.255],[17.746,51.25],[17.744,51.247],[17.745,51.242],[17.754,51.235],[17.755,51.23],[17.758,51.227],[17.755,51.221],[17.757,51.216],[17.763,51.21],[17.767,51.204],[17.778,51.198],[17.795,51.194],[17.811,51.19],[17.812,51.188],[17.828,51.193],[17.836,51.192],[17.843,51.189],[17.848,51.184],[17.851,51.172],[17.833,51.143],[17.831,51.137],[17.824,51.14],[17.813,51.138],[17.812,51.132],[17.817,51.132],[17.82,51.121],[17.823,51.118],[17.829,51.119],[17.839,51.116],[17.849,51.117],[17.852,51.112],[17.857,51.114],[17.861,51.115],[17.866,51.113],[17.867,51.111],[17.876,51.112],[17.88,51.105],[17.886,51.104],[17.922,51.114],[17.925,51.111],[17.932,51.113],[17.939,51.109],[17.954,51.113],[17.996,51.122],[18.004,51.122],[18.015,51.127],[18.039,51.131],[18.05,51.135],[18.055,51.139],[18.06,51.142],[18.073,51.145],[18.075,51.147],[18.068,51.15],[18.073,51.153],[18.079,51.153],[18.082,51.155],[18.077,51.157],[18.074,51.155],[18.07,51.156],[18.078,51.166],[18.082,51.166],[18.086,51.164],[18.089,51.159],[18.094,51.157],[18.102,51.159],[18.106,51.154],[18.124,51.169],[18.137,51.172],[18.146,51.171],[18.162,51.175],[18.164,51.173],[18.169,51.18],[18.167,51.181],[18.174,51.192],[18.163,51.192],[18.162,51.206],[18.164,51.206],[18.165,51.212],[18.17,51.212],[18.173,51.218],[18.178,51.219],[18.18,51.223],[18.178,51.224],[18.175,51.231],[18.176,51.236],[18.171,51.242],[18.167,51.243],[18.169,51.246],[18.167,51.251],[18.168,51.257],[18.171,51.261],[18.171,51.271],[18.16,51.274],[18.157,51.273],[18.151,51.273],[18.153,51.264],[18.138,51.264],[18.137,51.27],[18.128,51.269],[18.124,51.265],[18.118,51.265],[18.119,51.262],[18.11,51.26],[18.107,51.263],[18.103,51.268],[18.108,51.269],[18.11,51.273],[18.113,51.273],[18.117,51.277],[18.106,51.282],[18.105,51.286],[18.114,51.285],[18.12,51.287],[18.112,51.29],[18.11,51.293],[18.114,51.297],[18.111,51.305],[18.113,51.311],[18.093,51.326],[18.092,51.327],[18.093,51.341],[18.081,51.346],[18.075,51.35],[18.077,51.352],[18.085,51.354],[18.093,51.358],[18.099,51.362],[18.11,51.359],[18.127,51.358],[18.13,51.362],[18.135,51.361],[18.138,51.378],[18.149,51.391],[18.167,51.389],[18.184,51.388],[18.19,51.387],[18.195,51.39],[18.194,51.392],[18.197,51.395],[18.2,51.396],[18.207,51.402],[18.209,51.406],[18.207,51.41],[18.204,51.414],[18.206,51.417],[18.209,51.418],[18.211,51.423],[18.207,51.428],[18.206,51.433],[18.198,51.436],[18.194,51.437],[18.188,51.441],[18.203,51.444],[18.216,51.448],[18.211,51.452],[18.213,51.454],[18.228,51.452],[18.238,51.448],[18.246,51.444],[18.255,51.439],[18.262,51.438],[18.275,51.435],[18.279,51.433],[18.289,51.43],[18.296,51.43],[18.306,51.426],[18.313,51.425],[18.323,51.422],[18.326,51.42],[18.335,51.426],[18.34,51.43],[18.341,51.441],[18.346,51.447],[18.351,51.449],[18.356,51.457],[18.357,51.46],[18.356,51.464],[18.358,51.467],[18.377,51.473],[18.377,51.475],[18.383,51.477],[18.38,51.518],[18.372,51.523],[18.361,51.531],[18.359,51.536],[18.36,51.54],[18.363,51.542],[18.369,51.544],[18.373,51.547],[18.368,51.55],[18.369,51.556],[18.368,51.562],[18.365,51.564],[18.366,51.568],[18.37,51.57],[18.37,51.573],[18.373,51.577],[18.371,51.581],[18.372,51.587],[18.37,51.591],[18.378,51.592],[18.377,51.6],[18.352,51.601],[18.348,51.601],[18.353,51.607],[18.368,51.617],[18.365,51.621],[18.365,51.624],[18.358,51.626],[18.35,51.627],[18.354,51.63],[18.353,51.634],[18.362,51.634],[18.37,51.634],[18.375,51.638],[18.38,51.647],[18.381,51.652],[18.369,51.658],[18.356,51.661],[18.358,51.667],[18.358,51.672],[18.361,51.679],[18.364,51.682],[18.38,51.684],[18.379,51.689],[18.385,51.695],[18.388,51.695],[18.397,51.696],[18.396,51.698],[18.393,51.701],[18.403,51.7],[18.412,51.701],[18.414,51.705],[18.41,51.706],[18.411,51.71],[18.411,51.716],[18.404,51.72],[18.401,51.724],[18.407,51.724],[18.408,51.727],[18.416,51.726],[18.421,51.727],[18.423,51.736],[18.42,51.741],[18.416,51.745],[18.405,51.747],[18.405,51.75],[18.417,51.749],[18.42,51.757],[18.422,51.758],[18.43,51.757],[18.433,51.765],[18.429,51.773],[18.426,51.774],[18.425,51.778],[18.42,51.78],[18.417,51.785],[18.412,51.788],[18.409,51.792],[18.424,51.793],[18.425,51.801],[18.429,51.802],[18.426,51.795],[18.426,51.792],[18.437,51.794],[18.437,51.798],[18.444,51.798],[18.442,51.804],[18.444,51.806],[18.441,51.809],[18.443,51.817],[18.439,51.826],[18.447,51.827],[18.456,51.825],[18.464,51.821],[18.472,51.82],[18.468,51.825],[18.467,51.832],[18.464,51.835],[18.465,51.838],[18.469,51.839],[18.471,51.842],[18.469,51.845],[18.472,51.851],[18.484,51.85],[18.493,51.851],[18.494,51.852],[18.507,51.854],[18.51,51.85],[18.509,51.842],[18.515,51.835],[18.521,51.834],[18.534,51.836],[18.534,51.841],[18.54,51.843],[18.546,51.843],[18.549,51.845],[18.559,51.845],[18.569,51.844],[18.579,51.846],[18.589,51.846],[18.595,51.848],[18.6,51.846],[18.608,51.841],[18.613,51.835],[18.63,51.831],[18.642,51.834],[18.648,51.827],[18.665,51.826],[18.671,51.824],[18.677,51.824],[18.684,51.821],[18.689,51.822],[18.689,51.827],[18.69,51.828],[18.687,51.833],[18.691,51.834],[18.693,51.845],[18.696,51.847],[18.695,51.85],[18.7,51.85],[18.701,51.853],[18.699,51.857],[18.697,51.866],[18.709,51.871],[18.713,51.869],[18.718,51.871],[18.721,51.873],[18.721,51.877],[18.728,51.886],[18.732,51.888],[18.735,51.892],[18.735,51.895],[18.739,51.899],[18.736,51.901],[18.749,51.908],[18.751,51.911],[18.754,51.913],[18.757,51.917],[18.761,51.922],[18.766,51.925],[18.768,51.928],[18.743,51.937],[18.745,51.94],[18.741,51.945],[18.736,51.945],[18.741,51.951],[18.738,51.963],[18.73,51.955],[18.728,51.958],[18.724,51.958],[18.715,51.968],[18.716,51.97],[18.733,51.968],[18.732,51.977],[18.733,51.979],[18.731,51.985],[18.726,51.985],[18.721,51.988],[18.722,51.99],[18.717,51.993],[18.718,51.995],[18.735,52.003],[18.731,52.004],[18.73,52.007],[18.726,52.013],[18.73,52.014],[18.727,52.021],[18.715,52.034],[18.718,52.037],[18.719,52.04],[18.717,52.044],[18.718,52.048],[18.722,52.054],[18.722,52.056],[18.719,52.06],[18.72,52.063],[18.718,52.066],[18.724,52.065],[18.753,52.076],[18.754,52.074],[18.76,52.072],[18.764,52.067],[18.772,52.064],[18.787,52.061],[18.795,52.061],[18.797,52.063],[18.804,52.066],[18.814,52.068],[18.819,52.07],[18.819,52.065],[18.828,52.064],[18.84,52.072],[18.842,52.08],[18.853,52.081],[18.852,52.085],[18.861,52.086],[18.867,52.088],[18.872,52.085],[18.877,52.085],[18.884,52.081],[18.892,52.081],[18.902,52.084],[18.904,52.08],[18.914,52.08],[18.918,52.079],[18.925,52.079],[18.929,52.091],[18.931,52.104],[18.935,52.104],[18.94,52.101],[18.944,52.103],[18.944,52.106],[18.95,52.119],[18.947,52.125],[18.943,52.125],[18.943,52.128],[18.932,52.123],[18.919,52.129],[18.913,52.13],[18.911,52.133],[18.909,52.141],[18.909,52.153],[18.91,52.156],[18.916,52.161],[18.916,52.174],[18.918,52.186],[18.924,52.196],[18.928,52.196],[18.931,52.199],[18.94,52.197],[18.943,52.199],[18.951,52.195],[18.964,52.206],[18.964,52.202],[18.97,52.203],[18.97,52.206],[18.981,52.208],[18.992,52.214],[19,52.211],[19.02,52.215],[19.052,52.213],[19.078,52.2],[19.09,52.207],[19.082,52.223],[19.073,52.223],[19.071,52.228],[19.074,52.23],[19.08,52.231],[19.081,52.238],[19.096,52.24],[19.102,52.243],[19.104,52.246],[19.101,52.249],[19.102,52.254],[19.1,52.266],[19.095,52.271],[19.088,52.27],[19.075,52.271],[19.074,52.273],[19.06,52.272],[19.055,52.274],[19.048,52.273],[19.045,52.271],[19.031,52.27],[19.03,52.273],[19.038,52.28],[19.042,52.291],[19.046,52.296],[19.039,52.299],[19.036,52.315],[19.031,52.318],[19.045,52.318],[19.047,52.326],[19.047,52.333],[19.033,52.333],[19.029,52.332],[19.02,52.338],[19.013,52.339],[19.005,52.34],[19.008,52.349],[18.999,52.353],[18.982,52.357],[18.969,52.355],[18.967,52.361],[18.98,52.365],[18.974,52.37],[18.977,52.371],[18.975,52.375],[18.969,52.378],[18.965,52.377],[18.953,52.379],[18.947,52.383],[18.94,52.39],[18.941,52.392],[18.932,52.394],[18.924,52.4],[18.921,52.399],[18.924,52.388],[18.928,52.383],[18.929,52.378],[18.921,52.376],[18.911,52.378],[18.913,52.366],[18.901,52.364],[18.893,52.363],[18.889,52.361],[18.884,52.361],[18.88,52.364],[18.874,52.361],[18.87,52.36],[18.856,52.348],[18.851,52.349],[18.836,52.343],[18.83,52.345],[18.828,52.344],[18.824,52.348],[18.819,52.347],[18.814,52.352],[18.787,52.342],[18.78,52.342],[18.779,52.334],[18.771,52.334],[18.766,52.336],[18.76,52.336],[18.761,52.334],[18.755,52.333],[18.752,52.338],[18.753,52.345],[18.751,52.346],[18.753,52.359],[18.753,52.363],[18.747,52.364],[18.739,52.369],[18.74,52.374],[18.733,52.374],[18.732,52.38],[18.727,52.384],[18.725,52.389],[18.721,52.39],[18.715,52.399],[18.712,52.401],[18.696,52.4],[18.681,52.4],[18.68,52.403],[18.683,52.408],[18.682,52.412],[18.677,52.418],[18.685,52.428],[18.677,52.423],[18.67,52.422],[18.67,52.424],[18.658,52.422],[18.658,52.424],[18.654,52.433],[18.651,52.436],[18.65,52.45],[18.643,52.453],[18.632,52.454],[18.627,52.456],[18.608,52.456],[18.602,52.464],[18.596,52.467],[18.593,52.469],[18.59,52.468],[18.589,52.462],[18.574,52.464],[18.572,52.465],[18.56,52.463],[18.563,52.473],[18.56,52.484],[18.558,52.485],[18.548,52.484],[18.543,52.486],[18.539,52.483],[18.536,52.483],[18.539,52.487],[18.54,52.491],[18.533,52.491],[18.53,52.494],[18.532,52.497],[18.526,52.499],[18.498,52.502],[18.491,52.505],[18.486,52.503],[18.486,52.498],[18.473,52.492],[18.473,52.489],[18.462,52.49],[18.466,52.485],[18.467,52.481],[18.463,52.477],[18.449,52.478],[18.441,52.481],[18.437,52.479],[18.432,52.48],[18.423,52.48],[18.42,52.473],[18.409,52.473],[18.403,52.47],[18.4,52.474],[18.395,52.473],[18.392,52.47],[18.387,52.472],[18.384,52.475],[18.387,52.485],[18.384,52.492],[18.375,52.504],[18.378,52.518],[18.381,52.522],[18.387,52.524],[18.388,52.527],[18.385,52.53],[18.386,52.532],[18.377,52.536],[18.377,52.537],[18.373,52.538],[18.353,52.543],[18.34,52.537],[18.34,52.53],[18.343,52.528],[18.346,52.524],[18.342,52.521],[18.331,52.516],[18.317,52.508],[18.306,52.503],[18.301,52.502],[18.299,52.499],[18.295,52.5],[18.276,52.491],[18.272,52.487],[18.266,52.486],[18.26,52.481],[18.245,52.487],[18.241,52.488],[18.235,52.485],[18.22,52.483],[18.211,52.484],[18.205,52.483],[18.2,52.486],[18.2,52.493],[18.203,52.501],[18.199,52.505],[18.183,52.504],[18.167,52.507],[18.159,52.509],[18.155,52.509],[18.15,52.507],[18.147,52.508],[18.138,52.505],[18.133,52.506],[18.125,52.507],[18.123,52.511],[18.124,52.516],[18.106,52.514],[18.09,52.521],[18.093,52.524],[18.092,52.532],[18.1,52.533],[18.101,52.537],[18.107,52.539],[18.105,52.545],[18.095,52.553],[18.088,52.552],[18.082,52.553],[18.077,52.552],[18.064,52.552],[18.063,52.548],[18.059,52.548],[18.06,52.543],[18.051,52.545],[18.052,52.547],[18.034,52.55],[18.032,52.552],[18.023,52.555],[18.003,52.555],[17.998,52.55],[17.998,52.542],[17.987,52.543],[17.99,52.55],[17.987,52.553],[17.985,52.555],[17.992,52.564],[17.99,52.571],[17.988,52.576],[17.984,52.573],[17.986,52.568],[17.982,52.567],[17.976,52.568],[17.974,52.563],[17.965,52.567],[17.972,52.567],[17.971,52.57],[17.97,52.576],[17.96,52.575],[17.961,52.571],[17.955,52.57],[17.953,52.568],[17.946,52.569],[17.946,52.578],[17.933,52.583],[17.937,52.587],[17.934,52.588],[17.929,52.584],[17.929,52.58],[17.932,52.579],[17.931,52.576],[17.933,52.571],[17.925,52.572],[17.925,52.574],[17.916,52.576],[17.918,52.581],[17.912,52.583],[17.904,52.583],[17.901,52.586],[17.909,52.595],[17.91,52.604],[17.909,52.608],[17.9,52.614],[17.891,52.62],[17.876,52.629],[17.877,52.634],[17.87,52.631],[17.862,52.63],[17.852,52.629],[17.846,52.628],[17.825,52.635],[17.829,52.636],[17.827,52.643],[17.818,52.641],[17.812,52.645],[17.802,52.647],[17.794,52.65],[17.79,52.649],[17.787,52.652],[17.78,52.649],[17.777,52.636],[17.768,52.636],[17.762,52.635],[17.759,52.638],[17.763,52.64],[17.767,52.639],[17.76,52.649],[17.765,52.656],[17.761,52.657],[17.758,52.654],[17.745,52.65],[17.738,52.651],[17.727,52.644],[17.722,52.643],[17.716,52.64],[17.724,52.633],[17.726,52.636],[17.733,52.636],[17.745,52.642],[17.746,52.635],[17.749,52.633],[17.741,52.63],[17.738,52.627],[17.721,52.62],[17.719,52.617],[17.709,52.612],[17.704,52.604],[17.698,52.612],[17.696,52.609],[17.691,52.606],[17.691,52.603],[17.678,52.602],[17.677,52.615],[17.677,52.618],[17.682,52.624],[17.682,52.627],[17.675,52.64],[17.677,52.644],[17.682,52.647],[17.678,52.649],[17.666,52.647],[17.647,52.645],[17.638,52.649],[17.631,52.654],[17.636,52.661],[17.639,52.664],[17.636,52.671],[17.632,52.672],[17.631,52.679],[17.641,52.683],[17.647,52.689],[17.64,52.692],[17.632,52.702],[17.631,52.704],[17.628,52.708],[17.619,52.706],[17.615,52.703],[17.6,52.705],[17.594,52.705],[17.581,52.705],[17.577,52.698],[17.578,52.695],[17.573,52.692],[17.568,52.693],[17.558,52.689],[17.546,52.691],[17.529,52.682],[17.523,52.678],[17.524,52.673],[17.517,52.674],[17.513,52.673],[17.506,52.673],[17.501,52.685],[17.497,52.684],[17.49,52.684],[17.488,52.688],[17.482,52.688],[17.485,52.682],[17.474,52.681],[17.467,52.68],[17.472,52.686],[17.471,52.692],[17.475,52.696],[17.473,52.703],[17.478,52.707],[17.486,52.705],[17.495,52.704],[17.5,52.709],[17.5,52.711],[17.48,52.711],[17.479,52.715],[17.482,52.72],[17.488,52.722],[17.488,52.73],[17.479,52.732],[17.469,52.734],[17.471,52.737],[17.459,52.739],[17.456,52.742],[17.45,52.744],[17.44,52.75],[17.429,52.752],[17.419,52.751],[17.416,52.755],[17.41,52.757],[17.408,52.762],[17.414,52.762],[17.414,52.767],[17.421,52.765],[17.423,52.767],[17.411,52.769],[17.408,52.771],[17.413,52.778],[17.411,52.785],[17.416,52.784],[17.427,52.786],[17.432,52.784],[17.443,52.788],[17.453,52.797],[17.46,52.79],[17.46,52.787],[17.474,52.788],[17.484,52.786],[17.497,52.785],[17.503,52.787],[17.507,52.794],[17.51,52.796],[17.505,52.799],[17.507,52.801],[17.505,52.804],[17.514,52.812],[17.514,52.818],[17.521,52.822],[17.52,52.827],[17.512,52.832],[17.516,52.839],[17.514,52.845],[17.513,52.855],[17.521,52.855],[17.527,52.858],[17.525,52.864],[17.526,52.869],[17.525,52.871],[17.524,52.876],[17.526,52.878],[17.528,52.885],[17.518,52.886],[17.518,52.888],[17.519,52.897],[17.515,52.902],[17.513,52.909],[17.51,52.918],[17.515,52.922],[17.519,52.928],[17.507,52.93],[17.498,52.933],[17.491,52.946],[17.484,52.95],[17.475,52.948],[17.464,52.949],[17.456,52.952],[17.449,52.957],[17.434,52.962],[17.425,52.968],[17.421,52.969],[17.411,52.971],[17.395,52.982],[17.369,52.973],[17.36,52.975],[17.349,52.973],[17.317,52.974],[17.319,52.987],[17.317,52.99],[17.311,52.993],[17.302,52.995],[17.304,52.997],[17.306,53.004],[17.309,53.006],[17.314,53.013],[17.313,53.017],[17.318,53.021],[17.322,53.018],[17.329,53.018],[17.332,53.019],[17.335,53.026],[17.337,53.043],[17.331,53.051],[17.329,53.061],[17.324,53.075],[17.324,53.078],[17.332,53.077],[17.338,53.079],[17.35,53.085],[17.357,53.087],[17.361,53.117],[17.36,53.124],[17.357,53.124],[17.353,53.131],[17.364,53.133],[17.369,53.132],[17.384,53.133],[17.387,53.134],[17.387,53.138],[17.39,53.138],[17.39,53.144],[17.374,53.149],[17.353,53.151],[17.353,53.155],[17.339,53.155],[17.347,53.164],[17.337,53.171],[17.335,53.179],[17.337,53.184],[17.341,53.188],[17.347,53.196],[17.344,53.198],[17.347,53.2],[17.334,53.209],[17.321,53.212],[17.322,53.216],[17.329,53.214],[17.334,53.215],[17.332,53.218],[17.34,53.22],[17.363,53.223],[17.369,53.227],[17.39,53.228],[17.398,53.227],[17.409,53.227],[17.417,53.231],[17.413,53.241],[17.428,53.246],[17.422,53.252],[17.424,53.255],[17.431,53.26],[17.433,53.263],[17.439,53.268],[17.425,53.278],[17.42,53.283],[17.411,53.287],[17.407,53.282],[17.396,53.288],[17.392,53.291],[17.397,53.293],[17.389,53.297],[17.385,53.307],[17.381,53.306],[17.38,53.31],[17.375,53.313],[17.369,53.314],[17.366,53.318],[17.36,53.318],[17.355,53.321],[17.353,53.324],[17.358,53.327],[17.355,53.329],[17.354,53.334],[17.346,53.336],[17.342,53.337],[17.339,53.342],[17.341,53.345],[17.338,53.348],[17.332,53.349],[17.325,53.347],[17.311,53.352],[17.3,53.352],[17.291,53.354],[17.275,53.36],[17.261,53.364],[17.257,53.363],[17.258,53.366],[17.253,53.369],[17.248,53.376],[17.248,53.38],[17.259,53.381],[17.263,53.386],[17.27,53.389],[17.274,53.39],[17.277,53.393],[17.285,53.394],[17.289,53.397],[17.291,53.401],[17.296,53.406],[17.291,53.418],[17.295,53.419],[17.295,53.422],[17.301,53.423],[17.31,53.427],[17.314,53.431],[17.32,53.433],[17.324,53.433],[17.331,53.436],[17.338,53.446],[17.339,53.449],[17.345,53.453],[17.352,53.453],[17.363,53.459],[17.368,53.462],[17.373,53.467],[17.382,53.469],[17.392,53.489],[17.391,53.491],[17.387,53.491],[17.387,53.497],[17.379,53.497],[17.373,53.495],[17.363,53.497],[17.351,53.493],[17.349,53.496],[17.341,53.495],[17.337,53.498],[17.34,53.502],[17.335,53.503],[17.327,53.503],[17.324,53.513],[17.306,53.513],[17.31,53.525],[17.303,53.529],[17.296,53.525],[17.291,53.529],[17.282,53.534],[17.278,53.535],[17.272,53.535],[17.268,53.537],[17.26,53.535],[17.255,53.533],[17.245,53.531],[17.231,53.534],[17.226,53.533],[17.215,53.534],[17.208,53.536],[17.197,53.532],[17.189,53.534],[17.184,53.534],[17.174,53.533],[17.164,53.528],[17.161,53.528],[17.149,53.529],[17.143,53.531],[17.139,53.534],[17.132,53.536],[17.117,53.537],[17.106,53.541],[17.101,53.543],[17.09,53.543],[17.081,53.536],[17.073,53.532],[17.065,53.523],[17.059,53.52],[17.049,53.52],[17.038,53.517],[17.031,53.516],[17.026,53.518],[17.023,53.517],[17.012,53.52],[17.007,53.518],[17,53.518],[16.998,53.521],[17.001,53.525],[16.993,53.526],[16.991,53.529],[16.994,53.532],[17.006,53.535],[17.001,53.552],[16.994,53.552],[16.981,53.557],[16.976,53.553],[16.97,53.55],[16.97,53.548],[16.957,53.548],[16.952,53.543],[16.949,53.549],[16.95,53.557],[16.939,53.572],[16.941,53.584],[16.931,53.588],[16.912,53.608],[16.91,53.613],[16.906,53.613],[16.903,53.618],[16.897,53.621],[16.902,53.626],[16.901,53.628],[16.894,53.628],[16.899,53.634],[16.896,53.635],[16.9,53.641],[16.892,53.656],[16.882,53.654],[16.88,53.652],[16.87,53.648],[16.867,53.65],[16.853,53.638],[16.855,53.632],[16.849,53.627],[16.841,53.626],[16.837,53.63],[16.831,53.635],[16.829,53.64],[16.826,53.643],[16.815,53.641],[16.813,53.638],[16.816,53.635],[16.814,53.631],[16.795,53.629],[16.775,53.627],[16.767,53.625],[16.758,53.624],[16.763,53.618],[16.759,53.616],[16.754,53.611],[16.749,53.601],[16.742,53.6],[16.744,53.596],[16.743,53.591],[16.74,53.588],[16.74,53.584],[16.746,53.576],[16.74,53.567],[16.736,53.566],[16.733,53.569],[16.728,53.567],[16.725,53.561],[16.727,53.555],[16.719,53.546],[16.719,53.537],[16.717,53.534],[16.726,53.53],[16.726,53.529],[16.721,53.526],[16.722,53.522],[16.716,53.521],[16.711,53.516],[16.706,53.515],[16.698,53.516],[16.695,53.518],[16.679,53.506],[16.667,53.498],[16.655,53.491],[16.652,53.487],[16.642,53.484],[16.634,53.486],[16.622,53.486],[16.615,53.483],[16.597,53.484],[16.589,53.482],[16.584,53.484],[16.58,53.479],[16.561,53.479],[16.532,53.478],[16.501,53.473],[16.49,53.47],[16.482,53.477],[16.454,53.488],[16.436,53.461],[16.44,53.459],[16.447,53.459],[16.451,53.461],[16.457,53.46],[16.464,53.457],[16.46,53.453],[16.452,53.453],[16.447,53.455],[16.444,53.453],[16.467,53.404],[16.472,53.405],[16.474,53.4],[16.477,53.398],[16.475,53.39],[16.483,53.385],[16.496,53.383],[16.499,53.385],[16.505,53.383],[16.51,53.38],[16.508,53.376],[16.526,53.367],[16.529,53.37],[16.533,53.376],[16.535,53.378],[16.539,53.375],[16.538,53.373],[16.543,53.369],[16.541,53.366],[16.547,53.363],[16.551,53.359],[16.551,53.356],[16.559,53.355],[16.563,53.353],[16.572,53.359],[16.574,53.354],[16.585,53.347],[16.594,53.345],[16.607,53.345],[16.624,53.346],[16.629,53.346],[16.632,53.343],[16.629,53.339],[16.637,53.337],[16.638,53.333],[16.636,53.331],[16.637,53.329],[16.645,53.329],[16.648,53.326],[16.654,53.325],[16.657,53.321],[16.671,53.318],[16.676,53.32],[16.682,53.317],[16.681,53.312],[16.686,53.308],[16.693,53.308],[16.697,53.305],[16.695,53.303],[16.699,53.301],[16.705,53.304],[16.713,53.302],[16.714,53.299],[16.676,53.291],[16.675,53.29],[16.663,53.279],[16.657,53.279],[16.651,53.281],[16.65,53.277],[16.656,53.271],[16.657,53.267],[16.646,53.268],[16.63,53.26],[16.635,53.26],[16.645,53.256],[16.636,53.253],[16.629,53.249],[16.623,53.239],[16.621,53.234],[16.632,53.234],[16.635,53.228],[16.625,53.226],[16.635,53.22],[16.63,53.218],[16.62,53.214],[16.626,53.209],[16.621,53.206],[16.613,53.209],[16.61,53.209],[16.596,53.218],[16.6,53.223],[16.596,53.228],[16.589,53.228],[16.58,53.227],[16.577,53.231],[16.569,53.23],[16.559,53.233],[16.559,53.229],[16.551,53.223],[16.556,53.221],[16.545,53.217],[16.536,53.22],[16.529,53.215],[16.531,53.207],[16.54,53.201],[16.528,53.2],[16.528,53.198],[16.522,53.19],[16.521,53.186],[16.51,53.182],[16.501,53.173],[16.501,53.167],[16.5,53.163],[16.484,53.164],[16.476,53.17],[16.472,53.17],[16.455,53.164],[16.456,53.163],[16.449,53.16],[16.447,53.155],[16.445,53.154],[16.437,53.157],[16.433,53.156],[16.425,53.151],[16.425,53.149],[16.417,53.149],[16.413,53.156],[16.405,53.159],[16.41,53.164],[16.399,53.164],[16.397,53.16],[16.392,53.158],[16.396,53.154],[16.398,53.148],[16.393,53.143],[16.391,53.14],[16.391,53.131],[16.384,53.13],[16.375,53.127],[16.372,53.128],[16.363,53.123],[16.367,53.121],[16.36,53.114],[16.355,53.113],[16.346,53.112],[16.346,53.109],[16.351,53.105],[16.355,53.099],[16.356,53.096],[16.359,53.093],[16.36,53.091],[16.364,53.082],[16.364,53.078],[16.361,53.076],[16.351,53.073],[16.344,53.067],[16.339,53.06],[16.334,53.06],[16.33,53.057],[16.324,53.058],[16.324,53.05],[16.316,53.051],[16.313,53.05],[16.31,53.046],[16.317,53.044],[16.317,53.037],[16.295,53.038],[16.286,53.041],[16.288,53.044],[16.277,53.046],[16.271,53.049],[16.267,53.048],[16.252,53.046],[16.229,53.039],[16.207,53.036],[16.186,53.034],[16.161,53.024],[16.153,53.02],[16.138,53.014],[16.125,53.012],[16.115,53.012],[16.094,53.016],[16.084,53.014],[16.074,53.016],[16.069,53.018],[16.055,53.022],[16.045,53.029],[16.037,53.031],[16.033,53.033],[16.023,53.036],[16.018,53.035],[16.007,53.034],[16.002,53.036],[15.975,53.04],[15.972,53.04],[15.962,53.041],[15.955,53.04],[15.955,53.036],[15.952,53.033],[15.957,53.031],[15.958,53.023],[15.955,53.017],[15.957,53.012],[15.953,53.007],[15.954,53.002],[15.95,52.998],[15.951,52.992],[15.955,52.989],[15.954,52.978],[15.955,52.975],[15.952,52.972],[15.962,52.969],[15.96,52.965],[15.962,52.963],[15.96,52.96],[15.961,52.957],[15.965,52.954],[15.967,52.95],[15.97,52.949],[15.97,52.945],[15.979,52.937],[15.979,52.933],[15.973,52.93],[15.978,52.922],[15.979,52.912],[15.973,52.904],[15.974,52.902],[15.968,52.899],[15.974,52.895],[15.974,52.888],[15.978,52.886],[15.976,52.884],[15.979,52.881],[15.976,52.873],[15.963,52.874],[15.961,52.869],[15.969,52.868],[15.972,52.867],[15.974,52.859],[15.966,52.856],[15.968,52.854],[15.96,52.854],[15.953,52.856],[15.946,52.854],[15.952,52.843],[15.923,52.831],[15.919,52.841],[15.902,52.835],[15.901,52.833],[15.905,52.827],[15.897,52.826],[15.897,52.821],[15.895,52.819],[15.896,52.815],[15.893,52.813],[15.903,52.806],[15.912,52.806],[15.912,52.804],[15.917,52.804],[15.927,52.802],[15.934,52.804],[15.935,52.793],[15.938,52.786],[15.926,52.784],[15.927,52.778],[15.933,52.774],[15.938,52.768],[15.936,52.766],[15.942,52.759],[15.947,52.755],[15.946,52.751],[15.947,52.749],[15.948,52.736],[15.945,52.729],[15.94,52.727],[15.937,52.727],[15.929,52.726],[15.92,52.723],[15.906,52.714],[15.899,52.714],[15.886,52.715],[15.866,52.71],[15.853,52.709],[15.846,52.709],[15.837,52.706],[15.828,52.708],[15.823,52.708],[15.818,52.709],[15.811,52.71],[15.795,52.709],[15.793,52.707],[15.796,52.704],[15.8,52.695],[15.804,52.694],[15.807,52.685],[15.813,52.68],[15.814,52.668],[15.793,52.665],[15.786,52.668],[15.782,52.662],[15.783,52.653],[15.778,52.65],[15.78,52.644],[15.776,52.638],[15.78,52.637],[15.793,52.637],[15.796,52.635],[15.794,52.627],[15.799,52.622],[15.786,52.622],[15.784,52.619],[15.796,52.608],[15.796,52.606],[15.806,52.604],[15.807,52.597],[15.814,52.593],[15.82,52.592],[15.821,52.589],[15.827,52.589],[15.833,52.586],[15.828,52.583],[15.83,52.578],[15.826,52.576],[15.824,52.571],[15.825,52.567],[15.832,52.566],[15.844,52.557],[15.844,52.554],[15.849,52.553],[15.856,52.549],[15.859,52.544],[15.849,52.537],[15.835,52.529],[15.843,52.525],[15.849,52.517],[15.856,52.515],[15.863,52.51],[15.877,52.511],[15.876,52.507],[15.871,52.505],[15.868,52.502],[15.874,52.495],[15.879,52.496],[15.885,52.488],[15.884,52.483],[15.889,52.475],[15.892,52.473],[15.893,52.468],[15.89,52.465],[15.886,52.465],[15.879,52.472],[15.88,52.465],[15.884,52.466],[15.888,52.461],[15.893,52.46],[15.893,52.457],[15.897,52.451],[15.896,52.447],[15.875,52.443],[15.879,52.437],[15.869,52.435],[15.862,52.44],[15.857,52.439],[15.856,52.433],[15.846,52.431],[15.841,52.434],[15.837,52.434],[15.831,52.435],[15.833,52.444],[15.828,52.451],[15.816,52.447],[15.81,52.444],[15.804,52.443],[15.806,52.437],[15.809,52.436],[15.817,52.427],[15.824,52.422],[15.827,52.422],[15.831,52.417],[15.835,52.415],[15.84,52.406],[15.844,52.403],[15.85,52.402],[15.861,52.403],[15.87,52.398],[15.884,52.394],[15.895,52.394],[15.9,52.391],[15.899,52.388],[15.9,52.383],[15.896,52.381],[15.888,52.372],[15.891,52.368],[15.888,52.367],[15.89,52.354],[15.889,52.352],[15.881,52.352],[15.881,52.343],[15.887,52.338],[15.888,52.334],[15.883,52.33],[15.882,52.327],[15.886,52.324],[15.89,52.318],[15.89,52.308],[15.882,52.307],[15.884,52.304],[15.879,52.298],[15.878,52.294],[15.881,52.29],[15.88,52.288],[15.881,52.284],[15.871,52.281],[15.871,52.277],[15.866,52.272],[15.859,52.267],[15.857,52.267],[15.852,52.262],[15.855,52.261],[15.851,52.256],[15.858,52.248],[15.859,52.238],[15.859,52.233],[15.861,52.227],[15.85,52.213],[15.853,52.21],[15.861,52.198],[15.86,52.195],[15.86,52.191],[15.858,52.188],[15.861,52.183],[15.862,52.177],[15.859,52.174],[15.858,52.169],[15.867,52.168],[15.869,52.166],[15.882,52.162],[15.881,52.156],[15.884,52.156],[15.881,52.147],[15.879,52.144],[15.875,52.13],[15.867,52.129],[15.862,52.125],[15.855,52.122],[15.854,52.118],[15.849,52.114],[15.833,52.111],[15.834,52.108],[15.845,52.098],[15.848,52.099],[15.853,52.095],[15.86,52.086],[15.865,52.086],[15.877,52.088],[15.886,52.084],[15.89,52.084],[15.898,52.078],[15.898,52.077],[15.921,52.069],[15.924,52.067],[15.927,52.077],[15.93,52.08],[15.933,52.084],[15.932,52.088],[15.941,52.088],[15.947,52.087],[15.967,52.082],[15.972,52.077],[15.97,52.075],[15.976,52.074],[15.983,52.07],[15.986,52.07],[15.988,52.067],[15.987,52.065],[15.989,52.061],[15.997,52.059],[16,52.06],[16.006,52.054],[16.001,52.054],[15.992,52.05],[15.989,52.043],[15.993,52.035],[15.964,52.034],[15.966,52.031],[15.966,52.027],[15.965,52.018],[15.968,52.014],[15.969,52.007],[15.969,52.003],[15.975,51.998],[15.984,51.998],[15.987,51.998],[15.985,52.004],[15.996,52],[16.003,51.996],[16.006,51.993],[16.011,51.981],[16.032,51.978],[16.049,51.978],[16.061,51.977],[16.079,51.983],[16.084,51.987],[16.093,51.99],[16.106,51.997],[16.123,51.993],[16.121,51.992],[16.124,51.985],[16.13,51.979],[16.133,51.972],[16.131,51.972],[16.135,51.967],[16.135,51.961],[16.137,51.954],[16.124,51.951],[16.131,51.944],[16.126,51.942],[16.129,51.939],[16.126,51.934],[16.127,51.932],[16.134,51.932],[16.138,51.925],[16.132,51.92],[16.133,51.917],[16.125,51.916],[16.118,51.912],[16.109,51.904],[16.103,51.905],[16.099,51.902],[16.103,51.893],[16.106,51.896],[16.123,51.896],[16.134,51.896],[16.14,51.894],[16.144,51.895],[16.153,51.892],[16.162,51.892],[16.162,51.89],[16.169,51.884],[16.172,51.883],[16.181,51.883],[16.193,51.885],[16.194,51.88],[16.2,51.872],[16.215,51.87],[16.224,51.875],[16.229,51.876],[16.234,51.881],[16.244,51.888],[16.246,51.891],[16.246,51.896],[16.248,51.901],[16.267,51.898],[16.273,51.895],[16.279,51.898],[16.278,51.9],[16.287,51.9],[16.293,51.895],[16.3,51.893],[16.308,51.888],[16.313,51.886],[16.321,51.887],[16.334,51.884],[16.352,51.881],[16.346,51.875],[16.337,51.875],[16.335,51.871],[16.341,51.869],[16.351,51.863],[16.358,51.857],[16.37,51.855],[16.381,51.85],[16.387,51.846],[16.379,51.839],[16.401,51.838],[16.399,51.836],[16.4,51.83],[16.395,51.823],[16.394,51.82],[16.401,51.814],[16.402,51.811],[16.401,51.804],[16.393,51.796],[16.39,51.795],[16.389,51.791],[16.393,51.787],[16.399,51.79],[16.411,51.784],[16.416,51.785],[16.425,51.785],[16.43,51.785],[16.438,51.786],[16.449,51.788],[16.464,51.784],[16.47,51.786],[16.477,51.786],[16.485,51.782],[16.495,51.781],[16.531,51.781],[16.54,51.781],[16.545,51.78],[16.542,51.776],[16.544,51.774],[16.541,51.771],[16.54,51.767],[16.544,51.766],[16.577,51.769],[16.58,51.766],[16.581,51.752],[16.586,51.751],[16.595,51.751],[16.6,51.746],[16.612,51.745],[16.619,51.745],[16.623,51.747],[16.633,51.748],[16.635,51.749],[16.64,51.747],[16.648,51.744],[16.647,51.741],[16.64,51.735],[16.64,51.732],[16.646,51.729],[16.644,51.725],[16.645,51.722],[16.65,51.72],[16.66,51.713],[16.667,51.711],[16.675,51.71],[16.682,51.708],[16.682,51.705]]]}},{"type":"Feature","properties":{"id":816,"name":"województwo zachodniopomorskie","bbox":[14.123,52.625,16.982,54.571]},"geometry":{"type":"Polygon","coordinates":[[[14.445,53.274],[14.444,53.272],[14.449,53.267],[14.451,53.262],[14.45,53.259],[14.443,53.256],[14.436,53.25],[14.434,53.242],[14.429,53.238],[14.421,53.234],[14.409,53.223],[14.408,53.214],[14.406,53.211],[14.402,53.208],[14.397,53.206],[14.384,53.205],[14.377,53.202],[14.375,53.188],[14.37,53.182],[14.37,53.18],[14.366,53.172],[14.37,53.164],[14.37,53.161],[14.374,53.154],[14.387,53.142],[14.383,53.137],[14.384,53.134],[14.381,53.124],[14.381,53.117],[14.378,53.112],[14.37,53.105],[14.371,53.096],[14.37,53.088],[14.366,53.079],[14.359,53.072],[14.358,53.068],[14.352,53.059],[14.349,53.057],[14.345,53.052],[14.338,53.047],[14.329,53.043],[14.323,53.042],[14.321,53.039],[14.312,53.036],[14.309,53.031],[14.299,53.026],[14.292,53.02],[14.282,53.016],[14.273,53.012],[14.258,53.002],[14.25,53],[14.242,52.996],[14.236,52.993],[14.231,52.993],[14.22,52.989],[14.209,52.988],[14.199,52.985],[14.194,52.981],[14.183,52.978],[14.175,52.976],[14.168,52.973],[14.166,52.969],[14.162,52.965],[14.149,52.964],[14.144,52.961],[14.143,52.958],[14.139,52.952],[14.143,52.947],[14.144,52.943],[14.142,52.94],[14.143,52.933],[14.146,52.928],[14.147,52.921],[14.15,52.917],[14.152,52.906],[14.152,52.901],[14.154,52.897],[14.157,52.895],[14.162,52.888],[14.158,52.881],[14.159,52.876],[14.155,52.872],[14.148,52.866],[14.139,52.86],[14.133,52.855],[14.13,52.853],[14.124,52.845],[14.123,52.838],[14.125,52.833],[14.13,52.828],[14.144,52.824],[14.153,52.824],[14.169,52.821],[14.187,52.821],[14.197,52.819],[14.211,52.819],[14.22,52.816],[14.227,52.81],[14.23,52.805],[14.236,52.801],[14.241,52.8],[14.245,52.796],[14.254,52.789],[14.259,52.787],[14.265,52.783],[14.27,52.781],[14.272,52.778],[14.28,52.774],[14.292,52.77],[14.305,52.766],[14.316,52.763],[14.322,52.763],[14.331,52.759],[14.333,52.757],[14.341,52.754],[14.346,52.753],[14.352,52.751],[14.356,52.745],[14.361,52.741],[14.373,52.737],[14.381,52.729],[14.384,52.726],[14.392,52.72],[14.398,52.716],[14.405,52.711],[14.413,52.701],[14.424,52.696],[14.429,52.691],[14.429,52.686],[14.431,52.683],[14.436,52.68],[14.439,52.68],[14.453,52.677],[14.458,52.674],[14.462,52.664],[14.471,52.658],[14.474,52.658],[14.479,52.655],[14.487,52.652],[14.5,52.647],[14.505,52.643],[14.517,52.639],[14.527,52.637],[14.539,52.632],[14.549,52.629],[14.555,52.626],[14.564,52.625],[14.569,52.63],[14.577,52.633],[14.583,52.633],[14.628,52.655],[14.629,52.66],[14.638,52.659],[14.65,52.653],[14.647,52.651],[14.661,52.649],[14.662,52.646],[14.658,52.642],[14.673,52.637],[14.69,52.636],[14.69,52.633],[14.699,52.634],[14.703,52.632],[14.722,52.633],[14.727,52.634],[14.733,52.64],[14.743,52.641],[14.742,52.643],[14.749,52.644],[14.748,52.647],[14.749,52.663],[14.753,52.67],[14.756,52.671],[14.764,52.67],[14.765,52.674],[14.768,52.675],[14.778,52.682],[14.787,52.692],[14.792,52.697],[14.791,52.705],[14.796,52.717],[14.798,52.727],[14.795,52.736],[14.8,52.737],[14.789,52.752],[14.792,52.754],[14.791,52.757],[14.802,52.76],[14.809,52.765],[14.809,52.768],[14.814,52.773],[14.819,52.775],[14.829,52.773],[14.835,52.775],[14.836,52.777],[14.849,52.777],[14.851,52.785],[14.848,52.786],[14.844,52.79],[14.854,52.792],[14.864,52.791],[14.865,52.792],[14.863,52.799],[14.862,52.801],[14.865,52.804],[14.864,52.806],[14.865,52.811],[14.855,52.812],[14.858,52.818],[14.854,52.819],[14.855,52.825],[14.851,52.828],[14.856,52.831],[14.859,52.829],[14.873,52.834],[14.863,52.843],[14.866,52.847],[14.872,52.846],[14.888,52.847],[14.895,52.84],[14.895,52.835],[14.899,52.835],[14.902,52.837],[14.914,52.84],[14.92,52.847],[14.918,52.849],[14.914,52.85],[14.91,52.855],[14.905,52.854],[14.903,52.856],[14.895,52.855],[14.89,52.861],[14.893,52.862],[14.895,52.869],[14.898,52.873],[14.902,52.876],[14.904,52.884],[14.909,52.887],[14.918,52.889],[14.925,52.89],[14.931,52.882],[14.945,52.876],[14.949,52.878],[14.955,52.874],[14.949,52.871],[14.956,52.871],[14.957,52.869],[14.964,52.868],[14.969,52.87],[14.978,52.866],[14.983,52.862],[14.98,52.86],[14.981,52.855],[14.979,52.854],[14.982,52.849],[14.988,52.851],[14.988,52.847],[14.991,52.843],[14.999,52.845],[15.002,52.847],[15.01,52.848],[15.007,52.854],[15.015,52.857],[15.028,52.858],[15.034,52.861],[15.039,52.861],[15.044,52.853],[15.045,52.85],[15.049,52.844],[15.055,52.843],[15.065,52.839],[15.068,52.837],[15.068,52.833],[15.072,52.831],[15.12,52.843],[15.158,52.853],[15.159,52.854],[15.168,52.856],[15.268,52.881],[15.274,52.882],[15.282,52.885],[15.284,52.882],[15.288,52.881],[15.286,52.886],[15.317,52.894],[15.327,52.895],[15.333,52.899],[15.332,52.904],[15.323,52.903],[15.32,52.909],[15.308,52.919],[15.302,52.927],[15.292,52.933],[15.283,52.946],[15.284,52.954],[15.287,52.957],[15.29,52.957],[15.306,52.953],[15.315,52.952],[15.337,52.947],[15.351,52.943],[15.352,52.942],[15.36,52.944],[15.362,52.948],[15.372,52.948],[15.373,52.952],[15.381,52.959],[15.391,52.963],[15.386,52.965],[15.389,52.972],[15.405,52.974],[15.412,52.98],[15.42,52.983],[15.444,52.99],[15.454,52.987],[15.465,52.989],[15.476,52.994],[15.488,52.997],[15.524,53.004],[15.525,53.006],[15.531,53.005],[15.54,53.008],[15.54,53.009],[15.547,53.014],[15.554,53.012],[15.557,53.007],[15.559,53.006],[15.562,52.999],[15.574,52.987],[15.58,52.989],[15.583,52.988],[15.588,52.981],[15.603,52.985],[15.606,52.985],[15.611,52.982],[15.615,52.984],[15.619,52.984],[15.629,52.978],[15.633,52.976],[15.638,52.977],[15.651,52.984],[15.661,52.99],[15.675,52.993],[15.682,52.997],[15.695,52.995],[15.699,52.993],[15.703,52.996],[15.706,52.995],[15.708,52.991],[15.714,52.989],[15.719,52.989],[15.721,52.987],[15.731,52.99],[15.743,52.991],[15.755,52.996],[15.765,52.999],[15.769,53],[15.772,53.003],[15.772,53.008],[15.778,53.015],[15.776,53.017],[15.77,53.02],[15.768,53.02],[15.763,53.027],[15.773,53.027],[15.778,53.03],[15.779,53.033],[15.788,53.043],[15.807,53.046],[15.803,53.048],[15.802,53.053],[15.794,53.054],[15.79,53.057],[15.792,53.059],[15.822,53.065],[15.811,53.084],[15.86,53.094],[15.848,53.115],[15.857,53.118],[15.859,53.117],[15.866,53.118],[15.875,53.121],[15.88,53.119],[15.912,53.124],[15.913,53.12],[15.918,53.119],[15.979,53.11],[15.982,53.116],[15.985,53.114],[15.982,53.107],[15.982,53.103],[15.984,53.1],[15.981,53.097],[15.986,53.096],[15.989,53.093],[15.998,53.086],[15.997,53.083],[15.992,53.081],[15.995,53.074],[15.987,53.069],[15.985,53.064],[15.989,53.055],[15.972,53.057],[15.975,53.051],[15.965,53.042],[15.962,53.041],[15.972,53.04],[15.975,53.04],[16.002,53.036],[16.007,53.034],[16.018,53.035],[16.023,53.036],[16.033,53.033],[16.037,53.031],[16.045,53.029],[16.055,53.022],[16.069,53.018],[16.074,53.016],[16.084,53.014],[16.094,53.016],[16.115,53.012],[16.125,53.012],[16.138,53.014],[16.153,53.02],[16.161,53.024],[16.186,53.034],[16.207,53.036],[16.229,53.039],[16.252,53.046],[16.267,53.048],[16.271,53.049],[16.277,53.046],[16.288,53.044],[16.286,53.041],[16.295,53.038],[16.317,53.037],[16.317,53.044],[16.31,53.046],[16.313,53.05],[16.316,53.051],[16.324,53.05],[16.324,53.058],[16.33,53.057],[16.334,53.06],[16.339,53.06],[16.344,53.067],[16.351,53.073],[16.361,53.076],[16.364,53.078],[16.364,53.082],[16.36,53.091],[16.359,53.093],[16.356,53.096],[16.355,53.099],[16.351,53.105],[16.346,53.109],[16.346,53.112],[16.355,53.113],[16.36,53.114],[16.367,53.121],[16.363,53.123],[16.372,53.128],[16.375,53.127],[16.384,53.13],[16.391,53.131],[16.391,53.14],[16.393,53.143],[16.398,53.148],[16.396,53.154],[16.392,53.158],[16.397,53.16],[16.399,53.164],[16.41,53.164],[16.405,53.159],[16.413,53.156],[16.417,53.149],[16.425,53.149],[16.425,53.151],[16.433,53.156],[16.437,53.157],[16.445,53.154],[16.447,53.155],[16.449,53.16],[16.456,53.163],[16.455,53.164],[16.472,53.17],[16.476,53.17],[16.484,53.164],[16.5,53.163],[16.501,53.167],[16.501,53.173],[16.51,53.182],[16.521,53.186],[16.522,53.19],[16.528,53.198],[16.528,53.2],[16.54,53.201],[16.531,53.207],[16.529,53.215],[16.536,53.22],[16.545,53.217],[16.556,53.221],[16.551,53.223],[16.559,53.229],[16.559,53.233],[16.569,53.23],[16.577,53.231],[16.58,53.227],[16.589,53.228],[16.596,53.228],[16.6,53.223],[16.596,53.218],[16.61,53.209],[16.613,53.209],[16.621,53.206],[16.626,53.209],[16.62,53.214],[16.63,53.218],[16.635,53.22],[16.625,53.226],[16.635,53.228],[16.632,53.234],[16.621,53.234],[16.623,53.239],[16.629,53.249],[16.636,53.253],[16.645,53.256],[16.635,53.26],[16.63,53.26],[16.646,53.268],[16.657,53.267],[16.656,53.271],[16.65,53.277],[16.651,53.281],[16.657,53.279],[16.663,53.279],[16.675,53.29],[16.676,53.291],[16.714,53.299],[16.713,53.302],[16.705,53.304],[16.699,53.301],[16.695,53.303],[16.697,53.305],[16.693,53.308],[16.686,53.308],[16.681,53.312],[16.682,53.317],[16.676,53.32],[16.671,53.318],[16.657,53.321],[16.654,53.325],[16.648,53.326],[16.645,53.329],[16.637,53.329],[16.636,53.331],[16.638,53.333],[16.637,53.337],[16.629,53.339],[16.632,53.343],[16.629,53.346],[16.624,53.346],[16.607,53.345],[16.594,53.345],[16.585,53.347],[16.574,53.354],[16.572,53.359],[16.563,53.353],[16.559,53.355],[16.551,53.356],[16.551,53.359],[16.547,53.363],[16.541,53.366],[16.543,53.369],[16.538,53.373],[16.539,53.375],[16.535,53.378],[16.533,53.376],[16.529,53.37],[16.526,53.367],[16.508,53.376],[16.51,53.38],[16.505,53.383],[16.499,53.385],[16.496,53.383],[16.483,53.385],[16.475,53.39],[16.477,53.398],[16.474,53.4],[16.472,53.405],[16.467,53.404],[16.444,53.453],[16.447,53.455],[16.452,53.453],[16.46,53.453],[16.464,53.457],[16.457,53.46],[16.451,53.461],[16.447,53.459],[16.44,53.459],[16.436,53.461],[16.454,53.488],[16.482,53.477],[16.49,53.47],[16.501,53.473],[16.532,53.478],[16.561,53.479],[16.58,53.479],[16.584,53.484],[16.589,53.482],[16.597,53.484],[16.615,53.483],[16.622,53.486],[16.634,53.486],[16.642,53.484],[16.652,53.487],[16.655,53.491],[16.667,53.498],[16.679,53.506],[16.695,53.518],[16.698,53.516],[16.706,53.515],[16.711,53.516],[16.716,53.521],[16.722,53.522],[16.721,53.526],[16.726,53.529],[16.726,53.53],[16.717,53.534],[16.719,53.537],[16.719,53.546],[16.727,53.555],[16.725,53.561],[16.728,53.567],[16.733,53.569],[16.736,53.566],[16.74,53.567],[16.746,53.576],[16.74,53.584],[16.74,53.588],[16.743,53.591],[16.744,53.596],[16.742,53.6],[16.749,53.601],[16.754,53.611],[16.759,53.616],[16.763,53.618],[16.758,53.624],[16.767,53.625],[16.775,53.627],[16.795,53.629],[16.814,53.631],[16.816,53.635],[16.813,53.638],[16.815,53.641],[16.826,53.643],[16.829,53.64],[16.831,53.635],[16.837,53.63],[16.841,53.626],[16.849,53.627],[16.855,53.632],[16.853,53.638],[16.867,53.65],[16.87,53.648],[16.88,53.652],[16.882,53.654],[16.892,53.656],[16.891,53.662],[16.887,53.673],[16.88,53.688],[16.879,53.693],[16.879,53.701],[16.876,53.715],[16.876,53.72],[16.865,53.734],[16.858,53.747],[16.88,53.756],[16.901,53.761],[16.904,53.765],[16.921,53.775],[16.931,53.777],[16.933,53.779],[16.934,53.784],[16.94,53.79],[16.945,53.801],[16.948,53.805],[16.942,53.806],[16.936,53.802],[16.921,53.799],[16.918,53.798],[16.909,53.804],[16.91,53.808],[16.907,53.813],[16.912,53.817],[16.906,53.822],[16.9,53.823],[16.894,53.823],[16.887,53.828],[16.879,53.831],[16.874,53.832],[16.872,53.84],[16.873,53.842],[16.869,53.851],[16.862,53.852],[16.868,53.855],[16.871,53.858],[16.872,53.869],[16.896,53.873],[16.892,53.878],[16.902,53.877],[16.906,53.876],[16.915,53.876],[16.925,53.875],[16.955,53.875],[16.951,53.879],[16.96,53.879],[16.971,53.878],[16.976,53.88],[16.982,53.905],[16.965,53.905],[16.962,53.908],[16.955,53.907],[16.951,53.909],[16.951,53.912],[16.942,53.912],[16.935,53.914],[16.923,53.921],[16.922,53.925],[16.917,53.925],[16.909,53.925],[16.881,53.941],[16.876,53.94],[16.875,53.944],[16.868,53.948],[16.862,53.946],[16.863,53.951],[16.867,53.952],[16.876,53.952],[16.878,53.955],[16.878,53.961],[16.88,53.964],[16.875,53.969],[16.877,53.972],[16.874,53.977],[16.861,53.98],[16.855,53.984],[16.847,53.984],[16.842,53.994],[16.842,53.998],[16.829,53.995],[16.825,54.004],[16.818,54.004],[16.815,54.002],[16.813,53.995],[16.804,53.994],[16.807,53.987],[16.813,53.983],[16.813,53.979],[16.804,53.979],[16.79,53.981],[16.793,53.986],[16.797,53.988],[16.796,53.996],[16.801,54],[16.801,54.005],[16.791,54.008],[16.788,54.013],[16.787,54.018],[16.783,54.023],[16.786,54.028],[16.793,54.031],[16.798,54.035],[16.798,54.038],[16.794,54.045],[16.795,54.05],[16.798,54.055],[16.807,54.057],[16.812,54.061],[16.809,54.065],[16.809,54.071],[16.813,54.073],[16.805,54.076],[16.793,54.075],[16.792,54.079],[16.793,54.085],[16.795,54.09],[16.794,54.101],[16.799,54.101],[16.799,54.105],[16.803,54.115],[16.805,54.116],[16.797,54.121],[16.793,54.121],[16.779,54.119],[16.779,54.124],[16.777,54.126],[16.781,54.128],[16.784,54.131],[16.778,54.133],[16.776,54.138],[16.776,54.148],[16.774,54.155],[16.768,54.157],[16.764,54.155],[16.757,54.158],[16.757,54.161],[16.749,54.173],[16.746,54.174],[16.734,54.177],[16.73,54.18],[16.729,54.184],[16.735,54.185],[16.736,54.194],[16.734,54.195],[16.733,54.204],[16.72,54.202],[16.72,54.209],[16.717,54.212],[16.712,54.214],[16.716,54.216],[16.717,54.219],[16.729,54.225],[16.73,54.231],[16.732,54.232],[16.734,54.233],[16.741,54.23],[16.747,54.231],[16.755,54.236],[16.761,54.234],[16.767,54.239],[16.774,54.241],[16.782,54.239],[16.801,54.244],[16.809,54.243],[16.817,54.246],[16.826,54.247],[16.831,54.246],[16.844,54.251],[16.849,54.254],[16.865,54.261],[16.863,54.264],[16.864,54.27],[16.864,54.286],[16.862,54.29],[16.854,54.302],[16.854,54.308],[16.845,54.311],[16.838,54.314],[16.838,54.316],[16.826,54.316],[16.814,54.319],[16.824,54.331],[16.823,54.338],[16.828,54.346],[16.816,54.36],[16.81,54.359],[16.808,54.37],[16.822,54.368],[16.838,54.37],[16.838,54.377],[16.845,54.376],[16.844,54.372],[16.851,54.374],[16.857,54.378],[16.859,54.383],[16.852,54.386],[16.854,54.389],[16.85,54.39],[16.841,54.399],[16.84,54.405],[16.834,54.411],[16.824,54.416],[16.83,54.424],[16.84,54.432],[16.841,54.438],[16.827,54.449],[16.822,54.454],[16.821,54.456],[16.827,54.459],[16.824,54.464],[16.827,54.465],[16.82,54.473],[16.817,54.469],[16.812,54.474],[16.811,54.482],[16.801,54.481],[16.799,54.484],[16.793,54.484],[16.793,54.487],[16.779,54.485],[16.77,54.486],[16.764,54.486],[16.755,54.497],[16.753,54.497],[16.739,54.517],[16.741,54.525],[16.747,54.528],[16.747,54.53],[16.739,54.538],[16.722,54.548],[16.71,54.556],[16.708,54.56],[16.699,54.569],[16.699,54.571],[16.658,54.566],[16.602,54.56],[16.55,54.546],[16.531,54.544],[16.521,54.54],[16.518,54.537],[16.505,54.529],[16.493,54.523],[16.477,54.516],[16.471,54.513],[16.434,54.49],[16.415,54.473],[16.406,54.463],[16.398,54.453],[16.392,54.448],[16.372,54.442],[16.371,54.438],[16.357,54.423],[16.334,54.401],[16.306,54.379],[16.27,54.355],[16.214,54.321],[16.157,54.294],[16.141,54.288],[16.131,54.286],[16.117,54.28],[16.089,54.272],[16.053,54.263],[16.025,54.259],[15.979,54.253],[15.946,54.249],[15.934,54.248],[15.896,54.246],[15.876,54.245],[15.858,54.243],[15.835,54.239],[15.818,54.235],[15.791,54.228],[15.763,54.22],[15.747,54.216],[15.697,54.206],[15.679,54.202],[15.643,54.197],[15.607,54.192],[15.592,54.189],[15.549,54.191],[15.541,54.182],[15.521,54.174],[15.496,54.169],[15.482,54.168],[15.425,54.166],[15.387,54.16],[15.332,54.154],[15.304,54.15],[15.289,54.148],[15.285,54.148],[15.277,54.145],[15.241,54.135],[15.227,54.132],[15.092,54.101],[15.07,54.097],[15.048,54.093],[15.008,54.083],[14.957,54.069],[14.895,54.056],[14.791,54.037],[14.755,54.029],[14.726,54.024],[14.713,54.018],[14.68,54.007],[14.587,53.987],[14.533,53.971],[14.503,53.965],[14.497,53.963],[14.476,53.95],[14.448,53.935],[14.436,53.93],[14.402,53.919],[14.391,53.917],[14.366,53.913],[14.345,53.912],[14.316,53.916],[14.303,53.92],[14.302,53.93],[14.28,53.938],[14.271,53.935],[14.273,53.924],[14.25,53.924],[14.227,53.93],[14.226,53.928],[14.208,53.916],[14.197,53.915],[14.191,53.916],[14.185,53.914],[14.185,53.912],[14.192,53.912],[14.206,53.911],[14.204,53.907],[14.212,53.9],[14.214,53.887],[14.215,53.881],[14.212,53.868],[14.214,53.865],[14.27,53.79],[14.284,53.772],[14.267,53.753],[14.274,53.744],[14.272,53.741],[14.273,53.738],[14.268,53.708],[14.272,53.706],[14.268,53.705],[14.267,53.699],[14.272,53.694],[14.272,53.69],[14.277,53.686],[14.284,53.683],[14.283,53.677],[14.281,53.673],[14.272,53.668],[14.272,53.663],[14.279,53.663],[14.285,53.659],[14.284,53.634],[14.301,53.624],[14.311,53.618],[14.317,53.618],[14.312,53.58],[14.312,53.572],[14.314,53.565],[14.305,53.557],[14.303,53.553],[14.307,53.551],[14.306,53.544],[14.316,53.537],[14.319,53.53],[14.316,53.525],[14.322,53.515],[14.327,53.504],[14.332,53.501],[14.343,53.499],[14.351,53.496],[14.354,53.489],[14.354,53.482],[14.355,53.474],[14.357,53.47],[14.356,53.462],[14.358,53.457],[14.371,53.456],[14.371,53.449],[14.372,53.448],[14.371,53.438],[14.369,53.433],[14.37,53.424],[14.373,53.42],[14.373,53.409],[14.378,53.402],[14.389,53.388],[14.395,53.376],[14.395,53.369],[14.393,53.359],[14.39,53.354],[14.406,53.347],[14.408,53.336],[14.415,53.324],[14.414,53.321],[14.407,53.309],[14.415,53.302],[14.417,53.289],[14.421,53.276],[14.434,53.276],[14.445,53.274]]]}}]}