{"type":"FeatureCollection","features":[{"type":"Feature","properties":{"id":201,"name":"Alytaus apskritis","bbox":[23.312,53.897,25.025,54.563]},"geometry":{"type":"Polygon","coordinates":[[[24.202,53.97],[24.216,53.957],[24.211,53.955],[24.21,53.95],[24.219,53.947],[24.225,53.948],[24.233,53.945],[24.241,53.951],[24.246,53.949],[24.251,53.95],[24.26,53.949],[24.257,53.943],[24.263,53.94],[24.263,53.936],[24.273,53.935],[24.287,53.922],[24.307,53.927],[24.309,53.926],[24.307,53.922],[24.303,53.92],[24.303,53.916],[24.306,53.913],[24.312,53.911],[24.316,53.908],[24.323,53.908],[24.352,53.897],[24.372,53.901],[24.39,53.903],[24.434,53.904],[24.434,53.901],[24.448,53.904],[24.456,53.908],[24.457,53.913],[24.461,53.919],[24.466,53.921],[24.471,53.926],[24.472,53.93],[24.475,53.932],[24.483,53.934],[24.493,53.938],[24.497,53.943],[24.504,53.946],[24.51,53.954],[24.508,53.96],[24.515,53.963],[24.517,53.966],[24.528,53.966],[24.539,53.972],[24.559,53.978],[24.563,53.983],[24.573,53.987],[24.602,53.993],[24.602,53.998],[24.608,54],[24.611,54.004],[24.618,54.008],[24.626,54.011],[24.631,54.006],[24.644,54.009],[24.643,54.006],[24.652,54.007],[24.66,54.006],[24.662,54.009],[24.673,54.017],[24.676,54.016],[24.684,54.018],[24.698,54.017],[24.706,54.01],[24.702,54.004],[24.7,53.995],[24.694,53.991],[24.692,53.983],[24.694,53.974],[24.689,53.968],[24.686,53.967],[24.685,53.962],[24.701,53.966],[24.707,53.964],[24.726,53.967],[24.739,53.966],[24.741,53.969],[24.732,53.973],[24.752,53.986],[24.756,53.989],[24.755,53.993],[24.75,53.994],[24.758,54],[24.761,53.999],[24.761,53.996],[24.767,53.993],[24.779,53.995],[24.784,53.995],[24.786,53.997],[24.794,54],[24.8,53.997],[24.808,53.995],[24.816,53.996],[24.815,53.999],[24.809,54.002],[24.814,54.005],[24.82,54.012],[24.823,54.013],[24.832,54.012],[24.832,54.016],[24.839,54.021],[24.832,54.027],[24.858,54.031],[24.862,54.027],[24.867,54.029],[24.871,54.035],[24.864,54.039],[24.856,54.037],[24.857,54.036],[24.848,54.034],[24.841,54.034],[24.835,54.039],[24.823,54.043],[24.821,54.046],[24.823,54.053],[24.826,54.054],[24.823,54.062],[24.818,54.071],[24.814,54.074],[24.808,54.083],[24.797,54.092],[24.791,54.096],[24.785,54.097],[24.779,54.1],[24.777,54.104],[24.775,54.112],[24.772,54.116],[24.774,54.118],[24.78,54.119],[24.786,54.115],[24.794,54.115],[24.805,54.12],[24.817,54.126],[24.831,54.133],[24.824,54.138],[24.813,54.145],[24.828,54.147],[24.829,54.149],[24.836,54.149],[24.827,54.161],[24.818,54.168],[24.826,54.173],[24.818,54.174],[24.817,54.187],[24.809,54.186],[24.802,54.192],[24.797,54.192],[24.784,54.195],[24.777,54.195],[24.776,54.191],[24.77,54.193],[24.768,54.2],[24.759,54.2],[24.759,54.219],[24.755,54.223],[24.77,54.229],[24.78,54.227],[24.787,54.234],[24.804,54.233],[24.814,54.233],[24.811,54.243],[24.811,54.249],[24.817,54.249],[24.818,54.246],[24.823,54.246],[24.822,54.251],[24.824,54.255],[24.835,54.252],[24.843,54.257],[24.856,54.256],[24.857,54.269],[24.863,54.27],[24.865,54.273],[24.883,54.274],[24.889,54.275],[24.875,54.284],[24.875,54.288],[24.881,54.294],[24.933,54.295],[24.932,54.3],[24.922,54.326],[24.928,54.336],[24.924,54.338],[24.914,54.339],[24.918,54.342],[24.913,54.361],[24.929,54.363],[24.925,54.375],[24.945,54.379],[24.957,54.38],[24.958,54.379],[24.997,54.383],[24.994,54.396],[25.017,54.398],[25.009,54.423],[25.025,54.425],[25.02,54.442],[25.012,54.44],[25.007,54.437],[24.992,54.435],[24.987,54.437],[24.976,54.431],[24.963,54.434],[24.953,54.433],[24.953,54.43],[24.942,54.428],[24.941,54.431],[24.922,54.425],[24.911,54.41],[24.907,54.41],[24.904,54.413],[24.905,54.416],[24.903,54.419],[24.873,54.415],[24.868,54.411],[24.858,54.411],[24.855,54.408],[24.843,54.406],[24.846,54.398],[24.829,54.398],[24.828,54.401],[24.804,54.398],[24.803,54.405],[24.75,54.399],[24.745,54.399],[24.737,54.405],[24.731,54.399],[24.73,54.393],[24.726,54.393],[24.721,54.39],[24.712,54.395],[24.712,54.399],[24.707,54.405],[24.707,54.409],[24.713,54.412],[24.721,54.413],[24.72,54.429],[24.709,54.431],[24.704,54.433],[24.689,54.433],[24.686,54.437],[24.682,54.436],[24.681,54.441],[24.668,54.448],[24.658,54.446],[24.655,54.439],[24.646,54.44],[24.644,54.439],[24.619,54.441],[24.614,54.437],[24.617,54.436],[24.614,54.432],[24.608,54.432],[24.597,54.428],[24.586,54.432],[24.586,54.421],[24.585,54.413],[24.574,54.411],[24.572,54.418],[24.559,54.418],[24.56,54.412],[24.54,54.418],[24.54,54.425],[24.546,54.43],[24.503,54.428],[24.501,54.424],[24.493,54.423],[24.48,54.423],[24.469,54.424],[24.448,54.424],[24.438,54.427],[24.437,54.425],[24.428,54.428],[24.422,54.426],[24.416,54.427],[24.417,54.436],[24.424,54.443],[24.438,54.452],[24.433,54.455],[24.436,54.459],[24.434,54.464],[24.417,54.473],[24.401,54.473],[24.394,54.483],[24.402,54.483],[24.404,54.487],[24.419,54.49],[24.417,54.505],[24.409,54.505],[24.409,54.512],[24.416,54.512],[24.418,54.514],[24.407,54.517],[24.404,54.519],[24.413,54.523],[24.405,54.525],[24.413,54.529],[24.414,54.533],[24.407,54.536],[24.401,54.533],[24.4,54.53],[24.395,54.53],[24.393,54.528],[24.395,54.523],[24.39,54.523],[24.387,54.525],[24.383,54.522],[24.376,54.525],[24.371,54.521],[24.368,54.525],[24.361,54.521],[24.358,54.524],[24.344,54.528],[24.336,54.524],[24.33,54.525],[24.319,54.522],[24.273,54.53],[24.267,54.541],[24.267,54.55],[24.265,54.55],[24.265,54.557],[24.273,54.558],[24.274,54.562],[24.263,54.561],[24.258,54.563],[24.256,54.559],[24.241,54.557],[24.241,54.555],[24.226,54.553],[24.225,54.556],[24.205,54.553],[24.198,54.543],[24.198,54.537],[24.17,54.537],[24.16,54.536],[24.147,54.537],[24.137,54.539],[24.129,54.539],[24.121,54.532],[24.114,54.53],[24.103,54.53],[24.098,54.542],[24.09,54.546],[24.085,54.55],[24.077,54.553],[24.063,54.555],[24.052,54.554],[24.04,54.551],[24.029,54.551],[24.013,54.545],[24.009,54.54],[24.004,54.535],[24.001,54.528],[23.999,54.522],[23.993,54.517],[23.997,54.513],[24.01,54.512],[24.013,54.509],[24.012,54.505],[24.007,54.498],[23.994,54.493],[23.983,54.491],[23.975,54.491],[23.971,54.493],[23.968,54.49],[23.967,54.486],[23.938,54.483],[23.936,54.484],[23.905,54.484],[23.901,54.483],[23.899,54.476],[23.905,54.474],[23.907,54.466],[23.911,54.465],[23.879,54.458],[23.86,54.455],[23.858,54.457],[23.859,54.462],[23.87,54.461],[23.871,54.467],[23.836,54.47],[23.83,54.468],[23.806,54.47],[23.799,54.474],[23.796,54.472],[23.794,54.465],[23.788,54.463],[23.783,54.465],[23.778,54.459],[23.771,54.461],[23.767,54.463],[23.765,54.469],[23.755,54.469],[23.751,54.466],[23.725,54.473],[23.714,54.484],[23.684,54.474],[23.676,54.484],[23.672,54.494],[23.669,54.499],[23.669,54.503],[23.662,54.509],[23.657,54.512],[23.64,54.513],[23.624,54.508],[23.617,54.5],[23.618,54.495],[23.614,54.493],[23.615,54.489],[23.613,54.487],[23.598,54.487],[23.562,54.473],[23.537,54.471],[23.531,54.466],[23.514,54.468],[23.511,54.466],[23.51,54.463],[23.512,54.414],[23.488,54.415],[23.455,54.4],[23.432,54.401],[23.431,54.399],[23.44,54.394],[23.441,54.391],[23.436,54.39],[23.439,54.385],[23.439,54.378],[23.443,54.371],[23.444,54.366],[23.399,54.367],[23.392,54.363],[23.365,54.359],[23.366,54.353],[23.369,54.351],[23.358,54.345],[23.348,54.346],[23.344,54.339],[23.346,54.332],[23.338,54.329],[23.339,54.318],[23.345,54.311],[23.343,54.308],[23.312,54.296],[23.332,54.278],[23.331,54.27],[23.323,54.27],[23.322,54.253],[23.338,54.252],[23.348,54.246],[23.353,54.241],[23.358,54.234],[23.366,54.23],[23.374,54.23],[23.38,54.229],[23.387,54.225],[23.387,54.218],[23.394,54.217],[23.397,54.214],[23.398,54.207],[23.404,54.202],[23.406,54.196],[23.412,54.193],[23.419,54.191],[23.424,54.178],[23.439,54.178],[23.451,54.176],[23.459,54.176],[23.461,54.168],[23.47,54.164],[23.476,54.163],[23.473,54.158],[23.482,54.153],[23.486,54.153],[23.489,54.145],[23.491,54.136],[23.495,54.133],[23.493,54.117],[23.496,54.113],[23.502,54.113],[23.507,54.099],[23.518,54.09],[23.518,54.079],[23.524,54.073],[23.529,54.066],[23.526,54.057],[23.528,54.054],[23.527,54.047],[23.523,54.038],[23.526,54.033],[23.525,54.031],[23.516,54.029],[23.511,54.022],[23.513,54.018],[23.509,54.012],[23.492,54.004],[23.487,54],[23.482,54],[23.484,53.993],[23.483,53.991],[23.486,53.987],[23.491,53.974],[23.496,53.973],[23.498,53.969],[23.515,53.96],[23.516,53.955],[23.523,53.954],[23.532,53.95],[23.538,53.942],[23.546,53.943],[23.556,53.942],[23.562,53.939],[23.567,53.943],[23.571,53.944],[23.577,53.942],[23.581,53.943],[23.587,53.937],[23.593,53.935],[23.598,53.937],[23.6,53.934],[23.598,53.93],[23.605,53.928],[23.61,53.925],[23.615,53.928],[23.631,53.928],[23.635,53.931],[23.652,53.935],[23.658,53.935],[23.667,53.931],[23.67,53.932],[23.674,53.935],[23.682,53.932],[23.691,53.933],[23.696,53.935],[23.703,53.934],[23.713,53.937],[23.722,53.936],[23.729,53.933],[23.732,53.93],[23.738,53.93],[23.74,53.928],[23.749,53.927],[23.755,53.927],[23.757,53.925],[23.762,53.926],[23.766,53.923],[23.768,53.916],[23.774,53.913],[23.781,53.911],[23.774,53.903],[23.778,53.899],[23.783,53.901],[23.798,53.9],[23.807,53.907],[23.816,53.909],[23.818,53.915],[23.816,53.919],[23.81,53.923],[23.801,53.926],[23.797,53.931],[23.798,53.935],[23.819,53.943],[23.824,53.948],[23.835,53.953],[23.841,53.956],[23.849,53.956],[23.859,53.954],[23.863,53.952],[23.869,53.947],[23.877,53.943],[23.884,53.943],[23.893,53.947],[23.904,53.951],[23.908,53.954],[23.908,53.957],[23.909,53.962],[23.908,53.967],[23.913,53.97],[23.924,53.967],[23.922,53.964],[23.934,53.959],[23.941,53.957],[23.949,53.959],[23.961,53.955],[23.966,53.947],[23.97,53.942],[23.972,53.933],[23.965,53.935],[23.968,53.927],[23.974,53.927],[23.983,53.924],[24.103,53.941],[24.105,53.945],[24.103,53.951],[24.11,53.954],[24.114,53.958],[24.118,53.955],[24.132,53.955],[24.142,53.954],[24.154,53.961],[24.161,53.961],[24.173,53.962],[24.183,53.966],[24.192,53.966],[24.202,53.97]]]}},{"type":"Feature","properties":{"id":202,"name":"Kauno apskritis","bbox":[22.67,54.455,24.811,55.577]},"geometry":{"type":"Polygon","coordinates":[[[23.394,54.949],[23.475,54.929],[23.479,54.891],[23.483,54.888],[23.489,54.887],[23.501,54.886],[23.499,54.883],[23.503,54.88],[23.51,54.88],[23.506,54.887],[23.542,54.896],[23.544,54.893],[23.581,54.877],[23.581,54.873],[23.575,54.869],[23.551,54.873],[23.545,54.867],[23.571,54.859],[23.568,54.856],[23.574,54.854],[23.58,54.855],[23.58,54.845],[23.589,54.844],[23.594,54.848],[23.598,54.853],[23.613,54.847],[23.625,54.84],[23.608,54.824],[23.618,54.819],[23.619,54.817],[23.642,54.804],[23.632,54.795],[23.627,54.797],[23.623,54.795],[23.624,54.79],[23.633,54.787],[23.625,54.781],[23.618,54.773],[23.609,54.772],[23.598,54.766],[23.587,54.767],[23.586,54.761],[23.613,54.761],[23.623,54.766],[23.635,54.769],[23.644,54.769],[23.648,54.759],[23.637,54.746],[23.663,54.72],[23.633,54.71],[23.656,54.689],[23.662,54.682],[23.669,54.666],[23.668,54.663],[23.673,54.662],[23.673,54.657],[23.664,54.657],[23.656,54.653],[23.66,54.65],[23.657,54.645],[23.673,54.64],[23.673,54.639],[23.625,54.629],[23.629,54.621],[23.647,54.624],[23.649,54.622],[23.637,54.613],[23.65,54.614],[23.667,54.614],[23.675,54.616],[23.699,54.593],[23.687,54.589],[23.674,54.587],[23.658,54.583],[23.679,54.562],[23.681,54.56],[23.687,54.56],[23.692,54.559],[23.696,54.555],[23.702,54.542],[23.705,54.541],[23.724,54.543],[23.722,54.545],[23.75,54.55],[23.755,54.544],[23.757,54.541],[23.758,54.532],[23.759,54.526],[23.771,54.519],[23.776,54.514],[23.783,54.511],[23.794,54.503],[23.788,54.501],[23.782,54.497],[23.784,54.491],[23.769,54.481],[23.761,54.478],[23.758,54.479],[23.752,54.47],[23.755,54.469],[23.765,54.469],[23.767,54.463],[23.771,54.461],[23.778,54.459],[23.783,54.465],[23.788,54.463],[23.794,54.465],[23.796,54.472],[23.799,54.474],[23.806,54.47],[23.83,54.468],[23.836,54.47],[23.871,54.467],[23.87,54.461],[23.859,54.462],[23.858,54.457],[23.86,54.455],[23.879,54.458],[23.911,54.465],[23.907,54.466],[23.905,54.474],[23.899,54.476],[23.901,54.483],[23.905,54.484],[23.936,54.484],[23.938,54.483],[23.967,54.486],[23.968,54.49],[23.971,54.493],[23.975,54.491],[23.983,54.491],[23.994,54.493],[24.007,54.498],[24.012,54.505],[24.013,54.509],[24.01,54.512],[23.997,54.513],[23.993,54.517],[23.999,54.522],[24.001,54.528],[24.004,54.535],[24.009,54.54],[24.013,54.545],[24.029,54.551],[24.04,54.551],[24.052,54.554],[24.063,54.555],[24.077,54.553],[24.085,54.55],[24.09,54.546],[24.098,54.542],[24.103,54.53],[24.114,54.53],[24.121,54.532],[24.129,54.539],[24.137,54.539],[24.147,54.537],[24.16,54.536],[24.17,54.537],[24.198,54.537],[24.198,54.543],[24.205,54.553],[24.225,54.556],[24.226,54.553],[24.241,54.555],[24.241,54.557],[24.256,54.559],[24.258,54.563],[24.263,54.561],[24.274,54.562],[24.273,54.558],[24.265,54.557],[24.265,54.55],[24.267,54.55],[24.267,54.541],[24.273,54.53],[24.319,54.522],[24.33,54.525],[24.336,54.524],[24.344,54.528],[24.358,54.524],[24.361,54.521],[24.368,54.525],[24.371,54.521],[24.376,54.525],[24.383,54.522],[24.387,54.525],[24.39,54.523],[24.395,54.523],[24.393,54.528],[24.395,54.53],[24.4,54.53],[24.401,54.533],[24.407,54.536],[24.414,54.533],[24.418,54.538],[24.42,54.544],[24.42,54.556],[24.422,54.561],[24.416,54.569],[24.425,54.578],[24.423,54.588],[24.427,54.593],[24.426,54.597],[24.433,54.597],[24.435,54.591],[24.445,54.597],[24.45,54.595],[24.447,54.591],[24.452,54.589],[24.464,54.587],[24.473,54.59],[24.458,54.594],[24.462,54.604],[24.469,54.609],[24.473,54.605],[24.484,54.604],[24.488,54.607],[24.473,54.618],[24.477,54.622],[24.477,54.626],[24.472,54.63],[24.457,54.631],[24.473,54.636],[24.471,54.642],[24.468,54.646],[24.465,54.662],[24.471,54.666],[24.465,54.68],[24.464,54.683],[24.476,54.696],[24.481,54.693],[24.484,54.7],[24.497,54.701],[24.49,54.704],[24.487,54.71],[24.49,54.716],[24.5,54.715],[24.504,54.722],[24.505,54.727],[24.511,54.731],[24.541,54.734],[24.546,54.736],[24.549,54.74],[24.56,54.742],[24.556,54.752],[24.56,54.754],[24.559,54.758],[24.569,54.758],[24.566,54.767],[24.575,54.765],[24.581,54.766],[24.571,54.774],[24.577,54.779],[24.582,54.78],[24.576,54.786],[24.585,54.786],[24.585,54.795],[24.545,54.798],[24.53,54.8],[24.535,54.802],[24.543,54.803],[24.541,54.82],[24.553,54.818],[24.564,54.812],[24.577,54.815],[24.584,54.814],[24.584,54.812],[24.592,54.81],[24.604,54.815],[24.607,54.814],[24.615,54.826],[24.619,54.83],[24.649,54.825],[24.683,54.821],[24.695,54.821],[24.7,54.821],[24.709,54.817],[24.718,54.817],[24.723,54.819],[24.729,54.816],[24.732,54.818],[24.732,54.823],[24.738,54.821],[24.743,54.824],[24.753,54.827],[24.755,54.824],[24.764,54.825],[24.752,54.872],[24.755,54.873],[24.753,54.877],[24.762,54.878],[24.771,54.875],[24.78,54.876],[24.783,54.878],[24.799,54.879],[24.81,54.887],[24.811,54.892],[24.809,54.896],[24.811,54.903],[24.806,54.906],[24.801,54.906],[24.799,54.911],[24.791,54.912],[24.78,54.916],[24.767,54.918],[24.762,54.921],[24.76,54.926],[24.749,54.932],[24.744,54.932],[24.729,54.931],[24.717,54.933],[24.709,54.929],[24.701,54.93],[24.693,54.927],[24.69,54.927],[24.689,54.934],[24.684,54.939],[24.682,54.945],[24.67,54.95],[24.662,54.952],[24.656,54.951],[24.65,54.952],[24.644,54.955],[24.637,54.957],[24.637,54.959],[24.631,54.961],[24.631,54.967],[24.623,54.969],[24.621,54.974],[24.617,54.975],[24.604,54.974],[24.593,54.972],[24.579,54.973],[24.576,54.979],[24.573,54.98],[24.568,54.985],[24.552,54.991],[24.556,54.992],[24.561,54.996],[24.558,55],[24.561,55.002],[24.559,55.004],[24.589,55.013],[24.587,55.017],[24.591,55.018],[24.586,55.028],[24.622,55.03],[24.624,55.037],[24.617,55.037],[24.615,55.039],[24.624,55.043],[24.623,55.044],[24.636,55.044],[24.636,55.045],[24.647,55.049],[24.644,55.051],[24.631,55.052],[24.628,55.056],[24.633,55.061],[24.63,55.065],[24.623,55.067],[24.612,55.075],[24.607,55.073],[24.603,55.077],[24.591,55.075],[24.597,55.081],[24.592,55.082],[24.586,55.08],[24.587,55.085],[24.591,55.087],[24.592,55.09],[24.586,55.091],[24.582,55.096],[24.585,55.1],[24.583,55.107],[24.579,55.107],[24.576,55.111],[24.568,55.112],[24.562,55.111],[24.563,55.109],[24.555,55.107],[24.554,55.113],[24.544,55.118],[24.547,55.123],[24.534,55.133],[24.528,55.13],[24.517,55.141],[24.521,55.141],[24.534,55.145],[24.533,55.148],[24.541,55.154],[24.535,55.157],[24.521,55.155],[24.507,55.157],[24.501,55.161],[24.501,55.168],[24.498,55.173],[24.487,55.185],[24.486,55.19],[24.482,55.194],[24.481,55.2],[24.505,55.222],[24.491,55.226],[24.472,55.228],[24.457,55.232],[24.446,55.233],[24.44,55.232],[24.438,55.227],[24.424,55.227],[24.425,55.231],[24.422,55.233],[24.41,55.234],[24.42,55.251],[24.426,55.26],[24.42,55.261],[24.426,55.274],[24.416,55.276],[24.419,55.28],[24.414,55.284],[24.42,55.288],[24.414,55.289],[24.405,55.293],[24.394,55.295],[24.391,55.297],[24.393,55.298],[24.389,55.304],[24.388,55.328],[24.387,55.329],[24.398,55.333],[24.396,55.335],[24.404,55.352],[24.421,55.357],[24.419,55.364],[24.428,55.366],[24.427,55.372],[24.434,55.386],[24.43,55.391],[24.42,55.391],[24.415,55.387],[24.408,55.389],[24.4,55.393],[24.398,55.402],[24.397,55.405],[24.403,55.407],[24.401,55.41],[24.396,55.411],[24.39,55.411],[24.385,55.414],[24.386,55.42],[24.383,55.421],[24.388,55.426],[24.388,55.43],[24.384,55.435],[24.377,55.437],[24.365,55.435],[24.364,55.441],[24.355,55.438],[24.347,55.443],[24.339,55.442],[24.317,55.446],[24.317,55.454],[24.31,55.454],[24.308,55.441],[24.301,55.439],[24.284,55.445],[24.263,55.449],[24.25,55.452],[24.243,55.454],[24.24,55.462],[24.243,55.466],[24.2,55.475],[24.203,55.467],[24.2,55.451],[24.193,55.445],[24.183,55.448],[24.164,55.451],[24.163,55.445],[24.156,55.443],[24.15,55.438],[24.132,55.435],[24.12,55.439],[24.12,55.45],[24.096,55.452],[24.092,55.444],[24.063,55.439],[24.053,55.44],[24.038,55.444],[24.044,55.449],[24.045,55.452],[24.05,55.457],[24.056,55.469],[24.054,55.476],[24.04,55.48],[24.003,55.515],[23.991,55.511],[23.987,55.515],[23.971,55.512],[23.972,55.508],[23.957,55.504],[23.955,55.508],[23.947,55.506],[23.941,55.51],[23.922,55.535],[23.915,55.537],[23.911,55.54],[23.912,55.548],[23.916,55.553],[23.914,55.564],[23.909,55.561],[23.897,55.56],[23.894,55.556],[23.885,55.556],[23.88,55.558],[23.853,55.547],[23.833,55.548],[23.811,55.541],[23.813,55.539],[23.73,55.519],[23.735,55.512],[23.693,55.504],[23.684,55.502],[23.675,55.494],[23.663,55.489],[23.656,55.485],[23.657,55.483],[23.663,55.482],[23.664,55.477],[23.659,55.477],[23.659,55.472],[23.656,55.469],[23.641,55.47],[23.624,55.471],[23.618,55.471],[23.611,55.476],[23.597,55.474],[23.589,55.474],[23.572,55.473],[23.57,55.477],[23.565,55.479],[23.561,55.488],[23.564,55.493],[23.568,55.496],[23.573,55.508],[23.556,55.515],[23.555,55.513],[23.544,55.513],[23.541,55.517],[23.542,55.519],[23.537,55.523],[23.508,55.521],[23.508,55.519],[23.478,55.52],[23.478,55.512],[23.485,55.506],[23.483,55.496],[23.475,55.495],[23.477,55.487],[23.467,55.487],[23.454,55.494],[23.46,55.497],[23.42,55.506],[23.417,55.509],[23.401,55.511],[23.401,55.521],[23.391,55.528],[23.366,55.539],[23.356,55.541],[23.346,55.542],[23.344,55.545],[23.34,55.545],[23.331,55.55],[23.312,55.545],[23.295,55.539],[23.289,55.536],[23.283,55.537],[23.281,55.543],[23.273,55.542],[23.276,55.533],[23.272,55.532],[23.261,55.527],[23.255,55.533],[23.243,55.532],[23.241,55.535],[23.236,55.552],[23.232,55.556],[23.234,55.559],[23.229,55.563],[23.226,55.563],[23.233,55.573],[23.229,55.577],[23.223,55.575],[23.22,55.569],[23.216,55.566],[23.208,55.564],[23.205,55.566],[23.191,55.562],[23.187,55.559],[23.173,55.559],[23.139,55.557],[23.127,55.556],[23.13,55.561],[23.122,55.561],[23.119,55.569],[23.097,55.565],[23.099,55.559],[23.102,55.555],[23.094,55.554],[23.096,55.542],[23.088,55.541],[23.083,55.542],[23.075,55.541],[23.079,55.53],[23.077,55.527],[23.08,55.522],[23.079,55.519],[23.081,55.513],[23.083,55.511],[23.079,55.507],[23.078,55.502],[23.063,55.507],[23.063,55.514],[23.056,55.514],[23.061,55.504],[23.064,55.5],[23.057,55.498],[23.054,55.502],[23.05,55.5],[23.041,55.511],[23.037,55.51],[23.035,55.505],[23.028,55.499],[23.011,55.494],[23.009,55.497],[23.005,55.496],[23.005,55.491],[22.988,55.492],[22.977,55.491],[22.958,55.487],[22.935,55.485],[22.909,55.47],[22.894,55.464],[22.862,55.468],[22.844,55.465],[22.837,55.468],[22.833,55.474],[22.848,55.487],[22.853,55.504],[22.81,55.505],[22.793,55.504],[22.788,55.505],[22.779,55.503],[22.766,55.508],[22.755,55.514],[22.711,55.485],[22.7,55.49],[22.681,55.477],[22.676,55.474],[22.676,55.471],[22.684,55.467],[22.67,55.458],[22.687,55.448],[22.69,55.428],[22.696,55.415],[22.719,55.42],[22.723,55.426],[22.729,55.424],[22.733,55.426],[22.741,55.422],[22.742,55.411],[22.739,55.407],[22.732,55.405],[22.73,55.399],[22.733,55.389],[22.753,55.39],[22.756,55.383],[22.762,55.376],[22.769,55.379],[22.775,55.38],[22.792,55.381],[22.798,55.38],[22.805,55.376],[22.803,55.371],[22.813,55.368],[22.814,55.362],[22.812,55.358],[22.808,55.354],[22.813,55.348],[22.808,55.347],[22.808,55.344],[22.798,55.344],[22.793,55.341],[22.796,55.339],[22.792,55.335],[22.79,55.33],[22.81,55.33],[22.81,55.325],[22.812,55.323],[22.828,55.322],[22.827,55.325],[22.842,55.325],[22.843,55.315],[22.85,55.313],[22.857,55.313],[22.858,55.309],[22.863,55.307],[22.869,55.302],[22.873,55.302],[22.87,55.294],[22.864,55.286],[22.874,55.287],[22.878,55.291],[22.875,55.295],[22.879,55.299],[22.887,55.299],[22.895,55.298],[22.901,55.3],[22.902,55.31],[22.923,55.312],[22.928,55.311],[22.935,55.312],[22.93,55.321],[22.937,55.323],[22.945,55.312],[22.971,55.313],[22.981,55.314],[22.979,55.304],[22.974,55.291],[22.974,55.287],[23.006,55.281],[23.024,55.275],[22.996,55.253],[23.003,55.253],[23.009,55.254],[23.044,55.252],[23.059,55.251],[23.065,55.25],[23.072,55.263],[23.082,55.264],[23.099,55.26],[23.103,55.255],[23.12,55.257],[23.125,55.259],[23.134,55.26],[23.141,55.261],[23.154,55.268],[23.162,55.268],[23.169,55.265],[23.18,55.268],[23.185,55.25],[23.185,55.245],[23.18,55.242],[23.182,55.233],[23.192,55.233],[23.202,55.234],[23.21,55.237],[23.211,55.23],[23.235,55.231],[23.238,55.234],[23.26,55.232],[23.263,55.233],[23.271,55.23],[23.28,55.23],[23.294,55.23],[23.298,55.238],[23.303,55.236],[23.321,55.239],[23.334,55.24],[23.357,55.239],[23.361,55.233],[23.364,55.224],[23.36,55.215],[23.376,55.21],[23.384,55.211],[23.395,55.215],[23.407,55.205],[23.411,55.209],[23.43,55.214],[23.439,55.215],[23.442,55.211],[23.441,55.208],[23.504,55.193],[23.499,55.19],[23.492,55.184],[23.492,55.181],[23.488,55.176],[23.487,55.171],[23.482,55.169],[23.484,55.167],[23.481,55.164],[23.479,55.156],[23.482,55.152],[23.478,55.149],[23.478,55.147],[23.483,55.145],[23.48,55.142],[23.481,55.136],[23.479,55.13],[23.481,55.125],[23.473,55.12],[23.474,55.117],[23.472,55.113],[23.468,55.111],[23.463,55.112],[23.461,55.108],[23.454,55.104],[23.441,55.091],[23.442,55.086],[23.439,55.083],[23.432,55.084],[23.429,55.081],[23.412,55.074],[23.418,55.073],[23.43,55.071],[23.439,55.068],[23.447,55.063],[23.459,55.056],[23.47,55.051],[23.489,55.047],[23.5,55.045],[23.528,55.043],[23.552,55.043],[23.562,55.042],[23.578,55.037],[23.585,55.033],[23.588,55.028],[23.586,55.018],[23.584,55.015],[23.588,55.009],[23.582,55.001],[23.575,55],[23.562,54.999],[23.554,55],[23.544,55.002],[23.537,54.999],[23.535,54.994],[23.531,54.994],[23.525,54.983],[23.506,54.973],[23.499,54.973],[23.488,54.971],[23.481,54.973],[23.46,54.978],[23.451,54.979],[23.442,54.977],[23.416,54.955],[23.402,54.959],[23.391,54.949],[23.394,54.949]]]}},{"type":"Feature","properties":{"id":203,"name":"Klaipėdos apskritis","bbox":[20.954,55.181,22.025,56.385]},"geometry":{"type":"Polygon","coordinates":[[[21.103,55.667],[21.105,55.644],[21.106,55.628],[21.106,55.611],[21.105,55.595],[21.1,55.552],[21.098,55.536],[21.093,55.517],[21.083,55.49],[21.074,55.467],[21.069,55.45],[21.06,55.429],[21.047,55.405],[21.028,55.375],[21.017,55.359],[21.012,55.353],[20.994,55.327],[20.963,55.289],[20.954,55.281],[20.984,55.278],[21.098,55.256],[21.263,55.246],[21.271,55.245],[21.284,55.25],[21.294,55.252],[21.303,55.256],[21.306,55.261],[21.32,55.266],[21.331,55.275],[21.345,55.278],[21.356,55.285],[21.374,55.287],[21.378,55.293],[21.384,55.294],[21.392,55.289],[21.401,55.281],[21.407,55.278],[21.413,55.267],[21.42,55.26],[21.43,55.253],[21.433,55.25],[21.437,55.238],[21.449,55.221],[21.456,55.217],[21.474,55.209],[21.488,55.201],[21.495,55.191],[21.499,55.188],[21.507,55.185],[21.515,55.185],[21.522,55.187],[21.531,55.193],[21.539,55.196],[21.547,55.197],[21.563,55.198],[21.572,55.198],[21.581,55.195],[21.589,55.19],[21.595,55.188],[21.614,55.187],[21.633,55.183],[21.65,55.181],[21.655,55.182],[21.662,55.181],[21.669,55.182],[21.666,55.187],[21.661,55.188],[21.667,55.2],[21.68,55.2],[21.681,55.199],[21.691,55.205],[21.691,55.212],[21.701,55.212],[21.721,55.211],[21.73,55.212],[21.733,55.216],[21.738,55.217],[21.73,55.222],[21.735,55.226],[21.748,55.229],[21.765,55.227],[21.766,55.229],[21.779,55.225],[21.792,55.23],[21.803,55.225],[21.809,55.224],[21.82,55.22],[21.812,55.213],[21.826,55.212],[21.866,55.203],[21.872,55.216],[21.877,55.23],[21.874,55.233],[21.883,55.238],[21.869,55.246],[21.862,55.25],[21.857,55.26],[21.858,55.262],[21.85,55.27],[21.856,55.279],[21.864,55.283],[21.867,55.288],[21.873,55.291],[21.872,55.294],[21.884,55.297],[21.888,55.291],[21.896,55.288],[21.934,55.318],[21.951,55.327],[21.952,55.33],[21.953,55.339],[21.959,55.341],[21.966,55.34],[21.989,55.35],[21.993,55.354],[21.999,55.354],[22.014,55.381],[22.02,55.385],[22.021,55.389],[22.025,55.394],[22.015,55.396],[22.011,55.399],[22.02,55.402],[22.022,55.409],[22.02,55.411],[22.015,55.413],[22.01,55.41],[22.01,55.408],[22.003,55.407],[22,55.424],[21.971,55.423],[21.92,55.436],[21.872,55.423],[21.865,55.465],[21.867,55.466],[21.857,55.486],[21.85,55.499],[21.845,55.497],[21.836,55.495],[21.834,55.499],[21.835,55.502],[21.827,55.518],[21.822,55.518],[21.827,55.523],[21.826,55.525],[21.83,55.528],[21.825,55.533],[21.828,55.537],[21.835,55.542],[21.835,55.546],[21.825,55.55],[21.824,55.548],[21.815,55.547],[21.809,55.549],[21.817,55.556],[21.835,55.57],[21.843,55.569],[21.846,55.572],[21.851,55.574],[21.858,55.571],[21.872,55.576],[21.882,55.582],[21.869,55.587],[21.88,55.597],[21.842,55.613],[21.841,55.616],[21.844,55.618],[21.811,55.618],[21.815,55.623],[21.809,55.629],[21.807,55.637],[21.797,55.639],[21.789,55.642],[21.782,55.648],[21.787,55.649],[21.795,55.646],[21.799,55.647],[21.798,55.651],[21.791,55.652],[21.788,55.66],[21.782,55.662],[21.791,55.669],[21.788,55.671],[21.794,55.681],[21.791,55.683],[21.797,55.685],[21.803,55.689],[21.789,55.691],[21.786,55.696],[21.781,55.702],[21.767,55.701],[21.758,55.711],[21.751,55.712],[21.755,55.719],[21.754,55.722],[21.758,55.726],[21.769,55.73],[21.76,55.737],[21.763,55.75],[21.742,55.759],[21.739,55.755],[21.729,55.75],[21.722,55.755],[21.713,55.749],[21.701,55.752],[21.671,55.759],[21.667,55.761],[21.662,55.758],[21.661,55.755],[21.653,55.751],[21.647,55.749],[21.638,55.753],[21.635,55.752],[21.626,55.755],[21.629,55.76],[21.628,55.768],[21.638,55.768],[21.64,55.772],[21.63,55.771],[21.626,55.774],[21.629,55.777],[21.628,55.785],[21.623,55.785],[21.622,55.788],[21.617,55.791],[21.612,55.792],[21.608,55.796],[21.6,55.798],[21.6,55.803],[21.606,55.805],[21.603,55.809],[21.604,55.813],[21.598,55.818],[21.595,55.814],[21.598,55.813],[21.596,55.807],[21.588,55.803],[21.572,55.803],[21.562,55.805],[21.557,55.802],[21.56,55.799],[21.547,55.799],[21.538,55.801],[21.535,55.804],[21.526,55.804],[21.523,55.806],[21.512,55.809],[21.518,55.817],[21.523,55.82],[21.521,55.822],[21.527,55.829],[21.527,55.832],[21.538,55.838],[21.536,55.843],[21.541,55.85],[21.555,55.847],[21.556,55.854],[21.558,55.862],[21.574,55.864],[21.586,55.86],[21.591,55.861],[21.591,55.864],[21.586,55.867],[21.59,55.873],[21.587,55.876],[21.59,55.879],[21.597,55.882],[21.599,55.884],[21.606,55.882],[21.619,55.881],[21.625,55.89],[21.621,55.89],[21.619,55.896],[21.603,55.903],[21.596,55.902],[21.594,55.905],[21.587,55.908],[21.58,55.907],[21.574,55.912],[21.575,55.919],[21.588,55.916],[21.594,55.917],[21.594,55.92],[21.593,55.939],[21.589,55.943],[21.582,55.944],[21.6,55.974],[21.572,55.98],[21.587,56.002],[21.597,55.999],[21.607,56.001],[21.615,55.999],[21.615,55.997],[21.622,55.996],[21.625,55.997],[21.63,56.005],[21.638,56.003],[21.652,56.019],[21.666,56.039],[21.672,56.038],[21.678,56.039],[21.677,56.044],[21.682,56.043],[21.7,56.07],[21.704,56.077],[21.723,56.073],[21.747,56.108],[21.759,56.105],[21.761,56.108],[21.771,56.105],[21.774,56.109],[21.809,56.101],[21.828,56.098],[21.83,56.101],[21.829,56.117],[21.83,56.123],[21.823,56.127],[21.827,56.131],[21.847,56.131],[21.845,56.124],[21.899,56.12],[21.899,56.115],[21.903,56.114],[21.904,56.111],[21.916,56.113],[21.925,56.118],[21.918,56.121],[21.926,56.128],[21.926,56.132],[21.935,56.133],[21.941,56.159],[21.945,56.176],[21.957,56.175],[21.963,56.2],[22.013,56.196],[22.018,56.212],[22,56.223],[22.005,56.225],[22.003,56.23],[21.997,56.233],[21.991,56.249],[21.982,56.252],[21.977,56.268],[21.969,56.27],[21.974,56.289],[21.973,56.292],[21.976,56.298],[21.981,56.315],[21.967,56.316],[21.968,56.319],[21.956,56.317],[21.932,56.319],[21.938,56.339],[21.939,56.348],[21.94,56.351],[21.971,56.349],[21.976,56.366],[21.972,56.367],[21.98,56.379],[21.978,56.385],[21.974,56.378],[21.97,56.377],[21.962,56.378],[21.958,56.382],[21.954,56.382],[21.946,56.377],[21.945,56.375],[21.92,56.372],[21.919,56.368],[21.904,56.366],[21.88,56.364],[21.873,56.361],[21.869,56.363],[21.866,56.366],[21.85,56.37],[21.836,56.372],[21.824,56.365],[21.814,56.362],[21.808,56.362],[21.806,56.356],[21.799,56.35],[21.792,56.349],[21.789,56.345],[21.779,56.341],[21.767,56.338],[21.757,56.337],[21.755,56.335],[21.747,56.333],[21.741,56.33],[21.734,56.322],[21.726,56.319],[21.726,56.315],[21.722,56.314],[21.715,56.314],[21.707,56.313],[21.699,56.314],[21.694,56.312],[21.685,56.313],[21.67,56.312],[21.66,56.319],[21.652,56.317],[21.648,56.32],[21.64,56.32],[21.637,56.322],[21.611,56.325],[21.598,56.324],[21.593,56.322],[21.586,56.322],[21.58,56.32],[21.577,56.315],[21.564,56.317],[21.562,56.312],[21.556,56.308],[21.557,56.305],[21.542,56.298],[21.534,56.293],[21.524,56.294],[21.522,56.292],[21.514,56.292],[21.496,56.292],[21.483,56.282],[21.473,56.274],[21.467,56.271],[21.465,56.261],[21.458,56.255],[21.453,56.249],[21.44,56.246],[21.431,56.241],[21.417,56.242],[21.406,56.236],[21.379,56.228],[21.355,56.225],[21.34,56.219],[21.331,56.219],[21.322,56.215],[21.315,56.208],[21.306,56.202],[21.3,56.195],[21.298,56.192],[21.283,56.185],[21.282,56.18],[21.273,56.172],[21.268,56.172],[21.267,56.169],[21.258,56.168],[21.241,56.163],[21.231,56.163],[21.226,56.156],[21.23,56.15],[21.228,56.146],[21.231,56.143],[21.23,56.137],[21.235,56.136],[21.239,56.13],[21.236,56.129],[21.239,56.124],[21.233,56.119],[21.234,56.115],[21.225,56.113],[21.221,56.109],[21.224,56.106],[21.224,56.103],[21.219,56.102],[21.212,56.096],[21.213,56.091],[21.209,56.085],[21.201,56.077],[21.187,56.076],[21.182,56.075],[21.176,56.08],[21.162,56.086],[21.154,56.084],[21.145,56.083],[21.143,56.08],[21.123,56.077],[21.065,56.069],[21.071,56.05],[21.072,56.04],[21.072,56.034],[21.069,56.028],[21.071,56.017],[21.072,56.007],[21.071,55.974],[21.068,55.962],[21.064,55.95],[21.056,55.931],[21.054,55.925],[21.049,55.92],[21.05,55.913],[21.05,55.903],[21.053,55.887],[21.052,55.879],[21.054,55.876],[21.057,55.868],[21.058,55.855],[21.059,55.845],[21.059,55.84],[21.064,55.82],[21.067,55.797],[21.07,55.785],[21.075,55.774],[21.08,55.761],[21.082,55.753],[21.086,55.732],[21.082,55.726],[21.094,55.722],[21.094,55.718],[21.098,55.702],[21.102,55.683],[21.103,55.667]]]}},{"type":"Feature","properties":{"id":204,"name":"Marijampolės apskritis","bbox":[22.589,54.253,23.794,55.105]},"geometry":{"type":"Polygon","coordinates":[[[23.002,54.384],[23.01,54.383],[22.994,54.362],[23.009,54.356],[23.027,54.352],[23.048,54.349],[23.058,54.345],[23.063,54.341],[23.051,54.334],[23.046,54.327],[23.042,54.316],[23.051,54.312],[23.061,54.31],[23.092,54.298],[23.1,54.299],[23.107,54.304],[23.128,54.311],[23.14,54.316],[23.16,54.31],[23.154,54.297],[23.17,54.295],[23.176,54.291],[23.202,54.289],[23.206,54.283],[23.211,54.278],[23.224,54.272],[23.234,54.261],[23.239,54.26],[23.249,54.257],[23.259,54.259],[23.282,54.261],[23.289,54.257],[23.297,54.256],[23.301,54.256],[23.322,54.253],[23.323,54.27],[23.331,54.27],[23.332,54.278],[23.312,54.296],[23.343,54.308],[23.345,54.311],[23.339,54.318],[23.338,54.329],[23.346,54.332],[23.344,54.339],[23.348,54.346],[23.358,54.345],[23.369,54.351],[23.366,54.353],[23.365,54.359],[23.392,54.363],[23.399,54.367],[23.444,54.366],[23.443,54.371],[23.439,54.378],[23.439,54.385],[23.436,54.39],[23.441,54.391],[23.44,54.394],[23.431,54.399],[23.432,54.401],[23.455,54.4],[23.488,54.415],[23.512,54.414],[23.51,54.463],[23.511,54.466],[23.514,54.468],[23.531,54.466],[23.537,54.471],[23.562,54.473],[23.598,54.487],[23.613,54.487],[23.615,54.489],[23.614,54.493],[23.618,54.495],[23.617,54.5],[23.624,54.508],[23.64,54.513],[23.657,54.512],[23.662,54.509],[23.669,54.503],[23.669,54.499],[23.672,54.494],[23.676,54.484],[23.684,54.474],[23.714,54.484],[23.725,54.473],[23.751,54.466],[23.755,54.469],[23.752,54.47],[23.758,54.479],[23.761,54.478],[23.769,54.481],[23.784,54.491],[23.782,54.497],[23.788,54.501],[23.794,54.503],[23.783,54.511],[23.776,54.514],[23.771,54.519],[23.759,54.526],[23.758,54.532],[23.757,54.541],[23.755,54.544],[23.75,54.55],[23.722,54.545],[23.724,54.543],[23.705,54.541],[23.702,54.542],[23.696,54.555],[23.692,54.559],[23.687,54.56],[23.681,54.56],[23.679,54.562],[23.658,54.583],[23.674,54.587],[23.687,54.589],[23.699,54.593],[23.675,54.616],[23.667,54.614],[23.65,54.614],[23.637,54.613],[23.649,54.622],[23.647,54.624],[23.629,54.621],[23.625,54.629],[23.673,54.639],[23.673,54.64],[23.657,54.645],[23.66,54.65],[23.656,54.653],[23.664,54.657],[23.673,54.657],[23.673,54.662],[23.668,54.663],[23.669,54.666],[23.662,54.682],[23.656,54.689],[23.633,54.71],[23.663,54.72],[23.637,54.746],[23.648,54.759],[23.644,54.769],[23.635,54.769],[23.623,54.766],[23.613,54.761],[23.586,54.761],[23.587,54.767],[23.598,54.766],[23.609,54.772],[23.618,54.773],[23.625,54.781],[23.633,54.787],[23.624,54.79],[23.623,54.795],[23.627,54.797],[23.632,54.795],[23.642,54.804],[23.619,54.817],[23.618,54.819],[23.608,54.824],[23.625,54.84],[23.613,54.847],[23.598,54.853],[23.594,54.848],[23.589,54.844],[23.58,54.845],[23.58,54.855],[23.574,54.854],[23.568,54.856],[23.571,54.859],[23.545,54.867],[23.551,54.873],[23.575,54.869],[23.581,54.873],[23.581,54.877],[23.544,54.893],[23.542,54.896],[23.506,54.887],[23.51,54.88],[23.503,54.88],[23.499,54.883],[23.501,54.886],[23.489,54.887],[23.483,54.888],[23.479,54.891],[23.475,54.929],[23.394,54.949],[23.391,54.949],[23.402,54.959],[23.416,54.955],[23.442,54.977],[23.451,54.979],[23.46,54.978],[23.481,54.973],[23.488,54.971],[23.499,54.973],[23.506,54.973],[23.525,54.983],[23.531,54.994],[23.535,54.994],[23.537,54.999],[23.544,55.002],[23.554,55],[23.562,54.999],[23.575,55],[23.582,55.001],[23.588,55.009],[23.584,55.015],[23.586,55.018],[23.588,55.028],[23.585,55.033],[23.578,55.037],[23.562,55.042],[23.552,55.043],[23.528,55.043],[23.5,55.045],[23.489,55.047],[23.47,55.051],[23.459,55.056],[23.447,55.063],[23.439,55.068],[23.43,55.071],[23.418,55.073],[23.412,55.074],[23.395,55.075],[23.386,55.075],[23.375,55.074],[23.357,55.069],[23.336,55.067],[23.323,55.067],[23.301,55.07],[23.275,55.075],[23.253,55.078],[23.234,55.079],[23.215,55.082],[23.2,55.086],[23.185,55.089],[23.168,55.09],[23.152,55.089],[23.14,55.089],[23.121,55.091],[23.1,55.097],[23.083,55.1],[23.071,55.103],[23.062,55.105],[23.049,55.105],[23.019,55.102],[23.006,55.1],[22.976,55.092],[22.963,55.087],[22.946,55.083],[22.933,55.082],[22.905,55.083],[22.897,55.084],[22.88,55.089],[22.874,55.09],[22.857,55.089],[22.841,55.086],[22.834,55.084],[22.823,55.079],[22.811,55.075],[22.804,55.075],[22.785,55.077],[22.775,55.075],[22.767,55.07],[22.751,55.062],[22.737,55.058],[22.714,55.058],[22.693,55.056],[22.672,55.051],[22.656,55.049],[22.648,55.049],[22.635,55.052],[22.628,55.055],[22.619,55.061],[22.601,55.066],[22.589,55.07],[22.592,55.06],[22.59,55.054],[22.597,55.046],[22.597,55.037],[22.595,55.034],[22.598,55.023],[22.603,55.02],[22.604,55.013],[22.614,55.013],[22.615,55.01],[22.625,55.004],[22.628,54.998],[22.627,54.996],[22.635,54.99],[22.636,54.985],[22.643,54.984],[22.641,54.978],[22.642,54.972],[22.653,54.965],[22.66,54.967],[22.664,54.965],[22.668,54.968],[22.664,54.971],[22.665,54.974],[22.659,54.979],[22.659,54.982],[22.665,54.986],[22.671,54.988],[22.681,54.986],[22.687,54.981],[22.688,54.976],[22.69,54.971],[22.695,54.971],[22.702,54.974],[22.707,54.974],[22.712,54.969],[22.726,54.963],[22.73,54.96],[22.728,54.955],[22.733,54.948],[22.741,54.944],[22.741,54.941],[22.748,54.938],[22.761,54.938],[22.767,54.935],[22.766,54.933],[22.756,54.93],[22.749,54.924],[22.755,54.918],[22.763,54.917],[22.767,54.923],[22.778,54.925],[22.784,54.925],[22.789,54.92],[22.788,54.91],[22.789,54.907],[22.798,54.902],[22.81,54.91],[22.816,54.912],[22.822,54.911],[22.825,54.907],[22.835,54.904],[22.836,54.899],[22.842,54.899],[22.847,54.896],[22.847,54.891],[22.855,54.888],[22.855,54.885],[22.848,54.881],[22.844,54.875],[22.843,54.87],[22.84,54.868],[22.841,54.863],[22.859,54.858],[22.87,54.852],[22.865,54.849],[22.864,54.846],[22.86,54.844],[22.859,54.839],[22.864,54.836],[22.872,54.835],[22.877,54.833],[22.88,54.826],[22.878,54.823],[22.872,54.823],[22.871,54.82],[22.876,54.819],[22.881,54.816],[22.886,54.815],[22.885,54.811],[22.878,54.811],[22.873,54.805],[22.875,54.8],[22.872,54.798],[22.874,54.795],[22.878,54.793],[22.874,54.789],[22.862,54.788],[22.854,54.79],[22.849,54.786],[22.86,54.778],[22.859,54.777],[22.848,54.774],[22.85,54.772],[22.843,54.767],[22.84,54.769],[22.83,54.769],[22.828,54.765],[22.822,54.766],[22.814,54.767],[22.813,54.763],[22.807,54.759],[22.816,54.755],[22.812,54.752],[22.806,54.753],[22.807,54.748],[22.801,54.747],[22.793,54.754],[22.786,54.752],[22.785,54.75],[22.774,54.751],[22.774,54.746],[22.768,54.74],[22.763,54.738],[22.761,54.735],[22.749,54.732],[22.742,54.728],[22.746,54.726],[22.74,54.719],[22.739,54.716],[22.747,54.71],[22.746,54.706],[22.742,54.703],[22.738,54.703],[22.73,54.698],[22.726,54.69],[22.727,54.682],[22.73,54.679],[22.738,54.68],[22.74,54.675],[22.739,54.671],[22.73,54.67],[22.731,54.666],[22.738,54.664],[22.738,54.661],[22.742,54.658],[22.756,54.654],[22.757,54.652],[22.754,54.647],[22.746,54.647],[22.742,54.643],[22.75,54.639],[22.748,54.635],[22.749,54.631],[22.743,54.627],[22.728,54.623],[22.721,54.617],[22.722,54.615],[22.72,54.607],[22.706,54.603],[22.698,54.595],[22.686,54.591],[22.684,54.583],[22.687,54.58],[22.7,54.576],[22.701,54.569],[22.708,54.565],[22.713,54.564],[22.707,54.56],[22.703,54.554],[22.694,54.55],[22.692,54.542],[22.686,54.539],[22.681,54.533],[22.684,54.53],[22.682,54.524],[22.685,54.518],[22.691,54.515],[22.694,54.51],[22.699,54.507],[22.696,54.505],[22.698,54.493],[22.697,54.49],[22.699,54.482],[22.703,54.476],[22.704,54.466],[22.702,54.453],[22.736,54.443],[22.766,54.387],[22.774,54.379],[22.789,54.369],[22.792,54.363],[22.811,54.371],[22.817,54.38],[22.836,54.406],[22.849,54.407],[22.855,54.41],[22.868,54.408],[22.883,54.41],[22.888,54.409],[22.887,54.4],[22.898,54.4],[22.902,54.399],[22.935,54.396],[22.949,54.393],[22.965,54.391],[22.984,54.39],[22.985,54.385],[23.002,54.384]]]}},{"type":"Feature","properties":{"id":205,"name":"Panevėžio apskritis","bbox":[23.88,55.387,26.046,56.45]},"geometry":{"type":"Polygon","coordinates":[[[24.716,55.721],[24.723,55.725],[24.735,55.716],[24.749,55.713],[24.757,55.717],[24.762,55.717],[24.776,55.711],[24.791,55.71],[24.805,55.715],[24.828,55.723],[24.842,55.717],[24.844,55.712],[24.854,55.704],[24.863,55.709],[24.869,55.706],[24.871,55.717],[24.867,55.72],[24.889,55.722],[24.89,55.726],[24.913,55.723],[24.925,55.718],[24.937,55.719],[24.95,55.724],[24.963,55.731],[24.97,55.736],[24.98,55.736],[24.996,55.731],[24.998,55.726],[25.004,55.728],[25.01,55.732],[25.028,55.726],[25.045,55.724],[25.055,55.721],[25.064,55.716],[25.078,55.719],[25.086,55.714],[25.095,55.715],[25.085,55.709],[25.086,55.704],[25.091,55.703],[25.087,55.7],[25.1,55.682],[25.211,55.707],[25.239,55.713],[25.239,55.714],[25.266,55.717],[25.281,55.709],[25.293,55.703],[25.3,55.702],[25.311,55.714],[25.302,55.715],[25.298,55.717],[25.296,55.733],[25.321,55.737],[25.332,55.734],[25.334,55.732],[25.342,55.742],[25.349,55.747],[25.353,55.746],[25.361,55.754],[25.365,55.758],[25.365,55.762],[25.376,55.76],[25.391,55.764],[25.395,55.758],[25.403,55.758],[25.424,55.751],[25.441,55.739],[25.465,55.731],[25.473,55.743],[25.503,55.736],[25.498,55.73],[25.496,55.726],[25.519,55.721],[25.537,55.719],[25.543,55.731],[25.563,55.728],[25.568,55.726],[25.583,55.722],[25.59,55.731],[25.593,55.738],[25.6,55.743],[25.607,55.743],[25.605,55.739],[25.609,55.738],[25.612,55.734],[25.618,55.737],[25.645,55.73],[25.66,55.736],[25.659,55.738],[25.666,55.741],[25.676,55.741],[25.68,55.74],[25.683,55.734],[25.685,55.725],[25.682,55.723],[25.686,55.715],[25.701,55.723],[25.704,55.726],[25.713,55.731],[25.719,55.741],[25.725,55.74],[25.729,55.745],[25.73,55.752],[25.728,55.757],[25.722,55.756],[25.722,55.759],[25.727,55.76],[25.726,55.764],[25.732,55.779],[25.745,55.779],[25.746,55.784],[25.753,55.786],[25.758,55.783],[25.77,55.781],[25.773,55.779],[25.781,55.777],[25.784,55.778],[25.79,55.774],[25.802,55.771],[25.81,55.772],[25.817,55.771],[25.823,55.773],[25.824,55.778],[25.828,55.781],[25.829,55.789],[25.832,55.789],[25.834,55.792],[25.838,55.796],[25.837,55.802],[25.833,55.803],[25.835,55.806],[25.831,55.811],[25.825,55.814],[25.829,55.816],[25.836,55.811],[25.841,55.812],[25.841,55.816],[25.843,55.822],[25.841,55.826],[25.842,55.832],[25.849,55.834],[25.857,55.832],[25.862,55.828],[25.867,55.829],[25.871,55.826],[25.866,55.823],[25.872,55.821],[25.882,55.822],[25.891,55.819],[25.907,55.824],[25.914,55.827],[25.906,55.829],[25.905,55.832],[25.906,55.837],[25.898,55.835],[25.894,55.839],[25.896,55.841],[25.903,55.842],[25.905,55.845],[25.902,55.848],[25.905,55.851],[25.903,55.862],[25.916,55.863],[25.964,55.867],[25.974,55.87],[25.966,55.871],[25.963,55.873],[25.966,55.877],[25.973,55.879],[25.971,55.882],[25.978,55.886],[25.985,55.886],[25.988,55.89],[25.981,55.897],[25.97,55.906],[25.966,55.91],[25.97,55.922],[25.978,55.924],[26,55.935],[26.006,55.943],[26.016,55.942],[26.034,55.944],[26.046,55.945],[26.046,55.954],[26.01,55.967],[26,55.963],[25.997,55.966],[25.991,55.969],[25.989,55.974],[25.98,55.976],[25.979,55.979],[25.974,55.982],[25.961,55.983],[25.955,55.985],[25.946,55.985],[25.945,55.988],[25.901,55.997],[25.899,55.999],[25.892,56.001],[25.86,56],[25.849,56.008],[25.86,56.015],[25.859,56.023],[25.85,56.03],[25.839,56.03],[25.835,56.033],[25.825,56.044],[25.82,56.055],[25.801,56.059],[25.761,56.064],[25.752,56.071],[25.737,56.077],[25.725,56.078],[25.717,56.081],[25.703,56.082],[25.688,56.086],[25.687,56.093],[25.695,56.095],[25.699,56.101],[25.693,56.104],[25.7,56.119],[25.676,56.13],[25.685,56.144],[25.673,56.149],[25.665,56.143],[25.651,56.135],[25.634,56.135],[25.624,56.136],[25.602,56.134],[25.565,56.14],[25.551,56.162],[25.536,56.165],[25.522,56.163],[25.51,56.159],[25.507,56.155],[25.505,56.145],[25.48,56.143],[25.454,56.147],[25.455,56.153],[25.432,56.154],[25.421,56.145],[25.403,56.149],[25.404,56.158],[25.353,56.153],[25.337,56.154],[25.315,56.145],[25.304,56.149],[25.297,56.154],[25.293,56.154],[25.279,56.158],[25.27,56.17],[25.255,56.173],[25.25,56.18],[25.248,56.185],[25.238,56.187],[25.234,56.192],[25.228,56.192],[25.215,56.187],[25.2,56.176],[25.188,56.177],[25.18,56.176],[25.171,56.174],[25.15,56.175],[25.143,56.18],[25.137,56.18],[25.127,56.184],[25.118,56.184],[25.111,56.186],[25.105,56.184],[25.092,56.186],[25.09,56.188],[25.086,56.196],[25.076,56.195],[25.078,56.198],[25.074,56.203],[25.075,56.205],[25.07,56.211],[25.072,56.215],[25.075,56.218],[25.067,56.226],[25.063,56.227],[25.069,56.238],[25.067,56.242],[25.06,56.242],[25.059,56.246],[25.064,56.25],[25.058,56.252],[25.056,56.256],[25.059,56.259],[25.055,56.262],[25.056,56.266],[25.042,56.269],[25.044,56.271],[25.041,56.274],[25.033,56.272],[25.026,56.276],[25.019,56.277],[25.019,56.282],[25.014,56.284],[25.016,56.291],[25.01,56.295],[25.002,56.295],[24.991,56.299],[24.988,56.305],[24.977,56.31],[24.973,56.311],[24.974,56.318],[24.97,56.32],[24.968,56.327],[24.971,56.334],[24.968,56.334],[24.971,56.338],[24.967,56.344],[24.969,56.35],[24.972,56.351],[24.969,56.358],[24.971,56.362],[24.969,56.366],[24.964,56.369],[24.961,56.368],[24.955,56.37],[24.95,56.377],[24.943,56.378],[24.94,56.381],[24.936,56.39],[24.922,56.404],[24.918,56.402],[24.915,56.406],[24.909,56.41],[24.902,56.418],[24.904,56.422],[24.912,56.426],[24.913,56.43],[24.919,56.435],[24.917,56.441],[24.908,56.443],[24.907,56.446],[24.9,56.447],[24.89,56.447],[24.887,56.45],[24.872,56.449],[24.867,56.446],[24.867,56.443],[24.858,56.437],[24.851,56.436],[24.853,56.433],[24.852,56.428],[24.854,56.424],[24.862,56.422],[24.863,56.418],[24.862,56.416],[24.848,56.413],[24.84,56.414],[24.834,56.411],[24.824,56.411],[24.824,56.416],[24.822,56.418],[24.809,56.422],[24.801,56.42],[24.803,56.417],[24.803,56.412],[24.788,56.405],[24.783,56.402],[24.777,56.403],[24.775,56.399],[24.766,56.402],[24.763,56.404],[24.756,56.403],[24.75,56.404],[24.741,56.4],[24.734,56.401],[24.726,56.403],[24.715,56.401],[24.711,56.401],[24.702,56.404],[24.699,56.397],[24.705,56.388],[24.695,56.38],[24.686,56.376],[24.676,56.377],[24.671,56.376],[24.661,56.377],[24.655,56.376],[24.648,56.378],[24.639,56.376],[24.63,56.376],[24.627,56.373],[24.631,56.367],[24.624,56.362],[24.624,56.359],[24.628,56.355],[24.627,56.349],[24.624,56.346],[24.616,56.345],[24.608,56.34],[24.608,56.336],[24.602,56.334],[24.597,56.335],[24.587,56.332],[24.582,56.324],[24.577,56.323],[24.576,56.316],[24.583,56.306],[24.58,56.288],[24.565,56.289],[24.537,56.283],[24.519,56.281],[24.504,56.276],[24.484,56.269],[24.462,56.266],[24.46,56.26],[24.454,56.258],[24.423,56.261],[24.392,56.278],[24.38,56.279],[24.358,56.272],[24.353,56.279],[24.347,56.285],[24.346,56.292],[24.342,56.295],[24.328,56.3],[24.312,56.301],[24.306,56.299],[24.295,56.298],[24.285,56.3],[24.29,56.286],[24.27,56.283],[24.258,56.277],[24.24,56.278],[24.201,56.267],[24.177,56.251],[24.155,56.254],[24.152,56.253],[24.151,56.247],[24.149,56.245],[24.142,56.244],[24.13,56.245],[24.123,56.24],[24.123,56.236],[24.135,56.234],[24.135,56.227],[24.148,56.225],[24.148,56.216],[24.131,56.213],[24.132,56.204],[24.137,56.202],[24.142,56.203],[24.169,56.195],[24.163,56.187],[24.159,56.187],[24.151,56.175],[24.152,56.167],[24.182,56.171],[24.181,56.162],[24.182,56.16],[24.173,56.146],[24.179,56.142],[24.174,56.139],[24.171,56.132],[24.179,56.132],[24.18,56.128],[24.175,56.126],[24.165,56.126],[24.164,56.124],[24.152,56.122],[24.138,56.121],[24.133,56.123],[24.128,56.122],[24.126,56.116],[24.129,56.11],[24.116,56.109],[24.12,56.095],[24.116,56.095],[24.103,56.082],[24.105,56.078],[24.109,56.077],[24.104,56.074],[24.096,56.074],[24.088,56.071],[24.082,56.071],[24.074,56.069],[24.075,56.058],[24.075,56.05],[24.071,56.044],[24.071,56.039],[24.069,56.032],[24.063,56.026],[24.055,56.029],[24.055,56.034],[24.04,56.038],[24.037,56.021],[24.042,56.018],[24.043,56.013],[24.023,55.999],[24.03,55.993],[24.028,55.988],[24.028,55.981],[24.014,55.965],[24.013,55.961],[24.019,55.955],[24.037,55.958],[24.036,55.952],[24.05,55.954],[24.056,55.942],[24.095,55.943],[24.097,55.94],[24.096,55.927],[24.093,55.912],[24.086,55.906],[24.082,55.906],[24.083,55.899],[24.079,55.899],[24.076,55.896],[24.076,55.888],[24.079,55.885],[24.083,55.886],[24.084,55.88],[24.085,55.876],[24.061,55.873],[24.062,55.869],[24.06,55.865],[24.034,55.863],[24.036,55.851],[24.004,55.854],[24.012,55.844],[24.015,55.838],[23.971,55.842],[23.961,55.841],[23.963,55.837],[23.96,55.836],[23.959,55.831],[23.961,55.828],[23.965,55.812],[23.967,55.802],[23.97,55.798],[23.976,55.798],[23.978,55.79],[23.984,55.782],[23.987,55.782],[24.003,55.787],[24.011,55.786],[24.016,55.783],[24.019,55.777],[24.022,55.775],[24.027,55.767],[24.025,55.761],[24.018,55.762],[24.018,55.758],[24.013,55.758],[24.013,55.754],[24.016,55.751],[24.027,55.754],[24.032,55.751],[24.031,55.745],[24.047,55.745],[24.041,55.732],[24.043,55.729],[24.043,55.723],[24.037,55.725],[24.033,55.724],[24.03,55.711],[24.047,55.71],[24.046,55.706],[24.063,55.704],[24.06,55.697],[24.067,55.696],[24.059,55.688],[24.032,55.691],[24.026,55.681],[24.019,55.682],[24.012,55.673],[24.013,55.67],[24.023,55.666],[24.024,55.651],[24.028,55.647],[24.038,55.635],[24.033,55.631],[24.024,55.632],[24.018,55.626],[24.015,55.628],[24.001,55.628],[23.982,55.629],[23.979,55.626],[23.972,55.623],[23.974,55.616],[23.934,55.624],[23.925,55.627],[23.922,55.62],[23.924,55.615],[23.919,55.613],[23.919,55.604],[23.915,55.604],[23.915,55.597],[23.899,55.573],[23.895,55.574],[23.89,55.568],[23.887,55.563],[23.88,55.558],[23.885,55.556],[23.894,55.556],[23.897,55.56],[23.909,55.561],[23.914,55.564],[23.916,55.553],[23.912,55.548],[23.911,55.54],[23.915,55.537],[23.922,55.535],[23.941,55.51],[23.947,55.506],[23.955,55.508],[23.957,55.504],[23.972,55.508],[23.971,55.512],[23.987,55.515],[23.991,55.511],[24.003,55.515],[24.04,55.48],[24.054,55.476],[24.056,55.469],[24.05,55.457],[24.045,55.452],[24.044,55.449],[24.038,55.444],[24.053,55.44],[24.063,55.439],[24.092,55.444],[24.096,55.452],[24.12,55.45],[24.12,55.439],[24.132,55.435],[24.15,55.438],[24.156,55.443],[24.163,55.445],[24.164,55.451],[24.183,55.448],[24.193,55.445],[24.2,55.451],[24.203,55.467],[24.2,55.475],[24.243,55.466],[24.24,55.462],[24.243,55.454],[24.25,55.452],[24.263,55.449],[24.284,55.445],[24.301,55.439],[24.308,55.441],[24.31,55.454],[24.317,55.454],[24.317,55.446],[24.339,55.442],[24.347,55.443],[24.355,55.438],[24.364,55.441],[24.365,55.435],[24.377,55.437],[24.384,55.435],[24.388,55.43],[24.388,55.426],[24.383,55.421],[24.386,55.42],[24.385,55.414],[24.39,55.411],[24.396,55.411],[24.401,55.41],[24.403,55.407],[24.397,55.405],[24.398,55.402],[24.4,55.393],[24.408,55.389],[24.415,55.387],[24.42,55.391],[24.43,55.391],[24.436,55.391],[24.451,55.395],[24.45,55.399],[24.455,55.402],[24.478,55.401],[24.478,55.395],[24.485,55.395],[24.489,55.404],[24.488,55.406],[24.552,55.426],[24.546,55.429],[24.541,55.434],[24.543,55.436],[24.537,55.443],[24.536,55.452],[24.542,55.453],[24.535,55.458],[24.542,55.461],[24.549,55.456],[24.556,55.459],[24.567,55.452],[24.575,55.454],[24.593,55.451],[24.604,55.451],[24.63,55.455],[24.65,55.461],[24.649,55.467],[24.652,55.471],[24.647,55.479],[24.645,55.487],[24.647,55.496],[24.639,55.499],[24.629,55.511],[24.643,55.511],[24.642,55.516],[24.655,55.518],[24.656,55.522],[24.655,55.526],[24.667,55.536],[24.673,55.543],[24.674,55.552],[24.663,55.56],[24.664,55.563],[24.673,55.565],[24.675,55.568],[24.672,55.574],[24.674,55.574],[24.669,55.583],[24.678,55.601],[24.685,55.604],[24.725,55.609],[24.722,55.618],[24.722,55.628],[24.721,55.635],[24.707,55.645],[24.709,55.647],[24.703,55.651],[24.694,55.655],[24.687,55.652],[24.683,55.647],[24.679,55.646],[24.672,55.646],[24.666,55.643],[24.659,55.648],[24.662,55.654],[24.656,55.654],[24.655,55.665],[24.673,55.668],[24.675,55.665],[24.689,55.666],[24.691,55.669],[24.695,55.671],[24.699,55.67],[24.709,55.671],[24.702,55.665],[24.728,55.656],[24.731,55.657],[24.736,55.662],[24.737,55.667],[24.743,55.671],[24.748,55.671],[24.751,55.673],[24.741,55.677],[24.739,55.68],[24.719,55.681],[24.715,55.687],[24.72,55.69],[24.722,55.697],[24.72,55.698],[24.724,55.706],[24.721,55.712],[24.716,55.721]]]}},{"type":"Feature","properties":{"id":206,"name":"Šiaulių apskritis","bbox":[22.466,55.464,24.182,56.415]},"geometry":{"type":"Polygon","coordinates":[[[24.084,55.88],[24.083,55.886],[24.079,55.885],[24.076,55.888],[24.076,55.896],[24.079,55.899],[24.083,55.899],[24.082,55.906],[24.086,55.906],[24.093,55.912],[24.096,55.927],[24.097,55.94],[24.095,55.943],[24.056,55.942],[24.05,55.954],[24.036,55.952],[24.037,55.958],[24.019,55.955],[24.013,55.961],[24.014,55.965],[24.028,55.981],[24.028,55.988],[24.03,55.993],[24.023,55.999],[24.043,56.013],[24.042,56.018],[24.037,56.021],[24.04,56.038],[24.055,56.034],[24.055,56.029],[24.063,56.026],[24.069,56.032],[24.071,56.039],[24.071,56.044],[24.075,56.05],[24.075,56.058],[24.074,56.069],[24.082,56.071],[24.088,56.071],[24.096,56.074],[24.104,56.074],[24.109,56.077],[24.105,56.078],[24.103,56.082],[24.116,56.095],[24.12,56.095],[24.116,56.109],[24.129,56.11],[24.126,56.116],[24.128,56.122],[24.133,56.123],[24.138,56.121],[24.152,56.122],[24.164,56.124],[24.165,56.126],[24.175,56.126],[24.18,56.128],[24.179,56.132],[24.171,56.132],[24.174,56.139],[24.179,56.142],[24.173,56.146],[24.182,56.16],[24.181,56.162],[24.182,56.171],[24.152,56.167],[24.151,56.175],[24.159,56.187],[24.163,56.187],[24.169,56.195],[24.142,56.203],[24.137,56.202],[24.132,56.204],[24.131,56.213],[24.148,56.216],[24.148,56.225],[24.135,56.227],[24.135,56.234],[24.123,56.236],[24.123,56.24],[24.13,56.245],[24.142,56.244],[24.149,56.245],[24.151,56.247],[24.152,56.253],[24.121,56.249],[24.115,56.251],[24.119,56.257],[24.119,56.262],[24.102,56.267],[24.096,56.271],[24.098,56.277],[24.046,56.28],[24.049,56.299],[24.023,56.311],[24.019,56.33],[23.962,56.33],[23.915,56.331],[23.915,56.337],[23.913,56.339],[23.829,56.338],[23.814,56.342],[23.804,56.342],[23.795,56.339],[23.785,56.327],[23.781,56.321],[23.767,56.324],[23.768,56.333],[23.762,56.333],[23.766,56.343],[23.772,56.351],[23.772,56.355],[23.78,56.361],[23.781,56.368],[23.765,56.373],[23.759,56.371],[23.743,56.369],[23.723,56.37],[23.713,56.369],[23.704,56.366],[23.661,56.365],[23.658,56.363],[23.649,56.363],[23.63,56.36],[23.618,56.356],[23.617,56.354],[23.603,56.349],[23.583,56.345],[23.572,56.338],[23.562,56.337],[23.557,56.334],[23.545,56.332],[23.535,56.335],[23.511,56.336],[23.493,56.345],[23.481,56.348],[23.439,56.352],[23.418,56.371],[23.41,56.371],[23.388,56.379],[23.306,56.383],[23.304,56.378],[23.291,56.375],[23.279,56.372],[23.21,56.369],[23.177,56.369],[23.17,56.367],[23.181,56.358],[23.172,56.355],[23.176,56.345],[23.184,56.342],[23.184,56.337],[23.177,56.334],[23.146,56.327],[23.112,56.313],[23.115,56.308],[23.093,56.305],[23.09,56.309],[23.085,56.317],[23.07,56.324],[23.045,56.32],[23.033,56.327],[23.027,56.331],[23.027,56.335],[23.024,56.34],[23.015,56.346],[23.013,56.352],[23.005,56.368],[23.019,56.371],[23.002,56.406],[22.978,56.406],[22.969,56.414],[22.942,56.415],[22.936,56.411],[22.936,56.402],[22.932,56.401],[22.921,56.398],[22.924,56.392],[22.929,56.388],[22.919,56.379],[22.907,56.377],[22.9,56.374],[22.882,56.371],[22.869,56.371],[22.85,56.368],[22.846,56.367],[22.839,56.366],[22.826,56.367],[22.819,56.366],[22.81,56.366],[22.808,56.368],[22.778,56.368],[22.772,56.367],[22.758,56.368],[22.75,56.372],[22.74,56.372],[22.731,56.373],[22.719,56.369],[22.706,56.361],[22.705,56.358],[22.697,56.353],[22.69,56.353],[22.68,56.352],[22.673,56.354],[22.671,56.357],[22.663,56.36],[22.662,56.362],[22.654,56.362],[22.64,56.364],[22.635,56.367],[22.621,56.366],[22.613,56.359],[22.604,56.36],[22.571,56.363],[22.568,56.361],[22.572,56.352],[22.58,56.345],[22.578,56.341],[22.586,56.339],[22.588,56.337],[22.599,56.336],[22.6,56.334],[22.597,56.33],[22.588,56.314],[22.588,56.312],[22.583,56.305],[22.571,56.305],[22.58,56.3],[22.588,56.299],[22.588,56.295],[22.594,56.293],[22.603,56.293],[22.602,56.288],[22.594,56.288],[22.58,56.289],[22.579,56.285],[22.584,56.282],[22.584,56.277],[22.592,56.276],[22.594,56.271],[22.593,56.262],[22.598,56.253],[22.61,56.254],[22.625,56.249],[22.638,56.25],[22.644,56.23],[22.647,56.222],[22.627,56.222],[22.618,56.224],[22.618,56.22],[22.614,56.218],[22.622,56.214],[22.63,56.214],[22.623,56.208],[22.631,56.206],[22.622,56.202],[22.62,56.198],[22.616,56.196],[22.621,56.173],[22.588,56.17],[22.58,56.169],[22.57,56.165],[22.557,56.165],[22.556,56.162],[22.537,56.164],[22.534,56.157],[22.531,56.154],[22.537,56.152],[22.548,56.152],[22.555,56.143],[22.56,56.143],[22.566,56.141],[22.569,56.138],[22.578,56.134],[22.58,56.122],[22.586,56.119],[22.585,56.11],[22.58,56.105],[22.584,56.105],[22.593,56.101],[22.59,56.097],[22.58,56.095],[22.579,56.091],[22.613,56.086],[22.617,56.095],[22.633,56.093],[22.637,56.099],[22.632,56.102],[22.637,56.107],[22.641,56.103],[22.645,56.108],[22.654,56.106],[22.671,56.109],[22.678,56.109],[22.681,56.114],[22.693,56.112],[22.703,56.117],[22.716,56.109],[22.72,56.111],[22.725,56.108],[22.715,56.104],[22.715,56.087],[22.715,56.084],[22.721,56.082],[22.721,56.079],[22.73,56.076],[22.734,56.075],[22.738,56.069],[22.708,56.064],[22.712,56.051],[22.7,56.047],[22.687,56.048],[22.678,56.053],[22.669,56.052],[22.644,56.047],[22.641,56.035],[22.637,56.038],[22.63,56.039],[22.624,56.044],[22.621,56.043],[22.621,56.035],[22.623,56.031],[22.635,56.03],[22.636,56.025],[22.628,56.023],[22.627,56.02],[22.622,56.019],[22.624,56.016],[22.63,56.016],[22.623,56.008],[22.616,56.007],[22.615,56.004],[22.62,56],[22.612,55.996],[22.614,55.989],[22.599,55.988],[22.584,55.979],[22.596,55.97],[22.608,55.968],[22.606,55.958],[22.603,55.954],[22.606,55.951],[22.618,55.949],[22.637,55.951],[22.641,55.949],[22.659,55.951],[22.649,55.971],[22.669,55.971],[22.672,55.962],[22.678,55.95],[22.682,55.94],[22.69,55.941],[22.692,55.936],[22.697,55.932],[22.712,55.93],[22.706,55.927],[22.701,55.925],[22.677,55.922],[22.686,55.911],[22.693,55.912],[22.695,55.908],[22.689,55.907],[22.691,55.902],[22.687,55.901],[22.689,55.893],[22.682,55.893],[22.663,55.902],[22.654,55.902],[22.664,55.88],[22.658,55.876],[22.66,55.871],[22.644,55.871],[22.647,55.863],[22.632,55.861],[22.633,55.859],[22.579,55.863],[22.57,55.859],[22.567,55.856],[22.561,55.856],[22.568,55.851],[22.581,55.845],[22.581,55.842],[22.584,55.811],[22.568,55.807],[22.555,55.803],[22.548,55.802],[22.486,55.789],[22.5,55.772],[22.512,55.76],[22.523,55.757],[22.525,55.753],[22.509,55.745],[22.523,55.74],[22.52,55.733],[22.52,55.729],[22.53,55.711],[22.527,55.705],[22.528,55.695],[22.516,55.69],[22.508,55.691],[22.502,55.689],[22.495,55.693],[22.482,55.691],[22.466,55.679],[22.466,55.673],[22.478,55.661],[22.478,55.651],[22.477,55.637],[22.48,55.635],[22.492,55.632],[22.496,55.634],[22.5,55.632],[22.506,55.63],[22.505,55.626],[22.513,55.623],[22.508,55.617],[22.505,55.609],[22.509,55.607],[22.504,55.598],[22.5,55.597],[22.504,55.592],[22.502,55.589],[22.527,55.585],[22.549,55.563],[22.56,55.568],[22.579,55.569],[22.586,55.566],[22.584,55.56],[22.58,55.556],[22.577,55.548],[22.584,55.547],[22.587,55.544],[22.586,55.542],[22.596,55.535],[22.6,55.529],[22.605,55.529],[22.605,55.524],[22.62,55.522],[22.624,55.519],[22.623,55.515],[22.629,55.511],[22.637,55.51],[22.636,55.508],[22.64,55.505],[22.64,55.5],[22.648,55.5],[22.65,55.496],[22.647,55.493],[22.634,55.49],[22.623,55.486],[22.626,55.483],[22.621,55.481],[22.626,55.477],[22.637,55.477],[22.673,55.472],[22.676,55.471],[22.676,55.474],[22.681,55.477],[22.7,55.49],[22.711,55.485],[22.755,55.514],[22.766,55.508],[22.779,55.503],[22.788,55.505],[22.793,55.504],[22.81,55.505],[22.853,55.504],[22.848,55.487],[22.833,55.474],[22.837,55.468],[22.844,55.465],[22.862,55.468],[22.894,55.464],[22.909,55.47],[22.935,55.485],[22.958,55.487],[22.977,55.491],[22.988,55.492],[23.005,55.491],[23.005,55.496],[23.009,55.497],[23.011,55.494],[23.028,55.499],[23.035,55.505],[23.037,55.51],[23.041,55.511],[23.05,55.5],[23.054,55.502],[23.057,55.498],[23.064,55.5],[23.061,55.504],[23.056,55.514],[23.063,55.514],[23.063,55.507],[23.078,55.502],[23.079,55.507],[23.083,55.511],[23.081,55.513],[23.079,55.519],[23.08,55.522],[23.077,55.527],[23.079,55.53],[23.075,55.541],[23.083,55.542],[23.088,55.541],[23.096,55.542],[23.094,55.554],[23.102,55.555],[23.099,55.559],[23.097,55.565],[23.119,55.569],[23.122,55.561],[23.13,55.561],[23.127,55.556],[23.139,55.557],[23.173,55.559],[23.187,55.559],[23.191,55.562],[23.205,55.566],[23.208,55.564],[23.216,55.566],[23.22,55.569],[23.223,55.575],[23.229,55.577],[23.233,55.573],[23.226,55.563],[23.229,55.563],[23.234,55.559],[23.232,55.556],[23.236,55.552],[23.241,55.535],[23.243,55.532],[23.255,55.533],[23.261,55.527],[23.272,55.532],[23.276,55.533],[23.273,55.542],[23.281,55.543],[23.283,55.537],[23.289,55.536],[23.295,55.539],[23.312,55.545],[23.331,55.55],[23.34,55.545],[23.344,55.545],[23.346,55.542],[23.356,55.541],[23.366,55.539],[23.391,55.528],[23.401,55.521],[23.401,55.511],[23.417,55.509],[23.42,55.506],[23.46,55.497],[23.454,55.494],[23.467,55.487],[23.477,55.487],[23.475,55.495],[23.483,55.496],[23.485,55.506],[23.478,55.512],[23.478,55.52],[23.508,55.519],[23.508,55.521],[23.537,55.523],[23.542,55.519],[23.541,55.517],[23.544,55.513],[23.555,55.513],[23.556,55.515],[23.573,55.508],[23.568,55.496],[23.564,55.493],[23.561,55.488],[23.565,55.479],[23.57,55.477],[23.572,55.473],[23.589,55.474],[23.597,55.474],[23.611,55.476],[23.618,55.471],[23.624,55.471],[23.641,55.47],[23.656,55.469],[23.659,55.472],[23.659,55.477],[23.664,55.477],[23.663,55.482],[23.657,55.483],[23.656,55.485],[23.663,55.489],[23.675,55.494],[23.684,55.502],[23.693,55.504],[23.735,55.512],[23.73,55.519],[23.813,55.539],[23.811,55.541],[23.833,55.548],[23.853,55.547],[23.88,55.558],[23.887,55.563],[23.89,55.568],[23.895,55.574],[23.899,55.573],[23.915,55.597],[23.915,55.604],[23.919,55.604],[23.919,55.613],[23.924,55.615],[23.922,55.62],[23.925,55.627],[23.934,55.624],[23.974,55.616],[23.972,55.623],[23.979,55.626],[23.982,55.629],[24.001,55.628],[24.015,55.628],[24.018,55.626],[24.024,55.632],[24.033,55.631],[24.038,55.635],[24.028,55.647],[24.024,55.651],[24.023,55.666],[24.013,55.67],[24.012,55.673],[24.019,55.682],[24.026,55.681],[24.032,55.691],[24.059,55.688],[24.067,55.696],[24.06,55.697],[24.063,55.704],[24.046,55.706],[24.047,55.71],[24.03,55.711],[24.033,55.724],[24.037,55.725],[24.043,55.723],[24.043,55.729],[24.041,55.732],[24.047,55.745],[24.031,55.745],[24.032,55.751],[24.027,55.754],[24.016,55.751],[24.013,55.754],[24.013,55.758],[24.018,55.758],[24.018,55.762],[24.025,55.761],[24.027,55.767],[24.022,55.775],[24.019,55.777],[24.016,55.783],[24.011,55.786],[24.003,55.787],[23.987,55.782],[23.984,55.782],[23.978,55.79],[23.976,55.798],[23.97,55.798],[23.967,55.802],[23.965,55.812],[23.961,55.828],[23.959,55.831],[23.96,55.836],[23.963,55.837],[23.961,55.841],[23.971,55.842],[24.015,55.838],[24.012,55.844],[24.004,55.854],[24.036,55.851],[24.034,55.863],[24.06,55.865],[24.062,55.869],[24.061,55.873],[24.085,55.876],[24.084,55.88]]]}},{"type":"Feature","properties":{"id":207,"name":"Tauragės apskritis","bbox":[21.65,55.024,23.504,55.689]},"geometry":{"type":"Polygon","coordinates":[[[22.277,55.064],[22.295,55.065],[22.316,55.062],[22.348,55.062],[22.382,55.055],[22.395,55.053],[22.417,55.054],[22.425,55.054],[22.44,55.051],[22.452,55.046],[22.466,55.044],[22.477,55.045],[22.491,55.048],[22.532,55.061],[22.549,55.066],[22.574,55.07],[22.589,55.07],[22.601,55.066],[22.619,55.061],[22.628,55.055],[22.635,55.052],[22.648,55.049],[22.656,55.049],[22.672,55.051],[22.693,55.056],[22.714,55.058],[22.737,55.058],[22.751,55.062],[22.767,55.07],[22.775,55.075],[22.785,55.077],[22.804,55.075],[22.811,55.075],[22.823,55.079],[22.834,55.084],[22.841,55.086],[22.857,55.089],[22.874,55.09],[22.88,55.089],[22.897,55.084],[22.905,55.083],[22.933,55.082],[22.946,55.083],[22.963,55.087],[22.976,55.092],[23.006,55.1],[23.019,55.102],[23.049,55.105],[23.062,55.105],[23.071,55.103],[23.083,55.1],[23.1,55.097],[23.121,55.091],[23.14,55.089],[23.152,55.089],[23.168,55.09],[23.185,55.089],[23.2,55.086],[23.215,55.082],[23.234,55.079],[23.253,55.078],[23.275,55.075],[23.301,55.07],[23.323,55.067],[23.336,55.067],[23.357,55.069],[23.375,55.074],[23.386,55.075],[23.395,55.075],[23.412,55.074],[23.429,55.081],[23.432,55.084],[23.439,55.083],[23.442,55.086],[23.441,55.091],[23.454,55.104],[23.461,55.108],[23.463,55.112],[23.468,55.111],[23.472,55.113],[23.474,55.117],[23.473,55.12],[23.481,55.125],[23.479,55.13],[23.481,55.136],[23.48,55.142],[23.483,55.145],[23.478,55.147],[23.478,55.149],[23.482,55.152],[23.479,55.156],[23.481,55.164],[23.484,55.167],[23.482,55.169],[23.487,55.171],[23.488,55.176],[23.492,55.181],[23.492,55.184],[23.499,55.19],[23.504,55.193],[23.441,55.208],[23.442,55.211],[23.439,55.215],[23.43,55.214],[23.411,55.209],[23.407,55.205],[23.395,55.215],[23.384,55.211],[23.376,55.21],[23.36,55.215],[23.364,55.224],[23.361,55.233],[23.357,55.239],[23.334,55.24],[23.321,55.239],[23.303,55.236],[23.298,55.238],[23.294,55.23],[23.28,55.23],[23.271,55.23],[23.263,55.233],[23.26,55.232],[23.238,55.234],[23.235,55.231],[23.211,55.23],[23.21,55.237],[23.202,55.234],[23.192,55.233],[23.182,55.233],[23.18,55.242],[23.185,55.245],[23.185,55.25],[23.18,55.268],[23.169,55.265],[23.162,55.268],[23.154,55.268],[23.141,55.261],[23.134,55.26],[23.125,55.259],[23.12,55.257],[23.103,55.255],[23.099,55.26],[23.082,55.264],[23.072,55.263],[23.065,55.25],[23.059,55.251],[23.044,55.252],[23.009,55.254],[23.003,55.253],[22.996,55.253],[23.024,55.275],[23.006,55.281],[22.974,55.287],[22.974,55.291],[22.979,55.304],[22.981,55.314],[22.971,55.313],[22.945,55.312],[22.937,55.323],[22.93,55.321],[22.935,55.312],[22.928,55.311],[22.923,55.312],[22.902,55.31],[22.901,55.3],[22.895,55.298],[22.887,55.299],[22.879,55.299],[22.875,55.295],[22.878,55.291],[22.874,55.287],[22.864,55.286],[22.87,55.294],[22.873,55.302],[22.869,55.302],[22.863,55.307],[22.858,55.309],[22.857,55.313],[22.85,55.313],[22.843,55.315],[22.842,55.325],[22.827,55.325],[22.828,55.322],[22.812,55.323],[22.81,55.325],[22.81,55.33],[22.79,55.33],[22.792,55.335],[22.796,55.339],[22.793,55.341],[22.798,55.344],[22.808,55.344],[22.808,55.347],[22.813,55.348],[22.808,55.354],[22.812,55.358],[22.814,55.362],[22.813,55.368],[22.803,55.371],[22.805,55.376],[22.798,55.38],[22.792,55.381],[22.775,55.38],[22.769,55.379],[22.762,55.376],[22.756,55.383],[22.753,55.39],[22.733,55.389],[22.73,55.399],[22.732,55.405],[22.739,55.407],[22.742,55.411],[22.741,55.422],[22.733,55.426],[22.729,55.424],[22.723,55.426],[22.719,55.42],[22.696,55.415],[22.69,55.428],[22.687,55.448],[22.67,55.458],[22.684,55.467],[22.676,55.471],[22.673,55.472],[22.637,55.477],[22.626,55.477],[22.621,55.481],[22.626,55.483],[22.623,55.486],[22.634,55.49],[22.647,55.493],[22.65,55.496],[22.648,55.5],[22.64,55.5],[22.64,55.505],[22.636,55.508],[22.637,55.51],[22.629,55.511],[22.623,55.515],[22.624,55.519],[22.62,55.522],[22.605,55.524],[22.605,55.529],[22.6,55.529],[22.596,55.535],[22.586,55.542],[22.587,55.544],[22.584,55.547],[22.577,55.548],[22.58,55.556],[22.584,55.56],[22.586,55.566],[22.579,55.569],[22.56,55.568],[22.549,55.563],[22.527,55.585],[22.502,55.589],[22.504,55.592],[22.5,55.597],[22.504,55.598],[22.509,55.607],[22.505,55.609],[22.508,55.617],[22.513,55.623],[22.505,55.626],[22.506,55.63],[22.5,55.632],[22.496,55.634],[22.492,55.632],[22.48,55.635],[22.477,55.637],[22.478,55.651],[22.478,55.661],[22.466,55.673],[22.455,55.671],[22.447,55.664],[22.421,55.67],[22.41,55.67],[22.391,55.667],[22.388,55.667],[22.379,55.662],[22.373,55.659],[22.367,55.66],[22.353,55.666],[22.354,55.671],[22.331,55.676],[22.324,55.675],[22.317,55.675],[22.309,55.677],[22.307,55.673],[22.304,55.671],[22.301,55.667],[22.26,55.689],[22.252,55.684],[22.248,55.68],[22.225,55.678],[22.198,55.673],[22.198,55.677],[22.177,55.674],[22.172,55.675],[22.154,55.671],[22.157,55.667],[22.13,55.661],[22.127,55.654],[22.123,55.651],[22.094,55.66],[22.093,55.658],[22.082,55.658],[22.073,55.656],[22.064,55.649],[22.069,55.644],[22.072,55.639],[22.069,55.637],[22.062,55.637],[22.064,55.634],[22.06,55.631],[22.047,55.627],[22.044,55.625],[22.044,55.615],[22.039,55.615],[22.027,55.609],[22.031,55.607],[22.013,55.606],[21.992,55.612],[21.973,55.612],[21.963,55.61],[21.961,55.608],[21.954,55.607],[21.929,55.603],[21.928,55.603],[21.88,55.597],[21.869,55.587],[21.882,55.582],[21.872,55.576],[21.858,55.571],[21.851,55.574],[21.846,55.572],[21.843,55.569],[21.835,55.57],[21.817,55.556],[21.809,55.549],[21.815,55.547],[21.824,55.548],[21.825,55.55],[21.835,55.546],[21.835,55.542],[21.828,55.537],[21.825,55.533],[21.83,55.528],[21.826,55.525],[21.827,55.523],[21.822,55.518],[21.827,55.518],[21.835,55.502],[21.834,55.499],[21.836,55.495],[21.845,55.497],[21.85,55.499],[21.857,55.486],[21.867,55.466],[21.865,55.465],[21.872,55.423],[21.92,55.436],[21.971,55.423],[22,55.424],[22.003,55.407],[22.01,55.408],[22.01,55.41],[22.015,55.413],[22.02,55.411],[22.022,55.409],[22.02,55.402],[22.011,55.399],[22.015,55.396],[22.025,55.394],[22.021,55.389],[22.02,55.385],[22.014,55.381],[21.999,55.354],[21.993,55.354],[21.989,55.35],[21.966,55.34],[21.959,55.341],[21.953,55.339],[21.952,55.33],[21.951,55.327],[21.934,55.318],[21.896,55.288],[21.888,55.291],[21.884,55.297],[21.872,55.294],[21.873,55.291],[21.867,55.288],[21.864,55.283],[21.856,55.279],[21.85,55.27],[21.858,55.262],[21.857,55.26],[21.862,55.25],[21.869,55.246],[21.883,55.238],[21.874,55.233],[21.877,55.23],[21.872,55.216],[21.866,55.203],[21.826,55.212],[21.812,55.213],[21.82,55.22],[21.809,55.224],[21.803,55.225],[21.792,55.23],[21.779,55.225],[21.766,55.229],[21.765,55.227],[21.748,55.229],[21.735,55.226],[21.73,55.222],[21.738,55.217],[21.733,55.216],[21.73,55.212],[21.721,55.211],[21.701,55.212],[21.691,55.212],[21.691,55.205],[21.681,55.199],[21.68,55.2],[21.667,55.2],[21.661,55.188],[21.666,55.187],[21.669,55.182],[21.662,55.181],[21.655,55.182],[21.65,55.181],[21.658,55.176],[21.671,55.167],[21.683,55.165],[21.69,55.162],[21.714,55.148],[21.716,55.145],[21.717,55.137],[21.725,55.133],[21.738,55.131],[21.747,55.129],[21.758,55.124],[21.774,55.12],[21.787,55.119],[21.805,55.12],[21.813,55.119],[21.821,55.117],[21.825,55.114],[21.844,55.1],[21.853,55.096],[21.878,55.094],[21.884,55.092],[21.894,55.088],[21.91,55.083],[21.927,55.079],[21.953,55.076],[21.966,55.074],[21.971,55.076],[21.981,55.083],[21.986,55.085],[21.998,55.087],[22.012,55.087],[22.032,55.084],[22.039,55.081],[22.04,55.074],[22.04,55.069],[22.033,55.06],[22.031,55.054],[22.033,55.048],[22.04,55.039],[22.048,55.034],[22.065,55.028],[22.08,55.025],[22.101,55.024],[22.115,55.026],[22.124,55.03],[22.128,55.036],[22.131,55.043],[22.134,55.046],[22.138,55.049],[22.157,55.055],[22.162,55.056],[22.186,55.054],[22.195,55.055],[22.21,55.059],[22.227,55.061],[22.253,55.062],[22.277,55.064]]]}},{"type":"Feature","properties":{"id":208,"name":"Telšių apskritis","bbox":[21.512,55.597,22.738,56.432]},"geometry":{"type":"Polygon","coordinates":[[[22.252,55.684],[22.26,55.689],[22.301,55.667],[22.304,55.671],[22.307,55.673],[22.309,55.677],[22.317,55.675],[22.324,55.675],[22.331,55.676],[22.354,55.671],[22.353,55.666],[22.367,55.66],[22.373,55.659],[22.379,55.662],[22.388,55.667],[22.391,55.667],[22.41,55.67],[22.421,55.67],[22.447,55.664],[22.455,55.671],[22.466,55.673],[22.466,55.679],[22.482,55.691],[22.495,55.693],[22.502,55.689],[22.508,55.691],[22.516,55.69],[22.528,55.695],[22.527,55.705],[22.53,55.711],[22.52,55.729],[22.52,55.733],[22.523,55.74],[22.509,55.745],[22.525,55.753],[22.523,55.757],[22.512,55.76],[22.5,55.772],[22.486,55.789],[22.548,55.802],[22.555,55.803],[22.568,55.807],[22.584,55.811],[22.581,55.842],[22.581,55.845],[22.568,55.851],[22.561,55.856],[22.567,55.856],[22.57,55.859],[22.579,55.863],[22.633,55.859],[22.632,55.861],[22.647,55.863],[22.644,55.871],[22.66,55.871],[22.658,55.876],[22.664,55.88],[22.654,55.902],[22.663,55.902],[22.682,55.893],[22.689,55.893],[22.687,55.901],[22.691,55.902],[22.689,55.907],[22.695,55.908],[22.693,55.912],[22.686,55.911],[22.677,55.922],[22.701,55.925],[22.706,55.927],[22.712,55.93],[22.697,55.932],[22.692,55.936],[22.69,55.941],[22.682,55.94],[22.678,55.95],[22.672,55.962],[22.669,55.971],[22.649,55.971],[22.659,55.951],[22.641,55.949],[22.637,55.951],[22.618,55.949],[22.606,55.951],[22.603,55.954],[22.606,55.958],[22.608,55.968],[22.596,55.97],[22.584,55.979],[22.599,55.988],[22.614,55.989],[22.612,55.996],[22.62,56],[22.615,56.004],[22.616,56.007],[22.623,56.008],[22.63,56.016],[22.624,56.016],[22.622,56.019],[22.627,56.02],[22.628,56.023],[22.636,56.025],[22.635,56.03],[22.623,56.031],[22.621,56.035],[22.621,56.043],[22.624,56.044],[22.63,56.039],[22.637,56.038],[22.641,56.035],[22.644,56.047],[22.669,56.052],[22.678,56.053],[22.687,56.048],[22.7,56.047],[22.712,56.051],[22.708,56.064],[22.738,56.069],[22.734,56.075],[22.73,56.076],[22.721,56.079],[22.721,56.082],[22.715,56.084],[22.715,56.087],[22.715,56.104],[22.725,56.108],[22.72,56.111],[22.716,56.109],[22.703,56.117],[22.693,56.112],[22.681,56.114],[22.678,56.109],[22.671,56.109],[22.654,56.106],[22.645,56.108],[22.641,56.103],[22.637,56.107],[22.632,56.102],[22.637,56.099],[22.633,56.093],[22.617,56.095],[22.613,56.086],[22.579,56.091],[22.58,56.095],[22.59,56.097],[22.593,56.101],[22.584,56.105],[22.58,56.105],[22.585,56.11],[22.586,56.119],[22.58,56.122],[22.578,56.134],[22.569,56.138],[22.566,56.141],[22.56,56.143],[22.555,56.143],[22.548,56.152],[22.537,56.152],[22.531,56.154],[22.534,56.157],[22.537,56.164],[22.556,56.162],[22.557,56.165],[22.57,56.165],[22.58,56.169],[22.588,56.17],[22.621,56.173],[22.616,56.196],[22.62,56.198],[22.622,56.202],[22.631,56.206],[22.623,56.208],[22.63,56.214],[22.622,56.214],[22.614,56.218],[22.618,56.22],[22.618,56.224],[22.627,56.222],[22.647,56.222],[22.644,56.23],[22.638,56.25],[22.625,56.249],[22.61,56.254],[22.598,56.253],[22.593,56.262],[22.594,56.271],[22.592,56.276],[22.584,56.277],[22.584,56.282],[22.579,56.285],[22.58,56.289],[22.594,56.288],[22.602,56.288],[22.603,56.293],[22.594,56.293],[22.588,56.295],[22.588,56.299],[22.58,56.3],[22.571,56.305],[22.583,56.305],[22.588,56.312],[22.588,56.314],[22.597,56.33],[22.6,56.334],[22.599,56.336],[22.588,56.337],[22.586,56.339],[22.578,56.341],[22.58,56.345],[22.572,56.352],[22.568,56.361],[22.571,56.363],[22.604,56.36],[22.613,56.359],[22.621,56.366],[22.635,56.367],[22.626,56.376],[22.617,56.382],[22.609,56.383],[22.599,56.383],[22.589,56.384],[22.583,56.39],[22.575,56.391],[22.571,56.388],[22.558,56.388],[22.553,56.389],[22.537,56.389],[22.53,56.394],[22.516,56.394],[22.512,56.393],[22.501,56.396],[22.494,56.396],[22.481,56.4],[22.476,56.404],[22.453,56.402],[22.435,56.406],[22.432,56.409],[22.423,56.41],[22.416,56.408],[22.413,56.409],[22.404,56.407],[22.395,56.404],[22.392,56.401],[22.378,56.4],[22.373,56.402],[22.365,56.402],[22.357,56.399],[22.356,56.396],[22.35,56.394],[22.345,56.394],[22.335,56.399],[22.333,56.401],[22.322,56.402],[22.319,56.408],[22.311,56.41],[22.309,56.409],[22.297,56.407],[22.29,56.408],[22.287,56.41],[22.28,56.407],[22.279,56.404],[22.267,56.403],[22.265,56.405],[22.251,56.401],[22.241,56.4],[22.235,56.403],[22.236,56.405],[22.231,56.408],[22.222,56.409],[22.221,56.412],[22.215,56.412],[22.215,56.418],[22.211,56.423],[22.208,56.424],[22.188,56.421],[22.166,56.42],[22.154,56.425],[22.137,56.429],[22.133,56.431],[22.125,56.432],[22.119,56.431],[22.113,56.429],[22.089,56.428],[22.081,56.423],[22.071,56.425],[22.069,56.423],[22.063,56.419],[22.058,56.421],[22.051,56.42],[22.046,56.417],[22.038,56.423],[22.033,56.425],[22.015,56.424],[22.011,56.421],[22.014,56.414],[22.003,56.413],[21.999,56.415],[21.994,56.413],[21.994,56.408],[21.99,56.406],[21.988,56.4],[21.982,56.398],[21.978,56.394],[21.977,56.39],[21.978,56.385],[21.98,56.379],[21.972,56.367],[21.976,56.366],[21.971,56.349],[21.94,56.351],[21.939,56.348],[21.938,56.339],[21.932,56.319],[21.956,56.317],[21.968,56.319],[21.967,56.316],[21.981,56.315],[21.976,56.298],[21.973,56.292],[21.974,56.289],[21.969,56.27],[21.977,56.268],[21.982,56.252],[21.991,56.249],[21.997,56.233],[22.003,56.23],[22.005,56.225],[22,56.223],[22.018,56.212],[22.013,56.196],[21.963,56.2],[21.957,56.175],[21.945,56.176],[21.941,56.159],[21.935,56.133],[21.926,56.132],[21.926,56.128],[21.918,56.121],[21.925,56.118],[21.916,56.113],[21.904,56.111],[21.903,56.114],[21.899,56.115],[21.899,56.12],[21.845,56.124],[21.847,56.131],[21.827,56.131],[21.823,56.127],[21.83,56.123],[21.829,56.117],[21.83,56.101],[21.828,56.098],[21.809,56.101],[21.774,56.109],[21.771,56.105],[21.761,56.108],[21.759,56.105],[21.747,56.108],[21.723,56.073],[21.704,56.077],[21.7,56.07],[21.682,56.043],[21.677,56.044],[21.678,56.039],[21.672,56.038],[21.666,56.039],[21.652,56.019],[21.638,56.003],[21.63,56.005],[21.625,55.997],[21.622,55.996],[21.615,55.997],[21.615,55.999],[21.607,56.001],[21.597,55.999],[21.587,56.002],[21.572,55.98],[21.6,55.974],[21.582,55.944],[21.589,55.943],[21.593,55.939],[21.594,55.92],[21.594,55.917],[21.588,55.916],[21.575,55.919],[21.574,55.912],[21.58,55.907],[21.587,55.908],[21.594,55.905],[21.596,55.902],[21.603,55.903],[21.619,55.896],[21.621,55.89],[21.625,55.89],[21.619,55.881],[21.606,55.882],[21.599,55.884],[21.597,55.882],[21.59,55.879],[21.587,55.876],[21.59,55.873],[21.586,55.867],[21.591,55.864],[21.591,55.861],[21.586,55.86],[21.574,55.864],[21.558,55.862],[21.556,55.854],[21.555,55.847],[21.541,55.85],[21.536,55.843],[21.538,55.838],[21.527,55.832],[21.527,55.829],[21.521,55.822],[21.523,55.82],[21.518,55.817],[21.512,55.809],[21.523,55.806],[21.526,55.804],[21.535,55.804],[21.538,55.801],[21.547,55.799],[21.56,55.799],[21.557,55.802],[21.562,55.805],[21.572,55.803],[21.588,55.803],[21.596,55.807],[21.598,55.813],[21.595,55.814],[21.598,55.818],[21.604,55.813],[21.603,55.809],[21.606,55.805],[21.6,55.803],[21.6,55.798],[21.608,55.796],[21.612,55.792],[21.617,55.791],[21.622,55.788],[21.623,55.785],[21.628,55.785],[21.629,55.777],[21.626,55.774],[21.63,55.771],[21.64,55.772],[21.638,55.768],[21.628,55.768],[21.629,55.76],[21.626,55.755],[21.635,55.752],[21.638,55.753],[21.647,55.749],[21.653,55.751],[21.661,55.755],[21.662,55.758],[21.667,55.761],[21.671,55.759],[21.701,55.752],[21.713,55.749],[21.722,55.755],[21.729,55.75],[21.739,55.755],[21.742,55.759],[21.763,55.75],[21.76,55.737],[21.769,55.73],[21.758,55.726],[21.754,55.722],[21.755,55.719],[21.751,55.712],[21.758,55.711],[21.767,55.701],[21.781,55.702],[21.786,55.696],[21.789,55.691],[21.803,55.689],[21.797,55.685],[21.791,55.683],[21.794,55.681],[21.788,55.671],[21.791,55.669],[21.782,55.662],[21.788,55.66],[21.791,55.652],[21.798,55.651],[21.799,55.647],[21.795,55.646],[21.787,55.649],[21.782,55.648],[21.789,55.642],[21.797,55.639],[21.807,55.637],[21.809,55.629],[21.815,55.623],[21.811,55.618],[21.844,55.618],[21.841,55.616],[21.842,55.613],[21.88,55.597],[21.928,55.603],[21.929,55.603],[21.954,55.607],[21.961,55.608],[21.963,55.61],[21.973,55.612],[21.992,55.612],[22.013,55.606],[22.031,55.607],[22.027,55.609],[22.039,55.615],[22.044,55.615],[22.044,55.625],[22.047,55.627],[22.06,55.631],[22.064,55.634],[22.062,55.637],[22.069,55.637],[22.072,55.639],[22.069,55.644],[22.064,55.649],[22.073,55.656],[22.082,55.658],[22.093,55.658],[22.094,55.66],[22.123,55.651],[22.127,55.654],[22.13,55.661],[22.157,55.667],[22.154,55.671],[22.172,55.675],[22.177,55.674],[22.198,55.677],[22.198,55.673],[22.225,55.678],[22.248,55.68],[22.252,55.684]]]}},{"type":"Feature","properties":{"id":209,"name":"Utenos apskritis","bbox":[24.655,55.031,26.835,55.945]},"geometry":{"type":"Polygon","coordinates":[[[26.632,55.608],[26.638,55.654],[26.631,55.659],[26.632,55.673],[26.63,55.681],[26.619,55.681],[26.597,55.675],[26.594,55.676],[26.583,55.675],[26.576,55.676],[26.572,55.68],[26.545,55.678],[26.541,55.677],[26.531,55.677],[26.528,55.678],[26.519,55.679],[26.514,55.683],[26.512,55.687],[26.503,55.686],[26.493,55.688],[26.49,55.694],[26.47,55.703],[26.46,55.703],[26.457,55.706],[26.446,55.707],[26.438,55.71],[26.425,55.71],[26.42,55.709],[26.403,55.711],[26.392,55.709],[26.386,55.705],[26.376,55.709],[26.371,55.722],[26.366,55.732],[26.35,55.742],[26.334,55.744],[26.331,55.742],[26.319,55.742],[26.308,55.745],[26.299,55.752],[26.287,55.759],[26.269,55.768],[26.258,55.783],[26.248,55.794],[26.231,55.812],[26.231,55.814],[26.236,55.82],[26.229,55.838],[26.204,55.859],[26.184,55.869],[26.173,55.865],[26.151,55.877],[26.12,55.879],[26.11,55.889],[26.103,55.892],[26.09,55.901],[26.084,55.91],[26.064,55.93],[26.055,55.935],[26.046,55.945],[26.034,55.944],[26.016,55.942],[26.006,55.943],[26,55.935],[25.978,55.924],[25.97,55.922],[25.966,55.91],[25.97,55.906],[25.981,55.897],[25.988,55.89],[25.985,55.886],[25.978,55.886],[25.971,55.882],[25.973,55.879],[25.966,55.877],[25.963,55.873],[25.966,55.871],[25.974,55.87],[25.964,55.867],[25.916,55.863],[25.903,55.862],[25.905,55.851],[25.902,55.848],[25.905,55.845],[25.903,55.842],[25.896,55.841],[25.894,55.839],[25.898,55.835],[25.906,55.837],[25.905,55.832],[25.906,55.829],[25.914,55.827],[25.907,55.824],[25.891,55.819],[25.882,55.822],[25.872,55.821],[25.866,55.823],[25.871,55.826],[25.867,55.829],[25.862,55.828],[25.857,55.832],[25.849,55.834],[25.842,55.832],[25.841,55.826],[25.843,55.822],[25.841,55.816],[25.841,55.812],[25.836,55.811],[25.829,55.816],[25.825,55.814],[25.831,55.811],[25.835,55.806],[25.833,55.803],[25.837,55.802],[25.838,55.796],[25.834,55.792],[25.832,55.789],[25.829,55.789],[25.828,55.781],[25.824,55.778],[25.823,55.773],[25.817,55.771],[25.81,55.772],[25.802,55.771],[25.79,55.774],[25.784,55.778],[25.781,55.777],[25.773,55.779],[25.77,55.781],[25.758,55.783],[25.753,55.786],[25.746,55.784],[25.745,55.779],[25.732,55.779],[25.726,55.764],[25.727,55.76],[25.722,55.759],[25.722,55.756],[25.728,55.757],[25.73,55.752],[25.729,55.745],[25.725,55.74],[25.719,55.741],[25.713,55.731],[25.704,55.726],[25.701,55.723],[25.686,55.715],[25.682,55.723],[25.685,55.725],[25.683,55.734],[25.68,55.74],[25.676,55.741],[25.666,55.741],[25.659,55.738],[25.66,55.736],[25.645,55.73],[25.618,55.737],[25.612,55.734],[25.609,55.738],[25.605,55.739],[25.607,55.743],[25.6,55.743],[25.593,55.738],[25.59,55.731],[25.583,55.722],[25.568,55.726],[25.563,55.728],[25.543,55.731],[25.537,55.719],[25.519,55.721],[25.496,55.726],[25.498,55.73],[25.503,55.736],[25.473,55.743],[25.465,55.731],[25.441,55.739],[25.424,55.751],[25.403,55.758],[25.395,55.758],[25.391,55.764],[25.376,55.76],[25.365,55.762],[25.365,55.758],[25.361,55.754],[25.353,55.746],[25.349,55.747],[25.342,55.742],[25.334,55.732],[25.332,55.734],[25.321,55.737],[25.296,55.733],[25.298,55.717],[25.302,55.715],[25.311,55.714],[25.3,55.702],[25.293,55.703],[25.281,55.709],[25.266,55.717],[25.239,55.714],[25.239,55.713],[25.211,55.707],[25.1,55.682],[25.087,55.7],[25.091,55.703],[25.086,55.704],[25.085,55.709],[25.095,55.715],[25.086,55.714],[25.078,55.719],[25.064,55.716],[25.055,55.721],[25.045,55.724],[25.028,55.726],[25.01,55.732],[25.004,55.728],[24.998,55.726],[24.996,55.731],[24.98,55.736],[24.97,55.736],[24.963,55.731],[24.95,55.724],[24.937,55.719],[24.925,55.718],[24.913,55.723],[24.89,55.726],[24.889,55.722],[24.867,55.72],[24.871,55.717],[24.869,55.706],[24.863,55.709],[24.854,55.704],[24.844,55.712],[24.842,55.717],[24.828,55.723],[24.805,55.715],[24.791,55.71],[24.776,55.711],[24.762,55.717],[24.757,55.717],[24.749,55.713],[24.735,55.716],[24.723,55.725],[24.716,55.721],[24.721,55.712],[24.724,55.706],[24.72,55.698],[24.722,55.697],[24.72,55.69],[24.715,55.687],[24.719,55.681],[24.739,55.68],[24.741,55.677],[24.751,55.673],[24.748,55.671],[24.743,55.671],[24.737,55.667],[24.736,55.662],[24.731,55.657],[24.728,55.656],[24.702,55.665],[24.709,55.671],[24.699,55.67],[24.695,55.671],[24.691,55.669],[24.689,55.666],[24.675,55.665],[24.673,55.668],[24.655,55.665],[24.656,55.654],[24.662,55.654],[24.659,55.648],[24.666,55.643],[24.672,55.646],[24.679,55.646],[24.683,55.647],[24.687,55.652],[24.694,55.655],[24.703,55.651],[24.709,55.647],[24.707,55.645],[24.721,55.635],[24.722,55.628],[24.722,55.618],[24.725,55.609],[24.685,55.604],[24.678,55.601],[24.669,55.583],[24.674,55.574],[24.672,55.574],[24.675,55.568],[24.673,55.565],[24.664,55.563],[24.663,55.56],[24.674,55.552],[24.673,55.543],[24.667,55.536],[24.655,55.526],[24.656,55.522],[24.655,55.518],[24.659,55.504],[24.657,55.501],[24.663,55.497],[24.675,55.504],[24.683,55.499],[24.69,55.504],[24.696,55.507],[24.713,55.502],[24.719,55.5],[24.718,55.498],[24.723,55.491],[24.733,55.493],[24.743,55.482],[24.743,55.479],[24.76,55.479],[24.768,55.481],[24.772,55.48],[24.774,55.467],[24.781,55.467],[24.779,55.463],[24.782,55.459],[24.785,55.452],[24.794,55.451],[24.801,55.446],[24.814,55.445],[24.816,55.438],[24.82,55.438],[24.819,55.43],[24.817,55.423],[24.812,55.419],[24.797,55.425],[24.79,55.418],[24.791,55.416],[24.783,55.41],[24.793,55.405],[24.788,55.399],[24.784,55.381],[24.789,55.373],[24.793,55.374],[24.829,55.361],[24.828,55.357],[24.842,55.359],[24.851,55.353],[24.859,55.354],[24.87,55.357],[24.873,55.36],[24.888,55.358],[24.899,55.359],[24.901,55.356],[24.899,55.352],[24.891,55.346],[24.896,55.343],[24.905,55.34],[24.968,55.357],[24.975,55.348],[24.977,55.329],[24.984,55.313],[24.997,55.306],[25.005,55.309],[25.008,55.314],[25.016,55.316],[25.022,55.316],[25.031,55.313],[25.034,55.311],[25.044,55.311],[25.046,55.313],[25.052,55.314],[25.051,55.308],[25.058,55.307],[25.066,55.308],[25.073,55.313],[25.076,55.306],[25.082,55.305],[25.084,55.295],[25.081,55.292],[25.092,55.292],[25.099,55.288],[25.105,55.28],[25.111,55.28],[25.108,55.274],[25.108,55.269],[25.106,55.265],[25.122,55.262],[25.141,55.257],[25.143,55.256],[25.152,55.259],[25.16,55.265],[25.171,55.267],[25.179,55.264],[25.189,55.266],[25.186,55.262],[25.178,55.237],[25.174,55.236],[25.157,55.222],[25.166,55.216],[25.174,55.212],[25.177,55.209],[25.199,55.209],[25.212,55.214],[25.222,55.209],[25.229,55.203],[25.234,55.196],[25.242,55.197],[25.247,55.196],[25.244,55.192],[25.253,55.192],[25.255,55.195],[25.267,55.192],[25.266,55.188],[25.257,55.19],[25.244,55.19],[25.238,55.188],[25.243,55.185],[25.227,55.179],[25.233,55.17],[25.229,55.167],[25.224,55.165],[25.219,55.166],[25.191,55.154],[25.169,55.152],[25.167,55.152],[25.167,55.144],[25.175,55.142],[25.175,55.139],[25.166,55.135],[25.166,55.131],[25.157,55.131],[25.161,55.126],[25.162,55.119],[25.149,55.112],[25.156,55.107],[25.156,55.103],[25.148,55.096],[25.157,55.089],[25.162,55.092],[25.163,55.097],[25.17,55.097],[25.173,55.093],[25.183,55.092],[25.195,55.093],[25.203,55.095],[25.211,55.09],[25.222,55.088],[25.226,55.081],[25.222,55.077],[25.226,55.069],[25.234,55.067],[25.236,55.063],[25.229,55.06],[25.226,55.056],[25.214,55.054],[25.222,55.042],[25.226,55.042],[25.271,55.046],[25.28,55.046],[25.302,55.045],[25.309,55.037],[25.321,55.035],[25.331,55.032],[25.342,55.032],[25.348,55.034],[25.382,55.031],[25.386,55.037],[25.396,55.037],[25.398,55.04],[25.422,55.033],[25.428,55.035],[25.44,55.034],[25.457,55.036],[25.459,55.037],[25.484,55.038],[25.497,55.042],[25.507,55.04],[25.518,55.041],[25.526,55.041],[25.532,55.047],[25.532,55.053],[25.542,55.054],[25.552,55.054],[25.562,55.048],[25.573,55.048],[25.579,55.053],[25.579,55.06],[25.581,55.061],[25.593,55.061],[25.601,55.063],[25.604,55.06],[25.613,55.06],[25.621,55.062],[25.625,55.065],[25.646,55.059],[25.654,55.061],[25.657,55.06],[25.659,55.055],[25.656,55.05],[25.661,55.05],[25.665,55.041],[25.67,55.04],[25.673,55.043],[25.684,55.04],[25.686,55.043],[25.695,55.043],[25.7,55.046],[25.706,55.047],[25.705,55.041],[25.708,55.037],[25.716,55.036],[25.721,55.037],[25.733,55.036],[25.758,55.038],[25.76,55.043],[25.749,55.042],[25.745,55.04],[25.741,55.043],[25.745,55.046],[25.745,55.049],[25.741,55.051],[25.736,55.051],[25.748,55.058],[25.739,55.06],[25.743,55.063],[25.752,55.071],[25.757,55.074],[25.757,55.08],[25.753,55.081],[25.743,55.08],[25.741,55.075],[25.733,55.076],[25.73,55.08],[25.731,55.083],[25.739,55.081],[25.748,55.089],[25.753,55.083],[25.757,55.086],[25.765,55.083],[25.768,55.084],[25.763,55.09],[25.767,55.094],[25.763,55.098],[25.747,55.098],[25.754,55.101],[25.751,55.105],[25.755,55.106],[25.775,55.103],[25.778,55.106],[25.778,55.111],[25.782,55.115],[25.79,55.114],[25.793,55.12],[25.8,55.121],[25.797,55.126],[25.791,55.12],[25.763,55.125],[25.76,55.129],[25.751,55.133],[25.741,55.131],[25.738,55.135],[25.725,55.137],[25.722,55.145],[25.713,55.146],[25.708,55.143],[25.708,55.173],[25.686,55.173],[25.683,55.178],[25.67,55.182],[25.665,55.182],[25.654,55.185],[25.653,55.189],[25.648,55.197],[25.652,55.2],[25.649,55.204],[25.653,55.209],[25.66,55.207],[25.675,55.215],[25.673,55.218],[25.665,55.218],[25.665,55.221],[25.659,55.223],[25.666,55.227],[25.663,55.233],[25.679,55.245],[25.699,55.239],[25.708,55.24],[25.706,55.245],[25.703,55.248],[25.694,55.246],[25.694,55.25],[25.699,55.256],[25.695,55.26],[25.687,55.257],[25.683,55.26],[25.684,55.268],[25.682,55.273],[25.695,55.268],[25.703,55.267],[25.706,55.272],[25.712,55.276],[25.715,55.282],[25.711,55.287],[25.723,55.288],[25.727,55.291],[25.724,55.295],[25.734,55.301],[25.734,55.305],[25.738,55.307],[25.752,55.306],[25.757,55.307],[25.764,55.315],[25.771,55.318],[25.794,55.301],[25.803,55.305],[25.806,55.307],[25.808,55.279],[25.842,55.279],[25.841,55.288],[25.845,55.29],[25.84,55.293],[25.84,55.299],[25.842,55.301],[25.85,55.297],[25.864,55.301],[25.865,55.303],[25.869,55.302],[25.875,55.298],[25.895,55.289],[25.895,55.284],[25.897,55.281],[25.892,55.28],[25.899,55.277],[25.907,55.274],[25.913,55.276],[25.915,55.282],[25.92,55.281],[25.93,55.276],[25.931,55.278],[25.93,55.287],[25.94,55.287],[25.94,55.28],[25.947,55.279],[25.953,55.282],[25.961,55.283],[25.967,55.28],[25.976,55.279],[25.985,55.275],[25.986,55.272],[25.994,55.274],[25.998,55.278],[26.023,55.279],[26.029,55.276],[26.043,55.288],[26.037,55.29],[26.025,55.287],[26.024,55.29],[26.036,55.294],[26.042,55.294],[26.049,55.296],[26.052,55.294],[26.057,55.293],[26.056,55.301],[26.059,55.307],[26.062,55.306],[26.06,55.303],[26.06,55.297],[26.07,55.296],[26.081,55.292],[26.091,55.293],[26.095,55.289],[26.102,55.288],[26.115,55.293],[26.122,55.294],[26.127,55.289],[26.134,55.287],[26.143,55.288],[26.147,55.285],[26.143,55.283],[26.142,55.279],[26.149,55.276],[26.148,55.274],[26.149,55.265],[26.151,55.261],[26.164,55.258],[26.172,55.255],[26.181,55.252],[26.17,55.247],[26.16,55.238],[26.158,55.235],[26.153,55.23],[26.154,55.226],[26.176,55.224],[26.184,55.222],[26.186,55.223],[26.19,55.233],[26.195,55.236],[26.199,55.236],[26.203,55.238],[26.213,55.236],[26.222,55.238],[26.22,55.24],[26.23,55.246],[26.241,55.237],[26.246,55.233],[26.255,55.227],[26.259,55.226],[26.271,55.225],[26.282,55.229],[26.289,55.229],[26.295,55.225],[26.308,55.225],[26.326,55.22],[26.331,55.22],[26.337,55.225],[26.342,55.219],[26.356,55.22],[26.362,55.219],[26.37,55.224],[26.374,55.223],[26.379,55.224],[26.389,55.222],[26.391,55.22],[26.4,55.216],[26.407,55.216],[26.407,55.219],[26.421,55.218],[26.43,55.212],[26.439,55.213],[26.44,55.21],[26.447,55.21],[26.458,55.219],[26.485,55.213],[26.494,55.217],[26.518,55.215],[26.521,55.223],[26.524,55.225],[26.54,55.226],[26.543,55.224],[26.554,55.219],[26.556,55.223],[26.568,55.225],[26.568,55.229],[26.597,55.229],[26.598,55.231],[26.607,55.234],[26.617,55.241],[26.614,55.242],[26.612,55.247],[26.627,55.246],[26.628,55.25],[26.62,55.25],[26.615,55.251],[26.612,55.254],[26.623,55.258],[26.625,55.262],[26.633,55.261],[26.641,55.264],[26.649,55.262],[26.653,55.259],[26.658,55.258],[26.664,55.261],[26.68,55.262],[26.687,55.262],[26.755,55.266],[26.759,55.263],[26.752,55.26],[26.745,55.26],[26.74,55.257],[26.745,55.254],[26.749,55.253],[26.76,55.256],[26.761,55.258],[26.769,55.259],[26.78,55.26],[26.785,55.263],[26.786,55.267],[26.792,55.268],[26.798,55.267],[26.798,55.274],[26.826,55.277],[26.829,55.276],[26.835,55.286],[26.834,55.298],[26.83,55.303],[26.832,55.307],[26.826,55.308],[26.818,55.308],[26.814,55.309],[26.814,55.315],[26.802,55.318],[26.794,55.318],[26.792,55.321],[26.777,55.319],[26.765,55.323],[26.74,55.324],[26.728,55.321],[26.72,55.322],[26.708,55.329],[26.701,55.329],[26.687,55.332],[26.684,55.331],[26.669,55.338],[26.664,55.339],[26.661,55.335],[26.645,55.335],[26.642,55.332],[26.637,55.325],[26.632,55.322],[26.625,55.326],[26.625,55.329],[26.631,55.334],[26.627,55.335],[26.623,55.332],[26.616,55.331],[26.612,55.324],[26.602,55.321],[26.596,55.322],[26.589,55.319],[26.586,55.32],[26.583,55.326],[26.566,55.321],[26.555,55.322],[26.554,55.324],[26.548,55.326],[26.548,55.329],[26.539,55.329],[26.535,55.33],[26.524,55.332],[26.516,55.33],[26.512,55.332],[26.498,55.335],[26.495,55.334],[26.488,55.338],[26.477,55.341],[26.472,55.341],[26.464,55.34],[26.461,55.341],[26.453,55.34],[26.447,55.342],[26.441,55.348],[26.45,55.351],[26.455,55.351],[26.463,55.354],[26.472,55.357],[26.475,55.37],[26.481,55.369],[26.488,55.373],[26.495,55.369],[26.503,55.37],[26.511,55.379],[26.531,55.385],[26.544,55.387],[26.554,55.389],[26.55,55.396],[26.548,55.408],[26.559,55.411],[26.546,55.429],[26.54,55.441],[26.548,55.442],[26.56,55.438],[26.548,55.447],[26.542,55.451],[26.549,55.46],[26.557,55.463],[26.55,55.477],[26.539,55.484],[26.54,55.494],[26.532,55.501],[26.524,55.51],[26.534,55.525],[26.545,55.527],[26.558,55.527],[26.565,55.534],[26.579,55.535],[26.587,55.539],[26.587,55.546],[26.591,55.548],[26.599,55.552],[26.599,55.555],[26.605,55.557],[26.608,55.562],[26.615,55.566],[26.62,55.563],[26.624,55.566],[26.622,55.57],[26.628,55.572],[26.636,55.597],[26.632,55.608]]]}},{"type":"Feature","properties":{"id":210,"name":"Vilniaus apskritis","bbox":[24.387,54.128,26.759,55.518]},"geometry":{"type":"Polygon","coordinates":[[[25.865,55.303],[25.864,55.301],[25.85,55.297],[25.842,55.301],[25.84,55.299],[25.84,55.293],[25.845,55.29],[25.841,55.288],[25.842,55.279],[25.808,55.279],[25.806,55.307],[25.803,55.305],[25.794,55.301],[25.771,55.318],[25.764,55.315],[25.757,55.307],[25.752,55.306],[25.738,55.307],[25.734,55.305],[25.734,55.301],[25.724,55.295],[25.727,55.291],[25.723,55.288],[25.711,55.287],[25.715,55.282],[25.712,55.276],[25.706,55.272],[25.703,55.267],[25.695,55.268],[25.682,55.273],[25.684,55.268],[25.683,55.26],[25.687,55.257],[25.695,55.26],[25.699,55.256],[25.694,55.25],[25.694,55.246],[25.703,55.248],[25.706,55.245],[25.708,55.24],[25.699,55.239],[25.679,55.245],[25.663,55.233],[25.666,55.227],[25.659,55.223],[25.665,55.221],[25.665,55.218],[25.673,55.218],[25.675,55.215],[25.66,55.207],[25.653,55.209],[25.649,55.204],[25.652,55.2],[25.648,55.197],[25.653,55.189],[25.654,55.185],[25.665,55.182],[25.67,55.182],[25.683,55.178],[25.686,55.173],[25.708,55.173],[25.708,55.143],[25.713,55.146],[25.722,55.145],[25.725,55.137],[25.738,55.135],[25.741,55.131],[25.751,55.133],[25.76,55.129],[25.763,55.125],[25.791,55.12],[25.797,55.126],[25.8,55.121],[25.793,55.12],[25.79,55.114],[25.782,55.115],[25.778,55.111],[25.778,55.106],[25.775,55.103],[25.755,55.106],[25.751,55.105],[25.754,55.101],[25.747,55.098],[25.763,55.098],[25.767,55.094],[25.763,55.09],[25.768,55.084],[25.765,55.083],[25.757,55.086],[25.753,55.083],[25.748,55.089],[25.739,55.081],[25.731,55.083],[25.73,55.08],[25.733,55.076],[25.741,55.075],[25.743,55.08],[25.753,55.081],[25.757,55.08],[25.757,55.074],[25.752,55.071],[25.743,55.063],[25.739,55.06],[25.748,55.058],[25.736,55.051],[25.741,55.051],[25.745,55.049],[25.745,55.046],[25.741,55.043],[25.745,55.04],[25.749,55.042],[25.76,55.043],[25.758,55.038],[25.733,55.036],[25.721,55.037],[25.716,55.036],[25.708,55.037],[25.705,55.041],[25.706,55.047],[25.7,55.046],[25.695,55.043],[25.686,55.043],[25.684,55.04],[25.673,55.043],[25.67,55.04],[25.665,55.041],[25.661,55.05],[25.656,55.05],[25.659,55.055],[25.657,55.06],[25.654,55.061],[25.646,55.059],[25.625,55.065],[25.621,55.062],[25.613,55.06],[25.604,55.06],[25.601,55.063],[25.593,55.061],[25.581,55.061],[25.579,55.06],[25.579,55.053],[25.573,55.048],[25.562,55.048],[25.552,55.054],[25.542,55.054],[25.532,55.053],[25.532,55.047],[25.526,55.041],[25.518,55.041],[25.507,55.04],[25.497,55.042],[25.484,55.038],[25.459,55.037],[25.457,55.036],[25.44,55.034],[25.428,55.035],[25.422,55.033],[25.398,55.04],[25.396,55.037],[25.386,55.037],[25.382,55.031],[25.348,55.034],[25.342,55.032],[25.331,55.032],[25.321,55.035],[25.309,55.037],[25.302,55.045],[25.28,55.046],[25.271,55.046],[25.226,55.042],[25.222,55.042],[25.214,55.054],[25.226,55.056],[25.229,55.06],[25.236,55.063],[25.234,55.067],[25.226,55.069],[25.222,55.077],[25.226,55.081],[25.222,55.088],[25.211,55.09],[25.203,55.095],[25.195,55.093],[25.183,55.092],[25.173,55.093],[25.17,55.097],[25.163,55.097],[25.162,55.092],[25.157,55.089],[25.148,55.096],[25.156,55.103],[25.156,55.107],[25.149,55.112],[25.162,55.119],[25.161,55.126],[25.157,55.131],[25.166,55.131],[25.166,55.135],[25.175,55.139],[25.175,55.142],[25.167,55.144],[25.167,55.152],[25.169,55.152],[25.191,55.154],[25.219,55.166],[25.224,55.165],[25.229,55.167],[25.233,55.17],[25.227,55.179],[25.243,55.185],[25.238,55.188],[25.244,55.19],[25.257,55.19],[25.266,55.188],[25.267,55.192],[25.255,55.195],[25.253,55.192],[25.244,55.192],[25.247,55.196],[25.242,55.197],[25.234,55.196],[25.229,55.203],[25.222,55.209],[25.212,55.214],[25.199,55.209],[25.177,55.209],[25.174,55.212],[25.166,55.216],[25.157,55.222],[25.174,55.236],[25.178,55.237],[25.186,55.262],[25.189,55.266],[25.179,55.264],[25.171,55.267],[25.16,55.265],[25.152,55.259],[25.143,55.256],[25.141,55.257],[25.122,55.262],[25.106,55.265],[25.108,55.269],[25.108,55.274],[25.111,55.28],[25.105,55.28],[25.099,55.288],[25.092,55.292],[25.081,55.292],[25.084,55.295],[25.082,55.305],[25.076,55.306],[25.073,55.313],[25.066,55.308],[25.058,55.307],[25.051,55.308],[25.052,55.314],[25.046,55.313],[25.044,55.311],[25.034,55.311],[25.031,55.313],[25.022,55.316],[25.016,55.316],[25.008,55.314],[25.005,55.309],[24.997,55.306],[24.984,55.313],[24.977,55.329],[24.975,55.348],[24.968,55.357],[24.905,55.34],[24.896,55.343],[24.891,55.346],[24.899,55.352],[24.901,55.356],[24.899,55.359],[24.888,55.358],[24.873,55.36],[24.87,55.357],[24.859,55.354],[24.851,55.353],[24.842,55.359],[24.828,55.357],[24.829,55.361],[24.793,55.374],[24.789,55.373],[24.784,55.381],[24.788,55.399],[24.793,55.405],[24.783,55.41],[24.791,55.416],[24.79,55.418],[24.797,55.425],[24.812,55.419],[24.817,55.423],[24.819,55.43],[24.82,55.438],[24.816,55.438],[24.814,55.445],[24.801,55.446],[24.794,55.451],[24.785,55.452],[24.782,55.459],[24.779,55.463],[24.781,55.467],[24.774,55.467],[24.772,55.48],[24.768,55.481],[24.76,55.479],[24.743,55.479],[24.743,55.482],[24.733,55.493],[24.723,55.491],[24.718,55.498],[24.719,55.5],[24.713,55.502],[24.696,55.507],[24.69,55.504],[24.683,55.499],[24.675,55.504],[24.663,55.497],[24.657,55.501],[24.659,55.504],[24.655,55.518],[24.642,55.516],[24.643,55.511],[24.629,55.511],[24.639,55.499],[24.647,55.496],[24.645,55.487],[24.647,55.479],[24.652,55.471],[24.649,55.467],[24.65,55.461],[24.63,55.455],[24.604,55.451],[24.593,55.451],[24.575,55.454],[24.567,55.452],[24.556,55.459],[24.549,55.456],[24.542,55.461],[24.535,55.458],[24.542,55.453],[24.536,55.452],[24.537,55.443],[24.543,55.436],[24.541,55.434],[24.546,55.429],[24.552,55.426],[24.488,55.406],[24.489,55.404],[24.485,55.395],[24.478,55.395],[24.478,55.401],[24.455,55.402],[24.45,55.399],[24.451,55.395],[24.436,55.391],[24.43,55.391],[24.434,55.386],[24.427,55.372],[24.428,55.366],[24.419,55.364],[24.421,55.357],[24.404,55.352],[24.396,55.335],[24.398,55.333],[24.387,55.329],[24.388,55.328],[24.389,55.304],[24.393,55.298],[24.391,55.297],[24.394,55.295],[24.405,55.293],[24.414,55.289],[24.42,55.288],[24.414,55.284],[24.419,55.28],[24.416,55.276],[24.426,55.274],[24.42,55.261],[24.426,55.26],[24.42,55.251],[24.41,55.234],[24.422,55.233],[24.425,55.231],[24.424,55.227],[24.438,55.227],[24.44,55.232],[24.446,55.233],[24.457,55.232],[24.472,55.228],[24.491,55.226],[24.505,55.222],[24.481,55.2],[24.482,55.194],[24.486,55.19],[24.487,55.185],[24.498,55.173],[24.501,55.168],[24.501,55.161],[24.507,55.157],[24.521,55.155],[24.535,55.157],[24.541,55.154],[24.533,55.148],[24.534,55.145],[24.521,55.141],[24.517,55.141],[24.528,55.13],[24.534,55.133],[24.547,55.123],[24.544,55.118],[24.554,55.113],[24.555,55.107],[24.563,55.109],[24.562,55.111],[24.568,55.112],[24.576,55.111],[24.579,55.107],[24.583,55.107],[24.585,55.1],[24.582,55.096],[24.586,55.091],[24.592,55.09],[24.591,55.087],[24.587,55.085],[24.586,55.08],[24.592,55.082],[24.597,55.081],[24.591,55.075],[24.603,55.077],[24.607,55.073],[24.612,55.075],[24.623,55.067],[24.63,55.065],[24.633,55.061],[24.628,55.056],[24.631,55.052],[24.644,55.051],[24.647,55.049],[24.636,55.045],[24.636,55.044],[24.623,55.044],[24.624,55.043],[24.615,55.039],[24.617,55.037],[24.624,55.037],[24.622,55.03],[24.586,55.028],[24.591,55.018],[24.587,55.017],[24.589,55.013],[24.559,55.004],[24.561,55.002],[24.558,55],[24.561,54.996],[24.556,54.992],[24.552,54.991],[24.568,54.985],[24.573,54.98],[24.576,54.979],[24.579,54.973],[24.593,54.972],[24.604,54.974],[24.617,54.975],[24.621,54.974],[24.623,54.969],[24.631,54.967],[24.631,54.961],[24.637,54.959],[24.637,54.957],[24.644,54.955],[24.65,54.952],[24.656,54.951],[24.662,54.952],[24.67,54.95],[24.682,54.945],[24.684,54.939],[24.689,54.934],[24.69,54.927],[24.693,54.927],[24.701,54.93],[24.709,54.929],[24.717,54.933],[24.729,54.931],[24.744,54.932],[24.749,54.932],[24.76,54.926],[24.762,54.921],[24.767,54.918],[24.78,54.916],[24.791,54.912],[24.799,54.911],[24.801,54.906],[24.806,54.906],[24.811,54.903],[24.809,54.896],[24.811,54.892],[24.81,54.887],[24.799,54.879],[24.783,54.878],[24.78,54.876],[24.771,54.875],[24.762,54.878],[24.753,54.877],[24.755,54.873],[24.752,54.872],[24.764,54.825],[24.755,54.824],[24.753,54.827],[24.743,54.824],[24.738,54.821],[24.732,54.823],[24.732,54.818],[24.729,54.816],[24.723,54.819],[24.718,54.817],[24.709,54.817],[24.7,54.821],[24.695,54.821],[24.683,54.821],[24.649,54.825],[24.619,54.83],[24.615,54.826],[24.607,54.814],[24.604,54.815],[24.592,54.81],[24.584,54.812],[24.584,54.814],[24.577,54.815],[24.564,54.812],[24.553,54.818],[24.541,54.82],[24.543,54.803],[24.535,54.802],[24.53,54.8],[24.545,54.798],[24.585,54.795],[24.585,54.786],[24.576,54.786],[24.582,54.78],[24.577,54.779],[24.571,54.774],[24.581,54.766],[24.575,54.765],[24.566,54.767],[24.569,54.758],[24.559,54.758],[24.56,54.754],[24.556,54.752],[24.56,54.742],[24.549,54.74],[24.546,54.736],[24.541,54.734],[24.511,54.731],[24.505,54.727],[24.504,54.722],[24.5,54.715],[24.49,54.716],[24.487,54.71],[24.49,54.704],[24.497,54.701],[24.484,54.7],[24.481,54.693],[24.476,54.696],[24.464,54.683],[24.465,54.68],[24.471,54.666],[24.465,54.662],[24.468,54.646],[24.471,54.642],[24.473,54.636],[24.457,54.631],[24.472,54.63],[24.477,54.626],[24.477,54.622],[24.473,54.618],[24.488,54.607],[24.484,54.604],[24.473,54.605],[24.469,54.609],[24.462,54.604],[24.458,54.594],[24.473,54.59],[24.464,54.587],[24.452,54.589],[24.447,54.591],[24.45,54.595],[24.445,54.597],[24.435,54.591],[24.433,54.597],[24.426,54.597],[24.427,54.593],[24.423,54.588],[24.425,54.578],[24.416,54.569],[24.422,54.561],[24.42,54.556],[24.42,54.544],[24.418,54.538],[24.414,54.533],[24.413,54.529],[24.405,54.525],[24.413,54.523],[24.404,54.519],[24.407,54.517],[24.418,54.514],[24.416,54.512],[24.409,54.512],[24.409,54.505],[24.417,54.505],[24.419,54.49],[24.404,54.487],[24.402,54.483],[24.394,54.483],[24.401,54.473],[24.417,54.473],[24.434,54.464],[24.436,54.459],[24.433,54.455],[24.438,54.452],[24.424,54.443],[24.417,54.436],[24.416,54.427],[24.422,54.426],[24.428,54.428],[24.437,54.425],[24.438,54.427],[24.448,54.424],[24.469,54.424],[24.48,54.423],[24.493,54.423],[24.501,54.424],[24.503,54.428],[24.546,54.43],[24.54,54.425],[24.54,54.418],[24.56,54.412],[24.559,54.418],[24.572,54.418],[24.574,54.411],[24.585,54.413],[24.586,54.421],[24.586,54.432],[24.597,54.428],[24.608,54.432],[24.614,54.432],[24.617,54.436],[24.614,54.437],[24.619,54.441],[24.644,54.439],[24.646,54.44],[24.655,54.439],[24.658,54.446],[24.668,54.448],[24.681,54.441],[24.682,54.436],[24.686,54.437],[24.689,54.433],[24.704,54.433],[24.709,54.431],[24.72,54.429],[24.721,54.413],[24.713,54.412],[24.707,54.409],[24.707,54.405],[24.712,54.399],[24.712,54.395],[24.721,54.39],[24.726,54.393],[24.73,54.393],[24.731,54.399],[24.737,54.405],[24.745,54.399],[24.75,54.399],[24.803,54.405],[24.804,54.398],[24.828,54.401],[24.829,54.398],[24.846,54.398],[24.843,54.406],[24.855,54.408],[24.858,54.411],[24.868,54.411],[24.873,54.415],[24.903,54.419],[24.905,54.416],[24.904,54.413],[24.907,54.41],[24.911,54.41],[24.922,54.425],[24.941,54.431],[24.942,54.428],[24.953,54.43],[24.953,54.433],[24.963,54.434],[24.976,54.431],[24.987,54.437],[24.992,54.435],[25.007,54.437],[25.012,54.44],[25.02,54.442],[25.025,54.425],[25.009,54.423],[25.017,54.398],[24.994,54.396],[24.997,54.383],[24.958,54.379],[24.957,54.38],[24.945,54.379],[24.925,54.375],[24.929,54.363],[24.913,54.361],[24.918,54.342],[24.914,54.339],[24.924,54.338],[24.928,54.336],[24.922,54.326],[24.932,54.3],[24.933,54.295],[24.881,54.294],[24.875,54.288],[24.875,54.284],[24.889,54.275],[24.883,54.274],[24.865,54.273],[24.863,54.27],[24.857,54.269],[24.856,54.256],[24.843,54.257],[24.835,54.252],[24.824,54.255],[24.822,54.251],[24.823,54.246],[24.818,54.246],[24.817,54.249],[24.811,54.249],[24.811,54.243],[24.814,54.233],[24.804,54.233],[24.787,54.234],[24.78,54.227],[24.77,54.229],[24.755,54.223],[24.759,54.219],[24.759,54.2],[24.768,54.2],[24.77,54.193],[24.776,54.191],[24.777,54.195],[24.784,54.195],[24.797,54.192],[24.802,54.192],[24.809,54.186],[24.817,54.187],[24.818,54.174],[24.826,54.173],[24.818,54.168],[24.827,54.161],[24.836,54.149],[24.838,54.147],[24.848,54.147],[24.858,54.15],[24.866,54.147],[24.881,54.15],[24.896,54.156],[24.904,54.156],[24.91,54.16],[24.921,54.16],[24.922,54.162],[24.93,54.166],[24.933,54.165],[24.953,54.17],[24.957,54.172],[24.962,54.169],[24.967,54.17],[24.975,54.166],[24.981,54.16],[24.977,54.159],[24.983,54.155],[24.984,54.149],[24.994,54.144],[25.006,54.142],[25.016,54.138],[25.029,54.136],[25.055,54.138],[25.064,54.135],[25.071,54.134],[25.074,54.136],[25.077,54.143],[25.087,54.144],[25.091,54.146],[25.094,54.15],[25.109,54.16],[25.116,54.167],[25.126,54.172],[25.14,54.184],[25.146,54.187],[25.159,54.189],[25.163,54.192],[25.161,54.195],[25.161,54.2],[25.176,54.204],[25.182,54.208],[25.189,54.209],[25.196,54.214],[25.197,54.218],[25.202,54.221],[25.204,54.225],[25.204,54.23],[25.206,54.238],[25.214,54.242],[25.215,54.256],[25.225,54.261],[25.234,54.263],[25.242,54.256],[25.252,54.251],[25.258,54.26],[25.261,54.263],[25.269,54.274],[25.275,54.274],[25.276,54.27],[25.288,54.266],[25.291,54.262],[25.321,54.262],[25.335,54.265],[25.336,54.266],[25.346,54.264],[25.354,54.264],[25.36,54.267],[25.365,54.272],[25.373,54.273],[25.377,54.273],[25.381,54.278],[25.395,54.274],[25.405,54.279],[25.41,54.287],[25.42,54.289],[25.434,54.296],[25.444,54.296],[25.444,54.298],[25.455,54.298],[25.453,54.291],[25.459,54.291],[25.468,54.293],[25.478,54.294],[25.481,54.302],[25.494,54.302],[25.497,54.304],[25.497,54.31],[25.503,54.31],[25.514,54.308],[25.511,54.301],[25.514,54.298],[25.52,54.281],[25.529,54.279],[25.538,54.279],[25.541,54.277],[25.557,54.273],[25.563,54.275],[25.565,54.27],[25.56,54.266],[25.552,54.266],[25.556,54.263],[25.56,54.264],[25.564,54.262],[25.564,54.257],[25.568,54.257],[25.572,54.252],[25.567,54.251],[25.571,54.246],[25.584,54.234],[25.59,54.232],[25.589,54.225],[25.581,54.226],[25.576,54.225],[25.572,54.229],[25.566,54.23],[25.558,54.228],[25.547,54.228],[25.548,54.22],[25.556,54.217],[25.562,54.217],[25.565,54.212],[25.565,54.207],[25.562,54.199],[25.556,54.196],[25.539,54.191],[25.522,54.186],[25.516,54.186],[25.511,54.175],[25.515,54.175],[25.519,54.168],[25.524,54.166],[25.529,54.165],[25.53,54.159],[25.534,54.156],[25.548,54.153],[25.555,54.146],[25.564,54.151],[25.586,54.147],[25.602,54.146],[25.601,54.143],[25.612,54.141],[25.623,54.143],[25.627,54.142],[25.623,54.139],[25.63,54.136],[25.629,54.131],[25.639,54.128],[25.64,54.131],[25.65,54.128],[25.654,54.135],[25.664,54.141],[25.674,54.141],[25.681,54.142],[25.685,54.141],[25.689,54.148],[25.687,54.155],[25.7,54.158],[25.707,54.164],[25.702,54.168],[25.71,54.169],[25.723,54.166],[25.724,54.163],[25.736,54.162],[25.735,54.157],[25.739,54.156],[25.741,54.161],[25.765,54.159],[25.767,54.16],[25.781,54.16],[25.78,54.155],[25.786,54.155],[25.789,54.165],[25.784,54.165],[25.783,54.168],[25.779,54.168],[25.779,54.178],[25.77,54.183],[25.777,54.188],[25.78,54.194],[25.778,54.2],[25.772,54.205],[25.763,54.208],[25.758,54.21],[25.75,54.222],[25.769,54.227],[25.767,54.228],[25.786,54.234],[25.785,54.238],[25.775,54.238],[25.771,54.242],[25.757,54.252],[25.757,54.254],[25.752,54.262],[25.747,54.266],[25.751,54.268],[25.744,54.273],[25.74,54.271],[25.729,54.275],[25.726,54.274],[25.721,54.276],[25.713,54.272],[25.699,54.281],[25.708,54.285],[25.7,54.291],[25.711,54.297],[25.705,54.303],[25.684,54.319],[25.677,54.324],[25.662,54.322],[25.643,54.311],[25.636,54.316],[25.627,54.317],[25.62,54.31],[25.589,54.316],[25.587,54.322],[25.552,54.315],[25.547,54.324],[25.552,54.326],[25.548,54.332],[25.536,54.332],[25.532,54.338],[25.532,54.342],[25.537,54.342],[25.556,54.342],[25.559,54.354],[25.56,54.355],[25.562,54.366],[25.571,54.368],[25.594,54.375],[25.591,54.382],[25.587,54.387],[25.586,54.391],[25.591,54.401],[25.596,54.397],[25.605,54.396],[25.616,54.406],[25.629,54.417],[25.633,54.423],[25.631,54.425],[25.626,54.436],[25.624,54.44],[25.622,54.44],[25.621,54.451],[25.627,54.454],[25.626,54.456],[25.617,54.459],[25.613,54.456],[25.606,54.456],[25.602,54.461],[25.611,54.463],[25.621,54.469],[25.628,54.472],[25.637,54.471],[25.641,54.476],[25.638,54.477],[25.643,54.483],[25.649,54.489],[25.654,54.498],[25.657,54.509],[25.682,54.536],[25.698,54.543],[25.716,54.55],[25.735,54.559],[25.747,54.562],[25.75,54.565],[25.75,54.568],[25.763,54.577],[25.76,54.591],[25.755,54.593],[25.755,54.597],[25.758,54.601],[25.756,54.608],[25.753,54.61],[25.757,54.619],[25.751,54.624],[25.746,54.626],[25.749,54.629],[25.744,54.632],[25.749,54.638],[25.746,54.64],[25.734,54.677],[25.73,54.683],[25.734,54.686],[25.74,54.686],[25.737,54.691],[25.735,54.702],[25.742,54.709],[25.745,54.719],[25.747,54.73],[25.747,54.744],[25.745,54.753],[25.748,54.758],[25.749,54.764],[25.743,54.773],[25.74,54.779],[25.739,54.785],[25.735,54.796],[25.734,54.802],[25.742,54.809],[25.743,54.815],[25.748,54.818],[25.752,54.824],[25.756,54.822],[25.764,54.822],[25.773,54.823],[25.779,54.829],[25.779,54.835],[25.784,54.839],[25.78,54.842],[25.778,54.853],[25.784,54.858],[25.795,54.86],[25.797,54.862],[25.808,54.867],[25.809,54.871],[25.816,54.873],[25.813,54.876],[25.817,54.879],[25.822,54.879],[25.824,54.884],[25.83,54.884],[25.844,54.893],[25.853,54.897],[25.855,54.901],[25.859,54.906],[25.854,54.911],[25.858,54.917],[25.853,54.919],[25.858,54.928],[25.878,54.93],[25.884,54.937],[25.89,54.936],[25.908,54.931],[25.916,54.934],[25.919,54.937],[25.928,54.938],[25.945,54.946],[25.944,54.947],[25.956,54.951],[25.961,54.95],[25.964,54.952],[25.976,54.955],[25.979,54.954],[25.984,54.958],[25.99,54.958],[25.99,54.952],[26.023,54.943],[26.029,54.944],[26.037,54.943],[26.056,54.943],[26.064,54.943],[26.053,54.947],[26.055,54.95],[26.073,54.952],[26.081,54.955],[26.073,54.963],[26.076,54.965],[26.076,54.97],[26.11,54.972],[26.119,54.98],[26.118,54.987],[26.121,54.989],[26.127,54.989],[26.134,54.986],[26.142,54.986],[26.146,54.989],[26.156,54.992],[26.172,54.993],[26.177,54.992],[26.186,54.992],[26.194,54.993],[26.2,54.996],[26.209,54.997],[26.209,55.012],[26.217,55.014],[26.217,55.016],[26.223,55.021],[26.226,55.026],[26.23,55.029],[26.233,55.035],[26.242,55.04],[26.241,55.046],[26.238,55.047],[26.238,55.051],[26.245,55.052],[26.245,55.057],[26.237,55.058],[26.235,55.061],[26.246,55.07],[26.252,55.07],[26.263,55.066],[26.266,55.07],[26.265,55.074],[26.271,55.078],[26.261,55.085],[26.252,55.092],[26.249,55.091],[26.243,55.096],[26.233,55.102],[26.23,55.107],[26.258,55.12],[26.263,55.121],[26.302,55.125],[26.307,55.127],[26.31,55.131],[26.303,55.132],[26.305,55.135],[26.323,55.136],[26.326,55.141],[26.324,55.145],[26.329,55.146],[26.332,55.144],[26.35,55.146],[26.358,55.151],[26.368,55.149],[26.371,55.15],[26.383,55.146],[26.388,55.142],[26.393,55.142],[26.392,55.136],[26.396,55.134],[26.41,55.139],[26.418,55.136],[26.424,55.14],[26.43,55.139],[26.441,55.135],[26.451,55.133],[26.457,55.137],[26.461,55.129],[26.475,55.136],[26.479,55.141],[26.48,55.149],[26.489,55.153],[26.494,55.151],[26.517,55.161],[26.54,55.144],[26.546,55.144],[26.55,55.146],[26.556,55.145],[26.558,55.148],[26.574,55.149],[26.589,55.154],[26.593,55.154],[26.618,55.147],[26.624,55.15],[26.633,55.152],[26.641,55.155],[26.645,55.159],[26.654,55.161],[26.664,55.156],[26.669,55.156],[26.676,55.159],[26.679,55.166],[26.678,55.17],[26.695,55.167],[26.706,55.172],[26.705,55.175],[26.7,55.178],[26.696,55.177],[26.691,55.18],[26.687,55.178],[26.68,55.187],[26.677,55.189],[26.677,55.195],[26.675,55.197],[26.694,55.206],[26.701,55.201],[26.705,55.203],[26.708,55.207],[26.72,55.212],[26.73,55.216],[26.726,55.238],[26.731,55.245],[26.74,55.249],[26.745,55.254],[26.74,55.257],[26.745,55.26],[26.752,55.26],[26.759,55.263],[26.755,55.266],[26.687,55.262],[26.68,55.262],[26.664,55.261],[26.658,55.258],[26.653,55.259],[26.649,55.262],[26.641,55.264],[26.633,55.261],[26.625,55.262],[26.623,55.258],[26.612,55.254],[26.615,55.251],[26.62,55.25],[26.628,55.25],[26.627,55.246],[26.612,55.247],[26.614,55.242],[26.617,55.241],[26.607,55.234],[26.598,55.231],[26.597,55.229],[26.568,55.229],[26.568,55.225],[26.556,55.223],[26.554,55.219],[26.543,55.224],[26.54,55.226],[26.524,55.225],[26.521,55.223],[26.518,55.215],[26.494,55.217],[26.485,55.213],[26.458,55.219],[26.447,55.21],[26.44,55.21],[26.439,55.213],[26.43,55.212],[26.421,55.218],[26.407,55.219],[26.407,55.216],[26.4,55.216],[26.391,55.22],[26.389,55.222],[26.379,55.224],[26.374,55.223],[26.37,55.224],[26.362,55.219],[26.356,55.22],[26.342,55.219],[26.337,55.225],[26.331,55.22],[26.326,55.22],[26.308,55.225],[26.295,55.225],[26.289,55.229],[26.282,55.229],[26.271,55.225],[26.259,55.226],[26.255,55.227],[26.246,55.233],[26.241,55.237],[26.23,55.246],[26.22,55.24],[26.222,55.238],[26.213,55.236],[26.203,55.238],[26.199,55.236],[26.195,55.236],[26.19,55.233],[26.186,55.223],[26.184,55.222],[26.176,55.224],[26.154,55.226],[26.153,55.23],[26.158,55.235],[26.16,55.238],[26.17,55.247],[26.181,55.252],[26.172,55.255],[26.164,55.258],[26.151,55.261],[26.149,55.265],[26.148,55.274],[26.149,55.276],[26.142,55.279],[26.143,55.283],[26.147,55.285],[26.143,55.288],[26.134,55.287],[26.127,55.289],[26.122,55.294],[26.115,55.293],[26.102,55.288],[26.095,55.289],[26.091,55.293],[26.081,55.292],[26.07,55.296],[26.06,55.297],[26.06,55.303],[26.062,55.306],[26.059,55.307],[26.056,55.301],[26.057,55.293],[26.052,55.294],[26.049,55.296],[26.042,55.294],[26.036,55.294],[26.024,55.29],[26.025,55.287],[26.037,55.29],[26.043,55.288],[26.029,55.276],[26.023,55.279],[25.998,55.278],[25.994,55.274],[25.986,55.272],[25.985,55.275],[25.976,55.279],[25.967,55.28],[25.961,55.283],[25.953,55.282],[25.947,55.279],[25.94,55.28],[25.94,55.287],[25.93,55.287],[25.931,55.278],[25.93,55.276],[25.92,55.281],[25.915,55.282],[25.913,55.276],[25.907,55.274],[25.899,55.277],[25.892,55.28],[25.897,55.281],[25.895,55.284],[25.895,55.289],[25.875,55.298],[25.869,55.302],[25.865,55.303]]]}}]}