{"type":"FeatureCollection","features":[{"type":"Feature","properties":{"id":401,"name":"Stockholms län","bbox":[17.244,58.489,20.008,60.301]},"geometry":{"type":"Polygon","coordinates":[[[17.504,59.441],[17.487,59.441],[17.48,59.444],[17.453,59.447],[17.436,59.442],[17.426,59.428],[17.429,59.419],[17.427,59.415],[17.433,59.396],[17.415,59.383],[17.411,59.366],[17.426,59.351],[17.335,59.352],[17.348,59.334],[17.346,59.331],[17.346,59.326],[17.351,59.32],[17.344,59.311],[17.348,59.306],[17.349,59.285],[17.348,59.279],[17.342,59.274],[17.31,59.266],[17.304,59.257],[17.309,59.252],[17.302,59.25],[17.294,59.25],[17.293,59.247],[17.281,59.245],[17.275,59.246],[17.272,59.235],[17.265,59.227],[17.262,59.223],[17.258,59.223],[17.252,59.22],[17.246,59.219],[17.244,59.215],[17.252,59.208],[17.249,59.204],[17.244,59.204],[17.248,59.199],[17.263,59.197],[17.264,59.192],[17.267,59.188],[17.266,59.182],[17.259,59.182],[17.279,59.171],[17.277,59.17],[17.284,59.169],[17.297,59.164],[17.302,59.16],[17.309,59.15],[17.317,59.145],[17.322,59.137],[17.322,59.124],[17.319,59.115],[17.318,59.098],[17.316,59.086],[17.312,59.079],[17.321,59.076],[17.326,59.07],[17.32,59.062],[17.319,59.049],[17.326,59.044],[17.332,59.042],[17.331,59.036],[17.333,59.033],[17.347,59.029],[17.343,59.025],[17.352,59.017],[17.355,59.009],[17.36,59.007],[17.365,59.001],[17.365,58.996],[17.371,58.991],[17.375,58.982],[17.383,58.985],[17.394,58.982],[17.412,58.983],[17.42,58.982],[17.424,58.982],[17.43,58.98],[17.439,58.981],[17.443,58.985],[17.447,58.99],[17.443,58.995],[17.476,58.987],[17.481,58.989],[17.49,58.987],[17.5,58.986],[17.512,58.981],[17.517,58.983],[17.537,58.982],[17.554,58.983],[17.543,58.971],[17.543,58.968],[17.548,58.967],[17.55,58.963],[17.558,58.958],[17.557,58.954],[17.562,58.951],[17.57,58.952],[17.578,58.948],[17.59,58.944],[17.597,58.944],[17.625,58.935],[17.623,58.933],[17.626,58.925],[17.636,58.908],[17.632,58.903],[17.64,58.899],[17.655,58.893],[17.651,58.875],[17.661,58.867],[17.652,58.86],[17.67,58.826],[17.718,58.815],[17.725,58.798],[17.787,58.778],[17.795,58.671],[17.95,58.49],[17.951,58.489],[18.078,58.518],[18.096,58.521],[18.12,58.527],[18.144,58.533],[18.156,58.536],[18.179,58.543],[18.2,58.552],[18.218,58.559],[18.256,58.574],[18.272,58.581],[18.365,58.618],[18.48,58.665],[18.593,58.71],[18.771,58.78],[18.802,58.79],[18.824,58.799],[18.844,58.808],[18.871,58.822],[18.883,58.828],[18.941,58.857],[19.07,58.922],[19.095,58.935],[19.18,58.988],[19.333,59.082],[19.455,59.158],[19.593,59.207],[19.684,59.24],[19.713,59.248],[19.735,59.255],[19.757,59.264],[19.768,59.268],[19.788,59.277],[19.806,59.288],[19.815,59.293],[19.832,59.304],[19.846,59.316],[19.86,59.328],[19.871,59.34],[19.881,59.353],[19.889,59.367],[19.896,59.38],[19.901,59.398],[19.953,59.471],[20.008,59.547],[19.929,59.603],[19.813,59.684],[19.658,59.792],[19.607,59.828],[19.492,59.909],[19.424,59.956],[19.325,60.025],[19.181,60.124],[19.083,60.192],[19.132,60.301],[19.131,60.301],[18.906,60.278],[18.718,60.247],[18.684,60.239],[18.679,60.231],[18.683,60.226],[18.693,60.214],[18.697,60.207],[18.696,60.201],[18.673,60.195],[18.674,60.188],[18.682,60.182],[18.693,60.176],[18.693,60.166],[18.677,60.167],[18.677,60.155],[18.64,60.161],[18.593,60.163],[18.514,60.161],[18.511,60.156],[18.512,60.147],[18.503,60.143],[18.5,60.14],[18.493,60.138],[18.496,60.132],[18.497,60.127],[18.492,60.104],[18.476,60.092],[18.463,60.081],[18.451,60.077],[18.445,60.059],[18.431,60.056],[18.412,60.047],[18.388,60.041],[18.399,60.035],[18.401,60.034],[18.418,60.025],[18.436,60.019],[18.448,60.016],[18.449,60.012],[18.468,60.007],[18.473,60.004],[18.471,59.999],[18.462,59.994],[18.459,59.995],[18.451,59.994],[18.445,59.99],[18.427,59.982],[18.429,59.965],[18.423,59.956],[18.403,59.957],[18.39,59.954],[18.389,59.95],[18.384,59.946],[18.382,59.941],[18.377,59.936],[18.378,59.931],[18.387,59.923],[18.394,59.919],[18.394,59.913],[18.404,59.899],[18.403,59.893],[18.393,59.89],[18.39,59.884],[18.381,59.879],[18.363,59.873],[18.365,59.865],[18.354,59.862],[18.337,59.863],[18.327,59.861],[18.312,59.859],[18.314,59.857],[18.298,59.854],[18.273,59.851],[18.264,59.846],[18.26,59.836],[18.238,59.833],[18.22,59.828],[18.206,59.829],[18.198,59.832],[18.175,59.827],[18.153,59.823],[18.131,59.819],[18.12,59.805],[18.118,59.797],[18.12,59.796],[18.115,59.791],[18.117,59.788],[18.117,59.782],[18.111,59.776],[18.11,59.773],[18.104,59.767],[18.105,59.762],[18.108,59.758],[18.091,59.75],[18.09,59.745],[18.085,59.739],[18.08,59.74],[18.051,59.744],[18.052,59.739],[18.046,59.737],[18.021,59.742],[18.013,59.743],[18.01,59.738],[18.006,59.738],[18,59.735],[18.003,59.732],[17.999,59.729],[17.992,59.73],[17.983,59.729],[17.976,59.722],[17.969,59.723],[17.963,59.72],[17.954,59.719],[17.947,59.713],[17.938,59.714],[17.93,59.712],[17.91,59.71],[17.895,59.711],[17.894,59.708],[17.868,59.7],[17.851,59.698],[17.833,59.69],[17.837,59.688],[17.833,59.682],[17.816,59.678],[17.813,59.681],[17.806,59.683],[17.8,59.683],[17.798,59.686],[17.788,59.688],[17.786,59.686],[17.778,59.691],[17.772,59.686],[17.769,59.679],[17.764,59.676],[17.764,59.673],[17.76,59.668],[17.76,59.665],[17.752,59.661],[17.741,59.666],[17.728,59.664],[17.726,59.67],[17.722,59.684],[17.704,59.684],[17.698,59.688],[17.678,59.692],[17.673,59.691],[17.659,59.694],[17.656,59.693],[17.63,59.694],[17.631,59.682],[17.627,59.675],[17.617,59.674],[17.61,59.671],[17.599,59.665],[17.594,59.664],[17.579,59.664],[17.576,59.662],[17.574,59.656],[17.584,59.651],[17.59,59.65],[17.588,59.647],[17.578,59.64],[17.572,59.638],[17.56,59.638],[17.545,59.635],[17.54,59.635],[17.527,59.628],[17.516,59.624],[17.514,59.612],[17.52,59.609],[17.522,59.606],[17.52,59.601],[17.525,59.595],[17.528,59.589],[17.543,59.58],[17.551,59.573],[17.578,59.559],[17.58,59.557],[17.581,59.55],[17.57,59.542],[17.564,59.542],[17.545,59.544],[17.541,59.537],[17.527,59.532],[17.516,59.518],[17.51,59.516],[17.488,59.513],[17.465,59.507],[17.497,59.466],[17.502,59.46],[17.504,59.441]]]}},{"type":"Feature","properties":{"id":402,"name":"Uppsala län","bbox":[16.692,59.383,19.208,60.907]},"geometry":{"type":"Polygon","coordinates":[[[17.288,60.447],[17.258,60.425],[17.255,60.427],[17.257,60.432],[17.254,60.435],[17.236,60.432],[17.218,60.434],[17.217,60.427],[17.217,60.42],[17.207,60.417],[17.202,60.413],[17.196,60.41],[17.192,60.404],[17.194,60.401],[17.191,60.394],[17.194,60.391],[17.189,60.382],[17.199,60.379],[17.2,60.366],[17.213,60.364],[17.197,60.345],[17.199,60.308],[17.194,60.301],[17.181,60.299],[17.158,60.287],[17.13,60.288],[17.12,60.286],[17.103,60.281],[17.11,60.271],[17.113,60.269],[17.082,60.259],[17.058,60.273],[17.042,60.275],[17.022,60.273],[17.015,60.273],[17.001,60.276],[16.992,60.288],[16.981,60.295],[16.969,60.295],[16.961,60.292],[16.962,60.287],[16.929,60.287],[16.909,60.281],[16.913,60.272],[16.912,60.269],[16.903,60.266],[16.891,60.26],[16.886,60.254],[16.888,60.245],[16.897,60.245],[16.905,60.239],[16.876,60.231],[16.871,60.227],[16.865,60.225],[16.85,60.224],[16.842,60.217],[16.823,60.217],[16.803,60.212],[16.8,60.206],[16.798,60.204],[16.799,60.2],[16.797,60.198],[16.786,60.196],[16.779,60.19],[16.75,60.189],[16.734,60.195],[16.712,60.196],[16.705,60.195],[16.711,60.187],[16.716,60.185],[16.734,60.166],[16.733,60.162],[16.735,60.156],[16.739,60.153],[16.738,60.148],[16.747,60.136],[16.727,60.121],[16.735,60.118],[16.732,60.113],[16.729,60.111],[16.705,60.109],[16.714,60.089],[16.692,60.083],[16.707,60.072],[16.718,60.057],[16.712,60.056],[16.727,60.043],[16.727,60.032],[16.721,60.016],[16.716,60.011],[16.723,60.005],[16.724,60.001],[16.734,60.002],[16.735,59.993],[16.734,59.989],[16.738,59.983],[16.75,59.977],[16.762,59.975],[16.774,59.974],[16.789,59.966],[16.784,59.962],[16.772,59.964],[16.769,59.96],[16.761,59.953],[16.763,59.949],[16.776,59.955],[16.784,59.953],[16.787,59.948],[16.794,59.946],[16.8,59.915],[16.802,59.909],[16.787,59.905],[16.778,59.906],[16.773,59.894],[16.778,59.89],[16.799,59.882],[16.801,59.87],[16.815,59.867],[16.829,59.863],[16.837,59.86],[16.818,59.852],[16.813,59.852],[16.801,59.844],[16.814,59.838],[16.818,59.836],[16.81,59.833],[16.81,59.826],[16.8,59.825],[16.805,59.82],[16.81,59.819],[16.808,59.816],[16.804,59.814],[16.793,59.815],[16.787,59.811],[16.789,59.807],[16.774,59.805],[16.769,59.802],[16.765,59.802],[16.765,59.797],[16.754,59.791],[16.729,59.777],[16.743,59.768],[16.748,59.764],[16.753,59.762],[16.758,59.757],[16.764,59.755],[16.776,59.746],[16.782,59.739],[16.781,59.735],[16.784,59.732],[16.781,59.724],[16.784,59.718],[16.808,59.714],[16.816,59.71],[16.823,59.698],[16.82,59.694],[16.824,59.689],[16.841,59.681],[16.84,59.68],[16.849,59.671],[16.855,59.667],[16.854,59.663],[16.862,59.652],[16.862,59.647],[16.873,59.632],[16.874,59.626],[16.879,59.619],[16.888,59.603],[16.891,59.601],[16.902,59.584],[16.909,59.577],[16.911,59.573],[16.917,59.565],[16.921,59.548],[16.926,59.546],[16.966,59.52],[16.986,59.518],[16.996,59.513],[17.03,59.508],[17.038,59.511],[17.046,59.516],[17.064,59.511],[17.079,59.523],[17.084,59.531],[17.118,59.526],[17.13,59.52],[17.142,59.516],[17.144,59.512],[17.15,59.508],[17.153,59.5],[17.152,59.497],[17.155,59.49],[17.159,59.485],[17.182,59.479],[17.208,59.463],[17.291,59.446],[17.303,59.442],[17.311,59.438],[17.336,59.441],[17.354,59.438],[17.357,59.434],[17.365,59.417],[17.389,59.414],[17.383,59.397],[17.415,59.383],[17.433,59.396],[17.427,59.415],[17.429,59.419],[17.426,59.428],[17.436,59.442],[17.453,59.447],[17.48,59.444],[17.487,59.441],[17.504,59.441],[17.502,59.46],[17.497,59.466],[17.465,59.507],[17.488,59.513],[17.51,59.516],[17.516,59.518],[17.527,59.532],[17.541,59.537],[17.545,59.544],[17.564,59.542],[17.57,59.542],[17.581,59.55],[17.58,59.557],[17.578,59.559],[17.551,59.573],[17.543,59.58],[17.528,59.589],[17.525,59.595],[17.52,59.601],[17.522,59.606],[17.52,59.609],[17.514,59.612],[17.516,59.624],[17.527,59.628],[17.54,59.635],[17.545,59.635],[17.56,59.638],[17.572,59.638],[17.578,59.64],[17.588,59.647],[17.59,59.65],[17.584,59.651],[17.574,59.656],[17.576,59.662],[17.579,59.664],[17.594,59.664],[17.599,59.665],[17.61,59.671],[17.617,59.674],[17.627,59.675],[17.631,59.682],[17.63,59.694],[17.656,59.693],[17.659,59.694],[17.673,59.691],[17.678,59.692],[17.698,59.688],[17.704,59.684],[17.722,59.684],[17.726,59.67],[17.728,59.664],[17.741,59.666],[17.752,59.661],[17.76,59.665],[17.76,59.668],[17.764,59.673],[17.764,59.676],[17.769,59.679],[17.772,59.686],[17.778,59.691],[17.786,59.686],[17.788,59.688],[17.798,59.686],[17.8,59.683],[17.806,59.683],[17.813,59.681],[17.816,59.678],[17.833,59.682],[17.837,59.688],[17.833,59.69],[17.851,59.698],[17.868,59.7],[17.894,59.708],[17.895,59.711],[17.91,59.71],[17.93,59.712],[17.938,59.714],[17.947,59.713],[17.954,59.719],[17.963,59.72],[17.969,59.723],[17.976,59.722],[17.983,59.729],[17.992,59.73],[17.999,59.729],[18.003,59.732],[18,59.735],[18.006,59.738],[18.01,59.738],[18.013,59.743],[18.021,59.742],[18.046,59.737],[18.052,59.739],[18.051,59.744],[18.08,59.74],[18.085,59.739],[18.09,59.745],[18.091,59.75],[18.108,59.758],[18.105,59.762],[18.104,59.767],[18.11,59.773],[18.111,59.776],[18.117,59.782],[18.117,59.788],[18.115,59.791],[18.12,59.796],[18.118,59.797],[18.12,59.805],[18.131,59.819],[18.153,59.823],[18.175,59.827],[18.198,59.832],[18.206,59.829],[18.22,59.828],[18.238,59.833],[18.26,59.836],[18.264,59.846],[18.273,59.851],[18.298,59.854],[18.314,59.857],[18.312,59.859],[18.327,59.861],[18.337,59.863],[18.354,59.862],[18.365,59.865],[18.363,59.873],[18.381,59.879],[18.39,59.884],[18.393,59.89],[18.403,59.893],[18.404,59.899],[18.394,59.913],[18.394,59.919],[18.387,59.923],[18.378,59.931],[18.377,59.936],[18.382,59.941],[18.384,59.946],[18.389,59.95],[18.39,59.954],[18.403,59.957],[18.423,59.956],[18.429,59.965],[18.427,59.982],[18.445,59.99],[18.451,59.994],[18.459,59.995],[18.462,59.994],[18.471,59.999],[18.473,60.004],[18.468,60.007],[18.449,60.012],[18.448,60.016],[18.436,60.019],[18.418,60.025],[18.401,60.034],[18.399,60.035],[18.388,60.041],[18.412,60.047],[18.431,60.056],[18.445,60.059],[18.451,60.077],[18.463,60.081],[18.476,60.092],[18.492,60.104],[18.497,60.127],[18.496,60.132],[18.493,60.138],[18.5,60.14],[18.503,60.143],[18.512,60.147],[18.511,60.156],[18.514,60.161],[18.593,60.163],[18.64,60.161],[18.677,60.155],[18.677,60.167],[18.693,60.166],[18.693,60.176],[18.682,60.182],[18.674,60.188],[18.673,60.195],[18.696,60.201],[18.697,60.207],[18.693,60.214],[18.683,60.226],[18.679,60.231],[18.684,60.239],[18.718,60.247],[18.906,60.278],[19.131,60.301],[19.132,60.301],[19.16,60.407],[19.178,60.477],[19.208,60.589],[19.197,60.598],[19.182,60.61],[19.165,60.621],[19.156,60.627],[19.137,60.637],[19.116,60.646],[19.094,60.655],[19.071,60.663],[19.059,60.667],[19.034,60.674],[19.009,60.68],[18.982,60.685],[18.476,60.769],[18.303,60.798],[18.223,60.812],[18.198,60.819],[18.176,60.823],[18.102,60.852],[17.957,60.907],[17.709,60.708],[17.396,60.686],[17.382,60.677],[17.376,60.657],[17.371,60.657],[17.369,60.653],[17.374,60.651],[17.369,60.638],[17.366,60.626],[17.349,60.586],[17.322,60.537],[17.303,60.509],[17.301,60.494],[17.298,60.465],[17.289,60.454],[17.288,60.447]]]}},{"type":"Feature","properties":{"id":403,"name":"Södermanlands län","bbox":[15.617,58.399,17.951,59.531]},"geometry":{"type":"Polygon","coordinates":[[[16.966,59.52],[16.951,59.494],[16.935,59.485],[16.915,59.483],[16.906,59.48],[16.885,59.48],[16.883,59.481],[16.834,59.498],[16.757,59.502],[16.721,59.49],[16.711,59.488],[16.702,59.488],[16.666,59.492],[16.649,59.486],[16.62,59.482],[16.589,59.479],[16.511,59.47],[16.411,59.46],[16.402,59.46],[16.386,59.467],[16.372,59.467],[16.349,59.46],[16.323,59.453],[16.316,59.452],[16.301,59.458],[16.268,59.452],[16.263,59.452],[16.254,59.452],[16.249,59.44],[16.248,59.426],[16.248,59.422],[16.245,59.416],[16.249,59.412],[16.259,59.408],[16.263,59.409],[16.27,59.406],[16.291,59.399],[16.3,59.398],[16.284,59.395],[16.28,59.393],[16.278,59.389],[16.274,59.389],[16.273,59.376],[16.271,59.368],[16.266,59.362],[16.236,59.36],[16.222,59.361],[16.21,59.36],[16.202,59.358],[16.196,59.355],[16.185,59.352],[16.176,59.352],[16.157,59.346],[16.146,59.347],[16.142,59.348],[16.135,59.348],[16.121,59.35],[16.072,59.352],[16.059,59.358],[16.062,59.36],[16.049,59.364],[16.047,59.364],[16.035,59.369],[15.996,59.36],[15.991,59.357],[15.979,59.353],[15.965,59.352],[15.954,59.349],[15.938,59.341],[15.939,59.33],[15.942,59.323],[15.939,59.322],[15.918,59.317],[15.911,59.316],[15.912,59.305],[15.903,59.296],[15.886,59.3],[15.881,59.303],[15.877,59.292],[15.878,59.284],[15.877,59.28],[15.87,59.285],[15.865,59.284],[15.867,59.279],[15.893,59.23],[15.762,59.198],[15.769,59.184],[15.798,59.137],[15.788,59.137],[15.788,59.133],[15.798,59.123],[15.791,59.121],[15.792,59.117],[15.79,59.113],[15.794,59.11],[15.776,59.104],[15.77,59.106],[15.76,59.105],[15.756,59.106],[15.729,59.105],[15.717,59.102],[15.707,59.101],[15.701,59.096],[15.708,59.089],[15.713,59.088],[15.716,59.085],[15.711,59.077],[15.704,59.077],[15.701,59.072],[15.684,59.065],[15.672,59.064],[15.64,59.054],[15.643,59.05],[15.637,59.047],[15.638,59.043],[15.632,59.037],[15.639,59.033],[15.633,59.031],[15.628,59.025],[15.62,59.025],[15.617,59.023],[15.621,59.02],[15.621,59.016],[15.631,59.011],[15.645,59.013],[15.656,59.01],[15.652,59.008],[15.655,59.005],[15.654,59],[15.65,58.996],[15.665,58.982],[15.688,58.982],[15.691,58.987],[15.701,58.985],[15.721,58.99],[15.728,58.984],[15.726,58.98],[15.733,58.974],[15.736,58.966],[15.743,58.956],[15.741,58.951],[15.764,58.957],[15.762,58.964],[15.767,58.967],[15.779,58.968],[15.781,58.97],[15.78,58.976],[15.782,58.985],[15.792,58.99],[15.797,58.995],[15.807,59.003],[15.807,59.012],[15.815,59.019],[15.821,59.018],[15.843,59.015],[15.872,59],[15.865,58.991],[15.883,58.988],[15.882,58.979],[15.889,58.978],[15.897,58.974],[15.9,58.971],[15.912,58.962],[15.93,58.961],[15.938,58.956],[15.95,58.953],[15.967,58.947],[15.994,58.937],[16.036,58.928],[16.054,58.927],[16.063,58.924],[16.082,58.92],[16.081,58.917],[16.085,58.914],[16.091,58.912],[16.089,58.908],[16.094,58.906],[16.092,58.902],[16.099,58.899],[16.103,58.892],[16.102,58.886],[16.112,58.885],[16.119,58.882],[16.127,58.88],[16.131,58.878],[16.144,58.875],[16.149,58.871],[16.166,58.863],[16.173,58.862],[16.18,58.858],[16.182,58.854],[16.185,58.85],[16.191,58.846],[16.192,58.839],[16.197,58.839],[16.201,58.836],[16.211,58.835],[16.22,58.838],[16.264,58.832],[16.269,58.826],[16.289,58.801],[16.305,58.795],[16.31,58.792],[16.309,58.785],[16.296,58.776],[16.302,58.771],[16.315,58.773],[16.322,58.776],[16.327,58.78],[16.338,58.772],[16.338,58.77],[16.348,58.766],[16.369,58.753],[16.37,58.741],[16.375,58.74],[16.371,58.734],[16.378,58.71],[16.377,58.708],[16.386,58.704],[16.399,58.702],[16.406,58.704],[16.418,58.703],[16.427,58.697],[16.452,58.698],[16.466,58.698],[16.475,58.696],[16.511,58.698],[16.542,58.701],[16.558,58.697],[16.559,58.697],[16.585,58.698],[16.607,58.694],[16.617,58.691],[16.628,58.69],[16.63,58.686],[16.637,58.685],[16.636,58.679],[16.643,58.676],[16.649,58.682],[16.69,58.676],[16.696,58.672],[16.702,58.67],[16.709,58.665],[16.71,58.66],[16.721,58.653],[16.734,58.644],[16.758,58.63],[16.75,58.63],[16.75,58.627],[16.797,58.608],[16.827,58.594],[16.89,58.601],[16.919,58.596],[16.943,58.584],[16.972,58.581],[17.016,58.59],[17.07,58.591],[17.131,58.55],[17.147,58.533],[17.149,58.503],[17.516,58.411],[17.569,58.399],[17.812,58.456],[17.875,58.471],[17.951,58.489],[17.95,58.49],[17.795,58.671],[17.787,58.778],[17.725,58.798],[17.718,58.815],[17.67,58.826],[17.652,58.86],[17.661,58.867],[17.651,58.875],[17.655,58.893],[17.64,58.899],[17.632,58.903],[17.636,58.908],[17.626,58.925],[17.623,58.933],[17.625,58.935],[17.597,58.944],[17.59,58.944],[17.578,58.948],[17.57,58.952],[17.562,58.951],[17.557,58.954],[17.558,58.958],[17.55,58.963],[17.548,58.967],[17.543,58.968],[17.543,58.971],[17.554,58.983],[17.537,58.982],[17.517,58.983],[17.512,58.981],[17.5,58.986],[17.49,58.987],[17.481,58.989],[17.476,58.987],[17.443,58.995],[17.447,58.99],[17.443,58.985],[17.439,58.981],[17.43,58.98],[17.424,58.982],[17.42,58.982],[17.412,58.983],[17.394,58.982],[17.383,58.985],[17.375,58.982],[17.371,58.991],[17.365,58.996],[17.365,59.001],[17.36,59.007],[17.355,59.009],[17.352,59.017],[17.343,59.025],[17.347,59.029],[17.333,59.033],[17.331,59.036],[17.332,59.042],[17.326,59.044],[17.319,59.049],[17.32,59.062],[17.326,59.07],[17.321,59.076],[17.312,59.079],[17.316,59.086],[17.318,59.098],[17.319,59.115],[17.322,59.124],[17.322,59.137],[17.317,59.145],[17.309,59.15],[17.302,59.16],[17.297,59.164],[17.284,59.169],[17.277,59.17],[17.279,59.171],[17.259,59.182],[17.266,59.182],[17.267,59.188],[17.264,59.192],[17.263,59.197],[17.248,59.199],[17.244,59.204],[17.249,59.204],[17.252,59.208],[17.244,59.215],[17.246,59.219],[17.252,59.22],[17.258,59.223],[17.262,59.223],[17.265,59.227],[17.272,59.235],[17.275,59.246],[17.281,59.245],[17.293,59.247],[17.294,59.25],[17.302,59.25],[17.309,59.252],[17.304,59.257],[17.31,59.266],[17.342,59.274],[17.348,59.279],[17.349,59.285],[17.348,59.306],[17.344,59.311],[17.351,59.32],[17.346,59.326],[17.346,59.331],[17.348,59.334],[17.335,59.352],[17.426,59.351],[17.411,59.366],[17.415,59.383],[17.383,59.397],[17.389,59.414],[17.365,59.417],[17.357,59.434],[17.354,59.438],[17.336,59.441],[17.311,59.438],[17.303,59.442],[17.291,59.446],[17.208,59.463],[17.182,59.479],[17.159,59.485],[17.155,59.49],[17.152,59.497],[17.153,59.5],[17.15,59.508],[17.144,59.512],[17.142,59.516],[17.13,59.52],[17.118,59.526],[17.084,59.531],[17.079,59.523],[17.064,59.511],[17.046,59.516],[17.038,59.511],[17.03,59.508],[16.996,59.513],[16.986,59.518],[16.966,59.52]]]}},{"type":"Feature","properties":{"id":404,"name":"Östergötlands län","bbox":[14.418,57.7,17.569,59.019]},"geometry":{"type":"Polygon","coordinates":[[[14.899,58.138],[14.927,58.134],[14.951,58.139],[14.955,58.145],[14.978,58.152],[14.985,58.148],[14.981,58.144],[14.984,58.142],[14.976,58.134],[14.98,58.128],[14.988,58.123],[14.995,58.122],[15.004,58.113],[15.007,58.107],[15.006,58.102],[15.011,58.098],[15.013,58.093],[15.016,58.09],[15.029,58.072],[15.039,58.057],[15.031,58.055],[15.028,58.05],[15.064,58.025],[15.073,58.016],[15.076,58.006],[15.081,57.999],[15.074,57.993],[15.071,57.987],[15.063,57.985],[15.059,57.988],[15.053,57.989],[15.036,57.988],[15.02,57.991],[15.009,57.987],[15.015,57.978],[15.014,57.972],[15.019,57.961],[15.016,57.954],[15.005,57.948],[14.998,57.948],[14.999,57.944],[14.992,57.942],[14.998,57.935],[15.005,57.933],[15.01,57.929],[15.012,57.923],[15.001,57.917],[14.994,57.909],[14.997,57.903],[15.009,57.896],[15.011,57.891],[15.019,57.891],[15.023,57.889],[15.021,57.885],[15.031,57.876],[15.028,57.872],[15.035,57.865],[15.04,57.863],[15.038,57.859],[15.045,57.859],[15.047,57.857],[15.055,57.854],[15.064,57.85],[15.07,57.847],[15.071,57.843],[15.078,57.839],[15.078,57.836],[15.071,57.831],[15.068,57.822],[15.071,57.818],[15.074,57.806],[15.082,57.796],[15.086,57.783],[15.088,57.779],[15.089,57.773],[15.099,57.762],[15.104,57.757],[15.112,57.753],[15.12,57.744],[15.12,57.74],[15.125,57.73],[15.13,57.725],[15.128,57.72],[15.128,57.717],[15.135,57.717],[15.141,57.712],[15.154,57.71],[15.155,57.706],[15.177,57.705],[15.178,57.709],[15.198,57.709],[15.204,57.71],[15.225,57.71],[15.235,57.708],[15.257,57.706],[15.266,57.708],[15.282,57.71],[15.282,57.715],[15.296,57.711],[15.303,57.71],[15.326,57.701],[15.331,57.7],[15.336,57.703],[15.345,57.704],[15.356,57.707],[15.377,57.706],[15.401,57.708],[15.412,57.708],[15.421,57.705],[15.426,57.706],[15.437,57.712],[15.446,57.719],[15.441,57.727],[15.452,57.732],[15.447,57.737],[15.441,57.738],[15.438,57.742],[15.431,57.744],[15.435,57.746],[15.444,57.747],[15.457,57.75],[15.468,57.754],[15.481,57.756],[15.481,57.759],[15.488,57.762],[15.492,57.762],[15.496,57.759],[15.501,57.758],[15.505,57.764],[15.514,57.768],[15.525,57.763],[15.538,57.771],[15.547,57.771],[15.554,57.773],[15.548,57.778],[15.547,57.782],[15.543,57.785],[15.544,57.787],[15.542,57.79],[15.552,57.793],[15.555,57.797],[15.57,57.805],[15.595,57.818],[15.597,57.818],[15.599,57.825],[15.602,57.827],[15.606,57.832],[15.602,57.838],[15.599,57.854],[15.619,57.855],[15.629,57.853],[15.64,57.849],[15.646,57.853],[15.659,57.857],[15.677,57.86],[15.679,57.858],[15.704,57.857],[15.713,57.856],[15.735,57.85],[15.768,57.852],[15.771,57.848],[15.782,57.844],[15.785,57.841],[15.79,57.84],[15.805,57.832],[15.816,57.823],[15.822,57.817],[15.829,57.818],[15.845,57.824],[15.854,57.829],[15.868,57.829],[15.887,57.83],[15.896,57.83],[15.899,57.827],[15.912,57.817],[15.922,57.813],[15.927,57.809],[15.944,57.803],[15.951,57.813],[15.965,57.823],[15.991,57.836],[16.005,57.846],[16.021,57.854],[16.032,57.861],[16.062,57.873],[16.063,57.88],[16.058,57.883],[16.061,57.887],[16.055,57.894],[16.058,57.899],[16.064,57.899],[16.052,57.912],[16.042,57.918],[16.029,57.921],[16.029,57.928],[16.019,57.944],[16.028,57.955],[16.039,57.96],[16.046,57.965],[16.053,57.961],[16.075,57.975],[16.093,57.978],[16.069,57.984],[16.05,57.988],[16.043,57.996],[16.025,58.011],[15.995,58.022],[15.997,58.036],[16.017,58.052],[16.016,58.061],[16.009,58.064],[16.002,58.066],[15.988,58.074],[15.988,58.076],[15.995,58.082],[16.007,58.088],[16.015,58.086],[16.022,58.08],[16.027,58.074],[16.037,58.073],[16.07,58.07],[16.082,58.072],[16.099,58.079],[16.108,58.082],[16.12,58.086],[16.129,58.086],[16.149,58.062],[16.158,58.062],[16.178,58.064],[16.163,58.09],[16.167,58.099],[16.177,58.11],[16.191,58.104],[16.204,58.105],[16.212,58.108],[16.213,58.117],[16.239,58.132],[16.241,58.136],[16.265,58.142],[16.284,58.137],[16.295,58.132],[16.303,58.125],[16.318,58.121],[16.333,58.117],[16.355,58.127],[16.363,58.13],[16.386,58.134],[16.392,58.129],[16.398,58.129],[16.411,58.131],[16.414,58.129],[16.417,58.122],[16.422,58.122],[16.429,58.113],[16.457,58.112],[16.458,58.107],[16.465,58.099],[16.485,58.09],[16.491,58.089],[16.502,58.096],[16.515,58.104],[16.533,58.116],[16.543,58.111],[16.551,58.109],[16.555,58.105],[16.57,58.098],[16.569,58.095],[16.562,58.089],[16.568,58.084],[16.6,58.06],[16.607,58.053],[16.593,58.051],[16.596,58.048],[16.601,58.048],[16.601,58.042],[16.599,58.037],[16.609,58.031],[16.609,58.03],[16.615,58.021],[16.631,58.012],[16.624,58.008],[16.627,58.003],[16.658,57.993],[16.665,57.997],[16.673,58],[16.682,57.999],[16.691,57.996],[16.697,57.997],[16.703,57.994],[16.714,57.992],[16.727,57.985],[16.734,57.986],[16.731,57.995],[16.743,58],[16.747,57.994],[16.756,58.001],[16.772,58.004],[16.778,58.003],[16.789,58.004],[16.792,58],[16.802,57.998],[16.806,58],[16.812,58],[16.812,58.006],[16.818,58.011],[16.821,58.027],[16.896,58.004],[17.353,58],[17.424,58.102],[17.507,58.223],[17.516,58.234],[17.526,58.247],[17.53,58.253],[17.537,58.267],[17.542,58.28],[17.544,58.287],[17.547,58.301],[17.547,58.31],[17.547,58.313],[17.569,58.399],[17.516,58.411],[17.149,58.503],[17.147,58.533],[17.131,58.55],[17.07,58.591],[17.016,58.59],[16.972,58.581],[16.943,58.584],[16.919,58.596],[16.89,58.601],[16.827,58.594],[16.797,58.608],[16.75,58.627],[16.75,58.63],[16.758,58.63],[16.734,58.644],[16.721,58.653],[16.71,58.66],[16.709,58.665],[16.702,58.67],[16.696,58.672],[16.69,58.676],[16.649,58.682],[16.643,58.676],[16.636,58.679],[16.637,58.685],[16.63,58.686],[16.628,58.69],[16.617,58.691],[16.607,58.694],[16.585,58.698],[16.559,58.697],[16.558,58.697],[16.542,58.701],[16.511,58.698],[16.475,58.696],[16.466,58.698],[16.452,58.698],[16.427,58.697],[16.418,58.703],[16.406,58.704],[16.399,58.702],[16.386,58.704],[16.377,58.708],[16.378,58.71],[16.371,58.734],[16.375,58.74],[16.37,58.741],[16.369,58.753],[16.348,58.766],[16.338,58.77],[16.338,58.772],[16.327,58.78],[16.322,58.776],[16.315,58.773],[16.302,58.771],[16.296,58.776],[16.309,58.785],[16.31,58.792],[16.305,58.795],[16.289,58.801],[16.269,58.826],[16.264,58.832],[16.22,58.838],[16.211,58.835],[16.201,58.836],[16.197,58.839],[16.192,58.839],[16.191,58.846],[16.185,58.85],[16.182,58.854],[16.18,58.858],[16.173,58.862],[16.166,58.863],[16.149,58.871],[16.144,58.875],[16.131,58.878],[16.127,58.88],[16.119,58.882],[16.112,58.885],[16.102,58.886],[16.103,58.892],[16.099,58.899],[16.092,58.902],[16.094,58.906],[16.089,58.908],[16.091,58.912],[16.085,58.914],[16.081,58.917],[16.082,58.92],[16.063,58.924],[16.054,58.927],[16.036,58.928],[15.994,58.937],[15.967,58.947],[15.95,58.953],[15.938,58.956],[15.93,58.961],[15.912,58.962],[15.9,58.971],[15.897,58.974],[15.889,58.978],[15.882,58.979],[15.883,58.988],[15.865,58.991],[15.872,59],[15.843,59.015],[15.821,59.018],[15.815,59.019],[15.807,59.012],[15.807,59.003],[15.797,58.995],[15.792,58.99],[15.782,58.985],[15.78,58.976],[15.781,58.97],[15.779,58.968],[15.767,58.967],[15.762,58.964],[15.764,58.957],[15.741,58.951],[15.743,58.956],[15.736,58.966],[15.733,58.974],[15.726,58.98],[15.728,58.984],[15.721,58.99],[15.701,58.985],[15.691,58.987],[15.688,58.982],[15.682,58.975],[15.678,58.974],[15.658,58.975],[15.642,58.974],[15.638,58.976],[15.633,58.981],[15.629,58.983],[15.603,58.968],[15.59,58.96],[15.581,58.96],[15.555,58.956],[15.558,58.941],[15.572,58.927],[15.584,58.919],[15.592,58.912],[15.594,58.906],[15.586,58.897],[15.578,58.895],[15.563,58.894],[15.56,58.887],[15.554,58.87],[15.545,58.872],[15.539,58.869],[15.537,58.867],[15.531,58.865],[15.508,58.864],[15.492,58.866],[15.475,58.862],[15.469,58.864],[15.441,58.864],[15.446,58.854],[15.445,58.85],[15.451,58.84],[15.451,58.833],[15.454,58.825],[15.454,58.821],[15.431,58.823],[15.425,58.822],[15.425,58.818],[15.429,58.815],[15.414,58.807],[15.414,58.814],[15.414,58.822],[15.406,58.828],[15.411,58.832],[15.405,58.838],[15.403,58.842],[15.381,58.847],[15.348,58.829],[15.34,58.835],[15.326,58.85],[15.325,58.859],[15.307,58.854],[15.296,58.85],[15.289,58.852],[15.288,58.855],[15.275,58.863],[15.263,58.865],[15.257,58.858],[15.256,58.85],[15.253,58.848],[15.247,58.848],[15.241,58.841],[15.219,58.843],[15.222,58.835],[15.218,58.827],[15.204,58.817],[15.198,58.815],[15.188,58.813],[15.167,58.811],[15.138,58.821],[15.136,58.811],[15.128,58.796],[15.12,58.793],[15.125,58.786],[15.117,58.776],[15.115,58.77],[15.109,58.771],[15.107,58.768],[15.098,58.769],[15.098,58.766],[15.093,58.762],[15.088,58.766],[15.084,58.767],[15.067,58.754],[15.065,58.749],[15.054,58.738],[15.049,58.724],[15.049,58.722],[15.041,58.713],[15.035,58.704],[15.029,58.705],[15.019,58.705],[15.012,58.706],[15.004,58.696],[14.995,58.694],[14.992,58.692],[14.975,58.687],[14.969,58.683],[14.964,58.689],[14.955,58.693],[14.936,58.695],[14.929,58.697],[14.813,58.667],[14.807,58.665],[14.779,58.646],[14.673,58.51],[14.543,58.38],[14.52,58.356],[14.418,58.191],[14.468,58.131],[14.543,58.111],[14.55,58.105],[14.557,58.105],[14.565,58.107],[14.587,58.104],[14.593,58.099],[14.602,58.099],[14.612,58.098],[14.617,58.096],[14.629,58.097],[14.634,58.096],[14.643,58.097],[14.652,58.096],[14.658,58.097],[14.658,58.101],[14.671,58.099],[14.675,58.1],[14.701,58.098],[14.705,58.099],[14.712,58.098],[14.717,58.1],[14.723,58.098],[14.734,58.101],[14.74,58.1],[14.759,58.104],[14.762,58.098],[14.766,58.095],[14.766,58.086],[14.778,58.086],[14.791,58.085],[14.802,58.086],[14.809,58.083],[14.837,58.086],[14.846,58.087],[14.85,58.088],[14.854,58.086],[14.869,58.088],[14.883,58.091],[14.89,58.085],[14.897,58.086],[14.893,58.092],[14.888,58.094],[14.887,58.099],[14.897,58.107],[14.899,58.113],[14.912,58.111],[14.912,58.116],[14.917,58.12],[14.91,58.124],[14.908,58.122],[14.9,58.12],[14.892,58.124],[14.889,58.129],[14.894,58.133],[14.892,58.138],[14.899,58.138]]]}},{"type":"Feature","properties":{"id":405,"name":"Jönköpings län","bbox":[13.079,56.879,15.666,58.191]},"geometry":{"type":"MultiPolygon","coordinates":[[[[13.963,58.008],[13.961,58.01],[13.953,58.027],[13.953,58.03],[13.943,58.035],[13.94,58.035],[13.919,58.042],[13.905,58.042],[13.898,58.044],[13.889,58.045],[13.876,58.047],[13.868,58.047],[13.865,58.041],[13.86,58.042],[13.841,58.045],[13.823,58.05],[13.805,58.056],[13.802,58.049],[13.792,58.049],[13.796,58.054],[13.79,58.056],[13.773,58.048],[13.771,58.04],[13.766,58.036],[13.772,58.024],[13.759,58.026],[13.753,58.025],[13.772,58.02],[13.776,58.011],[13.774,58.006],[13.755,58.008],[13.75,58.005],[13.758,58.001],[13.749,57.994],[13.744,57.997],[13.733,57.998],[13.732,57.995],[13.725,57.991],[13.728,57.989],[13.723,57.986],[13.72,57.98],[13.719,57.976],[13.688,57.977],[13.687,57.974],[13.712,57.966],[13.726,57.939],[13.729,57.931],[13.734,57.938],[13.741,57.94],[13.756,57.941],[13.766,57.938],[13.767,57.932],[13.771,57.926],[13.775,57.925],[13.786,57.926],[13.789,57.922],[13.792,57.909],[13.791,57.906],[13.777,57.903],[13.764,57.896],[13.76,57.891],[13.766,57.888],[13.763,57.885],[13.766,57.882],[13.766,57.878],[13.757,57.873],[13.742,57.865],[13.74,57.855],[13.736,57.855],[13.736,57.849],[13.732,57.845],[13.737,57.843],[13.738,57.818],[13.744,57.816],[13.746,57.81],[13.742,57.807],[13.744,57.805],[13.744,57.798],[13.746,57.784],[13.75,57.781],[13.749,57.778],[13.754,57.773],[13.742,57.757],[13.732,57.753],[13.723,57.742],[13.714,57.731],[13.717,57.723],[13.73,57.718],[13.727,57.716],[13.694,57.706],[13.722,57.692],[13.723,57.682],[13.725,57.669],[13.716,57.655],[13.708,57.638],[13.686,57.632],[13.682,57.626],[13.672,57.628],[13.671,57.62],[13.664,57.615],[13.668,57.609],[13.67,57.602],[13.669,57.594],[13.679,57.595],[13.677,57.59],[13.672,57.587],[13.679,57.584],[13.68,57.577],[13.687,57.576],[13.686,57.569],[13.689,57.558],[13.683,57.554],[13.668,57.541],[13.669,57.538],[13.649,57.529],[13.642,57.524],[13.637,57.524],[13.624,57.52],[13.615,57.513],[13.61,57.512],[13.605,57.508],[13.595,57.497],[13.593,57.491],[13.587,57.484],[13.588,57.482],[13.582,57.475],[13.57,57.469],[13.564,57.463],[13.546,57.444],[13.531,57.43],[13.514,57.428],[13.504,57.414],[13.515,57.41],[13.515,57.404],[13.51,57.397],[13.488,57.396],[13.482,57.393],[13.48,57.39],[13.474,57.386],[13.472,57.381],[13.467,57.377],[13.468,57.371],[13.463,57.372],[13.456,57.371],[13.448,57.371],[13.436,57.369],[13.433,57.366],[13.433,57.362],[13.43,57.358],[13.435,57.356],[13.436,57.353],[13.433,57.349],[13.406,57.342],[13.397,57.34],[13.395,57.342],[13.386,57.34],[13.386,57.337],[13.382,57.335],[13.377,57.328],[13.372,57.325],[13.369,57.322],[13.363,57.323],[13.352,57.321],[13.347,57.318],[13.338,57.317],[13.3,57.312],[13.282,57.307],[13.287,57.302],[13.289,57.289],[13.287,57.283],[13.285,57.28],[13.285,57.276],[13.282,57.27],[13.273,57.268],[13.273,57.263],[13.265,57.258],[13.266,57.255],[13.262,57.249],[13.253,57.255],[13.243,57.26],[13.229,57.259],[13.224,57.255],[13.211,57.251],[13.199,57.25],[13.196,57.243],[13.189,57.238],[13.19,57.23],[13.194,57.227],[13.175,57.211],[13.176,57.209],[13.166,57.199],[13.166,57.194],[13.159,57.19],[13.151,57.178],[13.138,57.174],[13.136,57.169],[13.138,57.168],[13.131,57.164],[13.126,57.157],[13.12,57.155],[13.117,57.149],[13.111,57.147],[13.1,57.146],[13.081,57.132],[13.082,57.125],[13.091,57.129],[13.099,57.128],[13.097,57.126],[13.091,57.123],[13.094,57.12],[13.085,57.113],[13.088,57.111],[13.09,57.106],[13.079,57.099],[13.085,57.094],[13.09,57.086],[13.081,57.084],[13.087,57.078],[13.094,57.076],[13.099,57.07],[13.107,57.066],[13.116,57.063],[13.115,57.06],[13.12,57.059],[13.122,57.054],[13.114,57.047],[13.113,57.041],[13.122,57.036],[13.118,57.033],[13.122,57.027],[13.133,57.027],[13.134,57.032],[13.137,57.035],[13.145,57.038],[13.156,57.037],[13.166,57.041],[13.179,57.048],[13.19,57.049],[13.196,57.051],[13.198,57.054],[13.193,57.055],[13.19,57.058],[13.176,57.052],[13.168,57.048],[13.162,57.052],[13.172,57.055],[13.18,57.067],[13.187,57.064],[13.196,57.068],[13.201,57.072],[13.206,57.071],[13.212,57.074],[13.218,57.076],[13.229,57.077],[13.234,57.079],[13.224,57.084],[13.229,57.086],[13.233,57.09],[13.227,57.095],[13.232,57.098],[13.254,57.089],[13.275,57.093],[13.277,57.096],[13.286,57.1],[13.289,57.103],[13.296,57.102],[13.3,57.104],[13.307,57.102],[13.321,57.102],[13.325,57.105],[13.346,57.11],[13.351,57.113],[13.366,57.114],[13.379,57.111],[13.386,57.111],[13.387,57.114],[13.411,57.114],[13.424,57.113],[13.44,57.11],[13.442,57.107],[13.449,57.105],[13.455,57.103],[13.452,57.1],[13.455,57.097],[13.469,57.103],[13.473,57.108],[13.489,57.114],[13.497,57.109],[13.496,57.095],[13.501,57.09],[13.49,57.086],[13.501,57.074],[13.505,57.074],[13.506,57.078],[13.505,57.085],[13.527,57.087],[13.535,57.081],[13.546,57.079],[13.574,57.07],[13.569,57.066],[13.574,57.063],[13.58,57.063],[13.582,57.065],[13.599,57.063],[13.604,57.06],[13.606,57.051],[13.602,57.046],[13.608,57.042],[13.599,57.037],[13.586,57.033],[13.593,57.03],[13.603,57.024],[13.595,57.015],[13.603,57.008],[13.613,57.003],[13.616,57],[13.629,56.994],[13.627,56.991],[13.63,56.986],[13.648,56.988],[13.648,56.986],[13.656,56.984],[13.664,56.985],[13.667,56.98],[13.681,56.972],[13.691,56.976],[13.693,56.989],[13.71,57.005],[13.713,57.018],[13.733,57.036],[13.747,57.039],[13.747,57.037],[13.76,57.036],[13.755,57.029],[13.762,57.026],[13.776,57.024],[13.798,57.026],[13.802,57.029],[13.822,57.008],[13.84,57.004],[13.843,57.002],[13.84,56.999],[13.858,56.999],[13.868,57.012],[13.871,57.012],[13.874,57.018],[13.891,57.017],[13.91,57.018],[13.924,57.029],[13.925,57.041],[13.976,57.041],[13.99,57.029],[14.009,57.044],[14.012,57.048],[14.017,57.052],[14.024,57.052],[14.036,57.05],[14.045,57.051],[14.07,57.046],[14.091,57.041],[14.1,57.035],[14.095,57.03],[14.095,57.021],[14.106,57.021],[14.109,57.022],[14.132,57.023],[14.152,57.029],[14.158,57.013],[14.153,57.009],[14.155,57.006],[14.153,56.998],[14.16,56.999],[14.169,56.996],[14.17,56.992],[14.18,56.989],[14.192,56.958],[14.216,56.955],[14.212,56.951],[14.215,56.944],[14.213,56.938],[14.221,56.936],[14.219,56.932],[14.225,56.911],[14.243,56.896],[14.256,56.887],[14.27,56.883],[14.299,56.879],[14.309,56.883],[14.316,56.884],[14.325,56.883],[14.327,56.887],[14.326,56.891],[14.332,56.896],[14.346,56.913],[14.361,56.92],[14.37,56.93],[14.375,56.931],[14.378,56.936],[14.377,56.939],[14.385,56.944],[14.387,56.948],[14.387,56.954],[14.394,56.965],[14.379,56.975],[14.377,56.981],[14.367,56.981],[14.368,56.986],[14.367,56.988],[14.368,56.993],[14.379,57],[14.372,57.005],[14.36,57.005],[14.349,57.003],[14.352,57.012],[14.347,57.011],[14.336,57.016],[14.333,57.022],[14.331,57.023],[14.333,57.036],[14.332,57.04],[14.337,57.044],[14.336,57.046],[14.338,57.056],[14.36,57.058],[14.36,57.064],[14.357,57.074],[14.362,57.08],[14.356,57.085],[14.359,57.088],[14.358,57.096],[14.354,57.099],[14.348,57.1],[14.345,57.103],[14.347,57.106],[14.337,57.113],[14.344,57.113],[14.349,57.118],[14.361,57.12],[14.359,57.132],[14.348,57.145],[14.366,57.152],[14.376,57.148],[14.384,57.154],[14.398,57.151],[14.408,57.152],[14.413,57.155],[14.419,57.152],[14.421,57.149],[14.427,57.146],[14.433,57.152],[14.437,57.152],[14.441,57.15],[14.447,57.157],[14.45,57.163],[14.461,57.163],[14.461,57.158],[14.485,57.158],[14.489,57.152],[14.496,57.154],[14.499,57.159],[14.51,57.163],[14.512,57.161],[14.52,57.16],[14.539,57.161],[14.544,57.171],[14.548,57.171],[14.553,57.18],[14.556,57.187],[14.571,57.19],[14.584,57.187],[14.596,57.178],[14.603,57.18],[14.611,57.181],[14.612,57.183],[14.607,57.204],[14.616,57.203],[14.629,57.205],[14.639,57.205],[14.656,57.203],[14.654,57.208],[14.663,57.207],[14.674,57.208],[14.682,57.209],[14.713,57.22],[14.714,57.222],[14.726,57.225],[14.742,57.225],[14.75,57.228],[14.777,57.225],[14.79,57.225],[14.811,57.22],[14.824,57.214],[14.831,57.208],[14.834,57.208],[14.836,57.202],[14.841,57.203],[14.849,57.2],[14.854,57.2],[14.861,57.199],[14.87,57.198],[14.876,57.194],[14.879,57.187],[14.891,57.177],[14.887,57.174],[14.884,57.167],[14.892,57.164],[14.89,57.162],[14.899,57.142],[14.903,57.139],[14.902,57.136],[14.912,57.134],[14.922,57.135],[14.924,57.133],[14.936,57.136],[14.949,57.136],[14.951,57.137],[14.96,57.135],[14.967,57.135],[14.969,57.136],[14.98,57.136],[14.999,57.142],[14.997,57.145],[15.009,57.156],[15.011,57.164],[15.021,57.165],[15.025,57.167],[15.038,57.163],[15.04,57.168],[15.044,57.171],[15.045,57.174],[15.053,57.175],[15.056,57.178],[15.064,57.181],[15.068,57.186],[15.076,57.188],[15.077,57.194],[15.081,57.196],[15.088,57.195],[15.101,57.195],[15.106,57.191],[15.115,57.19],[15.119,57.191],[15.127,57.19],[15.129,57.186],[15.135,57.183],[15.146,57.175],[15.15,57.179],[15.154,57.181],[15.155,57.196],[15.153,57.198],[15.152,57.204],[15.15,57.207],[15.151,57.211],[15.147,57.215],[15.145,57.219],[15.142,57.219],[15.14,57.225],[15.133,57.227],[15.127,57.227],[15.121,57.23],[15.128,57.233],[15.13,57.238],[15.139,57.237],[15.154,57.231],[15.156,57.227],[15.162,57.225],[15.167,57.23],[15.181,57.225],[15.177,57.221],[15.183,57.217],[15.185,57.212],[15.196,57.208],[15.211,57.212],[15.215,57.216],[15.222,57.219],[15.234,57.23],[15.241,57.221],[15.247,57.222],[15.251,57.226],[15.264,57.22],[15.279,57.221],[15.281,57.224],[15.291,57.222],[15.302,57.224],[15.305,57.222],[15.311,57.223],[15.317,57.221],[15.318,57.225],[15.327,57.224],[15.33,57.227],[15.335,57.228],[15.342,57.226],[15.358,57.226],[15.367,57.227],[15.38,57.227],[15.393,57.225],[15.402,57.226],[15.403,57.223],[15.41,57.221],[15.412,57.22],[15.427,57.219],[15.436,57.215],[15.443,57.214],[15.445,57.217],[15.457,57.214],[15.464,57.215],[15.467,57.213],[15.482,57.212],[15.493,57.208],[15.499,57.204],[15.51,57.201],[15.515,57.202],[15.513,57.206],[15.52,57.211],[15.524,57.22],[15.526,57.222],[15.526,57.226],[15.523,57.231],[15.523,57.235],[15.516,57.242],[15.517,57.244],[15.506,57.248],[15.499,57.25],[15.489,57.249],[15.473,57.261],[15.46,57.267],[15.458,57.27],[15.473,57.271],[15.473,57.276],[15.474,57.279],[15.482,57.279],[15.477,57.284],[15.476,57.287],[15.47,57.291],[15.468,57.301],[15.47,57.307],[15.477,57.309],[15.481,57.308],[15.489,57.312],[15.496,57.309],[15.505,57.31],[15.513,57.307],[15.513,57.315],[15.512,57.32],[15.515,57.324],[15.513,57.328],[15.515,57.334],[15.522,57.34],[15.517,57.343],[15.51,57.351],[15.514,57.355],[15.512,57.361],[15.516,57.364],[15.508,57.368],[15.499,57.371],[15.498,57.374],[15.507,57.38],[15.517,57.382],[15.524,57.384],[15.521,57.391],[15.52,57.401],[15.524,57.406],[15.521,57.41],[15.509,57.412],[15.499,57.411],[15.497,57.416],[15.496,57.43],[15.502,57.441],[15.504,57.45],[15.505,57.457],[15.514,57.456],[15.525,57.457],[15.527,57.459],[15.535,57.461],[15.548,57.465],[15.549,57.468],[15.562,57.463],[15.561,57.457],[15.57,57.455],[15.574,57.449],[15.583,57.448],[15.594,57.443],[15.597,57.435],[15.605,57.436],[15.61,57.44],[15.614,57.441],[15.62,57.454],[15.616,57.462],[15.619,57.465],[15.618,57.47],[15.62,57.475],[15.619,57.48],[15.622,57.486],[15.627,57.491],[15.632,57.492],[15.651,57.499],[15.655,57.501],[15.652,57.505],[15.647,57.506],[15.638,57.513],[15.635,57.521],[15.635,57.527],[15.616,57.538],[15.617,57.542],[15.609,57.543],[15.604,57.543],[15.593,57.548],[15.586,57.547],[15.577,57.548],[15.583,57.552],[15.587,57.557],[15.604,57.566],[15.612,57.575],[15.631,57.588],[15.631,57.593],[15.642,57.59],[15.646,57.591],[15.666,57.599],[15.654,57.599],[15.651,57.6],[15.643,57.603],[15.632,57.604],[15.621,57.609],[15.616,57.614],[15.608,57.618],[15.603,57.621],[15.593,57.625],[15.594,57.63],[15.583,57.637],[15.576,57.637],[15.567,57.641],[15.561,57.643],[15.538,57.65],[15.537,57.653],[15.53,57.654],[15.52,57.66],[15.514,57.662],[15.505,57.661],[15.496,57.669],[15.489,57.674],[15.481,57.672],[15.479,57.675],[15.474,57.675],[15.447,57.684],[15.44,57.685],[15.43,57.698],[15.421,57.702],[15.421,57.705],[15.412,57.708],[15.401,57.708],[15.377,57.706],[15.356,57.707],[15.345,57.704],[15.336,57.703],[15.331,57.7],[15.326,57.701],[15.303,57.71],[15.296,57.711],[15.282,57.715],[15.282,57.71],[15.266,57.708],[15.257,57.706],[15.235,57.708],[15.225,57.71],[15.204,57.71],[15.198,57.709],[15.178,57.709],[15.177,57.705],[15.155,57.706],[15.154,57.71],[15.141,57.712],[15.135,57.717],[15.128,57.717],[15.128,57.72],[15.13,57.725],[15.125,57.73],[15.12,57.74],[15.12,57.744],[15.112,57.753],[15.104,57.757],[15.099,57.762],[15.089,57.773],[15.088,57.779],[15.086,57.783],[15.082,57.796],[15.074,57.806],[15.071,57.818],[15.068,57.822],[15.071,57.831],[15.078,57.836],[15.078,57.839],[15.071,57.843],[15.07,57.847],[15.064,57.85],[15.055,57.854],[15.047,57.857],[15.045,57.859],[15.038,57.859],[15.04,57.863],[15.035,57.865],[15.028,57.872],[15.031,57.876],[15.021,57.885],[15.023,57.889],[15.019,57.891],[15.011,57.891],[15.009,57.896],[14.997,57.903],[14.994,57.909],[15.001,57.917],[15.012,57.923],[15.01,57.929],[15.005,57.933],[14.998,57.935],[14.992,57.942],[14.999,57.944],[14.998,57.948],[15.005,57.948],[15.016,57.954],[15.019,57.961],[15.014,57.972],[15.015,57.978],[15.009,57.987],[15.02,57.991],[15.036,57.988],[15.053,57.989],[15.059,57.988],[15.063,57.985],[15.071,57.987],[15.074,57.993],[15.081,57.999],[15.076,58.006],[15.073,58.016],[15.064,58.025],[15.028,58.05],[15.031,58.055],[15.039,58.057],[15.029,58.072],[15.016,58.09],[15.013,58.093],[15.011,58.098],[15.006,58.102],[15.007,58.107],[15.004,58.113],[14.995,58.122],[14.988,58.123],[14.98,58.128],[14.976,58.134],[14.984,58.142],[14.981,58.144],[14.985,58.148],[14.978,58.152],[14.955,58.145],[14.951,58.139],[14.927,58.134],[14.899,58.138],[14.892,58.138],[14.894,58.133],[14.889,58.129],[14.892,58.124],[14.9,58.12],[14.908,58.122],[14.91,58.124],[14.917,58.12],[14.912,58.116],[14.912,58.111],[14.899,58.113],[14.897,58.107],[14.887,58.099],[14.888,58.094],[14.893,58.092],[14.897,58.086],[14.89,58.085],[14.883,58.091],[14.869,58.088],[14.854,58.086],[14.85,58.088],[14.846,58.087],[14.837,58.086],[14.809,58.083],[14.802,58.086],[14.791,58.085],[14.778,58.086],[14.766,58.086],[14.766,58.095],[14.762,58.098],[14.759,58.104],[14.74,58.1],[14.734,58.101],[14.723,58.098],[14.717,58.1],[14.712,58.098],[14.705,58.099],[14.701,58.098],[14.675,58.1],[14.671,58.099],[14.658,58.101],[14.658,58.097],[14.652,58.096],[14.643,58.097],[14.634,58.096],[14.629,58.097],[14.617,58.096],[14.612,58.098],[14.602,58.099],[14.593,58.099],[14.587,58.104],[14.565,58.107],[14.557,58.105],[14.55,58.105],[14.543,58.111],[14.468,58.131],[14.418,58.191],[14.314,58.132],[14.225,58.136],[14.215,58.135],[14.206,58.135],[14.19,58.131],[14.184,58.131],[14.177,58.129],[14.172,58.13],[14.156,58.13],[14.147,58.134],[14.148,58.137],[14.143,58.14],[14.14,58.139],[14.129,58.146],[14.119,58.121],[14.122,58.1],[14.117,58.089],[14.111,58.087],[14.108,58.082],[14.111,58.079],[14.117,58.078],[14.107,58.064],[14.065,58.039],[14.07,58.025],[14.065,58.029],[14.059,58.025],[14.064,58.024],[14.007,58.013],[13.993,58.01],[13.963,58.008]]],[[[13.651,57.607],[13.649,57.604],[13.637,57.594],[13.639,57.593],[13.649,57.594],[13.657,57.603],[13.65,57.605],[13.651,57.607]]],[[[13.194,57.056],[13.199,57.054],[13.205,57.055],[13.202,57.058],[13.194,57.056]]]]}},{"type":"Feature","properties":{"id":406,"name":"Kronobergs län","bbox":[13.298,56.359,15.836,57.238]},"geometry":{"type":"Polygon","coordinates":[[[14.299,56.879],[14.27,56.883],[14.256,56.887],[14.243,56.896],[14.225,56.911],[14.219,56.932],[14.221,56.936],[14.213,56.938],[14.215,56.944],[14.212,56.951],[14.216,56.955],[14.192,56.958],[14.18,56.989],[14.17,56.992],[14.169,56.996],[14.16,56.999],[14.153,56.998],[14.155,57.006],[14.153,57.009],[14.158,57.013],[14.152,57.029],[14.132,57.023],[14.109,57.022],[14.106,57.021],[14.095,57.021],[14.095,57.03],[14.1,57.035],[14.091,57.041],[14.07,57.046],[14.045,57.051],[14.036,57.05],[14.024,57.052],[14.017,57.052],[14.012,57.048],[14.009,57.044],[13.99,57.029],[13.976,57.041],[13.925,57.041],[13.924,57.029],[13.91,57.018],[13.891,57.017],[13.874,57.018],[13.871,57.012],[13.868,57.012],[13.858,56.999],[13.84,56.999],[13.843,57.002],[13.84,57.004],[13.822,57.008],[13.802,57.029],[13.798,57.026],[13.776,57.024],[13.762,57.026],[13.755,57.029],[13.76,57.036],[13.747,57.037],[13.747,57.039],[13.733,57.036],[13.713,57.018],[13.71,57.005],[13.693,56.989],[13.691,56.976],[13.681,56.972],[13.694,56.964],[13.689,56.946],[13.684,56.945],[13.682,56.94],[13.689,56.937],[13.685,56.932],[13.687,56.927],[13.666,56.921],[13.662,56.914],[13.623,56.908],[13.618,56.909],[13.604,56.897],[13.59,56.892],[13.577,56.889],[13.564,56.891],[13.56,56.894],[13.555,56.893],[13.544,56.887],[13.539,56.887],[13.536,56.891],[13.53,56.891],[13.522,56.888],[13.514,56.882],[13.505,56.878],[13.487,56.871],[13.482,56.872],[13.473,56.871],[13.469,56.874],[13.472,56.876],[13.453,56.879],[13.444,56.88],[13.438,56.876],[13.437,56.872],[13.432,56.869],[13.418,56.87],[13.414,56.871],[13.406,56.871],[13.396,56.867],[13.39,56.867],[13.373,56.863],[13.359,56.857],[13.355,56.858],[13.352,56.864],[13.346,56.864],[13.344,56.873],[13.339,56.872],[13.335,56.87],[13.335,56.865],[13.332,56.862],[13.337,56.856],[13.334,56.852],[13.34,56.85],[13.338,56.844],[13.335,56.844],[13.338,56.838],[13.325,56.833],[13.298,56.824],[13.305,56.804],[13.315,56.794],[13.319,56.782],[13.32,56.759],[13.318,56.74],[13.317,56.73],[13.317,56.72],[13.325,56.709],[13.317,56.701],[13.316,56.692],[13.308,56.685],[13.313,56.688],[13.323,56.686],[13.328,56.688],[13.364,56.665],[13.371,56.652],[13.376,56.646],[13.379,56.637],[13.381,56.636],[13.397,56.616],[13.398,56.609],[13.404,56.595],[13.403,56.592],[13.409,56.588],[13.418,56.578],[13.427,56.574],[13.429,56.574],[13.44,56.571],[13.44,56.554],[13.452,56.541],[13.46,56.528],[13.463,56.515],[13.465,56.514],[13.455,56.497],[13.454,56.488],[13.45,56.472],[13.45,56.468],[13.465,56.448],[13.463,56.446],[13.467,56.432],[13.461,56.428],[13.472,56.425],[13.472,56.422],[13.487,56.415],[13.501,56.406],[13.511,56.41],[13.512,56.411],[13.521,56.412],[13.529,56.409],[13.532,56.407],[13.543,56.404],[13.55,56.404],[13.571,56.41],[13.581,56.409],[13.597,56.416],[13.602,56.412],[13.628,56.418],[13.648,56.418],[13.65,56.42],[13.661,56.42],[13.689,56.425],[13.696,56.425],[13.7,56.427],[13.716,56.431],[13.733,56.435],[13.76,56.444],[13.794,56.448],[13.825,56.442],[13.877,56.437],[13.878,56.441],[13.89,56.45],[13.89,56.452],[13.901,56.457],[13.912,56.457],[13.921,56.459],[13.926,56.458],[13.952,56.467],[13.971,56.467],[13.974,56.469],[13.983,56.467],[14.004,56.467],[14.005,56.469],[14.017,56.47],[14.025,56.468],[14.031,56.477],[14.043,56.486],[14.044,56.49],[14.048,56.495],[14.056,56.501],[14.056,56.51],[14.062,56.514],[14.063,56.52],[14.062,56.526],[14.065,56.529],[14.072,56.529],[14.091,56.533],[14.106,56.53],[14.12,56.522],[14.117,56.518],[14.121,56.511],[14.126,56.507],[14.136,56.507],[14.143,56.508],[14.164,56.5],[14.165,56.497],[14.18,56.494],[14.189,56.494],[14.193,56.496],[14.199,56.497],[14.231,56.493],[14.233,56.491],[14.241,56.494],[14.267,56.507],[14.278,56.506],[14.278,56.501],[14.276,56.498],[14.287,56.499],[14.318,56.494],[14.332,56.488],[14.344,56.484],[14.352,56.484],[14.366,56.481],[14.378,56.48],[14.387,56.48],[14.41,56.476],[14.417,56.473],[14.425,56.473],[14.433,56.47],[14.439,56.47],[14.451,56.47],[14.459,56.473],[14.471,56.464],[14.482,56.463],[14.496,56.464],[14.505,56.461],[14.515,56.46],[14.531,56.456],[14.543,56.454],[14.553,56.45],[14.565,56.448],[14.569,56.447],[14.58,56.444],[14.597,56.444],[14.615,56.438],[14.619,56.429],[14.625,56.42],[14.629,56.42],[14.634,56.417],[14.638,56.413],[14.65,56.407],[14.649,56.404],[14.664,56.401],[14.668,56.399],[14.673,56.39],[14.679,56.387],[14.703,56.385],[14.716,56.384],[14.718,56.382],[14.734,56.384],[14.755,56.38],[14.758,56.383],[14.779,56.382],[14.788,56.379],[14.8,56.376],[14.801,56.373],[14.815,56.373],[14.836,56.367],[14.856,56.363],[14.86,56.359],[14.871,56.361],[14.89,56.363],[14.899,56.363],[14.904,56.361],[14.911,56.366],[14.931,56.384],[14.94,56.387],[14.943,56.391],[14.951,56.393],[14.972,56.409],[14.978,56.428],[14.979,56.434],[14.989,56.437],[14.989,56.441],[14.994,56.442],[15.001,56.446],[15.009,56.446],[15.014,56.449],[15.024,56.451],[15.033,56.451],[15.05,56.438],[15.053,56.441],[15.05,56.452],[15.061,56.453],[15.069,56.452],[15.086,56.452],[15.086,56.454],[15.097,56.455],[15.1,56.453],[15.11,56.453],[15.123,56.455],[15.131,56.454],[15.135,56.445],[15.147,56.436],[15.159,56.434],[15.18,56.428],[15.194,56.429],[15.205,56.436],[15.207,56.435],[15.214,56.44],[15.214,56.446],[15.22,56.451],[15.217,56.454],[15.208,56.457],[15.209,56.459],[15.233,56.463],[15.249,56.464],[15.251,56.467],[15.257,56.468],[15.264,56.471],[15.267,56.467],[15.282,56.464],[15.281,56.46],[15.287,56.457],[15.293,56.457],[15.299,56.456],[15.307,56.458],[15.314,56.458],[15.317,56.456],[15.325,56.457],[15.325,56.46],[15.341,56.469],[15.365,56.482],[15.342,56.484],[15.337,56.489],[15.342,56.494],[15.341,56.499],[15.349,56.504],[15.346,56.506],[15.348,56.514],[15.354,56.515],[15.353,56.522],[15.357,56.526],[15.35,56.533],[15.357,56.535],[15.36,56.54],[15.356,56.548],[15.36,56.549],[15.357,56.553],[15.365,56.555],[15.357,56.56],[15.359,56.566],[15.367,56.567],[15.371,56.554],[15.382,56.552],[15.379,56.561],[15.381,56.565],[15.387,56.57],[15.388,56.578],[15.392,56.583],[15.385,56.59],[15.375,56.592],[15.367,56.602],[15.372,56.604],[15.374,56.61],[15.385,56.611],[15.388,56.614],[15.391,56.624],[15.394,56.627],[15.403,56.631],[15.419,56.639],[15.418,56.645],[15.412,56.646],[15.406,56.649],[15.408,56.654],[15.4,56.656],[15.405,56.662],[15.422,56.669],[15.424,56.674],[15.412,56.679],[15.41,56.682],[15.413,56.688],[15.414,56.693],[15.419,56.696],[15.421,56.701],[15.418,56.708],[15.418,56.71],[15.425,56.71],[15.425,56.713],[15.416,56.717],[15.402,56.717],[15.394,56.721],[15.389,56.726],[15.393,56.732],[15.384,56.746],[15.379,56.747],[15.378,56.751],[15.361,56.758],[15.368,56.781],[15.383,56.782],[15.415,56.78],[15.428,56.782],[15.432,56.78],[15.445,56.779],[15.449,56.785],[15.445,56.796],[15.457,56.796],[15.487,56.796],[15.49,56.795],[15.523,56.803],[15.538,56.806],[15.553,56.823],[15.553,56.838],[15.548,56.849],[15.538,56.862],[15.556,56.874],[15.546,56.891],[15.534,56.895],[15.529,56.9],[15.519,56.901],[15.521,56.913],[15.52,56.914],[15.534,56.922],[15.535,56.924],[15.542,56.927],[15.555,56.93],[15.572,56.924],[15.584,56.921],[15.596,56.926],[15.636,56.911],[15.667,56.903],[15.693,56.914],[15.701,56.915],[15.712,56.913],[15.738,56.911],[15.755,56.914],[15.777,56.917],[15.799,56.911],[15.8,56.915],[15.803,56.917],[15.812,56.925],[15.82,56.929],[15.822,56.933],[15.834,56.944],[15.832,56.945],[15.835,56.956],[15.835,56.965],[15.836,56.974],[15.83,56.988],[15.83,56.991],[15.824,56.997],[15.815,57.001],[15.816,57.003],[15.811,57.008],[15.8,57.015],[15.796,57.016],[15.784,57.024],[15.779,57.032],[15.774,57.035],[15.734,57.056],[15.73,57.061],[15.726,57.07],[15.722,57.075],[15.719,57.076],[15.707,57.076],[15.704,57.078],[15.699,57.076],[15.689,57.08],[15.69,57.084],[15.682,57.083],[15.672,57.095],[15.661,57.097],[15.66,57.1],[15.654,57.102],[15.65,57.107],[15.641,57.111],[15.643,57.117],[15.642,57.125],[15.64,57.129],[15.621,57.129],[15.614,57.13],[15.596,57.137],[15.596,57.143],[15.587,57.146],[15.576,57.149],[15.572,57.149],[15.566,57.146],[15.551,57.147],[15.562,57.165],[15.56,57.179],[15.555,57.189],[15.547,57.185],[15.543,57.188],[15.529,57.192],[15.528,57.192],[15.527,57.192],[15.519,57.201],[15.515,57.202],[15.51,57.201],[15.499,57.204],[15.493,57.208],[15.482,57.212],[15.467,57.213],[15.464,57.215],[15.457,57.214],[15.445,57.217],[15.443,57.214],[15.436,57.215],[15.427,57.219],[15.412,57.22],[15.41,57.221],[15.403,57.223],[15.402,57.226],[15.393,57.225],[15.38,57.227],[15.367,57.227],[15.358,57.226],[15.342,57.226],[15.335,57.228],[15.33,57.227],[15.327,57.224],[15.318,57.225],[15.317,57.221],[15.311,57.223],[15.305,57.222],[15.302,57.224],[15.291,57.222],[15.281,57.224],[15.279,57.221],[15.264,57.22],[15.251,57.226],[15.247,57.222],[15.241,57.221],[15.234,57.23],[15.222,57.219],[15.215,57.216],[15.211,57.212],[15.196,57.208],[15.185,57.212],[15.183,57.217],[15.177,57.221],[15.181,57.225],[15.167,57.23],[15.162,57.225],[15.156,57.227],[15.154,57.231],[15.139,57.237],[15.13,57.238],[15.128,57.233],[15.121,57.23],[15.127,57.227],[15.133,57.227],[15.14,57.225],[15.142,57.219],[15.145,57.219],[15.147,57.215],[15.151,57.211],[15.15,57.207],[15.152,57.204],[15.153,57.198],[15.155,57.196],[15.154,57.181],[15.15,57.179],[15.146,57.175],[15.135,57.183],[15.129,57.186],[15.127,57.19],[15.119,57.191],[15.115,57.19],[15.106,57.191],[15.101,57.195],[15.088,57.195],[15.081,57.196],[15.077,57.194],[15.076,57.188],[15.068,57.186],[15.064,57.181],[15.056,57.178],[15.053,57.175],[15.045,57.174],[15.044,57.171],[15.04,57.168],[15.038,57.163],[15.025,57.167],[15.021,57.165],[15.011,57.164],[15.009,57.156],[14.997,57.145],[14.999,57.142],[14.98,57.136],[14.969,57.136],[14.967,57.135],[14.96,57.135],[14.951,57.137],[14.949,57.136],[14.936,57.136],[14.924,57.133],[14.922,57.135],[14.912,57.134],[14.902,57.136],[14.903,57.139],[14.899,57.142],[14.89,57.162],[14.892,57.164],[14.884,57.167],[14.887,57.174],[14.891,57.177],[14.879,57.187],[14.876,57.194],[14.87,57.198],[14.861,57.199],[14.854,57.2],[14.849,57.2],[14.841,57.203],[14.836,57.202],[14.834,57.208],[14.831,57.208],[14.824,57.214],[14.811,57.22],[14.79,57.225],[14.777,57.225],[14.75,57.228],[14.742,57.225],[14.726,57.225],[14.714,57.222],[14.713,57.22],[14.682,57.209],[14.674,57.208],[14.663,57.207],[14.654,57.208],[14.656,57.203],[14.639,57.205],[14.629,57.205],[14.616,57.203],[14.607,57.204],[14.612,57.183],[14.611,57.181],[14.603,57.18],[14.596,57.178],[14.584,57.187],[14.571,57.19],[14.556,57.187],[14.553,57.18],[14.548,57.171],[14.544,57.171],[14.539,57.161],[14.52,57.16],[14.512,57.161],[14.51,57.163],[14.499,57.159],[14.496,57.154],[14.489,57.152],[14.485,57.158],[14.461,57.158],[14.461,57.163],[14.45,57.163],[14.447,57.157],[14.441,57.15],[14.437,57.152],[14.433,57.152],[14.427,57.146],[14.421,57.149],[14.419,57.152],[14.413,57.155],[14.408,57.152],[14.398,57.151],[14.384,57.154],[14.376,57.148],[14.366,57.152],[14.348,57.145],[14.359,57.132],[14.361,57.12],[14.349,57.118],[14.344,57.113],[14.337,57.113],[14.347,57.106],[14.345,57.103],[14.348,57.1],[14.354,57.099],[14.358,57.096],[14.359,57.088],[14.356,57.085],[14.362,57.08],[14.357,57.074],[14.36,57.064],[14.36,57.058],[14.338,57.056],[14.336,57.046],[14.337,57.044],[14.332,57.04],[14.333,57.036],[14.331,57.023],[14.333,57.022],[14.336,57.016],[14.347,57.011],[14.352,57.012],[14.349,57.003],[14.36,57.005],[14.372,57.005],[14.379,57],[14.368,56.993],[14.367,56.988],[14.368,56.986],[14.367,56.981],[14.377,56.981],[14.379,56.975],[14.394,56.965],[14.387,56.954],[14.387,56.948],[14.385,56.944],[14.377,56.939],[14.378,56.936],[14.375,56.931],[14.37,56.93],[14.361,56.92],[14.346,56.913],[14.332,56.896],[14.326,56.891],[14.327,56.887],[14.325,56.883],[14.316,56.884],[14.309,56.883],[14.299,56.879]]]}},{"type":"Feature","properties":{"id":407,"name":"Kalmar län","bbox":[15.337,55.914,17.52,58.142]},"geometry":{"type":"Polygon","coordinates":[[[17.405,57.49],[17.347,57.538],[17.256,57.612],[17.252,57.615],[17.262,57.633],[17.268,57.646],[17.271,57.653],[17.274,57.667],[17.276,57.681],[17.275,57.695],[17.273,57.709],[17.27,57.721],[17.235,57.826],[17.264,57.869],[17.353,58],[16.896,58.004],[16.821,58.027],[16.818,58.011],[16.812,58.006],[16.812,58],[16.806,58],[16.802,57.998],[16.792,58],[16.789,58.004],[16.778,58.003],[16.772,58.004],[16.756,58.001],[16.747,57.994],[16.743,58],[16.731,57.995],[16.734,57.986],[16.727,57.985],[16.714,57.992],[16.703,57.994],[16.697,57.997],[16.691,57.996],[16.682,57.999],[16.673,58],[16.665,57.997],[16.658,57.993],[16.627,58.003],[16.624,58.008],[16.631,58.012],[16.615,58.021],[16.609,58.03],[16.609,58.031],[16.599,58.037],[16.601,58.042],[16.601,58.048],[16.596,58.048],[16.593,58.051],[16.607,58.053],[16.6,58.06],[16.568,58.084],[16.562,58.089],[16.569,58.095],[16.57,58.098],[16.555,58.105],[16.551,58.109],[16.543,58.111],[16.533,58.116],[16.515,58.104],[16.502,58.096],[16.491,58.089],[16.485,58.09],[16.465,58.099],[16.458,58.107],[16.457,58.112],[16.429,58.113],[16.422,58.122],[16.417,58.122],[16.414,58.129],[16.411,58.131],[16.398,58.129],[16.392,58.129],[16.386,58.134],[16.363,58.13],[16.355,58.127],[16.333,58.117],[16.318,58.121],[16.303,58.125],[16.295,58.132],[16.284,58.137],[16.265,58.142],[16.241,58.136],[16.239,58.132],[16.213,58.117],[16.212,58.108],[16.204,58.105],[16.191,58.104],[16.177,58.11],[16.167,58.099],[16.163,58.09],[16.178,58.064],[16.158,58.062],[16.149,58.062],[16.129,58.086],[16.12,58.086],[16.108,58.082],[16.099,58.079],[16.082,58.072],[16.07,58.07],[16.037,58.073],[16.027,58.074],[16.022,58.08],[16.015,58.086],[16.007,58.088],[15.995,58.082],[15.988,58.076],[15.988,58.074],[16.002,58.066],[16.009,58.064],[16.016,58.061],[16.017,58.052],[15.997,58.036],[15.995,58.022],[16.025,58.011],[16.043,57.996],[16.05,57.988],[16.069,57.984],[16.093,57.978],[16.075,57.975],[16.053,57.961],[16.046,57.965],[16.039,57.96],[16.028,57.955],[16.019,57.944],[16.029,57.928],[16.029,57.921],[16.042,57.918],[16.052,57.912],[16.064,57.899],[16.058,57.899],[16.055,57.894],[16.061,57.887],[16.058,57.883],[16.063,57.88],[16.062,57.873],[16.032,57.861],[16.021,57.854],[16.005,57.846],[15.991,57.836],[15.965,57.823],[15.951,57.813],[15.944,57.803],[15.927,57.809],[15.922,57.813],[15.912,57.817],[15.899,57.827],[15.896,57.83],[15.887,57.83],[15.868,57.829],[15.854,57.829],[15.845,57.824],[15.829,57.818],[15.822,57.817],[15.816,57.823],[15.805,57.832],[15.79,57.84],[15.785,57.841],[15.782,57.844],[15.771,57.848],[15.768,57.852],[15.735,57.85],[15.713,57.856],[15.704,57.857],[15.679,57.858],[15.677,57.86],[15.659,57.857],[15.646,57.853],[15.64,57.849],[15.629,57.853],[15.619,57.855],[15.599,57.854],[15.602,57.838],[15.606,57.832],[15.602,57.827],[15.599,57.825],[15.597,57.818],[15.595,57.818],[15.57,57.805],[15.555,57.797],[15.552,57.793],[15.542,57.79],[15.544,57.787],[15.543,57.785],[15.547,57.782],[15.548,57.778],[15.554,57.773],[15.547,57.771],[15.538,57.771],[15.525,57.763],[15.514,57.768],[15.505,57.764],[15.501,57.758],[15.496,57.759],[15.492,57.762],[15.488,57.762],[15.481,57.759],[15.481,57.756],[15.468,57.754],[15.457,57.75],[15.444,57.747],[15.435,57.746],[15.431,57.744],[15.438,57.742],[15.441,57.738],[15.447,57.737],[15.452,57.732],[15.441,57.727],[15.446,57.719],[15.437,57.712],[15.426,57.706],[15.421,57.705],[15.421,57.702],[15.43,57.698],[15.44,57.685],[15.447,57.684],[15.474,57.675],[15.479,57.675],[15.481,57.672],[15.489,57.674],[15.496,57.669],[15.505,57.661],[15.514,57.662],[15.52,57.66],[15.53,57.654],[15.537,57.653],[15.538,57.65],[15.561,57.643],[15.567,57.641],[15.576,57.637],[15.583,57.637],[15.594,57.63],[15.593,57.625],[15.603,57.621],[15.608,57.618],[15.616,57.614],[15.621,57.609],[15.632,57.604],[15.643,57.603],[15.651,57.6],[15.654,57.599],[15.666,57.599],[15.646,57.591],[15.642,57.59],[15.631,57.593],[15.631,57.588],[15.612,57.575],[15.604,57.566],[15.587,57.557],[15.583,57.552],[15.577,57.548],[15.586,57.547],[15.593,57.548],[15.604,57.543],[15.609,57.543],[15.617,57.542],[15.616,57.538],[15.635,57.527],[15.635,57.521],[15.638,57.513],[15.647,57.506],[15.652,57.505],[15.655,57.501],[15.651,57.499],[15.632,57.492],[15.627,57.491],[15.622,57.486],[15.619,57.48],[15.62,57.475],[15.618,57.47],[15.619,57.465],[15.616,57.462],[15.62,57.454],[15.614,57.441],[15.61,57.44],[15.605,57.436],[15.597,57.435],[15.594,57.443],[15.583,57.448],[15.574,57.449],[15.57,57.455],[15.561,57.457],[15.562,57.463],[15.549,57.468],[15.548,57.465],[15.535,57.461],[15.527,57.459],[15.525,57.457],[15.514,57.456],[15.505,57.457],[15.504,57.45],[15.502,57.441],[15.496,57.43],[15.497,57.416],[15.499,57.411],[15.509,57.412],[15.521,57.41],[15.524,57.406],[15.52,57.401],[15.521,57.391],[15.524,57.384],[15.517,57.382],[15.507,57.38],[15.498,57.374],[15.499,57.371],[15.508,57.368],[15.516,57.364],[15.512,57.361],[15.514,57.355],[15.51,57.351],[15.517,57.343],[15.522,57.34],[15.515,57.334],[15.513,57.328],[15.515,57.324],[15.512,57.32],[15.513,57.315],[15.513,57.307],[15.505,57.31],[15.496,57.309],[15.489,57.312],[15.481,57.308],[15.477,57.309],[15.47,57.307],[15.468,57.301],[15.47,57.291],[15.476,57.287],[15.477,57.284],[15.482,57.279],[15.474,57.279],[15.473,57.276],[15.473,57.271],[15.458,57.27],[15.46,57.267],[15.473,57.261],[15.489,57.249],[15.499,57.25],[15.506,57.248],[15.517,57.244],[15.516,57.242],[15.523,57.235],[15.523,57.231],[15.526,57.226],[15.526,57.222],[15.524,57.22],[15.52,57.211],[15.513,57.206],[15.515,57.202],[15.519,57.201],[15.527,57.192],[15.528,57.192],[15.529,57.192],[15.543,57.188],[15.547,57.185],[15.555,57.189],[15.56,57.179],[15.562,57.165],[15.551,57.147],[15.566,57.146],[15.572,57.149],[15.576,57.149],[15.587,57.146],[15.596,57.143],[15.596,57.137],[15.614,57.13],[15.621,57.129],[15.64,57.129],[15.642,57.125],[15.643,57.117],[15.641,57.111],[15.65,57.107],[15.654,57.102],[15.66,57.1],[15.661,57.097],[15.672,57.095],[15.682,57.083],[15.69,57.084],[15.689,57.08],[15.699,57.076],[15.704,57.078],[15.707,57.076],[15.719,57.076],[15.722,57.075],[15.726,57.07],[15.73,57.061],[15.734,57.056],[15.774,57.035],[15.779,57.032],[15.784,57.024],[15.796,57.016],[15.8,57.015],[15.811,57.008],[15.816,57.003],[15.815,57.001],[15.824,56.997],[15.83,56.991],[15.83,56.988],[15.836,56.974],[15.835,56.965],[15.835,56.956],[15.832,56.945],[15.834,56.944],[15.822,56.933],[15.82,56.929],[15.812,56.925],[15.803,56.917],[15.8,56.915],[15.799,56.911],[15.777,56.917],[15.755,56.914],[15.738,56.911],[15.712,56.913],[15.701,56.915],[15.693,56.914],[15.667,56.903],[15.636,56.911],[15.596,56.926],[15.584,56.921],[15.572,56.924],[15.555,56.93],[15.542,56.927],[15.535,56.924],[15.534,56.922],[15.52,56.914],[15.521,56.913],[15.519,56.901],[15.529,56.9],[15.534,56.895],[15.546,56.891],[15.556,56.874],[15.538,56.862],[15.548,56.849],[15.553,56.838],[15.553,56.823],[15.538,56.806],[15.523,56.803],[15.49,56.795],[15.487,56.796],[15.457,56.796],[15.445,56.796],[15.449,56.785],[15.445,56.779],[15.432,56.78],[15.428,56.782],[15.415,56.78],[15.383,56.782],[15.368,56.781],[15.361,56.758],[15.378,56.751],[15.379,56.747],[15.384,56.746],[15.393,56.732],[15.389,56.726],[15.394,56.721],[15.402,56.717],[15.416,56.717],[15.425,56.713],[15.425,56.71],[15.418,56.71],[15.418,56.708],[15.421,56.701],[15.419,56.696],[15.414,56.693],[15.413,56.688],[15.41,56.682],[15.412,56.679],[15.424,56.674],[15.422,56.669],[15.405,56.662],[15.4,56.656],[15.408,56.654],[15.406,56.649],[15.412,56.646],[15.418,56.645],[15.419,56.639],[15.403,56.631],[15.394,56.627],[15.391,56.624],[15.388,56.614],[15.385,56.611],[15.374,56.61],[15.372,56.604],[15.367,56.602],[15.375,56.592],[15.385,56.59],[15.392,56.583],[15.388,56.578],[15.387,56.57],[15.381,56.565],[15.379,56.561],[15.382,56.552],[15.371,56.554],[15.367,56.567],[15.359,56.566],[15.357,56.56],[15.365,56.555],[15.357,56.553],[15.36,56.549],[15.356,56.548],[15.36,56.54],[15.357,56.535],[15.35,56.533],[15.357,56.526],[15.353,56.522],[15.354,56.515],[15.348,56.514],[15.346,56.506],[15.349,56.504],[15.341,56.499],[15.342,56.494],[15.337,56.489],[15.342,56.484],[15.365,56.482],[15.366,56.484],[15.367,56.493],[15.381,56.5],[15.386,56.501],[15.398,56.498],[15.41,56.497],[15.418,56.493],[15.432,56.491],[15.433,56.495],[15.439,56.494],[15.444,56.488],[15.447,56.482],[15.463,56.485],[15.468,56.487],[15.478,56.484],[15.481,56.48],[15.494,56.476],[15.505,56.474],[15.512,56.476],[15.514,56.482],[15.511,56.491],[15.517,56.495],[15.524,56.502],[15.543,56.504],[15.553,56.501],[15.568,56.498],[15.575,56.495],[15.582,56.496],[15.586,56.495],[15.588,56.491],[15.586,56.485],[15.592,56.48],[15.599,56.474],[15.605,56.471],[15.611,56.471],[15.623,56.465],[15.628,56.463],[15.631,56.46],[15.64,56.457],[15.645,56.458],[15.654,56.463],[15.658,56.458],[15.663,56.455],[15.667,56.447],[15.669,56.442],[15.677,56.425],[15.697,56.423],[15.717,56.418],[15.732,56.416],[15.736,56.415],[15.745,56.404],[15.753,56.398],[15.756,56.391],[15.763,56.385],[15.772,56.382],[15.776,56.378],[15.778,56.373],[15.777,56.369],[15.799,56.352],[15.8,56.348],[15.807,56.342],[15.821,56.331],[15.842,56.323],[15.867,56.318],[15.883,56.317],[15.889,56.316],[15.895,56.317],[15.904,56.317],[15.907,56.315],[15.933,56.317],[15.94,56.316],[15.942,56.319],[15.949,56.317],[15.957,56.316],[15.96,56.313],[15.966,56.312],[15.968,56.314],[15.975,56.309],[15.973,56.307],[15.98,56.304],[15.979,56.301],[15.991,56.299],[15.995,56.301],[16.014,56.298],[16.019,56.303],[16.017,56.307],[16.014,56.308],[16.018,56.313],[16.027,56.316],[16.031,56.32],[16.039,56.322],[16.049,56.323],[16.052,56.321],[16.076,56.322],[16.224,56.305],[16.219,55.914],[16.324,55.945],[16.496,55.996],[16.53,56.003],[16.553,56.009],[16.599,56.024],[16.62,56.032],[16.64,56.04],[16.659,56.049],[16.677,56.059],[16.694,56.067],[16.713,56.076],[16.73,56.086],[16.746,56.097],[16.761,56.108],[16.788,56.131],[16.801,56.143],[16.806,56.15],[16.816,56.163],[16.824,56.176],[16.831,56.19],[16.842,56.201],[16.852,56.214],[16.859,56.224],[16.872,56.24],[16.885,56.259],[16.895,56.277],[16.905,56.29],[16.913,56.303],[16.921,56.319],[16.924,56.326],[16.928,56.34],[16.931,56.354],[16.932,56.364],[16.94,56.374],[16.95,56.387],[16.954,56.395],[16.961,56.408],[16.965,56.419],[16.972,56.435],[16.978,56.444],[16.984,56.455],[16.993,56.469],[17.012,56.485],[17.024,56.497],[17.029,56.503],[17.044,56.523],[17.053,56.536],[17.056,56.543],[17.063,56.556],[17.067,56.57],[17.07,56.584],[17.071,56.591],[17.071,56.594],[17.074,56.604],[17.091,56.632],[17.097,56.646],[17.101,56.657],[17.142,56.699],[17.154,56.708],[17.166,56.72],[17.178,56.733],[17.19,56.75],[17.203,56.766],[17.215,56.782],[17.256,56.848],[17.339,56.981],[17.409,57.093],[17.42,57.107],[17.428,57.12],[17.432,57.127],[17.437,57.141],[17.441,57.154],[17.443,57.176],[17.486,57.226],[17.495,57.237],[17.503,57.25],[17.51,57.264],[17.515,57.277],[17.517,57.284],[17.519,57.298],[17.52,57.305],[17.519,57.319],[17.519,57.326],[17.516,57.34],[17.511,57.354],[17.504,57.367],[17.493,57.384],[17.486,57.401],[17.476,57.42],[17.467,57.433],[17.459,57.443],[17.447,57.455],[17.435,57.466],[17.405,57.49]]]}},{"type":"Feature","properties":{"id":408,"name":"Gotlands län","bbox":[17.588,56.701,19.726,58.598]},"geometry":{"type":"Polygon","coordinates":[[[19.669,58.116],[19.655,58.127],[19.639,58.138],[19.622,58.149],[19.613,58.154],[19.593,58.164],[19.583,58.168],[19.562,58.176],[19.533,58.186],[19.545,58.192],[19.564,58.202],[19.582,58.212],[19.599,58.223],[19.618,58.239],[19.634,58.249],[19.655,58.267],[19.667,58.279],[19.678,58.292],[19.686,58.305],[19.696,58.324],[19.701,58.338],[19.703,58.352],[19.705,58.366],[19.704,58.379],[19.701,58.393],[19.697,58.407],[19.69,58.421],[19.682,58.434],[19.678,58.44],[19.667,58.453],[19.655,58.465],[19.648,58.471],[19.633,58.483],[19.617,58.494],[19.599,58.504],[19.58,58.514],[19.566,58.52],[19.538,58.535],[19.517,58.544],[19.495,58.552],[19.473,58.559],[19.461,58.562],[19.437,58.568],[19.405,58.574],[19.383,58.579],[19.358,58.584],[19.332,58.587],[19.306,58.59],[19.281,58.592],[19.256,58.594],[19.23,58.596],[19.191,58.598],[19.164,58.598],[19.138,58.597],[19.111,58.595],[19.094,58.593],[19.069,58.59],[19.043,58.585],[19.019,58.58],[19.006,58.577],[18.983,58.571],[18.972,58.567],[18.95,58.559],[18.929,58.551],[18.909,58.541],[18.89,58.531],[18.882,58.526],[18.865,58.515],[18.858,58.509],[18.844,58.497],[18.831,58.485],[18.826,58.479],[18.816,58.466],[18.808,58.452],[18.802,58.439],[18.797,58.425],[18.794,58.41],[18.794,58.403],[18.794,58.389],[18.796,58.375],[18.8,58.361],[18.805,58.347],[18.813,58.334],[18.822,58.32],[18.838,58.299],[18.848,58.287],[18.855,58.276],[18.864,58.263],[18.869,58.257],[18.881,58.244],[18.894,58.232],[18.909,58.221],[18.925,58.21],[18.943,58.199],[18.952,58.195],[18.972,58.185],[18.989,58.178],[18.851,58.158],[18.622,58.123],[18.588,58.117],[18.564,58.112],[18.53,58.103],[18.507,58.096],[18.489,58.09],[18.468,58.082],[18.448,58.073],[18.426,58.061],[18.406,58.053],[18.385,58.044],[18.365,58.034],[18.337,58.018],[18.326,58.01],[18.294,58.001],[18.258,57.989],[18.237,57.981],[18.217,57.972],[18.198,57.963],[18.176,57.95],[18.16,57.939],[18.142,57.926],[18.121,57.908],[18.11,57.896],[18.098,57.881],[18.083,57.863],[18.075,57.852],[18.061,57.831],[18.057,57.824],[18.046,57.814],[18.034,57.802],[18.025,57.791],[18.015,57.782],[18.007,57.777],[17.984,57.763],[17.966,57.756],[17.946,57.746],[17.931,57.739],[17.916,57.731],[17.898,57.721],[17.873,57.706],[17.848,57.689],[17.836,57.681],[17.822,57.669],[17.811,57.658],[17.794,57.645],[17.781,57.633],[17.77,57.622],[17.76,57.609],[17.751,57.596],[17.744,57.582],[17.741,57.575],[17.737,57.561],[17.73,57.529],[17.724,57.516],[17.718,57.502],[17.715,57.488],[17.713,57.474],[17.713,57.461],[17.715,57.45],[17.712,57.44],[17.689,57.427],[17.666,57.413],[17.651,57.402],[17.637,57.39],[17.625,57.377],[17.615,57.365],[17.606,57.352],[17.599,57.338],[17.593,57.322],[17.59,57.308],[17.588,57.291],[17.588,57.28],[17.589,57.266],[17.59,57.259],[17.595,57.245],[17.597,57.238],[17.608,57.218],[17.617,57.205],[17.628,57.192],[17.64,57.18],[17.646,57.174],[17.662,57.162],[17.677,57.151],[17.695,57.14],[17.713,57.131],[17.723,57.126],[17.743,57.118],[17.764,57.11],[17.784,57.05],[17.76,56.944],[17.759,56.936],[17.757,56.922],[17.758,56.907],[17.761,56.886],[17.764,56.876],[17.77,56.86],[17.773,56.853],[17.78,56.84],[17.79,56.827],[17.795,56.821],[17.807,56.808],[17.82,56.796],[17.834,56.785],[17.842,56.78],[17.859,56.769],[17.868,56.764],[17.886,56.755],[17.903,56.747],[17.924,56.739],[17.945,56.732],[17.956,56.728],[17.979,56.722],[18.003,56.717],[18.027,56.713],[18.051,56.709],[18.076,56.707],[18.102,56.705],[18.122,56.705],[18.154,56.702],[18.179,56.701],[18.192,56.701],[18.217,56.702],[18.243,56.703],[18.268,56.706],[18.292,56.709],[18.316,56.713],[18.328,56.716],[18.351,56.721],[18.373,56.728],[18.403,56.733],[18.427,56.738],[18.438,56.741],[18.461,56.747],[18.483,56.754],[18.51,56.765],[18.53,56.774],[18.552,56.786],[18.617,56.824],[18.637,56.836],[18.685,56.869],[18.698,56.878],[18.787,56.946],[18.876,57.014],[18.993,57.103],[19.077,57.164],[19.164,57.226],[19.281,57.31],[19.292,57.318],[19.306,57.33],[19.312,57.336],[19.323,57.348],[19.333,57.361],[19.342,57.376],[19.346,57.383],[19.352,57.396],[19.357,57.414],[19.36,57.428],[19.361,57.441],[19.361,57.455],[19.358,57.469],[19.355,57.483],[19.349,57.496],[19.341,57.509],[19.332,57.522],[19.321,57.535],[19.314,57.542],[19.301,57.554],[19.284,57.567],[19.381,57.639],[19.391,57.646],[19.404,57.656],[19.523,57.745],[19.655,57.842],[19.664,57.85],[19.678,57.862],[19.69,57.874],[19.695,57.88],[19.705,57.893],[19.713,57.907],[19.719,57.92],[19.723,57.934],[19.725,57.942],[19.726,57.956],[19.726,57.974],[19.723,57.987],[19.72,57.998],[19.721,58.009],[19.721,58.023],[19.719,58.037],[19.717,58.044],[19.712,58.058],[19.706,58.071],[19.702,58.078],[19.692,58.091],[19.687,58.097],[19.675,58.109],[19.669,58.116]]]}},{"type":"Feature","properties":{"id":409,"name":"Blekinge län","bbox":[14.39,55.747,16.224,56.504]},"geometry":{"type":"Polygon","coordinates":[[[14.673,56.39],[14.668,56.399],[14.664,56.401],[14.649,56.404],[14.65,56.407],[14.638,56.413],[14.634,56.417],[14.629,56.42],[14.625,56.42],[14.619,56.429],[14.615,56.438],[14.597,56.444],[14.58,56.444],[14.569,56.447],[14.565,56.448],[14.553,56.45],[14.543,56.454],[14.531,56.456],[14.515,56.46],[14.511,56.458],[14.506,56.444],[14.499,56.445],[14.498,56.439],[14.493,56.438],[14.494,56.434],[14.49,56.43],[14.488,56.424],[14.482,56.417],[14.474,56.411],[14.472,56.408],[14.455,56.408],[14.443,56.405],[14.427,56.401],[14.414,56.4],[14.413,56.393],[14.415,56.393],[14.421,56.384],[14.419,56.376],[14.419,56.367],[14.413,56.367],[14.411,56.358],[14.411,56.353],[14.405,56.343],[14.406,56.335],[14.4,56.331],[14.401,56.327],[14.39,56.301],[14.401,56.302],[14.409,56.304],[14.405,56.294],[14.412,56.292],[14.426,56.291],[14.429,56.275],[14.426,56.26],[14.428,56.254],[14.435,56.253],[14.434,56.25],[14.427,56.25],[14.427,56.248],[14.435,56.238],[14.438,56.232],[14.441,56.229],[14.466,56.225],[14.467,56.229],[14.463,56.237],[14.468,56.239],[14.477,56.233],[14.492,56.226],[14.507,56.222],[14.516,56.217],[14.527,56.219],[14.531,56.223],[14.537,56.223],[14.538,56.221],[14.567,56.224],[14.565,56.213],[14.568,56.209],[14.575,56.193],[14.575,56.191],[14.582,56.173],[14.577,56.163],[14.578,56.157],[14.582,56.149],[14.579,56.145],[14.581,56.137],[14.586,56.129],[14.581,56.121],[14.582,56.117],[14.578,56.112],[14.578,56.097],[14.561,56.084],[14.556,56.083],[14.555,56.079],[14.552,56.076],[14.554,56.069],[14.542,56.056],[14.542,56.044],[14.532,56.037],[14.533,56.012],[14.54,55.983],[14.554,55.922],[14.595,55.755],[14.799,55.797],[14.88,55.801],[14.892,55.802],[14.917,55.804],[14.941,55.808],[14.964,55.812],[14.98,55.815],[15.003,55.821],[15.025,55.828],[15.053,55.837],[15.073,55.845],[15.092,55.854],[15.11,55.864],[15.129,55.876],[15.144,55.887],[15.158,55.898],[15.231,55.894],[15.307,55.89],[15.44,55.81],[15.462,55.798],[15.481,55.789],[15.491,55.785],[15.512,55.777],[15.522,55.773],[15.544,55.767],[15.567,55.761],[15.578,55.759],[15.602,55.754],[15.626,55.751],[15.65,55.749],[15.675,55.747],[15.699,55.747],[15.724,55.747],[15.749,55.749],[15.773,55.751],[15.785,55.753],[15.809,55.756],[15.832,55.761],[15.855,55.767],[15.877,55.773],[15.904,55.783],[15.924,55.791],[15.949,55.804],[15.97,55.817],[15.985,55.827],[16.026,55.856],[16.219,55.914],[16.224,56.305],[16.076,56.322],[16.052,56.321],[16.049,56.323],[16.039,56.322],[16.031,56.32],[16.027,56.316],[16.018,56.313],[16.014,56.308],[16.017,56.307],[16.019,56.303],[16.014,56.298],[15.995,56.301],[15.991,56.299],[15.979,56.301],[15.98,56.304],[15.973,56.307],[15.975,56.309],[15.968,56.314],[15.966,56.312],[15.96,56.313],[15.957,56.316],[15.949,56.317],[15.942,56.319],[15.94,56.316],[15.933,56.317],[15.907,56.315],[15.904,56.317],[15.895,56.317],[15.889,56.316],[15.883,56.317],[15.867,56.318],[15.842,56.323],[15.821,56.331],[15.807,56.342],[15.8,56.348],[15.799,56.352],[15.777,56.369],[15.778,56.373],[15.776,56.378],[15.772,56.382],[15.763,56.385],[15.756,56.391],[15.753,56.398],[15.745,56.404],[15.736,56.415],[15.732,56.416],[15.717,56.418],[15.697,56.423],[15.677,56.425],[15.669,56.442],[15.667,56.447],[15.663,56.455],[15.658,56.458],[15.654,56.463],[15.645,56.458],[15.64,56.457],[15.631,56.46],[15.628,56.463],[15.623,56.465],[15.611,56.471],[15.605,56.471],[15.599,56.474],[15.592,56.48],[15.586,56.485],[15.588,56.491],[15.586,56.495],[15.582,56.496],[15.575,56.495],[15.568,56.498],[15.553,56.501],[15.543,56.504],[15.524,56.502],[15.517,56.495],[15.511,56.491],[15.514,56.482],[15.512,56.476],[15.505,56.474],[15.494,56.476],[15.481,56.48],[15.478,56.484],[15.468,56.487],[15.463,56.485],[15.447,56.482],[15.444,56.488],[15.439,56.494],[15.433,56.495],[15.432,56.491],[15.418,56.493],[15.41,56.497],[15.398,56.498],[15.386,56.501],[15.381,56.5],[15.367,56.493],[15.366,56.484],[15.365,56.482],[15.341,56.469],[15.325,56.46],[15.325,56.457],[15.317,56.456],[15.314,56.458],[15.307,56.458],[15.299,56.456],[15.293,56.457],[15.287,56.457],[15.281,56.46],[15.282,56.464],[15.267,56.467],[15.264,56.471],[15.257,56.468],[15.251,56.467],[15.249,56.464],[15.233,56.463],[15.209,56.459],[15.208,56.457],[15.217,56.454],[15.22,56.451],[15.214,56.446],[15.214,56.44],[15.207,56.435],[15.205,56.436],[15.194,56.429],[15.18,56.428],[15.159,56.434],[15.147,56.436],[15.135,56.445],[15.131,56.454],[15.123,56.455],[15.11,56.453],[15.1,56.453],[15.097,56.455],[15.086,56.454],[15.086,56.452],[15.069,56.452],[15.061,56.453],[15.05,56.452],[15.053,56.441],[15.05,56.438],[15.033,56.451],[15.024,56.451],[15.014,56.449],[15.009,56.446],[15.001,56.446],[14.994,56.442],[14.989,56.441],[14.989,56.437],[14.979,56.434],[14.978,56.428],[14.972,56.409],[14.951,56.393],[14.943,56.391],[14.94,56.387],[14.931,56.384],[14.911,56.366],[14.904,56.361],[14.899,56.363],[14.89,56.363],[14.871,56.361],[14.86,56.359],[14.856,56.363],[14.836,56.367],[14.815,56.373],[14.801,56.373],[14.8,56.376],[14.788,56.379],[14.779,56.382],[14.758,56.383],[14.755,56.38],[14.734,56.384],[14.718,56.382],[14.716,56.384],[14.703,56.385],[14.679,56.387],[14.673,56.39]]]}},{"type":"Feature","properties":{"id":410,"name":"Skåne län","bbox":[12.117,55.137,14.702,56.557]},"geometry":{"type":"Polygon","coordinates":[[[12.184,56.477],[12.117,56.383],[12.191,56.355],[12.326,56.303],[12.327,56.293],[12.331,56.283],[12.338,56.274],[12.351,56.26],[12.359,56.255],[12.378,56.244],[12.388,56.24],[12.365,56.215],[12.368,56.214],[12.404,56.188],[12.433,56.17],[12.441,56.162],[12.459,56.151],[12.48,56.142],[12.503,56.13],[12.54,56.116],[12.56,56.106],[12.591,56.088],[12.599,56.082],[12.632,56.062],[12.647,56.055],[12.652,56.048],[12.656,56.04],[12.657,56.023],[12.654,56.013],[12.652,55.999],[12.652,55.978],[12.65,55.963],[12.646,55.926],[12.663,55.907],[12.678,55.893],[12.69,55.87],[12.692,55.858],[12.699,55.836],[12.707,55.827],[12.758,55.78],[12.846,55.699],[12.876,55.664],[12.894,55.644],[12.88,55.614],[12.728,55.54],[12.717,55.5],[12.714,55.489],[12.609,55.431],[12.641,55.337],[12.694,55.35],[12.695,55.348],[12.694,55.335],[12.695,55.328],[12.697,55.321],[12.703,55.311],[12.712,55.302],[12.719,55.296],[12.791,55.244],[12.923,55.148],[12.941,55.152],[12.963,55.158],[12.981,55.163],[12.997,55.168],[13.027,55.165],[13.051,55.164],[13.08,55.164],[13.102,55.162],[13.133,55.16],[13.151,55.156],[13.172,55.152],[13.196,55.149],[13.228,55.144],[13.24,55.143],[13.264,55.142],[13.278,55.141],[13.312,55.138],[13.352,55.137],[13.364,55.137],[13.389,55.138],[13.413,55.14],[13.437,55.142],[13.457,55.145],[13.48,55.149],[13.503,55.154],[13.525,55.16],[13.545,55.166],[13.56,55.17],[13.582,55.175],[13.613,55.186],[13.63,55.187],[13.665,55.191],[13.687,55.194],[13.711,55.198],[13.733,55.203],[13.755,55.209],[13.783,55.218],[13.806,55.217],[13.841,55.218],[13.853,55.218],[13.867,55.213],[13.887,55.206],[13.909,55.2],[13.931,55.194],[13.954,55.19],[13.978,55.186],[13.99,55.185],[14.014,55.182],[14.038,55.181],[14.062,55.181],[14.081,55.181],[14.102,55.179],[14.126,55.178],[14.15,55.177],[14.169,55.178],[14.384,55.352],[14.59,55.517],[14.702,55.606],[14.691,55.626],[14.682,55.639],[14.672,55.651],[14.658,55.665],[14.65,55.674],[14.637,55.688],[14.627,55.697],[14.623,55.709],[14.616,55.724],[14.608,55.737],[14.595,55.755],[14.554,55.922],[14.54,55.983],[14.533,56.012],[14.532,56.037],[14.542,56.044],[14.542,56.056],[14.554,56.069],[14.552,56.076],[14.555,56.079],[14.556,56.083],[14.561,56.084],[14.578,56.097],[14.578,56.112],[14.582,56.117],[14.581,56.121],[14.586,56.129],[14.581,56.137],[14.579,56.145],[14.582,56.149],[14.578,56.157],[14.577,56.163],[14.582,56.173],[14.575,56.191],[14.575,56.193],[14.568,56.209],[14.565,56.213],[14.567,56.224],[14.538,56.221],[14.537,56.223],[14.531,56.223],[14.527,56.219],[14.516,56.217],[14.507,56.222],[14.492,56.226],[14.477,56.233],[14.468,56.239],[14.463,56.237],[14.467,56.229],[14.466,56.225],[14.441,56.229],[14.438,56.232],[14.435,56.238],[14.427,56.248],[14.427,56.25],[14.434,56.25],[14.435,56.253],[14.428,56.254],[14.426,56.26],[14.429,56.275],[14.426,56.291],[14.412,56.292],[14.405,56.294],[14.409,56.304],[14.401,56.302],[14.39,56.301],[14.401,56.327],[14.4,56.331],[14.406,56.335],[14.405,56.343],[14.411,56.353],[14.411,56.358],[14.413,56.367],[14.419,56.367],[14.419,56.376],[14.421,56.384],[14.415,56.393],[14.413,56.393],[14.414,56.4],[14.427,56.401],[14.443,56.405],[14.455,56.408],[14.472,56.408],[14.474,56.411],[14.482,56.417],[14.488,56.424],[14.49,56.43],[14.494,56.434],[14.493,56.438],[14.498,56.439],[14.499,56.445],[14.506,56.444],[14.511,56.458],[14.515,56.46],[14.505,56.461],[14.496,56.464],[14.482,56.463],[14.471,56.464],[14.459,56.473],[14.451,56.47],[14.439,56.47],[14.433,56.47],[14.425,56.473],[14.417,56.473],[14.41,56.476],[14.387,56.48],[14.378,56.48],[14.366,56.481],[14.352,56.484],[14.344,56.484],[14.332,56.488],[14.318,56.494],[14.287,56.499],[14.276,56.498],[14.278,56.501],[14.278,56.506],[14.267,56.507],[14.241,56.494],[14.233,56.491],[14.231,56.493],[14.199,56.497],[14.193,56.496],[14.189,56.494],[14.18,56.494],[14.165,56.497],[14.164,56.5],[14.143,56.508],[14.136,56.507],[14.126,56.507],[14.121,56.511],[14.117,56.518],[14.12,56.522],[14.106,56.53],[14.091,56.533],[14.072,56.529],[14.065,56.529],[14.062,56.526],[14.063,56.52],[14.062,56.514],[14.056,56.51],[14.056,56.501],[14.048,56.495],[14.044,56.49],[14.043,56.486],[14.031,56.477],[14.025,56.468],[14.017,56.47],[14.005,56.469],[14.004,56.467],[13.983,56.467],[13.974,56.469],[13.971,56.467],[13.952,56.467],[13.926,56.458],[13.921,56.459],[13.912,56.457],[13.901,56.457],[13.89,56.452],[13.89,56.45],[13.878,56.441],[13.877,56.437],[13.825,56.442],[13.794,56.448],[13.76,56.444],[13.733,56.435],[13.716,56.431],[13.7,56.427],[13.696,56.425],[13.689,56.425],[13.661,56.42],[13.65,56.42],[13.648,56.418],[13.628,56.418],[13.602,56.412],[13.597,56.416],[13.581,56.409],[13.571,56.41],[13.55,56.404],[13.543,56.404],[13.532,56.407],[13.529,56.409],[13.521,56.412],[13.512,56.411],[13.511,56.41],[13.501,56.406],[13.487,56.415],[13.472,56.422],[13.472,56.425],[13.461,56.428],[13.455,56.424],[13.439,56.419],[13.405,56.416],[13.396,56.414],[13.386,56.415],[13.375,56.409],[13.347,56.391],[13.339,56.389],[13.317,56.388],[13.305,56.385],[13.297,56.381],[13.293,56.38],[13.251,56.358],[13.255,56.353],[13.253,56.349],[13.229,56.332],[13.216,56.327],[13.196,56.324],[13.188,56.326],[13.186,56.333],[13.181,56.34],[13.172,56.343],[13.159,56.349],[13.149,56.353],[13.131,56.356],[13.119,56.355],[13.114,56.353],[13.109,56.354],[13.075,56.352],[13.049,56.355],[13.037,56.355],[12.992,56.357],[12.981,56.358],[12.974,56.367],[12.967,56.368],[12.95,56.369],[12.952,56.374],[12.962,56.383],[12.968,56.389],[12.963,56.393],[12.959,56.394],[12.953,56.392],[12.96,56.401],[12.965,56.403],[12.961,56.405],[12.969,56.411],[12.958,56.413],[12.963,56.418],[12.963,56.422],[12.966,56.428],[12.952,56.431],[12.953,56.436],[12.958,56.44],[12.951,56.442],[12.941,56.44],[12.896,56.449],[12.892,56.452],[12.797,56.552],[12.241,56.557],[12.184,56.477]]]}},{"type":"Feature","properties":{"id":411,"name":"Hallands län","bbox":[11.454,56.324,13.694,57.598]},"geometry":{"type":"Polygon","coordinates":[[[13.079,57.099],[13.09,57.106],[13.088,57.111],[13.085,57.113],[13.094,57.12],[13.091,57.123],[13.097,57.126],[13.099,57.128],[13.091,57.129],[13.082,57.125],[13.081,57.132],[13.1,57.146],[13.094,57.152],[13.097,57.158],[13.09,57.158],[13.085,57.156],[13.075,57.156],[13.072,57.151],[13.065,57.148],[13.06,57.147],[13.051,57.149],[13.045,57.155],[13.038,57.154],[13.027,57.155],[13.021,57.157],[13.023,57.161],[13.023,57.167],[13.028,57.17],[13.032,57.175],[13.039,57.178],[13.022,57.181],[13.008,57.181],[13,57.177],[12.989,57.181],[12.986,57.179],[12.974,57.183],[12.969,57.179],[12.96,57.177],[12.947,57.178],[12.94,57.177],[12.935,57.174],[12.921,57.176],[12.912,57.181],[12.911,57.184],[12.915,57.187],[12.916,57.194],[12.92,57.197],[12.92,57.202],[12.917,57.213],[12.914,57.22],[12.921,57.224],[12.925,57.228],[12.935,57.228],[12.939,57.231],[12.95,57.237],[12.954,57.241],[12.95,57.248],[12.945,57.247],[12.931,57.252],[12.928,57.258],[12.934,57.261],[12.93,57.264],[12.921,57.265],[12.907,57.27],[12.902,57.268],[12.894,57.27],[12.882,57.272],[12.88,57.27],[12.87,57.268],[12.862,57.269],[12.861,57.266],[12.851,57.268],[12.836,57.27],[12.827,57.278],[12.817,57.293],[12.808,57.301],[12.782,57.286],[12.779,57.284],[12.78,57.281],[12.776,57.276],[12.773,57.277],[12.763,57.273],[12.759,57.273],[12.752,57.277],[12.744,57.286],[12.741,57.292],[12.742,57.296],[12.738,57.302],[12.733,57.303],[12.71,57.312],[12.703,57.314],[12.706,57.319],[12.706,57.324],[12.698,57.328],[12.693,57.329],[12.692,57.335],[12.684,57.331],[12.675,57.33],[12.67,57.335],[12.669,57.339],[12.662,57.341],[12.655,57.341],[12.652,57.336],[12.646,57.334],[12.644,57.33],[12.639,57.332],[12.623,57.332],[12.625,57.342],[12.609,57.347],[12.605,57.347],[12.603,57.344],[12.599,57.342],[12.592,57.343],[12.59,57.339],[12.58,57.334],[12.566,57.331],[12.56,57.33],[12.559,57.321],[12.553,57.321],[12.537,57.319],[12.534,57.314],[12.532,57.307],[12.53,57.303],[12.519,57.297],[12.512,57.288],[12.505,57.281],[12.498,57.282],[12.496,57.287],[12.487,57.285],[12.488,57.283],[12.482,57.279],[12.462,57.275],[12.456,57.28],[12.451,57.273],[12.43,57.269],[12.429,57.277],[12.43,57.283],[12.426,57.287],[12.424,57.297],[12.426,57.305],[12.421,57.307],[12.432,57.315],[12.426,57.322],[12.422,57.323],[12.418,57.32],[12.397,57.329],[12.39,57.337],[12.393,57.34],[12.385,57.344],[12.384,57.347],[12.387,57.352],[12.391,57.361],[12.396,57.381],[12.409,57.393],[12.411,57.398],[12.418,57.399],[12.42,57.401],[12.417,57.406],[12.407,57.411],[12.405,57.415],[12.412,57.417],[12.408,57.421],[12.407,57.429],[12.402,57.436],[12.39,57.44],[12.39,57.443],[12.38,57.446],[12.376,57.449],[12.366,57.449],[12.358,57.453],[12.346,57.451],[12.338,57.451],[12.335,57.455],[12.331,57.455],[12.324,57.463],[12.344,57.486],[12.341,57.493],[12.325,57.508],[12.313,57.516],[12.315,57.519],[12.312,57.521],[12.326,57.548],[12.341,57.562],[12.332,57.566],[12.33,57.567],[12.32,57.574],[12.303,57.584],[12.283,57.591],[12.277,57.598],[12.247,57.587],[12.227,57.581],[12.208,57.574],[12.176,57.567],[12.16,57.566],[12.103,57.56],[12.1,57.562],[12.087,57.559],[12.095,57.556],[12.085,57.553],[12.078,57.552],[12.051,57.55],[12.046,57.552],[12.029,57.55],[12.013,57.546],[12.007,57.552],[11.999,57.559],[11.991,57.562],[11.988,57.565],[11.975,57.563],[11.968,57.564],[11.964,57.562],[11.958,57.564],[11.944,57.561],[11.925,57.563],[11.922,57.564],[11.909,57.563],[11.898,57.561],[11.89,57.562],[11.878,57.559],[11.818,57.556],[11.779,57.5],[11.454,57.5],[11.521,57.453],[11.586,57.383],[11.624,57.302],[11.684,57.173],[11.732,57.143],[11.886,57.048],[12.006,56.973],[12.014,56.963],[12.071,56.898],[12.137,56.823],[12.215,56.733],[12.261,56.678],[12.276,56.661],[12.286,56.652],[12.299,56.637],[12.293,56.63],[12.241,56.557],[12.797,56.552],[12.892,56.452],[12.896,56.449],[12.941,56.44],[12.951,56.442],[12.958,56.44],[12.953,56.436],[12.952,56.431],[12.966,56.428],[12.963,56.422],[12.963,56.418],[12.958,56.413],[12.969,56.411],[12.961,56.405],[12.965,56.403],[12.96,56.401],[12.953,56.392],[12.959,56.394],[12.963,56.393],[12.968,56.389],[12.962,56.383],[12.952,56.374],[12.95,56.369],[12.967,56.368],[12.974,56.367],[12.981,56.358],[12.992,56.357],[13.037,56.355],[13.049,56.355],[13.075,56.352],[13.109,56.354],[13.114,56.353],[13.119,56.355],[13.131,56.356],[13.149,56.353],[13.159,56.349],[13.172,56.343],[13.181,56.34],[13.186,56.333],[13.188,56.326],[13.196,56.324],[13.216,56.327],[13.229,56.332],[13.253,56.349],[13.255,56.353],[13.251,56.358],[13.293,56.38],[13.297,56.381],[13.305,56.385],[13.317,56.388],[13.339,56.389],[13.347,56.391],[13.375,56.409],[13.386,56.415],[13.396,56.414],[13.405,56.416],[13.439,56.419],[13.455,56.424],[13.461,56.428],[13.467,56.432],[13.463,56.446],[13.465,56.448],[13.45,56.468],[13.45,56.472],[13.454,56.488],[13.455,56.497],[13.465,56.514],[13.463,56.515],[13.46,56.528],[13.452,56.541],[13.44,56.554],[13.44,56.571],[13.429,56.574],[13.427,56.574],[13.418,56.578],[13.409,56.588],[13.403,56.592],[13.404,56.595],[13.398,56.609],[13.397,56.616],[13.381,56.636],[13.379,56.637],[13.376,56.646],[13.371,56.652],[13.364,56.665],[13.328,56.688],[13.323,56.686],[13.313,56.688],[13.308,56.685],[13.316,56.692],[13.317,56.701],[13.325,56.709],[13.317,56.72],[13.317,56.73],[13.318,56.74],[13.32,56.759],[13.319,56.782],[13.315,56.794],[13.305,56.804],[13.298,56.824],[13.325,56.833],[13.338,56.838],[13.335,56.844],[13.338,56.844],[13.34,56.85],[13.334,56.852],[13.337,56.856],[13.332,56.862],[13.335,56.865],[13.335,56.87],[13.339,56.872],[13.344,56.873],[13.346,56.864],[13.352,56.864],[13.355,56.858],[13.359,56.857],[13.373,56.863],[13.39,56.867],[13.396,56.867],[13.406,56.871],[13.414,56.871],[13.418,56.87],[13.432,56.869],[13.437,56.872],[13.438,56.876],[13.444,56.88],[13.453,56.879],[13.472,56.876],[13.469,56.874],[13.473,56.871],[13.482,56.872],[13.487,56.871],[13.505,56.878],[13.514,56.882],[13.522,56.888],[13.53,56.891],[13.536,56.891],[13.539,56.887],[13.544,56.887],[13.555,56.893],[13.56,56.894],[13.564,56.891],[13.577,56.889],[13.59,56.892],[13.604,56.897],[13.618,56.909],[13.623,56.908],[13.662,56.914],[13.666,56.921],[13.687,56.927],[13.685,56.932],[13.689,56.937],[13.682,56.94],[13.684,56.945],[13.689,56.946],[13.694,56.964],[13.681,56.972],[13.667,56.98],[13.664,56.985],[13.656,56.984],[13.648,56.986],[13.648,56.988],[13.63,56.986],[13.627,56.991],[13.629,56.994],[13.616,57],[13.613,57.003],[13.603,57.008],[13.595,57.015],[13.603,57.024],[13.593,57.03],[13.586,57.033],[13.599,57.037],[13.608,57.042],[13.602,57.046],[13.606,57.051],[13.604,57.06],[13.599,57.063],[13.582,57.065],[13.58,57.063],[13.574,57.063],[13.569,57.066],[13.574,57.07],[13.546,57.079],[13.535,57.081],[13.527,57.087],[13.505,57.085],[13.506,57.078],[13.505,57.074],[13.501,57.074],[13.49,57.086],[13.501,57.09],[13.496,57.095],[13.497,57.109],[13.489,57.114],[13.473,57.108],[13.469,57.103],[13.455,57.097],[13.452,57.1],[13.455,57.103],[13.449,57.105],[13.442,57.107],[13.44,57.11],[13.424,57.113],[13.411,57.114],[13.387,57.114],[13.386,57.111],[13.379,57.111],[13.366,57.114],[13.351,57.113],[13.346,57.11],[13.325,57.105],[13.321,57.102],[13.307,57.102],[13.3,57.104],[13.296,57.102],[13.289,57.103],[13.286,57.1],[13.277,57.096],[13.275,57.093],[13.254,57.089],[13.232,57.098],[13.227,57.095],[13.233,57.09],[13.229,57.086],[13.224,57.084],[13.234,57.079],[13.229,57.077],[13.218,57.076],[13.212,57.074],[13.206,57.071],[13.201,57.072],[13.196,57.068],[13.187,57.064],[13.18,57.067],[13.172,57.055],[13.162,57.052],[13.168,57.048],[13.176,57.052],[13.19,57.058],[13.193,57.055],[13.198,57.054],[13.196,57.051],[13.19,57.049],[13.179,57.048],[13.166,57.041],[13.156,57.037],[13.145,57.038],[13.137,57.035],[13.134,57.032],[13.133,57.027],[13.122,57.027],[13.118,57.033],[13.122,57.036],[13.113,57.041],[13.114,57.047],[13.122,57.054],[13.12,57.059],[13.115,57.06],[13.116,57.063],[13.107,57.066],[13.099,57.07],[13.094,57.076],[13.087,57.078],[13.081,57.084],[13.09,57.086],[13.085,57.094],[13.079,57.099]]]}},{"type":"Feature","properties":{"id":412,"name":"Västra Götalands län","bbox":[10.594,57.146,14.779,59.264]},"geometry":{"type":"Polygon","coordinates":[[[11.826,59.238],[11.812,59.232],[11.799,59.224],[11.794,59.218],[11.783,59.206],[11.782,59.2],[11.784,59.196],[11.776,59.178],[11.775,59.171],[11.777,59.165],[11.777,59.156],[11.776,59.146],[11.778,59.136],[11.769,59.127],[11.764,59.115],[11.768,59.113],[11.774,59.108],[11.777,59.102],[11.781,59.099],[11.777,59.098],[11.776,59.087],[11.757,59.074],[11.749,59.067],[11.743,59.058],[11.735,59.05],[11.722,59.039],[11.711,59.034],[11.705,59.015],[11.698,59],[11.689,58.991],[11.684,58.99],[11.686,58.987],[11.692,58.985],[11.693,58.977],[11.684,58.974],[11.689,58.972],[11.687,58.97],[11.689,58.957],[11.683,58.953],[11.682,58.947],[11.677,58.945],[11.673,58.941],[11.676,58.935],[11.664,58.935],[11.658,58.931],[11.662,58.928],[11.657,58.926],[11.657,58.922],[11.652,58.906],[11.63,58.908],[11.626,58.905],[11.607,58.898],[11.591,58.891],[11.585,58.895],[11.577,58.897],[11.575,58.891],[11.57,58.889],[11.561,58.896],[11.554,58.899],[11.545,58.894],[11.542,58.888],[11.534,58.885],[11.539,58.88],[11.526,58.877],[11.517,58.88],[11.516,58.882],[11.5,58.889],[11.492,58.889],[11.483,58.891],[11.461,58.89],[11.457,58.888],[11.456,58.895],[11.456,58.917],[11.464,58.933],[11.46,58.952],[11.462,58.973],[11.454,58.985],[11.465,58.991],[11.443,59.014],[11.431,59.028],[11.414,59.04],[11.389,59.077],[11.368,59.098],[11.34,59.115],[11.303,59.106],[11.289,59.1],[11.258,59.096],[11.225,59.088],[11.154,59.079],[11.117,59.015],[11.092,58.992],[11.066,58.977],[10.983,58.96],[10.918,58.942],[10.756,58.913],[10.639,58.892],[10.606,58.797],[10.594,58.762],[10.612,58.662],[10.626,58.59],[10.64,58.516],[10.643,58.502],[10.649,58.488],[10.656,58.475],[10.666,58.462],[10.679,58.447],[10.749,58.368],[10.817,58.292],[10.848,58.258],[10.892,58.176],[10.926,58.111],[10.959,58.048],[10.974,58.02],[10.979,58.013],[10.997,57.98],[11.055,57.925],[11.119,57.863],[11.148,57.835],[11.158,57.804],[11.203,57.675],[11.232,57.655],[11.354,57.569],[11.454,57.5],[11.779,57.5],[11.818,57.556],[11.878,57.559],[11.89,57.562],[11.898,57.561],[11.909,57.563],[11.922,57.564],[11.925,57.563],[11.944,57.561],[11.958,57.564],[11.964,57.562],[11.968,57.564],[11.975,57.563],[11.988,57.565],[11.991,57.562],[11.999,57.559],[12.007,57.552],[12.013,57.546],[12.029,57.55],[12.046,57.552],[12.051,57.55],[12.078,57.552],[12.085,57.553],[12.095,57.556],[12.087,57.559],[12.1,57.562],[12.103,57.56],[12.16,57.566],[12.176,57.567],[12.208,57.574],[12.227,57.581],[12.247,57.587],[12.277,57.598],[12.283,57.591],[12.303,57.584],[12.32,57.574],[12.33,57.567],[12.332,57.566],[12.341,57.562],[12.326,57.548],[12.312,57.521],[12.315,57.519],[12.313,57.516],[12.325,57.508],[12.341,57.493],[12.344,57.486],[12.324,57.463],[12.331,57.455],[12.335,57.455],[12.338,57.451],[12.346,57.451],[12.358,57.453],[12.366,57.449],[12.376,57.449],[12.38,57.446],[12.39,57.443],[12.39,57.44],[12.402,57.436],[12.407,57.429],[12.408,57.421],[12.412,57.417],[12.405,57.415],[12.407,57.411],[12.417,57.406],[12.42,57.401],[12.418,57.399],[12.411,57.398],[12.409,57.393],[12.396,57.381],[12.391,57.361],[12.387,57.352],[12.384,57.347],[12.385,57.344],[12.393,57.34],[12.39,57.337],[12.397,57.329],[12.418,57.32],[12.422,57.323],[12.426,57.322],[12.432,57.315],[12.421,57.307],[12.426,57.305],[12.424,57.297],[12.426,57.287],[12.43,57.283],[12.429,57.277],[12.43,57.269],[12.451,57.273],[12.456,57.28],[12.462,57.275],[12.482,57.279],[12.488,57.283],[12.487,57.285],[12.496,57.287],[12.498,57.282],[12.505,57.281],[12.512,57.288],[12.519,57.297],[12.53,57.303],[12.532,57.307],[12.534,57.314],[12.537,57.319],[12.553,57.321],[12.559,57.321],[12.56,57.33],[12.566,57.331],[12.58,57.334],[12.59,57.339],[12.592,57.343],[12.599,57.342],[12.603,57.344],[12.605,57.347],[12.609,57.347],[12.625,57.342],[12.623,57.332],[12.639,57.332],[12.644,57.33],[12.646,57.334],[12.652,57.336],[12.655,57.341],[12.662,57.341],[12.669,57.339],[12.67,57.335],[12.675,57.33],[12.684,57.331],[12.692,57.335],[12.693,57.329],[12.698,57.328],[12.706,57.324],[12.706,57.319],[12.703,57.314],[12.71,57.312],[12.733,57.303],[12.738,57.302],[12.742,57.296],[12.741,57.292],[12.744,57.286],[12.752,57.277],[12.759,57.273],[12.763,57.273],[12.773,57.277],[12.776,57.276],[12.78,57.281],[12.779,57.284],[12.782,57.286],[12.808,57.301],[12.817,57.293],[12.827,57.278],[12.836,57.27],[12.851,57.268],[12.861,57.266],[12.862,57.269],[12.87,57.268],[12.88,57.27],[12.882,57.272],[12.894,57.27],[12.902,57.268],[12.907,57.27],[12.921,57.265],[12.93,57.264],[12.934,57.261],[12.928,57.258],[12.931,57.252],[12.945,57.247],[12.95,57.248],[12.954,57.241],[12.95,57.237],[12.939,57.231],[12.935,57.228],[12.925,57.228],[12.921,57.224],[12.914,57.22],[12.917,57.213],[12.92,57.202],[12.92,57.197],[12.916,57.194],[12.915,57.187],[12.911,57.184],[12.912,57.181],[12.921,57.176],[12.935,57.174],[12.94,57.177],[12.947,57.178],[12.96,57.177],[12.969,57.179],[12.974,57.183],[12.986,57.179],[12.989,57.181],[13,57.177],[13.008,57.181],[13.022,57.181],[13.039,57.178],[13.032,57.175],[13.028,57.17],[13.023,57.167],[13.023,57.161],[13.021,57.157],[13.027,57.155],[13.038,57.154],[13.045,57.155],[13.051,57.149],[13.06,57.147],[13.065,57.148],[13.072,57.151],[13.075,57.156],[13.085,57.156],[13.09,57.158],[13.097,57.158],[13.094,57.152],[13.1,57.146],[13.111,57.147],[13.117,57.149],[13.12,57.155],[13.126,57.157],[13.131,57.164],[13.138,57.168],[13.136,57.169],[13.138,57.174],[13.151,57.178],[13.159,57.19],[13.166,57.194],[13.166,57.199],[13.176,57.209],[13.175,57.211],[13.194,57.227],[13.19,57.23],[13.189,57.238],[13.196,57.243],[13.199,57.25],[13.211,57.251],[13.224,57.255],[13.229,57.259],[13.243,57.26],[13.253,57.255],[13.262,57.249],[13.266,57.255],[13.265,57.258],[13.273,57.263],[13.273,57.268],[13.282,57.27],[13.285,57.276],[13.285,57.28],[13.287,57.283],[13.289,57.289],[13.287,57.302],[13.282,57.307],[13.3,57.312],[13.338,57.317],[13.347,57.318],[13.352,57.321],[13.363,57.323],[13.369,57.322],[13.372,57.325],[13.377,57.328],[13.382,57.335],[13.386,57.337],[13.386,57.34],[13.395,57.342],[13.397,57.34],[13.406,57.342],[13.433,57.349],[13.436,57.353],[13.435,57.356],[13.43,57.358],[13.433,57.362],[13.433,57.366],[13.436,57.369],[13.448,57.371],[13.456,57.371],[13.463,57.372],[13.468,57.371],[13.467,57.377],[13.472,57.381],[13.474,57.386],[13.48,57.39],[13.482,57.393],[13.488,57.396],[13.51,57.397],[13.515,57.404],[13.515,57.41],[13.504,57.414],[13.514,57.428],[13.531,57.43],[13.546,57.444],[13.564,57.463],[13.57,57.469],[13.582,57.475],[13.588,57.482],[13.587,57.484],[13.593,57.491],[13.595,57.497],[13.605,57.508],[13.61,57.512],[13.615,57.513],[13.624,57.52],[13.637,57.524],[13.642,57.524],[13.649,57.529],[13.669,57.538],[13.668,57.541],[13.683,57.554],[13.689,57.558],[13.686,57.569],[13.687,57.576],[13.68,57.577],[13.679,57.584],[13.672,57.587],[13.677,57.59],[13.679,57.595],[13.669,57.594],[13.67,57.602],[13.668,57.609],[13.664,57.615],[13.671,57.62],[13.672,57.628],[13.682,57.626],[13.686,57.632],[13.708,57.638],[13.716,57.655],[13.725,57.669],[13.723,57.682],[13.722,57.692],[13.694,57.706],[13.727,57.716],[13.73,57.718],[13.717,57.723],[13.714,57.731],[13.723,57.742],[13.732,57.753],[13.742,57.757],[13.754,57.773],[13.749,57.778],[13.75,57.781],[13.746,57.784],[13.744,57.798],[13.744,57.805],[13.742,57.807],[13.746,57.81],[13.744,57.816],[13.738,57.818],[13.737,57.843],[13.732,57.845],[13.736,57.849],[13.736,57.855],[13.74,57.855],[13.742,57.865],[13.757,57.873],[13.766,57.878],[13.766,57.882],[13.763,57.885],[13.766,57.888],[13.76,57.891],[13.764,57.896],[13.777,57.903],[13.791,57.906],[13.792,57.909],[13.789,57.922],[13.786,57.926],[13.775,57.925],[13.771,57.926],[13.767,57.932],[13.766,57.938],[13.756,57.941],[13.741,57.94],[13.734,57.938],[13.729,57.931],[13.726,57.939],[13.712,57.966],[13.687,57.974],[13.688,57.977],[13.719,57.976],[13.72,57.98],[13.723,57.986],[13.728,57.989],[13.725,57.991],[13.732,57.995],[13.733,57.998],[13.744,57.997],[13.749,57.994],[13.758,58.001],[13.75,58.005],[13.755,58.008],[13.774,58.006],[13.776,58.011],[13.772,58.02],[13.753,58.025],[13.759,58.026],[13.772,58.024],[13.766,58.036],[13.771,58.04],[13.773,58.048],[13.79,58.056],[13.796,58.054],[13.792,58.049],[13.802,58.049],[13.805,58.056],[13.823,58.05],[13.841,58.045],[13.86,58.042],[13.865,58.041],[13.868,58.047],[13.876,58.047],[13.889,58.045],[13.898,58.044],[13.905,58.042],[13.919,58.042],[13.94,58.035],[13.943,58.035],[13.953,58.03],[13.953,58.027],[13.961,58.01],[13.963,58.008],[13.993,58.01],[14.007,58.013],[14.064,58.024],[14.059,58.025],[14.065,58.029],[14.07,58.025],[14.065,58.039],[14.107,58.064],[14.117,58.078],[14.111,58.079],[14.108,58.082],[14.111,58.087],[14.117,58.089],[14.122,58.1],[14.119,58.121],[14.129,58.146],[14.14,58.139],[14.143,58.14],[14.148,58.137],[14.147,58.134],[14.156,58.13],[14.172,58.13],[14.177,58.129],[14.184,58.131],[14.19,58.131],[14.206,58.135],[14.215,58.135],[14.225,58.136],[14.314,58.132],[14.418,58.191],[14.52,58.356],[14.543,58.38],[14.673,58.51],[14.779,58.646],[14.719,58.685],[14.699,58.696],[14.699,58.7],[14.692,58.711],[14.69,58.718],[14.696,58.721],[14.692,58.727],[14.691,58.74],[14.622,58.737],[14.626,58.694],[14.615,58.694],[14.612,58.691],[14.579,58.682],[14.562,58.681],[14.548,58.679],[14.54,58.677],[14.537,58.678],[14.542,58.685],[14.546,58.688],[14.555,58.705],[14.553,58.71],[14.546,58.719],[14.534,58.713],[14.531,58.72],[14.527,58.724],[14.521,58.722],[14.516,58.724],[14.515,58.719],[14.508,58.717],[14.506,58.714],[14.493,58.712],[14.477,58.713],[14.47,58.721],[14.475,58.737],[14.471,58.781],[14.438,58.794],[14.421,58.795],[14.389,58.826],[14.386,58.83],[14.383,58.83],[14.39,58.846],[14.379,58.843],[14.366,58.844],[14.37,58.848],[14.36,58.85],[14.36,58.853],[14.364,58.858],[14.372,58.859],[14.379,58.866],[14.384,58.865],[14.389,58.861],[14.394,58.861],[14.397,58.868],[14.393,58.868],[14.387,58.874],[14.386,58.879],[14.394,58.879],[14.395,58.884],[14.385,58.885],[14.381,58.883],[14.374,58.883],[14.372,58.888],[14.365,58.892],[14.361,58.898],[14.355,58.899],[14.337,58.896],[14.337,58.899],[14.33,58.903],[14.324,58.904],[14.325,58.91],[14.324,58.914],[14.32,58.916],[14.324,58.922],[14.317,58.928],[14.285,58.948],[14.292,58.982],[14.298,59.012],[14.265,59.016],[14.232,59.029],[14.224,59.045],[14.18,59.041],[14.172,59.042],[14.164,59.047],[14.153,59.049],[14.142,59.052],[14.13,59.049],[14.119,59.05],[14.099,59.048],[14.082,59.048],[14.075,59.05],[14.063,59.045],[14.048,59.045],[14.038,59.043],[14.033,59.037],[14.044,59.029],[13.958,59.032],[13.589,59.059],[13.424,58.959],[13.339,58.812],[13.425,58.746],[13.253,58.725],[13.179,58.756],[13.151,58.755],[12.9,58.814],[12.773,59.04],[12.77,59.044],[12.773,59.058],[12.769,59.064],[12.763,59.097],[12.763,59.108],[12.756,59.113],[12.754,59.117],[12.755,59.126],[12.755,59.131],[12.738,59.141],[12.725,59.146],[12.714,59.151],[12.711,59.154],[12.695,59.171],[12.69,59.171],[12.67,59.178],[12.66,59.176],[12.654,59.176],[12.655,59.186],[12.65,59.186],[12.635,59.181],[12.624,59.172],[12.625,59.167],[12.63,59.164],[12.625,59.161],[12.618,59.154],[12.619,59.142],[12.603,59.133],[12.598,59.13],[12.589,59.129],[12.592,59.124],[12.59,59.121],[12.584,59.118],[12.582,59.113],[12.575,59.112],[12.573,59.114],[12.563,59.115],[12.558,59.121],[12.551,59.123],[12.547,59.126],[12.539,59.125],[12.517,59.131],[12.493,59.126],[12.478,59.128],[12.462,59.13],[12.457,59.132],[12.468,59.14],[12.458,59.145],[12.461,59.153],[12.451,59.158],[12.447,59.159],[12.423,59.163],[12.415,59.169],[12.42,59.175],[12.434,59.175],[12.442,59.174],[12.455,59.174],[12.462,59.182],[12.459,59.193],[12.454,59.194],[12.44,59.194],[12.438,59.193],[12.422,59.193],[12.415,59.191],[12.408,59.187],[12.386,59.181],[12.367,59.177],[12.347,59.174],[12.336,59.175],[12.335,59.179],[12.328,59.18],[12.315,59.189],[12.315,59.193],[12.313,59.197],[12.304,59.198],[12.297,59.196],[12.282,59.188],[12.274,59.189],[12.266,59.193],[12.261,59.194],[12.258,59.203],[12.256,59.205],[12.255,59.217],[12.249,59.22],[12.244,59.229],[12.245,59.231],[12.238,59.242],[12.239,59.252],[12.236,59.257],[12.229,59.257],[12.228,59.26],[12.215,59.264],[12.208,59.257],[12.212,59.253],[12.185,59.25],[12.136,59.253],[12.123,59.25],[12.112,59.254],[12.103,59.252],[12.082,59.257],[12.084,59.246],[12.083,59.241],[12.084,59.225],[12.088,59.223],[12.091,59.216],[12.094,59.2],[12.106,59.194],[12.095,59.189],[12.095,59.185],[12.09,59.184],[12.085,59.176],[12.053,59.188],[12.048,59.193],[12.033,59.201],[12.029,59.212],[12.019,59.213],[12.014,59.212],[12,59.22],[11.988,59.224],[11.963,59.239],[11.948,59.25],[11.943,59.24],[11.945,59.235],[11.929,59.226],[11.924,59.225],[11.905,59.223],[11.883,59.226],[11.869,59.231],[11.848,59.233],[11.836,59.236],[11.826,59.238]]]}},{"type":"Feature","properties":{"id":413,"name":"Värmlands län","bbox":[11.691,58.725,14.476,61.056]},"geometry":{"type":"Polygon","coordinates":[[[14.325,59.318],[14.326,59.318],[14.328,59.324],[14.334,59.33],[14.341,59.334],[14.352,59.33],[14.355,59.332],[14.363,59.349],[14.367,59.369],[14.377,59.369],[14.374,59.376],[14.379,59.384],[14.39,59.39],[14.393,59.395],[14.41,59.414],[14.417,59.413],[14.432,59.422],[14.458,59.436],[14.465,59.437],[14.469,59.441],[14.462,59.446],[14.457,59.448],[14.451,59.453],[14.441,59.459],[14.436,59.467],[14.425,59.479],[14.423,59.485],[14.42,59.485],[14.4,59.501],[14.395,59.509],[14.395,59.513],[14.391,59.514],[14.401,59.519],[14.431,59.537],[14.436,59.542],[14.476,59.529],[14.465,59.58],[14.461,59.598],[14.44,59.634],[14.437,59.637],[14.43,59.66],[14.427,59.662],[14.429,59.665],[14.428,59.67],[14.435,59.684],[14.421,59.702],[14.409,59.722],[14.408,59.731],[14.404,59.735],[14.402,59.741],[14.405,59.756],[14.435,59.771],[14.421,59.807],[14.416,59.814],[14.415,59.822],[14.421,59.844],[14.421,59.86],[14.42,59.872],[14.421,59.885],[14.417,59.888],[14.416,59.893],[14.423,59.901],[14.421,59.904],[14.413,59.906],[14.408,59.909],[14.398,59.913],[14.394,59.913],[14.39,59.908],[14.376,59.909],[14.366,59.912],[14.361,59.918],[14.357,59.92],[14.361,59.926],[14.361,59.932],[14.355,59.937],[14.348,59.937],[14.348,59.94],[14.335,59.947],[14.332,59.952],[14.373,59.959],[14.457,59.973],[14.437,60.026],[14.314,60.062],[14.213,60.096],[14.21,60.099],[14.211,60.11],[14.205,60.119],[14.209,60.126],[14.203,60.131],[14.202,60.137],[14.198,60.141],[14.198,60.149],[14.195,60.153],[14.197,60.155],[14.197,60.164],[14.191,60.166],[14.187,60.175],[14.189,60.177],[14.182,60.186],[14.174,60.191],[14.167,60.197],[14.163,60.204],[14.159,60.206],[14.157,60.217],[14.149,60.231],[14.024,60.229],[14.023,60.242],[13.991,60.248],[13.991,60.252],[13.951,60.251],[13.96,60.244],[13.966,60.237],[13.974,60.23],[13.996,60.211],[14.002,60.204],[14.006,60.198],[14.012,60.191],[13.966,60.175],[13.92,60.201],[13.828,60.255],[13.793,60.285],[13.751,60.33],[13.728,60.356],[13.721,60.362],[13.671,60.403],[13.622,60.414],[13.542,60.422],[13.468,60.459],[13.441,60.5],[13.429,60.516],[13.349,60.585],[13.331,60.6],[13.324,60.608],[13.276,60.644],[13.249,60.686],[13.194,60.685],[13.201,60.689],[13.199,60.696],[13.166,60.745],[13.159,60.756],[13.082,60.806],[13,60.844],[12.961,60.863],[12.865,60.912],[12.836,60.927],[12.699,60.998],[12.67,61.056],[12.658,61.053],[12.652,61.052],[12.61,61.047],[12.541,61.049],[12.488,61.052],[12.448,61.051],[12.379,61.04],[12.295,61.027],[12.242,61.02],[12.224,61.013],[12.285,60.944],[12.333,60.89],[12.334,60.852],[12.349,60.818],[12.365,60.791],[12.395,60.734],[12.461,60.685],[12.511,60.642],[12.516,60.6],[12.549,60.575],[12.582,60.551],[12.607,60.513],[12.606,60.477],[12.606,60.406],[12.57,60.371],[12.545,60.347],[12.499,60.324],[12.504,60.281],[12.525,60.224],[12.542,60.193],[12.517,60.136],[12.501,60.099],[12.481,60.073],[12.45,60.04],[12.449,60.039],[12.425,60.027],[12.396,60.016],[12.341,59.966],[12.231,59.928],[12.191,59.901],[12.174,59.89],[12.155,59.887],[12.126,59.894],[12.1,59.891],[12.053,59.886],[12.033,59.889],[11.987,59.899],[11.985,59.901],[11.942,59.89],[11.928,59.885],[11.922,59.881],[11.923,59.877],[11.915,59.872],[11.897,59.871],[11.887,59.872],[11.882,59.87],[11.883,59.863],[11.888,59.859],[11.883,59.855],[11.87,59.85],[11.849,59.844],[11.84,59.841],[11.841,59.838],[11.853,59.83],[11.87,59.829],[11.875,59.829],[11.888,59.822],[11.894,59.816],[11.904,59.811],[11.909,59.803],[11.916,59.798],[11.926,59.794],[11.926,59.787],[11.933,59.768],[11.932,59.763],[11.933,59.758],[11.923,59.751],[11.925,59.746],[11.933,59.74],[11.934,59.731],[11.938,59.728],[11.936,59.727],[11.936,59.713],[11.934,59.71],[11.937,59.709],[11.938,59.7],[11.946,59.701],[11.94,59.695],[11.889,59.693],[11.878,59.683],[11.875,59.672],[11.87,59.663],[11.862,59.653],[11.856,59.648],[11.779,59.643],[11.761,59.637],[11.721,59.625],[11.698,59.609],[11.691,59.59],[11.729,59.511],[11.747,59.491],[11.753,59.479],[11.76,59.458],[11.761,59.429],[11.774,59.414],[11.78,59.386],[11.792,59.374],[11.79,59.371],[11.808,59.354],[11.816,59.345],[11.822,59.312],[11.82,59.305],[11.826,59.265],[11.83,59.242],[11.826,59.238],[11.836,59.236],[11.848,59.233],[11.869,59.231],[11.883,59.226],[11.905,59.223],[11.924,59.225],[11.929,59.226],[11.945,59.235],[11.943,59.24],[11.948,59.25],[11.963,59.239],[11.988,59.224],[12,59.22],[12.014,59.212],[12.019,59.213],[12.029,59.212],[12.033,59.201],[12.048,59.193],[12.053,59.188],[12.085,59.176],[12.09,59.184],[12.095,59.185],[12.095,59.189],[12.106,59.194],[12.094,59.2],[12.091,59.216],[12.088,59.223],[12.084,59.225],[12.083,59.241],[12.084,59.246],[12.082,59.257],[12.103,59.252],[12.112,59.254],[12.123,59.25],[12.136,59.253],[12.185,59.25],[12.212,59.253],[12.208,59.257],[12.215,59.264],[12.228,59.26],[12.229,59.257],[12.236,59.257],[12.239,59.252],[12.238,59.242],[12.245,59.231],[12.244,59.229],[12.249,59.22],[12.255,59.217],[12.256,59.205],[12.258,59.203],[12.261,59.194],[12.266,59.193],[12.274,59.189],[12.282,59.188],[12.297,59.196],[12.304,59.198],[12.313,59.197],[12.315,59.193],[12.315,59.189],[12.328,59.18],[12.335,59.179],[12.336,59.175],[12.347,59.174],[12.367,59.177],[12.386,59.181],[12.408,59.187],[12.415,59.191],[12.422,59.193],[12.438,59.193],[12.44,59.194],[12.454,59.194],[12.459,59.193],[12.462,59.182],[12.455,59.174],[12.442,59.174],[12.434,59.175],[12.42,59.175],[12.415,59.169],[12.423,59.163],[12.447,59.159],[12.451,59.158],[12.461,59.153],[12.458,59.145],[12.468,59.14],[12.457,59.132],[12.462,59.13],[12.478,59.128],[12.493,59.126],[12.517,59.131],[12.539,59.125],[12.547,59.126],[12.551,59.123],[12.558,59.121],[12.563,59.115],[12.573,59.114],[12.575,59.112],[12.582,59.113],[12.584,59.118],[12.59,59.121],[12.592,59.124],[12.589,59.129],[12.598,59.13],[12.603,59.133],[12.619,59.142],[12.618,59.154],[12.625,59.161],[12.63,59.164],[12.625,59.167],[12.624,59.172],[12.635,59.181],[12.65,59.186],[12.655,59.186],[12.654,59.176],[12.66,59.176],[12.67,59.178],[12.69,59.171],[12.695,59.171],[12.711,59.154],[12.714,59.151],[12.725,59.146],[12.738,59.141],[12.755,59.131],[12.755,59.126],[12.754,59.117],[12.756,59.113],[12.763,59.108],[12.763,59.097],[12.769,59.064],[12.773,59.058],[12.77,59.044],[12.773,59.04],[12.9,58.814],[13.151,58.755],[13.179,58.756],[13.253,58.725],[13.425,58.746],[13.339,58.812],[13.424,58.959],[13.589,59.059],[13.958,59.032],[14.044,59.029],[14.033,59.037],[14.038,59.043],[14.048,59.045],[14.063,59.045],[14.075,59.05],[14.082,59.048],[14.099,59.048],[14.119,59.05],[14.13,59.049],[14.142,59.052],[14.153,59.049],[14.164,59.047],[14.172,59.042],[14.18,59.041],[14.224,59.045],[14.232,59.029],[14.265,59.016],[14.298,59.012],[14.323,59.063],[14.337,59.073],[14.336,59.078],[14.34,59.084],[14.34,59.092],[14.338,59.097],[14.296,59.127],[14.301,59.136],[14.298,59.147],[14.293,59.151],[14.29,59.159],[14.291,59.173],[14.291,59.183],[14.296,59.196],[14.295,59.205],[14.289,59.214],[14.289,59.227],[14.291,59.231],[14.308,59.249],[14.306,59.258],[14.308,59.272],[14.312,59.28],[14.306,59.284],[14.307,59.288],[14.319,59.303],[14.318,59.304],[14.325,59.318]]]}},{"type":"Feature","properties":{"id":414,"name":"Örebro län","bbox":[14.285,58.646,15.798,60.111]},"geometry":{"type":"Polygon","coordinates":[[[14.437,60.026],[14.457,59.973],[14.373,59.959],[14.332,59.952],[14.335,59.947],[14.348,59.94],[14.348,59.937],[14.355,59.937],[14.361,59.932],[14.361,59.926],[14.357,59.92],[14.361,59.918],[14.366,59.912],[14.376,59.909],[14.39,59.908],[14.394,59.913],[14.398,59.913],[14.408,59.909],[14.413,59.906],[14.421,59.904],[14.423,59.901],[14.416,59.893],[14.417,59.888],[14.421,59.885],[14.42,59.872],[14.421,59.86],[14.421,59.844],[14.415,59.822],[14.416,59.814],[14.421,59.807],[14.435,59.771],[14.405,59.756],[14.402,59.741],[14.404,59.735],[14.408,59.731],[14.409,59.722],[14.421,59.702],[14.435,59.684],[14.428,59.67],[14.429,59.665],[14.427,59.662],[14.43,59.66],[14.437,59.637],[14.44,59.634],[14.461,59.598],[14.465,59.58],[14.476,59.529],[14.436,59.542],[14.431,59.537],[14.401,59.519],[14.391,59.514],[14.395,59.513],[14.395,59.509],[14.4,59.501],[14.42,59.485],[14.423,59.485],[14.425,59.479],[14.436,59.467],[14.441,59.459],[14.451,59.453],[14.457,59.448],[14.462,59.446],[14.469,59.441],[14.465,59.437],[14.458,59.436],[14.432,59.422],[14.417,59.413],[14.41,59.414],[14.393,59.395],[14.39,59.39],[14.379,59.384],[14.374,59.376],[14.377,59.369],[14.367,59.369],[14.363,59.349],[14.355,59.332],[14.352,59.33],[14.341,59.334],[14.334,59.33],[14.328,59.324],[14.326,59.318],[14.325,59.318],[14.318,59.304],[14.319,59.303],[14.307,59.288],[14.306,59.284],[14.312,59.28],[14.308,59.272],[14.306,59.258],[14.308,59.249],[14.291,59.231],[14.289,59.227],[14.289,59.214],[14.295,59.205],[14.296,59.196],[14.291,59.183],[14.291,59.173],[14.29,59.159],[14.293,59.151],[14.298,59.147],[14.301,59.136],[14.296,59.127],[14.338,59.097],[14.34,59.092],[14.34,59.084],[14.336,59.078],[14.337,59.073],[14.323,59.063],[14.298,59.012],[14.292,58.982],[14.285,58.948],[14.317,58.928],[14.324,58.922],[14.32,58.916],[14.324,58.914],[14.325,58.91],[14.324,58.904],[14.33,58.903],[14.337,58.899],[14.337,58.896],[14.355,58.899],[14.361,58.898],[14.365,58.892],[14.372,58.888],[14.374,58.883],[14.381,58.883],[14.385,58.885],[14.395,58.884],[14.394,58.879],[14.386,58.879],[14.387,58.874],[14.393,58.868],[14.397,58.868],[14.394,58.861],[14.389,58.861],[14.384,58.865],[14.379,58.866],[14.372,58.859],[14.364,58.858],[14.36,58.853],[14.36,58.85],[14.37,58.848],[14.366,58.844],[14.379,58.843],[14.39,58.846],[14.383,58.83],[14.386,58.83],[14.389,58.826],[14.421,58.795],[14.438,58.794],[14.471,58.781],[14.475,58.737],[14.47,58.721],[14.477,58.713],[14.493,58.712],[14.506,58.714],[14.508,58.717],[14.515,58.719],[14.516,58.724],[14.521,58.722],[14.527,58.724],[14.531,58.72],[14.534,58.713],[14.546,58.719],[14.553,58.71],[14.555,58.705],[14.546,58.688],[14.542,58.685],[14.537,58.678],[14.54,58.677],[14.548,58.679],[14.562,58.681],[14.579,58.682],[14.612,58.691],[14.615,58.694],[14.626,58.694],[14.622,58.737],[14.691,58.74],[14.692,58.727],[14.696,58.721],[14.69,58.718],[14.692,58.711],[14.699,58.7],[14.699,58.696],[14.719,58.685],[14.779,58.646],[14.807,58.665],[14.813,58.667],[14.929,58.697],[14.936,58.695],[14.955,58.693],[14.964,58.689],[14.969,58.683],[14.975,58.687],[14.992,58.692],[14.995,58.694],[15.004,58.696],[15.012,58.706],[15.019,58.705],[15.029,58.705],[15.035,58.704],[15.041,58.713],[15.049,58.722],[15.049,58.724],[15.054,58.738],[15.065,58.749],[15.067,58.754],[15.084,58.767],[15.088,58.766],[15.093,58.762],[15.098,58.766],[15.098,58.769],[15.107,58.768],[15.109,58.771],[15.115,58.77],[15.117,58.776],[15.125,58.786],[15.12,58.793],[15.128,58.796],[15.136,58.811],[15.138,58.821],[15.167,58.811],[15.188,58.813],[15.198,58.815],[15.204,58.817],[15.218,58.827],[15.222,58.835],[15.219,58.843],[15.241,58.841],[15.247,58.848],[15.253,58.848],[15.256,58.85],[15.257,58.858],[15.263,58.865],[15.275,58.863],[15.288,58.855],[15.289,58.852],[15.296,58.85],[15.307,58.854],[15.325,58.859],[15.326,58.85],[15.34,58.835],[15.348,58.829],[15.381,58.847],[15.403,58.842],[15.405,58.838],[15.411,58.832],[15.406,58.828],[15.414,58.822],[15.414,58.814],[15.414,58.807],[15.429,58.815],[15.425,58.818],[15.425,58.822],[15.431,58.823],[15.454,58.821],[15.454,58.825],[15.451,58.833],[15.451,58.84],[15.445,58.85],[15.446,58.854],[15.441,58.864],[15.469,58.864],[15.475,58.862],[15.492,58.866],[15.508,58.864],[15.531,58.865],[15.537,58.867],[15.539,58.869],[15.545,58.872],[15.554,58.87],[15.56,58.887],[15.563,58.894],[15.578,58.895],[15.586,58.897],[15.594,58.906],[15.592,58.912],[15.584,58.919],[15.572,58.927],[15.558,58.941],[15.555,58.956],[15.581,58.96],[15.59,58.96],[15.603,58.968],[15.629,58.983],[15.633,58.981],[15.638,58.976],[15.642,58.974],[15.658,58.975],[15.678,58.974],[15.682,58.975],[15.688,58.982],[15.665,58.982],[15.65,58.996],[15.654,59],[15.655,59.005],[15.652,59.008],[15.656,59.01],[15.645,59.013],[15.631,59.011],[15.621,59.016],[15.621,59.02],[15.617,59.023],[15.62,59.025],[15.628,59.025],[15.633,59.031],[15.639,59.033],[15.632,59.037],[15.638,59.043],[15.637,59.047],[15.643,59.05],[15.64,59.054],[15.672,59.064],[15.684,59.065],[15.701,59.072],[15.704,59.077],[15.711,59.077],[15.716,59.085],[15.713,59.088],[15.708,59.089],[15.701,59.096],[15.707,59.101],[15.717,59.102],[15.729,59.105],[15.756,59.106],[15.76,59.105],[15.77,59.106],[15.776,59.104],[15.794,59.11],[15.79,59.113],[15.792,59.117],[15.791,59.121],[15.798,59.123],[15.788,59.133],[15.788,59.137],[15.798,59.137],[15.769,59.184],[15.762,59.198],[15.798,59.231],[15.727,59.223],[15.706,59.251],[15.692,59.271],[15.651,59.277],[15.608,59.289],[15.626,59.31],[15.632,59.317],[15.631,59.32],[15.635,59.322],[15.635,59.334],[15.615,59.348],[15.619,59.353],[15.613,59.363],[15.6,59.367],[15.604,59.37],[15.6,59.375],[15.604,59.397],[15.624,59.397],[15.627,59.404],[15.637,59.405],[15.649,59.403],[15.664,59.404],[15.67,59.406],[15.685,59.407],[15.698,59.409],[15.705,59.41],[15.714,59.409],[15.721,59.41],[15.73,59.409],[15.731,59.418],[15.73,59.422],[15.73,59.432],[15.727,59.438],[15.716,59.45],[15.713,59.476],[15.685,59.477],[15.69,59.485],[15.688,59.489],[15.691,59.496],[15.701,59.499],[15.704,59.503],[15.72,59.508],[15.717,59.519],[15.713,59.526],[15.709,59.53],[15.705,59.539],[15.683,59.534],[15.682,59.537],[15.673,59.535],[15.672,59.529],[15.663,59.525],[15.65,59.523],[15.628,59.52],[15.63,59.529],[15.626,59.55],[15.626,59.574],[15.632,59.571],[15.635,59.58],[15.637,59.591],[15.634,59.596],[15.623,59.598],[15.621,59.617],[15.619,59.626],[15.616,59.63],[15.604,59.631],[15.585,59.628],[15.565,59.627],[15.546,59.629],[15.521,59.633],[15.515,59.642],[15.513,59.653],[15.527,59.666],[15.525,59.677],[15.533,59.687],[15.529,59.69],[15.538,59.691],[15.55,59.699],[15.545,59.718],[15.554,59.724],[15.553,59.726],[15.539,59.739],[15.526,59.754],[15.531,59.761],[15.522,59.769],[15.515,59.777],[15.512,59.777],[15.512,59.788],[15.505,59.796],[15.426,59.796],[15.427,59.8],[15.433,59.804],[15.438,59.805],[15.439,59.809],[15.456,59.821],[15.448,59.824],[15.448,59.831],[15.457,59.835],[15.441,59.844],[15.442,59.849],[15.431,59.849],[15.422,59.854],[15.379,59.878],[15.371,59.874],[15.36,59.881],[15.362,59.885],[15.355,59.89],[15.355,59.894],[15.331,59.909],[15.269,59.95],[15.228,59.976],[15.205,60.002],[15.178,60.004],[15.125,60.008],[15.078,60.041],[15.048,60.049],[15.046,60.043],[15.034,60.039],[15.013,60.057],[14.939,60.049],[14.917,60.053],[14.905,60.051],[14.891,60.057],[14.887,60.064],[14.859,60.082],[14.846,60.083],[14.838,60.088],[14.838,60.094],[14.842,60.098],[14.842,60.102],[14.85,60.105],[14.808,60.111],[14.77,60.095],[14.737,60.082],[14.752,60.008],[14.751,60.006],[14.754,59.997],[14.61,60.01],[14.437,60.026]]]}},{"type":"Feature","properties":{"id":415,"name":"Västmanlands län","bbox":[15.422,59.198,16.966,60.195]},"geometry":{"type":"MultiPolygon","coordinates":[[[[15.801,60.177],[15.8,60.177],[15.793,60.165],[15.776,60.153],[15.767,60.148],[15.757,60.146],[15.749,60.147],[15.725,60.145],[15.726,60.138],[15.726,60.128],[15.739,60.13],[15.752,60.13],[15.765,60.131],[15.76,60.116],[15.748,60.111],[15.747,60.1],[15.735,60.099],[15.73,60.097],[15.727,60.093],[15.721,60.093],[15.712,60.082],[15.723,60.081],[15.733,60.082],[15.738,60.08],[15.724,60.074],[15.722,60.071],[15.722,60.063],[15.708,60.058],[15.709,60.05],[15.707,60.045],[15.699,60.045],[15.696,60.048],[15.682,60.052],[15.695,60.035],[15.708,60.03],[15.713,60.029],[15.725,60.031],[15.731,60.03],[15.731,60.023],[15.715,60.018],[15.699,60.015],[15.707,60.008],[15.706,60.007],[15.714,60],[15.714,59.996],[15.717,59.989],[15.714,59.984],[15.717,59.981],[15.715,59.976],[15.72,59.974],[15.711,59.965],[15.704,59.965],[15.705,59.96],[15.693,59.948],[15.686,59.948],[15.678,59.945],[15.678,59.941],[15.682,59.938],[15.659,59.939],[15.626,59.936],[15.616,59.938],[15.606,59.944],[15.602,59.948],[15.531,59.957],[15.493,59.936],[15.494,59.934],[15.501,59.928],[15.496,59.927],[15.479,59.914],[15.48,59.911],[15.484,59.903],[15.489,59.903],[15.487,59.898],[15.467,59.893],[15.46,59.895],[15.422,59.854],[15.431,59.849],[15.442,59.849],[15.441,59.844],[15.457,59.835],[15.448,59.831],[15.448,59.824],[15.456,59.821],[15.439,59.809],[15.438,59.805],[15.433,59.804],[15.427,59.8],[15.426,59.796],[15.505,59.796],[15.512,59.788],[15.512,59.777],[15.515,59.777],[15.522,59.769],[15.531,59.761],[15.526,59.754],[15.539,59.739],[15.553,59.726],[15.554,59.724],[15.545,59.718],[15.55,59.699],[15.538,59.691],[15.529,59.69],[15.533,59.687],[15.525,59.677],[15.527,59.666],[15.513,59.653],[15.515,59.642],[15.521,59.633],[15.546,59.629],[15.565,59.627],[15.585,59.628],[15.604,59.631],[15.616,59.63],[15.619,59.626],[15.621,59.617],[15.623,59.598],[15.634,59.596],[15.637,59.591],[15.635,59.58],[15.632,59.571],[15.626,59.574],[15.626,59.55],[15.63,59.529],[15.628,59.52],[15.65,59.523],[15.663,59.525],[15.672,59.529],[15.673,59.535],[15.682,59.537],[15.683,59.534],[15.705,59.539],[15.709,59.53],[15.713,59.526],[15.717,59.519],[15.72,59.508],[15.704,59.503],[15.701,59.499],[15.691,59.496],[15.688,59.489],[15.69,59.485],[15.685,59.477],[15.713,59.476],[15.716,59.45],[15.727,59.438],[15.73,59.432],[15.73,59.422],[15.731,59.418],[15.73,59.409],[15.721,59.41],[15.714,59.409],[15.705,59.41],[15.698,59.409],[15.685,59.407],[15.67,59.406],[15.664,59.404],[15.649,59.403],[15.637,59.405],[15.627,59.404],[15.624,59.397],[15.604,59.397],[15.6,59.375],[15.604,59.37],[15.6,59.367],[15.613,59.363],[15.619,59.353],[15.615,59.348],[15.635,59.334],[15.635,59.322],[15.631,59.32],[15.632,59.317],[15.626,59.31],[15.608,59.289],[15.651,59.277],[15.692,59.271],[15.706,59.251],[15.727,59.223],[15.798,59.231],[15.762,59.198],[15.893,59.23],[15.867,59.279],[15.865,59.284],[15.87,59.285],[15.877,59.28],[15.878,59.284],[15.877,59.292],[15.881,59.303],[15.886,59.3],[15.903,59.296],[15.912,59.305],[15.911,59.316],[15.918,59.317],[15.939,59.322],[15.942,59.323],[15.939,59.33],[15.938,59.341],[15.954,59.349],[15.965,59.352],[15.979,59.353],[15.991,59.357],[15.996,59.36],[16.035,59.369],[16.047,59.364],[16.049,59.364],[16.062,59.36],[16.059,59.358],[16.072,59.352],[16.121,59.35],[16.135,59.348],[16.142,59.348],[16.146,59.347],[16.157,59.346],[16.176,59.352],[16.185,59.352],[16.196,59.355],[16.202,59.358],[16.21,59.36],[16.222,59.361],[16.236,59.36],[16.266,59.362],[16.271,59.368],[16.273,59.376],[16.274,59.389],[16.278,59.389],[16.28,59.393],[16.284,59.395],[16.3,59.398],[16.291,59.399],[16.27,59.406],[16.263,59.409],[16.259,59.408],[16.249,59.412],[16.245,59.416],[16.248,59.422],[16.248,59.426],[16.249,59.44],[16.254,59.452],[16.263,59.452],[16.268,59.452],[16.301,59.458],[16.316,59.452],[16.323,59.453],[16.349,59.46],[16.372,59.467],[16.386,59.467],[16.402,59.46],[16.411,59.46],[16.511,59.47],[16.589,59.479],[16.62,59.482],[16.649,59.486],[16.666,59.492],[16.702,59.488],[16.711,59.488],[16.721,59.49],[16.757,59.502],[16.834,59.498],[16.883,59.481],[16.885,59.48],[16.906,59.48],[16.915,59.483],[16.935,59.485],[16.951,59.494],[16.966,59.52],[16.926,59.546],[16.921,59.548],[16.917,59.565],[16.911,59.573],[16.909,59.577],[16.902,59.584],[16.891,59.601],[16.888,59.603],[16.879,59.619],[16.874,59.626],[16.873,59.632],[16.862,59.647],[16.862,59.652],[16.854,59.663],[16.855,59.667],[16.849,59.671],[16.84,59.68],[16.841,59.681],[16.824,59.689],[16.82,59.694],[16.823,59.698],[16.816,59.71],[16.808,59.714],[16.784,59.718],[16.781,59.724],[16.784,59.732],[16.781,59.735],[16.782,59.739],[16.776,59.746],[16.764,59.755],[16.758,59.757],[16.753,59.762],[16.748,59.764],[16.743,59.768],[16.729,59.777],[16.754,59.791],[16.765,59.797],[16.765,59.802],[16.769,59.802],[16.774,59.805],[16.789,59.807],[16.787,59.811],[16.793,59.815],[16.804,59.814],[16.808,59.816],[16.81,59.819],[16.805,59.82],[16.8,59.825],[16.81,59.826],[16.81,59.833],[16.818,59.836],[16.814,59.838],[16.801,59.844],[16.813,59.852],[16.818,59.852],[16.837,59.86],[16.829,59.863],[16.815,59.867],[16.801,59.87],[16.799,59.882],[16.778,59.89],[16.773,59.894],[16.778,59.906],[16.787,59.905],[16.802,59.909],[16.8,59.915],[16.794,59.946],[16.787,59.948],[16.784,59.953],[16.776,59.955],[16.763,59.949],[16.761,59.953],[16.769,59.96],[16.772,59.964],[16.784,59.962],[16.789,59.966],[16.774,59.974],[16.762,59.975],[16.75,59.977],[16.738,59.983],[16.734,59.989],[16.735,59.993],[16.734,60.002],[16.724,60.001],[16.723,60.005],[16.716,60.011],[16.721,60.016],[16.727,60.032],[16.727,60.043],[16.712,60.056],[16.718,60.057],[16.707,60.072],[16.692,60.083],[16.714,60.089],[16.705,60.109],[16.729,60.111],[16.732,60.113],[16.735,60.118],[16.727,60.121],[16.747,60.136],[16.738,60.148],[16.739,60.153],[16.735,60.156],[16.733,60.162],[16.734,60.166],[16.716,60.185],[16.711,60.187],[16.705,60.195],[16.674,60.193],[16.653,60.189],[16.647,60.184],[16.632,60.185],[16.607,60.181],[16.6,60.18],[16.594,60.181],[16.582,60.18],[16.568,60.175],[16.554,60.173],[16.544,60.175],[16.537,60.171],[16.527,60.165],[16.533,60.153],[16.539,60.151],[16.535,60.148],[16.535,60.145],[16.539,60.137],[16.503,60.137],[16.493,60.135],[16.477,60.132],[16.463,60.131],[16.457,60.129],[16.438,60.125],[16.404,60.102],[16.408,60.092],[16.404,60.089],[16.389,60.091],[16.385,60.089],[16.389,60.085],[16.387,60.081],[16.375,60.08],[16.365,60.081],[16.353,60.081],[16.353,60.075],[16.339,60.078],[16.332,60.08],[16.321,60.079],[16.323,60.075],[16.318,60.074],[16.281,60.073],[16.265,60.073],[16.246,60.077],[16.246,60.079],[16.228,60.079],[16.223,60.083],[16.218,60.08],[16.22,60.076],[16.208,60.073],[16.201,60.076],[16.184,60.076],[16.182,60.084],[16.142,60.092],[16.161,60.113],[16.16,60.116],[16.164,60.12],[16.132,60.139],[16.116,60.142],[16.097,60.143],[16.071,60.146],[16.057,60.147],[16.052,60.149],[16.046,60.154],[16.043,60.161],[16.038,60.164],[16.034,60.171],[16.029,60.174],[16.024,60.182],[16.017,60.181],[15.998,60.186],[15.985,60.185],[15.969,60.187],[15.966,60.183],[15.946,60.185],[15.927,60.172],[15.907,60.169],[15.882,60.166],[15.836,60.172],[15.801,60.177]]],[[[15.443,59.839],[15.436,59.837],[15.437,59.834],[15.447,59.834],[15.443,59.839]]]]}},{"type":"Feature","properties":{"id":416,"name":"Dalarnas län","bbox":[12.138,59.854,16.705,62.267]},"geometry":{"type":"Polygon","coordinates":[[[15.125,60.008],[15.178,60.004],[15.205,60.002],[15.228,59.976],[15.269,59.95],[15.331,59.909],[15.355,59.894],[15.355,59.89],[15.362,59.885],[15.36,59.881],[15.371,59.874],[15.379,59.878],[15.422,59.854],[15.46,59.895],[15.467,59.893],[15.487,59.898],[15.489,59.903],[15.484,59.903],[15.48,59.911],[15.479,59.914],[15.496,59.927],[15.501,59.928],[15.494,59.934],[15.493,59.936],[15.531,59.957],[15.602,59.948],[15.606,59.944],[15.616,59.938],[15.626,59.936],[15.659,59.939],[15.682,59.938],[15.678,59.941],[15.678,59.945],[15.686,59.948],[15.693,59.948],[15.705,59.96],[15.704,59.965],[15.711,59.965],[15.72,59.974],[15.715,59.976],[15.717,59.981],[15.714,59.984],[15.717,59.989],[15.714,59.996],[15.714,60],[15.706,60.007],[15.707,60.008],[15.699,60.015],[15.715,60.018],[15.731,60.023],[15.731,60.03],[15.725,60.031],[15.713,60.029],[15.708,60.03],[15.695,60.035],[15.682,60.052],[15.696,60.048],[15.699,60.045],[15.707,60.045],[15.709,60.05],[15.708,60.058],[15.722,60.063],[15.722,60.071],[15.724,60.074],[15.738,60.08],[15.733,60.082],[15.723,60.081],[15.712,60.082],[15.721,60.093],[15.727,60.093],[15.73,60.097],[15.735,60.099],[15.747,60.1],[15.748,60.111],[15.76,60.116],[15.765,60.131],[15.752,60.13],[15.739,60.13],[15.726,60.128],[15.726,60.138],[15.725,60.145],[15.749,60.147],[15.757,60.146],[15.767,60.148],[15.776,60.153],[15.793,60.165],[15.8,60.177],[15.801,60.177],[15.836,60.172],[15.882,60.166],[15.907,60.169],[15.927,60.172],[15.946,60.185],[15.966,60.183],[15.969,60.187],[15.985,60.185],[15.998,60.186],[16.017,60.181],[16.024,60.182],[16.029,60.174],[16.034,60.171],[16.038,60.164],[16.043,60.161],[16.046,60.154],[16.052,60.149],[16.057,60.147],[16.071,60.146],[16.097,60.143],[16.116,60.142],[16.132,60.139],[16.164,60.12],[16.16,60.116],[16.161,60.113],[16.142,60.092],[16.182,60.084],[16.184,60.076],[16.201,60.076],[16.208,60.073],[16.22,60.076],[16.218,60.08],[16.223,60.083],[16.228,60.079],[16.246,60.079],[16.246,60.077],[16.265,60.073],[16.281,60.073],[16.318,60.074],[16.323,60.075],[16.321,60.079],[16.332,60.08],[16.339,60.078],[16.353,60.075],[16.353,60.081],[16.365,60.081],[16.375,60.08],[16.387,60.081],[16.389,60.085],[16.385,60.089],[16.389,60.091],[16.404,60.089],[16.408,60.092],[16.404,60.102],[16.438,60.125],[16.457,60.129],[16.463,60.131],[16.477,60.132],[16.493,60.135],[16.503,60.137],[16.539,60.137],[16.535,60.145],[16.535,60.148],[16.539,60.151],[16.533,60.153],[16.527,60.165],[16.537,60.171],[16.544,60.175],[16.554,60.173],[16.568,60.175],[16.582,60.18],[16.594,60.181],[16.6,60.18],[16.607,60.181],[16.632,60.185],[16.647,60.184],[16.653,60.189],[16.674,60.193],[16.705,60.195],[16.699,60.205],[16.699,60.209],[16.691,60.215],[16.685,60.217],[16.663,60.227],[16.646,60.232],[16.629,60.239],[16.62,60.265],[16.618,60.273],[16.615,60.279],[16.61,60.283],[16.588,60.294],[16.579,60.298],[16.573,60.306],[16.561,60.318],[16.552,60.331],[16.543,60.34],[16.517,60.355],[16.475,60.366],[16.448,60.372],[16.423,60.379],[16.406,60.377],[16.393,60.379],[16.363,60.403],[16.353,60.41],[16.337,60.422],[16.335,60.428],[16.283,60.472],[16.279,60.484],[16.271,60.486],[16.253,60.489],[16.267,60.49],[16.271,60.492],[16.264,60.495],[16.259,60.493],[16.246,60.504],[16.209,60.527],[16.195,60.535],[16.18,60.555],[16.171,60.561],[16.166,60.577],[16.136,60.61],[16.198,60.614],[16.238,60.623],[16.262,60.644],[16.318,60.689],[16.318,60.694],[16.314,60.695],[16.315,60.698],[16.308,60.703],[16.308,60.706],[16.335,60.729],[16.343,60.725],[16.377,60.744],[16.386,60.76],[16.384,60.779],[16.386,60.787],[16.322,60.825],[16.255,60.864],[16.229,60.891],[16.222,60.896],[16.222,60.898],[16.175,60.947],[16.131,60.992],[15.921,61.008],[15.762,61.05],[15.707,61.093],[15.68,61.113],[15.675,61.139],[15.662,61.196],[15.657,61.216],[15.543,61.281],[15.44,61.333],[15.343,61.398],[15.301,61.426],[15.242,61.473],[15.216,61.495],[15.205,61.504],[15.179,61.55],[15.153,61.596],[15.095,61.493],[15.093,61.484],[14.978,61.491],[14.969,61.494],[14.953,61.492],[14.948,61.489],[14.924,61.494],[14.913,61.493],[14.901,61.497],[14.893,61.495],[14.887,61.495],[14.871,61.495],[14.864,61.495],[14.858,61.494],[14.848,61.496],[14.843,61.494],[14.824,61.492],[14.815,61.492],[14.807,61.495],[14.797,61.495],[14.786,61.493],[14.759,61.493],[14.757,61.495],[14.739,61.493],[14.731,61.497],[14.723,61.495],[14.716,61.489],[14.707,61.489],[14.701,61.491],[14.691,61.49],[14.69,61.488],[14.684,61.486],[14.675,61.488],[14.668,61.492],[14.667,61.497],[14.656,61.501],[14.659,61.51],[14.665,61.514],[14.673,61.523],[14.675,61.527],[14.67,61.538],[14.668,61.539],[14.669,61.545],[14.668,61.547],[14.658,61.551],[14.655,61.563],[14.667,61.565],[14.665,61.57],[14.676,61.575],[14.675,61.58],[14.68,61.584],[14.677,61.591],[14.568,61.593],[14.446,61.595],[14.395,61.564],[14.336,61.599],[14.285,61.608],[14.182,61.618],[14.052,61.619],[13.977,61.621],[13.898,61.635],[13.816,61.642],[13.753,61.642],[13.73,61.644],[13.599,61.656],[13.559,61.644],[13.49,61.69],[13.496,61.713],[13.497,61.702],[13.502,61.702],[13.506,61.707],[13.512,61.71],[13.498,61.718],[13.498,61.726],[13.496,61.73],[13.443,61.774],[13.413,61.796],[13.383,61.834],[13.335,61.866],[13.261,61.913],[13.2,61.929],[13.238,61.942],[13.325,61.975],[13.392,62.001],[13.294,62.012],[13.286,62.058],[13.219,62.041],[13.159,62.02],[13.116,62.042],[13.045,62.062],[13.039,62.071],[13.003,62.066],[12.981,62.093],[12.951,62.133],[12.903,62.142],[12.844,62.19],[12.84,62.194],[12.807,62.22],[12.729,62.218],[12.608,62.215],[12.535,62.227],[12.351,62.257],[12.299,62.267],[12.278,62.196],[12.261,62.136],[12.245,62.087],[12.221,62.003],[12.205,61.947],[12.185,61.878],[12.161,61.799],[12.138,61.724],[12.276,61.64],[12.341,61.615],[12.42,61.563],[12.447,61.567],[12.569,61.569],[12.655,61.509],[12.723,61.461],[12.805,61.404],[12.871,61.356],[12.853,61.308],[12.834,61.258],[12.79,61.197],[12.707,61.143],[12.695,61.101],[12.683,61.061],[12.681,61.06],[12.67,61.056],[12.699,60.998],[12.836,60.927],[12.865,60.912],[12.961,60.863],[13,60.844],[13.082,60.806],[13.159,60.756],[13.166,60.745],[13.199,60.696],[13.201,60.689],[13.194,60.685],[13.249,60.686],[13.276,60.644],[13.324,60.608],[13.331,60.6],[13.349,60.585],[13.429,60.516],[13.441,60.5],[13.468,60.459],[13.542,60.422],[13.622,60.414],[13.671,60.403],[13.721,60.362],[13.728,60.356],[13.751,60.33],[13.793,60.285],[13.828,60.255],[13.92,60.201],[13.966,60.175],[14.012,60.191],[14.006,60.198],[14.002,60.204],[13.996,60.211],[13.974,60.23],[13.966,60.237],[13.96,60.244],[13.951,60.251],[13.991,60.252],[13.991,60.248],[14.023,60.242],[14.024,60.229],[14.149,60.231],[14.157,60.217],[14.159,60.206],[14.163,60.204],[14.167,60.197],[14.174,60.191],[14.182,60.186],[14.189,60.177],[14.187,60.175],[14.191,60.166],[14.197,60.164],[14.197,60.155],[14.195,60.153],[14.198,60.149],[14.198,60.141],[14.202,60.137],[14.203,60.131],[14.209,60.126],[14.205,60.119],[14.211,60.11],[14.21,60.099],[14.213,60.096],[14.314,60.062],[14.437,60.026],[14.61,60.01],[14.754,59.997],[14.751,60.006],[14.752,60.008],[14.737,60.082],[14.77,60.095],[14.808,60.111],[14.85,60.105],[14.842,60.102],[14.842,60.098],[14.838,60.094],[14.838,60.088],[14.846,60.083],[14.859,60.082],[14.887,60.064],[14.891,60.057],[14.905,60.051],[14.917,60.053],[14.939,60.049],[15.013,60.057],[15.034,60.039],[15.046,60.043],[15.048,60.049],[15.078,60.041],[15.125,60.008]]]}},{"type":"Feature","properties":{"id":417,"name":"Gävleborgs län","bbox":[14.446,60.189,18.116,62.343]},"geometry":{"type":"Polygon","coordinates":[[[17.809,61.086],[17.766,61.171],[17.797,61.224],[17.802,61.234],[17.808,61.25],[17.842,61.372],[17.879,61.505],[17.929,61.603],[17.961,61.665],[17.971,61.684],[17.975,61.697],[17.977,61.706],[18.009,61.812],[18.058,61.975],[18.066,61.986],[18.074,61.999],[18.08,62.013],[18.083,62.024],[18.116,62.087],[17.726,62.117],[17.528,62.133],[17.435,62.144],[17.32,62.157],[17.245,62.151],[17.216,62.15],[17.212,62.154],[17.207,62.161],[17.164,62.163],[17.159,62.163],[17.149,62.16],[17.146,62.157],[17.138,62.157],[17.131,62.158],[17.119,62.156],[17.109,62.157],[17.098,62.157],[17.085,62.162],[17.07,62.164],[17.033,62.16],[16.975,62.165],[16.962,62.163],[16.945,62.166],[16.946,62.17],[16.942,62.172],[16.934,62.168],[16.892,62.176],[16.801,62.203],[16.717,62.208],[16.672,62.211],[16.633,62.214],[16.521,62.233],[16.435,62.236],[16.251,62.235],[16.231,62.234],[16.134,62.246],[16.013,62.259],[15.854,62.293],[15.848,62.294],[15.626,62.341],[15.613,62.343],[15.505,62.339],[15.439,62.319],[15.379,62.297],[15.326,62.272],[15.349,62.225],[15.357,62.214],[15.399,62.195],[15.401,62.183],[15.429,62.145],[15.417,62.111],[15.34,62.091],[15.262,62.057],[15.233,62.046],[15.208,62.038],[15.092,61.997],[15.11,61.966],[15.111,61.957],[15.141,61.952],[15.112,61.935],[15.116,61.894],[15.085,61.896],[15.088,61.893],[15.109,61.844],[15.092,61.819],[15.048,61.824],[15.045,61.868],[14.928,61.877],[14.909,61.881],[14.905,61.879],[14.922,61.842],[14.928,61.821],[14.865,61.809],[14.863,61.827],[14.843,61.848],[14.806,61.886],[14.761,61.864],[14.809,61.818],[14.842,61.804],[14.856,61.784],[14.842,61.787],[14.803,61.796],[14.785,61.805],[14.772,61.815],[14.763,61.821],[14.764,61.823],[14.746,61.838],[14.743,61.841],[14.738,61.843],[14.734,61.85],[14.718,61.863],[14.712,61.87],[14.705,61.876],[14.699,61.879],[14.7,61.885],[14.691,61.894],[14.691,61.898],[14.686,61.902],[14.673,61.897],[14.579,61.822],[14.53,61.784],[14.525,61.784],[14.517,61.734],[14.522,61.734],[14.521,61.727],[14.515,61.727],[14.511,61.7],[14.503,61.644],[14.499,61.626],[14.446,61.595],[14.568,61.593],[14.677,61.591],[14.68,61.584],[14.675,61.58],[14.676,61.575],[14.665,61.57],[14.667,61.565],[14.655,61.563],[14.658,61.551],[14.668,61.547],[14.669,61.545],[14.668,61.539],[14.67,61.538],[14.675,61.527],[14.673,61.523],[14.665,61.514],[14.659,61.51],[14.656,61.501],[14.667,61.497],[14.668,61.492],[14.675,61.488],[14.684,61.486],[14.69,61.488],[14.691,61.49],[14.701,61.491],[14.707,61.489],[14.716,61.489],[14.723,61.495],[14.731,61.497],[14.739,61.493],[14.757,61.495],[14.759,61.493],[14.786,61.493],[14.797,61.495],[14.807,61.495],[14.815,61.492],[14.824,61.492],[14.843,61.494],[14.848,61.496],[14.858,61.494],[14.864,61.495],[14.871,61.495],[14.887,61.495],[14.893,61.495],[14.901,61.497],[14.913,61.493],[14.924,61.494],[14.948,61.489],[14.953,61.492],[14.969,61.494],[14.978,61.491],[15.093,61.484],[15.095,61.493],[15.153,61.596],[15.179,61.55],[15.205,61.504],[15.216,61.495],[15.242,61.473],[15.301,61.426],[15.343,61.398],[15.44,61.333],[15.543,61.281],[15.657,61.216],[15.662,61.196],[15.675,61.139],[15.68,61.113],[15.707,61.093],[15.762,61.05],[15.921,61.008],[16.131,60.992],[16.175,60.947],[16.222,60.898],[16.222,60.896],[16.229,60.891],[16.255,60.864],[16.322,60.825],[16.386,60.787],[16.384,60.779],[16.386,60.76],[16.377,60.744],[16.343,60.725],[16.335,60.729],[16.308,60.706],[16.308,60.703],[16.315,60.698],[16.314,60.695],[16.318,60.694],[16.318,60.689],[16.262,60.644],[16.238,60.623],[16.198,60.614],[16.136,60.61],[16.166,60.577],[16.171,60.561],[16.18,60.555],[16.195,60.535],[16.209,60.527],[16.246,60.504],[16.259,60.493],[16.264,60.495],[16.271,60.492],[16.267,60.49],[16.253,60.489],[16.271,60.486],[16.279,60.484],[16.283,60.472],[16.335,60.428],[16.337,60.422],[16.353,60.41],[16.363,60.403],[16.393,60.379],[16.406,60.377],[16.423,60.379],[16.448,60.372],[16.475,60.366],[16.517,60.355],[16.543,60.34],[16.552,60.331],[16.561,60.318],[16.573,60.306],[16.579,60.298],[16.588,60.294],[16.61,60.283],[16.615,60.279],[16.618,60.273],[16.62,60.265],[16.629,60.239],[16.646,60.232],[16.663,60.227],[16.685,60.217],[16.691,60.215],[16.699,60.209],[16.699,60.205],[16.705,60.195],[16.712,60.196],[16.734,60.195],[16.75,60.189],[16.779,60.19],[16.786,60.196],[16.797,60.198],[16.799,60.2],[16.798,60.204],[16.8,60.206],[16.803,60.212],[16.823,60.217],[16.842,60.217],[16.85,60.224],[16.865,60.225],[16.871,60.227],[16.876,60.231],[16.905,60.239],[16.897,60.245],[16.888,60.245],[16.886,60.254],[16.891,60.26],[16.903,60.266],[16.912,60.269],[16.913,60.272],[16.909,60.281],[16.929,60.287],[16.962,60.287],[16.961,60.292],[16.969,60.295],[16.981,60.295],[16.992,60.288],[17.001,60.276],[17.015,60.273],[17.022,60.273],[17.042,60.275],[17.058,60.273],[17.082,60.259],[17.113,60.269],[17.11,60.271],[17.103,60.281],[17.12,60.286],[17.13,60.288],[17.158,60.287],[17.181,60.299],[17.194,60.301],[17.199,60.308],[17.197,60.345],[17.213,60.364],[17.2,60.366],[17.199,60.379],[17.189,60.382],[17.194,60.391],[17.191,60.394],[17.194,60.401],[17.192,60.404],[17.196,60.41],[17.202,60.413],[17.207,60.417],[17.217,60.42],[17.217,60.427],[17.218,60.434],[17.236,60.432],[17.254,60.435],[17.257,60.432],[17.255,60.427],[17.258,60.425],[17.288,60.447],[17.289,60.454],[17.298,60.465],[17.301,60.494],[17.303,60.509],[17.322,60.537],[17.349,60.586],[17.366,60.626],[17.369,60.638],[17.374,60.651],[17.369,60.653],[17.371,60.657],[17.376,60.657],[17.382,60.677],[17.396,60.686],[17.709,60.708],[17.957,60.907],[17.884,60.935],[17.847,61.008],[17.809,61.086]]]}},{"type":"Feature","properties":{"id":418,"name":"Västernorrlands län","bbox":[14.781,62.087,19.608,64.027]},"geometry":{"type":"Polygon","coordinates":[[[18.589,62.596],[18.692,62.659],[18.814,62.734],[18.961,62.82],[18.986,62.834],[19.098,62.896],[19.191,62.948],[19.332,63.025],[19.41,63.068],[19.428,63.076],[19.608,63.102],[19.406,63.333],[19.312,63.435],[19.286,63.463],[19.293,63.468],[19.287,63.47],[19.223,63.538],[19.191,63.572],[19.182,63.598],[19.134,63.631],[19.098,63.655],[19.078,63.67],[19.044,63.689],[19.016,63.716],[18.997,63.731],[18.971,63.734],[18.951,63.729],[18.962,63.76],[18.941,63.769],[18.901,63.783],[18.82,63.773],[18.801,63.781],[18.807,63.788],[18.757,63.81],[18.722,63.806],[18.703,63.81],[18.702,63.816],[18.685,63.819],[18.684,63.82],[18.638,63.826],[18.594,63.823],[18.485,63.843],[18.482,63.856],[18.473,63.863],[18.479,63.866],[18.454,63.886],[18.44,63.893],[18.426,63.909],[18.43,63.915],[18.426,63.92],[18.408,63.922],[18.406,63.927],[18.418,63.93],[18.42,63.934],[18.432,63.933],[18.439,63.935],[18.456,63.932],[18.465,63.932],[18.463,63.944],[18.468,63.951],[18.474,63.953],[18.476,63.96],[18.474,63.965],[18.462,63.976],[18.454,63.978],[18.455,63.98],[18.446,63.983],[18.427,63.991],[18.408,63.995],[18.406,63.996],[18.315,63.981],[18.23,63.967],[18.059,63.939],[17.993,63.928],[17.956,63.922],[17.914,63.914],[17.874,63.907],[17.833,63.899],[17.798,63.892],[17.733,63.88],[17.631,63.887],[17.532,63.893],[17.437,63.9],[17.342,63.907],[17.261,63.914],[17.188,63.92],[17.067,63.932],[16.993,63.939],[16.878,63.951],[16.734,64.02],[16.719,64.027],[16.673,63.977],[16.631,63.928],[16.581,63.873],[16.578,63.865],[16.564,63.823],[16.571,63.796],[16.575,63.783],[16.597,63.754],[16.606,63.734],[16.614,63.714],[16.528,63.705],[16.419,63.699],[16.348,63.697],[16.341,63.691],[16.334,63.695],[16.319,63.698],[16.289,63.675],[16.271,63.66],[16.228,63.661],[16.203,63.669],[16.087,63.704],[15.983,63.654],[15.972,63.654],[15.954,63.657],[15.933,63.657],[15.906,63.664],[15.903,63.666],[15.907,63.67],[15.91,63.675],[15.899,63.683],[15.792,63.658],[15.845,63.633],[15.845,63.63],[15.851,63.627],[15.86,63.626],[15.927,63.594],[15.983,63.56],[15.997,63.551],[15.986,63.515],[15.972,63.461],[15.966,63.444],[16.017,63.431],[16.046,63.448],[16.054,63.447],[16.14,63.421],[16.132,63.383],[16.096,63.369],[16.139,63.353],[16.145,63.356],[16.204,63.337],[16.197,63.332],[16.248,63.312],[16.287,63.311],[16.275,63.301],[16.323,63.282],[16.362,63.268],[16.389,63.257],[16.54,63.197],[16.599,63.173],[16.602,63.173],[16.676,63.135],[16.673,63.134],[16.782,63.074],[16.855,63.034],[16.888,63.016],[16.904,63.007],[16.961,62.971],[16.999,62.947],[16.881,62.932],[16.863,62.931],[16.81,62.927],[16.748,62.923],[16.72,62.922],[16.709,62.913],[16.708,62.921],[16.692,62.92],[16.692,62.917],[16.68,62.912],[16.671,62.912],[16.67,62.917],[16.633,62.894],[16.623,62.888],[16.624,62.887],[16.543,62.839],[16.494,62.808],[16.419,62.771],[16.405,62.749],[16.37,62.696],[16.246,62.71],[16.13,62.691],[16.113,62.695],[16.075,62.7],[15.965,62.713],[15.883,62.694],[15.767,62.664],[15.707,62.651],[15.64,62.635],[15.61,62.631],[15.517,62.617],[15.413,62.611],[15.245,62.6],[15.128,62.559],[15.105,62.577],[15.094,62.584],[14.967,62.601],[14.917,62.598],[14.781,62.591],[14.799,62.575],[14.798,62.573],[14.806,62.568],[14.809,62.563],[14.805,62.558],[14.809,62.545],[14.809,62.542],[14.803,62.538],[14.801,62.53],[14.802,62.527],[14.809,62.524],[14.813,62.523],[14.825,62.513],[14.83,62.507],[14.828,62.504],[14.83,62.498],[14.836,62.492],[14.842,62.488],[14.842,62.484],[14.843,62.478],[14.84,62.475],[14.85,62.467],[14.843,62.464],[14.841,62.46],[14.832,62.462],[14.819,62.46],[14.805,62.464],[14.796,62.463],[14.798,62.439],[14.801,62.404],[14.804,62.404],[14.875,62.402],[14.874,62.4],[14.865,62.391],[14.897,62.357],[14.94,62.32],[15.001,62.3],[15.069,62.278],[15.153,62.25],[15.254,62.283],[15.285,62.293],[15.326,62.272],[15.379,62.297],[15.439,62.319],[15.505,62.339],[15.613,62.343],[15.626,62.341],[15.848,62.294],[15.854,62.293],[16.013,62.259],[16.134,62.246],[16.231,62.234],[16.251,62.235],[16.435,62.236],[16.521,62.233],[16.633,62.214],[16.672,62.211],[16.717,62.208],[16.801,62.203],[16.892,62.176],[16.934,62.168],[16.942,62.172],[16.946,62.17],[16.945,62.166],[16.962,62.163],[16.975,62.165],[17.033,62.16],[17.07,62.164],[17.085,62.162],[17.098,62.157],[17.109,62.157],[17.119,62.156],[17.131,62.158],[17.138,62.157],[17.146,62.157],[17.149,62.16],[17.159,62.163],[17.164,62.163],[17.207,62.161],[17.212,62.154],[17.216,62.15],[17.245,62.151],[17.32,62.157],[17.435,62.144],[17.528,62.133],[17.726,62.117],[18.116,62.087],[18.161,62.172],[18.191,62.231],[18.231,62.308],[18.285,62.412],[18.288,62.417],[18.383,62.468],[18.404,62.48],[18.486,62.531],[18.589,62.596]]]}},{"type":"Feature","properties":{"id":419,"name":"Jämtlands län","bbox":[11.975,61.564,16.999,65.119]},"geometry":{"type":"MultiPolygon","coordinates":[[[[14.326,65.119],[14.227,65.049],[14.13,64.979],[14.077,64.939],[14.015,64.89],[13.978,64.86],[13.931,64.822],[13.873,64.776],[13.795,64.712],[13.705,64.64],[13.654,64.58],[13.751,64.55],[13.891,64.507],[14.055,64.483],[14.085,64.478],[14.114,64.462],[14.127,64.387],[14.145,64.284],[14.157,64.195],[14.071,64.108],[14.012,64.05],[13.968,64.008],[13.889,64.02],[13.715,64.046],[13.538,64.066],[13.378,64.08],[13.278,64.089],[13.211,64.095],[13.085,64.079],[12.927,64.058],[12.834,64.026],[12.684,63.974],[12.652,63.949],[12.538,63.862],[12.48,63.819],[12.441,63.791],[12.331,63.715],[12.299,63.672],[12.227,63.631],[12.15,63.594],[12.182,63.534],[12.213,63.479],[12.14,63.411],[12.084,63.356],[12.034,63.316],[11.975,63.269],[11.998,63.243],[12.024,63.215],[12.073,63.161],[12.141,63.086],[12.218,63],[12.17,62.967],[12.075,62.903],[12.104,62.83],[12.136,62.748],[12.091,62.672],[12.056,62.612],[12.106,62.541],[12.141,62.491],[12.165,62.458],[12.182,62.434],[12.205,62.401],[12.263,62.32],[12.299,62.267],[12.351,62.257],[12.535,62.227],[12.608,62.215],[12.729,62.218],[12.807,62.22],[12.84,62.194],[12.844,62.19],[12.903,62.142],[12.951,62.133],[12.981,62.093],[13.003,62.066],[13.039,62.071],[13.045,62.062],[13.116,62.042],[13.159,62.02],[13.219,62.041],[13.286,62.058],[13.294,62.012],[13.392,62.001],[13.325,61.975],[13.238,61.942],[13.2,61.929],[13.261,61.913],[13.335,61.866],[13.383,61.834],[13.413,61.796],[13.443,61.774],[13.496,61.73],[13.498,61.726],[13.498,61.718],[13.512,61.71],[13.506,61.707],[13.502,61.702],[13.497,61.702],[13.496,61.713],[13.49,61.69],[13.559,61.644],[13.599,61.656],[13.73,61.644],[13.753,61.642],[13.816,61.642],[13.898,61.635],[13.977,61.621],[14.052,61.619],[14.182,61.618],[14.285,61.608],[14.336,61.599],[14.395,61.564],[14.446,61.595],[14.499,61.626],[14.503,61.644],[14.511,61.7],[14.515,61.727],[14.521,61.727],[14.522,61.734],[14.517,61.734],[14.525,61.784],[14.53,61.784],[14.579,61.822],[14.673,61.897],[14.686,61.902],[14.691,61.898],[14.691,61.894],[14.7,61.885],[14.699,61.879],[14.705,61.876],[14.712,61.87],[14.718,61.863],[14.734,61.85],[14.738,61.843],[14.743,61.841],[14.746,61.838],[14.764,61.823],[14.763,61.821],[14.772,61.815],[14.785,61.805],[14.803,61.796],[14.842,61.787],[14.856,61.784],[14.842,61.804],[14.809,61.818],[14.761,61.864],[14.806,61.886],[14.843,61.848],[14.863,61.827],[14.865,61.809],[14.928,61.821],[14.922,61.842],[14.905,61.879],[14.909,61.881],[14.928,61.877],[15.045,61.868],[15.048,61.824],[15.092,61.819],[15.109,61.844],[15.088,61.893],[15.085,61.896],[15.116,61.894],[15.112,61.935],[15.141,61.952],[15.111,61.957],[15.11,61.966],[15.092,61.997],[15.208,62.038],[15.233,62.046],[15.262,62.057],[15.34,62.091],[15.417,62.111],[15.429,62.145],[15.401,62.183],[15.399,62.195],[15.357,62.214],[15.349,62.225],[15.326,62.272],[15.285,62.293],[15.254,62.283],[15.153,62.25],[15.069,62.278],[15.001,62.3],[14.94,62.32],[14.897,62.357],[14.865,62.391],[14.874,62.4],[14.875,62.402],[14.804,62.404],[14.801,62.404],[14.798,62.439],[14.796,62.463],[14.805,62.464],[14.819,62.46],[14.832,62.462],[14.841,62.46],[14.843,62.464],[14.85,62.467],[14.84,62.475],[14.843,62.478],[14.842,62.484],[14.842,62.488],[14.836,62.492],[14.83,62.498],[14.828,62.504],[14.83,62.507],[14.825,62.513],[14.813,62.523],[14.809,62.524],[14.802,62.527],[14.801,62.53],[14.803,62.538],[14.809,62.542],[14.809,62.545],[14.805,62.558],[14.809,62.563],[14.806,62.568],[14.798,62.573],[14.799,62.575],[14.781,62.591],[14.917,62.598],[14.967,62.601],[15.094,62.584],[15.105,62.577],[15.128,62.559],[15.245,62.6],[15.413,62.611],[15.517,62.617],[15.61,62.631],[15.64,62.635],[15.707,62.651],[15.767,62.664],[15.883,62.694],[15.965,62.713],[16.075,62.7],[16.113,62.695],[16.13,62.691],[16.246,62.71],[16.37,62.696],[16.405,62.749],[16.419,62.771],[16.494,62.808],[16.543,62.839],[16.624,62.887],[16.623,62.888],[16.633,62.894],[16.67,62.917],[16.671,62.912],[16.68,62.912],[16.692,62.917],[16.692,62.92],[16.708,62.921],[16.709,62.913],[16.72,62.922],[16.748,62.923],[16.81,62.927],[16.863,62.931],[16.881,62.932],[16.999,62.947],[16.961,62.971],[16.904,63.007],[16.888,63.016],[16.855,63.034],[16.782,63.074],[16.673,63.134],[16.676,63.135],[16.602,63.173],[16.599,63.173],[16.54,63.197],[16.389,63.257],[16.362,63.268],[16.323,63.282],[16.275,63.301],[16.287,63.311],[16.248,63.312],[16.197,63.332],[16.204,63.337],[16.145,63.356],[16.139,63.353],[16.096,63.369],[16.132,63.383],[16.14,63.421],[16.054,63.447],[16.046,63.448],[16.017,63.431],[15.966,63.444],[15.972,63.461],[15.986,63.515],[15.997,63.551],[15.983,63.56],[15.927,63.594],[15.86,63.626],[15.851,63.627],[15.845,63.63],[15.845,63.633],[15.792,63.658],[15.899,63.683],[15.91,63.675],[15.907,63.67],[15.903,63.666],[15.906,63.664],[15.933,63.657],[15.954,63.657],[15.972,63.654],[15.983,63.654],[16.087,63.704],[16.203,63.669],[16.228,63.661],[16.271,63.66],[16.289,63.675],[16.319,63.698],[16.334,63.695],[16.341,63.691],[16.348,63.697],[16.419,63.699],[16.528,63.705],[16.614,63.714],[16.606,63.734],[16.597,63.754],[16.575,63.783],[16.571,63.796],[16.564,63.823],[16.578,63.865],[16.581,63.873],[16.631,63.928],[16.673,63.977],[16.719,64.027],[16.667,64.052],[16.668,64.053],[16.625,64.073],[16.58,64.095],[16.424,64.168],[16.416,64.172],[16.331,64.212],[16.219,64.264],[16.165,64.261],[16.145,64.268],[16.131,64.263],[16.12,64.261],[16.109,64.263],[16.043,64.249],[16.02,64.269],[16.023,64.27],[16.022,64.276],[16.022,64.333],[15.898,64.365],[15.854,64.376],[15.869,64.382],[15.795,64.398],[15.754,64.407],[15.74,64.404],[15.727,64.455],[15.704,64.538],[15.636,64.52],[15.647,64.448],[15.58,64.443],[15.577,64.445],[15.58,64.449],[15.578,64.453],[15.576,64.462],[15.571,64.465],[15.566,64.471],[15.564,64.478],[15.556,64.482],[15.553,64.486],[15.553,64.494],[15.557,64.496],[15.544,64.501],[15.538,64.507],[15.544,64.517],[15.543,64.519],[15.532,64.524],[15.521,64.532],[15.509,64.536],[15.498,64.538],[15.494,64.54],[15.475,64.545],[15.476,64.547],[15.463,64.549],[15.462,64.551],[15.449,64.556],[15.439,64.559],[15.438,64.569],[15.435,64.571],[15.43,64.582],[15.426,64.584],[15.417,64.579],[15.408,64.582],[15.401,64.581],[15.387,64.582],[15.38,64.584],[15.375,64.583],[15.363,64.587],[15.364,64.59],[15.347,64.597],[15.337,64.605],[15.328,64.614],[15.316,64.621],[15.301,64.625],[15.288,64.625],[15.264,64.628],[15.248,64.631],[15.248,64.634],[15.242,64.636],[15.283,64.64],[15.341,64.647],[15.336,64.65],[15.334,64.659],[15.334,64.669],[15.323,64.674],[15.309,64.678],[15.291,64.677],[15.281,64.686],[15.281,64.689],[15.272,64.692],[15.265,64.7],[15.232,64.716],[15.225,64.723],[15.198,64.733],[15.186,64.74],[15.175,64.74],[15.147,64.744],[15.137,64.747],[15.136,64.75],[15.118,64.753],[15.098,64.753],[15.088,64.752],[15.062,64.752],[15.059,64.754],[15.047,64.755],[15.042,64.759],[15.034,64.76],[15.028,64.766],[15.028,64.769],[15.033,64.771],[15.028,64.781],[15.034,64.784],[15.035,64.791],[15.026,64.797],[15.024,64.804],[14.974,64.846],[14.936,64.857],[14.88,64.865],[14.864,64.869],[14.855,64.875],[14.841,64.877],[14.839,64.88],[14.845,64.882],[14.845,64.89],[14.841,64.893],[14.828,64.898],[14.81,64.906],[14.802,64.908],[14.786,64.909],[14.78,64.913],[14.772,64.914],[14.779,64.918],[14.781,64.922],[14.777,64.926],[14.776,64.931],[14.78,64.938],[14.766,64.947],[14.756,64.949],[14.754,64.954],[14.75,64.955],[14.732,64.954],[14.723,64.956],[14.714,64.963],[14.714,64.969],[14.703,64.979],[14.705,64.981],[14.706,64.982],[14.698,64.99],[14.613,65.002],[14.531,65.036],[14.326,65.119]]],[[[15.381,62.031],[15.365,62.025],[15.366,62.022],[15.395,62.009],[15.417,62.011],[15.381,62.031]]],[[[15.33,62.065],[15.319,62.071],[15.317,62.069],[15.326,62.063],[15.33,62.065]]]]}},{"type":"Feature","properties":{"id":420,"name":"Västerbottens län","bbox":[14.326,63.102,22.081,66.345]},"geometry":{"type":"MultiPolygon","coordinates":[[[[18.408,63.995],[18.427,63.991],[18.446,63.983],[18.455,63.98],[18.454,63.978],[18.462,63.976],[18.474,63.965],[18.476,63.96],[18.474,63.953],[18.468,63.951],[18.463,63.944],[18.465,63.932],[18.456,63.932],[18.439,63.935],[18.432,63.933],[18.42,63.934],[18.418,63.93],[18.406,63.927],[18.408,63.922],[18.426,63.92],[18.43,63.915],[18.426,63.909],[18.44,63.893],[18.454,63.886],[18.479,63.866],[18.473,63.863],[18.482,63.856],[18.485,63.843],[18.594,63.823],[18.638,63.826],[18.684,63.82],[18.685,63.819],[18.702,63.816],[18.703,63.81],[18.722,63.806],[18.757,63.81],[18.807,63.788],[18.801,63.781],[18.82,63.773],[18.901,63.783],[18.941,63.769],[18.962,63.76],[18.951,63.729],[18.971,63.734],[18.997,63.731],[19.016,63.716],[19.044,63.689],[19.078,63.67],[19.098,63.655],[19.134,63.631],[19.182,63.598],[19.191,63.572],[19.223,63.538],[19.287,63.47],[19.293,63.468],[19.286,63.463],[19.312,63.435],[19.406,63.333],[19.608,63.102],[19.772,63.125],[19.814,63.131],[19.857,63.138],[19.885,63.144],[19.912,63.151],[19.935,63.158],[19.973,63.168],[20,63.166],[20.03,63.164],[20.061,63.163],[20.092,63.163],[20.123,63.164],[20.164,63.166],[20.258,63.234],[20.396,63.333],[20.484,63.379],[20.597,63.436],[20.693,63.485],[20.829,63.506],[20.936,63.522],[21.091,63.562],[21.215,63.594],[21.367,63.634],[21.377,63.646],[21.395,63.657],[21.41,63.669],[21.431,63.688],[21.441,63.701],[21.446,63.708],[21.454,63.721],[21.46,63.735],[21.463,63.749],[21.464,63.763],[21.464,63.773],[21.469,63.79],[21.471,63.804],[21.471,63.818],[21.468,63.832],[21.464,63.846],[21.456,63.861],[21.416,63.927],[21.397,63.957],[21.502,64.042],[21.653,64.11],[21.845,64.196],[21.861,64.204],[21.882,64.215],[21.891,64.22],[21.909,64.232],[21.924,64.244],[21.935,64.254],[22.035,64.35],[22.047,64.363],[22.057,64.376],[22.065,64.389],[22.071,64.403],[22.074,64.413],[22.079,64.436],[22.081,64.457],[22.079,64.471],[22.075,64.485],[22.069,64.499],[22.061,64.512],[22.024,64.56],[21.96,64.643],[21.949,64.658],[21.94,64.669],[21.87,64.765],[21.817,64.836],[21.906,64.89],[21.945,64.902],[21.944,64.903],[21.556,65.06],[21.544,65.063],[21.488,65.086],[21.319,65.136],[21.266,65.163],[21.23,65.169],[21.199,65.172],[21.107,65.181],[20.959,65.195],[20.806,65.209],[20.726,65.224],[20.599,65.248],[20.421,65.284],[20.344,65.3],[20.209,65.326],[20.11,65.346],[20.088,65.349],[19.895,65.381],[19.774,65.303],[19.704,65.26],[19.712,65.257],[19.703,65.252],[19.696,65.255],[19.608,65.199],[19.59,65.194],[19.479,65.166],[19.484,65.162],[19.435,65.149],[19.431,65.153],[19.39,65.143],[19.388,65.15],[19.378,65.155],[19.371,65.16],[19.367,65.165],[19.35,65.172],[19.338,65.18],[19.344,65.182],[19.339,65.187],[19.322,65.193],[19.301,65.197],[19.287,65.201],[19.282,65.204],[19.265,65.207],[19.256,65.21],[19.244,65.219],[19.242,65.223],[19.246,65.23],[19.25,65.24],[19.253,65.242],[19.261,65.24],[19.273,65.241],[19.26,65.255],[19.238,65.262],[19.232,65.266],[19.22,65.269],[19.202,65.272],[19.175,65.282],[19.168,65.286],[19.149,65.29],[19.138,65.29],[19.124,65.296],[19.097,65.305],[19.087,65.307],[19.077,65.306],[19.072,65.308],[19.061,65.306],[19.05,65.308],[19.044,65.306],[19.033,65.307],[19.022,65.311],[19.019,65.314],[19.022,65.318],[19.016,65.327],[19.015,65.331],[18.987,65.337],[18.976,65.342],[18.95,65.345],[18.932,65.347],[18.93,65.351],[18.924,65.352],[18.917,65.356],[18.895,65.362],[18.869,65.373],[18.86,65.37],[18.851,65.37],[18.834,65.371],[18.823,65.377],[18.82,65.382],[18.81,65.388],[18.798,65.388],[18.774,65.395],[18.753,65.404],[18.747,65.409],[18.744,65.414],[18.748,65.423],[18.73,65.434],[18.72,65.437],[18.712,65.438],[18.701,65.438],[18.669,65.437],[18.655,65.435],[18.644,65.436],[18.627,65.434],[18.58,65.44],[18.57,65.445],[18.543,65.446],[18.522,65.452],[18.518,65.459],[18.512,65.463],[18.503,65.475],[18.426,65.497],[18.342,65.494],[18.268,65.525],[18.249,65.533],[18.231,65.543],[18.195,65.555],[18.178,65.566],[18.181,65.573],[18.178,65.577],[18.159,65.574],[18.144,65.577],[18.147,65.589],[18.102,65.594],[18.072,65.577],[18.034,65.588],[18.031,65.603],[17.851,65.624],[17.727,65.647],[17.676,65.656],[17.547,65.712],[17.471,65.745],[17.358,65.793],[17.244,65.841],[17.133,65.888],[17.106,65.9],[17.001,65.945],[16.931,65.97],[16.772,66.032],[16.607,66.044],[16.529,66.054],[16.232,66.141],[15.771,66.291],[15.559,66.328],[15.454,66.345],[15.485,66.282],[15.306,66.233],[15.195,66.2],[15.036,66.154],[14.951,66.15],[14.864,66.146],[14.684,66.139],[14.516,66.133],[14.529,66.096],[14.546,66.042],[14.551,66.022],[14.573,65.958],[14.584,65.901],[14.625,65.812],[14.601,65.779],[14.541,65.701],[14.521,65.613],[14.499,65.521],[14.501,65.445],[14.502,65.374],[14.507,65.31],[14.379,65.248],[14.356,65.194],[14.326,65.119],[14.531,65.036],[14.613,65.002],[14.698,64.99],[14.706,64.982],[14.705,64.981],[14.703,64.979],[14.714,64.969],[14.714,64.963],[14.723,64.956],[14.732,64.954],[14.75,64.955],[14.754,64.954],[14.756,64.949],[14.766,64.947],[14.78,64.938],[14.776,64.931],[14.777,64.926],[14.781,64.922],[14.779,64.918],[14.772,64.914],[14.78,64.913],[14.786,64.909],[14.802,64.908],[14.81,64.906],[14.828,64.898],[14.841,64.893],[14.845,64.89],[14.845,64.882],[14.839,64.88],[14.841,64.877],[14.855,64.875],[14.864,64.869],[14.88,64.865],[14.936,64.857],[14.974,64.846],[15.024,64.804],[15.026,64.797],[15.035,64.791],[15.034,64.784],[15.028,64.781],[15.033,64.771],[15.028,64.769],[15.028,64.766],[15.034,64.76],[15.042,64.759],[15.047,64.755],[15.059,64.754],[15.062,64.752],[15.088,64.752],[15.098,64.753],[15.118,64.753],[15.136,64.75],[15.137,64.747],[15.147,64.744],[15.175,64.74],[15.186,64.74],[15.198,64.733],[15.225,64.723],[15.232,64.716],[15.265,64.7],[15.272,64.692],[15.281,64.689],[15.281,64.686],[15.291,64.677],[15.309,64.678],[15.323,64.674],[15.334,64.669],[15.334,64.659],[15.336,64.65],[15.341,64.647],[15.283,64.64],[15.242,64.636],[15.248,64.634],[15.248,64.631],[15.264,64.628],[15.288,64.625],[15.301,64.625],[15.316,64.621],[15.328,64.614],[15.337,64.605],[15.347,64.597],[15.364,64.59],[15.363,64.587],[15.375,64.583],[15.38,64.584],[15.387,64.582],[15.401,64.581],[15.408,64.582],[15.417,64.579],[15.426,64.584],[15.43,64.582],[15.435,64.571],[15.438,64.569],[15.439,64.559],[15.449,64.556],[15.462,64.551],[15.463,64.549],[15.476,64.547],[15.475,64.545],[15.494,64.54],[15.498,64.538],[15.509,64.536],[15.521,64.532],[15.532,64.524],[15.543,64.519],[15.544,64.517],[15.538,64.507],[15.544,64.501],[15.557,64.496],[15.553,64.494],[15.553,64.486],[15.556,64.482],[15.564,64.478],[15.566,64.471],[15.571,64.465],[15.576,64.462],[15.578,64.453],[15.58,64.449],[15.577,64.445],[15.58,64.443],[15.647,64.448],[15.636,64.52],[15.704,64.538],[15.727,64.455],[15.74,64.404],[15.754,64.407],[15.795,64.398],[15.869,64.382],[15.854,64.376],[15.898,64.365],[16.022,64.333],[16.022,64.276],[16.023,64.27],[16.02,64.269],[16.043,64.249],[16.109,64.263],[16.12,64.261],[16.131,64.263],[16.145,64.268],[16.165,64.261],[16.219,64.264],[16.331,64.212],[16.416,64.172],[16.424,64.168],[16.58,64.095],[16.625,64.073],[16.668,64.053],[16.667,64.052],[16.719,64.027],[16.734,64.02],[16.878,63.951],[16.993,63.939],[17.067,63.932],[17.188,63.92],[17.261,63.914],[17.342,63.907],[17.437,63.9],[17.532,63.893],[17.631,63.887],[17.733,63.88],[17.798,63.892],[17.833,63.899],[17.874,63.907],[17.914,63.914],[17.956,63.922],[17.993,63.928],[18.059,63.939],[18.23,63.967],[18.315,63.981],[18.406,63.996],[18.408,63.995]]],[[[20.01,65.368],[20.028,65.361],[20.037,65.368],[20,65.373],[19.997,65.37],[20.01,65.368]]]]}},{"type":"Feature","properties":{"id":421,"name":"Norrbottens län","bbox":[15.377,64.902,24.178,69.06]},"geometry":{"type":"Polygon","coordinates":[[[18.178,65.577],[18.181,65.573],[18.178,65.566],[18.195,65.555],[18.231,65.543],[18.249,65.533],[18.268,65.525],[18.342,65.494],[18.426,65.497],[18.503,65.475],[18.512,65.463],[18.518,65.459],[18.522,65.452],[18.543,65.446],[18.57,65.445],[18.58,65.44],[18.627,65.434],[18.644,65.436],[18.655,65.435],[18.669,65.437],[18.701,65.438],[18.712,65.438],[18.72,65.437],[18.73,65.434],[18.748,65.423],[18.744,65.414],[18.747,65.409],[18.753,65.404],[18.774,65.395],[18.798,65.388],[18.81,65.388],[18.82,65.382],[18.823,65.377],[18.834,65.371],[18.851,65.37],[18.86,65.37],[18.869,65.373],[18.895,65.362],[18.917,65.356],[18.924,65.352],[18.93,65.351],[18.932,65.347],[18.95,65.345],[18.976,65.342],[18.987,65.337],[19.015,65.331],[19.016,65.327],[19.022,65.318],[19.019,65.314],[19.022,65.311],[19.033,65.307],[19.044,65.306],[19.05,65.308],[19.061,65.306],[19.072,65.308],[19.077,65.306],[19.087,65.307],[19.097,65.305],[19.124,65.296],[19.138,65.29],[19.149,65.29],[19.168,65.286],[19.175,65.282],[19.202,65.272],[19.22,65.269],[19.232,65.266],[19.238,65.262],[19.26,65.255],[19.273,65.241],[19.261,65.24],[19.253,65.242],[19.25,65.24],[19.246,65.23],[19.242,65.223],[19.244,65.219],[19.256,65.21],[19.265,65.207],[19.282,65.204],[19.287,65.201],[19.301,65.197],[19.322,65.193],[19.339,65.187],[19.344,65.182],[19.338,65.18],[19.35,65.172],[19.367,65.165],[19.371,65.16],[19.378,65.155],[19.388,65.15],[19.39,65.143],[19.431,65.153],[19.435,65.149],[19.484,65.162],[19.479,65.166],[19.59,65.194],[19.608,65.199],[19.696,65.255],[19.703,65.252],[19.712,65.257],[19.704,65.26],[19.774,65.303],[19.895,65.381],[20.088,65.349],[20.11,65.346],[20.209,65.326],[20.344,65.3],[20.421,65.284],[20.599,65.248],[20.726,65.224],[20.806,65.209],[20.959,65.195],[21.107,65.181],[21.199,65.172],[21.23,65.169],[21.266,65.163],[21.319,65.136],[21.488,65.086],[21.544,65.063],[21.556,65.06],[21.944,64.903],[21.945,64.902],[22.161,64.967],[22.191,64.978],[22.291,65.013],[22.451,65.07],[22.499,65.086],[22.54,65.083],[22.573,65.081],[22.606,65.081],[22.622,65.081],[22.655,65.081],[22.688,65.083],[22.736,65.087],[22.768,65.091],[22.799,65.096],[22.843,65.105],[22.871,65.112],[22.899,65.12],[22.924,65.129],[22.96,65.143],[22.982,65.154],[23.002,65.165],[23.011,65.171],[23.037,65.189],[23.057,65.208],[23.068,65.221],[23.077,65.234],[23.083,65.248],[23.089,65.269],[23.09,65.284],[23.138,65.288],[23.401,65.307],[23.607,65.322],[23.652,65.325],[23.685,65.328],[23.717,65.331],[23.748,65.336],[23.788,65.344],[23.815,65.348],[23.858,65.356],[23.912,65.365],[23.977,65.409],[24.061,65.467],[24.133,65.515],[24.136,65.53],[24.162,65.619],[24.178,65.66],[24.165,65.695],[24.172,65.725],[24.132,65.772],[24.128,65.778],[24.128,65.785],[24.134,65.797],[24.143,65.803],[24.155,65.816],[24.149,65.832],[24.145,65.841],[24.139,65.846],[24.125,65.851],[24.126,65.858],[24.132,65.863],[24.144,65.862],[24.153,65.863],[24.139,65.877],[24.133,65.888],[24.118,65.895],[24.115,65.9],[24.115,65.905],[24.11,65.913],[24.115,65.918],[24.118,65.926],[24.112,65.931],[24.106,65.931],[24.098,65.93],[24.088,65.931],[24.081,65.936],[24.074,65.944],[24.065,65.947],[24.061,65.95],[24.054,65.951],[24.05,65.957],[24.043,65.962],[24.043,65.971],[24.053,65.975],[24.049,65.98],[24.049,65.995],[24.045,66.002],[24.036,66.01],[24.014,66.023],[23.995,66.037],[23.985,66.047],[23.984,66.05],[23.976,66.057],[23.964,66.063],[23.956,66.07],[23.947,66.072],[23.938,66.077],[23.937,66.08],[23.936,66.09],[23.94,66.099],[23.945,66.103],[23.945,66.108],[23.936,66.113],[23.942,66.12],[23.934,66.126],[23.914,66.136],[23.916,66.14],[23.927,66.145],[23.93,66.149],[23.922,66.159],[23.916,66.162],[23.904,66.164],[23.889,66.168],[23.879,66.166],[23.865,66.166],[23.859,66.171],[23.852,66.171],[23.831,66.17],[23.822,66.173],[23.817,66.176],[23.803,66.18],[23.783,66.187],[23.758,66.191],[23.732,66.194],[23.726,66.199],[23.734,66.204],[23.73,66.209],[23.724,66.215],[23.707,66.218],[23.701,66.221],[23.694,66.229],[23.695,66.235],[23.701,66.243],[23.691,66.25],[23.676,66.254],[23.667,66.261],[23.67,66.264],[23.673,66.273],[23.667,66.279],[23.664,66.286],[23.656,66.293],[23.649,66.298],[23.646,66.302],[23.648,66.306],[23.656,66.315],[23.66,66.335],[23.656,66.351],[23.668,66.361],[23.676,66.37],[23.686,66.377],[23.689,66.387],[23.684,66.393],[23.667,66.398],[23.659,66.411],[23.653,66.418],[23.644,66.424],[23.643,66.426],[23.644,66.436],[23.648,66.44],[23.65,66.454],[23.656,66.46],[23.675,66.466],[23.688,66.473],[23.7,66.475],[23.71,66.474],[23.72,66.478],[23.715,66.485],[23.714,66.493],[23.725,66.497],[23.728,66.507],[23.734,66.509],[23.739,66.504],[23.752,66.505],[23.762,66.511],[23.78,66.515],[23.795,66.517],[23.797,66.523],[23.791,66.526],[23.785,66.532],[23.785,66.536],[23.795,66.538],[23.816,66.546],[23.827,66.549],[23.839,66.555],[23.85,66.555],[23.858,66.558],[23.863,66.569],[23.874,66.575],[23.878,66.583],[23.875,66.587],[23.877,66.597],[23.877,66.604],[23.882,66.609],[23.885,66.616],[23.877,66.621],[23.87,66.629],[23.869,66.633],[23.872,66.642],[23.866,66.65],[23.865,66.655],[23.872,66.663],[23.875,66.671],[23.885,66.674],[23.888,66.689],[23.889,66.695],[23.898,66.706],[23.895,66.711],[23.908,66.721],[23.892,66.736],[23.888,66.741],[23.888,66.747],[23.886,66.75],[23.877,66.753],[23.88,66.759],[23.881,66.765],[23.889,66.769],[23.899,66.771],[23.908,66.77],[23.916,66.772],[23.916,66.779],[23.908,66.794],[23.916,66.796],[23.93,66.794],[23.936,66.79],[23.945,66.787],[23.954,66.783],[23.959,66.782],[23.974,66.783],[23.982,66.786],[23.983,66.79],[23.976,66.797],[23.977,66.799],[23.988,66.802],[23.989,66.809],[23.988,66.811],[23.995,66.819],[23.995,66.822],[23.982,66.835],[23.972,66.84],[23.969,66.85],[23.953,66.863],[23.953,66.867],[23.943,66.872],[23.944,66.875],[23.936,66.884],[23.932,66.885],[23.919,66.886],[23.913,66.889],[23.911,66.894],[23.902,66.901],[23.889,66.907],[23.864,66.919],[23.863,66.928],[23.868,66.936],[23.864,66.937],[23.86,66.946],[23.863,66.949],[23.862,66.954],[23.845,66.96],[23.834,66.96],[23.827,66.963],[23.826,66.968],[23.818,66.973],[23.818,66.979],[23.809,66.979],[23.8,66.983],[23.801,66.989],[23.793,66.994],[23.786,66.997],[23.769,67.001],[23.758,67.007],[23.754,67.01],[23.737,67.019],[23.728,67.03],[23.716,67.037],[23.711,67.045],[23.704,67.045],[23.697,67.053],[23.685,67.058],[23.671,67.067],[23.663,67.078],[23.667,67.084],[23.658,67.1],[23.654,67.104],[23.637,67.11],[23.629,67.115],[23.624,67.12],[23.621,67.126],[23.609,67.131],[23.605,67.135],[23.596,67.139],[23.583,67.151],[23.579,67.152],[23.569,67.159],[23.557,67.166],[23.551,67.171],[23.556,67.176],[23.559,67.181],[23.571,67.186],[23.58,67.188],[23.588,67.191],[23.585,67.199],[23.595,67.206],[23.593,67.21],[23.583,67.213],[23.571,67.22],[23.561,67.224],[23.548,67.224],[23.548,67.228],[23.561,67.235],[23.562,67.238],[23.556,67.243],[23.553,67.249],[23.564,67.25],[23.569,67.253],[23.561,67.261],[23.578,67.269],[23.591,67.271],[23.611,67.274],[23.619,67.272],[23.633,67.273],[23.646,67.278],[23.671,67.28],[23.676,67.282],[23.693,67.284],[23.716,67.282],[23.723,67.283],[23.724,67.286],[23.73,67.289],[23.735,67.294],[23.737,67.299],[23.749,67.316],[23.749,67.321],[23.757,67.324],[23.755,67.328],[23.772,67.335],[23.775,67.339],[23.764,67.345],[23.757,67.349],[23.741,67.349],[23.738,67.353],[23.741,67.356],[23.734,67.362],[23.73,67.369],[23.734,67.379],[23.717,67.385],[23.719,67.391],[23.731,67.395],[23.735,67.398],[23.753,67.409],[23.751,67.418],[23.756,67.424],[23.765,67.428],[23.759,67.434],[23.754,67.436],[23.738,67.438],[23.722,67.443],[23.71,67.446],[23.697,67.445],[23.682,67.442],[23.666,67.443],[23.657,67.447],[23.645,67.447],[23.618,67.452],[23.603,67.454],[23.591,67.453],[23.579,67.454],[23.563,67.459],[23.543,67.461],[23.534,67.46],[23.518,67.453],[23.516,67.449],[23.51,67.446],[23.498,67.446],[23.484,67.45],[23.464,67.453],[23.456,67.455],[23.446,67.459],[23.441,67.46],[23.43,67.464],[23.413,67.466],[23.407,67.47],[23.404,67.479],[23.394,67.485],[23.398,67.492],[23.406,67.496],[23.404,67.5],[23.409,67.502],[23.423,67.504],[23.436,67.51],[23.435,67.517],[23.454,67.525],[23.476,67.53],[23.477,67.535],[23.484,67.538],[23.484,67.541],[23.477,67.546],[23.465,67.55],[23.456,67.562],[23.468,67.566],[23.492,67.566],[23.503,67.563],[23.509,67.564],[23.526,67.573],[23.528,67.576],[23.539,67.579],[23.544,67.583],[23.542,67.598],[23.538,67.603],[23.546,67.613],[23.559,67.621],[23.553,67.623],[23.542,67.623],[23.539,67.626],[23.541,67.63],[23.533,67.638],[23.514,67.647],[23.507,67.653],[23.492,67.664],[23.492,67.669],[23.497,67.673],[23.498,67.68],[23.496,67.685],[23.49,67.688],[23.492,67.696],[23.479,67.7],[23.477,67.703],[23.483,67.706],[23.484,67.712],[23.477,67.717],[23.479,67.724],[23.487,67.73],[23.475,67.739],[23.477,67.741],[23.486,67.746],[23.492,67.755],[23.489,67.761],[23.492,67.764],[23.484,67.773],[23.484,67.778],[23.493,67.784],[23.493,67.793],[23.483,67.798],[23.479,67.801],[23.472,67.818],[23.473,67.82],[23.482,67.826],[23.48,67.838],[23.478,67.842],[23.486,67.845],[23.49,67.849],[23.491,67.857],[23.494,67.864],[23.506,67.871],[23.507,67.879],[23.521,67.886],[23.54,67.89],[23.554,67.898],[23.572,67.893],[23.578,67.893],[23.587,67.895],[23.592,67.901],[23.596,67.903],[23.609,67.907],[23.621,67.908],[23.643,67.917],[23.646,67.921],[23.645,67.927],[23.656,67.937],[23.665,67.941],[23.659,67.948],[23.65,67.952],[23.652,67.959],[23.648,67.962],[23.637,67.966],[23.604,67.972],[23.591,67.972],[23.582,67.971],[23.573,67.973],[23.55,67.984],[23.54,67.991],[23.535,67.999],[23.537,68.004],[23.534,68.006],[23.506,68.011],[23.5,68.013],[23.479,68.016],[23.466,68.021],[23.463,68.026],[23.466,68.03],[23.444,68.037],[23.43,68.038],[23.418,68.041],[23.411,68.041],[23.398,68.044],[23.389,68.048],[23.385,68.051],[23.387,68.056],[23.373,68.06],[23.37,68.063],[23.373,68.068],[23.367,68.072],[23.361,68.08],[23.361,68.085],[23.354,68.09],[23.337,68.1],[23.336,68.108],[23.332,68.113],[23.325,68.117],[23.33,68.123],[23.321,68.129],[23.32,68.137],[23.313,68.143],[23.305,68.146],[23.308,68.148],[23.302,68.15],[23.291,68.15],[23.286,68.154],[23.278,68.157],[23.26,68.157],[23.256,68.152],[23.251,68.149],[23.234,68.149],[23.208,68.145],[23.203,68.141],[23.195,68.138],[23.183,68.137],[23.17,68.133],[23.162,68.134],[23.152,68.138],[23.152,68.139],[23.14,68.155],[23.147,68.172],[23.142,68.177],[23.142,68.181],[23.146,68.184],[23.151,68.191],[23.162,68.195],[23.159,68.2],[23.147,68.201],[23.142,68.204],[23.141,68.208],[23.145,68.211],[23.142,68.219],[23.152,68.23],[23.152,68.234],[23.147,68.239],[23.144,68.246],[23.138,68.249],[23.131,68.248],[23.111,68.252],[23.099,68.259],[23.088,68.262],[23.077,68.267],[23.072,68.275],[23.065,68.279],[23.064,68.286],[23.07,68.293],[23.07,68.301],[23.066,68.301],[23.057,68.307],[23.037,68.307],[23.014,68.313],[22.994,68.319],[22.988,68.32],[22.977,68.325],[22.974,68.332],[22.969,68.333],[22.917,68.334],[22.911,68.336],[22.906,68.342],[22.897,68.345],[22.894,68.348],[22.876,68.352],[22.857,68.36],[22.846,68.361],[22.835,68.367],[22.836,68.373],[22.846,68.381],[22.844,68.384],[22.83,68.387],[22.808,68.39],[22.801,68.394],[22.78,68.391],[22.771,68.387],[22.757,68.385],[22.737,68.385],[22.73,68.387],[22.727,68.394],[22.713,68.397],[22.694,68.399],[22.685,68.401],[22.691,68.404],[22.69,68.407],[22.675,68.412],[22.669,68.412],[22.646,68.417],[22.639,68.421],[22.644,68.432],[22.638,68.435],[22.625,68.435],[22.619,68.431],[22.617,68.428],[22.601,68.426],[22.591,68.425],[22.575,68.422],[22.569,68.424],[22.559,68.432],[22.55,68.435],[22.54,68.434],[22.532,68.435],[22.524,68.439],[22.506,68.442],[22.482,68.443],[22.471,68.441],[22.466,68.442],[22.459,68.448],[22.437,68.46],[22.437,68.464],[22.422,68.463],[22.409,68.467],[22.401,68.466],[22.378,68.454],[22.367,68.45],[22.356,68.445],[22.344,68.445],[22.341,68.446],[22.345,68.453],[22.343,68.455],[22.344,68.461],[22.349,68.464],[22.341,68.47],[22.347,68.473],[22.35,68.482],[22.339,68.482],[22.332,68.481],[22.323,68.481],[22.3,68.484],[22.292,68.483],[22.282,68.479],[22.271,68.48],[22.267,68.479],[22.256,68.482],[22.247,68.482],[22.224,68.473],[22.219,68.474],[22.204,68.48],[22.193,68.48],[22.178,68.478],[22.167,68.474],[22.152,68.47],[22.132,68.471],[22.126,68.472],[22.122,68.481],[22.115,68.482],[22.103,68.479],[22.091,68.482],[22.073,68.481],[22.056,68.479],[22.046,68.479],[22.031,68.486],[22.027,68.49],[22.011,68.5],[22.01,68.509],[22.004,68.516],[21.996,68.522],[22.007,68.531],[22,68.535],[21.992,68.534],[21.985,68.537],[21.98,68.542],[21.97,68.546],[21.969,68.55],[21.946,68.556],[21.936,68.561],[21.93,68.566],[21.92,68.569],[21.906,68.576],[21.906,68.578],[21.887,68.585],[21.874,68.585],[21.865,68.584],[21.862,68.589],[21.839,68.591],[21.823,68.589],[21.816,68.59],[21.803,68.589],[21.799,68.587],[21.771,68.586],[21.763,68.587],[21.748,68.588],[21.721,68.591],[21.714,68.593],[21.702,68.596],[21.699,68.609],[21.699,68.614],[21.712,68.617],[21.71,68.625],[21.697,68.632],[21.663,68.641],[21.662,68.643],[21.653,68.647],[21.651,68.651],[21.642,68.651],[21.634,68.654],[21.628,68.654],[21.623,68.659],[21.624,68.662],[21.606,68.667],[21.598,68.666],[21.584,68.668],[21.567,68.672],[21.564,68.675],[21.55,68.676],[21.53,68.675],[21.525,68.677],[21.512,68.676],[21.498,68.677],[21.491,68.679],[21.472,68.682],[21.466,68.682],[21.457,68.687],[21.446,68.689],[21.436,68.69],[21.422,68.695],[21.418,68.698],[21.423,68.702],[21.421,68.706],[21.413,68.712],[21.422,68.715],[21.41,68.726],[21.415,68.73],[21.405,68.736],[21.407,68.743],[21.412,68.748],[21.407,68.751],[21.402,68.758],[21.384,68.765],[21.362,68.767],[21.343,68.763],[21.337,68.763],[21.325,68.759],[21.308,68.76],[21.296,68.764],[21.293,68.768],[21.284,68.774],[21.27,68.78],[21.262,68.787],[21.262,68.792],[21.253,68.798],[21.254,68.802],[21.24,68.809],[21.237,68.813],[21.226,68.816],[21.212,68.818],[21.196,68.823],[21.189,68.824],[21.185,68.828],[21.171,68.834],[21.151,68.839],[21.145,68.84],[21.141,68.847],[21.132,68.848],[21.129,68.854],[21.107,68.86],[21.094,68.861],[21.078,68.865],[21.075,68.872],[21.052,68.879],[21.045,68.882],[21.026,68.883],[21.03,68.885],[21.019,68.89],[21.005,68.893],[20.997,68.897],[20.987,68.892],[20.975,68.893],[20.966,68.891],[20.959,68.892],[20.958,68.897],[20.945,68.896],[20.933,68.899],[20.916,68.897],[20.902,68.891],[20.888,68.892],[20.877,68.894],[20.883,68.897],[20.892,68.897],[20.903,68.9],[20.89,68.908],[20.881,68.918],[20.863,68.923],[20.852,68.924],[20.844,68.937],[20.867,68.944],[20.89,68.941],[20.895,68.947],[20.906,68.953],[20.914,68.96],[20.912,68.969],[20.906,68.973],[20.884,68.983],[20.88,68.987],[20.867,68.987],[20.86,68.99],[20.849,68.991],[20.835,68.996],[20.82,69.006],[20.813,69.017],[20.808,69.02],[20.788,69.027],[20.775,69.033],[20.736,69.037],[20.719,69.04],[20.703,69.044],[20.689,69.043],[20.662,69.043],[20.639,69.045],[20.616,69.047],[20.607,69.05],[20.595,69.051],[20.591,69.053],[20.578,69.053],[20.569,69.057],[20.559,69.057],[20.549,69.06],[20.303,69.053],[20.06,69.046],[20.108,69.022],[20.238,68.956],[20.263,68.945],[20.307,68.926],[20.322,68.856],[20.336,68.802],[20.274,68.74],[20.203,68.666],[20.052,68.591],[19.938,68.558],[20.026,68.531],[20.227,68.491],[20.111,68.444],[19.978,68.388],[19.921,68.356],[19.708,68.394],[19.501,68.429],[19.232,68.475],[18.984,68.517],[18.74,68.51],[18.685,68.509],[18.621,68.507],[18.553,68.533],[18.486,68.556],[18.406,68.582],[18.3,68.565],[18.126,68.537],[18.118,68.49],[18.101,68.406],[18.115,68.341],[18.139,68.249],[18.151,68.199],[18.096,68.146],[18.052,68.108],[17.974,68.037],[17.9,67.969],[17.665,68.038],[17.495,68.075],[17.352,68.104],[17.282,68.119],[17.253,68.102],[17.181,68.05],[17.047,68.012],[16.93,67.977],[16.833,67.945],[16.738,67.914],[16.733,67.906],[16.679,67.824],[16.638,67.767],[16.581,67.68],[16.556,67.647],[16.495,67.594],[16.408,67.534],[16.286,67.528],[16.158,67.519],[16.09,67.435],[16.18,67.371],[16.33,67.262],[16.404,67.205],[16.402,67.19],[16.398,67.158],[16.394,67.11],[16.391,67.084],[16.388,67.045],[16.306,67.019],[16.194,66.983],[16.129,66.953],[16.039,66.912],[15.994,66.873],[15.907,66.808],[15.808,66.735],[15.716,66.667],[15.621,66.594],[15.533,66.558],[15.451,66.524],[15.377,66.484],[15.43,66.392],[15.454,66.345],[15.559,66.328],[15.771,66.291],[16.232,66.141],[16.529,66.054],[16.607,66.044],[16.772,66.032],[16.931,65.97],[17.001,65.945],[17.106,65.9],[17.133,65.888],[17.244,65.841],[17.358,65.793],[17.471,65.745],[17.547,65.712],[17.676,65.656],[17.727,65.647],[17.851,65.624],[18.031,65.603],[18.034,65.588],[18.072,65.577],[18.102,65.594],[18.147,65.589],[18.144,65.577],[18.159,65.574],[18.178,65.577]]]}}]}