{"type":"FeatureCollection","features":[{"type":"Feature","properties":{"id":701,"name":"Region Hovedstaden","bbox":[11.697,54.987,15.156,56.2]},"geometry":{"type":"MultiPolygon","coordinates":[[[[14.736,55.069],[14.746,55.063],[14.751,55.063],[14.765,55.058],[14.777,55.052],[14.793,55.054],[14.809,55.05],[14.815,55.047],[14.832,55.041],[14.835,55.042],[14.842,55.043],[14.851,55.04],[14.862,55.038],[14.876,55.034],[14.888,55.031],[14.904,55.022],[14.913,55.021],[14.924,55.015],[14.933,55.016],[14.946,55.011],[14.954,55.007],[14.962,55.004],[14.97,55.004],[14.98,55.002],[14.985,55],[14.992,55],[15.013,54.997],[15.021,54.995],[15.036,54.995],[15.046,54.994],[15.062,54.99],[15.073,54.987],[15.084,54.989],[15.097,55],[15.107,55.009],[15.12,55.014],[15.117,55.021],[15.121,55.026],[15.113,55.032],[15.11,55.038],[15.113,55.041],[15.124,55.046],[15.125,55.054],[15.136,55.058],[15.135,55.062],[15.14,55.07],[15.147,55.075],[15.151,55.075],[15.156,55.081],[15.156,55.087],[15.153,55.089],[15.156,55.091],[15.149,55.097],[15.146,55.103],[15.149,55.108],[15.144,55.108],[15.146,55.112],[15.143,55.113],[15.148,55.117],[15.147,55.12],[15.156,55.124],[15.152,55.128],[15.154,55.133],[15.146,55.134],[15.145,55.141],[15.14,55.139],[15.137,55.144],[15.118,55.143],[15.114,55.146],[15.097,55.15],[15.075,55.156],[15.066,55.161],[15.062,55.16],[15.053,55.166],[15.049,55.167],[15.042,55.172],[15.021,55.177],[15.019,55.179],[15.006,55.187],[14.989,55.195],[14.987,55.199],[14.984,55.201],[14.981,55.208],[14.977,55.212],[14.969,55.215],[14.958,55.213],[14.954,55.211],[14.946,55.209],[14.935,55.212],[14.927,55.217],[14.916,55.221],[14.914,55.221],[14.898,55.224],[14.884,55.229],[14.88,55.234],[14.872,55.239],[14.855,55.242],[14.851,55.246],[14.846,55.248],[14.835,55.25],[14.825,55.253],[14.819,55.257],[14.816,55.262],[14.817,55.264],[14.807,55.272],[14.806,55.277],[14.795,55.282],[14.796,55.284],[14.777,55.291],[14.778,55.296],[14.773,55.299],[14.764,55.295],[14.76,55.291],[14.756,55.29],[14.751,55.286],[14.752,55.282],[14.756,55.277],[14.752,55.272],[14.752,55.268],[14.746,55.262],[14.74,55.252],[14.728,55.242],[14.723,55.238],[14.716,55.227],[14.711,55.222],[14.711,55.219],[14.706,55.211],[14.706,55.206],[14.701,55.197],[14.704,55.187],[14.701,55.182],[14.705,55.174],[14.706,55.166],[14.704,55.161],[14.706,55.155],[14.704,55.148],[14.706,55.144],[14.708,55.137],[14.707,55.129],[14.699,55.122],[14.702,55.114],[14.699,55.107],[14.694,55.103],[14.685,55.103],[14.682,55.097],[14.687,55.097],[14.694,55.1],[14.698,55.096],[14.692,55.095],[14.688,55.092],[14.696,55.087],[14.701,55.088],[14.706,55.083],[14.712,55.081],[14.719,55.081],[14.728,55.077],[14.736,55.069]]],[[[12.593,55.779],[12.595,55.788],[12.59,55.796],[12.587,55.804],[12.582,55.808],[12.577,55.813],[12.574,55.835],[12.575,55.843],[12.569,55.854],[12.562,55.863],[12.553,55.873],[12.549,55.877],[12.535,55.898],[12.528,55.906],[12.523,55.913],[12.518,55.92],[12.518,55.926],[12.522,55.928],[12.522,55.935],[12.527,55.937],[12.527,55.942],[12.532,55.95],[12.542,55.964],[12.545,55.973],[12.549,55.977],[12.554,55.985],[12.565,55.996],[12.581,56.006],[12.594,56.011],[12.6,56.017],[12.608,56.028],[12.616,56.032],[12.618,56.039],[12.613,56.043],[12.606,56.044],[12.593,56.051],[12.577,56.058],[12.557,56.071],[12.54,56.08],[12.519,56.086],[12.496,56.092],[12.488,56.092],[12.475,56.094],[12.464,56.093],[12.456,56.095],[12.442,56.093],[12.423,56.094],[12.417,56.097],[12.41,56.099],[12.386,56.101],[12.371,56.107],[12.362,56.114],[12.349,56.12],[12.338,56.12],[12.322,56.123],[12.309,56.126],[12.309,56.129],[12.301,56.128],[12.287,56.129],[12.276,56.128],[12.248,56.122],[12.242,56.122],[12.209,56.114],[12.196,56.113],[12.183,56.11],[12.148,56.093],[12.106,56.076],[12.072,56.062],[12.061,56.058],[12.046,56.05],[12.041,56.048],[12.031,56.042],[12.019,56.035],[12.009,56.031],[11.979,56.02],[11.968,56.016],[11.963,56.015],[11.926,56.002],[11.911,55.995],[11.893,55.988],[11.881,55.984],[11.876,55.984],[11.861,55.979],[11.853,55.975],[11.846,55.967],[11.845,55.963],[11.851,55.956],[11.852,55.949],[11.855,55.945],[11.865,55.942],[11.867,55.945],[11.879,55.944],[11.886,55.942],[11.891,55.942],[11.907,55.946],[11.919,55.948],[11.926,55.949],[11.94,55.952],[11.946,55.957],[11.956,55.96],[11.976,55.967],[11.98,55.967],[11.989,55.965],[11.997,55.968],[12.002,55.965],[12.004,55.96],[12.01,55.96],[12.013,55.958],[12.019,55.959],[12.021,55.956],[12.022,55.949],[12.025,55.944],[12.032,55.936],[12.039,55.931],[12.046,55.919],[12.048,55.914],[12.045,55.904],[12.046,55.9],[12.056,55.886],[12.065,55.879],[12.066,55.878],[12.064,55.867],[12.065,55.861],[12.06,55.858],[12.049,55.859],[12.046,55.857],[12.043,55.844],[12.05,55.842],[12.056,55.837],[12.055,55.833],[12.059,55.829],[12.063,55.828],[12.063,55.824],[12.069,55.811],[12.068,55.809],[12.079,55.8],[12.078,55.794],[12.074,55.792],[12.074,55.787],[12.089,55.781],[12.092,55.779],[12.109,55.775],[12.113,55.768],[12.12,55.766],[12.127,55.762],[12.139,55.757],[12.149,55.756],[12.158,55.748],[12.167,55.747],[12.175,55.749],[12.186,55.748],[12.193,55.746],[12.197,55.75],[12.206,55.751],[12.218,55.748],[12.226,55.743],[12.227,55.74],[12.222,55.738],[12.228,55.735],[12.222,55.733],[12.218,55.734],[12.209,55.731],[12.22,55.725],[12.229,55.717],[12.242,55.715],[12.25,55.71],[12.251,55.708],[12.246,55.705],[12.238,55.702],[12.23,55.697],[12.221,55.694],[12.218,55.691],[12.212,55.687],[12.192,55.689],[12.185,55.688],[12.182,55.683],[12.169,55.682],[12.169,55.676],[12.16,55.671],[12.15,55.671],[12.151,55.667],[12.159,55.666],[12.157,55.659],[12.163,55.657],[12.164,55.653],[12.158,55.653],[12.157,55.634],[12.167,55.634],[12.164,55.622],[12.16,55.613],[12.179,55.608],[12.199,55.606],[12.21,55.605],[12.212,55.612],[12.215,55.612],[12.215,55.618],[12.23,55.617],[12.235,55.621],[12.243,55.614],[12.247,55.616],[12.257,55.616],[12.263,55.62],[12.271,55.622],[12.279,55.621],[12.288,55.616],[12.294,55.617],[12.301,55.613],[12.303,55.614],[12.315,55.61],[12.329,55.609],[12.342,55.606],[12.345,55.604],[12.355,55.602],[12.363,55.594],[12.373,55.597],[12.378,55.6],[12.39,55.604],[12.4,55.606],[12.4,55.61],[12.405,55.612],[12.422,55.613],[12.439,55.612],[12.442,55.607],[12.447,55.607],[12.449,55.604],[12.461,55.602],[12.49,55.6],[12.496,55.605],[12.497,55.61],[12.502,55.611],[12.504,55.615],[12.499,55.615],[12.494,55.619],[12.498,55.626],[12.503,55.626],[12.507,55.636],[12.509,55.634],[12.52,55.637],[12.532,55.638],[12.532,55.632],[12.541,55.636],[12.546,55.639],[12.541,55.643],[12.545,55.645],[12.547,55.65],[12.552,55.648],[12.56,55.657],[12.559,55.659],[12.567,55.665],[12.58,55.672],[12.576,55.676],[12.58,55.678],[12.587,55.676],[12.594,55.679],[12.594,55.681],[12.599,55.688],[12.6,55.691],[12.595,55.696],[12.599,55.708],[12.605,55.708],[12.618,55.712],[12.64,55.722],[12.632,55.725],[12.621,55.724],[12.616,55.721],[12.607,55.724],[12.602,55.724],[12.6,55.721],[12.596,55.72],[12.591,55.713],[12.584,55.717],[12.583,55.722],[12.589,55.726],[12.584,55.728],[12.581,55.731],[12.584,55.74],[12.589,55.745],[12.59,55.748],[12.6,55.76],[12.6,55.763],[12.597,55.767],[12.597,55.772],[12.592,55.775],[12.593,55.779]]],[[[11.697,56.2],[11.699,56.196],[11.704,56.193],[11.715,56.193],[11.713,56.198],[11.697,56.2]]],[[[11.981,55.73],[11.986,55.732],[11.986,55.736],[11.991,55.74],[11.993,55.735],[12.007,55.734],[12.007,55.727],[12.01,55.722],[12.017,55.72],[12.025,55.726],[12.027,55.728],[12.034,55.728],[12.035,55.731],[12.04,55.73],[12.047,55.733],[12.056,55.734],[12.064,55.732],[12.062,55.74],[12.063,55.748],[12.06,55.749],[12.063,55.753],[12.057,55.754],[12.056,55.756],[12.063,55.762],[12.067,55.767],[12.061,55.77],[12.06,55.775],[12.055,55.778],[12.053,55.783],[12.056,55.79],[12.056,55.797],[12.049,55.799],[12.042,55.797],[12.04,55.801],[12.04,55.805],[12.053,55.81],[12.05,55.813],[12.042,55.813],[12.039,55.815],[12.036,55.82],[12.038,55.824],[12.035,55.833],[12.036,55.838],[12.033,55.841],[12.03,55.851],[12.018,55.854],[12.01,55.856],[12,55.86],[11.998,55.862],[12,55.871],[11.999,55.876],[12.001,55.882],[12.008,55.884],[12.009,55.888],[12.021,55.896],[12.026,55.9],[12.024,55.907],[12.018,55.908],[12.01,55.911],[12.004,55.915],[11.994,55.913],[11.983,55.914],[11.976,55.919],[11.973,55.923],[11.964,55.93],[11.954,55.93],[11.95,55.932],[11.934,55.934],[11.906,55.937],[11.907,55.933],[11.901,55.921],[11.902,55.918],[11.91,55.912],[11.917,55.906],[11.92,55.904],[11.924,55.896],[11.931,55.892],[11.929,55.881],[11.934,55.874],[11.939,55.872],[11.944,55.872],[11.955,55.86],[11.96,55.852],[11.958,55.846],[11.953,55.837],[11.948,55.831],[11.948,55.828],[11.943,55.823],[11.935,55.821],[11.935,55.818],[11.922,55.817],[11.913,55.82],[11.904,55.818],[11.894,55.816],[11.889,55.817],[11.878,55.814],[11.881,55.805],[11.878,55.8],[11.87,55.799],[11.864,55.796],[11.862,55.789],[11.862,55.778],[11.857,55.773],[11.86,55.77],[11.859,55.763],[11.852,55.755],[11.857,55.751],[11.855,55.742],[11.857,55.736],[11.866,55.738],[11.876,55.738],[11.881,55.737],[11.89,55.737],[11.899,55.732],[11.905,55.731],[11.914,55.736],[11.92,55.737],[11.923,55.74],[11.92,55.743],[11.923,55.745],[11.937,55.744],[11.948,55.742],[11.947,55.74],[11.958,55.734],[11.963,55.734],[11.971,55.731],[11.981,55.73]]],[[[12.073,55.737],[12.069,55.734],[12.074,55.73],[12.08,55.728],[12.086,55.732],[12.083,55.74],[12.076,55.744],[12.076,55.739],[12.073,55.737]]],[[[12.013,55.872],[12.01,55.879],[12.006,55.879],[12.013,55.872]]],[[[12.671,55.607],[12.679,55.609],[12.681,55.614],[12.681,55.628],[12.678,55.632],[12.658,55.636],[12.657,55.638],[12.648,55.643],[12.648,55.646],[12.642,55.651],[12.635,55.661],[12.636,55.663],[12.632,55.669],[12.645,55.672],[12.648,55.676],[12.645,55.679],[12.639,55.68],[12.636,55.685],[12.625,55.681],[12.631,55.674],[12.629,55.672],[12.621,55.681],[12.625,55.684],[12.636,55.688],[12.633,55.691],[12.618,55.687],[12.614,55.689],[12.624,55.69],[12.635,55.694],[12.639,55.697],[12.639,55.7],[12.645,55.701],[12.647,55.705],[12.646,55.713],[12.641,55.714],[12.626,55.712],[12.616,55.709],[12.62,55.706],[12.621,55.702],[12.616,55.698],[12.608,55.697],[12.605,55.684],[12.61,55.684],[12.607,55.678],[12.599,55.678],[12.588,55.67],[12.584,55.672],[12.568,55.661],[12.552,55.64],[12.534,55.631],[12.513,55.614],[12.509,55.607],[12.511,55.597],[12.515,55.59],[12.53,55.575],[12.535,55.573],[12.546,55.573],[12.557,55.575],[12.559,55.566],[12.565,55.559],[12.571,55.558],[12.582,55.557],[12.592,55.555],[12.599,55.558],[12.602,55.56],[12.62,55.567],[12.628,55.575],[12.632,55.577],[12.644,55.578],[12.653,55.581],[12.661,55.582],[12.668,55.584],[12.676,55.588],[12.68,55.593],[12.673,55.596],[12.67,55.605],[12.671,55.607]]],[[[12.726,55.611],[12.747,55.6],[12.758,55.592],[12.767,55.591],[12.775,55.588],[12.777,55.59],[12.76,55.597],[12.751,55.602],[12.744,55.607],[12.726,55.611]]],[[[12.783,55.626],[12.781,55.632],[12.784,55.638],[12.78,55.644],[12.78,55.652],[12.779,55.661],[12.776,55.667],[12.771,55.671],[12.762,55.671],[12.755,55.666],[12.744,55.666],[12.745,55.66],[12.742,55.66],[12.739,55.654],[12.739,55.649],[12.734,55.644],[12.737,55.637],[12.736,55.627],[12.739,55.622],[12.753,55.617],[12.767,55.606],[12.783,55.609],[12.792,55.609],[12.795,55.611],[12.784,55.617],[12.789,55.62],[12.783,55.626]]],[[[12.576,55.676],[12.581,55.672],[12.587,55.675],[12.58,55.677],[12.576,55.676]]],[[[12.584,55.673],[12.588,55.671],[12.594,55.675],[12.592,55.676],[12.584,55.673]]],[[[12.604,55.684],[12.601,55.68],[12.607,55.679],[12.608,55.683],[12.604,55.684]]],[[[12.649,55.648],[12.65,55.655],[12.642,55.66],[12.64,55.658],[12.646,55.655],[12.643,55.651],[12.649,55.648]]]]}},{"type":"Feature","properties":{"id":702,"name":"Region Midtjylland","bbox":[8.098,55.669,11.662,56.846]},"geometry":{"type":"MultiPolygon","coordinates":[[[[9.672,55.712],[9.685,55.71],[9.693,55.707],[9.699,55.703],[9.714,55.703],[9.719,55.697],[9.726,55.693],[9.733,55.69],[9.735,55.688],[9.75,55.681],[9.764,55.681],[9.783,55.682],[9.798,55.678],[9.808,55.678],[9.812,55.676],[9.818,55.669],[9.83,55.67],[9.849,55.674],[9.861,55.681],[9.869,55.684],[9.882,55.687],[9.901,55.69],[9.922,55.693],[9.941,55.694],[9.953,55.694],[9.96,55.695],[9.975,55.695],[9.985,55.697],[10,55.701],[10.015,55.701],[10.029,55.697],[10.029,55.7],[10.022,55.707],[10.018,55.715],[10,55.719],[9.999,55.725],[10.001,55.728],[10.007,55.731],[10.021,55.734],[10.036,55.735],[10.045,55.741],[10.054,55.746],[10.066,55.746],[10.081,55.745],[10.082,55.746],[10.077,55.753],[10.061,55.755],[10.049,55.755],[10.035,55.758],[10.031,55.757],[10.025,55.759],[10.02,55.762],[10.017,55.766],[10.016,55.773],[10.017,55.779],[10.026,55.782],[10.039,55.791],[10.044,55.793],[10.049,55.799],[10.056,55.803],[10.066,55.808],[10.063,55.811],[10.056,55.813],[10.053,55.821],[10.049,55.824],[10.029,55.823],[10.02,55.82],[10.021,55.825],[10.02,55.828],[10.023,55.832],[10.019,55.834],[10.009,55.826],[10,55.825],[9.986,55.827],[9.975,55.828],[9.969,55.832],[9.96,55.831],[9.949,55.833],[9.923,55.838],[9.914,55.839],[9.904,55.841],[9.892,55.843],[9.878,55.847],[9.878,55.85],[9.861,55.853],[9.861,55.854],[9.877,55.852],[9.878,55.855],[9.86,55.857],[9.861,55.859],[9.875,55.857],[9.876,55.86],[9.883,55.863],[9.889,55.862],[9.896,55.865],[9.892,55.869],[9.908,55.863],[9.916,55.858],[9.922,55.858],[9.926,55.861],[9.932,55.861],[9.942,55.861],[9.948,55.859],[9.966,55.859],[9.967,55.864],[9.962,55.867],[9.966,55.876],[9.97,55.88],[9.986,55.879],[9.998,55.88],[10.01,55.876],[10.038,55.876],[10.048,55.879],[10.061,55.879],[10.072,55.884],[10.083,55.885],[10.1,55.882],[10.11,55.882],[10.112,55.88],[10.112,55.877],[10.114,55.873],[10.119,55.871],[10.124,55.872],[10.129,55.875],[10.129,55.879],[10.133,55.881],[10.142,55.876],[10.145,55.871],[10.141,55.866],[10.139,55.861],[10.142,55.857],[10.147,55.855],[10.161,55.846],[10.178,55.84],[10.193,55.837],[10.198,55.842],[10.192,55.85],[10.193,55.853],[10.204,55.857],[10.203,55.864],[10.196,55.868],[10.193,55.878],[10.192,55.886],[10.197,55.887],[10.205,55.886],[10.219,55.894],[10.224,55.899],[10.231,55.902],[10.239,55.908],[10.246,55.91],[10.259,55.913],[10.256,55.917],[10.258,55.925],[10.258,55.932],[10.26,55.937],[10.261,55.945],[10.265,55.956],[10.266,55.96],[10.257,55.97],[10.254,55.977],[10.252,55.983],[10.253,55.992],[10.256,55.996],[10.263,56.001],[10.266,56.009],[10.272,56.015],[10.282,56.02],[10.274,56.024],[10.267,56.024],[10.257,56.02],[10.25,56.021],[10.246,56.019],[10.245,56.015],[10.239,56.01],[10.22,56.007],[10.217,56.011],[10.223,56.011],[10.234,56.016],[10.243,56.024],[10.256,56.026],[10.256,56.022],[10.268,56.025],[10.266,56.027],[10.269,56.033],[10.271,56.041],[10.271,56.048],[10.268,56.053],[10.261,56.058],[10.258,56.068],[10.254,56.074],[10.253,56.081],[10.249,56.086],[10.249,56.093],[10.24,56.1],[10.236,56.109],[10.23,56.115],[10.228,56.12],[10.217,56.126],[10.209,56.136],[10.214,56.139],[10.227,56.139],[10.251,56.149],[10.255,56.15],[10.246,56.158],[10.232,56.149],[10.232,56.147],[10.219,56.142],[10.224,56.149],[10.232,56.153],[10.234,56.157],[10.227,56.158],[10.22,56.15],[10.216,56.153],[10.214,56.158],[10.217,56.163],[10.223,56.17],[10.23,56.176],[10.239,56.184],[10.246,56.189],[10.261,56.195],[10.281,56.2],[10.288,56.207],[10.286,56.209],[10.291,56.212],[10.293,56.216],[10.297,56.218],[10.303,56.224],[10.315,56.229],[10.329,56.231],[10.339,56.236],[10.34,56.242],[10.345,56.245],[10.353,56.248],[10.347,56.252],[10.347,56.257],[10.344,56.26],[10.346,56.263],[10.357,56.268],[10.362,56.272],[10.367,56.272],[10.376,56.27],[10.389,56.278],[10.382,56.286],[10.381,56.286],[10.381,56.287],[10.389,56.292],[10.397,56.293],[10.402,56.291],[10.406,56.293],[10.415,56.29],[10.429,56.296],[10.436,56.295],[10.446,56.291],[10.454,56.295],[10.457,56.293],[10.453,56.288],[10.454,56.283],[10.459,56.28],[10.473,56.281],[10.475,56.279],[10.481,56.283],[10.486,56.282],[10.489,56.279],[10.503,56.276],[10.505,56.274],[10.502,56.27],[10.508,56.266],[10.505,56.26],[10.493,56.262],[10.484,56.259],[10.484,56.254],[10.475,56.244],[10.469,56.241],[10.464,56.241],[10.453,56.231],[10.447,56.228],[10.451,56.225],[10.457,56.23],[10.468,56.228],[10.472,56.225],[10.469,56.22],[10.476,56.215],[10.48,56.211],[10.48,56.207],[10.472,56.203],[10.464,56.199],[10.457,56.197],[10.454,56.2],[10.442,56.2],[10.435,56.201],[10.43,56.207],[10.425,56.209],[10.429,56.211],[10.437,56.221],[10.427,56.22],[10.423,56.219],[10.416,56.22],[10.409,56.217],[10.412,56.213],[10.407,56.208],[10.391,56.205],[10.376,56.201],[10.36,56.199],[10.35,56.202],[10.347,56.2],[10.346,56.194],[10.356,56.193],[10.372,56.186],[10.376,56.182],[10.378,56.168],[10.389,56.164],[10.399,56.162],[10.419,56.163],[10.429,56.167],[10.434,56.17],[10.437,56.178],[10.445,56.181],[10.451,56.182],[10.464,56.181],[10.473,56.179],[10.483,56.176],[10.492,56.171],[10.505,56.169],[10.515,56.172],[10.52,56.173],[10.525,56.171],[10.529,56.167],[10.527,56.159],[10.523,56.156],[10.521,56.149],[10.517,56.145],[10.509,56.144],[10.499,56.146],[10.491,56.146],[10.485,56.143],[10.481,56.14],[10.483,56.135],[10.492,56.124],[10.497,56.115],[10.506,56.105],[10.512,56.095],[10.539,56.102],[10.545,56.102],[10.557,56.114],[10.559,56.123],[10.557,56.13],[10.554,56.133],[10.554,56.143],[10.552,56.148],[10.544,56.151],[10.542,56.154],[10.533,56.163],[10.534,56.168],[10.537,56.175],[10.545,56.183],[10.556,56.189],[10.562,56.197],[10.577,56.203],[10.577,56.21],[10.582,56.213],[10.586,56.22],[10.598,56.223],[10.604,56.227],[10.622,56.228],[10.63,56.226],[10.642,56.227],[10.651,56.225],[10.656,56.226],[10.668,56.22],[10.675,56.212],[10.677,56.205],[10.676,56.201],[10.668,56.194],[10.669,56.19],[10.666,56.186],[10.655,56.184],[10.644,56.188],[10.637,56.187],[10.637,56.177],[10.648,56.168],[10.654,56.164],[10.668,56.159],[10.671,56.155],[10.677,56.156],[10.682,56.15],[10.679,56.148],[10.684,56.143],[10.694,56.141],[10.715,56.142],[10.721,56.149],[10.728,56.162],[10.734,56.169],[10.738,56.182],[10.734,56.201],[10.735,56.212],[10.743,56.225],[10.754,56.233],[10.773,56.242],[10.792,56.244],[10.797,56.249],[10.813,56.259],[10.821,56.269],[10.826,56.279],[10.834,56.287],[10.839,56.292],[10.847,56.295],[10.855,56.296],[10.863,56.3],[10.867,56.306],[10.872,56.312],[10.889,56.323],[10.897,56.33],[10.914,56.343],[10.915,56.381],[10.918,56.389],[10.921,56.393],[10.921,56.403],[10.924,56.409],[10.922,56.413],[10.928,56.416],[10.932,56.422],[10.928,56.425],[10.936,56.433],[10.943,56.436],[10.956,56.438],[10.959,56.443],[10.953,56.448],[10.953,56.452],[10.95,56.456],[10.938,56.461],[10.935,56.464],[10.924,56.47],[10.915,56.472],[10.899,56.481],[10.894,56.482],[10.888,56.485],[10.88,56.486],[10.875,56.489],[10.87,56.497],[10.867,56.51],[10.861,56.518],[10.857,56.519],[10.836,56.531],[10.82,56.532],[10.809,56.533],[10.796,56.538],[10.785,56.538],[10.766,56.538],[10.758,56.536],[10.741,56.533],[10.731,56.532],[10.721,56.531],[10.715,56.533],[10.708,56.531],[10.671,56.53],[10.663,56.527],[10.649,56.526],[10.638,56.526],[10.622,56.524],[10.607,56.52],[10.587,56.517],[10.573,56.517],[10.558,56.514],[10.538,56.513],[10.522,56.513],[10.507,56.513],[10.497,56.514],[10.466,56.521],[10.442,56.523],[10.427,56.525],[10.411,56.531],[10.389,56.542],[10.376,56.549],[10.361,56.561],[10.352,56.57],[10.347,56.577],[10.344,56.588],[10.344,56.595],[10.341,56.597],[10.327,56.601],[10.323,56.6],[10.316,56.602],[10.312,56.606],[10.302,56.606],[10.3,56.6],[10.303,56.593],[10.299,56.588],[10.293,56.586],[10.287,56.58],[10.273,56.577],[10.262,56.564],[10.253,56.559],[10.255,56.554],[10.25,56.55],[10.242,56.548],[10.238,56.543],[10.233,56.542],[10.23,56.521],[10.234,56.514],[10.232,56.506],[10.235,56.501],[10.235,56.495],[10.232,56.488],[10.227,56.482],[10.241,56.474],[10.25,56.472],[10.266,56.473],[10.274,56.473],[10.278,56.47],[10.271,56.469],[10.259,56.467],[10.248,56.468],[10.235,56.471],[10.226,56.474],[10.219,56.475],[10.215,56.473],[10.203,56.471],[10.192,56.472],[10.184,56.472],[10.163,56.465],[10.155,56.464],[10.131,56.456],[10.127,56.457],[10.107,56.463],[10.091,56.465],[10.074,56.464],[10.075,56.466],[10.084,56.468],[10.093,56.468],[10.117,56.465],[10.118,56.46],[10.127,56.458],[10.132,56.458],[10.183,56.472],[10.193,56.473],[10.203,56.472],[10.211,56.475],[10.214,56.478],[10.217,56.484],[10.228,56.503],[10.224,56.508],[10.225,56.511],[10.224,56.521],[10.22,56.526],[10.217,56.534],[10.218,56.545],[10.218,56.55],[10.222,56.555],[10.232,56.556],[10.243,56.569],[10.243,56.575],[10.248,56.579],[10.253,56.58],[10.254,56.583],[10.265,56.588],[10.273,56.59],[10.285,56.601],[10.298,56.609],[10.306,56.611],[10.308,56.613],[10.32,56.617],[10.336,56.621],[10.343,56.623],[10.356,56.635],[10.359,56.639],[10.36,56.646],[10.355,56.65],[10.354,56.654],[10.35,56.658],[10.352,56.661],[10.363,56.662],[10.352,56.694],[10.339,56.701],[10.31,56.701],[10.301,56.697],[10.284,56.693],[10.277,56.695],[10.263,56.699],[10.252,56.698],[10.229,56.691],[10.224,56.689],[10.205,56.682],[10.194,56.684],[10.193,56.681],[10.197,56.679],[10.18,56.672],[10.166,56.671],[10.167,56.665],[10.164,56.661],[10.156,56.661],[10.158,56.652],[10.141,56.646],[10.135,56.649],[10.124,56.647],[10.119,56.641],[10.125,56.637],[10.121,56.634],[10.115,56.625],[10.105,56.622],[10.093,56.622],[10.076,56.613],[10.063,56.608],[10.057,56.607],[10.053,56.604],[10.043,56.602],[10.026,56.601],[10.021,56.599],[10.009,56.598],[10.009,56.596],[10.002,56.594],[9.98,56.592],[9.972,56.596],[9.959,56.597],[9.958,56.592],[9.949,56.581],[9.925,56.577],[9.91,56.576],[9.9,56.572],[9.888,56.574],[9.877,56.566],[9.881,56.557],[9.879,56.556],[9.866,56.555],[9.862,56.556],[9.856,56.555],[9.846,56.555],[9.838,56.553],[9.833,56.55],[9.824,56.556],[9.817,56.557],[9.81,56.562],[9.805,56.56],[9.796,56.562],[9.786,56.561],[9.78,56.559],[9.768,56.557],[9.766,56.556],[9.754,56.555],[9.746,56.564],[9.739,56.568],[9.732,56.57],[9.727,56.576],[9.727,56.579],[9.716,56.584],[9.709,56.588],[9.696,56.59],[9.695,56.588],[9.686,56.588],[9.677,56.59],[9.668,56.585],[9.66,56.585],[9.655,56.581],[9.648,56.581],[9.644,56.58],[9.638,56.583],[9.637,56.588],[9.643,56.591],[9.647,56.604],[9.644,56.608],[9.654,56.611],[9.664,56.612],[9.666,56.613],[9.674,56.613],[9.677,56.616],[9.676,56.621],[9.671,56.628],[9.645,56.632],[9.626,56.632],[9.597,56.629],[9.576,56.632],[9.564,56.635],[9.572,56.64],[9.568,56.648],[9.531,56.651],[9.528,56.656],[9.532,56.656],[9.542,56.663],[9.534,56.667],[9.533,56.671],[9.522,56.669],[9.523,56.672],[9.529,56.679],[9.525,56.681],[9.516,56.68],[9.516,56.682],[9.505,56.683],[9.495,56.682],[9.492,56.675],[9.482,56.676],[9.475,56.671],[9.476,56.669],[9.464,56.662],[9.462,56.652],[9.456,56.647],[9.457,56.639],[9.45,56.637],[9.443,56.638],[9.419,56.641],[9.424,56.646],[9.407,56.651],[9.398,56.652],[9.395,56.653],[9.391,56.66],[9.396,56.665],[9.369,56.664],[9.365,56.663],[9.354,56.671],[9.337,56.67],[9.331,56.668],[9.323,56.67],[9.32,56.672],[9.322,56.666],[9.323,56.665],[9.325,56.659],[9.324,56.648],[9.321,56.642],[9.316,56.639],[9.314,56.634],[9.312,56.627],[9.314,56.625],[9.313,56.62],[9.308,56.613],[9.302,56.608],[9.294,56.606],[9.298,56.603],[9.297,56.595],[9.294,56.593],[9.29,56.578],[9.288,56.574],[9.287,56.564],[9.292,56.556],[9.298,56.553],[9.305,56.552],[9.313,56.552],[9.33,56.556],[9.339,56.558],[9.346,56.56],[9.351,56.564],[9.358,56.566],[9.369,56.568],[9.372,56.567],[9.368,56.562],[9.366,56.552],[9.366,56.541],[9.37,56.536],[9.364,56.534],[9.354,56.538],[9.35,56.538],[9.341,56.541],[9.335,56.54],[9.329,56.538],[9.32,56.532],[9.307,56.525],[9.306,56.521],[9.3,56.521],[9.299,56.523],[9.301,56.528],[9.306,56.529],[9.307,56.534],[9.302,56.534],[9.293,56.534],[9.28,56.541],[9.274,56.545],[9.267,56.552],[9.261,56.555],[9.26,56.563],[9.256,56.568],[9.255,56.572],[9.247,56.572],[9.245,56.574],[9.251,56.578],[9.257,56.586],[9.257,56.591],[9.26,56.591],[9.271,56.596],[9.283,56.599],[9.287,56.601],[9.29,56.61],[9.295,56.61],[9.287,56.618],[9.285,56.622],[9.272,56.625],[9.263,56.623],[9.253,56.628],[9.232,56.628],[9.224,56.627],[9.209,56.63],[9.199,56.627],[9.187,56.621],[9.169,56.622],[9.163,56.624],[9.155,56.63],[9.15,56.635],[9.151,56.643],[9.156,56.645],[9.156,56.652],[9.151,56.655],[9.145,56.648],[9.144,56.642],[9.14,56.635],[9.133,56.631],[9.13,56.628],[9.113,56.619],[9.121,56.617],[9.126,56.616],[9.136,56.618],[9.149,56.619],[9.153,56.615],[9.152,56.61],[9.141,56.602],[9.136,56.6],[9.129,56.599],[9.121,56.602],[9.12,56.607],[9.111,56.608],[9.095,56.603],[9.091,56.594],[9.09,56.589],[9.092,56.584],[9.097,56.579],[9.094,56.571],[9.082,56.563],[9.075,56.556],[9.059,56.556],[9.051,56.561],[9.054,56.565],[9.055,56.573],[9.051,56.576],[9.045,56.586],[9.043,56.591],[9.044,56.596],[9.043,56.602],[9.044,56.609],[9.05,56.615],[9.053,56.621],[9.056,56.629],[9.073,56.638],[9.084,56.643],[9.091,56.645],[9.101,56.646],[9.099,56.651],[9.1,56.656],[9.098,56.658],[9.095,56.666],[9.102,56.669],[9.112,56.666],[9.118,56.667],[9.12,56.677],[9.124,56.682],[9.133,56.689],[9.138,56.694],[9.147,56.699],[9.161,56.704],[9.175,56.708],[9.175,56.712],[9.166,56.717],[9.165,56.719],[9.153,56.725],[9.148,56.73],[9.136,56.737],[9.119,56.756],[9.117,56.763],[9.112,56.768],[9.108,56.777],[9.108,56.781],[9.113,56.786],[9.098,56.791],[9.094,56.792],[9.068,56.802],[9.056,56.8],[9.041,56.801],[9.033,56.8],[9.029,56.797],[9.033,56.791],[9.039,56.791],[9.039,56.785],[9.032,56.784],[9.025,56.786],[9.025,56.789],[9.016,56.79],[9.008,56.789],[8.98,56.798],[8.969,56.799],[8.966,56.801],[8.949,56.798],[8.932,56.791],[8.927,56.788],[8.917,56.778],[8.909,56.774],[8.901,56.772],[8.886,56.765],[8.867,56.761],[8.871,56.757],[8.871,56.753],[8.867,56.75],[8.855,56.744],[8.849,56.735],[8.838,56.725],[8.836,56.718],[8.829,56.712],[8.825,56.707],[8.843,56.707],[8.851,56.708],[8.859,56.712],[8.863,56.712],[8.87,56.707],[8.876,56.705],[8.882,56.713],[8.886,56.71],[8.894,56.707],[8.901,56.711],[8.909,56.71],[8.915,56.708],[8.919,56.703],[8.918,56.698],[8.906,56.693],[8.892,56.692],[8.883,56.697],[8.883,56.701],[8.877,56.701],[8.871,56.7],[8.867,56.696],[8.87,56.692],[8.855,56.692],[8.852,56.693],[8.845,56.688],[8.836,56.687],[8.822,56.695],[8.813,56.694],[8.804,56.688],[8.801,56.685],[8.792,56.68],[8.784,56.674],[8.781,56.665],[8.774,56.654],[8.769,56.651],[8.759,56.641],[8.748,56.637],[8.74,56.63],[8.727,56.623],[8.718,56.622],[8.7,56.626],[8.689,56.628],[8.681,56.625],[8.677,56.622],[8.676,56.61],[8.686,56.609],[8.692,56.606],[8.694,56.603],[8.7,56.588],[8.704,56.584],[8.727,56.573],[8.733,56.572],[8.753,56.565],[8.758,56.561],[8.762,56.555],[8.762,56.553],[8.758,56.547],[8.749,56.545],[8.735,56.529],[8.741,56.521],[8.742,56.516],[8.741,56.503],[8.744,56.501],[8.743,56.491],[8.738,56.482],[8.732,56.478],[8.712,56.476],[8.695,56.472],[8.679,56.47],[8.669,56.468],[8.661,56.467],[8.648,56.467],[8.635,56.47],[8.622,56.475],[8.622,56.476],[8.615,56.48],[8.612,56.485],[8.613,56.487],[8.611,56.493],[8.611,56.5],[8.602,56.496],[8.599,56.492],[8.585,56.494],[8.57,56.494],[8.558,56.498],[8.552,56.496],[8.553,56.493],[8.548,56.483],[8.543,56.482],[8.527,56.482],[8.529,56.487],[8.542,56.486],[8.547,56.493],[8.543,56.496],[8.546,56.5],[8.551,56.502],[8.562,56.505],[8.574,56.505],[8.581,56.503],[8.583,56.499],[8.588,56.505],[8.591,56.509],[8.597,56.516],[8.607,56.519],[8.595,56.524],[8.592,56.529],[8.59,56.535],[8.584,56.539],[8.574,56.543],[8.573,56.546],[8.578,56.552],[8.576,56.555],[8.567,56.562],[8.568,56.566],[8.566,56.572],[8.562,56.574],[8.558,56.566],[8.55,56.558],[8.536,56.549],[8.524,56.543],[8.516,56.541],[8.506,56.542],[8.5,56.545],[8.496,56.549],[8.488,56.552],[8.472,56.557],[8.457,56.56],[8.439,56.567],[8.432,56.568],[8.424,56.571],[8.4,56.576],[8.388,56.579],[8.356,56.575],[8.347,56.575],[8.341,56.577],[8.329,56.578],[8.308,56.572],[8.305,56.56],[8.309,56.552],[8.304,56.55],[8.298,56.551],[8.296,56.554],[8.294,56.562],[8.298,56.564],[8.296,56.568],[8.293,56.57],[8.284,56.58],[8.284,56.586],[8.307,56.589],[8.301,56.595],[8.292,56.599],[8.267,56.598],[8.252,56.6],[8.244,56.602],[8.238,56.606],[8.233,56.606],[8.229,56.608],[8.229,56.614],[8.231,56.618],[8.225,56.621],[8.233,56.623],[8.231,56.626],[8.223,56.629],[8.194,56.634],[8.186,56.633],[8.187,56.636],[8.192,56.648],[8.202,56.652],[8.214,56.653],[8.216,56.656],[8.213,56.662],[8.208,56.664],[8.206,56.667],[8.212,56.671],[8.216,56.67],[8.221,56.666],[8.223,56.674],[8.226,56.676],[8.231,56.682],[8.225,56.684],[8.225,56.689],[8.223,56.695],[8.222,56.703],[8.22,56.707],[8.213,56.71],[8.2,56.7],[8.181,56.674],[8.167,56.657],[8.164,56.649],[8.159,56.644],[8.154,56.63],[8.151,56.62],[8.146,56.606],[8.141,56.597],[8.136,56.585],[8.132,56.576],[8.127,56.563],[8.123,56.555],[8.122,56.551],[8.117,56.531],[8.116,56.511],[8.119,56.498],[8.122,56.49],[8.121,56.487],[8.123,56.476],[8.125,56.475],[8.125,56.463],[8.123,56.447],[8.121,56.443],[8.121,56.431],[8.121,56.42],[8.119,56.407],[8.119,56.403],[8.118,56.382],[8.117,56.38],[8.115,56.373],[8.126,56.373],[8.132,56.377],[8.129,56.38],[8.122,56.38],[8.13,56.384],[8.133,56.389],[8.136,56.39],[8.132,56.399],[8.123,56.4],[8.131,56.404],[8.126,56.408],[8.129,56.409],[8.124,56.413],[8.123,56.417],[8.131,56.42],[8.132,56.423],[8.128,56.431],[8.131,56.434],[8.133,56.438],[8.147,56.432],[8.152,56.432],[8.161,56.434],[8.166,56.433],[8.164,56.428],[8.167,56.42],[8.169,56.417],[8.163,56.413],[8.166,56.409],[8.167,56.401],[8.181,56.389],[8.187,56.379],[8.195,56.375],[8.201,56.371],[8.209,56.369],[8.219,56.366],[8.223,56.363],[8.231,56.361],[8.241,56.356],[8.245,56.35],[8.252,56.347],[8.257,56.337],[8.252,56.334],[8.25,56.329],[8.256,56.329],[8.258,56.326],[8.265,56.324],[8.285,56.321],[8.29,56.318],[8.292,56.314],[8.288,56.307],[8.277,56.299],[8.267,56.294],[8.251,56.288],[8.247,56.288],[8.238,56.294],[8.234,56.298],[8.244,56.301],[8.244,56.303],[8.236,56.316],[8.238,56.322],[8.229,56.321],[8.207,56.32],[8.2,56.322],[8.191,56.327],[8.185,56.325],[8.18,56.325],[8.176,56.323],[8.169,56.323],[8.166,56.327],[8.168,56.336],[8.166,56.337],[8.143,56.33],[8.13,56.329],[8.13,56.333],[8.128,56.348],[8.134,56.35],[8.133,56.357],[8.139,56.363],[8.136,56.37],[8.132,56.371],[8.121,56.372],[8.122,56.366],[8.12,56.362],[8.121,56.35],[8.12,56.345],[8.121,56.333],[8.121,56.322],[8.126,56.284],[8.128,56.274],[8.13,56.262],[8.129,56.26],[8.131,56.237],[8.131,56.227],[8.128,56.209],[8.126,56.201],[8.123,56.184],[8.12,56.173],[8.115,56.149],[8.111,56.132],[8.106,56.108],[8.102,56.087],[8.101,56.079],[8.099,56.063],[8.098,56.045],[8.1,56.038],[8.112,56],[8.119,56.002],[8.13,56.004],[8.139,56.007],[8.132,56.011],[8.127,56.026],[8.124,56.035],[8.125,56.043],[8.129,56.052],[8.127,56.059],[8.128,56.066],[8.132,56.077],[8.131,56.084],[8.133,56.089],[8.139,56.095],[8.146,56.1],[8.139,56.104],[8.14,56.109],[8.134,56.116],[8.141,56.115],[8.149,56.11],[8.155,56.108],[8.161,56.105],[8.166,56.106],[8.19,56.102],[8.2,56.099],[8.216,56.096],[8.224,56.094],[8.228,56.094],[8.233,56.089],[8.246,56.085],[8.262,56.077],[8.281,56.067],[8.296,56.062],[8.303,56.058],[8.307,56.052],[8.302,56.046],[8.302,56.038],[8.305,56.032],[8.309,56.027],[8.307,56.023],[8.309,56.02],[8.306,56.014],[8.311,56.01],[8.311,56.002],[8.315,55.993],[8.324,55.983],[8.33,55.98],[8.332,55.976],[8.342,55.974],[8.343,55.97],[8.349,55.967],[8.357,55.965],[8.354,55.959],[8.365,55.955],[8.366,55.951],[8.374,55.946],[8.376,55.936],[8.38,55.934],[8.375,55.93],[8.377,55.924],[8.37,55.918],[8.363,55.915],[8.362,55.912],[8.373,55.909],[8.382,55.908],[8.383,55.905],[8.378,55.905],[8.377,55.901],[8.357,55.892],[8.347,55.885],[8.332,55.876],[8.327,55.869],[8.315,55.866],[8.307,55.862],[8.302,55.86],[8.295,55.855],[8.282,55.851],[8.278,55.851],[8.273,55.843],[8.262,55.844],[8.258,55.847],[8.263,55.853],[8.261,55.867],[8.264,55.87],[8.278,55.876],[8.279,55.879],[8.271,55.888],[8.266,55.891],[8.254,55.893],[8.251,55.889],[8.254,55.886],[8.248,55.883],[8.244,55.877],[8.235,55.88],[8.229,55.888],[8.23,55.896],[8.214,55.897],[8.209,55.897],[8.206,55.894],[8.205,55.888],[8.212,55.88],[8.201,55.879],[8.197,55.876],[8.208,55.872],[8.204,55.868],[8.207,55.864],[8.207,55.859],[8.203,55.855],[8.198,55.854],[8.192,55.851],[8.185,55.851],[8.186,55.845],[8.181,55.838],[8.181,55.836],[8.179,55.839],[8.183,55.845],[8.177,55.846],[8.176,55.841],[8.179,55.831],[8.18,55.834],[8.18,55.831],[8.192,55.832],[8.204,55.832],[8.229,55.825],[8.224,55.82],[8.224,55.816],[8.226,55.813],[8.233,55.812],[8.243,55.812],[8.263,55.804],[8.271,55.797],[8.279,55.797],[8.284,55.801],[8.293,55.798],[8.304,55.797],[8.317,55.8],[8.327,55.8],[8.329,55.804],[8.351,55.822],[8.355,55.821],[8.358,55.818],[8.373,55.808],[8.376,55.804],[8.388,55.802],[8.404,55.803],[8.424,55.799],[8.42,55.795],[8.43,55.791],[8.44,55.788],[8.443,55.78],[8.449,55.776],[8.465,55.773],[8.469,55.773],[8.462,55.781],[8.474,55.778],[8.476,55.779],[8.495,55.777],[8.5,55.777],[8.505,55.783],[8.508,55.783],[8.514,55.788],[8.511,55.798],[8.509,55.798],[8.513,55.81],[8.519,55.813],[8.533,55.815],[8.533,55.818],[8.54,55.822],[8.546,55.822],[8.543,55.831],[8.532,55.841],[8.567,55.85],[8.578,55.842],[8.595,55.837],[8.609,55.841],[8.615,55.84],[8.619,55.844],[8.626,55.845],[8.657,55.844],[8.676,55.848],[8.692,55.84],[8.708,55.838],[8.709,55.835],[8.707,55.825],[8.713,55.822],[8.722,55.821],[8.722,55.814],[8.729,55.814],[8.744,55.806],[8.75,55.808],[8.759,55.806],[8.791,55.812],[8.826,55.819],[8.814,55.828],[8.803,55.832],[8.795,55.838],[8.808,55.843],[8.822,55.847],[8.825,55.85],[8.83,55.862],[8.84,55.882],[8.851,55.88],[8.856,55.881],[8.865,55.895],[8.876,55.893],[8.881,55.896],[8.932,55.891],[8.943,55.892],[8.966,55.885],[8.968,55.865],[8.959,55.849],[8.959,55.842],[8.964,55.843],[8.969,55.841],[8.983,55.839],[8.993,55.838],[8.998,55.835],[9.009,55.832],[9.015,55.836],[9.021,55.834],[9.03,55.841],[9.046,55.836],[9.059,55.851],[9.071,55.844],[9.07,55.846],[9.077,55.858],[9.083,55.865],[9.097,55.877],[9.118,55.869],[9.134,55.881],[9.139,55.884],[9.147,55.885],[9.152,55.888],[9.16,55.896],[9.169,55.897],[9.174,55.903],[9.179,55.907],[9.178,55.91],[9.189,55.913],[9.196,55.917],[9.194,55.925],[9.195,55.931],[9.198,55.934],[9.204,55.936],[9.21,55.944],[9.215,55.943],[9.218,55.954],[9.227,55.957],[9.24,55.955],[9.24,55.953],[9.257,55.953],[9.276,55.944],[9.281,55.939],[9.292,55.937],[9.294,55.936],[9.311,55.938],[9.319,55.934],[9.327,55.933],[9.335,55.931],[9.343,55.936],[9.35,55.938],[9.37,55.931],[9.386,55.927],[9.387,55.924],[9.389,55.922],[9.387,55.917],[9.394,55.914],[9.396,55.907],[9.409,55.899],[9.412,55.893],[9.416,55.89],[9.423,55.89],[9.43,55.887],[9.439,55.88],[9.443,55.874],[9.459,55.864],[9.46,55.86],[9.449,55.86],[9.449,55.858],[9.444,55.856],[9.443,55.853],[9.456,55.85],[9.455,55.846],[9.448,55.843],[9.447,55.835],[9.455,55.835],[9.471,55.833],[9.474,55.834],[9.483,55.833],[9.487,55.827],[9.498,55.828],[9.504,55.827],[9.505,55.823],[9.504,55.82],[9.51,55.812],[9.507,55.81],[9.509,55.802],[9.515,55.8],[9.514,55.796],[9.519,55.796],[9.519,55.788],[9.52,55.786],[9.532,55.786],[9.541,55.784],[9.538,55.775],[9.545,55.774],[9.556,55.778],[9.56,55.777],[9.564,55.773],[9.575,55.774],[9.574,55.776],[9.585,55.778],[9.586,55.779],[9.598,55.772],[9.598,55.771],[9.585,55.764],[9.592,55.761],[9.592,55.755],[9.594,55.752],[9.606,55.753],[9.612,55.755],[9.619,55.756],[9.626,55.758],[9.637,55.757],[9.648,55.754],[9.652,55.76],[9.66,55.755],[9.663,55.757],[9.674,55.754],[9.682,55.748],[9.678,55.745],[9.684,55.74],[9.682,55.737],[9.685,55.734],[9.681,55.732],[9.682,55.726],[9.675,55.721],[9.672,55.712]]],[[[10.082,55.818],[10.089,55.818],[10.099,55.823],[10.102,55.827],[10.096,55.83],[10.088,55.83],[10.076,55.835],[10.06,55.833],[10.058,55.83],[10.063,55.824],[10.073,55.821],[10.08,55.821],[10.082,55.818]]],[[[10.298,55.768],[10.302,55.763],[10.29,55.762],[10.284,55.76],[10.274,55.759],[10.255,55.761],[10.251,55.762],[10.242,55.757],[10.236,55.756],[10.235,55.753],[10.241,55.748],[10.247,55.747],[10.261,55.748],[10.27,55.747],[10.275,55.749],[10.283,55.748],[10.295,55.745],[10.308,55.741],[10.32,55.745],[10.322,55.747],[10.325,55.756],[10.329,55.766],[10.327,55.775],[10.321,55.784],[10.314,55.791],[10.311,55.79],[10.305,55.783],[10.305,55.778],[10.298,55.771],[10.298,55.768]]],[[[9.997,55.87],[9.994,55.865],[10.009,55.865],[10.012,55.87],[9.997,55.87]]],[[[10.082,55.85],[10.083,55.852],[10.094,55.857],[10.104,55.86],[10.105,55.862],[10.12,55.86],[10.118,55.864],[10.098,55.867],[10.088,55.866],[10.077,55.868],[10.069,55.868],[10.062,55.87],[10.057,55.868],[10.055,55.866],[10.047,55.862],[10.041,55.854],[10.037,55.852],[10.036,55.844],[10.043,55.843],[10.055,55.848],[10.063,55.847],[10.067,55.849],[10.079,55.848],[10.082,55.85]]],[[[10.445,55.946],[10.452,55.949],[10.455,55.951],[10.452,55.954],[10.442,55.957],[10.425,55.958],[10.411,55.961],[10.403,55.96],[10.405,55.957],[10.415,55.951],[10.429,55.945],[10.438,55.943],[10.445,55.946]]],[[[10.217,56.163],[10.222,56.159],[10.229,56.162],[10.23,56.164],[10.224,56.166],[10.217,56.163]]],[[[10.475,56.279],[10.466,56.274],[10.472,56.273],[10.475,56.279]]],[[[10.791,56.13],[10.805,56.13],[10.812,56.133],[10.805,56.138],[10.8,56.136],[10.797,56.132],[10.791,56.13]]],[[[11.512,56.717],[11.513,56.714],[11.52,56.71],[11.524,56.706],[11.533,56.694],[11.54,56.689],[11.545,56.688],[11.557,56.688],[11.579,56.69],[11.586,56.693],[11.602,56.709],[11.617,56.718],[11.641,56.729],[11.662,56.736],[11.647,56.737],[11.61,56.73],[11.59,56.726],[11.573,56.724],[11.563,56.724],[11.55,56.726],[11.538,56.726],[11.529,56.723],[11.523,56.721],[11.512,56.717]]],[[[10.233,56.71],[10.229,56.708],[10.23,56.705],[10.24,56.707],[10.233,56.71]]],[[[9.022,56.804],[9.023,56.811],[9.03,56.819],[9.035,56.818],[9.041,56.82],[9.05,56.82],[9.055,56.817],[9.066,56.82],[9.075,56.825],[9.078,56.829],[9.069,56.83],[9.064,56.829],[9.059,56.833],[9.062,56.839],[9.067,56.842],[9.044,56.846],[9.025,56.846],[9.016,56.844],[9.005,56.844],[8.976,56.839],[8.965,56.838],[8.957,56.837],[8.951,56.833],[8.964,56.829],[8.97,56.823],[8.974,56.816],[8.979,56.811],[8.983,56.811],[8.995,56.804],[9,56.8],[9.008,56.796],[9.012,56.803],[9.022,56.804]]],[[[8.404,56.67],[8.418,56.667],[8.427,56.664],[8.442,56.654],[8.453,56.651],[8.464,56.644],[8.469,56.638],[8.476,56.637],[8.483,56.634],[8.496,56.624],[8.502,56.611],[8.503,56.605],[8.511,56.6],[8.514,56.596],[8.515,56.589],[8.525,56.586],[8.529,56.581],[8.544,56.577],[8.554,56.578],[8.555,56.58],[8.537,56.587],[8.53,56.587],[8.531,56.594],[8.536,56.597],[8.543,56.599],[8.551,56.6],[8.575,56.6],[8.587,56.601],[8.59,56.602],[8.593,56.608],[8.592,56.613],[8.596,56.62],[8.597,56.628],[8.596,56.635],[8.591,56.641],[8.585,56.642],[8.578,56.647],[8.57,56.655],[8.571,56.657],[8.576,56.66],[8.575,56.665],[8.58,56.674],[8.588,56.68],[8.588,56.684],[8.583,56.689],[8.575,56.685],[8.567,56.686],[8.561,56.688],[8.556,56.687],[8.552,56.683],[8.54,56.683],[8.534,56.681],[8.528,56.674],[8.52,56.673],[8.515,56.669],[8.506,56.667],[8.5,56.666],[8.481,56.673],[8.476,56.677],[8.476,56.684],[8.468,56.685],[8.462,56.684],[8.445,56.68],[8.431,56.672],[8.424,56.671],[8.416,56.672],[8.414,56.675],[8.405,56.676],[8.404,56.67]]],[[[8.599,56.647],[8.601,56.644],[8.597,56.639],[8.611,56.636],[8.615,56.633],[8.627,56.628],[8.631,56.629],[8.636,56.638],[8.634,56.643],[8.629,56.646],[8.63,56.648],[8.635,56.651],[8.64,56.656],[8.642,56.66],[8.633,56.659],[8.622,56.66],[8.619,56.662],[8.611,56.663],[8.603,56.661],[8.592,56.663],[8.589,56.655],[8.587,56.653],[8.599,56.65],[8.599,56.647]]],[[[8.619,56.515],[8.631,56.52],[8.636,56.525],[8.636,56.536],[8.631,56.539],[8.63,56.546],[8.633,56.553],[8.639,56.561],[8.652,56.568],[8.651,56.57],[8.642,56.573],[8.639,56.577],[8.643,56.579],[8.651,56.578],[8.653,56.581],[8.641,56.582],[8.631,56.574],[8.628,56.571],[8.612,56.554],[8.613,56.551],[8.619,56.548],[8.621,56.542],[8.62,56.538],[8.621,56.534],[8.627,56.531],[8.629,56.524],[8.626,56.52],[8.617,56.516],[8.619,56.515]]],[[[8.192,56.344],[8.183,56.343],[8.174,56.34],[8.186,56.339],[8.192,56.344]]],[[[8.19,55.818],[8.176,55.825],[8.177,55.829],[8.175,55.845],[8.181,55.853],[8.196,55.863],[8.194,55.867],[8.185,55.869],[8.181,55.875],[8.184,55.883],[8.177,55.89],[8.171,55.902],[8.174,55.904],[8.168,55.906],[8.176,55.912],[8.173,55.918],[8.176,55.92],[8.175,55.925],[8.168,55.928],[8.17,55.941],[8.165,55.945],[8.171,55.945],[8.172,55.95],[8.168,55.952],[8.157,55.956],[8.156,55.962],[8.15,55.971],[8.147,55.979],[8.142,55.982],[8.135,55.989],[8.134,55.997],[8.13,56],[8.117,55.999],[8.128,55.985],[8.138,55.96],[8.143,55.944],[8.151,55.911],[8.153,55.896],[8.155,55.877],[8.158,55.863],[8.16,55.859],[8.165,55.836],[8.17,55.82],[8.171,55.816],[8.181,55.819],[8.19,55.818]]],[[[8.129,56.001],[8.134,55.999],[8.138,56],[8.13,56.003],[8.129,56.001]]],[[[8.28,55.987],[8.283,55.99],[8.288,56],[8.285,56],[8.281,55.994],[8.28,55.987]]],[[[8.232,55.896],[8.235,55.893],[8.24,55.893],[8.246,55.895],[8.243,55.898],[8.238,55.898],[8.232,55.896]]],[[[10.753,55.945],[10.763,55.943],[10.768,55.945],[10.764,55.948],[10.751,55.948],[10.753,55.945]]],[[[10.64,55.889],[10.647,55.89],[10.644,55.893],[10.638,55.895],[10.633,55.895],[10.634,55.891],[10.64,55.889]]],[[[10.62,55.764],[10.625,55.775],[10.628,55.779],[10.635,55.784],[10.638,55.79],[10.643,55.797],[10.644,55.806],[10.646,55.809],[10.641,55.812],[10.638,55.819],[10.637,55.823],[10.639,55.831],[10.645,55.844],[10.65,55.851],[10.658,55.859],[10.671,55.866],[10.675,55.866],[10.68,55.871],[10.677,55.874],[10.678,55.885],[10.674,55.884],[10.662,55.879],[10.657,55.877],[10.653,55.878],[10.646,55.875],[10.641,55.878],[10.636,55.877],[10.628,55.884],[10.626,55.888],[10.629,55.89],[10.618,55.892],[10.615,55.901],[10.612,55.902],[10.612,55.911],[10.623,55.914],[10.632,55.919],[10.641,55.913],[10.647,55.916],[10.644,55.919],[10.632,55.924],[10.62,55.925],[10.608,55.928],[10.6,55.932],[10.587,55.942],[10.58,55.949],[10.571,55.962],[10.566,55.979],[10.562,56.001],[10.557,56],[10.544,55.994],[10.529,55.983],[10.523,55.979],[10.52,55.973],[10.522,55.962],[10.528,55.949],[10.53,55.943],[10.537,55.936],[10.546,55.938],[10.55,55.937],[10.558,55.938],[10.572,55.934],[10.586,55.926],[10.592,55.922],[10.598,55.914],[10.6,55.91],[10.6,55.903],[10.596,55.895],[10.595,55.885],[10.592,55.879],[10.585,55.87],[10.58,55.866],[10.572,55.865],[10.563,55.865],[10.551,55.864],[10.536,55.856],[10.53,55.852],[10.529,55.843],[10.526,55.831],[10.525,55.824],[10.526,55.817],[10.529,55.808],[10.529,55.803],[10.531,55.797],[10.528,55.795],[10.53,55.791],[10.54,55.777],[10.55,55.77],[10.584,55.77],[10.594,55.767],[10.62,55.764]]]]}},{"type":"Feature","properties":{"id":703,"name":"Region Nordjylland","bbox":[8.221,56.55,11.2,57.752]},"geometry":{"type":"MultiPolygon","coordinates":[[[[10.271,57.618],[10.259,57.615],[10.241,57.612],[10.2,57.602],[10.184,57.597],[10.15,57.591],[10.133,57.592],[10.113,57.59],[10.09,57.589],[10.072,57.59],[10.052,57.592],[10.026,57.59],[10.007,57.59],[10,57.591],[9.987,57.596],[9.977,57.594],[9.969,57.594],[9.961,57.592],[9.955,57.593],[9.943,57.588],[9.935,57.583],[9.925,57.572],[9.906,57.553],[9.892,57.538],[9.884,57.531],[9.875,57.525],[9.867,57.518],[9.834,57.497],[9.825,57.493],[9.822,57.491],[9.806,57.483],[9.796,57.477],[9.775,57.453],[9.757,57.43],[9.753,57.424],[9.729,57.394],[9.715,57.378],[9.709,57.374],[9.702,57.37],[9.701,57.368],[9.69,57.356],[9.684,57.35],[9.67,57.336],[9.653,57.321],[9.644,57.311],[9.624,57.293],[9.616,57.287],[9.605,57.277],[9.584,57.261],[9.576,57.254],[9.563,57.243],[9.539,57.226],[9.522,57.216],[9.463,57.191],[9.452,57.186],[9.429,57.175],[9.408,57.167],[9.399,57.164],[9.385,57.16],[9.367,57.157],[9.347,57.156],[9.321,57.155],[9.309,57.152],[9.297,57.148],[9.285,57.146],[9.231,57.141],[9.217,57.14],[9.204,57.14],[9.188,57.138],[9.159,57.138],[9.138,57.139],[9.117,57.142],[9.104,57.143],[9.091,57.147],[9.077,57.149],[9.051,57.154],[9.043,57.155],[9.03,57.159],[9.027,57.159],[9.008,57.155],[8.981,57.158],[8.969,57.156],[8.953,57.151],[8.939,57.143],[8.913,57.133],[8.885,57.123],[8.857,57.115],[8.826,57.109],[8.788,57.103],[8.761,57.099],[8.748,57.098],[8.739,57.099],[8.728,57.102],[8.722,57.103],[8.712,57.106],[8.696,57.109],[8.678,57.114],[8.65,57.12],[8.64,57.122],[8.627,57.123],[8.621,57.126],[8.609,57.123],[8.604,57.126],[8.6,57.124],[8.603,57.122],[8.592,57.118],[8.587,57.117],[8.569,57.098],[8.549,57.079],[8.536,57.068],[8.518,57.056],[8.502,57.047],[8.495,57.044],[8.483,57.044],[8.478,57.045],[8.47,57.041],[8.458,57.028],[8.449,57.018],[8.43,57.002],[8.41,56.984],[8.401,56.976],[8.381,56.963],[8.373,56.96],[8.366,56.96],[8.362,56.962],[8.355,56.953],[8.338,56.932],[8.327,56.921],[8.318,56.91],[8.306,56.898],[8.295,56.885],[8.279,56.865],[8.273,56.859],[8.262,56.845],[8.255,56.833],[8.244,56.81],[8.238,56.804],[8.229,56.784],[8.227,56.771],[8.227,56.763],[8.224,56.731],[8.221,56.723],[8.227,56.723],[8.232,56.719],[8.235,56.713],[8.239,56.712],[8.24,56.705],[8.238,56.701],[8.248,56.702],[8.25,56.709],[8.25,56.726],[8.253,56.776],[8.257,56.777],[8.265,56.776],[8.268,56.772],[8.273,56.772],[8.283,56.769],[8.293,56.763],[8.303,56.753],[8.302,56.746],[8.305,56.734],[8.311,56.722],[8.316,56.716],[8.331,56.708],[8.338,56.702],[8.34,56.697],[8.347,56.693],[8.353,56.687],[8.355,56.678],[8.387,56.674],[8.4,56.671],[8.404,56.67],[8.405,56.676],[8.399,56.678],[8.404,56.683],[8.408,56.684],[8.418,56.682],[8.427,56.686],[8.425,56.689],[8.43,56.691],[8.445,56.694],[8.45,56.697],[8.457,56.697],[8.47,56.693],[8.48,56.692],[8.49,56.684],[8.495,56.684],[8.512,56.68],[8.512,56.684],[8.513,56.69],[8.525,56.698],[8.526,56.702],[8.51,56.699],[8.509,56.701],[8.516,56.71],[8.517,56.713],[8.503,56.714],[8.489,56.716],[8.483,56.716],[8.471,56.714],[8.469,56.716],[8.48,56.724],[8.485,56.739],[8.49,56.743],[8.489,56.747],[8.493,56.752],[8.499,56.753],[8.499,56.756],[8.48,56.768],[8.471,56.777],[8.469,56.782],[8.477,56.79],[8.481,56.791],[8.487,56.796],[8.496,56.798],[8.504,56.802],[8.51,56.802],[8.517,56.806],[8.523,56.807],[8.534,56.806],[8.536,56.81],[8.531,56.815],[8.535,56.818],[8.553,56.818],[8.56,56.817],[8.573,56.818],[8.58,56.822],[8.583,56.826],[8.592,56.832],[8.597,56.834],[8.603,56.839],[8.61,56.842],[8.61,56.845],[8.616,56.85],[8.618,56.853],[8.624,56.857],[8.626,56.86],[8.633,56.864],[8.624,56.868],[8.623,56.871],[8.631,56.876],[8.629,56.882],[8.625,56.887],[8.63,56.893],[8.64,56.9],[8.639,56.91],[8.642,56.914],[8.649,56.918],[8.662,56.923],[8.661,56.929],[8.657,56.933],[8.659,56.941],[8.668,56.951],[8.673,56.953],[8.697,56.95],[8.696,56.955],[8.705,56.951],[8.711,56.952],[8.719,56.95],[8.73,56.95],[8.741,56.947],[8.757,56.946],[8.777,56.949],[8.785,56.952],[8.789,56.959],[8.806,56.964],[8.818,56.967],[8.823,56.967],[8.832,56.971],[8.844,56.972],[8.848,56.975],[8.846,56.979],[8.828,56.987],[8.825,56.991],[8.831,56.994],[8.843,56.993],[8.844,56.995],[8.852,56.996],[8.853,56.992],[8.859,56.991],[8.865,56.995],[8.89,56.991],[8.895,56.986],[8.893,56.983],[8.887,56.982],[8.89,56.976],[8.895,56.974],[8.903,56.974],[8.908,56.979],[8.906,56.982],[8.911,56.984],[8.918,56.991],[8.922,56.998],[8.931,57.003],[8.946,57.007],[8.967,57.006],[8.975,57.011],[8.981,57.016],[8.99,57.019],[9.005,57.022],[9.02,57.023],[9.026,57.022],[9.033,57.019],[9.034,57.014],[9.032,57.012],[9.034,57.008],[9.043,57.008],[9.047,57.011],[9.058,57.017],[9.061,57.023],[9.096,57.031],[9.128,57.039],[9.133,57.04],[9.139,57.038],[9.146,57.032],[9.153,57.028],[9.165,57.023],[9.171,57.023],[9.176,57.021],[9.178,57.018],[9.183,57.016],[9.19,57.012],[9.211,57],[9.22,56.997],[9.225,56.994],[9.231,56.992],[9.257,56.992],[9.263,56.993],[9.278,56.998],[9.283,57.001],[9.294,57.003],[9.298,57.008],[9.309,57.012],[9.317,57.014],[9.341,57.02],[9.353,57.024],[9.367,57.025],[9.376,57.024],[9.382,57.026],[9.397,57.029],[9.415,57.035],[9.427,57.037],[9.448,57.04],[9.455,57.039],[9.459,57.041],[9.477,57.043],[9.488,57.046],[9.498,57.042],[9.508,57.045],[9.545,57.045],[9.559,57.042],[9.565,57.043],[9.576,57.041],[9.58,57.042],[9.58,57.046],[9.584,57.049],[9.59,57.051],[9.599,57.049],[9.611,57.05],[9.623,57.057],[9.627,57.063],[9.642,57.068],[9.639,57.07],[9.623,57.069],[9.614,57.074],[9.61,57.075],[9.622,57.083],[9.636,57.088],[9.659,57.095],[9.673,57.097],[9.682,57.094],[9.678,57.089],[9.667,57.083],[9.654,57.084],[9.649,57.079],[9.652,57.073],[9.654,57.071],[9.661,57.074],[9.666,57.074],[9.685,57.07],[9.693,57.066],[9.702,57.063],[9.715,57.064],[9.723,57.063],[9.735,57.065],[9.747,57.067],[9.76,57.072],[9.77,57.082],[9.776,57.094],[9.791,57.097],[9.784,57.099],[9.777,57.103],[9.78,57.105],[9.784,57.107],[9.803,57.101],[9.81,57.1],[9.817,57.097],[9.824,57.095],[9.826,57.093],[9.837,57.091],[9.842,57.087],[9.861,57.078],[9.866,57.077],[9.87,57.072],[9.88,57.067],[9.896,57.064],[9.906,57.063],[9.91,57.061],[9.922,57.056],[9.935,57.054],[9.942,57.054],[9.954,57.059],[9.958,57.064],[9.959,57.07],[9.966,57.077],[9.98,57.084],[9.993,57.088],[10.004,57.09],[10.011,57.089],[10.018,57.085],[10.027,57.082],[10.032,57.079],[10.039,57.072],[10.045,57.071],[10.049,57.069],[10.063,57.063],[10.077,57.056],[10.094,57.053],[10.105,57.047],[10.109,57.047],[10.116,57.042],[10.125,57.039],[10.14,57.03],[10.145,57.029],[10.148,57.026],[10.161,57.02],[10.172,57.015],[10.182,57.007],[10.204,56.997],[10.222,56.99],[10.233,56.987],[10.252,56.987],[10.257,56.986],[10.263,56.987],[10.272,56.991],[10.289,56.994],[10.3,56.994],[10.311,56.991],[10.316,56.992],[10.325,56.991],[10.331,56.989],[10.336,56.991],[10.347,57.004],[10.358,57.021],[10.362,57.028],[10.371,57.041],[10.378,57.051],[10.381,57.056],[10.377,57.058],[10.38,57.068],[10.384,57.076],[10.387,57.085],[10.389,57.089],[10.401,57.115],[10.402,57.12],[10.406,57.121],[10.415,57.138],[10.422,57.146],[10.43,57.157],[10.442,57.17],[10.455,57.18],[10.462,57.184],[10.469,57.19],[10.477,57.196],[10.489,57.203],[10.494,57.203],[10.5,57.207],[10.509,57.21],[10.528,57.216],[10.541,57.225],[10.547,57.227],[10.548,57.24],[10.55,57.253],[10.549,57.261],[10.546,57.275],[10.54,57.289],[10.534,57.306],[10.529,57.318],[10.528,57.323],[10.529,57.329],[10.532,57.333],[10.527,57.337],[10.522,57.345],[10.518,57.36],[10.515,57.377],[10.516,57.388],[10.522,57.403],[10.525,57.406],[10.524,57.413],[10.528,57.416],[10.528,57.427],[10.529,57.431],[10.536,57.431],[10.542,57.433],[10.543,57.436],[10.547,57.439],[10.545,57.442],[10.548,57.444],[10.56,57.437],[10.561,57.431],[10.565,57.432],[10.562,57.441],[10.566,57.445],[10.557,57.45],[10.551,57.449],[10.546,57.451],[10.541,57.458],[10.538,57.467],[10.53,57.47],[10.527,57.474],[10.507,57.486],[10.504,57.489],[10.501,57.497],[10.488,57.505],[10.476,57.512],[10.468,57.518],[10.453,57.531],[10.448,57.535],[10.44,57.544],[10.432,57.558],[10.428,57.568],[10.426,57.577],[10.426,57.586],[10.429,57.596],[10.434,57.605],[10.441,57.616],[10.45,57.628],[10.465,57.642],[10.491,57.663],[10.511,57.678],[10.535,57.694],[10.548,57.702],[10.565,57.71],[10.575,57.714],[10.583,57.713],[10.591,57.714],[10.591,57.718],[10.598,57.718],[10.601,57.715],[10.609,57.718],[10.605,57.722],[10.615,57.729],[10.639,57.739],[10.653,57.747],[10.632,57.752],[10.62,57.752],[10.603,57.752],[10.583,57.749],[10.572,57.747],[10.563,57.743],[10.541,57.737],[10.52,57.729],[10.498,57.717],[10.453,57.697],[10.423,57.684],[10.411,57.677],[10.379,57.662],[10.361,57.654],[10.333,57.641],[10.288,57.624],[10.271,57.618]]],[[[8.913,56.958],[8.921,56.962],[8.926,56.968],[8.925,56.975],[8.921,56.975],[8.922,56.969],[8.919,56.964],[8.913,56.958]]],[[[8.913,56.958],[8.905,56.955],[8.898,56.95],[8.891,56.952],[8.883,56.951],[8.867,56.95],[8.859,56.953],[8.852,56.944],[8.84,56.939],[8.829,56.929],[8.827,56.917],[8.825,56.911],[8.818,56.904],[8.807,56.902],[8.793,56.903],[8.779,56.899],[8.757,56.898],[8.75,56.895],[8.745,56.891],[8.737,56.889],[8.725,56.891],[8.708,56.89],[8.703,56.89],[8.695,56.888],[8.688,56.887],[8.675,56.889],[8.67,56.89],[8.66,56.889],[8.654,56.887],[8.638,56.886],[8.637,56.885],[8.645,56.88],[8.643,56.875],[8.647,56.869],[8.649,56.856],[8.647,56.853],[8.641,56.85],[8.638,56.845],[8.632,56.839],[8.648,56.839],[8.648,56.834],[8.641,56.831],[8.632,56.832],[8.622,56.834],[8.617,56.829],[8.61,56.826],[8.611,56.822],[8.621,56.82],[8.625,56.821],[8.635,56.82],[8.64,56.818],[8.648,56.818],[8.664,56.817],[8.667,56.812],[8.666,56.806],[8.659,56.802],[8.651,56.8],[8.645,56.797],[8.636,56.794],[8.631,56.795],[8.622,56.792],[8.613,56.792],[8.605,56.795],[8.594,56.795],[8.587,56.796],[8.584,56.795],[8.575,56.795],[8.569,56.788],[8.561,56.786],[8.557,56.786],[8.55,56.79],[8.543,56.787],[8.548,56.783],[8.552,56.776],[8.555,56.765],[8.559,56.762],[8.558,56.758],[8.555,56.756],[8.549,56.755],[8.543,56.757],[8.537,56.755],[8.527,56.749],[8.51,56.746],[8.504,56.738],[8.507,56.731],[8.503,56.724],[8.513,56.725],[8.537,56.737],[8.539,56.74],[8.545,56.739],[8.548,56.738],[8.562,56.732],[8.572,56.728],[8.575,56.725],[8.57,56.723],[8.56,56.722],[8.554,56.719],[8.562,56.707],[8.563,56.703],[8.582,56.706],[8.59,56.709],[8.587,56.714],[8.581,56.717],[8.585,56.72],[8.576,56.726],[8.576,56.729],[8.58,56.731],[8.588,56.732],[8.594,56.729],[8.593,56.727],[8.597,56.724],[8.596,56.719],[8.603,56.716],[8.609,56.719],[8.613,56.719],[8.624,56.721],[8.628,56.718],[8.622,56.717],[8.612,56.713],[8.614,56.707],[8.623,56.702],[8.625,56.698],[8.632,56.696],[8.635,56.693],[8.634,56.69],[8.638,56.686],[8.635,56.68],[8.638,56.676],[8.642,56.673],[8.642,56.67],[8.659,56.672],[8.679,56.676],[8.689,56.678],[8.701,56.682],[8.708,56.683],[8.729,56.681],[8.752,56.687],[8.767,56.692],[8.773,56.693],[8.776,56.696],[8.768,56.703],[8.775,56.711],[8.783,56.714],[8.788,56.719],[8.792,56.721],[8.801,56.727],[8.81,56.729],[8.816,56.734],[8.831,56.74],[8.829,56.743],[8.83,56.747],[8.841,56.753],[8.838,56.757],[8.839,56.765],[8.843,56.774],[8.848,56.776],[8.86,56.779],[8.864,56.781],[8.864,56.784],[8.854,56.788],[8.855,56.792],[8.863,56.792],[8.867,56.795],[8.872,56.795],[8.874,56.792],[8.88,56.792],[8.878,56.801],[8.875,56.807],[8.863,56.812],[8.855,56.818],[8.85,56.822],[8.844,56.831],[8.842,56.835],[8.84,56.844],[8.84,56.85],[8.833,56.86],[8.829,56.864],[8.829,56.87],[8.837,56.877],[8.844,56.879],[8.842,56.883],[8.844,56.886],[8.852,56.887],[8.86,56.887],[8.864,56.885],[8.862,56.881],[8.87,56.877],[8.877,56.882],[8.883,56.882],[8.889,56.867],[8.893,56.871],[8.897,56.878],[8.901,56.89],[8.907,56.899],[8.908,56.906],[8.91,56.909],[8.921,56.916],[8.919,56.923],[8.912,56.934],[8.912,56.941],[8.908,56.944],[8.908,56.948],[8.91,56.955],[8.913,56.958]]],[[[10.995,57.208],[11.001,57.211],[10.994,57.21],[10.988,57.207],[10.991,57.203],[10.995,57.208]]],[[[10.995,57.208],[10.994,57.201],[10.998,57.199],[11.004,57.202],[11.013,57.201],[11.029,57.203],[11.039,57.207],[11.041,57.21],[11.036,57.213],[11.03,57.215],[11.015,57.212],[11.002,57.21],[10.995,57.208]]],[[[10.956,57.213],[10.955,57.211],[10.962,57.209],[10.966,57.211],[10.956,57.213]]],[[[10.903,57.24],[10.917,57.24],[10.917,57.241],[10.892,57.246],[10.894,57.243],[10.903,57.24]]],[[[10.863,57.262],[10.864,57.258],[10.874,57.252],[10.895,57.237],[10.9,57.235],[10.905,57.237],[10.894,57.241],[10.89,57.245],[10.881,57.248],[10.874,57.253],[10.863,57.262]]],[[[10.925,57.297],[10.922,57.295],[10.918,57.289],[10.905,57.279],[10.892,57.272],[10.873,57.266],[10.87,57.259],[10.871,57.257],[10.878,57.252],[10.883,57.25],[10.892,57.25],[10.915,57.244],[10.924,57.247],[10.934,57.244],[10.94,57.245],[10.949,57.24],[10.947,57.236],[10.965,57.233],[10.97,57.229],[10.973,57.219],[10.978,57.216],[10.983,57.218],[10.99,57.219],[10.993,57.217],[11,57.219],[11.005,57.218],[11.012,57.221],[11.016,57.221],[11.027,57.225],[11.064,57.236],[11.068,57.24],[11.067,57.242],[11.074,57.245],[11.09,57.257],[11.092,57.263],[11.091,57.268],[11.095,57.272],[11.094,57.279],[11.085,57.28],[11.076,57.28],[11.074,57.284],[11.079,57.286],[11.081,57.289],[11.097,57.295],[11.11,57.298],[11.12,57.298],[11.124,57.297],[11.147,57.301],[11.155,57.3],[11.167,57.298],[11.171,57.299],[11.172,57.302],[11.178,57.303],[11.187,57.308],[11.183,57.301],[11.194,57.297],[11.195,57.294],[11.19,57.288],[11.196,57.286],[11.198,57.292],[11.196,57.308],[11.2,57.32],[11.198,57.323],[11.194,57.324],[11.181,57.323],[11.168,57.324],[11.16,57.327],[11.149,57.328],[11.143,57.327],[11.131,57.321],[11.108,57.318],[11.081,57.318],[11.063,57.317],[11.046,57.318],[11.031,57.319],[11.022,57.316],[11.018,57.31],[11.009,57.306],[10.995,57.305],[10.975,57.306],[10.975,57.305],[10.966,57.303],[10.952,57.304],[10.931,57.299],[10.925,57.297]]],[[[9.393,57.012],[9.369,57.009],[9.352,57.008],[9.33,57.002],[9.317,57],[9.313,56.999],[9.302,56.997],[9.293,56.997],[9.288,56.993],[9.287,56.987],[9.283,56.982],[9.283,56.977],[9.276,56.972],[9.261,56.971],[9.25,56.969],[9.241,56.966],[9.237,56.963],[9.23,56.95],[9.224,56.949],[9.221,56.945],[9.215,56.941],[9.2,56.937],[9.197,56.93],[9.189,56.924],[9.18,56.92],[9.177,56.916],[9.171,56.902],[9.165,56.893],[9.167,56.886],[9.179,56.882],[9.187,56.878],[9.2,56.874],[9.206,56.868],[9.209,56.866],[9.211,56.861],[9.212,56.853],[9.208,56.842],[9.202,56.838],[9.2,56.833],[9.186,56.82],[9.174,56.811],[9.171,56.81],[9.169,56.806],[9.177,56.803],[9.178,56.797],[9.188,56.788],[9.189,56.78],[9.185,56.768],[9.188,56.765],[9.199,56.768],[9.23,56.762],[9.238,56.759],[9.243,56.752],[9.244,56.748],[9.242,56.738],[9.237,56.731],[9.222,56.716],[9.213,56.711],[9.207,56.71],[9.199,56.702],[9.191,56.7],[9.182,56.695],[9.179,56.69],[9.174,56.686],[9.166,56.683],[9.161,56.683],[9.16,56.677],[9.163,56.673],[9.177,56.665],[9.181,56.665],[9.191,56.672],[9.199,56.676],[9.214,56.679],[9.224,56.682],[9.231,56.688],[9.237,56.689],[9.247,56.689],[9.257,56.691],[9.266,56.696],[9.279,56.699],[9.293,56.698],[9.299,56.696],[9.308,56.691],[9.311,56.686],[9.316,56.678],[9.32,56.672],[9.323,56.67],[9.331,56.668],[9.337,56.67],[9.354,56.671],[9.365,56.663],[9.369,56.664],[9.396,56.665],[9.391,56.66],[9.395,56.653],[9.398,56.652],[9.407,56.651],[9.424,56.646],[9.419,56.641],[9.443,56.638],[9.45,56.637],[9.457,56.639],[9.456,56.647],[9.462,56.652],[9.464,56.662],[9.476,56.669],[9.475,56.671],[9.482,56.676],[9.492,56.675],[9.495,56.682],[9.505,56.683],[9.516,56.682],[9.516,56.68],[9.525,56.681],[9.529,56.679],[9.523,56.672],[9.522,56.669],[9.533,56.671],[9.534,56.667],[9.542,56.663],[9.532,56.656],[9.528,56.656],[9.531,56.651],[9.568,56.648],[9.572,56.64],[9.564,56.635],[9.576,56.632],[9.597,56.629],[9.626,56.632],[9.645,56.632],[9.671,56.628],[9.676,56.621],[9.677,56.616],[9.674,56.613],[9.666,56.613],[9.664,56.612],[9.654,56.611],[9.644,56.608],[9.647,56.604],[9.643,56.591],[9.637,56.588],[9.638,56.583],[9.644,56.58],[9.648,56.581],[9.655,56.581],[9.66,56.585],[9.668,56.585],[9.677,56.59],[9.686,56.588],[9.695,56.588],[9.696,56.59],[9.709,56.588],[9.716,56.584],[9.727,56.579],[9.727,56.576],[9.732,56.57],[9.739,56.568],[9.746,56.564],[9.754,56.555],[9.766,56.556],[9.768,56.557],[9.78,56.559],[9.786,56.561],[9.796,56.562],[9.805,56.56],[9.81,56.562],[9.817,56.557],[9.824,56.556],[9.833,56.55],[9.838,56.553],[9.846,56.555],[9.856,56.555],[9.862,56.556],[9.866,56.555],[9.879,56.556],[9.881,56.557],[9.877,56.566],[9.888,56.574],[9.9,56.572],[9.91,56.576],[9.925,56.577],[9.949,56.581],[9.958,56.592],[9.959,56.597],[9.972,56.596],[9.98,56.592],[10.002,56.594],[10.009,56.596],[10.009,56.598],[10.021,56.599],[10.026,56.601],[10.043,56.602],[10.053,56.604],[10.057,56.607],[10.063,56.608],[10.076,56.613],[10.093,56.622],[10.105,56.622],[10.115,56.625],[10.121,56.634],[10.125,56.637],[10.119,56.641],[10.124,56.647],[10.135,56.649],[10.141,56.646],[10.158,56.652],[10.156,56.661],[10.164,56.661],[10.167,56.665],[10.166,56.671],[10.18,56.672],[10.197,56.679],[10.193,56.681],[10.194,56.684],[10.186,56.688],[10.184,56.692],[10.169,56.701],[10.164,56.706],[10.155,56.707],[10.153,56.705],[10.139,56.708],[10.137,56.71],[10.127,56.709],[10.119,56.713],[10.113,56.706],[10.113,56.698],[10.109,56.694],[10.099,56.688],[10.093,56.688],[10.091,56.685],[10.083,56.682],[10.074,56.683],[10.055,56.691],[10.05,56.691],[10.045,56.685],[10.039,56.682],[10.032,56.678],[10.031,56.673],[10.025,56.672],[10.019,56.67],[10.012,56.671],[10.008,56.671],[10,56.665],[9.993,56.665],[9.99,56.661],[9.984,56.659],[9.986,56.655],[9.98,56.655],[9.969,56.656],[9.959,56.65],[9.946,56.648],[9.939,56.65],[9.926,56.646],[9.907,56.645],[9.904,56.647],[9.899,56.645],[9.883,56.644],[9.88,56.645],[9.864,56.643],[9.861,56.644],[9.854,56.642],[9.847,56.637],[9.841,56.637],[9.831,56.64],[9.815,56.64],[9.807,56.637],[9.803,56.641],[9.822,56.646],[9.832,56.646],[9.839,56.647],[9.844,56.646],[9.855,56.65],[9.861,56.649],[9.885,56.65],[9.892,56.652],[9.902,56.653],[9.913,56.651],[9.923,56.652],[9.925,56.654],[9.931,56.655],[9.948,56.66],[9.953,56.66],[9.954,56.666],[9.963,56.666],[9.972,56.672],[9.986,56.679],[9.998,56.68],[10.001,56.681],[10.007,56.68],[10.014,56.682],[10.013,56.686],[10.016,56.69],[10.027,56.695],[10.039,56.695],[10.042,56.699],[10.052,56.699],[10.062,56.702],[10.07,56.7],[10.075,56.694],[10.082,56.694],[10.083,56.696],[10.1,56.701],[10.1,56.704],[10.104,56.709],[10.117,56.715],[10.128,56.717],[10.148,56.719],[10.163,56.719],[10.161,56.717],[10.162,56.713],[10.171,56.707],[10.181,56.703],[10.2,56.706],[10.204,56.712],[10.21,56.716],[10.219,56.72],[10.229,56.72],[10.236,56.718],[10.237,56.716],[10.248,56.714],[10.261,56.712],[10.269,56.713],[10.284,56.711],[10.3,56.711],[10.312,56.708],[10.329,56.705],[10.333,56.709],[10.331,56.714],[10.334,56.717],[10.334,56.721],[10.33,56.727],[10.325,56.729],[10.307,56.744],[10.297,56.754],[10.297,56.759],[10.294,56.761],[10.293,56.766],[10.288,56.773],[10.286,56.785],[10.28,56.793],[10.276,56.801],[10.278,56.805],[10.276,56.808],[10.273,56.821],[10.271,56.828],[10.27,56.845],[10.268,56.848],[10.267,56.858],[10.266,56.868],[10.266,56.883],[10.262,56.894],[10.264,56.895],[10.263,56.901],[10.264,56.906],[10.268,56.915],[10.271,56.924],[10.272,56.937],[10.275,56.941],[10.279,56.944],[10.287,56.95],[10.287,56.956],[10.283,56.959],[10.289,56.965],[10.298,56.968],[10.3,56.974],[10.304,56.98],[10.304,56.983],[10.275,56.982],[10.274,56.982],[10.247,56.979],[10.233,56.979],[10.226,56.981],[10.205,56.984],[10.193,56.987],[10.182,56.99],[10.148,57.006],[10.137,57.009],[10.124,57.017],[10.119,57.023],[10.096,57.034],[10.078,57.04],[10.08,57.042],[10.065,57.047],[10.063,57.05],[10.042,57.058],[10.038,57.06],[10.025,57.076],[10.016,57.078],[10.004,57.079],[9.996,57.078],[9.989,57.075],[9.979,57.069],[9.975,57.069],[9.969,57.062],[9.964,57.058],[9.946,57.05],[9.937,57.049],[9.93,57.049],[9.923,57.051],[9.908,57.057],[9.898,57.057],[9.894,57.06],[9.879,57.058],[9.879,57.057],[9.868,57.054],[9.858,57.048],[9.849,57.044],[9.843,57.043],[9.834,57.045],[9.82,57.045],[9.808,57.049],[9.788,57.051],[9.777,57.053],[9.765,57.051],[9.756,57.048],[9.741,57.046],[9.728,57.044],[9.718,57.044],[9.693,57.04],[9.678,57.034],[9.672,57.028],[9.67,57.024],[9.672,57.019],[9.671,57.013],[9.666,57.008],[9.656,57],[9.652,56.999],[9.646,56.992],[9.641,56.989],[9.63,56.986],[9.63,56.983],[9.62,56.97],[9.618,56.968],[9.606,56.965],[9.598,56.963],[9.592,56.964],[9.584,56.962],[9.578,56.961],[9.575,56.957],[9.578,56.953],[9.573,56.939],[9.571,56.926],[9.568,56.925],[9.56,56.932],[9.561,56.933],[9.553,56.938],[9.549,56.943],[9.543,56.95],[9.538,56.952],[9.539,56.956],[9.551,56.966],[9.557,56.965],[9.559,56.96],[9.564,56.956],[9.572,56.963],[9.567,56.967],[9.565,56.97],[9.569,56.979],[9.574,56.983],[9.581,56.985],[9.583,56.988],[9.563,56.998],[9.555,57.001],[9.544,57.003],[9.512,57.013],[9.493,57.016],[9.47,57.015],[9.458,57.016],[9.442,57.016],[9.427,57.017],[9.419,57.017],[9.393,57.012]]],[[[9.841,57.054],[9.86,57.056],[9.87,57.061],[9.871,57.065],[9.865,57.068],[9.86,57.073],[9.844,57.075],[9.825,57.073],[9.814,57.072],[9.813,57.068],[9.816,57.063],[9.821,57.06],[9.841,57.054]]],[[[9.563,57.002],[9.57,57.004],[9.565,57.012],[9.554,57.013],[9.55,57.011],[9.559,57.007],[9.563,57.002]]],[[[9.595,56.985],[9.591,56.983],[9.597,56.981],[9.604,56.981],[9.595,56.985]]],[[[9.1,56.887],[9.102,56.889],[9.097,56.896],[9.088,56.905],[9.083,56.905],[9.07,56.896],[9.07,56.891],[9.078,56.886],[9.091,56.883],[9.097,56.884],[9.1,56.887]]],[[[9.262,56.988],[9.263,56.991],[9.249,56.988],[9.248,56.985],[9.253,56.984],[9.262,56.988]]],[[[8.543,56.696],[8.545,56.701],[8.543,56.704],[8.531,56.702],[8.531,56.7],[8.543,56.696]]]]}},{"type":"Feature","properties":{"id":704,"name":"Region Sjælland","bbox":[10.876,54.559,12.554,56.009]},"geometry":{"type":"MultiPolygon","coordinates":[[[[12.216,55.428],[12.208,55.436],[12.203,55.439],[12.2,55.444],[12.198,55.452],[12.194,55.453],[12.195,55.456],[12.206,55.458],[12.211,55.461],[12.206,55.468],[12.197,55.47],[12.198,55.475],[12.208,55.492],[12.201,55.491],[12.202,55.5],[12.205,55.504],[12.204,55.507],[12.209,55.509],[12.214,55.513],[12.217,55.51],[12.221,55.518],[12.227,55.528],[12.234,55.536],[12.244,55.546],[12.255,55.554],[12.263,55.558],[12.275,55.562],[12.282,55.566],[12.292,55.573],[12.299,55.576],[12.314,55.581],[12.34,55.588],[12.356,55.592],[12.363,55.594],[12.355,55.602],[12.345,55.604],[12.342,55.606],[12.329,55.609],[12.315,55.61],[12.303,55.614],[12.301,55.613],[12.294,55.617],[12.288,55.616],[12.279,55.621],[12.271,55.622],[12.263,55.62],[12.257,55.616],[12.247,55.616],[12.243,55.614],[12.235,55.621],[12.23,55.617],[12.215,55.618],[12.215,55.612],[12.212,55.612],[12.21,55.605],[12.199,55.606],[12.179,55.608],[12.16,55.613],[12.164,55.622],[12.167,55.634],[12.157,55.634],[12.158,55.653],[12.164,55.653],[12.163,55.657],[12.157,55.659],[12.159,55.666],[12.151,55.667],[12.15,55.671],[12.16,55.671],[12.169,55.676],[12.169,55.682],[12.182,55.683],[12.185,55.688],[12.192,55.689],[12.212,55.687],[12.218,55.691],[12.221,55.694],[12.23,55.697],[12.238,55.702],[12.246,55.705],[12.251,55.708],[12.25,55.71],[12.242,55.715],[12.229,55.717],[12.22,55.725],[12.209,55.731],[12.218,55.734],[12.222,55.733],[12.228,55.735],[12.222,55.738],[12.227,55.74],[12.226,55.743],[12.218,55.748],[12.206,55.751],[12.197,55.75],[12.193,55.746],[12.186,55.748],[12.175,55.749],[12.167,55.747],[12.158,55.748],[12.149,55.756],[12.139,55.757],[12.127,55.762],[12.12,55.766],[12.113,55.768],[12.109,55.775],[12.092,55.779],[12.089,55.781],[12.087,55.772],[12.089,55.768],[12.087,55.765],[12.095,55.762],[12.101,55.756],[12.101,55.749],[12.097,55.744],[12.098,55.74],[12.109,55.733],[12.107,55.73],[12.12,55.729],[12.119,55.726],[12.111,55.726],[12.11,55.722],[12.101,55.719],[12.102,55.711],[12.113,55.71],[12.114,55.707],[12.109,55.703],[12.099,55.696],[12.095,55.697],[12.086,55.696],[12.09,55.694],[12.096,55.693],[12.096,55.69],[12.091,55.684],[12.087,55.686],[12.086,55.69],[12.076,55.688],[12.075,55.683],[12.07,55.678],[12.074,55.674],[12.08,55.673],[12.082,55.67],[12.09,55.671],[12.091,55.669],[12.087,55.661],[12.085,55.653],[12.08,55.65],[12.072,55.653],[12.07,55.655],[12.056,55.657],[12.056,55.663],[12.062,55.667],[12.058,55.671],[12.051,55.674],[12.039,55.671],[12.035,55.672],[12.03,55.668],[12.024,55.669],[12.019,55.671],[12.009,55.667],[12.009,55.673],[12.012,55.674],[12.009,55.681],[12.005,55.686],[11.999,55.685],[11.996,55.688],[12.002,55.689],[12.011,55.687],[12.014,55.687],[12.024,55.681],[12.03,55.68],[12.037,55.683],[12.042,55.68],[12.05,55.678],[12.053,55.682],[12.041,55.686],[12.044,55.69],[12.032,55.695],[12.021,55.693],[12.014,55.697],[12.005,55.692],[11.997,55.694],[12.001,55.696],[12.002,55.7],[12.008,55.705],[11.994,55.703],[11.99,55.697],[11.983,55.695],[11.982,55.692],[11.991,55.69],[11.993,55.686],[11.993,55.681],[11.997,55.678],[11.99,55.677],[11.977,55.678],[11.965,55.676],[11.959,55.676],[11.952,55.675],[11.95,55.669],[11.95,55.663],[11.942,55.661],[11.938,55.654],[11.938,55.65],[11.933,55.648],[11.927,55.653],[11.931,55.664],[11.937,55.667],[11.939,55.672],[11.949,55.685],[11.958,55.693],[11.962,55.695],[11.968,55.701],[11.969,55.706],[11.975,55.713],[11.98,55.717],[11.982,55.722],[11.98,55.728],[11.981,55.73],[11.971,55.731],[11.963,55.734],[11.958,55.734],[11.947,55.74],[11.948,55.742],[11.937,55.744],[11.923,55.745],[11.92,55.743],[11.923,55.74],[11.92,55.737],[11.914,55.736],[11.905,55.731],[11.899,55.732],[11.89,55.737],[11.881,55.737],[11.876,55.738],[11.872,55.734],[11.865,55.732],[11.858,55.732],[11.849,55.717],[11.845,55.714],[11.841,55.708],[11.841,55.704],[11.837,55.697],[11.839,55.688],[11.837,55.683],[11.831,55.682],[11.833,55.69],[11.83,55.692],[11.827,55.687],[11.829,55.682],[11.819,55.678],[11.814,55.673],[11.812,55.666],[11.804,55.66],[11.799,55.663],[11.791,55.661],[11.782,55.663],[11.782,55.659],[11.779,55.658],[11.77,55.659],[11.77,55.661],[11.775,55.664],[11.776,55.668],[11.781,55.67],[11.79,55.671],[11.788,55.676],[11.79,55.682],[11.797,55.68],[11.801,55.681],[11.807,55.687],[11.807,55.693],[11.804,55.698],[11.799,55.697],[11.792,55.699],[11.791,55.703],[11.793,55.708],[11.792,55.712],[11.784,55.724],[11.773,55.728],[11.768,55.733],[11.764,55.729],[11.77,55.729],[11.775,55.727],[11.773,55.723],[11.769,55.721],[11.758,55.723],[11.749,55.723],[11.738,55.72],[11.721,55.72],[11.714,55.721],[11.703,55.719],[11.683,55.718],[11.678,55.717],[11.667,55.716],[11.663,55.717],[11.663,55.719],[11.654,55.722],[11.657,55.725],[11.652,55.731],[11.661,55.734],[11.671,55.733],[11.686,55.736],[11.705,55.735],[11.708,55.736],[11.719,55.736],[11.728,55.739],[11.736,55.74],[11.744,55.739],[11.749,55.739],[11.765,55.745],[11.77,55.744],[11.77,55.751],[11.748,55.757],[11.741,55.764],[11.741,55.766],[11.75,55.771],[11.753,55.763],[11.756,55.762],[11.761,55.766],[11.758,55.77],[11.749,55.774],[11.748,55.781],[11.744,55.789],[11.736,55.793],[11.732,55.796],[11.727,55.796],[11.721,55.791],[11.714,55.79],[11.702,55.79],[11.702,55.788],[11.697,55.786],[11.685,55.785],[11.68,55.783],[11.678,55.779],[11.662,55.774],[11.652,55.773],[11.639,55.773],[11.631,55.772],[11.622,55.775],[11.613,55.778],[11.609,55.782],[11.611,55.785],[11.617,55.787],[11.627,55.788],[11.647,55.795],[11.645,55.799],[11.649,55.803],[11.653,55.804],[11.649,55.809],[11.663,55.818],[11.686,55.816],[11.693,55.812],[11.705,55.81],[11.711,55.81],[11.715,55.806],[11.721,55.812],[11.729,55.817],[11.735,55.824],[11.732,55.835],[11.725,55.844],[11.714,55.851],[11.708,55.86],[11.694,55.872],[11.69,55.875],[11.669,55.881],[11.666,55.888],[11.666,55.895],[11.67,55.902],[11.67,55.91],[11.673,55.915],[11.68,55.915],[11.69,55.912],[11.697,55.915],[11.71,55.912],[11.709,55.908],[11.711,55.904],[11.723,55.9],[11.734,55.899],[11.749,55.904],[11.753,55.906],[11.753,55.912],[11.75,55.918],[11.749,55.924],[11.752,55.93],[11.752,55.934],[11.755,55.941],[11.76,55.943],[11.766,55.944],[11.768,55.946],[11.776,55.953],[11.785,55.954],[11.792,55.95],[11.791,55.957],[11.78,55.972],[11.777,55.977],[11.771,55.975],[11.748,55.968],[11.737,55.964],[11.731,55.96],[11.713,55.952],[11.703,55.949],[11.688,55.946],[11.675,55.945],[11.654,55.94],[11.641,55.939],[11.629,55.94],[11.626,55.942],[11.612,55.945],[11.606,55.947],[11.597,55.955],[11.596,55.959],[11.592,55.962],[11.583,55.962],[11.572,55.958],[11.557,55.955],[11.545,55.953],[11.523,55.951],[11.514,55.952],[11.497,55.956],[11.481,55.96],[11.471,55.96],[11.464,55.96],[11.442,55.961],[11.423,55.962],[11.399,55.966],[11.386,55.967],[11.379,55.968],[11.366,55.973],[11.358,55.975],[11.35,55.978],[11.315,55.985],[11.3,55.99],[11.294,55.996],[11.287,56.001],[11.28,56.009],[11.278,56.006],[11.282,56.003],[11.285,55.997],[11.286,55.991],[11.292,55.98],[11.299,55.975],[11.308,55.975],[11.32,55.971],[11.336,55.97],[11.344,55.966],[11.358,55.96],[11.364,55.958],[11.376,55.953],[11.384,55.954],[11.423,55.95],[11.429,55.949],[11.45,55.95],[11.465,55.949],[11.481,55.943],[11.494,55.941],[11.502,55.937],[11.508,55.933],[11.513,55.933],[11.518,55.931],[11.522,55.928],[11.526,55.92],[11.526,55.907],[11.523,55.899],[11.524,55.891],[11.528,55.895],[11.526,55.898],[11.53,55.901],[11.53,55.89],[11.532,55.888],[11.528,55.884],[11.524,55.883],[11.519,55.871],[11.516,55.867],[11.505,55.855],[11.5,55.851],[11.492,55.847],[11.484,55.846],[11.473,55.849],[11.463,55.847],[11.45,55.848],[11.439,55.844],[11.425,55.84],[11.405,55.832],[11.394,55.831],[11.388,55.831],[11.384,55.834],[11.376,55.837],[11.374,55.841],[11.368,55.844],[11.362,55.842],[11.37,55.838],[11.373,55.833],[11.377,55.822],[11.376,55.813],[11.378,55.81],[11.376,55.798],[11.382,55.79],[11.382,55.786],[11.377,55.779],[11.38,55.777],[11.371,55.77],[11.37,55.768],[11.362,55.765],[11.349,55.757],[11.334,55.754],[11.327,55.753],[11.31,55.754],[11.305,55.75],[11.306,55.746],[11.299,55.746],[11.296,55.749],[11.297,55.754],[11.291,55.753],[11.293,55.75],[11.291,55.745],[11.285,55.739],[11.281,55.736],[11.268,55.731],[11.255,55.73],[11.248,55.732],[11.247,55.734],[11.236,55.74],[11.228,55.742],[11.223,55.748],[11.217,55.746],[11.215,55.743],[11.219,55.739],[11.217,55.736],[11.213,55.733],[11.197,55.732],[11.187,55.738],[11.186,55.743],[11.181,55.748],[11.178,55.754],[11.167,55.752],[11.152,55.751],[11.144,55.753],[11.138,55.752],[11.127,55.752],[11.112,55.745],[11.085,55.736],[11.06,55.733],[11.044,55.732],[11.027,55.736],[11.02,55.736],[11.01,55.739],[11.007,55.741],[10.986,55.746],[10.971,55.748],[10.956,55.75],[10.942,55.749],[10.924,55.749],[10.897,55.744],[10.882,55.743],[10.876,55.741],[10.885,55.735],[10.909,55.729],[10.918,55.727],[10.929,55.727],[10.934,55.728],[10.953,55.728],[10.965,55.73],[10.984,55.727],[10.995,55.724],[11.005,55.713],[11.015,55.704],[11.024,55.699],[11.038,55.693],[11.045,55.688],[11.061,55.683],[11.068,55.677],[11.071,55.68],[11.075,55.681],[11.083,55.677],[11.093,55.677],[11.098,55.674],[11.091,55.673],[11.09,55.67],[11.097,55.667],[11.087,55.661],[11.084,55.665],[11.068,55.661],[11.067,55.664],[11.059,55.665],[11.059,55.662],[11.052,55.662],[11.036,55.665],[11.025,55.666],[10.999,55.669],[10.987,55.667],[10.98,55.667],[10.963,55.669],[10.957,55.672],[10.952,55.671],[10.941,55.674],[10.937,55.673],[10.932,55.669],[10.934,55.663],[10.941,55.662],[10.943,55.659],[10.954,55.658],[10.964,55.658],[10.975,55.657],[10.999,55.656],[11.012,55.654],[11.026,55.652],[11.04,55.649],[11.048,55.645],[11.072,55.638],[11.084,55.633],[11.096,55.629],[11.102,55.626],[11.111,55.624],[11.126,55.616],[11.138,55.603],[11.142,55.596],[11.147,55.591],[11.151,55.585],[11.153,55.576],[11.157,55.565],[11.157,55.555],[11.151,55.545],[11.141,55.536],[11.152,55.537],[11.151,55.534],[11.145,55.532],[11.139,55.534],[11.14,55.536],[11.129,55.535],[11.124,55.537],[11.115,55.537],[11.105,55.534],[11.099,55.534],[11.096,55.536],[11.088,55.533],[11.083,55.52],[11.08,55.515],[11.086,55.515],[11.091,55.512],[11.097,55.511],[11.111,55.512],[11.115,55.514],[11.122,55.522],[11.117,55.523],[11.115,55.526],[11.117,55.529],[11.122,55.533],[11.127,55.526],[11.135,55.524],[11.141,55.515],[11.15,55.509],[11.158,55.506],[11.163,55.505],[11.173,55.498],[11.178,55.488],[11.178,55.476],[11.182,55.47],[11.191,55.463],[11.192,55.46],[11.199,55.456],[11.202,55.451],[11.204,55.443],[11.202,55.435],[11.197,55.425],[11.195,55.421],[11.196,55.417],[11.203,55.413],[11.205,55.409],[11.213,55.403],[11.215,55.396],[11.211,55.389],[11.202,55.383],[11.175,55.379],[11.167,55.374],[11.149,55.367],[11.137,55.367],[11.131,55.365],[11.122,55.365],[11.117,55.366],[11.114,55.37],[11.108,55.366],[11.099,55.356],[11.094,55.352],[11.096,55.348],[11.109,55.348],[11.117,55.341],[11.124,55.337],[11.132,55.336],[11.139,55.336],[11.141,55.331],[11.129,55.333],[11.132,55.328],[11.13,55.326],[11.15,55.321],[11.155,55.319],[11.174,55.306],[11.181,55.306],[11.202,55.299],[11.21,55.295],[11.226,55.291],[11.234,55.287],[11.237,55.281],[11.237,55.273],[11.242,55.268],[11.245,55.26],[11.244,55.256],[11.239,55.25],[11.244,55.247],[11.252,55.248],[11.258,55.247],[11.266,55.239],[11.269,55.24],[11.271,55.245],[11.283,55.252],[11.291,55.254],[11.284,55.257],[11.285,55.259],[11.287,55.273],[11.291,55.278],[11.298,55.28],[11.306,55.275],[11.306,55.266],[11.301,55.261],[11.298,55.256],[11.292,55.255],[11.289,55.247],[11.284,55.245],[11.281,55.24],[11.281,55.236],[11.275,55.234],[11.27,55.238],[11.264,55.237],[11.26,55.24],[11.254,55.239],[11.247,55.241],[11.246,55.244],[11.238,55.247],[11.234,55.244],[11.236,55.239],[11.241,55.234],[11.246,55.227],[11.25,55.224],[11.248,55.222],[11.238,55.221],[11.238,55.217],[11.25,55.209],[11.244,55.208],[11.258,55.201],[11.266,55.2],[11.279,55.201],[11.284,55.199],[11.295,55.193],[11.31,55.195],[11.318,55.194],[11.312,55.199],[11.313,55.203],[11.319,55.211],[11.33,55.209],[11.332,55.205],[11.337,55.201],[11.342,55.202],[11.341,55.205],[11.352,55.21],[11.362,55.2],[11.369,55.198],[11.378,55.199],[11.386,55.205],[11.395,55.206],[11.397,55.209],[11.403,55.207],[11.414,55.206],[11.417,55.203],[11.416,55.206],[11.424,55.21],[11.426,55.214],[11.434,55.219],[11.44,55.218],[11.445,55.214],[11.451,55.215],[11.455,55.217],[11.469,55.209],[11.468,55.204],[11.478,55.207],[11.489,55.204],[11.493,55.198],[11.505,55.2],[11.516,55.198],[11.531,55.196],[11.549,55.191],[11.571,55.191],[11.581,55.188],[11.594,55.19],[11.608,55.187],[11.619,55.182],[11.627,55.183],[11.632,55.181],[11.64,55.176],[11.649,55.178],[11.656,55.181],[11.655,55.188],[11.67,55.197],[11.672,55.201],[11.679,55.202],[11.686,55.207],[11.693,55.209],[11.705,55.208],[11.713,55.209],[11.723,55.205],[11.731,55.201],[11.736,55.197],[11.742,55.194],[11.734,55.192],[11.731,55.188],[11.724,55.183],[11.739,55.183],[11.742,55.179],[11.73,55.175],[11.724,55.174],[11.714,55.169],[11.713,55.159],[11.717,55.156],[11.725,55.153],[11.733,55.152],[11.742,55.156],[11.752,55.154],[11.759,55.154],[11.772,55.157],[11.775,55.154],[11.771,55.15],[11.776,55.147],[11.783,55.146],[11.788,55.153],[11.795,55.154],[11.801,55.15],[11.811,55.149],[11.815,55.145],[11.814,55.141],[11.818,55.133],[11.816,55.131],[11.806,55.129],[11.794,55.132],[11.783,55.133],[11.778,55.132],[11.767,55.128],[11.765,55.121],[11.759,55.119],[11.75,55.121],[11.74,55.121],[11.727,55.121],[11.731,55.125],[11.727,55.129],[11.723,55.128],[11.719,55.124],[11.72,55.113],[11.729,55.107],[11.74,55.095],[11.746,55.094],[11.75,55.092],[11.759,55.092],[11.757,55.088],[11.748,55.088],[11.75,55.084],[11.761,55.077],[11.777,55.075],[11.779,55.076],[11.77,55.08],[11.768,55.085],[11.774,55.086],[11.78,55.081],[11.788,55.079],[11.799,55.077],[11.809,55.072],[11.812,55.065],[11.822,55.058],[11.831,55.052],[11.832,55.045],[11.827,55.042],[11.816,55.043],[11.806,55.048],[11.799,55.05],[11.786,55.053],[11.781,55.055],[11.771,55.057],[11.765,55.06],[11.754,55.062],[11.747,55.064],[11.736,55.064],[11.723,55.066],[11.694,55.071],[11.686,55.073],[11.678,55.073],[11.675,55.074],[11.684,55.069],[11.702,55.063],[11.719,55.059],[11.729,55.055],[11.736,55.054],[11.755,55.052],[11.773,55.048],[11.795,55.042],[11.803,55.039],[11.809,55.038],[11.816,55.035],[11.826,55.028],[11.829,55.024],[11.838,55.02],[11.849,55.018],[11.857,55.013],[11.866,55.007],[11.885,55.002],[11.889,54.998],[11.896,54.995],[11.905,54.994],[11.912,54.996],[11.919,54.995],[11.918,55.001],[11.911,55.003],[11.911,55.005],[11.922,55.003],[11.925,55.001],[11.936,54.999],[11.951,54.998],[11.955,54.996],[11.959,54.988],[11.972,54.981],[11.978,54.977],[11.994,54.97],[12.011,54.966],[12.025,54.963],[12.039,54.962],[12.053,54.963],[12.058,54.965],[12.064,54.966],[12.071,54.969],[12.078,54.971],[12.092,54.979],[12.094,54.981],[12.1,54.982],[12.109,54.99],[12.121,54.995],[12.13,54.994],[12.134,54.995],[12.14,54.993],[12.147,54.996],[12.165,54.996],[12.168,54.995],[12.171,55.002],[12.171,55.004],[12.165,55.01],[12.155,55.021],[12.153,55.024],[12.142,55.035],[12.14,55.042],[12.145,55.045],[12.141,55.048],[12.128,55.048],[12.131,55.056],[12.124,55.06],[12.122,55.068],[12.124,55.074],[12.116,55.075],[12.12,55.078],[12.116,55.084],[12.106,55.084],[12.101,55.086],[12.107,55.09],[12.112,55.085],[12.121,55.084],[12.122,55.08],[12.125,55.079],[12.135,55.083],[12.142,55.079],[12.148,55.08],[12.153,55.076],[12.168,55.086],[12.172,55.091],[12.17,55.093],[12.17,55.099],[12.175,55.105],[12.18,55.105],[12.183,55.112],[12.182,55.114],[12.171,55.119],[12.165,55.124],[12.152,55.127],[12.13,55.132],[12.127,55.127],[12.114,55.124],[12.103,55.126],[12.102,55.123],[12.088,55.123],[12.09,55.127],[12.086,55.13],[12.08,55.131],[12.075,55.129],[12.065,55.13],[12.063,55.128],[12.061,55.122],[12.054,55.121],[12.052,55.125],[12.047,55.126],[12.035,55.123],[12.034,55.127],[12.039,55.131],[12.04,55.136],[12.035,55.141],[12.028,55.144],[12.017,55.144],[12.011,55.147],[12.022,55.161],[12.03,55.167],[12.047,55.172],[12.053,55.172],[12.059,55.175],[12.071,55.176],[12.094,55.176],[12.095,55.172],[12.085,55.165],[12.084,55.162],[12.084,55.152],[12.081,55.141],[12.078,55.137],[12.087,55.134],[12.098,55.134],[12.107,55.14],[12.111,55.14],[12.112,55.144],[12.106,55.163],[12.108,55.175],[12.113,55.182],[12.117,55.185],[12.136,55.192],[12.144,55.201],[12.151,55.209],[12.158,55.213],[12.165,55.215],[12.166,55.212],[12.178,55.218],[12.193,55.224],[12.204,55.225],[12.215,55.228],[12.233,55.235],[12.239,55.235],[12.244,55.238],[12.258,55.24],[12.276,55.242],[12.284,55.24],[12.298,55.238],[12.314,55.239],[12.327,55.238],[12.342,55.238],[12.346,55.236],[12.354,55.236],[12.357,55.238],[12.36,55.245],[12.362,55.249],[12.368,55.253],[12.374,55.254],[12.379,55.253],[12.386,55.255],[12.396,55.254],[12.399,55.257],[12.41,55.259],[12.416,55.262],[12.421,55.267],[12.426,55.268],[12.434,55.274],[12.445,55.277],[12.448,55.281],[12.451,55.282],[12.455,55.289],[12.455,55.294],[12.447,55.3],[12.445,55.307],[12.445,55.315],[12.451,55.326],[12.455,55.33],[12.448,55.333],[12.447,55.337],[12.447,55.343],[12.445,55.348],[12.436,55.353],[12.431,55.358],[12.425,55.36],[12.415,55.369],[12.411,55.37],[12.402,55.375],[12.388,55.385],[12.377,55.391],[12.365,55.397],[12.357,55.397],[12.334,55.4],[12.318,55.401],[12.31,55.4],[12.303,55.401],[12.28,55.408],[12.276,55.409],[12.256,55.416],[12.249,55.416],[12.231,55.422],[12.216,55.428]]],[[[11.349,55.032],[11.343,55.029],[11.344,55.024],[11.347,55.023],[11.354,55.028],[11.372,55.034],[11.375,55.036],[11.375,55.04],[11.368,55.04],[11.357,55.037],[11.349,55.032]]],[[[11.291,54.974],[11.291,54.97],[11.295,54.97],[11.297,54.973],[11.291,54.974]]],[[[11.307,54.972],[11.303,54.971],[11.304,54.964],[11.311,54.962],[11.318,54.968],[11.312,54.972],[11.307,54.972]]],[[[11.415,54.967],[11.41,54.968],[11.408,54.963],[11.411,54.954],[11.41,54.949],[11.404,54.948],[11.396,54.953],[11.381,54.956],[11.377,54.95],[11.37,54.949],[11.366,54.951],[11.364,54.957],[11.369,54.96],[11.366,54.964],[11.358,54.969],[11.35,54.968],[11.35,54.965],[11.355,54.957],[11.361,54.958],[11.364,54.955],[11.364,54.951],[11.366,54.945],[11.374,54.936],[11.39,54.929],[11.398,54.926],[11.401,54.921],[11.406,54.923],[11.413,54.931],[11.419,54.935],[11.424,54.936],[11.428,54.941],[11.434,54.944],[11.447,54.943],[11.452,54.945],[11.465,54.944],[11.469,54.943],[11.471,54.948],[11.469,54.952],[11.455,54.963],[11.447,54.965],[11.437,54.965],[11.428,54.963],[11.415,54.967]]],[[[11.502,54.986],[11.498,54.983],[11.499,54.979],[11.507,54.975],[11.516,54.972],[11.524,54.963],[11.525,54.957],[11.535,54.951],[11.538,54.948],[11.543,54.955],[11.562,54.968],[11.567,54.972],[11.567,54.975],[11.558,54.983],[11.549,54.988],[11.543,54.99],[11.528,54.989],[11.517,54.991],[11.506,54.988],[11.502,54.986]]],[[[11.501,54.91],[11.505,54.913],[11.499,54.914],[11.48,54.912],[11.473,54.913],[11.474,54.91],[11.481,54.906],[11.49,54.91],[11.496,54.912],[11.501,54.91]]],[[[11.501,54.896],[11.493,54.902],[11.49,54.899],[11.485,54.9],[11.481,54.897],[11.476,54.897],[11.478,54.888],[11.48,54.886],[11.495,54.886],[11.507,54.889],[11.518,54.886],[11.517,54.891],[11.504,54.894],[11.501,54.896]]],[[[11.561,54.659],[11.582,54.657],[11.588,54.66],[11.583,54.663],[11.591,54.665],[11.597,54.664],[11.608,54.661],[11.608,54.66],[11.627,54.66],[11.63,54.663],[11.644,54.662],[11.649,54.658],[11.66,54.662],[11.665,54.667],[11.67,54.665],[11.67,54.662],[11.676,54.662],[11.688,54.664],[11.701,54.662],[11.705,54.66],[11.708,54.654],[11.711,54.652],[11.719,54.654],[11.724,54.657],[11.721,54.66],[11.721,54.663],[11.73,54.664],[11.733,54.657],[11.728,54.655],[11.737,54.651],[11.75,54.651],[11.765,54.651],[11.769,54.65],[11.786,54.649],[11.788,54.647],[11.802,54.643],[11.81,54.649],[11.815,54.647],[11.818,54.648],[11.82,54.651],[11.825,54.65],[11.833,54.653],[11.824,54.658],[11.828,54.662],[11.84,54.666],[11.84,54.671],[11.852,54.675],[11.839,54.68],[11.839,54.683],[11.854,54.684],[11.86,54.687],[11.859,54.693],[11.853,54.696],[11.846,54.694],[11.83,54.698],[11.819,54.703],[11.817,54.707],[11.812,54.708],[11.807,54.713],[11.809,54.716],[11.821,54.718],[11.823,54.72],[11.815,54.723],[11.816,54.727],[11.82,54.729],[11.819,54.732],[11.825,54.732],[11.829,54.728],[11.833,54.726],[11.847,54.727],[11.858,54.733],[11.864,54.736],[11.867,54.739],[11.864,54.75],[11.857,54.758],[11.856,54.769],[11.852,54.773],[11.833,54.78],[11.829,54.785],[11.822,54.79],[11.81,54.791],[11.809,54.794],[11.799,54.797],[11.798,54.799],[11.787,54.804],[11.78,54.81],[11.78,54.819],[11.787,54.825],[11.79,54.832],[11.78,54.831],[11.761,54.838],[11.75,54.839],[11.749,54.842],[11.744,54.845],[11.744,54.851],[11.737,54.858],[11.739,54.866],[11.747,54.872],[11.741,54.875],[11.722,54.873],[11.716,54.873],[11.707,54.876],[11.695,54.881],[11.683,54.887],[11.675,54.892],[11.673,54.896],[11.664,54.897],[11.66,54.901],[11.65,54.903],[11.644,54.902],[11.636,54.903],[11.636,54.899],[11.644,54.894],[11.649,54.888],[11.643,54.873],[11.644,54.869],[11.65,54.866],[11.652,54.863],[11.651,54.858],[11.639,54.858],[11.629,54.853],[11.621,54.85],[11.609,54.849],[11.601,54.85],[11.584,54.857],[11.576,54.855],[11.574,54.852],[11.564,54.852],[11.561,54.846],[11.565,54.842],[11.57,54.84],[11.574,54.836],[11.578,54.833],[11.584,54.834],[11.594,54.83],[11.594,54.828],[11.599,54.825],[11.607,54.819],[11.615,54.816],[11.617,54.812],[11.606,54.816],[11.6,54.819],[11.596,54.824],[11.59,54.827],[11.577,54.826],[11.566,54.824],[11.563,54.824],[11.555,54.829],[11.548,54.829],[11.543,54.828],[11.536,54.83],[11.526,54.83],[11.51,54.833],[11.505,54.831],[11.493,54.832],[11.49,54.837],[11.476,54.841],[11.47,54.839],[11.466,54.841],[11.464,54.845],[11.466,54.849],[11.465,54.853],[11.468,54.855],[11.469,54.859],[11.463,54.863],[11.446,54.866],[11.435,54.863],[11.432,54.861],[11.427,54.863],[11.427,54.866],[11.431,54.868],[11.431,54.87],[11.421,54.871],[11.409,54.877],[11.398,54.878],[11.393,54.881],[11.38,54.885],[11.371,54.892],[11.365,54.895],[11.361,54.901],[11.363,54.905],[11.359,54.912],[11.357,54.916],[11.346,54.921],[11.333,54.923],[11.324,54.925],[11.317,54.925],[11.312,54.931],[11.303,54.939],[11.295,54.945],[11.286,54.948],[11.284,54.951],[11.277,54.951],[11.268,54.956],[11.255,54.957],[11.219,54.959],[11.205,54.96],[11.182,54.961],[11.172,54.959],[11.167,54.955],[11.161,54.957],[11.151,54.953],[11.143,54.949],[11.134,54.952],[11.131,54.95],[11.131,54.945],[11.116,54.949],[11.111,54.947],[11.111,54.944],[11.118,54.941],[11.115,54.937],[11.1,54.942],[11.089,54.94],[11.082,54.942],[11.071,54.939],[11.061,54.929],[11.053,54.925],[11.05,54.923],[11.035,54.918],[11.028,54.914],[11.023,54.906],[11.022,54.902],[11.016,54.889],[11.018,54.885],[11.018,54.88],[11.023,54.878],[11.027,54.882],[11.032,54.879],[11.029,54.871],[11.034,54.87],[11.039,54.876],[11.045,54.876],[11.045,54.868],[11.054,54.87],[11.061,54.868],[11.056,54.863],[11.063,54.857],[11.067,54.856],[11.069,54.853],[11.069,54.848],[11.078,54.848],[11.08,54.839],[11.078,54.837],[11.088,54.835],[11.092,54.833],[11.103,54.835],[11.115,54.832],[11.119,54.834],[11.125,54.835],[11.128,54.831],[11.11,54.831],[11.109,54.825],[11.101,54.822],[11.097,54.819],[11.093,54.812],[11.085,54.811],[11.078,54.817],[11.067,54.819],[11.068,54.814],[11.08,54.807],[11.079,54.805],[11.072,54.802],[11.07,54.799],[11.045,54.799],[11.041,54.811],[11.03,54.811],[11.025,54.815],[11.02,54.817],[11.015,54.815],[11.009,54.816],[11.001,54.82],[10.987,54.821],[10.994,54.817],[11.007,54.813],[11.013,54.809],[11.009,54.802],[10.998,54.798],[10.994,54.797],[10.986,54.799],[10.98,54.797],[10.979,54.795],[10.97,54.799],[10.963,54.805],[10.96,54.812],[10.958,54.821],[10.961,54.827],[10.968,54.826],[10.968,54.829],[10.962,54.833],[10.955,54.831],[10.955,54.828],[10.957,54.822],[10.957,54.815],[10.963,54.804],[10.97,54.797],[10.976,54.793],[10.992,54.775],[10.998,54.768],[11.006,54.763],[11.023,54.757],[11.037,54.753],[11.062,54.746],[11.077,54.743],[11.097,54.74],[11.103,54.74],[11.121,54.737],[11.134,54.733],[11.156,54.729],[11.187,54.72],[11.198,54.718],[11.209,54.716],[11.226,54.709],[11.241,54.708],[11.248,54.705],[11.255,54.705],[11.269,54.699],[11.277,54.694],[11.297,54.686],[11.315,54.673],[11.32,54.667],[11.318,54.664],[11.329,54.658],[11.344,54.651],[11.345,54.656],[11.354,54.651],[11.348,54.65],[11.356,54.645],[11.376,54.638],[11.377,54.641],[11.389,54.637],[11.389,54.635],[11.403,54.635],[11.414,54.631],[11.447,54.614],[11.464,54.608],[11.462,54.612],[11.473,54.618],[11.486,54.628],[11.489,54.628],[11.497,54.635],[11.514,54.637],[11.52,54.636],[11.526,54.638],[11.537,54.639],[11.544,54.64],[11.551,54.647],[11.551,54.651],[11.557,54.653],[11.569,54.652],[11.56,54.656],[11.561,54.659]]],[[[11.467,54.607],[11.471,54.606],[11.486,54.598],[11.497,54.596],[11.511,54.594],[11.501,54.599],[11.491,54.598],[11.489,54.601],[11.482,54.601],[11.473,54.606],[11.467,54.607]]],[[[11.021,54.828],[11.019,54.831],[11.021,54.837],[11.024,54.84],[11.021,54.842],[11.022,54.849],[11.016,54.851],[11.014,54.842],[11.014,54.838],[11.017,54.83],[11.021,54.828]]],[[[11.052,54.856],[11.053,54.853],[11.05,54.848],[11.055,54.848],[11.06,54.852],[11.052,54.856]]],[[[12.129,54.866],[12.124,54.871],[12.121,54.877],[12.121,54.887],[12.115,54.888],[12.095,54.889],[12.093,54.89],[12.081,54.893],[12.074,54.893],[12.061,54.89],[12.059,54.888],[12.052,54.889],[12.041,54.892],[12.03,54.892],[12.006,54.896],[12.001,54.896],[11.99,54.9],[11.988,54.904],[11.988,54.908],[11.983,54.913],[11.98,54.919],[11.981,54.923],[11.978,54.929],[11.981,54.933],[11.975,54.937],[11.967,54.939],[11.958,54.94],[11.952,54.94],[11.942,54.937],[11.932,54.936],[11.926,54.94],[11.924,54.923],[11.919,54.922],[11.919,54.917],[11.904,54.917],[11.89,54.922],[11.887,54.926],[11.89,54.931],[11.881,54.934],[11.88,54.937],[11.873,54.939],[11.877,54.943],[11.876,54.946],[11.868,54.95],[11.871,54.953],[11.857,54.956],[11.85,54.958],[11.842,54.959],[11.83,54.967],[11.825,54.968],[11.823,54.964],[11.829,54.959],[11.828,54.953],[11.823,54.944],[11.816,54.942],[11.815,54.939],[11.801,54.936],[11.796,54.944],[11.79,54.948],[11.783,54.955],[11.777,54.957],[11.775,54.96],[11.768,54.961],[11.756,54.962],[11.745,54.961],[11.739,54.958],[11.731,54.95],[11.739,54.947],[11.737,54.942],[11.728,54.942],[11.721,54.944],[11.71,54.935],[11.706,54.934],[11.707,54.93],[11.722,54.93],[11.728,54.93],[11.746,54.929],[11.756,54.918],[11.755,54.912],[11.748,54.907],[11.743,54.901],[11.741,54.894],[11.747,54.885],[11.755,54.884],[11.757,54.881],[11.755,54.876],[11.749,54.871],[11.754,54.869],[11.758,54.86],[11.755,54.857],[11.762,54.856],[11.769,54.854],[11.784,54.854],[11.791,54.849],[11.803,54.847],[11.807,54.843],[11.805,54.837],[11.807,54.834],[11.814,54.832],[11.814,54.827],[11.808,54.821],[11.807,54.817],[11.796,54.812],[11.795,54.81],[11.803,54.803],[11.811,54.8],[11.831,54.796],[11.836,54.787],[11.848,54.784],[11.86,54.776],[11.863,54.771],[11.861,54.77],[11.867,54.761],[11.879,54.751],[11.884,54.747],[11.875,54.741],[11.875,54.735],[11.869,54.731],[11.87,54.727],[11.882,54.725],[11.902,54.719],[11.907,54.72],[11.911,54.718],[11.909,54.712],[11.904,54.709],[11.9,54.704],[11.891,54.699],[11.888,54.694],[11.882,54.692],[11.878,54.688],[11.878,54.679],[11.869,54.666],[11.867,54.658],[11.873,54.646],[11.892,54.63],[11.898,54.62],[11.906,54.612],[11.913,54.607],[11.917,54.603],[11.921,54.593],[11.922,54.587],[11.921,54.58],[11.918,54.576],[11.937,54.57],[11.947,54.567],[11.97,54.559],[11.973,54.564],[11.974,54.575],[11.973,54.582],[11.968,54.605],[11.964,54.622],[11.961,54.648],[11.962,54.665],[11.964,54.675],[11.973,54.694],[11.98,54.702],[11.985,54.707],[11.994,54.712],[12.008,54.72],[12.015,54.722],[12.025,54.731],[12.03,54.74],[12.039,54.755],[12.043,54.759],[12.052,54.764],[12.066,54.778],[12.074,54.783],[12.081,54.789],[12.089,54.792],[12.103,54.795],[12.116,54.8],[12.127,54.808],[12.129,54.816],[12.133,54.821],[12.146,54.827],[12.16,54.829],[12.165,54.836],[12.159,54.843],[12.156,54.847],[12.146,54.852],[12.137,54.861],[12.129,54.866]]],[[[11.673,55.074],[11.654,55.078],[11.633,55.083],[11.62,55.083],[11.625,55.08],[11.632,55.081],[11.636,55.078],[11.642,55.079],[11.648,55.078],[11.652,55.075],[11.658,55.074],[11.664,55.074],[11.673,55.074]]],[[[12.285,54.981],[12.277,54.984],[12.273,54.984],[12.26,54.982],[12.254,54.978],[12.234,54.975],[12.224,54.972],[12.207,54.967],[12.203,54.97],[12.203,54.978],[12.197,54.981],[12.18,54.985],[12.169,54.986],[12.169,54.981],[12.177,54.976],[12.184,54.971],[12.183,54.968],[12.172,54.968],[12.163,54.972],[12.147,54.969],[12.145,54.965],[12.138,54.965],[12.131,54.962],[12.127,54.958],[12.12,54.957],[12.124,54.951],[12.13,54.947],[12.14,54.944],[12.147,54.943],[12.139,54.939],[12.133,54.937],[12.124,54.934],[12.119,54.933],[12.112,54.923],[12.11,54.917],[12.116,54.916],[12.118,54.912],[12.122,54.909],[12.107,54.906],[12.105,54.903],[12.112,54.902],[12.129,54.903],[12.136,54.901],[12.143,54.902],[12.144,54.896],[12.135,54.896],[12.131,54.899],[12.126,54.9],[12.125,54.897],[12.135,54.89],[12.143,54.881],[12.161,54.881],[12.18,54.879],[12.207,54.882],[12.211,54.884],[12.22,54.89],[12.231,54.896],[12.238,54.905],[12.245,54.912],[12.257,54.919],[12.267,54.925],[12.271,54.929],[12.285,54.939],[12.304,54.948],[12.316,54.953],[12.324,54.956],[12.345,54.962],[12.358,54.964],[12.366,54.965],[12.385,54.965],[12.403,54.964],[12.434,54.961],[12.462,54.956],[12.468,54.952],[12.484,54.95],[12.494,54.946],[12.509,54.943],[12.519,54.944],[12.525,54.944],[12.537,54.945],[12.541,54.946],[12.551,54.956],[12.554,54.961],[12.551,54.972],[12.547,54.98],[12.541,54.988],[12.538,54.99],[12.533,54.995],[12.528,55.001],[12.522,55.008],[12.503,55.013],[12.496,55.013],[12.488,55.016],[12.475,55.018],[12.462,55.023],[12.457,55.022],[12.434,55.024],[12.422,55.022],[12.414,55.023],[12.388,55.027],[12.36,55.026],[12.348,55.028],[12.326,55.027],[12.307,55.029],[12.29,55.035],[12.281,55.041],[12.277,55.048],[12.274,55.055],[12.271,55.057],[12.262,55.061],[12.259,55.061],[12.252,55.054],[12.242,55.053],[12.236,55.049],[12.232,55.043],[12.236,55.038],[12.243,55.036],[12.253,55.04],[12.26,55.035],[12.26,55.033],[12.268,55.031],[12.271,55.026],[12.274,55.025],[12.286,55.016],[12.282,55.009],[12.273,55.002],[12.271,54.999],[12.272,54.995],[12.278,54.991],[12.281,54.984],[12.285,54.981]]],[[[12.1,55.131],[12.099,55.128],[12.108,55.127],[12.114,55.131],[12.1,55.131]]],[[[12.236,55.058],[12.234,55.061],[12.227,55.061],[12.221,55.059],[12.214,55.059],[12.208,55.056],[12.193,55.048],[12.18,55.047],[12.187,55.041],[12.194,55.04],[12.199,55.04],[12.209,55.035],[12.217,55.034],[12.222,55.036],[12.228,55.049],[12.235,55.055],[12.236,55.058]]],[[[12.111,54.985],[12.115,54.98],[12.112,54.978],[12.104,54.974],[12.114,54.972],[12.117,54.974],[12.118,54.978],[12.12,54.979],[12.129,54.986],[12.123,54.986],[12.115,54.988],[12.111,54.985]]],[[[12.076,54.947],[12.077,54.95],[12.085,54.951],[12.097,54.956],[12.101,54.956],[12.104,54.96],[12.093,54.961],[12.084,54.957],[12.075,54.955],[12.06,54.953],[12.062,54.952],[12.076,54.947]]],[[[12.078,54.909],[12.079,54.914],[12.087,54.921],[12.086,54.928],[12.079,54.93],[12.066,54.94],[12.056,54.939],[12.032,54.938],[12.025,54.934],[12.019,54.933],[12.009,54.934],[12.007,54.938],[12.002,54.938],[11.997,54.947],[11.997,54.955],[11.993,54.957],[11.984,54.955],[11.983,54.953],[11.986,54.949],[11.998,54.943],[11.999,54.94],[11.995,54.937],[11.994,54.934],[11.997,54.928],[12.003,54.922],[12.007,54.92],[12.017,54.918],[12.031,54.917],[12.034,54.916],[12.045,54.915],[12.048,54.914],[12.062,54.911],[12.074,54.908],[12.078,54.909]]],[[[11.896,54.977],[11.897,54.983],[11.894,54.989],[11.889,54.996],[11.881,54.999],[11.874,54.994],[11.866,54.995],[11.896,54.977]]],[[[11.687,55.174],[11.695,55.172],[11.701,55.175],[11.712,55.174],[11.717,55.172],[11.72,55.179],[11.721,55.184],[11.726,55.189],[11.73,55.191],[11.733,55.196],[11.716,55.198],[11.707,55.203],[11.702,55.202],[11.702,55.195],[11.694,55.189],[11.689,55.18],[11.69,55.178],[11.687,55.174]]],[[[11.679,55.188],[11.688,55.189],[11.682,55.193],[11.677,55.191],[11.679,55.188]]],[[[11.647,55.177],[11.653,55.169],[11.663,55.162],[11.678,55.161],[11.682,55.159],[11.695,55.151],[11.704,55.144],[11.712,55.145],[11.707,55.151],[11.703,55.152],[11.697,55.152],[11.695,55.157],[11.681,55.161],[11.678,55.165],[11.677,55.17],[11.678,55.178],[11.676,55.18],[11.664,55.174],[11.653,55.178],[11.647,55.177]]],[[[11.719,55.124],[11.721,55.13],[11.728,55.136],[11.726,55.139],[11.72,55.143],[11.723,55.147],[11.718,55.147],[11.717,55.143],[11.712,55.136],[11.714,55.125],[11.719,55.124]]],[[[11.417,55.203],[11.416,55.192],[11.405,55.194],[11.401,55.192],[11.396,55.196],[11.392,55.194],[11.387,55.189],[11.398,55.191],[11.405,55.191],[11.421,55.188],[11.434,55.186],[11.459,55.188],[11.458,55.191],[11.454,55.193],[11.454,55.197],[11.447,55.199],[11.449,55.203],[11.439,55.206],[11.425,55.204],[11.417,55.203]]],[[[10.977,55.335],[10.978,55.336],[10.989,55.34],[10.987,55.342],[10.979,55.34],[10.972,55.34],[10.964,55.336],[10.954,55.328],[10.967,55.329],[10.976,55.331],[10.977,55.334],[10.991,55.335],[10.991,55.337],[10.977,55.335]]],[[[11.172,55.214],[11.175,55.199],[11.191,55.194],[11.204,55.188],[11.209,55.184],[11.216,55.186],[11.213,55.19],[11.206,55.19],[11.199,55.192],[11.204,55.195],[11.207,55.198],[11.203,55.204],[11.197,55.209],[11.196,55.219],[11.19,55.225],[11.183,55.227],[11.178,55.23],[11.179,55.237],[11.186,55.24],[11.19,55.241],[11.187,55.246],[11.174,55.251],[11.169,55.249],[11.175,55.242],[11.171,55.237],[11.171,55.231],[11.172,55.224],[11.172,55.214]]],[[[11.178,55.175],[11.166,55.171],[11.159,55.172],[11.141,55.162],[11.134,55.16],[11.141,55.155],[11.142,55.147],[11.151,55.14],[11.157,55.151],[11.162,55.157],[11.168,55.162],[11.175,55.164],[11.18,55.167],[11.177,55.172],[11.178,55.175]]],[[[11.483,55.195],[11.491,55.198],[11.485,55.2],[11.478,55.198],[11.472,55.193],[11.477,55.193],[11.483,55.195]]],[[[11.8,55.792],[11.79,55.785],[11.783,55.786],[11.775,55.782],[11.781,55.774],[11.785,55.766],[11.792,55.763],[11.793,55.758],[11.801,55.759],[11.811,55.751],[11.815,55.75],[11.821,55.753],[11.835,55.757],[11.834,55.762],[11.846,55.776],[11.848,55.781],[11.846,55.782],[11.845,55.79],[11.842,55.792],[11.842,55.797],[11.833,55.803],[11.834,55.804],[11.83,55.809],[11.822,55.807],[11.822,55.803],[11.827,55.799],[11.821,55.786],[11.816,55.783],[11.811,55.783],[11.806,55.786],[11.8,55.792]]],[[[11.81,55.745],[11.814,55.743],[11.811,55.739],[11.817,55.737],[11.815,55.746],[11.81,55.745]]],[[[11.281,55.794],[11.28,55.786],[11.285,55.78],[11.291,55.776],[11.292,55.772],[11.298,55.767],[11.302,55.77],[11.304,55.776],[11.291,55.784],[11.295,55.789],[11.293,55.793],[11.284,55.796],[11.281,55.794]]],[[[11.139,55.88],[11.144,55.876],[11.154,55.871],[11.161,55.869],[11.172,55.869],[11.183,55.865],[11.191,55.865],[11.201,55.863],[11.212,55.859],[11.215,55.861],[11.213,55.864],[11.199,55.867],[11.191,55.871],[11.187,55.875],[11.175,55.879],[11.166,55.886],[11.151,55.893],[11.147,55.897],[11.134,55.9],[11.123,55.904],[11.118,55.907],[11.117,55.912],[11.105,55.913],[11.099,55.916],[11.093,55.916],[11.079,55.92],[11.079,55.914],[11.085,55.905],[11.092,55.904],[11.097,55.901],[11.116,55.897],[11.128,55.885],[11.134,55.881],[11.139,55.88]]]]}},{"type":"Feature","properties":{"id":705,"name":"Region Syddanmark","bbox":[8.074,54.722,10.956,55.957]},"geometry":{"type":"MultiPolygon","coordinates":[[[[9.387,55.924],[9.386,55.927],[9.37,55.931],[9.35,55.938],[9.343,55.936],[9.335,55.931],[9.327,55.933],[9.319,55.934],[9.311,55.938],[9.294,55.936],[9.292,55.937],[9.281,55.939],[9.276,55.944],[9.257,55.953],[9.24,55.953],[9.24,55.955],[9.227,55.957],[9.218,55.954],[9.215,55.943],[9.21,55.944],[9.204,55.936],[9.198,55.934],[9.195,55.931],[9.194,55.925],[9.196,55.917],[9.189,55.913],[9.178,55.91],[9.179,55.907],[9.174,55.903],[9.169,55.897],[9.16,55.896],[9.152,55.888],[9.147,55.885],[9.139,55.884],[9.134,55.881],[9.118,55.869],[9.097,55.877],[9.083,55.865],[9.077,55.858],[9.07,55.846],[9.071,55.844],[9.059,55.851],[9.046,55.836],[9.03,55.841],[9.021,55.834],[9.015,55.836],[9.009,55.832],[8.998,55.835],[8.993,55.838],[8.983,55.839],[8.969,55.841],[8.964,55.843],[8.959,55.842],[8.959,55.849],[8.968,55.865],[8.966,55.885],[8.943,55.892],[8.932,55.891],[8.881,55.896],[8.876,55.893],[8.865,55.895],[8.856,55.881],[8.851,55.88],[8.84,55.882],[8.83,55.862],[8.825,55.85],[8.822,55.847],[8.808,55.843],[8.795,55.838],[8.803,55.832],[8.814,55.828],[8.826,55.819],[8.791,55.812],[8.759,55.806],[8.75,55.808],[8.744,55.806],[8.729,55.814],[8.722,55.814],[8.722,55.821],[8.713,55.822],[8.707,55.825],[8.709,55.835],[8.708,55.838],[8.692,55.84],[8.676,55.848],[8.657,55.844],[8.626,55.845],[8.619,55.844],[8.615,55.84],[8.609,55.841],[8.595,55.837],[8.578,55.842],[8.567,55.85],[8.532,55.841],[8.543,55.831],[8.546,55.822],[8.54,55.822],[8.533,55.818],[8.533,55.815],[8.519,55.813],[8.513,55.81],[8.509,55.798],[8.511,55.798],[8.514,55.788],[8.508,55.783],[8.505,55.783],[8.5,55.777],[8.495,55.777],[8.476,55.779],[8.474,55.778],[8.462,55.781],[8.469,55.773],[8.465,55.773],[8.449,55.776],[8.443,55.78],[8.44,55.788],[8.43,55.791],[8.42,55.795],[8.424,55.799],[8.404,55.803],[8.388,55.802],[8.376,55.804],[8.373,55.808],[8.358,55.818],[8.355,55.821],[8.351,55.822],[8.329,55.804],[8.327,55.8],[8.317,55.8],[8.304,55.797],[8.293,55.798],[8.284,55.801],[8.279,55.797],[8.271,55.797],[8.263,55.804],[8.243,55.812],[8.233,55.812],[8.226,55.813],[8.224,55.816],[8.224,55.82],[8.229,55.825],[8.204,55.832],[8.192,55.832],[8.18,55.831],[8.179,55.826],[8.19,55.819],[8.19,55.818],[8.181,55.819],[8.171,55.816],[8.174,55.806],[8.177,55.787],[8.176,55.773],[8.176,55.769],[8.175,55.756],[8.173,55.747],[8.168,55.73],[8.164,55.721],[8.161,55.716],[8.159,55.709],[8.151,55.69],[8.141,55.672],[8.121,55.634],[8.099,55.598],[8.096,55.591],[8.087,55.579],[8.075,55.564],[8.074,55.561],[8.078,55.557],[8.084,55.555],[8.108,55.549],[8.14,55.541],[8.165,55.535],[8.171,55.535],[8.177,55.533],[8.202,55.523],[8.215,55.517],[8.248,55.5],[8.278,55.485],[8.288,55.479],[8.294,55.477],[8.306,55.481],[8.304,55.487],[8.307,55.492],[8.306,55.496],[8.301,55.5],[8.288,55.506],[8.282,55.511],[8.27,55.516],[8.257,55.522],[8.255,55.528],[8.269,55.532],[8.269,55.535],[8.254,55.538],[8.245,55.542],[8.238,55.553],[8.237,55.558],[8.238,55.563],[8.237,55.569],[8.245,55.573],[8.245,55.578],[8.249,55.581],[8.258,55.587],[8.269,55.596],[8.282,55.596],[8.294,55.594],[8.299,55.591],[8.308,55.589],[8.315,55.583],[8.315,55.578],[8.31,55.575],[8.306,55.576],[8.298,55.575],[8.294,55.572],[8.294,55.566],[8.308,55.556],[8.317,55.547],[8.321,55.544],[8.338,55.535],[8.354,55.522],[8.355,55.521],[8.38,55.509],[8.387,55.502],[8.405,55.49],[8.414,55.485],[8.409,55.484],[8.407,55.482],[8.413,55.479],[8.424,55.476],[8.436,55.466],[8.431,55.463],[8.431,55.461],[8.442,55.461],[8.446,55.463],[8.45,55.455],[8.471,55.45],[8.479,55.454],[8.484,55.45],[8.477,55.449],[8.476,55.446],[8.483,55.444],[8.503,55.453],[8.513,55.452],[8.525,55.452],[8.544,55.456],[8.556,55.454],[8.563,55.447],[8.569,55.445],[8.582,55.443],[8.592,55.439],[8.601,55.433],[8.621,55.428],[8.624,55.422],[8.624,55.417],[8.63,55.404],[8.633,55.403],[8.632,55.399],[8.637,55.392],[8.64,55.391],[8.643,55.386],[8.641,55.384],[8.646,55.378],[8.651,55.368],[8.652,55.361],[8.656,55.358],[8.657,55.349],[8.665,55.341],[8.665,55.336],[8.669,55.335],[8.67,55.323],[8.667,55.317],[8.66,55.308],[8.654,55.295],[8.655,55.286],[8.657,55.284],[8.657,55.28],[8.652,55.28],[8.648,55.273],[8.644,55.269],[8.651,55.267],[8.654,55.264],[8.66,55.265],[8.662,55.262],[8.655,55.26],[8.655,55.252],[8.659,55.251],[8.657,55.248],[8.659,55.239],[8.662,55.235],[8.66,55.232],[8.662,55.224],[8.656,55.224],[8.658,55.22],[8.667,55.222],[8.67,55.208],[8.674,55.192],[8.675,55.189],[8.678,55.187],[8.68,55.178],[8.683,55.172],[8.686,55.156],[8.681,55.155],[8.678,55.158],[8.671,55.158],[8.664,55.154],[8.66,55.15],[8.616,55.147],[8.608,55.147],[8.56,55.153],[8.567,55.159],[8.572,55.172],[8.585,55.179],[8.592,55.185],[8.593,55.188],[8.587,55.192],[8.573,55.195],[8.575,55.197],[8.545,55.203],[8.528,55.208],[8.517,55.209],[8.506,55.207],[8.491,55.193],[8.483,55.183],[8.479,55.175],[8.477,55.165],[8.478,55.151],[8.477,55.139],[8.47,55.114],[8.464,55.098],[8.466,55.093],[8.486,55.075],[8.497,55.069],[8.501,55.064],[8.51,55.06],[8.516,55.062],[8.519,55.064],[8.532,55.067],[8.538,55.071],[8.528,55.075],[8.542,55.074],[8.557,55.078],[8.563,55.085],[8.568,55.085],[8.561,55.092],[8.557,55.098],[8.551,55.101],[8.551,55.104],[8.555,55.109],[8.555,55.113],[8.559,55.122],[8.555,55.125],[8.554,55.132],[8.552,55.134],[8.551,55.143],[8.556,55.149],[8.566,55.151],[8.57,55.151],[8.614,55.146],[8.651,55.148],[8.664,55.149],[8.682,55.146],[8.686,55.144],[8.681,55.141],[8.678,55.136],[8.683,55.131],[8.674,55.126],[8.67,55.12],[8.665,55.11],[8.658,55.1],[8.659,55.099],[8.65,55.09],[8.647,55.083],[8.643,55.067],[8.64,55.061],[8.636,55.045],[8.634,55.04],[8.634,55.032],[8.645,55.013],[8.647,55.005],[8.65,55.002],[8.654,54.995],[8.659,54.988],[8.66,54.98],[8.66,54.967],[8.659,54.963],[8.647,54.937],[8.636,54.911],[8.66,54.909],[8.669,54.911],[8.677,54.911],[8.687,54.909],[8.701,54.903],[8.708,54.901],[8.71,54.899],[8.728,54.893],[8.738,54.893],[8.755,54.897],[8.76,54.895],[8.777,54.893],[8.778,54.896],[8.781,54.898],[8.787,54.898],[8.793,54.901],[8.799,54.903],[8.799,54.905],[8.811,54.906],[8.819,54.904],[8.824,54.907],[8.833,54.907],[8.837,54.905],[8.841,54.902],[8.849,54.897],[8.86,54.897],[8.866,54.9],[8.873,54.899],[8.877,54.902],[8.887,54.903],[8.893,54.905],[8.911,54.904],[8.921,54.903],[8.925,54.903],[8.948,54.903],[8.962,54.9],[8.966,54.898],[8.978,54.896],[8.984,54.892],[9.015,54.887],[9.027,54.882],[9.029,54.878],[9.048,54.872],[9.057,54.873],[9.063,54.871],[9.076,54.872],[9.09,54.87],[9.11,54.874],[9.124,54.873],[9.136,54.874],[9.155,54.871],[9.16,54.869],[9.186,54.863],[9.188,54.861],[9.196,54.859],[9.205,54.859],[9.224,54.854],[9.24,54.85],[9.245,54.844],[9.235,54.835],[9.238,54.827],[9.246,54.817],[9.25,54.81],[9.265,54.811],[9.27,54.812],[9.284,54.81],[9.286,54.804],[9.292,54.806],[9.293,54.809],[9.329,54.806],[9.33,54.804],[9.344,54.8],[9.342,54.804],[9.357,54.815],[9.371,54.82],[9.376,54.829],[9.383,54.839],[9.391,54.838],[9.411,54.842],[9.418,54.838],[9.418,54.832],[9.43,54.832],[9.434,54.833],[9.443,54.837],[9.448,54.838],[9.463,54.839],[9.471,54.845],[9.48,54.848],[9.484,54.849],[9.493,54.858],[9.499,54.86],[9.506,54.869],[9.51,54.871],[9.519,54.872],[9.524,54.877],[9.535,54.879],[9.539,54.882],[9.545,54.881],[9.553,54.877],[9.557,54.876],[9.565,54.879],[9.575,54.886],[9.578,54.89],[9.579,54.898],[9.575,54.902],[9.583,54.906],[9.589,54.905],[9.598,54.907],[9.602,54.91],[9.597,54.914],[9.591,54.916],[9.598,54.919],[9.603,54.919],[9.609,54.914],[9.611,54.916],[9.612,54.923],[9.615,54.93],[9.618,54.933],[9.623,54.935],[9.638,54.933],[9.643,54.929],[9.653,54.927],[9.671,54.919],[9.674,54.913],[9.67,54.91],[9.661,54.91],[9.656,54.909],[9.653,54.91],[9.648,54.914],[9.643,54.916],[9.605,54.91],[9.601,54.908],[9.599,54.905],[9.609,54.904],[9.616,54.901],[9.621,54.896],[9.633,54.893],[9.637,54.894],[9.642,54.889],[9.642,54.885],[9.647,54.882],[9.657,54.881],[9.657,54.878],[9.652,54.875],[9.65,54.872],[9.637,54.866],[9.639,54.861],[9.648,54.857],[9.664,54.854],[9.671,54.857],[9.68,54.857],[9.69,54.856],[9.695,54.854],[9.706,54.852],[9.708,54.85],[9.705,54.847],[9.708,54.845],[9.722,54.841],[9.726,54.835],[9.731,54.836],[9.744,54.837],[9.751,54.839],[9.756,54.846],[9.761,54.851],[9.759,54.855],[9.758,54.862],[9.751,54.863],[9.743,54.869],[9.74,54.882],[9.725,54.889],[9.709,54.888],[9.703,54.891],[9.701,54.895],[9.703,54.9],[9.709,54.903],[9.719,54.904],[9.733,54.902],[9.756,54.897],[9.769,54.9],[9.78,54.905],[9.782,54.911],[9.777,54.914],[9.768,54.916],[9.764,54.919],[9.762,54.927],[9.756,54.927],[9.755,54.929],[9.756,54.94],[9.751,54.949],[9.751,54.952],[9.75,54.959],[9.752,54.966],[9.74,54.975],[9.74,54.979],[9.738,54.987],[9.726,54.987],[9.72,54.99],[9.714,54.99],[9.695,54.988],[9.69,54.989],[9.683,54.995],[9.679,54.996],[9.656,55.003],[9.653,55.006],[9.645,55.007],[9.639,55.01],[9.63,55.01],[9.628,55.014],[9.62,55.017],[9.613,55.026],[9.608,55.03],[9.606,55.036],[9.6,55.039],[9.592,55.04],[9.582,55.044],[9.574,55.042],[9.576,55.037],[9.572,55.034],[9.558,55.033],[9.548,55.032],[9.521,55.025],[9.507,55.017],[9.493,55.015],[9.48,55.017],[9.464,55.017],[9.45,55.017],[9.446,55.023],[9.441,55.025],[9.435,55.025],[9.434,55.022],[9.425,55.025],[9.423,55.028],[9.422,55.033],[9.423,55.038],[9.427,55.039],[9.428,55.043],[9.442,55.041],[9.46,55.044],[9.466,55.048],[9.474,55.048],[9.483,55.048],[9.495,55.048],[9.5,55.046],[9.518,55.054],[9.535,55.066],[9.539,55.067],[9.55,55.075],[9.552,55.081],[9.551,55.088],[9.539,55.092],[9.531,55.102],[9.521,55.109],[9.513,55.11],[9.505,55.112],[9.502,55.115],[9.496,55.119],[9.491,55.119],[9.481,55.115],[9.478,55.118],[9.466,55.114],[9.46,55.115],[9.46,55.118],[9.464,55.122],[9.464,55.124],[9.469,55.127],[9.474,55.131],[9.482,55.13],[9.491,55.13],[9.499,55.127],[9.515,55.126],[9.517,55.13],[9.505,55.136],[9.503,55.139],[9.502,55.149],[9.497,55.152],[9.498,55.156],[9.505,55.159],[9.519,55.162],[9.529,55.165],[9.538,55.17],[9.55,55.176],[9.561,55.178],[9.574,55.185],[9.58,55.19],[9.587,55.193],[9.596,55.194],[9.605,55.194],[9.616,55.192],[9.621,55.19],[9.629,55.19],[9.633,55.183],[9.638,55.179],[9.636,55.176],[9.629,55.176],[9.627,55.179],[9.628,55.184],[9.621,55.185],[9.622,55.179],[9.628,55.174],[9.638,55.176],[9.653,55.182],[9.669,55.188],[9.679,55.191],[9.689,55.193],[9.694,55.195],[9.696,55.201],[9.692,55.208],[9.692,55.214],[9.69,55.223],[9.681,55.218],[9.684,55.214],[9.681,55.212],[9.671,55.213],[9.658,55.21],[9.654,55.213],[9.658,55.215],[9.658,55.221],[9.659,55.224],[9.671,55.227],[9.677,55.223],[9.678,55.219],[9.683,55.22],[9.69,55.224],[9.697,55.226],[9.701,55.229],[9.711,55.233],[9.716,55.238],[9.712,55.241],[9.713,55.244],[9.719,55.251],[9.716,55.257],[9.711,55.262],[9.702,55.264],[9.696,55.268],[9.683,55.271],[9.676,55.274],[9.665,55.278],[9.66,55.283],[9.645,55.281],[9.638,55.285],[9.628,55.285],[9.623,55.28],[9.618,55.277],[9.616,55.273],[9.611,55.271],[9.59,55.27],[9.585,55.266],[9.59,55.261],[9.59,55.258],[9.587,55.255],[9.575,55.252],[9.571,55.252],[9.568,55.247],[9.561,55.249],[9.556,55.247],[9.542,55.248],[9.535,55.249],[9.525,55.248],[9.518,55.252],[9.538,55.25],[9.543,55.25],[9.554,55.249],[9.566,55.252],[9.569,55.257],[9.573,55.258],[9.583,55.259],[9.584,55.261],[9.581,55.266],[9.583,55.27],[9.59,55.272],[9.6,55.274],[9.611,55.274],[9.614,55.278],[9.621,55.283],[9.623,55.286],[9.632,55.291],[9.643,55.291],[9.644,55.289],[9.653,55.286],[9.657,55.287],[9.666,55.288],[9.664,55.292],[9.656,55.298],[9.65,55.304],[9.646,55.311],[9.64,55.313],[9.637,55.312],[9.623,55.309],[9.627,55.312],[9.632,55.312],[9.638,55.317],[9.639,55.319],[9.65,55.328],[9.646,55.337],[9.648,55.34],[9.642,55.345],[9.634,55.351],[9.621,55.357],[9.603,55.356],[9.601,55.357],[9.599,55.361],[9.592,55.362],[9.583,55.361],[9.576,55.362],[9.575,55.366],[9.569,55.371],[9.572,55.374],[9.582,55.371],[9.591,55.371],[9.599,55.366],[9.605,55.365],[9.613,55.37],[9.618,55.376],[9.622,55.386],[9.622,55.391],[9.611,55.398],[9.604,55.406],[9.597,55.411],[9.594,55.415],[9.593,55.42],[9.599,55.426],[9.609,55.43],[9.617,55.431],[9.627,55.43],[9.639,55.432],[9.659,55.439],[9.669,55.444],[9.676,55.45],[9.683,55.452],[9.692,55.458],[9.693,55.462],[9.685,55.467],[9.678,55.469],[9.672,55.472],[9.667,55.478],[9.656,55.483],[9.651,55.485],[9.645,55.49],[9.633,55.493],[9.627,55.496],[9.62,55.497],[9.608,55.495],[9.601,55.495],[9.598,55.492],[9.588,55.486],[9.576,55.487],[9.57,55.491],[9.562,55.492],[9.547,55.491],[9.542,55.489],[9.526,55.487],[9.514,55.484],[9.503,55.487],[9.504,55.492],[9.498,55.494],[9.5,55.498],[9.515,55.501],[9.522,55.498],[9.527,55.498],[9.542,55.496],[9.553,55.498],[9.564,55.497],[9.573,55.499],[9.584,55.497],[9.586,55.5],[9.582,55.507],[9.579,55.51],[9.57,55.512],[9.589,55.517],[9.589,55.519],[9.576,55.517],[9.571,55.518],[9.567,55.521],[9.565,55.525],[9.569,55.528],[9.576,55.526],[9.583,55.523],[9.587,55.524],[9.597,55.52],[9.605,55.519],[9.605,55.514],[9.609,55.51],[9.618,55.51],[9.624,55.513],[9.633,55.512],[9.639,55.509],[9.653,55.515],[9.661,55.521],[9.673,55.528],[9.68,55.528],[9.694,55.526],[9.707,55.523],[9.715,55.52],[9.729,55.518],[9.741,55.519],[9.742,55.524],[9.733,55.536],[9.73,55.544],[9.729,55.555],[9.733,55.553],[9.741,55.557],[9.751,55.558],[9.753,55.56],[9.768,55.556],[9.77,55.569],[9.777,55.575],[9.788,55.58],[9.79,55.583],[9.792,55.592],[9.794,55.594],[9.809,55.601],[9.825,55.606],[9.833,55.612],[9.847,55.617],[9.857,55.622],[9.858,55.626],[9.847,55.625],[9.84,55.625],[9.832,55.627],[9.806,55.628],[9.798,55.626],[9.793,55.626],[9.769,55.623],[9.759,55.623],[9.755,55.624],[9.75,55.627],[9.742,55.626],[9.743,55.629],[9.75,55.628],[9.747,55.633],[9.741,55.653],[9.738,55.658],[9.72,55.664],[9.712,55.667],[9.704,55.665],[9.696,55.669],[9.689,55.675],[9.686,55.683],[9.676,55.687],[9.674,55.689],[9.666,55.692],[9.655,55.69],[9.65,55.691],[9.645,55.694],[9.64,55.694],[9.628,55.693],[9.609,55.693],[9.604,55.692],[9.588,55.69],[9.574,55.692],[9.567,55.695],[9.558,55.699],[9.563,55.703],[9.551,55.706],[9.556,55.707],[9.557,55.71],[9.565,55.709],[9.578,55.705],[9.585,55.705],[9.596,55.707],[9.606,55.706],[9.631,55.709],[9.634,55.708],[9.66,55.71],[9.667,55.712],[9.672,55.712],[9.675,55.721],[9.682,55.726],[9.681,55.732],[9.685,55.734],[9.682,55.737],[9.684,55.74],[9.678,55.745],[9.682,55.748],[9.674,55.754],[9.663,55.757],[9.66,55.755],[9.652,55.76],[9.648,55.754],[9.637,55.757],[9.626,55.758],[9.619,55.756],[9.612,55.755],[9.606,55.753],[9.594,55.752],[9.592,55.755],[9.592,55.761],[9.585,55.764],[9.598,55.771],[9.598,55.772],[9.586,55.779],[9.585,55.778],[9.574,55.776],[9.575,55.774],[9.564,55.773],[9.56,55.777],[9.556,55.778],[9.545,55.774],[9.538,55.775],[9.541,55.784],[9.532,55.786],[9.52,55.786],[9.519,55.788],[9.519,55.796],[9.514,55.796],[9.515,55.8],[9.509,55.802],[9.507,55.81],[9.51,55.812],[9.504,55.82],[9.505,55.823],[9.504,55.827],[9.498,55.828],[9.487,55.827],[9.483,55.833],[9.474,55.834],[9.471,55.833],[9.455,55.835],[9.447,55.835],[9.448,55.843],[9.455,55.846],[9.456,55.85],[9.443,55.853],[9.444,55.856],[9.449,55.858],[9.449,55.86],[9.46,55.86],[9.459,55.864],[9.443,55.874],[9.439,55.88],[9.43,55.887],[9.423,55.89],[9.416,55.89],[9.412,55.893],[9.409,55.899],[9.396,55.907],[9.394,55.914],[9.387,55.917],[9.389,55.922],[9.387,55.924]]],[[[8.385,55.469],[8.374,55.469],[8.36,55.464],[8.358,55.467],[8.363,55.471],[8.359,55.472],[8.332,55.459],[8.328,55.455],[8.33,55.448],[8.34,55.439],[8.353,55.432],[8.36,55.427],[8.371,55.418],[8.382,55.408],[8.391,55.398],[8.404,55.38],[8.414,55.363],[8.421,55.355],[8.425,55.349],[8.432,55.344],[8.441,55.345],[8.455,55.34],[8.47,55.339],[8.474,55.34],[8.47,55.344],[8.477,55.351],[8.472,55.359],[8.47,55.369],[8.467,55.377],[8.455,55.386],[8.449,55.39],[8.448,55.394],[8.451,55.398],[8.465,55.404],[8.465,55.41],[8.461,55.416],[8.46,55.42],[8.454,55.427],[8.454,55.432],[8.443,55.437],[8.433,55.436],[8.428,55.433],[8.422,55.425],[8.411,55.429],[8.406,55.435],[8.407,55.447],[8.41,55.456],[8.408,55.457],[8.408,55.464],[8.394,55.469],[8.385,55.469]]],[[[8.308,55.513],[8.327,55.505],[8.327,55.508],[8.317,55.512],[8.312,55.519],[8.307,55.519],[8.305,55.516],[8.308,55.513]]],[[[8.578,55.28],[8.586,55.289],[8.592,55.291],[8.596,55.295],[8.587,55.296],[8.58,55.294],[8.562,55.296],[8.552,55.295],[8.547,55.293],[8.531,55.28],[8.532,55.273],[8.536,55.27],[8.544,55.266],[8.559,55.265],[8.565,55.267],[8.57,55.271],[8.578,55.28]]],[[[9.765,55.255],[9.759,55.261],[9.759,55.266],[9.757,55.272],[9.753,55.274],[9.737,55.273],[9.726,55.27],[9.728,55.264],[9.733,55.263],[9.731,55.26],[9.725,55.259],[9.727,55.255],[9.744,55.248],[9.758,55.249],[9.762,55.251],[9.771,55.26],[9.776,55.263],[9.776,55.267],[9.767,55.264],[9.764,55.262],[9.77,55.26],[9.765,55.257],[9.765,55.255]]],[[[9.699,55.039],[9.704,55.039],[9.712,55.037],[9.712,55.032],[9.706,55.031],[9.703,55.033],[9.704,55.037],[9.696,55.037],[9.69,55.034],[9.678,55.031],[9.67,55.031],[9.661,55.028],[9.659,55.026],[9.662,55.021],[9.668,55.021],[9.678,55.015],[9.692,55.01],[9.693,55.008],[9.702,55.007],[9.719,55.008],[9.724,55.01],[9.736,55.008],[9.748,55.009],[9.764,55.011],[9.77,55.01],[9.787,55.012],[9.793,55.011],[9.796,55.006],[9.79,55.003],[9.777,55],[9.776,54.996],[9.78,54.993],[9.787,54.993],[9.781,54.988],[9.785,54.983],[9.788,54.984],[9.796,54.982],[9.813,54.981],[9.823,54.979],[9.834,54.975],[9.839,54.971],[9.845,54.969],[9.853,54.97],[9.855,54.966],[9.851,54.965],[9.847,54.967],[9.84,54.965],[9.833,54.957],[9.84,54.953],[9.851,54.953],[9.841,54.95],[9.836,54.948],[9.844,54.944],[9.854,54.942],[9.873,54.944],[9.858,54.939],[9.842,54.936],[9.838,54.931],[9.835,54.934],[9.827,54.933],[9.83,54.937],[9.827,54.94],[9.82,54.942],[9.805,54.957],[9.8,54.96],[9.792,54.969],[9.784,54.97],[9.775,54.97],[9.771,54.972],[9.759,54.982],[9.753,54.979],[9.758,54.974],[9.76,54.969],[9.76,54.957],[9.762,54.946],[9.765,54.944],[9.764,54.941],[9.765,54.936],[9.763,54.934],[9.77,54.926],[9.77,54.918],[9.781,54.916],[9.785,54.911],[9.783,54.907],[9.793,54.902],[9.795,54.898],[9.811,54.893],[9.822,54.893],[9.831,54.889],[9.841,54.891],[9.861,54.896],[9.872,54.9],[9.88,54.899],[9.884,54.902],[9.886,54.907],[9.892,54.908],[9.899,54.908],[9.911,54.906],[9.919,54.9],[9.928,54.899],[9.939,54.894],[9.949,54.893],[9.954,54.889],[9.968,54.884],[9.979,54.879],[9.988,54.873],[9.991,54.869],[9.997,54.861],[9.993,54.856],[9.985,54.857],[9.98,54.86],[9.971,54.866],[9.971,54.868],[9.957,54.868],[9.953,54.869],[9.952,54.874],[9.945,54.877],[9.935,54.879],[9.928,54.883],[9.917,54.884],[9.913,54.886],[9.911,54.89],[9.907,54.893],[9.9,54.895],[9.894,54.895],[9.884,54.89],[9.882,54.886],[9.873,54.881],[9.869,54.88],[9.868,54.877],[9.882,54.869],[9.889,54.865],[9.902,54.865],[9.914,54.863],[9.921,54.859],[9.936,54.855],[9.949,54.853],[9.96,54.852],[9.982,54.854],[9.988,54.852],[10.012,54.869],[10.02,54.872],[10.033,54.875],[10.053,54.875],[10.064,54.874],[10.072,54.878],[10.067,54.892],[10.065,54.896],[10.058,54.897],[10.051,54.905],[10.044,54.923],[10.045,54.932],[10.034,54.941],[10.026,54.949],[10.023,54.954],[10.015,54.962],[10.012,54.966],[10,54.982],[9.994,54.986],[9.987,54.99],[9.987,54.994],[9.978,54.995],[9.971,55],[9.965,55.007],[9.956,55.011],[9.942,55.016],[9.926,55.019],[9.909,55.019],[9.897,55.021],[9.878,55.027],[9.867,55.034],[9.862,55.037],[9.853,55.047],[9.848,55.047],[9.837,55.051],[9.828,55.056],[9.821,55.063],[9.816,55.065],[9.807,55.067],[9.77,55.08],[9.755,55.083],[9.74,55.084],[9.725,55.08],[9.713,55.079],[9.7,55.078],[9.693,55.074],[9.668,55.066],[9.657,55.057],[9.651,55.054],[9.641,55.052],[9.639,55.05],[9.639,55.043],[9.644,55.039],[9.653,55.038],[9.66,55.039],[9.676,55.036],[9.684,55.035],[9.692,55.041],[9.696,55.042],[9.698,55.045],[9.706,55.045],[9.707,55.042],[9.7,55.041],[9.699,55.039]]],[[[9.567,55.111],[9.573,55.116],[9.571,55.121],[9.566,55.124],[9.56,55.13],[9.55,55.131],[9.545,55.124],[9.546,55.12],[9.553,55.117],[9.553,55.111],[9.559,55.112],[9.567,55.111]]],[[[10.333,55.042],[10.325,55.041],[10.326,55.037],[10.334,55.039],[10.333,55.042]]],[[[10.109,55.131],[10.111,55.134],[10.099,55.136],[10.094,55.134],[10.103,55.131],[10.109,55.131]]],[[[10.167,55.049],[10.149,55.05],[10.14,55.053],[10.14,55.061],[10.135,55.06],[10.125,55.055],[10.126,55.047],[10.128,55.042],[10.134,55.039],[10.137,55.035],[10.147,55.032],[10.171,55.036],[10.18,55.042],[10.175,55.048],[10.174,55.051],[10.167,55.049]]],[[[10.237,55.071],[10.234,55.069],[10.24,55.063],[10.256,55.056],[10.265,55.054],[10.266,55.056],[10.261,55.059],[10.26,55.061],[10.248,55.068],[10.237,55.071]]],[[[10.284,55.019],[10.274,55.023],[10.268,55.031],[10.251,55.04],[10.239,55.037],[10.236,55.031],[10.245,55.026],[10.252,55.02],[10.256,55.018],[10.267,55.017],[10.284,55.019]]],[[[10.34,55.005],[10.34,55.01],[10.337,55.017],[10.319,55.012],[10.305,55.014],[10.31,55.01],[10.323,55.007],[10.329,55.005],[10.34,55.005]]],[[[10.382,55.059],[10.388,55.054],[10.387,55.049],[10.394,55.046],[10.402,55.045],[10.415,55.039],[10.423,55.042],[10.43,55.042],[10.458,55.04],[10.47,55.042],[10.48,55.039],[10.486,55.036],[10.488,55.032],[10.491,55.031],[10.511,55.027],[10.523,55.028],[10.524,55.03],[10.534,55.033],[10.551,55.036],[10.559,55.037],[10.568,55.041],[10.584,55.044],[10.59,55.046],[10.598,55.047],[10.6,55.05],[10.608,55.053],[10.613,55.053],[10.616,55.058],[10.615,55.062],[10.625,55.059],[10.636,55.06],[10.646,55.055],[10.652,55.056],[10.658,55.058],[10.664,55.056],[10.668,55.059],[10.676,55.057],[10.684,55.058],[10.689,55.064],[10.699,55.063],[10.707,55.061],[10.714,55.061],[10.734,55.067],[10.744,55.069],[10.746,55.074],[10.751,55.078],[10.753,55.085],[10.753,55.092],[10.758,55.097],[10.765,55.101],[10.775,55.101],[10.771,55.109],[10.774,55.116],[10.778,55.119],[10.78,55.134],[10.786,55.14],[10.784,55.146],[10.787,55.152],[10.791,55.155],[10.791,55.162],[10.793,55.166],[10.8,55.17],[10.807,55.181],[10.806,55.185],[10.813,55.206],[10.811,55.211],[10.809,55.22],[10.815,55.231],[10.807,55.241],[10.806,55.246],[10.8,55.251],[10.797,55.259],[10.797,55.263],[10.793,55.266],[10.788,55.273],[10.788,55.279],[10.792,55.287],[10.789,55.292],[10.781,55.295],[10.764,55.295],[10.759,55.297],[10.771,55.299],[10.778,55.297],[10.782,55.3],[10.788,55.299],[10.79,55.302],[10.786,55.306],[10.794,55.307],[10.805,55.303],[10.808,55.299],[10.815,55.296],[10.82,55.298],[10.827,55.296],[10.824,55.293],[10.831,55.29],[10.823,55.286],[10.828,55.285],[10.843,55.289],[10.852,55.29],[10.843,55.297],[10.847,55.3],[10.838,55.301],[10.832,55.303],[10.82,55.31],[10.814,55.317],[10.809,55.33],[10.808,55.334],[10.803,55.342],[10.796,55.351],[10.791,55.359],[10.785,55.365],[10.772,55.375],[10.771,55.38],[10.763,55.388],[10.755,55.392],[10.742,55.399],[10.73,55.408],[10.725,55.416],[10.716,55.417],[10.707,55.421],[10.702,55.424],[10.696,55.428],[10.688,55.438],[10.682,55.44],[10.671,55.444],[10.667,55.45],[10.66,55.449],[10.652,55.442],[10.645,55.442],[10.64,55.438],[10.634,55.44],[10.624,55.444],[10.606,55.448],[10.606,55.452],[10.596,55.456],[10.585,55.457],[10.581,55.454],[10.576,55.452],[10.577,55.446],[10.577,55.441],[10.579,55.439],[10.579,55.435],[10.583,55.426],[10.576,55.422],[10.565,55.428],[10.553,55.438],[10.544,55.441],[10.543,55.445],[10.554,55.445],[10.558,55.449],[10.554,55.453],[10.559,55.456],[10.571,55.456],[10.581,55.459],[10.581,55.462],[10.592,55.461],[10.602,55.459],[10.608,55.456],[10.611,55.452],[10.62,55.447],[10.627,55.446],[10.633,55.448],[10.635,55.453],[10.648,55.451],[10.653,55.447],[10.658,55.448],[10.665,55.452],[10.666,55.456],[10.67,55.462],[10.674,55.465],[10.687,55.466],[10.7,55.472],[10.713,55.476],[10.725,55.473],[10.737,55.474],[10.747,55.477],[10.748,55.483],[10.742,55.488],[10.739,55.495],[10.726,55.501],[10.717,55.507],[10.711,55.514],[10.704,55.526],[10.703,55.531],[10.705,55.539],[10.698,55.544],[10.696,55.547],[10.69,55.549],[10.682,55.554],[10.679,55.561],[10.672,55.569],[10.663,55.574],[10.657,55.581],[10.652,55.589],[10.632,55.604],[10.626,55.613],[10.619,55.614],[10.615,55.61],[10.606,55.611],[10.6,55.609],[10.595,55.611],[10.599,55.614],[10.589,55.617],[10.588,55.613],[10.604,55.607],[10.61,55.609],[10.617,55.608],[10.621,55.602],[10.619,55.598],[10.621,55.595],[10.629,55.59],[10.628,55.585],[10.632,55.578],[10.623,55.575],[10.624,55.572],[10.63,55.572],[10.634,55.567],[10.627,55.558],[10.623,55.559],[10.613,55.567],[10.606,55.575],[10.603,55.582],[10.598,55.578],[10.601,55.573],[10.605,55.569],[10.606,55.559],[10.615,55.553],[10.621,55.546],[10.619,55.538],[10.62,55.535],[10.619,55.53],[10.628,55.526],[10.63,55.523],[10.629,55.519],[10.625,55.517],[10.619,55.516],[10.609,55.52],[10.603,55.522],[10.602,55.525],[10.597,55.53],[10.586,55.532],[10.578,55.53],[10.569,55.526],[10.567,55.52],[10.57,55.517],[10.582,55.513],[10.588,55.514],[10.61,55.508],[10.619,55.505],[10.621,55.501],[10.62,55.496],[10.626,55.494],[10.627,55.491],[10.624,55.487],[10.614,55.479],[10.61,55.479],[10.604,55.483],[10.598,55.484],[10.594,55.483],[10.58,55.482],[10.574,55.477],[10.56,55.475],[10.555,55.481],[10.547,55.477],[10.545,55.479],[10.539,55.476],[10.536,55.472],[10.53,55.467],[10.526,55.466],[10.517,55.466],[10.484,55.473],[10.483,55.471],[10.49,55.462],[10.496,55.458],[10.498,55.453],[10.492,55.448],[10.482,55.444],[10.475,55.439],[10.469,55.438],[10.461,55.443],[10.457,55.444],[10.45,55.442],[10.446,55.438],[10.44,55.437],[10.433,55.439],[10.428,55.437],[10.425,55.439],[10.428,55.441],[10.436,55.452],[10.43,55.454],[10.436,55.458],[10.438,55.461],[10.434,55.462],[10.429,55.455],[10.423,55.444],[10.423,55.438],[10.421,55.436],[10.419,55.435],[10.421,55.437],[10.421,55.443],[10.431,55.46],[10.431,55.463],[10.439,55.47],[10.443,55.473],[10.441,55.476],[10.444,55.48],[10.455,55.479],[10.455,55.487],[10.458,55.489],[10.467,55.489],[10.473,55.486],[10.485,55.486],[10.483,55.489],[10.479,55.492],[10.484,55.497],[10.494,55.496],[10.504,55.499],[10.504,55.502],[10.5,55.504],[10.491,55.506],[10.484,55.512],[10.484,55.521],[10.473,55.527],[10.475,55.53],[10.483,55.534],[10.493,55.533],[10.489,55.538],[10.497,55.539],[10.494,55.544],[10.506,55.544],[10.516,55.541],[10.528,55.534],[10.533,55.527],[10.539,55.522],[10.548,55.519],[10.555,55.514],[10.561,55.516],[10.558,55.52],[10.541,55.53],[10.524,55.537],[10.517,55.541],[10.496,55.55],[10.479,55.557],[10.465,55.562],[10.453,55.567],[10.433,55.579],[10.421,55.587],[10.41,55.591],[10.39,55.597],[10.369,55.603],[10.361,55.605],[10.343,55.612],[10.324,55.62],[10.311,55.622],[10.301,55.623],[10.294,55.619],[10.296,55.615],[10.304,55.609],[10.305,55.605],[10.303,55.601],[10.304,55.595],[10.316,55.589],[10.315,55.585],[10.31,55.585],[10.298,55.585],[10.292,55.582],[10.28,55.583],[10.283,55.587],[10.284,55.594],[10.284,55.6],[10.28,55.605],[10.282,55.608],[10.272,55.607],[10.245,55.606],[10.233,55.604],[10.21,55.6],[10.206,55.595],[10.199,55.595],[10.19,55.597],[10.19,55.594],[10.196,55.59],[10.194,55.588],[10.179,55.589],[10.167,55.585],[10.152,55.583],[10.147,55.58],[10.155,55.578],[10.159,55.578],[10.16,55.573],[10.15,55.571],[10.139,55.571],[10.135,55.569],[10.122,55.569],[10.117,55.571],[10.12,55.575],[10.125,55.578],[10.12,55.58],[10.111,55.573],[10.105,55.574],[10.089,55.569],[10.081,55.568],[10.077,55.563],[10.073,55.562],[10.06,55.56],[10.037,55.557],[10.03,55.55],[10.021,55.545],[9.999,55.539],[9.981,55.53],[9.945,55.513],[9.932,55.51],[9.916,55.509],[9.898,55.51],[9.881,55.511],[9.867,55.513],[9.859,55.517],[9.85,55.525],[9.85,55.534],[9.852,55.542],[9.85,55.549],[9.846,55.552],[9.835,55.555],[9.827,55.554],[9.806,55.552],[9.798,55.55],[9.79,55.545],[9.782,55.543],[9.766,55.544],[9.757,55.542],[9.768,55.535],[9.77,55.531],[9.768,55.525],[9.758,55.517],[9.757,55.513],[9.751,55.508],[9.747,55.507],[9.733,55.506],[9.72,55.509],[9.71,55.512],[9.697,55.518],[9.684,55.519],[9.677,55.514],[9.681,55.507],[9.688,55.504],[9.697,55.501],[9.702,55.495],[9.709,55.494],[9.725,55.494],[9.729,55.493],[9.735,55.48],[9.739,55.477],[9.742,55.473],[9.748,55.472],[9.759,55.467],[9.771,55.468],[9.777,55.47],[9.783,55.464],[9.789,55.465],[9.792,55.459],[9.778,55.462],[9.777,55.458],[9.783,55.458],[9.783,55.455],[9.794,55.453],[9.797,55.45],[9.803,55.451],[9.808,55.444],[9.82,55.441],[9.824,55.434],[9.814,55.433],[9.801,55.435],[9.794,55.439],[9.784,55.44],[9.775,55.444],[9.768,55.446],[9.765,55.452],[9.757,55.453],[9.749,55.457],[9.742,55.461],[9.729,55.467],[9.723,55.471],[9.717,55.47],[9.717,55.468],[9.725,55.46],[9.736,55.453],[9.745,55.448],[9.748,55.444],[9.741,55.439],[9.744,55.435],[9.751,55.434],[9.761,55.433],[9.772,55.432],[9.784,55.433],[9.8,55.431],[9.808,55.428],[9.818,55.426],[9.825,55.424],[9.828,55.421],[9.827,55.416],[9.824,55.413],[9.816,55.412],[9.805,55.413],[9.798,55.416],[9.789,55.413],[9.791,55.41],[9.811,55.408],[9.82,55.405],[9.83,55.396],[9.838,55.394],[9.841,55.391],[9.839,55.384],[9.832,55.38],[9.823,55.379],[9.812,55.376],[9.805,55.376],[9.799,55.375],[9.792,55.375],[9.787,55.373],[9.785,55.366],[9.787,55.364],[9.803,55.36],[9.811,55.357],[9.822,55.355],[9.83,55.352],[9.84,55.351],[9.867,55.35],[9.87,55.356],[9.881,55.343],[9.889,55.343],[9.898,55.34],[9.894,55.335],[9.887,55.337],[9.878,55.341],[9.877,55.332],[9.888,55.32],[9.888,55.317],[9.891,55.313],[9.893,55.306],[9.891,55.299],[9.89,55.271],[9.887,55.266],[9.881,55.267],[9.885,55.259],[9.891,55.258],[9.897,55.255],[9.898,55.25],[9.892,55.245],[9.877,55.253],[9.87,55.254],[9.871,55.25],[9.879,55.243],[9.887,55.244],[9.895,55.24],[9.905,55.238],[9.914,55.234],[9.921,55.229],[9.923,55.224],[9.925,55.221],[9.94,55.218],[9.944,55.219],[9.957,55.218],[9.964,55.219],[9.971,55.217],[9.98,55.212],[9.987,55.204],[9.988,55.201],[9.985,55.193],[9.984,55.188],[9.994,55.185],[10.001,55.186],[10.004,55.189],[9.998,55.192],[9.995,55.197],[9.989,55.199],[9.994,55.202],[10,55.201],[10.018,55.196],[10.021,55.187],[10.017,55.183],[10.022,55.181],[10.029,55.181],[10.044,55.179],[10.054,55.176],[10.081,55.176],[10.088,55.177],[10.094,55.185],[10.099,55.183],[10.104,55.188],[10.108,55.19],[10.114,55.189],[10.118,55.184],[10.12,55.177],[10.133,55.166],[10.134,55.161],[10.134,55.155],[10.147,55.151],[10.149,55.146],[10.156,55.142],[10.163,55.132],[10.175,55.129],[10.168,55.127],[10.16,55.123],[10.156,55.122],[10.149,55.123],[10.146,55.12],[10.139,55.122],[10.135,55.118],[10.129,55.119],[10.124,55.116],[10.116,55.117],[10.114,55.113],[10.108,55.11],[10.104,55.106],[10.098,55.105],[10.089,55.109],[10.082,55.106],[10.081,55.098],[10.07,55.087],[10.072,55.077],[10.08,55.076],[10.099,55.081],[10.107,55.084],[10.12,55.087],[10.128,55.09],[10.134,55.09],[10.148,55.084],[10.16,55.08],[10.173,55.078],[10.181,55.079],[10.186,55.079],[10.19,55.074],[10.195,55.071],[10.198,55.063],[10.206,55.059],[10.214,55.061],[10.218,55.064],[10.213,55.066],[10.215,55.071],[10.224,55.073],[10.229,55.078],[10.227,55.084],[10.223,55.089],[10.209,55.094],[10.214,55.095],[10.217,55.098],[10.23,55.101],[10.235,55.098],[10.242,55.093],[10.246,55.093],[10.254,55.088],[10.263,55.085],[10.275,55.085],[10.285,55.079],[10.285,55.076],[10.29,55.072],[10.296,55.071],[10.298,55.067],[10.311,55.063],[10.318,55.063],[10.321,55.06],[10.318,55.058],[10.321,55.054],[10.332,55.052],[10.34,55.054],[10.351,55.051],[10.361,55.053],[10.365,55.057],[10.369,55.058],[10.374,55.065],[10.378,55.061],[10.382,55.059]]],[[[10.655,55.052],[10.647,55.049],[10.651,55.041],[10.652,55.038],[10.662,55.041],[10.669,55.042],[10.683,55.041],[10.701,55.041],[10.701,55.04],[10.692,55.038],[10.67,55.037],[10.668,55.03],[10.67,55.029],[10.681,55.03],[10.702,55.034],[10.71,55.03],[10.718,55.03],[10.715,55.034],[10.716,55.039],[10.711,55.046],[10.708,55.054],[10.701,55.055],[10.693,55.055],[10.683,55.052],[10.67,55.05],[10.655,55.052]]],[[[10.517,55],[10.522,54.997],[10.53,54.996],[10.524,54.993],[10.526,54.99],[10.525,54.985],[10.525,54.977],[10.53,54.972],[10.54,54.968],[10.551,54.961],[10.549,54.953],[10.553,54.951],[10.556,54.954],[10.562,54.954],[10.565,54.951],[10.561,54.949],[10.555,54.947],[10.554,54.944],[10.563,54.945],[10.571,54.949],[10.58,54.948],[10.578,54.954],[10.584,54.956],[10.59,54.955],[10.603,54.953],[10.609,54.95],[10.62,54.948],[10.623,54.953],[10.628,54.955],[10.634,54.962],[10.644,54.964],[10.653,54.972],[10.658,54.972],[10.664,54.974],[10.68,54.974],[10.686,54.973],[10.689,54.974],[10.687,54.985],[10.69,54.989],[10.693,54.994],[10.692,54.997],[10.683,54.998],[10.678,54.996],[10.671,54.995],[10.668,54.991],[10.667,54.985],[10.655,54.978],[10.644,54.981],[10.633,54.981],[10.627,54.984],[10.623,54.99],[10.629,54.997],[10.634,54.995],[10.639,54.999],[10.638,55.003],[10.642,55.01],[10.65,55.021],[10.656,55.021],[10.659,55.024],[10.657,55.028],[10.656,55.034],[10.644,55.034],[10.638,55.037],[10.643,55.041],[10.643,55.046],[10.634,55.049],[10.637,55.053],[10.631,55.055],[10.625,55.054],[10.613,55.048],[10.605,55.046],[10.598,55.038],[10.589,55.037],[10.583,55.035],[10.577,55.031],[10.573,55.03],[10.573,55.027],[10.565,55.025],[10.56,55.022],[10.55,55.018],[10.544,55.018],[10.538,55.014],[10.536,55.011],[10.529,55.008],[10.519,55.01],[10.514,55.007],[10.517,55]]],[[[10.492,54.967],[10.485,54.967],[10.473,54.964],[10.482,54.959],[10.49,54.959],[10.493,54.963],[10.492,54.967]]],[[[10.391,54.978],[10.386,54.978],[10.386,54.983],[10.381,54.982],[10.376,54.978],[10.364,54.979],[10.363,54.976],[10.366,54.972],[10.371,54.971],[10.381,54.977],[10.386,54.977],[10.393,54.975],[10.406,54.97],[10.42,54.963],[10.426,54.962],[10.435,54.967],[10.44,54.97],[10.439,54.974],[10.424,54.982],[10.426,54.977],[10.422,54.975],[10.413,54.975],[10.407,54.979],[10.404,54.977],[10.396,54.978],[10.391,54.978]]],[[[10.471,55.01],[10.461,55.013],[10.46,55.01],[10.454,55.006],[10.453,55.002],[10.456,55],[10.468,54.999],[10.474,55.004],[10.483,55.004],[10.482,55.008],[10.471,55.01]]],[[[10.506,54.885],[10.505,54.887],[10.492,54.89],[10.487,54.888],[10.499,54.887],[10.506,54.885]]],[[[10.475,54.919],[10.474,54.918],[10.491,54.915],[10.489,54.918],[10.486,54.919],[10.483,54.924],[10.479,54.923],[10.475,54.919]]],[[[10.509,54.928],[10.514,54.929],[10.509,54.933],[10.504,54.934],[10.499,54.938],[10.496,54.933],[10.499,54.927],[10.509,54.928]]],[[[10.412,54.901],[10.408,54.905],[10.395,54.914],[10.389,54.914],[10.391,54.911],[10.402,54.908],[10.407,54.903],[10.403,54.898],[10.398,54.895],[10.392,54.894],[10.381,54.885],[10.371,54.885],[10.365,54.894],[10.358,54.897],[10.344,54.897],[10.337,54.9],[10.326,54.911],[10.324,54.915],[10.312,54.921],[10.305,54.928],[10.297,54.93],[10.282,54.94],[10.272,54.942],[10.259,54.942],[10.252,54.944],[10.243,54.95],[10.237,54.951],[10.222,54.963],[10.222,54.968],[10.215,54.969],[10.209,54.971],[10.205,54.971],[10.205,54.967],[10.206,54.963],[10.212,54.958],[10.225,54.951],[10.239,54.942],[10.243,54.934],[10.244,54.928],[10.243,54.924],[10.247,54.919],[10.259,54.913],[10.273,54.902],[10.275,54.898],[10.282,54.894],[10.288,54.888],[10.304,54.884],[10.315,54.88],[10.32,54.876],[10.326,54.872],[10.339,54.861],[10.344,54.856],[10.351,54.852],[10.357,54.846],[10.367,54.841],[10.373,54.837],[10.397,54.829],[10.404,54.826],[10.407,54.823],[10.415,54.818],[10.421,54.816],[10.426,54.817],[10.435,54.822],[10.437,54.826],[10.437,54.83],[10.441,54.833],[10.452,54.838],[10.468,54.841],[10.487,54.842],[10.501,54.842],[10.522,54.844],[10.523,54.848],[10.522,54.856],[10.518,54.861],[10.51,54.865],[10.506,54.868],[10.501,54.87],[10.488,54.877],[10.486,54.879],[10.473,54.885],[10.466,54.888],[10.46,54.888],[10.458,54.892],[10.45,54.892],[10.45,54.889],[10.458,54.888],[10.469,54.88],[10.471,54.877],[10.477,54.874],[10.48,54.871],[10.487,54.867],[10.483,54.864],[10.479,54.865],[10.467,54.873],[10.459,54.875],[10.457,54.867],[10.448,54.862],[10.435,54.867],[10.43,54.873],[10.422,54.876],[10.418,54.88],[10.414,54.889],[10.406,54.895],[10.407,54.899],[10.412,54.901]]],[[[10.702,54.949],[10.701,54.956],[10.686,54.96],[10.68,54.959],[10.672,54.961],[10.666,54.961],[10.665,54.958],[10.673,54.958],[10.679,54.957],[10.688,54.953],[10.69,54.949],[10.695,54.95],[10.702,54.949]]],[[[10.582,54.9],[10.576,54.902],[10.571,54.9],[10.571,54.898],[10.579,54.895],[10.585,54.898],[10.582,54.9]]],[[[10.628,54.903],[10.624,54.904],[10.621,54.907],[10.62,54.91],[10.623,54.916],[10.617,54.919],[10.61,54.919],[10.591,54.914],[10.59,54.911],[10.593,54.905],[10.6,54.901],[10.601,54.898],[10.606,54.891],[10.613,54.89],[10.622,54.895],[10.625,54.898],[10.625,54.902],[10.628,54.903]]],[[[10.76,54.794],[10.769,54.808],[10.769,54.811],[10.774,54.819],[10.776,54.83],[10.785,54.845],[10.791,54.852],[10.809,54.877],[10.816,54.888],[10.818,54.895],[10.817,54.904],[10.818,54.908],[10.827,54.917],[10.83,54.932],[10.834,54.934],[10.836,54.939],[10.841,54.948],[10.859,54.969],[10.867,54.975],[10.877,54.982],[10.888,54.988],[10.895,54.996],[10.895,55.003],[10.897,55.01],[10.903,55.019],[10.908,55.034],[10.917,55.045],[10.923,55.059],[10.926,55.066],[10.931,55.078],[10.936,55.083],[10.937,55.091],[10.94,55.106],[10.946,55.123],[10.949,55.134],[10.956,55.147],[10.956,55.154],[10.953,55.159],[10.944,55.164],[10.939,55.165],[10.931,55.16],[10.925,55.152],[10.92,55.149],[10.902,55.139],[10.902,55.132],[10.898,55.124],[10.887,55.115],[10.882,55.106],[10.876,55.102],[10.873,55.095],[10.872,55.086],[10.869,55.079],[10.863,55.068],[10.862,55.06],[10.849,55.045],[10.848,55.036],[10.844,55.033],[10.831,55.025],[10.827,55.021],[10.824,55.011],[10.818,55.005],[10.813,55.002],[10.809,54.995],[10.79,54.982],[10.778,54.981],[10.77,54.983],[10.769,54.98],[10.763,54.977],[10.757,54.976],[10.753,54.972],[10.735,54.961],[10.733,54.959],[10.724,54.954],[10.725,54.952],[10.717,54.944],[10.704,54.939],[10.698,54.931],[10.694,54.93],[10.684,54.921],[10.682,54.914],[10.675,54.911],[10.675,54.907],[10.676,54.902],[10.682,54.899],[10.686,54.901],[10.698,54.897],[10.7,54.902],[10.706,54.907],[10.709,54.906],[10.707,54.897],[10.717,54.896],[10.712,54.894],[10.715,54.891],[10.716,54.885],[10.727,54.88],[10.727,54.877],[10.703,54.874],[10.697,54.873],[10.688,54.873],[10.682,54.883],[10.675,54.883],[10.669,54.878],[10.666,54.862],[10.666,54.856],[10.663,54.851],[10.666,54.847],[10.66,54.846],[10.65,54.834],[10.649,54.832],[10.641,54.829],[10.638,54.833],[10.634,54.83],[10.621,54.836],[10.614,54.835],[10.606,54.837],[10.599,54.836],[10.603,54.83],[10.615,54.827],[10.626,54.823],[10.639,54.816],[10.651,54.806],[10.657,54.799],[10.661,54.793],[10.661,54.787],[10.66,54.78],[10.667,54.772],[10.676,54.758],[10.674,54.751],[10.667,54.749],[10.67,54.745],[10.668,54.74],[10.676,54.731],[10.68,54.729],[10.686,54.724],[10.694,54.722],[10.711,54.727],[10.717,54.728],[10.726,54.734],[10.736,54.744],[10.737,54.749],[10.745,54.763],[10.746,54.765],[10.751,54.776],[10.751,54.78],[10.755,54.787],[10.76,54.794]]],[[[10.538,54.908],[10.543,54.903],[10.547,54.903],[10.546,54.908],[10.538,54.908]]],[[[10.794,55.51],[10.8,55.511],[10.799,55.514],[10.79,55.518],[10.779,55.516],[10.781,55.512],[10.78,55.509],[10.787,55.508],[10.794,55.51]]],[[[10.489,55.46],[10.481,55.461],[10.48,55.457],[10.489,55.456],[10.489,55.46]]],[[[9.706,55.476],[9.716,55.479],[9.715,55.485],[9.705,55.486],[9.697,55.492],[9.692,55.498],[9.678,55.499],[9.676,55.491],[9.686,55.483],[9.689,55.476],[9.694,55.474],[9.706,55.476]]],[[[9.713,55.354],[9.721,55.357],[9.71,55.364],[9.701,55.365],[9.697,55.364],[9.687,55.357],[9.701,55.351],[9.713,55.354]]],[[[9.805,55.323],[9.796,55.325],[9.79,55.316],[9.795,55.312],[9.796,55.306],[9.795,55.298],[9.798,55.295],[9.805,55.298],[9.826,55.3],[9.829,55.304],[9.83,55.31],[9.826,55.321],[9.82,55.327],[9.812,55.323],[9.812,55.319],[9.807,55.319],[9.805,55.323]]],[[[9.986,55.178],[9.985,55.174],[9.982,55.168],[9.983,55.165],[9.99,55.155],[9.991,55.149],[9.989,55.143],[9.985,55.139],[9.977,55.135],[9.98,55.132],[10.005,55.123],[10.02,55.122],[10.026,55.121],[10.034,55.124],[10.043,55.13],[10.041,55.134],[10.026,55.149],[10.017,55.154],[10.012,55.16],[9.996,55.167],[9.992,55.173],[9.992,55.179],[9.986,55.176],[9.986,55.178]]],[[[10.46,55.463],[10.475,55.466],[10.472,55.47],[10.466,55.473],[10.471,55.476],[10.471,55.48],[10.463,55.478],[10.455,55.473],[10.455,55.467],[10.46,55.463]]],[[[10.169,55.601],[10.181,55.602],[10.178,55.605],[10.173,55.605],[10.169,55.601]]],[[[10.182,55.615],[10.178,55.608],[10.183,55.605],[10.19,55.61],[10.184,55.613],[10.182,55.62],[10.182,55.615]]],[[[10.181,55.624],[10.182,55.631],[10.185,55.634],[10.192,55.637],[10.19,55.643],[10.182,55.643],[10.17,55.647],[10.162,55.645],[10.162,55.643],[10.168,55.636],[10.174,55.632],[10.179,55.63],[10.181,55.627],[10.181,55.624]]]]}}]}