{"type":"FeatureCollection","features":[{"type":"Feature","properties":{"id":601,"name":"Oslo","bbox":[10.489,59.809,10.951,60.135]},"geometry":{"type":"Polygon","coordinates":[[[10.68,60.134],[10.647,60.133],[10.642,60.133],[10.636,60.134],[10.619,60.135],[10.61,60.135],[10.604,60.134],[10.603,60.132],[10.601,60.132],[10.6,60.131],[10.593,60.128],[10.589,60.125],[10.573,60.117],[10.575,60.114],[10.577,60.112],[10.583,60.107],[10.585,60.105],[10.589,60.1],[10.592,60.094],[10.592,60.092],[10.592,60.091],[10.592,60.086],[10.593,60.083],[10.597,60.077],[10.581,60.076],[10.57,60.069],[10.559,60.062],[10.546,60.054],[10.545,60.053],[10.539,60.049],[10.534,60.046],[10.526,60.041],[10.516,60.035],[10.513,60.033],[10.5,60.024],[10.496,60.022],[10.489,60.017],[10.49,60.017],[10.49,60.016],[10.494,60.014],[10.495,60.013],[10.498,60.011],[10.502,60.009],[10.504,60.008],[10.505,60.008],[10.509,60.005],[10.51,60.004],[10.511,60.004],[10.512,60.003],[10.515,60.001],[10.516,60.001],[10.518,59.999],[10.524,60],[10.526,60],[10.527,60],[10.528,60],[10.529,59.999],[10.53,60],[10.531,60],[10.534,60.001],[10.535,60.001],[10.536,60],[10.538,60],[10.544,59.998],[10.545,59.995],[10.546,59.995],[10.549,59.994],[10.552,59.995],[10.553,59.995],[10.556,59.997],[10.557,59.996],[10.558,59.995],[10.56,59.994],[10.566,59.992],[10.568,59.991],[10.569,59.991],[10.57,59.99],[10.571,59.989],[10.572,59.988],[10.573,59.988],[10.577,59.986],[10.579,59.985],[10.581,59.984],[10.584,59.983],[10.585,59.982],[10.586,59.981],[10.587,59.981],[10.587,59.98],[10.589,59.98],[10.59,59.979],[10.59,59.978],[10.591,59.977],[10.592,59.977],[10.594,59.977],[10.595,59.977],[10.597,59.978],[10.6,59.977],[10.602,59.977],[10.603,59.977],[10.604,59.977],[10.61,59.977],[10.614,59.974],[10.618,59.971],[10.621,59.966],[10.622,59.966],[10.624,59.965],[10.624,59.964],[10.623,59.963],[10.624,59.963],[10.626,59.962],[10.627,59.962],[10.628,59.961],[10.628,59.96],[10.629,59.96],[10.63,59.959],[10.631,59.958],[10.632,59.957],[10.631,59.956],[10.631,59.955],[10.632,59.954],[10.634,59.953],[10.633,59.952],[10.634,59.952],[10.634,59.95],[10.635,59.95],[10.635,59.949],[10.635,59.948],[10.636,59.948],[10.636,59.946],[10.636,59.945],[10.635,59.945],[10.635,59.944],[10.634,59.944],[10.633,59.943],[10.633,59.942],[10.633,59.941],[10.632,59.94],[10.632,59.939],[10.632,59.938],[10.633,59.938],[10.634,59.937],[10.635,59.937],[10.635,59.936],[10.634,59.935],[10.634,59.934],[10.633,59.933],[10.632,59.932],[10.631,59.931],[10.629,59.93],[10.627,59.93],[10.626,59.929],[10.627,59.928],[10.625,59.927],[10.626,59.927],[10.627,59.926],[10.627,59.925],[10.626,59.924],[10.625,59.923],[10.626,59.922],[10.629,59.922],[10.63,59.922],[10.63,59.921],[10.63,59.92],[10.63,59.919],[10.63,59.918],[10.631,59.918],[10.633,59.918],[10.634,59.917],[10.633,59.916],[10.633,59.915],[10.633,59.914],[10.635,59.914],[10.636,59.915],[10.638,59.914],[10.64,59.914],[10.643,59.911],[10.648,59.909],[10.658,59.884],[10.689,59.876],[10.731,59.877],[10.739,59.854],[10.744,59.839],[10.762,59.831],[10.765,59.83],[10.766,59.829],[10.766,59.828],[10.768,59.827],[10.769,59.826],[10.77,59.826],[10.771,59.825],[10.772,59.824],[10.773,59.824],[10.774,59.824],[10.775,59.825],[10.777,59.826],[10.778,59.826],[10.779,59.826],[10.781,59.826],[10.783,59.825],[10.784,59.825],[10.785,59.824],[10.787,59.824],[10.789,59.823],[10.79,59.823],[10.792,59.823],[10.794,59.823],[10.796,59.823],[10.799,59.823],[10.8,59.823],[10.803,59.824],[10.805,59.825],[10.807,59.825],[10.812,59.825],[10.814,59.824],[10.815,59.823],[10.815,59.822],[10.815,59.821],[10.817,59.818],[10.831,59.817],[10.834,59.817],[10.836,59.817],[10.837,59.816],[10.838,59.816],[10.839,59.816],[10.84,59.816],[10.846,59.817],[10.846,59.816],[10.846,59.815],[10.847,59.813],[10.848,59.812],[10.851,59.811],[10.853,59.81],[10.856,59.809],[10.857,59.809],[10.857,59.81],[10.859,59.811],[10.86,59.811],[10.862,59.812],[10.863,59.812],[10.865,59.813],[10.867,59.813],[10.87,59.813],[10.874,59.813],[10.876,59.813],[10.876,59.812],[10.877,59.812],[10.879,59.812],[10.88,59.811],[10.881,59.812],[10.882,59.813],[10.882,59.814],[10.883,59.815],[10.885,59.815],[10.886,59.815],[10.887,59.816],[10.888,59.816],[10.89,59.818],[10.892,59.818],[10.892,59.819],[10.892,59.821],[10.893,59.821],[10.894,59.822],[10.896,59.822],[10.897,59.822],[10.896,59.824],[10.897,59.824],[10.898,59.824],[10.901,59.825],[10.903,59.826],[10.904,59.826],[10.905,59.826],[10.907,59.826],[10.908,59.826],[10.91,59.826],[10.911,59.826],[10.912,59.827],[10.913,59.827],[10.914,59.827],[10.915,59.827],[10.917,59.828],[10.918,59.828],[10.92,59.828],[10.921,59.828],[10.922,59.828],[10.923,59.828],[10.925,59.828],[10.926,59.827],[10.927,59.827],[10.929,59.828],[10.929,59.829],[10.93,59.829],[10.931,59.83],[10.933,59.831],[10.934,59.832],[10.935,59.832],[10.937,59.832],[10.935,59.835],[10.934,59.836],[10.933,59.837],[10.931,59.837],[10.93,59.838],[10.93,59.839],[10.929,59.839],[10.929,59.84],[10.929,59.841],[10.927,59.843],[10.926,59.843],[10.926,59.844],[10.926,59.845],[10.926,59.846],[10.922,59.852],[10.92,59.854],[10.912,59.86],[10.909,59.865],[10.907,59.87],[10.91,59.875],[10.908,59.885],[10.909,59.888],[10.911,59.897],[10.912,59.9],[10.913,59.905],[10.914,59.906],[10.914,59.907],[10.914,59.908],[10.914,59.91],[10.915,59.91],[10.915,59.911],[10.915,59.912],[10.916,59.912],[10.916,59.913],[10.916,59.914],[10.917,59.916],[10.917,59.917],[10.917,59.918],[10.918,59.919],[10.918,59.92],[10.919,59.92],[10.92,59.921],[10.919,59.922],[10.92,59.922],[10.92,59.923],[10.92,59.924],[10.921,59.925],[10.921,59.926],[10.924,59.929],[10.925,59.93],[10.927,59.932],[10.929,59.935],[10.934,59.938],[10.935,59.938],[10.937,59.94],[10.939,59.94],[10.941,59.941],[10.943,59.941],[10.943,59.942],[10.944,59.942],[10.944,59.943],[10.945,59.943],[10.946,59.943],[10.945,59.944],[10.943,59.945],[10.942,59.945],[10.942,59.946],[10.943,59.946],[10.942,59.947],[10.943,59.947],[10.945,59.948],[10.945,59.947],[10.946,59.947],[10.947,59.947],[10.948,59.948],[10.949,59.948],[10.951,59.949],[10.946,59.953],[10.944,59.953],[10.943,59.953],[10.942,59.954],[10.941,59.955],[10.941,59.956],[10.941,59.957],[10.94,59.958],[10.939,59.959],[10.939,59.96],[10.937,59.961],[10.938,59.961],[10.937,59.963],[10.937,59.964],[10.938,59.964],[10.938,59.966],[10.938,59.968],[10.937,59.97],[10.936,59.972],[10.935,59.973],[10.934,59.974],[10.933,59.975],[10.932,59.976],[10.931,59.976],[10.931,59.977],[10.93,59.977],[10.929,59.979],[10.929,59.98],[10.928,59.98],[10.927,59.981],[10.926,59.983],[10.926,59.984],[10.923,59.984],[10.918,59.985],[10.916,59.984],[10.913,59.981],[10.91,59.98],[10.909,59.98],[10.907,59.98],[10.906,59.981],[10.904,59.98],[10.901,59.98],[10.899,59.98],[10.893,59.981],[10.892,59.981],[10.89,59.982],[10.887,59.983],[10.885,59.983],[10.883,59.985],[10.88,59.985],[10.878,59.985],[10.876,59.985],[10.875,59.986],[10.875,59.987],[10.875,59.988],[10.874,59.988],[10.873,59.989],[10.872,59.99],[10.87,59.99],[10.868,59.991],[10.867,59.993],[10.866,59.994],[10.866,59.995],[10.864,59.996],[10.863,59.995],[10.861,59.996],[10.858,59.996],[10.856,59.998],[10.852,60],[10.851,60.001],[10.849,60.002],[10.848,60.001],[10.843,59.999],[10.843,59.997],[10.841,59.998],[10.84,59.998],[10.839,59.998],[10.838,59.998],[10.838,59.999],[10.838,60],[10.839,60.001],[10.838,60.003],[10.838,60.004],[10.838,60.005],[10.837,60.006],[10.837,60.007],[10.836,60.008],[10.833,60.01],[10.833,60.011],[10.834,60.011],[10.833,60.012],[10.833,60.013],[10.832,60.015],[10.832,60.016],[10.832,60.018],[10.831,60.019],[10.83,60.019],[10.829,60.02],[10.829,60.022],[10.828,60.023],[10.827,60.023],[10.826,60.023],[10.825,60.023],[10.824,60.023],[10.823,60.022],[10.822,60.02],[10.822,60.019],[10.822,60.018],[10.822,60.017],[10.821,60.017],[10.82,60.018],[10.819,60.018],[10.818,60.019],[10.816,60.021],[10.815,60.021],[10.815,60.022],[10.813,60.024],[10.812,60.025],[10.812,60.026],[10.812,60.027],[10.813,60.028],[10.814,60.029],[10.812,60.03],[10.813,60.03],[10.813,60.031],[10.813,60.032],[10.812,60.034],[10.813,60.036],[10.815,60.037],[10.816,60.038],[10.818,60.038],[10.818,60.039],[10.817,60.039],[10.817,60.04],[10.817,60.041],[10.818,60.043],[10.818,60.044],[10.817,60.046],[10.817,60.047],[10.817,60.048],[10.817,60.049],[10.817,60.051],[10.817,60.053],[10.816,60.054],[10.817,60.057],[10.819,60.061],[10.819,60.063],[10.82,60.064],[10.82,60.065],[10.818,60.065],[10.816,60.065],[10.813,60.065],[10.812,60.064],[10.811,60.064],[10.81,60.065],[10.809,60.064],[10.808,60.064],[10.805,60.065],[10.803,60.066],[10.802,60.065],[10.802,60.066],[10.801,60.066],[10.799,60.066],[10.798,60.066],[10.796,60.066],[10.794,60.067],[10.792,60.067],[10.79,60.067],[10.788,60.068],[10.787,60.068],[10.787,60.069],[10.786,60.069],[10.785,60.07],[10.784,60.071],[10.784,60.072],[10.784,60.073],[10.783,60.074],[10.782,60.075],[10.78,60.076],[10.779,60.077],[10.779,60.078],[10.778,60.079],[10.777,60.079],[10.777,60.08],[10.777,60.081],[10.776,60.082],[10.776,60.083],[10.775,60.084],[10.774,60.085],[10.772,60.087],[10.771,60.087],[10.77,60.087],[10.77,60.088],[10.768,60.091],[10.767,60.093],[10.765,60.095],[10.765,60.096],[10.764,60.097],[10.763,60.096],[10.763,60.097],[10.762,60.098],[10.76,60.098],[10.759,60.099],[10.758,60.099],[10.757,60.099],[10.755,60.1],[10.755,60.101],[10.755,60.104],[10.756,60.105],[10.757,60.106],[10.761,60.108],[10.764,60.11],[10.765,60.111],[10.766,60.111],[10.766,60.112],[10.767,60.112],[10.768,60.112],[10.768,60.113],[10.758,60.116],[10.752,60.118],[10.751,60.121],[10.749,60.122],[10.748,60.122],[10.747,60.122],[10.748,60.123],[10.747,60.123],[10.746,60.123],[10.745,60.123],[10.744,60.123],[10.743,60.124],[10.74,60.125],[10.739,60.126],[10.737,60.126],[10.734,60.126],[10.733,60.125],[10.732,60.125],[10.732,60.124],[10.73,60.123],[10.728,60.123],[10.727,60.122],[10.724,60.121],[10.72,60.122],[10.719,60.121],[10.717,60.12],[10.716,60.12],[10.715,60.12],[10.714,60.12],[10.711,60.12],[10.709,60.119],[10.707,60.119],[10.705,60.12],[10.704,60.121],[10.705,60.123],[10.705,60.124],[10.704,60.125],[10.7,60.125],[10.699,60.125],[10.698,60.126],[10.697,60.126],[10.696,60.126],[10.695,60.127],[10.693,60.128],[10.68,60.134]]]}},{"type":"Feature","properties":{"id":602,"name":"Rogaland","bbox":[4.454,58.028,7.215,59.845]},"geometry":{"type":"Polygon","coordinates":[[[5.072,58.782],[5.112,58.701],[5.117,58.693],[5.122,58.684],[5.163,58.624],[5.177,58.603],[5.18,58.599],[5.186,58.591],[5.193,58.583],[5.204,58.571],[5.208,58.567],[5.216,58.559],[5.278,58.502],[5.327,58.456],[5.333,58.451],[5.342,58.443],[5.352,58.436],[5.363,58.429],[5.405,58.401],[5.416,58.395],[5.469,58.363],[5.52,58.333],[5.577,58.298],[5.579,58.297],[5.59,58.291],[5.601,58.285],[5.61,58.28],[5.623,58.274],[5.872,58.158],[6.084,58.059],[6.15,58.028],[6.304,58.2],[6.318,58.216],[6.373,58.277],[6.386,58.278],[6.398,58.282],[6.416,58.285],[6.418,58.286],[6.431,58.29],[6.437,58.291],[6.44,58.291],[6.446,58.294],[6.448,58.295],[6.45,58.295],[6.452,58.296],[6.453,58.296],[6.455,58.296],[6.457,58.297],[6.458,58.298],[6.463,58.298],[6.465,58.299],[6.468,58.299],[6.469,58.3],[6.471,58.3],[6.473,58.3],[6.474,58.301],[6.479,58.301],[6.481,58.302],[6.483,58.303],[6.489,58.305],[6.516,58.314],[6.543,58.32],[6.551,58.324],[6.56,58.327],[6.571,58.339],[6.576,58.345],[6.581,58.348],[6.583,58.351],[6.588,58.354],[6.591,58.358],[6.599,58.362],[6.601,58.363],[6.604,58.366],[6.609,58.372],[6.609,58.374],[6.604,58.387],[6.596,58.409],[6.596,58.412],[6.595,58.416],[6.6,58.421],[6.606,58.427],[6.609,58.43],[6.61,58.431],[6.611,58.432],[6.614,58.434],[6.617,58.435],[6.618,58.435],[6.62,58.436],[6.621,58.437],[6.625,58.439],[6.625,58.44],[6.63,58.444],[6.631,58.446],[6.632,58.448],[6.631,58.45],[6.632,58.451],[6.629,58.453],[6.627,58.454],[6.626,58.454],[6.625,58.454],[6.624,58.454],[6.623,58.456],[6.62,58.457],[6.617,58.465],[6.617,58.466],[6.615,58.467],[6.616,58.468],[6.616,58.469],[6.619,58.471],[6.615,58.473],[6.614,58.473],[6.611,58.474],[6.611,58.475],[6.611,58.478],[6.61,58.48],[6.611,58.482],[6.612,58.483],[6.611,58.485],[6.61,58.486],[6.609,58.487],[6.607,58.489],[6.603,58.492],[6.596,58.497],[6.588,58.493],[6.591,58.498],[6.593,58.5],[6.592,58.507],[6.593,58.508],[6.593,58.509],[6.593,58.51],[6.594,58.511],[6.596,58.514],[6.598,58.516],[6.601,58.521],[6.602,58.521],[6.602,58.522],[6.603,58.523],[6.604,58.526],[6.606,58.528],[6.607,58.53],[6.608,58.532],[6.608,58.533],[6.609,58.534],[6.611,58.535],[6.61,58.535],[6.607,58.536],[6.607,58.537],[6.606,58.537],[6.606,58.538],[6.605,58.538],[6.605,58.539],[6.606,58.54],[6.607,58.54],[6.608,58.539],[6.609,58.539],[6.609,58.54],[6.614,58.542],[6.612,58.545],[6.612,58.546],[6.612,58.547],[6.613,58.549],[6.617,58.554],[6.618,58.555],[6.616,58.557],[6.614,58.557],[6.612,58.559],[6.611,58.56],[6.608,58.562],[6.608,58.564],[6.609,58.565],[6.608,58.566],[6.609,58.569],[6.609,58.57],[6.611,58.572],[6.61,58.572],[6.61,58.573],[6.609,58.574],[6.609,58.575],[6.61,58.576],[6.61,58.577],[6.61,58.579],[6.605,58.581],[6.603,58.581],[6.598,58.585],[6.597,58.586],[6.594,58.587],[6.591,58.586],[6.589,58.588],[6.588,58.59],[6.589,58.594],[6.589,58.596],[6.591,58.598],[6.594,58.601],[6.595,58.604],[6.599,58.606],[6.6,58.606],[6.602,58.607],[6.604,58.608],[6.605,58.609],[6.607,58.612],[6.609,58.614],[6.611,58.617],[6.611,58.618],[6.614,58.623],[6.615,58.625],[6.605,58.622],[6.6,58.62],[6.596,58.619],[6.592,58.619],[6.586,58.616],[6.583,58.615],[6.576,58.617],[6.569,58.62],[6.561,58.621],[6.559,58.622],[6.556,58.622],[6.551,58.623],[6.548,58.625],[6.545,58.626],[6.542,58.626],[6.541,58.626],[6.533,58.628],[6.532,58.627],[6.523,58.623],[6.518,58.621],[6.515,58.619],[6.511,58.617],[6.5,58.611],[6.497,58.61],[6.496,58.612],[6.492,58.615],[6.49,58.618],[6.488,58.618],[6.485,58.621],[6.483,58.623],[6.484,58.625],[6.485,58.625],[6.486,58.626],[6.487,58.626],[6.488,58.627],[6.487,58.627],[6.487,58.628],[6.485,58.628],[6.484,58.629],[6.483,58.63],[6.482,58.63],[6.48,58.631],[6.479,58.633],[6.478,58.633],[6.478,58.634],[6.477,58.635],[6.474,58.636],[6.473,58.637],[6.471,58.637],[6.47,58.638],[6.469,58.638],[6.469,58.639],[6.469,58.64],[6.465,58.641],[6.462,58.642],[6.46,58.643],[6.456,58.644],[6.442,58.648],[6.436,58.649],[6.438,58.651],[6.442,58.655],[6.444,58.657],[6.447,58.66],[6.451,58.664],[6.461,58.667],[6.464,58.668],[6.468,58.669],[6.477,58.672],[6.485,58.671],[6.489,58.67],[6.491,58.67],[6.503,58.67],[6.507,58.669],[6.513,58.67],[6.529,58.673],[6.532,58.673],[6.534,58.674],[6.538,58.675],[6.55,58.677],[6.556,58.678],[6.56,58.679],[6.563,58.68],[6.578,58.684],[6.58,58.684],[6.582,58.685],[6.588,58.685],[6.593,58.686],[6.601,58.687],[6.606,58.689],[6.622,58.696],[6.622,58.697],[6.623,58.702],[6.623,58.704],[6.621,58.707],[6.619,58.711],[6.617,58.715],[6.608,58.724],[6.606,58.727],[6.602,58.73],[6.599,58.731],[6.597,58.732],[6.593,58.734],[6.588,58.736],[6.585,58.737],[6.583,58.738],[6.574,58.741],[6.574,58.746],[6.576,58.757],[6.576,58.762],[6.576,58.763],[6.575,58.763],[6.574,58.764],[6.573,58.765],[6.571,58.766],[6.57,58.766],[6.568,58.766],[6.565,58.765],[6.562,58.765],[6.562,58.764],[6.56,58.764],[6.559,58.764],[6.558,58.764],[6.556,58.765],[6.553,58.764],[6.551,58.764],[6.55,58.764],[6.549,58.765],[6.547,58.766],[6.533,58.768],[6.532,58.768],[6.523,58.766],[6.52,58.766],[6.518,58.767],[6.523,58.777],[6.525,58.781],[6.528,58.784],[6.528,58.786],[6.528,58.787],[6.531,58.791],[6.534,58.796],[6.537,58.801],[6.542,58.806],[6.548,58.813],[6.552,58.818],[6.553,58.826],[6.566,58.842],[6.576,58.849],[6.589,58.861],[6.604,58.875],[6.601,58.877],[6.603,58.878],[6.604,58.878],[6.605,58.878],[6.607,58.879],[6.608,58.88],[6.609,58.88],[6.607,58.881],[6.607,58.882],[6.607,58.883],[6.606,58.884],[6.604,58.884],[6.603,58.884],[6.602,58.884],[6.601,58.883],[6.599,58.883],[6.597,58.884],[6.596,58.884],[6.595,58.884],[6.594,58.884],[6.593,58.883],[6.591,58.882],[6.589,58.883],[6.588,58.882],[6.587,58.882],[6.585,58.882],[6.583,58.882],[6.582,58.881],[6.581,58.881],[6.58,58.881],[6.579,58.883],[6.578,58.884],[6.576,58.885],[6.575,58.885],[6.568,58.886],[6.561,58.91],[6.578,58.917],[6.623,58.936],[6.633,58.94],[6.649,58.962],[6.666,58.985],[6.703,58.994],[6.704,58.997],[6.706,59.002],[6.725,59.015],[6.738,59.022],[6.757,59.032],[6.761,59.033],[6.781,59.04],[6.783,59.043],[6.788,59.053],[6.818,59.068],[6.843,59.081],[6.885,59.103],[6.903,59.113],[6.904,59.113],[6.904,59.114],[6.902,59.114],[6.901,59.115],[6.9,59.115],[6.899,59.116],[6.9,59.116],[6.9,59.117],[6.9,59.118],[6.9,59.119],[6.902,59.12],[6.901,59.121],[6.9,59.121],[6.899,59.122],[6.898,59.123],[6.899,59.124],[6.9,59.124],[6.899,59.125],[6.899,59.127],[6.9,59.128],[6.901,59.13],[6.902,59.13],[6.902,59.131],[6.901,59.132],[6.9,59.133],[6.898,59.134],[6.897,59.135],[6.896,59.135],[6.895,59.136],[6.894,59.137],[6.894,59.138],[6.893,59.138],[6.891,59.14],[6.89,59.14],[6.888,59.141],[6.886,59.141],[6.881,59.14],[6.88,59.14],[6.88,59.141],[6.881,59.143],[6.881,59.145],[6.882,59.145],[6.884,59.146],[6.886,59.147],[6.886,59.148],[6.885,59.148],[6.885,59.15],[6.887,59.15],[6.888,59.151],[6.889,59.151],[6.891,59.152],[6.892,59.153],[6.893,59.153],[6.892,59.154],[6.898,59.159],[6.899,59.159],[6.902,59.159],[6.904,59.16],[6.906,59.16],[6.91,59.16],[6.911,59.161],[6.912,59.162],[6.916,59.162],[6.918,59.163],[6.92,59.164],[6.921,59.165],[6.924,59.166],[6.925,59.166],[6.926,59.167],[6.926,59.168],[6.925,59.168],[6.922,59.169],[6.922,59.17],[6.923,59.171],[6.923,59.172],[6.923,59.173],[6.922,59.174],[6.922,59.175],[6.924,59.175],[6.93,59.176],[6.931,59.177],[6.932,59.178],[6.933,59.179],[6.934,59.179],[6.937,59.179],[6.938,59.18],[6.939,59.181],[6.939,59.182],[6.938,59.182],[6.933,59.182],[6.926,59.183],[6.919,59.184],[6.907,59.185],[6.904,59.186],[6.897,59.185],[6.88,59.184],[6.876,59.184],[6.864,59.183],[6.854,59.183],[6.85,59.183],[6.848,59.183],[6.838,59.192],[6.838,59.193],[6.839,59.221],[6.841,59.251],[6.825,59.27],[6.83,59.308],[6.832,59.317],[6.835,59.319],[6.841,59.327],[6.843,59.331],[6.848,59.335],[6.855,59.349],[6.857,59.35],[6.859,59.352],[6.858,59.356],[6.859,59.358],[6.859,59.36],[6.864,59.366],[6.865,59.368],[6.891,59.398],[6.894,59.398],[6.896,59.396],[6.898,59.395],[6.898,59.394],[6.9,59.394],[6.901,59.393],[6.901,59.392],[6.903,59.392],[6.904,59.392],[6.905,59.392],[6.907,59.392],[6.908,59.392],[6.908,59.395],[6.91,59.395],[6.913,59.395],[6.914,59.395],[6.916,59.394],[6.918,59.393],[6.919,59.393],[6.92,59.394],[6.922,59.395],[6.923,59.396],[6.924,59.396],[6.924,59.397],[6.923,59.397],[6.923,59.398],[6.924,59.398],[6.925,59.398],[6.925,59.399],[6.925,59.4],[6.925,59.401],[6.929,59.401],[6.931,59.4],[6.932,59.4],[6.932,59.402],[6.931,59.403],[6.929,59.403],[6.929,59.404],[6.927,59.405],[6.924,59.406],[6.922,59.407],[6.918,59.409],[6.91,59.412],[6.905,59.415],[6.903,59.416],[6.901,59.417],[6.9,59.418],[6.897,59.419],[6.896,59.419],[6.893,59.421],[6.892,59.422],[6.891,59.424],[6.889,59.424],[6.889,59.425],[6.888,59.426],[6.887,59.426],[6.884,59.427],[6.884,59.428],[6.883,59.428],[6.883,59.429],[6.885,59.43],[6.887,59.431],[6.889,59.431],[6.891,59.431],[6.892,59.431],[6.893,59.43],[6.896,59.431],[6.898,59.431],[6.899,59.431],[6.901,59.432],[6.903,59.432],[6.904,59.432],[6.906,59.433],[6.908,59.433],[6.911,59.434],[6.912,59.434],[6.914,59.434],[6.919,59.435],[6.92,59.436],[6.923,59.436],[6.926,59.437],[6.928,59.437],[6.934,59.439],[6.935,59.439],[6.938,59.441],[6.939,59.441],[6.941,59.441],[6.941,59.442],[6.942,59.442],[6.944,59.443],[6.945,59.443],[6.946,59.443],[6.947,59.444],[6.948,59.445],[6.95,59.446],[6.953,59.444],[6.955,59.444],[6.957,59.445],[6.968,59.449],[6.971,59.45],[6.974,59.452],[6.978,59.454],[6.983,59.456],[6.985,59.457],[6.989,59.458],[6.993,59.46],[6.994,59.46],[6.995,59.46],[6.997,59.461],[6.999,59.462],[6.999,59.463],[6.999,59.464],[6.999,59.465],[7,59.466],[7,59.467],[7.002,59.469],[7.004,59.469],[7.004,59.47],[7.005,59.47],[7.007,59.472],[7.008,59.473],[7.011,59.475],[7.014,59.478],[7.016,59.479],[7.019,59.48],[7.021,59.481],[7.023,59.481],[7.023,59.482],[7.023,59.483],[7.022,59.484],[7.021,59.484],[7.019,59.485],[7.019,59.486],[7.018,59.487],[7.016,59.487],[7.017,59.488],[7.016,59.488],[7.016,59.49],[7.016,59.491],[7.015,59.491],[7.013,59.492],[7.012,59.493],[7.01,59.493],[7.007,59.494],[7.005,59.494],[7.002,59.495],[7.001,59.496],[7.001,59.497],[7.001,59.498],[7.002,59.498],[7.002,59.499],[7.004,59.5],[7.006,59.501],[7.005,59.502],[7.004,59.502],[7.003,59.503],[7.001,59.504],[7,59.505],[6.998,59.505],[6.997,59.505],[6.995,59.506],[6.993,59.506],[6.984,59.507],[6.982,59.508],[6.981,59.508],[6.977,59.509],[6.976,59.51],[6.975,59.511],[6.974,59.511],[6.972,59.511],[6.969,59.512],[6.968,59.512],[6.968,59.513],[6.964,59.515],[6.963,59.516],[6.964,59.517],[6.966,59.518],[6.968,59.518],[6.975,59.521],[6.98,59.523],[6.98,59.524],[6.98,59.528],[6.98,59.53],[6.979,59.533],[6.979,59.536],[6.979,59.538],[6.978,59.54],[6.978,59.541],[6.981,59.549],[6.983,59.561],[6.985,59.57],[6.986,59.571],[6.987,59.576],[6.988,59.579],[6.989,59.584],[6.99,59.589],[6.992,59.597],[7.013,59.596],[7.015,59.596],[7.031,59.592],[7.049,59.587],[7.062,59.603],[7.072,59.611],[7.076,59.613],[7.089,59.62],[7.092,59.627],[7.094,59.634],[7.098,59.647],[7.099,59.651],[7.114,59.656],[7.13,59.66],[7.138,59.662],[7.173,59.665],[7.199,59.667],[7.211,59.669],[7.212,59.67],[7.215,59.673],[7.214,59.673],[7.213,59.674],[7.174,59.686],[7.11,59.701],[7.116,59.714],[7.114,59.736],[7.11,59.763],[7.096,59.783],[7.069,59.78],[7.038,59.778],[6.977,59.772],[6.963,59.767],[6.917,59.752],[6.861,59.736],[6.816,59.723],[6.801,59.717],[6.791,59.714],[6.784,59.712],[6.782,59.71],[6.774,59.708],[6.772,59.706],[6.771,59.706],[6.771,59.703],[6.767,59.7],[6.763,59.7],[6.761,59.7],[6.758,59.701],[6.751,59.7],[6.749,59.7],[6.747,59.701],[6.739,59.7],[6.728,59.698],[6.712,59.694],[6.71,59.694],[6.704,59.694],[6.688,59.696],[6.657,59.702],[6.653,59.708],[6.652,59.711],[6.652,59.714],[6.652,59.718],[6.66,59.731],[6.663,59.735],[6.669,59.742],[6.67,59.748],[6.674,59.75],[6.677,59.756],[6.69,59.769],[6.689,59.771],[6.684,59.774],[6.678,59.782],[6.68,59.787],[6.678,59.793],[6.682,59.794],[6.683,59.795],[6.684,59.801],[6.685,59.809],[6.687,59.815],[6.692,59.821],[6.692,59.822],[6.693,59.822],[6.693,59.823],[6.694,59.823],[6.69,59.825],[6.689,59.826],[6.688,59.827],[6.687,59.828],[6.686,59.829],[6.685,59.83],[6.686,59.831],[6.685,59.831],[6.684,59.832],[6.683,59.832],[6.668,59.839],[6.665,59.84],[6.658,59.844],[6.657,59.845],[6.656,59.845],[6.655,59.844],[6.653,59.843],[6.651,59.843],[6.65,59.842],[6.65,59.841],[6.649,59.841],[6.648,59.841],[6.636,59.839],[6.622,59.836],[6.618,59.836],[6.61,59.834],[6.605,59.834],[6.602,59.833],[6.598,59.833],[6.57,59.832],[6.562,59.837],[6.538,59.843],[6.525,59.838],[6.514,59.833],[6.487,59.82],[6.442,59.806],[6.425,59.79],[6.382,59.786],[6.342,59.782],[6.333,59.784],[6.328,59.782],[6.328,59.781],[6.329,59.78],[6.329,59.779],[6.329,59.778],[6.329,59.776],[6.329,59.775],[6.329,59.774],[6.329,59.773],[6.328,59.772],[6.326,59.772],[6.302,59.767],[6.295,59.757],[6.281,59.746],[6.274,59.74],[6.271,59.736],[6.27,59.732],[6.27,59.73],[6.27,59.724],[6.269,59.712],[6.268,59.703],[6.243,59.697],[6.229,59.693],[6.228,59.694],[6.227,59.693],[6.226,59.692],[6.225,59.692],[6.225,59.691],[6.226,59.691],[6.225,59.69],[6.224,59.689],[6.223,59.688],[6.223,59.687],[6.224,59.686],[6.225,59.686],[6.226,59.685],[6.227,59.685],[6.227,59.684],[6.228,59.684],[6.227,59.683],[6.225,59.682],[6.224,59.682],[6.224,59.681],[6.222,59.68],[6.222,59.679],[6.221,59.678],[6.22,59.678],[6.218,59.677],[6.219,59.676],[6.218,59.675],[6.217,59.673],[6.217,59.671],[6.216,59.668],[6.215,59.664],[6.213,59.661],[6.213,59.66],[6.213,59.656],[6.209,59.649],[6.208,59.649],[6.208,59.648],[6.207,59.647],[6.207,59.646],[6.2,59.641],[6.199,59.641],[6.196,59.643],[6.194,59.644],[6.193,59.644],[6.192,59.644],[6.191,59.644],[6.191,59.643],[6.191,59.642],[6.19,59.642],[6.189,59.642],[6.188,59.641],[6.187,59.641],[6.186,59.64],[6.19,59.635],[6.184,59.631],[6.183,59.625],[6.187,59.621],[6.186,59.618],[6.178,59.615],[6.18,59.614],[6.182,59.612],[6.183,59.611],[6.183,59.61],[6.185,59.61],[6.189,59.606],[6.189,59.604],[6.19,59.601],[6.189,59.598],[6.189,59.594],[6.186,59.591],[6.183,59.586],[6.166,59.585],[6.143,59.585],[6.129,59.587],[6.126,59.586],[6.124,59.585],[6.123,59.585],[6.122,59.585],[6.118,59.585],[6.1,59.591],[6.089,59.595],[6.085,59.596],[6.074,59.597],[6.059,59.598],[6.055,59.598],[6.048,59.595],[6.047,59.595],[6.046,59.593],[6.042,59.591],[6.015,59.593],[6.014,59.593],[6.013,59.593],[6.011,59.593],[6.01,59.594],[6.01,59.595],[6.009,59.595],[6.008,59.595],[6.006,59.589],[6.006,59.587],[6.005,59.585],[5.977,59.579],[5.969,59.579],[5.969,59.587],[5.97,59.595],[5.97,59.598],[5.963,59.601],[5.948,59.605],[5.938,59.607],[5.924,59.61],[5.912,59.611],[5.91,59.609],[5.907,59.608],[5.903,59.609],[5.899,59.612],[5.899,59.616],[5.899,59.617],[5.899,59.619],[5.898,59.619],[5.897,59.621],[5.897,59.623],[5.895,59.623],[5.895,59.624],[5.894,59.624],[5.893,59.624],[5.893,59.625],[5.892,59.626],[5.884,59.626],[5.882,59.626],[5.877,59.626],[5.874,59.627],[5.87,59.628],[5.866,59.629],[5.861,59.629],[5.857,59.629],[5.851,59.629],[5.844,59.629],[5.834,59.632],[5.827,59.636],[5.823,59.64],[5.823,59.641],[5.823,59.642],[5.823,59.643],[5.823,59.644],[5.823,59.645],[5.824,59.646],[5.824,59.648],[5.796,59.646],[5.784,59.647],[5.775,59.657],[5.767,59.686],[5.764,59.7],[5.688,59.686],[5.635,59.7],[5.597,59.753],[5.581,59.754],[5.562,59.725],[5.571,59.695],[5.545,59.661],[5.538,59.616],[5.551,59.565],[5.531,59.549],[5.52,59.541],[5.511,59.522],[5.496,59.517],[5.473,59.521],[5.46,59.515],[5.462,59.499],[5.46,59.498],[5.457,59.498],[5.455,59.498],[5.454,59.497],[5.454,59.498],[5.45,59.498],[5.434,59.497],[5.431,59.499],[5.423,59.5],[5.421,59.498],[5.42,59.496],[5.418,59.495],[5.395,59.492],[5.389,59.491],[5.392,59.49],[5.401,59.484],[5.397,59.483],[5.397,59.484],[5.387,59.486],[5.385,59.485],[5.384,59.485],[5.38,59.485],[5.376,59.485],[5.374,59.485],[5.373,59.485],[5.373,59.486],[5.374,59.487],[5.371,59.495],[5.369,59.495],[5.365,59.495],[5.364,59.495],[5.364,59.494],[5.358,59.492],[5.354,59.491],[5.355,59.49],[5.356,59.49],[5.356,59.489],[5.354,59.488],[5.354,59.487],[5.353,59.487],[5.352,59.485],[5.35,59.485],[5.349,59.485],[5.342,59.483],[5.335,59.482],[5.334,59.481],[5.333,59.481],[5.332,59.48],[5.33,59.481],[5.328,59.48],[5.324,59.479],[5.319,59.477],[5.317,59.477],[5.316,59.476],[5.315,59.475],[5.314,59.476],[5.312,59.476],[5.311,59.477],[5.309,59.479],[5.308,59.479],[5.306,59.479],[5.306,59.48],[5.304,59.48],[5.303,59.481],[5.302,59.482],[5.29,59.488],[5.279,59.49],[5.271,59.494],[5.266,59.495],[5.263,59.496],[5.26,59.496],[5.257,59.497],[5.256,59.498],[5.255,59.499],[5.249,59.501],[5.248,59.503],[5.243,59.505],[5.234,59.504],[5.187,59.515],[5.161,59.513],[4.977,59.496],[4.946,59.501],[4.852,59.517],[4.604,59.558],[4.569,59.504],[4.531,59.444],[4.484,59.369],[4.48,59.362],[4.475,59.354],[4.465,59.331],[4.461,59.323],[4.458,59.314],[4.456,59.305],[4.455,59.296],[4.454,59.287],[4.455,59.278],[4.456,59.269],[4.457,59.26],[4.46,59.247],[4.463,59.239],[4.466,59.23],[4.47,59.221],[4.475,59.212],[4.481,59.204],[4.487,59.196],[4.494,59.187],[4.502,59.179],[4.511,59.172],[4.52,59.164],[4.521,59.163],[4.528,59.157],[4.539,59.15],[4.55,59.143],[4.561,59.136],[4.573,59.13],[4.586,59.124],[4.599,59.118],[4.613,59.112],[4.717,59.071],[4.799,59.039],[4.895,59.001],[4.959,58.956],[5.006,58.923],[5.008,58.919],[5.047,58.832],[5.049,58.828],[5.055,58.815],[5.072,58.782]]]}},{"type":"Feature","properties":{"id":603,"name":"Møre og Romsdal","bbox":[4.817,61.923,9.365,63.768]},"geometry":{"type":"Polygon","coordinates":[[[7.648,63.768],[7.527,63.695],[7.5,63.679],[7.462,63.656],[7.452,63.649],[7.441,63.642],[7.358,63.581],[7.111,63.429],[6.971,63.342],[6.919,63.31],[6.861,63.273],[6.839,63.26],[6.799,63.246],[6.598,63.179],[6.499,63.146],[6.338,63.091],[6.135,63.022],[5.996,62.974],[5.994,62.973],[5.978,62.968],[5.964,62.962],[5.95,62.956],[5.888,62.927],[5.671,62.826],[5.666,62.824],[5.641,62.812],[5.509,62.748],[5.341,62.666],[5.255,62.624],[4.949,62.472],[4.938,62.466],[4.926,62.459],[4.914,62.452],[4.904,62.445],[4.887,62.433],[4.817,62.382],[5.057,62.31],[5.146,62.283],[5.176,62.274],[5.218,62.261],[5.225,62.256],[5.357,62.169],[5.358,62.155],[5.361,62.122],[5.433,62.094],[5.461,62.083],[5.503,62.067],[5.506,62.055],[5.486,62.014],[5.491,62.015],[5.493,62.014],[5.494,62.014],[5.495,62.014],[5.497,62.014],[5.498,62.014],[5.499,62.014],[5.501,62.013],[5.502,62.012],[5.501,62.012],[5.502,62.011],[5.503,62.011],[5.503,62.01],[5.503,62.009],[5.503,62.008],[5.502,62.007],[5.501,62.007],[5.5,62.006],[5.499,62.006],[5.498,62.005],[5.497,62.005],[5.494,62.002],[5.493,62.001],[5.492,62.001],[5.49,62.001],[5.49,62],[5.488,61.999],[5.487,61.999],[5.487,61.998],[5.485,61.998],[5.483,61.998],[5.481,61.997],[5.48,61.997],[5.478,61.996],[5.476,61.995],[5.475,61.995],[5.474,61.995],[5.473,61.995],[5.472,61.995],[5.471,61.994],[5.47,61.994],[5.469,61.993],[5.467,61.993],[5.465,61.991],[5.46,61.987],[5.458,61.986],[5.455,61.985],[5.453,61.983],[5.452,61.982],[5.443,61.974],[5.452,61.976],[5.461,61.976],[5.468,61.982],[5.476,61.986],[5.483,61.983],[5.49,61.98],[5.494,61.98],[5.507,61.977],[5.512,61.976],[5.515,61.976],[5.517,61.975],[5.522,61.974],[5.53,61.97],[5.531,61.971],[5.534,61.971],[5.54,61.967],[5.538,61.965],[5.552,61.96],[5.556,61.961],[5.561,61.961],[5.562,61.961],[5.566,61.962],[5.569,61.962],[5.574,61.962],[5.576,61.962],[5.591,61.964],[5.595,61.965],[5.604,61.966],[5.605,61.966],[5.611,61.966],[5.612,61.966],[5.616,61.966],[5.62,61.966],[5.625,61.967],[5.63,61.968],[5.64,61.969],[5.647,61.97],[5.659,61.972],[5.663,61.973],[5.671,61.973],[5.68,61.974],[5.684,61.972],[5.693,61.968],[5.698,61.968],[5.704,61.969],[5.71,61.973],[5.717,61.977],[5.722,61.98],[5.724,61.98],[5.729,61.981],[5.73,61.981],[5.74,61.979],[5.75,61.98],[5.753,61.977],[5.754,61.973],[5.758,61.973],[5.76,61.973],[5.77,61.974],[5.774,61.974],[5.777,61.973],[5.784,61.973],[5.787,61.97],[5.789,61.969],[5.791,61.967],[5.792,61.966],[5.793,61.967],[5.798,61.966],[5.803,61.966],[5.806,61.967],[5.815,61.969],[5.82,61.97],[5.823,61.97],[5.831,61.971],[5.835,61.972],[5.843,61.973],[5.845,61.974],[5.848,61.975],[5.864,61.98],[5.887,61.987],[5.89,61.988],[5.895,61.989],[5.901,61.991],[5.905,61.993],[5.913,61.994],[5.914,61.995],[5.917,61.995],[5.92,61.996],[5.927,61.997],[5.936,61.994],[5.938,61.99],[5.947,61.988],[5.951,61.989],[5.955,61.991],[5.965,61.994],[5.966,61.993],[5.967,61.992],[5.975,61.987],[5.976,61.987],[5.981,61.984],[5.985,61.982],[5.99,61.98],[5.992,61.98],[6,61.977],[6.011,61.975],[6.013,61.974],[6.019,61.969],[6.019,61.968],[6.018,61.968],[6.026,61.963],[6.036,61.957],[6.04,61.957],[6.041,61.957],[6.043,61.959],[6.044,61.962],[6.05,61.963],[6.054,61.965],[6.056,61.965],[6.057,61.966],[6.059,61.968],[6.064,61.969],[6.087,61.962],[6.089,61.962],[6.101,61.963],[6.111,61.964],[6.113,61.965],[6.117,61.965],[6.13,61.97],[6.142,61.974],[6.133,61.986],[6.132,61.987],[6.144,61.989],[6.157,61.992],[6.165,61.993],[6.17,61.994],[6.173,61.998],[6.179,62.006],[6.182,62.011],[6.2,62.008],[6.217,62.009],[6.223,62.009],[6.241,62.007],[6.258,62.006],[6.248,62],[6.239,61.993],[6.236,61.992],[6.257,61.985],[6.264,61.982],[6.268,61.981],[6.275,61.978],[6.277,61.977],[6.279,61.978],[6.281,61.978],[6.282,61.979],[6.285,61.978],[6.288,61.977],[6.29,61.976],[6.3,61.971],[6.302,61.97],[6.304,61.969],[6.307,61.968],[6.314,61.965],[6.31,61.963],[6.309,61.961],[6.307,61.961],[6.308,61.96],[6.311,61.959],[6.315,61.959],[6.319,61.959],[6.321,61.959],[6.322,61.96],[6.324,61.961],[6.326,61.961],[6.33,61.962],[6.335,61.963],[6.338,61.963],[6.348,61.963],[6.352,61.964],[6.356,61.965],[6.359,61.966],[6.36,61.967],[6.363,61.968],[6.364,61.969],[6.365,61.97],[6.367,61.972],[6.369,61.973],[6.371,61.976],[6.374,61.977],[6.376,61.978],[6.378,61.979],[6.38,61.979],[6.389,61.981],[6.394,61.982],[6.398,61.983],[6.405,61.986],[6.41,61.985],[6.416,61.983],[6.421,61.982],[6.422,61.981],[6.424,61.98],[6.425,61.979],[6.426,61.977],[6.427,61.976],[6.427,61.974],[6.429,61.969],[6.429,61.961],[6.428,61.955],[6.429,61.954],[6.43,61.953],[6.431,61.952],[6.433,61.951],[6.435,61.95],[6.438,61.949],[6.465,61.944],[6.472,61.943],[6.474,61.942],[6.475,61.941],[6.475,61.94],[6.474,61.939],[6.476,61.937],[6.477,61.935],[6.477,61.934],[6.482,61.934],[6.488,61.933],[6.489,61.932],[6.489,61.93],[6.489,61.929],[6.49,61.928],[6.491,61.927],[6.493,61.927],[6.494,61.926],[6.497,61.925],[6.498,61.925],[6.501,61.923],[6.502,61.923],[6.504,61.924],[6.507,61.924],[6.517,61.927],[6.519,61.928],[6.522,61.929],[6.523,61.93],[6.524,61.93],[6.524,61.931],[6.524,61.932],[6.523,61.933],[6.522,61.934],[6.521,61.935],[6.522,61.936],[6.524,61.937],[6.525,61.937],[6.526,61.938],[6.53,61.938],[6.532,61.94],[6.537,61.946],[6.547,61.946],[6.553,61.946],[6.57,61.946],[6.573,61.945],[6.578,61.947],[6.594,61.948],[6.596,61.949],[6.598,61.949],[6.599,61.949],[6.6,61.95],[6.601,61.951],[6.602,61.951],[6.605,61.952],[6.606,61.952],[6.607,61.953],[6.608,61.954],[6.61,61.955],[6.611,61.955],[6.612,61.955],[6.614,61.956],[6.617,61.957],[6.618,61.957],[6.622,61.958],[6.627,61.959],[6.629,61.959],[6.633,61.96],[6.637,61.96],[6.64,61.96],[6.648,61.961],[6.653,61.962],[6.656,61.962],[6.658,61.962],[6.66,61.962],[6.667,61.962],[6.671,61.962],[6.673,61.961],[6.677,61.96],[6.679,61.96],[6.684,61.958],[6.686,61.958],[6.692,61.957],[6.693,61.956],[6.694,61.956],[6.697,61.955],[6.698,61.955],[6.699,61.954],[6.702,61.954],[6.706,61.953],[6.71,61.953],[6.718,61.953],[6.719,61.953],[6.724,61.955],[6.725,61.955],[6.727,61.955],[6.728,61.956],[6.729,61.955],[6.731,61.954],[6.735,61.954],[6.739,61.953],[6.743,61.953],[6.748,61.953],[6.751,61.954],[6.755,61.954],[6.757,61.955],[6.759,61.955],[6.76,61.956],[6.764,61.958],[6.765,61.959],[6.766,61.959],[6.771,61.958],[6.774,61.958],[6.775,61.958],[6.775,61.959],[6.776,61.96],[6.778,61.961],[6.778,61.962],[6.778,61.964],[6.778,61.965],[6.782,61.966],[6.787,61.967],[6.792,61.97],[6.794,61.97],[6.799,61.969],[6.8,61.969],[6.806,61.969],[6.819,61.969],[6.823,61.968],[6.826,61.967],[6.83,61.966],[6.835,61.965],[6.841,61.964],[6.849,61.969],[6.851,61.975],[6.852,61.976],[6.853,61.976],[6.858,61.976],[6.862,61.977],[6.87,61.977],[6.871,61.977],[6.883,61.98],[6.888,61.981],[6.893,61.982],[6.894,61.982],[6.896,61.982],[6.903,61.979],[6.906,61.978],[6.909,61.976],[6.912,61.975],[6.912,61.976],[6.916,61.978],[6.919,61.979],[6.921,61.98],[6.925,61.982],[6.928,61.983],[6.933,61.984],[6.936,61.985],[6.942,61.986],[6.944,61.987],[6.949,61.988],[6.951,61.989],[6.952,61.989],[6.953,61.989],[6.955,61.989],[6.96,61.989],[6.961,61.989],[6.968,61.987],[6.972,61.985],[6.983,61.982],[6.986,61.982],[6.992,61.985],[6.993,61.986],[6.996,61.986],[7.005,61.986],[7.012,61.987],[7.015,61.986],[7.017,61.986],[7.031,61.985],[7.039,61.984],[7.043,61.984],[7.048,61.984],[7.051,61.984],[7.053,61.985],[7.056,61.986],[7.061,61.989],[7.062,61.989],[7.064,61.992],[7.067,61.994],[7.069,61.997],[7.071,61.998],[7.075,61.999],[7.076,62],[7.078,62.002],[7.079,62.002],[7.081,62.003],[7.082,62.005],[7.083,62.005],[7.083,62.006],[7.08,62.006],[7.077,62.007],[7.074,62.008],[7.074,62.009],[7.075,62.009],[7.121,62.012],[7.135,62.013],[7.136,62.013],[7.137,62.013],[7.14,62.014],[7.143,62.014],[7.146,62.013],[7.149,62.014],[7.152,62.014],[7.154,62.014],[7.155,62.015],[7.155,62.016],[7.157,62.015],[7.161,62.014],[7.162,62.014],[7.164,62.013],[7.166,62.013],[7.167,62.012],[7.169,62.012],[7.171,62.012],[7.172,62.013],[7.173,62.014],[7.175,62.014],[7.179,62.014],[7.181,62.015],[7.183,62.015],[7.184,62.014],[7.186,62.014],[7.188,62.015],[7.189,62.016],[7.191,62.016],[7.194,62.017],[7.195,62.017],[7.196,62.018],[7.197,62.018],[7.199,62.02],[7.2,62.02],[7.202,62.022],[7.203,62.023],[7.203,62.024],[7.204,62.024],[7.204,62.026],[7.201,62.028],[7.198,62.029],[7.195,62.031],[7.199,62.031],[7.203,62.031],[7.206,62.032],[7.218,62.033],[7.228,62.034],[7.234,62.034],[7.239,62.023],[7.241,62.019],[7.267,62.018],[7.285,62.018],[7.297,62.018],[7.311,62.018],[7.321,62.013],[7.329,62.008],[7.349,62.008],[7.352,62.018],[7.352,62.024],[7.353,62.029],[7.343,62.035],[7.384,62.052],[7.387,62.052],[7.387,62.053],[7.389,62.054],[7.39,62.055],[7.393,62.056],[7.394,62.056],[7.396,62.057],[7.398,62.059],[7.399,62.059],[7.402,62.06],[7.403,62.061],[7.399,62.062],[7.399,62.063],[7.4,62.064],[7.4,62.065],[7.399,62.067],[7.4,62.067],[7.4,62.068],[7.401,62.068],[7.403,62.068],[7.405,62.069],[7.406,62.069],[7.408,62.072],[7.41,62.074],[7.41,62.075],[7.41,62.077],[7.415,62.081],[7.418,62.081],[7.419,62.081],[7.419,62.082],[7.416,62.085],[7.408,62.088],[7.415,62.092],[7.451,62.088],[7.486,62.09],[7.514,62.097],[7.554,62.069],[7.584,62.065],[7.592,62.075],[7.632,62.085],[7.612,62.099],[7.61,62.103],[7.579,62.122],[7.655,62.141],[7.71,62.171],[7.718,62.175],[7.735,62.185],[7.76,62.186],[7.783,62.186],[7.791,62.187],[7.827,62.19],[7.864,62.171],[7.887,62.172],[7.921,62.173],[7.984,62.177],[8.007,62.196],[8.042,62.223],[8.056,62.234],[8.06,62.237],[8.07,62.244],[8.077,62.249],[8.08,62.251],[8.08,62.252],[8.082,62.253],[8.083,62.254],[8.085,62.254],[8.086,62.254],[8.087,62.255],[8.088,62.256],[8.09,62.256],[8.091,62.257],[8.092,62.257],[8.093,62.258],[8.094,62.259],[8.095,62.259],[8.097,62.261],[8.101,62.264],[8.108,62.27],[8.107,62.27],[8.108,62.271],[8.109,62.272],[8.11,62.274],[8.111,62.274],[8.112,62.275],[8.113,62.275],[8.114,62.276],[8.115,62.276],[8.118,62.278],[8.118,62.279],[8.119,62.279],[8.119,62.28],[8.12,62.281],[8.123,62.281],[8.124,62.282],[8.124,62.283],[8.126,62.283],[8.127,62.284],[8.128,62.285],[8.13,62.286],[8.131,62.287],[8.131,62.288],[8.131,62.29],[8.132,62.29],[8.131,62.291],[8.132,62.291],[8.134,62.291],[8.135,62.292],[8.136,62.292],[8.137,62.293],[8.141,62.295],[8.144,62.297],[8.158,62.301],[8.17,62.305],[8.175,62.309],[8.176,62.31],[8.18,62.313],[8.188,62.318],[8.194,62.323],[8.206,62.332],[8.208,62.332],[8.218,62.334],[8.236,62.338],[8.237,62.338],[8.275,62.348],[8.307,62.352],[8.386,62.363],[8.389,62.364],[8.392,62.364],[8.463,62.363],[8.557,62.369],[8.604,62.372],[8.623,62.374],[8.626,62.374],[8.635,62.374],[8.652,62.375],[8.698,62.376],[8.718,62.376],[8.732,62.377],[8.756,62.377],[8.793,62.378],[8.835,62.377],[8.89,62.375],[8.919,62.353],[8.932,62.353],[8.971,62.354],[8.992,62.356],[9.005,62.358],[9.016,62.359],[9.019,62.359],[9.02,62.359],[9.023,62.36],[9.037,62.365],[9.062,62.373],[9.071,62.375],[9.087,62.378],[9.091,62.379],[9.105,62.382],[9.109,62.384],[9.142,62.398],[9.152,62.405],[9.184,62.427],[9.19,62.436],[9.193,62.44],[9.199,62.448],[9.184,62.458],[9.191,62.47],[9.197,62.48],[9.203,62.491],[9.208,62.5],[9.211,62.501],[9.211,62.502],[9.213,62.507],[9.213,62.509],[9.212,62.51],[9.212,62.511],[9.212,62.512],[9.212,62.514],[9.211,62.514],[9.21,62.515],[9.21,62.516],[9.209,62.517],[9.208,62.518],[9.208,62.519],[9.206,62.52],[9.206,62.521],[9.206,62.522],[9.208,62.522],[9.209,62.522],[9.21,62.522],[9.213,62.521],[9.216,62.52],[9.217,62.52],[9.22,62.52],[9.222,62.52],[9.223,62.521],[9.222,62.523],[9.22,62.524],[9.221,62.525],[9.221,62.526],[9.221,62.527],[9.222,62.528],[9.224,62.53],[9.224,62.531],[9.225,62.531],[9.226,62.533],[9.231,62.54],[9.238,62.536],[9.238,62.54],[9.238,62.541],[9.238,62.542],[9.237,62.544],[9.238,62.544],[9.238,62.545],[9.238,62.547],[9.239,62.549],[9.24,62.55],[9.24,62.551],[9.242,62.552],[9.243,62.553],[9.244,62.554],[9.244,62.555],[9.244,62.556],[9.243,62.557],[9.242,62.558],[9.24,62.558],[9.238,62.559],[9.237,62.56],[9.235,62.563],[9.233,62.565],[9.233,62.566],[9.232,62.566],[9.232,62.567],[9.232,62.568],[9.227,62.57],[9.223,62.57],[9.222,62.572],[9.221,62.575],[9.214,62.574],[9.201,62.572],[9.201,62.573],[9.2,62.573],[9.196,62.574],[9.196,62.575],[9.196,62.576],[9.196,62.577],[9.193,62.577],[9.189,62.577],[9.186,62.576],[9.184,62.576],[9.18,62.575],[9.179,62.575],[9.176,62.575],[9.173,62.574],[9.172,62.574],[9.172,62.575],[9.171,62.576],[9.166,62.575],[9.164,62.575],[9.162,62.574],[9.16,62.574],[9.154,62.573],[9.152,62.573],[9.153,62.574],[9.152,62.575],[9.148,62.577],[9.15,62.578],[9.146,62.579],[9.145,62.58],[9.144,62.58],[9.141,62.582],[9.14,62.581],[9.139,62.582],[9.139,62.583],[9.137,62.583],[9.135,62.584],[9.133,62.584],[9.129,62.585],[9.127,62.585],[9.126,62.586],[9.126,62.587],[9.111,62.606],[9.081,62.625],[9.067,62.632],[9.059,62.638],[9.04,62.648],[9.033,62.652],[9.012,62.664],[8.981,62.662],[8.921,62.711],[8.92,62.712],[8.986,62.742],[9.058,62.746],[9.063,62.75],[9.077,62.76],[9.083,62.76],[9.085,62.76],[9.086,62.76],[9.087,62.759],[9.094,62.758],[9.094,62.757],[9.093,62.756],[9.093,62.755],[9.096,62.755],[9.101,62.754],[9.103,62.754],[9.104,62.754],[9.115,62.756],[9.118,62.756],[9.119,62.756],[9.122,62.755],[9.124,62.755],[9.125,62.755],[9.13,62.756],[9.133,62.756],[9.135,62.757],[9.136,62.757],[9.137,62.757],[9.14,62.757],[9.14,62.756],[9.141,62.756],[9.143,62.756],[9.147,62.756],[9.218,62.769],[9.259,62.776],[9.287,62.781],[9.365,62.794],[9.357,62.795],[9.343,62.797],[9.331,62.799],[9.324,62.809],[9.325,62.819],[9.325,62.828],[9.325,62.836],[9.325,62.837],[9.325,62.851],[9.325,62.852],[9.331,62.862],[9.301,62.872],[9.286,62.877],[9.3,62.89],[9.312,62.891],[9.312,62.894],[9.308,62.905],[9.297,62.911],[9.287,62.916],[9.267,62.926],[9.262,62.926],[9.226,62.925],[9.203,62.925],[9.19,62.921],[9.178,62.917],[9.174,62.917],[9.168,62.918],[9.162,62.922],[9.157,62.925],[9.155,62.925],[9.153,62.925],[9.151,62.926],[9.15,62.927],[9.149,62.927],[9.148,62.927],[9.145,62.927],[9.143,62.927],[9.139,62.927],[9.136,62.927],[9.135,62.928],[9.135,62.929],[9.134,62.93],[9.133,62.931],[9.134,62.931],[9.134,62.932],[9.133,62.932],[9.127,62.934],[9.125,62.934],[9.124,62.934],[9.122,62.935],[9.122,62.936],[9.123,62.936],[9.122,62.937],[9.123,62.938],[9.122,62.94],[9.121,62.941],[9.12,62.943],[9.121,62.944],[9.121,62.945],[9.122,62.946],[9.124,62.946],[9.125,62.947],[9.124,62.948],[9.123,62.949],[9.122,62.95],[9.121,62.951],[9.12,62.952],[9.119,62.953],[9.118,62.953],[9.117,62.953],[9.116,62.954],[9.116,62.955],[9.118,62.955],[9.118,62.956],[9.117,62.956],[9.115,62.957],[9.115,62.958],[9.121,62.957],[9.128,62.955],[9.131,62.958],[9.128,62.959],[9.113,62.961],[9.112,62.962],[9.112,62.964],[9.114,62.965],[9.115,62.966],[9.116,62.967],[9.115,62.967],[9.114,62.968],[9.114,62.969],[9.113,62.969],[9.112,62.97],[9.111,62.971],[9.113,62.973],[9.115,62.973],[9.116,62.974],[9.116,62.975],[9.117,62.975],[9.118,62.975],[9.117,62.976],[9.117,62.977],[9.118,62.978],[9.119,62.979],[9.122,62.979],[9.124,62.979],[9.126,62.98],[9.127,62.98],[9.13,62.981],[9.13,62.982],[9.13,62.983],[9.131,62.984],[9.13,62.984],[9.131,62.985],[9.136,62.986],[9.137,62.986],[9.139,62.987],[9.141,62.988],[9.143,62.989],[9.144,62.99],[9.146,62.991],[9.148,62.992],[9.149,62.993],[9.15,62.993],[9.15,62.992],[9.152,62.992],[9.153,62.99],[9.156,62.989],[9.158,62.989],[9.159,62.988],[9.16,62.988],[9.161,62.988],[9.161,62.987],[9.164,62.986],[9.165,62.985],[9.167,62.985],[9.17,62.984],[9.171,62.984],[9.173,62.984],[9.178,62.993],[9.167,62.993],[9.154,62.996],[9.151,62.996],[9.15,62.996],[9.148,62.996],[9.148,62.997],[9.147,62.997],[9.145,62.998],[9.144,62.999],[9.142,63],[9.141,63.001],[9.14,63.002],[9.14,63.003],[9.141,63.004],[9.142,63.005],[9.144,63.005],[9.146,63.006],[9.147,63.006],[9.149,63.006],[9.149,63.007],[9.151,63.008],[9.151,63.009],[9.152,63.009],[9.152,63.01],[9.153,63.011],[9.153,63.012],[9.155,63.013],[9.156,63.013],[9.154,63.014],[9.153,63.015],[9.15,63.014],[9.149,63.015],[9.148,63.015],[9.144,63.015],[9.142,63.015],[9.14,63.014],[9.139,63.015],[9.138,63.015],[9.14,63.016],[9.146,63.016],[9.148,63.016],[9.151,63.016],[9.154,63.015],[9.155,63.015],[9.156,63.017],[9.148,63.018],[9.14,63.017],[9.136,63.017],[9.132,63.017],[9.131,63.017],[9.132,63.018],[9.13,63.019],[9.127,63.021],[9.126,63.022],[9.124,63.024],[9.123,63.024],[9.12,63.025],[9.119,63.025],[9.112,63.028],[9.111,63.028],[9.11,63.029],[9.108,63.028],[9.107,63.029],[9.106,63.029],[9.104,63.029],[9.105,63.031],[9.104,63.033],[9.103,63.033],[9.104,63.035],[9.105,63.037],[9.107,63.038],[9.108,63.039],[9.11,63.039],[9.114,63.04],[9.112,63.042],[9.111,63.043],[9.11,63.043],[9.11,63.044],[9.104,63.044],[9.104,63.045],[9.103,63.046],[9.102,63.048],[9.101,63.049],[9.1,63.051],[9.097,63.057],[9.095,63.061],[9.094,63.063],[9.092,63.068],[9.089,63.076],[9.087,63.083],[9.085,63.087],[9.084,63.09],[9.082,63.09],[9.067,63.09],[9.053,63.089],[9.046,63.088],[9.039,63.086],[9.034,63.084],[9.033,63.082],[9.031,63.079],[9.023,63.076],[9.013,63.074],[9.007,63.074],[9.004,63.073],[8.999,63.073],[8.989,63.073],[8.981,63.073],[8.973,63.073],[8.972,63.077],[8.959,63.093],[8.966,63.094],[8.972,63.096],[8.984,63.1],[8.988,63.101],[8.993,63.102],[8.995,63.104],[8.985,63.116],[8.983,63.117],[8.984,63.118],[8.983,63.119],[8.984,63.119],[8.983,63.121],[8.982,63.123],[8.981,63.125],[8.97,63.134],[8.911,63.118],[8.905,63.12],[8.899,63.122],[8.892,63.122],[8.886,63.121],[8.874,63.118],[8.869,63.117],[8.865,63.116],[8.863,63.115],[8.86,63.114],[8.856,63.118],[8.847,63.122],[8.842,63.122],[8.834,63.126],[8.827,63.126],[8.823,63.126],[8.819,63.126],[8.817,63.126],[8.811,63.127],[8.807,63.127],[8.796,63.123],[8.793,63.123],[8.783,63.116],[8.775,63.114],[8.773,63.111],[8.777,63.107],[8.748,63.099],[8.739,63.095],[8.735,63.094],[8.721,63.085],[8.708,63.083],[8.706,63.083],[8.702,63.081],[8.693,63.076],[8.689,63.073],[8.68,63.072],[8.653,63.064],[8.648,63.073],[8.641,63.07],[8.633,63.069],[8.622,63.071],[8.593,63.065],[8.575,63.065],[8.554,63.062],[8.547,63.056],[8.526,63.058],[8.502,63.049],[8.497,63.062],[8.493,63.068],[8.481,63.08],[8.454,63.074],[8.454,63.073],[8.437,63.066],[8.437,63.062],[8.437,63.057],[8.437,63.052],[8.43,63.049],[8.425,63.047],[8.407,63.054],[8.404,63.056],[8.403,63.057],[8.389,63.054],[8.381,63.053],[8.362,63.046],[8.356,63.043],[8.345,63.041],[8.345,63.04],[8.346,63.04],[8.347,63.039],[8.338,63.036],[8.331,63.044],[8.329,63.045],[8.297,63.038],[8.284,63.03],[8.274,63.026],[8.268,63.025],[8.265,63.025],[8.263,63.024],[8.26,63.022],[8.258,63.02],[8.244,63.012],[8.203,63.023],[8.151,63.095],[8.103,63.129],[8.15,63.143],[8.263,63.155],[8.333,63.158],[8.369,63.148],[8.483,63.15],[8.569,63.172],[8.672,63.187],[8.762,63.19],[8.819,63.195],[8.833,63.199],[8.832,63.202],[8.833,63.204],[8.837,63.214],[8.838,63.215],[8.862,63.22],[8.862,63.229],[8.863,63.231],[8.848,63.237],[8.829,63.244],[8.828,63.244],[8.824,63.254],[8.821,63.26],[8.817,63.265],[8.816,63.266],[8.819,63.269],[8.833,63.279],[8.849,63.29],[8.866,63.295],[8.865,63.304],[8.865,63.308],[8.865,63.316],[8.863,63.322],[8.87,63.33],[8.882,63.336],[8.883,63.344],[8.892,63.346],[8.905,63.349],[8.911,63.356],[8.911,63.357],[8.906,63.356],[8.892,63.354],[8.875,63.363],[8.874,63.363],[8.873,63.364],[8.872,63.364],[8.871,63.366],[8.868,63.371],[8.857,63.367],[8.849,63.366],[8.826,63.372],[8.821,63.371],[8.799,63.372],[8.799,63.378],[8.796,63.382],[8.796,63.383],[8.797,63.383],[8.797,63.385],[8.796,63.385],[8.797,63.387],[8.798,63.388],[8.8,63.389],[8.801,63.39],[8.803,63.401],[8.803,63.402],[8.786,63.407],[8.77,63.413],[8.763,63.415],[8.763,63.416],[8.762,63.416],[8.761,63.417],[8.76,63.417],[8.759,63.418],[8.759,63.419],[8.758,63.42],[8.758,63.421],[8.757,63.421],[8.756,63.422],[8.756,63.423],[8.755,63.424],[8.743,63.447],[8.609,63.422],[8.57,63.415],[8.502,63.402],[8.434,63.389],[8.364,63.366],[8.343,63.359],[8.302,63.385],[8.265,63.407],[8.241,63.422],[8.212,63.46],[8.168,63.519],[8.137,63.561],[8.123,63.579],[8.109,63.598],[8.009,63.649],[7.979,63.659],[7.89,63.689],[7.742,63.737],[7.688,63.755],[7.648,63.768]]]}},{"type":"Feature","properties":{"id":604,"name":"Nordland","bbox":[10.578,64.939,18.151,69.597]},"geometry":{"type":"Polygon","coordinates":[[[16.433,69.313],[16.518,69.416],[16.491,69.434],[16.432,69.475],[16.254,69.597],[15.79,69.518],[15.785,69.517],[15.763,69.513],[15.741,69.508],[15.719,69.503],[15.699,69.498],[15.155,69.352],[15.022,69.316],[14.816,69.259],[14.806,69.257],[14.787,69.251],[14.768,69.245],[14.751,69.238],[14.734,69.231],[14.344,69.067],[14.189,69.001],[13.892,68.873],[13.882,68.868],[13.867,68.861],[13.853,68.853],[13.84,68.846],[13.828,68.838],[13.817,68.83],[13.807,68.822],[13.722,68.746],[13.701,68.734],[13.492,68.605],[13.388,68.541],[13.264,68.464],[13.004,68.393],[12.833,68.346],[12.821,68.343],[12.802,68.337],[12.784,68.331],[12.767,68.325],[12.75,68.319],[12.735,68.312],[12.644,68.27],[12.636,68.266],[12.621,68.259],[12.608,68.251],[12.596,68.244],[12.584,68.236],[12.47,68.152],[12.419,68.115],[12.306,68.031],[12.298,68.025],[12.288,68.017],[12.28,68.009],[12.272,68],[12.167,67.87],[12.128,67.823],[11.988,67.782],[11.697,67.696],[11.689,67.694],[11.671,67.688],[11.63,67.674],[11.621,67.671],[11.507,67.631],[11.502,67.629],[11.486,67.623],[11.47,67.616],[11.455,67.609],[11.44,67.602],[11.427,67.595],[11.415,67.587],[11.403,67.579],[11.392,67.571],[11.383,67.563],[11.374,67.555],[11.366,67.546],[11.36,67.538],[11.321,67.484],[11.318,67.48],[11.313,67.471],[11.31,67.464],[11.307,67.455],[11.304,67.446],[11.303,67.437],[11.303,67.428],[11.304,67.42],[11.306,67.411],[11.309,67.402],[11.313,67.393],[11.318,67.384],[11.324,67.375],[11.346,67.347],[11.351,67.339],[11.359,67.331],[11.668,67.016],[11.859,66.815],[11.654,66.724],[11.648,66.721],[11.634,66.714],[11.62,66.707],[11.608,66.7],[11.596,66.692],[11.585,66.684],[11.575,66.676],[11.566,66.668],[11.298,66.404],[11.093,66.2],[11.091,66.198],[11.084,66.189],[11.077,66.181],[11.072,66.172],[10.954,65.971],[10.799,65.702],[10.675,65.572],[10.642,65.538],[10.609,65.503],[10.579,65.471],[10.578,65.47],[10.874,65.42],[10.984,65.401],[11.021,65.394],[11.023,65.394],[11.4,65.296],[11.486,65.237],[11.836,65.158],[11.915,65.16],[11.939,65.149],[11.941,65.149],[11.942,65.149],[11.943,65.149],[11.946,65.149],[11.946,65.148],[11.944,65.148],[11.945,65.147],[11.944,65.146],[11.945,65.146],[11.944,65.145],[11.945,65.144],[11.944,65.144],[11.943,65.143],[11.942,65.143],[11.943,65.142],[11.944,65.142],[11.944,65.141],[11.943,65.14],[11.942,65.14],[11.941,65.139],[11.94,65.138],[11.937,65.13],[11.936,65.127],[11.942,65.123],[11.95,65.118],[11.96,65.117],[11.946,65.11],[11.937,65.106],[11.932,65.104],[11.931,65.104],[11.921,65.1],[11.926,65.097],[11.923,65.096],[11.924,65.095],[11.924,65.093],[11.922,65.089],[11.917,65.08],[11.899,65.076],[11.894,65.071],[11.88,65.069],[11.879,65.066],[11.899,65.066],[11.907,65.066],[11.913,65.067],[11.918,65.068],[11.924,65.068],[11.942,65.067],[11.952,65.073],[11.953,65.074],[11.953,65.075],[11.954,65.076],[11.96,65.078],[11.961,65.077],[11.966,65.075],[11.967,65.075],[11.969,65.074],[11.973,65.073],[11.978,65.072],[11.979,65.071],[11.98,65.071],[11.984,65.071],[11.984,65.068],[12.028,65.068],[12.035,65.067],[12.04,65.068],[12.049,65.067],[12.049,65.066],[12.046,65.063],[12.046,65.062],[12.045,65.062],[12.044,65.061],[12.045,65.06],[12.044,65.06],[12.045,65.059],[12.044,65.058],[12.045,65.058],[12.045,65.056],[12.038,65.048],[12.037,65.044],[12.039,65.039],[12.04,65.035],[12.036,65.03],[12.041,65.03],[12.044,65.024],[12.045,65.023],[12.045,65.022],[12.048,65.017],[12.05,65.015],[12.051,65.015],[12.052,65.014],[12.055,65.014],[12.057,65.014],[12.059,65.013],[12.061,65.013],[12.062,65.013],[12.064,65.013],[12.066,65.013],[12.066,65.012],[12.068,65.011],[12.07,65.01],[12.071,65.01],[12.071,65.009],[12.071,65.008],[12.072,65.007],[12.072,65.006],[12.073,65.006],[12.074,65.005],[12.077,65.005],[12.078,65.005],[12.078,65.004],[12.077,65.004],[12.079,65.002],[12.085,65],[12.114,65.004],[12.132,64.999],[12.12,65.013],[12.124,65.012],[12.125,65.013],[12.125,65.014],[12.125,65.015],[12.125,65.017],[12.126,65.017],[12.127,65.018],[12.129,65.019],[12.13,65.02],[12.131,65.02],[12.132,65.02],[12.133,65.021],[12.133,65.022],[12.134,65.022],[12.15,65.019],[12.153,65.017],[12.153,65.015],[12.156,65.012],[12.161,65.006],[12.187,65],[12.192,64.999],[12.183,64.994],[12.18,64.99],[12.181,64.982],[12.182,64.981],[12.183,64.981],[12.187,64.978],[12.189,64.977],[12.194,64.976],[12.196,64.975],[12.198,64.975],[12.203,64.973],[12.205,64.972],[12.21,64.974],[12.212,64.973],[12.214,64.972],[12.215,64.972],[12.22,64.971],[12.224,64.97],[12.233,64.969],[12.238,64.968],[12.248,64.971],[12.26,64.964],[12.277,64.96],[12.28,64.961],[12.283,64.962],[12.29,64.964],[12.294,64.965],[12.301,64.967],[12.307,64.968],[12.312,64.97],[12.319,64.972],[12.326,64.974],[12.332,64.976],[12.344,64.979],[12.349,64.98],[12.355,64.982],[12.363,64.984],[12.368,64.985],[12.371,64.986],[12.383,64.99],[12.389,64.991],[12.396,64.992],[12.405,64.993],[12.408,64.993],[12.418,64.992],[12.424,64.992],[12.441,64.989],[12.452,64.988],[12.456,64.986],[12.462,64.984],[12.465,64.983],[12.47,64.984],[12.473,64.984],[12.476,64.984],[12.477,64.984],[12.484,64.983],[12.487,64.982],[12.505,64.977],[12.508,64.977],[12.521,64.978],[12.529,64.981],[12.548,64.986],[12.556,64.989],[12.561,64.99],[12.576,64.988],[12.581,64.987],[12.582,64.983],[12.583,64.979],[12.585,64.973],[12.586,64.969],[12.586,64.965],[12.587,64.963],[12.592,64.96],[12.599,64.956],[12.605,64.953],[12.612,64.948],[12.619,64.945],[12.625,64.941],[12.629,64.939],[12.637,64.942],[12.648,64.944],[12.655,64.946],[12.679,64.949],[12.688,64.95],[12.698,64.951],[12.708,64.952],[12.715,64.953],[12.728,64.948],[12.748,64.943],[12.768,64.941],[12.791,64.953],[12.775,64.976],[12.846,64.975],[12.907,64.974],[12.934,64.985],[12.948,65],[12.946,65.002],[12.945,65.003],[12.944,65.003],[12.936,65.006],[12.935,65.006],[12.933,65.007],[12.931,65.01],[12.922,65.014],[12.911,65.017],[12.908,65.029],[12.93,65.039],[12.968,65.033],[12.996,65.068],[13.008,65.07],[13.02,65.072],[13.022,65.073],[13.036,65.073],[13.046,65.074],[13.053,65.074],[13.085,65.11],[13.153,65.116],[13.217,65.111],[13.235,65.109],[13.304,65.102],[13.36,65.101],[13.411,65.099],[13.443,65.104],[13.471,65.108],[13.479,65.109],[13.501,65.112],[13.508,65.113],[13.521,65.115],[13.528,65.116],[13.53,65.117],[13.542,65.116],[13.551,65.115],[13.565,65.113],[13.586,65.111],[13.605,65.108],[13.612,65.107],[13.629,65.105],[13.639,65.106],[13.661,65.108],[13.672,65.109],[13.686,65.111],[13.696,65.111],[13.708,65.112],[13.71,65.113],[13.718,65.112],[13.722,65.112],[13.729,65.112],[13.734,65.112],[13.748,65.112],[13.753,65.111],[13.76,65.111],[13.766,65.111],[13.771,65.111],[13.781,65.111],[13.787,65.112],[13.794,65.112],[13.8,65.113],[13.814,65.115],[13.82,65.116],[13.825,65.117],[13.83,65.117],[13.834,65.118],[13.848,65.118],[13.861,65.118],[13.88,65.118],[13.902,65.119],[13.908,65.119],[13.923,65.119],[13.932,65.119],[13.935,65.12],[13.94,65.123],[13.945,65.125],[13.949,65.127],[13.951,65.127],[13.959,65.127],[13.97,65.128],[13.977,65.128],[13.984,65.128],[13.99,65.128],[13.998,65.129],[14.012,65.13],[14.022,65.128],[14.027,65.127],[14.034,65.126],[14.04,65.126],[14.047,65.125],[14.053,65.124],[14.059,65.123],[14.064,65.122],[14.076,65.124],[14.081,65.124],[14.085,65.125],[14.094,65.127],[14.101,65.128],[14.105,65.128],[14.109,65.129],[14.111,65.129],[14.118,65.13],[14.123,65.131],[14.127,65.132],[14.131,65.133],[14.139,65.134],[14.142,65.135],[14.145,65.136],[14.151,65.137],[14.156,65.138],[14.16,65.138],[14.164,65.139],[14.167,65.139],[14.17,65.139],[14.173,65.138],[14.175,65.137],[14.179,65.135],[14.182,65.134],[14.184,65.133],[14.189,65.132],[14.192,65.131],[14.196,65.131],[14.204,65.131],[14.212,65.131],[14.22,65.132],[14.226,65.132],[14.228,65.132],[14.231,65.132],[14.235,65.132],[14.24,65.131],[14.241,65.132],[14.252,65.131],[14.254,65.13],[14.26,65.124],[14.261,65.123],[14.264,65.124],[14.269,65.124],[14.278,65.124],[14.284,65.121],[14.289,65.119],[14.29,65.118],[14.297,65.115],[14.317,65.121],[14.326,65.119],[14.335,65.142],[14.343,65.163],[14.356,65.194],[14.365,65.215],[14.379,65.248],[14.412,65.264],[14.475,65.294],[14.507,65.31],[14.504,65.351],[14.502,65.374],[14.501,65.42],[14.501,65.444],[14.5,65.459],[14.499,65.495],[14.499,65.521],[14.506,65.551],[14.514,65.584],[14.521,65.613],[14.53,65.65],[14.541,65.701],[14.579,65.751],[14.601,65.779],[14.625,65.812],[14.608,65.85],[14.602,65.862],[14.594,65.881],[14.584,65.901],[14.579,65.928],[14.573,65.958],[14.567,65.974],[14.558,66.003],[14.551,66.022],[14.546,66.042],[14.541,66.055],[14.529,66.096],[14.516,66.133],[14.591,66.135],[14.611,66.136],[14.684,66.139],[14.744,66.141],[14.804,66.144],[14.864,66.146],[14.918,66.149],[14.951,66.15],[15.036,66.154],[15.127,66.18],[15.195,66.2],[15.229,66.21],[15.28,66.225],[15.306,66.233],[15.346,66.244],[15.425,66.266],[15.451,66.273],[15.485,66.282],[15.474,66.304],[15.454,66.345],[15.442,66.369],[15.43,66.392],[15.409,66.43],[15.386,66.469],[15.377,66.484],[15.432,66.514],[15.451,66.524],[15.517,66.551],[15.533,66.558],[15.556,66.567],[15.621,66.594],[15.652,66.618],[15.697,66.652],[15.716,66.667],[15.736,66.681],[15.768,66.706],[15.808,66.735],[15.861,66.775],[15.907,66.808],[15.925,66.822],[15.957,66.845],[15.994,66.873],[16.039,66.912],[16.08,66.931],[16.129,66.953],[16.148,66.962],[16.194,66.983],[16.278,67.01],[16.306,67.019],[16.363,67.037],[16.388,67.045],[16.39,67.069],[16.391,67.084],[16.394,67.11],[16.398,67.158],[16.401,67.18],[16.404,67.205],[16.365,67.235],[16.33,67.262],[16.293,67.289],[16.265,67.31],[16.211,67.348],[16.18,67.371],[16.152,67.391],[16.09,67.435],[16.113,67.464],[16.131,67.486],[16.158,67.519],[16.246,67.525],[16.286,67.528],[16.379,67.533],[16.408,67.534],[16.444,67.559],[16.495,67.594],[16.518,67.614],[16.556,67.647],[16.581,67.68],[16.601,67.711],[16.618,67.736],[16.638,67.767],[16.653,67.788],[16.679,67.824],[16.692,67.845],[16.704,67.862],[16.725,67.894],[16.738,67.914],[16.786,67.93],[16.833,67.945],[16.908,67.97],[16.93,67.977],[16.954,67.984],[17.015,68.002],[17.047,68.012],[17.111,68.03],[17.181,68.05],[17.209,68.07],[17.253,68.102],[17.282,68.119],[17.352,68.104],[17.355,68.104],[17.404,68.094],[17.441,68.086],[17.495,68.075],[17.546,68.064],[17.599,68.053],[17.665,68.038],[17.712,68.024],[17.79,68.002],[17.848,67.984],[17.9,67.969],[17.92,67.988],[17.954,68.019],[17.974,68.037],[17.994,68.055],[18.015,68.074],[18.035,68.092],[18.052,68.108],[18.062,68.117],[18.096,68.146],[18.125,68.174],[18.151,68.199],[18.144,68.228],[18.139,68.249],[18.136,68.26],[18.133,68.269],[18.127,68.294],[18.123,68.309],[18.115,68.341],[18.108,68.374],[18.101,68.406],[18.103,68.418],[18.107,68.436],[18.111,68.455],[18.113,68.465],[18.118,68.49],[18.12,68.505],[18.126,68.537],[18.121,68.539],[18.116,68.543],[18.114,68.545],[18.1,68.555],[18.097,68.557],[18.094,68.559],[18.089,68.562],[18.082,68.567],[18.079,68.569],[18.075,68.572],[18.07,68.575],[18.067,68.578],[18.063,68.581],[18.058,68.584],[18.055,68.586],[18.051,68.588],[18.045,68.593],[18.042,68.595],[18.039,68.597],[18.032,68.602],[18.023,68.608],[18.015,68.607],[18.009,68.607],[17.994,68.607],[17.991,68.607],[17.989,68.607],[17.984,68.607],[17.983,68.607],[17.971,68.607],[17.966,68.607],[17.964,68.607],[17.959,68.607],[17.956,68.607],[17.955,68.607],[17.949,68.607],[17.944,68.606],[17.933,68.606],[17.903,68.605],[17.898,68.604],[17.888,68.604],[17.887,68.604],[17.877,68.603],[17.845,68.602],[17.841,68.602],[17.837,68.602],[17.83,68.601],[17.82,68.601],[17.802,68.6],[17.798,68.6],[17.758,68.598],[17.746,68.597],[17.651,68.597],[17.616,68.597],[17.593,68.597],[17.576,68.597],[17.548,68.597],[17.462,68.583],[17.397,68.572],[17.361,68.566],[17.338,68.562],[17.337,68.562],[17.274,68.56],[17.236,68.559],[17.215,68.558],[17.208,68.558],[17.206,68.558],[17.205,68.557],[17.196,68.557],[17.186,68.559],[17.163,68.56],[17.138,68.561],[17.133,68.561],[17.121,68.562],[17.105,68.563],[17.081,68.564],[17.039,68.565],[17.027,68.566],[17.003,68.567],[16.975,68.568],[16.942,68.569],[16.936,68.57],[16.919,68.57],[16.9,68.571],[16.882,68.572],[16.867,68.573],[16.821,68.553],[16.803,68.545],[16.797,68.545],[16.796,68.545],[16.796,68.544],[16.795,68.544],[16.795,68.543],[16.793,68.543],[16.79,68.541],[16.79,68.54],[16.789,68.538],[16.785,68.538],[16.782,68.537],[16.781,68.537],[16.778,68.537],[16.775,68.537],[16.774,68.536],[16.774,68.535],[16.772,68.535],[16.771,68.535],[16.769,68.535],[16.769,68.536],[16.768,68.536],[16.766,68.536],[16.766,68.535],[16.767,68.534],[16.766,68.534],[16.765,68.533],[16.764,68.534],[16.763,68.533],[16.762,68.533],[16.76,68.533],[16.76,68.532],[16.759,68.531],[16.757,68.531],[16.757,68.53],[16.757,68.529],[16.756,68.529],[16.754,68.529],[16.753,68.529],[16.754,68.528],[16.753,68.527],[16.752,68.527],[16.748,68.527],[16.746,68.527],[16.745,68.526],[16.746,68.525],[16.745,68.525],[16.747,68.524],[16.748,68.523],[16.747,68.523],[16.747,68.522],[16.746,68.522],[16.745,68.522],[16.742,68.522],[16.739,68.521],[16.737,68.52],[16.734,68.519],[16.725,68.515],[16.714,68.511],[16.697,68.508],[16.689,68.507],[16.681,68.505],[16.668,68.504],[16.66,68.503],[16.647,68.501],[16.639,68.5],[16.636,68.5],[16.631,68.499],[16.629,68.499],[16.623,68.499],[16.608,68.5],[16.578,68.502],[16.577,68.503],[16.568,68.502],[16.564,68.499],[16.554,68.49],[16.553,68.485],[16.553,68.476],[16.558,68.471],[16.559,68.469],[16.561,68.468],[16.56,68.466],[16.558,68.465],[16.555,68.463],[16.553,68.46],[16.567,68.455],[16.567,68.454],[16.564,68.452],[16.56,68.449],[16.557,68.447],[16.568,68.434],[16.498,68.428],[16.411,68.406],[16.287,68.398],[16.162,68.372],[16.03,68.377],[16.04,68.422],[16.049,68.429],[16.157,68.519],[16.161,68.522],[16.126,68.525],[16.125,68.539],[16.114,68.539],[16.106,68.539],[16.096,68.537],[16.088,68.537],[16.081,68.537],[16.077,68.536],[16.074,68.536],[16.071,68.535],[16.067,68.533],[16.066,68.532],[16.064,68.532],[16.059,68.532],[16.057,68.532],[16.052,68.53],[16.051,68.53],[16.045,68.532],[16.037,68.534],[16.034,68.535],[16.03,68.536],[16.024,68.537],[16.02,68.538],[16.016,68.539],[16.012,68.54],[16.008,68.541],[16.007,68.542],[16.006,68.543],[16.005,68.543],[16.007,68.545],[16.007,68.546],[16.006,68.547],[16.004,68.548],[15.998,68.551],[15.997,68.551],[15.997,68.553],[15.997,68.554],[15.997,68.556],[16.002,68.558],[16.007,68.559],[16.01,68.56],[16.014,68.561],[16.019,68.563],[16.021,68.564],[16.025,68.566],[16.029,68.567],[16.03,68.568],[16.029,68.569],[16.027,68.57],[16.027,68.572],[16.028,68.574],[16.027,68.575],[16.027,68.576],[16.024,68.577],[16.023,68.577],[16.021,68.578],[16.02,68.58],[16.013,68.58],[16.01,68.581],[16.006,68.582],[16.002,68.583],[15.998,68.585],[15.997,68.586],[16.003,68.588],[16.005,68.588],[16.008,68.588],[16.006,68.591],[16.005,68.593],[16.004,68.595],[16.003,68.596],[16.002,68.597],[15.995,68.598],[15.993,68.599],[15.987,68.6],[15.983,68.602],[15.98,68.603],[15.977,68.607],[15.976,68.608],[15.966,68.612],[15.962,68.614],[15.959,68.611],[15.956,68.61],[15.946,68.61],[15.945,68.609],[15.943,68.607],[15.944,68.603],[15.939,68.602],[15.933,68.601],[15.932,68.599],[15.931,68.599],[15.932,68.598],[15.932,68.597],[15.93,68.596],[15.929,68.595],[15.929,68.594],[15.928,68.591],[15.928,68.59],[15.929,68.589],[15.929,68.588],[15.928,68.587],[15.929,68.585],[15.929,68.584],[15.929,68.583],[15.923,68.58],[15.921,68.58],[15.918,68.577],[15.916,68.576],[15.915,68.575],[15.913,68.574],[15.91,68.572],[15.909,68.57],[15.91,68.569],[15.908,68.568],[15.907,68.567],[15.907,68.566],[15.907,68.564],[15.906,68.563],[15.905,68.562],[15.9,68.562],[15.897,68.561],[15.892,68.56],[15.889,68.559],[15.888,68.558],[15.889,68.557],[15.893,68.553],[15.892,68.552],[15.893,68.552],[15.895,68.55],[15.898,68.549],[15.895,68.548],[15.895,68.545],[15.895,68.543],[15.892,68.54],[15.891,68.534],[15.872,68.533],[15.829,68.534],[15.819,68.527],[15.816,68.524],[15.814,68.523],[15.812,68.522],[15.808,68.52],[15.807,68.519],[15.806,68.518],[15.805,68.517],[15.803,68.516],[15.798,68.515],[15.79,68.513],[15.788,68.513],[15.785,68.512],[15.782,68.511],[15.782,68.509],[15.782,68.507],[15.782,68.506],[15.781,68.506],[15.779,68.505],[15.776,68.505],[15.769,68.505],[15.768,68.504],[15.766,68.504],[15.763,68.504],[15.759,68.504],[15.758,68.504],[15.756,68.502],[15.754,68.501],[15.753,68.5],[15.755,68.499],[15.756,68.498],[15.757,68.498],[15.757,68.497],[15.758,68.497],[15.758,68.495],[15.757,68.493],[15.757,68.492],[15.755,68.492],[15.752,68.491],[15.748,68.491],[15.746,68.491],[15.742,68.491],[15.738,68.49],[15.734,68.49],[15.733,68.489],[15.731,68.489],[15.731,68.488],[15.728,68.488],[15.723,68.487],[15.715,68.485],[15.711,68.484],[15.709,68.484],[15.708,68.483],[15.704,68.482],[15.702,68.481],[15.699,68.479],[15.697,68.478],[15.694,68.475],[15.69,68.474],[15.688,68.473],[15.687,68.473],[15.686,68.472],[15.69,68.467],[15.691,68.465],[15.692,68.465],[15.691,68.464],[15.69,68.464],[15.69,68.463],[15.686,68.462],[15.684,68.461],[15.682,68.46],[15.678,68.459],[15.676,68.459],[15.675,68.458],[15.673,68.457],[15.671,68.457],[15.664,68.456],[15.661,68.456],[15.66,68.455],[15.658,68.455],[15.654,68.452],[15.652,68.451],[15.65,68.45],[15.649,68.449],[15.649,68.447],[15.649,68.446],[15.649,68.444],[15.648,68.444],[15.649,68.443],[15.647,68.444],[15.641,68.446],[15.636,68.447],[15.63,68.449],[15.629,68.449],[15.623,68.451],[15.618,68.453],[15.618,68.454],[15.616,68.455],[15.616,68.456],[15.617,68.457],[15.617,68.458],[15.615,68.459],[15.617,68.46],[15.618,68.46],[15.621,68.462],[15.622,68.463],[15.623,68.464],[15.628,68.465],[15.633,68.466],[15.634,68.466],[15.633,68.467],[15.633,68.468],[15.632,68.469],[15.632,68.47],[15.636,68.472],[15.639,68.473],[15.643,68.473],[15.645,68.473],[15.647,68.473],[15.651,68.473],[15.654,68.474],[15.657,68.475],[15.658,68.476],[15.659,68.477],[15.661,68.478],[15.665,68.479],[15.67,68.481],[15.673,68.483],[15.674,68.484],[15.675,68.486],[15.672,68.488],[15.663,68.498],[15.664,68.499],[15.668,68.498],[15.669,68.499],[15.67,68.5],[15.671,68.5],[15.671,68.501],[15.67,68.501],[15.666,68.504],[15.665,68.506],[15.664,68.507],[15.664,68.508],[15.665,68.509],[15.665,68.51],[15.667,68.511],[15.668,68.511],[15.665,68.512],[15.662,68.513],[15.659,68.513],[15.657,68.514],[15.657,68.515],[15.656,68.515],[15.655,68.517],[15.654,68.519],[15.653,68.521],[15.653,68.522],[15.653,68.525],[15.652,68.526],[15.65,68.526],[15.632,68.528],[15.63,68.529],[15.628,68.53],[15.627,68.531],[15.628,68.532],[15.628,68.533],[15.628,68.534],[15.629,68.535],[15.63,68.536],[15.63,68.537],[15.627,68.537],[15.626,68.538],[15.626,68.539],[15.626,68.54],[15.625,68.54],[15.624,68.541],[15.622,68.542],[15.619,68.543],[15.616,68.543],[15.62,68.547],[15.618,68.547],[15.614,68.548],[15.613,68.548],[15.612,68.55],[15.612,68.551],[15.612,68.552],[15.613,68.553],[15.612,68.554],[15.611,68.555],[15.61,68.556],[15.609,68.557],[15.607,68.557],[15.608,68.559],[15.608,68.561],[15.607,68.561],[15.608,68.562],[15.609,68.563],[15.608,68.563],[15.606,68.565],[15.602,68.566],[15.6,68.567],[15.598,68.568],[15.594,68.568],[15.593,68.569],[15.593,68.57],[15.595,68.571],[15.596,68.571],[15.598,68.571],[15.601,68.571],[15.603,68.572],[15.606,68.573],[15.608,68.574],[15.61,68.575],[15.612,68.576],[15.615,68.576],[15.616,68.576],[15.618,68.576],[15.628,68.576],[15.633,68.576],[15.649,68.582],[15.657,68.584],[15.659,68.584],[15.66,68.585],[15.662,68.585],[15.663,68.586],[15.664,68.586],[15.665,68.586],[15.667,68.586],[15.668,68.587],[15.667,68.588],[15.668,68.588],[15.668,68.589],[15.67,68.593],[15.673,68.594],[15.675,68.597],[15.67,68.602],[15.664,68.604],[15.662,68.604],[15.66,68.606],[15.665,68.609],[15.663,68.614],[15.65,68.623],[15.645,68.633],[15.646,68.632],[15.648,68.632],[15.651,68.632],[15.653,68.632],[15.655,68.632],[15.656,68.632],[15.658,68.632],[15.66,68.632],[15.662,68.632],[15.665,68.633],[15.671,68.635],[15.674,68.636],[15.678,68.637],[15.678,68.638],[15.677,68.639],[15.678,68.64],[15.68,68.641],[15.681,68.642],[15.683,68.643],[15.686,68.644],[15.689,68.644],[15.692,68.645],[15.698,68.647],[15.701,68.648],[15.703,68.649],[15.706,68.648],[15.713,68.646],[15.715,68.645],[15.717,68.645],[15.72,68.645],[15.721,68.645],[15.725,68.645],[15.727,68.644],[15.728,68.643],[15.729,68.642],[15.731,68.642],[15.736,68.641],[15.74,68.641],[15.746,68.641],[15.75,68.642],[15.752,68.642],[15.756,68.643],[15.757,68.643],[15.758,68.643],[15.759,68.644],[15.76,68.645],[15.761,68.645],[15.763,68.646],[15.765,68.648],[15.765,68.649],[15.768,68.65],[15.771,68.651],[15.773,68.651],[15.776,68.651],[15.777,68.652],[15.778,68.653],[15.779,68.654],[15.782,68.656],[15.779,68.657],[15.789,68.667],[15.791,68.668],[15.797,68.672],[15.799,68.673],[15.8,68.674],[15.802,68.676],[15.804,68.677],[15.803,68.677],[15.801,68.677],[15.797,68.677],[15.795,68.678],[15.794,68.678],[15.792,68.678],[15.79,68.678],[15.789,68.68],[15.788,68.681],[15.787,68.681],[15.786,68.681],[15.786,68.682],[15.785,68.683],[15.784,68.683],[15.782,68.684],[15.781,68.685],[15.779,68.686],[15.778,68.686],[15.777,68.687],[15.778,68.688],[15.789,68.698],[15.79,68.698],[15.79,68.699],[15.792,68.7],[15.793,68.701],[15.793,68.702],[15.79,68.705],[15.789,68.706],[15.787,68.707],[15.786,68.708],[15.784,68.709],[15.786,68.709],[15.788,68.709],[15.792,68.709],[15.794,68.709],[15.794,68.708],[15.795,68.708],[15.798,68.709],[15.803,68.711],[15.813,68.711],[15.816,68.71],[15.833,68.71],[15.837,68.711],[15.844,68.709],[15.847,68.709],[15.851,68.71],[15.854,68.709],[15.855,68.71],[15.869,68.71],[15.869,68.709],[15.88,68.709],[15.884,68.71],[15.887,68.711],[15.893,68.719],[15.892,68.719],[15.889,68.721],[15.889,68.725],[15.891,68.726],[15.89,68.727],[15.89,68.728],[15.895,68.729],[15.897,68.729],[15.901,68.73],[15.913,68.732],[15.915,68.732],[15.918,68.732],[15.922,68.731],[15.926,68.731],[15.928,68.73],[15.937,68.731],[15.958,68.74],[15.959,68.739],[15.96,68.738],[15.962,68.738],[15.963,68.737],[15.964,68.738],[15.966,68.738],[15.968,68.739],[15.97,68.739],[15.971,68.74],[15.972,68.74],[15.973,68.741],[15.972,68.742],[15.971,68.742],[15.972,68.743],[15.971,68.744],[15.971,68.745],[15.972,68.746],[15.974,68.747],[15.975,68.748],[15.976,68.749],[15.974,68.749],[15.974,68.75],[15.975,68.75],[15.976,68.751],[15.979,68.751],[15.982,68.752],[15.985,68.753],[15.993,68.753],[15.994,68.754],[15.995,68.753],[15.997,68.754],[15.999,68.754],[16.001,68.755],[16.003,68.755],[16.006,68.756],[16.046,68.758],[16.024,68.814],[15.939,68.811],[15.931,68.825],[15.947,68.851],[16.002,68.883],[16.026,68.909],[16.112,68.932],[16.052,69.009],[16.12,69.05],[16.313,69.166],[16.433,69.313]]]}},{"type":"Feature","properties":{"id":605,"name":"Østfold","bbox":[10.537,58.761,11.83,59.77]},"geometry":{"type":"MultiPolygon","coordinates":[[[[11.493,59.594],[11.491,59.594],[11.49,59.595],[11.486,59.597],[11.483,59.599],[11.479,59.599],[11.477,59.601],[11.477,59.602],[11.478,59.604],[11.478,59.605],[11.478,59.607],[11.477,59.61],[11.478,59.613],[11.478,59.615],[11.477,59.616],[11.477,59.618],[11.477,59.619],[11.477,59.622],[11.477,59.624],[11.48,59.624],[11.481,59.624],[11.482,59.624],[11.488,59.623],[11.489,59.623],[11.491,59.623],[11.492,59.623],[11.492,59.624],[11.495,59.623],[11.498,59.623],[11.499,59.624],[11.5,59.624],[11.501,59.624],[11.503,59.625],[11.504,59.625],[11.504,59.626],[11.503,59.627],[11.502,59.627],[11.501,59.628],[11.503,59.629],[11.504,59.629],[11.504,59.63],[11.503,59.632],[11.503,59.633],[11.502,59.635],[11.498,59.638],[11.496,59.64],[11.493,59.641],[11.49,59.643],[11.489,59.643],[11.486,59.645],[11.485,59.645],[11.483,59.647],[11.482,59.648],[11.48,59.651],[11.479,59.652],[11.478,59.654],[11.477,59.657],[11.476,59.658],[11.474,59.659],[11.467,59.666],[11.465,59.667],[11.461,59.669],[11.458,59.671],[11.454,59.673],[11.451,59.673],[11.448,59.672],[11.439,59.672],[11.437,59.672],[11.436,59.672],[11.433,59.673],[11.428,59.673],[11.426,59.673],[11.423,59.673],[11.423,59.674],[11.42,59.674],[11.419,59.675],[11.415,59.676],[11.412,59.678],[11.41,59.679],[11.408,59.68],[11.406,59.681],[11.405,59.682],[11.402,59.683],[11.398,59.686],[11.398,59.687],[11.396,59.687],[11.394,59.687],[11.391,59.687],[11.387,59.689],[11.385,59.69],[11.382,59.691],[11.381,59.692],[11.379,59.693],[11.376,59.694],[11.375,59.695],[11.374,59.697],[11.372,59.697],[11.37,59.697],[11.368,59.699],[11.368,59.7],[11.367,59.702],[11.367,59.703],[11.366,59.705],[11.366,59.706],[11.367,59.707],[11.368,59.709],[11.368,59.71],[11.367,59.712],[11.366,59.712],[11.365,59.713],[11.366,59.713],[11.367,59.714],[11.367,59.716],[11.368,59.717],[11.368,59.718],[11.37,59.72],[11.37,59.721],[11.371,59.722],[11.372,59.722],[11.372,59.723],[11.372,59.724],[11.373,59.727],[11.373,59.728],[11.372,59.728],[11.371,59.728],[11.37,59.729],[11.369,59.729],[11.368,59.73],[11.367,59.732],[11.366,59.732],[11.364,59.733],[11.364,59.734],[11.364,59.735],[11.363,59.736],[11.362,59.737],[11.362,59.738],[11.361,59.739],[11.36,59.74],[11.36,59.742],[11.357,59.743],[11.354,59.744],[11.352,59.744],[11.351,59.744],[11.35,59.745],[11.349,59.746],[11.349,59.747],[11.347,59.747],[11.344,59.749],[11.343,59.75],[11.344,59.752],[11.343,59.753],[11.343,59.754],[11.344,59.755],[11.342,59.754],[11.339,59.754],[11.336,59.754],[11.335,59.755],[11.332,59.754],[11.331,59.755],[11.33,59.755],[11.329,59.756],[11.328,59.757],[11.327,59.757],[11.326,59.757],[11.324,59.758],[11.321,59.758],[11.319,59.758],[11.317,59.759],[11.316,59.759],[11.315,59.759],[11.314,59.759],[11.313,59.759],[11.311,59.759],[11.31,59.758],[11.308,59.758],[11.304,59.759],[11.302,59.758],[11.301,59.759],[11.3,59.759],[11.299,59.759],[11.297,59.759],[11.295,59.759],[11.294,59.76],[11.293,59.76],[11.293,59.761],[11.292,59.76],[11.291,59.761],[11.29,59.761],[11.289,59.761],[11.287,59.761],[11.284,59.761],[11.283,59.762],[11.283,59.761],[11.282,59.762],[11.28,59.761],[11.279,59.762],[11.278,59.762],[11.277,59.763],[11.276,59.763],[11.275,59.763],[11.273,59.764],[11.272,59.764],[11.271,59.764],[11.27,59.764],[11.269,59.765],[11.268,59.764],[11.267,59.765],[11.266,59.765],[11.265,59.765],[11.264,59.766],[11.263,59.767],[11.262,59.767],[11.26,59.768],[11.26,59.769],[11.258,59.77],[11.257,59.77],[11.256,59.77],[11.255,59.77],[11.254,59.77],[11.253,59.77],[11.253,59.769],[11.252,59.767],[11.251,59.766],[11.25,59.764],[11.248,59.762],[11.246,59.761],[11.237,59.757],[11.238,59.756],[11.24,59.753],[11.241,59.75],[11.242,59.749],[11.244,59.746],[11.244,59.745],[11.244,59.743],[11.243,59.741],[11.242,59.738],[11.24,59.736],[11.239,59.735],[11.237,59.733],[11.236,59.73],[11.235,59.728],[11.234,59.727],[11.233,59.724],[11.232,59.721],[11.232,59.718],[11.231,59.717],[11.231,59.714],[11.23,59.712],[11.23,59.71],[11.229,59.708],[11.229,59.706],[11.229,59.702],[11.229,59.699],[11.228,59.695],[11.228,59.693],[11.229,59.691],[11.23,59.685],[11.23,59.683],[11.225,59.683],[11.218,59.683],[11.216,59.683],[11.215,59.683],[11.214,59.683],[11.212,59.683],[11.211,59.683],[11.21,59.683],[11.208,59.683],[11.206,59.683],[11.205,59.683],[11.204,59.683],[11.203,59.683],[11.202,59.683],[11.2,59.682],[11.199,59.682],[11.198,59.682],[11.197,59.683],[11.195,59.684],[11.192,59.685],[11.191,59.685],[11.189,59.685],[11.186,59.685],[11.182,59.684],[11.176,59.683],[11.175,59.683],[11.173,59.682],[11.171,59.683],[11.169,59.683],[11.168,59.683],[11.166,59.683],[11.165,59.683],[11.158,59.684],[11.153,59.684],[11.153,59.685],[11.151,59.686],[11.15,59.686],[11.15,59.687],[11.149,59.688],[11.148,59.689],[11.147,59.689],[11.146,59.69],[11.144,59.692],[11.142,59.693],[11.141,59.695],[11.138,59.7],[11.137,59.701],[11.135,59.702],[11.133,59.702],[11.131,59.702],[11.13,59.702],[11.124,59.7],[11.122,59.699],[11.12,59.698],[11.118,59.698],[11.116,59.697],[11.112,59.695],[11.109,59.693],[11.107,59.692],[11.105,59.691],[11.104,59.692],[11.103,59.692],[11.102,59.692],[11.101,59.693],[11.1,59.694],[11.1,59.695],[11.104,59.7],[11.105,59.703],[11.103,59.703],[11.102,59.703],[11.101,59.703],[11.099,59.703],[11.099,59.702],[11.097,59.702],[11.092,59.701],[11.091,59.7],[11.089,59.7],[11.085,59.7],[11.082,59.7],[11.079,59.7],[11.077,59.7],[11.073,59.7],[11.072,59.7],[11.066,59.699],[11.065,59.698],[11.064,59.698],[11.062,59.699],[11.059,59.698],[11.057,59.699],[11.052,59.699],[11.049,59.694],[11.043,59.692],[11.038,59.691],[11.035,59.692],[11.033,59.692],[11.032,59.692],[11.031,59.693],[11.028,59.694],[11.023,59.695],[11.022,59.696],[11.021,59.696],[11.019,59.696],[11.018,59.697],[11.017,59.698],[11.016,59.698],[11.015,59.699],[11.013,59.699],[11.011,59.7],[11.01,59.7],[11.006,59.701],[11.005,59.701],[11.003,59.702],[10.999,59.703],[10.998,59.703],[10.996,59.703],[10.994,59.703],[10.993,59.703],[10.993,59.704],[10.99,59.705],[10.986,59.705],[10.985,59.705],[10.984,59.705],[10.981,59.705],[10.98,59.705],[10.979,59.705],[10.977,59.706],[10.975,59.706],[10.974,59.705],[10.97,59.705],[10.97,59.703],[10.97,59.701],[10.969,59.701],[10.968,59.697],[10.968,59.696],[10.967,59.695],[10.965,59.694],[10.965,59.693],[10.964,59.693],[10.963,59.692],[10.962,59.691],[10.961,59.691],[10.96,59.69],[10.959,59.689],[10.959,59.688],[10.958,59.688],[10.957,59.686],[10.956,59.684],[10.956,59.683],[10.956,59.682],[10.955,59.682],[10.954,59.681],[10.954,59.679],[10.954,59.678],[10.953,59.678],[10.954,59.676],[10.953,59.675],[10.953,59.674],[10.953,59.673],[10.956,59.673],[10.957,59.672],[10.958,59.672],[10.96,59.672],[10.961,59.672],[10.962,59.671],[10.964,59.67],[10.967,59.669],[10.97,59.668],[10.972,59.668],[10.971,59.667],[10.972,59.666],[10.971,59.664],[10.971,59.663],[10.971,59.661],[10.973,59.662],[10.975,59.661],[10.976,59.661],[10.978,59.661],[10.979,59.661],[10.98,59.66],[10.981,59.66],[10.982,59.66],[10.983,59.66],[10.983,59.661],[10.985,59.661],[10.984,59.659],[10.984,59.658],[10.983,59.657],[10.981,59.656],[10.982,59.656],[10.981,59.655],[10.98,59.655],[10.98,59.654],[10.979,59.654],[10.979,59.653],[10.977,59.651],[10.974,59.651],[10.973,59.65],[10.972,59.649],[10.97,59.648],[10.969,59.648],[10.967,59.646],[10.97,59.646],[10.971,59.645],[10.97,59.644],[10.969,59.643],[10.969,59.642],[10.966,59.644],[10.965,59.644],[10.964,59.645],[10.963,59.645],[10.963,59.643],[10.962,59.643],[10.963,59.642],[10.963,59.641],[10.963,59.64],[10.962,59.639],[10.961,59.639],[10.961,59.638],[10.961,59.637],[10.961,59.636],[10.96,59.636],[10.958,59.636],[10.958,59.637],[10.957,59.637],[10.957,59.638],[10.957,59.639],[10.956,59.64],[10.957,59.641],[10.956,59.642],[10.955,59.641],[10.954,59.64],[10.953,59.64],[10.951,59.641],[10.95,59.641],[10.95,59.644],[10.949,59.645],[10.946,59.645],[10.943,59.644],[10.941,59.644],[10.941,59.645],[10.942,59.647],[10.94,59.647],[10.939,59.647],[10.938,59.647],[10.937,59.645],[10.938,59.644],[10.937,59.643],[10.938,59.642],[10.937,59.64],[10.937,59.639],[10.936,59.639],[10.932,59.639],[10.933,59.638],[10.933,59.637],[10.933,59.636],[10.934,59.636],[10.934,59.635],[10.935,59.634],[10.935,59.633],[10.936,59.633],[10.936,59.632],[10.935,59.632],[10.933,59.63],[10.932,59.63],[10.931,59.63],[10.928,59.629],[10.925,59.629],[10.924,59.628],[10.922,59.628],[10.921,59.627],[10.92,59.628],[10.919,59.628],[10.918,59.628],[10.917,59.629],[10.917,59.63],[10.916,59.632],[10.914,59.632],[10.913,59.631],[10.912,59.63],[10.911,59.629],[10.911,59.628],[10.911,59.626],[10.911,59.624],[10.91,59.623],[10.909,59.623],[10.908,59.622],[10.907,59.622],[10.907,59.621],[10.907,59.62],[10.903,59.621],[10.901,59.621],[10.9,59.621],[10.899,59.621],[10.897,59.621],[10.896,59.622],[10.893,59.622],[10.892,59.622],[10.89,59.623],[10.888,59.621],[10.887,59.62],[10.886,59.619],[10.883,59.619],[10.88,59.619],[10.88,59.618],[10.879,59.618],[10.879,59.617],[10.879,59.616],[10.88,59.616],[10.881,59.615],[10.882,59.615],[10.882,59.614],[10.883,59.614],[10.885,59.614],[10.885,59.613],[10.886,59.612],[10.887,59.612],[10.887,59.611],[10.888,59.612],[10.889,59.612],[10.889,59.61],[10.89,59.609],[10.891,59.609],[10.892,59.608],[10.89,59.607],[10.887,59.607],[10.887,59.606],[10.885,59.605],[10.884,59.605],[10.884,59.604],[10.881,59.605],[10.878,59.605],[10.877,59.605],[10.874,59.605],[10.873,59.606],[10.87,59.607],[10.869,59.607],[10.868,59.607],[10.868,59.606],[10.866,59.606],[10.865,59.605],[10.866,59.604],[10.866,59.603],[10.868,59.603],[10.867,59.602],[10.869,59.601],[10.868,59.599],[10.869,59.598],[10.87,59.598],[10.87,59.597],[10.871,59.596],[10.87,59.595],[10.869,59.595],[10.868,59.594],[10.867,59.594],[10.866,59.594],[10.864,59.593],[10.863,59.593],[10.861,59.593],[10.86,59.593],[10.859,59.593],[10.859,59.592],[10.86,59.591],[10.86,59.59],[10.859,59.59],[10.858,59.589],[10.857,59.588],[10.857,59.587],[10.856,59.587],[10.855,59.586],[10.854,59.586],[10.852,59.586],[10.85,59.586],[10.849,59.586],[10.847,59.586],[10.846,59.587],[10.845,59.587],[10.844,59.586],[10.847,59.584],[10.848,59.583],[10.847,59.582],[10.847,59.581],[10.844,59.579],[10.847,59.578],[10.849,59.578],[10.852,59.578],[10.853,59.578],[10.852,59.577],[10.85,59.577],[10.849,59.576],[10.847,59.576],[10.846,59.576],[10.845,59.575],[10.845,59.574],[10.846,59.573],[10.845,59.572],[10.846,59.571],[10.846,59.57],[10.847,59.57],[10.844,59.569],[10.843,59.569],[10.841,59.568],[10.836,59.566],[10.834,59.566],[10.833,59.566],[10.831,59.566],[10.831,59.565],[10.829,59.565],[10.827,59.565],[10.825,59.565],[10.824,59.565],[10.823,59.565],[10.824,59.564],[10.823,59.564],[10.822,59.564],[10.822,59.563],[10.82,59.563],[10.819,59.562],[10.819,59.563],[10.818,59.563],[10.817,59.563],[10.817,59.562],[10.816,59.562],[10.815,59.562],[10.814,59.562],[10.814,59.563],[10.813,59.562],[10.812,59.562],[10.811,59.563],[10.81,59.563],[10.809,59.563],[10.809,59.564],[10.808,59.564],[10.805,59.564],[10.802,59.564],[10.802,59.563],[10.8,59.562],[10.798,59.562],[10.798,59.561],[10.797,59.56],[10.796,59.56],[10.795,59.56],[10.794,59.56],[10.793,59.56],[10.792,59.559],[10.791,59.559],[10.789,59.559],[10.79,59.558],[10.788,59.558],[10.787,59.558],[10.787,59.557],[10.785,59.557],[10.782,59.556],[10.78,59.555],[10.778,59.554],[10.777,59.554],[10.776,59.554],[10.776,59.553],[10.775,59.553],[10.774,59.553],[10.773,59.552],[10.771,59.552],[10.772,59.551],[10.773,59.551],[10.773,59.55],[10.773,59.549],[10.776,59.549],[10.777,59.548],[10.778,59.549],[10.782,59.548],[10.785,59.547],[10.783,59.546],[10.782,59.545],[10.78,59.544],[10.783,59.544],[10.782,59.543],[10.783,59.542],[10.783,59.541],[10.784,59.541],[10.784,59.54],[10.784,59.538],[10.785,59.537],[10.786,59.536],[10.787,59.535],[10.787,59.534],[10.786,59.534],[10.785,59.533],[10.784,59.532],[10.783,59.531],[10.783,59.53],[10.783,59.529],[10.781,59.528],[10.78,59.527],[10.781,59.526],[10.782,59.526],[10.781,59.525],[10.781,59.524],[10.781,59.523],[10.779,59.522],[10.779,59.521],[10.778,59.52],[10.778,59.518],[10.778,59.517],[10.775,59.514],[10.775,59.513],[10.774,59.512],[10.773,59.511],[10.772,59.51],[10.772,59.509],[10.772,59.508],[10.773,59.507],[10.774,59.502],[10.776,59.5],[10.777,59.499],[10.779,59.497],[10.779,59.496],[10.779,59.495],[10.778,59.495],[10.777,59.495],[10.774,59.495],[10.77,59.495],[10.768,59.495],[10.764,59.494],[10.763,59.494],[10.762,59.494],[10.761,59.495],[10.76,59.495],[10.759,59.495],[10.758,59.494],[10.757,59.493],[10.754,59.493],[10.752,59.493],[10.749,59.493],[10.747,59.492],[10.747,59.491],[10.748,59.489],[10.748,59.488],[10.749,59.487],[10.75,59.487],[10.751,59.486],[10.753,59.485],[10.753,59.483],[10.751,59.484],[10.749,59.483],[10.747,59.483],[10.746,59.482],[10.744,59.482],[10.743,59.481],[10.742,59.481],[10.742,59.48],[10.742,59.479],[10.741,59.479],[10.739,59.478],[10.737,59.477],[10.736,59.476],[10.735,59.476],[10.734,59.475],[10.733,59.474],[10.732,59.474],[10.731,59.474],[10.729,59.472],[10.726,59.472],[10.724,59.473],[10.723,59.473],[10.722,59.474],[10.72,59.474],[10.719,59.474],[10.718,59.475],[10.719,59.476],[10.717,59.477],[10.715,59.477],[10.714,59.478],[10.713,59.48],[10.713,59.481],[10.712,59.481],[10.712,59.482],[10.711,59.485],[10.711,59.486],[10.71,59.489],[10.71,59.49],[10.708,59.49],[10.706,59.491],[10.701,59.492],[10.698,59.493],[10.696,59.493],[10.695,59.492],[10.694,59.491],[10.693,59.49],[10.691,59.49],[10.688,59.49],[10.685,59.489],[10.682,59.489],[10.68,59.488],[10.667,59.502],[10.659,59.517],[10.638,59.528],[10.616,59.535],[10.602,59.519],[10.585,59.501],[10.559,59.474],[10.543,59.457],[10.537,59.433],[10.544,59.412],[10.584,59.393],[10.595,59.374],[10.594,59.356],[10.578,59.341],[10.59,59.302],[10.591,59.297],[10.59,59.268],[10.605,59.252],[10.616,59.237],[10.642,59.203],[10.655,59.192],[10.654,59.171],[10.651,59.133],[10.623,59.112],[10.651,59.076],[10.675,59.045],[10.66,59.025],[10.651,59.005],[10.631,58.96],[10.629,58.955],[10.626,58.943],[10.593,58.761],[10.594,58.762],[10.606,58.797],[10.613,58.819],[10.623,58.847],[10.629,58.865],[10.639,58.892],[10.672,58.898],[10.706,58.904],[10.756,58.913],[10.79,58.919],[10.824,58.926],[10.858,58.932],[10.892,58.938],[10.918,58.942],[10.983,58.96],[11.066,58.977],[11.092,58.992],[11.117,59.015],[11.154,59.079],[11.225,59.088],[11.246,59.093],[11.258,59.096],[11.271,59.098],[11.289,59.1],[11.303,59.106],[11.326,59.112],[11.34,59.115],[11.368,59.098],[11.389,59.077],[11.414,59.04],[11.431,59.028],[11.443,59.014],[11.465,58.991],[11.46,58.988],[11.459,58.988],[11.458,58.988],[11.456,58.986],[11.454,58.985],[11.457,58.981],[11.462,58.973],[11.46,58.952],[11.462,58.941],[11.464,58.933],[11.456,58.917],[11.456,58.895],[11.457,58.893],[11.457,58.891],[11.456,58.89],[11.456,58.889],[11.457,58.888],[11.461,58.89],[11.483,58.891],[11.489,58.891],[11.492,58.889],[11.498,58.889],[11.5,58.889],[11.512,58.883],[11.513,58.883],[11.514,58.883],[11.514,58.882],[11.515,58.881],[11.516,58.882],[11.517,58.881],[11.517,58.88],[11.518,58.879],[11.519,58.879],[11.521,58.879],[11.522,58.878],[11.523,58.878],[11.524,58.878],[11.526,58.877],[11.527,58.877],[11.528,58.877],[11.529,58.877],[11.53,58.878],[11.531,58.878],[11.532,58.878],[11.533,58.879],[11.534,58.879],[11.535,58.878],[11.536,58.877],[11.537,58.877],[11.537,58.878],[11.538,58.878],[11.538,58.879],[11.539,58.879],[11.538,58.88],[11.539,58.88],[11.539,58.881],[11.539,58.882],[11.539,58.883],[11.538,58.883],[11.534,58.885],[11.534,58.886],[11.535,58.885],[11.536,58.885],[11.537,58.886],[11.539,58.886],[11.54,58.887],[11.54,58.888],[11.541,58.888],[11.542,58.888],[11.543,58.888],[11.543,58.889],[11.543,58.89],[11.544,58.89],[11.544,58.891],[11.545,58.892],[11.546,58.893],[11.545,58.893],[11.545,58.894],[11.547,58.895],[11.547,58.896],[11.548,58.896],[11.549,58.895],[11.549,58.896],[11.549,58.897],[11.55,58.897],[11.551,58.897],[11.551,58.898],[11.552,58.898],[11.553,58.898],[11.554,58.899],[11.556,58.899],[11.556,58.898],[11.558,58.898],[11.559,58.897],[11.56,58.897],[11.561,58.896],[11.562,58.895],[11.563,58.895],[11.563,58.894],[11.564,58.893],[11.564,58.892],[11.565,58.892],[11.566,58.892],[11.568,58.89],[11.57,58.889],[11.571,58.888],[11.573,58.888],[11.574,58.89],[11.575,58.891],[11.575,58.892],[11.576,58.894],[11.576,58.896],[11.577,58.896],[11.577,58.897],[11.578,58.898],[11.579,58.897],[11.58,58.896],[11.581,58.896],[11.582,58.895],[11.583,58.894],[11.584,58.894],[11.585,58.895],[11.588,58.892],[11.591,58.891],[11.594,58.892],[11.604,58.897],[11.607,58.898],[11.618,58.902],[11.623,58.904],[11.626,58.905],[11.63,58.908],[11.63,58.909],[11.631,58.909],[11.632,58.908],[11.633,58.908],[11.634,58.908],[11.637,58.908],[11.652,58.906],[11.657,58.922],[11.657,58.923],[11.657,58.924],[11.657,58.925],[11.657,58.926],[11.657,58.927],[11.658,58.927],[11.659,58.928],[11.661,58.927],[11.662,58.927],[11.662,58.928],[11.658,58.931],[11.659,58.932],[11.66,58.933],[11.662,58.934],[11.664,58.935],[11.665,58.935],[11.666,58.935],[11.668,58.935],[11.67,58.935],[11.672,58.935],[11.674,58.935],[11.675,58.935],[11.676,58.935],[11.676,58.936],[11.676,58.937],[11.675,58.938],[11.674,58.939],[11.674,58.94],[11.673,58.941],[11.673,58.942],[11.674,58.942],[11.675,58.943],[11.676,58.943],[11.676,58.944],[11.677,58.945],[11.68,58.946],[11.681,58.947],[11.682,58.947],[11.681,58.949],[11.681,58.95],[11.681,58.951],[11.682,58.952],[11.683,58.953],[11.688,58.955],[11.688,58.956],[11.689,58.957],[11.689,58.958],[11.688,58.96],[11.688,58.962],[11.688,58.963],[11.687,58.965],[11.687,58.966],[11.687,58.967],[11.687,58.969],[11.687,58.97],[11.687,58.971],[11.689,58.972],[11.689,58.973],[11.688,58.973],[11.687,58.973],[11.686,58.973],[11.685,58.974],[11.684,58.974],[11.685,58.975],[11.686,58.975],[11.686,58.976],[11.688,58.976],[11.688,58.977],[11.689,58.977],[11.69,58.977],[11.691,58.977],[11.692,58.977],[11.692,58.978],[11.693,58.977],[11.694,58.978],[11.693,58.978],[11.693,58.979],[11.692,58.979],[11.692,58.98],[11.693,58.98],[11.692,58.981],[11.691,58.982],[11.692,58.982],[11.692,58.983],[11.692,58.985],[11.691,58.986],[11.69,58.986],[11.689,58.986],[11.687,58.987],[11.686,58.987],[11.685,58.988],[11.685,58.989],[11.684,58.989],[11.684,58.99],[11.685,58.99],[11.686,58.99],[11.688,58.991],[11.689,58.991],[11.69,58.992],[11.691,58.993],[11.692,58.993],[11.693,58.994],[11.693,58.995],[11.692,58.995],[11.693,58.996],[11.694,58.996],[11.695,58.996],[11.694,58.997],[11.693,58.998],[11.693,58.999],[11.694,58.999],[11.695,58.999],[11.697,59],[11.698,59],[11.698,59.001],[11.704,59.011],[11.705,59.015],[11.711,59.034],[11.719,59.038],[11.721,59.038],[11.722,59.039],[11.722,59.04],[11.723,59.04],[11.723,59.042],[11.725,59.042],[11.725,59.043],[11.728,59.044],[11.729,59.044],[11.73,59.046],[11.731,59.048],[11.735,59.05],[11.736,59.051],[11.736,59.052],[11.737,59.052],[11.738,59.052],[11.738,59.053],[11.739,59.054],[11.74,59.055],[11.742,59.057],[11.742,59.058],[11.743,59.058],[11.743,59.059],[11.744,59.06],[11.749,59.067],[11.75,59.068],[11.751,59.069],[11.752,59.07],[11.755,59.073],[11.757,59.074],[11.758,59.074],[11.759,59.075],[11.76,59.076],[11.764,59.079],[11.765,59.08],[11.766,59.08],[11.767,59.081],[11.768,59.082],[11.77,59.083],[11.771,59.084],[11.772,59.085],[11.773,59.086],[11.774,59.086],[11.775,59.086],[11.776,59.087],[11.777,59.089],[11.777,59.09],[11.777,59.092],[11.776,59.095],[11.776,59.096],[11.777,59.097],[11.777,59.098],[11.779,59.098],[11.78,59.098],[11.781,59.099],[11.781,59.1],[11.78,59.1],[11.778,59.101],[11.777,59.102],[11.776,59.103],[11.776,59.104],[11.776,59.105],[11.775,59.107],[11.774,59.108],[11.772,59.11],[11.77,59.111],[11.769,59.112],[11.768,59.113],[11.768,59.114],[11.766,59.114],[11.765,59.115],[11.764,59.115],[11.765,59.117],[11.766,59.121],[11.769,59.127],[11.778,59.136],[11.778,59.14],[11.776,59.146],[11.777,59.156],[11.776,59.159],[11.776,59.161],[11.777,59.164],[11.776,59.165],[11.777,59.165],[11.776,59.166],[11.775,59.171],[11.776,59.178],[11.781,59.188],[11.782,59.193],[11.782,59.194],[11.783,59.195],[11.784,59.195],[11.784,59.196],[11.783,59.197],[11.783,59.198],[11.783,59.199],[11.782,59.2],[11.782,59.201],[11.782,59.202],[11.783,59.203],[11.783,59.204],[11.783,59.205],[11.783,59.206],[11.783,59.207],[11.785,59.209],[11.785,59.21],[11.786,59.21],[11.788,59.211],[11.788,59.212],[11.789,59.213],[11.789,59.214],[11.79,59.215],[11.792,59.215],[11.792,59.216],[11.793,59.217],[11.794,59.218],[11.795,59.218],[11.796,59.219],[11.797,59.22],[11.797,59.221],[11.797,59.222],[11.798,59.222],[11.799,59.223],[11.799,59.224],[11.8,59.225],[11.805,59.228],[11.812,59.232],[11.826,59.238],[11.828,59.239],[11.829,59.24],[11.83,59.242],[11.826,59.265],[11.821,59.298],[11.82,59.305],[11.822,59.312],[11.818,59.333],[11.816,59.345],[11.808,59.354],[11.79,59.371],[11.79,59.372],[11.792,59.373],[11.792,59.374],[11.78,59.386],[11.778,59.397],[11.774,59.414],[11.761,59.429],[11.76,59.458],[11.753,59.479],[11.747,59.491],[11.729,59.511],[11.715,59.539],[11.704,59.563],[11.698,59.574],[11.691,59.59],[11.698,59.609],[11.708,59.616],[11.716,59.622],[11.718,59.624],[11.717,59.624],[11.717,59.626],[11.718,59.631],[11.718,59.633],[11.718,59.635],[11.718,59.638],[11.719,59.648],[11.719,59.654],[11.721,59.656],[11.723,59.657],[11.723,59.661],[11.722,59.661],[11.717,59.662],[11.716,59.663],[11.714,59.663],[11.711,59.664],[11.71,59.664],[11.708,59.665],[11.705,59.666],[11.702,59.666],[11.695,59.667],[11.691,59.668],[11.685,59.669],[11.68,59.669],[11.678,59.67],[11.674,59.67],[11.669,59.671],[11.665,59.671],[11.661,59.672],[11.656,59.672],[11.654,59.672],[11.652,59.672],[11.647,59.675],[11.646,59.676],[11.644,59.676],[11.638,59.675],[11.635,59.675],[11.632,59.676],[11.63,59.677],[11.628,59.677],[11.624,59.677],[11.624,59.676],[11.625,59.675],[11.625,59.674],[11.626,59.673],[11.627,59.672],[11.627,59.671],[11.628,59.669],[11.628,59.668],[11.627,59.667],[11.626,59.666],[11.625,59.665],[11.623,59.664],[11.62,59.663],[11.619,59.663],[11.617,59.662],[11.615,59.661],[11.613,59.66],[11.611,59.66],[11.608,59.658],[11.599,59.656],[11.597,59.655],[11.594,59.652],[11.592,59.651],[11.59,59.65],[11.587,59.649],[11.585,59.648],[11.581,59.647],[11.579,59.646],[11.578,59.646],[11.577,59.645],[11.576,59.645],[11.575,59.644],[11.572,59.643],[11.57,59.643],[11.567,59.643],[11.564,59.644],[11.563,59.645],[11.561,59.645],[11.56,59.645],[11.559,59.645],[11.558,59.644],[11.557,59.644],[11.555,59.644],[11.553,59.644],[11.552,59.644],[11.549,59.644],[11.547,59.644],[11.543,59.643],[11.541,59.643],[11.538,59.642],[11.537,59.641],[11.535,59.64],[11.532,59.639],[11.534,59.637],[11.537,59.635],[11.538,59.634],[11.539,59.633],[11.54,59.632],[11.541,59.629],[11.542,59.627],[11.543,59.627],[11.543,59.626],[11.543,59.625],[11.544,59.624],[11.543,59.623],[11.544,59.623],[11.545,59.622],[11.545,59.621],[11.545,59.619],[11.545,59.618],[11.544,59.618],[11.54,59.618],[11.538,59.618],[11.537,59.617],[11.536,59.617],[11.535,59.618],[11.533,59.618],[11.532,59.617],[11.531,59.617],[11.528,59.617],[11.528,59.616],[11.529,59.616],[11.529,59.615],[11.529,59.614],[11.528,59.614],[11.527,59.614],[11.527,59.613],[11.528,59.612],[11.529,59.611],[11.529,59.61],[11.527,59.609],[11.526,59.609],[11.524,59.608],[11.523,59.608],[11.522,59.607],[11.521,59.607],[11.521,59.606],[11.52,59.606],[11.519,59.605],[11.519,59.603],[11.52,59.602],[11.519,59.601],[11.516,59.601],[11.512,59.6],[11.511,59.599],[11.509,59.599],[11.507,59.599],[11.505,59.599],[11.504,59.598],[11.503,59.598],[11.501,59.597],[11.498,59.596],[11.497,59.595],[11.495,59.594],[11.493,59.594]]],[[[10.883,59.614],[10.882,59.613],[10.883,59.613],[10.884,59.613],[10.883,59.614]]]]}},{"type":"Feature","properties":{"id":606,"name":"Akershus","bbox":[10.194,59.457,11.946,60.605]},"geometry":{"type":"Polygon","coordinates":[[[10.934,60.347],[10.924,60.341],[10.918,60.338],[10.913,60.336],[10.907,60.333],[10.904,60.331],[10.899,60.328],[10.898,60.328],[10.892,60.324],[10.883,60.319],[10.88,60.318],[10.878,60.319],[10.873,60.321],[10.872,60.321],[10.869,60.318],[10.865,60.314],[10.851,60.314],[10.783,60.314],[10.763,60.314],[10.736,60.324],[10.72,60.33],[10.722,60.333],[10.724,60.334],[10.724,60.335],[10.723,60.335],[10.722,60.336],[10.72,60.338],[10.719,60.338],[10.717,60.339],[10.715,60.339],[10.714,60.339],[10.711,60.338],[10.709,60.337],[10.709,60.336],[10.707,60.335],[10.707,60.334],[10.707,60.333],[10.707,60.332],[10.706,60.331],[10.705,60.33],[10.704,60.33],[10.699,60.33],[10.697,60.331],[10.694,60.331],[10.693,60.331],[10.692,60.33],[10.69,60.329],[10.689,60.329],[10.688,60.329],[10.687,60.328],[10.687,60.326],[10.686,60.326],[10.685,60.326],[10.682,60.327],[10.681,60.326],[10.679,60.326],[10.677,60.326],[10.675,60.327],[10.674,60.327],[10.673,60.327],[10.672,60.327],[10.67,60.328],[10.669,60.327],[10.668,60.327],[10.663,60.326],[10.661,60.326],[10.658,60.325],[10.655,60.325],[10.652,60.324],[10.648,60.324],[10.645,60.323],[10.643,60.323],[10.643,60.324],[10.642,60.325],[10.641,60.325],[10.64,60.326],[10.639,60.326],[10.638,60.326],[10.635,60.326],[10.633,60.326],[10.631,60.325],[10.631,60.324],[10.63,60.324],[10.63,60.323],[10.629,60.322],[10.63,60.322],[10.629,60.321],[10.626,60.32],[10.625,60.32],[10.624,60.32],[10.622,60.32],[10.621,60.32],[10.62,60.321],[10.62,60.322],[10.617,60.322],[10.618,60.321],[10.618,60.319],[10.615,60.319],[10.615,60.317],[10.614,60.317],[10.613,60.316],[10.613,60.315],[10.612,60.315],[10.611,60.315],[10.61,60.314],[10.608,60.313],[10.607,60.314],[10.605,60.313],[10.605,60.312],[10.604,60.312],[10.604,60.313],[10.604,60.314],[10.604,60.315],[10.603,60.317],[10.603,60.318],[10.602,60.318],[10.602,60.319],[10.602,60.32],[10.602,60.321],[10.602,60.322],[10.601,60.322],[10.6,60.322],[10.599,60.322],[10.597,60.322],[10.594,60.321],[10.592,60.321],[10.591,60.321],[10.59,60.32],[10.589,60.32],[10.589,60.319],[10.587,60.319],[10.585,60.318],[10.585,60.319],[10.584,60.319],[10.583,60.319],[10.582,60.32],[10.582,60.321],[10.582,60.322],[10.581,60.322],[10.581,60.323],[10.58,60.324],[10.579,60.324],[10.575,60.324],[10.574,60.324],[10.572,60.323],[10.572,60.324],[10.57,60.324],[10.568,60.323],[10.567,60.322],[10.566,60.322],[10.564,60.322],[10.559,60.321],[10.558,60.322],[10.558,60.323],[10.558,60.325],[10.558,60.326],[10.557,60.325],[10.556,60.327],[10.554,60.327],[10.553,60.327],[10.548,60.327],[10.547,60.328],[10.546,60.327],[10.544,60.327],[10.526,60.325],[10.527,60.325],[10.527,60.324],[10.528,60.323],[10.528,60.322],[10.525,60.322],[10.524,60.322],[10.523,60.323],[10.521,60.323],[10.52,60.324],[10.52,60.325],[10.519,60.325],[10.511,60.325],[10.51,60.326],[10.507,60.325],[10.506,60.325],[10.503,60.325],[10.502,60.325],[10.5,60.325],[10.499,60.324],[10.498,60.324],[10.496,60.324],[10.495,60.324],[10.494,60.324],[10.492,60.324],[10.491,60.324],[10.49,60.324],[10.489,60.324],[10.488,60.324],[10.486,60.324],[10.485,60.323],[10.483,60.323],[10.481,60.323],[10.479,60.322],[10.475,60.322],[10.471,60.322],[10.469,60.322],[10.467,60.322],[10.466,60.321],[10.464,60.321],[10.463,60.32],[10.462,60.319],[10.461,60.319],[10.46,60.318],[10.458,60.318],[10.457,60.317],[10.453,60.317],[10.451,60.316],[10.447,60.316],[10.441,60.316],[10.438,60.316],[10.436,60.315],[10.435,60.315],[10.434,60.315],[10.432,60.314],[10.431,60.314],[10.429,60.314],[10.428,60.313],[10.425,60.313],[10.423,60.313],[10.422,60.313],[10.42,60.313],[10.419,60.314],[10.418,60.313],[10.416,60.313],[10.416,60.314],[10.416,60.315],[10.415,60.316],[10.415,60.317],[10.415,60.318],[10.412,60.318],[10.411,60.317],[10.41,60.317],[10.408,60.317],[10.406,60.317],[10.404,60.317],[10.402,60.317],[10.4,60.317],[10.398,60.316],[10.395,60.317],[10.392,60.317],[10.39,60.317],[10.388,60.317],[10.386,60.317],[10.384,60.317],[10.366,60.321],[10.365,60.328],[10.377,60.338],[10.386,60.356],[10.388,60.375],[10.355,60.373],[10.354,60.373],[10.353,60.372],[10.352,60.372],[10.352,60.371],[10.35,60.371],[10.35,60.37],[10.349,60.37],[10.348,60.369],[10.346,60.369],[10.345,60.369],[10.344,60.369],[10.343,60.368],[10.341,60.368],[10.341,60.367],[10.339,60.366],[10.338,60.367],[10.337,60.367],[10.336,60.368],[10.335,60.368],[10.334,60.368],[10.332,60.368],[10.331,60.369],[10.33,60.369],[10.326,60.371],[10.322,60.372],[10.314,60.375],[10.312,60.376],[10.306,60.378],[10.304,60.379],[10.299,60.38],[10.295,60.382],[10.294,60.382],[10.289,60.384],[10.283,60.386],[10.281,60.387],[10.278,60.388],[10.277,60.388],[10.273,60.39],[10.268,60.392],[10.265,60.393],[10.261,60.394],[10.248,60.393],[10.236,60.393],[10.235,60.393],[10.229,60.393],[10.219,60.393],[10.206,60.392],[10.202,60.392],[10.202,60.393],[10.203,60.395],[10.205,60.397],[10.206,60.398],[10.207,60.398],[10.208,60.399],[10.207,60.399],[10.203,60.4],[10.202,60.4],[10.2,60.4],[10.199,60.4],[10.194,60.4],[10.195,60.399],[10.195,60.398],[10.195,60.396],[10.195,60.395],[10.196,60.393],[10.196,60.392],[10.197,60.391],[10.197,60.389],[10.198,60.387],[10.198,60.385],[10.199,60.383],[10.199,60.381],[10.2,60.379],[10.2,60.378],[10.199,60.377],[10.2,60.376],[10.199,60.376],[10.202,60.373],[10.203,60.372],[10.204,60.371],[10.205,60.37],[10.206,60.369],[10.208,60.367],[10.21,60.365],[10.213,60.363],[10.215,60.361],[10.217,60.36],[10.218,60.359],[10.218,60.358],[10.22,60.357],[10.222,60.355],[10.223,60.353],[10.224,60.351],[10.224,60.35],[10.225,60.35],[10.226,60.348],[10.227,60.347],[10.23,60.346],[10.231,60.345],[10.232,60.344],[10.233,60.344],[10.234,60.344],[10.236,60.343],[10.238,60.341],[10.239,60.34],[10.24,60.339],[10.241,60.337],[10.243,60.335],[10.243,60.333],[10.244,60.332],[10.245,60.33],[10.246,60.329],[10.246,60.328],[10.247,60.327],[10.248,60.326],[10.251,60.323],[10.254,60.32],[10.256,60.318],[10.258,60.317],[10.259,60.316],[10.259,60.315],[10.264,60.311],[10.265,60.31],[10.267,60.306],[10.272,60.302],[10.275,60.299],[10.277,60.296],[10.28,60.294],[10.287,60.288],[10.289,60.286],[10.293,60.283],[10.299,60.279],[10.3,60.278],[10.303,60.276],[10.307,60.273],[10.311,60.27],[10.314,60.267],[10.319,60.263],[10.315,60.261],[10.313,60.258],[10.312,60.256],[10.31,60.255],[10.309,60.254],[10.309,60.253],[10.309,60.252],[10.309,60.251],[10.309,60.25],[10.309,60.249],[10.309,60.248],[10.309,60.247],[10.309,60.246],[10.31,60.245],[10.311,60.245],[10.312,60.244],[10.313,60.243],[10.315,60.242],[10.317,60.24],[10.319,60.24],[10.323,60.238],[10.325,60.237],[10.326,60.236],[10.327,60.235],[10.327,60.234],[10.328,60.233],[10.328,60.232],[10.329,60.231],[10.33,60.23],[10.331,60.229],[10.331,60.228],[10.332,60.228],[10.335,60.227],[10.336,60.226],[10.341,60.224],[10.344,60.223],[10.345,60.223],[10.347,60.223],[10.348,60.222],[10.35,60.221],[10.351,60.221],[10.352,60.22],[10.355,60.218],[10.356,60.218],[10.357,60.217],[10.358,60.217],[10.359,60.217],[10.36,60.217],[10.361,60.218],[10.36,60.219],[10.36,60.22],[10.36,60.221],[10.362,60.221],[10.363,60.222],[10.365,60.221],[10.367,60.221],[10.369,60.221],[10.37,60.221],[10.371,60.222],[10.373,60.223],[10.374,60.224],[10.375,60.224],[10.376,60.224],[10.376,60.223],[10.377,60.223],[10.378,60.222],[10.379,60.222],[10.378,60.221],[10.379,60.221],[10.38,60.221],[10.381,60.22],[10.382,60.22],[10.383,60.219],[10.384,60.218],[10.385,60.218],[10.386,60.218],[10.389,60.218],[10.39,60.218],[10.392,60.218],[10.392,60.217],[10.396,60.216],[10.399,60.215],[10.401,60.214],[10.403,60.214],[10.403,60.213],[10.406,60.213],[10.407,60.212],[10.408,60.212],[10.41,60.211],[10.412,60.21],[10.417,60.209],[10.418,60.208],[10.419,60.208],[10.421,60.207],[10.423,60.207],[10.425,60.206],[10.427,60.205],[10.429,60.204],[10.431,60.204],[10.433,60.202],[10.435,60.201],[10.44,60.198],[10.442,60.197],[10.443,60.197],[10.445,60.196],[10.446,60.195],[10.452,60.192],[10.453,60.192],[10.454,60.192],[10.455,60.192],[10.46,60.189],[10.461,60.189],[10.463,60.188],[10.465,60.188],[10.467,60.187],[10.468,60.186],[10.469,60.186],[10.471,60.185],[10.473,60.185],[10.474,60.185],[10.475,60.185],[10.476,60.185],[10.477,60.184],[10.481,60.182],[10.482,60.181],[10.485,60.179],[10.486,60.179],[10.487,60.178],[10.487,60.177],[10.49,60.177],[10.494,60.176],[10.494,60.175],[10.495,60.173],[10.502,60.172],[10.508,60.172],[10.511,60.171],[10.513,60.171],[10.515,60.171],[10.522,60.172],[10.524,60.172],[10.525,60.172],[10.525,60.171],[10.526,60.17],[10.527,60.17],[10.528,60.169],[10.53,60.169],[10.532,60.169],[10.534,60.169],[10.536,60.168],[10.54,60.166],[10.543,60.165],[10.545,60.165],[10.55,60.165],[10.554,60.165],[10.555,60.165],[10.557,60.166],[10.561,60.166],[10.564,60.161],[10.569,60.156],[10.57,60.155],[10.572,60.153],[10.574,60.152],[10.577,60.151],[10.581,60.15],[10.585,60.15],[10.588,60.15],[10.59,60.149],[10.591,60.148],[10.593,60.147],[10.595,60.146],[10.597,60.145],[10.598,60.143],[10.597,60.143],[10.596,60.143],[10.594,60.142],[10.593,60.142],[10.594,60.141],[10.596,60.14],[10.595,60.138],[10.596,60.137],[10.598,60.136],[10.6,60.135],[10.601,60.135],[10.602,60.134],[10.601,60.134],[10.6,60.133],[10.601,60.133],[10.601,60.132],[10.603,60.132],[10.604,60.134],[10.61,60.135],[10.619,60.135],[10.636,60.134],[10.642,60.133],[10.647,60.133],[10.68,60.134],[10.693,60.128],[10.695,60.127],[10.696,60.126],[10.697,60.126],[10.698,60.126],[10.699,60.125],[10.7,60.125],[10.704,60.125],[10.705,60.124],[10.705,60.123],[10.704,60.121],[10.705,60.12],[10.707,60.119],[10.709,60.119],[10.711,60.12],[10.714,60.12],[10.715,60.12],[10.716,60.12],[10.717,60.12],[10.719,60.121],[10.72,60.122],[10.724,60.121],[10.727,60.122],[10.728,60.123],[10.73,60.123],[10.732,60.124],[10.732,60.125],[10.733,60.125],[10.734,60.126],[10.737,60.126],[10.739,60.126],[10.74,60.125],[10.743,60.124],[10.744,60.123],[10.745,60.123],[10.746,60.123],[10.747,60.123],[10.748,60.123],[10.747,60.122],[10.748,60.122],[10.749,60.122],[10.751,60.121],[10.752,60.118],[10.758,60.116],[10.768,60.113],[10.768,60.112],[10.767,60.112],[10.766,60.112],[10.766,60.111],[10.765,60.111],[10.764,60.11],[10.761,60.108],[10.757,60.106],[10.756,60.105],[10.755,60.104],[10.755,60.101],[10.755,60.1],[10.757,60.099],[10.758,60.099],[10.759,60.099],[10.76,60.098],[10.762,60.098],[10.763,60.097],[10.763,60.096],[10.764,60.097],[10.765,60.096],[10.765,60.095],[10.767,60.093],[10.768,60.091],[10.77,60.088],[10.77,60.087],[10.771,60.087],[10.772,60.087],[10.774,60.085],[10.775,60.084],[10.776,60.083],[10.776,60.082],[10.777,60.081],[10.777,60.08],[10.777,60.079],[10.778,60.079],[10.779,60.078],[10.779,60.077],[10.78,60.076],[10.782,60.075],[10.783,60.074],[10.784,60.073],[10.784,60.072],[10.784,60.071],[10.785,60.07],[10.786,60.069],[10.787,60.069],[10.787,60.068],[10.788,60.068],[10.79,60.067],[10.792,60.067],[10.794,60.067],[10.796,60.066],[10.798,60.066],[10.799,60.066],[10.801,60.066],[10.802,60.066],[10.802,60.065],[10.803,60.066],[10.805,60.065],[10.808,60.064],[10.809,60.064],[10.81,60.065],[10.811,60.064],[10.812,60.064],[10.813,60.065],[10.816,60.065],[10.818,60.065],[10.82,60.065],[10.82,60.064],[10.819,60.063],[10.819,60.061],[10.817,60.057],[10.816,60.054],[10.817,60.053],[10.817,60.051],[10.817,60.049],[10.817,60.048],[10.817,60.047],[10.817,60.046],[10.818,60.044],[10.818,60.043],[10.817,60.041],[10.817,60.04],[10.817,60.039],[10.818,60.039],[10.818,60.038],[10.816,60.038],[10.815,60.037],[10.813,60.036],[10.812,60.034],[10.813,60.032],[10.813,60.031],[10.813,60.03],[10.812,60.03],[10.814,60.029],[10.813,60.028],[10.812,60.027],[10.812,60.026],[10.812,60.025],[10.813,60.024],[10.815,60.022],[10.815,60.021],[10.816,60.021],[10.818,60.019],[10.819,60.018],[10.82,60.018],[10.821,60.017],[10.822,60.017],[10.822,60.018],[10.822,60.019],[10.822,60.02],[10.823,60.022],[10.824,60.023],[10.825,60.023],[10.826,60.023],[10.827,60.023],[10.828,60.023],[10.829,60.022],[10.829,60.02],[10.83,60.019],[10.831,60.019],[10.832,60.018],[10.832,60.016],[10.832,60.015],[10.833,60.013],[10.833,60.012],[10.834,60.011],[10.833,60.011],[10.833,60.01],[10.836,60.008],[10.837,60.007],[10.837,60.006],[10.838,60.005],[10.838,60.004],[10.838,60.003],[10.839,60.001],[10.838,60],[10.838,59.999],[10.838,59.998],[10.839,59.998],[10.84,59.998],[10.841,59.998],[10.843,59.997],[10.843,59.999],[10.848,60.001],[10.849,60.002],[10.851,60.001],[10.852,60],[10.856,59.998],[10.858,59.996],[10.861,59.996],[10.863,59.995],[10.864,59.996],[10.866,59.995],[10.866,59.994],[10.867,59.993],[10.868,59.991],[10.87,59.99],[10.872,59.99],[10.873,59.989],[10.874,59.988],[10.875,59.988],[10.875,59.987],[10.875,59.986],[10.876,59.985],[10.878,59.985],[10.88,59.985],[10.883,59.985],[10.885,59.983],[10.887,59.983],[10.89,59.982],[10.892,59.981],[10.893,59.981],[10.899,59.98],[10.901,59.98],[10.904,59.98],[10.906,59.981],[10.907,59.98],[10.909,59.98],[10.91,59.98],[10.913,59.981],[10.916,59.984],[10.918,59.985],[10.923,59.984],[10.926,59.984],[10.926,59.983],[10.927,59.981],[10.928,59.98],[10.929,59.98],[10.929,59.979],[10.93,59.977],[10.931,59.977],[10.931,59.976],[10.932,59.976],[10.933,59.975],[10.934,59.974],[10.935,59.973],[10.936,59.972],[10.937,59.97],[10.938,59.968],[10.938,59.966],[10.938,59.964],[10.937,59.964],[10.937,59.963],[10.938,59.961],[10.937,59.961],[10.939,59.96],[10.939,59.959],[10.94,59.958],[10.941,59.957],[10.941,59.956],[10.941,59.955],[10.942,59.954],[10.943,59.953],[10.944,59.953],[10.946,59.953],[10.951,59.949],[10.949,59.948],[10.948,59.948],[10.947,59.947],[10.946,59.947],[10.945,59.947],[10.945,59.948],[10.943,59.947],[10.942,59.947],[10.943,59.946],[10.942,59.946],[10.942,59.945],[10.943,59.945],[10.945,59.944],[10.946,59.943],[10.945,59.943],[10.944,59.943],[10.944,59.942],[10.943,59.942],[10.943,59.941],[10.941,59.941],[10.939,59.94],[10.937,59.94],[10.935,59.938],[10.934,59.938],[10.929,59.935],[10.927,59.932],[10.925,59.93],[10.924,59.929],[10.921,59.926],[10.921,59.925],[10.92,59.924],[10.92,59.923],[10.92,59.922],[10.919,59.922],[10.92,59.921],[10.919,59.92],[10.918,59.92],[10.918,59.919],[10.917,59.918],[10.917,59.917],[10.917,59.916],[10.916,59.914],[10.916,59.913],[10.916,59.912],[10.915,59.912],[10.915,59.911],[10.915,59.91],[10.914,59.91],[10.914,59.908],[10.914,59.907],[10.914,59.906],[10.913,59.905],[10.912,59.9],[10.911,59.897],[10.909,59.888],[10.908,59.885],[10.91,59.875],[10.907,59.87],[10.909,59.865],[10.912,59.86],[10.92,59.854],[10.922,59.852],[10.926,59.846],[10.926,59.845],[10.926,59.844],[10.926,59.843],[10.927,59.843],[10.929,59.841],[10.929,59.84],[10.929,59.839],[10.93,59.839],[10.93,59.838],[10.931,59.837],[10.933,59.837],[10.934,59.836],[10.935,59.835],[10.937,59.832],[10.935,59.832],[10.934,59.832],[10.933,59.831],[10.931,59.83],[10.93,59.829],[10.929,59.829],[10.929,59.828],[10.927,59.827],[10.926,59.827],[10.925,59.828],[10.923,59.828],[10.922,59.828],[10.921,59.828],[10.92,59.828],[10.918,59.828],[10.917,59.828],[10.915,59.827],[10.914,59.827],[10.913,59.827],[10.912,59.827],[10.911,59.826],[10.91,59.826],[10.908,59.826],[10.907,59.826],[10.905,59.826],[10.904,59.826],[10.903,59.826],[10.901,59.825],[10.898,59.824],[10.897,59.824],[10.896,59.824],[10.897,59.822],[10.896,59.822],[10.894,59.822],[10.893,59.821],[10.892,59.821],[10.892,59.819],[10.892,59.818],[10.89,59.818],[10.888,59.816],[10.887,59.816],[10.886,59.815],[10.885,59.815],[10.883,59.815],[10.882,59.814],[10.882,59.813],[10.881,59.812],[10.88,59.811],[10.879,59.812],[10.877,59.812],[10.876,59.812],[10.876,59.813],[10.874,59.813],[10.87,59.813],[10.867,59.813],[10.865,59.813],[10.863,59.812],[10.862,59.812],[10.86,59.811],[10.859,59.811],[10.857,59.81],[10.857,59.809],[10.856,59.809],[10.853,59.81],[10.851,59.811],[10.848,59.812],[10.847,59.813],[10.846,59.815],[10.846,59.816],[10.846,59.817],[10.84,59.816],[10.839,59.816],[10.838,59.816],[10.837,59.816],[10.836,59.817],[10.834,59.817],[10.831,59.817],[10.817,59.818],[10.815,59.821],[10.815,59.822],[10.815,59.823],[10.814,59.824],[10.812,59.825],[10.807,59.825],[10.805,59.825],[10.803,59.824],[10.8,59.823],[10.799,59.823],[10.796,59.823],[10.794,59.823],[10.792,59.823],[10.79,59.823],[10.789,59.823],[10.787,59.824],[10.785,59.824],[10.784,59.825],[10.783,59.825],[10.781,59.826],[10.779,59.826],[10.778,59.826],[10.777,59.826],[10.775,59.825],[10.774,59.824],[10.773,59.824],[10.772,59.824],[10.771,59.825],[10.77,59.826],[10.769,59.826],[10.768,59.827],[10.766,59.828],[10.766,59.829],[10.765,59.83],[10.762,59.831],[10.744,59.839],[10.739,59.854],[10.731,59.877],[10.689,59.876],[10.658,59.884],[10.648,59.909],[10.643,59.911],[10.64,59.914],[10.638,59.914],[10.636,59.915],[10.635,59.914],[10.633,59.914],[10.633,59.915],[10.633,59.916],[10.634,59.917],[10.633,59.918],[10.631,59.918],[10.63,59.918],[10.63,59.919],[10.63,59.92],[10.63,59.921],[10.63,59.922],[10.629,59.922],[10.626,59.922],[10.625,59.923],[10.626,59.924],[10.627,59.925],[10.627,59.926],[10.626,59.927],[10.625,59.927],[10.627,59.928],[10.626,59.929],[10.627,59.93],[10.629,59.93],[10.631,59.931],[10.632,59.932],[10.633,59.933],[10.634,59.934],[10.634,59.935],[10.635,59.936],[10.635,59.937],[10.634,59.937],[10.633,59.938],[10.632,59.938],[10.632,59.939],[10.632,59.94],[10.633,59.941],[10.633,59.942],[10.633,59.943],[10.634,59.944],[10.635,59.944],[10.635,59.945],[10.636,59.945],[10.636,59.946],[10.636,59.948],[10.635,59.948],[10.635,59.949],[10.635,59.95],[10.634,59.95],[10.634,59.952],[10.633,59.952],[10.634,59.953],[10.632,59.954],[10.631,59.955],[10.631,59.956],[10.632,59.957],[10.631,59.958],[10.63,59.959],[10.629,59.96],[10.628,59.96],[10.628,59.961],[10.627,59.962],[10.626,59.962],[10.624,59.963],[10.623,59.963],[10.624,59.964],[10.624,59.965],[10.622,59.966],[10.621,59.966],[10.618,59.971],[10.614,59.974],[10.61,59.977],[10.604,59.977],[10.603,59.977],[10.602,59.977],[10.6,59.977],[10.597,59.978],[10.595,59.977],[10.594,59.977],[10.592,59.977],[10.591,59.977],[10.59,59.978],[10.59,59.979],[10.589,59.98],[10.587,59.98],[10.587,59.981],[10.586,59.981],[10.585,59.982],[10.584,59.983],[10.581,59.984],[10.579,59.985],[10.577,59.986],[10.573,59.988],[10.572,59.988],[10.571,59.989],[10.57,59.99],[10.569,59.991],[10.568,59.991],[10.566,59.992],[10.56,59.994],[10.558,59.995],[10.557,59.996],[10.556,59.997],[10.553,59.995],[10.552,59.995],[10.549,59.994],[10.546,59.995],[10.545,59.995],[10.544,59.998],[10.538,60],[10.536,60],[10.535,60.001],[10.534,60.001],[10.531,60],[10.53,60],[10.529,59.999],[10.528,60],[10.527,60],[10.526,60],[10.524,60],[10.518,59.999],[10.516,60.001],[10.515,60.001],[10.512,60.003],[10.511,60.004],[10.51,60.004],[10.509,60.005],[10.505,60.008],[10.504,60.008],[10.502,60.009],[10.498,60.011],[10.495,60.013],[10.494,60.014],[10.49,60.016],[10.49,60.017],[10.489,60.017],[10.487,60.02],[10.48,60.029],[10.478,60.032],[10.469,60.029],[10.455,60.032],[10.445,60.03],[10.436,60.03],[10.435,60.03],[10.434,60.026],[10.434,60.025],[10.434,60.023],[10.436,60.019],[10.434,60.018],[10.434,60.017],[10.435,60.016],[10.434,60.014],[10.435,60.013],[10.427,60.011],[10.417,60.008],[10.412,60.003],[10.413,60.003],[10.415,60.002],[10.416,60.001],[10.417,60.001],[10.417,60],[10.417,59.998],[10.418,59.997],[10.419,59.996],[10.42,59.995],[10.421,59.994],[10.422,59.993],[10.42,59.993],[10.422,59.988],[10.421,59.987],[10.421,59.986],[10.419,59.985],[10.417,59.984],[10.414,59.983],[10.411,59.982],[10.408,59.981],[10.403,59.979],[10.398,59.98],[10.397,59.98],[10.392,59.979],[10.392,59.98],[10.39,59.981],[10.39,59.982],[10.389,59.982],[10.388,59.982],[10.386,59.981],[10.385,59.982],[10.385,59.981],[10.386,59.98],[10.385,59.98],[10.384,59.98],[10.382,59.98],[10.381,59.979],[10.382,59.979],[10.381,59.978],[10.381,59.977],[10.381,59.976],[10.379,59.975],[10.375,59.974],[10.372,59.973],[10.372,59.972],[10.371,59.971],[10.37,59.971],[10.368,59.971],[10.367,59.97],[10.362,59.969],[10.36,59.968],[10.358,59.968],[10.357,59.965],[10.353,59.964],[10.352,59.963],[10.353,59.963],[10.351,59.962],[10.351,59.961],[10.35,59.961],[10.35,59.96],[10.35,59.958],[10.35,59.957],[10.349,59.957],[10.35,59.955],[10.351,59.954],[10.351,59.953],[10.354,59.952],[10.351,59.951],[10.348,59.951],[10.35,59.948],[10.351,59.946],[10.353,59.944],[10.354,59.943],[10.355,59.942],[10.359,59.939],[10.361,59.938],[10.363,59.937],[10.365,59.936],[10.369,59.932],[10.37,59.931],[10.372,59.93],[10.373,59.929],[10.374,59.927],[10.374,59.926],[10.374,59.925],[10.376,59.923],[10.376,59.922],[10.376,59.919],[10.376,59.918],[10.376,59.917],[10.376,59.916],[10.377,59.914],[10.377,59.912],[10.377,59.911],[10.375,59.91],[10.373,59.91],[10.372,59.91],[10.371,59.909],[10.37,59.908],[10.368,59.908],[10.367,59.908],[10.366,59.907],[10.365,59.907],[10.363,59.906],[10.362,59.905],[10.363,59.904],[10.363,59.903],[10.362,59.902],[10.363,59.902],[10.363,59.901],[10.363,59.899],[10.363,59.898],[10.363,59.897],[10.362,59.896],[10.362,59.895],[10.363,59.894],[10.362,59.893],[10.361,59.893],[10.36,59.892],[10.36,59.891],[10.359,59.89],[10.359,59.889],[10.358,59.889],[10.357,59.889],[10.356,59.888],[10.355,59.887],[10.354,59.886],[10.353,59.887],[10.352,59.886],[10.353,59.886],[10.352,59.885],[10.353,59.884],[10.353,59.883],[10.353,59.882],[10.354,59.881],[10.353,59.88],[10.352,59.879],[10.352,59.878],[10.351,59.877],[10.35,59.877],[10.348,59.876],[10.345,59.877],[10.345,59.876],[10.343,59.876],[10.342,59.876],[10.341,59.876],[10.34,59.875],[10.338,59.875],[10.337,59.876],[10.337,59.875],[10.336,59.875],[10.333,59.875],[10.332,59.875],[10.331,59.876],[10.331,59.875],[10.33,59.875],[10.329,59.875],[10.328,59.874],[10.329,59.873],[10.329,59.872],[10.329,59.871],[10.33,59.871],[10.33,59.87],[10.331,59.869],[10.331,59.868],[10.332,59.867],[10.332,59.865],[10.332,59.864],[10.333,59.861],[10.332,59.86],[10.332,59.859],[10.332,59.858],[10.333,59.858],[10.332,59.857],[10.332,59.856],[10.331,59.855],[10.332,59.854],[10.332,59.853],[10.333,59.852],[10.333,59.851],[10.333,59.849],[10.334,59.849],[10.335,59.848],[10.335,59.849],[10.336,59.849],[10.337,59.847],[10.339,59.846],[10.34,59.846],[10.34,59.845],[10.341,59.845],[10.342,59.844],[10.342,59.843],[10.343,59.843],[10.344,59.843],[10.344,59.842],[10.345,59.841],[10.344,59.841],[10.345,59.84],[10.347,59.84],[10.349,59.84],[10.35,59.84],[10.35,59.839],[10.35,59.838],[10.35,59.837],[10.35,59.836],[10.351,59.835],[10.351,59.834],[10.351,59.833],[10.351,59.832],[10.351,59.831],[10.352,59.829],[10.352,59.828],[10.352,59.827],[10.353,59.826],[10.353,59.825],[10.352,59.824],[10.351,59.823],[10.351,59.822],[10.352,59.822],[10.353,59.822],[10.353,59.821],[10.352,59.821],[10.351,59.82],[10.351,59.819],[10.352,59.818],[10.352,59.817],[10.352,59.816],[10.354,59.812],[10.355,59.811],[10.353,59.809],[10.354,59.808],[10.355,59.807],[10.356,59.806],[10.356,59.805],[10.356,59.804],[10.356,59.803],[10.355,59.803],[10.354,59.803],[10.352,59.802],[10.352,59.801],[10.35,59.8],[10.349,59.8],[10.349,59.799],[10.347,59.799],[10.344,59.797],[10.344,59.796],[10.343,59.794],[10.342,59.794],[10.34,59.795],[10.338,59.795],[10.331,59.797],[10.328,59.796],[10.327,59.795],[10.323,59.794],[10.324,59.792],[10.325,59.791],[10.326,59.79],[10.326,59.789],[10.327,59.789],[10.327,59.788],[10.329,59.787],[10.329,59.786],[10.33,59.786],[10.33,59.785],[10.331,59.785],[10.331,59.784],[10.331,59.783],[10.332,59.783],[10.331,59.782],[10.33,59.781],[10.329,59.781],[10.328,59.78],[10.328,59.779],[10.327,59.778],[10.325,59.776],[10.323,59.776],[10.321,59.774],[10.32,59.773],[10.317,59.772],[10.317,59.771],[10.316,59.771],[10.315,59.77],[10.311,59.769],[10.312,59.767],[10.31,59.764],[10.312,59.764],[10.314,59.764],[10.315,59.764],[10.318,59.764],[10.317,59.763],[10.318,59.762],[10.318,59.761],[10.317,59.759],[10.317,59.757],[10.317,59.756],[10.316,59.755],[10.317,59.754],[10.318,59.754],[10.319,59.752],[10.32,59.752],[10.321,59.751],[10.321,59.749],[10.32,59.747],[10.32,59.746],[10.32,59.744],[10.319,59.743],[10.32,59.743],[10.32,59.742],[10.321,59.741],[10.321,59.739],[10.32,59.739],[10.32,59.738],[10.321,59.737],[10.321,59.735],[10.32,59.735],[10.32,59.734],[10.32,59.732],[10.319,59.731],[10.319,59.73],[10.319,59.729],[10.319,59.727],[10.32,59.726],[10.319,59.726],[10.318,59.725],[10.317,59.725],[10.316,59.724],[10.315,59.724],[10.315,59.723],[10.313,59.723],[10.313,59.722],[10.29,59.716],[10.293,59.713],[10.294,59.712],[10.301,59.708],[10.309,59.706],[10.314,59.704],[10.32,59.702],[10.323,59.702],[10.363,59.698],[10.392,59.679],[10.403,59.672],[10.41,59.667],[10.41,59.646],[10.424,59.625],[10.412,59.618],[10.411,59.609],[10.423,59.6],[10.423,59.598],[10.412,59.585],[10.418,59.567],[10.413,59.559],[10.398,59.53],[10.394,59.515],[10.456,59.48],[10.543,59.457],[10.559,59.474],[10.585,59.501],[10.602,59.519],[10.616,59.535],[10.638,59.528],[10.659,59.517],[10.667,59.502],[10.68,59.488],[10.682,59.489],[10.685,59.489],[10.688,59.49],[10.691,59.49],[10.693,59.49],[10.694,59.491],[10.695,59.492],[10.696,59.493],[10.698,59.493],[10.701,59.492],[10.706,59.491],[10.708,59.49],[10.71,59.49],[10.71,59.489],[10.711,59.486],[10.711,59.485],[10.712,59.482],[10.712,59.481],[10.713,59.481],[10.713,59.48],[10.714,59.478],[10.715,59.477],[10.717,59.477],[10.719,59.476],[10.718,59.475],[10.719,59.474],[10.72,59.474],[10.722,59.474],[10.723,59.473],[10.724,59.473],[10.726,59.472],[10.729,59.472],[10.731,59.474],[10.732,59.474],[10.733,59.474],[10.734,59.475],[10.735,59.476],[10.736,59.476],[10.737,59.477],[10.739,59.478],[10.741,59.479],[10.742,59.479],[10.742,59.48],[10.742,59.481],[10.743,59.481],[10.744,59.482],[10.746,59.482],[10.747,59.483],[10.749,59.483],[10.751,59.484],[10.753,59.483],[10.753,59.485],[10.751,59.486],[10.75,59.487],[10.749,59.487],[10.748,59.488],[10.748,59.489],[10.747,59.491],[10.747,59.492],[10.749,59.493],[10.752,59.493],[10.754,59.493],[10.757,59.493],[10.758,59.494],[10.759,59.495],[10.76,59.495],[10.761,59.495],[10.762,59.494],[10.763,59.494],[10.764,59.494],[10.768,59.495],[10.77,59.495],[10.774,59.495],[10.777,59.495],[10.778,59.495],[10.779,59.495],[10.779,59.496],[10.779,59.497],[10.777,59.499],[10.776,59.5],[10.774,59.502],[10.773,59.507],[10.772,59.508],[10.772,59.509],[10.772,59.51],[10.773,59.511],[10.774,59.512],[10.775,59.513],[10.775,59.514],[10.778,59.517],[10.778,59.518],[10.778,59.52],[10.779,59.521],[10.779,59.522],[10.781,59.523],[10.781,59.524],[10.781,59.525],[10.782,59.526],[10.781,59.526],[10.78,59.527],[10.781,59.528],[10.783,59.529],[10.783,59.53],[10.783,59.531],[10.784,59.532],[10.785,59.533],[10.786,59.534],[10.787,59.534],[10.787,59.535],[10.786,59.536],[10.785,59.537],[10.784,59.538],[10.784,59.54],[10.784,59.541],[10.783,59.541],[10.783,59.542],[10.782,59.543],[10.783,59.544],[10.78,59.544],[10.782,59.545],[10.783,59.546],[10.785,59.547],[10.782,59.548],[10.778,59.549],[10.777,59.548],[10.776,59.549],[10.773,59.549],[10.773,59.55],[10.773,59.551],[10.772,59.551],[10.771,59.552],[10.773,59.552],[10.774,59.553],[10.775,59.553],[10.776,59.553],[10.776,59.554],[10.777,59.554],[10.778,59.554],[10.78,59.555],[10.782,59.556],[10.785,59.557],[10.787,59.557],[10.787,59.558],[10.788,59.558],[10.79,59.558],[10.789,59.559],[10.791,59.559],[10.792,59.559],[10.793,59.56],[10.794,59.56],[10.795,59.56],[10.796,59.56],[10.797,59.56],[10.798,59.561],[10.798,59.562],[10.8,59.562],[10.802,59.563],[10.802,59.564],[10.805,59.564],[10.808,59.564],[10.809,59.564],[10.809,59.563],[10.81,59.563],[10.811,59.563],[10.812,59.562],[10.813,59.562],[10.814,59.563],[10.814,59.562],[10.815,59.562],[10.816,59.562],[10.817,59.562],[10.817,59.563],[10.818,59.563],[10.819,59.563],[10.819,59.562],[10.82,59.563],[10.822,59.563],[10.822,59.564],[10.823,59.564],[10.824,59.564],[10.823,59.565],[10.824,59.565],[10.825,59.565],[10.827,59.565],[10.829,59.565],[10.831,59.565],[10.831,59.566],[10.833,59.566],[10.834,59.566],[10.836,59.566],[10.841,59.568],[10.843,59.569],[10.844,59.569],[10.847,59.57],[10.846,59.57],[10.846,59.571],[10.845,59.572],[10.846,59.573],[10.845,59.574],[10.845,59.575],[10.846,59.576],[10.847,59.576],[10.849,59.576],[10.85,59.577],[10.852,59.577],[10.853,59.578],[10.852,59.578],[10.849,59.578],[10.847,59.578],[10.844,59.579],[10.847,59.581],[10.847,59.582],[10.848,59.583],[10.847,59.584],[10.844,59.586],[10.845,59.587],[10.846,59.587],[10.847,59.586],[10.849,59.586],[10.85,59.586],[10.852,59.586],[10.854,59.586],[10.855,59.586],[10.856,59.587],[10.857,59.587],[10.857,59.588],[10.858,59.589],[10.859,59.59],[10.86,59.59],[10.86,59.591],[10.859,59.592],[10.859,59.593],[10.86,59.593],[10.861,59.593],[10.863,59.593],[10.864,59.593],[10.866,59.594],[10.867,59.594],[10.868,59.594],[10.869,59.595],[10.87,59.595],[10.871,59.596],[10.87,59.597],[10.87,59.598],[10.869,59.598],[10.868,59.599],[10.869,59.601],[10.867,59.602],[10.868,59.603],[10.866,59.603],[10.866,59.604],[10.865,59.605],[10.866,59.606],[10.868,59.606],[10.868,59.607],[10.869,59.607],[10.87,59.607],[10.873,59.606],[10.874,59.605],[10.877,59.605],[10.878,59.605],[10.881,59.605],[10.884,59.604],[10.884,59.605],[10.885,59.605],[10.887,59.606],[10.887,59.607],[10.89,59.607],[10.892,59.608],[10.891,59.609],[10.89,59.609],[10.889,59.61],[10.889,59.612],[10.888,59.612],[10.887,59.611],[10.887,59.612],[10.886,59.612],[10.885,59.613],[10.885,59.614],[10.883,59.614],[10.882,59.614],[10.882,59.615],[10.881,59.615],[10.88,59.616],[10.879,59.616],[10.879,59.617],[10.879,59.618],[10.88,59.618],[10.88,59.619],[10.883,59.619],[10.886,59.619],[10.887,59.62],[10.888,59.621],[10.89,59.623],[10.892,59.622],[10.893,59.622],[10.896,59.622],[10.897,59.621],[10.899,59.621],[10.9,59.621],[10.901,59.621],[10.903,59.621],[10.907,59.62],[10.907,59.621],[10.907,59.622],[10.908,59.622],[10.909,59.623],[10.91,59.623],[10.911,59.624],[10.911,59.626],[10.911,59.628],[10.911,59.629],[10.912,59.63],[10.913,59.631],[10.914,59.632],[10.916,59.632],[10.917,59.63],[10.917,59.629],[10.918,59.628],[10.919,59.628],[10.92,59.628],[10.921,59.627],[10.922,59.628],[10.924,59.628],[10.925,59.629],[10.928,59.629],[10.931,59.63],[10.932,59.63],[10.933,59.63],[10.935,59.632],[10.936,59.632],[10.936,59.633],[10.935,59.633],[10.935,59.634],[10.934,59.635],[10.934,59.636],[10.933,59.636],[10.933,59.637],[10.933,59.638],[10.932,59.639],[10.936,59.639],[10.937,59.639],[10.937,59.64],[10.938,59.642],[10.937,59.643],[10.938,59.644],[10.937,59.645],[10.938,59.647],[10.939,59.647],[10.94,59.647],[10.942,59.647],[10.941,59.645],[10.941,59.644],[10.943,59.644],[10.946,59.645],[10.949,59.645],[10.95,59.644],[10.95,59.641],[10.951,59.641],[10.953,59.64],[10.954,59.64],[10.955,59.641],[10.956,59.642],[10.957,59.641],[10.956,59.64],[10.957,59.639],[10.957,59.638],[10.957,59.637],[10.958,59.637],[10.958,59.636],[10.96,59.636],[10.961,59.636],[10.961,59.637],[10.961,59.638],[10.961,59.639],[10.962,59.639],[10.963,59.64],[10.963,59.641],[10.963,59.642],[10.962,59.643],[10.963,59.643],[10.963,59.645],[10.964,59.645],[10.965,59.644],[10.966,59.644],[10.969,59.642],[10.969,59.643],[10.97,59.644],[10.971,59.645],[10.97,59.646],[10.967,59.646],[10.969,59.648],[10.97,59.648],[10.972,59.649],[10.973,59.65],[10.974,59.651],[10.977,59.651],[10.979,59.653],[10.979,59.654],[10.98,59.654],[10.98,59.655],[10.981,59.655],[10.982,59.656],[10.981,59.656],[10.983,59.657],[10.984,59.658],[10.984,59.659],[10.985,59.661],[10.983,59.661],[10.983,59.66],[10.982,59.66],[10.981,59.66],[10.98,59.66],[10.979,59.661],[10.978,59.661],[10.976,59.661],[10.975,59.661],[10.973,59.662],[10.971,59.661],[10.971,59.663],[10.971,59.664],[10.972,59.666],[10.971,59.667],[10.972,59.668],[10.97,59.668],[10.967,59.669],[10.964,59.67],[10.962,59.671],[10.961,59.672],[10.96,59.672],[10.958,59.672],[10.957,59.672],[10.956,59.673],[10.953,59.673],[10.953,59.674],[10.953,59.675],[10.954,59.676],[10.953,59.678],[10.954,59.678],[10.954,59.679],[10.954,59.681],[10.955,59.682],[10.956,59.682],[10.956,59.683],[10.956,59.684],[10.957,59.686],[10.958,59.688],[10.959,59.688],[10.959,59.689],[10.96,59.69],[10.961,59.691],[10.962,59.691],[10.963,59.692],[10.964,59.693],[10.965,59.693],[10.965,59.694],[10.967,59.695],[10.968,59.696],[10.968,59.697],[10.969,59.701],[10.97,59.701],[10.97,59.703],[10.97,59.705],[10.974,59.705],[10.975,59.706],[10.977,59.706],[10.979,59.705],[10.98,59.705],[10.981,59.705],[10.984,59.705],[10.985,59.705],[10.986,59.705],[10.99,59.705],[10.993,59.704],[10.993,59.703],[10.994,59.703],[10.996,59.703],[10.998,59.703],[10.999,59.703],[11.003,59.702],[11.005,59.701],[11.006,59.701],[11.01,59.7],[11.011,59.7],[11.013,59.699],[11.015,59.699],[11.016,59.698],[11.017,59.698],[11.018,59.697],[11.019,59.696],[11.021,59.696],[11.022,59.696],[11.023,59.695],[11.028,59.694],[11.031,59.693],[11.032,59.692],[11.033,59.692],[11.035,59.692],[11.038,59.691],[11.043,59.692],[11.049,59.694],[11.052,59.699],[11.057,59.699],[11.059,59.698],[11.062,59.699],[11.064,59.698],[11.065,59.698],[11.066,59.699],[11.072,59.7],[11.073,59.7],[11.077,59.7],[11.079,59.7],[11.082,59.7],[11.085,59.7],[11.089,59.7],[11.091,59.7],[11.092,59.701],[11.097,59.702],[11.099,59.702],[11.099,59.703],[11.101,59.703],[11.102,59.703],[11.103,59.703],[11.105,59.703],[11.104,59.7],[11.1,59.695],[11.1,59.694],[11.101,59.693],[11.102,59.692],[11.103,59.692],[11.104,59.692],[11.105,59.691],[11.107,59.692],[11.109,59.693],[11.112,59.695],[11.116,59.697],[11.118,59.698],[11.12,59.698],[11.122,59.699],[11.124,59.7],[11.13,59.702],[11.131,59.702],[11.133,59.702],[11.135,59.702],[11.137,59.701],[11.138,59.7],[11.141,59.695],[11.142,59.693],[11.144,59.692],[11.146,59.69],[11.147,59.689],[11.148,59.689],[11.149,59.688],[11.15,59.687],[11.15,59.686],[11.151,59.686],[11.153,59.685],[11.153,59.684],[11.158,59.684],[11.165,59.683],[11.166,59.683],[11.168,59.683],[11.169,59.683],[11.171,59.683],[11.173,59.682],[11.175,59.683],[11.176,59.683],[11.182,59.684],[11.186,59.685],[11.189,59.685],[11.191,59.685],[11.192,59.685],[11.195,59.684],[11.197,59.683],[11.198,59.682],[11.199,59.682],[11.2,59.682],[11.202,59.683],[11.203,59.683],[11.204,59.683],[11.205,59.683],[11.206,59.683],[11.208,59.683],[11.21,59.683],[11.211,59.683],[11.212,59.683],[11.214,59.683],[11.215,59.683],[11.216,59.683],[11.218,59.683],[11.225,59.683],[11.23,59.683],[11.23,59.685],[11.229,59.691],[11.228,59.693],[11.228,59.695],[11.229,59.699],[11.229,59.702],[11.229,59.706],[11.229,59.708],[11.23,59.71],[11.23,59.712],[11.231,59.714],[11.231,59.717],[11.232,59.718],[11.232,59.721],[11.233,59.724],[11.234,59.727],[11.235,59.728],[11.236,59.73],[11.237,59.733],[11.239,59.735],[11.24,59.736],[11.242,59.738],[11.243,59.741],[11.244,59.743],[11.244,59.745],[11.244,59.746],[11.242,59.749],[11.241,59.75],[11.24,59.753],[11.238,59.756],[11.237,59.757],[11.246,59.761],[11.248,59.762],[11.25,59.764],[11.251,59.766],[11.252,59.767],[11.253,59.769],[11.253,59.77],[11.254,59.77],[11.255,59.77],[11.256,59.77],[11.257,59.77],[11.258,59.77],[11.26,59.769],[11.26,59.768],[11.262,59.767],[11.263,59.767],[11.264,59.766],[11.265,59.765],[11.266,59.765],[11.267,59.765],[11.268,59.764],[11.269,59.765],[11.27,59.764],[11.271,59.764],[11.272,59.764],[11.273,59.764],[11.275,59.763],[11.276,59.763],[11.277,59.763],[11.278,59.762],[11.279,59.762],[11.28,59.761],[11.282,59.762],[11.283,59.761],[11.283,59.762],[11.284,59.761],[11.287,59.761],[11.289,59.761],[11.29,59.761],[11.291,59.761],[11.292,59.76],[11.293,59.761],[11.293,59.76],[11.294,59.76],[11.295,59.759],[11.297,59.759],[11.299,59.759],[11.3,59.759],[11.301,59.759],[11.302,59.758],[11.304,59.759],[11.308,59.758],[11.31,59.758],[11.311,59.759],[11.313,59.759],[11.314,59.759],[11.315,59.759],[11.316,59.759],[11.317,59.759],[11.319,59.758],[11.321,59.758],[11.324,59.758],[11.326,59.757],[11.327,59.757],[11.328,59.757],[11.329,59.756],[11.33,59.755],[11.331,59.755],[11.332,59.754],[11.335,59.755],[11.336,59.754],[11.339,59.754],[11.342,59.754],[11.344,59.755],[11.343,59.754],[11.343,59.753],[11.344,59.752],[11.343,59.75],[11.344,59.749],[11.347,59.747],[11.349,59.747],[11.349,59.746],[11.35,59.745],[11.351,59.744],[11.352,59.744],[11.354,59.744],[11.357,59.743],[11.36,59.742],[11.36,59.74],[11.361,59.739],[11.362,59.738],[11.362,59.737],[11.363,59.736],[11.364,59.735],[11.364,59.734],[11.364,59.733],[11.366,59.732],[11.367,59.732],[11.368,59.73],[11.369,59.729],[11.37,59.729],[11.371,59.728],[11.372,59.728],[11.373,59.728],[11.373,59.727],[11.372,59.724],[11.372,59.723],[11.372,59.722],[11.371,59.722],[11.37,59.721],[11.37,59.72],[11.368,59.718],[11.368,59.717],[11.367,59.716],[11.367,59.714],[11.366,59.713],[11.365,59.713],[11.366,59.712],[11.367,59.712],[11.368,59.71],[11.368,59.709],[11.367,59.707],[11.366,59.706],[11.366,59.705],[11.367,59.703],[11.367,59.702],[11.368,59.7],[11.368,59.699],[11.37,59.697],[11.372,59.697],[11.374,59.697],[11.375,59.695],[11.376,59.694],[11.379,59.693],[11.381,59.692],[11.382,59.691],[11.385,59.69],[11.387,59.689],[11.391,59.687],[11.394,59.687],[11.396,59.687],[11.398,59.687],[11.398,59.686],[11.402,59.683],[11.405,59.682],[11.406,59.681],[11.408,59.68],[11.41,59.679],[11.412,59.678],[11.415,59.676],[11.419,59.675],[11.42,59.674],[11.423,59.674],[11.423,59.673],[11.426,59.673],[11.428,59.673],[11.433,59.673],[11.436,59.672],[11.437,59.672],[11.439,59.672],[11.448,59.672],[11.451,59.673],[11.454,59.673],[11.458,59.671],[11.461,59.669],[11.465,59.667],[11.467,59.666],[11.474,59.659],[11.476,59.658],[11.477,59.657],[11.478,59.654],[11.479,59.652],[11.48,59.651],[11.482,59.648],[11.483,59.647],[11.485,59.645],[11.486,59.645],[11.489,59.643],[11.49,59.643],[11.493,59.641],[11.496,59.64],[11.498,59.638],[11.502,59.635],[11.503,59.633],[11.503,59.632],[11.504,59.63],[11.504,59.629],[11.503,59.629],[11.501,59.628],[11.502,59.627],[11.503,59.627],[11.504,59.626],[11.504,59.625],[11.503,59.625],[11.501,59.624],[11.5,59.624],[11.499,59.624],[11.498,59.623],[11.495,59.623],[11.492,59.624],[11.492,59.623],[11.491,59.623],[11.489,59.623],[11.488,59.623],[11.482,59.624],[11.481,59.624],[11.48,59.624],[11.477,59.624],[11.477,59.622],[11.477,59.619],[11.477,59.618],[11.477,59.616],[11.478,59.615],[11.478,59.613],[11.477,59.61],[11.478,59.607],[11.478,59.605],[11.478,59.604],[11.477,59.602],[11.477,59.601],[11.479,59.599],[11.483,59.599],[11.486,59.597],[11.49,59.595],[11.491,59.594],[11.493,59.594],[11.495,59.594],[11.497,59.595],[11.498,59.596],[11.501,59.597],[11.503,59.598],[11.504,59.598],[11.505,59.599],[11.507,59.599],[11.509,59.599],[11.511,59.599],[11.512,59.6],[11.516,59.601],[11.519,59.601],[11.52,59.602],[11.519,59.603],[11.519,59.605],[11.52,59.606],[11.521,59.606],[11.521,59.607],[11.522,59.607],[11.523,59.608],[11.524,59.608],[11.526,59.609],[11.527,59.609],[11.529,59.61],[11.529,59.611],[11.528,59.612],[11.527,59.613],[11.527,59.614],[11.528,59.614],[11.529,59.614],[11.529,59.615],[11.529,59.616],[11.528,59.616],[11.528,59.617],[11.531,59.617],[11.532,59.617],[11.533,59.618],[11.535,59.618],[11.536,59.617],[11.537,59.617],[11.538,59.618],[11.54,59.618],[11.544,59.618],[11.545,59.618],[11.545,59.619],[11.545,59.621],[11.545,59.622],[11.544,59.623],[11.543,59.623],[11.544,59.624],[11.543,59.625],[11.543,59.626],[11.543,59.627],[11.542,59.627],[11.541,59.629],[11.54,59.632],[11.539,59.633],[11.538,59.634],[11.537,59.635],[11.534,59.637],[11.532,59.639],[11.535,59.64],[11.537,59.641],[11.538,59.642],[11.541,59.643],[11.543,59.643],[11.547,59.644],[11.549,59.644],[11.552,59.644],[11.553,59.644],[11.555,59.644],[11.557,59.644],[11.558,59.644],[11.559,59.645],[11.56,59.645],[11.561,59.645],[11.563,59.645],[11.564,59.644],[11.567,59.643],[11.57,59.643],[11.572,59.643],[11.575,59.644],[11.576,59.645],[11.577,59.645],[11.578,59.646],[11.579,59.646],[11.581,59.647],[11.585,59.648],[11.587,59.649],[11.59,59.65],[11.592,59.651],[11.594,59.652],[11.597,59.655],[11.599,59.656],[11.608,59.658],[11.611,59.66],[11.613,59.66],[11.615,59.661],[11.617,59.662],[11.619,59.663],[11.62,59.663],[11.623,59.664],[11.625,59.665],[11.626,59.666],[11.627,59.667],[11.628,59.668],[11.628,59.669],[11.627,59.671],[11.627,59.672],[11.626,59.673],[11.625,59.674],[11.625,59.675],[11.624,59.676],[11.624,59.677],[11.628,59.677],[11.63,59.677],[11.632,59.676],[11.635,59.675],[11.638,59.675],[11.644,59.676],[11.646,59.676],[11.647,59.675],[11.652,59.672],[11.654,59.672],[11.656,59.672],[11.661,59.672],[11.665,59.671],[11.669,59.671],[11.674,59.67],[11.678,59.67],[11.68,59.669],[11.685,59.669],[11.691,59.668],[11.695,59.667],[11.702,59.666],[11.705,59.666],[11.708,59.665],[11.71,59.664],[11.711,59.664],[11.714,59.663],[11.716,59.663],[11.717,59.662],[11.722,59.661],[11.723,59.661],[11.723,59.657],[11.721,59.656],[11.719,59.654],[11.719,59.648],[11.718,59.638],[11.718,59.635],[11.718,59.633],[11.718,59.631],[11.717,59.626],[11.717,59.624],[11.718,59.624],[11.721,59.625],[11.737,59.63],[11.761,59.637],[11.779,59.643],[11.79,59.644],[11.811,59.645],[11.856,59.648],[11.862,59.653],[11.87,59.663],[11.875,59.672],[11.878,59.683],[11.889,59.693],[11.94,59.695],[11.942,59.696],[11.942,59.697],[11.943,59.698],[11.945,59.698],[11.945,59.699],[11.946,59.7],[11.946,59.701],[11.944,59.7],[11.943,59.701],[11.942,59.7],[11.941,59.7],[11.939,59.7],[11.938,59.7],[11.937,59.7],[11.937,59.701],[11.938,59.702],[11.937,59.702],[11.937,59.703],[11.938,59.704],[11.938,59.705],[11.938,59.706],[11.937,59.707],[11.938,59.707],[11.938,59.708],[11.937,59.709],[11.936,59.709],[11.936,59.71],[11.934,59.71],[11.934,59.711],[11.934,59.712],[11.935,59.712],[11.936,59.713],[11.936,59.714],[11.936,59.715],[11.936,59.716],[11.937,59.717],[11.937,59.718],[11.937,59.719],[11.937,59.72],[11.937,59.721],[11.937,59.722],[11.936,59.723],[11.936,59.724],[11.937,59.725],[11.936,59.726],[11.936,59.727],[11.938,59.728],[11.937,59.729],[11.936,59.73],[11.935,59.73],[11.934,59.73],[11.933,59.73],[11.933,59.731],[11.934,59.731],[11.933,59.732],[11.933,59.733],[11.932,59.734],[11.933,59.734],[11.933,59.735],[11.934,59.735],[11.932,59.736],[11.933,59.737],[11.934,59.738],[11.934,59.739],[11.933,59.74],[11.932,59.74],[11.932,59.741],[11.929,59.742],[11.929,59.743],[11.928,59.744],[11.927,59.744],[11.926,59.745],[11.925,59.746],[11.925,59.747],[11.923,59.75],[11.923,59.751],[11.924,59.751],[11.924,59.752],[11.925,59.752],[11.925,59.753],[11.926,59.754],[11.927,59.754],[11.929,59.755],[11.931,59.756],[11.933,59.758],[11.934,59.76],[11.933,59.761],[11.931,59.761],[11.929,59.762],[11.929,59.763],[11.93,59.763],[11.932,59.763],[11.932,59.764],[11.932,59.765],[11.933,59.766],[11.932,59.766],[11.933,59.768],[11.932,59.768],[11.932,59.77],[11.931,59.77],[11.931,59.772],[11.931,59.773],[11.931,59.774],[11.931,59.775],[11.93,59.776],[11.93,59.777],[11.929,59.778],[11.929,59.779],[11.928,59.78],[11.928,59.781],[11.927,59.782],[11.927,59.783],[11.927,59.784],[11.926,59.785],[11.926,59.786],[11.926,59.787],[11.927,59.789],[11.927,59.791],[11.927,59.792],[11.926,59.794],[11.924,59.795],[11.921,59.796],[11.92,59.797],[11.919,59.797],[11.918,59.798],[11.916,59.798],[11.915,59.799],[11.913,59.801],[11.912,59.8],[11.91,59.802],[11.909,59.803],[11.909,59.804],[11.906,59.806],[11.906,59.807],[11.905,59.809],[11.906,59.809],[11.905,59.81],[11.905,59.811],[11.904,59.811],[11.904,59.812],[11.903,59.812],[11.901,59.813],[11.9,59.813],[11.897,59.814],[11.894,59.816],[11.893,59.817],[11.891,59.819],[11.89,59.82],[11.891,59.82],[11.89,59.821],[11.889,59.822],[11.888,59.822],[11.887,59.823],[11.886,59.824],[11.884,59.825],[11.883,59.826],[11.882,59.826],[11.879,59.827],[11.878,59.828],[11.877,59.828],[11.875,59.829],[11.872,59.829],[11.871,59.829],[11.87,59.829],[11.868,59.829],[11.866,59.829],[11.865,59.83],[11.864,59.83],[11.862,59.83],[11.86,59.83],[11.858,59.83],[11.857,59.83],[11.855,59.83],[11.854,59.83],[11.853,59.83],[11.852,59.831],[11.851,59.833],[11.848,59.835],[11.843,59.838],[11.841,59.838],[11.841,59.839],[11.841,59.84],[11.84,59.841],[11.837,59.841],[11.836,59.842],[11.834,59.842],[11.834,59.843],[11.835,59.843],[11.834,59.844],[11.834,59.846],[11.835,59.846],[11.838,59.847],[11.838,59.848],[11.837,59.849],[11.837,59.85],[11.836,59.85],[11.835,59.85],[11.834,59.85],[11.833,59.85],[11.835,59.853],[11.834,59.853],[11.833,59.853],[11.834,59.855],[11.835,59.855],[11.836,59.856],[11.836,59.858],[11.837,59.86],[11.836,59.861],[11.836,59.862],[11.836,59.863],[11.835,59.865],[11.834,59.865],[11.833,59.865],[11.834,59.866],[11.834,59.867],[11.833,59.868],[11.83,59.868],[11.827,59.869],[11.826,59.87],[11.826,59.871],[11.824,59.872],[11.823,59.873],[11.822,59.873],[11.821,59.874],[11.822,59.875],[11.823,59.876],[11.824,59.878],[11.825,59.88],[11.824,59.881],[11.823,59.881],[11.822,59.881],[11.822,59.882],[11.82,59.883],[11.82,59.882],[11.819,59.883],[11.818,59.883],[11.817,59.883],[11.817,59.884],[11.818,59.885],[11.817,59.886],[11.818,59.887],[11.82,59.889],[11.821,59.891],[11.822,59.891],[11.823,59.893],[11.822,59.893],[11.82,59.892],[11.819,59.892],[11.818,59.891],[11.816,59.892],[11.815,59.892],[11.812,59.892],[11.813,59.895],[11.812,59.896],[11.81,59.896],[11.808,59.897],[11.807,59.898],[11.805,59.898],[11.805,59.899],[11.806,59.9],[11.808,59.902],[11.807,59.904],[11.807,59.905],[11.807,59.907],[11.806,59.907],[11.805,59.909],[11.805,59.91],[11.805,59.911],[11.806,59.912],[11.807,59.913],[11.806,59.914],[11.805,59.914],[11.805,59.915],[11.805,59.916],[11.805,59.917],[11.805,59.918],[11.804,59.918],[11.803,59.918],[11.802,59.919],[11.803,59.92],[11.804,59.92],[11.805,59.92],[11.806,59.921],[11.808,59.921],[11.81,59.922],[11.811,59.923],[11.812,59.923],[11.813,59.924],[11.815,59.926],[11.818,59.929],[11.819,59.929],[11.821,59.93],[11.821,59.931],[11.819,59.932],[11.817,59.933],[11.819,59.935],[11.818,59.937],[11.816,59.939],[11.815,59.941],[11.814,59.941],[11.81,59.942],[11.809,59.943],[11.809,59.944],[11.809,59.945],[11.809,59.946],[11.809,59.947],[11.807,59.948],[11.806,59.948],[11.804,59.949],[11.803,59.95],[11.799,59.952],[11.793,59.956],[11.793,59.957],[11.794,59.96],[11.795,59.965],[11.797,59.968],[11.8,59.972],[11.802,59.973],[11.803,59.974],[11.803,59.975],[11.804,59.975],[11.805,59.975],[11.805,59.977],[11.806,59.977],[11.806,59.978],[11.806,59.979],[11.806,59.98],[11.807,59.98],[11.807,59.981],[11.808,59.983],[11.808,59.984],[11.809,59.986],[11.81,59.987],[11.811,59.988],[11.811,59.989],[11.812,59.99],[11.814,59.99],[11.815,59.991],[11.817,59.993],[11.818,59.994],[11.819,59.994],[11.82,59.994],[11.829,59.995],[11.83,59.995],[11.831,59.995],[11.833,59.996],[11.835,59.998],[11.835,59.999],[11.835,60],[11.836,60.004],[11.837,60.006],[11.838,60.008],[11.838,60.009],[11.837,60.009],[11.836,60.01],[11.836,60.011],[11.836,60.012],[11.837,60.013],[11.837,60.014],[11.839,60.014],[11.839,60.015],[11.838,60.015],[11.839,60.016],[11.834,60.017],[11.83,60.018],[11.828,60.019],[11.824,60.021],[11.819,60.024],[11.822,60.03],[11.822,60.032],[11.823,60.036],[11.822,60.042],[11.823,60.043],[11.823,60.044],[11.823,60.047],[11.822,60.048],[11.822,60.05],[11.822,60.051],[11.822,60.052],[11.82,60.054],[11.818,60.056],[11.817,60.057],[11.818,60.059],[11.817,60.059],[11.814,60.057],[11.812,60.056],[11.811,60.055],[11.81,60.054],[11.808,60.053],[11.807,60.052],[11.805,60.052],[11.803,60.051],[11.799,60.05],[11.798,60.05],[11.794,60.049],[11.791,60.048],[11.791,60.049],[11.79,60.05],[11.787,60.052],[11.787,60.053],[11.788,60.055],[11.789,60.055],[11.789,60.06],[11.788,60.06],[11.787,60.065],[11.787,60.066],[11.786,60.067],[11.788,60.067],[11.788,60.068],[11.79,60.069],[11.79,60.07],[11.79,60.071],[11.791,60.072],[11.79,60.072],[11.789,60.072],[11.786,60.073],[11.786,60.074],[11.785,60.075],[11.785,60.076],[11.785,60.077],[11.783,60.078],[11.782,60.078],[11.781,60.079],[11.782,60.08],[11.781,60.081],[11.78,60.083],[11.779,60.083],[11.779,60.084],[11.779,60.085],[11.778,60.086],[11.779,60.086],[11.779,60.087],[11.778,60.088],[11.779,60.089],[11.778,60.089],[11.778,60.09],[11.776,60.09],[11.774,60.091],[11.774,60.092],[11.773,60.092],[11.772,60.092],[11.771,60.092],[11.77,60.093],[11.769,60.092],[11.769,60.091],[11.768,60.091],[11.767,60.092],[11.765,60.092],[11.764,60.092],[11.764,60.093],[11.764,60.094],[11.764,60.095],[11.764,60.096],[11.763,60.096],[11.763,60.095],[11.761,60.095],[11.76,60.095],[11.753,60.096],[11.752,60.097],[11.749,60.097],[11.745,60.097],[11.738,60.096],[11.737,60.096],[11.735,60.096],[11.734,60.096],[11.732,60.097],[11.73,60.099],[11.729,60.1],[11.728,60.1],[11.727,60.1],[11.726,60.101],[11.726,60.102],[11.724,60.102],[11.723,60.102],[11.721,60.103],[11.72,60.102],[11.719,60.102],[11.717,60.102],[11.716,60.102],[11.715,60.102],[11.714,60.103],[11.714,60.104],[11.712,60.105],[11.71,60.104],[11.709,60.105],[11.708,60.105],[11.706,60.106],[11.707,60.106],[11.706,60.107],[11.705,60.107],[11.704,60.107],[11.703,60.107],[11.702,60.107],[11.701,60.108],[11.7,60.108],[11.699,60.109],[11.699,60.11],[11.698,60.11],[11.698,60.111],[11.697,60.111],[11.696,60.111],[11.694,60.112],[11.693,60.112],[11.692,60.111],[11.69,60.112],[11.685,60.113],[11.676,60.115],[11.674,60.116],[11.662,60.121],[11.661,60.121],[11.659,60.122],[11.657,60.122],[11.655,60.122],[11.653,60.123],[11.648,60.125],[11.647,60.126],[11.645,60.127],[11.642,60.128],[11.641,60.129],[11.64,60.129],[11.638,60.131],[11.636,60.132],[11.635,60.133],[11.633,60.134],[11.631,60.135],[11.628,60.136],[11.627,60.137],[11.626,60.137],[11.626,60.138],[11.625,60.139],[11.625,60.14],[11.623,60.141],[11.624,60.142],[11.623,60.143],[11.621,60.143],[11.62,60.144],[11.618,60.144],[11.616,60.145],[11.616,60.146],[11.615,60.146],[11.615,60.147],[11.613,60.148],[11.61,60.149],[11.607,60.151],[11.606,60.152],[11.603,60.154],[11.601,60.155],[11.599,60.156],[11.598,60.157],[11.596,60.158],[11.594,60.159],[11.593,60.159],[11.592,60.16],[11.591,60.16],[11.589,60.162],[11.59,60.163],[11.59,60.164],[11.59,60.166],[11.59,60.167],[11.59,60.168],[11.589,60.169],[11.588,60.17],[11.587,60.171],[11.586,60.172],[11.585,60.173],[11.58,60.174],[11.578,60.174],[11.577,60.174],[11.575,60.174],[11.573,60.173],[11.571,60.174],[11.57,60.174],[11.57,60.175],[11.57,60.176],[11.567,60.175],[11.566,60.176],[11.565,60.176],[11.563,60.176],[11.562,60.176],[11.562,60.177],[11.561,60.178],[11.56,60.18],[11.56,60.182],[11.561,60.183],[11.561,60.184],[11.563,60.185],[11.564,60.186],[11.568,60.188],[11.569,60.189],[11.572,60.19],[11.573,60.191],[11.574,60.192],[11.575,60.193],[11.577,60.195],[11.578,60.196],[11.576,60.197],[11.577,60.198],[11.577,60.199],[11.579,60.199],[11.58,60.2],[11.581,60.2],[11.582,60.2],[11.582,60.201],[11.582,60.202],[11.582,60.203],[11.584,60.204],[11.584,60.205],[11.583,60.206],[11.584,60.207],[11.583,60.207],[11.585,60.208],[11.585,60.209],[11.584,60.209],[11.584,60.21],[11.585,60.211],[11.584,60.213],[11.583,60.214],[11.582,60.215],[11.582,60.216],[11.583,60.217],[11.584,60.218],[11.584,60.219],[11.584,60.22],[11.585,60.22],[11.584,60.221],[11.583,60.221],[11.585,60.222],[11.584,60.222],[11.585,60.223],[11.583,60.224],[11.582,60.224],[11.582,60.225],[11.583,60.225],[11.583,60.226],[11.582,60.227],[11.583,60.227],[11.583,60.228],[11.582,60.228],[11.582,60.229],[11.581,60.23],[11.58,60.231],[11.581,60.232],[11.58,60.232],[11.581,60.233],[11.581,60.234],[11.58,60.234],[11.581,60.236],[11.581,60.237],[11.582,60.238],[11.582,60.239],[11.583,60.239],[11.583,60.24],[11.584,60.242],[11.587,60.242],[11.587,60.243],[11.588,60.244],[11.588,60.245],[11.589,60.246],[11.591,60.247],[11.592,60.247],[11.594,60.248],[11.595,60.248],[11.595,60.249],[11.595,60.25],[11.596,60.25],[11.597,60.251],[11.597,60.252],[11.598,60.252],[11.599,60.253],[11.599,60.254],[11.6,60.256],[11.599,60.256],[11.599,60.257],[11.599,60.258],[11.598,60.259],[11.598,60.26],[11.597,60.261],[11.598,60.261],[11.598,60.263],[11.601,60.266],[11.602,60.267],[11.6,60.268],[11.598,60.268],[11.597,60.268],[11.595,60.269],[11.594,60.27],[11.592,60.271],[11.591,60.271],[11.59,60.271],[11.583,60.274],[11.581,60.275],[11.579,60.276],[11.578,60.276],[11.576,60.276],[11.573,60.277],[11.569,60.278],[11.566,60.279],[11.564,60.279],[11.56,60.28],[11.558,60.281],[11.554,60.283],[11.549,60.285],[11.537,60.289],[11.536,60.29],[11.531,60.292],[11.52,60.295],[11.52,60.296],[11.519,60.296],[11.518,60.297],[11.518,60.298],[11.516,60.298],[11.516,60.299],[11.516,60.3],[11.515,60.301],[11.512,60.303],[11.511,60.304],[11.509,60.306],[11.508,60.307],[11.506,60.308],[11.505,60.31],[11.504,60.311],[11.502,60.312],[11.494,60.316],[11.489,60.32],[11.484,60.324],[11.48,60.327],[11.476,60.331],[11.474,60.332],[11.471,60.332],[11.465,60.332],[11.456,60.332],[11.453,60.332],[11.452,60.333],[11.449,60.334],[11.448,60.335],[11.445,60.337],[11.439,60.338],[11.434,60.339],[11.433,60.34],[11.431,60.344],[11.429,60.347],[11.427,60.349],[11.425,60.35],[11.422,60.352],[11.421,60.354],[11.421,60.355],[11.42,60.356],[11.421,60.356],[11.42,60.358],[11.421,60.359],[11.419,60.36],[11.418,60.361],[11.419,60.361],[11.419,60.363],[11.419,60.364],[11.419,60.366],[11.418,60.366],[11.418,60.367],[11.418,60.368],[11.415,60.37],[11.412,60.372],[11.409,60.374],[11.408,60.374],[11.406,60.375],[11.402,60.377],[11.401,60.379],[11.4,60.38],[11.399,60.381],[11.397,60.383],[11.396,60.384],[11.396,60.385],[11.394,60.387],[11.394,60.388],[11.393,60.389],[11.392,60.391],[11.39,60.394],[11.389,60.395],[11.388,60.399],[11.388,60.402],[11.386,60.405],[11.38,60.412],[11.377,60.415],[11.375,60.417],[11.373,60.422],[11.369,60.427],[11.357,60.442],[11.352,60.449],[11.347,60.454],[11.345,60.456],[11.342,60.459],[11.339,60.459],[11.327,60.461],[11.322,60.461],[11.32,60.462],[11.318,60.462],[11.316,60.463],[11.312,60.465],[11.309,60.465],[11.302,60.467],[11.3,60.468],[11.297,60.469],[11.294,60.471],[11.279,60.482],[11.278,60.482],[11.275,60.485],[11.271,60.486],[11.261,60.49],[11.258,60.491],[11.257,60.491],[11.256,60.492],[11.255,60.493],[11.252,60.495],[11.25,60.496],[11.247,60.496],[11.246,60.496],[11.246,60.497],[11.245,60.497],[11.242,60.498],[11.24,60.499],[11.239,60.499],[11.238,60.499],[11.237,60.499],[11.237,60.5],[11.235,60.5],[11.225,60.502],[11.21,60.505],[11.215,60.521],[11.219,60.542],[11.215,60.564],[11.185,60.585],[11.157,60.603],[11.154,60.605],[11.133,60.597],[11.132,60.596],[11.131,60.595],[11.13,60.594],[11.129,60.594],[11.128,60.593],[11.127,60.592],[11.126,60.591],[11.125,60.59],[11.124,60.59],[11.124,60.589],[11.123,60.589],[11.122,60.587],[11.121,60.586],[11.12,60.585],[11.119,60.584],[11.119,60.582],[11.118,60.58],[11.118,60.579],[11.117,60.578],[11.117,60.577],[11.116,60.576],[11.116,60.575],[11.117,60.574],[11.116,60.574],[11.114,60.573],[11.113,60.572],[11.112,60.572],[11.112,60.571],[11.111,60.571],[11.111,60.57],[11.109,60.57],[11.108,60.57],[11.108,60.569],[11.109,60.568],[11.109,60.566],[11.11,60.565],[11.11,60.564],[11.111,60.563],[11.113,60.563],[11.113,60.561],[11.111,60.559],[11.11,60.558],[11.109,60.559],[11.108,60.56],[11.106,60.56],[11.105,60.56],[11.104,60.559],[11.104,60.558],[11.104,60.557],[11.103,60.556],[11.104,60.556],[11.104,60.555],[11.105,60.555],[11.105,60.553],[11.104,60.552],[11.102,60.55],[11.101,60.549],[11.101,60.547],[11.1,60.545],[11.099,60.541],[11.099,60.539],[11.098,60.538],[11.097,60.536],[11.097,60.534],[11.098,60.532],[11.098,60.531],[11.097,60.527],[11.098,60.528],[11.099,60.527],[11.101,60.526],[11.1,60.525],[11.1,60.524],[11.099,60.523],[11.1,60.522],[11.099,60.522],[11.097,60.52],[11.096,60.519],[11.095,60.519],[11.093,60.518],[11.092,60.518],[11.093,60.517],[11.084,60.518],[11.076,60.518],[11.072,60.518],[11.067,60.519],[11.061,60.517],[11.06,60.517],[11.056,60.516],[11.053,60.515],[11.052,60.515],[11.047,60.513],[11.042,60.512],[11.037,60.511],[11.036,60.511],[11.032,60.51],[11.031,60.509],[11.027,60.508],[11.024,60.508],[11.019,60.506],[11.015,60.505],[11.007,60.503],[10.999,60.501],[10.994,60.5],[10.991,60.5],[10.988,60.499],[10.989,60.498],[10.987,60.498],[10.986,60.498],[10.985,60.498],[10.984,60.499],[10.983,60.5],[10.982,60.5],[10.981,60.5],[10.979,60.5],[10.978,60.498],[10.974,60.496],[10.972,60.496],[10.971,60.495],[10.97,60.495],[10.968,60.494],[10.966,60.494],[10.966,60.493],[10.957,60.491],[10.95,60.489],[10.947,60.488],[10.945,60.487],[10.947,60.487],[10.949,60.486],[10.95,60.486],[10.952,60.487],[10.953,60.486],[10.954,60.485],[10.954,60.484],[10.953,60.484],[10.953,60.483],[10.953,60.482],[10.952,60.481],[10.951,60.481],[10.95,60.48],[10.95,60.479],[10.95,60.478],[10.946,60.478],[10.946,60.477],[10.944,60.477],[10.942,60.476],[10.942,60.475],[10.941,60.475],[10.94,60.475],[10.939,60.475],[10.938,60.476],[10.937,60.476],[10.936,60.475],[10.934,60.474],[10.933,60.474],[10.932,60.475],[10.93,60.476],[10.929,60.476],[10.928,60.476],[10.926,60.476],[10.926,60.475],[10.926,60.474],[10.926,60.473],[10.925,60.472],[10.924,60.472],[10.923,60.471],[10.916,60.475],[10.914,60.475],[10.911,60.475],[10.897,60.476],[10.879,60.476],[10.877,60.477],[10.871,60.477],[10.865,60.48],[10.864,60.48],[10.86,60.48],[10.859,60.48],[10.857,60.48],[10.853,60.479],[10.847,60.478],[10.844,60.478],[10.84,60.478],[10.838,60.478],[10.834,60.478],[10.802,60.488],[10.797,60.488],[10.795,60.488],[10.789,60.489],[10.787,60.49],[10.786,60.49],[10.78,60.489],[10.779,60.489],[10.777,60.49],[10.775,60.491],[10.774,60.491],[10.772,60.492],[10.77,60.493],[10.769,60.493],[10.768,60.493],[10.767,60.493],[10.763,60.494],[10.76,60.494],[10.754,60.497],[10.75,60.5],[10.747,60.502],[10.742,60.505],[10.737,60.508],[10.734,60.51],[10.732,60.512],[10.73,60.514],[10.73,60.515],[10.727,60.517],[10.724,60.519],[10.723,60.519],[10.719,60.521],[10.717,60.523],[10.714,60.524],[10.713,60.524],[10.713,60.523],[10.712,60.522],[10.711,60.522],[10.711,60.521],[10.712,60.521],[10.712,60.52],[10.711,60.52],[10.712,60.519],[10.711,60.519],[10.711,60.518],[10.711,60.517],[10.712,60.516],[10.711,60.515],[10.71,60.515],[10.71,60.514],[10.709,60.514],[10.709,60.513],[10.709,60.512],[10.709,60.511],[10.709,60.51],[10.709,60.509],[10.71,60.508],[10.711,60.507],[10.711,60.506],[10.712,60.504],[10.713,60.503],[10.712,60.503],[10.712,60.502],[10.712,60.501],[10.712,60.5],[10.712,60.499],[10.711,60.499],[10.711,60.497],[10.692,60.492],[10.696,60.483],[10.698,60.479],[10.704,60.465],[10.71,60.454],[10.69,60.447],[10.672,60.434],[10.687,60.431],[10.72,60.434],[10.767,60.426],[10.777,60.426],[10.809,60.424],[10.82,60.427],[10.834,60.422],[10.892,60.4],[10.897,60.399],[10.903,60.396],[10.901,60.394],[10.899,60.394],[10.899,60.393],[10.899,60.391],[10.898,60.391],[10.898,60.39],[10.899,60.39],[10.899,60.389],[10.9,60.388],[10.901,60.387],[10.9,60.387],[10.9,60.386],[10.901,60.385],[10.901,60.384],[10.9,60.384],[10.9,60.383],[10.901,60.382],[10.901,60.381],[10.902,60.38],[10.902,60.378],[10.913,60.37],[10.921,60.36],[10.926,60.353],[10.928,60.352],[10.93,60.351],[10.931,60.351],[10.932,60.349],[10.933,60.348],[10.934,60.348],[10.934,60.347]]]}},{"type":"Feature","properties":{"id":607,"name":"Buskerud","bbox":[7.439,59.408,10.602,61.092]},"geometry":{"type":"Polygon","coordinates":[[[10.35,59.957],[10.35,59.958],[10.35,59.96],[10.35,59.961],[10.351,59.961],[10.351,59.962],[10.353,59.963],[10.352,59.963],[10.353,59.964],[10.357,59.965],[10.358,59.968],[10.36,59.968],[10.362,59.969],[10.367,59.97],[10.368,59.971],[10.37,59.971],[10.371,59.971],[10.372,59.972],[10.372,59.973],[10.375,59.974],[10.379,59.975],[10.381,59.976],[10.381,59.977],[10.381,59.978],[10.382,59.979],[10.381,59.979],[10.382,59.98],[10.384,59.98],[10.385,59.98],[10.386,59.98],[10.385,59.981],[10.385,59.982],[10.386,59.981],[10.388,59.982],[10.389,59.982],[10.39,59.982],[10.39,59.981],[10.392,59.98],[10.392,59.979],[10.397,59.98],[10.398,59.98],[10.403,59.979],[10.408,59.981],[10.411,59.982],[10.414,59.983],[10.417,59.984],[10.419,59.985],[10.421,59.986],[10.421,59.987],[10.422,59.988],[10.42,59.993],[10.422,59.993],[10.421,59.994],[10.42,59.995],[10.419,59.996],[10.418,59.997],[10.417,59.998],[10.417,60],[10.417,60.001],[10.416,60.001],[10.415,60.002],[10.413,60.003],[10.412,60.003],[10.417,60.008],[10.427,60.011],[10.435,60.013],[10.434,60.014],[10.435,60.016],[10.434,60.017],[10.434,60.018],[10.436,60.019],[10.434,60.023],[10.434,60.025],[10.434,60.026],[10.435,60.03],[10.436,60.03],[10.445,60.03],[10.455,60.032],[10.469,60.029],[10.478,60.032],[10.48,60.029],[10.487,60.02],[10.489,60.017],[10.496,60.022],[10.5,60.024],[10.513,60.033],[10.516,60.035],[10.526,60.041],[10.534,60.046],[10.539,60.049],[10.545,60.053],[10.546,60.054],[10.559,60.062],[10.57,60.069],[10.581,60.076],[10.597,60.077],[10.593,60.083],[10.592,60.086],[10.592,60.091],[10.592,60.092],[10.592,60.094],[10.589,60.1],[10.585,60.105],[10.583,60.107],[10.577,60.112],[10.575,60.114],[10.573,60.117],[10.589,60.125],[10.593,60.128],[10.6,60.131],[10.601,60.132],[10.601,60.133],[10.6,60.133],[10.601,60.134],[10.602,60.134],[10.601,60.135],[10.6,60.135],[10.598,60.136],[10.596,60.137],[10.595,60.138],[10.596,60.14],[10.594,60.141],[10.593,60.142],[10.594,60.142],[10.596,60.143],[10.597,60.143],[10.598,60.143],[10.597,60.145],[10.595,60.146],[10.593,60.147],[10.591,60.148],[10.59,60.149],[10.588,60.15],[10.585,60.15],[10.581,60.15],[10.577,60.151],[10.574,60.152],[10.572,60.153],[10.57,60.155],[10.569,60.156],[10.564,60.161],[10.561,60.166],[10.557,60.166],[10.555,60.165],[10.554,60.165],[10.55,60.165],[10.545,60.165],[10.543,60.165],[10.54,60.166],[10.536,60.168],[10.534,60.169],[10.532,60.169],[10.53,60.169],[10.528,60.169],[10.527,60.17],[10.526,60.17],[10.525,60.171],[10.525,60.172],[10.524,60.172],[10.522,60.172],[10.515,60.171],[10.513,60.171],[10.511,60.171],[10.508,60.172],[10.502,60.172],[10.495,60.173],[10.494,60.175],[10.494,60.176],[10.49,60.177],[10.487,60.177],[10.487,60.178],[10.486,60.179],[10.485,60.179],[10.482,60.181],[10.481,60.182],[10.477,60.184],[10.476,60.185],[10.475,60.185],[10.474,60.185],[10.473,60.185],[10.471,60.185],[10.469,60.186],[10.468,60.186],[10.467,60.187],[10.465,60.188],[10.463,60.188],[10.461,60.189],[10.46,60.189],[10.455,60.192],[10.454,60.192],[10.453,60.192],[10.452,60.192],[10.446,60.195],[10.445,60.196],[10.443,60.197],[10.442,60.197],[10.44,60.198],[10.435,60.201],[10.433,60.202],[10.431,60.204],[10.429,60.204],[10.427,60.205],[10.425,60.206],[10.423,60.207],[10.421,60.207],[10.419,60.208],[10.418,60.208],[10.417,60.209],[10.412,60.21],[10.41,60.211],[10.408,60.212],[10.407,60.212],[10.406,60.213],[10.403,60.213],[10.403,60.214],[10.401,60.214],[10.399,60.215],[10.396,60.216],[10.392,60.217],[10.392,60.218],[10.39,60.218],[10.389,60.218],[10.386,60.218],[10.385,60.218],[10.384,60.218],[10.383,60.219],[10.382,60.22],[10.381,60.22],[10.38,60.221],[10.379,60.221],[10.378,60.221],[10.379,60.222],[10.378,60.222],[10.377,60.223],[10.376,60.223],[10.376,60.224],[10.375,60.224],[10.374,60.224],[10.373,60.223],[10.371,60.222],[10.37,60.221],[10.369,60.221],[10.367,60.221],[10.365,60.221],[10.363,60.222],[10.362,60.221],[10.36,60.221],[10.36,60.22],[10.36,60.219],[10.361,60.218],[10.36,60.217],[10.359,60.217],[10.358,60.217],[10.357,60.217],[10.356,60.218],[10.355,60.218],[10.352,60.22],[10.351,60.221],[10.35,60.221],[10.348,60.222],[10.347,60.223],[10.345,60.223],[10.344,60.223],[10.341,60.224],[10.336,60.226],[10.335,60.227],[10.332,60.228],[10.331,60.228],[10.331,60.229],[10.33,60.23],[10.329,60.231],[10.328,60.232],[10.328,60.233],[10.327,60.234],[10.327,60.235],[10.326,60.236],[10.325,60.237],[10.323,60.238],[10.319,60.24],[10.317,60.24],[10.315,60.242],[10.313,60.243],[10.312,60.244],[10.311,60.245],[10.31,60.245],[10.309,60.246],[10.309,60.247],[10.309,60.248],[10.309,60.249],[10.309,60.25],[10.309,60.251],[10.309,60.252],[10.309,60.253],[10.309,60.254],[10.31,60.255],[10.312,60.256],[10.313,60.258],[10.315,60.261],[10.319,60.263],[10.314,60.267],[10.311,60.27],[10.307,60.273],[10.303,60.276],[10.3,60.278],[10.299,60.279],[10.293,60.283],[10.289,60.286],[10.287,60.288],[10.28,60.294],[10.277,60.296],[10.275,60.299],[10.272,60.302],[10.267,60.306],[10.265,60.31],[10.264,60.311],[10.259,60.315],[10.259,60.316],[10.258,60.317],[10.256,60.318],[10.254,60.32],[10.251,60.323],[10.248,60.326],[10.247,60.327],[10.246,60.328],[10.246,60.329],[10.245,60.33],[10.244,60.332],[10.243,60.333],[10.243,60.335],[10.241,60.337],[10.24,60.339],[10.239,60.34],[10.238,60.341],[10.236,60.343],[10.234,60.344],[10.233,60.344],[10.232,60.344],[10.231,60.345],[10.23,60.346],[10.227,60.347],[10.226,60.348],[10.225,60.35],[10.224,60.35],[10.224,60.351],[10.223,60.353],[10.222,60.355],[10.22,60.357],[10.218,60.358],[10.218,60.359],[10.217,60.36],[10.215,60.361],[10.213,60.363],[10.21,60.365],[10.208,60.367],[10.206,60.369],[10.205,60.37],[10.204,60.371],[10.203,60.372],[10.202,60.373],[10.199,60.376],[10.2,60.376],[10.199,60.377],[10.2,60.378],[10.2,60.379],[10.199,60.381],[10.199,60.383],[10.198,60.385],[10.198,60.387],[10.197,60.389],[10.197,60.391],[10.196,60.392],[10.196,60.393],[10.195,60.395],[10.195,60.396],[10.195,60.398],[10.195,60.399],[10.194,60.4],[10.194,60.401],[10.194,60.402],[10.192,60.404],[10.191,60.407],[10.19,60.409],[10.189,60.412],[10.189,60.415],[10.189,60.416],[10.189,60.417],[10.188,60.419],[10.188,60.42],[10.187,60.422],[10.186,60.424],[10.185,60.426],[10.184,60.428],[10.184,60.431],[10.183,60.432],[10.182,60.434],[10.182,60.436],[10.182,60.437],[10.182,60.438],[10.181,60.44],[10.181,60.441],[10.181,60.442],[10.179,60.451],[10.178,60.453],[10.177,60.455],[10.176,60.457],[10.175,60.46],[10.175,60.461],[10.175,60.465],[10.174,60.465],[10.173,60.467],[10.173,60.468],[10.173,60.47],[10.173,60.471],[10.173,60.472],[10.173,60.473],[10.174,60.473],[10.174,60.475],[10.175,60.475],[10.176,60.478],[10.175,60.48],[10.174,60.484],[10.173,60.486],[10.172,60.488],[10.17,60.49],[10.169,60.492],[10.168,60.494],[10.168,60.495],[10.168,60.496],[10.168,60.497],[10.166,60.499],[10.164,60.499],[10.163,60.5],[10.162,60.501],[10.161,60.507],[10.16,60.509],[10.158,60.513],[10.158,60.514],[10.158,60.516],[10.157,60.518],[10.156,60.519],[10.157,60.52],[10.157,60.521],[10.156,60.522],[10.154,60.525],[10.14,60.53],[10.135,60.532],[10.129,60.534],[10.125,60.536],[10.123,60.537],[10.12,60.539],[10.121,60.54],[10.12,60.54],[10.12,60.541],[10.119,60.541],[10.118,60.542],[10.116,60.543],[10.115,60.544],[10.113,60.545],[10.112,60.545],[10.111,60.546],[10.11,60.547],[10.109,60.549],[10.108,60.549],[10.107,60.549],[10.107,60.55],[10.109,60.55],[10.109,60.551],[10.108,60.552],[10.109,60.553],[10.11,60.554],[10.109,60.554],[10.109,60.555],[10.109,60.556],[10.108,60.556],[10.107,60.557],[10.106,60.557],[10.103,60.558],[10.099,60.559],[10.098,60.559],[10.094,60.56],[10.093,60.562],[10.092,60.563],[10.093,60.564],[10.092,60.565],[10.092,60.566],[10.09,60.569],[10.087,60.573],[10.085,60.575],[10.084,60.577],[10.084,60.578],[10.083,60.579],[10.082,60.581],[10.082,60.583],[10.079,60.585],[10.077,60.587],[10.077,60.588],[10.076,60.59],[10.075,60.591],[10.075,60.592],[10.072,60.598],[10.071,60.6],[10.069,60.601],[10.067,60.603],[10.067,60.604],[10.065,60.608],[10.052,60.618],[10.035,60.632],[10.029,60.632],[10.026,60.633],[10.022,60.633],[10.02,60.633],[10.014,60.633],[10.009,60.634],[10.005,60.634],[10.001,60.635],[10,60.635],[9.999,60.635],[9.995,60.636],[9.992,60.636],[9.99,60.636],[9.981,60.637],[9.976,60.637],[9.973,60.638],[9.966,60.638],[9.963,60.638],[9.96,60.637],[9.957,60.637],[9.953,60.637],[9.95,60.637],[9.947,60.636],[9.943,60.636],[9.939,60.636],[9.936,60.636],[9.932,60.635],[9.927,60.635],[9.926,60.635],[9.924,60.635],[9.922,60.634],[9.921,60.633],[9.917,60.634],[9.915,60.634],[9.914,60.634],[9.912,60.634],[9.909,60.634],[9.906,60.635],[9.903,60.634],[9.904,60.633],[9.904,60.632],[9.906,60.63],[9.909,60.628],[9.911,60.627],[9.912,60.627],[9.914,60.626],[9.915,60.625],[9.918,60.623],[9.919,60.621],[9.92,60.62],[9.921,60.62],[9.923,60.619],[9.925,60.619],[9.926,60.618],[9.929,60.616],[9.93,60.615],[9.932,60.615],[9.934,60.615],[9.935,60.615],[9.937,60.615],[9.942,60.616],[9.944,60.616],[9.946,60.615],[9.948,60.615],[9.949,60.614],[9.949,60.613],[9.95,60.612],[9.952,60.611],[9.951,60.61],[9.949,60.609],[9.949,60.608],[9.948,60.607],[9.947,60.606],[9.946,60.605],[9.944,60.603],[9.941,60.601],[9.936,60.601],[9.932,60.6],[9.925,60.598],[9.923,60.597],[9.918,60.596],[9.912,60.594],[9.909,60.593],[9.906,60.592],[9.901,60.59],[9.898,60.589],[9.896,60.589],[9.894,60.588],[9.884,60.585],[9.882,60.584],[9.881,60.584],[9.88,60.583],[9.878,60.582],[9.875,60.581],[9.874,60.58],[9.873,60.579],[9.871,60.578],[9.87,60.577],[9.868,60.577],[9.866,60.575],[9.864,60.574],[9.862,60.572],[9.86,60.572],[9.857,60.571],[9.855,60.569],[9.853,60.568],[9.853,60.569],[9.852,60.57],[9.851,60.571],[9.851,60.572],[9.85,60.572],[9.849,60.574],[9.849,60.575],[9.848,60.575],[9.848,60.576],[9.848,60.577],[9.847,60.577],[9.845,60.578],[9.844,60.578],[9.843,60.579],[9.844,60.58],[9.844,60.582],[9.844,60.583],[9.844,60.584],[9.843,60.585],[9.843,60.586],[9.843,60.587],[9.832,60.58],[9.828,60.575],[9.825,60.571],[9.821,60.567],[9.821,60.566],[9.817,60.562],[9.816,60.561],[9.815,60.56],[9.814,60.559],[9.813,60.559],[9.812,60.558],[9.81,60.556],[9.811,60.555],[9.811,60.554],[9.812,60.553],[9.812,60.552],[9.813,60.55],[9.811,60.55],[9.811,60.549],[9.811,60.548],[9.812,60.547],[9.812,60.545],[9.812,60.543],[9.812,60.541],[9.812,60.54],[9.812,60.539],[9.811,60.538],[9.812,60.537],[9.813,60.536],[9.814,60.535],[9.813,60.535],[9.813,60.534],[9.814,60.533],[9.815,60.532],[9.815,60.531],[9.815,60.529],[9.815,60.528],[9.816,60.526],[9.817,60.526],[9.817,60.524],[9.817,60.523],[9.816,60.523],[9.816,60.522],[9.816,60.52],[9.816,60.519],[9.815,60.518],[9.814,60.517],[9.812,60.516],[9.812,60.515],[9.812,60.514],[9.813,60.513],[9.812,60.513],[9.811,60.512],[9.813,60.512],[9.814,60.511],[9.815,60.511],[9.816,60.51],[9.817,60.509],[9.816,60.509],[9.816,60.508],[9.815,60.507],[9.815,60.506],[9.816,60.506],[9.814,60.505],[9.814,60.504],[9.815,60.503],[9.816,60.502],[9.817,60.502],[9.819,60.503],[9.82,60.502],[9.821,60.501],[9.82,60.501],[9.822,60.5],[9.821,60.499],[9.821,60.498],[9.822,60.497],[9.824,60.497],[9.824,60.496],[9.823,60.496],[9.822,60.495],[9.823,60.494],[9.824,60.494],[9.825,60.494],[9.826,60.493],[9.825,60.493],[9.825,60.492],[9.824,60.491],[9.825,60.49],[9.824,60.49],[9.824,60.489],[9.825,60.488],[9.824,60.487],[9.825,60.486],[9.825,60.485],[9.826,60.484],[9.827,60.484],[9.827,60.483],[9.826,60.483],[9.826,60.482],[9.827,60.481],[9.828,60.481],[9.828,60.48],[9.829,60.479],[9.829,60.478],[9.829,60.477],[9.828,60.477],[9.827,60.476],[9.826,60.475],[9.828,60.475],[9.827,60.473],[9.828,60.472],[9.828,60.471],[9.829,60.47],[9.829,60.469],[9.83,60.468],[9.831,60.468],[9.83,60.465],[9.83,60.464],[9.829,60.464],[9.829,60.463],[9.829,60.462],[9.831,60.461],[9.831,60.459],[9.83,60.458],[9.83,60.457],[9.831,60.456],[9.822,60.456],[9.815,60.455],[9.801,60.454],[9.788,60.457],[9.723,60.472],[9.722,60.471],[9.72,60.471],[9.719,60.471],[9.717,60.472],[9.718,60.472],[9.717,60.473],[9.718,60.474],[9.693,60.48],[9.679,60.483],[9.677,60.483],[9.648,60.491],[9.639,60.493],[9.636,60.495],[9.635,60.496],[9.617,60.5],[9.616,60.5],[9.614,60.5],[9.612,60.5],[9.61,60.501],[9.612,60.503],[9.613,60.503],[9.615,60.504],[9.616,60.505],[9.618,60.506],[9.619,60.507],[9.62,60.508],[9.62,60.509],[9.619,60.509],[9.619,60.511],[9.619,60.512],[9.618,60.513],[9.617,60.513],[9.616,60.513],[9.615,60.513],[9.613,60.514],[9.613,60.515],[9.613,60.516],[9.614,60.518],[9.614,60.519],[9.615,60.519],[9.616,60.52],[9.616,60.521],[9.615,60.522],[9.614,60.523],[9.613,60.525],[9.613,60.526],[9.613,60.527],[9.612,60.527],[9.613,60.528],[9.612,60.529],[9.612,60.53],[9.611,60.53],[9.611,60.531],[9.611,60.532],[9.61,60.534],[9.608,60.537],[9.608,60.538],[9.607,60.539],[9.606,60.539],[9.604,60.538],[9.588,60.536],[9.583,60.535],[9.579,60.534],[9.572,60.534],[9.557,60.534],[9.549,60.533],[9.536,60.533],[9.523,60.532],[9.521,60.532],[9.517,60.531],[9.516,60.53],[9.517,60.529],[9.516,60.529],[9.516,60.528],[9.514,60.528],[9.513,60.528],[9.512,60.529],[9.511,60.529],[9.509,60.529],[9.506,60.528],[9.502,60.528],[9.498,60.528],[9.496,60.528],[9.494,60.528],[9.492,60.528],[9.491,60.528],[9.49,60.529],[9.488,60.528],[9.486,60.529],[9.484,60.529],[9.483,60.529],[9.481,60.53],[9.48,60.53],[9.479,60.53],[9.477,60.531],[9.458,60.541],[9.453,60.542],[9.449,60.544],[9.447,60.544],[9.445,60.544],[9.436,60.545],[9.435,60.545],[9.433,60.545],[9.432,60.545],[9.431,60.546],[9.429,60.546],[9.421,60.548],[9.419,60.548],[9.418,60.548],[9.417,60.548],[9.417,60.55],[9.418,60.55],[9.417,60.551],[9.416,60.552],[9.415,60.552],[9.415,60.553],[9.415,60.554],[9.415,60.555],[9.414,60.556],[9.413,60.556],[9.414,60.557],[9.414,60.558],[9.413,60.558],[9.414,60.559],[9.413,60.56],[9.413,60.561],[9.412,60.561],[9.412,60.562],[9.412,60.564],[9.412,60.567],[9.412,60.568],[9.411,60.568],[9.41,60.569],[9.41,60.57],[9.41,60.571],[9.411,60.572],[9.411,60.573],[9.41,60.573],[9.41,60.574],[9.41,60.575],[9.411,60.575],[9.412,60.576],[9.412,60.577],[9.412,60.58],[9.411,60.581],[9.411,60.583],[9.413,60.584],[9.413,60.585],[9.416,60.585],[9.418,60.587],[9.419,60.587],[9.421,60.589],[9.422,60.59],[9.423,60.591],[9.424,60.592],[9.425,60.592],[9.427,60.593],[9.429,60.594],[9.431,60.595],[9.432,60.595],[9.433,60.596],[9.433,60.597],[9.435,60.598],[9.435,60.6],[9.434,60.6],[9.433,60.601],[9.431,60.602],[9.429,60.603],[9.426,60.605],[9.425,60.606],[9.425,60.607],[9.425,60.609],[9.424,60.611],[9.423,60.612],[9.421,60.613],[9.42,60.613],[9.417,60.614],[9.411,60.614],[9.406,60.614],[9.4,60.614],[9.396,60.615],[9.393,60.616],[9.389,60.617],[9.386,60.618],[9.384,60.619],[9.381,60.62],[9.379,60.621],[9.377,60.623],[9.375,60.626],[9.374,60.626],[9.374,60.627],[9.373,60.627],[9.371,60.628],[9.37,60.629],[9.368,60.63],[9.367,60.63],[9.367,60.631],[9.366,60.633],[9.365,60.634],[9.363,60.634],[9.363,60.635],[9.362,60.636],[9.361,60.637],[9.362,60.638],[9.361,60.639],[9.361,60.64],[9.365,60.645],[9.365,60.646],[9.366,60.647],[9.366,60.648],[9.362,60.652],[9.358,60.656],[9.358,60.657],[9.357,60.658],[9.355,60.663],[9.354,60.664],[9.353,60.667],[9.345,60.67],[9.336,60.672],[9.331,60.674],[9.33,60.674],[9.328,60.675],[9.328,60.676],[9.327,60.676],[9.325,60.678],[9.324,60.679],[9.323,60.679],[9.321,60.68],[9.322,60.68],[9.322,60.681],[9.321,60.681],[9.32,60.681],[9.319,60.682],[9.319,60.684],[9.319,60.686],[9.319,60.687],[9.319,60.688],[9.318,60.693],[9.318,60.694],[9.318,60.699],[9.322,60.703],[9.324,60.704],[9.329,60.708],[9.33,60.714],[9.331,60.718],[9.331,60.723],[9.332,60.73],[9.327,60.733],[9.324,60.734],[9.309,60.743],[9.305,60.745],[9.302,60.748],[9.291,60.762],[9.258,60.767],[9.242,60.767],[9.216,60.771],[9.202,60.78],[9.195,60.786],[9.194,60.788],[9.194,60.79],[9.193,60.79],[9.193,60.791],[9.192,60.791],[9.191,60.791],[9.19,60.791],[9.186,60.792],[9.185,60.792],[9.185,60.793],[9.183,60.794],[9.181,60.794],[9.166,60.799],[9.162,60.8],[9.147,60.807],[9.12,60.813],[9.089,60.816],[9.071,60.822],[9.054,60.827],[9.049,60.829],[9.041,60.831],[9.041,60.832],[9.04,60.833],[9.037,60.833],[9.036,60.833],[9.034,60.833],[9.032,60.834],[9.027,60.835],[9.026,60.835],[9.025,60.835],[9.019,60.838],[9.015,60.839],[9.016,60.839],[9.016,60.84],[9.014,60.84],[9.01,60.84],[9.001,60.842],[8.999,60.843],[8.992,60.843],[8.964,60.852],[8.952,60.856],[8.943,60.859],[8.938,60.861],[8.934,60.862],[8.919,60.863],[8.919,60.869],[8.914,60.872],[8.913,60.873],[8.912,60.873],[8.912,60.875],[8.911,60.876],[8.909,60.877],[8.907,60.878],[8.906,60.879],[8.904,60.879],[8.901,60.879],[8.901,60.88],[8.902,60.881],[8.901,60.881],[8.901,60.882],[8.898,60.883],[8.897,60.883],[8.898,60.884],[8.897,60.886],[8.896,60.887],[8.896,60.888],[8.895,60.889],[8.894,60.89],[8.895,60.891],[8.895,60.892],[8.896,60.893],[8.896,60.894],[8.894,60.895],[8.893,60.896],[8.891,60.897],[8.889,60.897],[8.887,60.897],[8.88,60.897],[8.871,60.897],[8.859,60.898],[8.851,60.899],[8.846,60.899],[8.835,60.9],[8.829,60.9],[8.814,60.901],[8.762,60.913],[8.733,60.92],[8.693,60.925],[8.654,60.936],[8.657,60.939],[8.648,60.942],[8.639,60.946],[8.631,60.948],[8.621,60.952],[8.622,60.953],[8.624,60.954],[8.625,60.955],[8.626,60.955],[8.627,60.955],[8.628,60.956],[8.629,60.956],[8.63,60.957],[8.629,60.958],[8.63,60.958],[8.629,60.959],[8.628,60.959],[8.627,60.96],[8.629,60.96],[8.63,60.961],[8.631,60.961],[8.633,60.962],[8.627,60.966],[8.628,60.968],[8.627,60.97],[8.626,60.971],[8.618,60.975],[8.614,60.976],[8.609,60.979],[8.608,60.982],[8.599,60.986],[8.592,60.989],[8.585,60.992],[8.581,60.994],[8.569,60.995],[8.564,61],[8.559,61.004],[8.554,61.005],[8.553,61.005],[8.55,61.007],[8.547,61.008],[8.543,61.01],[8.527,61.012],[8.523,61.012],[8.522,61.013],[8.516,61.013],[8.515,61.013],[8.513,61.013],[8.511,61.013],[8.511,61.014],[8.51,61.015],[8.511,61.016],[8.51,61.017],[8.509,61.018],[8.503,61.018],[8.499,61.018],[8.481,61.022],[8.477,61.021],[8.468,61.019],[8.466,61.019],[8.465,61.018],[8.459,61.019],[8.457,61.019],[8.452,61.019],[8.447,61.02],[8.445,61.02],[8.442,61.021],[8.436,61.026],[8.433,61.028],[8.431,61.028],[8.425,61.029],[8.366,61.048],[8.36,61.055],[8.309,61.092],[8.27,61.081],[8.252,61.074],[8.251,61.074],[8.214,61.054],[8.24,61.05],[8.283,61.033],[8.265,61.017],[8.264,61.017],[8.257,61.009],[8.247,61.01],[8.229,61.009],[8.228,61.009],[8.229,61.008],[8.227,61.008],[8.225,61.007],[8.221,61.004],[8.221,61],[8.225,60.997],[8.231,60.995],[8.233,60.995],[8.233,60.994],[8.229,60.985],[8.226,60.977],[8.223,60.968],[8.219,60.969],[8.209,60.97],[8.2,60.969],[8.184,60.969],[8.17,60.978],[8.154,60.982],[8.154,60.981],[8.154,60.98],[8.152,60.979],[8.138,60.973],[8.135,60.97],[8.126,60.963],[8.124,60.961],[8.117,60.956],[8.108,60.948],[8.091,60.934],[8.079,60.924],[8.041,60.893],[7.981,60.902],[7.98,60.902],[7.935,60.897],[7.913,60.91],[7.907,60.912],[7.896,60.917],[7.879,60.924],[7.852,60.92],[7.803,60.897],[7.775,60.867],[7.75,60.842],[7.718,60.809],[7.704,60.793],[7.722,60.79],[7.722,60.786],[7.726,60.761],[7.721,60.757],[7.718,60.755],[7.713,60.75],[7.704,60.739],[7.685,60.732],[7.615,60.744],[7.568,60.722],[7.47,60.676],[7.439,60.66],[7.441,60.66],[7.546,60.657],[7.547,60.657],[7.636,60.633],[7.635,60.629],[7.634,60.627],[7.63,60.617],[7.628,60.611],[7.624,60.602],[7.622,60.596],[7.626,60.586],[7.631,60.576],[7.632,60.572],[7.635,60.567],[7.64,60.56],[7.647,60.555],[7.66,60.546],[7.673,60.537],[7.687,60.534],[7.712,60.526],[7.718,60.525],[7.73,60.522],[7.732,60.521],[7.731,60.516],[7.729,60.512],[7.728,60.508],[7.726,60.504],[7.724,60.499],[7.723,60.497],[7.721,60.493],[7.72,60.489],[7.719,60.487],[7.718,60.485],[7.716,60.481],[7.715,60.477],[7.713,60.473],[7.711,60.469],[7.709,60.465],[7.707,60.459],[7.705,60.455],[7.704,60.451],[7.702,60.447],[7.7,60.443],[7.699,60.439],[7.697,60.433],[7.694,60.426],[7.692,60.414],[7.692,60.413],[7.69,60.397],[7.685,60.367],[7.68,60.334],[7.676,60.311],[7.674,60.294],[7.652,60.277],[7.629,60.259],[7.61,60.244],[7.602,60.225],[7.583,60.176],[7.488,60.099],[7.575,60.114],[7.646,60.127],[7.728,60.119],[7.75,60.117],[7.765,60.116],[7.791,60.109],[7.813,60.103],[7.828,60.108],[7.853,60.116],[7.903,60.131],[7.921,60.137],[7.973,60.147],[8.012,60.155],[8.018,60.155],[8.058,60.164],[8.062,60.165],[8.07,60.168],[8.071,60.168],[8.073,60.168],[8.074,60.169],[8.075,60.169],[8.076,60.17],[8.079,60.171],[8.08,60.173],[8.081,60.173],[8.083,60.174],[8.084,60.175],[8.086,60.176],[8.087,60.176],[8.088,60.176],[8.09,60.177],[8.092,60.177],[8.093,60.178],[8.094,60.179],[8.095,60.179],[8.096,60.18],[8.098,60.181],[8.099,60.181],[8.1,60.181],[8.1,60.182],[8.101,60.182],[8.103,60.184],[8.104,60.184],[8.107,60.184],[8.11,60.184],[8.114,60.183],[8.115,60.183],[8.117,60.183],[8.121,60.183],[8.122,60.183],[8.123,60.183],[8.125,60.183],[8.126,60.183],[8.128,60.184],[8.129,60.185],[8.131,60.185],[8.132,60.186],[8.133,60.185],[8.136,60.185],[8.137,60.185],[8.138,60.185],[8.139,60.185],[8.14,60.185],[8.142,60.185],[8.144,60.185],[8.146,60.185],[8.147,60.185],[8.15,60.185],[8.151,60.185],[8.152,60.185],[8.154,60.185],[8.157,60.183],[8.159,60.182],[8.161,60.182],[8.162,60.181],[8.163,60.181],[8.163,60.18],[8.165,60.179],[8.165,60.178],[8.166,60.178],[8.167,60.177],[8.168,60.176],[8.168,60.175],[8.17,60.174],[8.187,60.173],[8.187,60.174],[8.185,60.175],[8.184,60.177],[8.182,60.178],[8.18,60.178],[8.18,60.179],[8.179,60.179],[8.178,60.18],[8.177,60.181],[8.177,60.182],[8.175,60.183],[8.173,60.183],[8.171,60.184],[8.17,60.184],[8.169,60.185],[8.167,60.186],[8.209,60.188],[8.24,60.183],[8.284,60.175],[8.306,60.175],[8.312,60.175],[8.323,60.176],[8.335,60.177],[8.34,60.177],[8.344,60.178],[8.361,60.179],[8.378,60.181],[8.382,60.181],[8.384,60.181],[8.397,60.179],[8.399,60.179],[8.421,60.176],[8.422,60.176],[8.429,60.175],[8.436,60.173],[8.453,60.171],[8.458,60.17],[8.473,60.169],[8.486,60.169],[8.497,60.17],[8.508,60.171],[8.516,60.172],[8.532,60.174],[8.536,60.174],[8.541,60.175],[8.55,60.176],[8.556,60.176],[8.56,60.177],[8.565,60.177],[8.569,60.177],[8.574,60.177],[8.588,60.176],[8.597,60.176],[8.615,60.175],[8.621,60.174],[8.637,60.173],[8.648,60.173],[8.658,60.172],[8.66,60.172],[8.67,60.174],[8.675,60.175],[8.695,60.178],[8.699,60.179],[8.712,60.181],[8.723,60.183],[8.729,60.181],[8.741,60.178],[8.752,60.175],[8.769,60.17],[8.771,60.169],[8.8,60.156],[8.809,60.153],[8.814,60.153],[8.818,60.153],[8.828,60.15],[8.833,60.149],[8.837,60.148],[8.858,60.139],[8.89,60.125],[8.902,60.12],[8.906,60.118],[8.915,60.114],[8.922,60.111],[8.93,60.107],[8.937,60.104],[8.941,60.102],[8.945,60.101],[8.946,60.1],[8.947,60.1],[8.948,60.1],[8.95,60.1],[8.952,60.1],[8.953,60.099],[8.954,60.099],[8.956,60.099],[8.958,60.098],[8.958,60.097],[8.958,60.096],[8.959,60.096],[8.959,60.095],[8.959,60.094],[8.958,60.093],[8.957,60.092],[8.96,60.091],[8.963,60.087],[8.969,60.081],[8.971,60.079],[8.976,60.073],[8.977,60.072],[8.978,60.07],[8.979,60.069],[8.979,60.065],[8.98,60.061],[8.981,60.06],[8.981,60.058],[8.982,60.055],[8.982,60.053],[8.982,60.052],[8.983,60.05],[8.983,60.046],[8.983,60.045],[8.983,60.044],[8.984,60.041],[8.984,60.04],[8.984,60.038],[8.983,60.037],[8.985,60.033],[8.987,60.028],[8.988,60.025],[8.988,60.017],[8.99,60.013],[8.992,60.011],[8.998,60.004],[8.999,60.003],[8.999,60.002],[8.999,60.001],[8.999,60],[9,59.999],[9,59.998],[9.001,59.997],[9.002,59.997],[8.999,59.996],[8.997,59.995],[8.994,59.993],[8.993,59.993],[8.991,59.992],[8.988,59.991],[8.987,59.991],[8.988,59.99],[8.988,59.988],[8.989,59.987],[8.991,59.986],[8.992,59.985],[8.992,59.983],[8.993,59.981],[8.994,59.981],[8.997,59.981],[8.998,59.982],[8.999,59.982],[9,59.982],[9.002,59.983],[9.002,59.982],[9.003,59.982],[9.004,59.982],[9.005,59.981],[9.007,59.982],[9.011,59.983],[9.015,59.983],[9.019,59.984],[9.025,59.982],[9.03,59.979],[9.032,59.977],[9.036,59.975],[9.054,59.969],[9.058,59.965],[9.058,59.964],[9.059,59.962],[9.067,59.962],[9.072,59.961],[9.08,59.96],[9.084,59.96],[9.092,59.959],[9.097,59.959],[9.104,59.959],[9.106,59.958],[9.109,59.956],[9.11,59.956],[9.11,59.954],[9.112,59.951],[9.112,59.95],[9.122,59.948],[9.128,59.945],[9.13,59.943],[9.132,59.943],[9.134,59.942],[9.134,59.941],[9.137,59.94],[9.138,59.94],[9.139,59.939],[9.142,59.938],[9.148,59.937],[9.154,59.936],[9.157,59.935],[9.163,59.933],[9.167,59.932],[9.168,59.932],[9.172,59.931],[9.176,59.93],[9.18,59.929],[9.185,59.923],[9.191,59.919],[9.193,59.917],[9.192,59.916],[9.188,59.913],[9.186,59.911],[9.174,59.9],[9.183,59.898],[9.189,59.897],[9.188,59.896],[9.187,59.891],[9.187,59.888],[9.187,59.882],[9.187,59.881],[9.185,59.88],[9.185,59.879],[9.183,59.875],[9.182,59.873],[9.181,59.87],[9.179,59.866],[9.18,59.864],[9.182,59.86],[9.183,59.857],[9.183,59.855],[9.184,59.851],[9.185,59.848],[9.189,59.842],[9.189,59.839],[9.188,59.833],[9.185,59.831],[9.186,59.827],[9.187,59.827],[9.189,59.826],[9.191,59.826],[9.194,59.824],[9.199,59.822],[9.201,59.822],[9.203,59.821],[9.204,59.82],[9.208,59.819],[9.211,59.818],[9.216,59.817],[9.22,59.816],[9.227,59.814],[9.236,59.812],[9.242,59.811],[9.245,59.812],[9.247,59.813],[9.252,59.814],[9.253,59.814],[9.255,59.811],[9.257,59.809],[9.264,59.807],[9.268,59.806],[9.272,59.806],[9.278,59.805],[9.284,59.804],[9.291,59.803],[9.294,59.803],[9.297,59.802],[9.301,59.801],[9.308,59.8],[9.311,59.799],[9.313,59.798],[9.321,59.796],[9.324,59.795],[9.33,59.794],[9.343,59.788],[9.349,59.785],[9.351,59.784],[9.359,59.783],[9.368,59.781],[9.363,59.778],[9.361,59.776],[9.359,59.774],[9.356,59.771],[9.353,59.768],[9.351,59.766],[9.349,59.763],[9.349,59.762],[9.347,59.761],[9.346,59.759],[9.344,59.757],[9.344,59.755],[9.343,59.752],[9.343,59.751],[9.344,59.75],[9.344,59.748],[9.344,59.747],[9.344,59.746],[9.345,59.743],[9.345,59.742],[9.345,59.741],[9.346,59.739],[9.346,59.738],[9.346,59.736],[9.346,59.735],[9.346,59.734],[9.345,59.733],[9.345,59.732],[9.34,59.729],[9.339,59.729],[9.341,59.728],[9.344,59.726],[9.342,59.724],[9.339,59.721],[9.339,59.72],[9.346,59.719],[9.347,59.719],[9.349,59.719],[9.351,59.719],[9.352,59.718],[9.355,59.718],[9.354,59.717],[9.351,59.715],[9.347,59.711],[9.345,59.711],[9.344,59.707],[9.342,59.705],[9.341,59.704],[9.34,59.703],[9.335,59.696],[9.333,59.693],[9.352,59.692],[9.357,59.691],[9.363,59.69],[9.375,59.688],[9.388,59.687],[9.396,59.686],[9.4,59.685],[9.405,59.685],[9.405,59.679],[9.405,59.676],[9.405,59.674],[9.405,59.671],[9.406,59.669],[9.405,59.664],[9.406,59.659],[9.41,59.654],[9.415,59.649],[9.418,59.645],[9.421,59.643],[9.423,59.641],[9.424,59.639],[9.425,59.635],[9.426,59.633],[9.427,59.629],[9.428,59.628],[9.431,59.622],[9.436,59.615],[9.437,59.613],[9.437,59.612],[9.438,59.611],[9.439,59.609],[9.441,59.607],[9.442,59.606],[9.443,59.604],[9.444,59.602],[9.447,59.599],[9.45,59.595],[9.451,59.593],[9.452,59.591],[9.454,59.589],[9.456,59.586],[9.456,59.583],[9.457,59.582],[9.461,59.578],[9.461,59.577],[9.463,59.573],[9.463,59.57],[9.464,59.567],[9.468,59.563],[9.469,59.562],[9.47,59.561],[9.471,59.558],[9.472,59.557],[9.474,59.556],[9.479,59.554],[9.483,59.552],[9.487,59.55],[9.515,59.538],[9.492,59.516],[9.484,59.507],[9.478,59.502],[9.469,59.494],[9.469,59.491],[9.47,59.487],[9.472,59.482],[9.475,59.482],[9.478,59.483],[9.489,59.483],[9.494,59.484],[9.512,59.485],[9.514,59.485],[9.516,59.485],[9.523,59.486],[9.527,59.485],[9.536,59.484],[9.552,59.487],[9.558,59.483],[9.559,59.483],[9.563,59.48],[9.573,59.474],[9.579,59.47],[9.585,59.466],[9.582,59.465],[9.58,59.464],[9.579,59.462],[9.58,59.461],[9.58,59.46],[9.581,59.459],[9.582,59.457],[9.583,59.456],[9.583,59.455],[9.584,59.454],[9.585,59.453],[9.587,59.451],[9.589,59.45],[9.591,59.449],[9.593,59.448],[9.603,59.445],[9.605,59.444],[9.609,59.443],[9.614,59.441],[9.621,59.438],[9.622,59.437],[9.625,59.427],[9.625,59.425],[9.66,59.408],[9.683,59.411],[9.704,59.412],[9.712,59.412],[9.738,59.412],[9.749,59.412],[9.761,59.412],[9.778,59.412],[9.776,59.419],[9.774,59.426],[9.773,59.431],[9.771,59.437],[9.771,59.438],[9.767,59.444],[9.759,59.458],[9.767,59.457],[9.768,59.457],[9.775,59.457],[9.791,59.461],[9.807,59.466],[9.815,59.468],[9.819,59.469],[9.82,59.469],[9.822,59.468],[9.823,59.468],[9.825,59.468],[9.827,59.468],[9.828,59.468],[9.83,59.468],[9.831,59.468],[9.832,59.468],[9.834,59.467],[9.835,59.467],[9.836,59.466],[9.837,59.465],[9.838,59.465],[9.838,59.464],[9.839,59.464],[9.841,59.464],[9.841,59.463],[9.842,59.463],[9.844,59.463],[9.845,59.464],[9.846,59.463],[9.848,59.463],[9.85,59.461],[9.852,59.46],[9.852,59.459],[9.853,59.458],[9.872,59.46],[9.875,59.46],[9.878,59.46],[9.879,59.459],[9.884,59.458],[9.886,59.458],[9.89,59.458],[9.896,59.457],[9.903,59.456],[9.906,59.456],[9.908,59.456],[9.91,59.456],[9.914,59.456],[9.916,59.455],[9.921,59.456],[9.925,59.457],[9.927,59.457],[9.931,59.458],[9.934,59.459],[9.937,59.459],[9.938,59.46],[9.937,59.46],[9.937,59.462],[9.937,59.463],[9.937,59.464],[9.937,59.465],[9.938,59.465],[9.938,59.466],[9.943,59.466],[9.945,59.468],[9.947,59.468],[9.951,59.468],[9.954,59.468],[9.957,59.468],[9.96,59.468],[9.961,59.468],[9.963,59.468],[9.966,59.468],[9.973,59.467],[9.975,59.466],[9.979,59.466],[9.985,59.467],[9.987,59.468],[9.992,59.467],[9.997,59.467],[9.998,59.467],[9.999,59.463],[10,59.462],[10.001,59.461],[10.002,59.46],[10.003,59.46],[10.005,59.459],[10.006,59.459],[10.01,59.459],[10.011,59.459],[10.011,59.458],[10.012,59.458],[10.015,59.459],[10.017,59.459],[10.019,59.46],[10.021,59.461],[10.022,59.461],[10.021,59.462],[10.022,59.463],[10.022,59.464],[10.023,59.465],[10.024,59.465],[10.026,59.465],[10.027,59.465],[10.029,59.466],[10.03,59.466],[10.031,59.466],[10.033,59.466],[10.035,59.467],[10.037,59.467],[10.04,59.467],[10.04,59.468],[10.046,59.469],[10.05,59.47],[10.051,59.47],[10.053,59.471],[10.056,59.472],[10.06,59.473],[10.059,59.474],[10.058,59.476],[10.057,59.477],[10.056,59.479],[10.054,59.482],[10.053,59.483],[10.053,59.484],[10.05,59.486],[10.049,59.487],[10.046,59.49],[10.045,59.491],[10.045,59.492],[10.043,59.496],[10.04,59.499],[10.038,59.5],[10.037,59.501],[10.036,59.503],[10.034,59.505],[10.032,59.506],[10.028,59.509],[10.025,59.512],[10.022,59.514],[10.02,59.515],[10.011,59.52],[10.01,59.521],[10.008,59.522],[10.006,59.523],[10.003,59.524],[10,59.526],[9.996,59.528],[9.994,59.529],[9.992,59.529],[9.99,59.53],[9.989,59.531],[9.984,59.535],[9.982,59.536],[9.98,59.537],[9.979,59.538],[9.976,59.54],[9.975,59.541],[9.974,59.541],[9.973,59.543],[9.972,59.544],[9.97,59.545],[9.969,59.546],[9.968,59.546],[9.967,59.547],[9.966,59.548],[9.964,59.55],[9.958,59.555],[9.955,59.557],[9.953,59.559],[9.952,59.56],[9.949,59.563],[9.947,59.564],[9.944,59.567],[9.943,59.568],[9.941,59.569],[9.939,59.57],[9.934,59.573],[9.93,59.576],[9.928,59.577],[9.926,59.578],[9.924,59.579],[9.922,59.58],[9.92,59.581],[9.916,59.582],[9.915,59.583],[9.918,59.582],[9.921,59.583],[9.924,59.584],[9.926,59.585],[9.929,59.586],[9.931,59.586],[9.935,59.586],[9.942,59.587],[9.938,59.593],[9.937,59.597],[9.934,59.601],[9.933,59.603],[9.933,59.604],[9.935,59.604],[9.936,59.605],[9.939,59.607],[9.94,59.607],[9.941,59.608],[9.943,59.609],[9.945,59.609],[9.948,59.61],[9.95,59.61],[9.953,59.611],[9.954,59.611],[9.956,59.612],[9.96,59.613],[9.966,59.615],[9.967,59.615],[9.97,59.616],[9.973,59.616],[9.981,59.618],[9.976,59.624],[9.975,59.628],[9.975,59.629],[9.975,59.632],[9.975,59.633],[9.976,59.634],[9.979,59.636],[9.986,59.639],[9.987,59.639],[9.987,59.64],[9.987,59.641],[9.986,59.641],[9.984,59.642],[9.983,59.644],[9.984,59.644],[9.985,59.646],[9.986,59.646],[9.988,59.647],[9.988,59.648],[9.989,59.648],[9.99,59.648],[9.99,59.649],[9.991,59.649],[9.993,59.65],[9.994,59.651],[9.995,59.652],[9.995,59.653],[9.995,59.654],[9.996,59.655],[9.995,59.656],[9.997,59.656],[9.998,59.656],[10,59.656],[9.999,59.657],[10,59.658],[9.999,59.659],[9.998,59.66],[10,59.661],[10,59.662],[9.998,59.664],[9.999,59.664],[10.002,59.664],[10.003,59.664],[10.005,59.664],[10.007,59.663],[10.008,59.662],[10.01,59.661],[10.012,59.661],[10.012,59.66],[10.013,59.66],[10.014,59.659],[10.015,59.659],[10.016,59.659],[10.017,59.659],[10.018,59.658],[10.019,59.658],[10.02,59.658],[10.022,59.655],[10.025,59.654],[10.027,59.652],[10.028,59.651],[10.029,59.65],[10.03,59.649],[10.033,59.647],[10.034,59.645],[10.035,59.644],[10.036,59.643],[10.037,59.641],[10.045,59.641],[10.047,59.643],[10.052,59.644],[10.061,59.644],[10.07,59.643],[10.078,59.643],[10.089,59.643],[10.092,59.647],[10.095,59.651],[10.099,59.656],[10.101,59.658],[10.109,59.66],[10.111,59.66],[10.112,59.661],[10.112,59.662],[10.113,59.664],[10.112,59.664],[10.113,59.665],[10.113,59.666],[10.113,59.667],[10.113,59.668],[10.115,59.668],[10.115,59.669],[10.116,59.671],[10.124,59.671],[10.129,59.671],[10.136,59.672],[10.143,59.669],[10.144,59.669],[10.147,59.669],[10.147,59.668],[10.15,59.668],[10.154,59.667],[10.156,59.667],[10.157,59.666],[10.158,59.667],[10.157,59.668],[10.158,59.668],[10.16,59.669],[10.161,59.669],[10.163,59.668],[10.164,59.668],[10.166,59.668],[10.171,59.668],[10.174,59.669],[10.176,59.669],[10.178,59.668],[10.18,59.668],[10.185,59.669],[10.186,59.669],[10.187,59.67],[10.188,59.671],[10.189,59.671],[10.19,59.671],[10.191,59.671],[10.192,59.672],[10.193,59.672],[10.195,59.671],[10.197,59.671],[10.198,59.671],[10.203,59.669],[10.207,59.668],[10.21,59.668],[10.21,59.667],[10.211,59.667],[10.212,59.667],[10.213,59.667],[10.214,59.667],[10.214,59.666],[10.215,59.666],[10.215,59.665],[10.216,59.664],[10.219,59.664],[10.22,59.664],[10.22,59.665],[10.222,59.665],[10.223,59.665],[10.224,59.666],[10.223,59.667],[10.223,59.668],[10.223,59.669],[10.224,59.671],[10.225,59.671],[10.227,59.671],[10.231,59.671],[10.231,59.67],[10.233,59.669],[10.235,59.668],[10.238,59.667],[10.239,59.666],[10.24,59.668],[10.241,59.669],[10.242,59.67],[10.242,59.671],[10.243,59.671],[10.243,59.673],[10.246,59.673],[10.247,59.673],[10.25,59.674],[10.251,59.674],[10.252,59.674],[10.253,59.673],[10.253,59.674],[10.254,59.673],[10.255,59.674],[10.256,59.673],[10.257,59.674],[10.258,59.674],[10.26,59.674],[10.261,59.674],[10.263,59.674],[10.264,59.673],[10.265,59.673],[10.266,59.673],[10.27,59.672],[10.271,59.671],[10.272,59.671],[10.274,59.671],[10.275,59.671],[10.277,59.671],[10.278,59.671],[10.279,59.671],[10.28,59.672],[10.284,59.672],[10.285,59.671],[10.287,59.67],[10.289,59.67],[10.291,59.67],[10.295,59.67],[10.298,59.669],[10.3,59.669],[10.303,59.668],[10.302,59.664],[10.305,59.664],[10.309,59.663],[10.31,59.663],[10.313,59.662],[10.315,59.662],[10.316,59.661],[10.317,59.661],[10.32,59.659],[10.321,59.658],[10.321,59.655],[10.322,59.653],[10.324,59.652],[10.325,59.651],[10.326,59.649],[10.324,59.649],[10.324,59.647],[10.325,59.646],[10.326,59.646],[10.327,59.645],[10.328,59.644],[10.329,59.642],[10.33,59.642],[10.331,59.639],[10.332,59.638],[10.331,59.637],[10.332,59.636],[10.333,59.635],[10.334,59.634],[10.336,59.632],[10.336,59.631],[10.337,59.63],[10.336,59.629],[10.336,59.628],[10.337,59.627],[10.336,59.626],[10.336,59.623],[10.335,59.623],[10.336,59.621],[10.336,59.62],[10.335,59.62],[10.334,59.617],[10.333,59.614],[10.333,59.613],[10.332,59.611],[10.334,59.61],[10.333,59.61],[10.334,59.609],[10.333,59.608],[10.331,59.607],[10.331,59.606],[10.331,59.605],[10.331,59.604],[10.332,59.6],[10.333,59.6],[10.333,59.598],[10.333,59.597],[10.334,59.594],[10.335,59.59],[10.336,59.589],[10.336,59.587],[10.337,59.585],[10.337,59.584],[10.338,59.584],[10.338,59.582],[10.339,59.581],[10.339,59.58],[10.339,59.579],[10.34,59.578],[10.34,59.577],[10.341,59.576],[10.34,59.575],[10.341,59.574],[10.342,59.572],[10.342,59.571],[10.342,59.57],[10.342,59.568],[10.343,59.567],[10.343,59.565],[10.344,59.563],[10.346,59.563],[10.347,59.562],[10.35,59.562],[10.351,59.561],[10.352,59.56],[10.353,59.56],[10.354,59.559],[10.354,59.558],[10.351,59.557],[10.351,59.556],[10.351,59.555],[10.353,59.554],[10.353,59.553],[10.355,59.552],[10.358,59.552],[10.358,59.551],[10.358,59.55],[10.359,59.55],[10.36,59.549],[10.361,59.548],[10.362,59.549],[10.364,59.549],[10.365,59.548],[10.366,59.548],[10.365,59.547],[10.364,59.547],[10.364,59.545],[10.366,59.544],[10.366,59.543],[10.367,59.542],[10.369,59.542],[10.371,59.542],[10.373,59.542],[10.374,59.542],[10.375,59.542],[10.373,59.541],[10.373,59.54],[10.377,59.539],[10.377,59.538],[10.379,59.538],[10.38,59.538],[10.379,59.537],[10.378,59.536],[10.38,59.536],[10.383,59.535],[10.384,59.534],[10.387,59.533],[10.388,59.533],[10.393,59.532],[10.395,59.531],[10.398,59.53],[10.413,59.559],[10.418,59.567],[10.412,59.585],[10.423,59.598],[10.423,59.6],[10.411,59.609],[10.412,59.618],[10.424,59.625],[10.41,59.646],[10.41,59.667],[10.403,59.672],[10.392,59.679],[10.363,59.698],[10.323,59.702],[10.32,59.702],[10.314,59.704],[10.309,59.706],[10.301,59.708],[10.294,59.712],[10.293,59.713],[10.29,59.716],[10.313,59.722],[10.313,59.723],[10.315,59.723],[10.315,59.724],[10.316,59.724],[10.317,59.725],[10.318,59.725],[10.319,59.726],[10.32,59.726],[10.319,59.727],[10.319,59.729],[10.319,59.73],[10.319,59.731],[10.32,59.732],[10.32,59.734],[10.32,59.735],[10.321,59.735],[10.321,59.737],[10.32,59.738],[10.32,59.739],[10.321,59.739],[10.321,59.741],[10.32,59.742],[10.32,59.743],[10.319,59.743],[10.32,59.744],[10.32,59.746],[10.32,59.747],[10.321,59.749],[10.321,59.751],[10.32,59.752],[10.319,59.752],[10.318,59.754],[10.317,59.754],[10.316,59.755],[10.317,59.756],[10.317,59.757],[10.317,59.759],[10.318,59.761],[10.318,59.762],[10.317,59.763],[10.318,59.764],[10.315,59.764],[10.314,59.764],[10.312,59.764],[10.31,59.764],[10.312,59.767],[10.311,59.769],[10.315,59.77],[10.316,59.771],[10.317,59.771],[10.317,59.772],[10.32,59.773],[10.321,59.774],[10.323,59.776],[10.325,59.776],[10.327,59.778],[10.328,59.779],[10.328,59.78],[10.329,59.781],[10.33,59.781],[10.331,59.782],[10.332,59.783],[10.331,59.783],[10.331,59.784],[10.331,59.785],[10.33,59.785],[10.33,59.786],[10.329,59.786],[10.329,59.787],[10.327,59.788],[10.327,59.789],[10.326,59.789],[10.326,59.79],[10.325,59.791],[10.324,59.792],[10.323,59.794],[10.327,59.795],[10.328,59.796],[10.331,59.797],[10.338,59.795],[10.34,59.795],[10.342,59.794],[10.343,59.794],[10.344,59.796],[10.344,59.797],[10.347,59.799],[10.349,59.799],[10.349,59.8],[10.35,59.8],[10.352,59.801],[10.352,59.802],[10.354,59.803],[10.355,59.803],[10.356,59.803],[10.356,59.804],[10.356,59.805],[10.356,59.806],[10.355,59.807],[10.354,59.808],[10.353,59.809],[10.355,59.811],[10.354,59.812],[10.352,59.816],[10.352,59.817],[10.352,59.818],[10.351,59.819],[10.351,59.82],[10.352,59.821],[10.353,59.821],[10.353,59.822],[10.352,59.822],[10.351,59.822],[10.351,59.823],[10.352,59.824],[10.353,59.825],[10.353,59.826],[10.352,59.827],[10.352,59.828],[10.352,59.829],[10.351,59.831],[10.351,59.832],[10.351,59.833],[10.351,59.834],[10.351,59.835],[10.35,59.836],[10.35,59.837],[10.35,59.838],[10.35,59.839],[10.35,59.84],[10.349,59.84],[10.347,59.84],[10.345,59.84],[10.344,59.841],[10.345,59.841],[10.344,59.842],[10.344,59.843],[10.343,59.843],[10.342,59.843],[10.342,59.844],[10.341,59.845],[10.34,59.845],[10.34,59.846],[10.339,59.846],[10.337,59.847],[10.336,59.849],[10.335,59.849],[10.335,59.848],[10.334,59.849],[10.333,59.849],[10.333,59.851],[10.333,59.852],[10.332,59.853],[10.332,59.854],[10.331,59.855],[10.332,59.856],[10.332,59.857],[10.333,59.858],[10.332,59.858],[10.332,59.859],[10.332,59.86],[10.333,59.861],[10.332,59.864],[10.332,59.865],[10.332,59.867],[10.331,59.868],[10.331,59.869],[10.33,59.87],[10.33,59.871],[10.329,59.871],[10.329,59.872],[10.329,59.873],[10.328,59.874],[10.329,59.875],[10.33,59.875],[10.331,59.875],[10.331,59.876],[10.332,59.875],[10.333,59.875],[10.336,59.875],[10.337,59.875],[10.337,59.876],[10.338,59.875],[10.34,59.875],[10.341,59.876],[10.342,59.876],[10.343,59.876],[10.345,59.876],[10.345,59.877],[10.348,59.876],[10.35,59.877],[10.351,59.877],[10.352,59.878],[10.352,59.879],[10.353,59.88],[10.354,59.881],[10.353,59.882],[10.353,59.883],[10.353,59.884],[10.352,59.885],[10.353,59.886],[10.352,59.886],[10.353,59.887],[10.354,59.886],[10.355,59.887],[10.356,59.888],[10.357,59.889],[10.358,59.889],[10.359,59.889],[10.359,59.89],[10.36,59.891],[10.36,59.892],[10.361,59.893],[10.362,59.893],[10.363,59.894],[10.362,59.895],[10.362,59.896],[10.363,59.897],[10.363,59.898],[10.363,59.899],[10.363,59.901],[10.363,59.902],[10.362,59.902],[10.363,59.903],[10.363,59.904],[10.362,59.905],[10.363,59.906],[10.365,59.907],[10.366,59.907],[10.367,59.908],[10.368,59.908],[10.37,59.908],[10.371,59.909],[10.372,59.91],[10.373,59.91],[10.375,59.91],[10.377,59.911],[10.377,59.912],[10.377,59.914],[10.376,59.916],[10.376,59.917],[10.376,59.918],[10.376,59.919],[10.376,59.922],[10.376,59.923],[10.374,59.925],[10.374,59.926],[10.374,59.927],[10.373,59.929],[10.372,59.93],[10.37,59.931],[10.369,59.932],[10.365,59.936],[10.363,59.937],[10.361,59.938],[10.359,59.939],[10.355,59.942],[10.354,59.943],[10.353,59.944],[10.351,59.946],[10.35,59.948],[10.348,59.951],[10.351,59.951],[10.354,59.952],[10.351,59.953],[10.351,59.954],[10.35,59.955],[10.349,59.957],[10.35,59.957]]]}},{"type":"Feature","properties":{"id":608,"name":"Innlandet","bbox":[7.343,59.841,12.871,62.697]},"geometry":{"type":"MultiPolygon","coordinates":[[[[11.342,60.459],[11.345,60.456],[11.347,60.454],[11.352,60.449],[11.357,60.442],[11.369,60.427],[11.373,60.422],[11.375,60.417],[11.377,60.415],[11.38,60.412],[11.386,60.405],[11.388,60.402],[11.388,60.399],[11.389,60.395],[11.39,60.394],[11.392,60.391],[11.393,60.389],[11.394,60.388],[11.394,60.387],[11.396,60.385],[11.396,60.384],[11.397,60.383],[11.399,60.381],[11.4,60.38],[11.401,60.379],[11.402,60.377],[11.406,60.375],[11.408,60.374],[11.409,60.374],[11.412,60.372],[11.415,60.37],[11.418,60.368],[11.418,60.367],[11.418,60.366],[11.419,60.366],[11.419,60.364],[11.419,60.363],[11.419,60.361],[11.418,60.361],[11.419,60.36],[11.421,60.359],[11.42,60.358],[11.421,60.356],[11.42,60.356],[11.421,60.355],[11.421,60.354],[11.422,60.352],[11.425,60.35],[11.427,60.349],[11.429,60.347],[11.431,60.344],[11.433,60.34],[11.434,60.339],[11.439,60.338],[11.445,60.337],[11.448,60.335],[11.449,60.334],[11.452,60.333],[11.453,60.332],[11.456,60.332],[11.465,60.332],[11.471,60.332],[11.474,60.332],[11.476,60.331],[11.48,60.327],[11.484,60.324],[11.489,60.32],[11.494,60.316],[11.502,60.312],[11.504,60.311],[11.505,60.31],[11.506,60.308],[11.508,60.307],[11.509,60.306],[11.511,60.304],[11.512,60.303],[11.515,60.301],[11.516,60.3],[11.516,60.299],[11.516,60.298],[11.518,60.298],[11.518,60.297],[11.519,60.296],[11.52,60.296],[11.52,60.295],[11.531,60.292],[11.536,60.29],[11.537,60.289],[11.549,60.285],[11.554,60.283],[11.558,60.281],[11.56,60.28],[11.564,60.279],[11.566,60.279],[11.569,60.278],[11.573,60.277],[11.576,60.276],[11.578,60.276],[11.579,60.276],[11.581,60.275],[11.583,60.274],[11.59,60.271],[11.591,60.271],[11.592,60.271],[11.594,60.27],[11.595,60.269],[11.597,60.268],[11.598,60.268],[11.6,60.268],[11.602,60.267],[11.601,60.266],[11.598,60.263],[11.598,60.261],[11.597,60.261],[11.598,60.26],[11.598,60.259],[11.599,60.258],[11.599,60.257],[11.599,60.256],[11.6,60.256],[11.599,60.254],[11.599,60.253],[11.598,60.252],[11.597,60.252],[11.597,60.251],[11.596,60.25],[11.595,60.25],[11.595,60.249],[11.595,60.248],[11.594,60.248],[11.592,60.247],[11.591,60.247],[11.589,60.246],[11.588,60.245],[11.588,60.244],[11.587,60.243],[11.587,60.242],[11.584,60.242],[11.583,60.24],[11.583,60.239],[11.582,60.239],[11.582,60.238],[11.581,60.237],[11.581,60.236],[11.58,60.234],[11.581,60.234],[11.581,60.233],[11.58,60.232],[11.581,60.232],[11.58,60.231],[11.581,60.23],[11.582,60.229],[11.582,60.228],[11.583,60.228],[11.583,60.227],[11.582,60.227],[11.583,60.226],[11.583,60.225],[11.582,60.225],[11.582,60.224],[11.583,60.224],[11.585,60.223],[11.584,60.222],[11.585,60.222],[11.583,60.221],[11.584,60.221],[11.585,60.22],[11.584,60.22],[11.584,60.219],[11.584,60.218],[11.583,60.217],[11.582,60.216],[11.582,60.215],[11.583,60.214],[11.584,60.213],[11.585,60.211],[11.584,60.21],[11.584,60.209],[11.585,60.209],[11.585,60.208],[11.583,60.207],[11.584,60.207],[11.583,60.206],[11.584,60.205],[11.584,60.204],[11.582,60.203],[11.582,60.202],[11.582,60.201],[11.582,60.2],[11.581,60.2],[11.58,60.2],[11.579,60.199],[11.577,60.199],[11.577,60.198],[11.576,60.197],[11.578,60.196],[11.577,60.195],[11.575,60.193],[11.574,60.192],[11.573,60.191],[11.572,60.19],[11.569,60.189],[11.568,60.188],[11.564,60.186],[11.563,60.185],[11.561,60.184],[11.561,60.183],[11.56,60.182],[11.56,60.18],[11.561,60.178],[11.562,60.177],[11.562,60.176],[11.563,60.176],[11.565,60.176],[11.566,60.176],[11.567,60.175],[11.57,60.176],[11.57,60.175],[11.57,60.174],[11.571,60.174],[11.573,60.173],[11.575,60.174],[11.577,60.174],[11.578,60.174],[11.58,60.174],[11.585,60.173],[11.586,60.172],[11.587,60.171],[11.588,60.17],[11.589,60.169],[11.59,60.168],[11.59,60.167],[11.59,60.166],[11.59,60.164],[11.59,60.163],[11.589,60.162],[11.591,60.16],[11.592,60.16],[11.593,60.159],[11.594,60.159],[11.596,60.158],[11.598,60.157],[11.599,60.156],[11.601,60.155],[11.603,60.154],[11.606,60.152],[11.607,60.151],[11.61,60.149],[11.613,60.148],[11.615,60.147],[11.615,60.146],[11.616,60.146],[11.616,60.145],[11.618,60.144],[11.62,60.144],[11.621,60.143],[11.623,60.143],[11.624,60.142],[11.623,60.141],[11.625,60.14],[11.625,60.139],[11.626,60.138],[11.626,60.137],[11.627,60.137],[11.628,60.136],[11.631,60.135],[11.633,60.134],[11.635,60.133],[11.636,60.132],[11.638,60.131],[11.64,60.129],[11.641,60.129],[11.642,60.128],[11.645,60.127],[11.647,60.126],[11.648,60.125],[11.653,60.123],[11.655,60.122],[11.657,60.122],[11.659,60.122],[11.661,60.121],[11.662,60.121],[11.674,60.116],[11.676,60.115],[11.685,60.113],[11.69,60.112],[11.692,60.111],[11.693,60.112],[11.694,60.112],[11.696,60.111],[11.697,60.111],[11.698,60.111],[11.698,60.11],[11.699,60.11],[11.699,60.109],[11.7,60.108],[11.701,60.108],[11.702,60.107],[11.703,60.107],[11.704,60.107],[11.705,60.107],[11.706,60.107],[11.707,60.106],[11.706,60.106],[11.708,60.105],[11.709,60.105],[11.71,60.104],[11.712,60.105],[11.714,60.104],[11.714,60.103],[11.715,60.102],[11.716,60.102],[11.717,60.102],[11.719,60.102],[11.72,60.102],[11.721,60.103],[11.723,60.102],[11.724,60.102],[11.726,60.102],[11.726,60.101],[11.727,60.1],[11.728,60.1],[11.729,60.1],[11.73,60.099],[11.732,60.097],[11.734,60.096],[11.735,60.096],[11.737,60.096],[11.738,60.096],[11.745,60.097],[11.749,60.097],[11.752,60.097],[11.753,60.096],[11.76,60.095],[11.761,60.095],[11.763,60.095],[11.763,60.096],[11.764,60.096],[11.764,60.095],[11.764,60.094],[11.764,60.093],[11.764,60.092],[11.765,60.092],[11.767,60.092],[11.768,60.091],[11.769,60.091],[11.769,60.092],[11.77,60.093],[11.771,60.092],[11.772,60.092],[11.773,60.092],[11.774,60.092],[11.774,60.091],[11.776,60.09],[11.778,60.09],[11.778,60.089],[11.779,60.089],[11.778,60.088],[11.779,60.087],[11.779,60.086],[11.778,60.086],[11.779,60.085],[11.779,60.084],[11.779,60.083],[11.78,60.083],[11.781,60.081],[11.782,60.08],[11.781,60.079],[11.782,60.078],[11.783,60.078],[11.785,60.077],[11.785,60.076],[11.785,60.075],[11.786,60.074],[11.786,60.073],[11.789,60.072],[11.79,60.072],[11.791,60.072],[11.79,60.071],[11.79,60.07],[11.79,60.069],[11.788,60.068],[11.788,60.067],[11.786,60.067],[11.787,60.066],[11.787,60.065],[11.788,60.06],[11.789,60.06],[11.789,60.055],[11.788,60.055],[11.787,60.053],[11.787,60.052],[11.79,60.05],[11.791,60.049],[11.791,60.048],[11.794,60.049],[11.798,60.05],[11.799,60.05],[11.803,60.051],[11.805,60.052],[11.807,60.052],[11.808,60.053],[11.81,60.054],[11.811,60.055],[11.812,60.056],[11.814,60.057],[11.817,60.059],[11.818,60.059],[11.817,60.057],[11.818,60.056],[11.82,60.054],[11.822,60.052],[11.822,60.051],[11.822,60.05],[11.822,60.048],[11.823,60.047],[11.823,60.044],[11.823,60.043],[11.822,60.042],[11.823,60.036],[11.822,60.032],[11.822,60.03],[11.819,60.024],[11.824,60.021],[11.828,60.019],[11.83,60.018],[11.834,60.017],[11.839,60.016],[11.838,60.015],[11.839,60.015],[11.839,60.014],[11.837,60.014],[11.837,60.013],[11.836,60.012],[11.836,60.011],[11.836,60.01],[11.837,60.009],[11.838,60.009],[11.838,60.008],[11.837,60.006],[11.836,60.004],[11.835,60],[11.835,59.999],[11.835,59.998],[11.833,59.996],[11.831,59.995],[11.83,59.995],[11.829,59.995],[11.82,59.994],[11.819,59.994],[11.818,59.994],[11.817,59.993],[11.815,59.991],[11.814,59.99],[11.812,59.99],[11.811,59.989],[11.811,59.988],[11.81,59.987],[11.809,59.986],[11.808,59.984],[11.808,59.983],[11.807,59.981],[11.807,59.98],[11.806,59.98],[11.806,59.979],[11.806,59.978],[11.806,59.977],[11.805,59.977],[11.805,59.975],[11.804,59.975],[11.803,59.975],[11.803,59.974],[11.802,59.973],[11.8,59.972],[11.797,59.968],[11.795,59.965],[11.794,59.96],[11.793,59.957],[11.793,59.956],[11.799,59.952],[11.803,59.95],[11.804,59.949],[11.806,59.948],[11.807,59.948],[11.809,59.947],[11.809,59.946],[11.809,59.945],[11.809,59.944],[11.809,59.943],[11.81,59.942],[11.814,59.941],[11.815,59.941],[11.816,59.939],[11.818,59.937],[11.819,59.935],[11.817,59.933],[11.819,59.932],[11.821,59.931],[11.821,59.93],[11.819,59.929],[11.818,59.929],[11.815,59.926],[11.813,59.924],[11.812,59.923],[11.811,59.923],[11.81,59.922],[11.808,59.921],[11.806,59.921],[11.805,59.92],[11.804,59.92],[11.803,59.92],[11.802,59.919],[11.803,59.918],[11.804,59.918],[11.805,59.918],[11.805,59.917],[11.805,59.916],[11.805,59.915],[11.805,59.914],[11.806,59.914],[11.807,59.913],[11.806,59.912],[11.805,59.911],[11.805,59.91],[11.805,59.909],[11.806,59.907],[11.807,59.907],[11.807,59.905],[11.807,59.904],[11.808,59.902],[11.806,59.9],[11.805,59.899],[11.805,59.898],[11.807,59.898],[11.808,59.897],[11.81,59.896],[11.812,59.896],[11.813,59.895],[11.812,59.892],[11.815,59.892],[11.816,59.892],[11.818,59.891],[11.819,59.892],[11.82,59.892],[11.822,59.893],[11.823,59.893],[11.822,59.891],[11.821,59.891],[11.82,59.889],[11.818,59.887],[11.817,59.886],[11.818,59.885],[11.817,59.884],[11.817,59.883],[11.818,59.883],[11.819,59.883],[11.82,59.882],[11.82,59.883],[11.822,59.882],[11.822,59.881],[11.823,59.881],[11.824,59.881],[11.825,59.88],[11.824,59.878],[11.823,59.876],[11.822,59.875],[11.821,59.874],[11.822,59.873],[11.823,59.873],[11.824,59.872],[11.826,59.871],[11.826,59.87],[11.827,59.869],[11.83,59.868],[11.833,59.868],[11.834,59.867],[11.834,59.866],[11.833,59.865],[11.834,59.865],[11.835,59.865],[11.836,59.863],[11.836,59.862],[11.836,59.861],[11.837,59.86],[11.836,59.858],[11.836,59.856],[11.835,59.855],[11.834,59.855],[11.833,59.853],[11.834,59.853],[11.835,59.853],[11.833,59.85],[11.834,59.85],[11.835,59.85],[11.836,59.85],[11.837,59.85],[11.837,59.849],[11.838,59.848],[11.838,59.847],[11.835,59.846],[11.834,59.846],[11.834,59.844],[11.835,59.843],[11.834,59.843],[11.834,59.842],[11.836,59.842],[11.837,59.841],[11.84,59.841],[11.841,59.842],[11.842,59.842],[11.844,59.842],[11.848,59.843],[11.849,59.844],[11.852,59.845],[11.852,59.844],[11.855,59.845],[11.856,59.845],[11.858,59.847],[11.86,59.847],[11.862,59.848],[11.864,59.848],[11.865,59.848],[11.867,59.849],[11.869,59.85],[11.87,59.85],[11.871,59.851],[11.872,59.851],[11.873,59.851],[11.875,59.853],[11.878,59.853],[11.878,59.854],[11.879,59.854],[11.882,59.855],[11.883,59.855],[11.885,59.856],[11.885,59.857],[11.887,59.858],[11.888,59.859],[11.887,59.861],[11.886,59.861],[11.885,59.862],[11.884,59.863],[11.883,59.863],[11.883,59.864],[11.883,59.865],[11.882,59.866],[11.881,59.867],[11.881,59.868],[11.882,59.869],[11.882,59.87],[11.884,59.871],[11.884,59.872],[11.885,59.872],[11.887,59.872],[11.89,59.872],[11.891,59.872],[11.892,59.872],[11.893,59.872],[11.894,59.872],[11.895,59.871],[11.896,59.871],[11.897,59.871],[11.899,59.872],[11.9,59.872],[11.901,59.872],[11.904,59.872],[11.906,59.872],[11.908,59.872],[11.909,59.873],[11.909,59.872],[11.91,59.872],[11.913,59.872],[11.915,59.872],[11.918,59.873],[11.919,59.874],[11.921,59.874],[11.922,59.875],[11.923,59.876],[11.923,59.877],[11.922,59.879],[11.921,59.88],[11.922,59.881],[11.922,59.882],[11.925,59.884],[11.926,59.884],[11.928,59.885],[11.931,59.886],[11.933,59.886],[11.934,59.887],[11.937,59.888],[11.939,59.889],[11.94,59.889],[11.942,59.89],[11.985,59.901],[11.987,59.899],[12.024,59.891],[12.033,59.889],[12.053,59.886],[12.1,59.891],[12.126,59.894],[12.155,59.887],[12.174,59.89],[12.191,59.901],[12.208,59.913],[12.23,59.927],[12.231,59.928],[12.243,59.932],[12.278,59.944],[12.32,59.958],[12.341,59.966],[12.359,59.982],[12.369,59.991],[12.396,60.016],[12.425,60.027],[12.449,60.039],[12.46,60.051],[12.481,60.073],[12.497,60.095],[12.501,60.099],[12.505,60.11],[12.517,60.136],[12.523,60.152],[12.53,60.166],[12.542,60.193],[12.525,60.224],[12.515,60.252],[12.514,60.256],[12.506,60.277],[12.504,60.281],[12.502,60.3],[12.501,60.307],[12.499,60.324],[12.519,60.334],[12.545,60.347],[12.57,60.371],[12.586,60.386],[12.606,60.406],[12.606,60.428],[12.606,60.444],[12.606,60.468],[12.606,60.477],[12.607,60.492],[12.607,60.513],[12.598,60.526],[12.582,60.551],[12.569,60.56],[12.549,60.575],[12.516,60.6],[12.513,60.625],[12.511,60.642],[12.482,60.668],[12.461,60.685],[12.429,60.709],[12.395,60.734],[12.382,60.758],[12.375,60.772],[12.365,60.791],[12.349,60.818],[12.338,60.844],[12.334,60.852],[12.334,60.869],[12.333,60.89],[12.316,60.909],[12.305,60.921],[12.285,60.944],[12.268,60.963],[12.254,60.979],[12.236,60.999],[12.224,61.013],[12.24,61.019],[12.242,61.02],[12.247,61.021],[12.295,61.027],[12.342,61.035],[12.379,61.04],[12.448,61.051],[12.488,61.052],[12.541,61.049],[12.597,61.047],[12.598,61.047],[12.6,61.046],[12.61,61.047],[12.652,61.052],[12.658,61.053],[12.668,61.055],[12.671,61.057],[12.681,61.06],[12.683,61.061],[12.687,61.077],[12.695,61.101],[12.701,61.123],[12.707,61.143],[12.74,61.165],[12.749,61.17],[12.769,61.183],[12.79,61.197],[12.807,61.221],[12.824,61.244],[12.834,61.258],[12.845,61.287],[12.851,61.301],[12.853,61.308],[12.861,61.328],[12.871,61.356],[12.843,61.377],[12.805,61.404],[12.77,61.429],[12.744,61.447],[12.723,61.461],[12.681,61.491],[12.655,61.509],[12.621,61.532],[12.569,61.569],[12.492,61.568],[12.447,61.567],[12.42,61.563],[12.393,61.58],[12.363,61.6],[12.341,61.615],[12.315,61.625],[12.276,61.64],[12.247,61.658],[12.221,61.673],[12.182,61.697],[12.138,61.724],[12.144,61.745],[12.151,61.767],[12.161,61.799],[12.168,61.823],[12.172,61.834],[12.177,61.854],[12.183,61.871],[12.185,61.878],[12.189,61.894],[12.194,61.909],[12.201,61.934],[12.205,61.947],[12.214,61.978],[12.221,62.003],[12.225,62.017],[12.232,62.043],[12.238,62.062],[12.245,62.087],[12.258,62.127],[12.261,62.136],[12.271,62.171],[12.278,62.196],[12.286,62.222],[12.29,62.235],[12.299,62.267],[12.278,62.297],[12.263,62.32],[12.255,62.331],[12.252,62.331],[12.246,62.331],[12.244,62.331],[12.243,62.331],[12.242,62.33],[12.241,62.329],[12.238,62.329],[12.235,62.328],[12.232,62.327],[12.229,62.327],[12.227,62.328],[12.224,62.328],[12.223,62.329],[12.218,62.331],[12.213,62.331],[12.21,62.331],[12.209,62.331],[12.208,62.331],[12.206,62.33],[12.202,62.329],[12.199,62.329],[12.197,62.328],[12.192,62.327],[12.191,62.326],[12.19,62.325],[12.188,62.324],[12.187,62.324],[12.187,62.323],[12.186,62.322],[12.183,62.32],[12.181,62.319],[12.178,62.318],[12.175,62.317],[12.172,62.317],[12.17,62.317],[12.169,62.317],[12.169,62.316],[12.169,62.315],[12.168,62.314],[12.167,62.313],[12.165,62.313],[12.162,62.313],[12.161,62.313],[12.16,62.314],[12.158,62.315],[12.157,62.314],[12.155,62.314],[12.153,62.314],[12.152,62.313],[12.151,62.312],[12.151,62.311],[12.148,62.311],[12.147,62.312],[12.145,62.312],[12.141,62.312],[12.141,62.311],[12.139,62.31],[12.138,62.31],[12.134,62.31],[12.133,62.31],[12.131,62.31],[12.13,62.31],[12.129,62.312],[12.126,62.313],[12.123,62.314],[12.12,62.315],[12.118,62.315],[12.113,62.316],[12.11,62.317],[12.107,62.319],[12.105,62.32],[12.103,62.321],[12.102,62.321],[12.099,62.323],[12.094,62.325],[12.09,62.327],[12.084,62.33],[12.08,62.332],[12.078,62.333],[12.075,62.335],[12.075,62.336],[12.072,62.337],[12.072,62.338],[12.07,62.339],[12.067,62.342],[12.066,62.343],[12.065,62.344],[12.064,62.344],[12.062,62.345],[12.061,62.346],[12.058,62.346],[12.055,62.346],[12.051,62.345],[12.051,62.346],[12.052,62.347],[12.051,62.348],[12.05,62.348],[12.048,62.348],[12.045,62.349],[12.042,62.349],[12.038,62.349],[12.035,62.349],[12.034,62.35],[12.032,62.35],[12.03,62.35],[12.028,62.351],[12.027,62.351],[12.026,62.351],[12.023,62.352],[12.022,62.352],[12.021,62.352],[12.019,62.352],[12.018,62.353],[12.015,62.354],[12.012,62.353],[12.009,62.354],[12.004,62.354],[12.002,62.354],[11.997,62.354],[11.996,62.354],[11.993,62.354],[11.992,62.355],[11.991,62.356],[11.989,62.358],[11.988,62.358],[11.988,62.359],[11.985,62.359],[11.984,62.36],[11.982,62.36],[11.979,62.361],[11.969,62.362],[11.963,62.362],[11.955,62.363],[11.954,62.363],[11.943,62.364],[11.938,62.365],[11.936,62.365],[11.927,62.366],[11.926,62.366],[11.922,62.366],[11.901,62.368],[11.898,62.369],[11.864,62.372],[11.857,62.373],[11.837,62.374],[11.802,62.378],[11.801,62.378],[11.792,62.379],[11.788,62.379],[11.786,62.38],[11.782,62.382],[11.779,62.382],[11.776,62.383],[11.775,62.383],[11.771,62.383],[11.769,62.382],[11.766,62.382],[11.764,62.381],[11.762,62.379],[11.76,62.376],[11.756,62.373],[11.756,62.372],[11.756,62.371],[11.757,62.369],[11.756,62.368],[11.754,62.367],[11.753,62.366],[11.75,62.364],[11.749,62.363],[11.748,62.362],[11.746,62.361],[11.745,62.361],[11.744,62.36],[11.742,62.36],[11.74,62.36],[11.738,62.36],[11.737,62.36],[11.736,62.36],[11.735,62.36],[11.734,62.36],[11.733,62.361],[11.732,62.361],[11.73,62.361],[11.728,62.36],[11.727,62.36],[11.726,62.36],[11.725,62.359],[11.726,62.359],[11.728,62.358],[11.73,62.358],[11.73,62.357],[11.73,62.356],[11.731,62.356],[11.731,62.355],[11.731,62.354],[11.73,62.353],[11.731,62.352],[11.731,62.351],[11.73,62.351],[11.728,62.351],[11.728,62.352],[11.727,62.351],[11.727,62.35],[11.728,62.35],[11.729,62.349],[11.727,62.349],[11.727,62.348],[11.725,62.348],[11.724,62.348],[11.72,62.347],[11.719,62.347],[11.718,62.348],[11.717,62.348],[11.716,62.349],[11.713,62.348],[11.712,62.349],[11.711,62.349],[11.708,62.349],[11.706,62.349],[11.705,62.349],[11.704,62.349],[11.701,62.35],[11.7,62.35],[11.697,62.35],[11.696,62.349],[11.694,62.35],[11.692,62.35],[11.69,62.35],[11.689,62.35],[11.688,62.352],[11.688,62.354],[11.689,62.36],[11.689,62.366],[11.689,62.367],[11.688,62.367],[11.685,62.37],[11.68,62.373],[11.674,62.378],[11.672,62.382],[11.657,62.381],[11.621,62.377],[11.616,62.377],[11.615,62.377],[11.573,62.372],[11.57,62.372],[11.566,62.371],[11.561,62.371],[11.556,62.372],[11.551,62.374],[11.549,62.376],[11.547,62.377],[11.543,62.381],[11.539,62.384],[11.536,62.385],[11.532,62.39],[11.525,62.401],[11.522,62.405],[11.516,62.412],[11.513,62.415],[11.51,62.419],[11.501,62.427],[11.498,62.43],[11.496,62.433],[11.495,62.433],[11.492,62.436],[11.491,62.437],[11.489,62.438],[11.488,62.439],[11.487,62.439],[11.486,62.439],[11.486,62.44],[11.485,62.44],[11.485,62.441],[11.484,62.441],[11.481,62.442],[11.48,62.443],[11.48,62.444],[11.479,62.444],[11.478,62.445],[11.477,62.445],[11.476,62.446],[11.475,62.446],[11.474,62.447],[11.472,62.447],[11.471,62.448],[11.47,62.448],[11.469,62.449],[11.469,62.45],[11.468,62.45],[11.468,62.451],[11.467,62.451],[11.466,62.452],[11.465,62.452],[11.465,62.454],[11.462,62.454],[11.461,62.456],[11.461,62.457],[11.46,62.459],[11.459,62.46],[11.456,62.463],[11.447,62.47],[11.434,62.477],[11.429,62.48],[11.425,62.481],[11.401,62.487],[11.394,62.488],[11.386,62.49],[11.379,62.492],[11.371,62.494],[11.363,62.499],[11.361,62.5],[11.355,62.505],[11.343,62.513],[11.34,62.515],[11.337,62.514],[11.335,62.514],[11.334,62.514],[11.332,62.515],[11.331,62.515],[11.33,62.516],[11.329,62.517],[11.328,62.518],[11.327,62.518],[11.325,62.518],[11.323,62.518],[11.323,62.519],[11.321,62.519],[11.32,62.519],[11.318,62.52],[11.317,62.52],[11.315,62.52],[11.314,62.521],[11.313,62.52],[11.312,62.52],[11.309,62.52],[11.307,62.52],[11.304,62.52],[11.303,62.521],[11.301,62.521],[11.3,62.521],[11.298,62.522],[11.298,62.523],[11.298,62.524],[11.296,62.525],[11.29,62.529],[11.287,62.531],[11.285,62.531],[11.284,62.531],[11.283,62.53],[11.282,62.53],[11.282,62.529],[11.276,62.53],[11.263,62.531],[11.261,62.532],[11.259,62.532],[11.257,62.532],[11.254,62.533],[11.255,62.534],[11.251,62.537],[11.25,62.538],[11.245,62.544],[11.252,62.552],[11.248,62.557],[11.245,62.56],[11.244,62.565],[11.244,62.567],[11.243,62.567],[11.24,62.567],[11.239,62.568],[11.238,62.569],[11.237,62.568],[11.236,62.569],[11.233,62.571],[11.232,62.571],[11.231,62.57],[11.23,62.57],[11.228,62.571],[11.226,62.57],[11.225,62.571],[11.223,62.57],[11.221,62.57],[11.22,62.57],[11.217,62.57],[11.215,62.57],[11.214,62.57],[11.214,62.571],[11.213,62.571],[11.21,62.571],[11.209,62.571],[11.208,62.571],[11.206,62.572],[11.204,62.572],[11.196,62.571],[11.196,62.574],[11.196,62.576],[11.195,62.577],[11.195,62.578],[11.196,62.579],[11.195,62.58],[11.196,62.581],[11.196,62.582],[11.196,62.583],[11.197,62.583],[11.197,62.584],[11.196,62.584],[11.196,62.585],[11.196,62.586],[11.196,62.587],[11.197,62.587],[11.196,62.588],[11.195,62.589],[11.196,62.59],[11.196,62.591],[11.197,62.591],[11.197,62.592],[11.196,62.593],[11.197,62.594],[11.195,62.595],[11.191,62.6],[11.189,62.603],[11.185,62.606],[11.181,62.607],[11.167,62.613],[11.165,62.615],[11.164,62.616],[11.164,62.617],[11.165,62.618],[11.166,62.619],[11.166,62.62],[11.161,62.647],[11.15,62.649],[11.146,62.65],[11.144,62.651],[11.142,62.65],[11.14,62.651],[11.138,62.65],[11.136,62.649],[11.135,62.649],[11.133,62.649],[11.131,62.65],[11.132,62.65],[11.134,62.652],[11.135,62.652],[11.135,62.653],[11.127,62.656],[11.125,62.66],[11.125,62.662],[11.044,62.667],[10.983,62.682],[10.931,62.694],[10.93,62.695],[10.929,62.696],[10.928,62.696],[10.925,62.696],[10.851,62.693],[10.825,62.688],[10.809,62.684],[10.792,62.679],[10.74,62.645],[10.718,62.65],[10.715,62.658],[10.712,62.666],[10.673,62.675],[10.65,62.677],[10.597,62.664],[10.593,62.664],[10.488,62.677],[10.444,62.682],[10.393,62.688],[10.365,62.691],[10.325,62.695],[10.276,62.695],[10.239,62.695],[10.237,62.695],[10.219,62.693],[10.206,62.692],[10.205,62.692],[10.204,62.691],[10.203,62.69],[10.202,62.689],[10.201,62.688],[10.2,62.688],[10.199,62.688],[10.198,62.688],[10.197,62.688],[10.195,62.688],[10.193,62.688],[10.192,62.689],[10.191,62.69],[10.192,62.691],[10.192,62.692],[10.191,62.692],[10.189,62.694],[10.188,62.694],[10.187,62.695],[10.186,62.695],[10.184,62.696],[10.183,62.696],[10.181,62.696],[10.18,62.696],[10.179,62.697],[10.176,62.697],[10.174,62.696],[10.173,62.696],[10.17,62.695],[10.168,62.694],[10.166,62.693],[10.16,62.691],[10.163,62.686],[10.159,62.685],[10.157,62.685],[10.15,62.684],[10.149,62.685],[10.148,62.686],[10.147,62.687],[10.144,62.688],[10.145,62.687],[10.146,62.686],[10.146,62.685],[10.147,62.684],[10.147,62.683],[10.146,62.682],[10.147,62.678],[10.148,62.677],[10.147,62.677],[10.145,62.676],[10.144,62.676],[10.143,62.676],[10.142,62.675],[10.14,62.675],[10.14,62.674],[10.139,62.674],[10.137,62.673],[10.137,62.675],[10.135,62.675],[10.135,62.673],[10.135,62.672],[10.136,62.67],[10.135,62.669],[10.12,62.664],[10.109,62.654],[10.102,62.637],[10.086,62.625],[10.077,62.607],[10.076,62.606],[10.076,62.605],[10.076,62.604],[10.074,62.604],[10.074,62.603],[10.074,62.602],[10.071,62.602],[10.068,62.601],[10.057,62.6],[10.047,62.597],[10.039,62.59],[10.027,62.586],[10.027,62.58],[10.028,62.58],[10.028,62.579],[10.028,62.578],[10.029,62.577],[10.03,62.577],[10.031,62.576],[10.031,62.575],[10.032,62.573],[10.033,62.572],[10.034,62.572],[10.035,62.571],[10.035,62.57],[10.036,62.569],[10.039,62.568],[10.006,62.558],[10.02,62.534],[10.02,62.533],[10.032,62.514],[10.039,62.503],[10.041,62.5],[10.057,62.48],[10.082,62.447],[10.098,62.428],[10.067,62.421],[10.059,62.42],[10.036,62.415],[10.017,62.411],[9.965,62.4],[9.952,62.397],[9.952,62.394],[9.953,62.384],[9.953,62.381],[9.934,62.355],[9.9,62.344],[9.839,62.362],[9.837,62.359],[9.833,62.355],[9.83,62.352],[9.829,62.351],[9.827,62.35],[9.826,62.349],[9.825,62.348],[9.824,62.347],[9.822,62.344],[9.821,62.343],[9.824,62.343],[9.826,62.342],[9.828,62.342],[9.829,62.34],[9.834,62.34],[9.838,62.34],[9.839,62.34],[9.842,62.339],[9.843,62.339],[9.843,62.337],[9.844,62.337],[9.845,62.337],[9.846,62.336],[9.845,62.335],[9.844,62.335],[9.843,62.334],[9.844,62.333],[9.846,62.333],[9.849,62.332],[9.852,62.332],[9.854,62.332],[9.855,62.331],[9.853,62.33],[9.851,62.33],[9.848,62.33],[9.845,62.33],[9.842,62.33],[9.839,62.331],[9.837,62.33],[9.835,62.33],[9.834,62.329],[9.834,62.328],[9.833,62.326],[9.833,62.325],[9.834,62.322],[9.835,62.322],[9.835,62.321],[9.835,62.32],[9.836,62.319],[9.838,62.317],[9.839,62.316],[9.84,62.315],[9.838,62.314],[9.836,62.313],[9.834,62.312],[9.833,62.311],[9.833,62.31],[9.835,62.31],[9.834,62.309],[9.835,62.309],[9.835,62.307],[9.834,62.307],[9.833,62.306],[9.829,62.305],[9.828,62.304],[9.828,62.303],[9.828,62.301],[9.827,62.301],[9.827,62.3],[9.827,62.299],[9.826,62.299],[9.821,62.297],[9.819,62.297],[9.817,62.296],[9.815,62.295],[9.814,62.295],[9.81,62.293],[9.807,62.292],[9.805,62.291],[9.803,62.29],[9.802,62.289],[9.801,62.289],[9.8,62.289],[9.798,62.288],[9.797,62.288],[9.796,62.288],[9.794,62.288],[9.792,62.288],[9.771,62.286],[9.753,62.285],[9.718,62.283],[9.692,62.277],[9.688,62.276],[9.653,62.268],[9.634,62.263],[9.627,62.262],[9.609,62.257],[9.602,62.256],[9.58,62.261],[9.568,62.265],[9.565,62.266],[9.551,62.269],[9.547,62.27],[9.515,62.278],[9.505,62.283],[9.488,62.291],[9.487,62.292],[9.484,62.292],[9.442,62.301],[9.412,62.307],[9.396,62.31],[9.392,62.311],[9.383,62.313],[9.378,62.314],[9.361,62.318],[9.357,62.318],[9.349,62.32],[9.32,62.325],[9.305,62.328],[9.288,62.331],[9.279,62.332],[9.254,62.336],[9.224,62.342],[9.217,62.342],[9.213,62.343],[9.178,62.349],[9.164,62.352],[9.138,62.356],[9.13,62.358],[9.112,62.361],[9.097,62.363],[9.08,62.368],[9.062,62.373],[9.037,62.365],[9.023,62.36],[9.02,62.359],[9.019,62.359],[9.016,62.359],[9.005,62.358],[8.992,62.356],[8.971,62.354],[8.932,62.353],[8.919,62.353],[8.89,62.375],[8.835,62.377],[8.793,62.378],[8.756,62.377],[8.732,62.377],[8.718,62.376],[8.698,62.376],[8.652,62.375],[8.635,62.374],[8.626,62.374],[8.623,62.374],[8.604,62.372],[8.557,62.369],[8.463,62.363],[8.392,62.364],[8.389,62.364],[8.386,62.363],[8.307,62.352],[8.275,62.348],[8.237,62.338],[8.236,62.338],[8.218,62.334],[8.208,62.332],[8.206,62.332],[8.194,62.323],[8.188,62.318],[8.18,62.313],[8.176,62.31],[8.175,62.309],[8.17,62.305],[8.158,62.301],[8.144,62.297],[8.141,62.295],[8.137,62.293],[8.136,62.292],[8.135,62.292],[8.134,62.291],[8.132,62.291],[8.131,62.291],[8.132,62.29],[8.131,62.29],[8.131,62.288],[8.131,62.287],[8.13,62.286],[8.128,62.285],[8.127,62.284],[8.126,62.283],[8.124,62.283],[8.124,62.282],[8.123,62.281],[8.12,62.281],[8.119,62.28],[8.119,62.279],[8.118,62.279],[8.118,62.278],[8.115,62.276],[8.114,62.276],[8.113,62.275],[8.112,62.275],[8.111,62.274],[8.11,62.274],[8.109,62.272],[8.108,62.271],[8.107,62.27],[8.108,62.27],[8.101,62.264],[8.097,62.261],[8.095,62.259],[8.094,62.259],[8.093,62.258],[8.092,62.257],[8.091,62.257],[8.09,62.256],[8.088,62.256],[8.087,62.255],[8.086,62.254],[8.085,62.254],[8.083,62.254],[8.082,62.253],[8.08,62.252],[8.08,62.251],[8.077,62.249],[8.07,62.244],[8.06,62.237],[8.056,62.234],[8.042,62.223],[8.007,62.196],[7.984,62.177],[7.921,62.173],[7.887,62.172],[7.864,62.171],[7.827,62.19],[7.791,62.187],[7.783,62.186],[7.76,62.186],[7.735,62.185],[7.718,62.175],[7.71,62.171],[7.655,62.141],[7.579,62.122],[7.61,62.103],[7.612,62.099],[7.632,62.085],[7.592,62.075],[7.584,62.065],[7.554,62.069],[7.514,62.097],[7.486,62.09],[7.451,62.088],[7.415,62.092],[7.408,62.088],[7.416,62.085],[7.419,62.082],[7.419,62.081],[7.418,62.081],[7.415,62.081],[7.41,62.077],[7.41,62.075],[7.41,62.074],[7.408,62.072],[7.406,62.069],[7.405,62.069],[7.403,62.068],[7.401,62.068],[7.4,62.068],[7.4,62.067],[7.399,62.067],[7.4,62.065],[7.4,62.064],[7.399,62.063],[7.399,62.062],[7.403,62.061],[7.402,62.06],[7.399,62.059],[7.398,62.059],[7.396,62.057],[7.394,62.056],[7.393,62.056],[7.39,62.055],[7.389,62.054],[7.387,62.053],[7.387,62.052],[7.384,62.052],[7.343,62.035],[7.353,62.029],[7.352,62.024],[7.352,62.018],[7.349,62.008],[7.368,62.003],[7.381,62.003],[7.388,61.998],[7.39,61.996],[7.393,61.993],[7.399,61.978],[7.398,61.973],[7.394,61.956],[7.389,61.933],[7.409,61.9],[7.414,61.892],[7.413,61.858],[7.423,61.845],[7.424,61.844],[7.431,61.837],[7.443,61.826],[7.448,61.82],[7.452,61.817],[7.468,61.801],[7.47,61.8],[7.482,61.788],[7.492,61.778],[7.493,61.777],[7.496,61.775],[7.496,61.774],[7.515,61.76],[7.515,61.75],[7.515,61.743],[7.514,61.739],[7.514,61.727],[7.53,61.73],[7.544,61.731],[7.551,61.732],[7.572,61.735],[7.597,61.738],[7.629,61.741],[7.631,61.742],[7.635,61.742],[7.644,61.742],[7.651,61.742],[7.66,61.742],[7.676,61.743],[7.685,61.743],[7.698,61.745],[7.718,61.749],[7.724,61.75],[7.736,61.752],[7.753,61.755],[7.792,61.75],[7.842,61.743],[7.846,61.742],[7.861,61.737],[7.887,61.729],[7.908,61.722],[7.907,61.703],[7.904,61.679],[7.896,61.644],[7.933,61.602],[7.943,61.582],[7.947,61.557],[8.016,61.54],[8.089,61.528],[8.118,61.523],[8.196,61.548],[8.213,61.544],[8.262,61.534],[8.269,61.523],[8.273,61.517],[8.288,61.49],[8.304,61.479],[8.321,61.457],[8.322,61.456],[8.303,61.446],[8.275,61.431],[8.231,61.43],[8.219,61.43],[8.217,61.43],[8.216,61.43],[8.215,61.43],[8.192,61.439],[8.171,61.432],[8.15,61.427],[8.151,61.422],[8.153,61.411],[8.154,61.407],[8.155,61.399],[8.156,61.398],[8.157,61.398],[8.156,61.397],[8.155,61.396],[8.155,61.395],[8.157,61.394],[8.158,61.393],[8.158,61.392],[8.159,61.39],[8.16,61.389],[8.159,61.388],[8.162,61.387],[8.161,61.386],[8.162,61.385],[8.161,61.384],[8.161,61.383],[8.161,61.382],[8.161,61.381],[8.16,61.38],[8.159,61.38],[8.157,61.38],[8.156,61.379],[8.156,61.377],[8.156,61.375],[8.157,61.374],[8.158,61.371],[8.16,61.37],[8.161,61.368],[8.163,61.367],[8.165,61.366],[8.167,61.364],[8.168,61.364],[8.169,61.364],[8.17,61.364],[8.171,61.363],[8.172,61.362],[8.174,61.361],[8.177,61.36],[8.178,61.36],[8.178,61.359],[8.18,61.357],[8.182,61.357],[8.184,61.357],[8.188,61.355],[8.189,61.355],[8.19,61.355],[8.191,61.355],[8.193,61.354],[8.194,61.354],[8.197,61.353],[8.2,61.353],[8.203,61.353],[8.204,61.353],[8.205,61.354],[8.206,61.355],[8.209,61.356],[8.213,61.356],[8.214,61.355],[8.216,61.354],[8.218,61.353],[8.218,61.352],[8.218,61.351],[8.219,61.351],[8.219,61.35],[8.219,61.349],[8.22,61.348],[8.221,61.348],[8.221,61.347],[8.22,61.347],[8.22,61.346],[8.222,61.344],[8.224,61.343],[8.225,61.342],[8.226,61.342],[8.228,61.343],[8.23,61.342],[8.232,61.341],[8.233,61.341],[8.234,61.341],[8.235,61.34],[8.236,61.34],[8.241,61.339],[8.248,61.34],[8.25,61.34],[8.251,61.339],[8.251,61.338],[8.251,61.334],[8.249,61.333],[8.247,61.331],[8.246,61.33],[8.244,61.33],[8.243,61.329],[8.243,61.328],[8.242,61.328],[8.242,61.327],[8.241,61.327],[8.241,61.326],[8.24,61.325],[8.242,61.324],[8.242,61.323],[8.243,61.323],[8.244,61.322],[8.244,61.321],[8.242,61.321],[8.24,61.321],[8.239,61.321],[8.24,61.32],[8.239,61.32],[8.237,61.32],[8.236,61.32],[8.235,61.32],[8.235,61.319],[8.237,61.319],[8.236,61.318],[8.235,61.317],[8.233,61.316],[8.231,61.316],[8.231,61.315],[8.232,61.315],[8.231,61.314],[8.23,61.315],[8.228,61.315],[8.228,61.314],[8.227,61.315],[8.226,61.315],[8.226,61.316],[8.225,61.316],[8.224,61.316],[8.223,61.317],[8.222,61.317],[8.221,61.318],[8.219,61.318],[8.219,61.317],[8.22,61.317],[8.22,61.316],[8.219,61.316],[8.218,61.315],[8.218,61.314],[8.219,61.314],[8.219,61.313],[8.22,61.313],[8.222,61.312],[8.222,61.311],[8.223,61.31],[8.222,61.31],[8.222,61.308],[8.222,61.307],[8.221,61.307],[8.22,61.307],[8.219,61.307],[8.218,61.307],[8.216,61.308],[8.215,61.308],[8.214,61.308],[8.212,61.308],[8.211,61.307],[8.212,61.306],[8.212,61.305],[8.211,61.305],[8.209,61.304],[8.208,61.304],[8.205,61.304],[8.204,61.304],[8.203,61.305],[8.201,61.305],[8.199,61.305],[8.198,61.305],[8.197,61.305],[8.195,61.305],[8.194,61.305],[8.193,61.305],[8.192,61.305],[8.191,61.305],[8.19,61.304],[8.189,61.304],[8.189,61.303],[8.188,61.303],[8.187,61.303],[8.186,61.304],[8.184,61.304],[8.183,61.304],[8.18,61.305],[8.178,61.305],[8.177,61.305],[8.176,61.305],[8.176,61.304],[8.175,61.304],[8.175,61.303],[8.174,61.302],[8.174,61.301],[8.174,61.3],[8.173,61.299],[8.173,61.3],[8.172,61.301],[8.171,61.301],[8.171,61.302],[8.17,61.302],[8.17,61.3],[8.169,61.3],[8.168,61.299],[8.166,61.299],[8.166,61.298],[8.165,61.297],[8.164,61.296],[8.163,61.295],[8.162,61.294],[8.162,61.293],[8.161,61.292],[8.161,61.291],[8.159,61.291],[8.158,61.29],[8.157,61.29],[8.156,61.289],[8.155,61.288],[8.156,61.288],[8.156,61.287],[8.154,61.287],[8.152,61.286],[8.151,61.286],[8.148,61.284],[8.147,61.284],[8.147,61.283],[8.145,61.282],[8.144,61.282],[8.143,61.281],[8.141,61.279],[8.14,61.279],[8.136,61.279],[8.134,61.278],[8.133,61.278],[8.134,61.277],[8.135,61.277],[8.135,61.276],[8.136,61.276],[8.137,61.276],[8.137,61.275],[8.139,61.275],[8.139,61.276],[8.141,61.276],[8.141,61.275],[8.142,61.275],[8.136,61.269],[8.13,61.267],[8.122,61.264],[8.11,61.26],[8.099,61.257],[8.093,61.255],[8.071,61.249],[8.067,61.248],[8.051,61.233],[8.044,61.233],[8.022,61.235],[8.007,61.235],[8.007,61.234],[8.007,61.232],[8.007,61.231],[8.008,61.23],[8.011,61.228],[8.013,61.227],[8.017,61.226],[8.031,61.222],[8.034,61.222],[8.037,61.222],[8.044,61.222],[8.045,61.222],[8.053,61.22],[8.051,61.212],[8.056,61.201],[8.061,61.193],[8.044,61.181],[8.044,61.179],[8.048,61.174],[8.049,61.174],[8.051,61.175],[8.053,61.176],[8.055,61.176],[8.056,61.177],[8.059,61.177],[8.06,61.177],[8.061,61.177],[8.063,61.178],[8.064,61.179],[8.065,61.179],[8.067,61.179],[8.069,61.179],[8.07,61.179],[8.074,61.179],[8.074,61.18],[8.076,61.18],[8.08,61.17],[8.081,61.167],[8.083,61.162],[8.101,61.146],[8.127,61.123],[8.136,61.116],[8.134,61.11],[8.144,61.11],[8.17,61.103],[8.195,61.096],[8.2,61.094],[8.213,61.092],[8.215,61.091],[8.221,61.089],[8.223,61.089],[8.224,61.088],[8.225,61.087],[8.225,61.085],[8.23,61.082],[8.233,61.081],[8.236,61.08],[8.237,61.079],[8.239,61.079],[8.243,61.077],[8.247,61.077],[8.249,61.075],[8.252,61.074],[8.27,61.081],[8.309,61.092],[8.36,61.055],[8.366,61.048],[8.425,61.029],[8.431,61.028],[8.433,61.028],[8.436,61.026],[8.442,61.021],[8.445,61.02],[8.447,61.02],[8.452,61.019],[8.457,61.019],[8.459,61.019],[8.465,61.018],[8.466,61.019],[8.468,61.019],[8.477,61.021],[8.481,61.022],[8.499,61.018],[8.503,61.018],[8.509,61.018],[8.51,61.017],[8.511,61.016],[8.51,61.015],[8.511,61.014],[8.511,61.013],[8.513,61.013],[8.515,61.013],[8.516,61.013],[8.522,61.013],[8.523,61.012],[8.527,61.012],[8.543,61.01],[8.547,61.008],[8.55,61.007],[8.553,61.005],[8.554,61.005],[8.559,61.004],[8.564,61],[8.569,60.995],[8.581,60.994],[8.585,60.992],[8.592,60.989],[8.599,60.986],[8.608,60.982],[8.609,60.979],[8.614,60.976],[8.618,60.975],[8.626,60.971],[8.627,60.97],[8.628,60.968],[8.627,60.966],[8.633,60.962],[8.631,60.961],[8.63,60.961],[8.629,60.96],[8.627,60.96],[8.628,60.959],[8.629,60.959],[8.63,60.958],[8.629,60.958],[8.63,60.957],[8.629,60.956],[8.628,60.956],[8.627,60.955],[8.626,60.955],[8.625,60.955],[8.624,60.954],[8.622,60.953],[8.621,60.952],[8.631,60.948],[8.639,60.946],[8.648,60.942],[8.657,60.939],[8.654,60.936],[8.693,60.925],[8.733,60.92],[8.762,60.913],[8.814,60.901],[8.829,60.9],[8.835,60.9],[8.846,60.899],[8.851,60.899],[8.859,60.898],[8.871,60.897],[8.88,60.897],[8.887,60.897],[8.889,60.897],[8.891,60.897],[8.893,60.896],[8.894,60.895],[8.896,60.894],[8.896,60.893],[8.895,60.892],[8.895,60.891],[8.894,60.89],[8.895,60.889],[8.896,60.888],[8.896,60.887],[8.897,60.886],[8.898,60.884],[8.897,60.883],[8.898,60.883],[8.901,60.882],[8.901,60.881],[8.902,60.881],[8.901,60.88],[8.901,60.879],[8.904,60.879],[8.906,60.879],[8.907,60.878],[8.909,60.877],[8.911,60.876],[8.912,60.875],[8.912,60.873],[8.913,60.873],[8.914,60.872],[8.919,60.869],[8.919,60.863],[8.934,60.862],[8.938,60.861],[8.943,60.859],[8.952,60.856],[8.964,60.852],[8.992,60.843],[8.999,60.843],[9.001,60.842],[9.01,60.84],[9.014,60.84],[9.016,60.84],[9.016,60.839],[9.015,60.839],[9.019,60.838],[9.025,60.835],[9.026,60.835],[9.027,60.835],[9.032,60.834],[9.034,60.833],[9.036,60.833],[9.037,60.833],[9.04,60.833],[9.041,60.832],[9.041,60.831],[9.049,60.829],[9.054,60.827],[9.071,60.822],[9.089,60.816],[9.12,60.813],[9.147,60.807],[9.162,60.8],[9.166,60.799],[9.181,60.794],[9.183,60.794],[9.185,60.793],[9.185,60.792],[9.186,60.792],[9.19,60.791],[9.191,60.791],[9.192,60.791],[9.193,60.791],[9.193,60.79],[9.194,60.79],[9.194,60.788],[9.195,60.786],[9.202,60.78],[9.216,60.771],[9.242,60.767],[9.258,60.767],[9.291,60.762],[9.302,60.748],[9.305,60.745],[9.309,60.743],[9.324,60.734],[9.327,60.733],[9.332,60.73],[9.331,60.723],[9.331,60.718],[9.33,60.714],[9.329,60.708],[9.324,60.704],[9.322,60.703],[9.318,60.699],[9.318,60.694],[9.318,60.693],[9.319,60.688],[9.319,60.687],[9.319,60.686],[9.319,60.684],[9.319,60.682],[9.32,60.681],[9.321,60.681],[9.322,60.681],[9.322,60.68],[9.321,60.68],[9.323,60.679],[9.324,60.679],[9.325,60.678],[9.327,60.676],[9.328,60.676],[9.328,60.675],[9.33,60.674],[9.331,60.674],[9.336,60.672],[9.345,60.67],[9.353,60.667],[9.354,60.664],[9.355,60.663],[9.357,60.658],[9.358,60.657],[9.358,60.656],[9.362,60.652],[9.366,60.648],[9.366,60.647],[9.365,60.646],[9.365,60.645],[9.361,60.64],[9.361,60.639],[9.362,60.638],[9.361,60.637],[9.362,60.636],[9.363,60.635],[9.363,60.634],[9.365,60.634],[9.366,60.633],[9.367,60.631],[9.367,60.63],[9.368,60.63],[9.37,60.629],[9.371,60.628],[9.373,60.627],[9.374,60.627],[9.374,60.626],[9.375,60.626],[9.377,60.623],[9.379,60.621],[9.381,60.62],[9.384,60.619],[9.386,60.618],[9.389,60.617],[9.393,60.616],[9.396,60.615],[9.4,60.614],[9.406,60.614],[9.411,60.614],[9.417,60.614],[9.42,60.613],[9.421,60.613],[9.423,60.612],[9.424,60.611],[9.425,60.609],[9.425,60.607],[9.425,60.606],[9.426,60.605],[9.429,60.603],[9.431,60.602],[9.433,60.601],[9.434,60.6],[9.435,60.6],[9.435,60.598],[9.433,60.597],[9.433,60.596],[9.432,60.595],[9.431,60.595],[9.429,60.594],[9.427,60.593],[9.425,60.592],[9.424,60.592],[9.423,60.591],[9.422,60.59],[9.421,60.589],[9.419,60.587],[9.418,60.587],[9.416,60.585],[9.413,60.585],[9.413,60.584],[9.411,60.583],[9.411,60.581],[9.412,60.58],[9.412,60.577],[9.412,60.576],[9.411,60.575],[9.41,60.575],[9.41,60.574],[9.41,60.573],[9.411,60.573],[9.411,60.572],[9.41,60.571],[9.41,60.57],[9.41,60.569],[9.411,60.568],[9.412,60.568],[9.412,60.567],[9.412,60.564],[9.412,60.562],[9.412,60.561],[9.413,60.561],[9.413,60.56],[9.414,60.559],[9.413,60.558],[9.414,60.558],[9.414,60.557],[9.413,60.556],[9.414,60.556],[9.415,60.555],[9.415,60.554],[9.415,60.553],[9.415,60.552],[9.416,60.552],[9.417,60.551],[9.418,60.55],[9.417,60.55],[9.417,60.548],[9.418,60.548],[9.419,60.548],[9.421,60.548],[9.429,60.546],[9.431,60.546],[9.432,60.545],[9.433,60.545],[9.435,60.545],[9.436,60.545],[9.445,60.544],[9.447,60.544],[9.449,60.544],[9.453,60.542],[9.458,60.541],[9.477,60.531],[9.479,60.53],[9.48,60.53],[9.481,60.53],[9.483,60.529],[9.484,60.529],[9.486,60.529],[9.488,60.528],[9.49,60.529],[9.491,60.528],[9.492,60.528],[9.494,60.528],[9.496,60.528],[9.498,60.528],[9.502,60.528],[9.506,60.528],[9.509,60.529],[9.511,60.529],[9.512,60.529],[9.513,60.528],[9.514,60.528],[9.516,60.528],[9.516,60.529],[9.517,60.529],[9.516,60.53],[9.517,60.531],[9.521,60.532],[9.523,60.532],[9.536,60.533],[9.549,60.533],[9.557,60.534],[9.572,60.534],[9.579,60.534],[9.583,60.535],[9.588,60.536],[9.604,60.538],[9.606,60.539],[9.607,60.539],[9.608,60.538],[9.608,60.537],[9.61,60.534],[9.611,60.532],[9.611,60.531],[9.611,60.53],[9.612,60.53],[9.612,60.529],[9.613,60.528],[9.612,60.527],[9.613,60.527],[9.613,60.526],[9.613,60.525],[9.614,60.523],[9.615,60.522],[9.616,60.521],[9.616,60.52],[9.615,60.519],[9.614,60.519],[9.614,60.518],[9.613,60.516],[9.613,60.515],[9.613,60.514],[9.615,60.513],[9.616,60.513],[9.617,60.513],[9.618,60.513],[9.619,60.512],[9.619,60.511],[9.619,60.509],[9.62,60.509],[9.62,60.508],[9.619,60.507],[9.618,60.506],[9.616,60.505],[9.615,60.504],[9.613,60.503],[9.612,60.503],[9.61,60.501],[9.612,60.5],[9.614,60.5],[9.616,60.5],[9.617,60.5],[9.635,60.496],[9.636,60.495],[9.639,60.493],[9.648,60.491],[9.677,60.483],[9.679,60.483],[9.693,60.48],[9.718,60.474],[9.717,60.473],[9.718,60.472],[9.717,60.472],[9.719,60.471],[9.72,60.471],[9.722,60.471],[9.723,60.472],[9.788,60.457],[9.801,60.454],[9.815,60.455],[9.822,60.456],[9.831,60.456],[9.83,60.457],[9.83,60.458],[9.831,60.459],[9.831,60.461],[9.829,60.462],[9.829,60.463],[9.829,60.464],[9.83,60.464],[9.83,60.465],[9.831,60.468],[9.83,60.468],[9.829,60.469],[9.829,60.47],[9.828,60.471],[9.828,60.472],[9.827,60.473],[9.828,60.475],[9.826,60.475],[9.827,60.476],[9.828,60.477],[9.829,60.477],[9.829,60.478],[9.829,60.479],[9.828,60.48],[9.828,60.481],[9.827,60.481],[9.826,60.482],[9.826,60.483],[9.827,60.483],[9.827,60.484],[9.826,60.484],[9.825,60.485],[9.825,60.486],[9.824,60.487],[9.825,60.488],[9.824,60.489],[9.824,60.49],[9.825,60.49],[9.824,60.491],[9.825,60.492],[9.825,60.493],[9.826,60.493],[9.825,60.494],[9.824,60.494],[9.823,60.494],[9.822,60.495],[9.823,60.496],[9.824,60.496],[9.824,60.497],[9.822,60.497],[9.821,60.498],[9.821,60.499],[9.822,60.5],[9.82,60.501],[9.821,60.501],[9.82,60.502],[9.819,60.503],[9.817,60.502],[9.816,60.502],[9.815,60.503],[9.814,60.504],[9.814,60.505],[9.816,60.506],[9.815,60.506],[9.815,60.507],[9.816,60.508],[9.816,60.509],[9.817,60.509],[9.816,60.51],[9.815,60.511],[9.814,60.511],[9.813,60.512],[9.811,60.512],[9.812,60.513],[9.813,60.513],[9.812,60.514],[9.812,60.515],[9.812,60.516],[9.814,60.517],[9.815,60.518],[9.816,60.519],[9.816,60.52],[9.816,60.522],[9.816,60.523],[9.817,60.523],[9.817,60.524],[9.817,60.526],[9.816,60.526],[9.815,60.528],[9.815,60.529],[9.815,60.531],[9.815,60.532],[9.814,60.533],[9.813,60.534],[9.813,60.535],[9.814,60.535],[9.813,60.536],[9.812,60.537],[9.811,60.538],[9.812,60.539],[9.812,60.54],[9.812,60.541],[9.812,60.543],[9.812,60.545],[9.812,60.547],[9.811,60.548],[9.811,60.549],[9.811,60.55],[9.813,60.55],[9.812,60.552],[9.812,60.553],[9.811,60.554],[9.811,60.555],[9.81,60.556],[9.812,60.558],[9.813,60.559],[9.814,60.559],[9.815,60.56],[9.816,60.561],[9.817,60.562],[9.821,60.566],[9.821,60.567],[9.825,60.571],[9.828,60.575],[9.832,60.58],[9.843,60.587],[9.843,60.586],[9.843,60.585],[9.844,60.584],[9.844,60.583],[9.844,60.582],[9.844,60.58],[9.843,60.579],[9.844,60.578],[9.845,60.578],[9.847,60.577],[9.848,60.577],[9.848,60.576],[9.848,60.575],[9.849,60.575],[9.849,60.574],[9.85,60.572],[9.851,60.572],[9.851,60.571],[9.852,60.57],[9.853,60.569],[9.853,60.568],[9.855,60.569],[9.857,60.571],[9.86,60.572],[9.862,60.572],[9.864,60.574],[9.866,60.575],[9.868,60.577],[9.87,60.577],[9.871,60.578],[9.873,60.579],[9.874,60.58],[9.875,60.581],[9.878,60.582],[9.88,60.583],[9.881,60.584],[9.882,60.584],[9.884,60.585],[9.894,60.588],[9.896,60.589],[9.898,60.589],[9.901,60.59],[9.906,60.592],[9.909,60.593],[9.912,60.594],[9.918,60.596],[9.923,60.597],[9.925,60.598],[9.932,60.6],[9.936,60.601],[9.941,60.601],[9.944,60.603],[9.946,60.605],[9.947,60.606],[9.948,60.607],[9.949,60.608],[9.949,60.609],[9.951,60.61],[9.952,60.611],[9.95,60.612],[9.949,60.613],[9.949,60.614],[9.948,60.615],[9.946,60.615],[9.944,60.616],[9.942,60.616],[9.937,60.615],[9.935,60.615],[9.934,60.615],[9.932,60.615],[9.93,60.615],[9.929,60.616],[9.926,60.618],[9.925,60.619],[9.923,60.619],[9.921,60.62],[9.92,60.62],[9.919,60.621],[9.918,60.623],[9.915,60.625],[9.914,60.626],[9.912,60.627],[9.911,60.627],[9.909,60.628],[9.906,60.63],[9.904,60.632],[9.904,60.633],[9.903,60.634],[9.906,60.635],[9.909,60.634],[9.912,60.634],[9.914,60.634],[9.915,60.634],[9.917,60.634],[9.921,60.633],[9.922,60.634],[9.924,60.635],[9.926,60.635],[9.927,60.635],[9.932,60.635],[9.936,60.636],[9.939,60.636],[9.943,60.636],[9.947,60.636],[9.95,60.637],[9.953,60.637],[9.957,60.637],[9.96,60.637],[9.963,60.638],[9.966,60.638],[9.973,60.638],[9.976,60.637],[9.981,60.637],[9.99,60.636],[9.992,60.636],[9.995,60.636],[9.999,60.635],[10,60.635],[10.001,60.635],[10.005,60.634],[10.009,60.634],[10.014,60.633],[10.02,60.633],[10.022,60.633],[10.026,60.633],[10.029,60.632],[10.035,60.632],[10.052,60.618],[10.065,60.608],[10.067,60.604],[10.067,60.603],[10.069,60.601],[10.071,60.6],[10.072,60.598],[10.075,60.592],[10.075,60.591],[10.076,60.59],[10.077,60.588],[10.077,60.587],[10.079,60.585],[10.082,60.583],[10.082,60.581],[10.083,60.579],[10.084,60.578],[10.084,60.577],[10.085,60.575],[10.087,60.573],[10.09,60.569],[10.092,60.566],[10.092,60.565],[10.093,60.564],[10.092,60.563],[10.093,60.562],[10.094,60.56],[10.098,60.559],[10.099,60.559],[10.103,60.558],[10.106,60.557],[10.107,60.557],[10.108,60.556],[10.109,60.556],[10.109,60.555],[10.109,60.554],[10.11,60.554],[10.109,60.553],[10.108,60.552],[10.109,60.551],[10.109,60.55],[10.107,60.55],[10.107,60.549],[10.108,60.549],[10.109,60.549],[10.11,60.547],[10.111,60.546],[10.112,60.545],[10.113,60.545],[10.115,60.544],[10.116,60.543],[10.118,60.542],[10.119,60.541],[10.12,60.541],[10.12,60.54],[10.121,60.54],[10.12,60.539],[10.123,60.537],[10.125,60.536],[10.129,60.534],[10.135,60.532],[10.14,60.53],[10.154,60.525],[10.156,60.522],[10.157,60.521],[10.157,60.52],[10.156,60.519],[10.157,60.518],[10.158,60.516],[10.158,60.514],[10.158,60.513],[10.16,60.509],[10.161,60.507],[10.162,60.501],[10.163,60.5],[10.164,60.499],[10.166,60.499],[10.168,60.497],[10.168,60.496],[10.168,60.495],[10.168,60.494],[10.169,60.492],[10.17,60.49],[10.172,60.488],[10.173,60.486],[10.174,60.484],[10.175,60.48],[10.176,60.478],[10.175,60.475],[10.174,60.475],[10.174,60.473],[10.173,60.473],[10.173,60.472],[10.173,60.471],[10.173,60.47],[10.173,60.468],[10.173,60.467],[10.174,60.465],[10.175,60.465],[10.175,60.461],[10.175,60.46],[10.176,60.457],[10.177,60.455],[10.178,60.453],[10.179,60.451],[10.181,60.442],[10.181,60.441],[10.181,60.44],[10.182,60.438],[10.182,60.437],[10.182,60.436],[10.182,60.434],[10.183,60.432],[10.184,60.431],[10.184,60.428],[10.185,60.426],[10.186,60.424],[10.187,60.422],[10.188,60.42],[10.188,60.419],[10.189,60.417],[10.189,60.416],[10.189,60.415],[10.189,60.412],[10.19,60.409],[10.191,60.407],[10.192,60.404],[10.194,60.402],[10.194,60.401],[10.194,60.4],[10.199,60.4],[10.2,60.4],[10.202,60.4],[10.203,60.4],[10.207,60.399],[10.208,60.399],[10.207,60.398],[10.206,60.398],[10.205,60.397],[10.203,60.395],[10.202,60.393],[10.202,60.392],[10.206,60.392],[10.219,60.393],[10.229,60.393],[10.235,60.393],[10.236,60.393],[10.248,60.393],[10.261,60.394],[10.265,60.393],[10.268,60.392],[10.273,60.39],[10.277,60.388],[10.278,60.388],[10.281,60.387],[10.283,60.386],[10.289,60.384],[10.294,60.382],[10.295,60.382],[10.299,60.38],[10.304,60.379],[10.306,60.378],[10.312,60.376],[10.314,60.375],[10.322,60.372],[10.326,60.371],[10.33,60.369],[10.331,60.369],[10.332,60.368],[10.334,60.368],[10.335,60.368],[10.336,60.368],[10.337,60.367],[10.338,60.367],[10.339,60.366],[10.341,60.367],[10.341,60.368],[10.343,60.368],[10.344,60.369],[10.345,60.369],[10.346,60.369],[10.348,60.369],[10.349,60.37],[10.35,60.37],[10.35,60.371],[10.352,60.371],[10.352,60.372],[10.353,60.372],[10.354,60.373],[10.355,60.373],[10.388,60.375],[10.386,60.356],[10.377,60.338],[10.365,60.328],[10.366,60.321],[10.384,60.317],[10.386,60.317],[10.388,60.317],[10.39,60.317],[10.392,60.317],[10.395,60.317],[10.398,60.316],[10.4,60.317],[10.402,60.317],[10.404,60.317],[10.406,60.317],[10.408,60.317],[10.41,60.317],[10.411,60.317],[10.412,60.318],[10.415,60.318],[10.415,60.317],[10.415,60.316],[10.416,60.315],[10.416,60.314],[10.416,60.313],[10.418,60.313],[10.419,60.314],[10.42,60.313],[10.422,60.313],[10.423,60.313],[10.425,60.313],[10.428,60.313],[10.429,60.314],[10.431,60.314],[10.432,60.314],[10.434,60.315],[10.435,60.315],[10.436,60.315],[10.438,60.316],[10.441,60.316],[10.447,60.316],[10.451,60.316],[10.453,60.317],[10.457,60.317],[10.458,60.318],[10.46,60.318],[10.461,60.319],[10.462,60.319],[10.463,60.32],[10.464,60.321],[10.466,60.321],[10.467,60.322],[10.469,60.322],[10.471,60.322],[10.475,60.322],[10.479,60.322],[10.481,60.323],[10.483,60.323],[10.485,60.323],[10.486,60.324],[10.488,60.324],[10.489,60.324],[10.49,60.324],[10.491,60.324],[10.492,60.324],[10.494,60.324],[10.495,60.324],[10.496,60.324],[10.498,60.324],[10.499,60.324],[10.5,60.325],[10.502,60.325],[10.503,60.325],[10.506,60.325],[10.507,60.325],[10.51,60.326],[10.511,60.325],[10.519,60.325],[10.52,60.325],[10.52,60.324],[10.521,60.323],[10.523,60.323],[10.524,60.322],[10.525,60.322],[10.528,60.322],[10.528,60.323],[10.527,60.324],[10.527,60.325],[10.526,60.325],[10.544,60.327],[10.546,60.327],[10.547,60.328],[10.548,60.327],[10.553,60.327],[10.554,60.327],[10.556,60.327],[10.557,60.325],[10.558,60.326],[10.558,60.325],[10.558,60.323],[10.558,60.322],[10.559,60.321],[10.564,60.322],[10.566,60.322],[10.567,60.322],[10.568,60.323],[10.57,60.324],[10.572,60.324],[10.572,60.323],[10.574,60.324],[10.575,60.324],[10.579,60.324],[10.58,60.324],[10.581,60.323],[10.581,60.322],[10.582,60.322],[10.582,60.321],[10.582,60.32],[10.583,60.319],[10.584,60.319],[10.585,60.319],[10.585,60.318],[10.587,60.319],[10.589,60.319],[10.589,60.32],[10.59,60.32],[10.591,60.321],[10.592,60.321],[10.594,60.321],[10.597,60.322],[10.599,60.322],[10.6,60.322],[10.601,60.322],[10.602,60.322],[10.602,60.321],[10.602,60.32],[10.602,60.319],[10.602,60.318],[10.603,60.318],[10.603,60.317],[10.604,60.315],[10.604,60.314],[10.604,60.313],[10.604,60.312],[10.605,60.312],[10.605,60.313],[10.607,60.314],[10.608,60.313],[10.61,60.314],[10.611,60.315],[10.612,60.315],[10.613,60.315],[10.613,60.316],[10.614,60.317],[10.615,60.317],[10.615,60.319],[10.618,60.319],[10.618,60.321],[10.617,60.322],[10.62,60.322],[10.62,60.321],[10.621,60.32],[10.622,60.32],[10.624,60.32],[10.625,60.32],[10.626,60.32],[10.629,60.321],[10.63,60.322],[10.629,60.322],[10.63,60.323],[10.63,60.324],[10.631,60.324],[10.631,60.325],[10.633,60.326],[10.635,60.326],[10.638,60.326],[10.639,60.326],[10.64,60.326],[10.641,60.325],[10.642,60.325],[10.643,60.324],[10.643,60.323],[10.645,60.323],[10.648,60.324],[10.652,60.324],[10.655,60.325],[10.658,60.325],[10.661,60.326],[10.663,60.326],[10.668,60.327],[10.669,60.327],[10.67,60.328],[10.672,60.327],[10.673,60.327],[10.674,60.327],[10.675,60.327],[10.677,60.326],[10.679,60.326],[10.681,60.326],[10.682,60.327],[10.685,60.326],[10.686,60.326],[10.687,60.326],[10.687,60.328],[10.688,60.329],[10.689,60.329],[10.69,60.329],[10.692,60.33],[10.693,60.331],[10.694,60.331],[10.697,60.331],[10.699,60.33],[10.704,60.33],[10.705,60.33],[10.706,60.331],[10.707,60.332],[10.707,60.333],[10.707,60.334],[10.707,60.335],[10.709,60.336],[10.709,60.337],[10.711,60.338],[10.714,60.339],[10.715,60.339],[10.717,60.339],[10.719,60.338],[10.72,60.338],[10.722,60.336],[10.723,60.335],[10.724,60.335],[10.724,60.334],[10.722,60.333],[10.72,60.33],[10.736,60.324],[10.763,60.314],[10.783,60.314],[10.851,60.314],[10.865,60.314],[10.869,60.318],[10.872,60.321],[10.873,60.321],[10.878,60.319],[10.88,60.318],[10.883,60.319],[10.892,60.324],[10.898,60.328],[10.899,60.328],[10.904,60.331],[10.907,60.333],[10.913,60.336],[10.918,60.338],[10.924,60.341],[10.934,60.347],[10.934,60.348],[10.933,60.348],[10.932,60.349],[10.931,60.351],[10.93,60.351],[10.928,60.352],[10.926,60.353],[10.921,60.36],[10.913,60.37],[10.902,60.378],[10.902,60.38],[10.901,60.381],[10.901,60.382],[10.9,60.383],[10.9,60.384],[10.901,60.384],[10.901,60.385],[10.9,60.386],[10.9,60.387],[10.901,60.387],[10.9,60.388],[10.899,60.389],[10.899,60.39],[10.898,60.39],[10.898,60.391],[10.899,60.391],[10.899,60.393],[10.899,60.394],[10.901,60.394],[10.903,60.396],[10.897,60.399],[10.892,60.4],[10.834,60.422],[10.82,60.427],[10.809,60.424],[10.777,60.426],[10.767,60.426],[10.72,60.434],[10.687,60.431],[10.672,60.434],[10.69,60.447],[10.71,60.454],[10.704,60.465],[10.698,60.479],[10.696,60.483],[10.692,60.492],[10.711,60.497],[10.711,60.499],[10.712,60.499],[10.712,60.5],[10.712,60.501],[10.712,60.502],[10.712,60.503],[10.713,60.503],[10.712,60.504],[10.711,60.506],[10.711,60.507],[10.71,60.508],[10.709,60.509],[10.709,60.51],[10.709,60.511],[10.709,60.512],[10.709,60.513],[10.709,60.514],[10.71,60.514],[10.71,60.515],[10.711,60.515],[10.712,60.516],[10.711,60.517],[10.711,60.518],[10.711,60.519],[10.712,60.519],[10.711,60.52],[10.712,60.52],[10.712,60.521],[10.711,60.521],[10.711,60.522],[10.712,60.522],[10.713,60.523],[10.713,60.524],[10.714,60.524],[10.717,60.523],[10.719,60.521],[10.723,60.519],[10.724,60.519],[10.727,60.517],[10.73,60.515],[10.73,60.514],[10.732,60.512],[10.734,60.51],[10.737,60.508],[10.742,60.505],[10.747,60.502],[10.75,60.5],[10.754,60.497],[10.76,60.494],[10.763,60.494],[10.767,60.493],[10.768,60.493],[10.769,60.493],[10.77,60.493],[10.772,60.492],[10.774,60.491],[10.775,60.491],[10.777,60.49],[10.779,60.489],[10.78,60.489],[10.786,60.49],[10.787,60.49],[10.789,60.489],[10.795,60.488],[10.797,60.488],[10.802,60.488],[10.834,60.478],[10.838,60.478],[10.84,60.478],[10.844,60.478],[10.847,60.478],[10.853,60.479],[10.857,60.48],[10.859,60.48],[10.86,60.48],[10.864,60.48],[10.865,60.48],[10.871,60.477],[10.877,60.477],[10.879,60.476],[10.897,60.476],[10.911,60.475],[10.914,60.475],[10.916,60.475],[10.923,60.471],[10.924,60.472],[10.925,60.472],[10.926,60.473],[10.926,60.474],[10.926,60.475],[10.926,60.476],[10.928,60.476],[10.929,60.476],[10.93,60.476],[10.932,60.475],[10.933,60.474],[10.934,60.474],[10.936,60.475],[10.937,60.476],[10.938,60.476],[10.939,60.475],[10.94,60.475],[10.941,60.475],[10.942,60.475],[10.942,60.476],[10.944,60.477],[10.946,60.477],[10.946,60.478],[10.95,60.478],[10.95,60.479],[10.95,60.48],[10.951,60.481],[10.952,60.481],[10.953,60.482],[10.953,60.483],[10.953,60.484],[10.954,60.484],[10.954,60.485],[10.953,60.486],[10.952,60.487],[10.95,60.486],[10.949,60.486],[10.947,60.487],[10.945,60.487],[10.947,60.488],[10.95,60.489],[10.957,60.491],[10.966,60.493],[10.966,60.494],[10.968,60.494],[10.97,60.495],[10.971,60.495],[10.972,60.496],[10.974,60.496],[10.978,60.498],[10.979,60.5],[10.981,60.5],[10.982,60.5],[10.983,60.5],[10.984,60.499],[10.985,60.498],[10.986,60.498],[10.987,60.498],[10.989,60.498],[10.988,60.499],[10.991,60.5],[10.994,60.5],[10.999,60.501],[11.007,60.503],[11.015,60.505],[11.019,60.506],[11.024,60.508],[11.027,60.508],[11.031,60.509],[11.032,60.51],[11.036,60.511],[11.037,60.511],[11.042,60.512],[11.047,60.513],[11.052,60.515],[11.053,60.515],[11.056,60.516],[11.06,60.517],[11.061,60.517],[11.067,60.519],[11.072,60.518],[11.076,60.518],[11.084,60.518],[11.093,60.517],[11.092,60.518],[11.093,60.518],[11.095,60.519],[11.096,60.519],[11.097,60.52],[11.099,60.522],[11.1,60.522],[11.099,60.523],[11.1,60.524],[11.1,60.525],[11.101,60.526],[11.099,60.527],[11.098,60.528],[11.097,60.527],[11.098,60.531],[11.098,60.532],[11.097,60.534],[11.097,60.536],[11.098,60.538],[11.099,60.539],[11.099,60.541],[11.1,60.545],[11.101,60.547],[11.101,60.549],[11.102,60.55],[11.104,60.552],[11.105,60.553],[11.105,60.555],[11.104,60.555],[11.104,60.556],[11.103,60.556],[11.104,60.557],[11.104,60.558],[11.104,60.559],[11.105,60.56],[11.106,60.56],[11.108,60.56],[11.109,60.559],[11.11,60.558],[11.111,60.559],[11.113,60.561],[11.113,60.563],[11.111,60.563],[11.11,60.564],[11.11,60.565],[11.109,60.566],[11.109,60.568],[11.108,60.569],[11.108,60.57],[11.109,60.57],[11.111,60.57],[11.111,60.571],[11.112,60.571],[11.112,60.572],[11.113,60.572],[11.114,60.573],[11.116,60.574],[11.117,60.574],[11.116,60.575],[11.116,60.576],[11.117,60.577],[11.117,60.578],[11.118,60.579],[11.118,60.58],[11.119,60.582],[11.119,60.584],[11.12,60.585],[11.121,60.586],[11.122,60.587],[11.123,60.589],[11.124,60.589],[11.124,60.59],[11.125,60.59],[11.126,60.591],[11.127,60.592],[11.128,60.593],[11.129,60.594],[11.13,60.594],[11.131,60.595],[11.132,60.596],[11.133,60.597],[11.154,60.605],[11.157,60.603],[11.185,60.585],[11.215,60.564],[11.219,60.542],[11.215,60.521],[11.21,60.505],[11.225,60.502],[11.235,60.5],[11.237,60.5],[11.237,60.499],[11.238,60.499],[11.239,60.499],[11.24,60.499],[11.242,60.498],[11.245,60.497],[11.246,60.497],[11.246,60.496],[11.247,60.496],[11.25,60.496],[11.252,60.495],[11.255,60.493],[11.256,60.492],[11.257,60.491],[11.258,60.491],[11.261,60.49],[11.271,60.486],[11.275,60.485],[11.278,60.482],[11.279,60.482],[11.294,60.471],[11.297,60.469],[11.3,60.468],[11.302,60.467],[11.309,60.465],[11.312,60.465],[11.316,60.463],[11.318,60.462],[11.32,60.462],[11.322,60.461],[11.327,60.461],[11.339,60.459],[11.342,60.459]]],[[[8.219,61.317],[8.218,61.317],[8.218,61.316],[8.219,61.317]]]]}},{"type":"Feature","properties":{"id":609,"name":"Vestfold","bbox":[9.755,58.72,10.675,59.674]},"geometry":{"type":"Polygon","coordinates":[[[10.456,59.48],[10.394,59.515],[10.398,59.53],[10.395,59.531],[10.393,59.532],[10.388,59.533],[10.387,59.533],[10.384,59.534],[10.383,59.535],[10.38,59.536],[10.378,59.536],[10.379,59.537],[10.38,59.538],[10.379,59.538],[10.377,59.538],[10.377,59.539],[10.373,59.54],[10.373,59.541],[10.375,59.542],[10.374,59.542],[10.373,59.542],[10.371,59.542],[10.369,59.542],[10.367,59.542],[10.366,59.543],[10.366,59.544],[10.364,59.545],[10.364,59.547],[10.365,59.547],[10.366,59.548],[10.365,59.548],[10.364,59.549],[10.362,59.549],[10.361,59.548],[10.36,59.549],[10.359,59.55],[10.358,59.55],[10.358,59.551],[10.358,59.552],[10.355,59.552],[10.353,59.553],[10.353,59.554],[10.351,59.555],[10.351,59.556],[10.351,59.557],[10.354,59.558],[10.354,59.559],[10.353,59.56],[10.352,59.56],[10.351,59.561],[10.35,59.562],[10.347,59.562],[10.346,59.563],[10.344,59.563],[10.343,59.565],[10.343,59.567],[10.342,59.568],[10.342,59.57],[10.342,59.571],[10.342,59.572],[10.341,59.574],[10.34,59.575],[10.341,59.576],[10.34,59.577],[10.34,59.578],[10.339,59.579],[10.339,59.58],[10.339,59.581],[10.338,59.582],[10.338,59.584],[10.337,59.584],[10.337,59.585],[10.336,59.587],[10.336,59.589],[10.335,59.59],[10.334,59.594],[10.333,59.597],[10.333,59.598],[10.333,59.6],[10.332,59.6],[10.331,59.604],[10.331,59.605],[10.331,59.606],[10.331,59.607],[10.333,59.608],[10.334,59.609],[10.333,59.61],[10.334,59.61],[10.332,59.611],[10.333,59.613],[10.333,59.614],[10.334,59.617],[10.335,59.62],[10.336,59.62],[10.336,59.621],[10.335,59.623],[10.336,59.623],[10.336,59.626],[10.337,59.627],[10.336,59.628],[10.336,59.629],[10.337,59.63],[10.336,59.631],[10.336,59.632],[10.334,59.634],[10.333,59.635],[10.332,59.636],[10.331,59.637],[10.332,59.638],[10.331,59.639],[10.33,59.642],[10.329,59.642],[10.328,59.644],[10.327,59.645],[10.326,59.646],[10.325,59.646],[10.324,59.647],[10.324,59.649],[10.326,59.649],[10.325,59.651],[10.324,59.652],[10.322,59.653],[10.321,59.655],[10.321,59.658],[10.32,59.659],[10.317,59.661],[10.316,59.661],[10.315,59.662],[10.313,59.662],[10.31,59.663],[10.309,59.663],[10.305,59.664],[10.302,59.664],[10.303,59.668],[10.3,59.669],[10.298,59.669],[10.295,59.67],[10.291,59.67],[10.289,59.67],[10.287,59.67],[10.285,59.671],[10.284,59.672],[10.28,59.672],[10.279,59.671],[10.278,59.671],[10.277,59.671],[10.275,59.671],[10.274,59.671],[10.272,59.671],[10.271,59.671],[10.27,59.672],[10.266,59.673],[10.265,59.673],[10.264,59.673],[10.263,59.674],[10.261,59.674],[10.26,59.674],[10.258,59.674],[10.257,59.674],[10.256,59.673],[10.255,59.674],[10.254,59.673],[10.253,59.674],[10.253,59.673],[10.252,59.674],[10.251,59.674],[10.25,59.674],[10.247,59.673],[10.246,59.673],[10.243,59.673],[10.243,59.671],[10.242,59.671],[10.242,59.67],[10.241,59.669],[10.24,59.668],[10.239,59.666],[10.238,59.667],[10.235,59.668],[10.233,59.669],[10.231,59.67],[10.231,59.671],[10.227,59.671],[10.225,59.671],[10.224,59.671],[10.223,59.669],[10.223,59.668],[10.223,59.667],[10.224,59.666],[10.223,59.665],[10.222,59.665],[10.22,59.665],[10.22,59.664],[10.219,59.664],[10.216,59.664],[10.215,59.665],[10.215,59.666],[10.214,59.666],[10.214,59.667],[10.213,59.667],[10.212,59.667],[10.211,59.667],[10.21,59.667],[10.21,59.668],[10.207,59.668],[10.203,59.669],[10.198,59.671],[10.197,59.671],[10.195,59.671],[10.193,59.672],[10.192,59.672],[10.191,59.671],[10.19,59.671],[10.189,59.671],[10.188,59.671],[10.187,59.67],[10.186,59.669],[10.185,59.669],[10.18,59.668],[10.178,59.668],[10.176,59.669],[10.174,59.669],[10.171,59.668],[10.166,59.668],[10.164,59.668],[10.163,59.668],[10.161,59.669],[10.16,59.669],[10.158,59.668],[10.157,59.668],[10.158,59.667],[10.157,59.666],[10.156,59.667],[10.154,59.667],[10.15,59.668],[10.147,59.668],[10.147,59.669],[10.144,59.669],[10.143,59.669],[10.136,59.672],[10.129,59.671],[10.124,59.671],[10.116,59.671],[10.115,59.669],[10.115,59.668],[10.113,59.668],[10.113,59.667],[10.113,59.666],[10.113,59.665],[10.112,59.664],[10.113,59.664],[10.112,59.662],[10.112,59.661],[10.111,59.66],[10.109,59.66],[10.101,59.658],[10.099,59.656],[10.095,59.651],[10.092,59.647],[10.089,59.643],[10.078,59.643],[10.07,59.643],[10.061,59.644],[10.052,59.644],[10.047,59.643],[10.045,59.641],[10.037,59.641],[10.036,59.643],[10.035,59.644],[10.034,59.645],[10.033,59.647],[10.03,59.649],[10.029,59.65],[10.028,59.651],[10.027,59.652],[10.025,59.654],[10.022,59.655],[10.02,59.658],[10.019,59.658],[10.018,59.658],[10.017,59.659],[10.016,59.659],[10.015,59.659],[10.014,59.659],[10.013,59.66],[10.012,59.66],[10.012,59.661],[10.01,59.661],[10.008,59.662],[10.007,59.663],[10.005,59.664],[10.003,59.664],[10.002,59.664],[9.999,59.664],[9.998,59.664],[10,59.662],[10,59.661],[9.998,59.66],[9.999,59.659],[10,59.658],[9.999,59.657],[10,59.656],[9.998,59.656],[9.997,59.656],[9.995,59.656],[9.996,59.655],[9.995,59.654],[9.995,59.653],[9.995,59.652],[9.994,59.651],[9.993,59.65],[9.991,59.649],[9.99,59.649],[9.99,59.648],[9.989,59.648],[9.988,59.648],[9.988,59.647],[9.986,59.646],[9.985,59.646],[9.984,59.644],[9.983,59.644],[9.984,59.642],[9.986,59.641],[9.987,59.641],[9.987,59.64],[9.987,59.639],[9.986,59.639],[9.979,59.636],[9.976,59.634],[9.975,59.633],[9.975,59.632],[9.975,59.629],[9.975,59.628],[9.976,59.624],[9.981,59.618],[9.973,59.616],[9.97,59.616],[9.967,59.615],[9.966,59.615],[9.96,59.613],[9.956,59.612],[9.954,59.611],[9.953,59.611],[9.95,59.61],[9.948,59.61],[9.945,59.609],[9.943,59.609],[9.941,59.608],[9.94,59.607],[9.939,59.607],[9.936,59.605],[9.935,59.604],[9.933,59.604],[9.933,59.603],[9.934,59.601],[9.937,59.597],[9.938,59.593],[9.942,59.587],[9.935,59.586],[9.931,59.586],[9.929,59.586],[9.926,59.585],[9.924,59.584],[9.921,59.583],[9.918,59.582],[9.915,59.583],[9.916,59.582],[9.92,59.581],[9.922,59.58],[9.924,59.579],[9.926,59.578],[9.928,59.577],[9.93,59.576],[9.934,59.573],[9.939,59.57],[9.941,59.569],[9.943,59.568],[9.944,59.567],[9.947,59.564],[9.949,59.563],[9.952,59.56],[9.953,59.559],[9.955,59.557],[9.958,59.555],[9.964,59.55],[9.966,59.548],[9.967,59.547],[9.968,59.546],[9.969,59.546],[9.97,59.545],[9.972,59.544],[9.973,59.543],[9.974,59.541],[9.975,59.541],[9.976,59.54],[9.979,59.538],[9.98,59.537],[9.982,59.536],[9.984,59.535],[9.989,59.531],[9.99,59.53],[9.992,59.529],[9.994,59.529],[9.996,59.528],[10,59.526],[10.003,59.524],[10.006,59.523],[10.008,59.522],[10.01,59.521],[10.011,59.52],[10.02,59.515],[10.022,59.514],[10.025,59.512],[10.028,59.509],[10.032,59.506],[10.034,59.505],[10.036,59.503],[10.037,59.501],[10.038,59.5],[10.04,59.499],[10.043,59.496],[10.045,59.492],[10.045,59.491],[10.046,59.49],[10.049,59.487],[10.05,59.486],[10.053,59.484],[10.053,59.483],[10.054,59.482],[10.056,59.479],[10.057,59.477],[10.058,59.476],[10.059,59.474],[10.06,59.473],[10.056,59.472],[10.053,59.471],[10.051,59.47],[10.05,59.47],[10.046,59.469],[10.04,59.468],[10.04,59.467],[10.037,59.467],[10.035,59.467],[10.033,59.466],[10.031,59.466],[10.03,59.466],[10.029,59.466],[10.027,59.465],[10.026,59.465],[10.024,59.465],[10.023,59.465],[10.022,59.464],[10.022,59.463],[10.021,59.462],[10.022,59.461],[10.021,59.461],[10.019,59.46],[10.017,59.459],[10.015,59.459],[10.012,59.458],[10.011,59.458],[10.011,59.459],[10.01,59.459],[10.006,59.459],[10.005,59.459],[10.003,59.46],[10.002,59.46],[10.001,59.461],[10,59.462],[9.999,59.463],[9.998,59.467],[9.997,59.467],[9.992,59.467],[9.987,59.468],[9.985,59.467],[9.979,59.466],[9.975,59.466],[9.973,59.467],[9.966,59.468],[9.963,59.468],[9.961,59.468],[9.96,59.468],[9.957,59.468],[9.954,59.468],[9.951,59.468],[9.947,59.468],[9.945,59.468],[9.943,59.466],[9.938,59.466],[9.938,59.465],[9.937,59.465],[9.937,59.464],[9.937,59.463],[9.937,59.462],[9.937,59.46],[9.938,59.46],[9.937,59.459],[9.934,59.459],[9.931,59.458],[9.927,59.457],[9.925,59.457],[9.921,59.456],[9.916,59.455],[9.914,59.456],[9.91,59.456],[9.908,59.456],[9.906,59.456],[9.903,59.456],[9.896,59.457],[9.89,59.458],[9.886,59.458],[9.884,59.458],[9.879,59.459],[9.878,59.46],[9.875,59.46],[9.872,59.46],[9.853,59.458],[9.852,59.459],[9.852,59.46],[9.85,59.461],[9.848,59.463],[9.846,59.463],[9.845,59.464],[9.844,59.463],[9.842,59.463],[9.841,59.463],[9.841,59.464],[9.839,59.464],[9.838,59.464],[9.838,59.465],[9.837,59.465],[9.836,59.466],[9.835,59.467],[9.834,59.467],[9.832,59.468],[9.831,59.468],[9.83,59.468],[9.828,59.468],[9.827,59.468],[9.825,59.468],[9.823,59.468],[9.822,59.468],[9.82,59.469],[9.819,59.469],[9.815,59.468],[9.807,59.466],[9.791,59.461],[9.775,59.457],[9.768,59.457],[9.767,59.457],[9.759,59.458],[9.767,59.444],[9.771,59.438],[9.771,59.437],[9.773,59.431],[9.774,59.426],[9.776,59.419],[9.778,59.412],[9.778,59.41],[9.779,59.399],[9.779,59.39],[9.777,59.381],[9.771,59.379],[9.769,59.376],[9.773,59.363],[9.776,59.359],[9.778,59.356],[9.783,59.35],[9.772,59.343],[9.762,59.332],[9.755,59.325],[9.777,59.316],[9.78,59.313],[9.805,59.294],[9.811,59.289],[9.811,59.282],[9.819,59.279],[9.836,59.272],[9.838,59.27],[9.84,59.269],[9.843,59.267],[9.846,59.265],[9.847,59.265],[9.849,59.262],[9.853,59.26],[9.856,59.259],[9.86,59.256],[9.869,59.252],[9.872,59.246],[9.871,59.239],[9.873,59.235],[9.874,59.233],[9.875,59.229],[9.875,59.228],[9.876,59.226],[9.876,59.225],[9.876,59.224],[9.877,59.222],[9.877,59.221],[9.878,59.221],[9.871,59.219],[9.868,59.218],[9.866,59.218],[9.865,59.217],[9.862,59.216],[9.86,59.216],[9.858,59.216],[9.857,59.216],[9.859,59.214],[9.86,59.214],[9.863,59.212],[9.864,59.212],[9.865,59.21],[9.868,59.206],[9.869,59.205],[9.871,59.203],[9.875,59.2],[9.885,59.193],[9.89,59.188],[9.892,59.183],[9.896,59.178],[9.896,59.177],[9.885,59.169],[9.868,59.167],[9.855,59.164],[9.854,59.164],[9.853,59.165],[9.851,59.165],[9.85,59.164],[9.844,59.164],[9.835,59.164],[9.831,59.164],[9.826,59.16],[9.825,59.158],[9.827,59.157],[9.827,59.156],[9.828,59.154],[9.829,59.148],[9.829,59.143],[9.829,59.141],[9.829,59.14],[9.829,59.139],[9.828,59.137],[9.827,59.136],[9.825,59.135],[9.824,59.133],[9.823,59.132],[9.822,59.131],[9.821,59.129],[9.829,59.125],[9.835,59.121],[9.837,59.12],[9.838,59.119],[9.839,59.118],[9.84,59.118],[9.843,59.116],[9.846,59.114],[9.848,59.113],[9.848,59.112],[9.849,59.111],[9.85,59.109],[9.851,59.108],[9.852,59.105],[9.854,59.102],[9.854,59.101],[9.856,59.099],[9.856,59.098],[9.855,59.096],[9.855,59.095],[9.855,59.094],[9.854,59.093],[9.854,59.09],[9.854,59.089],[9.854,59.088],[9.854,59.087],[9.853,59.084],[9.853,59.082],[9.852,59.081],[9.852,59.078],[9.85,59.074],[9.848,59.073],[9.847,59.073],[9.845,59.073],[9.842,59.073],[9.841,59.072],[9.838,59.073],[9.839,59.071],[9.84,59.07],[9.841,59.069],[9.841,59.067],[9.842,59.064],[9.842,59.063],[9.84,59.059],[9.84,59.058],[9.84,59.057],[9.839,59.057],[9.839,59.056],[9.839,59.054],[9.839,59.052],[9.839,59.05],[9.84,59.05],[9.84,59.049],[9.84,59.048],[9.84,59.047],[9.839,59.045],[9.839,59.044],[9.835,59.037],[9.83,59.04],[9.828,59.041],[9.827,59.041],[9.826,59.042],[9.825,59.042],[9.819,59.041],[9.818,59.041],[9.816,59.04],[9.815,59.038],[9.815,59.037],[9.813,59.036],[9.813,59.034],[9.821,59.033],[9.821,59.032],[9.822,59.032],[9.823,59.032],[9.836,59.023],[9.836,59.013],[9.835,58.998],[9.783,59.03],[9.781,59.012],[9.765,59.01],[9.764,59.001],[9.765,58.999],[9.768,58.99],[9.769,58.984],[9.783,58.936],[9.795,58.898],[9.81,58.883],[9.861,58.831],[9.97,58.72],[9.988,58.725],[10.074,58.748],[10.253,58.772],[10.263,58.774],[10.271,58.775],[10.286,58.774],[10.359,58.771],[10.364,58.771],[10.576,58.762],[10.593,58.761],[10.626,58.943],[10.629,58.955],[10.631,58.96],[10.651,59.005],[10.66,59.025],[10.675,59.045],[10.651,59.076],[10.623,59.112],[10.651,59.133],[10.654,59.171],[10.655,59.192],[10.642,59.203],[10.616,59.237],[10.605,59.252],[10.59,59.268],[10.591,59.297],[10.59,59.302],[10.578,59.341],[10.594,59.356],[10.595,59.374],[10.584,59.393],[10.544,59.412],[10.537,59.433],[10.543,59.457],[10.456,59.48]]]}},{"type":"Feature","properties":{"id":610,"name":"Telemark","bbox":[7.096,58.603,9.97,60.188]},"geometry":{"type":"Polygon","coordinates":[[[7.552,59.587],[7.548,59.584],[7.523,59.567],[7.515,59.561],[7.521,59.55],[7.526,59.541],[7.529,59.536],[7.535,59.527],[7.536,59.524],[7.54,59.522],[7.58,59.503],[7.585,59.501],[7.595,59.479],[7.626,59.462],[7.583,59.444],[7.579,59.441],[7.566,59.438],[7.574,59.437],[7.582,59.435],[7.582,59.433],[7.581,59.432],[7.58,59.431],[7.579,59.43],[7.577,59.426],[7.576,59.425],[7.574,59.424],[7.57,59.421],[7.566,59.419],[7.563,59.417],[7.561,59.415],[7.557,59.412],[7.555,59.411],[7.549,59.408],[7.544,59.405],[7.541,59.401],[7.54,59.399],[7.543,59.397],[7.563,59.39],[7.572,59.387],[7.576,59.385],[7.579,59.384],[7.582,59.383],[7.589,59.379],[7.593,59.378],[7.595,59.377],[7.596,59.375],[7.596,59.372],[7.596,59.369],[7.596,59.367],[7.597,59.366],[7.599,59.364],[7.6,59.362],[7.604,59.358],[7.604,59.357],[7.605,59.356],[7.61,59.35],[7.612,59.348],[7.612,59.341],[7.612,59.339],[7.611,59.338],[7.61,59.337],[7.61,59.336],[7.611,59.335],[7.611,59.334],[7.612,59.334],[7.613,59.333],[7.614,59.333],[7.615,59.332],[7.615,59.331],[7.615,59.33],[7.614,59.329],[7.614,59.328],[7.615,59.329],[7.625,59.332],[7.643,59.334],[7.665,59.333],[7.673,59.333],[7.696,59.327],[7.698,59.323],[7.703,59.313],[7.704,59.311],[7.706,59.307],[7.708,59.303],[7.715,59.292],[7.716,59.29],[7.717,59.284],[7.721,59.272],[7.725,59.261],[7.73,59.258],[7.738,59.252],[7.738,59.251],[7.74,59.251],[7.741,59.251],[7.744,59.251],[7.745,59.251],[7.746,59.251],[7.747,59.25],[7.746,59.249],[7.748,59.243],[7.749,59.24],[7.751,59.235],[7.754,59.232],[7.757,59.23],[7.758,59.228],[7.762,59.227],[7.765,59.226],[7.768,59.225],[7.774,59.224],[7.776,59.223],[7.778,59.222],[7.78,59.221],[7.78,59.22],[7.777,59.217],[7.775,59.214],[7.763,59.214],[7.758,59.213],[7.753,59.209],[7.749,59.208],[7.748,59.206],[7.747,59.203],[7.744,59.198],[7.745,59.198],[7.747,59.196],[7.748,59.196],[7.749,59.195],[7.748,59.194],[7.746,59.191],[7.747,59.189],[7.744,59.184],[7.739,59.179],[7.736,59.171],[7.735,59.171],[7.734,59.17],[7.734,59.169],[7.733,59.169],[7.733,59.168],[7.732,59.167],[7.731,59.167],[7.729,59.167],[7.73,59.164],[7.73,59.163],[7.734,59.157],[7.741,59.148],[7.742,59.144],[7.751,59.141],[7.756,59.14],[7.769,59.135],[7.779,59.128],[7.785,59.124],[7.805,59.117],[7.808,59.114],[7.814,59.105],[7.821,59.098],[7.827,59.091],[7.828,59.091],[7.829,59.09],[7.828,59.09],[7.828,59.089],[7.836,59.085],[7.847,59.077],[7.848,59.077],[7.858,59.069],[7.868,59.06],[7.867,59.057],[7.868,59.056],[7.877,59.047],[7.877,59.039],[7.886,59.034],[7.902,59.026],[7.908,59.016],[7.91,59.013],[7.911,59.009],[7.914,59.008],[7.92,59.007],[7.924,59.006],[7.934,59.006],[7.94,59.005],[7.937,58.998],[7.939,58.993],[7.942,58.987],[7.95,58.982],[7.964,58.974],[7.965,58.971],[7.966,58.969],[7.966,58.968],[7.968,58.967],[7.975,58.966],[7.975,58.965],[7.978,58.964],[7.984,58.962],[7.985,58.962],[7.988,58.962],[7.993,58.963],[7.996,58.964],[7.999,58.964],[8.009,58.965],[8.012,58.964],[8.015,58.963],[8.018,58.962],[8.021,58.96],[8.025,58.959],[8.033,58.956],[8.034,58.955],[8.036,58.954],[8.04,58.953],[8.044,58.952],[8.055,58.95],[8.06,58.95],[8.063,58.95],[8.068,58.949],[8.074,58.95],[8.078,58.95],[8.084,58.95],[8.092,58.948],[8.095,58.951],[8.097,58.952],[8.1,58.952],[8.109,58.953],[8.112,58.953],[8.114,58.953],[8.122,58.955],[8.126,58.957],[8.129,58.958],[8.133,58.96],[8.137,58.961],[8.135,58.964],[8.134,58.963],[8.133,58.963],[8.131,58.964],[8.13,58.964],[8.127,58.964],[8.125,58.965],[8.124,58.965],[8.122,58.965],[8.12,58.965],[8.119,58.965],[8.118,58.966],[8.117,58.966],[8.115,58.966],[8.114,58.965],[8.114,58.966],[8.113,58.966],[8.111,58.966],[8.11,58.966],[8.108,58.964],[8.106,58.964],[8.104,58.964],[8.103,58.964],[8.102,58.965],[8.101,58.965],[8.1,58.965],[8.098,58.965],[8.097,58.965],[8.096,58.965],[8.095,58.965],[8.094,58.965],[8.093,58.965],[8.092,58.965],[8.089,58.965],[8.082,58.97],[8.079,58.972],[8.084,58.973],[8.086,58.974],[8.089,58.974],[8.092,58.974],[8.098,58.975],[8.103,58.977],[8.108,58.979],[8.111,58.98],[8.117,58.982],[8.125,58.984],[8.127,58.985],[8.135,58.985],[8.139,58.984],[8.148,58.982],[8.156,58.982],[8.162,58.981],[8.165,58.982],[8.173,58.982],[8.183,58.979],[8.191,58.977],[8.196,58.976],[8.208,58.973],[8.215,58.972],[8.222,58.97],[8.223,58.97],[8.226,58.963],[8.236,58.959],[8.237,58.958],[8.25,58.954],[8.258,58.952],[8.26,58.951],[8.27,58.948],[8.272,58.947],[8.274,58.945],[8.279,58.942],[8.28,58.941],[8.284,58.94],[8.286,58.94],[8.29,58.938],[8.294,58.937],[8.296,58.935],[8.3,58.932],[8.303,58.93],[8.304,58.929],[8.305,58.929],[8.306,58.927],[8.308,58.927],[8.308,58.926],[8.308,58.925],[8.309,58.923],[8.31,58.921],[8.31,58.919],[8.311,58.919],[8.321,58.918],[8.326,58.917],[8.33,58.916],[8.337,58.917],[8.341,58.917],[8.344,58.916],[8.357,58.914],[8.364,58.914],[8.367,58.913],[8.377,58.913],[8.381,58.913],[8.383,58.913],[8.387,58.913],[8.389,58.912],[8.39,58.912],[8.394,58.911],[8.398,58.911],[8.405,58.909],[8.406,58.908],[8.41,58.907],[8.412,58.907],[8.415,58.906],[8.417,58.906],[8.419,58.906],[8.42,58.905],[8.42,58.904],[8.421,58.903],[8.422,58.903],[8.424,58.903],[8.427,58.902],[8.428,58.902],[8.43,58.902],[8.431,58.902],[8.431,58.901],[8.432,58.899],[8.433,58.899],[8.435,58.899],[8.436,58.898],[8.438,58.898],[8.44,58.897],[8.442,58.897],[8.446,58.897],[8.453,58.894],[8.456,58.893],[8.461,58.892],[8.471,58.889],[8.472,58.888],[8.476,58.887],[8.478,58.888],[8.481,58.89],[8.483,58.892],[8.485,58.894],[8.489,58.897],[8.49,58.898],[8.493,58.9],[8.495,58.901],[8.496,58.903],[8.5,58.905],[8.503,58.908],[8.512,58.911],[8.518,58.913],[8.521,58.914],[8.525,58.915],[8.527,58.916],[8.531,58.917],[8.534,58.918],[8.542,58.921],[8.546,58.922],[8.55,58.923],[8.555,58.924],[8.558,58.925],[8.565,58.927],[8.57,58.929],[8.575,58.931],[8.578,58.928],[8.579,58.927],[8.58,58.926],[8.583,58.924],[8.586,58.922],[8.588,58.921],[8.591,58.92],[8.592,58.92],[8.596,58.918],[8.602,58.916],[8.604,58.916],[8.606,58.915],[8.61,58.914],[8.612,58.912],[8.613,58.911],[8.616,58.909],[8.618,58.907],[8.621,58.904],[8.623,58.902],[8.626,58.899],[8.629,58.897],[8.632,58.894],[8.633,58.893],[8.634,58.893],[8.635,58.892],[8.636,58.892],[8.638,58.892],[8.638,58.891],[8.64,58.889],[8.638,58.889],[8.637,58.888],[8.637,58.887],[8.638,58.886],[8.64,58.885],[8.641,58.885],[8.642,58.885],[8.643,58.884],[8.645,58.883],[8.648,58.881],[8.651,58.879],[8.653,58.878],[8.653,58.877],[8.653,58.876],[8.653,58.875],[8.656,58.873],[8.656,58.872],[8.653,58.869],[8.657,58.868],[8.665,58.866],[8.668,58.865],[8.673,58.863],[8.675,58.863],[8.681,58.861],[8.689,58.859],[8.691,58.858],[8.703,58.855],[8.708,58.854],[8.716,58.852],[8.719,58.851],[8.722,58.851],[8.724,58.85],[8.724,58.847],[8.725,58.846],[8.725,58.845],[8.727,58.844],[8.727,58.843],[8.73,58.841],[8.731,58.84],[8.739,58.834],[8.744,58.831],[8.747,58.832],[8.752,58.834],[8.76,58.835],[8.761,58.835],[8.763,58.835],[8.764,58.836],[8.765,58.837],[8.766,58.838],[8.769,58.839],[8.772,58.84],[8.775,58.84],[8.777,58.841],[8.782,58.842],[8.786,58.844],[8.787,58.845],[8.787,58.847],[8.788,58.849],[8.789,58.851],[8.789,58.852],[8.789,58.853],[8.789,58.854],[8.79,58.854],[8.79,58.855],[8.79,58.857],[8.789,58.86],[8.789,58.862],[8.792,58.864],[8.786,58.867],[8.784,58.867],[8.783,58.868],[8.782,58.867],[8.781,58.868],[8.785,58.872],[8.787,58.874],[8.788,58.875],[8.79,58.876],[8.792,58.878],[8.792,58.879],[8.794,58.881],[8.796,58.882],[8.797,58.883],[8.798,58.884],[8.805,58.889],[8.807,58.89],[8.81,58.891],[8.811,58.893],[8.812,58.895],[8.815,58.903],[8.816,58.903],[8.818,58.906],[8.824,58.909],[8.825,58.91],[8.828,58.911],[8.829,58.911],[8.831,58.913],[8.828,58.914],[8.813,58.918],[8.795,58.927],[8.788,58.929],[8.781,58.931],[8.774,58.933],[8.762,58.937],[8.754,58.943],[8.762,58.948],[8.819,58.969],[8.822,58.97],[8.825,58.972],[8.827,58.974],[8.829,58.976],[8.832,58.978],[8.834,58.988],[8.852,58.987],[8.86,58.987],[8.864,58.987],[8.871,58.986],[8.878,58.986],[8.891,58.986],[8.898,58.986],[8.901,58.986],[8.905,58.986],[8.909,58.986],[8.916,58.986],[8.922,58.986],[8.927,58.986],[8.929,58.986],[8.94,58.986],[8.945,58.987],[8.95,58.988],[8.952,58.988],[8.957,58.989],[8.959,58.989],[8.961,58.989],[8.962,58.989],[8.966,58.989],[8.969,58.989],[8.979,58.991],[8.981,58.991],[8.984,58.992],[8.987,58.992],[8.99,58.993],[8.994,58.993],[8.995,58.993],[8.996,58.992],[8.997,58.991],[9,58.989],[9.001,58.988],[9.001,58.986],[9.002,58.984],[9.002,58.983],[9.001,58.982],[9.002,58.982],[9.001,58.981],[9.001,58.98],[9.002,58.98],[9.005,58.979],[9.006,58.979],[9.007,58.979],[9.007,58.978],[9.009,58.977],[9.009,58.976],[9.01,58.975],[9.01,58.973],[9.012,58.97],[9.012,58.968],[9.013,58.966],[9.015,58.962],[9.017,58.96],[9.021,58.954],[9.022,58.952],[9.025,58.949],[9.026,58.947],[9.026,58.946],[9.028,58.944],[9.028,58.943],[9.029,58.942],[9.029,58.941],[9.03,58.941],[9.03,58.939],[9.031,58.938],[9.032,58.937],[9.032,58.936],[9.034,58.934],[9.034,58.933],[9.035,58.933],[9.039,58.931],[9.039,58.93],[9.04,58.93],[9.043,58.928],[9.046,58.926],[9.049,58.926],[9.051,58.925],[9.052,58.924],[9.054,58.923],[9.054,58.922],[9.055,58.921],[9.056,58.921],[9.057,58.92],[9.06,58.918],[9.061,58.918],[9.062,58.918],[9.062,58.917],[9.064,58.916],[9.065,58.916],[9.066,58.915],[9.067,58.914],[9.069,58.913],[9.07,58.913],[9.072,58.912],[9.073,58.911],[9.075,58.911],[9.082,58.908],[9.086,58.907],[9.09,58.906],[9.094,58.905],[9.097,58.904],[9.099,58.903],[9.102,58.902],[9.103,58.902],[9.104,58.901],[9.11,58.899],[9.112,58.898],[9.116,58.897],[9.122,58.895],[9.125,58.894],[9.127,58.894],[9.128,58.893],[9.13,58.893],[9.135,58.892],[9.14,58.891],[9.144,58.889],[9.147,58.888],[9.151,58.887],[9.154,58.886],[9.158,58.885],[9.161,58.885],[9.162,58.884],[9.163,58.882],[9.165,58.881],[9.168,58.878],[9.17,58.876],[9.172,58.874],[9.173,58.872],[9.174,58.871],[9.175,58.87],[9.176,58.87],[9.177,58.868],[9.178,58.867],[9.178,58.866],[9.181,58.864],[9.183,58.862],[9.184,58.86],[9.184,58.858],[9.188,58.85],[9.189,58.848],[9.189,58.847],[9.19,58.845],[9.19,58.844],[9.19,58.843],[9.191,58.843],[9.191,58.841],[9.191,58.838],[9.191,58.836],[9.191,58.832],[9.191,58.83],[9.191,58.829],[9.191,58.828],[9.191,58.826],[9.191,58.825],[9.191,58.822],[9.191,58.82],[9.192,58.814],[9.193,58.814],[9.198,58.813],[9.204,58.813],[9.207,58.813],[9.208,58.813],[9.206,58.811],[9.205,58.81],[9.2,58.806],[9.198,58.805],[9.196,58.803],[9.203,58.802],[9.204,58.802],[9.205,58.802],[9.21,58.801],[9.215,58.799],[9.217,58.799],[9.219,58.799],[9.226,58.797],[9.23,58.796],[9.231,58.796],[9.239,58.796],[9.242,58.796],[9.248,58.796],[9.252,58.796],[9.255,58.796],[9.258,58.796],[9.262,58.796],[9.27,58.796],[9.271,58.796],[9.275,58.796],[9.277,58.794],[9.278,58.793],[9.28,58.792],[9.281,58.791],[9.286,58.788],[9.287,58.787],[9.288,58.786],[9.289,58.785],[9.29,58.784],[9.291,58.783],[9.293,58.782],[9.295,58.78],[9.296,58.779],[9.297,58.778],[9.3,58.777],[9.303,58.775],[9.305,58.772],[9.308,58.773],[9.309,58.773],[9.313,58.774],[9.318,58.777],[9.321,58.782],[9.324,58.783],[9.326,58.784],[9.327,58.785],[9.329,58.785],[9.331,58.784],[9.333,58.783],[9.335,58.782],[9.337,58.782],[9.339,58.781],[9.342,58.781],[9.344,58.78],[9.347,58.779],[9.35,58.778],[9.351,58.777],[9.354,58.777],[9.359,58.774],[9.366,58.771],[9.366,58.77],[9.368,58.77],[9.392,58.756],[9.427,58.736],[9.466,58.715],[9.48,58.707],[9.506,58.693],[9.549,58.669],[9.591,58.646],[9.633,58.623],[9.669,58.603],[9.788,58.672],[9.97,58.72],[9.861,58.831],[9.81,58.883],[9.795,58.898],[9.783,58.936],[9.769,58.984],[9.768,58.99],[9.765,58.999],[9.764,59.001],[9.765,59.01],[9.781,59.012],[9.783,59.03],[9.835,58.998],[9.836,59.013],[9.836,59.023],[9.823,59.032],[9.822,59.032],[9.821,59.032],[9.821,59.033],[9.813,59.034],[9.813,59.036],[9.815,59.037],[9.815,59.038],[9.816,59.04],[9.818,59.041],[9.819,59.041],[9.825,59.042],[9.826,59.042],[9.827,59.041],[9.828,59.041],[9.83,59.04],[9.835,59.037],[9.839,59.044],[9.839,59.045],[9.84,59.047],[9.84,59.048],[9.84,59.049],[9.84,59.05],[9.839,59.05],[9.839,59.052],[9.839,59.054],[9.839,59.056],[9.839,59.057],[9.84,59.057],[9.84,59.058],[9.84,59.059],[9.842,59.063],[9.842,59.064],[9.841,59.067],[9.841,59.069],[9.84,59.07],[9.839,59.071],[9.838,59.073],[9.841,59.072],[9.842,59.073],[9.845,59.073],[9.847,59.073],[9.848,59.073],[9.85,59.074],[9.852,59.078],[9.852,59.081],[9.853,59.082],[9.853,59.084],[9.854,59.087],[9.854,59.088],[9.854,59.089],[9.854,59.09],[9.854,59.093],[9.855,59.094],[9.855,59.095],[9.855,59.096],[9.856,59.098],[9.856,59.099],[9.854,59.101],[9.854,59.102],[9.852,59.105],[9.851,59.108],[9.85,59.109],[9.849,59.111],[9.848,59.112],[9.848,59.113],[9.846,59.114],[9.843,59.116],[9.84,59.118],[9.839,59.118],[9.838,59.119],[9.837,59.12],[9.835,59.121],[9.829,59.125],[9.821,59.129],[9.822,59.131],[9.823,59.132],[9.824,59.133],[9.825,59.135],[9.827,59.136],[9.828,59.137],[9.829,59.139],[9.829,59.14],[9.829,59.141],[9.829,59.143],[9.829,59.148],[9.828,59.154],[9.827,59.156],[9.827,59.157],[9.825,59.158],[9.826,59.16],[9.831,59.164],[9.835,59.164],[9.844,59.164],[9.85,59.164],[9.851,59.165],[9.853,59.165],[9.854,59.164],[9.855,59.164],[9.868,59.167],[9.885,59.169],[9.896,59.177],[9.896,59.178],[9.892,59.183],[9.89,59.188],[9.885,59.193],[9.875,59.2],[9.871,59.203],[9.869,59.205],[9.868,59.206],[9.865,59.21],[9.864,59.212],[9.863,59.212],[9.86,59.214],[9.859,59.214],[9.857,59.216],[9.858,59.216],[9.86,59.216],[9.862,59.216],[9.865,59.217],[9.866,59.218],[9.868,59.218],[9.871,59.219],[9.878,59.221],[9.877,59.221],[9.877,59.222],[9.876,59.224],[9.876,59.225],[9.876,59.226],[9.875,59.228],[9.875,59.229],[9.874,59.233],[9.873,59.235],[9.871,59.239],[9.872,59.246],[9.869,59.252],[9.86,59.256],[9.856,59.259],[9.853,59.26],[9.849,59.262],[9.847,59.265],[9.846,59.265],[9.843,59.267],[9.84,59.269],[9.838,59.27],[9.836,59.272],[9.819,59.279],[9.811,59.282],[9.811,59.289],[9.805,59.294],[9.78,59.313],[9.777,59.316],[9.755,59.325],[9.762,59.332],[9.772,59.343],[9.783,59.35],[9.778,59.356],[9.776,59.359],[9.773,59.363],[9.769,59.376],[9.771,59.379],[9.777,59.381],[9.779,59.39],[9.779,59.399],[9.778,59.41],[9.778,59.412],[9.761,59.412],[9.749,59.412],[9.738,59.412],[9.712,59.412],[9.704,59.412],[9.683,59.411],[9.66,59.408],[9.625,59.425],[9.625,59.427],[9.622,59.437],[9.621,59.438],[9.614,59.441],[9.609,59.443],[9.605,59.444],[9.603,59.445],[9.593,59.448],[9.591,59.449],[9.589,59.45],[9.587,59.451],[9.585,59.453],[9.584,59.454],[9.583,59.455],[9.583,59.456],[9.582,59.457],[9.581,59.459],[9.58,59.46],[9.58,59.461],[9.579,59.462],[9.58,59.464],[9.582,59.465],[9.585,59.466],[9.579,59.47],[9.573,59.474],[9.563,59.48],[9.559,59.483],[9.558,59.483],[9.552,59.487],[9.536,59.484],[9.527,59.485],[9.523,59.486],[9.516,59.485],[9.514,59.485],[9.512,59.485],[9.494,59.484],[9.489,59.483],[9.478,59.483],[9.475,59.482],[9.472,59.482],[9.47,59.487],[9.469,59.491],[9.469,59.494],[9.478,59.502],[9.484,59.507],[9.492,59.516],[9.515,59.538],[9.487,59.55],[9.483,59.552],[9.479,59.554],[9.474,59.556],[9.472,59.557],[9.471,59.558],[9.47,59.561],[9.469,59.562],[9.468,59.563],[9.464,59.567],[9.463,59.57],[9.463,59.573],[9.461,59.577],[9.461,59.578],[9.457,59.582],[9.456,59.583],[9.456,59.586],[9.454,59.589],[9.452,59.591],[9.451,59.593],[9.45,59.595],[9.447,59.599],[9.444,59.602],[9.443,59.604],[9.442,59.606],[9.441,59.607],[9.439,59.609],[9.438,59.611],[9.437,59.612],[9.437,59.613],[9.436,59.615],[9.431,59.622],[9.428,59.628],[9.427,59.629],[9.426,59.633],[9.425,59.635],[9.424,59.639],[9.423,59.641],[9.421,59.643],[9.418,59.645],[9.415,59.649],[9.41,59.654],[9.406,59.659],[9.405,59.664],[9.406,59.669],[9.405,59.671],[9.405,59.674],[9.405,59.676],[9.405,59.679],[9.405,59.685],[9.4,59.685],[9.396,59.686],[9.388,59.687],[9.375,59.688],[9.363,59.69],[9.357,59.691],[9.352,59.692],[9.333,59.693],[9.335,59.696],[9.34,59.703],[9.341,59.704],[9.342,59.705],[9.344,59.707],[9.345,59.711],[9.347,59.711],[9.351,59.715],[9.354,59.717],[9.355,59.718],[9.352,59.718],[9.351,59.719],[9.349,59.719],[9.347,59.719],[9.346,59.719],[9.339,59.72],[9.339,59.721],[9.342,59.724],[9.344,59.726],[9.341,59.728],[9.339,59.729],[9.34,59.729],[9.345,59.732],[9.345,59.733],[9.346,59.734],[9.346,59.735],[9.346,59.736],[9.346,59.738],[9.346,59.739],[9.345,59.741],[9.345,59.742],[9.345,59.743],[9.344,59.746],[9.344,59.747],[9.344,59.748],[9.344,59.75],[9.343,59.751],[9.343,59.752],[9.344,59.755],[9.344,59.757],[9.346,59.759],[9.347,59.761],[9.349,59.762],[9.349,59.763],[9.351,59.766],[9.353,59.768],[9.356,59.771],[9.359,59.774],[9.361,59.776],[9.363,59.778],[9.368,59.781],[9.359,59.783],[9.351,59.784],[9.349,59.785],[9.343,59.788],[9.33,59.794],[9.324,59.795],[9.321,59.796],[9.313,59.798],[9.311,59.799],[9.308,59.8],[9.301,59.801],[9.297,59.802],[9.294,59.803],[9.291,59.803],[9.284,59.804],[9.278,59.805],[9.272,59.806],[9.268,59.806],[9.264,59.807],[9.257,59.809],[9.255,59.811],[9.253,59.814],[9.252,59.814],[9.247,59.813],[9.245,59.812],[9.242,59.811],[9.236,59.812],[9.227,59.814],[9.22,59.816],[9.216,59.817],[9.211,59.818],[9.208,59.819],[9.204,59.82],[9.203,59.821],[9.201,59.822],[9.199,59.822],[9.194,59.824],[9.191,59.826],[9.189,59.826],[9.187,59.827],[9.186,59.827],[9.185,59.831],[9.188,59.833],[9.189,59.839],[9.189,59.842],[9.185,59.848],[9.184,59.851],[9.183,59.855],[9.183,59.857],[9.182,59.86],[9.18,59.864],[9.179,59.866],[9.181,59.87],[9.182,59.873],[9.183,59.875],[9.185,59.879],[9.185,59.88],[9.187,59.881],[9.187,59.882],[9.187,59.888],[9.187,59.891],[9.188,59.896],[9.189,59.897],[9.183,59.898],[9.174,59.9],[9.186,59.911],[9.188,59.913],[9.192,59.916],[9.193,59.917],[9.191,59.919],[9.185,59.923],[9.18,59.929],[9.176,59.93],[9.172,59.931],[9.168,59.932],[9.167,59.932],[9.163,59.933],[9.157,59.935],[9.154,59.936],[9.148,59.937],[9.142,59.938],[9.139,59.939],[9.138,59.94],[9.137,59.94],[9.134,59.941],[9.134,59.942],[9.132,59.943],[9.13,59.943],[9.128,59.945],[9.122,59.948],[9.112,59.95],[9.112,59.951],[9.11,59.954],[9.11,59.956],[9.109,59.956],[9.106,59.958],[9.104,59.959],[9.097,59.959],[9.092,59.959],[9.084,59.96],[9.08,59.96],[9.072,59.961],[9.067,59.962],[9.059,59.962],[9.058,59.964],[9.058,59.965],[9.054,59.969],[9.036,59.975],[9.032,59.977],[9.03,59.979],[9.025,59.982],[9.019,59.984],[9.015,59.983],[9.011,59.983],[9.007,59.982],[9.005,59.981],[9.004,59.982],[9.003,59.982],[9.002,59.982],[9.002,59.983],[9,59.982],[8.999,59.982],[8.998,59.982],[8.997,59.981],[8.994,59.981],[8.993,59.981],[8.992,59.983],[8.992,59.985],[8.991,59.986],[8.989,59.987],[8.988,59.988],[8.988,59.99],[8.987,59.991],[8.988,59.991],[8.991,59.992],[8.993,59.993],[8.994,59.993],[8.997,59.995],[8.999,59.996],[9.002,59.997],[9.001,59.997],[9,59.998],[9,59.999],[8.999,60],[8.999,60.001],[8.999,60.002],[8.999,60.003],[8.998,60.004],[8.992,60.011],[8.99,60.013],[8.988,60.017],[8.988,60.025],[8.987,60.028],[8.985,60.033],[8.983,60.037],[8.984,60.038],[8.984,60.04],[8.984,60.041],[8.983,60.044],[8.983,60.045],[8.983,60.046],[8.983,60.05],[8.982,60.052],[8.982,60.053],[8.982,60.055],[8.981,60.058],[8.981,60.06],[8.98,60.061],[8.979,60.065],[8.979,60.069],[8.978,60.07],[8.977,60.072],[8.976,60.073],[8.971,60.079],[8.969,60.081],[8.963,60.087],[8.96,60.091],[8.957,60.092],[8.958,60.093],[8.959,60.094],[8.959,60.095],[8.959,60.096],[8.958,60.096],[8.958,60.097],[8.958,60.098],[8.956,60.099],[8.954,60.099],[8.953,60.099],[8.952,60.1],[8.95,60.1],[8.948,60.1],[8.947,60.1],[8.946,60.1],[8.945,60.101],[8.941,60.102],[8.937,60.104],[8.93,60.107],[8.922,60.111],[8.915,60.114],[8.906,60.118],[8.902,60.12],[8.89,60.125],[8.858,60.139],[8.837,60.148],[8.833,60.149],[8.828,60.15],[8.818,60.153],[8.814,60.153],[8.809,60.153],[8.8,60.156],[8.771,60.169],[8.769,60.17],[8.752,60.175],[8.741,60.178],[8.729,60.181],[8.723,60.183],[8.712,60.181],[8.699,60.179],[8.695,60.178],[8.675,60.175],[8.67,60.174],[8.66,60.172],[8.658,60.172],[8.648,60.173],[8.637,60.173],[8.621,60.174],[8.615,60.175],[8.597,60.176],[8.588,60.176],[8.574,60.177],[8.569,60.177],[8.565,60.177],[8.56,60.177],[8.556,60.176],[8.55,60.176],[8.541,60.175],[8.536,60.174],[8.532,60.174],[8.516,60.172],[8.508,60.171],[8.497,60.17],[8.486,60.169],[8.473,60.169],[8.458,60.17],[8.453,60.171],[8.436,60.173],[8.429,60.175],[8.422,60.176],[8.421,60.176],[8.399,60.179],[8.397,60.179],[8.384,60.181],[8.382,60.181],[8.378,60.181],[8.361,60.179],[8.344,60.178],[8.34,60.177],[8.335,60.177],[8.323,60.176],[8.312,60.175],[8.306,60.175],[8.284,60.175],[8.24,60.183],[8.209,60.188],[8.167,60.186],[8.169,60.185],[8.17,60.184],[8.171,60.184],[8.173,60.183],[8.175,60.183],[8.177,60.182],[8.177,60.181],[8.178,60.18],[8.179,60.179],[8.18,60.179],[8.18,60.178],[8.182,60.178],[8.184,60.177],[8.185,60.175],[8.187,60.174],[8.187,60.173],[8.17,60.174],[8.168,60.175],[8.168,60.176],[8.167,60.177],[8.166,60.178],[8.165,60.178],[8.165,60.179],[8.163,60.18],[8.163,60.181],[8.162,60.181],[8.161,60.182],[8.159,60.182],[8.157,60.183],[8.154,60.185],[8.152,60.185],[8.151,60.185],[8.15,60.185],[8.147,60.185],[8.146,60.185],[8.144,60.185],[8.142,60.185],[8.14,60.185],[8.139,60.185],[8.138,60.185],[8.137,60.185],[8.136,60.185],[8.133,60.185],[8.132,60.186],[8.131,60.185],[8.129,60.185],[8.128,60.184],[8.126,60.183],[8.125,60.183],[8.123,60.183],[8.122,60.183],[8.121,60.183],[8.117,60.183],[8.115,60.183],[8.114,60.183],[8.11,60.184],[8.107,60.184],[8.104,60.184],[8.103,60.184],[8.101,60.182],[8.1,60.182],[8.1,60.181],[8.099,60.181],[8.098,60.181],[8.096,60.18],[8.095,60.179],[8.094,60.179],[8.093,60.178],[8.092,60.177],[8.09,60.177],[8.088,60.176],[8.087,60.176],[8.086,60.176],[8.084,60.175],[8.083,60.174],[8.081,60.173],[8.08,60.173],[8.079,60.171],[8.076,60.17],[8.075,60.169],[8.074,60.169],[8.073,60.168],[8.071,60.168],[8.07,60.168],[8.062,60.165],[8.058,60.164],[8.018,60.155],[8.012,60.155],[7.973,60.147],[7.921,60.137],[7.903,60.131],[7.853,60.116],[7.828,60.108],[7.813,60.103],[7.791,60.109],[7.765,60.116],[7.75,60.117],[7.728,60.119],[7.646,60.127],[7.575,60.114],[7.488,60.099],[7.485,60.096],[7.475,60.087],[7.467,60.08],[7.463,60.077],[7.461,60.075],[7.459,60.073],[7.453,60.067],[7.445,60.06],[7.443,60.057],[7.442,60.056],[7.441,60.049],[7.441,60.047],[7.44,60.043],[7.44,60.038],[7.438,60.03],[7.437,60.022],[7.436,60.019],[7.431,60.017],[7.414,60.012],[7.403,60.009],[7.388,60.004],[7.376,60],[7.373,59.999],[7.352,59.996],[7.344,59.993],[7.341,59.993],[7.341,59.992],[7.34,59.992],[7.334,59.991],[7.331,59.99],[7.324,59.987],[7.321,59.986],[7.32,59.986],[7.318,59.986],[7.316,59.986],[7.31,59.988],[7.309,59.988],[7.308,59.988],[7.307,59.988],[7.304,59.988],[7.301,59.988],[7.297,59.988],[7.294,59.987],[7.293,59.988],[7.291,59.988],[7.289,59.989],[7.286,59.989],[7.285,59.988],[7.284,59.988],[7.283,59.987],[7.281,59.987],[7.279,59.986],[7.276,59.985],[7.274,59.985],[7.268,59.984],[7.266,59.984],[7.265,59.983],[7.263,59.982],[7.262,59.98],[7.261,59.978],[7.26,59.976],[7.259,59.976],[7.254,59.973],[7.246,59.969],[7.244,59.968],[7.233,59.963],[7.226,59.956],[7.224,59.954],[7.212,59.943],[7.208,59.939],[7.206,59.938],[7.2,59.932],[7.196,59.929],[7.19,59.923],[7.185,59.919],[7.184,59.918],[7.178,59.912],[7.176,59.91],[7.168,59.903],[7.166,59.901],[7.162,59.897],[7.159,59.894],[7.157,59.892],[7.155,59.89],[7.15,59.884],[7.147,59.882],[7.147,59.881],[7.147,59.88],[7.148,59.879],[7.149,59.877],[7.151,59.875],[7.155,59.872],[7.155,59.871],[7.158,59.869],[7.158,59.867],[7.157,59.866],[7.154,59.863],[7.153,59.862],[7.152,59.861],[7.151,59.86],[7.15,59.86],[7.148,59.859],[7.144,59.856],[7.141,59.854],[7.142,59.853],[7.144,59.852],[7.144,59.851],[7.146,59.85],[7.146,59.849],[7.145,59.849],[7.144,59.848],[7.144,59.847],[7.146,59.847],[7.151,59.846],[7.155,59.846],[7.156,59.845],[7.156,59.844],[7.154,59.842],[7.153,59.841],[7.153,59.84],[7.156,59.839],[7.159,59.837],[7.16,59.836],[7.161,59.832],[7.158,59.828],[7.15,59.827],[7.146,59.825],[7.142,59.822],[7.142,59.821],[7.145,59.812],[7.144,59.811],[7.132,59.804],[7.114,59.793],[7.108,59.79],[7.096,59.783],[7.11,59.763],[7.114,59.736],[7.116,59.714],[7.11,59.701],[7.174,59.686],[7.213,59.674],[7.214,59.673],[7.215,59.673],[7.216,59.672],[7.217,59.672],[7.22,59.671],[7.224,59.67],[7.226,59.669],[7.228,59.668],[7.231,59.667],[7.232,59.667],[7.236,59.665],[7.238,59.665],[7.239,59.665],[7.241,59.667],[7.243,59.667],[7.244,59.667],[7.245,59.666],[7.246,59.666],[7.247,59.665],[7.251,59.664],[7.253,59.664],[7.256,59.664],[7.259,59.663],[7.261,59.663],[7.265,59.661],[7.268,59.66],[7.269,59.66],[7.273,59.659],[7.286,59.656],[7.287,59.656],[7.288,59.656],[7.289,59.656],[7.29,59.657],[7.291,59.658],[7.294,59.659],[7.296,59.659],[7.298,59.659],[7.301,59.658],[7.304,59.657],[7.305,59.656],[7.307,59.655],[7.309,59.654],[7.311,59.654],[7.312,59.654],[7.313,59.653],[7.314,59.653],[7.316,59.652],[7.317,59.652],[7.319,59.651],[7.319,59.65],[7.318,59.649],[7.317,59.648],[7.317,59.647],[7.318,59.647],[7.319,59.647],[7.319,59.646],[7.321,59.646],[7.325,59.644],[7.327,59.644],[7.328,59.643],[7.33,59.644],[7.332,59.645],[7.331,59.646],[7.332,59.647],[7.334,59.647],[7.334,59.648],[7.336,59.648],[7.337,59.648],[7.338,59.648],[7.338,59.647],[7.338,59.646],[7.34,59.645],[7.343,59.644],[7.344,59.644],[7.345,59.643],[7.347,59.643],[7.349,59.642],[7.35,59.642],[7.352,59.641],[7.355,59.641],[7.357,59.641],[7.361,59.64],[7.364,59.639],[7.366,59.638],[7.368,59.637],[7.369,59.637],[7.37,59.637],[7.368,59.636],[7.367,59.635],[7.369,59.635],[7.371,59.634],[7.372,59.634],[7.386,59.633],[7.393,59.633],[7.393,59.635],[7.394,59.638],[7.396,59.647],[7.407,59.65],[7.403,59.656],[7.403,59.657],[7.402,59.659],[7.404,59.659],[7.405,59.659],[7.406,59.659],[7.409,59.658],[7.41,59.658],[7.411,59.658],[7.412,59.658],[7.412,59.657],[7.413,59.657],[7.415,59.657],[7.417,59.656],[7.418,59.656],[7.421,59.656],[7.422,59.656],[7.425,59.657],[7.426,59.657],[7.428,59.657],[7.429,59.658],[7.43,59.657],[7.433,59.658],[7.436,59.658],[7.436,59.659],[7.438,59.658],[7.44,59.659],[7.442,59.659],[7.442,59.657],[7.441,59.657],[7.439,59.656],[7.438,59.656],[7.438,59.655],[7.439,59.654],[7.44,59.654],[7.441,59.654],[7.442,59.653],[7.444,59.653],[7.444,59.652],[7.445,59.652],[7.446,59.651],[7.447,59.65],[7.448,59.65],[7.45,59.649],[7.449,59.649],[7.448,59.649],[7.448,59.648],[7.447,59.648],[7.446,59.647],[7.446,59.646],[7.447,59.645],[7.447,59.644],[7.448,59.644],[7.448,59.643],[7.45,59.642],[7.451,59.642],[7.45,59.645],[7.453,59.647],[7.454,59.647],[7.455,59.647],[7.455,59.646],[7.457,59.646],[7.458,59.646],[7.46,59.645],[7.463,59.645],[7.464,59.645],[7.467,59.645],[7.468,59.644],[7.47,59.644],[7.47,59.643],[7.472,59.642],[7.473,59.642],[7.474,59.641],[7.476,59.64],[7.477,59.64],[7.48,59.639],[7.481,59.638],[7.483,59.637],[7.484,59.637],[7.481,59.635],[7.477,59.633],[7.475,59.632],[7.478,59.63],[7.479,59.629],[7.483,59.627],[7.488,59.623],[7.491,59.62],[7.494,59.617],[7.498,59.614],[7.501,59.612],[7.503,59.61],[7.504,59.609],[7.506,59.608],[7.507,59.607],[7.52,59.605],[7.524,59.604],[7.533,59.603],[7.538,59.602],[7.538,59.601],[7.537,59.6],[7.538,59.599],[7.538,59.598],[7.537,59.597],[7.535,59.595],[7.534,59.595],[7.534,59.594],[7.536,59.593],[7.538,59.592],[7.541,59.591],[7.542,59.591],[7.543,59.59],[7.545,59.59],[7.547,59.589],[7.548,59.588],[7.552,59.587]]]}},{"type":"Feature","properties":{"id":611,"name":"Agder","bbox":[6.15,57.759,9.669,59.673]},"geometry":{"type":"Polygon","coordinates":[[[6.15,58.028],[6.165,58.021],[6.344,57.936],[6.351,57.933],[6.382,57.918],[6.393,57.914],[6.406,57.908],[6.42,57.903],[6.434,57.898],[6.469,57.887],[6.472,57.886],[6.487,57.882],[6.502,57.878],[6.517,57.874],[6.529,57.872],[6.772,57.819],[6.861,57.799],[6.863,57.799],[6.879,57.796],[6.895,57.793],[6.911,57.791],[6.928,57.789],[6.935,57.788],[7.125,57.766],[7.131,57.766],[7.147,57.764],[7.164,57.763],[7.181,57.762],[7.197,57.762],[7.258,57.762],[7.5,57.76],[7.557,57.759],[7.572,57.759],[7.589,57.759],[7.606,57.76],[7.655,57.763],[7.66,57.763],[7.677,57.765],[7.693,57.766],[7.709,57.768],[7.726,57.771],[7.757,57.776],[7.77,57.778],[7.785,57.781],[7.825,57.79],[7.83,57.791],[7.879,57.802],[8.009,57.831],[8.087,57.848],[8.161,57.864],[8.163,57.865],[8.178,57.869],[8.353,57.912],[8.372,57.917],[8.413,57.928],[8.423,57.93],[8.438,57.935],[8.452,57.939],[8.466,57.944],[8.48,57.949],[8.493,57.955],[8.506,57.961],[8.732,58.07],[8.735,58.072],[8.754,58.081],[8.917,58.162],[8.919,58.163],[8.931,58.169],[8.942,58.176],[9.067,58.25],[9.3,58.388],[9.354,58.42],[9.364,58.426],[9.532,58.524],[9.669,58.603],[9.633,58.623],[9.591,58.646],[9.549,58.669],[9.506,58.693],[9.48,58.707],[9.466,58.715],[9.427,58.736],[9.392,58.756],[9.368,58.77],[9.366,58.77],[9.366,58.771],[9.359,58.774],[9.354,58.777],[9.351,58.777],[9.35,58.778],[9.347,58.779],[9.344,58.78],[9.342,58.781],[9.339,58.781],[9.337,58.782],[9.335,58.782],[9.333,58.783],[9.331,58.784],[9.329,58.785],[9.327,58.785],[9.326,58.784],[9.324,58.783],[9.321,58.782],[9.318,58.777],[9.313,58.774],[9.309,58.773],[9.308,58.773],[9.305,58.772],[9.303,58.775],[9.3,58.777],[9.297,58.778],[9.296,58.779],[9.295,58.78],[9.293,58.782],[9.291,58.783],[9.29,58.784],[9.289,58.785],[9.288,58.786],[9.287,58.787],[9.286,58.788],[9.281,58.791],[9.28,58.792],[9.278,58.793],[9.277,58.794],[9.275,58.796],[9.271,58.796],[9.27,58.796],[9.262,58.796],[9.258,58.796],[9.255,58.796],[9.252,58.796],[9.248,58.796],[9.242,58.796],[9.239,58.796],[9.231,58.796],[9.23,58.796],[9.226,58.797],[9.219,58.799],[9.217,58.799],[9.215,58.799],[9.21,58.801],[9.205,58.802],[9.204,58.802],[9.203,58.802],[9.196,58.803],[9.198,58.805],[9.2,58.806],[9.205,58.81],[9.206,58.811],[9.208,58.813],[9.207,58.813],[9.204,58.813],[9.198,58.813],[9.193,58.814],[9.192,58.814],[9.191,58.82],[9.191,58.822],[9.191,58.825],[9.191,58.826],[9.191,58.828],[9.191,58.829],[9.191,58.83],[9.191,58.832],[9.191,58.836],[9.191,58.838],[9.191,58.841],[9.191,58.843],[9.19,58.843],[9.19,58.844],[9.19,58.845],[9.189,58.847],[9.189,58.848],[9.188,58.85],[9.184,58.858],[9.184,58.86],[9.183,58.862],[9.181,58.864],[9.178,58.866],[9.178,58.867],[9.177,58.868],[9.176,58.87],[9.175,58.87],[9.174,58.871],[9.173,58.872],[9.172,58.874],[9.17,58.876],[9.168,58.878],[9.165,58.881],[9.163,58.882],[9.162,58.884],[9.161,58.885],[9.158,58.885],[9.154,58.886],[9.151,58.887],[9.147,58.888],[9.144,58.889],[9.14,58.891],[9.135,58.892],[9.13,58.893],[9.128,58.893],[9.127,58.894],[9.125,58.894],[9.122,58.895],[9.116,58.897],[9.112,58.898],[9.11,58.899],[9.104,58.901],[9.103,58.902],[9.102,58.902],[9.099,58.903],[9.097,58.904],[9.094,58.905],[9.09,58.906],[9.086,58.907],[9.082,58.908],[9.075,58.911],[9.073,58.911],[9.072,58.912],[9.07,58.913],[9.069,58.913],[9.067,58.914],[9.066,58.915],[9.065,58.916],[9.064,58.916],[9.062,58.917],[9.062,58.918],[9.061,58.918],[9.06,58.918],[9.057,58.92],[9.056,58.921],[9.055,58.921],[9.054,58.922],[9.054,58.923],[9.052,58.924],[9.051,58.925],[9.049,58.926],[9.046,58.926],[9.043,58.928],[9.04,58.93],[9.039,58.93],[9.039,58.931],[9.035,58.933],[9.034,58.933],[9.034,58.934],[9.032,58.936],[9.032,58.937],[9.031,58.938],[9.03,58.939],[9.03,58.941],[9.029,58.941],[9.029,58.942],[9.028,58.943],[9.028,58.944],[9.026,58.946],[9.026,58.947],[9.025,58.949],[9.022,58.952],[9.021,58.954],[9.017,58.96],[9.015,58.962],[9.013,58.966],[9.012,58.968],[9.012,58.97],[9.01,58.973],[9.01,58.975],[9.009,58.976],[9.009,58.977],[9.007,58.978],[9.007,58.979],[9.006,58.979],[9.005,58.979],[9.002,58.98],[9.001,58.98],[9.001,58.981],[9.002,58.982],[9.001,58.982],[9.002,58.983],[9.002,58.984],[9.001,58.986],[9.001,58.988],[9,58.989],[8.997,58.991],[8.996,58.992],[8.995,58.993],[8.994,58.993],[8.99,58.993],[8.987,58.992],[8.984,58.992],[8.981,58.991],[8.979,58.991],[8.969,58.989],[8.966,58.989],[8.962,58.989],[8.961,58.989],[8.959,58.989],[8.957,58.989],[8.952,58.988],[8.95,58.988],[8.945,58.987],[8.94,58.986],[8.929,58.986],[8.927,58.986],[8.922,58.986],[8.916,58.986],[8.909,58.986],[8.905,58.986],[8.901,58.986],[8.898,58.986],[8.891,58.986],[8.878,58.986],[8.871,58.986],[8.864,58.987],[8.86,58.987],[8.852,58.987],[8.834,58.988],[8.832,58.978],[8.829,58.976],[8.827,58.974],[8.825,58.972],[8.822,58.97],[8.819,58.969],[8.762,58.948],[8.754,58.943],[8.762,58.937],[8.774,58.933],[8.781,58.931],[8.788,58.929],[8.795,58.927],[8.813,58.918],[8.828,58.914],[8.831,58.913],[8.829,58.911],[8.828,58.911],[8.825,58.91],[8.824,58.909],[8.818,58.906],[8.816,58.903],[8.815,58.903],[8.812,58.895],[8.811,58.893],[8.81,58.891],[8.807,58.89],[8.805,58.889],[8.798,58.884],[8.797,58.883],[8.796,58.882],[8.794,58.881],[8.792,58.879],[8.792,58.878],[8.79,58.876],[8.788,58.875],[8.787,58.874],[8.785,58.872],[8.781,58.868],[8.782,58.867],[8.783,58.868],[8.784,58.867],[8.786,58.867],[8.792,58.864],[8.789,58.862],[8.789,58.86],[8.79,58.857],[8.79,58.855],[8.79,58.854],[8.789,58.854],[8.789,58.853],[8.789,58.852],[8.789,58.851],[8.788,58.849],[8.787,58.847],[8.787,58.845],[8.786,58.844],[8.782,58.842],[8.777,58.841],[8.775,58.84],[8.772,58.84],[8.769,58.839],[8.766,58.838],[8.765,58.837],[8.764,58.836],[8.763,58.835],[8.761,58.835],[8.76,58.835],[8.752,58.834],[8.747,58.832],[8.744,58.831],[8.739,58.834],[8.731,58.84],[8.73,58.841],[8.727,58.843],[8.727,58.844],[8.725,58.845],[8.725,58.846],[8.724,58.847],[8.724,58.85],[8.722,58.851],[8.719,58.851],[8.716,58.852],[8.708,58.854],[8.703,58.855],[8.691,58.858],[8.689,58.859],[8.681,58.861],[8.675,58.863],[8.673,58.863],[8.668,58.865],[8.665,58.866],[8.657,58.868],[8.653,58.869],[8.656,58.872],[8.656,58.873],[8.653,58.875],[8.653,58.876],[8.653,58.877],[8.653,58.878],[8.651,58.879],[8.648,58.881],[8.645,58.883],[8.643,58.884],[8.642,58.885],[8.641,58.885],[8.64,58.885],[8.638,58.886],[8.637,58.887],[8.637,58.888],[8.638,58.889],[8.64,58.889],[8.638,58.891],[8.638,58.892],[8.636,58.892],[8.635,58.892],[8.634,58.893],[8.633,58.893],[8.632,58.894],[8.629,58.897],[8.626,58.899],[8.623,58.902],[8.621,58.904],[8.618,58.907],[8.616,58.909],[8.613,58.911],[8.612,58.912],[8.61,58.914],[8.606,58.915],[8.604,58.916],[8.602,58.916],[8.596,58.918],[8.592,58.92],[8.591,58.92],[8.588,58.921],[8.586,58.922],[8.583,58.924],[8.58,58.926],[8.579,58.927],[8.578,58.928],[8.575,58.931],[8.57,58.929],[8.565,58.927],[8.558,58.925],[8.555,58.924],[8.55,58.923],[8.546,58.922],[8.542,58.921],[8.534,58.918],[8.531,58.917],[8.527,58.916],[8.525,58.915],[8.521,58.914],[8.518,58.913],[8.512,58.911],[8.503,58.908],[8.5,58.905],[8.496,58.903],[8.495,58.901],[8.493,58.9],[8.49,58.898],[8.489,58.897],[8.485,58.894],[8.483,58.892],[8.481,58.89],[8.478,58.888],[8.476,58.887],[8.472,58.888],[8.471,58.889],[8.461,58.892],[8.456,58.893],[8.453,58.894],[8.446,58.897],[8.442,58.897],[8.44,58.897],[8.438,58.898],[8.436,58.898],[8.435,58.899],[8.433,58.899],[8.432,58.899],[8.431,58.901],[8.431,58.902],[8.43,58.902],[8.428,58.902],[8.427,58.902],[8.424,58.903],[8.422,58.903],[8.421,58.903],[8.42,58.904],[8.42,58.905],[8.419,58.906],[8.417,58.906],[8.415,58.906],[8.412,58.907],[8.41,58.907],[8.406,58.908],[8.405,58.909],[8.398,58.911],[8.394,58.911],[8.39,58.912],[8.389,58.912],[8.387,58.913],[8.383,58.913],[8.381,58.913],[8.377,58.913],[8.367,58.913],[8.364,58.914],[8.357,58.914],[8.344,58.916],[8.341,58.917],[8.337,58.917],[8.33,58.916],[8.326,58.917],[8.321,58.918],[8.311,58.919],[8.31,58.919],[8.31,58.921],[8.309,58.923],[8.308,58.925],[8.308,58.926],[8.308,58.927],[8.306,58.927],[8.305,58.929],[8.304,58.929],[8.303,58.93],[8.3,58.932],[8.296,58.935],[8.294,58.937],[8.29,58.938],[8.286,58.94],[8.284,58.94],[8.28,58.941],[8.279,58.942],[8.274,58.945],[8.272,58.947],[8.27,58.948],[8.26,58.951],[8.258,58.952],[8.25,58.954],[8.237,58.958],[8.236,58.959],[8.226,58.963],[8.223,58.97],[8.222,58.97],[8.215,58.972],[8.208,58.973],[8.196,58.976],[8.191,58.977],[8.183,58.979],[8.173,58.982],[8.165,58.982],[8.162,58.981],[8.156,58.982],[8.148,58.982],[8.139,58.984],[8.135,58.985],[8.127,58.985],[8.125,58.984],[8.117,58.982],[8.111,58.98],[8.108,58.979],[8.103,58.977],[8.098,58.975],[8.092,58.974],[8.089,58.974],[8.086,58.974],[8.084,58.973],[8.079,58.972],[8.082,58.97],[8.089,58.965],[8.092,58.965],[8.093,58.965],[8.094,58.965],[8.095,58.965],[8.096,58.965],[8.097,58.965],[8.098,58.965],[8.1,58.965],[8.101,58.965],[8.102,58.965],[8.103,58.964],[8.104,58.964],[8.106,58.964],[8.108,58.964],[8.11,58.966],[8.111,58.966],[8.113,58.966],[8.114,58.966],[8.114,58.965],[8.115,58.966],[8.117,58.966],[8.118,58.966],[8.119,58.965],[8.12,58.965],[8.122,58.965],[8.124,58.965],[8.125,58.965],[8.127,58.964],[8.13,58.964],[8.131,58.964],[8.133,58.963],[8.134,58.963],[8.135,58.964],[8.137,58.961],[8.133,58.96],[8.129,58.958],[8.126,58.957],[8.122,58.955],[8.114,58.953],[8.112,58.953],[8.109,58.953],[8.1,58.952],[8.097,58.952],[8.095,58.951],[8.092,58.948],[8.084,58.95],[8.078,58.95],[8.074,58.95],[8.068,58.949],[8.063,58.95],[8.06,58.95],[8.055,58.95],[8.044,58.952],[8.04,58.953],[8.036,58.954],[8.034,58.955],[8.033,58.956],[8.025,58.959],[8.021,58.96],[8.018,58.962],[8.015,58.963],[8.012,58.964],[8.009,58.965],[7.999,58.964],[7.996,58.964],[7.993,58.963],[7.988,58.962],[7.985,58.962],[7.984,58.962],[7.978,58.964],[7.975,58.965],[7.975,58.966],[7.968,58.967],[7.966,58.968],[7.966,58.969],[7.965,58.971],[7.964,58.974],[7.95,58.982],[7.942,58.987],[7.939,58.993],[7.937,58.998],[7.94,59.005],[7.934,59.006],[7.924,59.006],[7.92,59.007],[7.914,59.008],[7.911,59.009],[7.91,59.013],[7.908,59.016],[7.902,59.026],[7.886,59.034],[7.877,59.039],[7.877,59.047],[7.868,59.056],[7.867,59.057],[7.868,59.06],[7.858,59.069],[7.848,59.077],[7.847,59.077],[7.836,59.085],[7.828,59.089],[7.828,59.09],[7.829,59.09],[7.828,59.091],[7.827,59.091],[7.821,59.098],[7.814,59.105],[7.808,59.114],[7.805,59.117],[7.785,59.124],[7.779,59.128],[7.769,59.135],[7.756,59.14],[7.751,59.141],[7.742,59.144],[7.741,59.148],[7.734,59.157],[7.73,59.163],[7.73,59.164],[7.729,59.167],[7.731,59.167],[7.732,59.167],[7.733,59.168],[7.733,59.169],[7.734,59.169],[7.734,59.17],[7.735,59.171],[7.736,59.171],[7.739,59.179],[7.744,59.184],[7.747,59.189],[7.746,59.191],[7.748,59.194],[7.749,59.195],[7.748,59.196],[7.747,59.196],[7.745,59.198],[7.744,59.198],[7.747,59.203],[7.748,59.206],[7.749,59.208],[7.753,59.209],[7.758,59.213],[7.763,59.214],[7.775,59.214],[7.777,59.217],[7.78,59.22],[7.78,59.221],[7.778,59.222],[7.776,59.223],[7.774,59.224],[7.768,59.225],[7.765,59.226],[7.762,59.227],[7.758,59.228],[7.757,59.23],[7.754,59.232],[7.751,59.235],[7.749,59.24],[7.748,59.243],[7.746,59.249],[7.747,59.25],[7.746,59.251],[7.745,59.251],[7.744,59.251],[7.741,59.251],[7.74,59.251],[7.738,59.251],[7.738,59.252],[7.73,59.258],[7.725,59.261],[7.721,59.272],[7.717,59.284],[7.716,59.29],[7.715,59.292],[7.708,59.303],[7.706,59.307],[7.704,59.311],[7.703,59.313],[7.698,59.323],[7.696,59.327],[7.673,59.333],[7.665,59.333],[7.643,59.334],[7.625,59.332],[7.615,59.329],[7.614,59.328],[7.614,59.329],[7.615,59.33],[7.615,59.331],[7.615,59.332],[7.614,59.333],[7.613,59.333],[7.612,59.334],[7.611,59.334],[7.611,59.335],[7.61,59.336],[7.61,59.337],[7.611,59.338],[7.612,59.339],[7.612,59.341],[7.612,59.348],[7.61,59.35],[7.605,59.356],[7.604,59.357],[7.604,59.358],[7.6,59.362],[7.599,59.364],[7.597,59.366],[7.596,59.367],[7.596,59.369],[7.596,59.372],[7.596,59.375],[7.595,59.377],[7.593,59.378],[7.589,59.379],[7.582,59.383],[7.579,59.384],[7.576,59.385],[7.572,59.387],[7.563,59.39],[7.543,59.397],[7.54,59.399],[7.541,59.401],[7.544,59.405],[7.549,59.408],[7.555,59.411],[7.557,59.412],[7.561,59.415],[7.563,59.417],[7.566,59.419],[7.57,59.421],[7.574,59.424],[7.576,59.425],[7.577,59.426],[7.579,59.43],[7.58,59.431],[7.581,59.432],[7.582,59.433],[7.582,59.435],[7.574,59.437],[7.566,59.438],[7.579,59.441],[7.583,59.444],[7.626,59.462],[7.595,59.479],[7.585,59.501],[7.58,59.503],[7.54,59.522],[7.536,59.524],[7.535,59.527],[7.529,59.536],[7.526,59.541],[7.521,59.55],[7.515,59.561],[7.523,59.567],[7.548,59.584],[7.552,59.587],[7.548,59.588],[7.547,59.589],[7.545,59.59],[7.543,59.59],[7.542,59.591],[7.541,59.591],[7.538,59.592],[7.536,59.593],[7.534,59.594],[7.534,59.595],[7.535,59.595],[7.537,59.597],[7.538,59.598],[7.538,59.599],[7.537,59.6],[7.538,59.601],[7.538,59.602],[7.533,59.603],[7.524,59.604],[7.52,59.605],[7.507,59.607],[7.506,59.608],[7.504,59.609],[7.503,59.61],[7.501,59.612],[7.498,59.614],[7.494,59.617],[7.491,59.62],[7.488,59.623],[7.483,59.627],[7.479,59.629],[7.478,59.63],[7.475,59.632],[7.477,59.633],[7.481,59.635],[7.484,59.637],[7.483,59.637],[7.481,59.638],[7.48,59.639],[7.477,59.64],[7.476,59.64],[7.474,59.641],[7.473,59.642],[7.472,59.642],[7.47,59.643],[7.47,59.644],[7.468,59.644],[7.467,59.645],[7.464,59.645],[7.463,59.645],[7.46,59.645],[7.458,59.646],[7.457,59.646],[7.455,59.646],[7.455,59.647],[7.454,59.647],[7.453,59.647],[7.45,59.645],[7.451,59.642],[7.45,59.642],[7.448,59.643],[7.448,59.644],[7.447,59.644],[7.447,59.645],[7.446,59.646],[7.446,59.647],[7.447,59.648],[7.448,59.648],[7.448,59.649],[7.449,59.649],[7.45,59.649],[7.448,59.65],[7.447,59.65],[7.446,59.651],[7.445,59.652],[7.444,59.652],[7.444,59.653],[7.442,59.653],[7.441,59.654],[7.44,59.654],[7.439,59.654],[7.438,59.655],[7.438,59.656],[7.439,59.656],[7.441,59.657],[7.442,59.657],[7.442,59.659],[7.44,59.659],[7.438,59.658],[7.436,59.659],[7.436,59.658],[7.433,59.658],[7.43,59.657],[7.429,59.658],[7.428,59.657],[7.426,59.657],[7.425,59.657],[7.422,59.656],[7.421,59.656],[7.418,59.656],[7.417,59.656],[7.415,59.657],[7.413,59.657],[7.412,59.657],[7.412,59.658],[7.411,59.658],[7.41,59.658],[7.409,59.658],[7.406,59.659],[7.405,59.659],[7.404,59.659],[7.402,59.659],[7.403,59.657],[7.403,59.656],[7.407,59.65],[7.396,59.647],[7.394,59.638],[7.393,59.635],[7.393,59.633],[7.386,59.633],[7.372,59.634],[7.371,59.634],[7.369,59.635],[7.367,59.635],[7.368,59.636],[7.37,59.637],[7.369,59.637],[7.368,59.637],[7.366,59.638],[7.364,59.639],[7.361,59.64],[7.357,59.641],[7.355,59.641],[7.352,59.641],[7.35,59.642],[7.349,59.642],[7.347,59.643],[7.345,59.643],[7.344,59.644],[7.343,59.644],[7.34,59.645],[7.338,59.646],[7.338,59.647],[7.338,59.648],[7.337,59.648],[7.336,59.648],[7.334,59.648],[7.334,59.647],[7.332,59.647],[7.331,59.646],[7.332,59.645],[7.33,59.644],[7.328,59.643],[7.327,59.644],[7.325,59.644],[7.321,59.646],[7.319,59.646],[7.319,59.647],[7.318,59.647],[7.317,59.647],[7.317,59.648],[7.318,59.649],[7.319,59.65],[7.319,59.651],[7.317,59.652],[7.316,59.652],[7.314,59.653],[7.313,59.653],[7.312,59.654],[7.311,59.654],[7.309,59.654],[7.307,59.655],[7.305,59.656],[7.304,59.657],[7.301,59.658],[7.298,59.659],[7.296,59.659],[7.294,59.659],[7.291,59.658],[7.29,59.657],[7.289,59.656],[7.288,59.656],[7.287,59.656],[7.286,59.656],[7.273,59.659],[7.269,59.66],[7.268,59.66],[7.265,59.661],[7.261,59.663],[7.259,59.663],[7.256,59.664],[7.253,59.664],[7.251,59.664],[7.247,59.665],[7.246,59.666],[7.245,59.666],[7.244,59.667],[7.243,59.667],[7.241,59.667],[7.239,59.665],[7.238,59.665],[7.236,59.665],[7.232,59.667],[7.231,59.667],[7.228,59.668],[7.226,59.669],[7.224,59.67],[7.22,59.671],[7.217,59.672],[7.216,59.672],[7.215,59.673],[7.212,59.67],[7.211,59.669],[7.199,59.667],[7.173,59.665],[7.138,59.662],[7.13,59.66],[7.114,59.656],[7.099,59.651],[7.098,59.647],[7.094,59.634],[7.092,59.627],[7.089,59.62],[7.076,59.613],[7.072,59.611],[7.062,59.603],[7.049,59.587],[7.031,59.592],[7.015,59.596],[7.013,59.596],[6.992,59.597],[6.99,59.589],[6.989,59.584],[6.988,59.579],[6.987,59.576],[6.986,59.571],[6.985,59.57],[6.983,59.561],[6.981,59.549],[6.978,59.541],[6.978,59.54],[6.979,59.538],[6.979,59.536],[6.979,59.533],[6.98,59.53],[6.98,59.528],[6.98,59.524],[6.98,59.523],[6.975,59.521],[6.968,59.518],[6.966,59.518],[6.964,59.517],[6.963,59.516],[6.964,59.515],[6.968,59.513],[6.968,59.512],[6.969,59.512],[6.972,59.511],[6.974,59.511],[6.975,59.511],[6.976,59.51],[6.977,59.509],[6.981,59.508],[6.982,59.508],[6.984,59.507],[6.993,59.506],[6.995,59.506],[6.997,59.505],[6.998,59.505],[7,59.505],[7.001,59.504],[7.003,59.503],[7.004,59.502],[7.005,59.502],[7.006,59.501],[7.004,59.5],[7.002,59.499],[7.002,59.498],[7.001,59.498],[7.001,59.497],[7.001,59.496],[7.002,59.495],[7.005,59.494],[7.007,59.494],[7.01,59.493],[7.012,59.493],[7.013,59.492],[7.015,59.491],[7.016,59.491],[7.016,59.49],[7.016,59.488],[7.017,59.488],[7.016,59.487],[7.018,59.487],[7.019,59.486],[7.019,59.485],[7.021,59.484],[7.022,59.484],[7.023,59.483],[7.023,59.482],[7.023,59.481],[7.021,59.481],[7.019,59.48],[7.016,59.479],[7.014,59.478],[7.011,59.475],[7.008,59.473],[7.007,59.472],[7.005,59.47],[7.004,59.47],[7.004,59.469],[7.002,59.469],[7,59.467],[7,59.466],[6.999,59.465],[6.999,59.464],[6.999,59.463],[6.999,59.462],[6.997,59.461],[6.995,59.46],[6.994,59.46],[6.993,59.46],[6.989,59.458],[6.985,59.457],[6.983,59.456],[6.978,59.454],[6.974,59.452],[6.971,59.45],[6.968,59.449],[6.957,59.445],[6.955,59.444],[6.953,59.444],[6.95,59.446],[6.948,59.445],[6.947,59.444],[6.946,59.443],[6.945,59.443],[6.944,59.443],[6.942,59.442],[6.941,59.442],[6.941,59.441],[6.939,59.441],[6.938,59.441],[6.935,59.439],[6.934,59.439],[6.928,59.437],[6.926,59.437],[6.923,59.436],[6.92,59.436],[6.919,59.435],[6.914,59.434],[6.912,59.434],[6.911,59.434],[6.908,59.433],[6.906,59.433],[6.904,59.432],[6.903,59.432],[6.901,59.432],[6.899,59.431],[6.898,59.431],[6.896,59.431],[6.893,59.43],[6.892,59.431],[6.891,59.431],[6.889,59.431],[6.887,59.431],[6.885,59.43],[6.883,59.429],[6.883,59.428],[6.884,59.428],[6.884,59.427],[6.887,59.426],[6.888,59.426],[6.889,59.425],[6.889,59.424],[6.891,59.424],[6.892,59.422],[6.893,59.421],[6.896,59.419],[6.897,59.419],[6.9,59.418],[6.901,59.417],[6.903,59.416],[6.905,59.415],[6.91,59.412],[6.918,59.409],[6.922,59.407],[6.924,59.406],[6.927,59.405],[6.929,59.404],[6.929,59.403],[6.931,59.403],[6.932,59.402],[6.932,59.4],[6.931,59.4],[6.929,59.401],[6.925,59.401],[6.925,59.4],[6.925,59.399],[6.925,59.398],[6.924,59.398],[6.923,59.398],[6.923,59.397],[6.924,59.397],[6.924,59.396],[6.923,59.396],[6.922,59.395],[6.92,59.394],[6.919,59.393],[6.918,59.393],[6.916,59.394],[6.914,59.395],[6.913,59.395],[6.91,59.395],[6.908,59.395],[6.908,59.392],[6.907,59.392],[6.905,59.392],[6.904,59.392],[6.903,59.392],[6.901,59.392],[6.901,59.393],[6.9,59.394],[6.898,59.394],[6.898,59.395],[6.896,59.396],[6.894,59.398],[6.891,59.398],[6.865,59.368],[6.864,59.366],[6.859,59.36],[6.859,59.358],[6.858,59.356],[6.859,59.352],[6.857,59.35],[6.855,59.349],[6.848,59.335],[6.843,59.331],[6.841,59.327],[6.835,59.319],[6.832,59.317],[6.83,59.308],[6.825,59.27],[6.841,59.251],[6.839,59.221],[6.838,59.193],[6.838,59.192],[6.848,59.183],[6.85,59.183],[6.854,59.183],[6.864,59.183],[6.876,59.184],[6.88,59.184],[6.897,59.185],[6.904,59.186],[6.907,59.185],[6.919,59.184],[6.926,59.183],[6.933,59.182],[6.938,59.182],[6.939,59.182],[6.939,59.181],[6.938,59.18],[6.937,59.179],[6.934,59.179],[6.933,59.179],[6.932,59.178],[6.931,59.177],[6.93,59.176],[6.924,59.175],[6.922,59.175],[6.922,59.174],[6.923,59.173],[6.923,59.172],[6.923,59.171],[6.922,59.17],[6.922,59.169],[6.925,59.168],[6.926,59.168],[6.926,59.167],[6.925,59.166],[6.924,59.166],[6.921,59.165],[6.92,59.164],[6.918,59.163],[6.916,59.162],[6.912,59.162],[6.911,59.161],[6.91,59.16],[6.906,59.16],[6.904,59.16],[6.902,59.159],[6.899,59.159],[6.898,59.159],[6.892,59.154],[6.893,59.153],[6.892,59.153],[6.891,59.152],[6.889,59.151],[6.888,59.151],[6.887,59.15],[6.885,59.15],[6.885,59.148],[6.886,59.148],[6.886,59.147],[6.884,59.146],[6.882,59.145],[6.881,59.145],[6.881,59.143],[6.88,59.141],[6.88,59.14],[6.881,59.14],[6.886,59.141],[6.888,59.141],[6.89,59.14],[6.891,59.14],[6.893,59.138],[6.894,59.138],[6.894,59.137],[6.895,59.136],[6.896,59.135],[6.897,59.135],[6.898,59.134],[6.9,59.133],[6.901,59.132],[6.902,59.131],[6.902,59.13],[6.901,59.13],[6.9,59.128],[6.899,59.127],[6.899,59.125],[6.9,59.124],[6.899,59.124],[6.898,59.123],[6.899,59.122],[6.9,59.121],[6.901,59.121],[6.902,59.12],[6.9,59.119],[6.9,59.118],[6.9,59.117],[6.9,59.116],[6.899,59.116],[6.9,59.115],[6.901,59.115],[6.902,59.114],[6.904,59.114],[6.904,59.113],[6.903,59.113],[6.885,59.103],[6.843,59.081],[6.818,59.068],[6.788,59.053],[6.783,59.043],[6.781,59.04],[6.761,59.033],[6.757,59.032],[6.738,59.022],[6.725,59.015],[6.706,59.002],[6.704,58.997],[6.703,58.994],[6.666,58.985],[6.649,58.962],[6.633,58.94],[6.623,58.936],[6.578,58.917],[6.561,58.91],[6.568,58.886],[6.575,58.885],[6.576,58.885],[6.578,58.884],[6.579,58.883],[6.58,58.881],[6.581,58.881],[6.582,58.881],[6.583,58.882],[6.585,58.882],[6.587,58.882],[6.588,58.882],[6.589,58.883],[6.591,58.882],[6.593,58.883],[6.594,58.884],[6.595,58.884],[6.596,58.884],[6.597,58.884],[6.599,58.883],[6.601,58.883],[6.602,58.884],[6.603,58.884],[6.604,58.884],[6.606,58.884],[6.607,58.883],[6.607,58.882],[6.607,58.881],[6.609,58.88],[6.608,58.88],[6.607,58.879],[6.605,58.878],[6.604,58.878],[6.603,58.878],[6.601,58.877],[6.604,58.875],[6.589,58.861],[6.576,58.849],[6.566,58.842],[6.553,58.826],[6.552,58.818],[6.548,58.813],[6.542,58.806],[6.537,58.801],[6.534,58.796],[6.531,58.791],[6.528,58.787],[6.528,58.786],[6.528,58.784],[6.525,58.781],[6.523,58.777],[6.518,58.767],[6.52,58.766],[6.523,58.766],[6.532,58.768],[6.533,58.768],[6.547,58.766],[6.549,58.765],[6.55,58.764],[6.551,58.764],[6.553,58.764],[6.556,58.765],[6.558,58.764],[6.559,58.764],[6.56,58.764],[6.562,58.764],[6.562,58.765],[6.565,58.765],[6.568,58.766],[6.57,58.766],[6.571,58.766],[6.573,58.765],[6.574,58.764],[6.575,58.763],[6.576,58.763],[6.576,58.762],[6.576,58.757],[6.574,58.746],[6.574,58.741],[6.583,58.738],[6.585,58.737],[6.588,58.736],[6.593,58.734],[6.597,58.732],[6.599,58.731],[6.602,58.73],[6.606,58.727],[6.608,58.724],[6.617,58.715],[6.619,58.711],[6.621,58.707],[6.623,58.704],[6.623,58.702],[6.622,58.697],[6.622,58.696],[6.606,58.689],[6.601,58.687],[6.593,58.686],[6.588,58.685],[6.582,58.685],[6.58,58.684],[6.578,58.684],[6.563,58.68],[6.56,58.679],[6.556,58.678],[6.55,58.677],[6.538,58.675],[6.534,58.674],[6.532,58.673],[6.529,58.673],[6.513,58.67],[6.507,58.669],[6.503,58.67],[6.491,58.67],[6.489,58.67],[6.485,58.671],[6.477,58.672],[6.468,58.669],[6.464,58.668],[6.461,58.667],[6.451,58.664],[6.447,58.66],[6.444,58.657],[6.442,58.655],[6.438,58.651],[6.436,58.649],[6.442,58.648],[6.456,58.644],[6.46,58.643],[6.462,58.642],[6.465,58.641],[6.469,58.64],[6.469,58.639],[6.469,58.638],[6.47,58.638],[6.471,58.637],[6.473,58.637],[6.474,58.636],[6.477,58.635],[6.478,58.634],[6.478,58.633],[6.479,58.633],[6.48,58.631],[6.482,58.63],[6.483,58.63],[6.484,58.629],[6.485,58.628],[6.487,58.628],[6.487,58.627],[6.488,58.627],[6.487,58.626],[6.486,58.626],[6.485,58.625],[6.484,58.625],[6.483,58.623],[6.485,58.621],[6.488,58.618],[6.49,58.618],[6.492,58.615],[6.496,58.612],[6.497,58.61],[6.5,58.611],[6.511,58.617],[6.515,58.619],[6.518,58.621],[6.523,58.623],[6.532,58.627],[6.533,58.628],[6.541,58.626],[6.542,58.626],[6.545,58.626],[6.548,58.625],[6.551,58.623],[6.556,58.622],[6.559,58.622],[6.561,58.621],[6.569,58.62],[6.576,58.617],[6.583,58.615],[6.586,58.616],[6.592,58.619],[6.596,58.619],[6.6,58.62],[6.605,58.622],[6.615,58.625],[6.614,58.623],[6.611,58.618],[6.611,58.617],[6.609,58.614],[6.607,58.612],[6.605,58.609],[6.604,58.608],[6.602,58.607],[6.6,58.606],[6.599,58.606],[6.595,58.604],[6.594,58.601],[6.591,58.598],[6.589,58.596],[6.589,58.594],[6.588,58.59],[6.589,58.588],[6.591,58.586],[6.594,58.587],[6.597,58.586],[6.598,58.585],[6.603,58.581],[6.605,58.581],[6.61,58.579],[6.61,58.577],[6.61,58.576],[6.609,58.575],[6.609,58.574],[6.61,58.573],[6.61,58.572],[6.611,58.572],[6.609,58.57],[6.609,58.569],[6.608,58.566],[6.609,58.565],[6.608,58.564],[6.608,58.562],[6.611,58.56],[6.612,58.559],[6.614,58.557],[6.616,58.557],[6.618,58.555],[6.617,58.554],[6.613,58.549],[6.612,58.547],[6.612,58.546],[6.612,58.545],[6.614,58.542],[6.609,58.54],[6.609,58.539],[6.608,58.539],[6.607,58.54],[6.606,58.54],[6.605,58.539],[6.605,58.538],[6.606,58.538],[6.606,58.537],[6.607,58.537],[6.607,58.536],[6.61,58.535],[6.611,58.535],[6.609,58.534],[6.608,58.533],[6.608,58.532],[6.607,58.53],[6.606,58.528],[6.604,58.526],[6.603,58.523],[6.602,58.522],[6.602,58.521],[6.601,58.521],[6.598,58.516],[6.596,58.514],[6.594,58.511],[6.593,58.51],[6.593,58.509],[6.593,58.508],[6.592,58.507],[6.593,58.5],[6.591,58.498],[6.588,58.493],[6.596,58.497],[6.603,58.492],[6.607,58.489],[6.609,58.487],[6.61,58.486],[6.611,58.485],[6.612,58.483],[6.611,58.482],[6.61,58.48],[6.611,58.478],[6.611,58.475],[6.611,58.474],[6.614,58.473],[6.615,58.473],[6.619,58.471],[6.616,58.469],[6.616,58.468],[6.615,58.467],[6.617,58.466],[6.617,58.465],[6.62,58.457],[6.623,58.456],[6.624,58.454],[6.625,58.454],[6.626,58.454],[6.627,58.454],[6.629,58.453],[6.632,58.451],[6.631,58.45],[6.632,58.448],[6.631,58.446],[6.63,58.444],[6.625,58.44],[6.625,58.439],[6.621,58.437],[6.62,58.436],[6.618,58.435],[6.617,58.435],[6.614,58.434],[6.611,58.432],[6.61,58.431],[6.609,58.43],[6.606,58.427],[6.6,58.421],[6.595,58.416],[6.596,58.412],[6.596,58.409],[6.604,58.387],[6.609,58.374],[6.609,58.372],[6.604,58.366],[6.601,58.363],[6.599,58.362],[6.591,58.358],[6.588,58.354],[6.583,58.351],[6.581,58.348],[6.576,58.345],[6.571,58.339],[6.56,58.327],[6.551,58.324],[6.543,58.32],[6.516,58.314],[6.489,58.305],[6.483,58.303],[6.481,58.302],[6.479,58.301],[6.474,58.301],[6.473,58.3],[6.471,58.3],[6.469,58.3],[6.468,58.299],[6.465,58.299],[6.463,58.298],[6.458,58.298],[6.457,58.297],[6.455,58.296],[6.453,58.296],[6.452,58.296],[6.45,58.295],[6.448,58.295],[6.446,58.294],[6.44,58.291],[6.437,58.291],[6.431,58.29],[6.418,58.286],[6.416,58.285],[6.398,58.282],[6.386,58.278],[6.373,58.277],[6.318,58.216],[6.304,58.2],[6.15,58.028]]]}},{"type":"Feature","properties":{"id":612,"name":"Vestland","bbox":[4.088,59.475,8.322,62.382]},"geometry":{"type":"Polygon","coordinates":[[[4.266,60.688],[4.331,60.571],[4.363,60.513],[4.403,60.44],[4.418,60.413],[4.427,60.395],[4.473,60.311],[4.494,60.272],[4.507,60.231],[4.526,60.17],[4.547,60.104],[4.556,60.074],[4.565,60.047],[4.606,59.914],[4.621,59.866],[4.649,59.775],[4.661,59.719],[4.672,59.665],[4.604,59.558],[4.852,59.517],[4.946,59.501],[4.977,59.496],[5.161,59.513],[5.187,59.515],[5.234,59.504],[5.243,59.505],[5.248,59.503],[5.249,59.501],[5.255,59.499],[5.256,59.498],[5.257,59.497],[5.26,59.496],[5.263,59.496],[5.266,59.495],[5.271,59.494],[5.279,59.49],[5.29,59.488],[5.302,59.482],[5.303,59.481],[5.304,59.48],[5.306,59.48],[5.306,59.479],[5.308,59.479],[5.309,59.479],[5.311,59.477],[5.312,59.476],[5.314,59.476],[5.315,59.475],[5.316,59.476],[5.317,59.477],[5.319,59.477],[5.324,59.479],[5.328,59.48],[5.33,59.481],[5.332,59.48],[5.333,59.481],[5.334,59.481],[5.335,59.482],[5.342,59.483],[5.349,59.485],[5.35,59.485],[5.352,59.485],[5.353,59.487],[5.354,59.487],[5.354,59.488],[5.356,59.489],[5.356,59.49],[5.355,59.49],[5.354,59.491],[5.358,59.492],[5.364,59.494],[5.364,59.495],[5.365,59.495],[5.369,59.495],[5.371,59.495],[5.374,59.487],[5.373,59.486],[5.373,59.485],[5.374,59.485],[5.376,59.485],[5.38,59.485],[5.384,59.485],[5.385,59.485],[5.387,59.486],[5.397,59.484],[5.397,59.483],[5.401,59.484],[5.392,59.49],[5.389,59.491],[5.395,59.492],[5.418,59.495],[5.42,59.496],[5.421,59.498],[5.423,59.5],[5.431,59.499],[5.434,59.497],[5.45,59.498],[5.454,59.498],[5.454,59.497],[5.455,59.498],[5.457,59.498],[5.46,59.498],[5.462,59.499],[5.46,59.515],[5.473,59.521],[5.496,59.517],[5.511,59.522],[5.52,59.541],[5.531,59.549],[5.551,59.565],[5.538,59.616],[5.545,59.661],[5.571,59.695],[5.562,59.725],[5.581,59.754],[5.597,59.753],[5.635,59.7],[5.688,59.686],[5.764,59.7],[5.767,59.686],[5.775,59.657],[5.784,59.647],[5.796,59.646],[5.824,59.648],[5.824,59.646],[5.823,59.645],[5.823,59.644],[5.823,59.643],[5.823,59.642],[5.823,59.641],[5.823,59.64],[5.827,59.636],[5.834,59.632],[5.844,59.629],[5.851,59.629],[5.857,59.629],[5.861,59.629],[5.866,59.629],[5.87,59.628],[5.874,59.627],[5.877,59.626],[5.882,59.626],[5.884,59.626],[5.892,59.626],[5.893,59.625],[5.893,59.624],[5.894,59.624],[5.895,59.624],[5.895,59.623],[5.897,59.623],[5.897,59.621],[5.898,59.619],[5.899,59.619],[5.899,59.617],[5.899,59.616],[5.899,59.612],[5.903,59.609],[5.907,59.608],[5.91,59.609],[5.912,59.611],[5.924,59.61],[5.938,59.607],[5.948,59.605],[5.963,59.601],[5.97,59.598],[5.97,59.595],[5.969,59.587],[5.969,59.579],[5.977,59.579],[6.005,59.585],[6.006,59.587],[6.006,59.589],[6.008,59.595],[6.009,59.595],[6.01,59.595],[6.01,59.594],[6.011,59.593],[6.013,59.593],[6.014,59.593],[6.015,59.593],[6.042,59.591],[6.046,59.593],[6.047,59.595],[6.048,59.595],[6.055,59.598],[6.059,59.598],[6.074,59.597],[6.085,59.596],[6.089,59.595],[6.1,59.591],[6.118,59.585],[6.122,59.585],[6.123,59.585],[6.124,59.585],[6.126,59.586],[6.129,59.587],[6.143,59.585],[6.166,59.585],[6.183,59.586],[6.186,59.591],[6.189,59.594],[6.189,59.598],[6.19,59.601],[6.189,59.604],[6.189,59.606],[6.185,59.61],[6.183,59.61],[6.183,59.611],[6.182,59.612],[6.18,59.614],[6.178,59.615],[6.186,59.618],[6.187,59.621],[6.183,59.625],[6.184,59.631],[6.19,59.635],[6.186,59.64],[6.187,59.641],[6.188,59.641],[6.189,59.642],[6.19,59.642],[6.191,59.642],[6.191,59.643],[6.191,59.644],[6.192,59.644],[6.193,59.644],[6.194,59.644],[6.196,59.643],[6.199,59.641],[6.2,59.641],[6.207,59.646],[6.207,59.647],[6.208,59.648],[6.208,59.649],[6.209,59.649],[6.213,59.656],[6.213,59.66],[6.213,59.661],[6.215,59.664],[6.216,59.668],[6.217,59.671],[6.217,59.673],[6.218,59.675],[6.219,59.676],[6.218,59.677],[6.22,59.678],[6.221,59.678],[6.222,59.679],[6.222,59.68],[6.224,59.681],[6.224,59.682],[6.225,59.682],[6.227,59.683],[6.228,59.684],[6.227,59.684],[6.227,59.685],[6.226,59.685],[6.225,59.686],[6.224,59.686],[6.223,59.687],[6.223,59.688],[6.224,59.689],[6.225,59.69],[6.226,59.691],[6.225,59.691],[6.225,59.692],[6.226,59.692],[6.227,59.693],[6.228,59.694],[6.229,59.693],[6.243,59.697],[6.268,59.703],[6.269,59.712],[6.27,59.724],[6.27,59.73],[6.27,59.732],[6.271,59.736],[6.274,59.74],[6.281,59.746],[6.295,59.757],[6.302,59.767],[6.326,59.772],[6.328,59.772],[6.329,59.773],[6.329,59.774],[6.329,59.775],[6.329,59.776],[6.329,59.778],[6.329,59.779],[6.329,59.78],[6.328,59.781],[6.328,59.782],[6.333,59.784],[6.342,59.782],[6.382,59.786],[6.425,59.79],[6.442,59.806],[6.487,59.82],[6.514,59.833],[6.525,59.838],[6.538,59.843],[6.562,59.837],[6.57,59.832],[6.598,59.833],[6.602,59.833],[6.605,59.834],[6.61,59.834],[6.618,59.836],[6.622,59.836],[6.636,59.839],[6.648,59.841],[6.649,59.841],[6.65,59.841],[6.65,59.842],[6.651,59.843],[6.653,59.843],[6.655,59.844],[6.656,59.845],[6.657,59.845],[6.658,59.844],[6.665,59.84],[6.668,59.839],[6.683,59.832],[6.684,59.832],[6.685,59.831],[6.686,59.831],[6.685,59.83],[6.686,59.829],[6.687,59.828],[6.688,59.827],[6.689,59.826],[6.69,59.825],[6.694,59.823],[6.693,59.823],[6.693,59.822],[6.692,59.822],[6.692,59.821],[6.687,59.815],[6.685,59.809],[6.684,59.801],[6.683,59.795],[6.682,59.794],[6.678,59.793],[6.68,59.787],[6.678,59.782],[6.684,59.774],[6.689,59.771],[6.69,59.769],[6.677,59.756],[6.674,59.75],[6.67,59.748],[6.669,59.742],[6.663,59.735],[6.66,59.731],[6.652,59.718],[6.652,59.714],[6.652,59.711],[6.653,59.708],[6.657,59.702],[6.688,59.696],[6.704,59.694],[6.71,59.694],[6.712,59.694],[6.728,59.698],[6.739,59.7],[6.747,59.701],[6.749,59.7],[6.751,59.7],[6.758,59.701],[6.761,59.7],[6.763,59.7],[6.767,59.7],[6.771,59.703],[6.771,59.706],[6.772,59.706],[6.774,59.708],[6.782,59.71],[6.784,59.712],[6.791,59.714],[6.801,59.717],[6.816,59.723],[6.861,59.736],[6.917,59.752],[6.963,59.767],[6.977,59.772],[7.038,59.778],[7.069,59.78],[7.096,59.783],[7.108,59.79],[7.114,59.793],[7.132,59.804],[7.144,59.811],[7.145,59.812],[7.142,59.821],[7.142,59.822],[7.146,59.825],[7.15,59.827],[7.158,59.828],[7.161,59.832],[7.16,59.836],[7.159,59.837],[7.156,59.839],[7.153,59.84],[7.153,59.841],[7.154,59.842],[7.156,59.844],[7.156,59.845],[7.155,59.846],[7.151,59.846],[7.146,59.847],[7.144,59.847],[7.144,59.848],[7.145,59.849],[7.146,59.849],[7.146,59.85],[7.144,59.851],[7.144,59.852],[7.142,59.853],[7.141,59.854],[7.144,59.856],[7.148,59.859],[7.15,59.86],[7.151,59.86],[7.152,59.861],[7.153,59.862],[7.154,59.863],[7.157,59.866],[7.158,59.867],[7.158,59.869],[7.155,59.871],[7.155,59.872],[7.151,59.875],[7.149,59.877],[7.148,59.879],[7.147,59.88],[7.147,59.881],[7.147,59.882],[7.15,59.884],[7.155,59.89],[7.157,59.892],[7.159,59.894],[7.162,59.897],[7.166,59.901],[7.168,59.903],[7.176,59.91],[7.178,59.912],[7.184,59.918],[7.185,59.919],[7.19,59.923],[7.196,59.929],[7.2,59.932],[7.206,59.938],[7.208,59.939],[7.212,59.943],[7.224,59.954],[7.226,59.956],[7.233,59.963],[7.244,59.968],[7.246,59.969],[7.254,59.973],[7.259,59.976],[7.26,59.976],[7.261,59.978],[7.262,59.98],[7.263,59.982],[7.265,59.983],[7.266,59.984],[7.268,59.984],[7.274,59.985],[7.276,59.985],[7.279,59.986],[7.281,59.987],[7.283,59.987],[7.284,59.988],[7.285,59.988],[7.286,59.989],[7.289,59.989],[7.291,59.988],[7.293,59.988],[7.294,59.987],[7.297,59.988],[7.301,59.988],[7.304,59.988],[7.307,59.988],[7.308,59.988],[7.309,59.988],[7.31,59.988],[7.316,59.986],[7.318,59.986],[7.32,59.986],[7.321,59.986],[7.324,59.987],[7.331,59.99],[7.334,59.991],[7.34,59.992],[7.341,59.992],[7.341,59.993],[7.344,59.993],[7.352,59.996],[7.373,59.999],[7.376,60],[7.388,60.004],[7.403,60.009],[7.414,60.012],[7.431,60.017],[7.436,60.019],[7.437,60.022],[7.438,60.03],[7.44,60.038],[7.44,60.043],[7.441,60.047],[7.441,60.049],[7.442,60.056],[7.443,60.057],[7.445,60.06],[7.453,60.067],[7.459,60.073],[7.461,60.075],[7.463,60.077],[7.467,60.08],[7.475,60.087],[7.485,60.096],[7.488,60.099],[7.583,60.176],[7.602,60.225],[7.61,60.244],[7.629,60.259],[7.652,60.277],[7.674,60.294],[7.676,60.311],[7.68,60.334],[7.685,60.367],[7.69,60.397],[7.692,60.413],[7.692,60.414],[7.694,60.426],[7.697,60.433],[7.699,60.439],[7.7,60.443],[7.702,60.447],[7.704,60.451],[7.705,60.455],[7.707,60.459],[7.709,60.465],[7.711,60.469],[7.713,60.473],[7.715,60.477],[7.716,60.481],[7.718,60.485],[7.719,60.487],[7.72,60.489],[7.721,60.493],[7.723,60.497],[7.724,60.499],[7.726,60.504],[7.728,60.508],[7.729,60.512],[7.731,60.516],[7.732,60.521],[7.73,60.522],[7.718,60.525],[7.712,60.526],[7.687,60.534],[7.673,60.537],[7.66,60.546],[7.647,60.555],[7.64,60.56],[7.635,60.567],[7.632,60.572],[7.631,60.576],[7.626,60.586],[7.622,60.596],[7.624,60.602],[7.628,60.611],[7.63,60.617],[7.634,60.627],[7.635,60.629],[7.636,60.633],[7.547,60.657],[7.546,60.657],[7.441,60.66],[7.439,60.66],[7.47,60.676],[7.568,60.722],[7.615,60.744],[7.685,60.732],[7.704,60.739],[7.713,60.75],[7.718,60.755],[7.721,60.757],[7.726,60.761],[7.722,60.786],[7.722,60.79],[7.704,60.793],[7.718,60.809],[7.75,60.842],[7.775,60.867],[7.803,60.897],[7.852,60.92],[7.879,60.924],[7.896,60.917],[7.907,60.912],[7.913,60.91],[7.935,60.897],[7.98,60.902],[7.981,60.902],[8.041,60.893],[8.079,60.924],[8.091,60.934],[8.108,60.948],[8.117,60.956],[8.124,60.961],[8.126,60.963],[8.135,60.97],[8.138,60.973],[8.152,60.979],[8.154,60.98],[8.154,60.981],[8.154,60.982],[8.17,60.978],[8.184,60.969],[8.2,60.969],[8.209,60.97],[8.219,60.969],[8.223,60.968],[8.226,60.977],[8.229,60.985],[8.233,60.994],[8.233,60.995],[8.231,60.995],[8.225,60.997],[8.221,61],[8.221,61.004],[8.225,61.007],[8.227,61.008],[8.229,61.008],[8.228,61.009],[8.229,61.009],[8.247,61.01],[8.257,61.009],[8.264,61.017],[8.265,61.017],[8.283,61.033],[8.24,61.05],[8.214,61.054],[8.251,61.074],[8.252,61.074],[8.249,61.075],[8.247,61.077],[8.243,61.077],[8.239,61.079],[8.237,61.079],[8.236,61.08],[8.233,61.081],[8.23,61.082],[8.225,61.085],[8.225,61.087],[8.224,61.088],[8.223,61.089],[8.221,61.089],[8.215,61.091],[8.213,61.092],[8.2,61.094],[8.195,61.096],[8.17,61.103],[8.144,61.11],[8.134,61.11],[8.136,61.116],[8.127,61.123],[8.101,61.146],[8.083,61.162],[8.081,61.167],[8.08,61.17],[8.076,61.18],[8.074,61.18],[8.074,61.179],[8.07,61.179],[8.069,61.179],[8.067,61.179],[8.065,61.179],[8.064,61.179],[8.063,61.178],[8.061,61.177],[8.06,61.177],[8.059,61.177],[8.056,61.177],[8.055,61.176],[8.053,61.176],[8.051,61.175],[8.049,61.174],[8.048,61.174],[8.044,61.179],[8.044,61.181],[8.061,61.193],[8.056,61.201],[8.051,61.212],[8.053,61.22],[8.045,61.222],[8.044,61.222],[8.037,61.222],[8.034,61.222],[8.031,61.222],[8.017,61.226],[8.013,61.227],[8.011,61.228],[8.008,61.23],[8.007,61.231],[8.007,61.232],[8.007,61.234],[8.007,61.235],[8.022,61.235],[8.044,61.233],[8.051,61.233],[8.067,61.248],[8.071,61.249],[8.093,61.255],[8.099,61.257],[8.11,61.26],[8.122,61.264],[8.13,61.267],[8.136,61.269],[8.142,61.275],[8.141,61.275],[8.141,61.276],[8.139,61.276],[8.139,61.275],[8.137,61.275],[8.137,61.276],[8.136,61.276],[8.135,61.276],[8.135,61.277],[8.134,61.277],[8.133,61.278],[8.134,61.278],[8.136,61.279],[8.14,61.279],[8.141,61.279],[8.143,61.281],[8.144,61.282],[8.145,61.282],[8.147,61.283],[8.147,61.284],[8.148,61.284],[8.151,61.286],[8.152,61.286],[8.154,61.287],[8.156,61.287],[8.156,61.288],[8.155,61.288],[8.156,61.289],[8.157,61.29],[8.158,61.29],[8.159,61.291],[8.161,61.291],[8.161,61.292],[8.162,61.293],[8.162,61.294],[8.163,61.295],[8.164,61.296],[8.165,61.297],[8.166,61.298],[8.166,61.299],[8.168,61.299],[8.169,61.3],[8.17,61.3],[8.17,61.302],[8.171,61.302],[8.171,61.301],[8.172,61.301],[8.173,61.3],[8.173,61.299],[8.174,61.3],[8.174,61.301],[8.174,61.302],[8.175,61.303],[8.175,61.304],[8.176,61.304],[8.176,61.305],[8.177,61.305],[8.178,61.305],[8.18,61.305],[8.183,61.304],[8.184,61.304],[8.186,61.304],[8.187,61.303],[8.188,61.303],[8.189,61.303],[8.189,61.304],[8.19,61.304],[8.191,61.305],[8.192,61.305],[8.193,61.305],[8.194,61.305],[8.195,61.305],[8.197,61.305],[8.198,61.305],[8.199,61.305],[8.201,61.305],[8.203,61.305],[8.204,61.304],[8.205,61.304],[8.208,61.304],[8.209,61.304],[8.211,61.305],[8.212,61.305],[8.212,61.306],[8.211,61.307],[8.212,61.308],[8.214,61.308],[8.215,61.308],[8.216,61.308],[8.218,61.307],[8.219,61.307],[8.22,61.307],[8.221,61.307],[8.222,61.307],[8.222,61.308],[8.222,61.31],[8.223,61.31],[8.222,61.311],[8.222,61.312],[8.22,61.313],[8.219,61.313],[8.219,61.314],[8.218,61.314],[8.218,61.315],[8.219,61.316],[8.22,61.316],[8.22,61.317],[8.219,61.317],[8.219,61.318],[8.221,61.318],[8.222,61.317],[8.223,61.317],[8.224,61.316],[8.225,61.316],[8.226,61.316],[8.226,61.315],[8.227,61.315],[8.228,61.314],[8.228,61.315],[8.23,61.315],[8.231,61.314],[8.232,61.315],[8.231,61.315],[8.231,61.316],[8.233,61.316],[8.235,61.317],[8.236,61.318],[8.237,61.319],[8.235,61.319],[8.235,61.32],[8.236,61.32],[8.237,61.32],[8.239,61.32],[8.24,61.32],[8.239,61.321],[8.24,61.321],[8.242,61.321],[8.244,61.321],[8.244,61.322],[8.243,61.323],[8.242,61.323],[8.242,61.324],[8.24,61.325],[8.241,61.326],[8.241,61.327],[8.242,61.327],[8.242,61.328],[8.243,61.328],[8.243,61.329],[8.244,61.33],[8.246,61.33],[8.247,61.331],[8.249,61.333],[8.251,61.334],[8.251,61.338],[8.251,61.339],[8.25,61.34],[8.248,61.34],[8.241,61.339],[8.236,61.34],[8.235,61.34],[8.234,61.341],[8.233,61.341],[8.232,61.341],[8.23,61.342],[8.228,61.343],[8.226,61.342],[8.225,61.342],[8.224,61.343],[8.222,61.344],[8.22,61.346],[8.22,61.347],[8.221,61.347],[8.221,61.348],[8.22,61.348],[8.219,61.349],[8.219,61.35],[8.219,61.351],[8.218,61.351],[8.218,61.352],[8.218,61.353],[8.216,61.354],[8.214,61.355],[8.213,61.356],[8.209,61.356],[8.206,61.355],[8.205,61.354],[8.204,61.353],[8.203,61.353],[8.2,61.353],[8.197,61.353],[8.194,61.354],[8.193,61.354],[8.191,61.355],[8.19,61.355],[8.189,61.355],[8.188,61.355],[8.184,61.357],[8.182,61.357],[8.18,61.357],[8.178,61.359],[8.178,61.36],[8.177,61.36],[8.174,61.361],[8.172,61.362],[8.171,61.363],[8.17,61.364],[8.169,61.364],[8.168,61.364],[8.167,61.364],[8.165,61.366],[8.163,61.367],[8.161,61.368],[8.16,61.37],[8.158,61.371],[8.157,61.374],[8.156,61.375],[8.156,61.377],[8.156,61.379],[8.157,61.38],[8.159,61.38],[8.16,61.38],[8.161,61.381],[8.161,61.382],[8.161,61.383],[8.161,61.384],[8.162,61.385],[8.161,61.386],[8.162,61.387],[8.159,61.388],[8.16,61.389],[8.159,61.39],[8.158,61.392],[8.158,61.393],[8.157,61.394],[8.155,61.395],[8.155,61.396],[8.156,61.397],[8.157,61.398],[8.156,61.398],[8.155,61.399],[8.154,61.407],[8.153,61.411],[8.151,61.422],[8.15,61.427],[8.171,61.432],[8.192,61.439],[8.215,61.43],[8.216,61.43],[8.217,61.43],[8.219,61.43],[8.231,61.43],[8.275,61.431],[8.303,61.446],[8.322,61.456],[8.321,61.457],[8.304,61.479],[8.288,61.49],[8.273,61.517],[8.269,61.523],[8.262,61.534],[8.213,61.544],[8.196,61.548],[8.118,61.523],[8.089,61.528],[8.016,61.54],[7.947,61.557],[7.943,61.582],[7.933,61.602],[7.896,61.644],[7.904,61.679],[7.907,61.703],[7.908,61.722],[7.887,61.729],[7.861,61.737],[7.846,61.742],[7.842,61.743],[7.792,61.75],[7.753,61.755],[7.736,61.752],[7.724,61.75],[7.718,61.749],[7.698,61.745],[7.685,61.743],[7.676,61.743],[7.66,61.742],[7.651,61.742],[7.644,61.742],[7.635,61.742],[7.631,61.742],[7.629,61.741],[7.597,61.738],[7.572,61.735],[7.551,61.732],[7.544,61.731],[7.53,61.73],[7.514,61.727],[7.514,61.739],[7.515,61.743],[7.515,61.75],[7.515,61.76],[7.496,61.774],[7.496,61.775],[7.493,61.777],[7.492,61.778],[7.482,61.788],[7.47,61.8],[7.468,61.801],[7.452,61.817],[7.448,61.82],[7.443,61.826],[7.431,61.837],[7.424,61.844],[7.423,61.845],[7.413,61.858],[7.414,61.892],[7.409,61.9],[7.389,61.933],[7.394,61.956],[7.398,61.973],[7.399,61.978],[7.393,61.993],[7.39,61.996],[7.388,61.998],[7.381,62.003],[7.368,62.003],[7.349,62.008],[7.329,62.008],[7.321,62.013],[7.311,62.018],[7.297,62.018],[7.285,62.018],[7.267,62.018],[7.241,62.019],[7.239,62.023],[7.234,62.034],[7.228,62.034],[7.218,62.033],[7.206,62.032],[7.203,62.031],[7.199,62.031],[7.195,62.031],[7.198,62.029],[7.201,62.028],[7.204,62.026],[7.204,62.024],[7.203,62.024],[7.203,62.023],[7.202,62.022],[7.2,62.02],[7.199,62.02],[7.197,62.018],[7.196,62.018],[7.195,62.017],[7.194,62.017],[7.191,62.016],[7.189,62.016],[7.188,62.015],[7.186,62.014],[7.184,62.014],[7.183,62.015],[7.181,62.015],[7.179,62.014],[7.175,62.014],[7.173,62.014],[7.172,62.013],[7.171,62.012],[7.169,62.012],[7.167,62.012],[7.166,62.013],[7.164,62.013],[7.162,62.014],[7.161,62.014],[7.157,62.015],[7.155,62.016],[7.155,62.015],[7.154,62.014],[7.152,62.014],[7.149,62.014],[7.146,62.013],[7.143,62.014],[7.14,62.014],[7.137,62.013],[7.136,62.013],[7.135,62.013],[7.121,62.012],[7.075,62.009],[7.074,62.009],[7.074,62.008],[7.077,62.007],[7.08,62.006],[7.083,62.006],[7.083,62.005],[7.082,62.005],[7.081,62.003],[7.079,62.002],[7.078,62.002],[7.076,62],[7.075,61.999],[7.071,61.998],[7.069,61.997],[7.067,61.994],[7.064,61.992],[7.062,61.989],[7.061,61.989],[7.056,61.986],[7.053,61.985],[7.051,61.984],[7.048,61.984],[7.043,61.984],[7.039,61.984],[7.031,61.985],[7.017,61.986],[7.015,61.986],[7.012,61.987],[7.005,61.986],[6.996,61.986],[6.993,61.986],[6.992,61.985],[6.986,61.982],[6.983,61.982],[6.972,61.985],[6.968,61.987],[6.961,61.989],[6.96,61.989],[6.955,61.989],[6.953,61.989],[6.952,61.989],[6.951,61.989],[6.949,61.988],[6.944,61.987],[6.942,61.986],[6.936,61.985],[6.933,61.984],[6.928,61.983],[6.925,61.982],[6.921,61.98],[6.919,61.979],[6.916,61.978],[6.912,61.976],[6.912,61.975],[6.909,61.976],[6.906,61.978],[6.903,61.979],[6.896,61.982],[6.894,61.982],[6.893,61.982],[6.888,61.981],[6.883,61.98],[6.871,61.977],[6.87,61.977],[6.862,61.977],[6.858,61.976],[6.853,61.976],[6.852,61.976],[6.851,61.975],[6.849,61.969],[6.841,61.964],[6.835,61.965],[6.83,61.966],[6.826,61.967],[6.823,61.968],[6.819,61.969],[6.806,61.969],[6.8,61.969],[6.799,61.969],[6.794,61.97],[6.792,61.97],[6.787,61.967],[6.782,61.966],[6.778,61.965],[6.778,61.964],[6.778,61.962],[6.778,61.961],[6.776,61.96],[6.775,61.959],[6.775,61.958],[6.774,61.958],[6.771,61.958],[6.766,61.959],[6.765,61.959],[6.764,61.958],[6.76,61.956],[6.759,61.955],[6.757,61.955],[6.755,61.954],[6.751,61.954],[6.748,61.953],[6.743,61.953],[6.739,61.953],[6.735,61.954],[6.731,61.954],[6.729,61.955],[6.728,61.956],[6.727,61.955],[6.725,61.955],[6.724,61.955],[6.719,61.953],[6.718,61.953],[6.71,61.953],[6.706,61.953],[6.702,61.954],[6.699,61.954],[6.698,61.955],[6.697,61.955],[6.694,61.956],[6.693,61.956],[6.692,61.957],[6.686,61.958],[6.684,61.958],[6.679,61.96],[6.677,61.96],[6.673,61.961],[6.671,61.962],[6.667,61.962],[6.66,61.962],[6.658,61.962],[6.656,61.962],[6.653,61.962],[6.648,61.961],[6.64,61.96],[6.637,61.96],[6.633,61.96],[6.629,61.959],[6.627,61.959],[6.622,61.958],[6.618,61.957],[6.617,61.957],[6.614,61.956],[6.612,61.955],[6.611,61.955],[6.61,61.955],[6.608,61.954],[6.607,61.953],[6.606,61.952],[6.605,61.952],[6.602,61.951],[6.601,61.951],[6.6,61.95],[6.599,61.949],[6.598,61.949],[6.596,61.949],[6.594,61.948],[6.578,61.947],[6.573,61.945],[6.57,61.946],[6.553,61.946],[6.547,61.946],[6.537,61.946],[6.532,61.94],[6.53,61.938],[6.526,61.938],[6.525,61.937],[6.524,61.937],[6.522,61.936],[6.521,61.935],[6.522,61.934],[6.523,61.933],[6.524,61.932],[6.524,61.931],[6.524,61.93],[6.523,61.93],[6.522,61.929],[6.519,61.928],[6.517,61.927],[6.507,61.924],[6.504,61.924],[6.502,61.923],[6.501,61.923],[6.498,61.925],[6.497,61.925],[6.494,61.926],[6.493,61.927],[6.491,61.927],[6.49,61.928],[6.489,61.929],[6.489,61.93],[6.489,61.932],[6.488,61.933],[6.482,61.934],[6.477,61.934],[6.477,61.935],[6.476,61.937],[6.474,61.939],[6.475,61.94],[6.475,61.941],[6.474,61.942],[6.472,61.943],[6.465,61.944],[6.438,61.949],[6.435,61.95],[6.433,61.951],[6.431,61.952],[6.43,61.953],[6.429,61.954],[6.428,61.955],[6.429,61.961],[6.429,61.969],[6.427,61.974],[6.427,61.976],[6.426,61.977],[6.425,61.979],[6.424,61.98],[6.422,61.981],[6.421,61.982],[6.416,61.983],[6.41,61.985],[6.405,61.986],[6.398,61.983],[6.394,61.982],[6.389,61.981],[6.38,61.979],[6.378,61.979],[6.376,61.978],[6.374,61.977],[6.371,61.976],[6.369,61.973],[6.367,61.972],[6.365,61.97],[6.364,61.969],[6.363,61.968],[6.36,61.967],[6.359,61.966],[6.356,61.965],[6.352,61.964],[6.348,61.963],[6.338,61.963],[6.335,61.963],[6.33,61.962],[6.326,61.961],[6.324,61.961],[6.322,61.96],[6.321,61.959],[6.319,61.959],[6.315,61.959],[6.311,61.959],[6.308,61.96],[6.307,61.961],[6.309,61.961],[6.31,61.963],[6.314,61.965],[6.307,61.968],[6.304,61.969],[6.302,61.97],[6.3,61.971],[6.29,61.976],[6.288,61.977],[6.285,61.978],[6.282,61.979],[6.281,61.978],[6.279,61.978],[6.277,61.977],[6.275,61.978],[6.268,61.981],[6.264,61.982],[6.257,61.985],[6.236,61.992],[6.239,61.993],[6.248,62],[6.258,62.006],[6.241,62.007],[6.223,62.009],[6.217,62.009],[6.2,62.008],[6.182,62.011],[6.179,62.006],[6.173,61.998],[6.17,61.994],[6.165,61.993],[6.157,61.992],[6.144,61.989],[6.132,61.987],[6.133,61.986],[6.142,61.974],[6.13,61.97],[6.117,61.965],[6.113,61.965],[6.111,61.964],[6.101,61.963],[6.089,61.962],[6.087,61.962],[6.064,61.969],[6.059,61.968],[6.057,61.966],[6.056,61.965],[6.054,61.965],[6.05,61.963],[6.044,61.962],[6.043,61.959],[6.041,61.957],[6.04,61.957],[6.036,61.957],[6.026,61.963],[6.018,61.968],[6.019,61.968],[6.019,61.969],[6.013,61.974],[6.011,61.975],[6,61.977],[5.992,61.98],[5.99,61.98],[5.985,61.982],[5.981,61.984],[5.976,61.987],[5.975,61.987],[5.967,61.992],[5.966,61.993],[5.965,61.994],[5.955,61.991],[5.951,61.989],[5.947,61.988],[5.938,61.99],[5.936,61.994],[5.927,61.997],[5.92,61.996],[5.917,61.995],[5.914,61.995],[5.913,61.994],[5.905,61.993],[5.901,61.991],[5.895,61.989],[5.89,61.988],[5.887,61.987],[5.864,61.98],[5.848,61.975],[5.845,61.974],[5.843,61.973],[5.835,61.972],[5.831,61.971],[5.823,61.97],[5.82,61.97],[5.815,61.969],[5.806,61.967],[5.803,61.966],[5.798,61.966],[5.793,61.967],[5.792,61.966],[5.791,61.967],[5.789,61.969],[5.787,61.97],[5.784,61.973],[5.777,61.973],[5.774,61.974],[5.77,61.974],[5.76,61.973],[5.758,61.973],[5.754,61.973],[5.753,61.977],[5.75,61.98],[5.74,61.979],[5.73,61.981],[5.729,61.981],[5.724,61.98],[5.722,61.98],[5.717,61.977],[5.71,61.973],[5.704,61.969],[5.698,61.968],[5.693,61.968],[5.684,61.972],[5.68,61.974],[5.671,61.973],[5.663,61.973],[5.659,61.972],[5.647,61.97],[5.64,61.969],[5.63,61.968],[5.625,61.967],[5.62,61.966],[5.616,61.966],[5.612,61.966],[5.611,61.966],[5.605,61.966],[5.604,61.966],[5.595,61.965],[5.591,61.964],[5.576,61.962],[5.574,61.962],[5.569,61.962],[5.566,61.962],[5.562,61.961],[5.561,61.961],[5.556,61.961],[5.552,61.96],[5.538,61.965],[5.54,61.967],[5.534,61.971],[5.531,61.971],[5.53,61.97],[5.522,61.974],[5.517,61.975],[5.515,61.976],[5.512,61.976],[5.507,61.977],[5.494,61.98],[5.49,61.98],[5.483,61.983],[5.476,61.986],[5.468,61.982],[5.461,61.976],[5.452,61.976],[5.443,61.974],[5.452,61.982],[5.453,61.983],[5.455,61.985],[5.458,61.986],[5.46,61.987],[5.465,61.991],[5.467,61.993],[5.469,61.993],[5.47,61.994],[5.471,61.994],[5.472,61.995],[5.473,61.995],[5.474,61.995],[5.475,61.995],[5.476,61.995],[5.478,61.996],[5.48,61.997],[5.481,61.997],[5.483,61.998],[5.485,61.998],[5.487,61.998],[5.487,61.999],[5.488,61.999],[5.49,62],[5.49,62.001],[5.492,62.001],[5.493,62.001],[5.494,62.002],[5.497,62.005],[5.498,62.005],[5.499,62.006],[5.5,62.006],[5.501,62.007],[5.502,62.007],[5.503,62.008],[5.503,62.009],[5.503,62.01],[5.503,62.011],[5.502,62.011],[5.501,62.012],[5.502,62.012],[5.501,62.013],[5.499,62.014],[5.498,62.014],[5.497,62.014],[5.495,62.014],[5.494,62.014],[5.493,62.014],[5.491,62.015],[5.486,62.014],[5.506,62.055],[5.503,62.067],[5.461,62.083],[5.433,62.094],[5.361,62.122],[5.358,62.155],[5.357,62.169],[5.225,62.256],[5.218,62.261],[5.176,62.274],[5.146,62.283],[5.057,62.31],[4.817,62.382],[4.696,62.295],[4.695,62.294],[4.685,62.287],[4.675,62.279],[4.667,62.271],[4.579,62.181],[4.512,62.113],[4.506,62.106],[4.441,62.032],[4.425,62.013],[4.283,61.85],[4.226,61.783],[4.178,61.726],[4.175,61.723],[4.168,61.714],[4.163,61.706],[4.158,61.697],[4.154,61.688],[4.151,61.68],[4.149,61.671],[4.148,61.662],[4.135,61.538],[4.13,61.491],[4.115,61.351],[4.103,61.23],[4.096,61.158],[4.088,61.084],[4.088,61.08],[4.088,61.071],[4.089,61.032],[4.089,61.023],[4.09,61.017],[4.091,61.011],[4.093,61.003],[4.096,60.994],[4.1,60.985],[4.104,60.976],[4.185,60.833],[4.246,60.724],[4.266,60.688]]]}},{"type":"Feature","properties":{"id":613,"name":"Trøndelag","bbox":[7.648,62.256,14.326,65.47]},"geometry":{"type":"Polygon","coordinates":[[[8.109,63.598],[8.123,63.579],[8.137,63.561],[8.168,63.519],[8.212,63.46],[8.241,63.422],[8.265,63.407],[8.302,63.385],[8.343,63.359],[8.364,63.366],[8.434,63.389],[8.502,63.402],[8.57,63.415],[8.609,63.422],[8.743,63.447],[8.755,63.424],[8.756,63.423],[8.756,63.422],[8.757,63.421],[8.758,63.421],[8.758,63.42],[8.759,63.419],[8.759,63.418],[8.76,63.417],[8.761,63.417],[8.762,63.416],[8.763,63.416],[8.763,63.415],[8.77,63.413],[8.786,63.407],[8.803,63.402],[8.803,63.401],[8.801,63.39],[8.8,63.389],[8.798,63.388],[8.797,63.387],[8.796,63.385],[8.797,63.385],[8.797,63.383],[8.796,63.383],[8.796,63.382],[8.799,63.378],[8.799,63.372],[8.821,63.371],[8.826,63.372],[8.849,63.366],[8.857,63.367],[8.868,63.371],[8.871,63.366],[8.872,63.364],[8.873,63.364],[8.874,63.363],[8.875,63.363],[8.892,63.354],[8.906,63.356],[8.911,63.357],[8.911,63.356],[8.905,63.349],[8.892,63.346],[8.883,63.344],[8.882,63.336],[8.87,63.33],[8.863,63.322],[8.865,63.316],[8.865,63.308],[8.865,63.304],[8.866,63.295],[8.849,63.29],[8.833,63.279],[8.819,63.269],[8.816,63.266],[8.817,63.265],[8.821,63.26],[8.824,63.254],[8.828,63.244],[8.829,63.244],[8.848,63.237],[8.863,63.231],[8.862,63.229],[8.862,63.22],[8.838,63.215],[8.837,63.214],[8.833,63.204],[8.832,63.202],[8.833,63.199],[8.819,63.195],[8.762,63.19],[8.672,63.187],[8.569,63.172],[8.483,63.15],[8.369,63.148],[8.333,63.158],[8.263,63.155],[8.15,63.143],[8.103,63.129],[8.151,63.095],[8.203,63.023],[8.244,63.012],[8.258,63.02],[8.26,63.022],[8.263,63.024],[8.265,63.025],[8.268,63.025],[8.274,63.026],[8.284,63.03],[8.297,63.038],[8.329,63.045],[8.331,63.044],[8.338,63.036],[8.347,63.039],[8.346,63.04],[8.345,63.04],[8.345,63.041],[8.356,63.043],[8.362,63.046],[8.381,63.053],[8.389,63.054],[8.403,63.057],[8.404,63.056],[8.407,63.054],[8.425,63.047],[8.43,63.049],[8.437,63.052],[8.437,63.057],[8.437,63.062],[8.437,63.066],[8.454,63.073],[8.454,63.074],[8.481,63.08],[8.493,63.068],[8.497,63.062],[8.502,63.049],[8.526,63.058],[8.547,63.056],[8.554,63.062],[8.575,63.065],[8.593,63.065],[8.622,63.071],[8.633,63.069],[8.641,63.07],[8.648,63.073],[8.653,63.064],[8.68,63.072],[8.689,63.073],[8.693,63.076],[8.702,63.081],[8.706,63.083],[8.708,63.083],[8.721,63.085],[8.735,63.094],[8.739,63.095],[8.748,63.099],[8.777,63.107],[8.773,63.111],[8.775,63.114],[8.783,63.116],[8.793,63.123],[8.796,63.123],[8.807,63.127],[8.811,63.127],[8.817,63.126],[8.819,63.126],[8.823,63.126],[8.827,63.126],[8.834,63.126],[8.842,63.122],[8.847,63.122],[8.856,63.118],[8.86,63.114],[8.863,63.115],[8.865,63.116],[8.869,63.117],[8.874,63.118],[8.886,63.121],[8.892,63.122],[8.899,63.122],[8.905,63.12],[8.911,63.118],[8.97,63.134],[8.981,63.125],[8.982,63.123],[8.983,63.121],[8.984,63.119],[8.983,63.119],[8.984,63.118],[8.983,63.117],[8.985,63.116],[8.995,63.104],[8.993,63.102],[8.988,63.101],[8.984,63.1],[8.972,63.096],[8.966,63.094],[8.959,63.093],[8.972,63.077],[8.973,63.073],[8.981,63.073],[8.989,63.073],[8.999,63.073],[9.004,63.073],[9.007,63.074],[9.013,63.074],[9.023,63.076],[9.031,63.079],[9.033,63.082],[9.034,63.084],[9.039,63.086],[9.046,63.088],[9.053,63.089],[9.067,63.09],[9.082,63.09],[9.084,63.09],[9.085,63.087],[9.087,63.083],[9.089,63.076],[9.092,63.068],[9.094,63.063],[9.095,63.061],[9.097,63.057],[9.1,63.051],[9.101,63.049],[9.102,63.048],[9.103,63.046],[9.104,63.045],[9.104,63.044],[9.11,63.044],[9.11,63.043],[9.111,63.043],[9.112,63.042],[9.114,63.04],[9.11,63.039],[9.108,63.039],[9.107,63.038],[9.105,63.037],[9.104,63.035],[9.103,63.033],[9.104,63.033],[9.105,63.031],[9.104,63.029],[9.106,63.029],[9.107,63.029],[9.108,63.028],[9.11,63.029],[9.111,63.028],[9.112,63.028],[9.119,63.025],[9.12,63.025],[9.123,63.024],[9.124,63.024],[9.126,63.022],[9.127,63.021],[9.13,63.019],[9.132,63.018],[9.131,63.017],[9.132,63.017],[9.136,63.017],[9.14,63.017],[9.148,63.018],[9.156,63.017],[9.155,63.015],[9.154,63.015],[9.151,63.016],[9.148,63.016],[9.146,63.016],[9.14,63.016],[9.138,63.015],[9.139,63.015],[9.14,63.014],[9.142,63.015],[9.144,63.015],[9.148,63.015],[9.149,63.015],[9.15,63.014],[9.153,63.015],[9.154,63.014],[9.156,63.013],[9.155,63.013],[9.153,63.012],[9.153,63.011],[9.152,63.01],[9.152,63.009],[9.151,63.009],[9.151,63.008],[9.149,63.007],[9.149,63.006],[9.147,63.006],[9.146,63.006],[9.144,63.005],[9.142,63.005],[9.141,63.004],[9.14,63.003],[9.14,63.002],[9.141,63.001],[9.142,63],[9.144,62.999],[9.145,62.998],[9.147,62.997],[9.148,62.997],[9.148,62.996],[9.15,62.996],[9.151,62.996],[9.154,62.996],[9.167,62.993],[9.178,62.993],[9.173,62.984],[9.171,62.984],[9.17,62.984],[9.167,62.985],[9.165,62.985],[9.164,62.986],[9.161,62.987],[9.161,62.988],[9.16,62.988],[9.159,62.988],[9.158,62.989],[9.156,62.989],[9.153,62.99],[9.152,62.992],[9.15,62.992],[9.15,62.993],[9.149,62.993],[9.148,62.992],[9.146,62.991],[9.144,62.99],[9.143,62.989],[9.141,62.988],[9.139,62.987],[9.137,62.986],[9.136,62.986],[9.131,62.985],[9.13,62.984],[9.131,62.984],[9.13,62.983],[9.13,62.982],[9.13,62.981],[9.127,62.98],[9.126,62.98],[9.124,62.979],[9.122,62.979],[9.119,62.979],[9.118,62.978],[9.117,62.977],[9.117,62.976],[9.118,62.975],[9.117,62.975],[9.116,62.975],[9.116,62.974],[9.115,62.973],[9.113,62.973],[9.111,62.971],[9.112,62.97],[9.113,62.969],[9.114,62.969],[9.114,62.968],[9.115,62.967],[9.116,62.967],[9.115,62.966],[9.114,62.965],[9.112,62.964],[9.112,62.962],[9.113,62.961],[9.128,62.959],[9.131,62.958],[9.128,62.955],[9.121,62.957],[9.115,62.958],[9.115,62.957],[9.117,62.956],[9.118,62.956],[9.118,62.955],[9.116,62.955],[9.116,62.954],[9.117,62.953],[9.118,62.953],[9.119,62.953],[9.12,62.952],[9.121,62.951],[9.122,62.95],[9.123,62.949],[9.124,62.948],[9.125,62.947],[9.124,62.946],[9.122,62.946],[9.121,62.945],[9.121,62.944],[9.12,62.943],[9.121,62.941],[9.122,62.94],[9.123,62.938],[9.122,62.937],[9.123,62.936],[9.122,62.936],[9.122,62.935],[9.124,62.934],[9.125,62.934],[9.127,62.934],[9.133,62.932],[9.134,62.932],[9.134,62.931],[9.133,62.931],[9.134,62.93],[9.135,62.929],[9.135,62.928],[9.136,62.927],[9.139,62.927],[9.143,62.927],[9.145,62.927],[9.148,62.927],[9.149,62.927],[9.15,62.927],[9.151,62.926],[9.153,62.925],[9.155,62.925],[9.157,62.925],[9.162,62.922],[9.168,62.918],[9.174,62.917],[9.178,62.917],[9.19,62.921],[9.203,62.925],[9.226,62.925],[9.262,62.926],[9.267,62.926],[9.287,62.916],[9.297,62.911],[9.308,62.905],[9.312,62.894],[9.312,62.891],[9.3,62.89],[9.286,62.877],[9.301,62.872],[9.331,62.862],[9.325,62.852],[9.325,62.851],[9.325,62.837],[9.325,62.836],[9.325,62.828],[9.325,62.819],[9.324,62.809],[9.331,62.799],[9.343,62.797],[9.357,62.795],[9.365,62.794],[9.287,62.781],[9.259,62.776],[9.218,62.769],[9.147,62.756],[9.143,62.756],[9.141,62.756],[9.14,62.756],[9.14,62.757],[9.137,62.757],[9.136,62.757],[9.135,62.757],[9.133,62.756],[9.13,62.756],[9.125,62.755],[9.124,62.755],[9.122,62.755],[9.119,62.756],[9.118,62.756],[9.115,62.756],[9.104,62.754],[9.103,62.754],[9.101,62.754],[9.096,62.755],[9.093,62.755],[9.093,62.756],[9.094,62.757],[9.094,62.758],[9.087,62.759],[9.086,62.76],[9.085,62.76],[9.083,62.76],[9.077,62.76],[9.063,62.75],[9.058,62.746],[8.986,62.742],[8.92,62.712],[8.921,62.711],[8.981,62.662],[9.012,62.664],[9.033,62.652],[9.04,62.648],[9.059,62.638],[9.067,62.632],[9.081,62.625],[9.111,62.606],[9.126,62.587],[9.126,62.586],[9.127,62.585],[9.129,62.585],[9.133,62.584],[9.135,62.584],[9.137,62.583],[9.139,62.583],[9.139,62.582],[9.14,62.581],[9.141,62.582],[9.144,62.58],[9.145,62.58],[9.146,62.579],[9.15,62.578],[9.148,62.577],[9.152,62.575],[9.153,62.574],[9.152,62.573],[9.154,62.573],[9.16,62.574],[9.162,62.574],[9.164,62.575],[9.166,62.575],[9.171,62.576],[9.172,62.575],[9.172,62.574],[9.173,62.574],[9.176,62.575],[9.179,62.575],[9.18,62.575],[9.184,62.576],[9.186,62.576],[9.189,62.577],[9.193,62.577],[9.196,62.577],[9.196,62.576],[9.196,62.575],[9.196,62.574],[9.2,62.573],[9.201,62.573],[9.201,62.572],[9.214,62.574],[9.221,62.575],[9.222,62.572],[9.223,62.57],[9.227,62.57],[9.232,62.568],[9.232,62.567],[9.232,62.566],[9.233,62.566],[9.233,62.565],[9.235,62.563],[9.237,62.56],[9.238,62.559],[9.24,62.558],[9.242,62.558],[9.243,62.557],[9.244,62.556],[9.244,62.555],[9.244,62.554],[9.243,62.553],[9.242,62.552],[9.24,62.551],[9.24,62.55],[9.239,62.549],[9.238,62.547],[9.238,62.545],[9.238,62.544],[9.237,62.544],[9.238,62.542],[9.238,62.541],[9.238,62.54],[9.238,62.536],[9.231,62.54],[9.226,62.533],[9.225,62.531],[9.224,62.531],[9.224,62.53],[9.222,62.528],[9.221,62.527],[9.221,62.526],[9.221,62.525],[9.22,62.524],[9.222,62.523],[9.223,62.521],[9.222,62.52],[9.22,62.52],[9.217,62.52],[9.216,62.52],[9.213,62.521],[9.21,62.522],[9.209,62.522],[9.208,62.522],[9.206,62.522],[9.206,62.521],[9.206,62.52],[9.208,62.519],[9.208,62.518],[9.209,62.517],[9.21,62.516],[9.21,62.515],[9.211,62.514],[9.212,62.514],[9.212,62.512],[9.212,62.511],[9.212,62.51],[9.213,62.509],[9.213,62.507],[9.211,62.502],[9.211,62.501],[9.208,62.5],[9.203,62.491],[9.197,62.48],[9.191,62.47],[9.184,62.458],[9.199,62.448],[9.193,62.44],[9.19,62.436],[9.184,62.427],[9.152,62.405],[9.142,62.398],[9.109,62.384],[9.105,62.382],[9.091,62.379],[9.087,62.378],[9.071,62.375],[9.062,62.373],[9.08,62.368],[9.097,62.363],[9.112,62.361],[9.13,62.358],[9.138,62.356],[9.164,62.352],[9.178,62.349],[9.213,62.343],[9.217,62.342],[9.224,62.342],[9.254,62.336],[9.279,62.332],[9.288,62.331],[9.305,62.328],[9.32,62.325],[9.349,62.32],[9.357,62.318],[9.361,62.318],[9.378,62.314],[9.383,62.313],[9.392,62.311],[9.396,62.31],[9.412,62.307],[9.442,62.301],[9.484,62.292],[9.487,62.292],[9.488,62.291],[9.505,62.283],[9.515,62.278],[9.547,62.27],[9.551,62.269],[9.565,62.266],[9.568,62.265],[9.58,62.261],[9.602,62.256],[9.609,62.257],[9.627,62.262],[9.634,62.263],[9.653,62.268],[9.688,62.276],[9.692,62.277],[9.718,62.283],[9.753,62.285],[9.771,62.286],[9.792,62.288],[9.794,62.288],[9.796,62.288],[9.797,62.288],[9.798,62.288],[9.8,62.289],[9.801,62.289],[9.802,62.289],[9.803,62.29],[9.805,62.291],[9.807,62.292],[9.81,62.293],[9.814,62.295],[9.815,62.295],[9.817,62.296],[9.819,62.297],[9.821,62.297],[9.826,62.299],[9.827,62.299],[9.827,62.3],[9.827,62.301],[9.828,62.301],[9.828,62.303],[9.828,62.304],[9.829,62.305],[9.833,62.306],[9.834,62.307],[9.835,62.307],[9.835,62.309],[9.834,62.309],[9.835,62.31],[9.833,62.31],[9.833,62.311],[9.834,62.312],[9.836,62.313],[9.838,62.314],[9.84,62.315],[9.839,62.316],[9.838,62.317],[9.836,62.319],[9.835,62.32],[9.835,62.321],[9.835,62.322],[9.834,62.322],[9.833,62.325],[9.833,62.326],[9.834,62.328],[9.834,62.329],[9.835,62.33],[9.837,62.33],[9.839,62.331],[9.842,62.33],[9.845,62.33],[9.848,62.33],[9.851,62.33],[9.853,62.33],[9.855,62.331],[9.854,62.332],[9.852,62.332],[9.849,62.332],[9.846,62.333],[9.844,62.333],[9.843,62.334],[9.844,62.335],[9.845,62.335],[9.846,62.336],[9.845,62.337],[9.844,62.337],[9.843,62.337],[9.843,62.339],[9.842,62.339],[9.839,62.34],[9.838,62.34],[9.834,62.34],[9.829,62.34],[9.828,62.342],[9.826,62.342],[9.824,62.343],[9.821,62.343],[9.822,62.344],[9.824,62.347],[9.825,62.348],[9.826,62.349],[9.827,62.35],[9.829,62.351],[9.83,62.352],[9.833,62.355],[9.837,62.359],[9.839,62.362],[9.9,62.344],[9.934,62.355],[9.953,62.381],[9.953,62.384],[9.952,62.394],[9.952,62.397],[9.965,62.4],[10.017,62.411],[10.036,62.415],[10.059,62.42],[10.067,62.421],[10.098,62.428],[10.082,62.447],[10.057,62.48],[10.041,62.5],[10.039,62.503],[10.032,62.514],[10.02,62.533],[10.02,62.534],[10.006,62.558],[10.039,62.568],[10.036,62.569],[10.035,62.57],[10.035,62.571],[10.034,62.572],[10.033,62.572],[10.032,62.573],[10.031,62.575],[10.031,62.576],[10.03,62.577],[10.029,62.577],[10.028,62.578],[10.028,62.579],[10.028,62.58],[10.027,62.58],[10.027,62.586],[10.039,62.59],[10.047,62.597],[10.057,62.6],[10.068,62.601],[10.071,62.602],[10.074,62.602],[10.074,62.603],[10.074,62.604],[10.076,62.604],[10.076,62.605],[10.076,62.606],[10.077,62.607],[10.086,62.625],[10.102,62.637],[10.109,62.654],[10.12,62.664],[10.135,62.669],[10.136,62.67],[10.135,62.672],[10.135,62.673],[10.135,62.675],[10.137,62.675],[10.137,62.673],[10.139,62.674],[10.14,62.674],[10.14,62.675],[10.142,62.675],[10.143,62.676],[10.144,62.676],[10.145,62.676],[10.147,62.677],[10.148,62.677],[10.147,62.678],[10.146,62.682],[10.147,62.683],[10.147,62.684],[10.146,62.685],[10.146,62.686],[10.145,62.687],[10.144,62.688],[10.147,62.687],[10.148,62.686],[10.149,62.685],[10.15,62.684],[10.157,62.685],[10.159,62.685],[10.163,62.686],[10.16,62.691],[10.166,62.693],[10.168,62.694],[10.17,62.695],[10.173,62.696],[10.174,62.696],[10.176,62.697],[10.179,62.697],[10.18,62.696],[10.181,62.696],[10.183,62.696],[10.184,62.696],[10.186,62.695],[10.187,62.695],[10.188,62.694],[10.189,62.694],[10.191,62.692],[10.192,62.692],[10.192,62.691],[10.191,62.69],[10.192,62.689],[10.193,62.688],[10.195,62.688],[10.197,62.688],[10.198,62.688],[10.199,62.688],[10.2,62.688],[10.201,62.688],[10.202,62.689],[10.203,62.69],[10.204,62.691],[10.205,62.692],[10.206,62.692],[10.219,62.693],[10.237,62.695],[10.239,62.695],[10.276,62.695],[10.325,62.695],[10.365,62.691],[10.393,62.688],[10.444,62.682],[10.488,62.677],[10.593,62.664],[10.597,62.664],[10.65,62.677],[10.673,62.675],[10.712,62.666],[10.715,62.658],[10.718,62.65],[10.74,62.645],[10.792,62.679],[10.809,62.684],[10.825,62.688],[10.851,62.693],[10.925,62.696],[10.928,62.696],[10.929,62.696],[10.93,62.695],[10.931,62.694],[10.983,62.682],[11.044,62.667],[11.125,62.662],[11.125,62.66],[11.127,62.656],[11.135,62.653],[11.135,62.652],[11.134,62.652],[11.132,62.65],[11.131,62.65],[11.133,62.649],[11.135,62.649],[11.136,62.649],[11.138,62.65],[11.14,62.651],[11.142,62.65],[11.144,62.651],[11.146,62.65],[11.15,62.649],[11.161,62.647],[11.166,62.62],[11.166,62.619],[11.165,62.618],[11.164,62.617],[11.164,62.616],[11.165,62.615],[11.167,62.613],[11.181,62.607],[11.185,62.606],[11.189,62.603],[11.191,62.6],[11.195,62.595],[11.197,62.594],[11.196,62.593],[11.197,62.592],[11.197,62.591],[11.196,62.591],[11.196,62.59],[11.195,62.589],[11.196,62.588],[11.197,62.587],[11.196,62.587],[11.196,62.586],[11.196,62.585],[11.196,62.584],[11.197,62.584],[11.197,62.583],[11.196,62.583],[11.196,62.582],[11.196,62.581],[11.195,62.58],[11.196,62.579],[11.195,62.578],[11.195,62.577],[11.196,62.576],[11.196,62.574],[11.196,62.571],[11.204,62.572],[11.206,62.572],[11.208,62.571],[11.209,62.571],[11.21,62.571],[11.213,62.571],[11.214,62.571],[11.214,62.57],[11.215,62.57],[11.217,62.57],[11.22,62.57],[11.221,62.57],[11.223,62.57],[11.225,62.571],[11.226,62.57],[11.228,62.571],[11.23,62.57],[11.231,62.57],[11.232,62.571],[11.233,62.571],[11.236,62.569],[11.237,62.568],[11.238,62.569],[11.239,62.568],[11.24,62.567],[11.243,62.567],[11.244,62.567],[11.244,62.565],[11.245,62.56],[11.248,62.557],[11.252,62.552],[11.245,62.544],[11.25,62.538],[11.251,62.537],[11.255,62.534],[11.254,62.533],[11.257,62.532],[11.259,62.532],[11.261,62.532],[11.263,62.531],[11.276,62.53],[11.282,62.529],[11.282,62.53],[11.283,62.53],[11.284,62.531],[11.285,62.531],[11.287,62.531],[11.29,62.529],[11.296,62.525],[11.298,62.524],[11.298,62.523],[11.298,62.522],[11.3,62.521],[11.301,62.521],[11.303,62.521],[11.304,62.52],[11.307,62.52],[11.309,62.52],[11.312,62.52],[11.313,62.52],[11.314,62.521],[11.315,62.52],[11.317,62.52],[11.318,62.52],[11.32,62.519],[11.321,62.519],[11.323,62.519],[11.323,62.518],[11.325,62.518],[11.327,62.518],[11.328,62.518],[11.329,62.517],[11.33,62.516],[11.331,62.515],[11.332,62.515],[11.334,62.514],[11.335,62.514],[11.337,62.514],[11.34,62.515],[11.343,62.513],[11.355,62.505],[11.361,62.5],[11.363,62.499],[11.371,62.494],[11.379,62.492],[11.386,62.49],[11.394,62.488],[11.401,62.487],[11.425,62.481],[11.429,62.48],[11.434,62.477],[11.447,62.47],[11.456,62.463],[11.459,62.46],[11.46,62.459],[11.461,62.457],[11.461,62.456],[11.462,62.454],[11.465,62.454],[11.465,62.452],[11.466,62.452],[11.467,62.451],[11.468,62.451],[11.468,62.45],[11.469,62.45],[11.469,62.449],[11.47,62.448],[11.471,62.448],[11.472,62.447],[11.474,62.447],[11.475,62.446],[11.476,62.446],[11.477,62.445],[11.478,62.445],[11.479,62.444],[11.48,62.444],[11.48,62.443],[11.481,62.442],[11.484,62.441],[11.485,62.441],[11.485,62.44],[11.486,62.44],[11.486,62.439],[11.487,62.439],[11.488,62.439],[11.489,62.438],[11.491,62.437],[11.492,62.436],[11.495,62.433],[11.496,62.433],[11.498,62.43],[11.501,62.427],[11.51,62.419],[11.513,62.415],[11.516,62.412],[11.522,62.405],[11.525,62.401],[11.532,62.39],[11.536,62.385],[11.539,62.384],[11.543,62.381],[11.547,62.377],[11.549,62.376],[11.551,62.374],[11.556,62.372],[11.561,62.371],[11.566,62.371],[11.57,62.372],[11.573,62.372],[11.615,62.377],[11.616,62.377],[11.621,62.377],[11.657,62.381],[11.672,62.382],[11.674,62.378],[11.68,62.373],[11.685,62.37],[11.688,62.367],[11.689,62.367],[11.689,62.366],[11.689,62.36],[11.688,62.354],[11.688,62.352],[11.689,62.35],[11.69,62.35],[11.692,62.35],[11.694,62.35],[11.696,62.349],[11.697,62.35],[11.7,62.35],[11.701,62.35],[11.704,62.349],[11.705,62.349],[11.706,62.349],[11.708,62.349],[11.711,62.349],[11.712,62.349],[11.713,62.348],[11.716,62.349],[11.717,62.348],[11.718,62.348],[11.719,62.347],[11.72,62.347],[11.724,62.348],[11.725,62.348],[11.727,62.348],[11.727,62.349],[11.729,62.349],[11.728,62.35],[11.727,62.35],[11.727,62.351],[11.728,62.352],[11.728,62.351],[11.73,62.351],[11.731,62.351],[11.731,62.352],[11.73,62.353],[11.731,62.354],[11.731,62.355],[11.731,62.356],[11.73,62.356],[11.73,62.357],[11.73,62.358],[11.728,62.358],[11.726,62.359],[11.725,62.359],[11.726,62.36],[11.727,62.36],[11.728,62.36],[11.73,62.361],[11.732,62.361],[11.733,62.361],[11.734,62.36],[11.735,62.36],[11.736,62.36],[11.737,62.36],[11.738,62.36],[11.74,62.36],[11.742,62.36],[11.744,62.36],[11.745,62.361],[11.746,62.361],[11.748,62.362],[11.749,62.363],[11.75,62.364],[11.753,62.366],[11.754,62.367],[11.756,62.368],[11.757,62.369],[11.756,62.371],[11.756,62.372],[11.756,62.373],[11.76,62.376],[11.762,62.379],[11.764,62.381],[11.766,62.382],[11.769,62.382],[11.771,62.383],[11.775,62.383],[11.776,62.383],[11.779,62.382],[11.782,62.382],[11.786,62.38],[11.788,62.379],[11.792,62.379],[11.801,62.378],[11.802,62.378],[11.837,62.374],[11.857,62.373],[11.864,62.372],[11.898,62.369],[11.901,62.368],[11.922,62.366],[11.926,62.366],[11.927,62.366],[11.936,62.365],[11.938,62.365],[11.943,62.364],[11.954,62.363],[11.955,62.363],[11.963,62.362],[11.969,62.362],[11.979,62.361],[11.982,62.36],[11.984,62.36],[11.985,62.359],[11.988,62.359],[11.988,62.358],[11.989,62.358],[11.991,62.356],[11.992,62.355],[11.993,62.354],[11.996,62.354],[11.997,62.354],[12.002,62.354],[12.004,62.354],[12.009,62.354],[12.012,62.353],[12.015,62.354],[12.018,62.353],[12.019,62.352],[12.021,62.352],[12.022,62.352],[12.023,62.352],[12.026,62.351],[12.027,62.351],[12.028,62.351],[12.03,62.35],[12.032,62.35],[12.034,62.35],[12.035,62.349],[12.038,62.349],[12.042,62.349],[12.045,62.349],[12.048,62.348],[12.05,62.348],[12.051,62.348],[12.052,62.347],[12.051,62.346],[12.051,62.345],[12.055,62.346],[12.058,62.346],[12.061,62.346],[12.062,62.345],[12.064,62.344],[12.065,62.344],[12.066,62.343],[12.067,62.342],[12.07,62.339],[12.072,62.338],[12.072,62.337],[12.075,62.336],[12.075,62.335],[12.078,62.333],[12.08,62.332],[12.084,62.33],[12.09,62.327],[12.094,62.325],[12.099,62.323],[12.102,62.321],[12.103,62.321],[12.105,62.32],[12.107,62.319],[12.11,62.317],[12.113,62.316],[12.118,62.315],[12.12,62.315],[12.123,62.314],[12.126,62.313],[12.129,62.312],[12.13,62.31],[12.131,62.31],[12.133,62.31],[12.134,62.31],[12.138,62.31],[12.139,62.31],[12.141,62.311],[12.141,62.312],[12.145,62.312],[12.147,62.312],[12.148,62.311],[12.151,62.311],[12.151,62.312],[12.152,62.313],[12.153,62.314],[12.155,62.314],[12.157,62.314],[12.158,62.315],[12.16,62.314],[12.161,62.313],[12.162,62.313],[12.165,62.313],[12.167,62.313],[12.168,62.314],[12.169,62.315],[12.169,62.316],[12.169,62.317],[12.17,62.317],[12.172,62.317],[12.175,62.317],[12.178,62.318],[12.181,62.319],[12.183,62.32],[12.186,62.322],[12.187,62.323],[12.187,62.324],[12.188,62.324],[12.19,62.325],[12.191,62.326],[12.192,62.327],[12.197,62.328],[12.199,62.329],[12.202,62.329],[12.206,62.33],[12.208,62.331],[12.209,62.331],[12.21,62.331],[12.213,62.331],[12.218,62.331],[12.223,62.329],[12.224,62.328],[12.227,62.328],[12.229,62.327],[12.232,62.327],[12.235,62.328],[12.238,62.329],[12.241,62.329],[12.242,62.33],[12.243,62.331],[12.244,62.331],[12.246,62.331],[12.252,62.331],[12.255,62.331],[12.227,62.369],[12.205,62.401],[12.182,62.434],[12.165,62.458],[12.141,62.491],[12.106,62.541],[12.069,62.594],[12.056,62.612],[12.065,62.628],[12.074,62.642],[12.081,62.655],[12.091,62.672],[12.097,62.681],[12.112,62.706],[12.136,62.748],[12.118,62.795],[12.104,62.83],[12.092,62.86],[12.075,62.903],[12.097,62.918],[12.135,62.943],[12.17,62.967],[12.218,63],[12.199,63.021],[12.17,63.054],[12.141,63.086],[12.119,63.111],[12.101,63.13],[12.073,63.161],[12.053,63.183],[12.047,63.189],[12.024,63.215],[11.998,63.243],[11.975,63.269],[12.018,63.304],[12.034,63.316],[12.06,63.337],[12.084,63.356],[12.098,63.37],[12.14,63.411],[12.172,63.44],[12.193,63.46],[12.213,63.479],[12.192,63.517],[12.182,63.534],[12.158,63.578],[12.15,63.594],[12.174,63.605],[12.197,63.617],[12.227,63.631],[12.259,63.649],[12.299,63.672],[12.312,63.689],[12.331,63.715],[12.365,63.739],[12.381,63.75],[12.403,63.765],[12.422,63.778],[12.441,63.791],[12.48,63.819],[12.499,63.833],[12.538,63.862],[12.578,63.893],[12.61,63.917],[12.652,63.949],[12.684,63.974],[12.759,64],[12.834,64.026],[12.927,64.058],[12.998,64.067],[13.085,64.079],[13.145,64.087],[13.211,64.095],[13.278,64.089],[13.298,64.087],[13.378,64.08],[13.449,64.073],[13.538,64.066],[13.626,64.056],[13.661,64.052],[13.715,64.046],[13.804,64.033],[13.842,64.027],[13.889,64.02],[13.916,64.016],[13.968,64.008],[13.99,64.029],[14.012,64.05],[14.027,64.064],[14.053,64.091],[14.071,64.108],[14.095,64.133],[14.112,64.149],[14.125,64.162],[14.157,64.195],[14.153,64.225],[14.148,64.258],[14.145,64.284],[14.139,64.315],[14.129,64.372],[14.125,64.398],[14.12,64.425],[14.119,64.435],[14.114,64.462],[14.085,64.478],[14.055,64.483],[13.946,64.499],[13.891,64.507],[13.841,64.523],[13.787,64.539],[13.751,64.55],[13.7,64.566],[13.654,64.58],[13.683,64.614],[13.705,64.64],[13.757,64.682],[13.795,64.712],[13.817,64.73],[13.855,64.761],[13.873,64.776],[13.916,64.81],[13.931,64.822],[13.978,64.86],[14.015,64.89],[14.058,64.924],[14.077,64.939],[14.094,64.951],[14.13,64.979],[14.177,65.013],[14.227,65.049],[14.246,65.062],[14.293,65.096],[14.326,65.119],[14.317,65.121],[14.297,65.115],[14.29,65.118],[14.289,65.119],[14.284,65.121],[14.278,65.124],[14.269,65.124],[14.264,65.124],[14.261,65.123],[14.26,65.124],[14.254,65.13],[14.252,65.131],[14.241,65.132],[14.24,65.131],[14.235,65.132],[14.231,65.132],[14.228,65.132],[14.226,65.132],[14.22,65.132],[14.212,65.131],[14.204,65.131],[14.196,65.131],[14.192,65.131],[14.189,65.132],[14.184,65.133],[14.182,65.134],[14.179,65.135],[14.175,65.137],[14.173,65.138],[14.17,65.139],[14.167,65.139],[14.164,65.139],[14.16,65.138],[14.156,65.138],[14.151,65.137],[14.145,65.136],[14.142,65.135],[14.139,65.134],[14.131,65.133],[14.127,65.132],[14.123,65.131],[14.118,65.13],[14.111,65.129],[14.109,65.129],[14.105,65.128],[14.101,65.128],[14.094,65.127],[14.085,65.125],[14.081,65.124],[14.076,65.124],[14.064,65.122],[14.059,65.123],[14.053,65.124],[14.047,65.125],[14.04,65.126],[14.034,65.126],[14.027,65.127],[14.022,65.128],[14.012,65.13],[13.998,65.129],[13.99,65.128],[13.984,65.128],[13.977,65.128],[13.97,65.128],[13.959,65.127],[13.951,65.127],[13.949,65.127],[13.945,65.125],[13.94,65.123],[13.935,65.12],[13.932,65.119],[13.923,65.119],[13.908,65.119],[13.902,65.119],[13.88,65.118],[13.861,65.118],[13.848,65.118],[13.834,65.118],[13.83,65.117],[13.825,65.117],[13.82,65.116],[13.814,65.115],[13.8,65.113],[13.794,65.112],[13.787,65.112],[13.781,65.111],[13.771,65.111],[13.766,65.111],[13.76,65.111],[13.753,65.111],[13.748,65.112],[13.734,65.112],[13.729,65.112],[13.722,65.112],[13.718,65.112],[13.71,65.113],[13.708,65.112],[13.696,65.111],[13.686,65.111],[13.672,65.109],[13.661,65.108],[13.639,65.106],[13.629,65.105],[13.612,65.107],[13.605,65.108],[13.586,65.111],[13.565,65.113],[13.551,65.115],[13.542,65.116],[13.53,65.117],[13.528,65.116],[13.521,65.115],[13.508,65.113],[13.501,65.112],[13.479,65.109],[13.471,65.108],[13.443,65.104],[13.411,65.099],[13.36,65.101],[13.304,65.102],[13.235,65.109],[13.217,65.111],[13.153,65.116],[13.085,65.11],[13.053,65.074],[13.046,65.074],[13.036,65.073],[13.022,65.073],[13.02,65.072],[13.008,65.07],[12.996,65.068],[12.968,65.033],[12.93,65.039],[12.908,65.029],[12.911,65.017],[12.922,65.014],[12.931,65.01],[12.933,65.007],[12.935,65.006],[12.936,65.006],[12.944,65.003],[12.945,65.003],[12.946,65.002],[12.948,65],[12.934,64.985],[12.907,64.974],[12.846,64.975],[12.775,64.976],[12.791,64.953],[12.768,64.941],[12.748,64.943],[12.728,64.948],[12.715,64.953],[12.708,64.952],[12.698,64.951],[12.688,64.95],[12.679,64.949],[12.655,64.946],[12.648,64.944],[12.637,64.942],[12.629,64.939],[12.625,64.941],[12.619,64.945],[12.612,64.948],[12.605,64.953],[12.599,64.956],[12.592,64.96],[12.587,64.963],[12.586,64.965],[12.586,64.969],[12.585,64.973],[12.583,64.979],[12.582,64.983],[12.581,64.987],[12.576,64.988],[12.561,64.99],[12.556,64.989],[12.548,64.986],[12.529,64.981],[12.521,64.978],[12.508,64.977],[12.505,64.977],[12.487,64.982],[12.484,64.983],[12.477,64.984],[12.476,64.984],[12.473,64.984],[12.47,64.984],[12.465,64.983],[12.462,64.984],[12.456,64.986],[12.452,64.988],[12.441,64.989],[12.424,64.992],[12.418,64.992],[12.408,64.993],[12.405,64.993],[12.396,64.992],[12.389,64.991],[12.383,64.99],[12.371,64.986],[12.368,64.985],[12.363,64.984],[12.355,64.982],[12.349,64.98],[12.344,64.979],[12.332,64.976],[12.326,64.974],[12.319,64.972],[12.312,64.97],[12.307,64.968],[12.301,64.967],[12.294,64.965],[12.29,64.964],[12.283,64.962],[12.28,64.961],[12.277,64.96],[12.26,64.964],[12.248,64.971],[12.238,64.968],[12.233,64.969],[12.224,64.97],[12.22,64.971],[12.215,64.972],[12.214,64.972],[12.212,64.973],[12.21,64.974],[12.205,64.972],[12.203,64.973],[12.198,64.975],[12.196,64.975],[12.194,64.976],[12.189,64.977],[12.187,64.978],[12.183,64.981],[12.182,64.981],[12.181,64.982],[12.18,64.99],[12.183,64.994],[12.192,64.999],[12.187,65],[12.161,65.006],[12.156,65.012],[12.153,65.015],[12.153,65.017],[12.15,65.019],[12.134,65.022],[12.133,65.022],[12.133,65.021],[12.132,65.02],[12.131,65.02],[12.13,65.02],[12.129,65.019],[12.127,65.018],[12.126,65.017],[12.125,65.017],[12.125,65.015],[12.125,65.014],[12.125,65.013],[12.124,65.012],[12.12,65.013],[12.132,64.999],[12.114,65.004],[12.085,65],[12.079,65.002],[12.077,65.004],[12.078,65.004],[12.078,65.005],[12.077,65.005],[12.074,65.005],[12.073,65.006],[12.072,65.006],[12.072,65.007],[12.071,65.008],[12.071,65.009],[12.071,65.01],[12.07,65.01],[12.068,65.011],[12.066,65.012],[12.066,65.013],[12.064,65.013],[12.062,65.013],[12.061,65.013],[12.059,65.013],[12.057,65.014],[12.055,65.014],[12.052,65.014],[12.051,65.015],[12.05,65.015],[12.048,65.017],[12.045,65.022],[12.045,65.023],[12.044,65.024],[12.041,65.03],[12.036,65.03],[12.04,65.035],[12.039,65.039],[12.037,65.044],[12.038,65.048],[12.045,65.056],[12.045,65.058],[12.044,65.058],[12.045,65.059],[12.044,65.06],[12.045,65.06],[12.044,65.061],[12.045,65.062],[12.046,65.062],[12.046,65.063],[12.049,65.066],[12.049,65.067],[12.04,65.068],[12.035,65.067],[12.028,65.068],[11.984,65.068],[11.984,65.071],[11.98,65.071],[11.979,65.071],[11.978,65.072],[11.973,65.073],[11.969,65.074],[11.967,65.075],[11.966,65.075],[11.961,65.077],[11.96,65.078],[11.954,65.076],[11.953,65.075],[11.953,65.074],[11.952,65.073],[11.942,65.067],[11.924,65.068],[11.918,65.068],[11.913,65.067],[11.907,65.066],[11.899,65.066],[11.879,65.066],[11.88,65.069],[11.894,65.071],[11.899,65.076],[11.917,65.08],[11.922,65.089],[11.924,65.093],[11.924,65.095],[11.923,65.096],[11.926,65.097],[11.921,65.1],[11.931,65.104],[11.932,65.104],[11.937,65.106],[11.946,65.11],[11.96,65.117],[11.95,65.118],[11.942,65.123],[11.936,65.127],[11.937,65.13],[11.94,65.138],[11.941,65.139],[11.942,65.14],[11.943,65.14],[11.944,65.141],[11.944,65.142],[11.943,65.142],[11.942,65.143],[11.943,65.143],[11.944,65.144],[11.945,65.144],[11.944,65.145],[11.945,65.146],[11.944,65.146],[11.945,65.147],[11.944,65.148],[11.946,65.148],[11.946,65.149],[11.943,65.149],[11.942,65.149],[11.941,65.149],[11.939,65.149],[11.915,65.16],[11.836,65.158],[11.486,65.237],[11.4,65.296],[11.023,65.394],[11.021,65.394],[10.984,65.401],[10.874,65.42],[10.578,65.47],[10.473,65.369],[10.366,65.265],[10.149,65.052],[10.089,64.993],[10.082,64.985],[10.075,64.977],[10.012,64.894],[10.007,64.887],[10.001,64.879],[9.997,64.87],[9.804,64.778],[9.7,64.728],[9.325,64.547],[8.94,64.358],[8.624,64.24],[8.36,64.141],[8.165,64.066],[8.159,64.064],[8.144,64.058],[8.13,64.052],[8.121,64.047],[8.116,64.045],[8.103,64.038],[8.09,64.031],[7.648,63.768],[7.688,63.755],[7.742,63.737],[7.89,63.689],[7.979,63.659],[8.009,63.649],[8.109,63.598]]]}},{"type":"Feature","properties":{"id":614,"name":"Troms","bbox":[15.593,68.356,22.894,70.704]},"geometry":{"type":"Polygon","coordinates":[[[22.279,69.482],[22.381,69.487],[22.445,69.5],[22.511,69.513],[22.632,69.519],[22.634,69.519],[22.636,69.519],[22.675,69.516],[22.715,69.509],[22.722,69.508],[22.716,69.52],[22.703,69.542],[22.743,69.55],[22.744,69.56],[22.746,69.562],[22.771,69.58],[22.772,69.585],[22.777,69.607],[22.783,69.608],[22.818,69.615],[22.847,69.621],[22.894,69.647],[22.87,69.657],[22.835,69.667],[22.803,69.658],[22.755,69.645],[22.6,69.688],[22.576,69.695],[22.572,69.696],[22.57,69.697],[22.538,69.722],[22.555,69.748],[22.536,69.77],[22.502,69.779],[22.451,69.791],[22.488,69.819],[22.512,69.831],[22.534,69.844],[22.547,69.846],[22.532,69.861],[22.503,69.863],[22.478,69.863],[22.449,69.873],[22.527,69.901],[22.497,69.919],[22.479,69.922],[22.439,69.927],[22.403,69.924],[22.34,69.936],[22.324,69.938],[22.282,69.946],[22.271,69.951],[22.243,69.961],[22.248,69.976],[22.233,69.982],[22.225,69.991],[22.204,70.003],[22.204,70.004],[22.204,70.005],[22.203,70.005],[22.201,70.007],[22.199,70.007],[22.198,70.007],[22.195,70.007],[22.195,70.008],[22.192,70.008],[22.19,70.009],[22.188,70.01],[22.187,70.01],[22.186,70.011],[22.186,70.012],[22.187,70.013],[22.189,70.014],[22.189,70.015],[22.19,70.016],[22.189,70.016],[22.189,70.017],[22.188,70.018],[22.187,70.019],[22.187,70.02],[22.188,70.021],[22.188,70.022],[22.187,70.023],[22.187,70.024],[22.186,70.025],[22.187,70.026],[22.189,70.027],[22.19,70.027],[22.192,70.028],[22.193,70.028],[22.195,70.029],[22.196,70.03],[22.198,70.03],[22.201,70.03],[22.202,70.03],[22.203,70.03],[22.206,70.031],[22.207,70.031],[22.208,70.032],[22.209,70.032],[22.209,70.033],[22.21,70.033],[22.213,70.033],[22.215,70.035],[22.214,70.035],[22.214,70.036],[22.212,70.036],[22.21,70.037],[22.217,70.039],[22.216,70.042],[22.214,70.053],[22.213,70.059],[22.211,70.059],[22.209,70.06],[22.208,70.061],[22.206,70.062],[22.205,70.063],[22.205,70.064],[22.206,70.064],[22.205,70.065],[22.203,70.065],[22.202,70.065],[22.199,70.065],[22.194,70.065],[22.192,70.065],[22.187,70.065],[22.184,70.065],[22.181,70.065],[22.17,70.064],[22.142,70.095],[22.119,70.119],[22.118,70.12],[22.115,70.121],[22.114,70.121],[22.111,70.122],[22.108,70.124],[22.106,70.125],[22.106,70.126],[22.106,70.127],[22.107,70.127],[22.109,70.128],[22.114,70.13],[22.116,70.13],[22.119,70.131],[22.124,70.132],[22.129,70.139],[22.119,70.17],[22.101,70.171],[22.099,70.171],[22.095,70.171],[22.09,70.172],[22.086,70.172],[22.082,70.172],[22.078,70.171],[22.075,70.171],[22.071,70.17],[22.067,70.169],[22.061,70.168],[22.055,70.167],[22.051,70.166],[22.048,70.166],[22.044,70.165],[22.016,70.164],[22.01,70.163],[22.008,70.163],[22.006,70.163],[22.004,70.162],[22.001,70.162],[21.999,70.161],[21.997,70.16],[21.992,70.156],[21.989,70.155],[21.986,70.154],[21.982,70.153],[21.978,70.153],[21.972,70.152],[21.97,70.152],[21.966,70.151],[21.965,70.149],[21.913,70.158],[21.913,70.142],[21.875,70.132],[21.871,70.13],[21.87,70.13],[21.87,70.129],[21.871,70.128],[21.871,70.126],[21.872,70.124],[21.875,70.114],[21.876,70.111],[21.875,70.111],[21.866,70.109],[21.829,70.101],[21.827,70.102],[21.824,70.103],[21.823,70.104],[21.822,70.105],[21.82,70.105],[21.817,70.105],[21.816,70.105],[21.815,70.106],[21.814,70.108],[21.814,70.109],[21.813,70.11],[21.807,70.112],[21.803,70.113],[21.801,70.114],[21.799,70.115],[21.798,70.115],[21.797,70.116],[21.795,70.116],[21.791,70.117],[21.789,70.118],[21.787,70.118],[21.784,70.118],[21.782,70.119],[21.779,70.119],[21.776,70.119],[21.774,70.119],[21.772,70.119],[21.767,70.12],[21.761,70.12],[21.758,70.121],[21.754,70.12],[21.752,70.121],[21.746,70.121],[21.744,70.122],[21.74,70.121],[21.738,70.122],[21.736,70.122],[21.732,70.122],[21.73,70.122],[21.725,70.122],[21.721,70.123],[21.716,70.126],[21.713,70.128],[21.712,70.129],[21.712,70.132],[21.713,70.133],[21.715,70.136],[21.718,70.139],[21.721,70.141],[21.709,70.141],[21.708,70.141],[21.705,70.142],[21.701,70.142],[21.696,70.143],[21.693,70.144],[21.692,70.144],[21.689,70.145],[21.686,70.146],[21.685,70.147],[21.68,70.148],[21.68,70.149],[21.681,70.149],[21.682,70.15],[21.684,70.151],[21.686,70.152],[21.683,70.151],[21.677,70.152],[21.675,70.152],[21.67,70.152],[21.665,70.152],[21.663,70.153],[21.662,70.154],[21.661,70.155],[21.661,70.156],[21.659,70.157],[21.659,70.158],[21.659,70.16],[21.653,70.163],[21.647,70.164],[21.644,70.164],[21.641,70.165],[21.638,70.166],[21.637,70.167],[21.634,70.167],[21.628,70.166],[21.627,70.166],[21.627,70.167],[21.625,70.168],[21.623,70.168],[21.623,70.169],[21.621,70.171],[21.62,70.172],[21.621,70.173],[21.621,70.174],[21.619,70.174],[21.616,70.175],[21.609,70.178],[21.609,70.179],[21.61,70.179],[21.61,70.18],[21.612,70.18],[21.613,70.18],[21.615,70.181],[21.617,70.181],[21.618,70.181],[21.621,70.183],[21.624,70.184],[21.626,70.186],[21.629,70.187],[21.628,70.188],[21.629,70.189],[21.618,70.191],[21.615,70.191],[21.591,70.193],[21.585,70.194],[21.573,70.195],[21.571,70.195],[21.569,70.195],[21.565,70.195],[21.558,70.194],[21.551,70.193],[21.547,70.193],[21.543,70.193],[21.54,70.193],[21.537,70.19],[21.536,70.189],[21.535,70.187],[21.533,70.186],[21.531,70.185],[21.527,70.183],[21.522,70.183],[21.518,70.182],[21.515,70.182],[21.51,70.183],[21.508,70.182],[21.506,70.182],[21.498,70.183],[21.496,70.184],[21.492,70.185],[21.491,70.185],[21.491,70.186],[21.49,70.187],[21.489,70.188],[21.487,70.189],[21.486,70.19],[21.484,70.191],[21.481,70.192],[21.479,70.192],[21.477,70.192],[21.475,70.191],[21.474,70.19],[21.471,70.19],[21.469,70.189],[21.466,70.19],[21.463,70.19],[21.462,70.19],[21.459,70.189],[21.457,70.188],[21.451,70.186],[21.449,70.186],[21.447,70.185],[21.443,70.184],[21.441,70.183],[21.44,70.182],[21.438,70.182],[21.436,70.182],[21.433,70.182],[21.429,70.182],[21.425,70.183],[21.421,70.184],[21.417,70.185],[21.416,70.185],[21.416,70.187],[21.416,70.188],[21.417,70.189],[21.42,70.19],[21.421,70.19],[21.42,70.192],[21.42,70.193],[21.402,70.193],[21.4,70.194],[21.397,70.194],[21.396,70.194],[21.394,70.194],[21.39,70.194],[21.39,70.195],[21.369,70.197],[21.367,70.197],[21.361,70.198],[21.36,70.198],[21.357,70.199],[21.356,70.199],[21.352,70.201],[21.351,70.201],[21.35,70.202],[21.349,70.202],[21.345,70.202],[21.343,70.202],[21.342,70.202],[21.34,70.202],[21.338,70.202],[21.337,70.202],[21.333,70.202],[21.33,70.203],[21.329,70.203],[21.324,70.202],[21.323,70.202],[21.322,70.203],[21.322,70.204],[21.321,70.204],[21.311,70.207],[21.305,70.208],[21.294,70.212],[21.278,70.215],[21.257,70.219],[21.233,70.221],[21.229,70.221],[21.216,70.222],[21.209,70.222],[21.2,70.221],[21.196,70.221],[21.175,70.223],[21.007,70.238],[20.998,70.246],[20.694,70.518],[20.676,70.533],[20.623,70.58],[20.48,70.704],[19.928,70.632],[19.692,70.602],[18.847,70.487],[18.823,70.483],[18.799,70.479],[18.359,70.399],[18.338,70.395],[18.315,70.39],[18.293,70.385],[18.272,70.38],[18.252,70.374],[18.232,70.368],[18.214,70.361],[18.196,70.355],[18.179,70.348],[18.163,70.34],[17.902,70.216],[17.805,70.168],[17.452,69.993],[17.438,69.986],[17.425,69.978],[17.16,69.812],[17.056,69.745],[16.677,69.667],[16.57,69.649],[16.254,69.597],[16.432,69.475],[16.491,69.434],[16.518,69.416],[16.433,69.313],[16.313,69.166],[16.12,69.05],[16.052,69.009],[16.112,68.932],[16.026,68.909],[16.002,68.883],[15.947,68.851],[15.931,68.825],[15.939,68.811],[16.024,68.814],[16.046,68.758],[16.006,68.756],[16.003,68.755],[16.001,68.755],[15.999,68.754],[15.997,68.754],[15.995,68.753],[15.994,68.754],[15.993,68.753],[15.985,68.753],[15.982,68.752],[15.979,68.751],[15.976,68.751],[15.975,68.75],[15.974,68.75],[15.974,68.749],[15.976,68.749],[15.975,68.748],[15.974,68.747],[15.972,68.746],[15.971,68.745],[15.971,68.744],[15.972,68.743],[15.971,68.742],[15.972,68.742],[15.973,68.741],[15.972,68.74],[15.971,68.74],[15.97,68.739],[15.968,68.739],[15.966,68.738],[15.964,68.738],[15.963,68.737],[15.962,68.738],[15.96,68.738],[15.959,68.739],[15.958,68.74],[15.937,68.731],[15.928,68.73],[15.926,68.731],[15.922,68.731],[15.918,68.732],[15.915,68.732],[15.913,68.732],[15.901,68.73],[15.897,68.729],[15.895,68.729],[15.89,68.728],[15.89,68.727],[15.891,68.726],[15.889,68.725],[15.889,68.721],[15.892,68.719],[15.893,68.719],[15.887,68.711],[15.884,68.71],[15.88,68.709],[15.869,68.709],[15.869,68.71],[15.855,68.71],[15.854,68.709],[15.851,68.71],[15.847,68.709],[15.844,68.709],[15.837,68.711],[15.833,68.71],[15.816,68.71],[15.813,68.711],[15.803,68.711],[15.798,68.709],[15.795,68.708],[15.794,68.708],[15.794,68.709],[15.792,68.709],[15.788,68.709],[15.786,68.709],[15.784,68.709],[15.786,68.708],[15.787,68.707],[15.789,68.706],[15.79,68.705],[15.793,68.702],[15.793,68.701],[15.792,68.7],[15.79,68.699],[15.79,68.698],[15.789,68.698],[15.778,68.688],[15.777,68.687],[15.778,68.686],[15.779,68.686],[15.781,68.685],[15.782,68.684],[15.784,68.683],[15.785,68.683],[15.786,68.682],[15.786,68.681],[15.787,68.681],[15.788,68.681],[15.789,68.68],[15.79,68.678],[15.792,68.678],[15.794,68.678],[15.795,68.678],[15.797,68.677],[15.801,68.677],[15.803,68.677],[15.804,68.677],[15.802,68.676],[15.8,68.674],[15.799,68.673],[15.797,68.672],[15.791,68.668],[15.789,68.667],[15.779,68.657],[15.782,68.656],[15.779,68.654],[15.778,68.653],[15.777,68.652],[15.776,68.651],[15.773,68.651],[15.771,68.651],[15.768,68.65],[15.765,68.649],[15.765,68.648],[15.763,68.646],[15.761,68.645],[15.76,68.645],[15.759,68.644],[15.758,68.643],[15.757,68.643],[15.756,68.643],[15.752,68.642],[15.75,68.642],[15.746,68.641],[15.74,68.641],[15.736,68.641],[15.731,68.642],[15.729,68.642],[15.728,68.643],[15.727,68.644],[15.725,68.645],[15.721,68.645],[15.72,68.645],[15.717,68.645],[15.715,68.645],[15.713,68.646],[15.706,68.648],[15.703,68.649],[15.701,68.648],[15.698,68.647],[15.692,68.645],[15.689,68.644],[15.686,68.644],[15.683,68.643],[15.681,68.642],[15.68,68.641],[15.678,68.64],[15.677,68.639],[15.678,68.638],[15.678,68.637],[15.674,68.636],[15.671,68.635],[15.665,68.633],[15.662,68.632],[15.66,68.632],[15.658,68.632],[15.656,68.632],[15.655,68.632],[15.653,68.632],[15.651,68.632],[15.648,68.632],[15.646,68.632],[15.645,68.633],[15.65,68.623],[15.663,68.614],[15.665,68.609],[15.66,68.606],[15.662,68.604],[15.664,68.604],[15.67,68.602],[15.675,68.597],[15.673,68.594],[15.67,68.593],[15.668,68.589],[15.668,68.588],[15.667,68.588],[15.668,68.587],[15.667,68.586],[15.665,68.586],[15.664,68.586],[15.663,68.586],[15.662,68.585],[15.66,68.585],[15.659,68.584],[15.657,68.584],[15.649,68.582],[15.633,68.576],[15.628,68.576],[15.618,68.576],[15.616,68.576],[15.615,68.576],[15.612,68.576],[15.61,68.575],[15.608,68.574],[15.606,68.573],[15.603,68.572],[15.601,68.571],[15.598,68.571],[15.596,68.571],[15.595,68.571],[15.593,68.57],[15.593,68.569],[15.594,68.568],[15.598,68.568],[15.6,68.567],[15.602,68.566],[15.606,68.565],[15.608,68.563],[15.609,68.563],[15.608,68.562],[15.607,68.561],[15.608,68.561],[15.608,68.559],[15.607,68.557],[15.609,68.557],[15.61,68.556],[15.611,68.555],[15.612,68.554],[15.613,68.553],[15.612,68.552],[15.612,68.551],[15.612,68.55],[15.613,68.548],[15.614,68.548],[15.618,68.547],[15.62,68.547],[15.616,68.543],[15.619,68.543],[15.622,68.542],[15.624,68.541],[15.625,68.54],[15.626,68.54],[15.626,68.539],[15.626,68.538],[15.627,68.537],[15.63,68.537],[15.63,68.536],[15.629,68.535],[15.628,68.534],[15.628,68.533],[15.628,68.532],[15.627,68.531],[15.628,68.53],[15.63,68.529],[15.632,68.528],[15.65,68.526],[15.652,68.526],[15.653,68.525],[15.653,68.522],[15.653,68.521],[15.654,68.519],[15.655,68.517],[15.656,68.515],[15.657,68.515],[15.657,68.514],[15.659,68.513],[15.662,68.513],[15.665,68.512],[15.668,68.511],[15.667,68.511],[15.665,68.51],[15.665,68.509],[15.664,68.508],[15.664,68.507],[15.665,68.506],[15.666,68.504],[15.67,68.501],[15.671,68.501],[15.671,68.5],[15.67,68.5],[15.669,68.499],[15.668,68.498],[15.664,68.499],[15.663,68.498],[15.672,68.488],[15.675,68.486],[15.674,68.484],[15.673,68.483],[15.67,68.481],[15.665,68.479],[15.661,68.478],[15.659,68.477],[15.658,68.476],[15.657,68.475],[15.654,68.474],[15.651,68.473],[15.647,68.473],[15.645,68.473],[15.643,68.473],[15.639,68.473],[15.636,68.472],[15.632,68.47],[15.632,68.469],[15.633,68.468],[15.633,68.467],[15.634,68.466],[15.633,68.466],[15.628,68.465],[15.623,68.464],[15.622,68.463],[15.621,68.462],[15.618,68.46],[15.617,68.46],[15.615,68.459],[15.617,68.458],[15.617,68.457],[15.616,68.456],[15.616,68.455],[15.618,68.454],[15.618,68.453],[15.623,68.451],[15.629,68.449],[15.63,68.449],[15.636,68.447],[15.641,68.446],[15.647,68.444],[15.649,68.443],[15.648,68.444],[15.649,68.444],[15.649,68.446],[15.649,68.447],[15.649,68.449],[15.65,68.45],[15.652,68.451],[15.654,68.452],[15.658,68.455],[15.66,68.455],[15.661,68.456],[15.664,68.456],[15.671,68.457],[15.673,68.457],[15.675,68.458],[15.676,68.459],[15.678,68.459],[15.682,68.46],[15.684,68.461],[15.686,68.462],[15.69,68.463],[15.69,68.464],[15.691,68.464],[15.692,68.465],[15.691,68.465],[15.69,68.467],[15.686,68.472],[15.687,68.473],[15.688,68.473],[15.69,68.474],[15.694,68.475],[15.697,68.478],[15.699,68.479],[15.702,68.481],[15.704,68.482],[15.708,68.483],[15.709,68.484],[15.711,68.484],[15.715,68.485],[15.723,68.487],[15.728,68.488],[15.731,68.488],[15.731,68.489],[15.733,68.489],[15.734,68.49],[15.738,68.49],[15.742,68.491],[15.746,68.491],[15.748,68.491],[15.752,68.491],[15.755,68.492],[15.757,68.492],[15.757,68.493],[15.758,68.495],[15.758,68.497],[15.757,68.497],[15.757,68.498],[15.756,68.498],[15.755,68.499],[15.753,68.5],[15.754,68.501],[15.756,68.502],[15.758,68.504],[15.759,68.504],[15.763,68.504],[15.766,68.504],[15.768,68.504],[15.769,68.505],[15.776,68.505],[15.779,68.505],[15.781,68.506],[15.782,68.506],[15.782,68.507],[15.782,68.509],[15.782,68.511],[15.785,68.512],[15.788,68.513],[15.79,68.513],[15.798,68.515],[15.803,68.516],[15.805,68.517],[15.806,68.518],[15.807,68.519],[15.808,68.52],[15.812,68.522],[15.814,68.523],[15.816,68.524],[15.819,68.527],[15.829,68.534],[15.872,68.533],[15.891,68.534],[15.892,68.54],[15.895,68.543],[15.895,68.545],[15.895,68.548],[15.898,68.549],[15.895,68.55],[15.893,68.552],[15.892,68.552],[15.893,68.553],[15.889,68.557],[15.888,68.558],[15.889,68.559],[15.892,68.56],[15.897,68.561],[15.9,68.562],[15.905,68.562],[15.906,68.563],[15.907,68.564],[15.907,68.566],[15.907,68.567],[15.908,68.568],[15.91,68.569],[15.909,68.57],[15.91,68.572],[15.913,68.574],[15.915,68.575],[15.916,68.576],[15.918,68.577],[15.921,68.58],[15.923,68.58],[15.929,68.583],[15.929,68.584],[15.929,68.585],[15.928,68.587],[15.929,68.588],[15.929,68.589],[15.928,68.59],[15.928,68.591],[15.929,68.594],[15.929,68.595],[15.93,68.596],[15.932,68.597],[15.932,68.598],[15.931,68.599],[15.932,68.599],[15.933,68.601],[15.939,68.602],[15.944,68.603],[15.943,68.607],[15.945,68.609],[15.946,68.61],[15.956,68.61],[15.959,68.611],[15.962,68.614],[15.966,68.612],[15.976,68.608],[15.977,68.607],[15.98,68.603],[15.983,68.602],[15.987,68.6],[15.993,68.599],[15.995,68.598],[16.002,68.597],[16.003,68.596],[16.004,68.595],[16.005,68.593],[16.006,68.591],[16.008,68.588],[16.005,68.588],[16.003,68.588],[15.997,68.586],[15.998,68.585],[16.002,68.583],[16.006,68.582],[16.01,68.581],[16.013,68.58],[16.02,68.58],[16.021,68.578],[16.023,68.577],[16.024,68.577],[16.027,68.576],[16.027,68.575],[16.028,68.574],[16.027,68.572],[16.027,68.57],[16.029,68.569],[16.03,68.568],[16.029,68.567],[16.025,68.566],[16.021,68.564],[16.019,68.563],[16.014,68.561],[16.01,68.56],[16.007,68.559],[16.002,68.558],[15.997,68.556],[15.997,68.554],[15.997,68.553],[15.997,68.551],[15.998,68.551],[16.004,68.548],[16.006,68.547],[16.007,68.546],[16.007,68.545],[16.005,68.543],[16.006,68.543],[16.007,68.542],[16.008,68.541],[16.012,68.54],[16.016,68.539],[16.02,68.538],[16.024,68.537],[16.03,68.536],[16.034,68.535],[16.037,68.534],[16.045,68.532],[16.051,68.53],[16.052,68.53],[16.057,68.532],[16.059,68.532],[16.064,68.532],[16.066,68.532],[16.067,68.533],[16.071,68.535],[16.074,68.536],[16.077,68.536],[16.081,68.537],[16.088,68.537],[16.096,68.537],[16.106,68.539],[16.114,68.539],[16.125,68.539],[16.126,68.525],[16.161,68.522],[16.157,68.519],[16.049,68.429],[16.04,68.422],[16.03,68.377],[16.162,68.372],[16.287,68.398],[16.411,68.406],[16.498,68.428],[16.568,68.434],[16.557,68.447],[16.56,68.449],[16.564,68.452],[16.567,68.454],[16.567,68.455],[16.553,68.46],[16.555,68.463],[16.558,68.465],[16.56,68.466],[16.561,68.468],[16.559,68.469],[16.558,68.471],[16.553,68.476],[16.553,68.485],[16.554,68.49],[16.564,68.499],[16.568,68.502],[16.577,68.503],[16.578,68.502],[16.608,68.5],[16.623,68.499],[16.629,68.499],[16.631,68.499],[16.636,68.5],[16.639,68.5],[16.647,68.501],[16.66,68.503],[16.668,68.504],[16.681,68.505],[16.689,68.507],[16.697,68.508],[16.714,68.511],[16.725,68.515],[16.734,68.519],[16.737,68.52],[16.739,68.521],[16.742,68.522],[16.745,68.522],[16.746,68.522],[16.747,68.522],[16.747,68.523],[16.748,68.523],[16.747,68.524],[16.745,68.525],[16.746,68.525],[16.745,68.526],[16.746,68.527],[16.748,68.527],[16.752,68.527],[16.753,68.527],[16.754,68.528],[16.753,68.529],[16.754,68.529],[16.756,68.529],[16.757,68.529],[16.757,68.53],[16.757,68.531],[16.759,68.531],[16.76,68.532],[16.76,68.533],[16.762,68.533],[16.763,68.533],[16.764,68.534],[16.765,68.533],[16.766,68.534],[16.767,68.534],[16.766,68.535],[16.766,68.536],[16.768,68.536],[16.769,68.536],[16.769,68.535],[16.771,68.535],[16.772,68.535],[16.774,68.535],[16.774,68.536],[16.775,68.537],[16.778,68.537],[16.781,68.537],[16.782,68.537],[16.785,68.538],[16.789,68.538],[16.79,68.54],[16.79,68.541],[16.793,68.543],[16.795,68.543],[16.795,68.544],[16.796,68.544],[16.796,68.545],[16.797,68.545],[16.803,68.545],[16.821,68.553],[16.867,68.573],[16.882,68.572],[16.9,68.571],[16.919,68.57],[16.936,68.57],[16.942,68.569],[16.975,68.568],[17.003,68.567],[17.027,68.566],[17.039,68.565],[17.081,68.564],[17.105,68.563],[17.121,68.562],[17.133,68.561],[17.138,68.561],[17.163,68.56],[17.186,68.559],[17.196,68.557],[17.205,68.557],[17.206,68.558],[17.208,68.558],[17.215,68.558],[17.236,68.559],[17.274,68.56],[17.337,68.562],[17.338,68.562],[17.361,68.566],[17.397,68.572],[17.462,68.583],[17.548,68.597],[17.576,68.597],[17.593,68.597],[17.616,68.597],[17.651,68.597],[17.746,68.597],[17.758,68.598],[17.798,68.6],[17.802,68.6],[17.82,68.601],[17.83,68.601],[17.837,68.602],[17.841,68.602],[17.845,68.602],[17.877,68.603],[17.887,68.604],[17.888,68.604],[17.898,68.604],[17.903,68.605],[17.933,68.606],[17.944,68.606],[17.949,68.607],[17.955,68.607],[17.956,68.607],[17.959,68.607],[17.964,68.607],[17.966,68.607],[17.971,68.607],[17.983,68.607],[17.984,68.607],[17.989,68.607],[17.991,68.607],[17.994,68.607],[18.009,68.607],[18.015,68.607],[18.023,68.608],[18.032,68.602],[18.039,68.597],[18.042,68.595],[18.045,68.593],[18.051,68.588],[18.055,68.586],[18.058,68.584],[18.063,68.581],[18.067,68.578],[18.07,68.575],[18.075,68.572],[18.079,68.569],[18.082,68.567],[18.089,68.562],[18.094,68.559],[18.097,68.557],[18.1,68.555],[18.114,68.545],[18.116,68.543],[18.121,68.539],[18.126,68.537],[18.226,68.553],[18.3,68.565],[18.332,68.57],[18.406,68.582],[18.439,68.571],[18.486,68.556],[18.553,68.533],[18.621,68.507],[18.685,68.509],[18.74,68.51],[18.83,68.513],[18.902,68.515],[18.984,68.517],[19.032,68.509],[19.091,68.499],[19.14,68.491],[19.232,68.475],[19.269,68.469],[19.352,68.455],[19.449,68.438],[19.501,68.429],[19.554,68.42],[19.653,68.403],[19.708,68.394],[19.781,68.381],[19.825,68.373],[19.921,68.356],[19.955,68.375],[19.978,68.388],[20.011,68.402],[20.07,68.427],[20.111,68.444],[20.154,68.462],[20.227,68.491],[20.141,68.508],[20.067,68.523],[20.026,68.531],[20.002,68.538],[19.938,68.558],[19.992,68.574],[20.052,68.591],[20.084,68.607],[20.161,68.645],[20.203,68.666],[20.216,68.68],[20.247,68.712],[20.274,68.74],[20.301,68.768],[20.316,68.783],[20.336,68.802],[20.329,68.827],[20.322,68.856],[20.314,68.893],[20.309,68.913],[20.307,68.926],[20.263,68.945],[20.238,68.956],[20.188,68.981],[20.131,69.011],[20.108,69.022],[20.06,69.046],[20.143,69.048],[20.194,69.05],[20.303,69.053],[20.44,69.057],[20.469,69.058],[20.549,69.06],[20.552,69.06],[20.594,69.075],[20.642,69.092],[20.667,69.102],[20.717,69.12],[20.743,69.113],[20.75,69.112],[20.789,69.102],[20.835,69.091],[20.881,69.079],[20.888,69.077],[20.946,69.063],[20.989,69.053],[21.058,69.036],[21.08,69.066],[21.084,69.072],[21.109,69.104],[21.056,69.122],[21.047,69.14],[21.032,69.153],[21.009,69.173],[20.988,69.192],[20.996,69.208],[21.003,69.222],[21.032,69.234],[21.096,69.261],[21.208,69.292],[21.265,69.308],[21.279,69.312],[21.366,69.303],[21.442,69.295],[21.511,69.288],[21.586,69.281],[21.627,69.277],[21.659,69.256],[21.682,69.241],[21.723,69.214],[21.757,69.196],[21.788,69.177],[21.807,69.167],[21.846,69.144],[21.893,69.12],[21.938,69.097],[21.977,69.077],[21.984,69.073],[21.999,69.073],[22.11,69.076],[22.217,69.079],[22.319,69.08],[22.322,69.081],[22.351,69.09],[22.353,69.09],[22.408,69.101],[22.413,69.102],[22.418,69.103],[22.479,69.11],[22.501,69.126],[22.495,69.143],[22.528,69.161],[22.529,69.162],[22.529,69.166],[22.516,69.178],[22.533,69.203],[22.524,69.225],[22.526,69.233],[22.526,69.234],[22.53,69.238],[22.522,69.247],[22.521,69.248],[22.509,69.261],[22.508,69.262],[22.506,69.263],[22.499,69.265],[22.495,69.266],[22.493,69.266],[22.489,69.267],[22.483,69.267],[22.47,69.276],[22.468,69.277],[22.465,69.279],[22.464,69.281],[22.454,69.288],[22.449,69.292],[22.434,69.307],[22.399,69.328],[22.391,69.337],[22.389,69.338],[22.387,69.341],[22.366,69.363],[22.328,69.368],[22.325,69.396],[22.287,69.429],[22.302,69.453],[22.279,69.467],[22.274,69.47],[22.273,69.47],[22.274,69.472],[22.277,69.479],[22.279,69.481],[22.279,69.482]]]}},{"type":"Feature","properties":{"id":615,"name":"Finnmark","bbox":[20.48,68.555,31.762,71.385]},"geometry":{"type":"MultiPolygon","coordinates":[[[[31.198,70.013],[31.279,70.041],[31.445,70.1],[31.505,70.121],[31.586,70.144],[31.636,70.237],[31.725,70.318],[31.733,70.327],[31.741,70.335],[31.747,70.344],[31.752,70.353],[31.756,70.361],[31.759,70.37],[31.761,70.379],[31.762,70.388],[31.761,70.397],[31.76,70.402],[31.758,70.411],[31.754,70.42],[31.749,70.429],[31.743,70.438],[31.736,70.446],[31.728,70.455],[31.718,70.463],[31.707,70.471],[31.696,70.48],[31.688,70.485],[31.675,70.493],[31.66,70.5],[31.645,70.508],[31.629,70.515],[31.621,70.519],[31.604,70.526],[31.587,70.533],[31.568,70.539],[31.549,70.545],[31.223,70.644],[30.609,70.827],[30.588,70.832],[30.47,70.863],[30.45,70.868],[30.428,70.873],[30.405,70.878],[30.381,70.883],[30.052,70.94],[29.566,71.024],[29.161,71.121],[28.556,71.262],[28.54,71.266],[28.516,71.271],[28.492,71.275],[28.467,71.279],[28.442,71.283],[28.416,71.286],[28.39,71.289],[28.363,71.292],[28.336,71.294],[28.318,71.296],[28.3,71.297],[27.976,71.317],[27.774,71.33],[27.746,71.331],[27.718,71.332],[27.061,71.352],[26.26,71.375],[25.711,71.385],[25.683,71.385],[25.655,71.385],[25.627,71.384],[25.599,71.383],[25.571,71.382],[25.543,71.38],[24.92,71.336],[24.629,71.314],[24.016,71.301],[23.989,71.3],[23.961,71.299],[23.876,71.294],[23.856,71.293],[23.828,71.291],[23.801,71.289],[23.775,71.286],[23.749,71.283],[23.723,71.279],[23.698,71.275],[23.69,71.274],[23.669,71.27],[23.645,71.266],[23.528,71.245],[23.247,71.186],[22.5,71.032],[22.476,71.027],[22.465,71.025],[22.298,70.988],[21.716,70.855],[21.701,70.853],[21.176,70.79],[20.48,70.704],[20.623,70.58],[20.676,70.533],[20.694,70.518],[20.998,70.246],[21.007,70.238],[21.175,70.223],[21.196,70.221],[21.2,70.221],[21.209,70.222],[21.216,70.222],[21.229,70.221],[21.233,70.221],[21.257,70.219],[21.278,70.215],[21.294,70.212],[21.305,70.208],[21.311,70.207],[21.321,70.204],[21.322,70.204],[21.322,70.203],[21.323,70.202],[21.324,70.202],[21.329,70.203],[21.33,70.203],[21.333,70.202],[21.337,70.202],[21.338,70.202],[21.34,70.202],[21.342,70.202],[21.343,70.202],[21.345,70.202],[21.349,70.202],[21.35,70.202],[21.351,70.201],[21.352,70.201],[21.356,70.199],[21.357,70.199],[21.36,70.198],[21.361,70.198],[21.367,70.197],[21.369,70.197],[21.39,70.195],[21.39,70.194],[21.394,70.194],[21.396,70.194],[21.397,70.194],[21.4,70.194],[21.402,70.193],[21.42,70.193],[21.42,70.192],[21.421,70.19],[21.42,70.19],[21.417,70.189],[21.416,70.188],[21.416,70.187],[21.416,70.185],[21.417,70.185],[21.421,70.184],[21.425,70.183],[21.429,70.182],[21.433,70.182],[21.436,70.182],[21.438,70.182],[21.44,70.182],[21.441,70.183],[21.443,70.184],[21.447,70.185],[21.449,70.186],[21.451,70.186],[21.457,70.188],[21.459,70.189],[21.462,70.19],[21.463,70.19],[21.466,70.19],[21.469,70.189],[21.471,70.19],[21.474,70.19],[21.475,70.191],[21.477,70.192],[21.479,70.192],[21.481,70.192],[21.484,70.191],[21.486,70.19],[21.487,70.189],[21.489,70.188],[21.49,70.187],[21.491,70.186],[21.491,70.185],[21.492,70.185],[21.496,70.184],[21.498,70.183],[21.506,70.182],[21.508,70.182],[21.51,70.183],[21.515,70.182],[21.518,70.182],[21.522,70.183],[21.527,70.183],[21.531,70.185],[21.533,70.186],[21.535,70.187],[21.536,70.189],[21.537,70.19],[21.54,70.193],[21.543,70.193],[21.547,70.193],[21.551,70.193],[21.558,70.194],[21.565,70.195],[21.569,70.195],[21.571,70.195],[21.573,70.195],[21.585,70.194],[21.591,70.193],[21.615,70.191],[21.618,70.191],[21.629,70.189],[21.628,70.188],[21.629,70.187],[21.626,70.186],[21.624,70.184],[21.621,70.183],[21.618,70.181],[21.617,70.181],[21.615,70.181],[21.613,70.18],[21.612,70.18],[21.61,70.18],[21.61,70.179],[21.609,70.179],[21.609,70.178],[21.616,70.175],[21.619,70.174],[21.621,70.174],[21.621,70.173],[21.62,70.172],[21.621,70.171],[21.623,70.169],[21.623,70.168],[21.625,70.168],[21.627,70.167],[21.627,70.166],[21.628,70.166],[21.634,70.167],[21.637,70.167],[21.638,70.166],[21.641,70.165],[21.644,70.164],[21.647,70.164],[21.653,70.163],[21.659,70.16],[21.659,70.158],[21.659,70.157],[21.661,70.156],[21.661,70.155],[21.662,70.154],[21.663,70.153],[21.665,70.152],[21.67,70.152],[21.675,70.152],[21.677,70.152],[21.683,70.151],[21.686,70.152],[21.684,70.151],[21.682,70.15],[21.681,70.149],[21.68,70.149],[21.68,70.148],[21.685,70.147],[21.686,70.146],[21.689,70.145],[21.692,70.144],[21.693,70.144],[21.696,70.143],[21.701,70.142],[21.705,70.142],[21.708,70.141],[21.709,70.141],[21.721,70.141],[21.718,70.139],[21.715,70.136],[21.713,70.133],[21.712,70.132],[21.712,70.129],[21.713,70.128],[21.716,70.126],[21.721,70.123],[21.725,70.122],[21.73,70.122],[21.732,70.122],[21.736,70.122],[21.738,70.122],[21.74,70.121],[21.744,70.122],[21.746,70.121],[21.752,70.121],[21.754,70.12],[21.758,70.121],[21.761,70.12],[21.767,70.12],[21.772,70.119],[21.774,70.119],[21.776,70.119],[21.779,70.119],[21.782,70.119],[21.784,70.118],[21.787,70.118],[21.789,70.118],[21.791,70.117],[21.795,70.116],[21.797,70.116],[21.798,70.115],[21.799,70.115],[21.801,70.114],[21.803,70.113],[21.807,70.112],[21.813,70.11],[21.814,70.109],[21.814,70.108],[21.815,70.106],[21.816,70.105],[21.817,70.105],[21.82,70.105],[21.822,70.105],[21.823,70.104],[21.824,70.103],[21.827,70.102],[21.829,70.101],[21.866,70.109],[21.875,70.111],[21.876,70.111],[21.875,70.114],[21.872,70.124],[21.871,70.126],[21.871,70.128],[21.87,70.129],[21.87,70.13],[21.871,70.13],[21.875,70.132],[21.913,70.142],[21.913,70.158],[21.965,70.149],[21.966,70.151],[21.97,70.152],[21.972,70.152],[21.978,70.153],[21.982,70.153],[21.986,70.154],[21.989,70.155],[21.992,70.156],[21.997,70.16],[21.999,70.161],[22.001,70.162],[22.004,70.162],[22.006,70.163],[22.008,70.163],[22.01,70.163],[22.016,70.164],[22.044,70.165],[22.048,70.166],[22.051,70.166],[22.055,70.167],[22.061,70.168],[22.067,70.169],[22.071,70.17],[22.075,70.171],[22.078,70.171],[22.082,70.172],[22.086,70.172],[22.09,70.172],[22.095,70.171],[22.099,70.171],[22.101,70.171],[22.119,70.17],[22.129,70.139],[22.124,70.132],[22.119,70.131],[22.116,70.13],[22.114,70.13],[22.109,70.128],[22.107,70.127],[22.106,70.127],[22.106,70.126],[22.106,70.125],[22.108,70.124],[22.111,70.122],[22.114,70.121],[22.115,70.121],[22.118,70.12],[22.119,70.119],[22.142,70.095],[22.17,70.064],[22.181,70.065],[22.184,70.065],[22.187,70.065],[22.192,70.065],[22.194,70.065],[22.199,70.065],[22.202,70.065],[22.203,70.065],[22.205,70.065],[22.206,70.064],[22.205,70.064],[22.205,70.063],[22.206,70.062],[22.208,70.061],[22.209,70.06],[22.211,70.059],[22.213,70.059],[22.214,70.053],[22.216,70.042],[22.217,70.039],[22.21,70.037],[22.212,70.036],[22.214,70.036],[22.214,70.035],[22.215,70.035],[22.213,70.033],[22.21,70.033],[22.209,70.033],[22.209,70.032],[22.208,70.032],[22.207,70.031],[22.206,70.031],[22.203,70.03],[22.202,70.03],[22.201,70.03],[22.198,70.03],[22.196,70.03],[22.195,70.029],[22.193,70.028],[22.192,70.028],[22.19,70.027],[22.189,70.027],[22.187,70.026],[22.186,70.025],[22.187,70.024],[22.187,70.023],[22.188,70.022],[22.188,70.021],[22.187,70.02],[22.187,70.019],[22.188,70.018],[22.189,70.017],[22.189,70.016],[22.19,70.016],[22.189,70.015],[22.189,70.014],[22.187,70.013],[22.186,70.012],[22.186,70.011],[22.187,70.01],[22.188,70.01],[22.19,70.009],[22.192,70.008],[22.195,70.008],[22.195,70.007],[22.198,70.007],[22.199,70.007],[22.201,70.007],[22.203,70.005],[22.204,70.005],[22.204,70.004],[22.204,70.003],[22.225,69.991],[22.233,69.982],[22.248,69.976],[22.243,69.961],[22.271,69.951],[22.282,69.946],[22.324,69.938],[22.34,69.936],[22.403,69.924],[22.439,69.927],[22.479,69.922],[22.497,69.919],[22.527,69.901],[22.449,69.873],[22.478,69.863],[22.503,69.863],[22.532,69.861],[22.547,69.846],[22.534,69.844],[22.512,69.831],[22.488,69.819],[22.451,69.791],[22.502,69.779],[22.536,69.77],[22.555,69.748],[22.538,69.722],[22.57,69.697],[22.572,69.696],[22.576,69.695],[22.6,69.688],[22.755,69.645],[22.803,69.658],[22.835,69.667],[22.87,69.657],[22.894,69.647],[22.847,69.621],[22.818,69.615],[22.783,69.608],[22.777,69.607],[22.772,69.585],[22.771,69.58],[22.746,69.562],[22.744,69.56],[22.743,69.55],[22.703,69.542],[22.716,69.52],[22.722,69.508],[22.715,69.509],[22.675,69.516],[22.636,69.519],[22.634,69.519],[22.632,69.519],[22.511,69.513],[22.445,69.5],[22.381,69.487],[22.279,69.482],[22.279,69.481],[22.277,69.479],[22.274,69.472],[22.273,69.47],[22.274,69.47],[22.279,69.467],[22.302,69.453],[22.287,69.429],[22.325,69.396],[22.328,69.368],[22.366,69.363],[22.387,69.341],[22.389,69.338],[22.391,69.337],[22.399,69.328],[22.434,69.307],[22.449,69.292],[22.454,69.288],[22.464,69.281],[22.465,69.279],[22.468,69.277],[22.47,69.276],[22.483,69.267],[22.489,69.267],[22.493,69.266],[22.495,69.266],[22.499,69.265],[22.506,69.263],[22.508,69.262],[22.509,69.261],[22.521,69.248],[22.522,69.247],[22.53,69.238],[22.526,69.234],[22.526,69.233],[22.524,69.225],[22.533,69.203],[22.516,69.178],[22.529,69.166],[22.529,69.162],[22.528,69.161],[22.495,69.143],[22.501,69.126],[22.479,69.11],[22.418,69.103],[22.413,69.102],[22.408,69.101],[22.353,69.09],[22.351,69.09],[22.322,69.081],[22.319,69.08],[22.217,69.079],[22.11,69.076],[21.999,69.073],[21.984,69.073],[22.007,69.059],[22.053,69.031],[22.091,69.008],[22.162,68.965],[22.176,68.956],[22.187,68.929],[22.19,68.922],[22.192,68.919],[22.259,68.878],[22.284,68.862],[22.341,68.827],[22.348,68.805],[22.354,68.787],[22.364,68.752],[22.375,68.717],[22.434,68.727],[22.513,68.741],[22.535,68.745],[22.606,68.726],[22.635,68.72],[22.658,68.716],[22.7,68.708],[22.745,68.699],[22.801,68.688],[22.875,68.688],[22.955,68.689],[23.011,68.689],[23.046,68.689],[23.067,68.679],[23.102,68.661],[23.126,68.649],[23.168,68.629],[23.235,68.645],[23.313,68.663],[23.321,68.665],[23.34,68.67],[23.364,68.675],[23.39,68.681],[23.441,68.692],[23.488,68.695],[23.546,68.698],[23.59,68.701],[23.674,68.706],[23.731,68.751],[23.743,68.77],[23.754,68.786],[23.775,68.819],[23.814,68.826],[23.871,68.837],[23.949,68.83],[23.983,68.827],[24.015,68.811],[24.043,68.797],[24.076,68.78],[24.159,68.79],[24.153,68.754],[24.208,68.745],[24.222,68.739],[24.251,68.727],[24.278,68.722],[24.302,68.717],[24.327,68.715],[24.383,68.709],[24.432,68.703],[24.468,68.7],[24.493,68.696],[24.523,68.693],[24.576,68.686],[24.608,68.682],[24.658,68.669],[24.716,68.654],[24.783,68.636],[24.801,68.619],[24.813,68.607],[24.829,68.591],[24.857,68.562],[24.903,68.555],[24.907,68.582],[24.917,68.605],[24.919,68.605],[24.921,68.606],[24.923,68.606],[24.923,68.607],[24.923,68.608],[24.925,68.608],[24.927,68.607],[24.929,68.608],[24.929,68.609],[24.931,68.61],[24.932,68.61],[24.933,68.61],[24.933,68.611],[24.934,68.611],[24.936,68.612],[24.937,68.612],[24.939,68.612],[24.943,68.612],[24.945,68.612],[24.946,68.612],[24.947,68.612],[24.947,68.614],[24.949,68.614],[24.949,68.615],[24.95,68.615],[24.952,68.615],[24.953,68.615],[24.956,68.615],[24.957,68.616],[24.959,68.618],[24.96,68.617],[24.962,68.618],[24.962,68.617],[24.963,68.617],[24.964,68.616],[24.966,68.616],[24.968,68.616],[24.969,68.616],[24.97,68.616],[24.971,68.616],[24.973,68.617],[24.975,68.616],[24.976,68.617],[24.976,68.618],[24.978,68.618],[24.98,68.618],[24.98,68.617],[24.981,68.616],[24.981,68.617],[24.982,68.616],[24.983,68.616],[24.984,68.615],[24.983,68.614],[24.984,68.614],[24.985,68.614],[24.986,68.613],[24.988,68.612],[24.989,68.613],[24.991,68.613],[24.992,68.613],[24.993,68.612],[24.994,68.613],[24.996,68.612],[24.997,68.613],[24.998,68.613],[25,68.613],[25.001,68.614],[25.003,68.614],[25.004,68.614],[25.005,68.614],[25.006,68.614],[25.007,68.615],[25.008,68.614],[25.009,68.614],[25.011,68.615],[25.012,68.615],[25.013,68.615],[25.014,68.615],[25.015,68.616],[25.016,68.617],[25.015,68.617],[25.014,68.618],[25.015,68.618],[25.014,68.619],[25.015,68.619],[25.015,68.62],[25.016,68.62],[25.015,68.621],[25.016,68.622],[25.018,68.623],[25.02,68.623],[25.021,68.623],[25.024,68.624],[25.026,68.623],[25.028,68.623],[25.027,68.624],[25.03,68.624],[25.031,68.624],[25.031,68.623],[25.033,68.623],[25.033,68.624],[25.035,68.624],[25.036,68.625],[25.037,68.625],[25.038,68.625],[25.041,68.625],[25.042,68.625],[25.043,68.625],[25.044,68.626],[25.045,68.626],[25.046,68.626],[25.046,68.627],[25.048,68.627],[25.049,68.627],[25.05,68.626],[25.051,68.626],[25.051,68.625],[25.053,68.624],[25.055,68.624],[25.057,68.622],[25.059,68.622],[25.061,68.622],[25.062,68.621],[25.065,68.621],[25.066,68.621],[25.066,68.62],[25.068,68.62],[25.069,68.62],[25.07,68.621],[25.069,68.622],[25.07,68.622],[25.071,68.622],[25.074,68.623],[25.075,68.622],[25.076,68.622],[25.078,68.622],[25.078,68.623],[25.081,68.623],[25.081,68.624],[25.079,68.624],[25.08,68.625],[25.078,68.627],[25.079,68.627],[25.081,68.627],[25.082,68.627],[25.083,68.627],[25.084,68.627],[25.086,68.628],[25.087,68.629],[25.086,68.63],[25.087,68.63],[25.087,68.631],[25.088,68.632],[25.089,68.632],[25.089,68.633],[25.089,68.634],[25.09,68.634],[25.09,68.635],[25.091,68.636],[25.097,68.636],[25.098,68.636],[25.101,68.637],[25.102,68.637],[25.104,68.638],[25.106,68.638],[25.108,68.637],[25.113,68.638],[25.114,68.638],[25.114,68.639],[25.115,68.639],[25.116,68.64],[25.116,68.641],[25.117,68.641],[25.118,68.642],[25.119,68.643],[25.118,68.644],[25.116,68.645],[25.117,68.646],[25.118,68.646],[25.118,68.647],[25.118,68.648],[25.118,68.649],[25.118,68.651],[25.117,68.651],[25.117,68.652],[25.114,68.652],[25.114,68.653],[25.114,68.655],[25.115,68.656],[25.115,68.658],[25.114,68.658],[25.115,68.659],[25.116,68.66],[25.115,68.66],[25.113,68.661],[25.114,68.662],[25.114,68.663],[25.114,68.664],[25.114,68.665],[25.115,68.666],[25.114,68.666],[25.113,68.667],[25.114,68.668],[25.113,68.669],[25.112,68.67],[25.112,68.671],[25.111,68.671],[25.111,68.672],[25.11,68.673],[25.11,68.674],[25.111,68.675],[25.111,68.676],[25.111,68.677],[25.11,68.677],[25.108,68.678],[25.108,68.679],[25.107,68.68],[25.107,68.681],[25.108,68.682],[25.109,68.683],[25.11,68.685],[25.112,68.687],[25.112,68.689],[25.113,68.689],[25.113,68.69],[25.114,68.693],[25.114,68.694],[25.113,68.696],[25.113,68.698],[25.113,68.699],[25.111,68.699],[25.111,68.7],[25.112,68.701],[25.112,68.703],[25.113,68.703],[25.114,68.704],[25.114,68.705],[25.115,68.705],[25.116,68.706],[25.115,68.706],[25.115,68.707],[25.116,68.708],[25.118,68.708],[25.119,68.708],[25.119,68.709],[25.12,68.71],[25.121,68.71],[25.121,68.711],[25.122,68.713],[25.123,68.713],[25.125,68.714],[25.129,68.714],[25.13,68.714],[25.131,68.715],[25.13,68.716],[25.131,68.716],[25.131,68.718],[25.13,68.719],[25.126,68.72],[25.125,68.72],[25.124,68.721],[25.123,68.721],[25.124,68.722],[25.122,68.724],[25.123,68.725],[25.123,68.727],[25.123,68.728],[25.123,68.729],[25.123,68.73],[25.123,68.731],[25.123,68.732],[25.124,68.733],[25.124,68.734],[25.124,68.735],[25.127,68.736],[25.127,68.737],[25.126,68.738],[25.126,68.739],[25.126,68.74],[25.126,68.741],[25.126,68.742],[25.126,68.743],[25.124,68.743],[25.122,68.744],[25.121,68.745],[25.121,68.746],[25.122,68.746],[25.123,68.747],[25.123,68.748],[25.124,68.748],[25.124,68.749],[25.123,68.75],[25.124,68.751],[25.123,68.752],[25.123,68.753],[25.124,68.753],[25.125,68.754],[25.126,68.754],[25.126,68.755],[25.126,68.756],[25.126,68.757],[25.126,68.758],[25.127,68.758],[25.128,68.759],[25.131,68.76],[25.132,68.76],[25.133,68.761],[25.135,68.762],[25.135,68.763],[25.135,68.764],[25.135,68.765],[25.136,68.766],[25.135,68.767],[25.133,68.767],[25.133,68.768],[25.134,68.768],[25.134,68.769],[25.134,68.77],[25.135,68.771],[25.136,68.772],[25.137,68.773],[25.138,68.773],[25.138,68.774],[25.139,68.775],[25.14,68.775],[25.14,68.776],[25.139,68.776],[25.139,68.778],[25.141,68.779],[25.141,68.78],[25.142,68.78],[25.142,68.782],[25.142,68.783],[25.141,68.783],[25.14,68.783],[25.14,68.784],[25.141,68.784],[25.141,68.785],[25.142,68.786],[25.142,68.787],[25.145,68.788],[25.146,68.789],[25.148,68.79],[25.149,68.791],[25.15,68.793],[25.149,68.793],[25.15,68.794],[25.15,68.795],[25.152,68.795],[25.152,68.796],[25.154,68.797],[25.155,68.797],[25.156,68.798],[25.157,68.799],[25.157,68.8],[25.158,68.8],[25.16,68.801],[25.162,68.801],[25.163,68.801],[25.165,68.801],[25.168,68.802],[25.168,68.803],[25.172,68.804],[25.173,68.804],[25.175,68.806],[25.176,68.807],[25.179,68.807],[25.182,68.808],[25.185,68.808],[25.187,68.809],[25.188,68.809],[25.19,68.809],[25.193,68.809],[25.194,68.81],[25.195,68.81],[25.197,68.81],[25.197,68.811],[25.198,68.811],[25.199,68.812],[25.2,68.812],[25.201,68.813],[25.202,68.813],[25.204,68.814],[25.206,68.815],[25.207,68.816],[25.207,68.817],[25.207,68.818],[25.207,68.819],[25.208,68.819],[25.209,68.819],[25.21,68.819],[25.213,68.82],[25.215,68.82],[25.216,68.821],[25.218,68.821],[25.22,68.821],[25.222,68.823],[25.223,68.824],[25.226,68.824],[25.227,68.824],[25.228,68.824],[25.227,68.825],[25.229,68.825],[25.23,68.826],[25.232,68.827],[25.232,68.829],[25.233,68.83],[25.234,68.831],[25.234,68.832],[25.235,68.832],[25.236,68.833],[25.237,68.835],[25.238,68.836],[25.239,68.836],[25.239,68.837],[25.24,68.838],[25.239,68.839],[25.24,68.839],[25.241,68.84],[25.243,68.841],[25.246,68.843],[25.248,68.843],[25.249,68.844],[25.251,68.844],[25.253,68.844],[25.254,68.845],[25.257,68.846],[25.258,68.847],[25.261,68.848],[25.262,68.848],[25.264,68.849],[25.266,68.85],[25.267,68.851],[25.268,68.851],[25.27,68.852],[25.273,68.852],[25.277,68.853],[25.28,68.854],[25.282,68.854],[25.285,68.854],[25.285,68.855],[25.287,68.855],[25.29,68.856],[25.289,68.857],[25.288,68.858],[25.289,68.858],[25.29,68.859],[25.291,68.859],[25.294,68.86],[25.296,68.861],[25.299,68.861],[25.305,68.863],[25.308,68.863],[25.309,68.863],[25.311,68.863],[25.312,68.863],[25.313,68.863],[25.317,68.864],[25.319,68.865],[25.322,68.865],[25.323,68.866],[25.326,68.866],[25.327,68.867],[25.328,68.867],[25.329,68.867],[25.33,68.868],[25.332,68.868],[25.334,68.869],[25.338,68.87],[25.34,68.87],[25.341,68.87],[25.343,68.87],[25.344,68.871],[25.345,68.871],[25.349,68.872],[25.352,68.873],[25.354,68.873],[25.354,68.874],[25.356,68.874],[25.357,68.874],[25.359,68.875],[25.36,68.875],[25.362,68.876],[25.364,68.876],[25.369,68.877],[25.372,68.878],[25.373,68.879],[25.374,68.88],[25.375,68.88],[25.375,68.881],[25.377,68.881],[25.38,68.882],[25.382,68.882],[25.385,68.883],[25.389,68.884],[25.397,68.885],[25.398,68.886],[25.401,68.887],[25.4,68.888],[25.399,68.888],[25.398,68.889],[25.398,68.89],[25.397,68.89],[25.399,68.891],[25.402,68.891],[25.404,68.892],[25.406,68.892],[25.408,68.892],[25.411,68.893],[25.412,68.893],[25.415,68.892],[25.417,68.892],[25.42,68.891],[25.421,68.892],[25.422,68.892],[25.422,68.893],[25.423,68.893],[25.425,68.894],[25.428,68.894],[25.43,68.894],[25.433,68.894],[25.435,68.895],[25.439,68.895],[25.44,68.896],[25.443,68.896],[25.446,68.897],[25.449,68.898],[25.452,68.898],[25.455,68.898],[25.456,68.899],[25.457,68.9],[25.459,68.9],[25.461,68.901],[25.463,68.901],[25.466,68.902],[25.469,68.902],[25.472,68.903],[25.474,68.904],[25.475,68.905],[25.476,68.905],[25.479,68.905],[25.48,68.905],[25.482,68.905],[25.484,68.905],[25.487,68.904],[25.489,68.905],[25.492,68.904],[25.494,68.903],[25.495,68.902],[25.494,68.901],[25.493,68.9],[25.496,68.899],[25.5,68.898],[25.503,68.897],[25.505,68.897],[25.509,68.897],[25.511,68.896],[25.511,68.895],[25.512,68.895],[25.512,68.894],[25.516,68.892],[25.517,68.892],[25.519,68.892],[25.52,68.891],[25.522,68.891],[25.525,68.89],[25.526,68.89],[25.529,68.889],[25.531,68.888],[25.533,68.888],[25.535,68.887],[25.537,68.887],[25.54,68.887],[25.544,68.886],[25.546,68.886],[25.548,68.887],[25.552,68.887],[25.554,68.887],[25.557,68.887],[25.559,68.887],[25.562,68.886],[25.564,68.886],[25.568,68.886],[25.57,68.886],[25.571,68.886],[25.574,68.885],[25.577,68.885],[25.581,68.884],[25.583,68.884],[25.586,68.883],[25.589,68.883],[25.591,68.884],[25.593,68.884],[25.595,68.884],[25.597,68.884],[25.599,68.885],[25.601,68.885],[25.603,68.886],[25.604,68.887],[25.605,68.888],[25.606,68.888],[25.608,68.889],[25.61,68.889],[25.612,68.89],[25.613,68.89],[25.615,68.891],[25.62,68.891],[25.622,68.891],[25.624,68.892],[25.627,68.893],[25.628,68.893],[25.628,68.894],[25.628,68.895],[25.627,68.897],[25.628,68.897],[25.63,68.898],[25.634,68.901],[25.635,68.901],[25.635,68.902],[25.636,68.903],[25.637,68.903],[25.64,68.903],[25.642,68.904],[25.643,68.904],[25.646,68.904],[25.647,68.905],[25.649,68.905],[25.651,68.906],[25.653,68.906],[25.654,68.906],[25.654,68.907],[25.653,68.907],[25.654,68.908],[25.655,68.909],[25.656,68.911],[25.656,68.912],[25.656,68.913],[25.657,68.914],[25.656,68.914],[25.657,68.916],[25.657,68.917],[25.658,68.918],[25.659,68.918],[25.661,68.919],[25.661,68.92],[25.662,68.921],[25.662,68.922],[25.664,68.923],[25.665,68.925],[25.667,68.925],[25.668,68.926],[25.669,68.927],[25.67,68.928],[25.673,68.93],[25.672,68.931],[25.673,68.932],[25.674,68.932],[25.677,68.935],[25.679,68.936],[25.68,68.936],[25.682,68.939],[25.683,68.939],[25.685,68.941],[25.686,68.941],[25.689,68.943],[25.69,68.944],[25.691,68.945],[25.691,68.946],[25.692,68.947],[25.693,68.947],[25.693,68.948],[25.69,68.948],[25.691,68.95],[25.692,68.951],[25.694,68.953],[25.695,68.953],[25.697,68.953],[25.699,68.953],[25.7,68.954],[25.7,68.955],[25.703,68.958],[25.704,68.959],[25.706,68.96],[25.707,68.961],[25.708,68.961],[25.709,68.962],[25.709,68.963],[25.71,68.964],[25.71,68.965],[25.712,68.966],[25.713,68.967],[25.714,68.967],[25.713,68.968],[25.712,68.969],[25.713,68.971],[25.714,68.972],[25.712,68.974],[25.712,68.975],[25.714,68.976],[25.713,68.976],[25.712,68.977],[25.712,68.978],[25.712,68.979],[25.712,68.981],[25.713,68.981],[25.715,68.982],[25.716,68.983],[25.717,68.983],[25.719,68.984],[25.72,68.985],[25.72,68.986],[25.722,68.987],[25.722,68.988],[25.723,68.989],[25.724,68.99],[25.725,68.991],[25.729,68.993],[25.73,68.994],[25.731,68.994],[25.734,68.995],[25.735,68.995],[25.737,68.995],[25.738,68.996],[25.741,68.997],[25.74,68.998],[25.743,68.999],[25.744,68.999],[25.746,69],[25.749,69.001],[25.751,69.002],[25.753,69.003],[25.756,69.004],[25.76,69.004],[25.761,69.004],[25.762,69.004],[25.763,69.005],[25.765,69.006],[25.767,69.007],[25.767,69.008],[25.768,69.009],[25.77,69.01],[25.771,69.011],[25.773,69.013],[25.774,69.013],[25.775,69.015],[25.775,69.016],[25.777,69.017],[25.777,69.018],[25.777,69.019],[25.777,69.02],[25.776,69.021],[25.776,69.022],[25.776,69.023],[25.775,69.024],[25.774,69.024],[25.772,69.027],[25.771,69.027],[25.771,69.029],[25.77,69.029],[25.769,69.029],[25.767,69.03],[25.764,69.03],[25.761,69.03],[25.759,69.03],[25.757,69.03],[25.754,69.031],[25.753,69.032],[25.751,69.032],[25.75,69.033],[25.75,69.034],[25.751,69.035],[25.75,69.037],[25.748,69.038],[25.747,69.038],[25.745,69.04],[25.745,69.041],[25.746,69.042],[25.746,69.043],[25.745,69.044],[25.749,69.045],[25.751,69.046],[25.751,69.047],[25.751,69.048],[25.75,69.048],[25.75,69.049],[25.749,69.051],[25.75,69.051],[25.751,69.052],[25.753,69.052],[25.754,69.053],[25.753,69.054],[25.751,69.054],[25.75,69.055],[25.752,69.056],[25.753,69.057],[25.752,69.058],[25.751,69.059],[25.748,69.06],[25.745,69.062],[25.745,69.063],[25.743,69.064],[25.74,69.065],[25.739,69.066],[25.738,69.067],[25.737,69.068],[25.733,69.071],[25.732,69.072],[25.729,69.074],[25.729,69.075],[25.728,69.076],[25.726,69.078],[25.724,69.08],[25.724,69.081],[25.725,69.081],[25.73,69.082],[25.732,69.082],[25.73,69.084],[25.729,69.085],[25.729,69.087],[25.728,69.088],[25.728,69.089],[25.728,69.09],[25.726,69.091],[25.726,69.092],[25.725,69.094],[25.725,69.095],[25.726,69.096],[25.727,69.097],[25.728,69.098],[25.728,69.1],[25.729,69.1],[25.73,69.101],[25.731,69.102],[25.731,69.103],[25.731,69.104],[25.731,69.105],[25.73,69.106],[25.728,69.107],[25.726,69.107],[25.725,69.107],[25.724,69.108],[25.723,69.108],[25.721,69.109],[25.72,69.109],[25.72,69.11],[25.721,69.112],[25.722,69.113],[25.722,69.114],[25.722,69.116],[25.723,69.116],[25.725,69.117],[25.728,69.119],[25.731,69.122],[25.732,69.123],[25.732,69.124],[25.732,69.126],[25.732,69.127],[25.732,69.128],[25.733,69.129],[25.734,69.129],[25.735,69.131],[25.736,69.132],[25.736,69.133],[25.739,69.134],[25.741,69.135],[25.742,69.136],[25.743,69.137],[25.743,69.138],[25.743,69.139],[25.742,69.14],[25.742,69.141],[25.741,69.142],[25.743,69.143],[25.743,69.144],[25.741,69.145],[25.74,69.146],[25.739,69.147],[25.738,69.148],[25.735,69.15],[25.732,69.15],[25.731,69.151],[25.73,69.151],[25.73,69.152],[25.731,69.154],[25.731,69.155],[25.731,69.156],[25.731,69.157],[25.731,69.158],[25.73,69.159],[25.727,69.16],[25.726,69.161],[25.725,69.161],[25.724,69.162],[25.726,69.164],[25.726,69.165],[25.725,69.166],[25.725,69.167],[25.724,69.167],[25.722,69.169],[25.72,69.17],[25.719,69.17],[25.719,69.171],[25.719,69.173],[25.718,69.174],[25.717,69.175],[25.716,69.176],[25.715,69.177],[25.715,69.178],[25.713,69.18],[25.712,69.181],[25.711,69.182],[25.711,69.183],[25.71,69.184],[25.709,69.185],[25.707,69.186],[25.708,69.187],[25.707,69.188],[25.705,69.188],[25.705,69.189],[25.704,69.189],[25.7,69.192],[25.698,69.193],[25.696,69.194],[25.694,69.195],[25.693,69.196],[25.693,69.197],[25.693,69.198],[25.695,69.199],[25.696,69.2],[25.696,69.201],[25.696,69.202],[25.694,69.203],[25.694,69.204],[25.695,69.205],[25.696,69.205],[25.699,69.205],[25.7,69.205],[25.703,69.205],[25.704,69.206],[25.704,69.207],[25.707,69.208],[25.708,69.209],[25.713,69.211],[25.713,69.212],[25.712,69.212],[25.71,69.214],[25.709,69.214],[25.708,69.216],[25.707,69.217],[25.707,69.218],[25.706,69.219],[25.706,69.22],[25.707,69.222],[25.708,69.222],[25.711,69.223],[25.712,69.223],[25.713,69.225],[25.714,69.225],[25.714,69.226],[25.713,69.227],[25.712,69.227],[25.709,69.228],[25.706,69.229],[25.703,69.23],[25.701,69.231],[25.701,69.232],[25.702,69.233],[25.704,69.234],[25.704,69.236],[25.703,69.238],[25.702,69.239],[25.702,69.24],[25.703,69.24],[25.705,69.241],[25.707,69.242],[25.707,69.243],[25.708,69.244],[25.706,69.246],[25.705,69.247],[25.703,69.248],[25.702,69.249],[25.701,69.25],[25.702,69.251],[25.703,69.253],[25.702,69.254],[25.703,69.255],[25.704,69.256],[25.705,69.256],[25.71,69.256],[25.711,69.257],[25.713,69.257],[25.714,69.257],[25.716,69.257],[25.717,69.257],[25.72,69.257],[25.721,69.257],[25.72,69.258],[25.721,69.259],[25.723,69.26],[25.725,69.261],[25.728,69.262],[25.729,69.262],[25.73,69.264],[25.731,69.264],[25.732,69.265],[25.733,69.266],[25.732,69.266],[25.731,69.267],[25.73,69.269],[25.729,69.27],[25.728,69.271],[25.729,69.271],[25.73,69.273],[25.731,69.274],[25.734,69.274],[25.739,69.275],[25.741,69.275],[25.742,69.276],[25.743,69.277],[25.743,69.278],[25.741,69.279],[25.739,69.281],[25.738,69.282],[25.739,69.283],[25.741,69.284],[25.745,69.285],[25.746,69.285],[25.748,69.286],[25.746,69.289],[25.746,69.29],[25.745,69.292],[25.745,69.293],[25.744,69.293],[25.74,69.294],[25.736,69.295],[25.735,69.296],[25.736,69.298],[25.737,69.299],[25.74,69.299],[25.742,69.299],[25.742,69.3],[25.747,69.301],[25.748,69.302],[25.748,69.304],[25.748,69.305],[25.747,69.305],[25.744,69.306],[25.742,69.307],[25.741,69.307],[25.74,69.308],[25.739,69.309],[25.738,69.31],[25.738,69.311],[25.739,69.311],[25.739,69.312],[25.739,69.314],[25.74,69.316],[25.74,69.317],[25.741,69.318],[25.742,69.319],[25.746,69.321],[25.749,69.322],[25.752,69.324],[25.755,69.324],[25.756,69.325],[25.756,69.326],[25.757,69.326],[25.759,69.327],[25.759,69.329],[25.758,69.33],[25.758,69.331],[25.76,69.332],[25.76,69.333],[25.762,69.333],[25.763,69.334],[25.762,69.335],[25.761,69.336],[25.76,69.337],[25.76,69.338],[25.759,69.34],[25.76,69.341],[25.761,69.341],[25.765,69.342],[25.769,69.343],[25.77,69.343],[25.772,69.343],[25.776,69.344],[25.777,69.344],[25.779,69.345],[25.78,69.346],[25.78,69.348],[25.779,69.348],[25.778,69.349],[25.779,69.349],[25.779,69.351],[25.78,69.352],[25.782,69.353],[25.783,69.354],[25.784,69.355],[25.785,69.356],[25.787,69.356],[25.788,69.356],[25.791,69.357],[25.793,69.357],[25.795,69.357],[25.797,69.357],[25.799,69.357],[25.804,69.357],[25.806,69.358],[25.808,69.358],[25.813,69.359],[25.816,69.359],[25.817,69.36],[25.819,69.361],[25.819,69.362],[25.818,69.363],[25.817,69.365],[25.816,69.366],[25.816,69.367],[25.817,69.368],[25.817,69.37],[25.818,69.372],[25.819,69.372],[25.819,69.373],[25.818,69.373],[25.816,69.373],[25.813,69.374],[25.812,69.375],[25.813,69.376],[25.815,69.377],[25.817,69.378],[25.819,69.379],[25.82,69.38],[25.821,69.38],[25.823,69.38],[25.825,69.381],[25.828,69.381],[25.83,69.383],[25.831,69.384],[25.831,69.385],[25.831,69.387],[25.83,69.388],[25.831,69.389],[25.833,69.39],[25.834,69.39],[25.835,69.391],[25.837,69.392],[25.838,69.392],[25.84,69.393],[25.843,69.393],[25.845,69.393],[25.846,69.393],[25.847,69.394],[25.845,69.396],[25.844,69.398],[25.842,69.399],[25.841,69.4],[25.839,69.401],[25.838,69.401],[25.837,69.402],[25.835,69.403],[25.834,69.404],[25.835,69.405],[25.834,69.405],[25.833,69.406],[25.832,69.407],[25.83,69.407],[25.827,69.407],[25.824,69.407],[25.82,69.406],[25.817,69.406],[25.814,69.405],[25.812,69.405],[25.812,69.407],[25.812,69.408],[25.811,69.409],[25.809,69.409],[25.809,69.41],[25.81,69.411],[25.811,69.411],[25.813,69.412],[25.816,69.412],[25.821,69.412],[25.822,69.412],[25.824,69.413],[25.823,69.414],[25.822,69.416],[25.82,69.417],[25.818,69.418],[25.814,69.418],[25.809,69.419],[25.806,69.419],[25.803,69.419],[25.8,69.419],[25.798,69.419],[25.797,69.419],[25.795,69.42],[25.794,69.42],[25.793,69.421],[25.794,69.422],[25.795,69.423],[25.797,69.424],[25.799,69.425],[25.801,69.425],[25.804,69.425],[25.807,69.425],[25.809,69.426],[25.81,69.427],[25.811,69.429],[25.811,69.43],[25.81,69.431],[25.809,69.432],[25.806,69.432],[25.806,69.433],[25.806,69.434],[25.807,69.435],[25.808,69.436],[25.812,69.437],[25.815,69.438],[25.817,69.44],[25.817,69.441],[25.818,69.443],[25.818,69.444],[25.819,69.445],[25.82,69.446],[25.821,69.446],[25.824,69.448],[25.826,69.449],[25.826,69.45],[25.826,69.451],[25.828,69.452],[25.829,69.453],[25.83,69.454],[25.829,69.456],[25.83,69.456],[25.83,69.457],[25.831,69.462],[25.832,69.464],[25.833,69.466],[25.834,69.467],[25.835,69.468],[25.838,69.469],[25.84,69.47],[25.849,69.472],[25.852,69.472],[25.856,69.473],[25.862,69.474],[25.864,69.475],[25.865,69.476],[25.864,69.477],[25.863,69.478],[25.864,69.481],[25.864,69.482],[25.864,69.483],[25.862,69.484],[25.861,69.485],[25.859,69.486],[25.856,69.486],[25.853,69.487],[25.851,69.488],[25.849,69.488],[25.847,69.489],[25.847,69.49],[25.848,69.491],[25.847,69.492],[25.846,69.493],[25.847,69.493],[25.848,69.495],[25.849,69.496],[25.851,69.498],[25.854,69.5],[25.856,69.501],[25.858,69.503],[25.858,69.504],[25.86,69.504],[25.859,69.505],[25.857,69.506],[25.857,69.507],[25.856,69.508],[25.857,69.509],[25.859,69.509],[25.86,69.511],[25.86,69.512],[25.86,69.514],[25.861,69.514],[25.862,69.515],[25.865,69.516],[25.868,69.517],[25.871,69.519],[25.873,69.52],[25.875,69.521],[25.877,69.522],[25.876,69.524],[25.877,69.524],[25.877,69.525],[25.876,69.527],[25.876,69.528],[25.876,69.529],[25.874,69.53],[25.873,69.531],[25.869,69.534],[25.865,69.535],[25.861,69.537],[25.858,69.538],[25.856,69.538],[25.852,69.539],[25.85,69.54],[25.847,69.541],[25.845,69.541],[25.843,69.541],[25.841,69.542],[25.84,69.543],[25.839,69.544],[25.839,69.545],[25.84,69.545],[25.842,69.547],[25.842,69.549],[25.841,69.55],[25.841,69.551],[25.843,69.552],[25.844,69.552],[25.847,69.553],[25.849,69.553],[25.854,69.553],[25.857,69.553],[25.861,69.553],[25.867,69.553],[25.868,69.553],[25.872,69.553],[25.874,69.554],[25.878,69.554],[25.879,69.555],[25.881,69.555],[25.883,69.556],[25.885,69.557],[25.888,69.557],[25.89,69.558],[25.891,69.558],[25.894,69.559],[25.896,69.559],[25.897,69.559],[25.899,69.56],[25.902,69.561],[25.906,69.562],[25.909,69.563],[25.911,69.564],[25.914,69.566],[25.917,69.567],[25.918,69.568],[25.921,69.568],[25.922,69.569],[25.924,69.57],[25.926,69.57],[25.928,69.57],[25.93,69.571],[25.936,69.572],[25.937,69.573],[25.939,69.574],[25.94,69.575],[25.941,69.576],[25.942,69.576],[25.942,69.577],[25.944,69.578],[25.945,69.579],[25.946,69.58],[25.947,69.581],[25.948,69.583],[25.949,69.583],[25.948,69.584],[25.947,69.584],[25.946,69.585],[25.946,69.586],[25.946,69.587],[25.949,69.588],[25.95,69.589],[25.952,69.591],[25.952,69.592],[25.952,69.593],[25.952,69.594],[25.953,69.595],[25.954,69.596],[25.958,69.596],[25.964,69.598],[25.965,69.598],[25.967,69.599],[25.968,69.601],[25.968,69.602],[25.97,69.603],[25.972,69.605],[25.972,69.607],[25.973,69.608],[25.976,69.61],[25.977,69.61],[25.977,69.611],[25.975,69.612],[25.974,69.613],[25.974,69.614],[25.972,69.615],[25.971,69.616],[25.969,69.616],[25.966,69.617],[25.964,69.618],[25.963,69.618],[25.962,69.619],[25.959,69.62],[25.959,69.621],[25.959,69.622],[25.961,69.623],[25.963,69.623],[25.964,69.624],[25.964,69.625],[25.964,69.626],[25.963,69.627],[25.961,69.628],[25.961,69.629],[25.961,69.63],[25.963,69.632],[25.963,69.634],[25.962,69.635],[25.961,69.637],[25.96,69.638],[25.959,69.639],[25.956,69.641],[25.955,69.643],[25.956,69.644],[25.956,69.645],[25.955,69.647],[25.954,69.647],[25.951,69.649],[25.949,69.65],[25.947,69.651],[25.944,69.652],[25.939,69.653],[25.935,69.654],[25.929,69.656],[25.927,69.656],[25.922,69.656],[25.916,69.657],[25.911,69.657],[25.908,69.657],[25.904,69.657],[25.901,69.658],[25.897,69.659],[25.895,69.66],[25.893,69.662],[25.891,69.664],[25.891,69.666],[25.893,69.667],[25.894,69.668],[25.896,69.669],[25.897,69.67],[25.899,69.671],[25.901,69.671],[25.903,69.672],[25.906,69.673],[25.911,69.675],[25.913,69.676],[25.914,69.676],[25.916,69.678],[25.917,69.679],[25.919,69.679],[25.92,69.679],[25.924,69.68],[25.927,69.68],[25.929,69.68],[25.931,69.68],[25.934,69.681],[25.939,69.683],[25.941,69.684],[25.943,69.685],[25.944,69.685],[25.944,69.688],[25.945,69.689],[25.946,69.69],[25.948,69.691],[25.95,69.691],[25.952,69.692],[25.952,69.693],[25.952,69.694],[25.95,69.695],[25.95,69.696],[25.951,69.697],[25.956,69.698],[25.958,69.699],[25.96,69.699],[25.962,69.7],[25.963,69.701],[25.964,69.702],[25.966,69.703],[25.966,69.704],[25.966,69.705],[25.968,69.706],[25.97,69.707],[25.975,69.708],[25.981,69.71],[25.984,69.711],[25.985,69.712],[25.986,69.713],[25.988,69.714],[25.993,69.716],[25.994,69.716],[25.995,69.718],[25.996,69.718],[25.998,69.719],[25.999,69.719],[26.002,69.72],[26.004,69.721],[26.005,69.721],[26.006,69.722],[26.007,69.723],[26.011,69.723],[26.014,69.723],[26.016,69.723],[26.017,69.723],[26.02,69.722],[26.025,69.722],[26.027,69.721],[26.03,69.721],[26.033,69.721],[26.036,69.721],[26.04,69.72],[26.041,69.72],[26.043,69.72],[26.046,69.72],[26.049,69.72],[26.052,69.721],[26.055,69.721],[26.056,69.722],[26.057,69.723],[26.059,69.724],[26.061,69.724],[26.064,69.724],[26.067,69.724],[26.068,69.724],[26.07,69.724],[26.072,69.724],[26.073,69.725],[26.076,69.726],[26.077,69.726],[26.078,69.727],[26.08,69.727],[26.082,69.728],[26.086,69.728],[26.088,69.728],[26.09,69.728],[26.095,69.728],[26.099,69.729],[26.106,69.729],[26.11,69.73],[26.111,69.731],[26.117,69.732],[26.122,69.733],[26.125,69.735],[26.129,69.736],[26.136,69.739],[26.139,69.741],[26.143,69.743],[26.145,69.744],[26.147,69.745],[26.147,69.746],[26.148,69.747],[26.148,69.749],[26.148,69.75],[26.148,69.752],[26.149,69.754],[26.15,69.755],[26.151,69.756],[26.153,69.757],[26.156,69.757],[26.159,69.758],[26.162,69.758],[26.166,69.758],[26.168,69.758],[26.171,69.758],[26.173,69.758],[26.176,69.759],[26.179,69.759],[26.182,69.76],[26.183,69.76],[26.184,69.761],[26.186,69.763],[26.186,69.764],[26.186,69.765],[26.185,69.767],[26.182,69.768],[26.181,69.768],[26.181,69.769],[26.184,69.771],[26.185,69.771],[26.185,69.772],[26.185,69.773],[26.188,69.774],[26.189,69.775],[26.192,69.777],[26.194,69.778],[26.197,69.778],[26.2,69.779],[26.203,69.779],[26.205,69.779],[26.209,69.779],[26.211,69.779],[26.213,69.779],[26.215,69.78],[26.217,69.781],[26.218,69.783],[26.219,69.784],[26.22,69.785],[26.223,69.786],[26.224,69.786],[26.225,69.786],[26.226,69.787],[26.227,69.789],[26.228,69.791],[26.228,69.792],[26.229,69.793],[26.23,69.793],[26.231,69.794],[26.233,69.794],[26.24,69.794],[26.243,69.794],[26.245,69.794],[26.246,69.794],[26.247,69.795],[26.247,69.796],[26.248,69.798],[26.248,69.8],[26.249,69.801],[26.248,69.803],[26.246,69.805],[26.244,69.806],[26.242,69.807],[26.241,69.808],[26.241,69.809],[26.241,69.811],[26.241,69.812],[26.241,69.814],[26.241,69.815],[26.243,69.816],[26.244,69.817],[26.246,69.817],[26.249,69.818],[26.253,69.818],[26.257,69.819],[26.26,69.819],[26.264,69.82],[26.268,69.821],[26.271,69.821],[26.273,69.822],[26.277,69.823],[26.279,69.824],[26.282,69.826],[26.283,69.826],[26.286,69.826],[26.288,69.826],[26.29,69.826],[26.293,69.827],[26.297,69.827],[26.304,69.829],[26.309,69.83],[26.311,69.831],[26.315,69.833],[26.318,69.834],[26.32,69.834],[26.323,69.835],[26.328,69.835],[26.332,69.836],[26.334,69.838],[26.336,69.839],[26.336,69.84],[26.338,69.841],[26.341,69.842],[26.343,69.843],[26.345,69.844],[26.35,69.845],[26.353,69.846],[26.354,69.846],[26.356,69.845],[26.358,69.845],[26.361,69.845],[26.363,69.846],[26.365,69.846],[26.365,69.847],[26.367,69.848],[26.368,69.848],[26.369,69.849],[26.369,69.85],[26.373,69.851],[26.379,69.852],[26.38,69.853],[26.384,69.854],[26.386,69.855],[26.387,69.856],[26.388,69.858],[26.389,69.859],[26.391,69.861],[26.392,69.862],[26.396,69.864],[26.397,69.865],[26.398,69.865],[26.4,69.866],[26.401,69.866],[26.401,69.867],[26.402,69.869],[26.401,69.871],[26.401,69.872],[26.402,69.873],[26.403,69.874],[26.406,69.875],[26.409,69.877],[26.412,69.879],[26.413,69.88],[26.414,69.882],[26.414,69.883],[26.415,69.885],[26.416,69.886],[26.418,69.889],[26.418,69.89],[26.418,69.891],[26.416,69.892],[26.414,69.893],[26.411,69.894],[26.409,69.896],[26.408,69.897],[26.408,69.899],[26.408,69.9],[26.407,69.901],[26.408,69.901],[26.409,69.902],[26.412,69.903],[26.416,69.904],[26.42,69.904],[26.423,69.905],[26.425,69.906],[26.427,69.907],[26.43,69.908],[26.434,69.909],[26.436,69.91],[26.439,69.911],[26.442,69.913],[26.446,69.915],[26.449,69.916],[26.452,69.917],[26.454,69.918],[26.455,69.919],[26.456,69.92],[26.457,69.921],[26.458,69.922],[26.458,69.924],[26.458,69.925],[26.457,69.927],[26.458,69.929],[26.458,69.932],[26.458,69.933],[26.459,69.934],[26.46,69.936],[26.463,69.938],[26.464,69.939],[26.467,69.94],[26.47,69.941],[26.478,69.942],[26.48,69.942],[26.483,69.943],[26.485,69.944],[26.487,69.944],[26.49,69.945],[26.495,69.946],[26.5,69.946],[26.505,69.946],[26.511,69.946],[26.516,69.946],[26.522,69.946],[26.526,69.946],[26.53,69.946],[26.532,69.946],[26.537,69.947],[26.542,69.947],[26.548,69.947],[26.551,69.948],[26.553,69.948],[26.561,69.95],[26.565,69.951],[26.57,69.952],[26.573,69.952],[26.579,69.953],[26.581,69.953],[26.588,69.955],[26.591,69.955],[26.599,69.956],[26.602,69.957],[26.61,69.957],[26.611,69.958],[26.612,69.958],[26.615,69.959],[26.617,69.959],[26.624,69.96],[26.627,69.96],[26.634,69.96],[26.639,69.961],[26.644,69.961],[26.651,69.962],[26.654,69.962],[26.659,69.963],[26.662,69.963],[26.666,69.963],[26.669,69.963],[26.672,69.963],[26.676,69.965],[26.679,69.965],[26.681,69.964],[26.682,69.964],[26.683,69.963],[26.685,69.961],[26.686,69.96],[26.689,69.958],[26.693,69.955],[26.697,69.952],[26.7,69.95],[26.701,69.949],[26.703,69.948],[26.706,69.948],[26.71,69.946],[26.715,69.945],[26.718,69.945],[26.72,69.945],[26.726,69.945],[26.732,69.946],[26.735,69.947],[26.74,69.949],[26.744,69.949],[26.746,69.949],[26.748,69.95],[26.753,69.951],[26.756,69.952],[26.765,69.955],[26.768,69.956],[26.773,69.956],[26.777,69.957],[26.782,69.958],[26.785,69.959],[26.787,69.959],[26.789,69.959],[26.795,69.959],[26.799,69.959],[26.805,69.959],[26.818,69.959],[26.825,69.959],[26.829,69.96],[26.833,69.96],[26.836,69.96],[26.841,69.96],[26.851,69.96],[26.853,69.96],[26.856,69.959],[26.857,69.959],[26.859,69.958],[26.859,69.957],[26.858,69.954],[26.858,69.953],[26.859,69.952],[26.859,69.951],[26.858,69.951],[26.858,69.95],[26.857,69.949],[26.855,69.947],[26.855,69.946],[26.856,69.944],[26.859,69.942],[26.86,69.941],[26.861,69.94],[26.869,69.937],[26.874,69.935],[26.878,69.933],[26.882,69.933],[26.886,69.932],[26.89,69.932],[26.894,69.932],[26.898,69.932],[26.902,69.933],[26.909,69.934],[26.916,69.935],[26.918,69.936],[26.921,69.936],[26.922,69.937],[26.924,69.938],[26.927,69.939],[26.929,69.939],[26.93,69.939],[26.934,69.939],[26.939,69.939],[26.945,69.94],[26.949,69.94],[26.956,69.94],[26.959,69.94],[26.964,69.939],[26.968,69.939],[26.971,69.938],[26.974,69.938],[26.979,69.937],[26.983,69.936],[26.986,69.935],[26.987,69.935],[26.988,69.934],[26.99,69.933],[26.994,69.931],[26.996,69.93],[26.998,69.928],[26.999,69.928],[27.003,69.926],[27.004,69.925],[27.005,69.924],[27.005,69.923],[27.007,69.922],[27.009,69.921],[27.01,69.919],[27.012,69.919],[27.015,69.917],[27.018,69.916],[27.019,69.915],[27.022,69.915],[27.025,69.914],[27.026,69.913],[27.029,69.912],[27.032,69.911],[27.034,69.91],[27.037,69.91],[27.04,69.911],[27.044,69.911],[27.046,69.912],[27.048,69.912],[27.05,69.913],[27.052,69.914],[27.054,69.914],[27.057,69.915],[27.06,69.917],[27.061,69.917],[27.062,69.918],[27.068,69.918],[27.07,69.918],[27.079,69.918],[27.081,69.918],[27.087,69.917],[27.091,69.917],[27.093,69.917],[27.096,69.917],[27.098,69.917],[27.1,69.918],[27.105,69.919],[27.107,69.92],[27.111,69.921],[27.113,69.922],[27.115,69.923],[27.117,69.925],[27.118,69.926],[27.119,69.927],[27.121,69.927],[27.124,69.929],[27.126,69.931],[27.127,69.931],[27.129,69.932],[27.131,69.932],[27.133,69.933],[27.135,69.933],[27.14,69.933],[27.142,69.933],[27.149,69.932],[27.151,69.933],[27.153,69.933],[27.157,69.933],[27.159,69.934],[27.164,69.934],[27.167,69.935],[27.17,69.935],[27.174,69.936],[27.177,69.937],[27.181,69.938],[27.183,69.938],[27.188,69.939],[27.19,69.939],[27.195,69.94],[27.197,69.94],[27.202,69.941],[27.204,69.942],[27.206,69.942],[27.21,69.943],[27.214,69.944],[27.216,69.944],[27.218,69.944],[27.222,69.946],[27.224,69.946],[27.228,69.947],[27.232,69.948],[27.235,69.948],[27.239,69.949],[27.242,69.949],[27.251,69.949],[27.256,69.95],[27.26,69.95],[27.267,69.95],[27.273,69.95],[27.276,69.951],[27.285,69.952],[27.292,69.952],[27.295,69.953],[27.301,69.955],[27.302,69.955],[27.304,69.956],[27.305,69.957],[27.305,69.958],[27.305,69.959],[27.304,69.961],[27.303,69.962],[27.301,69.964],[27.3,69.964],[27.295,69.965],[27.294,69.966],[27.293,69.968],[27.291,69.971],[27.29,69.971],[27.288,69.972],[27.284,69.973],[27.28,69.973],[27.277,69.974],[27.276,69.975],[27.275,69.975],[27.275,69.977],[27.276,69.978],[27.276,69.979],[27.278,69.98],[27.279,69.98],[27.282,69.982],[27.285,69.983],[27.287,69.984],[27.289,69.985],[27.291,69.985],[27.296,69.986],[27.298,69.987],[27.3,69.987],[27.305,69.989],[27.308,69.99],[27.309,69.99],[27.312,69.99],[27.315,69.991],[27.319,69.99],[27.321,69.99],[27.324,69.989],[27.325,69.988],[27.326,69.988],[27.33,69.989],[27.336,69.988],[27.344,69.989],[27.347,69.989],[27.35,69.99],[27.353,69.99],[27.358,69.992],[27.362,69.993],[27.364,69.994],[27.367,69.995],[27.369,69.996],[27.375,69.998],[27.378,69.999],[27.382,69.999],[27.384,70],[27.386,70.001],[27.388,70.002],[27.392,70.004],[27.395,70.006],[27.397,70.007],[27.399,70.008],[27.399,70.009],[27.401,70.01],[27.403,70.012],[27.404,70.013],[27.405,70.013],[27.407,70.014],[27.412,70.015],[27.413,70.015],[27.414,70.016],[27.416,70.016],[27.419,70.017],[27.424,70.018],[27.429,70.019],[27.431,70.02],[27.435,70.02],[27.44,70.02],[27.443,70.02],[27.448,70.02],[27.451,70.02],[27.454,70.02],[27.459,70.02],[27.461,70.02],[27.465,70.021],[27.47,70.021],[27.473,70.022],[27.477,70.022],[27.481,70.022],[27.483,70.022],[27.49,70.021],[27.493,70.021],[27.496,70.021],[27.499,70.022],[27.504,70.022],[27.507,70.022],[27.51,70.022],[27.515,70.022],[27.518,70.022],[27.521,70.022],[27.524,70.023],[27.526,70.023],[27.528,70.024],[27.53,70.025],[27.532,70.026],[27.533,70.028],[27.534,70.03],[27.535,70.03],[27.538,70.032],[27.54,70.033],[27.541,70.035],[27.542,70.036],[27.543,70.038],[27.544,70.039],[27.543,70.04],[27.542,70.041],[27.54,70.043],[27.54,70.044],[27.541,70.046],[27.542,70.047],[27.544,70.048],[27.545,70.049],[27.547,70.05],[27.55,70.054],[27.551,70.056],[27.553,70.058],[27.554,70.059],[27.557,70.06],[27.56,70.061],[27.562,70.061],[27.565,70.061],[27.57,70.063],[27.573,70.064],[27.574,70.066],[27.575,70.066],[27.576,70.067],[27.579,70.068],[27.582,70.068],[27.585,70.068],[27.588,70.068],[27.591,70.069],[27.593,70.069],[27.597,70.07],[27.599,70.071],[27.601,70.071],[27.604,70.072],[27.609,70.074],[27.612,70.075],[27.616,70.075],[27.62,70.075],[27.624,70.075],[27.629,70.075],[27.631,70.075],[27.635,70.075],[27.637,70.076],[27.64,70.076],[27.643,70.075],[27.645,70.075],[27.651,70.076],[27.654,70.076],[27.66,70.076],[27.663,70.077],[27.666,70.077],[27.668,70.077],[27.672,70.077],[27.678,70.077],[27.684,70.077],[27.693,70.077],[27.696,70.076],[27.7,70.076],[27.704,70.075],[27.706,70.074],[27.71,70.072],[27.711,70.072],[27.713,70.071],[27.714,70.07],[27.715,70.07],[27.717,70.07],[27.718,70.07],[27.721,70.069],[27.724,70.068],[27.726,70.067],[27.73,70.066],[27.732,70.066],[27.737,70.065],[27.741,70.064],[27.744,70.064],[27.746,70.064],[27.748,70.065],[27.749,70.065],[27.752,70.066],[27.754,70.066],[27.758,70.067],[27.762,70.068],[27.765,70.068],[27.768,70.069],[27.77,70.07],[27.771,70.07],[27.774,70.071],[27.778,70.072],[27.781,70.073],[27.783,70.074],[27.785,70.075],[27.789,70.076],[27.794,70.077],[27.798,70.077],[27.803,70.078],[27.814,70.079],[27.82,70.079],[27.824,70.08],[27.828,70.08],[27.832,70.079],[27.836,70.079],[27.841,70.08],[27.844,70.081],[27.849,70.082],[27.852,70.082],[27.855,70.082],[27.859,70.082],[27.862,70.083],[27.866,70.083],[27.869,70.084],[27.871,70.085],[27.876,70.085],[27.879,70.085],[27.881,70.086],[27.889,70.086],[27.894,70.086],[27.91,70.087],[27.913,70.087],[27.917,70.087],[27.924,70.089],[27.928,70.09],[27.931,70.09],[27.934,70.09],[27.938,70.09],[27.941,70.091],[27.945,70.091],[27.948,70.092],[27.951,70.092],[27.956,70.092],[27.959,70.092],[27.965,70.081],[27.977,70.054],[27.982,70.028],[27.984,70.014],[28.013,69.998],[28.018,69.995],[28.032,69.988],[28.066,69.97],[28.107,69.949],[28.161,69.921],[28.249,69.902],[28.296,69.891],[28.345,69.881],[28.338,69.866],[28.33,69.849],[28.384,69.827],[28.404,69.818],[28.444,69.812],[28.515,69.8],[28.604,69.785],[28.644,69.778],[28.689,69.771],[28.765,69.757],[28.802,69.75],[28.894,69.734],[28.917,69.73],[28.99,69.718],[29.033,69.711],[29.109,69.699],[29.134,69.695],[29.146,69.676],[29.158,69.658],[29.171,69.639],[29.18,69.63],[29.203,69.607],[29.22,69.591],[29.233,69.578],[29.255,69.557],[29.271,69.542],[29.289,69.524],[29.316,69.498],[29.336,69.478],[29.295,69.45],[29.284,69.442],[29.252,69.42],[29.219,69.398],[29.158,69.37],[29.108,69.348],[29.058,69.325],[28.993,69.296],[28.931,69.268],[28.891,69.251],[28.832,69.224],[28.831,69.211],[28.831,69.19],[28.83,69.172],[28.825,69.16],[28.81,69.123],[28.805,69.111],[28.835,69.09],[28.855,69.077],[28.878,69.069],[28.929,69.052],[28.96,69.043],[29.02,69.025],[29.041,69.011],[29.057,69.015],[29.094,69.04],[29.142,69.063],[29.16,69.067],[29.242,69.113],[29.238,69.117],[29.236,69.12],[29.235,69.12],[29.232,69.121],[29.231,69.121],[29.231,69.122],[29.232,69.123],[29.232,69.124],[29.233,69.125],[29.235,69.125],[29.238,69.125],[29.24,69.126],[29.242,69.127],[29.243,69.127],[29.244,69.129],[29.244,69.13],[29.244,69.131],[29.243,69.132],[29.242,69.134],[29.24,69.136],[29.239,69.137],[29.239,69.138],[29.24,69.139],[29.243,69.142],[29.245,69.144],[29.246,69.145],[29.247,69.147],[29.25,69.149],[29.251,69.15],[29.253,69.151],[29.253,69.152],[29.256,69.153],[29.257,69.154],[29.258,69.155],[29.257,69.156],[29.255,69.157],[29.253,69.158],[29.249,69.16],[29.249,69.161],[29.249,69.162],[29.25,69.162],[29.252,69.162],[29.258,69.163],[29.261,69.163],[29.265,69.164],[29.266,69.164],[29.272,69.166],[29.274,69.167],[29.276,69.167],[29.281,69.168],[29.286,69.169],[29.287,69.169],[29.286,69.17],[29.284,69.172],[29.283,69.173],[29.283,69.175],[29.284,69.176],[29.287,69.176],[29.288,69.176],[29.289,69.177],[29.29,69.178],[29.291,69.181],[29.292,69.182],[29.294,69.184],[29.295,69.186],[29.294,69.188],[29.293,69.191],[29.292,69.193],[29.292,69.194],[29.293,69.194],[29.293,69.195],[29.296,69.197],[29.296,69.198],[29.293,69.203],[29.293,69.204],[29.292,69.205],[29.293,69.206],[29.294,69.207],[29.298,69.208],[29.3,69.209],[29.304,69.209],[29.305,69.209],[29.306,69.21],[29.305,69.211],[29.303,69.212],[29.302,69.213],[29.301,69.215],[29.301,69.216],[29.301,69.218],[29.301,69.219],[29.302,69.22],[29.304,69.223],[29.306,69.225],[29.307,69.227],[29.308,69.228],[29.31,69.229],[29.313,69.23],[29.314,69.231],[29.314,69.234],[29.314,69.235],[29.313,69.237],[29.312,69.238],[29.31,69.239],[29.309,69.24],[29.305,69.242],[29.302,69.243],[29.298,69.244],[29.293,69.245],[29.292,69.245],[29.289,69.245],[29.287,69.246],[29.284,69.246],[29.283,69.247],[29.28,69.248],[29.278,69.249],[29.277,69.25],[29.277,69.252],[29.277,69.253],[29.277,69.259],[29.277,69.262],[29.277,69.263],[29.277,69.265],[29.276,69.267],[29.276,69.269],[29.276,69.271],[29.276,69.272],[29.276,69.274],[29.277,69.276],[29.278,69.277],[29.279,69.279],[29.281,69.28],[29.282,69.281],[29.283,69.282],[29.284,69.286],[29.285,69.289],[29.285,69.291],[29.285,69.292],[29.286,69.293],[29.287,69.295],[29.289,69.296],[29.29,69.297],[29.291,69.298],[29.294,69.298],[29.296,69.299],[29.302,69.3],[29.306,69.3],[29.315,69.301],[29.319,69.302],[29.321,69.302],[29.323,69.303],[29.327,69.305],[29.328,69.305],[29.332,69.306],[29.333,69.307],[29.335,69.308],[29.336,69.308],[29.337,69.308],[29.34,69.308],[29.342,69.308],[29.347,69.309],[29.349,69.31],[29.353,69.311],[29.356,69.312],[29.358,69.312],[29.361,69.313],[29.365,69.313],[29.366,69.313],[29.367,69.314],[29.37,69.315],[29.37,69.316],[29.371,69.317],[29.374,69.317],[29.375,69.317],[29.378,69.318],[29.379,69.318],[29.381,69.319],[29.383,69.319],[29.385,69.321],[29.386,69.321],[29.387,69.321],[29.39,69.322],[29.393,69.322],[29.395,69.323],[29.397,69.324],[29.398,69.324],[29.399,69.323],[29.399,69.322],[29.4,69.322],[29.405,69.321],[29.407,69.321],[29.407,69.32],[29.408,69.319],[29.409,69.319],[29.412,69.319],[29.414,69.318],[29.415,69.318],[29.418,69.319],[29.423,69.32],[29.425,69.32],[29.428,69.321],[29.432,69.321],[29.437,69.321],[29.443,69.321],[29.446,69.321],[29.449,69.321],[29.452,69.321],[29.454,69.321],[29.457,69.321],[29.46,69.321],[29.464,69.322],[29.466,69.322],[29.468,69.322],[29.471,69.322],[29.474,69.322],[29.478,69.322],[29.484,69.322],[29.485,69.322],[29.487,69.322],[29.497,69.325],[29.498,69.325],[29.499,69.326],[29.503,69.328],[29.504,69.328],[29.505,69.329],[29.507,69.329],[29.509,69.328],[29.511,69.327],[29.514,69.327],[29.515,69.327],[29.517,69.328],[29.52,69.329],[29.523,69.329],[29.524,69.329],[29.526,69.329],[29.527,69.328],[29.527,69.326],[29.528,69.324],[29.528,69.323],[29.529,69.322],[29.531,69.32],[29.534,69.319],[29.536,69.318],[29.538,69.317],[29.543,69.316],[29.546,69.316],[29.549,69.316],[29.556,69.316],[29.561,69.317],[29.564,69.317],[29.567,69.317],[29.571,69.318],[29.574,69.319],[29.577,69.32],[29.579,69.321],[29.59,69.325],[29.593,69.326],[29.598,69.329],[29.601,69.33],[29.604,69.331],[29.608,69.332],[29.617,69.335],[29.621,69.336],[29.625,69.337],[29.628,69.339],[29.629,69.34],[29.631,69.341],[29.632,69.342],[29.633,69.343],[29.635,69.344],[29.637,69.345],[29.639,69.346],[29.644,69.347],[29.646,69.348],[29.652,69.349],[29.656,69.35],[29.661,69.351],[29.664,69.352],[29.672,69.355],[29.678,69.357],[29.684,69.359],[29.693,69.363],[29.695,69.363],[29.696,69.364],[29.697,69.365],[29.697,69.366],[29.698,69.367],[29.697,69.368],[29.697,69.369],[29.697,69.37],[29.698,69.372],[29.703,69.375],[29.708,69.377],[29.713,69.381],[29.713,69.382],[29.713,69.383],[29.715,69.384],[29.716,69.385],[29.718,69.386],[29.72,69.387],[29.722,69.388],[29.723,69.388],[29.722,69.389],[29.724,69.389],[29.728,69.39],[29.731,69.391],[29.733,69.391],[29.737,69.391],[29.741,69.391],[29.744,69.391],[29.746,69.391],[29.748,69.392],[29.75,69.392],[29.754,69.393],[29.756,69.394],[29.757,69.394],[29.762,69.394],[29.767,69.394],[29.77,69.394],[29.772,69.394],[29.774,69.395],[29.776,69.396],[29.778,69.398],[29.779,69.398],[29.781,69.398],[29.788,69.398],[29.789,69.398],[29.793,69.401],[29.797,69.404],[29.797,69.405],[29.797,69.406],[29.798,69.407],[29.8,69.407],[29.805,69.408],[29.808,69.409],[29.81,69.41],[29.813,69.411],[29.815,69.412],[29.817,69.412],[29.822,69.413],[29.825,69.414],[29.829,69.415],[29.837,69.417],[29.842,69.42],[29.844,69.421],[29.848,69.422],[29.85,69.423],[29.856,69.424],[29.86,69.424],[29.865,69.424],[29.871,69.424],[29.874,69.424],[29.877,69.423],[29.88,69.423],[29.886,69.422],[29.892,69.42],[29.894,69.42],[29.897,69.419],[29.9,69.418],[29.902,69.418],[29.904,69.418],[29.906,69.418],[29.911,69.419],[29.913,69.419],[29.915,69.419],[29.917,69.418],[29.919,69.417],[29.921,69.417],[29.923,69.416],[29.927,69.415],[29.93,69.414],[29.931,69.414],[29.932,69.413],[29.932,69.412],[29.931,69.411],[29.931,69.41],[29.932,69.409],[29.933,69.409],[29.934,69.407],[29.935,69.407],[29.937,69.406],[29.939,69.406],[29.946,69.405],[29.949,69.405],[29.951,69.405],[29.953,69.406],[29.956,69.406],[29.958,69.406],[29.961,69.406],[29.963,69.406],[29.965,69.406],[29.969,69.406],[29.972,69.407],[29.977,69.409],[29.979,69.409],[29.984,69.41],[29.994,69.412],[29.999,69.414],[30.008,69.416],[30.011,69.416],[30.015,69.418],[30.021,69.419],[30.025,69.421],[30.03,69.423],[30.033,69.424],[30.04,69.427],[30.043,69.429],[30.045,69.43],[30.05,69.433],[30.053,69.436],[30.057,69.44],[30.061,69.443],[30.064,69.445],[30.067,69.446],[30.07,69.449],[30.071,69.449],[30.073,69.451],[30.075,69.453],[30.077,69.454],[30.081,69.455],[30.084,69.457],[30.087,69.458],[30.09,69.459],[30.102,69.463],[30.107,69.465],[30.11,69.466],[30.114,69.467],[30.116,69.469],[30.118,69.47],[30.118,69.471],[30.117,69.472],[30.114,69.475],[30.113,69.476],[30.112,69.478],[30.112,69.479],[30.112,69.48],[30.114,69.481],[30.115,69.483],[30.115,69.484],[30.117,69.486],[30.118,69.487],[30.118,69.488],[30.117,69.491],[30.117,69.493],[30.117,69.495],[30.117,69.498],[30.117,69.499],[30.117,69.5],[30.117,69.501],[30.118,69.505],[30.118,69.508],[30.119,69.511],[30.12,69.513],[30.121,69.515],[30.123,69.517],[30.125,69.519],[30.126,69.52],[30.129,69.522],[30.131,69.523],[30.132,69.524],[30.135,69.525],[30.139,69.525],[30.141,69.526],[30.143,69.526],[30.15,69.531],[30.152,69.532],[30.16,69.533],[30.162,69.534],[30.164,69.534],[30.167,69.533],[30.169,69.533],[30.17,69.533],[30.172,69.534],[30.173,69.534],[30.174,69.535],[30.175,69.536],[30.178,69.539],[30.178,69.54],[30.179,69.541],[30.179,69.544],[30.18,69.545],[30.181,69.547],[30.183,69.548],[30.185,69.549],[30.185,69.55],[30.186,69.551],[30.185,69.552],[30.185,69.553],[30.182,69.556],[30.181,69.557],[30.181,69.558],[30.181,69.559],[30.181,69.56],[30.183,69.561],[30.185,69.562],[30.187,69.563],[30.188,69.564],[30.188,69.566],[30.188,69.567],[30.188,69.568],[30.188,69.57],[30.185,69.573],[30.18,69.578],[30.179,69.579],[30.179,69.58],[30.179,69.581],[30.18,69.583],[30.181,69.584],[30.181,69.585],[30.18,69.586],[30.179,69.586],[30.178,69.587],[30.176,69.588],[30.172,69.589],[30.169,69.591],[30.168,69.592],[30.166,69.594],[30.162,69.597],[30.161,69.599],[30.16,69.601],[30.16,69.604],[30.159,69.606],[30.158,69.607],[30.154,69.608],[30.153,69.609],[30.153,69.61],[30.153,69.611],[30.154,69.612],[30.155,69.613],[30.154,69.613],[30.152,69.616],[30.152,69.617],[30.152,69.618],[30.152,69.62],[30.151,69.621],[30.151,69.622],[30.15,69.624],[30.149,69.625],[30.149,69.628],[30.148,69.629],[30.146,69.63],[30.146,69.631],[30.146,69.632],[30.144,69.634],[30.143,69.636],[30.141,69.637],[30.14,69.639],[30.139,69.641],[30.138,69.642],[30.138,69.644],[30.091,69.643],[30.085,69.658],[30.112,69.664],[30.152,69.669],[30.224,69.653],[30.271,69.639],[30.304,69.629],[30.367,69.607],[30.418,69.59],[30.452,69.574],[30.474,69.564],[30.482,69.56],[30.508,69.548],[30.516,69.54],[30.536,69.541],[30.566,69.542],[30.6,69.542],[30.664,69.541],[30.709,69.537],[30.745,69.533],[30.749,69.533],[30.751,69.534],[30.752,69.533],[30.753,69.533],[30.756,69.533],[30.76,69.534],[30.762,69.533],[30.763,69.533],[30.764,69.533],[30.766,69.532],[30.768,69.532],[30.771,69.532],[30.773,69.532],[30.776,69.532],[30.777,69.532],[30.782,69.532],[30.783,69.532],[30.785,69.532],[30.788,69.532],[30.789,69.532],[30.791,69.532],[30.795,69.531],[30.796,69.531],[30.797,69.531],[30.798,69.53],[30.801,69.529],[30.802,69.529],[30.803,69.529],[30.805,69.529],[30.806,69.529],[30.807,69.529],[30.811,69.529],[30.813,69.529],[30.815,69.529],[30.817,69.529],[30.818,69.529],[30.818,69.53],[30.821,69.53],[30.823,69.53],[30.823,69.531],[30.824,69.531],[30.827,69.531],[30.829,69.531],[30.831,69.532],[30.832,69.532],[30.835,69.533],[30.836,69.534],[30.837,69.534],[30.838,69.535],[30.839,69.535],[30.84,69.535],[30.842,69.535],[30.846,69.536],[30.848,69.536],[30.849,69.537],[30.851,69.536],[30.853,69.537],[30.855,69.537],[30.859,69.537],[30.86,69.538],[30.862,69.538],[30.863,69.538],[30.863,69.539],[30.865,69.54],[30.867,69.54],[30.868,69.54],[30.87,69.541],[30.871,69.542],[30.872,69.542],[30.875,69.543],[30.876,69.543],[30.877,69.543],[30.878,69.543],[30.879,69.544],[30.882,69.545],[30.884,69.546],[30.886,69.546],[30.887,69.547],[30.888,69.548],[30.889,69.549],[30.89,69.55],[30.891,69.55],[30.895,69.551],[30.899,69.552],[30.9,69.552],[30.905,69.553],[30.909,69.553],[30.911,69.553],[30.914,69.553],[30.915,69.554],[30.917,69.555],[30.92,69.556],[30.921,69.556],[30.922,69.556],[30.923,69.557],[30.925,69.557],[30.927,69.557],[30.928,69.558],[30.929,69.558],[30.929,69.559],[30.93,69.559],[30.931,69.559],[30.932,69.56],[30.936,69.561],[30.939,69.561],[30.94,69.562],[30.939,69.563],[30.938,69.565],[30.938,69.566],[30.938,69.567],[30.939,69.568],[30.94,69.569],[30.939,69.571],[30.938,69.571],[30.939,69.572],[30.94,69.573],[30.941,69.574],[30.943,69.575],[30.946,69.576],[30.946,69.578],[30.945,69.578],[30.944,69.579],[30.944,69.58],[30.945,69.581],[30.944,69.581],[30.943,69.581],[30.943,69.582],[30.945,69.583],[30.945,69.584],[30.945,69.585],[30.946,69.586],[30.946,69.587],[30.946,69.588],[30.946,69.589],[30.946,69.59],[30.947,69.591],[30.946,69.593],[30.945,69.593],[30.943,69.593],[30.942,69.593],[30.941,69.594],[30.94,69.594],[30.939,69.595],[30.939,69.597],[30.94,69.597],[30.941,69.598],[30.94,69.599],[30.941,69.599],[30.942,69.599],[30.943,69.599],[30.945,69.6],[30.946,69.6],[30.949,69.601],[30.949,69.602],[30.949,69.603],[30.949,69.604],[30.948,69.605],[30.948,69.606],[30.948,69.607],[30.948,69.608],[30.949,69.609],[30.951,69.611],[30.952,69.611],[30.952,69.612],[30.952,69.613],[30.953,69.614],[30.953,69.615],[30.952,69.615],[30.952,69.616],[30.951,69.616],[30.951,69.617],[30.95,69.618],[30.949,69.618],[30.949,69.619],[30.95,69.62],[30.95,69.622],[30.95,69.623],[30.952,69.624],[30.951,69.625],[30.952,69.626],[30.952,69.628],[30.954,69.629],[30.954,69.63],[30.954,69.631],[30.954,69.632],[30.954,69.633],[30.953,69.633],[30.952,69.634],[30.952,69.635],[30.951,69.635],[30.952,69.637],[30.953,69.638],[30.951,69.639],[30.949,69.639],[30.949,69.64],[30.948,69.64],[30.946,69.64],[30.945,69.641],[30.944,69.641],[30.943,69.642],[30.943,69.643],[30.94,69.643],[30.939,69.644],[30.94,69.645],[30.94,69.646],[30.939,69.647],[30.936,69.647],[30.935,69.647],[30.934,69.648],[30.934,69.649],[30.933,69.65],[30.934,69.651],[30.934,69.652],[30.934,69.653],[30.934,69.654],[30.931,69.656],[30.929,69.658],[30.93,69.659],[30.931,69.66],[30.931,69.661],[30.931,69.662],[30.932,69.662],[30.932,69.663],[30.931,69.663],[30.93,69.664],[30.928,69.664],[30.925,69.664],[30.926,69.665],[30.925,69.667],[30.924,69.667],[30.924,69.669],[30.923,69.67],[30.924,69.67],[30.924,69.672],[30.926,69.673],[30.928,69.673],[30.928,69.674],[30.928,69.675],[30.929,69.675],[30.933,69.674],[30.934,69.674],[30.936,69.674],[30.937,69.674],[30.936,69.675],[30.934,69.675],[30.933,69.676],[30.934,69.676],[30.936,69.676],[30.938,69.676],[30.939,69.674],[30.94,69.674],[30.942,69.674],[30.946,69.674],[30.947,69.674],[30.946,69.675],[30.944,69.675],[30.943,69.675],[30.942,69.676],[30.943,69.677],[30.946,69.678],[30.945,69.679],[30.945,69.68],[30.944,69.68],[30.943,69.68],[30.943,69.681],[30.943,69.682],[30.944,69.683],[30.944,69.684],[30.941,69.685],[30.939,69.685],[30.937,69.686],[30.936,69.686],[30.935,69.686],[30.937,69.687],[30.936,69.687],[30.934,69.687],[30.933,69.686],[30.932,69.685],[30.93,69.685],[30.928,69.686],[30.929,69.687],[30.928,69.688],[30.926,69.689],[30.925,69.69],[30.924,69.69],[30.923,69.691],[30.922,69.692],[30.92,69.691],[30.918,69.691],[30.917,69.691],[30.916,69.692],[30.917,69.692],[30.918,69.693],[30.92,69.694],[30.919,69.695],[30.917,69.695],[30.915,69.696],[30.914,69.697],[30.912,69.697],[30.911,69.697],[30.91,69.698],[30.909,69.698],[30.909,69.7],[30.909,69.701],[30.907,69.701],[30.905,69.701],[30.904,69.701],[30.903,69.701],[30.901,69.702],[30.899,69.702],[30.898,69.701],[30.897,69.7],[30.895,69.7],[30.892,69.701],[30.891,69.702],[30.891,69.703],[30.893,69.703],[30.894,69.703],[30.896,69.703],[30.897,69.703],[30.899,69.703],[30.899,69.704],[30.898,69.704],[30.897,69.704],[30.896,69.704],[30.893,69.705],[30.892,69.705],[30.891,69.706],[30.89,69.707],[30.887,69.707],[30.886,69.707],[30.885,69.707],[30.885,69.708],[30.882,69.709],[30.881,69.71],[30.881,69.711],[30.881,69.712],[30.881,69.713],[30.88,69.713],[30.879,69.713],[30.877,69.714],[30.874,69.715],[30.873,69.715],[30.874,69.716],[30.875,69.716],[30.878,69.717],[30.878,69.718],[30.878,69.719],[30.879,69.719],[30.88,69.718],[30.883,69.717],[30.884,69.718],[30.885,69.718],[30.886,69.719],[30.887,69.719],[30.889,69.719],[30.891,69.72],[30.891,69.721],[30.889,69.721],[30.89,69.722],[30.889,69.723],[30.888,69.725],[30.888,69.726],[30.89,69.727],[30.891,69.728],[30.893,69.729],[30.892,69.73],[30.889,69.73],[30.888,69.73],[30.886,69.73],[30.885,69.731],[30.886,69.731],[30.89,69.732],[30.891,69.732],[30.892,69.733],[30.892,69.734],[30.891,69.735],[30.889,69.735],[30.888,69.736],[30.89,69.737],[30.888,69.738],[30.888,69.739],[30.887,69.739],[30.885,69.739],[30.884,69.739],[30.883,69.739],[30.881,69.738],[30.879,69.738],[30.879,69.739],[30.879,69.74],[30.88,69.741],[30.879,69.741],[30.878,69.742],[30.876,69.742],[30.875,69.742],[30.874,69.741],[30.873,69.741],[30.873,69.742],[30.872,69.742],[30.873,69.743],[30.874,69.744],[30.873,69.745],[30.873,69.746],[30.87,69.747],[30.871,69.747],[30.872,69.748],[30.871,69.749],[30.87,69.75],[30.868,69.751],[30.869,69.752],[30.871,69.752],[30.872,69.752],[30.871,69.753],[30.87,69.753],[30.87,69.754],[30.872,69.755],[30.872,69.756],[30.871,69.756],[30.868,69.756],[30.867,69.756],[30.866,69.755],[30.867,69.755],[30.868,69.754],[30.867,69.753],[30.866,69.753],[30.864,69.752],[30.863,69.752],[30.861,69.753],[30.861,69.754],[30.862,69.756],[30.864,69.757],[30.866,69.758],[30.867,69.758],[30.867,69.759],[30.865,69.76],[30.863,69.761],[30.862,69.762],[30.861,69.763],[30.86,69.763],[30.857,69.764],[30.856,69.763],[30.855,69.763],[30.855,69.762],[30.856,69.761],[30.855,69.761],[30.854,69.76],[30.852,69.761],[30.851,69.761],[30.85,69.762],[30.852,69.763],[30.853,69.763],[30.854,69.764],[30.854,69.765],[30.853,69.765],[30.85,69.766],[30.85,69.767],[30.852,69.768],[30.853,69.769],[30.852,69.77],[30.851,69.77],[30.85,69.769],[30.848,69.769],[30.847,69.769],[30.846,69.77],[30.847,69.771],[30.846,69.771],[30.845,69.771],[30.843,69.772],[30.84,69.772],[30.84,69.773],[30.84,69.774],[30.84,69.775],[30.84,69.776],[30.842,69.777],[30.843,69.778],[30.842,69.779],[30.837,69.78],[30.83,69.782],[30.827,69.785],[30.823,69.787],[30.822,69.788],[30.822,69.789],[30.822,69.791],[30.818,69.795],[30.889,69.841],[31.104,69.979],[31.198,70.013]]],[[[30.873,69.752],[30.875,69.75],[30.876,69.75],[30.877,69.75],[30.877,69.751],[30.874,69.752],[30.873,69.752]]]]}}]}